$MeshFormat
4.1 0 8
$EndMeshFormat
$PhysicalNames
3
2 2 "Dirichlet"
2 3 "FreeSurface"
3 1 "Volume"
$EndPhysicalNames
$Entities
8 12 6 1
1 0 0 24 0 
2 0 0 0 0 
3 0 10 24 0 
4 0 10 0 0 
5 1000 0 24 0 
6 1000 0 0 0 
7 1000 10 24 0 
8 1000 10 0 0 
1 -1e-07 -1e-07 -9.99999993922529e-08 1e-07 1e-07 24.0000001 0 2 2 -1 
2 -1e-07 -1.000000002804313e-07 23.9999999 1e-07 10.0000001 24.0000001 0 2 1 -3 
3 -1e-07 9.999999900000001 -9.99999993922529e-08 1e-07 10.0000001 24.0000001 0 2 4 -3 
4 -1e-07 -1.000000002804313e-07 -1e-07 1e-07 10.0000001 1e-07 0 2 2 -4 
5 999.9999999 -1e-07 -9.99999993922529e-08 1000.0000001 1e-07 24.0000001 0 2 6 -5 
6 999.9999999 -1.000000002804313e-07 23.9999999 1000.0000001 10.0000001 24.0000001 0 2 5 -7 
7 999.9999999 9.999999900000001 -9.99999993922529e-08 1000.0000001 10.0000001 24.0000001 0 2 8 -7 
8 999.9999999 -1.000000002804313e-07 -1e-07 1000.0000001 10.0000001 1e-07 0 2 6 -8 
9 -1.000000224848918e-07 -1e-07 -1e-07 1000.0000001 1e-07 1e-07 0 2 2 -6 
10 -1.000000224848918e-07 -1e-07 23.9999999 1000.0000001 1e-07 24.0000001 0 2 1 -5 
11 -1.000000224848918e-07 9.999999900000001 -1e-07 1000.0000001 10.0000001 1e-07 0 2 4 -8 
12 -1.000000224848918e-07 9.999999900000001 23.9999999 1000.0000001 10.0000001 24.0000001 0 2 3 -7 
1 -1e-07 -1.000000002804313e-07 -9.99999993922529e-08 1e-07 10.0000001 24.0000001 1 2 4 -1 4 3 -2 
2 999.9999999 -1.000000002804313e-07 -9.99999993922529e-08 1000.0000001 10.0000001 24.0000001 1 2 4 -5 8 7 -6 
3 -1.000000224848918e-07 -1e-07 -9.99999993922529e-08 1000.0000001 1e-07 24.0000001 1 3 4 -9 1 10 -5 
4 -1.000000224848918e-07 9.999999900000001 -9.99999993922529e-08 1000.0000001 10.0000001 24.0000001 1 3 4 -11 3 12 -7 
5 -1.000000224848918e-07 -1.000000002804313e-07 -1e-07 1000.0000001 10.0000001 1e-07 1 3 4 -4 9 8 -11 
6 -1.000000224848918e-07 -1.000000002804313e-07 23.9999999 1000.0000001 10.0000001 24.0000001 1 3 4 -2 10 6 -12 
1 -1.000000224848918e-07 -1.000000002804313e-07 -9.99999993922529e-08 1000.0000001 10.0000001 24.0000001 1 1 6 -1 2 -3 4 -5 6 
$EndEntities
$Nodes
27 16025 1 16025
0 1 0 1
1
0 0 24
0 2 0 1
2
0 0 0
0 3 0 1
3
0 10 24
0 4 0 1
4
0 10 0
0 5 0 1
5
1000 0 24
0 6 0 1
6
1000 0 0
0 7 0 1
7
1000 10 24
0 8 0 1
8
1000 10 0
1 1 0 3
9
10
11
0 0 12
0 0 6
0 0 18
1 2 0 3
12
13
14
0 5 24
0 2.5 24
0 7.5 24
1 3 0 3
15
16
17
0 10 12
0 10 6
0 10 18
1 4 0 3
18
19
20
0 5 0
0 2.5 0
0 7.5 0
1 5 0 3
21
22
23
1000 0 12
1000 0 6
1000 0 18
1 6 0 3
24
25
26
1000 5 24
1000 2.5 24
1000 7.5 24
1 7 0 3
27
28
29
1000 10 12
1000 10 6
1000 10 18
1 8 0 3
30
31
32
1000 5 0
1000 2.5 0
1000 7.5 0
1 9 0 639
33
34
35
36
37
38
39
40
41
42
43
44
45
46
47
48
49
50
51
52
53
54
55
56
57
58
59
60
61
62
63
64
65
66
67
68
69
70
71
72
73
74
75
76
77
78
79
80
81
82
83
84
85
86
87
88
89
90
91
92
93
94
95
96
97
98
99
100
101
102
103
104
105
106
107
108
109
110
111
112
113
114
115
116
117
118
119
120
121
122
123
124
125
126
127
128
129
130
131
132
133
134
135
136
137
138
139
140
141
142
143
144
145
146
147
148
149
150
151
152
153
154
155
156
157
158
159
160
161
162
163
164
165
166
167
168
169
170
171
172
173
174
175
176
177
178
179
180
181
182
183
184
185
186
187
188
189
190
191
192
193
194
195
196
197
198
199
200
201
202
203
204
205
206
207
208
209
210
211
212
213
214
215
216
217
218
219
220
221
222
223
224
225
226
227
228
229
230
231
232
233
234
235
236
237
238
239
240
241
242
243
244
245
246
247
248
249
250
251
252
253
254
255
256
257
258
259
260
261
262
263
264
265
266
267
268
269
270
271
272
273
274
275
276
277
278
279
280
281
282
283
284
285
286
287
288
289
290
291
292
293
294
295
296
297
298
299
300
301
302
303
304
305
306
307
308
309
310
311
312
313
314
315
316
317
318
319
320
321
322
323
324
325
326
327
328
329
330
331
332
333
334
335
336
337
338
339
340
341
342
343
344
345
346
347
348
349
350
351
352
353
354
355
356
357
358
359
360
361
362
363
364
365
366
367
368
369
370
371
372
373
374
375
376
377
378
379
380
381
382
383
384
385
386
387
388
389
390
391
392
393
394
395
396
397
398
399
400
401
402
403
404
405
406
407
408
409
410
411
412
413
414
415
416
417
418
419
420
421
422
423
424
425
426
427
428
429
430
431
432
433
434
435
436
437
438
439
440
441
442
443
444
445
446
447
448
449
450
451
452
453
454
455
456
457
458
459
460
461
462
463
464
465
466
467
468
469
470
471
472
473
474
475
476
477
478
479
480
481
482
483
484
485
486
487
488
489
490
491
492
493
494
495
496
497
498
499
500
501
502
503
504
505
506
507
508
509
510
511
512
513
514
515
516
517
518
519
520
521
522
523
524
525
526
527
528
529
530
531
532
533
534
535
536
537
538
539
540
541
542
543
544
545
546
547
548
549
550
551
552
553
554
555
556
557
558
559
560
561
562
563
564
565
566
567
568
569
570
571
572
573
574
575
576
577
578
579
580
581
582
583
584
585
586
587
588
589
590
591
592
593
594
595
596
597
598
599
600
601
602
603
604
605
606
607
608
609
610
611
612
613
614
615
616
617
618
619
620
621
622
623
624
625
626
627
628
629
630
631
632
633
634
635
636
637
638
639
640
641
642
643
644
645
646
647
648
649
650
651
652
653
654
655
656
657
658
659
660
661
662
663
664
665
666
667
668
669
670
671
3.125 0 0
6.25 0 0
9.375000000000002 0 0
12.5 0 0
15.625 0 0
18.75 0 0
21.875 0 0
25 0 0
28.125 0 0
31.25 0 0
34.375 0 0
37.50000000000001 0 0
40.625 0 0
43.75000000000001 0 0
46.875 0 0
50 0 0
53.12500000000001 0 0
56.25 0 0
59.37500000000001 0 0
62.5 0 0
65.625 0 0
68.75 0 0
71.87500000000001 0 0
75.00000000000001 0 0
78.125 0 0
81.25 0 0
84.375 0 0
87.50000000000001 0 0
90.62500000000001 0 0
93.75 0 0
96.875 0 0
100 0 0
103.125 0 0
106.25 0 0
109.375 0 0
112.5 0 0
115.625 0 0
118.75 0 0
121.875 0 0
125 0 0
128.125 0 0
131.25 0 0
134.375 0 0
137.5 0 0
140.625 0 0
143.75 0 0
146.875 0 0
150 0 0
153.125 0 0
156.25 0 0
159.375 0 0
162.5 0 0
165.625 0 0
168.75 0 0
171.875 0 0
175 0 0
178.125 0 0
181.25 0 0
184.375 0 0
187.5 0 0
190.625 0 0
193.75 0 0
196.875 0 0
200 0 0
203.125 0 0
206.25 0 0
209.375 0 0
212.5 0 0
215.625 0 0
218.75 0 0
221.875 0 0
225 0 0
228.125 0 0
231.25 0 0
234.375 0 0
237.5 0 0
240.625 0 0
243.75 0 0
246.875 0 0
250 0 0
253.125 0 0
256.2500000000001 0 0
259.375 0 0
262.5 0 0
265.625 0 0
268.75 0 0
271.8750000000001 0 0
275 0 0
278.125 0 0
281.25 0 0
284.375 0 0
287.5000000000001 0 0
290.625 0 0
293.75 0 0
296.875 0 0
300.0000000000001 0 0
303.1250000000001 0 0
306.25 0 0
309.375 0 0
312.5 0 0
315.6250000000001 0 0
318.7500000000001 0 0
321.875 0 0
325 0 0
328.125 0 0
331.2500000000001 0 0
334.3750000000001 0 0
337.5 0 0
340.625 0 0
343.75 0 0
346.8750000000001 0 0
350.0000000000001 0 0
353.125 0 0
356.25 0 0
359.375 0 0
362.5000000000001 0 0
365.6250000000001 0 0
368.75 0 0
371.875 0 0
375 0 0
378.1250000000001 0 0
381.2500000000001 0 0
384.375 0 0
387.5 0 0
390.625 0 0
393.7500000000001 0 0
396.8750000000001 0 0
400 0 0
403.125 0 0
406.25 0 0
409.3750000000001 0 0
412.5000000000001 0 0
415.625 0 0
418.75 0 0
421.875 0 0
425.0000000000001 0 0
428.1250000000001 0 0
431.25 0 0
434.375 0 0
437.5 0 0
440.6250000000001 0 0
443.7500000000001 0 0
446.875 0 0
450 0 0
453.125 0 0
456.2500000000001 0 0
459.3750000000001 0 0
462.5 0 0
465.625 0 0
468.75 0 0
471.8750000000001 0 0
475.0000000000001 0 0
478.125 0 0
481.25 0 0
484.375 0 0
487.5000000000001 0 0
490.6250000000001 0 0
493.75 0 0
496.875 0 0
500 0 0
503.1250000000001 0 0
506.25 0 0
509.375 0 0
512.5000000000001 0 0
515.625 0 0
518.75 0 0
521.875 0 0
525 0 0
528.1250000000001 0 0
531.25 0 0
534.375 0 0
537.5 0 0
540.625 0 0
543.7500000000001 0 0
546.875 0 0
550 0 0
553.125 0 0
556.25 0 0
559.3750000000001 0 0
562.5 0 0
565.625 0 0
568.75 0 0
571.875 0 0
575.0000000000001 0 0
578.125 0 0
581.25 0 0
584.375 0 0
587.5 0 0
590.6250000000001 0 0
593.75 0 0
596.875 0 0
600.0000000000001 0 0
603.125 0 0
606.2500000000001 0 0
609.375 0 0
612.5 0 0
615.6250000000001 0 0
618.75 0 0
621.8750000000001 0 0
625 0 0
628.125 0 0
631.2500000000001 0 0
634.375 0 0
637.5000000000001 0 0
640.625 0 0
643.75 0 0
646.8750000000001 0 0
650 0 0
653.1250000000001 0 0
656.25 0 0
659.375 0 0
662.5000000000001 0 0
665.625 0 0
668.7500000000001 0 0
671.875 0 0
675 0 0
678.1250000000001 0 0
681.25 0 0
684.3750000000001 0 0
687.5 0 0
690.625 0 0
693.7500000000001 0 0
696.875 0 0
700.0000000000001 0 0
703.125 0 0
706.25 0 0
709.3750000000001 0 0
712.5 0 0
715.6250000000001 0 0
718.75 0 0
721.875 0 0
725.0000000000001 0 0
728.125 0 0
731.2500000000001 0 0
734.375 0 0
737.5 0 0
740.6250000000001 0 0
743.75 0 0
746.8750000000001 0 0
750 0 0
753.125 0 0
756.2500000000001 0 0
759.375 0 0
762.5000000000001 0 0
765.625 0 0
768.75 0 0
771.8750000000001 0 0
775 0 0
778.1250000000001 0 0
781.25 0 0
784.375 0 0
787.5000000000001 0 0
790.625 0 0
793.7500000000001 0 0
796.875 0 0
800 0 0
803.1250000000001 0 0
806.25 0 0
809.3750000000001 0 0
812.5 0 0
815.625 0 0
818.7500000000001 0 0
821.875 0 0
825.0000000000001 0 0
828.125 0 0
831.25 0 0
834.3750000000001 0 0
837.5 0 0
840.6250000000001 0 0
843.75 0 0
846.875 0 0
850.0000000000001 0 0
853.125 0 0
856.2500000000001 0 0
859.375 0 0
862.5 0 0
865.6250000000001 0 0
868.75 0 0
871.8750000000001 0 0
875 0 0
878.125 0 0
881.2500000000001 0 0
884.375 0 0
887.5000000000001 0 0
890.625 0 0
893.75 0 0
896.8750000000001 0 0
900 0 0
903.1250000000001 0 0
906.25 0 0
909.375 0 0
912.5000000000001 0 0
915.625 0 0
918.7500000000001 0 0
921.875 0 0
925 0 0
928.1250000000001 0 0
931.25 0 0
934.3750000000001 0 0
937.5 0 0
940.625 0 0
943.7500000000001 0 0
946.875 0 0
950.0000000000001 0 0
953.125 0 0
956.25 0 0
959.3750000000001 0 0
962.5 0 0
965.6250000000001 0 0
968.75 0 0
971.875 0 0
975.0000000000001 0 0
978.125 0 0
981.2500000000001 0 0
984.375 0 0
987.5 0 0
990.6250000000001 0 0
993.75 0 0
996.8750000000001 0 0
1.5625 0 0
4.6875 0 0
7.812500000000001 0 0
10.9375 0 0
14.0625 0 0
17.1875 0 0
20.3125 0 0
23.4375 0 0
26.5625 0 0
29.6875 0 0
32.8125 0 0
35.9375 0 0
39.0625 0 0
42.1875 0 0
45.3125 0 0
48.4375 0 0
51.5625 0 0
54.6875 0 0
57.8125 0 0
60.9375 0 0
64.0625 0 0
67.1875 0 0
70.3125 0 0
73.43750000000001 0 0
76.5625 0 0
79.6875 0 0
82.8125 0 0
85.9375 0 0
89.06250000000001 0 0
92.1875 0 0
95.3125 0 0
98.4375 0 0
101.5625 0 0
104.6875 0 0
107.8125 0 0
110.9375 0 0
114.0625 0 0
117.1875 0 0
120.3125 0 0
123.4375 0 0
126.5625 0 0
129.6875 0 0
132.8125 0 0
135.9375 0 0
139.0625 0 0
142.1875 0 0
145.3125 0 0
148.4375 0 0
151.5625 0 0
154.6875 0 0
157.8125 0 0
160.9375 0 0
164.0625 0 0
167.1875 0 0
170.3125 0 0
173.4375 0 0
176.5625 0 0
179.6875 0 0
182.8125 0 0
185.9375 0 0
189.0625 0 0
192.1875 0 0
195.3125 0 0
198.4375 0 0
201.5625 0 0
204.6875 0 0
207.8125 0 0
210.9375 0 0
214.0625 0 0
217.1875 0 0
220.3125 0 0
223.4375 0 0
226.5625 0 0
229.6875 0 0
232.8125 0 0
235.9375 0 0
239.0625 0 0
242.1875 0 0
245.3125 0 0
248.4375 0 0
251.5625 0 0
254.6875 0 0
257.8125 0 0
260.9375 0 0
264.0625 0 0
267.1875 0 0
270.3125 0 0
273.4375 0 0
276.5625 0 0
279.6875 0 0
282.8125 0 0
285.9375 0 0
289.0625 0 0
292.1875 0 0
295.3125 0 0
298.4375 0 0
301.5625000000001 0 0
304.6875 0 0
307.8125 0 0
310.9375 0 0
314.0625 0 0
317.1875000000001 0 0
320.3125 0 0
323.4375 0 0
326.5625 0 0
329.6875 0 0
332.8125000000001 0 0
335.9375 0 0
339.0625 0 0
342.1875 0 0
345.3125 0 0
348.4375000000001 0 0
351.5625 0 0
354.6875 0 0
357.8125 0 0
360.9375 0 0
364.0625000000001 0 0
367.1875 0 0
370.3125 0 0
373.4375 0 0
376.5625 0 0
379.6875000000001 0 0
382.8125 0 0
385.9375 0 0
389.0625 0 0
392.1875 0 0
395.3125000000001 0 0
398.4375 0 0
401.5625 0 0
404.6875 0 0
407.8125 0 0
410.9375000000001 0 0
414.0625 0 0
417.1875 0 0
420.3125 0 0
423.4375 0 0
426.5625000000001 0 0
429.6875 0 0
432.8125 0 0
435.9375 0 0
439.0625 0 0
442.1875000000001 0 0
445.3125 0 0
448.4375 0 0
451.5625 0 0
454.6875 0 0
457.8125000000001 0 0
460.9375 0 0
464.0625 0 0
467.1875 0 0
470.3125 0 0
473.4375000000001 0 0
476.5625 0 0
479.6875 0 0
482.8125 0 0
485.9375 0 0
489.0625000000001 0 0
492.1875 0 0
495.3125 0 0
498.4375 0 0
501.5625 0 0
504.6875 0 0
507.8125 0 0
510.9375000000001 0 0
514.0625 0 0
517.1875 0 0
520.3125 0 0
523.4375 0 0
526.5625 0 0
529.6875 0 0
532.8125 0 0
535.9375 0 0
539.0625 0 0
542.1875 0 0
545.3125 0 0
548.4375 0 0
551.5625 0 0
554.6875 0 0
557.8125 0 0
560.9375 0 0
564.0625 0 0
567.1875 0 0
570.3125 0 0
573.4375 0 0
576.5625 0 0
579.6875 0 0
582.8125 0 0
585.9375 0 0
589.0625 0 0
592.1875 0 0
595.3125 0 0
598.4375 0 0
601.5625 0 0
604.6875 0 0
607.8125 0 0
610.9375 0 0
614.0625 0 0
617.1875 0 0
620.3125 0 0
623.4375 0 0
626.5625 0 0
629.6875 0 0
632.8125 0 0
635.9375 0 0
639.0625 0 0
642.1875 0 0
645.3125 0 0
648.4375 0 0
651.5625 0 0
654.6875 0 0
657.8125 0 0
660.9375 0 0
664.0625 0 0
667.1875 0 0
670.3125 0 0
673.4375 0 0
676.5625 0 0
679.6875 0 0
682.8125 0 0
685.9375 0 0
689.0625 0 0
692.1875 0 0
695.3125 0 0
698.4375 0 0
701.5625 0 0
704.6875 0 0
707.8125 0 0
710.9375 0 0
714.0625 0 0
717.1875 0 0
720.3125 0 0
723.4375 0 0
726.5625 0 0
729.6875 0 0
732.8125 0 0
735.9375 0 0
739.0625 0 0
742.1875 0 0
745.3125 0 0
748.4375 0 0
751.5625 0 0
754.6875 0 0
757.8125 0 0
760.9375 0 0
764.0625 0 0
767.1875 0 0
770.3125 0 0
773.4375 0 0
776.5625 0 0
779.6875 0 0
782.8125 0 0
785.9375 0 0
789.0625 0 0
792.1875 0 0
795.3125 0 0
798.4375 0 0
801.5625 0 0
804.6875 0 0
807.8125 0 0
810.9375 0 0
814.0625 0 0
817.1875 0 0
820.3125 0 0
823.4375 0 0
826.5625 0 0
829.6875 0 0
832.8125 0 0
835.9375 0 0
839.0625 0 0
842.1875 0 0
845.3125 0 0
848.4375 0 0
851.5625 0 0
854.6875 0 0
857.8125 0 0
860.9375 0 0
864.0625 0 0
867.1875 0 0
870.3125 0 0
873.4375 0 0
876.5625 0 0
879.6875 0 0
882.8125 0 0
885.9375 0 0
889.0625 0 0
892.1875 0 0
895.3125 0 0
898.4375 0 0
901.5625 0 0
904.6875 0 0
907.8125 0 0
910.9375 0 0
914.0625 0 0
917.1875 0 0
920.3125 0 0
923.4375 0 0
926.5625 0 0
929.6875 0 0
932.8125 0 0
935.9375 0 0
939.0625 0 0
942.1875 0 0
945.3125 0 0
948.4375 0 0
951.5625 0 0
954.6875 0 0
957.8125 0 0
960.9375 0 0
964.0625 0 0
967.1875 0 0
970.3125 0 0
973.4375 0 0
976.5625 0 0
979.6875 0 0
982.8125 0 0
985.9375 0 0
989.0625 0 0
992.1875 0 0
995.3125 0 0
998.4375 0 0
1 10 0 639
672
673
674
675
676
677
678
679
680
681
682
683
684
685
686
687
688
689
690
691
692
693
694
695
696
697
698
699
700
701
702
703
704
705
706
707
708
709
710
711
712
713
714
715
716
717
718
719
720
721
722
723
724
725
726
727
728
729
730
731
732
733
734
735
736
737
738
739
740
741
742
743
744
745
746
747
748
749
750
751
752
753
754
755
756
757
758
759
760
761
762
763
764
765
766
767
768
769
770
771
772
773
774
775
776
777
778
779
780
781
782
783
784
785
786
787
788
789
790
791
792
793
794
795
796
797
798
799
800
801
802
803
804
805
806
807
808
809
810
811
812
813
814
815
816
817
818
819
820
821
822
823
824
825
826
827
828
829
830
831
832
833
834
835
836
837
838
839
840
841
842
843
844
845
846
847
848
849
850
851
852
853
854
855
856
857
858
859
860
861
862
863
864
865
866
867
868
869
870
871
872
873
874
875
876
877
878
879
880
881
882
883
884
885
886
887
888
889
890
891
892
893
894
895
896
897
898
899
900
901
902
903
904
905
906
907
908
909
910
911
912
913
914
915
916
917
918
919
920
921
922
923
924
925
926
927
928
929
930
931
932
933
934
935
936
937
938
939
940
941
942
943
944
945
946
947
948
949
950
951
952
953
954
955
956
957
958
959
960
961
962
963
964
965
966
967
968
969
970
971
972
973
974
975
976
977
978
979
980
981
982
983
984
985
986
987
988
989
990
991
992
993
994
995
996
997
998
999
1000
1001
1002
1003
1004
1005
1006
1007
1008
1009
1010
1011
1012
1013
1014
1015
1016
1017
1018
1019
1020
1021
1022
1023
1024
1025
1026
1027
1028
1029
1030
1031
1032
1033
1034
1035
1036
1037
1038
1039
1040
1041
1042
1043
1044
1045
1046
1047
1048
1049
1050
1051
1052
1053
1054
1055
1056
1057
1058
1059
1060
1061
1062
1063
1064
1065
1066
1067
1068
1069
1070
1071
1072
1073
1074
1075
1076
1077
1078
1079
1080
1081
1082
1083
1084
1085
1086
1087
1088
1089
1090
1091
1092
1093
1094
1095
1096
1097
1098
1099
1100
1101
1102
1103
1104
1105
1106
1107
1108
1109
1110
1111
1112
1113
1114
1115
1116
1117
1118
1119
1120
1121
1122
1123
1124
1125
1126
1127
1128
1129
1130
1131
1132
1133
1134
1135
1136
1137
1138
1139
1140
1141
1142
1143
1144
1145
1146
1147
1148
1149
1150
1151
1152
1153
1154
1155
1156
1157
1158
1159
1160
1161
1162
1163
1164
1165
1166
1167
1168
1169
1170
1171
1172
1173
1174
1175
1176
1177
1178
1179
1180
1181
1182
1183
1184
1185
1186
1187
1188
1189
1190
1191
1192
1193
1194
1195
1196
1197
1198
1199
1200
1201
1202
1203
1204
1205
1206
1207
1208
1209
1210
1211
1212
1213
1214
1215
1216
1217
1218
1219
1220
1221
1222
1223
1224
1225
1226
1227
1228
1229
1230
1231
1232
1233
1234
1235
1236
1237
1238
1239
1240
1241
1242
1243
1244
1245
1246
1247
1248
1249
1250
1251
1252
1253
1254
1255
1256
1257
1258
1259
1260
1261
1262
1263
1264
1265
1266
1267
1268
1269
1270
1271
1272
1273
1274
1275
1276
1277
1278
1279
1280
1281
1282
1283
1284
1285
1286
1287
1288
1289
1290
1291
1292
1293
1294
1295
1296
1297
1298
1299
1300
1301
1302
1303
1304
1305
1306
1307
1308
1309
1310
3.125 0 24
6.25 0 24
9.375000000000002 0 24
12.5 0 24
15.625 0 24
18.75 0 24
21.875 0 24
25 0 24
28.125 0 24
31.25 0 24
34.375 0 24
37.50000000000001 0 24
40.625 0 24
43.75000000000001 0 24
46.875 0 24
50 0 24
53.12500000000001 0 24
56.25 0 24
59.37500000000001 0 24
62.5 0 24
65.625 0 24
68.75 0 24
71.87500000000001 0 24
75.00000000000001 0 24
78.125 0 24
81.25 0 24
84.375 0 24
87.50000000000001 0 24
90.62500000000001 0 24
93.75 0 24
96.875 0 24
100 0 24
103.125 0 24
106.25 0 24
109.375 0 24
112.5 0 24
115.625 0 24
118.75 0 24
121.875 0 24
125 0 24
128.125 0 24
131.25 0 24
134.375 0 24
137.5 0 24
140.625 0 24
143.75 0 24
146.875 0 24
150 0 24
153.125 0 24
156.25 0 24
159.375 0 24
162.5 0 24
165.625 0 24
168.75 0 24
171.875 0 24
175 0 24
178.125 0 24
181.25 0 24
184.375 0 24
187.5 0 24
190.625 0 24
193.75 0 24
196.875 0 24
200 0 24
203.125 0 24
206.25 0 24
209.375 0 24
212.5 0 24
215.625 0 24
218.75 0 24
221.875 0 24
225 0 24
228.125 0 24
231.25 0 24
234.375 0 24
237.5 0 24
240.625 0 24
243.75 0 24
246.875 0 24
250 0 24
253.125 0 24
256.2500000000001 0 24
259.375 0 24
262.5 0 24
265.625 0 24
268.75 0 24
271.8750000000001 0 24
275 0 24
278.125 0 24
281.25 0 24
284.375 0 24
287.5000000000001 0 24
290.625 0 24
293.75 0 24
296.875 0 24
300.0000000000001 0 24
303.1250000000001 0 24
306.25 0 24
309.375 0 24
312.5 0 24
315.6250000000001 0 24
318.7500000000001 0 24
321.875 0 24
325 0 24
328.125 0 24
331.2500000000001 0 24
334.3750000000001 0 24
337.5 0 24
340.625 0 24
343.75 0 24
346.8750000000001 0 24
350.0000000000001 0 24
353.125 0 24
356.25 0 24
359.375 0 24
362.5000000000001 0 24
365.6250000000001 0 24
368.75 0 24
371.875 0 24
375 0 24
378.1250000000001 0 24
381.2500000000001 0 24
384.375 0 24
387.5 0 24
390.625 0 24
393.7500000000001 0 24
396.8750000000001 0 24
400 0 24
403.125 0 24
406.25 0 24
409.3750000000001 0 24
412.5000000000001 0 24
415.625 0 24
418.75 0 24
421.875 0 24
425.0000000000001 0 24
428.1250000000001 0 24
431.25 0 24
434.375 0 24
437.5 0 24
440.6250000000001 0 24
443.7500000000001 0 24
446.875 0 24
450 0 24
453.125 0 24
456.2500000000001 0 24
459.3750000000001 0 24
462.5 0 24
465.625 0 24
468.75 0 24
471.8750000000001 0 24
475.0000000000001 0 24
478.125 0 24
481.25 0 24
484.375 0 24
487.5000000000001 0 24
490.6250000000001 0 24
493.75 0 24
496.875 0 24
500 0 24
503.1250000000001 0 24
506.25 0 24
509.375 0 24
512.5000000000001 0 24
515.625 0 24
518.75 0 24
521.875 0 24
525 0 24
528.1250000000001 0 24
531.25 0 24
534.375 0 24
537.5 0 24
540.625 0 24
543.7500000000001 0 24
546.875 0 24
550 0 24
553.125 0 24
556.25 0 24
559.3750000000001 0 24
562.5 0 24
565.625 0 24
568.75 0 24
571.875 0 24
575.0000000000001 0 24
578.125 0 24
581.25 0 24
584.375 0 24
587.5 0 24
590.6250000000001 0 24
593.75 0 24
596.875 0 24
600.0000000000001 0 24
603.125 0 24
606.2500000000001 0 24
609.375 0 24
612.5 0 24
615.6250000000001 0 24
618.75 0 24
621.8750000000001 0 24
625 0 24
628.125 0 24
631.2500000000001 0 24
634.375 0 24
637.5000000000001 0 24
640.625 0 24
643.75 0 24
646.8750000000001 0 24
650 0 24
653.1250000000001 0 24
656.25 0 24
659.375 0 24
662.5000000000001 0 24
665.625 0 24
668.7500000000001 0 24
671.875 0 24
675 0 24
678.1250000000001 0 24
681.25 0 24
684.3750000000001 0 24
687.5 0 24
690.625 0 24
693.7500000000001 0 24
696.875 0 24
700.0000000000001 0 24
703.125 0 24
706.25 0 24
709.3750000000001 0 24
712.5 0 24
715.6250000000001 0 24
718.75 0 24
721.875 0 24
725.0000000000001 0 24
728.125 0 24
731.2500000000001 0 24
734.375 0 24
737.5 0 24
740.6250000000001 0 24
743.75 0 24
746.8750000000001 0 24
750 0 24
753.125 0 24
756.2500000000001 0 24
759.375 0 24
762.5000000000001 0 24
765.625 0 24
768.75 0 24
771.8750000000001 0 24
775 0 24
778.1250000000001 0 24
781.25 0 24
784.375 0 24
787.5000000000001 0 24
790.625 0 24
793.7500000000001 0 24
796.875 0 24
800 0 24
803.1250000000001 0 24
806.25 0 24
809.3750000000001 0 24
812.5 0 24
815.625 0 24
818.7500000000001 0 24
821.875 0 24
825.0000000000001 0 24
828.125 0 24
831.25 0 24
834.3750000000001 0 24
837.5 0 24
840.6250000000001 0 24
843.75 0 24
846.875 0 24
850.0000000000001 0 24
853.125 0 24
856.2500000000001 0 24
859.375 0 24
862.5 0 24
865.6250000000001 0 24
868.75 0 24
871.8750000000001 0 24
875 0 24
878.125 0 24
881.2500000000001 0 24
884.375 0 24
887.5000000000001 0 24
890.625 0 24
893.75 0 24
896.8750000000001 0 24
900 0 24
903.1250000000001 0 24
906.25 0 24
909.375 0 24
912.5000000000001 0 24
915.625 0 24
918.7500000000001 0 24
921.875 0 24
925 0 24
928.1250000000001 0 24
931.25 0 24
934.3750000000001 0 24
937.5 0 24
940.625 0 24
943.7500000000001 0 24
946.875 0 24
950.0000000000001 0 24
953.125 0 24
956.25 0 24
959.3750000000001 0 24
962.5 0 24
965.6250000000001 0 24
968.75 0 24
971.875 0 24
975.0000000000001 0 24
978.125 0 24
981.2500000000001 0 24
984.375 0 24
987.5 0 24
990.6250000000001 0 24
993.75 0 24
996.8750000000001 0 24
1.5625 0 24
4.6875 0 24
7.812500000000001 0 24
10.9375 0 24
14.0625 0 24
17.1875 0 24
20.3125 0 24
23.4375 0 24
26.5625 0 24
29.6875 0 24
32.8125 0 24
35.9375 0 24
39.0625 0 24
42.1875 0 24
45.3125 0 24
48.4375 0 24
51.5625 0 24
54.6875 0 24
57.8125 0 24
60.9375 0 24
64.0625 0 24
67.1875 0 24
70.3125 0 24
73.43750000000001 0 24
76.5625 0 24
79.6875 0 24
82.8125 0 24
85.9375 0 24
89.06250000000001 0 24
92.1875 0 24
95.3125 0 24
98.4375 0 24
101.5625 0 24
104.6875 0 24
107.8125 0 24
110.9375 0 24
114.0625 0 24
117.1875 0 24
120.3125 0 24
123.4375 0 24
126.5625 0 24
129.6875 0 24
132.8125 0 24
135.9375 0 24
139.0625 0 24
142.1875 0 24
145.3125 0 24
148.4375 0 24
151.5625 0 24
154.6875 0 24
157.8125 0 24
160.9375 0 24
164.0625 0 24
167.1875 0 24
170.3125 0 24
173.4375 0 24
176.5625 0 24
179.6875 0 24
182.8125 0 24
185.9375 0 24
189.0625 0 24
192.1875 0 24
195.3125 0 24
198.4375 0 24
201.5625 0 24
204.6875 0 24
207.8125 0 24
210.9375 0 24
214.0625 0 24
217.1875 0 24
220.3125 0 24
223.4375 0 24
226.5625 0 24
229.6875 0 24
232.8125 0 24
235.9375 0 24
239.0625 0 24
242.1875 0 24
245.3125 0 24
248.4375 0 24
251.5625 0 24
254.6875 0 24
257.8125 0 24
260.9375 0 24
264.0625 0 24
267.1875 0 24
270.3125 0 24
273.4375 0 24
276.5625 0 24
279.6875 0 24
282.8125 0 24
285.9375 0 24
289.0625 0 24
292.1875 0 24
295.3125 0 24
298.4375 0 24
301.5625000000001 0 24
304.6875 0 24
307.8125 0 24
310.9375 0 24
314.0625 0 24
317.1875000000001 0 24
320.3125 0 24
323.4375 0 24
326.5625 0 24
329.6875 0 24
332.8125000000001 0 24
335.9375 0 24
339.0625 0 24
342.1875 0 24
345.3125 0 24
348.4375000000001 0 24
351.5625 0 24
354.6875 0 24
357.8125 0 24
360.9375 0 24
364.0625000000001 0 24
367.1875 0 24
370.3125 0 24
373.4375 0 24
376.5625 0 24
379.6875000000001 0 24
382.8125 0 24
385.9375 0 24
389.0625 0 24
392.1875 0 24
395.3125000000001 0 24
398.4375 0 24
401.5625 0 24
404.6875 0 24
407.8125 0 24
410.9375000000001 0 24
414.0625 0 24
417.1875 0 24
420.3125 0 24
423.4375 0 24
426.5625000000001 0 24
429.6875 0 24
432.8125 0 24
435.9375 0 24
439.0625 0 24
442.1875000000001 0 24
445.3125 0 24
448.4375 0 24
451.5625 0 24
454.6875 0 24
457.8125000000001 0 24
460.9375 0 24
464.0625 0 24
467.1875 0 24
470.3125 0 24
473.4375000000001 0 24
476.5625 0 24
479.6875 0 24
482.8125 0 24
485.9375 0 24
489.0625000000001 0 24
492.1875 0 24
495.3125 0 24
498.4375 0 24
501.5625 0 24
504.6875 0 24
507.8125 0 24
510.9375000000001 0 24
514.0625 0 24
517.1875 0 24
520.3125 0 24
523.4375 0 24
526.5625 0 24
529.6875 0 24
532.8125 0 24
535.9375 0 24
539.0625 0 24
542.1875 0 24
545.3125 0 24
548.4375 0 24
551.5625 0 24
554.6875 0 24
557.8125 0 24
560.9375 0 24
564.0625 0 24
567.1875 0 24
570.3125 0 24
573.4375 0 24
576.5625 0 24
579.6875 0 24
582.8125 0 24
585.9375 0 24
589.0625 0 24
592.1875 0 24
595.3125 0 24
598.4375 0 24
601.5625 0 24
604.6875 0 24
607.8125 0 24
610.9375 0 24
614.0625 0 24
617.1875 0 24
620.3125 0 24
623.4375 0 24
626.5625 0 24
629.6875 0 24
632.8125 0 24
635.9375 0 24
639.0625 0 24
642.1875 0 24
645.3125 0 24
648.4375 0 24
651.5625 0 24
654.6875 0 24
657.8125 0 24
660.9375 0 24
664.0625 0 24
667.1875 0 24
670.3125 0 24
673.4375 0 24
676.5625 0 24
679.6875 0 24
682.8125 0 24
685.9375 0 24
689.0625 0 24
692.1875 0 24
695.3125 0 24
698.4375 0 24
701.5625 0 24
704.6875 0 24
707.8125 0 24
710.9375 0 24
714.0625 0 24
717.1875 0 24
720.3125 0 24
723.4375 0 24
726.5625 0 24
729.6875 0 24
732.8125 0 24
735.9375 0 24
739.0625 0 24
742.1875 0 24
745.3125 0 24
748.4375 0 24
751.5625 0 24
754.6875 0 24
757.8125 0 24
760.9375 0 24
764.0625 0 24
767.1875 0 24
770.3125 0 24
773.4375 0 24
776.5625 0 24
779.6875 0 24
782.8125 0 24
785.9375 0 24
789.0625 0 24
792.1875 0 24
795.3125 0 24
798.4375 0 24
801.5625 0 24
804.6875 0 24
807.8125 0 24
810.9375 0 24
814.0625 0 24
817.1875 0 24
820.3125 0 24
823.4375 0 24
826.5625 0 24
829.6875 0 24
832.8125 0 24
835.9375 0 24
839.0625 0 24
842.1875 0 24
845.3125 0 24
848.4375 0 24
851.5625 0 24
854.6875 0 24
857.8125 0 24
860.9375 0 24
864.0625 0 24
867.1875 0 24
870.3125 0 24
873.4375 0 24
876.5625 0 24
879.6875 0 24
882.8125 0 24
885.9375 0 24
889.0625 0 24
892.1875 0 24
895.3125 0 24
898.4375 0 24
901.5625 0 24
904.6875 0 24
907.8125 0 24
910.9375 0 24
914.0625 0 24
917.1875 0 24
920.3125 0 24
923.4375 0 24
926.5625 0 24
929.6875 0 24
932.8125 0 24
935.9375 0 24
939.0625 0 24
942.1875 0 24
945.3125 0 24
948.4375 0 24
951.5625 0 24
954.6875 0 24
957.8125 0 24
960.9375 0 24
964.0625 0 24
967.1875 0 24
970.3125 0 24
973.4375 0 24
976.5625 0 24
979.6875 0 24
982.8125 0 24
985.9375 0 24
989.0625 0 24
992.1875 0 24
995.3125 0 24
998.4375 0 24
1 11 0 639
1311
1312
1313
1314
1315
1316
1317
1318
1319
1320
1321
1322
1323
1324
1325
1326
1327
1328
1329
1330
1331
1332
1333
1334
1335
1336
1337
1338
1339
1340
1341
1342
1343
1344
1345
1346
1347
1348
1349
1350
1351
1352
1353
1354
1355
1356
1357
1358
1359
1360
1361
1362
1363
1364
1365
1366
1367
1368
1369
1370
1371
1372
1373
1374
1375
1376
1377
1378
1379
1380
1381
1382
1383
1384
1385
1386
1387
1388
1389
1390
1391
1392
1393
1394
1395
1396
1397
1398
1399
1400
1401
1402
1403
1404
1405
1406
1407
1408
1409
1410
1411
1412
1413
1414
1415
1416
1417
1418
1419
1420
1421
1422
1423
1424
1425
1426
1427
1428
1429
1430
1431
1432
1433
1434
1435
1436
1437
1438
1439
1440
1441
1442
1443
1444
1445
1446
1447
1448
1449
1450
1451
1452
1453
1454
1455
1456
1457
1458
1459
1460
1461
1462
1463
1464
1465
1466
1467
1468
1469
1470
1471
1472
1473
1474
1475
1476
1477
1478
1479
1480
1481
1482
1483
1484
1485
1486
1487
1488
1489
1490
1491
1492
1493
1494
1495
1496
1497
1498
1499
1500
1501
1502
1503
1504
1505
1506
1507
1508
1509
1510
1511
1512
1513
1514
1515
1516
1517
1518
1519
1520
1521
1522
1523
1524
1525
1526
1527
1528
1529
1530
1531
1532
1533
1534
1535
1536
1537
1538
1539
1540
1541
1542
1543
1544
1545
1546
1547
1548
1549
1550
1551
1552
1553
1554
1555
1556
1557
1558
1559
1560
1561
1562
1563
1564
1565
1566
1567
1568
1569
1570
1571
1572
1573
1574
1575
1576
1577
1578
1579
1580
1581
1582
1583
1584
1585
1586
1587
1588
1589
1590
1591
1592
1593
1594
1595
1596
1597
1598
1599
1600
1601
1602
1603
1604
1605
1606
1607
1608
1609
1610
1611
1612
1613
1614
1615
1616
1617
1618
1619
1620
1621
1622
1623
1624
1625
1626
1627
1628
1629
1630
1631
1632
1633
1634
1635
1636
1637
1638
1639
1640
1641
1642
1643
1644
1645
1646
1647
1648
1649
1650
1651
1652
1653
1654
1655
1656
1657
1658
1659
1660
1661
1662
1663
1664
1665
1666
1667
1668
1669
1670
1671
1672
1673
1674
1675
1676
1677
1678
1679
1680
1681
1682
1683
1684
1685
1686
1687
1688
1689
1690
1691
1692
1693
1694
1695
1696
1697
1698
1699
1700
1701
1702
1703
1704
1705
1706
1707
1708
1709
1710
1711
1712
1713
1714
1715
1716
1717
1718
1719
1720
1721
1722
1723
1724
1725
1726
1727
1728
1729
1730
1731
1732
1733
1734
1735
1736
1737
1738
1739
1740
1741
1742
1743
1744
1745
1746
1747
1748
1749
1750
1751
1752
1753
1754
1755
1756
1757
1758
1759
1760
1761
1762
1763
1764
1765
1766
1767
1768
1769
1770
1771
1772
1773
1774
1775
1776
1777
1778
1779
1780
1781
1782
1783
1784
1785
1786
1787
1788
1789
1790
1791
1792
1793
1794
1795
1796
1797
1798
1799
1800
1801
1802
1803
1804
1805
1806
1807
1808
1809
1810
1811
1812
1813
1814
1815
1816
1817
1818
1819
1820
1821
1822
1823
1824
1825
1826
1827
1828
1829
1830
1831
1832
1833
1834
1835
1836
1837
1838
1839
1840
1841
1842
1843
1844
1845
1846
1847
1848
1849
1850
1851
1852
1853
1854
1855
1856
1857
1858
1859
1860
1861
1862
1863
1864
1865
1866
1867
1868
1869
1870
1871
1872
1873
1874
1875
1876
1877
1878
1879
1880
1881
1882
1883
1884
1885
1886
1887
1888
1889
1890
1891
1892
1893
1894
1895
1896
1897
1898
1899
1900
1901
1902
1903
1904
1905
1906
1907
1908
1909
1910
1911
1912
1913
1914
1915
1916
1917
1918
1919
1920
1921
1922
1923
1924
1925
1926
1927
1928
1929
1930
1931
1932
1933
1934
1935
1936
1937
1938
1939
1940
1941
1942
1943
1944
1945
1946
1947
1948
1949
3.125 10 0
6.25 10 0
9.375000000000002 10 0
12.5 10 0
15.625 10 0
18.75 10 0
21.875 10 0
25 10 0
28.125 10 0
31.25 10 0
34.375 10 0
37.50000000000001 10 0
40.625 10 0
43.75000000000001 10 0
46.875 10 0
50 10 0
53.12500000000001 10 0
56.25 10 0
59.37500000000001 10 0
62.5 10 0
65.625 10 0
68.75 10 0
71.87500000000001 10 0
75.00000000000001 10 0
78.125 10 0
81.25 10 0
84.375 10 0
87.50000000000001 10 0
90.62500000000001 10 0
93.75 10 0
96.875 10 0
100 10 0
103.125 10 0
106.25 10 0
109.375 10 0
112.5 10 0
115.625 10 0
118.75 10 0
121.875 10 0
125 10 0
128.125 10 0
131.25 10 0
134.375 10 0
137.5 10 0
140.625 10 0
143.75 10 0
146.875 10 0
150 10 0
153.125 10 0
156.25 10 0
159.375 10 0
162.5 10 0
165.625 10 0
168.75 10 0
171.875 10 0
175 10 0
178.125 10 0
181.25 10 0
184.375 10 0
187.5 10 0
190.625 10 0
193.75 10 0
196.875 10 0
200 10 0
203.125 10 0
206.25 10 0
209.375 10 0
212.5 10 0
215.625 10 0
218.75 10 0
221.875 10 0
225 10 0
228.125 10 0
231.25 10 0
234.375 10 0
237.5 10 0
240.625 10 0
243.75 10 0
246.875 10 0
250 10 0
253.125 10 0
256.2500000000001 10 0
259.375 10 0
262.5 10 0
265.625 10 0
268.75 10 0
271.8750000000001 10 0
275 10 0
278.125 10 0
281.25 10 0
284.375 10 0
287.5000000000001 10 0
290.625 10 0
293.75 10 0
296.875 10 0
300.0000000000001 10 0
303.1250000000001 10 0
306.25 10 0
309.375 10 0
312.5 10 0
315.6250000000001 10 0
318.7500000000001 10 0
321.875 10 0
325 10 0
328.125 10 0
331.2500000000001 10 0
334.3750000000001 10 0
337.5 10 0
340.625 10 0
343.75 10 0
346.8750000000001 10 0
350.0000000000001 10 0
353.125 10 0
356.25 10 0
359.375 10 0
362.5000000000001 10 0
365.6250000000001 10 0
368.75 10 0
371.875 10 0
375 10 0
378.1250000000001 10 0
381.2500000000001 10 0
384.375 10 0
387.5 10 0
390.625 10 0
393.7500000000001 10 0
396.8750000000001 10 0
400 10 0
403.125 10 0
406.25 10 0
409.3750000000001 10 0
412.5000000000001 10 0
415.625 10 0
418.75 10 0
421.875 10 0
425.0000000000001 10 0
428.1250000000001 10 0
431.25 10 0
434.375 10 0
437.5 10 0
440.6250000000001 10 0
443.7500000000001 10 0
446.875 10 0
450 10 0
453.125 10 0
456.2500000000001 10 0
459.3750000000001 10 0
462.5 10 0
465.625 10 0
468.75 10 0
471.8750000000001 10 0
475.0000000000001 10 0
478.125 10 0
481.25 10 0
484.375 10 0
487.5000000000001 10 0
490.6250000000001 10 0
493.75 10 0
496.875 10 0
500 10 0
503.1250000000001 10 0
506.25 10 0
509.375 10 0
512.5000000000001 10 0
515.625 10 0
518.75 10 0
521.875 10 0
525 10 0
528.1250000000001 10 0
531.25 10 0
534.375 10 0
537.5 10 0
540.625 10 0
543.7500000000001 10 0
546.875 10 0
550 10 0
553.125 10 0
556.25 10 0
559.3750000000001 10 0
562.5 10 0
565.625 10 0
568.75 10 0
571.875 10 0
575.0000000000001 10 0
578.125 10 0
581.25 10 0
584.375 10 0
587.5 10 0
590.6250000000001 10 0
593.75 10 0
596.875 10 0
600.0000000000001 10 0
603.125 10 0
606.2500000000001 10 0
609.375 10 0
612.5 10 0
615.6250000000001 10 0
618.75 10 0
621.8750000000001 10 0
625 10 0
628.125 10 0
631.2500000000001 10 0
634.375 10 0
637.5000000000001 10 0
640.625 10 0
643.75 10 0
646.8750000000001 10 0
650 10 0
653.1250000000001 10 0
656.25 10 0
659.375 10 0
662.5000000000001 10 0
665.625 10 0
668.7500000000001 10 0
671.875 10 0
675 10 0
678.1250000000001 10 0
681.25 10 0
684.3750000000001 10 0
687.5 10 0
690.625 10 0
693.7500000000001 10 0
696.875 10 0
700.0000000000001 10 0
703.125 10 0
706.25 10 0
709.3750000000001 10 0
712.5 10 0
715.6250000000001 10 0
718.75 10 0
721.875 10 0
725.0000000000001 10 0
728.125 10 0
731.2500000000001 10 0
734.375 10 0
737.5 10 0
740.6250000000001 10 0
743.75 10 0
746.8750000000001 10 0
750 10 0
753.125 10 0
756.2500000000001 10 0
759.375 10 0
762.5000000000001 10 0
765.625 10 0
768.75 10 0
771.8750000000001 10 0
775 10 0
778.1250000000001 10 0
781.25 10 0
784.375 10 0
787.5000000000001 10 0
790.625 10 0
793.7500000000001 10 0
796.875 10 0
800 10 0
803.1250000000001 10 0
806.25 10 0
809.3750000000001 10 0
812.5 10 0
815.625 10 0
818.7500000000001 10 0
821.875 10 0
825.0000000000001 10 0
828.125 10 0
831.25 10 0
834.3750000000001 10 0
837.5 10 0
840.6250000000001 10 0
843.75 10 0
846.875 10 0
850.0000000000001 10 0
853.125 10 0
856.2500000000001 10 0
859.375 10 0
862.5 10 0
865.6250000000001 10 0
868.75 10 0
871.8750000000001 10 0
875 10 0
878.125 10 0
881.2500000000001 10 0
884.375 10 0
887.5000000000001 10 0
890.625 10 0
893.75 10 0
896.8750000000001 10 0
900 10 0
903.1250000000001 10 0
906.25 10 0
909.375 10 0
912.5000000000001 10 0
915.625 10 0
918.7500000000001 10 0
921.875 10 0
925 10 0
928.1250000000001 10 0
931.25 10 0
934.3750000000001 10 0
937.5 10 0
940.625 10 0
943.7500000000001 10 0
946.875 10 0
950.0000000000001 10 0
953.125 10 0
956.25 10 0
959.3750000000001 10 0
962.5 10 0
965.6250000000001 10 0
968.75 10 0
971.875 10 0
975.0000000000001 10 0
978.125 10 0
981.2500000000001 10 0
984.375 10 0
987.5 10 0
990.6250000000001 10 0
993.75 10 0
996.8750000000001 10 0
1.5625 10 0
4.6875 10 0
7.812500000000001 10 0
10.9375 10 0
14.0625 10 0
17.1875 10 0
20.3125 10 0
23.4375 10 0
26.5625 10 0
29.6875 10 0
32.8125 10 0
35.9375 10 0
39.0625 10 0
42.1875 10 0
45.3125 10 0
48.4375 10 0
51.5625 10 0
54.6875 10 0
57.8125 10 0
60.9375 10 0
64.0625 10 0
67.1875 10 0
70.3125 10 0
73.43750000000001 10 0
76.5625 10 0
79.6875 10 0
82.8125 10 0
85.9375 10 0
89.06250000000001 10 0
92.1875 10 0
95.3125 10 0
98.4375 10 0
101.5625 10 0
104.6875 10 0
107.8125 10 0
110.9375 10 0
114.0625 10 0
117.1875 10 0
120.3125 10 0
123.4375 10 0
126.5625 10 0
129.6875 10 0
132.8125 10 0
135.9375 10 0
139.0625 10 0
142.1875 10 0
145.3125 10 0
148.4375 10 0
151.5625 10 0
154.6875 10 0
157.8125 10 0
160.9375 10 0
164.0625 10 0
167.1875 10 0
170.3125 10 0
173.4375 10 0
176.5625 10 0
179.6875 10 0
182.8125 10 0
185.9375 10 0
189.0625 10 0
192.1875 10 0
195.3125 10 0
198.4375 10 0
201.5625 10 0
204.6875 10 0
207.8125 10 0
210.9375 10 0
214.0625 10 0
217.1875 10 0
220.3125 10 0
223.4375 10 0
226.5625 10 0
229.6875 10 0
232.8125 10 0
235.9375 10 0
239.0625 10 0
242.1875 10 0
245.3125 10 0
248.4375 10 0
251.5625 10 0
254.6875 10 0
257.8125 10 0
260.9375 10 0
264.0625 10 0
267.1875 10 0
270.3125 10 0
273.4375 10 0
276.5625 10 0
279.6875 10 0
282.8125 10 0
285.9375 10 0
289.0625 10 0
292.1875 10 0
295.3125 10 0
298.4375 10 0
301.5625000000001 10 0
304.6875 10 0
307.8125 10 0
310.9375 10 0
314.0625 10 0
317.1875000000001 10 0
320.3125 10 0
323.4375 10 0
326.5625 10 0
329.6875 10 0
332.8125000000001 10 0
335.9375 10 0
339.0625 10 0
342.1875 10 0
345.3125 10 0
348.4375000000001 10 0
351.5625 10 0
354.6875 10 0
357.8125 10 0
360.9375 10 0
364.0625000000001 10 0
367.1875 10 0
370.3125 10 0
373.4375 10 0
376.5625 10 0
379.6875000000001 10 0
382.8125 10 0
385.9375 10 0
389.0625 10 0
392.1875 10 0
395.3125000000001 10 0
398.4375 10 0
401.5625 10 0
404.6875 10 0
407.8125 10 0
410.9375000000001 10 0
414.0625 10 0
417.1875 10 0
420.3125 10 0
423.4375 10 0
426.5625000000001 10 0
429.6875 10 0
432.8125 10 0
435.9375 10 0
439.0625 10 0
442.1875000000001 10 0
445.3125 10 0
448.4375 10 0
451.5625 10 0
454.6875 10 0
457.8125000000001 10 0
460.9375 10 0
464.0625 10 0
467.1875 10 0
470.3125 10 0
473.4375000000001 10 0
476.5625 10 0
479.6875 10 0
482.8125 10 0
485.9375 10 0
489.0625000000001 10 0
492.1875 10 0
495.3125 10 0
498.4375 10 0
501.5625 10 0
504.6875 10 0
507.8125 10 0
510.9375000000001 10 0
514.0625 10 0
517.1875 10 0
520.3125 10 0
523.4375 10 0
526.5625 10 0
529.6875 10 0
532.8125 10 0
535.9375 10 0
539.0625 10 0
542.1875 10 0
545.3125 10 0
548.4375 10 0
551.5625 10 0
554.6875 10 0
557.8125 10 0
560.9375 10 0
564.0625 10 0
567.1875 10 0
570.3125 10 0
573.4375 10 0
576.5625 10 0
579.6875 10 0
582.8125 10 0
585.9375 10 0
589.0625 10 0
592.1875 10 0
595.3125 10 0
598.4375 10 0
601.5625 10 0
604.6875 10 0
607.8125 10 0
610.9375 10 0
614.0625 10 0
617.1875 10 0
620.3125 10 0
623.4375 10 0
626.5625 10 0
629.6875 10 0
632.8125 10 0
635.9375 10 0
639.0625 10 0
642.1875 10 0
645.3125 10 0
648.4375 10 0
651.5625 10 0
654.6875 10 0
657.8125 10 0
660.9375 10 0
664.0625 10 0
667.1875 10 0
670.3125 10 0
673.4375 10 0
676.5625 10 0
679.6875 10 0
682.8125 10 0
685.9375 10 0
689.0625 10 0
692.1875 10 0
695.3125 10 0
698.4375 10 0
701.5625 10 0
704.6875 10 0
707.8125 10 0
710.9375 10 0
714.0625 10 0
717.1875 10 0
720.3125 10 0
723.4375 10 0
726.5625 10 0
729.6875 10 0
732.8125 10 0
735.9375 10 0
739.0625 10 0
742.1875 10 0
745.3125 10 0
748.4375 10 0
751.5625 10 0
754.6875 10 0
757.8125 10 0
760.9375 10 0
764.0625 10 0
767.1875 10 0
770.3125 10 0
773.4375 10 0
776.5625 10 0
779.6875 10 0
782.8125 10 0
785.9375 10 0
789.0625 10 0
792.1875 10 0
795.3125 10 0
798.4375 10 0
801.5625 10 0
804.6875 10 0
807.8125 10 0
810.9375 10 0
814.0625 10 0
817.1875 10 0
820.3125 10 0
823.4375 10 0
826.5625 10 0
829.6875 10 0
832.8125 10 0
835.9375 10 0
839.0625 10 0
842.1875 10 0
845.3125 10 0
848.4375 10 0
851.5625 10 0
854.6875 10 0
857.8125 10 0
860.9375 10 0
864.0625 10 0
867.1875 10 0
870.3125 10 0
873.4375 10 0
876.5625 10 0
879.6875 10 0
882.8125 10 0
885.9375 10 0
889.0625 10 0
892.1875 10 0
895.3125 10 0
898.4375 10 0
901.5625 10 0
904.6875 10 0
907.8125 10 0
910.9375 10 0
914.0625 10 0
917.1875 10 0
920.3125 10 0
923.4375 10 0
926.5625 10 0
929.6875 10 0
932.8125 10 0
935.9375 10 0
939.0625 10 0
942.1875 10 0
945.3125 10 0
948.4375 10 0
951.5625 10 0
954.6875 10 0
957.8125 10 0
960.9375 10 0
964.0625 10 0
967.1875 10 0
970.3125 10 0
973.4375 10 0
976.5625 10 0
979.6875 10 0
982.8125 10 0
985.9375 10 0
989.0625 10 0
992.1875 10 0
995.3125 10 0
998.4375 10 0
1 12 0 639
1950
1951
1952
1953
1954
1955
1956
1957
1958
1959
1960
1961
1962
1963
1964
1965
1966
1967
1968
1969
1970
1971
1972
1973
1974
1975
1976
1977
1978
1979
1980
1981
1982
1983
1984
1985
1986
1987
1988
1989
1990
1991
1992
1993
1994
1995
1996
1997
1998
1999
2000
2001
2002
2003
2004
2005
2006
2007
2008
2009
2010
2011
2012
2013
2014
2015
2016
2017
2018
2019
2020
2021
2022
2023
2024
2025
2026
2027
2028
2029
2030
2031
2032
2033
2034
2035
2036
2037
2038
2039
2040
2041
2042
2043
2044
2045
2046
2047
2048
2049
2050
2051
2052
2053
2054
2055
2056
2057
2058
2059
2060
2061
2062
2063
2064
2065
2066
2067
2068
2069
2070
2071
2072
2073
2074
2075
2076
2077
2078
2079
2080
2081
2082
2083
2084
2085
2086
2087
2088
2089
2090
2091
2092
2093
2094
2095
2096
2097
2098
2099
2100
2101
2102
2103
2104
2105
2106
2107
2108
2109
2110
2111
2112
2113
2114
2115
2116
2117
2118
2119
2120
2121
2122
2123
2124
2125
2126
2127
2128
2129
2130
2131
2132
2133
2134
2135
2136
2137
2138
2139
2140
2141
2142
2143
2144
2145
2146
2147
2148
2149
2150
2151
2152
2153
2154
2155
2156
2157
2158
2159
2160
2161
2162
2163
2164
2165
2166
2167
2168
2169
2170
2171
2172
2173
2174
2175
2176
2177
2178
2179
2180
2181
2182
2183
2184
2185
2186
2187
2188
2189
2190
2191
2192
2193
2194
2195
2196
2197
2198
2199
2200
2201
2202
2203
2204
2205
2206
2207
2208
2209
2210
2211
2212
2213
2214
2215
2216
2217
2218
2219
2220
2221
2222
2223
2224
2225
2226
2227
2228
2229
2230
2231
2232
2233
2234
2235
2236
2237
2238
2239
2240
2241
2242
2243
2244
2245
2246
2247
2248
2249
2250
2251
2252
2253
2254
2255
2256
2257
2258
2259
2260
2261
2262
2263
2264
2265
2266
2267
2268
2269
2270
2271
2272
2273
2274
2275
2276
2277
2278
2279
2280
2281
2282
2283
2284
2285
2286
2287
2288
2289
2290
2291
2292
2293
2294
2295
2296
2297
2298
2299
2300
2301
2302
2303
2304
2305
2306
2307
2308
2309
2310
2311
2312
2313
2314
2315
2316
2317
2318
2319
2320
2321
2322
2323
2324
2325
2326
2327
2328
2329
2330
2331
2332
2333
2334
2335
2336
2337
2338
2339
2340
2341
2342
2343
2344
2345
2346
2347
2348
2349
2350
2351
2352
2353
2354
2355
2356
2357
2358
2359
2360
2361
2362
2363
2364
2365
2366
2367
2368
2369
2370
2371
2372
2373
2374
2375
2376
2377
2378
2379
2380
2381
2382
2383
2384
2385
2386
2387
2388
2389
2390
2391
2392
2393
2394
2395
2396
2397
2398
2399
2400
2401
2402
2403
2404
2405
2406
2407
2408
2409
2410
2411
2412
2413
2414
2415
2416
2417
2418
2419
2420
2421
2422
2423
2424
2425
2426
2427
2428
2429
2430
2431
2432
2433
2434
2435
2436
2437
2438
2439
2440
2441
2442
2443
2444
2445
2446
2447
2448
2449
2450
2451
2452
2453
2454
2455
2456
2457
2458
2459
2460
2461
2462
2463
2464
2465
2466
2467
2468
2469
2470
2471
2472
2473
2474
2475
2476
2477
2478
2479
2480
2481
2482
2483
2484
2485
2486
2487
2488
2489
2490
2491
2492
2493
2494
2495
2496
2497
2498
2499
2500
2501
2502
2503
2504
2505
2506
2507
2508
2509
2510
2511
2512
2513
2514
2515
2516
2517
2518
2519
2520
2521
2522
2523
2524
2525
2526
2527
2528
2529
2530
2531
2532
2533
2534
2535
2536
2537
2538
2539
2540
2541
2542
2543
2544
2545
2546
2547
2548
2549
2550
2551
2552
2553
2554
2555
2556
2557
2558
2559
2560
2561
2562
2563
2564
2565
2566
2567
2568
2569
2570
2571
2572
2573
2574
2575
2576
2577
2578
2579
2580
2581
2582
2583
2584
2585
2586
2587
2588
3.125 10 24
6.25 10 24
9.375000000000002 10 24
12.5 10 24
15.625 10 24
18.75 10 24
21.875 10 24
25 10 24
28.125 10 24
31.25 10 24
34.375 10 24
37.50000000000001 10 24
40.625 10 24
43.75000000000001 10 24
46.875 10 24
50 10 24
53.12500000000001 10 24
56.25 10 24
59.37500000000001 10 24
62.5 10 24
65.625 10 24
68.75 10 24
71.87500000000001 10 24
75.00000000000001 10 24
78.125 10 24
81.25 10 24
84.375 10 24
87.50000000000001 10 24
90.62500000000001 10 24
93.75 10 24
96.875 10 24
100 10 24
103.125 10 24
106.25 10 24
109.375 10 24
112.5 10 24
115.625 10 24
118.75 10 24
121.875 10 24
125 10 24
128.125 10 24
131.25 10 24
134.375 10 24
137.5 10 24
140.625 10 24
143.75 10 24
146.875 10 24
150 10 24
153.125 10 24
156.25 10 24
159.375 10 24
162.5 10 24
165.625 10 24
168.75 10 24
171.875 10 24
175 10 24
178.125 10 24
181.25 10 24
184.375 10 24
187.5 10 24
190.625 10 24
193.75 10 24
196.875 10 24
200 10 24
203.125 10 24
206.25 10 24
209.375 10 24
212.5 10 24
215.625 10 24
218.75 10 24
221.875 10 24
225 10 24
228.125 10 24
231.25 10 24
234.375 10 24
237.5 10 24
240.625 10 24
243.75 10 24
246.875 10 24
250 10 24
253.125 10 24
256.2500000000001 10 24
259.375 10 24
262.5 10 24
265.625 10 24
268.75 10 24
271.8750000000001 10 24
275 10 24
278.125 10 24
281.25 10 24
284.375 10 24
287.5000000000001 10 24
290.625 10 24
293.75 10 24
296.875 10 24
300.0000000000001 10 24
303.1250000000001 10 24
306.25 10 24
309.375 10 24
312.5 10 24
315.6250000000001 10 24
318.7500000000001 10 24
321.875 10 24
325 10 24
328.125 10 24
331.2500000000001 10 24
334.3750000000001 10 24
337.5 10 24
340.625 10 24
343.75 10 24
346.8750000000001 10 24
350.0000000000001 10 24
353.125 10 24
356.25 10 24
359.375 10 24
362.5000000000001 10 24
365.6250000000001 10 24
368.75 10 24
371.875 10 24
375 10 24
378.1250000000001 10 24
381.2500000000001 10 24
384.375 10 24
387.5 10 24
390.625 10 24
393.7500000000001 10 24
396.8750000000001 10 24
400 10 24
403.125 10 24
406.25 10 24
409.3750000000001 10 24
412.5000000000001 10 24
415.625 10 24
418.75 10 24
421.875 10 24
425.0000000000001 10 24
428.1250000000001 10 24
431.25 10 24
434.375 10 24
437.5 10 24
440.6250000000001 10 24
443.7500000000001 10 24
446.875 10 24
450 10 24
453.125 10 24
456.2500000000001 10 24
459.3750000000001 10 24
462.5 10 24
465.625 10 24
468.75 10 24
471.8750000000001 10 24
475.0000000000001 10 24
478.125 10 24
481.25 10 24
484.375 10 24
487.5000000000001 10 24
490.6250000000001 10 24
493.75 10 24
496.875 10 24
500 10 24
503.1250000000001 10 24
506.25 10 24
509.375 10 24
512.5000000000001 10 24
515.625 10 24
518.75 10 24
521.875 10 24
525 10 24
528.1250000000001 10 24
531.25 10 24
534.375 10 24
537.5 10 24
540.625 10 24
543.7500000000001 10 24
546.875 10 24
550 10 24
553.125 10 24
556.25 10 24
559.3750000000001 10 24
562.5 10 24
565.625 10 24
568.75 10 24
571.875 10 24
575.0000000000001 10 24
578.125 10 24
581.25 10 24
584.375 10 24
587.5 10 24
590.6250000000001 10 24
593.75 10 24
596.875 10 24
600.0000000000001 10 24
603.125 10 24
606.2500000000001 10 24
609.375 10 24
612.5 10 24
615.6250000000001 10 24
618.75 10 24
621.8750000000001 10 24
625 10 24
628.125 10 24
631.2500000000001 10 24
634.375 10 24
637.5000000000001 10 24
640.625 10 24
643.75 10 24
646.8750000000001 10 24
650 10 24
653.1250000000001 10 24
656.25 10 24
659.375 10 24
662.5000000000001 10 24
665.625 10 24
668.7500000000001 10 24
671.875 10 24
675 10 24
678.1250000000001 10 24
681.25 10 24
684.3750000000001 10 24
687.5 10 24
690.625 10 24
693.7500000000001 10 24
696.875 10 24
700.0000000000001 10 24
703.125 10 24
706.25 10 24
709.3750000000001 10 24
712.5 10 24
715.6250000000001 10 24
718.75 10 24
721.875 10 24
725.0000000000001 10 24
728.125 10 24
731.2500000000001 10 24
734.375 10 24
737.5 10 24
740.6250000000001 10 24
743.75 10 24
746.8750000000001 10 24
750 10 24
753.125 10 24
756.2500000000001 10 24
759.375 10 24
762.5000000000001 10 24
765.625 10 24
768.75 10 24
771.8750000000001 10 24
775 10 24
778.1250000000001 10 24
781.25 10 24
784.375 10 24
787.5000000000001 10 24
790.625 10 24
793.7500000000001 10 24
796.875 10 24
800 10 24
803.1250000000001 10 24
806.25 10 24
809.3750000000001 10 24
812.5 10 24
815.625 10 24
818.7500000000001 10 24
821.875 10 24
825.0000000000001 10 24
828.125 10 24
831.25 10 24
834.3750000000001 10 24
837.5 10 24
840.6250000000001 10 24
843.75 10 24
846.875 10 24
850.0000000000001 10 24
853.125 10 24
856.2500000000001 10 24
859.375 10 24
862.5 10 24
865.6250000000001 10 24
868.75 10 24
871.8750000000001 10 24
875 10 24
878.125 10 24
881.2500000000001 10 24
884.375 10 24
887.5000000000001 10 24
890.625 10 24
893.75 10 24
896.8750000000001 10 24
900 10 24
903.1250000000001 10 24
906.25 10 24
909.375 10 24
912.5000000000001 10 24
915.625 10 24
918.7500000000001 10 24
921.875 10 24
925 10 24
928.1250000000001 10 24
931.25 10 24
934.3750000000001 10 24
937.5 10 24
940.625 10 24
943.7500000000001 10 24
946.875 10 24
950.0000000000001 10 24
953.125 10 24
956.25 10 24
959.3750000000001 10 24
962.5 10 24
965.6250000000001 10 24
968.75 10 24
971.875 10 24
975.0000000000001 10 24
978.125 10 24
981.2500000000001 10 24
984.375 10 24
987.5 10 24
990.6250000000001 10 24
993.75 10 24
996.8750000000001 10 24
1.5625 10 24
4.6875 10 24
7.812500000000001 10 24
10.9375 10 24
14.0625 10 24
17.1875 10 24
20.3125 10 24
23.4375 10 24
26.5625 10 24
29.6875 10 24
32.8125 10 24
35.9375 10 24
39.0625 10 24
42.1875 10 24
45.3125 10 24
48.4375 10 24
51.5625 10 24
54.6875 10 24
57.8125 10 24
60.9375 10 24
64.0625 10 24
67.1875 10 24
70.3125 10 24
73.43750000000001 10 24
76.5625 10 24
79.6875 10 24
82.8125 10 24
85.9375 10 24
89.06250000000001 10 24
92.1875 10 24
95.3125 10 24
98.4375 10 24
101.5625 10 24
104.6875 10 24
107.8125 10 24
110.9375 10 24
114.0625 10 24
117.1875 10 24
120.3125 10 24
123.4375 10 24
126.5625 10 24
129.6875 10 24
132.8125 10 24
135.9375 10 24
139.0625 10 24
142.1875 10 24
145.3125 10 24
148.4375 10 24
151.5625 10 24
154.6875 10 24
157.8125 10 24
160.9375 10 24
164.0625 10 24
167.1875 10 24
170.3125 10 24
173.4375 10 24
176.5625 10 24
179.6875 10 24
182.8125 10 24
185.9375 10 24
189.0625 10 24
192.1875 10 24
195.3125 10 24
198.4375 10 24
201.5625 10 24
204.6875 10 24
207.8125 10 24
210.9375 10 24
214.0625 10 24
217.1875 10 24
220.3125 10 24
223.4375 10 24
226.5625 10 24
229.6875 10 24
232.8125 10 24
235.9375 10 24
239.0625 10 24
242.1875 10 24
245.3125 10 24
248.4375 10 24
251.5625 10 24
254.6875 10 24
257.8125 10 24
260.9375 10 24
264.0625 10 24
267.1875 10 24
270.3125 10 24
273.4375 10 24
276.5625 10 24
279.6875 10 24
282.8125 10 24
285.9375 10 24
289.0625 10 24
292.1875 10 24
295.3125 10 24
298.4375 10 24
301.5625000000001 10 24
304.6875 10 24
307.8125 10 24
310.9375 10 24
314.0625 10 24
317.1875000000001 10 24
320.3125 10 24
323.4375 10 24
326.5625 10 24
329.6875 10 24
332.8125000000001 10 24
335.9375 10 24
339.0625 10 24
342.1875 10 24
345.3125 10 24
348.4375000000001 10 24
351.5625 10 24
354.6875 10 24
357.8125 10 24
360.9375 10 24
364.0625000000001 10 24
367.1875 10 24
370.3125 10 24
373.4375 10 24
376.5625 10 24
379.6875000000001 10 24
382.8125 10 24
385.9375 10 24
389.0625 10 24
392.1875 10 24
395.3125000000001 10 24
398.4375 10 24
401.5625 10 24
404.6875 10 24
407.8125 10 24
410.9375000000001 10 24
414.0625 10 24
417.1875 10 24
420.3125 10 24
423.4375 10 24
426.5625000000001 10 24
429.6875 10 24
432.8125 10 24
435.9375 10 24
439.0625 10 24
442.1875000000001 10 24
445.3125 10 24
448.4375 10 24
451.5625 10 24
454.6875 10 24
457.8125000000001 10 24
460.9375 10 24
464.0625 10 24
467.1875 10 24
470.3125 10 24
473.4375000000001 10 24
476.5625 10 24
479.6875 10 24
482.8125 10 24
485.9375 10 24
489.0625000000001 10 24
492.1875 10 24
495.3125 10 24
498.4375 10 24
501.5625 10 24
504.6875 10 24
507.8125 10 24
510.9375000000001 10 24
514.0625 10 24
517.1875 10 24
520.3125 10 24
523.4375 10 24
526.5625 10 24
529.6875 10 24
532.8125 10 24
535.9375 10 24
539.0625 10 24
542.1875 10 24
545.3125 10 24
548.4375 10 24
551.5625 10 24
554.6875 10 24
557.8125 10 24
560.9375 10 24
564.0625 10 24
567.1875 10 24
570.3125 10 24
573.4375 10 24
576.5625 10 24
579.6875 10 24
582.8125 10 24
585.9375 10 24
589.0625 10 24
592.1875 10 24
595.3125 10 24
598.4375 10 24
601.5625 10 24
604.6875 10 24
607.8125 10 24
610.9375 10 24
614.0625 10 24
617.1875 10 24
620.3125 10 24
623.4375 10 24
626.5625 10 24
629.6875 10 24
632.8125 10 24
635.9375 10 24
639.0625 10 24
642.1875 10 24
645.3125 10 24
648.4375 10 24
651.5625 10 24
654.6875 10 24
657.8125 10 24
660.9375 10 24
664.0625 10 24
667.1875 10 24
670.3125 10 24
673.4375 10 24
676.5625 10 24
679.6875 10 24
682.8125 10 24
685.9375 10 24
689.0625 10 24
692.1875 10 24
695.3125 10 24
698.4375 10 24
701.5625 10 24
704.6875 10 24
707.8125 10 24
710.9375 10 24
714.0625 10 24
717.1875 10 24
720.3125 10 24
723.4375 10 24
726.5625 10 24
729.6875 10 24
732.8125 10 24
735.9375 10 24
739.0625 10 24
742.1875 10 24
745.3125 10 24
748.4375 10 24
751.5625 10 24
754.6875 10 24
757.8125 10 24
760.9375 10 24
764.0625 10 24
767.1875 10 24
770.3125 10 24
773.4375 10 24
776.5625 10 24
779.6875 10 24
782.8125 10 24
785.9375 10 24
789.0625 10 24
792.1875 10 24
795.3125 10 24
798.4375 10 24
801.5625 10 24
804.6875 10 24
807.8125 10 24
810.9375 10 24
814.0625 10 24
817.1875 10 24
820.3125 10 24
823.4375 10 24
826.5625 10 24
829.6875 10 24
832.8125 10 24
835.9375 10 24
839.0625 10 24
842.1875 10 24
845.3125 10 24
848.4375 10 24
851.5625 10 24
854.6875 10 24
857.8125 10 24
860.9375 10 24
864.0625 10 24
867.1875 10 24
870.3125 10 24
873.4375 10 24
876.5625 10 24
879.6875 10 24
882.8125 10 24
885.9375 10 24
889.0625 10 24
892.1875 10 24
895.3125 10 24
898.4375 10 24
901.5625 10 24
904.6875 10 24
907.8125 10 24
910.9375 10 24
914.0625 10 24
917.1875 10 24
920.3125 10 24
923.4375 10 24
926.5625 10 24
929.6875 10 24
932.8125 10 24
935.9375 10 24
939.0625 10 24
942.1875 10 24
945.3125 10 24
948.4375 10 24
951.5625 10 24
954.6875 10 24
957.8125 10 24
960.9375 10 24
964.0625 10 24
967.1875 10 24
970.3125 10 24
973.4375 10 24
976.5625 10 24
979.6875 10 24
982.8125 10 24
985.9375 10 24
989.0625 10 24
992.1875 10 24
995.3125 10 24
998.4375 10 24
2 1 0 9
2589
2590
2591
2592
2593
2594
2595
2596
2597
0 5 12
0 2.5 12
0 5 6
0 2.5 6
0 7.5 12
0 7.5 6
0 5 18
0 2.5 18
0 7.5 18
2 2 0 9
2598
2599
2600
2601
2602
2603
2604
2605
2606
1000 5 12
1000 5 6
1000 2.5 12
1000 2.5 6
1000 7.5 12
1000 7.5 6
1000 5 18
1000 2.5 18
1000 7.5 18
2 3 0 1917
2607
2608
2609
2610
2611
2612
2613
2614
2615
2616
2617
2618
2619
2620
2621
2622
2623
2624
2625
2626
2627
2628
2629
2630
2631
2632
2633
2634
2635
2636
2637
2638
2639
2640
2641
2642
2643
2644
2645
2646
2647
2648
2649
2650
2651
2652
2653
2654
2655
2656
2657
2658
2659
2660
2661
2662
2663
2664
2665
2666
2667
2668
2669
2670
2671
2672
2673
2674
2675
2676
2677
2678
2679
2680
2681
2682
2683
2684
2685
2686
2687
2688
2689
2690
2691
2692
2693
2694
2695
2696
2697
2698
2699
2700
2701
2702
2703
2704
2705
2706
2707
2708
2709
2710
2711
2712
2713
2714
2715
2716
2717
2718
2719
2720
2721
2722
2723
2724
2725
2726
2727
2728
2729
2730
2731
2732
2733
2734
2735
2736
2737
2738
2739
2740
2741
2742
2743
2744
2745
2746
2747
2748
2749
2750
2751
2752
2753
2754
2755
2756
2757
2758
2759
2760
2761
2762
2763
2764
2765
2766
2767
2768
2769
2770
2771
2772
2773
2774
2775
2776
2777
2778
2779
2780
2781
2782
2783
2784
2785
2786
2787
2788
2789
2790
2791
2792
2793
2794
2795
2796
2797
2798
2799
2800
2801
2802
2803
2804
2805
2806
2807
2808
2809
2810
2811
2812
2813
2814
2815
2816
2817
2818
2819
2820
2821
2822
2823
2824
2825
2826
2827
2828
2829
2830
2831
2832
2833
2834
2835
2836
2837
2838
2839
2840
2841
2842
2843
2844
2845
2846
2847
2848
2849
2850
2851
2852
2853
2854
2855
2856
2857
2858
2859
2860
2861
2862
2863
2864
2865
2866
2867
2868
2869
2870
2871
2872
2873
2874
2875
2876
2877
2878
2879
2880
2881
2882
2883
2884
2885
2886
2887
2888
2889
2890
2891
2892
2893
2894
2895
2896
2897
2898
2899
2900
2901
2902
2903
2904
2905
2906
2907
2908
2909
2910
2911
2912
2913
2914
2915
2916
2917
2918
2919
2920
2921
2922
2923
2924
2925
2926
2927
2928
2929
2930
2931
2932
2933
2934
2935
2936
2937
2938
2939
2940
2941
2942
2943
2944
2945
2946
2947
2948
2949
2950
2951
2952
2953
2954
2955
2956
2957
2958
2959
2960
2961
2962
2963
2964
2965
2966
2967
2968
2969
2970
2971
2972
2973
2974
2975
2976
2977
2978
2979
2980
2981
2982
2983
2984
2985
2986
2987
2988
2989
2990
2991
2992
2993
2994
2995
2996
2997
2998
2999
3000
3001
3002
3003
3004
3005
3006
3007
3008
3009
3010
3011
3012
3013
3014
3015
3016
3017
3018
3019
3020
3021
3022
3023
3024
3025
3026
3027
3028
3029
3030
3031
3032
3033
3034
3035
3036
3037
3038
3039
3040
3041
3042
3043
3044
3045
3046
3047
3048
3049
3050
3051
3052
3053
3054
3055
3056
3057
3058
3059
3060
3061
3062
3063
3064
3065
3066
3067
3068
3069
3070
3071
3072
3073
3074
3075
3076
3077
3078
3079
3080
3081
3082
3083
3084
3085
3086
3087
3088
3089
3090
3091
3092
3093
3094
3095
3096
3097
3098
3099
3100
3101
3102
3103
3104
3105
3106
3107
3108
3109
3110
3111
3112
3113
3114
3115
3116
3117
3118
3119
3120
3121
3122
3123
3124
3125
3126
3127
3128
3129
3130
3131
3132
3133
3134
3135
3136
3137
3138
3139
3140
3141
3142
3143
3144
3145
3146
3147
3148
3149
3150
3151
3152
3153
3154
3155
3156
3157
3158
3159
3160
3161
3162
3163
3164
3165
3166
3167
3168
3169
3170
3171
3172
3173
3174
3175
3176
3177
3178
3179
3180
3181
3182
3183
3184
3185
3186
3187
3188
3189
3190
3191
3192
3193
3194
3195
3196
3197
3198
3199
3200
3201
3202
3203
3204
3205
3206
3207
3208
3209
3210
3211
3212
3213
3214
3215
3216
3217
3218
3219
3220
3221
3222
3223
3224
3225
3226
3227
3228
3229
3230
3231
3232
3233
3234
3235
3236
3237
3238
3239
3240
3241
3242
3243
3244
3245
3246
3247
3248
3249
3250
3251
3252
3253
3254
3255
3256
3257
3258
3259
3260
3261
3262
3263
3264
3265
3266
3267
3268
3269
3270
3271
3272
3273
3274
3275
3276
3277
3278
3279
3280
3281
3282
3283
3284
3285
3286
3287
3288
3289
3290
3291
3292
3293
3294
3295
3296
3297
3298
3299
3300
3301
3302
3303
3304
3305
3306
3307
3308
3309
3310
3311
3312
3313
3314
3315
3316
3317
3318
3319
3320
3321
3322
3323
3324
3325
3326
3327
3328
3329
3330
3331
3332
3333
3334
3335
3336
3337
3338
3339
3340
3341
3342
3343
3344
3345
3346
3347
3348
3349
3350
3351
3352
3353
3354
3355
3356
3357
3358
3359
3360
3361
3362
3363
3364
3365
3366
3367
3368
3369
3370
3371
3372
3373
3374
3375
3376
3377
3378
3379
3380
3381
3382
3383
3384
3385
3386
3387
3388
3389
3390
3391
3392
3393
3394
3395
3396
3397
3398
3399
3400
3401
3402
3403
3404
3405
3406
3407
3408
3409
3410
3411
3412
3413
3414
3415
3416
3417
3418
3419
3420
3421
3422
3423
3424
3425
3426
3427
3428
3429
3430
3431
3432
3433
3434
3435
3436
3437
3438
3439
3440
3441
3442
3443
3444
3445
3446
3447
3448
3449
3450
3451
3452
3453
3454
3455
3456
3457
3458
3459
3460
3461
3462
3463
3464
3465
3466
3467
3468
3469
3470
3471
3472
3473
3474
3475
3476
3477
3478
3479
3480
3481
3482
3483
3484
3485
3486
3487
3488
3489
3490
3491
3492
3493
3494
3495
3496
3497
3498
3499
3500
3501
3502
3503
3504
3505
3506
3507
3508
3509
3510
3511
3512
3513
3514
3515
3516
3517
3518
3519
3520
3521
3522
3523
3524
3525
3526
3527
3528
3529
3530
3531
3532
3533
3534
3535
3536
3537
3538
3539
3540
3541
3542
3543
3544
3545
3546
3547
3548
3549
3550
3551
3552
3553
3554
3555
3556
3557
3558
3559
3560
3561
3562
3563
3564
3565
3566
3567
3568
3569
3570
3571
3572
3573
3574
3575
3576
3577
3578
3579
3580
3581
3582
3583
3584
3585
3586
3587
3588
3589
3590
3591
3592
3593
3594
3595
3596
3597
3598
3599
3600
3601
3602
3603
3604
3605
3606
3607
3608
3609
3610
3611
3612
3613
3614
3615
3616
3617
3618
3619
3620
3621
3622
3623
3624
3625
3626
3627
3628
3629
3630
3631
3632
3633
3634
3635
3636
3637
3638
3639
3640
3641
3642
3643
3644
3645
3646
3647
3648
3649
3650
3651
3652
3653
3654
3655
3656
3657
3658
3659
3660
3661
3662
3663
3664
3665
3666
3667
3668
3669
3670
3671
3672
3673
3674
3675
3676
3677
3678
3679
3680
3681
3682
3683
3684
3685
3686
3687
3688
3689
3690
3691
3692
3693
3694
3695
3696
3697
3698
3699
3700
3701
3702
3703
3704
3705
3706
3707
3708
3709
3710
3711
3712
3713
3714
3715
3716
3717
3718
3719
3720
3721
3722
3723
3724
3725
3726
3727
3728
3729
3730
3731
3732
3733
3734
3735
3736
3737
3738
3739
3740
3741
3742
3743
3744
3745
3746
3747
3748
3749
3750
3751
3752
3753
3754
3755
3756
3757
3758
3759
3760
3761
3762
3763
3764
3765
3766
3767
3768
3769
3770
3771
3772
3773
3774
3775
3776
3777
3778
3779
3780
3781
3782
3783
3784
3785
3786
3787
3788
3789
3790
3791
3792
3793
3794
3795
3796
3797
3798
3799
3800
3801
3802
3803
3804
3805
3806
3807
3808
3809
3810
3811
3812
3813
3814
3815
3816
3817
3818
3819
3820
3821
3822
3823
3824
3825
3826
3827
3828
3829
3830
3831
3832
3833
3834
3835
3836
3837
3838
3839
3840
3841
3842
3843
3844
3845
3846
3847
3848
3849
3850
3851
3852
3853
3854
3855
3856
3857
3858
3859
3860
3861
3862
3863
3864
3865
3866
3867
3868
3869
3870
3871
3872
3873
3874
3875
3876
3877
3878
3879
3880
3881
3882
3883
3884
3885
3886
3887
3888
3889
3890
3891
3892
3893
3894
3895
3896
3897
3898
3899
3900
3901
3902
3903
3904
3905
3906
3907
3908
3909
3910
3911
3912
3913
3914
3915
3916
3917
3918
3919
3920
3921
3922
3923
3924
3925
3926
3927
3928
3929
3930
3931
3932
3933
3934
3935
3936
3937
3938
3939
3940
3941
3942
3943
3944
3945
3946
3947
3948
3949
3950
3951
3952
3953
3954
3955
3956
3957
3958
3959
3960
3961
3962
3963
3964
3965
3966
3967
3968
3969
3970
3971
3972
3973
3974
3975
3976
3977
3978
3979
3980
3981
3982
3983
3984
3985
3986
3987
3988
3989
3990
3991
3992
3993
3994
3995
3996
3997
3998
3999
4000
4001
4002
4003
4004
4005
4006
4007
4008
4009
4010
4011
4012
4013
4014
4015
4016
4017
4018
4019
4020
4021
4022
4023
4024
4025
4026
4027
4028
4029
4030
4031
4032
4033
4034
4035
4036
4037
4038
4039
4040
4041
4042
4043
4044
4045
4046
4047
4048
4049
4050
4051
4052
4053
4054
4055
4056
4057
4058
4059
4060
4061
4062
4063
4064
4065
4066
4067
4068
4069
4070
4071
4072
4073
4074
4075
4076
4077
4078
4079
4080
4081
4082
4083
4084
4085
4086
4087
4088
4089
4090
4091
4092
4093
4094
4095
4096
4097
4098
4099
4100
4101
4102
4103
4104
4105
4106
4107
4108
4109
4110
4111
4112
4113
4114
4115
4116
4117
4118
4119
4120
4121
4122
4123
4124
4125
4126
4127
4128
4129
4130
4131
4132
4133
4134
4135
4136
4137
4138
4139
4140
4141
4142
4143
4144
4145
4146
4147
4148
4149
4150
4151
4152
4153
4154
4155
4156
4157
4158
4159
4160
4161
4162
4163
4164
4165
4166
4167
4168
4169
4170
4171
4172
4173
4174
4175
4176
4177
4178
4179
4180
4181
4182
4183
4184
4185
4186
4187
4188
4189
4190
4191
4192
4193
4194
4195
4196
4197
4198
4199
4200
4201
4202
4203
4204
4205
4206
4207
4208
4209
4210
4211
4212
4213
4214
4215
4216
4217
4218
4219
4220
4221
4222
4223
4224
4225
4226
4227
4228
4229
4230
4231
4232
4233
4234
4235
4236
4237
4238
4239
4240
4241
4242
4243
4244
4245
4246
4247
4248
4249
4250
4251
4252
4253
4254
4255
4256
4257
4258
4259
4260
4261
4262
4263
4264
4265
4266
4267
4268
4269
4270
4271
4272
4273
4274
4275
4276
4277
4278
4279
4280
4281
4282
4283
4284
4285
4286
4287
4288
4289
4290
4291
4292
4293
4294
4295
4296
4297
4298
4299
4300
4301
4302
4303
4304
4305
4306
4307
4308
4309
4310
4311
4312
4313
4314
4315
4316
4317
4318
4319
4320
4321
4322
4323
4324
4325
4326
4327
4328
4329
4330
4331
4332
4333
4334
4335
4336
4337
4338
4339
4340
4341
4342
4343
4344
4345
4346
4347
4348
4349
4350
4351
4352
4353
4354
4355
4356
4357
4358
4359
4360
4361
4362
4363
4364
4365
4366
4367
4368
4369
4370
4371
4372
4373
4374
4375
4376
4377
4378
4379
4380
4381
4382
4383
4384
4385
4386
4387
4388
4389
4390
4391
4392
4393
4394
4395
4396
4397
4398
4399
4400
4401
4402
4403
4404
4405
4406
4407
4408
4409
4410
4411
4412
4413
4414
4415
4416
4417
4418
4419
4420
4421
4422
4423
4424
4425
4426
4427
4428
4429
4430
4431
4432
4433
4434
4435
4436
4437
4438
4439
4440
4441
4442
4443
4444
4445
4446
4447
4448
4449
4450
4451
4452
4453
4454
4455
4456
4457
4458
4459
4460
4461
4462
4463
4464
4465
4466
4467
4468
4469
4470
4471
4472
4473
4474
4475
4476
4477
4478
4479
4480
4481
4482
4483
4484
4485
4486
4487
4488
4489
4490
4491
4492
4493
4494
4495
4496
4497
4498
4499
4500
4501
4502
4503
4504
4505
4506
4507
4508
4509
4510
4511
4512
4513
4514
4515
4516
4517
4518
4519
4520
4521
4522
4523
3.125 0 12
6.25 0 12
9.375000000000002 0 12
12.5 0 12
15.625 0 12
18.75 0 12
21.875 0 12
25 0 12
28.125 0 12
31.25 0 12
34.375 0 12
37.50000000000001 0 12
40.625 0 12
43.75000000000001 0 12
46.875 0 12
50 0 12
53.12500000000001 0 12
56.25 0 12
59.37500000000001 0 12
62.5 0 12
65.625 0 12
68.75 0 12
71.87500000000001 0 12
75.00000000000001 0 12
78.125 0 12
81.25 0 12
84.375 0 12
87.50000000000001 0 12
90.62500000000001 0 12
93.75 0 12
96.875 0 12
100 0 12
103.125 0 12
106.25 0 12
109.375 0 12
112.5 0 12
115.625 0 12
118.75 0 12
121.875 0 12
125 0 12
128.125 0 12
131.25 0 12
134.375 0 12
137.5 0 12
140.625 0 12
143.75 0 12
146.875 0 12
150 0 12
153.125 0 12
156.25 0 12
159.375 0 12
162.5 0 12
165.625 0 12
168.75 0 12
171.875 0 12
175 0 12
178.125 0 12
181.25 0 12
184.375 0 12
187.5 0 12
190.625 0 12
193.75 0 12
196.875 0 12
200 0 12
203.125 0 12
206.25 0 12
209.375 0 12
212.5 0 12
215.625 0 12
218.75 0 12
221.875 0 12
225 0 12
228.125 0 12
231.25 0 12
234.375 0 12
237.5 0 12
240.625 0 12
243.75 0 12
246.875 0 12
250 0 12
253.125 0 12
256.2500000000001 0 12
259.375 0 12
262.5 0 12
265.625 0 12
268.75 0 12
271.8750000000001 0 12
275 0 12
278.125 0 12
281.25 0 12
284.375 0 12
287.5000000000001 0 12
290.625 0 12
293.75 0 12
296.875 0 12
300.0000000000001 0 12
303.1250000000001 0 12
306.25 0 12
309.375 0 12
312.5 0 12
315.6250000000001 0 12
318.7500000000001 0 12
321.875 0 12
325 0 12
328.125 0 12
331.2500000000001 0 12
334.3750000000001 0 12
337.5 0 12
340.625 0 12
343.75 0 12
346.8750000000001 0 12
350.0000000000001 0 12
353.125 0 12
356.25 0 12
359.375 0 12
362.5000000000001 0 12
365.6250000000001 0 12
368.75 0 12
371.875 0 12
375 0 12
378.1250000000001 0 12
381.2500000000001 0 12
384.375 0 12
387.5 0 12
390.625 0 12
393.7500000000001 0 12
396.8750000000001 0 12
400 0 12
403.125 0 12
406.25 0 12
409.3750000000001 0 12
412.5000000000001 0 12
415.625 0 12
418.75 0 12
421.875 0 12
425.0000000000001 0 12
428.1250000000001 0 12
431.25 0 12
434.375 0 12
437.5 0 12
440.6250000000001 0 12
443.7500000000001 0 12
446.875 0 12
450 0 12
453.125 0 12
456.2500000000001 0 12
459.3750000000001 0 12
462.5 0 12
465.625 0 12
468.75 0 12
471.8750000000001 0 12
475.0000000000001 0 12
478.125 0 12
481.25 0 12
484.375 0 12
487.5000000000001 0 12
490.6250000000001 0 12
493.75 0 12
496.875 0 12
500 0 12
503.1250000000001 0 12
506.25 0 12
509.375 0 12
512.5000000000001 0 12
515.625 0 12
518.75 0 12
521.875 0 12
525 0 12
528.1250000000001 0 12
531.25 0 12
534.375 0 12
537.5 0 12
540.625 0 12
543.7500000000001 0 12
546.875 0 12
550 0 12
553.125 0 12
556.25 0 12
559.3750000000001 0 12
562.5 0 12
565.625 0 12
568.75 0 12
571.875 0 12
575.0000000000001 0 12
578.125 0 12
581.25 0 12
584.375 0 12
587.5 0 12
590.6250000000001 0 12
593.75 0 12
596.875 0 12
600.0000000000001 0 12
603.125 0 12
606.2500000000001 0 12
609.375 0 12
612.5 0 12
615.6250000000001 0 12
618.75 0 12
621.8750000000001 0 12
625 0 12
628.125 0 12
631.2500000000001 0 12
634.375 0 12
637.5000000000001 0 12
640.625 0 12
643.75 0 12
646.8750000000001 0 12
650 0 12
653.1250000000001 0 12
656.25 0 12
659.375 0 12
662.5000000000001 0 12
665.625 0 12
668.7500000000001 0 12
671.875 0 12
675 0 12
678.1250000000001 0 12
681.25 0 12
684.3750000000001 0 12
687.5 0 12
690.625 0 12
693.7500000000001 0 12
696.875 0 12
700.0000000000001 0 12
703.125 0 12
706.25 0 12
709.3750000000001 0 12
712.5 0 12
715.6250000000001 0 12
718.75 0 12
721.875 0 12
725.0000000000001 0 12
728.125 0 12
731.2500000000001 0 12
734.375 0 12
737.5 0 12
740.6250000000001 0 12
743.75 0 12
746.8750000000001 0 12
750 0 12
753.125 0 12
756.2500000000001 0 12
759.375 0 12
762.5000000000001 0 12
765.625 0 12
768.75 0 12
771.8750000000001 0 12
775 0 12
778.1250000000001 0 12
781.25 0 12
784.375 0 12
787.5000000000001 0 12
790.625 0 12
793.7500000000001 0 12
796.875 0 12
800 0 12
803.1250000000001 0 12
806.25 0 12
809.3750000000001 0 12
812.5 0 12
815.625 0 12
818.7500000000001 0 12
821.875 0 12
825.0000000000001 0 12
828.125 0 12
831.25 0 12
834.3750000000001 0 12
837.5 0 12
840.6250000000001 0 12
843.75 0 12
846.875 0 12
850.0000000000001 0 12
853.125 0 12
856.2500000000001 0 12
859.375 0 12
862.5 0 12
865.6250000000001 0 12
868.75 0 12
871.8750000000001 0 12
875 0 12
878.125 0 12
881.2500000000001 0 12
884.375 0 12
887.5000000000001 0 12
890.625 0 12
893.75 0 12
896.8750000000001 0 12
900 0 12
903.1250000000001 0 12
906.25 0 12
909.375 0 12
912.5000000000001 0 12
915.625 0 12
918.7500000000001 0 12
921.875 0 12
925 0 12
928.1250000000001 0 12
931.25 0 12
934.3750000000001 0 12
937.5 0 12
940.625 0 12
943.7500000000001 0 12
946.875 0 12
950.0000000000001 0 12
953.125 0 12
956.25 0 12
959.3750000000001 0 12
962.5 0 12
965.6250000000001 0 12
968.75 0 12
971.875 0 12
975.0000000000001 0 12
978.125 0 12
981.2500000000001 0 12
984.375 0 12
987.5 0 12
990.6250000000001 0 12
993.75 0 12
996.8750000000001 0 12
3.125 0 6
1.5625 0 12
1.5625 0 6
3.125 0 18
1.5625 0 18
6.25 0 6
4.6875 0 12
4.6875 0 6
6.25 0 18
4.6875 0 18
9.375000000000002 0 6
7.812500000000001 0 12
7.812500000000001 0 6
9.375000000000002 0 18
7.812500000000001 0 18
12.5 0 6
10.9375 0 12
10.9375 0 6
12.5 0 18
10.9375 0 18
15.625 0 6
14.0625 0 12
14.0625 0 6
15.625 0 18
14.0625 0 18
18.75 0 6
17.1875 0 12
17.1875 0 6
18.75 0 18
17.1875 0 18
21.875 0 6
20.3125 0 12
20.3125 0 6
21.875 0 18
20.3125 0 18
25 0 6
23.4375 0 12
23.4375 0 6
25 0 18
23.4375 0 18
28.125 0 6
26.5625 0 12
26.5625 0 6
28.125 0 18
26.5625 0 18
31.25 0 6
29.6875 0 12
29.6875 0 6
31.25 0 18
29.6875 0 18
34.375 0 6
32.8125 0 12
32.8125 0 6
34.375 0 18
32.8125 0 18
37.50000000000001 0 6
35.9375 0 12
35.9375 0 6
37.50000000000001 0 18
35.9375 0 18
40.625 0 6
39.0625 0 12
39.0625 0 6
40.625 0 18
39.0625 0 18
43.75000000000001 0 6
42.1875 0 12
42.1875 0 6
43.75000000000001 0 18
42.1875 0 18
46.875 0 6
45.3125 0 12
45.3125 0 6
46.875 0 18
45.3125 0 18
50 0 6
48.4375 0 12
48.4375 0 6
50 0 18
48.4375 0 18
53.12500000000001 0 6
51.5625 0 12
51.5625 0 6
53.12500000000001 0 18
51.5625 0 18
56.25 0 6
54.6875 0 12
54.6875 0 6
56.25 0 18
54.6875 0 18
59.37500000000001 0 6
57.8125 0 12
57.8125 0 6
59.37500000000001 0 18
57.8125 0 18
62.5 0 6
60.9375 0 12
60.9375 0 6
62.5 0 18
60.9375 0 18
65.625 0 6
64.0625 0 12
64.0625 0 6
65.625 0 18
64.0625 0 18
68.75 0 6
67.1875 0 12
67.1875 0 6
68.75 0 18
67.1875 0 18
71.87500000000001 0 6
70.3125 0 12
70.3125 0 6
71.87500000000001 0 18
70.3125 0 18
75.00000000000001 0 6
73.43750000000001 0 12
73.43750000000001 0 6
75.00000000000001 0 18
73.43750000000001 0 18
78.125 0 6
76.5625 0 12
76.5625 0 6
78.125 0 18
76.5625 0 18
81.25 0 6
79.6875 0 12
79.6875 0 6
81.25 0 18
79.6875 0 18
84.375 0 6
82.8125 0 12
82.8125 0 6
84.375 0 18
82.8125 0 18
87.50000000000001 0 6
85.9375 0 12
85.9375 0 6
87.50000000000001 0 18
85.9375 0 18
90.62500000000001 0 6
89.06250000000001 0 12
89.06250000000001 0 6
90.62500000000001 0 18
89.06250000000001 0 18
93.75 0 6
92.1875 0 12
92.1875 0 6
93.75 0 18
92.1875 0 18
96.875 0 6
95.3125 0 12
95.3125 0 6
96.875 0 18
95.3125 0 18
100 0 6
98.4375 0 12
98.4375 0 6
100 0 18
98.4375 0 18
103.125 0 6
101.5625 0 12
101.5625 0 6
103.125 0 18
101.5625 0 18
106.25 0 6
104.6875 0 12
104.6875 0 6
106.25 0 18
104.6875 0 18
109.375 0 6
107.8125 0 12
107.8125 0 6
109.375 0 18
107.8125 0 18
112.5 0 6
110.9375 0 12
110.9375 0 6
112.5 0 18
110.9375 0 18
115.625 0 6
114.0625 0 12
114.0625 0 6
115.625 0 18
114.0625 0 18
118.75 0 6
117.1875 0 12
117.1875 0 6
118.75 0 18
117.1875 0 18
121.875 0 6
120.3125 0 12
120.3125 0 6
121.875 0 18
120.3125 0 18
125 0 6
123.4375 0 12
123.4375 0 6
125 0 18
123.4375 0 18
128.125 0 6
126.5625 0 12
126.5625 0 6
128.125 0 18
126.5625 0 18
131.25 0 6
129.6875 0 12
129.6875 0 6
131.25 0 18
129.6875 0 18
134.375 0 6
132.8125 0 12
132.8125 0 6
134.375 0 18
132.8125 0 18
137.5 0 6
135.9375 0 12
135.9375 0 6
137.5 0 18
135.9375 0 18
140.625 0 6
139.0625 0 12
139.0625 0 6
140.625 0 18
139.0625 0 18
143.75 0 6
142.1875 0 12
142.1875 0 6
143.75 0 18
142.1875 0 18
146.875 0 6
145.3125 0 12
145.3125 0 6
146.875 0 18
145.3125 0 18
150 0 6
148.4375 0 12
148.4375 0 6
150 0 18
148.4375 0 18
153.125 0 6
151.5625 0 12
151.5625 0 6
153.125 0 18
151.5625 0 18
156.25 0 6
154.6875 0 12
154.6875 0 6
156.25 0 18
154.6875 0 18
159.375 0 6
157.8125 0 12
157.8125 0 6
159.375 0 18
157.8125 0 18
162.5 0 6
160.9375 0 12
160.9375 0 6
162.5 0 18
160.9375 0 18
165.625 0 6
164.0625 0 12
164.0625 0 6
165.625 0 18
164.0625 0 18
168.75 0 6
167.1875 0 12
167.1875 0 6
168.75 0 18
167.1875 0 18
171.875 0 6
170.3125 0 12
170.3125 0 6
171.875 0 18
170.3125 0 18
175 0 6
173.4375 0 12
173.4375 0 6
175 0 18
173.4375 0 18
178.125 0 6
176.5625 0 12
176.5625 0 6
178.125 0 18
176.5625 0 18
181.25 0 6
179.6875 0 12
179.6875 0 6
181.25 0 18
179.6875 0 18
184.375 0 6
182.8125 0 12
182.8125 0 6
184.375 0 18
182.8125 0 18
187.5 0 6
185.9375 0 12
185.9375 0 6
187.5 0 18
185.9375 0 18
190.625 0 6
189.0625 0 12
189.0625 0 6
190.625 0 18
189.0625 0 18
193.75 0 6
192.1875 0 12
192.1875 0 6
193.75 0 18
192.1875 0 18
196.875 0 6
195.3125 0 12
195.3125 0 6
196.875 0 18
195.3125 0 18
200 0 6
198.4375 0 12
198.4375 0 6
200 0 18
198.4375 0 18
203.125 0 6
201.5625 0 12
201.5625 0 6
203.125 0 18
201.5625 0 18
206.25 0 6
204.6875 0 12
204.6875 0 6
206.25 0 18
204.6875 0 18
209.375 0 6
207.8125 0 12
207.8125 0 6
209.375 0 18
207.8125 0 18
212.5 0 6
210.9375 0 12
210.9375 0 6
212.5 0 18
210.9375 0 18
215.625 0 6
214.0625 0 12
214.0625 0 6
215.625 0 18
214.0625 0 18
218.75 0 6
217.1875 0 12
217.1875 0 6
218.75 0 18
217.1875 0 18
221.875 0 6
220.3125 0 12
220.3125 0 6
221.875 0 18
220.3125 0 18
225 0 6
223.4375 0 12
223.4375 0 6
225 0 18
223.4375 0 18
228.125 0 6
226.5625 0 12
226.5625 0 6
228.125 0 18
226.5625 0 18
231.25 0 6
229.6875 0 12
229.6875 0 6
231.25 0 18
229.6875 0 18
234.375 0 6
232.8125 0 12
232.8125 0 6
234.375 0 18
232.8125 0 18
237.5 0 6
235.9375 0 12
235.9375 0 6
237.5 0 18
235.9375 0 18
240.625 0 6
239.0625 0 12
239.0625 0 6
240.625 0 18
239.0625 0 18
243.75 0 6
242.1875 0 12
242.1875 0 6
243.75 0 18
242.1875 0 18
246.875 0 6
245.3125 0 12
245.3125 0 6
246.875 0 18
245.3125 0 18
250 0 6
248.4375 0 12
248.4375 0 6
250 0 18
248.4375 0 18
253.125 0 6
251.5625 0 12
251.5625 0 6
253.125 0 18
251.5625 0 18
256.2500000000001 0 6
254.6875 0 12
254.6875 0 6
256.2500000000001 0 18
254.6875 0 18
259.375 0 6
257.8125 0 12
257.8125 0 6
259.375 0 18
257.8125 0 18
262.5 0 6
260.9375 0 12
260.9375 0 6
262.5 0 18
260.9375 0 18
265.625 0 6
264.0625 0 12
264.0625 0 6
265.625 0 18
264.0625 0 18
268.75 0 6
267.1875 0 12
267.1875 0 6
268.75 0 18
267.1875 0 18
271.8750000000001 0 6
270.3125 0 12
270.3125 0 6
271.8750000000001 0 18
270.3125 0 18
275 0 6
273.4375 0 12
273.4375 0 6
275 0 18
273.4375 0 18
278.125 0 6
276.5625 0 12
276.5625 0 6
278.125 0 18
276.5625 0 18
281.25 0 6
279.6875 0 12
279.6875 0 6
281.25 0 18
279.6875 0 18
284.375 0 6
282.8125 0 12
282.8125 0 6
284.375 0 18
282.8125 0 18
287.5000000000001 0 6
285.9375 0 12
285.9375 0 6
287.5000000000001 0 18
285.9375 0 18
290.625 0 6
289.0625 0 12
289.0625 0 6
290.625 0 18
289.0625 0 18
293.75 0 6
292.1875 0 12
292.1875 0 6
293.75 0 18
292.1875 0 18
296.875 0 6
295.3125 0 12
295.3125 0 6
296.875 0 18
295.3125 0 18
300.0000000000001 0 6
298.4375 0 12
298.4375 0 6
300.0000000000001 0 18
298.4375 0 18
303.1250000000001 0 6
301.5625000000001 0 12
301.5625000000001 0 6
303.1250000000001 0 18
301.5625000000001 0 18
306.25 0 6
304.6875 0 12
304.6875 0 6
306.25 0 18
304.6875 0 18
309.375 0 6
307.8125 0 12
307.8125 0 6
309.375 0 18
307.8125 0 18
312.5 0 6
310.9375 0 12
310.9375 0 6
312.5 0 18
310.9375 0 18
315.6250000000001 0 6
314.0625 0 12
314.0625 0 6
315.6250000000001 0 18
314.0625 0 18
318.7500000000001 0 6
317.1875000000001 0 12
317.1875000000001 0 6
318.7500000000001 0 18
317.1875000000001 0 18
321.875 0 6
320.3125 0 12
320.3125 0 6
321.875 0 18
320.3125 0 18
325 0 6
323.4375 0 12
323.4375 0 6
325 0 18
323.4375 0 18
328.125 0 6
326.5625 0 12
326.5625 0 6
328.125 0 18
326.5625 0 18
331.2500000000001 0 6
329.6875 0 12
329.6875 0 6
331.2500000000001 0 18
329.6875 0 18
334.3750000000001 0 6
332.8125000000001 0 12
332.8125000000001 0 6
334.3750000000001 0 18
332.8125000000001 0 18
337.5 0 6
335.9375 0 12
335.9375 0 6
337.5 0 18
335.9375 0 18
340.625 0 6
339.0625 0 12
339.0625 0 6
340.625 0 18
339.0625 0 18
343.75 0 6
342.1875 0 12
342.1875 0 6
343.75 0 18
342.1875 0 18
346.8750000000001 0 6
345.3125 0 12
345.3125 0 6
346.8750000000001 0 18
345.3125 0 18
350.0000000000001 0 6
348.4375000000001 0 12
348.4375000000001 0 6
350.0000000000001 0 18
348.4375000000001 0 18
353.125 0 6
351.5625 0 12
351.5625 0 6
353.125 0 18
351.5625 0 18
356.25 0 6
354.6875 0 12
354.6875 0 6
356.25 0 18
354.6875 0 18
359.375 0 6
357.8125 0 12
357.8125 0 6
359.375 0 18
357.8125 0 18
362.5000000000001 0 6
360.9375 0 12
360.9375 0 6
362.5000000000001 0 18
360.9375 0 18
365.6250000000001 0 6
364.0625000000001 0 12
364.0625000000001 0 6
365.6250000000001 0 18
364.0625000000001 0 18
368.75 0 6
367.1875 0 12
367.1875 0 6
368.75 0 18
367.1875 0 18
371.875 0 6
370.3125 0 12
370.3125 0 6
371.875 0 18
370.3125 0 18
375 0 6
373.4375 0 12
373.4375 0 6
375 0 18
373.4375 0 18
378.1250000000001 0 6
376.5625 0 12
376.5625 0 6
378.1250000000001 0 18
376.5625 0 18
381.2500000000001 0 6
379.6875000000001 0 12
379.6875000000001 0 6
381.2500000000001 0 18
379.6875000000001 0 18
384.375 0 6
382.8125 0 12
382.8125 0 6
384.375 0 18
382.8125 0 18
387.5 0 6
385.9375 0 12
385.9375 0 6
387.5 0 18
385.9375 0 18
390.625 0 6
389.0625 0 12
389.0625 0 6
390.625 0 18
389.0625 0 18
393.7500000000001 0 6
392.1875 0 12
392.1875 0 6
393.7500000000001 0 18
392.1875 0 18
396.8750000000001 0 6
395.3125000000001 0 12
395.3125000000001 0 6
396.8750000000001 0 18
395.3125000000001 0 18
400 0 6
398.4375 0 12
398.4375 0 6
400 0 18
398.4375 0 18
403.125 0 6
401.5625 0 12
401.5625 0 6
403.125 0 18
401.5625 0 18
406.25 0 6
404.6875 0 12
404.6875 0 6
406.25 0 18
404.6875 0 18
409.3750000000001 0 6
407.8125 0 12
407.8125 0 6
409.3750000000001 0 18
407.8125 0 18
412.5000000000001 0 6
410.9375000000001 0 12
410.9375000000001 0 6
412.5000000000001 0 18
410.9375000000001 0 18
415.625 0 6
414.0625 0 12
414.0625 0 6
415.625 0 18
414.0625 0 18
418.75 0 6
417.1875 0 12
417.1875 0 6
418.75 0 18
417.1875 0 18
421.875 0 6
420.3125 0 12
420.3125 0 6
421.875 0 18
420.3125 0 18
425.0000000000001 0 6
423.4375 0 12
423.4375 0 6
425.0000000000001 0 18
423.4375 0 18
428.1250000000001 0 6
426.5625000000001 0 12
426.5625000000001 0 6
428.1250000000001 0 18
426.5625000000001 0 18
431.25 0 6
429.6875 0 12
429.6875 0 6
431.25 0 18
429.6875 0 18
434.375 0 6
432.8125 0 12
432.8125 0 6
434.375 0 18
432.8125 0 18
437.5 0 6
435.9375 0 12
435.9375 0 6
437.5 0 18
435.9375 0 18
440.6250000000001 0 6
439.0625 0 12
439.0625 0 6
440.6250000000001 0 18
439.0625 0 18
443.7500000000001 0 6
442.1875000000001 0 12
442.1875000000001 0 6
443.7500000000001 0 18
442.1875000000001 0 18
446.875 0 6
445.3125 0 12
445.3125 0 6
446.875 0 18
445.3125 0 18
450 0 6
448.4375 0 12
448.4375 0 6
450 0 18
448.4375 0 18
453.125 0 6
451.5625 0 12
451.5625 0 6
453.125 0 18
451.5625 0 18
456.2500000000001 0 6
454.6875 0 12
454.6875 0 6
456.2500000000001 0 18
454.6875 0 18
459.3750000000001 0 6
457.8125000000001 0 12
457.8125000000001 0 6
459.3750000000001 0 18
457.8125000000001 0 18
462.5 0 6
460.9375 0 12
460.9375 0 6
462.5 0 18
460.9375 0 18
465.625 0 6
464.0625 0 12
464.0625 0 6
465.625 0 18
464.0625 0 18
468.75 0 6
467.1875 0 12
467.1875 0 6
468.75 0 18
467.1875 0 18
471.8750000000001 0 6
470.3125 0 12
470.3125 0 6
471.8750000000001 0 18
470.3125 0 18
475.0000000000001 0 6
473.4375000000001 0 12
473.4375000000001 0 6
475.0000000000001 0 18
473.4375000000001 0 18
478.125 0 6
476.5625 0 12
476.5625 0 6
478.125 0 18
476.5625 0 18
481.25 0 6
479.6875 0 12
479.6875 0 6
481.25 0 18
479.6875 0 18
484.375 0 6
482.8125 0 12
482.8125 0 6
484.375 0 18
482.8125 0 18
487.5000000000001 0 6
485.9375 0 12
485.9375 0 6
487.5000000000001 0 18
485.9375 0 18
490.6250000000001 0 6
489.0625000000001 0 12
489.0625000000001 0 6
490.6250000000001 0 18
489.0625000000001 0 18
493.75 0 6
492.1875 0 12
492.1875 0 6
493.75 0 18
492.1875 0 18
496.875 0 6
495.3125 0 12
495.3125 0 6
496.875 0 18
495.3125 0 18
500 0 6
498.4375 0 12
498.4375 0 6
500 0 18
498.4375 0 18
503.1250000000001 0 6
501.5625 0 12
501.5625 0 6
503.1250000000001 0 18
501.5625 0 18
506.25 0 6
504.6875 0 12
504.6875 0 6
506.25 0 18
504.6875 0 18
509.375 0 6
507.8125 0 12
507.8125 0 6
509.375 0 18
507.8125 0 18
512.5000000000001 0 6
510.9375000000001 0 12
510.9375000000001 0 6
512.5000000000001 0 18
510.9375000000001 0 18
515.625 0 6
514.0625 0 12
514.0625 0 6
515.625 0 18
514.0625 0 18
518.75 0 6
517.1875 0 12
517.1875 0 6
518.75 0 18
517.1875 0 18
521.875 0 6
520.3125 0 12
520.3125 0 6
521.875 0 18
520.3125 0 18
525 0 6
523.4375 0 12
523.4375 0 6
525 0 18
523.4375 0 18
528.1250000000001 0 6
526.5625 0 12
526.5625 0 6
528.1250000000001 0 18
526.5625 0 18
531.25 0 6
529.6875 0 12
529.6875 0 6
531.25 0 18
529.6875 0 18
534.375 0 6
532.8125 0 12
532.8125 0 6
534.375 0 18
532.8125 0 18
537.5 0 6
535.9375 0 12
535.9375 0 6
537.5 0 18
535.9375 0 18
540.625 0 6
539.0625 0 12
539.0625 0 6
540.625 0 18
539.0625 0 18
543.7500000000001 0 6
542.1875 0 12
542.1875 0 6
543.7500000000001 0 18
542.1875 0 18
546.875 0 6
545.3125 0 12
545.3125 0 6
546.875 0 18
545.3125 0 18
550 0 6
548.4375 0 12
548.4375 0 6
550 0 18
548.4375 0 18
553.125 0 6
551.5625 0 12
551.5625 0 6
553.125 0 18
551.5625 0 18
556.25 0 6
554.6875 0 12
554.6875 0 6
556.25 0 18
554.6875 0 18
559.3750000000001 0 6
557.8125 0 12
557.8125 0 6
559.3750000000001 0 18
557.8125 0 18
562.5 0 6
560.9375 0 12
560.9375 0 6
562.5 0 18
560.9375 0 18
565.625 0 6
564.0625 0 12
564.0625 0 6
565.625 0 18
564.0625 0 18
568.75 0 6
567.1875 0 12
567.1875 0 6
568.75 0 18
567.1875 0 18
571.875 0 6
570.3125 0 12
570.3125 0 6
571.875 0 18
570.3125 0 18
575.0000000000001 0 6
573.4375 0 12
573.4375 0 6
575.0000000000001 0 18
573.4375 0 18
578.125 0 6
576.5625 0 12
576.5625 0 6
578.125 0 18
576.5625 0 18
581.25 0 6
579.6875 0 12
579.6875 0 6
581.25 0 18
579.6875 0 18
584.375 0 6
582.8125 0 12
582.8125 0 6
584.375 0 18
582.8125 0 18
587.5 0 6
585.9375 0 12
585.9375 0 6
587.5 0 18
585.9375 0 18
590.6250000000001 0 6
589.0625 0 12
589.0625 0 6
590.6250000000001 0 18
589.0625 0 18
593.75 0 6
592.1875 0 12
592.1875 0 6
593.75 0 18
592.1875 0 18
596.875 0 6
595.3125 0 12
595.3125 0 6
596.875 0 18
595.3125 0 18
600.0000000000001 0 6
598.4375 0 12
598.4375 0 6
600.0000000000001 0 18
598.4375 0 18
603.125 0 6
601.5625 0 12
601.5625 0 6
603.125 0 18
601.5625 0 18
606.2500000000001 0 6
604.6875 0 12
604.6875 0 6
606.2500000000001 0 18
604.6875 0 18
609.375 0 6
607.8125 0 12
607.8125 0 6
609.375 0 18
607.8125 0 18
612.5 0 6
610.9375 0 12
610.9375 0 6
612.5 0 18
610.9375 0 18
615.6250000000001 0 6
614.0625 0 12
614.0625 0 6
615.6250000000001 0 18
614.0625 0 18
618.75 0 6
617.1875 0 12
617.1875 0 6
618.75 0 18
617.1875 0 18
621.8750000000001 0 6
620.3125 0 12
620.3125 0 6
621.8750000000001 0 18
620.3125 0 18
625 0 6
623.4375 0 12
623.4375 0 6
625 0 18
623.4375 0 18
628.125 0 6
626.5625 0 12
626.5625 0 6
628.125 0 18
626.5625 0 18
631.2500000000001 0 6
629.6875 0 12
629.6875 0 6
631.2500000000001 0 18
629.6875 0 18
634.375 0 6
632.8125 0 12
632.8125 0 6
634.375 0 18
632.8125 0 18
637.5000000000001 0 6
635.9375 0 12
635.9375 0 6
637.5000000000001 0 18
635.9375 0 18
640.625 0 6
639.0625 0 12
639.0625 0 6
640.625 0 18
639.0625 0 18
643.75 0 6
642.1875 0 12
642.1875 0 6
643.75 0 18
642.1875 0 18
646.8750000000001 0 6
645.3125 0 12
645.3125 0 6
646.8750000000001 0 18
645.3125 0 18
650 0 6
648.4375 0 12
648.4375 0 6
650 0 18
648.4375 0 18
653.1250000000001 0 6
651.5625 0 12
651.5625 0 6
653.1250000000001 0 18
651.5625 0 18
656.25 0 6
654.6875 0 12
654.6875 0 6
656.25 0 18
654.6875 0 18
659.375 0 6
657.8125 0 12
657.8125 0 6
659.375 0 18
657.8125 0 18
662.5000000000001 0 6
660.9375 0 12
660.9375 0 6
662.5000000000001 0 18
660.9375 0 18
665.625 0 6
664.0625 0 12
664.0625 0 6
665.625 0 18
664.0625 0 18
668.7500000000001 0 6
667.1875 0 12
667.1875 0 6
668.7500000000001 0 18
667.1875 0 18
671.875 0 6
670.3125 0 12
670.3125 0 6
671.875 0 18
670.3125 0 18
675 0 6
673.4375 0 12
673.4375 0 6
675 0 18
673.4375 0 18
678.1250000000001 0 6
676.5625 0 12
676.5625 0 6
678.1250000000001 0 18
676.5625 0 18
681.25 0 6
679.6875 0 12
679.6875 0 6
681.25 0 18
679.6875 0 18
684.3750000000001 0 6
682.8125 0 12
682.8125 0 6
684.3750000000001 0 18
682.8125 0 18
687.5 0 6
685.9375 0 12
685.9375 0 6
687.5 0 18
685.9375 0 18
690.625 0 6
689.0625 0 12
689.0625 0 6
690.625 0 18
689.0625 0 18
693.7500000000001 0 6
692.1875 0 12
692.1875 0 6
693.7500000000001 0 18
692.1875 0 18
696.875 0 6
695.3125 0 12
695.3125 0 6
696.875 0 18
695.3125 0 18
700.0000000000001 0 6
698.4375 0 12
698.4375 0 6
700.0000000000001 0 18
698.4375 0 18
703.125 0 6
701.5625 0 12
701.5625 0 6
703.125 0 18
701.5625 0 18
706.25 0 6
704.6875 0 12
704.6875 0 6
706.25 0 18
704.6875 0 18
709.3750000000001 0 6
707.8125 0 12
707.8125 0 6
709.3750000000001 0 18
707.8125 0 18
712.5 0 6
710.9375 0 12
710.9375 0 6
712.5 0 18
710.9375 0 18
715.6250000000001 0 6
714.0625 0 12
714.0625 0 6
715.6250000000001 0 18
714.0625 0 18
718.75 0 6
717.1875 0 12
717.1875 0 6
718.75 0 18
717.1875 0 18
721.875 0 6
720.3125 0 12
720.3125 0 6
721.875 0 18
720.3125 0 18
725.0000000000001 0 6
723.4375 0 12
723.4375 0 6
725.0000000000001 0 18
723.4375 0 18
728.125 0 6
726.5625 0 12
726.5625 0 6
728.125 0 18
726.5625 0 18
731.2500000000001 0 6
729.6875 0 12
729.6875 0 6
731.2500000000001 0 18
729.6875 0 18
734.375 0 6
732.8125 0 12
732.8125 0 6
734.375 0 18
732.8125 0 18
737.5 0 6
735.9375 0 12
735.9375 0 6
737.5 0 18
735.9375 0 18
740.6250000000001 0 6
739.0625 0 12
739.0625 0 6
740.6250000000001 0 18
739.0625 0 18
743.75 0 6
742.1875 0 12
742.1875 0 6
743.75 0 18
742.1875 0 18
746.8750000000001 0 6
745.3125 0 12
745.3125 0 6
746.8750000000001 0 18
745.3125 0 18
750 0 6
748.4375 0 12
748.4375 0 6
750 0 18
748.4375 0 18
753.125 0 6
751.5625 0 12
751.5625 0 6
753.125 0 18
751.5625 0 18
756.2500000000001 0 6
754.6875 0 12
754.6875 0 6
756.2500000000001 0 18
754.6875 0 18
759.375 0 6
757.8125 0 12
757.8125 0 6
759.375 0 18
757.8125 0 18
762.5000000000001 0 6
760.9375 0 12
760.9375 0 6
762.5000000000001 0 18
760.9375 0 18
765.625 0 6
764.0625 0 12
764.0625 0 6
765.625 0 18
764.0625 0 18
768.75 0 6
767.1875 0 12
767.1875 0 6
768.75 0 18
767.1875 0 18
771.8750000000001 0 6
770.3125 0 12
770.3125 0 6
771.8750000000001 0 18
770.3125 0 18
775 0 6
773.4375 0 12
773.4375 0 6
775 0 18
773.4375 0 18
778.1250000000001 0 6
776.5625 0 12
776.5625 0 6
778.1250000000001 0 18
776.5625 0 18
781.25 0 6
779.6875 0 12
779.6875 0 6
781.25 0 18
779.6875 0 18
784.375 0 6
782.8125 0 12
782.8125 0 6
784.375 0 18
782.8125 0 18
787.5000000000001 0 6
785.9375 0 12
785.9375 0 6
787.5000000000001 0 18
785.9375 0 18
790.625 0 6
789.0625 0 12
789.0625 0 6
790.625 0 18
789.0625 0 18
793.7500000000001 0 6
792.1875 0 12
792.1875 0 6
793.7500000000001 0 18
792.1875 0 18
796.875 0 6
795.3125 0 12
795.3125 0 6
796.875 0 18
795.3125 0 18
800 0 6
798.4375 0 12
798.4375 0 6
800 0 18
798.4375 0 18
803.1250000000001 0 6
801.5625 0 12
801.5625 0 6
803.1250000000001 0 18
801.5625 0 18
806.25 0 6
804.6875 0 12
804.6875 0 6
806.25 0 18
804.6875 0 18
809.3750000000001 0 6
807.8125 0 12
807.8125 0 6
809.3750000000001 0 18
807.8125 0 18
812.5 0 6
810.9375 0 12
810.9375 0 6
812.5 0 18
810.9375 0 18
815.625 0 6
814.0625 0 12
814.0625 0 6
815.625 0 18
814.0625 0 18
818.7500000000001 0 6
817.1875 0 12
817.1875 0 6
818.7500000000001 0 18
817.1875 0 18
821.875 0 6
820.3125 0 12
820.3125 0 6
821.875 0 18
820.3125 0 18
825.0000000000001 0 6
823.4375 0 12
823.4375 0 6
825.0000000000001 0 18
823.4375 0 18
828.125 0 6
826.5625 0 12
826.5625 0 6
828.125 0 18
826.5625 0 18
831.25 0 6
829.6875 0 12
829.6875 0 6
831.25 0 18
829.6875 0 18
834.3750000000001 0 6
832.8125 0 12
832.8125 0 6
834.3750000000001 0 18
832.8125 0 18
837.5 0 6
835.9375 0 12
835.9375 0 6
837.5 0 18
835.9375 0 18
840.6250000000001 0 6
839.0625 0 12
839.0625 0 6
840.6250000000001 0 18
839.0625 0 18
843.75 0 6
842.1875 0 12
842.1875 0 6
843.75 0 18
842.1875 0 18
846.875 0 6
845.3125 0 12
845.3125 0 6
846.875 0 18
845.3125 0 18
850.0000000000001 0 6
848.4375 0 12
848.4375 0 6
850.0000000000001 0 18
848.4375 0 18
853.125 0 6
851.5625 0 12
851.5625 0 6
853.125 0 18
851.5625 0 18
856.2500000000001 0 6
854.6875 0 12
854.6875 0 6
856.2500000000001 0 18
854.6875 0 18
859.375 0 6
857.8125 0 12
857.8125 0 6
859.375 0 18
857.8125 0 18
862.5 0 6
860.9375 0 12
860.9375 0 6
862.5 0 18
860.9375 0 18
865.6250000000001 0 6
864.0625 0 12
864.0625 0 6
865.6250000000001 0 18
864.0625 0 18
868.75 0 6
867.1875 0 12
867.1875 0 6
868.75 0 18
867.1875 0 18
871.8750000000001 0 6
870.3125 0 12
870.3125 0 6
871.8750000000001 0 18
870.3125 0 18
875 0 6
873.4375 0 12
873.4375 0 6
875 0 18
873.4375 0 18
878.125 0 6
876.5625 0 12
876.5625 0 6
878.125 0 18
876.5625 0 18
881.2500000000001 0 6
879.6875 0 12
879.6875 0 6
881.2500000000001 0 18
879.6875 0 18
884.375 0 6
882.8125 0 12
882.8125 0 6
884.375 0 18
882.8125 0 18
887.5000000000001 0 6
885.9375 0 12
885.9375 0 6
887.5000000000001 0 18
885.9375 0 18
890.625 0 6
889.0625 0 12
889.0625 0 6
890.625 0 18
889.0625 0 18
893.75 0 6
892.1875 0 12
892.1875 0 6
893.75 0 18
892.1875 0 18
896.8750000000001 0 6
895.3125 0 12
895.3125 0 6
896.8750000000001 0 18
895.3125 0 18
900 0 6
898.4375 0 12
898.4375 0 6
900 0 18
898.4375 0 18
903.1250000000001 0 6
901.5625 0 12
901.5625 0 6
903.1250000000001 0 18
901.5625 0 18
906.25 0 6
904.6875 0 12
904.6875 0 6
906.25 0 18
904.6875 0 18
909.375 0 6
907.8125 0 12
907.8125 0 6
909.375 0 18
907.8125 0 18
912.5000000000001 0 6
910.9375 0 12
910.9375 0 6
912.5000000000001 0 18
910.9375 0 18
915.625 0 6
914.0625 0 12
914.0625 0 6
915.625 0 18
914.0625 0 18
918.7500000000001 0 6
917.1875 0 12
917.1875 0 6
918.7500000000001 0 18
917.1875 0 18
921.875 0 6
920.3125 0 12
920.3125 0 6
921.875 0 18
920.3125 0 18
925 0 6
923.4375 0 12
923.4375 0 6
925 0 18
923.4375 0 18
928.1250000000001 0 6
926.5625 0 12
926.5625 0 6
928.1250000000001 0 18
926.5625 0 18
931.25 0 6
929.6875 0 12
929.6875 0 6
931.25 0 18
929.6875 0 18
934.3750000000001 0 6
932.8125 0 12
932.8125 0 6
934.3750000000001 0 18
932.8125 0 18
937.5 0 6
935.9375 0 12
935.9375 0 6
937.5 0 18
935.9375 0 18
940.625 0 6
939.0625 0 12
939.0625 0 6
940.625 0 18
939.0625 0 18
943.7500000000001 0 6
942.1875 0 12
942.1875 0 6
943.7500000000001 0 18
942.1875 0 18
946.875 0 6
945.3125 0 12
945.3125 0 6
946.875 0 18
945.3125 0 18
950.0000000000001 0 6
948.4375 0 12
948.4375 0 6
950.0000000000001 0 18
948.4375 0 18
953.125 0 6
951.5625 0 12
951.5625 0 6
953.125 0 18
951.5625 0 18
956.25 0 6
954.6875 0 12
954.6875 0 6
956.25 0 18
954.6875 0 18
959.3750000000001 0 6
957.8125 0 12
957.8125 0 6
959.3750000000001 0 18
957.8125 0 18
962.5 0 6
960.9375 0 12
960.9375 0 6
962.5 0 18
960.9375 0 18
965.6250000000001 0 6
964.0625 0 12
964.0625 0 6
965.6250000000001 0 18
964.0625 0 18
968.75 0 6
967.1875 0 12
967.1875 0 6
968.75 0 18
967.1875 0 18
971.875 0 6
970.3125 0 12
970.3125 0 6
971.875 0 18
970.3125 0 18
975.0000000000001 0 6
973.4375 0 12
973.4375 0 6
975.0000000000001 0 18
973.4375 0 18
978.125 0 6
976.5625 0 12
976.5625 0 6
978.125 0 18
976.5625 0 18
981.2500000000001 0 6
979.6875 0 12
979.6875 0 6
981.2500000000001 0 18
979.6875 0 18
984.375 0 6
982.8125 0 12
982.8125 0 6
984.375 0 18
982.8125 0 18
987.5 0 6
985.9375 0 12
985.9375 0 6
987.5 0 18
985.9375 0 18
990.6250000000001 0 6
989.0625 0 12
989.0625 0 6
990.6250000000001 0 18
989.0625 0 18
993.75 0 6
992.1875 0 12
992.1875 0 6
993.75 0 18
992.1875 0 18
996.8750000000001 0 6
995.3125 0 12
995.3125 0 6
996.8750000000001 0 18
995.3125 0 18
998.4375 0 12
998.4375 0 6
998.4375 0 18
2 4 0 1917
4524
4525
4526
4527
4528
4529
4530
4531
4532
4533
4534
4535
4536
4537
4538
4539
4540
4541
4542
4543
4544
4545
4546
4547
4548
4549
4550
4551
4552
4553
4554
4555
4556
4557
4558
4559
4560
4561
4562
4563
4564
4565
4566
4567
4568
4569
4570
4571
4572
4573
4574
4575
4576
4577
4578
4579
4580
4581
4582
4583
4584
4585
4586
4587
4588
4589
4590
4591
4592
4593
4594
4595
4596
4597
4598
4599
4600
4601
4602
4603
4604
4605
4606
4607
4608
4609
4610
4611
4612
4613
4614
4615
4616
4617
4618
4619
4620
4621
4622
4623
4624
4625
4626
4627
4628
4629
4630
4631
4632
4633
4634
4635
4636
4637
4638
4639
4640
4641
4642
4643
4644
4645
4646
4647
4648
4649
4650
4651
4652
4653
4654
4655
4656
4657
4658
4659
4660
4661
4662
4663
4664
4665
4666
4667
4668
4669
4670
4671
4672
4673
4674
4675
4676
4677
4678
4679
4680
4681
4682
4683
4684
4685
4686
4687
4688
4689
4690
4691
4692
4693
4694
4695
4696
4697
4698
4699
4700
4701
4702
4703
4704
4705
4706
4707
4708
4709
4710
4711
4712
4713
4714
4715
4716
4717
4718
4719
4720
4721
4722
4723
4724
4725
4726
4727
4728
4729
4730
4731
4732
4733
4734
4735
4736
4737
4738
4739
4740
4741
4742
4743
4744
4745
4746
4747
4748
4749
4750
4751
4752
4753
4754
4755
4756
4757
4758
4759
4760
4761
4762
4763
4764
4765
4766
4767
4768
4769
4770
4771
4772
4773
4774
4775
4776
4777
4778
4779
4780
4781
4782
4783
4784
4785
4786
4787
4788
4789
4790
4791
4792
4793
4794
4795
4796
4797
4798
4799
4800
4801
4802
4803
4804
4805
4806
4807
4808
4809
4810
4811
4812
4813
4814
4815
4816
4817
4818
4819
4820
4821
4822
4823
4824
4825
4826
4827
4828
4829
4830
4831
4832
4833
4834
4835
4836
4837
4838
4839
4840
4841
4842
4843
4844
4845
4846
4847
4848
4849
4850
4851
4852
4853
4854
4855
4856
4857
4858
4859
4860
4861
4862
4863
4864
4865
4866
4867
4868
4869
4870
4871
4872
4873
4874
4875
4876
4877
4878
4879
4880
4881
4882
4883
4884
4885
4886
4887
4888
4889
4890
4891
4892
4893
4894
4895
4896
4897
4898
4899
4900
4901
4902
4903
4904
4905
4906
4907
4908
4909
4910
4911
4912
4913
4914
4915
4916
4917
4918
4919
4920
4921
4922
4923
4924
4925
4926
4927
4928
4929
4930
4931
4932
4933
4934
4935
4936
4937
4938
4939
4940
4941
4942
4943
4944
4945
4946
4947
4948
4949
4950
4951
4952
4953
4954
4955
4956
4957
4958
4959
4960
4961
4962
4963
4964
4965
4966
4967
4968
4969
4970
4971
4972
4973
4974
4975
4976
4977
4978
4979
4980
4981
4982
4983
4984
4985
4986
4987
4988
4989
4990
4991
4992
4993
4994
4995
4996
4997
4998
4999
5000
5001
5002
5003
5004
5005
5006
5007
5008
5009
5010
5011
5012
5013
5014
5015
5016
5017
5018
5019
5020
5021
5022
5023
5024
5025
5026
5027
5028
5029
5030
5031
5032
5033
5034
5035
5036
5037
5038
5039
5040
5041
5042
5043
5044
5045
5046
5047
5048
5049
5050
5051
5052
5053
5054
5055
5056
5057
5058
5059
5060
5061
5062
5063
5064
5065
5066
5067
5068
5069
5070
5071
5072
5073
5074
5075
5076
5077
5078
5079
5080
5081
5082
5083
5084
5085
5086
5087
5088
5089
5090
5091
5092
5093
5094
5095
5096
5097
5098
5099
5100
5101
5102
5103
5104
5105
5106
5107
5108
5109
5110
5111
5112
5113
5114
5115
5116
5117
5118
5119
5120
5121
5122
5123
5124
5125
5126
5127
5128
5129
5130
5131
5132
5133
5134
5135
5136
5137
5138
5139
5140
5141
5142
5143
5144
5145
5146
5147
5148
5149
5150
5151
5152
5153
5154
5155
5156
5157
5158
5159
5160
5161
5162
5163
5164
5165
5166
5167
5168
5169
5170
5171
5172
5173
5174
5175
5176
5177
5178
5179
5180
5181
5182
5183
5184
5185
5186
5187
5188
5189
5190
5191
5192
5193
5194
5195
5196
5197
5198
5199
5200
5201
5202
5203
5204
5205
5206
5207
5208
5209
5210
5211
5212
5213
5214
5215
5216
5217
5218
5219
5220
5221
5222
5223
5224
5225
5226
5227
5228
5229
5230
5231
5232
5233
5234
5235
5236
5237
5238
5239
5240
5241
5242
5243
5244
5245
5246
5247
5248
5249
5250
5251
5252
5253
5254
5255
5256
5257
5258
5259
5260
5261
5262
5263
5264
5265
5266
5267
5268
5269
5270
5271
5272
5273
5274
5275
5276
5277
5278
5279
5280
5281
5282
5283
5284
5285
5286
5287
5288
5289
5290
5291
5292
5293
5294
5295
5296
5297
5298
5299
5300
5301
5302
5303
5304
5305
5306
5307
5308
5309
5310
5311
5312
5313
5314
5315
5316
5317
5318
5319
5320
5321
5322
5323
5324
5325
5326
5327
5328
5329
5330
5331
5332
5333
5334
5335
5336
5337
5338
5339
5340
5341
5342
5343
5344
5345
5346
5347
5348
5349
5350
5351
5352
5353
5354
5355
5356
5357
5358
5359
5360
5361
5362
5363
5364
5365
5366
5367
5368
5369
5370
5371
5372
5373
5374
5375
5376
5377
5378
5379
5380
5381
5382
5383
5384
5385
5386
5387
5388
5389
5390
5391
5392
5393
5394
5395
5396
5397
5398
5399
5400
5401
5402
5403
5404
5405
5406
5407
5408
5409
5410
5411
5412
5413
5414
5415
5416
5417
5418
5419
5420
5421
5422
5423
5424
5425
5426
5427
5428
5429
5430
5431
5432
5433
5434
5435
5436
5437
5438
5439
5440
5441
5442
5443
5444
5445
5446
5447
5448
5449
5450
5451
5452
5453
5454
5455
5456
5457
5458
5459
5460
5461
5462
5463
5464
5465
5466
5467
5468
5469
5470
5471
5472
5473
5474
5475
5476
5477
5478
5479
5480
5481
5482
5483
5484
5485
5486
5487
5488
5489
5490
5491
5492
5493
5494
5495
5496
5497
5498
5499
5500
5501
5502
5503
5504
5505
5506
5507
5508
5509
5510
5511
5512
5513
5514
5515
5516
5517
5518
5519
5520
5521
5522
5523
5524
5525
5526
5527
5528
5529
5530
5531
5532
5533
5534
5535
5536
5537
5538
5539
5540
5541
5542
5543
5544
5545
5546
5547
5548
5549
5550
5551
5552
5553
5554
5555
5556
5557
5558
5559
5560
5561
5562
5563
5564
5565
5566
5567
5568
5569
5570
5571
5572
5573
5574
5575
5576
5577
5578
5579
5580
5581
5582
5583
5584
5585
5586
5587
5588
5589
5590
5591
5592
5593
5594
5595
5596
5597
5598
5599
5600
5601
5602
5603
5604
5605
5606
5607
5608
5609
5610
5611
5612
5613
5614
5615
5616
5617
5618
5619
5620
5621
5622
5623
5624
5625
5626
5627
5628
5629
5630
5631
5632
5633
5634
5635
5636
5637
5638
5639
5640
5641
5642
5643
5644
5645
5646
5647
5648
5649
5650
5651
5652
5653
5654
5655
5656
5657
5658
5659
5660
5661
5662
5663
5664
5665
5666
5667
5668
5669
5670
5671
5672
5673
5674
5675
5676
5677
5678
5679
5680
5681
5682
5683
5684
5685
5686
5687
5688
5689
5690
5691
5692
5693
5694
5695
5696
5697
5698
5699
5700
5701
5702
5703
5704
5705
5706
5707
5708
5709
5710
5711
5712
5713
5714
5715
5716
5717
5718
5719
5720
5721
5722
5723
5724
5725
5726
5727
5728
5729
5730
5731
5732
5733
5734
5735
5736
5737
5738
5739
5740
5741
5742
5743
5744
5745
5746
5747
5748
5749
5750
5751
5752
5753
5754
5755
5756
5757
5758
5759
5760
5761
5762
5763
5764
5765
5766
5767
5768
5769
5770
5771
5772
5773
5774
5775
5776
5777
5778
5779
5780
5781
5782
5783
5784
5785
5786
5787
5788
5789
5790
5791
5792
5793
5794
5795
5796
5797
5798
5799
5800
5801
5802
5803
5804
5805
5806
5807
5808
5809
5810
5811
5812
5813
5814
5815
5816
5817
5818
5819
5820
5821
5822
5823
5824
5825
5826
5827
5828
5829
5830
5831
5832
5833
5834
5835
5836
5837
5838
5839
5840
5841
5842
5843
5844
5845
5846
5847
5848
5849
5850
5851
5852
5853
5854
5855
5856
5857
5858
5859
5860
5861
5862
5863
5864
5865
5866
5867
5868
5869
5870
5871
5872
5873
5874
5875
5876
5877
5878
5879
5880
5881
5882
5883
5884
5885
5886
5887
5888
5889
5890
5891
5892
5893
5894
5895
5896
5897
5898
5899
5900
5901
5902
5903
5904
5905
5906
5907
5908
5909
5910
5911
5912
5913
5914
5915
5916
5917
5918
5919
5920
5921
5922
5923
5924
5925
5926
5927
5928
5929
5930
5931
5932
5933
5934
5935
5936
5937
5938
5939
5940
5941
5942
5943
5944
5945
5946
5947
5948
5949
5950
5951
5952
5953
5954
5955
5956
5957
5958
5959
5960
5961
5962
5963
5964
5965
5966
5967
5968
5969
5970
5971
5972
5973
5974
5975
5976
5977
5978
5979
5980
5981
5982
5983
5984
5985
5986
5987
5988
5989
5990
5991
5992
5993
5994
5995
5996
5997
5998
5999
6000
6001
6002
6003
6004
6005
6006
6007
6008
6009
6010
6011
6012
6013
6014
6015
6016
6017
6018
6019
6020
6021
6022
6023
6024
6025
6026
6027
6028
6029
6030
6031
6032
6033
6034
6035
6036
6037
6038
6039
6040
6041
6042
6043
6044
6045
6046
6047
6048
6049
6050
6051
6052
6053
6054
6055
6056
6057
6058
6059
6060
6061
6062
6063
6064
6065
6066
6067
6068
6069
6070
6071
6072
6073
6074
6075
6076
6077
6078
6079
6080
6081
6082
6083
6084
6085
6086
6087
6088
6089
6090
6091
6092
6093
6094
6095
6096
6097
6098
6099
6100
6101
6102
6103
6104
6105
6106
6107
6108
6109
6110
6111
6112
6113
6114
6115
6116
6117
6118
6119
6120
6121
6122
6123
6124
6125
6126
6127
6128
6129
6130
6131
6132
6133
6134
6135
6136
6137
6138
6139
6140
6141
6142
6143
6144
6145
6146
6147
6148
6149
6150
6151
6152
6153
6154
6155
6156
6157
6158
6159
6160
6161
6162
6163
6164
6165
6166
6167
6168
6169
6170
6171
6172
6173
6174
6175
6176
6177
6178
6179
6180
6181
6182
6183
6184
6185
6186
6187
6188
6189
6190
6191
6192
6193
6194
6195
6196
6197
6198
6199
6200
6201
6202
6203
6204
6205
6206
6207
6208
6209
6210
6211
6212
6213
6214
6215
6216
6217
6218
6219
6220
6221
6222
6223
6224
6225
6226
6227
6228
6229
6230
6231
6232
6233
6234
6235
6236
6237
6238
6239
6240
6241
6242
6243
6244
6245
6246
6247
6248
6249
6250
6251
6252
6253
6254
6255
6256
6257
6258
6259
6260
6261
6262
6263
6264
6265
6266
6267
6268
6269
6270
6271
6272
6273
6274
6275
6276
6277
6278
6279
6280
6281
6282
6283
6284
6285
6286
6287
6288
6289
6290
6291
6292
6293
6294
6295
6296
6297
6298
6299
6300
6301
6302
6303
6304
6305
6306
6307
6308
6309
6310
6311
6312
6313
6314
6315
6316
6317
6318
6319
6320
6321
6322
6323
6324
6325
6326
6327
6328
6329
6330
6331
6332
6333
6334
6335
6336
6337
6338
6339
6340
6341
6342
6343
6344
6345
6346
6347
6348
6349
6350
6351
6352
6353
6354
6355
6356
6357
6358
6359
6360
6361
6362
6363
6364
6365
6366
6367
6368
6369
6370
6371
6372
6373
6374
6375
6376
6377
6378
6379
6380
6381
6382
6383
6384
6385
6386
6387
6388
6389
6390
6391
6392
6393
6394
6395
6396
6397
6398
6399
6400
6401
6402
6403
6404
6405
6406
6407
6408
6409
6410
6411
6412
6413
6414
6415
6416
6417
6418
6419
6420
6421
6422
6423
6424
6425
6426
6427
6428
6429
6430
6431
6432
6433
6434
6435
6436
6437
6438
6439
6440
3.125 10 12
6.25 10 12
9.375000000000002 10 12
12.5 10 12
15.625 10 12
18.75 10 12
21.875 10 12
25 10 12
28.125 10 12
31.25 10 12
34.375 10 12
37.50000000000001 10 12
40.625 10 12
43.75000000000001 10 12
46.875 10 12
50 10 12
53.12500000000001 10 12
56.25 10 12
59.37500000000001 10 12
62.5 10 12
65.625 10 12
68.75 10 12
71.87500000000001 10 12
75.00000000000001 10 12
78.125 10 12
81.25 10 12
84.375 10 12
87.50000000000001 10 12
90.62500000000001 10 12
93.75 10 12
96.875 10 12
100 10 12
103.125 10 12
106.25 10 12
109.375 10 12
112.5 10 12
115.625 10 12
118.75 10 12
121.875 10 12
125 10 12
128.125 10 12
131.25 10 12
134.375 10 12
137.5 10 12
140.625 10 12
143.75 10 12
146.875 10 12
150 10 12
153.125 10 12
156.25 10 12
159.375 10 12
162.5 10 12
165.625 10 12
168.75 10 12
171.875 10 12
175 10 12
178.125 10 12
181.25 10 12
184.375 10 12
187.5 10 12
190.625 10 12
193.75 10 12
196.875 10 12
200 10 12
203.125 10 12
206.25 10 12
209.375 10 12
212.5 10 12
215.625 10 12
218.75 10 12
221.875 10 12
225 10 12
228.125 10 12
231.25 10 12
234.375 10 12
237.5 10 12
240.625 10 12
243.75 10 12
246.875 10 12
250 10 12
253.125 10 12
256.2500000000001 10 12
259.375 10 12
262.5 10 12
265.625 10 12
268.75 10 12
271.8750000000001 10 12
275 10 12
278.125 10 12
281.25 10 12
284.375 10 12
287.5000000000001 10 12
290.625 10 12
293.75 10 12
296.875 10 12
300.0000000000001 10 12
303.1250000000001 10 12
306.25 10 12
309.375 10 12
312.5 10 12
315.6250000000001 10 12
318.7500000000001 10 12
321.875 10 12
325 10 12
328.125 10 12
331.2500000000001 10 12
334.3750000000001 10 12
337.5 10 12
340.625 10 12
343.75 10 12
346.8750000000001 10 12
350.0000000000001 10 12
353.125 10 12
356.25 10 12
359.375 10 12
362.5000000000001 10 12
365.6250000000001 10 12
368.75 10 12
371.875 10 12
375 10 12
378.1250000000001 10 12
381.2500000000001 10 12
384.375 10 12
387.5 10 12
390.625 10 12
393.7500000000001 10 12
396.8750000000001 10 12
400 10 12
403.125 10 12
406.25 10 12
409.3750000000001 10 12
412.5000000000001 10 12
415.625 10 12
418.75 10 12
421.875 10 12
425.0000000000001 10 12
428.1250000000001 10 12
431.25 10 12
434.375 10 12
437.5 10 12
440.6250000000001 10 12
443.7500000000001 10 12
446.875 10 12
450 10 12
453.125 10 12
456.2500000000001 10 12
459.3750000000001 10 12
462.5 10 12
465.625 10 12
468.75 10 12
471.8750000000001 10 12
475.0000000000001 10 12
478.125 10 12
481.25 10 12
484.375 10 12
487.5000000000001 10 12
490.6250000000001 10 12
493.75 10 12
496.875 10 12
500 10 12
503.1250000000001 10 12
506.25 10 12
509.375 10 12
512.5000000000001 10 12
515.625 10 12
518.75 10 12
521.875 10 12
525 10 12
528.1250000000001 10 12
531.25 10 12
534.375 10 12
537.5 10 12
540.625 10 12
543.7500000000001 10 12
546.875 10 12
550 10 12
553.125 10 12
556.25 10 12
559.3750000000001 10 12
562.5 10 12
565.625 10 12
568.75 10 12
571.875 10 12
575.0000000000001 10 12
578.125 10 12
581.25 10 12
584.375 10 12
587.5 10 12
590.6250000000001 10 12
593.75 10 12
596.875 10 12
600.0000000000001 10 12
603.125 10 12
606.2500000000001 10 12
609.375 10 12
612.5 10 12
615.6250000000001 10 12
618.75 10 12
621.8750000000001 10 12
625 10 12
628.125 10 12
631.2500000000001 10 12
634.375 10 12
637.5000000000001 10 12
640.625 10 12
643.75 10 12
646.8750000000001 10 12
650 10 12
653.1250000000001 10 12
656.25 10 12
659.375 10 12
662.5000000000001 10 12
665.625 10 12
668.7500000000001 10 12
671.875 10 12
675 10 12
678.1250000000001 10 12
681.25 10 12
684.3750000000001 10 12
687.5 10 12
690.625 10 12
693.7500000000001 10 12
696.875 10 12
700.0000000000001 10 12
703.125 10 12
706.25 10 12
709.3750000000001 10 12
712.5 10 12
715.6250000000001 10 12
718.75 10 12
721.875 10 12
725.0000000000001 10 12
728.125 10 12
731.2500000000001 10 12
734.375 10 12
737.5 10 12
740.6250000000001 10 12
743.75 10 12
746.8750000000001 10 12
750 10 12
753.125 10 12
756.2500000000001 10 12
759.375 10 12
762.5000000000001 10 12
765.625 10 12
768.75 10 12
771.8750000000001 10 12
775 10 12
778.1250000000001 10 12
781.25 10 12
784.375 10 12
787.5000000000001 10 12
790.625 10 12
793.7500000000001 10 12
796.875 10 12
800 10 12
803.1250000000001 10 12
806.25 10 12
809.3750000000001 10 12
812.5 10 12
815.625 10 12
818.7500000000001 10 12
821.875 10 12
825.0000000000001 10 12
828.125 10 12
831.25 10 12
834.3750000000001 10 12
837.5 10 12
840.6250000000001 10 12
843.75 10 12
846.875 10 12
850.0000000000001 10 12
853.125 10 12
856.2500000000001 10 12
859.375 10 12
862.5 10 12
865.6250000000001 10 12
868.75 10 12
871.8750000000001 10 12
875 10 12
878.125 10 12
881.2500000000001 10 12
884.375 10 12
887.5000000000001 10 12
890.625 10 12
893.75 10 12
896.8750000000001 10 12
900 10 12
903.1250000000001 10 12
906.25 10 12
909.375 10 12
912.5000000000001 10 12
915.625 10 12
918.7500000000001 10 12
921.875 10 12
925 10 12
928.1250000000001 10 12
931.25 10 12
934.3750000000001 10 12
937.5 10 12
940.625 10 12
943.7500000000001 10 12
946.875 10 12
950.0000000000001 10 12
953.125 10 12
956.25 10 12
959.3750000000001 10 12
962.5 10 12
965.6250000000001 10 12
968.75 10 12
971.875 10 12
975.0000000000001 10 12
978.125 10 12
981.2500000000001 10 12
984.375 10 12
987.5 10 12
990.6250000000001 10 12
993.75 10 12
996.8750000000001 10 12
1.5625 10 12
3.125 10 6
1.5625 10 6
3.125 10 18
1.5625 10 18
4.6875 10 12
6.25 10 6
4.6875 10 6
6.25 10 18
4.6875 10 18
7.812500000000001 10 12
9.375000000000002 10 6
7.812500000000002 10 6
9.375000000000002 10 18
7.812500000000002 10 18
10.9375 10 12
12.5 10 6
10.9375 10 6
12.5 10 18
10.9375 10 18
14.0625 10 12
15.625 10 6
14.0625 10 6
15.625 10 18
14.0625 10 18
17.1875 10 12
18.75 10 6
17.1875 10 6
18.75 10 18
17.1875 10 18
20.3125 10 12
21.875 10 6
20.3125 10 6
21.875 10 18
20.3125 10 18
23.4375 10 12
25 10 6
23.4375 10 6
25 10 18
23.4375 10 18
26.5625 10 12
28.125 10 6
26.5625 10 6
28.125 10 18
26.5625 10 18
29.6875 10 12
31.25 10 6
29.6875 10 6
31.25 10 18
29.6875 10 18
32.8125 10 12
34.375 10 6
32.8125 10 6
34.375 10 18
32.8125 10 18
35.9375 10 12
37.50000000000001 10 6
35.9375 10 6
37.50000000000001 10 18
35.9375 10 18
39.0625 10 12
40.625 10 6
39.0625 10 6
40.625 10 18
39.0625 10 18
42.1875 10 12
43.75000000000001 10 6
42.1875 10 6
43.75000000000001 10 18
42.1875 10 18
45.3125 10 12
46.875 10 6
45.3125 10 6
46.875 10 18
45.3125 10 18
48.4375 10 12
50 10 6
48.4375 10 6
50 10 18
48.4375 10 18
51.5625 10 12
53.12500000000001 10 6
51.5625 10 6
53.12500000000001 10 18
51.5625 10 18
54.6875 10 12
56.25 10 6
54.6875 10 6
56.25 10 18
54.6875 10 18
57.8125 10 12
59.37500000000001 10 6
57.8125 10 6
59.37500000000001 10 18
57.8125 10 18
60.9375 10 12
62.5 10 6
60.9375 10 6
62.5 10 18
60.9375 10 18
64.0625 10 12
65.625 10 6
64.0625 10 6
65.625 10 18
64.0625 10 18
67.1875 10 12
68.75 10 6
67.1875 10 6
68.75 10 18
67.1875 10 18
70.3125 10 12
71.87500000000001 10 6
70.3125 10 6
71.87500000000001 10 18
70.3125 10 18
73.43750000000001 10 12
75.00000000000001 10 6
73.43750000000001 10 6
75.00000000000001 10 18
73.43750000000001 10 18
76.5625 10 12
78.125 10 6
76.5625 10 6
78.125 10 18
76.5625 10 18
79.6875 10 12
81.25 10 6
79.6875 10 6
81.25 10 18
79.6875 10 18
82.8125 10 12
84.375 10 6
82.8125 10 6
84.375 10 18
82.8125 10 18
85.9375 10 12
87.50000000000001 10 6
85.9375 10 6
87.50000000000001 10 18
85.9375 10 18
89.06250000000001 10 12
90.62500000000001 10 6
89.06250000000001 10 6
90.62500000000001 10 18
89.06250000000001 10 18
92.1875 10 12
93.75 10 6
92.1875 10 6
93.75 10 18
92.1875 10 18
95.3125 10 12
96.875 10 6
95.3125 10 6
96.875 10 18
95.3125 10 18
98.4375 10 12
100 10 6
98.4375 10 6
100 10 18
98.4375 10 18
101.5625 10 12
103.125 10 6
101.5625 10 6
103.125 10 18
101.5625 10 18
104.6875 10 12
106.25 10 6
104.6875 10 6
106.25 10 18
104.6875 10 18
107.8125 10 12
109.375 10 6
107.8125 10 6
109.375 10 18
107.8125 10 18
110.9375 10 12
112.5 10 6
110.9375 10 6
112.5 10 18
110.9375 10 18
114.0625 10 12
115.625 10 6
114.0625 10 6
115.625 10 18
114.0625 10 18
117.1875 10 12
118.75 10 6
117.1875 10 6
118.75 10 18
117.1875 10 18
120.3125 10 12
121.875 10 6
120.3125 10 6
121.875 10 18
120.3125 10 18
123.4375 10 12
125 10 6
123.4375 10 6
125 10 18
123.4375 10 18
126.5625 10 12
128.125 10 6
126.5625 10 6
128.125 10 18
126.5625 10 18
129.6875 10 12
131.25 10 6
129.6875 10 6
131.25 10 18
129.6875 10 18
132.8125 10 12
134.375 10 6
132.8125 10 6
134.375 10 18
132.8125 10 18
135.9375 10 12
137.5 10 6
135.9375 10 6
137.5 10 18
135.9375 10 18
139.0625 10 12
140.625 10 6
139.0625 10 6
140.625 10 18
139.0625 10 18
142.1875 10 12
143.75 10 6
142.1875 10 6
143.75 10 18
142.1875 10 18
145.3125 10 12
146.875 10 6
145.3125 10 6
146.875 10 18
145.3125 10 18
148.4375 10 12
150 10 6
148.4375 10 6
150 10 18
148.4375 10 18
151.5625 10 12
153.125 10 6
151.5625 10 6
153.125 10 18
151.5625 10 18
154.6875 10 12
156.25 10 6
154.6875 10 6
156.25 10 18
154.6875 10 18
157.8125 10 12
159.375 10 6
157.8125 10 6
159.375 10 18
157.8125 10 18
160.9375 10 12
162.5 10 6
160.9375 10 6
162.5 10 18
160.9375 10 18
164.0625 10 12
165.625 10 6
164.0625 10 6
165.625 10 18
164.0625 10 18
167.1875 10 12
168.75 10 6
167.1875 10 6
168.75 10 18
167.1875 10 18
170.3125 10 12
171.875 10 6
170.3125 10 6
171.875 10 18
170.3125 10 18
173.4375 10 12
175 10 6
173.4375 10 6
175 10 18
173.4375 10 18
176.5625 10 12
178.125 10 6
176.5625 10 6
178.125 10 18
176.5625 10 18
179.6875 10 12
181.25 10 6
179.6875 10 6
181.25 10 18
179.6875 10 18
182.8125 10 12
184.375 10 6
182.8125 10 6
184.375 10 18
182.8125 10 18
185.9375 10 12
187.5 10 6
185.9375 10 6
187.5 10 18
185.9375 10 18
189.0625 10 12
190.625 10 6
189.0625 10 6
190.625 10 18
189.0625 10 18
192.1875 10 12
193.75 10 6
192.1875 10 6
193.75 10 18
192.1875 10 18
195.3125 10 12
196.875 10 6
195.3125 10 6
196.875 10 18
195.3125 10 18
198.4375 10 12
200 10 6
198.4375 10 6
200 10 18
198.4375 10 18
201.5625 10 12
203.125 10 6
201.5625 10 6
203.125 10 18
201.5625 10 18
204.6875 10 12
206.25 10 6
204.6875 10 6
206.25 10 18
204.6875 10 18
207.8125 10 12
209.375 10 6
207.8125 10 6
209.375 10 18
207.8125 10 18
210.9375 10 12
212.5 10 6
210.9375 10 6
212.5 10 18
210.9375 10 18
214.0625 10 12
215.625 10 6
214.0625 10 6
215.625 10 18
214.0625 10 18
217.1875 10 12
218.75 10 6
217.1875 10 6
218.75 10 18
217.1875 10 18
220.3125 10 12
221.875 10 6
220.3125 10 6
221.875 10 18
220.3125 10 18
223.4375 10 12
225 10 6
223.4375 10 6
225 10 18
223.4375 10 18
226.5625 10 12
228.125 10 6
226.5625 10 6
228.125 10 18
226.5625 10 18
229.6875 10 12
231.25 10 6
229.6875 10 6
231.25 10 18
229.6875 10 18
232.8125 10 12
234.375 10 6
232.8125 10 6
234.375 10 18
232.8125 10 18
235.9375 10 12
237.5 10 6
235.9375 10 6
237.5 10 18
235.9375 10 18
239.0625 10 12
240.625 10 6
239.0625 10 6
240.625 10 18
239.0625 10 18
242.1875 10 12
243.75 10 6
242.1875 10 6
243.75 10 18
242.1875 10 18
245.3125 10 12
246.875 10 6
245.3125 10 6
246.875 10 18
245.3125 10 18
248.4375 10 12
250 10 6
248.4375 10 6
250 10 18
248.4375 10 18
251.5625 10 12
253.125 10 6
251.5625 10 6
253.125 10 18
251.5625 10 18
254.6875 10 12
256.2500000000001 10 6
254.6875000000001 10 6
256.2500000000001 10 18
254.6875000000001 10 18
257.8125 10 12
259.375 10 6
257.8125 10 6
259.375 10 18
257.8125 10 18
260.9375 10 12
262.5 10 6
260.9375 10 6
262.5 10 18
260.9375 10 18
264.0625 10 12
265.625 10 6
264.0625 10 6
265.625 10 18
264.0625 10 18
267.1875 10 12
268.75 10 6
267.1875 10 6
268.75 10 18
267.1875 10 18
270.3125 10 12
271.8750000000001 10 6
270.3125 10 6
271.8750000000001 10 18
270.3125 10 18
273.4375 10 12
275 10 6
273.4375 10 6
275 10 18
273.4375 10 18
276.5625 10 12
278.125 10 6
276.5625 10 6
278.125 10 18
276.5625 10 18
279.6875 10 12
281.25 10 6
279.6875 10 6
281.25 10 18
279.6875 10 18
282.8125 10 12
284.375 10 6
282.8125 10 6
284.375 10 18
282.8125 10 18
285.9375 10 12
287.5000000000001 10 6
285.9375 10 6
287.5000000000001 10 18
285.9375 10 18
289.0625 10 12
290.625 10 6
289.0625 10 6
290.625 10 18
289.0625 10 18
292.1875 10 12
293.75 10 6
292.1875 10 6
293.75 10 18
292.1875 10 18
295.3125 10 12
296.875 10 6
295.3125 10 6
296.875 10 18
295.3125 10 18
298.4375 10 12
300.0000000000001 10 6
298.4375 10 6
300.0000000000001 10 18
298.4375 10 18
301.5625000000001 10 12
303.1250000000001 10 6
301.5625000000001 10 6
303.1250000000001 10 18
301.5625000000001 10 18
304.6875 10 12
306.25 10 6
304.6875 10 6
306.25 10 18
304.6875 10 18
307.8125 10 12
309.375 10 6
307.8125 10 6
309.375 10 18
307.8125 10 18
310.9375 10 12
312.5 10 6
310.9375 10 6
312.5 10 18
310.9375 10 18
314.0625 10 12
315.6250000000001 10 6
314.0625 10 6
315.6250000000001 10 18
314.0625 10 18
317.1875000000001 10 12
318.7500000000001 10 6
317.1875000000001 10 6
318.7500000000001 10 18
317.1875000000001 10 18
320.3125 10 12
321.875 10 6
320.3125 10 6
321.875 10 18
320.3125 10 18
323.4375 10 12
325 10 6
323.4375 10 6
325 10 18
323.4375 10 18
326.5625 10 12
328.125 10 6
326.5625 10 6
328.125 10 18
326.5625 10 18
329.6875 10 12
331.2500000000001 10 6
329.6875 10 6
331.2500000000001 10 18
329.6875 10 18
332.8125000000001 10 12
334.3750000000001 10 6
332.8125000000001 10 6
334.3750000000001 10 18
332.8125000000001 10 18
335.9375 10 12
337.5 10 6
335.9375 10 6
337.5 10 18
335.9375 10 18
339.0625 10 12
340.625 10 6
339.0625 10 6
340.625 10 18
339.0625 10 18
342.1875 10 12
343.75 10 6
342.1875 10 6
343.75 10 18
342.1875 10 18
345.3125 10 12
346.8750000000001 10 6
345.3125 10 6
346.8750000000001 10 18
345.3125 10 18
348.4375000000001 10 12
350.0000000000001 10 6
348.4375000000001 10 6
350.0000000000001 10 18
348.4375000000001 10 18
351.5625 10 12
353.125 10 6
351.5625 10 6
353.125 10 18
351.5625 10 18
354.6875 10 12
356.25 10 6
354.6875 10 6
356.25 10 18
354.6875 10 18
357.8125 10 12
359.375 10 6
357.8125 10 6
359.375 10 18
357.8125 10 18
360.9375 10 12
362.5000000000001 10 6
360.9375 10 6
362.5000000000001 10 18
360.9375 10 18
364.0625000000001 10 12
365.6250000000001 10 6
364.0625000000001 10 6
365.6250000000001 10 18
364.0625000000001 10 18
367.1875 10 12
368.75 10 6
367.1875 10 6
368.75 10 18
367.1875 10 18
370.3125 10 12
371.875 10 6
370.3125 10 6
371.875 10 18
370.3125 10 18
373.4375 10 12
375 10 6
373.4375 10 6
375 10 18
373.4375 10 18
376.5625 10 12
378.1250000000001 10 6
376.5625 10 6
378.1250000000001 10 18
376.5625 10 18
379.6875000000001 10 12
381.2500000000001 10 6
379.6875000000001 10 6
381.2500000000001 10 18
379.6875000000001 10 18
382.8125 10 12
384.375 10 6
382.8125 10 6
384.375 10 18
382.8125 10 18
385.9375 10 12
387.5 10 6
385.9375 10 6
387.5 10 18
385.9375 10 18
389.0625 10 12
390.625 10 6
389.0625 10 6
390.625 10 18
389.0625 10 18
392.1875 10 12
393.7500000000001 10 6
392.1875 10 6
393.7500000000001 10 18
392.1875 10 18
395.3125000000001 10 12
396.8750000000001 10 6
395.3125000000001 10 6
396.8750000000001 10 18
395.3125000000001 10 18
398.4375 10 12
400 10 6
398.4375 10 6
400 10 18
398.4375 10 18
401.5625 10 12
403.125 10 6
401.5625 10 6
403.125 10 18
401.5625 10 18
404.6875 10 12
406.25 10 6
404.6875 10 6
406.25 10 18
404.6875 10 18
407.8125 10 12
409.3750000000001 10 6
407.8125 10 6
409.3750000000001 10 18
407.8125 10 18
410.9375000000001 10 12
412.5000000000001 10 6
410.9375000000001 10 6
412.5000000000001 10 18
410.9375000000001 10 18
414.0625 10 12
415.625 10 6
414.0625 10 6
415.625 10 18
414.0625 10 18
417.1875 10 12
418.75 10 6
417.1875 10 6
418.75 10 18
417.1875 10 18
420.3125 10 12
421.875 10 6
420.3125 10 6
421.875 10 18
420.3125 10 18
423.4375 10 12
425.0000000000001 10 6
423.4375 10 6
425.0000000000001 10 18
423.4375 10 18
426.5625000000001 10 12
428.1250000000001 10 6
426.5625000000001 10 6
428.1250000000001 10 18
426.5625000000001 10 18
429.6875 10 12
431.25 10 6
429.6875 10 6
431.25 10 18
429.6875 10 18
432.8125 10 12
434.375 10 6
432.8125 10 6
434.375 10 18
432.8125 10 18
435.9375 10 12
437.5 10 6
435.9375 10 6
437.5 10 18
435.9375 10 18
439.0625 10 12
440.6250000000001 10 6
439.0625 10 6
440.6250000000001 10 18
439.0625 10 18
442.1875000000001 10 12
443.7500000000001 10 6
442.1875000000001 10 6
443.7500000000001 10 18
442.1875000000001 10 18
445.3125 10 12
446.875 10 6
445.3125 10 6
446.875 10 18
445.3125 10 18
448.4375 10 12
450 10 6
448.4375 10 6
450 10 18
448.4375 10 18
451.5625 10 12
453.125 10 6
451.5625 10 6
453.125 10 18
451.5625 10 18
454.6875 10 12
456.2500000000001 10 6
454.6875 10 6
456.2500000000001 10 18
454.6875 10 18
457.8125000000001 10 12
459.3750000000001 10 6
457.8125000000001 10 6
459.3750000000001 10 18
457.8125000000001 10 18
460.9375 10 12
462.5 10 6
460.9375 10 6
462.5 10 18
460.9375 10 18
464.0625 10 12
465.625 10 6
464.0625 10 6
465.625 10 18
464.0625 10 18
467.1875 10 12
468.75 10 6
467.1875 10 6
468.75 10 18
467.1875 10 18
470.3125 10 12
471.8750000000001 10 6
470.3125 10 6
471.8750000000001 10 18
470.3125 10 18
473.4375000000001 10 12
475.0000000000001 10 6
473.4375000000001 10 6
475.0000000000001 10 18
473.4375000000001 10 18
476.5625 10 12
478.125 10 6
476.5625 10 6
478.125 10 18
476.5625 10 18
479.6875 10 12
481.25 10 6
479.6875 10 6
481.25 10 18
479.6875 10 18
482.8125 10 12
484.375 10 6
482.8125 10 6
484.375 10 18
482.8125 10 18
485.9375 10 12
487.5000000000001 10 6
485.9375 10 6
487.5000000000001 10 18
485.9375 10 18
489.0625000000001 10 12
490.6250000000001 10 6
489.0625000000001 10 6
490.6250000000001 10 18
489.0625000000001 10 18
492.1875 10 12
493.75 10 6
492.1875 10 6
493.75 10 18
492.1875 10 18
495.3125 10 12
496.875 10 6
495.3125 10 6
496.875 10 18
495.3125 10 18
498.4375 10 12
500 10 6
498.4375 10 6
500 10 18
498.4375 10 18
501.5625 10 12
503.1250000000001 10 6
501.5625 10 6
503.1250000000001 10 18
501.5625 10 18
504.6875 10 12
506.25 10 6
504.6875 10 6
506.25 10 18
504.6875 10 18
507.8125 10 12
509.375 10 6
507.8125 10 6
509.375 10 18
507.8125 10 18
510.9375000000001 10 12
512.5000000000001 10 6
510.9375000000001 10 6
512.5000000000001 10 18
510.9375000000001 10 18
514.0625 10 12
515.625 10 6
514.0625 10 6
515.625 10 18
514.0625 10 18
517.1875 10 12
518.75 10 6
517.1875 10 6
518.75 10 18
517.1875 10 18
520.3125 10 12
521.875 10 6
520.3125 10 6
521.875 10 18
520.3125 10 18
523.4375 10 12
525 10 6
523.4375 10 6
525 10 18
523.4375 10 18
526.5625 10 12
528.1250000000001 10 6
526.5625 10 6
528.1250000000001 10 18
526.5625 10 18
529.6875 10 12
531.25 10 6
529.6875 10 6
531.25 10 18
529.6875 10 18
532.8125 10 12
534.375 10 6
532.8125 10 6
534.375 10 18
532.8125 10 18
535.9375 10 12
537.5 10 6
535.9375 10 6
537.5 10 18
535.9375 10 18
539.0625 10 12
540.625 10 6
539.0625 10 6
540.625 10 18
539.0625 10 18
542.1875 10 12
543.7500000000001 10 6
542.1875 10 6
543.7500000000001 10 18
542.1875 10 18
545.3125 10 12
546.875 10 6
545.3125 10 6
546.875 10 18
545.3125 10 18
548.4375 10 12
550 10 6
548.4375 10 6
550 10 18
548.4375 10 18
551.5625 10 12
553.125 10 6
551.5625 10 6
553.125 10 18
551.5625 10 18
554.6875 10 12
556.25 10 6
554.6875 10 6
556.25 10 18
554.6875 10 18
557.8125 10 12
559.3750000000001 10 6
557.8125 10 6
559.3750000000001 10 18
557.8125 10 18
560.9375 10 12
562.5 10 6
560.9375 10 6
562.5 10 18
560.9375 10 18
564.0625 10 12
565.625 10 6
564.0625 10 6
565.625 10 18
564.0625 10 18
567.1875 10 12
568.75 10 6
567.1875 10 6
568.75 10 18
567.1875 10 18
570.3125 10 12
571.875 10 6
570.3125 10 6
571.875 10 18
570.3125 10 18
573.4375 10 12
575.0000000000001 10 6
573.4375 10 6
575.0000000000001 10 18
573.4375 10 18
576.5625 10 12
578.125 10 6
576.5625 10 6
578.125 10 18
576.5625 10 18
579.6875 10 12
581.25 10 6
579.6875 10 6
581.25 10 18
579.6875 10 18
582.8125 10 12
584.375 10 6
582.8125 10 6
584.375 10 18
582.8125 10 18
585.9375 10 12
587.5 10 6
585.9375 10 6
587.5 10 18
585.9375 10 18
589.0625 10 12
590.6250000000001 10 6
589.0625 10 6
590.6250000000001 10 18
589.0625 10 18
592.1875 10 12
593.75 10 6
592.1875 10 6
593.75 10 18
592.1875 10 18
595.3125 10 12
596.875 10 6
595.3125 10 6
596.875 10 18
595.3125 10 18
598.4375 10 12
600.0000000000001 10 6
598.4375 10 6
600.0000000000001 10 18
598.4375 10 18
601.5625 10 12
603.125 10 6
601.5625 10 6
603.125 10 18
601.5625 10 18
604.6875 10 12
606.2500000000001 10 6
604.6875 10 6
606.2500000000001 10 18
604.6875 10 18
607.8125 10 12
609.375 10 6
607.8125 10 6
609.375 10 18
607.8125 10 18
610.9375 10 12
612.5 10 6
610.9375 10 6
612.5 10 18
610.9375 10 18
614.0625 10 12
615.6250000000001 10 6
614.0625 10 6
615.6250000000001 10 18
614.0625 10 18
617.1875 10 12
618.75 10 6
617.1875 10 6
618.75 10 18
617.1875 10 18
620.3125 10 12
621.8750000000001 10 6
620.3125 10 6
621.8750000000001 10 18
620.3125 10 18
623.4375 10 12
625 10 6
623.4375 10 6
625 10 18
623.4375 10 18
626.5625 10 12
628.125 10 6
626.5625 10 6
628.125 10 18
626.5625 10 18
629.6875 10 12
631.2500000000001 10 6
629.6875 10 6
631.2500000000001 10 18
629.6875 10 18
632.8125 10 12
634.375 10 6
632.8125 10 6
634.375 10 18
632.8125 10 18
635.9375 10 12
637.5000000000001 10 6
635.9375 10 6
637.5000000000001 10 18
635.9375 10 18
639.0625 10 12
640.625 10 6
639.0625 10 6
640.625 10 18
639.0625 10 18
642.1875 10 12
643.75 10 6
642.1875 10 6
643.75 10 18
642.1875 10 18
645.3125 10 12
646.8750000000001 10 6
645.3125 10 6
646.8750000000001 10 18
645.3125 10 18
648.4375 10 12
650 10 6
648.4375 10 6
650 10 18
648.4375 10 18
651.5625 10 12
653.1250000000001 10 6
651.5625 10 6
653.1250000000001 10 18
651.5625 10 18
654.6875 10 12
656.25 10 6
654.6875 10 6
656.25 10 18
654.6875 10 18
657.8125 10 12
659.375 10 6
657.8125 10 6
659.375 10 18
657.8125 10 18
660.9375 10 12
662.5000000000001 10 6
660.9375 10 6
662.5000000000001 10 18
660.9375 10 18
664.0625 10 12
665.625 10 6
664.0625 10 6
665.625 10 18
664.0625 10 18
667.1875 10 12
668.7500000000001 10 6
667.1875 10 6
668.7500000000001 10 18
667.1875 10 18
670.3125 10 12
671.875 10 6
670.3125 10 6
671.875 10 18
670.3125 10 18
673.4375 10 12
675 10 6
673.4375 10 6
675 10 18
673.4375 10 18
676.5625 10 12
678.1250000000001 10 6
676.5625 10 6
678.1250000000001 10 18
676.5625 10 18
679.6875 10 12
681.25 10 6
679.6875 10 6
681.25 10 18
679.6875 10 18
682.8125 10 12
684.3750000000001 10 6
682.8125 10 6
684.3750000000001 10 18
682.8125 10 18
685.9375 10 12
687.5 10 6
685.9375 10 6
687.5 10 18
685.9375 10 18
689.0625 10 12
690.625 10 6
689.0625 10 6
690.625 10 18
689.0625 10 18
692.1875 10 12
693.7500000000001 10 6
692.1875 10 6
693.7500000000001 10 18
692.1875 10 18
695.3125 10 12
696.875 10 6
695.3125 10 6
696.875 10 18
695.3125 10 18
698.4375 10 12
700.0000000000001 10 6
698.4375 10 6
700.0000000000001 10 18
698.4375 10 18
701.5625 10 12
703.125 10 6
701.5625 10 6
703.125 10 18
701.5625 10 18
704.6875 10 12
706.25 10 6
704.6875 10 6
706.25 10 18
704.6875 10 18
707.8125 10 12
709.3750000000001 10 6
707.8125 10 6
709.3750000000001 10 18
707.8125 10 18
710.9375 10 12
712.5 10 6
710.9375 10 6
712.5 10 18
710.9375 10 18
714.0625 10 12
715.6250000000001 10 6
714.0625 10 6
715.6250000000001 10 18
714.0625 10 18
717.1875 10 12
718.75 10 6
717.1875 10 6
718.75 10 18
717.1875 10 18
720.3125 10 12
721.875 10 6
720.3125 10 6
721.875 10 18
720.3125 10 18
723.4375 10 12
725.0000000000001 10 6
723.4375 10 6
725.0000000000001 10 18
723.4375 10 18
726.5625 10 12
728.125 10 6
726.5625 10 6
728.125 10 18
726.5625 10 18
729.6875 10 12
731.2500000000001 10 6
729.6875 10 6
731.2500000000001 10 18
729.6875 10 18
732.8125 10 12
734.375 10 6
732.8125 10 6
734.375 10 18
732.8125 10 18
735.9375 10 12
737.5 10 6
735.9375 10 6
737.5 10 18
735.9375 10 18
739.0625 10 12
740.6250000000001 10 6
739.0625 10 6
740.6250000000001 10 18
739.0625 10 18
742.1875 10 12
743.75 10 6
742.1875 10 6
743.75 10 18
742.1875 10 18
745.3125 10 12
746.8750000000001 10 6
745.3125 10 6
746.8750000000001 10 18
745.3125 10 18
748.4375 10 12
750 10 6
748.4375 10 6
750 10 18
748.4375 10 18
751.5625 10 12
753.125 10 6
751.5625 10 6
753.125 10 18
751.5625 10 18
754.6875 10 12
756.2500000000001 10 6
754.6875 10 6
756.2500000000001 10 18
754.6875 10 18
757.8125 10 12
759.375 10 6
757.8125 10 6
759.375 10 18
757.8125 10 18
760.9375 10 12
762.5000000000001 10 6
760.9375 10 6
762.5000000000001 10 18
760.9375 10 18
764.0625 10 12
765.625 10 6
764.0625 10 6
765.625 10 18
764.0625 10 18
767.1875 10 12
768.75 10 6
767.1875 10 6
768.75 10 18
767.1875 10 18
770.3125 10 12
771.8750000000001 10 6
770.3125 10 6
771.8750000000001 10 18
770.3125 10 18
773.4375 10 12
775 10 6
773.4375 10 6
775 10 18
773.4375 10 18
776.5625 10 12
778.1250000000001 10 6
776.5625 10 6
778.1250000000001 10 18
776.5625 10 18
779.6875 10 12
781.25 10 6
779.6875 10 6
781.25 10 18
779.6875 10 18
782.8125 10 12
784.375 10 6
782.8125 10 6
784.375 10 18
782.8125 10 18
785.9375 10 12
787.5000000000001 10 6
785.9375 10 6
787.5000000000001 10 18
785.9375 10 18
789.0625 10 12
790.625 10 6
789.0625 10 6
790.625 10 18
789.0625 10 18
792.1875 10 12
793.7500000000001 10 6
792.1875 10 6
793.7500000000001 10 18
792.1875 10 18
795.3125 10 12
796.875 10 6
795.3125 10 6
796.875 10 18
795.3125 10 18
798.4375 10 12
800 10 6
798.4375 10 6
800 10 18
798.4375 10 18
801.5625 10 12
803.1250000000001 10 6
801.5625 10 6
803.1250000000001 10 18
801.5625 10 18
804.6875 10 12
806.25 10 6
804.6875 10 6
806.25 10 18
804.6875 10 18
807.8125 10 12
809.3750000000001 10 6
807.8125 10 6
809.3750000000001 10 18
807.8125 10 18
810.9375 10 12
812.5 10 6
810.9375 10 6
812.5 10 18
810.9375 10 18
814.0625 10 12
815.625 10 6
814.0625 10 6
815.625 10 18
814.0625 10 18
817.1875 10 12
818.7500000000001 10 6
817.1875 10 6
818.7500000000001 10 18
817.1875 10 18
820.3125 10 12
821.875 10 6
820.3125 10 6
821.875 10 18
820.3125 10 18
823.4375 10 12
825.0000000000001 10 6
823.4375 10 6
825.0000000000001 10 18
823.4375 10 18
826.5625 10 12
828.125 10 6
826.5625 10 6
828.125 10 18
826.5625 10 18
829.6875 10 12
831.25 10 6
829.6875 10 6
831.25 10 18
829.6875 10 18
832.8125 10 12
834.3750000000001 10 6
832.8125 10 6
834.3750000000001 10 18
832.8125 10 18
835.9375 10 12
837.5 10 6
835.9375 10 6
837.5 10 18
835.9375 10 18
839.0625 10 12
840.6250000000001 10 6
839.0625 10 6
840.6250000000001 10 18
839.0625 10 18
842.1875 10 12
843.75 10 6
842.1875 10 6
843.75 10 18
842.1875 10 18
845.3125 10 12
846.875 10 6
845.3125 10 6
846.875 10 18
845.3125 10 18
848.4375 10 12
850.0000000000001 10 6
848.4375 10 6
850.0000000000001 10 18
848.4375 10 18
851.5625 10 12
853.125 10 6
851.5625 10 6
853.125 10 18
851.5625 10 18
854.6875 10 12
856.2500000000001 10 6
854.6875 10 6
856.2500000000001 10 18
854.6875 10 18
857.8125 10 12
859.375 10 6
857.8125 10 6
859.375 10 18
857.8125 10 18
860.9375 10 12
862.5 10 6
860.9375 10 6
862.5 10 18
860.9375 10 18
864.0625 10 12
865.6250000000001 10 6
864.0625 10 6
865.6250000000001 10 18
864.0625 10 18
867.1875 10 12
868.75 10 6
867.1875 10 6
868.75 10 18
867.1875 10 18
870.3125 10 12
871.8750000000001 10 6
870.3125 10 6
871.8750000000001 10 18
870.3125 10 18
873.4375 10 12
875 10 6
873.4375 10 6
875 10 18
873.4375 10 18
876.5625 10 12
878.125 10 6
876.5625 10 6
878.125 10 18
876.5625 10 18
879.6875 10 12
881.2500000000001 10 6
879.6875 10 6
881.2500000000001 10 18
879.6875 10 18
882.8125 10 12
884.375 10 6
882.8125 10 6
884.375 10 18
882.8125 10 18
885.9375 10 12
887.5000000000001 10 6
885.9375 10 6
887.5000000000001 10 18
885.9375 10 18
889.0625 10 12
890.625 10 6
889.0625 10 6
890.625 10 18
889.0625 10 18
892.1875 10 12
893.75 10 6
892.1875 10 6
893.75 10 18
892.1875 10 18
895.3125 10 12
896.8750000000001 10 6
895.3125 10 6
896.8750000000001 10 18
895.3125 10 18
898.4375 10 12
900 10 6
898.4375 10 6
900 10 18
898.4375 10 18
901.5625 10 12
903.1250000000001 10 6
901.5625 10 6
903.1250000000001 10 18
901.5625 10 18
904.6875 10 12
906.25 10 6
904.6875 10 6
906.25 10 18
904.6875 10 18
907.8125 10 12
909.375 10 6
907.8125 10 6
909.375 10 18
907.8125 10 18
910.9375 10 12
912.5000000000001 10 6
910.9375 10 6
912.5000000000001 10 18
910.9375 10 18
914.0625 10 12
915.625 10 6
914.0625 10 6
915.625 10 18
914.0625 10 18
917.1875 10 12
918.7500000000001 10 6
917.1875 10 6
918.7500000000001 10 18
917.1875 10 18
920.3125 10 12
921.875 10 6
920.3125 10 6
921.875 10 18
920.3125 10 18
923.4375 10 12
925 10 6
923.4375 10 6
925 10 18
923.4375 10 18
926.5625 10 12
928.1250000000001 10 6
926.5625 10 6
928.1250000000001 10 18
926.5625 10 18
929.6875 10 12
931.25 10 6
929.6875 10 6
931.25 10 18
929.6875 10 18
932.8125 10 12
934.3750000000001 10 6
932.8125 10 6
934.3750000000001 10 18
932.8125 10 18
935.9375 10 12
937.5 10 6
935.9375 10 6
937.5 10 18
935.9375 10 18
939.0625 10 12
940.625 10 6
939.0625 10 6
940.625 10 18
939.0625 10 18
942.1875 10 12
943.7500000000001 10 6
942.1875 10 6
943.7500000000001 10 18
942.1875 10 18
945.3125 10 12
946.875 10 6
945.3125 10 6
946.875 10 18
945.3125 10 18
948.4375 10 12
950.0000000000001 10 6
948.4375 10 6
950.0000000000001 10 18
948.4375 10 18
951.5625 10 12
953.125 10 6
951.5625 10 6
953.125 10 18
951.5625 10 18
954.6875 10 12
956.25 10 6
954.6875 10 6
956.25 10 18
954.6875 10 18
957.8125 10 12
959.3750000000001 10 6
957.8125 10 6
959.3750000000001 10 18
957.8125 10 18
960.9375 10 12
962.5 10 6
960.9375 10 6
962.5 10 18
960.9375 10 18
964.0625 10 12
965.6250000000001 10 6
964.0625 10 6
965.6250000000001 10 18
964.0625 10 18
967.1875 10 12
968.75 10 6
967.1875 10 6
968.75 10 18
967.1875 10 18
970.3125 10 12
971.875 10 6
970.3125 10 6
971.875 10 18
970.3125 10 18
973.4375 10 12
975.0000000000001 10 6
973.4375 10 6
975.0000000000001 10 18
973.4375 10 18
976.5625 10 12
978.125 10 6
976.5625 10 6
978.125 10 18
976.5625 10 18
979.6875 10 12
981.2500000000001 10 6
979.6875 10 6
981.2500000000001 10 18
979.6875 10 18
982.8125 10 12
984.375 10 6
982.8125 10 6
984.375 10 18
982.8125 10 18
985.9375 10 12
987.5 10 6
985.9375 10 6
987.5 10 18
985.9375 10 18
989.0625 10 12
990.6250000000001 10 6
989.0625 10 6
990.6250000000001 10 18
989.0625 10 18
992.1875 10 12
993.75 10 6
992.1875 10 6
993.75 10 18
992.1875 10 18
995.3125 10 12
996.8750000000001 10 6
995.3125 10 6
996.8750000000001 10 18
995.3125 10 18
998.4375 10 12
998.4375 10 6
998.4375 10 18
2 5 0 1917
6441
6442
6443
6444
6445
6446
6447
6448
6449
6450
6451
6452
6453
6454
6455
6456
6457
6458
6459
6460
6461
6462
6463
6464
6465
6466
6467
6468
6469
6470
6471
6472
6473
6474
6475
6476
6477
6478
6479
6480
6481
6482
6483
6484
6485
6486
6487
6488
6489
6490
6491
6492
6493
6494
6495
6496
6497
6498
6499
6500
6501
6502
6503
6504
6505
6506
6507
6508
6509
6510
6511
6512
6513
6514
6515
6516
6517
6518
6519
6520
6521
6522
6523
6524
6525
6526
6527
6528
6529
6530
6531
6532
6533
6534
6535
6536
6537
6538
6539
6540
6541
6542
6543
6544
6545
6546
6547
6548
6549
6550
6551
6552
6553
6554
6555
6556
6557
6558
6559
6560
6561
6562
6563
6564
6565
6566
6567
6568
6569
6570
6571
6572
6573
6574
6575
6576
6577
6578
6579
6580
6581
6582
6583
6584
6585
6586
6587
6588
6589
6590
6591
6592
6593
6594
6595
6596
6597
6598
6599
6600
6601
6602
6603
6604
6605
6606
6607
6608
6609
6610
6611
6612
6613
6614
6615
6616
6617
6618
6619
6620
6621
6622
6623
6624
6625
6626
6627
6628
6629
6630
6631
6632
6633
6634
6635
6636
6637
6638
6639
6640
6641
6642
6643
6644
6645
6646
6647
6648
6649
6650
6651
6652
6653
6654
6655
6656
6657
6658
6659
6660
6661
6662
6663
6664
6665
6666
6667
6668
6669
6670
6671
6672
6673
6674
6675
6676
6677
6678
6679
6680
6681
6682
6683
6684
6685
6686
6687
6688
6689
6690
6691
6692
6693
6694
6695
6696
6697
6698
6699
6700
6701
6702
6703
6704
6705
6706
6707
6708
6709
6710
6711
6712
6713
6714
6715
6716
6717
6718
6719
6720
6721
6722
6723
6724
6725
6726
6727
6728
6729
6730
6731
6732
6733
6734
6735
6736
6737
6738
6739
6740
6741
6742
6743
6744
6745
6746
6747
6748
6749
6750
6751
6752
6753
6754
6755
6756
6757
6758
6759
6760
6761
6762
6763
6764
6765
6766
6767
6768
6769
6770
6771
6772
6773
6774
6775
6776
6777
6778
6779
6780
6781
6782
6783
6784
6785
6786
6787
6788
6789
6790
6791
6792
6793
6794
6795
6796
6797
6798
6799
6800
6801
6802
6803
6804
6805
6806
6807
6808
6809
6810
6811
6812
6813
6814
6815
6816
6817
6818
6819
6820
6821
6822
6823
6824
6825
6826
6827
6828
6829
6830
6831
6832
6833
6834
6835
6836
6837
6838
6839
6840
6841
6842
6843
6844
6845
6846
6847
6848
6849
6850
6851
6852
6853
6854
6855
6856
6857
6858
6859
6860
6861
6862
6863
6864
6865
6866
6867
6868
6869
6870
6871
6872
6873
6874
6875
6876
6877
6878
6879
6880
6881
6882
6883
6884
6885
6886
6887
6888
6889
6890
6891
6892
6893
6894
6895
6896
6897
6898
6899
6900
6901
6902
6903
6904
6905
6906
6907
6908
6909
6910
6911
6912
6913
6914
6915
6916
6917
6918
6919
6920
6921
6922
6923
6924
6925
6926
6927
6928
6929
6930
6931
6932
6933
6934
6935
6936
6937
6938
6939
6940
6941
6942
6943
6944
6945
6946
6947
6948
6949
6950
6951
6952
6953
6954
6955
6956
6957
6958
6959
6960
6961
6962
6963
6964
6965
6966
6967
6968
6969
6970
6971
6972
6973
6974
6975
6976
6977
6978
6979
6980
6981
6982
6983
6984
6985
6986
6987
6988
6989
6990
6991
6992
6993
6994
6995
6996
6997
6998
6999
7000
7001
7002
7003
7004
7005
7006
7007
7008
7009
7010
7011
7012
7013
7014
7015
7016
7017
7018
7019
7020
7021
7022
7023
7024
7025
7026
7027
7028
7029
7030
7031
7032
7033
7034
7035
7036
7037
7038
7039
7040
7041
7042
7043
7044
7045
7046
7047
7048
7049
7050
7051
7052
7053
7054
7055
7056
7057
7058
7059
7060
7061
7062
7063
7064
7065
7066
7067
7068
7069
7070
7071
7072
7073
7074
7075
7076
7077
7078
7079
7080
7081
7082
7083
7084
7085
7086
7087
7088
7089
7090
7091
7092
7093
7094
7095
7096
7097
7098
7099
7100
7101
7102
7103
7104
7105
7106
7107
7108
7109
7110
7111
7112
7113
7114
7115
7116
7117
7118
7119
7120
7121
7122
7123
7124
7125
7126
7127
7128
7129
7130
7131
7132
7133
7134
7135
7136
7137
7138
7139
7140
7141
7142
7143
7144
7145
7146
7147
7148
7149
7150
7151
7152
7153
7154
7155
7156
7157
7158
7159
7160
7161
7162
7163
7164
7165
7166
7167
7168
7169
7170
7171
7172
7173
7174
7175
7176
7177
7178
7179
7180
7181
7182
7183
7184
7185
7186
7187
7188
7189
7190
7191
7192
7193
7194
7195
7196
7197
7198
7199
7200
7201
7202
7203
7204
7205
7206
7207
7208
7209
7210
7211
7212
7213
7214
7215
7216
7217
7218
7219
7220
7221
7222
7223
7224
7225
7226
7227
7228
7229
7230
7231
7232
7233
7234
7235
7236
7237
7238
7239
7240
7241
7242
7243
7244
7245
7246
7247
7248
7249
7250
7251
7252
7253
7254
7255
7256
7257
7258
7259
7260
7261
7262
7263
7264
7265
7266
7267
7268
7269
7270
7271
7272
7273
7274
7275
7276
7277
7278
7279
7280
7281
7282
7283
7284
7285
7286
7287
7288
7289
7290
7291
7292
7293
7294
7295
7296
7297
7298
7299
7300
7301
7302
7303
7304
7305
7306
7307
7308
7309
7310
7311
7312
7313
7314
7315
7316
7317
7318
7319
7320
7321
7322
7323
7324
7325
7326
7327
7328
7329
7330
7331
7332
7333
7334
7335
7336
7337
7338
7339
7340
7341
7342
7343
7344
7345
7346
7347
7348
7349
7350
7351
7352
7353
7354
7355
7356
7357
7358
7359
7360
7361
7362
7363
7364
7365
7366
7367
7368
7369
7370
7371
7372
7373
7374
7375
7376
7377
7378
7379
7380
7381
7382
7383
7384
7385
7386
7387
7388
7389
7390
7391
7392
7393
7394
7395
7396
7397
7398
7399
7400
7401
7402
7403
7404
7405
7406
7407
7408
7409
7410
7411
7412
7413
7414
7415
7416
7417
7418
7419
7420
7421
7422
7423
7424
7425
7426
7427
7428
7429
7430
7431
7432
7433
7434
7435
7436
7437
7438
7439
7440
7441
7442
7443
7444
7445
7446
7447
7448
7449
7450
7451
7452
7453
7454
7455
7456
7457
7458
7459
7460
7461
7462
7463
7464
7465
7466
7467
7468
7469
7470
7471
7472
7473
7474
7475
7476
7477
7478
7479
7480
7481
7482
7483
7484
7485
7486
7487
7488
7489
7490
7491
7492
7493
7494
7495
7496
7497
7498
7499
7500
7501
7502
7503
7504
7505
7506
7507
7508
7509
7510
7511
7512
7513
7514
7515
7516
7517
7518
7519
7520
7521
7522
7523
7524
7525
7526
7527
7528
7529
7530
7531
7532
7533
7534
7535
7536
7537
7538
7539
7540
7541
7542
7543
7544
7545
7546
7547
7548
7549
7550
7551
7552
7553
7554
7555
7556
7557
7558
7559
7560
7561
7562
7563
7564
7565
7566
7567
7568
7569
7570
7571
7572
7573
7574
7575
7576
7577
7578
7579
7580
7581
7582
7583
7584
7585
7586
7587
7588
7589
7590
7591
7592
7593
7594
7595
7596
7597
7598
7599
7600
7601
7602
7603
7604
7605
7606
7607
7608
7609
7610
7611
7612
7613
7614
7615
7616
7617
7618
7619
7620
7621
7622
7623
7624
7625
7626
7627
7628
7629
7630
7631
7632
7633
7634
7635
7636
7637
7638
7639
7640
7641
7642
7643
7644
7645
7646
7647
7648
7649
7650
7651
7652
7653
7654
7655
7656
7657
7658
7659
7660
7661
7662
7663
7664
7665
7666
7667
7668
7669
7670
7671
7672
7673
7674
7675
7676
7677
7678
7679
7680
7681
7682
7683
7684
7685
7686
7687
7688
7689
7690
7691
7692
7693
7694
7695
7696
7697
7698
7699
7700
7701
7702
7703
7704
7705
7706
7707
7708
7709
7710
7711
7712
7713
7714
7715
7716
7717
7718
7719
7720
7721
7722
7723
7724
7725
7726
7727
7728
7729
7730
7731
7732
7733
7734
7735
7736
7737
7738
7739
7740
7741
7742
7743
7744
7745
7746
7747
7748
7749
7750
7751
7752
7753
7754
7755
7756
7757
7758
7759
7760
7761
7762
7763
7764
7765
7766
7767
7768
7769
7770
7771
7772
7773
7774
7775
7776
7777
7778
7779
7780
7781
7782
7783
7784
7785
7786
7787
7788
7789
7790
7791
7792
7793
7794
7795
7796
7797
7798
7799
7800
7801
7802
7803
7804
7805
7806
7807
7808
7809
7810
7811
7812
7813
7814
7815
7816
7817
7818
7819
7820
7821
7822
7823
7824
7825
7826
7827
7828
7829
7830
7831
7832
7833
7834
7835
7836
7837
7838
7839
7840
7841
7842
7843
7844
7845
7846
7847
7848
7849
7850
7851
7852
7853
7854
7855
7856
7857
7858
7859
7860
7861
7862
7863
7864
7865
7866
7867
7868
7869
7870
7871
7872
7873
7874
7875
7876
7877
7878
7879
7880
7881
7882
7883
7884
7885
7886
7887
7888
7889
7890
7891
7892
7893
7894
7895
7896
7897
7898
7899
7900
7901
7902
7903
7904
7905
7906
7907
7908
7909
7910
7911
7912
7913
7914
7915
7916
7917
7918
7919
7920
7921
7922
7923
7924
7925
7926
7927
7928
7929
7930
7931
7932
7933
7934
7935
7936
7937
7938
7939
7940
7941
7942
7943
7944
7945
7946
7947
7948
7949
7950
7951
7952
7953
7954
7955
7956
7957
7958
7959
7960
7961
7962
7963
7964
7965
7966
7967
7968
7969
7970
7971
7972
7973
7974
7975
7976
7977
7978
7979
7980
7981
7982
7983
7984
7985
7986
7987
7988
7989
7990
7991
7992
7993
7994
7995
7996
7997
7998
7999
8000
8001
8002
8003
8004
8005
8006
8007
8008
8009
8010
8011
8012
8013
8014
8015
8016
8017
8018
8019
8020
8021
8022
8023
8024
8025
8026
8027
8028
8029
8030
8031
8032
8033
8034
8035
8036
8037
8038
8039
8040
8041
8042
8043
8044
8045
8046
8047
8048
8049
8050
8051
8052
8053
8054
8055
8056
8057
8058
8059
8060
8061
8062
8063
8064
8065
8066
8067
8068
8069
8070
8071
8072
8073
8074
8075
8076
8077
8078
8079
8080
8081
8082
8083
8084
8085
8086
8087
8088
8089
8090
8091
8092
8093
8094
8095
8096
8097
8098
8099
8100
8101
8102
8103
8104
8105
8106
8107
8108
8109
8110
8111
8112
8113
8114
8115
8116
8117
8118
8119
8120
8121
8122
8123
8124
8125
8126
8127
8128
8129
8130
8131
8132
8133
8134
8135
8136
8137
8138
8139
8140
8141
8142
8143
8144
8145
8146
8147
8148
8149
8150
8151
8152
8153
8154
8155
8156
8157
8158
8159
8160
8161
8162
8163
8164
8165
8166
8167
8168
8169
8170
8171
8172
8173
8174
8175
8176
8177
8178
8179
8180
8181
8182
8183
8184
8185
8186
8187
8188
8189
8190
8191
8192
8193
8194
8195
8196
8197
8198
8199
8200
8201
8202
8203
8204
8205
8206
8207
8208
8209
8210
8211
8212
8213
8214
8215
8216
8217
8218
8219
8220
8221
8222
8223
8224
8225
8226
8227
8228
8229
8230
8231
8232
8233
8234
8235
8236
8237
8238
8239
8240
8241
8242
8243
8244
8245
8246
8247
8248
8249
8250
8251
8252
8253
8254
8255
8256
8257
8258
8259
8260
8261
8262
8263
8264
8265
8266
8267
8268
8269
8270
8271
8272
8273
8274
8275
8276
8277
8278
8279
8280
8281
8282
8283
8284
8285
8286
8287
8288
8289
8290
8291
8292
8293
8294
8295
8296
8297
8298
8299
8300
8301
8302
8303
8304
8305
8306
8307
8308
8309
8310
8311
8312
8313
8314
8315
8316
8317
8318
8319
8320
8321
8322
8323
8324
8325
8326
8327
8328
8329
8330
8331
8332
8333
8334
8335
8336
8337
8338
8339
8340
8341
8342
8343
8344
8345
8346
8347
8348
8349
8350
8351
8352
8353
8354
8355
8356
8357
3.125 5 0
6.25 5 0
9.375000000000002 5 0
12.5 5 0
15.625 5 0
18.75 5 0
21.875 5 0
25 5 0
28.125 5 0
31.25 5 0
34.375 5 0
37.50000000000001 5 0
40.625 5 0
43.75000000000001 5 0
46.875 5 0
50 5 0
53.12500000000001 5 0
56.25 5 0
59.37500000000001 5 0
62.5 5 0
65.625 5 0
68.75 5 0
71.87500000000001 5 0
75.00000000000001 5 0
78.125 5 0
81.25 5 0
84.375 5 0
87.50000000000001 5 0
90.62500000000001 5 0
93.75 5 0
96.875 5 0
100 5 0
103.125 5 0
106.25 5 0
109.375 5 0
112.5 5 0
115.625 5 0
118.75 5 0
121.875 5 0
125 5 0
128.125 5 0
131.25 5 0
134.375 5 0
137.5 5 0
140.625 5 0
143.75 5 0
146.875 5 0
150 5 0
153.125 5 0
156.25 5 0
159.375 5 0
162.5 5 0
165.625 5 0
168.75 5 0
171.875 5 0
175 5 0
178.125 5 0
181.25 5 0
184.375 5 0
187.5 5 0
190.625 5 0
193.75 5 0
196.875 5 0
200 5 0
203.125 5 0
206.25 5 0
209.375 5 0
212.5 5 0
215.625 5 0
218.75 5 0
221.875 5 0
225 5 0
228.125 5 0
231.25 5 0
234.375 5 0
237.5 5 0
240.625 5 0
243.75 5 0
246.875 5 0
250 5 0
253.125 5 0
256.2500000000001 5 0
259.375 5 0
262.5 5 0
265.625 5 0
268.75 5 0
271.8750000000001 5 0
275 5 0
278.125 5 0
281.25 5 0
284.375 5 0
287.5000000000001 5 0
290.625 5 0
293.75 5 0
296.875 5 0
300.0000000000001 5 0
303.1250000000001 5 0
306.25 5 0
309.375 5 0
312.5 5 0
315.6250000000001 5 0
318.7500000000001 5 0
321.875 5 0
325 5 0
328.125 5 0
331.2500000000001 5 0
334.3750000000001 5 0
337.5 5 0
340.625 5 0
343.75 5 0
346.8750000000001 5 0
350.0000000000001 5 0
353.125 5 0
356.25 5 0
359.375 5 0
362.5000000000001 5 0
365.6250000000001 5 0
368.75 5 0
371.875 5 0
375 5 0
378.1250000000001 5 0
381.2500000000001 5 0
384.375 5 0
387.5 5 0
390.625 5 0
393.7500000000001 5 0
396.8750000000001 5 0
400 5 0
403.125 5 0
406.25 5 0
409.3750000000001 5 0
412.5000000000001 5 0
415.625 5 0
418.75 5 0
421.875 5 0
425.0000000000001 5 0
428.1250000000001 5 0
431.25 5 0
434.375 5 0
437.5 5 0
440.6250000000001 5 0
443.7500000000001 5 0
446.875 5 0
450 5 0
453.125 5 0
456.2500000000001 5 0
459.3750000000001 5 0
462.5 5 0
465.625 5 0
468.75 5 0
471.8750000000001 5 0
475.0000000000001 5 0
478.125 5 0
481.25 5 0
484.375 5 0
487.5000000000001 5 0
490.6250000000001 5 0
493.75 5 0
496.875 5 0
500 5 0
503.1250000000001 5 0
506.25 5 0
509.375 5 0
512.5000000000001 5 0
515.625 5 0
518.75 5 0
521.875 5 0
525 5 0
528.1250000000001 5 0
531.25 5 0
534.375 5 0
537.5 5 0
540.625 5 0
543.7500000000001 5 0
546.875 5 0
550 5 0
553.125 5 0
556.25 5 0
559.3750000000001 5 0
562.5 5 0
565.625 5 0
568.75 5 0
571.875 5 0
575.0000000000001 5 0
578.125 5 0
581.25 5 0
584.375 5 0
587.5 5 0
590.6250000000001 5 0
593.75 5 0
596.875 5 0
600.0000000000001 5 0
603.125 5 0
606.2500000000001 5 0
609.375 5 0
612.5 5 0
615.6250000000001 5 0
618.75 5 0
621.8750000000001 5 0
625 5 0
628.125 5 0
631.2500000000001 5 0
634.375 5 0
637.5000000000001 5 0
640.625 5 0
643.75 5 0
646.8750000000001 5 0
650 5 0
653.1250000000001 5 0
656.25 5 0
659.375 5 0
662.5000000000001 5 0
665.625 5 0
668.7500000000001 5 0
671.875 5 0
675 5 0
678.1250000000001 5 0
681.25 5 0
684.3750000000001 5 0
687.5 5 0
690.625 5 0
693.7500000000001 5 0
696.875 5 0
700.0000000000001 5 0
703.125 5 0
706.25 5 0
709.3750000000001 5 0
712.5 5 0
715.6250000000001 5 0
718.75 5 0
721.875 5 0
725.0000000000001 5 0
728.125 5 0
731.2500000000001 5 0
734.375 5 0
737.5 5 0
740.6250000000001 5 0
743.75 5 0
746.8750000000001 5 0
750 5 0
753.125 5 0
756.2500000000001 5 0
759.375 5 0
762.5000000000001 5 0
765.625 5 0
768.75 5 0
771.8750000000001 5 0
775 5 0
778.1250000000001 5 0
781.25 5 0
784.375 5 0
787.5000000000001 5 0
790.625 5 0
793.7500000000001 5 0
796.875 5 0
800 5 0
803.1250000000001 5 0
806.25 5 0
809.3750000000001 5 0
812.5 5 0
815.625 5 0
818.7500000000001 5 0
821.875 5 0
825.0000000000001 5 0
828.125 5 0
831.25 5 0
834.3750000000001 5 0
837.5 5 0
840.6250000000001 5 0
843.75 5 0
846.875 5 0
850.0000000000001 5 0
853.125 5 0
856.2500000000001 5 0
859.375 5 0
862.5 5 0
865.6250000000001 5 0
868.75 5 0
871.8750000000001 5 0
875 5 0
878.125 5 0
881.2500000000001 5 0
884.375 5 0
887.5000000000001 5 0
890.625 5 0
893.75 5 0
896.8750000000001 5 0
900 5 0
903.1250000000001 5 0
906.25 5 0
909.375 5 0
912.5000000000001 5 0
915.625 5 0
918.7500000000001 5 0
921.875 5 0
925 5 0
928.1250000000001 5 0
931.25 5 0
934.3750000000001 5 0
937.5 5 0
940.625 5 0
943.7500000000001 5 0
946.875 5 0
950.0000000000001 5 0
953.125 5 0
956.25 5 0
959.3750000000001 5 0
962.5 5 0
965.6250000000001 5 0
968.75 5 0
971.875 5 0
975.0000000000001 5 0
978.125 5 0
981.2500000000001 5 0
984.375 5 0
987.5 5 0
990.6250000000001 5 0
993.75 5 0
996.8750000000001 5 0
1.5625 5 0
3.125 2.5 0
1.5625 2.5 0
4.6875 5 0
6.25 2.5 0
4.6875 2.5 0
7.812500000000001 5 0
9.375000000000002 2.5 0
7.812500000000002 2.5 0
10.9375 5 0
12.5 2.5 0
10.9375 2.5 0
14.0625 5 0
15.625 2.5 0
14.0625 2.5 0
17.1875 5 0
18.75 2.5 0
17.1875 2.5 0
20.3125 5 0
21.875 2.5 0
20.3125 2.5 0
23.4375 5 0
25 2.5 0
23.4375 2.5 0
26.5625 5 0
28.125 2.5 0
26.5625 2.5 0
29.6875 5 0
31.25 2.5 0
29.6875 2.5 0
32.8125 5 0
34.375 2.5 0
32.8125 2.5 0
35.9375 5 0
37.50000000000001 2.5 0
35.9375 2.5 0
39.0625 5 0
40.625 2.5 0
39.0625 2.5 0
42.1875 5 0
43.75000000000001 2.5 0
42.1875 2.5 0
45.3125 5 0
46.875 2.5 0
45.3125 2.5 0
48.4375 5 0
50 2.5 0
48.4375 2.5 0
51.5625 5 0
53.12500000000001 2.5 0
51.5625 2.5 0
54.6875 5 0
56.25 2.5 0
54.6875 2.5 0
57.8125 5 0
59.37500000000001 2.5 0
57.8125 2.5 0
60.9375 5 0
62.5 2.5 0
60.9375 2.5 0
64.0625 5 0
65.625 2.5 0
64.0625 2.5 0
67.1875 5 0
68.75 2.5 0
67.1875 2.5 0
70.3125 5 0
71.87500000000001 2.5 0
70.3125 2.5 0
73.43750000000001 5 0
75.00000000000001 2.5 0
73.43750000000001 2.5 0
76.5625 5 0
78.125 2.5 0
76.5625 2.5 0
79.6875 5 0
81.25 2.5 0
79.6875 2.5 0
82.8125 5 0
84.375 2.5 0
82.8125 2.5 0
85.9375 5 0
87.50000000000001 2.5 0
85.9375 2.5 0
89.06250000000001 5 0
90.62500000000001 2.5 0
89.06250000000001 2.5 0
92.1875 5 0
93.75 2.5 0
92.1875 2.5 0
95.3125 5 0
96.875 2.5 0
95.3125 2.5 0
98.4375 5 0
100 2.5 0
98.4375 2.5 0
101.5625 5 0
103.125 2.5 0
101.5625 2.5 0
104.6875 5 0
106.25 2.5 0
104.6875 2.5 0
107.8125 5 0
109.375 2.5 0
107.8125 2.5 0
110.9375 5 0
112.5 2.5 0
110.9375 2.5 0
114.0625 5 0
115.625 2.5 0
114.0625 2.5 0
117.1875 5 0
118.75 2.5 0
117.1875 2.5 0
120.3125 5 0
121.875 2.5 0
120.3125 2.5 0
123.4375 5 0
125 2.5 0
123.4375 2.5 0
126.5625 5 0
128.125 2.5 0
126.5625 2.5 0
129.6875 5 0
131.25 2.5 0
129.6875 2.5 0
132.8125 5 0
134.375 2.5 0
132.8125 2.5 0
135.9375 5 0
137.5 2.5 0
135.9375 2.5 0
139.0625 5 0
140.625 2.5 0
139.0625 2.5 0
142.1875 5 0
143.75 2.5 0
142.1875 2.5 0
145.3125 5 0
146.875 2.5 0
145.3125 2.5 0
148.4375 5 0
150 2.5 0
148.4375 2.5 0
151.5625 5 0
153.125 2.5 0
151.5625 2.5 0
154.6875 5 0
156.25 2.5 0
154.6875 2.5 0
157.8125 5 0
159.375 2.5 0
157.8125 2.5 0
160.9375 5 0
162.5 2.5 0
160.9375 2.5 0
164.0625 5 0
165.625 2.5 0
164.0625 2.5 0
167.1875 5 0
168.75 2.5 0
167.1875 2.5 0
170.3125 5 0
171.875 2.5 0
170.3125 2.5 0
173.4375 5 0
175 2.5 0
173.4375 2.5 0
176.5625 5 0
178.125 2.5 0
176.5625 2.5 0
179.6875 5 0
181.25 2.5 0
179.6875 2.5 0
182.8125 5 0
184.375 2.5 0
182.8125 2.5 0
185.9375 5 0
187.5 2.5 0
185.9375 2.5 0
189.0625 5 0
190.625 2.5 0
189.0625 2.5 0
192.1875 5 0
193.75 2.5 0
192.1875 2.5 0
195.3125 5 0
196.875 2.5 0
195.3125 2.5 0
198.4375 5 0
200 2.5 0
198.4375 2.5 0
201.5625 5 0
203.125 2.5 0
201.5625 2.5 0
204.6875 5 0
206.25 2.5 0
204.6875 2.5 0
207.8125 5 0
209.375 2.5 0
207.8125 2.5 0
210.9375 5 0
212.5 2.5 0
210.9375 2.5 0
214.0625 5 0
215.625 2.5 0
214.0625 2.5 0
217.1875 5 0
218.75 2.5 0
217.1875 2.5 0
220.3125 5 0
221.875 2.5 0
220.3125 2.5 0
223.4375 5 0
225 2.5 0
223.4375 2.5 0
226.5625 5 0
228.125 2.5 0
226.5625 2.5 0
229.6875 5 0
231.25 2.5 0
229.6875 2.5 0
232.8125 5 0
234.375 2.5 0
232.8125 2.5 0
235.9375 5 0
237.5 2.5 0
235.9375 2.5 0
239.0625 5 0
240.625 2.5 0
239.0625 2.5 0
242.1875 5 0
243.75 2.5 0
242.1875 2.5 0
245.3125 5 0
246.875 2.5 0
245.3125 2.5 0
248.4375 5 0
250 2.5 0
248.4375 2.5 0
251.5625 5 0
253.125 2.5 0
251.5625 2.5 0
254.6875 5 0
256.2500000000001 2.5 0
254.6875000000001 2.5 0
257.8125 5 0
259.375 2.5 0
257.8125 2.5 0
260.9375 5 0
262.5 2.5 0
260.9375 2.5 0
264.0625 5 0
265.625 2.5 0
264.0625 2.5 0
267.1875 5 0
268.75 2.5 0
267.1875 2.5 0
270.3125 5 0
271.8750000000001 2.5 0
270.3125 2.5 0
273.4375 5 0
275 2.5 0
273.4375 2.5 0
276.5625 5 0
278.125 2.5 0
276.5625 2.5 0
279.6875 5 0
281.25 2.5 0
279.6875 2.5 0
282.8125 5 0
284.375 2.5 0
282.8125 2.5 0
285.9375 5 0
287.5000000000001 2.5 0
285.9375 2.5 0
289.0625 5 0
290.625 2.5 0
289.0625 2.5 0
292.1875 5 0
293.75 2.5 0
292.1875 2.5 0
295.3125 5 0
296.875 2.5 0
295.3125 2.5 0
298.4375 5 0
300.0000000000001 2.5 0
298.4375 2.5 0
301.5625000000001 5 0
303.1250000000001 2.5 0
301.5625000000001 2.5 0
304.6875 5 0
306.25 2.5 0
304.6875 2.5 0
307.8125 5 0
309.375 2.5 0
307.8125 2.5 0
310.9375 5 0
312.5 2.5 0
310.9375 2.5 0
314.0625 5 0
315.6250000000001 2.5 0
314.0625 2.5 0
317.1875000000001 5 0
318.7500000000001 2.5 0
317.1875000000001 2.5 0
320.3125 5 0
321.875 2.5 0
320.3125 2.5 0
323.4375 5 0
325 2.5 0
323.4375 2.5 0
326.5625 5 0
328.125 2.5 0
326.5625 2.5 0
329.6875 5 0
331.2500000000001 2.5 0
329.6875 2.5 0
332.8125000000001 5 0
334.3750000000001 2.5 0
332.8125000000001 2.5 0
335.9375 5 0
337.5 2.5 0
335.9375 2.5 0
339.0625 5 0
340.625 2.5 0
339.0625 2.5 0
342.1875 5 0
343.75 2.5 0
342.1875 2.5 0
345.3125 5 0
346.8750000000001 2.5 0
345.3125 2.5 0
348.4375000000001 5 0
350.0000000000001 2.5 0
348.4375000000001 2.5 0
351.5625 5 0
353.125 2.5 0
351.5625 2.5 0
354.6875 5 0
356.25 2.5 0
354.6875 2.5 0
357.8125 5 0
359.375 2.5 0
357.8125 2.5 0
360.9375 5 0
362.5000000000001 2.5 0
360.9375 2.5 0
364.0625000000001 5 0
365.6250000000001 2.5 0
364.0625000000001 2.5 0
367.1875 5 0
368.75 2.5 0
367.1875 2.5 0
370.3125 5 0
371.875 2.5 0
370.3125 2.5 0
373.4375 5 0
375 2.5 0
373.4375 2.5 0
376.5625 5 0
378.1250000000001 2.5 0
376.5625 2.5 0
379.6875000000001 5 0
381.2500000000001 2.5 0
379.6875000000001 2.5 0
382.8125 5 0
384.375 2.5 0
382.8125 2.5 0
385.9375 5 0
387.5 2.5 0
385.9375 2.5 0
389.0625 5 0
390.625 2.5 0
389.0625 2.5 0
392.1875 5 0
393.7500000000001 2.5 0
392.1875 2.5 0
395.3125000000001 5 0
396.8750000000001 2.5 0
395.3125000000001 2.5 0
398.4375 5 0
400 2.5 0
398.4375 2.5 0
401.5625 5 0
403.125 2.5 0
401.5625 2.5 0
404.6875 5 0
406.25 2.5 0
404.6875 2.5 0
407.8125 5 0
409.3750000000001 2.5 0
407.8125 2.5 0
410.9375000000001 5 0
412.5000000000001 2.5 0
410.9375000000001 2.5 0
414.0625 5 0
415.625 2.5 0
414.0625 2.5 0
417.1875 5 0
418.75 2.5 0
417.1875 2.5 0
420.3125 5 0
421.875 2.5 0
420.3125 2.5 0
423.4375 5 0
425.0000000000001 2.5 0
423.4375 2.5 0
426.5625000000001 5 0
428.1250000000001 2.5 0
426.5625000000001 2.5 0
429.6875 5 0
431.25 2.5 0
429.6875 2.5 0
432.8125 5 0
434.375 2.5 0
432.8125 2.5 0
435.9375 5 0
437.5 2.5 0
435.9375 2.5 0
439.0625 5 0
440.6250000000001 2.5 0
439.0625 2.5 0
442.1875000000001 5 0
443.7500000000001 2.5 0
442.1875000000001 2.5 0
445.3125 5 0
446.875 2.5 0
445.3125 2.5 0
448.4375 5 0
450 2.5 0
448.4375 2.5 0
451.5625 5 0
453.125 2.5 0
451.5625 2.5 0
454.6875 5 0
456.2500000000001 2.5 0
454.6875 2.5 0
457.8125000000001 5 0
459.3750000000001 2.5 0
457.8125000000001 2.5 0
460.9375 5 0
462.5 2.5 0
460.9375 2.5 0
464.0625 5 0
465.625 2.5 0
464.0625 2.5 0
467.1875 5 0
468.75 2.5 0
467.1875 2.5 0
470.3125 5 0
471.8750000000001 2.5 0
470.3125 2.5 0
473.4375000000001 5 0
475.0000000000001 2.5 0
473.4375000000001 2.5 0
476.5625 5 0
478.125 2.5 0
476.5625 2.5 0
479.6875 5 0
481.25 2.5 0
479.6875 2.5 0
482.8125 5 0
484.375 2.5 0
482.8125 2.5 0
485.9375 5 0
487.5000000000001 2.5 0
485.9375 2.5 0
489.0625000000001 5 0
490.6250000000001 2.5 0
489.0625000000001 2.5 0
492.1875 5 0
493.75 2.5 0
492.1875 2.5 0
495.3125 5 0
496.875 2.5 0
495.3125 2.5 0
498.4375 5 0
500 2.5 0
498.4375 2.5 0
501.5625 5 0
503.1250000000001 2.5 0
501.5625 2.5 0
504.6875 5 0
506.25 2.5 0
504.6875 2.5 0
507.8125 5 0
509.375 2.5 0
507.8125 2.5 0
510.9375000000001 5 0
512.5000000000001 2.5 0
510.9375000000001 2.5 0
514.0625 5 0
515.625 2.5 0
514.0625 2.5 0
517.1875 5 0
518.75 2.5 0
517.1875 2.5 0
520.3125 5 0
521.875 2.5 0
520.3125 2.5 0
523.4375 5 0
525 2.5 0
523.4375 2.5 0
526.5625 5 0
528.1250000000001 2.5 0
526.5625 2.5 0
529.6875 5 0
531.25 2.5 0
529.6875 2.5 0
532.8125 5 0
534.375 2.5 0
532.8125 2.5 0
535.9375 5 0
537.5 2.5 0
535.9375 2.5 0
539.0625 5 0
540.625 2.5 0
539.0625 2.5 0
542.1875 5 0
543.7500000000001 2.5 0
542.1875 2.5 0
545.3125 5 0
546.875 2.5 0
545.3125 2.5 0
548.4375 5 0
550 2.5 0
548.4375 2.5 0
551.5625 5 0
553.125 2.5 0
551.5625 2.5 0
554.6875 5 0
556.25 2.5 0
554.6875 2.5 0
557.8125 5 0
559.3750000000001 2.5 0
557.8125 2.5 0
560.9375 5 0
562.5 2.5 0
560.9375 2.5 0
564.0625 5 0
565.625 2.5 0
564.0625 2.5 0
567.1875 5 0
568.75 2.5 0
567.1875 2.5 0
570.3125 5 0
571.875 2.5 0
570.3125 2.5 0
573.4375 5 0
575.0000000000001 2.5 0
573.4375 2.5 0
576.5625 5 0
578.125 2.5 0
576.5625 2.5 0
579.6875 5 0
581.25 2.5 0
579.6875 2.5 0
582.8125 5 0
584.375 2.5 0
582.8125 2.5 0
585.9375 5 0
587.5 2.5 0
585.9375 2.5 0
589.0625 5 0
590.6250000000001 2.5 0
589.0625 2.5 0
592.1875 5 0
593.75 2.5 0
592.1875 2.5 0
595.3125 5 0
596.875 2.5 0
595.3125 2.5 0
598.4375 5 0
600.0000000000001 2.5 0
598.4375 2.5 0
601.5625 5 0
603.125 2.5 0
601.5625 2.5 0
604.6875 5 0
606.2500000000001 2.5 0
604.6875 2.5 0
607.8125 5 0
609.375 2.5 0
607.8125 2.5 0
610.9375 5 0
612.5 2.5 0
610.9375 2.5 0
614.0625 5 0
615.6250000000001 2.5 0
614.0625 2.5 0
617.1875 5 0
618.75 2.5 0
617.1875 2.5 0
620.3125 5 0
621.8750000000001 2.5 0
620.3125 2.5 0
623.4375 5 0
625 2.5 0
623.4375 2.5 0
626.5625 5 0
628.125 2.5 0
626.5625 2.5 0
629.6875 5 0
631.2500000000001 2.5 0
629.6875 2.5 0
632.8125 5 0
634.375 2.5 0
632.8125 2.5 0
635.9375 5 0
637.5000000000001 2.5 0
635.9375 2.5 0
639.0625 5 0
640.625 2.5 0
639.0625 2.5 0
642.1875 5 0
643.75 2.5 0
642.1875 2.5 0
645.3125 5 0
646.8750000000001 2.5 0
645.3125 2.5 0
648.4375 5 0
650 2.5 0
648.4375 2.5 0
651.5625 5 0
653.1250000000001 2.5 0
651.5625 2.5 0
654.6875 5 0
656.25 2.5 0
654.6875 2.5 0
657.8125 5 0
659.375 2.5 0
657.8125 2.5 0
660.9375 5 0
662.5000000000001 2.5 0
660.9375 2.5 0
664.0625 5 0
665.625 2.5 0
664.0625 2.5 0
667.1875 5 0
668.7500000000001 2.5 0
667.1875 2.5 0
670.3125 5 0
671.875 2.5 0
670.3125 2.5 0
673.4375 5 0
675 2.5 0
673.4375 2.5 0
676.5625 5 0
678.1250000000001 2.5 0
676.5625 2.5 0
679.6875 5 0
681.25 2.5 0
679.6875 2.5 0
682.8125 5 0
684.3750000000001 2.5 0
682.8125 2.5 0
685.9375 5 0
687.5 2.5 0
685.9375 2.5 0
689.0625 5 0
690.625 2.5 0
689.0625 2.5 0
692.1875 5 0
693.7500000000001 2.5 0
692.1875 2.5 0
695.3125 5 0
696.875 2.5 0
695.3125 2.5 0
698.4375 5 0
700.0000000000001 2.5 0
698.4375 2.5 0
701.5625 5 0
703.125 2.5 0
701.5625 2.5 0
704.6875 5 0
706.25 2.5 0
704.6875 2.5 0
707.8125 5 0
709.3750000000001 2.5 0
707.8125 2.5 0
710.9375 5 0
712.5 2.5 0
710.9375 2.5 0
714.0625 5 0
715.6250000000001 2.5 0
714.0625 2.5 0
717.1875 5 0
718.75 2.5 0
717.1875 2.5 0
720.3125 5 0
721.875 2.5 0
720.3125 2.5 0
723.4375 5 0
725.0000000000001 2.5 0
723.4375 2.5 0
726.5625 5 0
728.125 2.5 0
726.5625 2.5 0
729.6875 5 0
731.2500000000001 2.5 0
729.6875 2.5 0
732.8125 5 0
734.375 2.5 0
732.8125 2.5 0
735.9375 5 0
737.5 2.5 0
735.9375 2.5 0
739.0625 5 0
740.6250000000001 2.5 0
739.0625 2.5 0
742.1875 5 0
743.75 2.5 0
742.1875 2.5 0
745.3125 5 0
746.8750000000001 2.5 0
745.3125 2.5 0
748.4375 5 0
750 2.5 0
748.4375 2.5 0
751.5625 5 0
753.125 2.5 0
751.5625 2.5 0
754.6875 5 0
756.2500000000001 2.5 0
754.6875 2.5 0
757.8125 5 0
759.375 2.5 0
757.8125 2.5 0
760.9375 5 0
762.5000000000001 2.5 0
760.9375 2.5 0
764.0625 5 0
765.625 2.5 0
764.0625 2.5 0
767.1875 5 0
768.75 2.5 0
767.1875 2.5 0
770.3125 5 0
771.8750000000001 2.5 0
770.3125 2.5 0
773.4375 5 0
775 2.5 0
773.4375 2.5 0
776.5625 5 0
778.1250000000001 2.5 0
776.5625 2.5 0
779.6875 5 0
781.25 2.5 0
779.6875 2.5 0
782.8125 5 0
784.375 2.5 0
782.8125 2.5 0
785.9375 5 0
787.5000000000001 2.5 0
785.9375 2.5 0
789.0625 5 0
790.625 2.5 0
789.0625 2.5 0
792.1875 5 0
793.7500000000001 2.5 0
792.1875 2.5 0
795.3125 5 0
796.875 2.5 0
795.3125 2.5 0
798.4375 5 0
800 2.5 0
798.4375 2.5 0
801.5625 5 0
803.1250000000001 2.5 0
801.5625 2.5 0
804.6875 5 0
806.25 2.5 0
804.6875 2.5 0
807.8125 5 0
809.3750000000001 2.5 0
807.8125 2.5 0
810.9375 5 0
812.5 2.5 0
810.9375 2.5 0
814.0625 5 0
815.625 2.5 0
814.0625 2.5 0
817.1875 5 0
818.7500000000001 2.5 0
817.1875 2.5 0
820.3125 5 0
821.875 2.5 0
820.3125 2.5 0
823.4375 5 0
825.0000000000001 2.5 0
823.4375 2.5 0
826.5625 5 0
828.125 2.5 0
826.5625 2.5 0
829.6875 5 0
831.25 2.5 0
829.6875 2.5 0
832.8125 5 0
834.3750000000001 2.5 0
832.8125 2.5 0
835.9375 5 0
837.5 2.5 0
835.9375 2.5 0
839.0625 5 0
840.6250000000001 2.5 0
839.0625 2.5 0
842.1875 5 0
843.75 2.5 0
842.1875 2.5 0
845.3125 5 0
846.875 2.5 0
845.3125 2.5 0
848.4375 5 0
850.0000000000001 2.5 0
848.4375 2.5 0
851.5625 5 0
853.125 2.5 0
851.5625 2.5 0
854.6875 5 0
856.2500000000001 2.5 0
854.6875 2.5 0
857.8125 5 0
859.375 2.5 0
857.8125 2.5 0
860.9375 5 0
862.5 2.5 0
860.9375 2.5 0
864.0625 5 0
865.6250000000001 2.5 0
864.0625 2.5 0
867.1875 5 0
868.75 2.5 0
867.1875 2.5 0
870.3125 5 0
871.8750000000001 2.5 0
870.3125 2.5 0
873.4375 5 0
875 2.5 0
873.4375 2.5 0
876.5625 5 0
878.125 2.5 0
876.5625 2.5 0
879.6875 5 0
881.2500000000001 2.5 0
879.6875 2.5 0
882.8125 5 0
884.375 2.5 0
882.8125 2.5 0
885.9375 5 0
887.5000000000001 2.5 0
885.9375 2.5 0
889.0625 5 0
890.625 2.5 0
889.0625 2.5 0
892.1875 5 0
893.75 2.5 0
892.1875 2.5 0
895.3125 5 0
896.8750000000001 2.5 0
895.3125 2.5 0
898.4375 5 0
900 2.5 0
898.4375 2.5 0
901.5625 5 0
903.1250000000001 2.5 0
901.5625 2.5 0
904.6875 5 0
906.25 2.5 0
904.6875 2.5 0
907.8125 5 0
909.375 2.5 0
907.8125 2.5 0
910.9375 5 0
912.5000000000001 2.5 0
910.9375 2.5 0
914.0625 5 0
915.625 2.5 0
914.0625 2.5 0
917.1875 5 0
918.7500000000001 2.5 0
917.1875 2.5 0
920.3125 5 0
921.875 2.5 0
920.3125 2.5 0
923.4375 5 0
925 2.5 0
923.4375 2.5 0
926.5625 5 0
928.1250000000001 2.5 0
926.5625 2.5 0
929.6875 5 0
931.25 2.5 0
929.6875 2.5 0
932.8125 5 0
934.3750000000001 2.5 0
932.8125 2.5 0
935.9375 5 0
937.5 2.5 0
935.9375 2.5 0
939.0625 5 0
940.625 2.5 0
939.0625 2.5 0
942.1875 5 0
943.7500000000001 2.5 0
942.1875 2.5 0
945.3125 5 0
946.875 2.5 0
945.3125 2.5 0
948.4375 5 0
950.0000000000001 2.5 0
948.4375 2.5 0
951.5625 5 0
953.125 2.5 0
951.5625 2.5 0
954.6875 5 0
956.25 2.5 0
954.6875 2.5 0
957.8125 5 0
959.3750000000001 2.5 0
957.8125 2.5 0
960.9375 5 0
962.5 2.5 0
960.9375 2.5 0
964.0625 5 0
965.6250000000001 2.5 0
964.0625 2.5 0
967.1875 5 0
968.75 2.5 0
967.1875 2.5 0
970.3125 5 0
971.875 2.5 0
970.3125 2.5 0
973.4375 5 0
975.0000000000001 2.5 0
973.4375 2.5 0
976.5625 5 0
978.125 2.5 0
976.5625 2.5 0
979.6875 5 0
981.2500000000001 2.5 0
979.6875 2.5 0
982.8125 5 0
984.375 2.5 0
982.8125 2.5 0
985.9375 5 0
987.5 2.5 0
985.9375 2.5 0
989.0625 5 0
990.6250000000001 2.5 0
989.0625 2.5 0
992.1875 5 0
993.75 2.5 0
992.1875 2.5 0
995.3125 5 0
996.8750000000001 2.5 0
995.3125 2.5 0
998.4375 5 0
998.4375 2.5 0
3.125 7.5 0
1.5625 7.5 0
6.25 7.5 0
4.6875 7.5 0
9.375000000000002 7.5 0
7.812500000000002 7.5 0
12.5 7.5 0
10.9375 7.5 0
15.625 7.5 0
14.0625 7.5 0
18.75 7.5 0
17.1875 7.5 0
21.875 7.5 0
20.3125 7.5 0
25 7.5 0
23.4375 7.5 0
28.125 7.5 0
26.5625 7.5 0
31.25 7.5 0
29.6875 7.5 0
34.375 7.5 0
32.8125 7.5 0
37.50000000000001 7.5 0
35.9375 7.5 0
40.625 7.5 0
39.0625 7.5 0
43.75000000000001 7.5 0
42.1875 7.5 0
46.875 7.5 0
45.3125 7.5 0
50 7.5 0
48.4375 7.5 0
53.12500000000001 7.5 0
51.5625 7.5 0
56.25 7.5 0
54.6875 7.5 0
59.37500000000001 7.5 0
57.8125 7.5 0
62.5 7.5 0
60.9375 7.5 0
65.625 7.5 0
64.0625 7.5 0
68.75 7.5 0
67.1875 7.5 0
71.87500000000001 7.5 0
70.3125 7.5 0
75.00000000000001 7.5 0
73.43750000000001 7.5 0
78.125 7.5 0
76.5625 7.5 0
81.25 7.5 0
79.6875 7.5 0
84.375 7.5 0
82.8125 7.5 0
87.50000000000001 7.5 0
85.9375 7.5 0
90.62500000000001 7.5 0
89.06250000000001 7.5 0
93.75 7.5 0
92.1875 7.5 0
96.875 7.5 0
95.3125 7.5 0
100 7.5 0
98.4375 7.5 0
103.125 7.5 0
101.5625 7.5 0
106.25 7.5 0
104.6875 7.5 0
109.375 7.5 0
107.8125 7.5 0
112.5 7.5 0
110.9375 7.5 0
115.625 7.5 0
114.0625 7.5 0
118.75 7.5 0
117.1875 7.5 0
121.875 7.5 0
120.3125 7.5 0
125 7.5 0
123.4375 7.5 0
128.125 7.5 0
126.5625 7.5 0
131.25 7.5 0
129.6875 7.5 0
134.375 7.5 0
132.8125 7.5 0
137.5 7.5 0
135.9375 7.5 0
140.625 7.5 0
139.0625 7.5 0
143.75 7.5 0
142.1875 7.5 0
146.875 7.5 0
145.3125 7.5 0
150 7.5 0
148.4375 7.5 0
153.125 7.5 0
151.5625 7.5 0
156.25 7.5 0
154.6875 7.5 0
159.375 7.5 0
157.8125 7.5 0
162.5 7.5 0
160.9375 7.5 0
165.625 7.5 0
164.0625 7.5 0
168.75 7.5 0
167.1875 7.5 0
171.875 7.5 0
170.3125 7.5 0
175 7.5 0
173.4375 7.5 0
178.125 7.5 0
176.5625 7.5 0
181.25 7.5 0
179.6875 7.5 0
184.375 7.5 0
182.8125 7.5 0
187.5 7.5 0
185.9375 7.5 0
190.625 7.5 0
189.0625 7.5 0
193.75 7.5 0
192.1875 7.5 0
196.875 7.5 0
195.3125 7.5 0
200 7.5 0
198.4375 7.5 0
203.125 7.5 0
201.5625 7.5 0
206.25 7.5 0
204.6875 7.5 0
209.375 7.5 0
207.8125 7.5 0
212.5 7.5 0
210.9375 7.5 0
215.625 7.5 0
214.0625 7.5 0
218.75 7.5 0
217.1875 7.5 0
221.875 7.5 0
220.3125 7.5 0
225 7.5 0
223.4375 7.5 0
228.125 7.5 0
226.5625 7.5 0
231.25 7.5 0
229.6875 7.5 0
234.375 7.5 0
232.8125 7.5 0
237.5 7.5 0
235.9375 7.5 0
240.625 7.5 0
239.0625 7.5 0
243.75 7.5 0
242.1875 7.5 0
246.875 7.5 0
245.3125 7.5 0
250 7.5 0
248.4375 7.5 0
253.125 7.5 0
251.5625 7.5 0
256.2500000000001 7.5 0
254.6875000000001 7.5 0
259.375 7.5 0
257.8125 7.5 0
262.5 7.5 0
260.9375 7.5 0
265.625 7.5 0
264.0625 7.5 0
268.75 7.5 0
267.1875 7.5 0
271.8750000000001 7.5 0
270.3125 7.5 0
275 7.5 0
273.4375 7.5 0
278.125 7.5 0
276.5625 7.5 0
281.25 7.5 0
279.6875 7.5 0
284.375 7.5 0
282.8125 7.5 0
287.5000000000001 7.5 0
285.9375 7.5 0
290.625 7.5 0
289.0625 7.5 0
293.75 7.5 0
292.1875 7.5 0
296.875 7.5 0
295.3125 7.5 0
300.0000000000001 7.5 0
298.4375 7.5 0
303.1250000000001 7.5 0
301.5625000000001 7.5 0
306.25 7.5 0
304.6875 7.5 0
309.375 7.5 0
307.8125 7.5 0
312.5 7.5 0
310.9375 7.5 0
315.6250000000001 7.5 0
314.0625 7.5 0
318.7500000000001 7.5 0
317.1875000000001 7.5 0
321.875 7.5 0
320.3125 7.5 0
325 7.5 0
323.4375 7.5 0
328.125 7.5 0
326.5625 7.5 0
331.2500000000001 7.5 0
329.6875 7.5 0
334.3750000000001 7.5 0
332.8125000000001 7.5 0
337.5 7.5 0
335.9375 7.5 0
340.625 7.5 0
339.0625 7.5 0
343.75 7.5 0
342.1875 7.5 0
346.8750000000001 7.5 0
345.3125 7.5 0
350.0000000000001 7.5 0
348.4375000000001 7.5 0
353.125 7.5 0
351.5625 7.5 0
356.25 7.5 0
354.6875 7.5 0
359.375 7.5 0
357.8125 7.5 0
362.5000000000001 7.5 0
360.9375 7.5 0
365.6250000000001 7.5 0
364.0625000000001 7.5 0
368.75 7.5 0
367.1875 7.5 0
371.875 7.5 0
370.3125 7.5 0
375 7.5 0
373.4375 7.5 0
378.1250000000001 7.5 0
376.5625 7.5 0
381.2500000000001 7.5 0
379.6875000000001 7.5 0
384.375 7.5 0
382.8125 7.5 0
387.5 7.5 0
385.9375 7.5 0
390.625 7.5 0
389.0625 7.5 0
393.7500000000001 7.5 0
392.1875 7.5 0
396.8750000000001 7.5 0
395.3125000000001 7.5 0
400 7.5 0
398.4375 7.5 0
403.125 7.5 0
401.5625 7.5 0
406.25 7.5 0
404.6875 7.5 0
409.3750000000001 7.5 0
407.8125 7.5 0
412.5000000000001 7.5 0
410.9375000000001 7.5 0
415.625 7.5 0
414.0625 7.5 0
418.75 7.5 0
417.1875 7.5 0
421.875 7.5 0
420.3125 7.5 0
425.0000000000001 7.5 0
423.4375 7.5 0
428.1250000000001 7.5 0
426.5625000000001 7.5 0
431.25 7.5 0
429.6875 7.5 0
434.375 7.5 0
432.8125 7.5 0
437.5 7.5 0
435.9375 7.5 0
440.6250000000001 7.5 0
439.0625 7.5 0
443.7500000000001 7.5 0
442.1875000000001 7.5 0
446.875 7.5 0
445.3125 7.5 0
450 7.5 0
448.4375 7.5 0
453.125 7.5 0
451.5625 7.5 0
456.2500000000001 7.5 0
454.6875 7.5 0
459.3750000000001 7.5 0
457.8125000000001 7.5 0
462.5 7.5 0
460.9375 7.5 0
465.625 7.5 0
464.0625 7.5 0
468.75 7.5 0
467.1875 7.5 0
471.8750000000001 7.5 0
470.3125 7.5 0
475.0000000000001 7.5 0
473.4375000000001 7.5 0
478.125 7.5 0
476.5625 7.5 0
481.25 7.5 0
479.6875 7.5 0
484.375 7.5 0
482.8125 7.5 0
487.5000000000001 7.5 0
485.9375 7.5 0
490.6250000000001 7.5 0
489.0625000000001 7.5 0
493.75 7.5 0
492.1875 7.5 0
496.875 7.5 0
495.3125 7.5 0
500 7.5 0
498.4375 7.5 0
503.1250000000001 7.5 0
501.5625 7.5 0
506.25 7.5 0
504.6875 7.5 0
509.375 7.5 0
507.8125 7.5 0
512.5000000000001 7.5 0
510.9375000000001 7.5 0
515.625 7.5 0
514.0625 7.5 0
518.75 7.5 0
517.1875 7.5 0
521.875 7.5 0
520.3125 7.5 0
525 7.5 0
523.4375 7.5 0
528.1250000000001 7.5 0
526.5625 7.5 0
531.25 7.5 0
529.6875 7.5 0
534.375 7.5 0
532.8125 7.5 0
537.5 7.5 0
535.9375 7.5 0
540.625 7.5 0
539.0625 7.5 0
543.7500000000001 7.5 0
542.1875 7.5 0
546.875 7.5 0
545.3125 7.5 0
550 7.5 0
548.4375 7.5 0
553.125 7.5 0
551.5625 7.5 0
556.25 7.5 0
554.6875 7.5 0
559.3750000000001 7.5 0
557.8125 7.5 0
562.5 7.5 0
560.9375 7.5 0
565.625 7.5 0
564.0625 7.5 0
568.75 7.5 0
567.1875 7.5 0
571.875 7.5 0
570.3125 7.5 0
575.0000000000001 7.5 0
573.4375 7.5 0
578.125 7.5 0
576.5625 7.5 0
581.25 7.5 0
579.6875 7.5 0
584.375 7.5 0
582.8125 7.5 0
587.5 7.5 0
585.9375 7.5 0
590.6250000000001 7.5 0
589.0625 7.5 0
593.75 7.5 0
592.1875 7.5 0
596.875 7.5 0
595.3125 7.5 0
600.0000000000001 7.5 0
598.4375 7.5 0
603.125 7.5 0
601.5625 7.5 0
606.2500000000001 7.5 0
604.6875 7.5 0
609.375 7.5 0
607.8125 7.5 0
612.5 7.5 0
610.9375 7.5 0
615.6250000000001 7.5 0
614.0625 7.5 0
618.75 7.5 0
617.1875 7.5 0
621.8750000000001 7.5 0
620.3125 7.5 0
625 7.5 0
623.4375 7.5 0
628.125 7.5 0
626.5625 7.5 0
631.2500000000001 7.5 0
629.6875 7.5 0
634.375 7.5 0
632.8125 7.5 0
637.5000000000001 7.5 0
635.9375 7.5 0
640.625 7.5 0
639.0625 7.5 0
643.75 7.5 0
642.1875 7.5 0
646.8750000000001 7.5 0
645.3125 7.5 0
650 7.5 0
648.4375 7.5 0
653.1250000000001 7.5 0
651.5625 7.5 0
656.25 7.5 0
654.6875 7.5 0
659.375 7.5 0
657.8125 7.5 0
662.5000000000001 7.5 0
660.9375 7.5 0
665.625 7.5 0
664.0625 7.5 0
668.7500000000001 7.5 0
667.1875 7.5 0
671.875 7.5 0
670.3125 7.5 0
675 7.5 0
673.4375 7.5 0
678.1250000000001 7.5 0
676.5625 7.5 0
681.25 7.5 0
679.6875 7.5 0
684.3750000000001 7.5 0
682.8125 7.5 0
687.5 7.5 0
685.9375 7.5 0
690.625 7.5 0
689.0625 7.5 0
693.7500000000001 7.5 0
692.1875 7.5 0
696.875 7.5 0
695.3125 7.5 0
700.0000000000001 7.5 0
698.4375 7.5 0
703.125 7.5 0
701.5625 7.5 0
706.25 7.5 0
704.6875 7.5 0
709.3750000000001 7.5 0
707.8125 7.5 0
712.5 7.5 0
710.9375 7.5 0
715.6250000000001 7.5 0
714.0625 7.5 0
718.75 7.5 0
717.1875 7.5 0
721.875 7.5 0
720.3125 7.5 0
725.0000000000001 7.5 0
723.4375 7.5 0
728.125 7.5 0
726.5625 7.5 0
731.2500000000001 7.5 0
729.6875 7.5 0
734.375 7.5 0
732.8125 7.5 0
737.5 7.5 0
735.9375 7.5 0
740.6250000000001 7.5 0
739.0625 7.5 0
743.75 7.5 0
742.1875 7.5 0
746.8750000000001 7.5 0
745.3125 7.5 0
750 7.5 0
748.4375 7.5 0
753.125 7.5 0
751.5625 7.5 0
756.2500000000001 7.5 0
754.6875 7.5 0
759.375 7.5 0
757.8125 7.5 0
762.5000000000001 7.5 0
760.9375 7.5 0
765.625 7.5 0
764.0625 7.5 0
768.75 7.5 0
767.1875 7.5 0
771.8750000000001 7.5 0
770.3125 7.5 0
775 7.5 0
773.4375 7.5 0
778.1250000000001 7.5 0
776.5625 7.5 0
781.25 7.5 0
779.6875 7.5 0
784.375 7.5 0
782.8125 7.5 0
787.5000000000001 7.5 0
785.9375 7.5 0
790.625 7.5 0
789.0625 7.5 0
793.7500000000001 7.5 0
792.1875 7.5 0
796.875 7.5 0
795.3125 7.5 0
800 7.5 0
798.4375 7.5 0
803.1250000000001 7.5 0
801.5625 7.5 0
806.25 7.5 0
804.6875 7.5 0
809.3750000000001 7.5 0
807.8125 7.5 0
812.5 7.5 0
810.9375 7.5 0
815.625 7.5 0
814.0625 7.5 0
818.7500000000001 7.5 0
817.1875 7.5 0
821.875 7.5 0
820.3125 7.5 0
825.0000000000001 7.5 0
823.4375 7.5 0
828.125 7.5 0
826.5625 7.5 0
831.25 7.5 0
829.6875 7.5 0
834.3750000000001 7.5 0
832.8125 7.5 0
837.5 7.5 0
835.9375 7.5 0
840.6250000000001 7.5 0
839.0625 7.5 0
843.75 7.5 0
842.1875 7.5 0
846.875 7.5 0
845.3125 7.5 0
850.0000000000001 7.5 0
848.4375 7.5 0
853.125 7.5 0
851.5625 7.5 0
856.2500000000001 7.5 0
854.6875 7.5 0
859.375 7.5 0
857.8125 7.5 0
862.5 7.5 0
860.9375 7.5 0
865.6250000000001 7.5 0
864.0625 7.5 0
868.75 7.5 0
867.1875 7.5 0
871.8750000000001 7.5 0
870.3125 7.5 0
875 7.5 0
873.4375 7.5 0
878.125 7.5 0
876.5625 7.5 0
881.2500000000001 7.5 0
879.6875 7.5 0
884.375 7.5 0
882.8125 7.5 0
887.5000000000001 7.5 0
885.9375 7.5 0
890.625 7.5 0
889.0625 7.5 0
893.75 7.5 0
892.1875 7.5 0
896.8750000000001 7.5 0
895.3125 7.5 0
900 7.5 0
898.4375 7.5 0
903.1250000000001 7.5 0
901.5625 7.5 0
906.25 7.5 0
904.6875 7.5 0
909.375 7.5 0
907.8125 7.5 0
912.5000000000001 7.5 0
910.9375 7.5 0
915.625 7.5 0
914.0625 7.5 0
918.7500000000001 7.5 0
917.1875 7.5 0
921.875 7.5 0
920.3125 7.5 0
925 7.5 0
923.4375 7.5 0
928.1250000000001 7.5 0
926.5625 7.5 0
931.25 7.5 0
929.6875 7.5 0
934.3750000000001 7.5 0
932.8125 7.5 0
937.5 7.5 0
935.9375 7.5 0
940.625 7.5 0
939.0625 7.5 0
943.7500000000001 7.5 0
942.1875 7.5 0
946.875 7.5 0
945.3125 7.5 0
950.0000000000001 7.5 0
948.4375 7.5 0
953.125 7.5 0
951.5625 7.5 0
956.25 7.5 0
954.6875 7.5 0
959.3750000000001 7.5 0
957.8125 7.5 0
962.5 7.5 0
960.9375 7.5 0
965.6250000000001 7.5 0
964.0625 7.5 0
968.75 7.5 0
967.1875 7.5 0
971.875 7.5 0
970.3125 7.5 0
975.0000000000001 7.5 0
973.4375 7.5 0
978.125 7.5 0
976.5625 7.5 0
981.2500000000001 7.5 0
979.6875 7.5 0
984.375 7.5 0
982.8125 7.5 0
987.5 7.5 0
985.9375 7.5 0
990.6250000000001 7.5 0
989.0625 7.5 0
993.75 7.5 0
992.1875 7.5 0
996.8750000000001 7.5 0
995.3125 7.5 0
998.4375 7.5 0
2 6 0 1917
8358
8359
8360
8361
8362
8363
8364
8365
8366
8367
8368
8369
8370
8371
8372
8373
8374
8375
8376
8377
8378
8379
8380
8381
8382
8383
8384
8385
8386
8387
8388
8389
8390
8391
8392
8393
8394
8395
8396
8397
8398
8399
8400
8401
8402
8403
8404
8405
8406
8407
8408
8409
8410
8411
8412
8413
8414
8415
8416
8417
8418
8419
8420
8421
8422
8423
8424
8425
8426
8427
8428
8429
8430
8431
8432
8433
8434
8435
8436
8437
8438
8439
8440
8441
8442
8443
8444
8445
8446
8447
8448
8449
8450
8451
8452
8453
8454
8455
8456
8457
8458
8459
8460
8461
8462
8463
8464
8465
8466
8467
8468
8469
8470
8471
8472
8473
8474
8475
8476
8477
8478
8479
8480
8481
8482
8483
8484
8485
8486
8487
8488
8489
8490
8491
8492
8493
8494
8495
8496
8497
8498
8499
8500
8501
8502
8503
8504
8505
8506
8507
8508
8509
8510
8511
8512
8513
8514
8515
8516
8517
8518
8519
8520
8521
8522
8523
8524
8525
8526
8527
8528
8529
8530
8531
8532
8533
8534
8535
8536
8537
8538
8539
8540
8541
8542
8543
8544
8545
8546
8547
8548
8549
8550
8551
8552
8553
8554
8555
8556
8557
8558
8559
8560
8561
8562
8563
8564
8565
8566
8567
8568
8569
8570
8571
8572
8573
8574
8575
8576
8577
8578
8579
8580
8581
8582
8583
8584
8585
8586
8587
8588
8589
8590
8591
8592
8593
8594
8595
8596
8597
8598
8599
8600
8601
8602
8603
8604
8605
8606
8607
8608
8609
8610
8611
8612
8613
8614
8615
8616
8617
8618
8619
8620
8621
8622
8623
8624
8625
8626
8627
8628
8629
8630
8631
8632
8633
8634
8635
8636
8637
8638
8639
8640
8641
8642
8643
8644
8645
8646
8647
8648
8649
8650
8651
8652
8653
8654
8655
8656
8657
8658
8659
8660
8661
8662
8663
8664
8665
8666
8667
8668
8669
8670
8671
8672
8673
8674
8675
8676
8677
8678
8679
8680
8681
8682
8683
8684
8685
8686
8687
8688
8689
8690
8691
8692
8693
8694
8695
8696
8697
8698
8699
8700
8701
8702
8703
8704
8705
8706
8707
8708
8709
8710
8711
8712
8713
8714
8715
8716
8717
8718
8719
8720
8721
8722
8723
8724
8725
8726
8727
8728
8729
8730
8731
8732
8733
8734
8735
8736
8737
8738
8739
8740
8741
8742
8743
8744
8745
8746
8747
8748
8749
8750
8751
8752
8753
8754
8755
8756
8757
8758
8759
8760
8761
8762
8763
8764
8765
8766
8767
8768
8769
8770
8771
8772
8773
8774
8775
8776
8777
8778
8779
8780
8781
8782
8783
8784
8785
8786
8787
8788
8789
8790
8791
8792
8793
8794
8795
8796
8797
8798
8799
8800
8801
8802
8803
8804
8805
8806
8807
8808
8809
8810
8811
8812
8813
8814
8815
8816
8817
8818
8819
8820
8821
8822
8823
8824
8825
8826
8827
8828
8829
8830
8831
8832
8833
8834
8835
8836
8837
8838
8839
8840
8841
8842
8843
8844
8845
8846
8847
8848
8849
8850
8851
8852
8853
8854
8855
8856
8857
8858
8859
8860
8861
8862
8863
8864
8865
8866
8867
8868
8869
8870
8871
8872
8873
8874
8875
8876
8877
8878
8879
8880
8881
8882
8883
8884
8885
8886
8887
8888
8889
8890
8891
8892
8893
8894
8895
8896
8897
8898
8899
8900
8901
8902
8903
8904
8905
8906
8907
8908
8909
8910
8911
8912
8913
8914
8915
8916
8917
8918
8919
8920
8921
8922
8923
8924
8925
8926
8927
8928
8929
8930
8931
8932
8933
8934
8935
8936
8937
8938
8939
8940
8941
8942
8943
8944
8945
8946
8947
8948
8949
8950
8951
8952
8953
8954
8955
8956
8957
8958
8959
8960
8961
8962
8963
8964
8965
8966
8967
8968
8969
8970
8971
8972
8973
8974
8975
8976
8977
8978
8979
8980
8981
8982
8983
8984
8985
8986
8987
8988
8989
8990
8991
8992
8993
8994
8995
8996
8997
8998
8999
9000
9001
9002
9003
9004
9005
9006
9007
9008
9009
9010
9011
9012
9013
9014
9015
9016
9017
9018
9019
9020
9021
9022
9023
9024
9025
9026
9027
9028
9029
9030
9031
9032
9033
9034
9035
9036
9037
9038
9039
9040
9041
9042
9043
9044
9045
9046
9047
9048
9049
9050
9051
9052
9053
9054
9055
9056
9057
9058
9059
9060
9061
9062
9063
9064
9065
9066
9067
9068
9069
9070
9071
9072
9073
9074
9075
9076
9077
9078
9079
9080
9081
9082
9083
9084
9085
9086
9087
9088
9089
9090
9091
9092
9093
9094
9095
9096
9097
9098
9099
9100
9101
9102
9103
9104
9105
9106
9107
9108
9109
9110
9111
9112
9113
9114
9115
9116
9117
9118
9119
9120
9121
9122
9123
9124
9125
9126
9127
9128
9129
9130
9131
9132
9133
9134
9135
9136
9137
9138
9139
9140
9141
9142
9143
9144
9145
9146
9147
9148
9149
9150
9151
9152
9153
9154
9155
9156
9157
9158
9159
9160
9161
9162
9163
9164
9165
9166
9167
9168
9169
9170
9171
9172
9173
9174
9175
9176
9177
9178
9179
9180
9181
9182
9183
9184
9185
9186
9187
9188
9189
9190
9191
9192
9193
9194
9195
9196
9197
9198
9199
9200
9201
9202
9203
9204
9205
9206
9207
9208
9209
9210
9211
9212
9213
9214
9215
9216
9217
9218
9219
9220
9221
9222
9223
9224
9225
9226
9227
9228
9229
9230
9231
9232
9233
9234
9235
9236
9237
9238
9239
9240
9241
9242
9243
9244
9245
9246
9247
9248
9249
9250
9251
9252
9253
9254
9255
9256
9257
9258
9259
9260
9261
9262
9263
9264
9265
9266
9267
9268
9269
9270
9271
9272
9273
9274
9275
9276
9277
9278
9279
9280
9281
9282
9283
9284
9285
9286
9287
9288
9289
9290
9291
9292
9293
9294
9295
9296
9297
9298
9299
9300
9301
9302
9303
9304
9305
9306
9307
9308
9309
9310
9311
9312
9313
9314
9315
9316
9317
9318
9319
9320
9321
9322
9323
9324
9325
9326
9327
9328
9329
9330
9331
9332
9333
9334
9335
9336
9337
9338
9339
9340
9341
9342
9343
9344
9345
9346
9347
9348
9349
9350
9351
9352
9353
9354
9355
9356
9357
9358
9359
9360
9361
9362
9363
9364
9365
9366
9367
9368
9369
9370
9371
9372
9373
9374
9375
9376
9377
9378
9379
9380
9381
9382
9383
9384
9385
9386
9387
9388
9389
9390
9391
9392
9393
9394
9395
9396
9397
9398
9399
9400
9401
9402
9403
9404
9405
9406
9407
9408
9409
9410
9411
9412
9413
9414
9415
9416
9417
9418
9419
9420
9421
9422
9423
9424
9425
9426
9427
9428
9429
9430
9431
9432
9433
9434
9435
9436
9437
9438
9439
9440
9441
9442
9443
9444
9445
9446
9447
9448
9449
9450
9451
9452
9453
9454
9455
9456
9457
9458
9459
9460
9461
9462
9463
9464
9465
9466
9467
9468
9469
9470
9471
9472
9473
9474
9475
9476
9477
9478
9479
9480
9481
9482
9483
9484
9485
9486
9487
9488
9489
9490
9491
9492
9493
9494
9495
9496
9497
9498
9499
9500
9501
9502
9503
9504
9505
9506
9507
9508
9509
9510
9511
9512
9513
9514
9515
9516
9517
9518
9519
9520
9521
9522
9523
9524
9525
9526
9527
9528
9529
9530
9531
9532
9533
9534
9535
9536
9537
9538
9539
9540
9541
9542
9543
9544
9545
9546
9547
9548
9549
9550
9551
9552
9553
9554
9555
9556
9557
9558
9559
9560
9561
9562
9563
9564
9565
9566
9567
9568
9569
9570
9571
9572
9573
9574
9575
9576
9577
9578
9579
9580
9581
9582
9583
9584
9585
9586
9587
9588
9589
9590
9591
9592
9593
9594
9595
9596
9597
9598
9599
9600
9601
9602
9603
9604
9605
9606
9607
9608
9609
9610
9611
9612
9613
9614
9615
9616
9617
9618
9619
9620
9621
9622
9623
9624
9625
9626
9627
9628
9629
9630
9631
9632
9633
9634
9635
9636
9637
9638
9639
9640
9641
9642
9643
9644
9645
9646
9647
9648
9649
9650
9651
9652
9653
9654
9655
9656
9657
9658
9659
9660
9661
9662
9663
9664
9665
9666
9667
9668
9669
9670
9671
9672
9673
9674
9675
9676
9677
9678
9679
9680
9681
9682
9683
9684
9685
9686
9687
9688
9689
9690
9691
9692
9693
9694
9695
9696
9697
9698
9699
9700
9701
9702
9703
9704
9705
9706
9707
9708
9709
9710
9711
9712
9713
9714
9715
9716
9717
9718
9719
9720
9721
9722
9723
9724
9725
9726
9727
9728
9729
9730
9731
9732
9733
9734
9735
9736
9737
9738
9739
9740
9741
9742
9743
9744
9745
9746
9747
9748
9749
9750
9751
9752
9753
9754
9755
9756
9757
9758
9759
9760
9761
9762
9763
9764
9765
9766
9767
9768
9769
9770
9771
9772
9773
9774
9775
9776
9777
9778
9779
9780
9781
9782
9783
9784
9785
9786
9787
9788
9789
9790
9791
9792
9793
9794
9795
9796
9797
9798
9799
9800
9801
9802
9803
9804
9805
9806
9807
9808
9809
9810
9811
9812
9813
9814
9815
9816
9817
9818
9819
9820
9821
9822
9823
9824
9825
9826
9827
9828
9829
9830
9831
9832
9833
9834
9835
9836
9837
9838
9839
9840
9841
9842
9843
9844
9845
9846
9847
9848
9849
9850
9851
9852
9853
9854
9855
9856
9857
9858
9859
9860
9861
9862
9863
9864
9865
9866
9867
9868
9869
9870
9871
9872
9873
9874
9875
9876
9877
9878
9879
9880
9881
9882
9883
9884
9885
9886
9887
9888
9889
9890
9891
9892
9893
9894
9895
9896
9897
9898
9899
9900
9901
9902
9903
9904
9905
9906
9907
9908
9909
9910
9911
9912
9913
9914
9915
9916
9917
9918
9919
9920
9921
9922
9923
9924
9925
9926
9927
9928
9929
9930
9931
9932
9933
9934
9935
9936
9937
9938
9939
9940
9941
9942
9943
9944
9945
9946
9947
9948
9949
9950
9951
9952
9953
9954
9955
9956
9957
9958
9959
9960
9961
9962
9963
9964
9965
9966
9967
9968
9969
9970
9971
9972
9973
9974
9975
9976
9977
9978
9979
9980
9981
9982
9983
9984
9985
9986
9987
9988
9989
9990
9991
9992
9993
9994
9995
9996
9997
9998
9999
10000
10001
10002
10003
10004
10005
10006
10007
10008
10009
10010
10011
10012
10013
10014
10015
10016
10017
10018
10019
10020
10021
10022
10023
10024
10025
10026
10027
10028
10029
10030
10031
10032
10033
10034
10035
10036
10037
10038
10039
10040
10041
10042
10043
10044
10045
10046
10047
10048
10049
10050
10051
10052
10053
10054
10055
10056
10057
10058
10059
10060
10061
10062
10063
10064
10065
10066
10067
10068
10069
10070
10071
10072
10073
10074
10075
10076
10077
10078
10079
10080
10081
10082
10083
10084
10085
10086
10087
10088
10089
10090
10091
10092
10093
10094
10095
10096
10097
10098
10099
10100
10101
10102
10103
10104
10105
10106
10107
10108
10109
10110
10111
10112
10113
10114
10115
10116
10117
10118
10119
10120
10121
10122
10123
10124
10125
10126
10127
10128
10129
10130
10131
10132
10133
10134
10135
10136
10137
10138
10139
10140
10141
10142
10143
10144
10145
10146
10147
10148
10149
10150
10151
10152
10153
10154
10155
10156
10157
10158
10159
10160
10161
10162
10163
10164
10165
10166
10167
10168
10169
10170
10171
10172
10173
10174
10175
10176
10177
10178
10179
10180
10181
10182
10183
10184
10185
10186
10187
10188
10189
10190
10191
10192
10193
10194
10195
10196
10197
10198
10199
10200
10201
10202
10203
10204
10205
10206
10207
10208
10209
10210
10211
10212
10213
10214
10215
10216
10217
10218
10219
10220
10221
10222
10223
10224
10225
10226
10227
10228
10229
10230
10231
10232
10233
10234
10235
10236
10237
10238
10239
10240
10241
10242
10243
10244
10245
10246
10247
10248
10249
10250
10251
10252
10253
10254
10255
10256
10257
10258
10259
10260
10261
10262
10263
10264
10265
10266
10267
10268
10269
10270
10271
10272
10273
10274
3.125 5 24
6.25 5 24
9.375000000000002 5 24
12.5 5 24
15.625 5 24
18.75 5 24
21.875 5 24
25 5 24
28.125 5 24
31.25 5 24
34.375 5 24
37.50000000000001 5 24
40.625 5 24
43.75000000000001 5 24
46.875 5 24
50 5 24
53.12500000000001 5 24
56.25 5 24
59.37500000000001 5 24
62.5 5 24
65.625 5 24
68.75 5 24
71.87500000000001 5 24
75.00000000000001 5 24
78.125 5 24
81.25 5 24
84.375 5 24
87.50000000000001 5 24
90.62500000000001 5 24
93.75 5 24
96.875 5 24
100 5 24
103.125 5 24
106.25 5 24
109.375 5 24
112.5 5 24
115.625 5 24
118.75 5 24
121.875 5 24
125 5 24
128.125 5 24
131.25 5 24
134.375 5 24
137.5 5 24
140.625 5 24
143.75 5 24
146.875 5 24
150 5 24
153.125 5 24
156.25 5 24
159.375 5 24
162.5 5 24
165.625 5 24
168.75 5 24
171.875 5 24
175 5 24
178.125 5 24
181.25 5 24
184.375 5 24
187.5 5 24
190.625 5 24
193.75 5 24
196.875 5 24
200 5 24
203.125 5 24
206.25 5 24
209.375 5 24
212.5 5 24
215.625 5 24
218.75 5 24
221.875 5 24
225 5 24
228.125 5 24
231.25 5 24
234.375 5 24
237.5 5 24
240.625 5 24
243.75 5 24
246.875 5 24
250 5 24
253.125 5 24
256.2500000000001 5 24
259.375 5 24
262.5 5 24
265.625 5 24
268.75 5 24
271.8750000000001 5 24
275 5 24
278.125 5 24
281.25 5 24
284.375 5 24
287.5000000000001 5 24
290.625 5 24
293.75 5 24
296.875 5 24
300.0000000000001 5 24
303.1250000000001 5 24
306.25 5 24
309.375 5 24
312.5 5 24
315.6250000000001 5 24
318.7500000000001 5 24
321.875 5 24
325 5 24
328.125 5 24
331.2500000000001 5 24
334.3750000000001 5 24
337.5 5 24
340.625 5 24
343.75 5 24
346.8750000000001 5 24
350.0000000000001 5 24
353.125 5 24
356.25 5 24
359.375 5 24
362.5000000000001 5 24
365.6250000000001 5 24
368.75 5 24
371.875 5 24
375 5 24
378.1250000000001 5 24
381.2500000000001 5 24
384.375 5 24
387.5 5 24
390.625 5 24
393.7500000000001 5 24
396.8750000000001 5 24
400 5 24
403.125 5 24
406.25 5 24
409.3750000000001 5 24
412.5000000000001 5 24
415.625 5 24
418.75 5 24
421.875 5 24
425.0000000000001 5 24
428.1250000000001 5 24
431.25 5 24
434.375 5 24
437.5 5 24
440.6250000000001 5 24
443.7500000000001 5 24
446.875 5 24
450 5 24
453.125 5 24
456.2500000000001 5 24
459.3750000000001 5 24
462.5 5 24
465.625 5 24
468.75 5 24
471.8750000000001 5 24
475.0000000000001 5 24
478.125 5 24
481.25 5 24
484.375 5 24
487.5000000000001 5 24
490.6250000000001 5 24
493.75 5 24
496.875 5 24
500 5 24
503.1250000000001 5 24
506.25 5 24
509.375 5 24
512.5000000000001 5 24
515.625 5 24
518.75 5 24
521.875 5 24
525 5 24
528.1250000000001 5 24
531.25 5 24
534.375 5 24
537.5 5 24
540.625 5 24
543.7500000000001 5 24
546.875 5 24
550 5 24
553.125 5 24
556.25 5 24
559.3750000000001 5 24
562.5 5 24
565.625 5 24
568.75 5 24
571.875 5 24
575.0000000000001 5 24
578.125 5 24
581.25 5 24
584.375 5 24
587.5 5 24
590.6250000000001 5 24
593.75 5 24
596.875 5 24
600.0000000000001 5 24
603.125 5 24
606.2500000000001 5 24
609.375 5 24
612.5 5 24
615.6250000000001 5 24
618.75 5 24
621.8750000000001 5 24
625 5 24
628.125 5 24
631.2500000000001 5 24
634.375 5 24
637.5000000000001 5 24
640.625 5 24
643.75 5 24
646.8750000000001 5 24
650 5 24
653.1250000000001 5 24
656.25 5 24
659.375 5 24
662.5000000000001 5 24
665.625 5 24
668.7500000000001 5 24
671.875 5 24
675 5 24
678.1250000000001 5 24
681.25 5 24
684.3750000000001 5 24
687.5 5 24
690.625 5 24
693.7500000000001 5 24
696.875 5 24
700.0000000000001 5 24
703.125 5 24
706.25 5 24
709.3750000000001 5 24
712.5 5 24
715.6250000000001 5 24
718.75 5 24
721.875 5 24
725.0000000000001 5 24
728.125 5 24
731.2500000000001 5 24
734.375 5 24
737.5 5 24
740.6250000000001 5 24
743.75 5 24
746.8750000000001 5 24
750 5 24
753.125 5 24
756.2500000000001 5 24
759.375 5 24
762.5000000000001 5 24
765.625 5 24
768.75 5 24
771.8750000000001 5 24
775 5 24
778.1250000000001 5 24
781.25 5 24
784.375 5 24
787.5000000000001 5 24
790.625 5 24
793.7500000000001 5 24
796.875 5 24
800 5 24
803.1250000000001 5 24
806.25 5 24
809.3750000000001 5 24
812.5 5 24
815.625 5 24
818.7500000000001 5 24
821.875 5 24
825.0000000000001 5 24
828.125 5 24
831.25 5 24
834.3750000000001 5 24
837.5 5 24
840.6250000000001 5 24
843.75 5 24
846.875 5 24
850.0000000000001 5 24
853.125 5 24
856.2500000000001 5 24
859.375 5 24
862.5 5 24
865.6250000000001 5 24
868.75 5 24
871.8750000000001 5 24
875 5 24
878.125 5 24
881.2500000000001 5 24
884.375 5 24
887.5000000000001 5 24
890.625 5 24
893.75 5 24
896.8750000000001 5 24
900 5 24
903.1250000000001 5 24
906.25 5 24
909.375 5 24
912.5000000000001 5 24
915.625 5 24
918.7500000000001 5 24
921.875 5 24
925 5 24
928.1250000000001 5 24
931.25 5 24
934.3750000000001 5 24
937.5 5 24
940.625 5 24
943.7500000000001 5 24
946.875 5 24
950.0000000000001 5 24
953.125 5 24
956.25 5 24
959.3750000000001 5 24
962.5 5 24
965.6250000000001 5 24
968.75 5 24
971.875 5 24
975.0000000000001 5 24
978.125 5 24
981.2500000000001 5 24
984.375 5 24
987.5 5 24
990.6250000000001 5 24
993.75 5 24
996.8750000000001 5 24
3.125 2.5 24
1.5625 5 24
1.5625 2.5 24
6.25 2.5 24
4.6875 5 24
4.6875 2.5 24
9.375000000000002 2.5 24
7.812500000000001 5 24
7.812500000000001 2.5 24
12.5 2.5 24
10.9375 5 24
10.9375 2.5 24
15.625 2.5 24
14.0625 5 24
14.0625 2.5 24
18.75 2.5 24
17.1875 5 24
17.1875 2.5 24
21.875 2.5 24
20.3125 5 24
20.3125 2.5 24
25 2.5 24
23.4375 5 24
23.4375 2.5 24
28.125 2.5 24
26.5625 5 24
26.5625 2.5 24
31.25 2.5 24
29.6875 5 24
29.6875 2.5 24
34.375 2.5 24
32.8125 5 24
32.8125 2.5 24
37.50000000000001 2.5 24
35.9375 5 24
35.9375 2.5 24
40.625 2.5 24
39.0625 5 24
39.0625 2.5 24
43.75000000000001 2.5 24
42.1875 5 24
42.1875 2.5 24
46.875 2.5 24
45.3125 5 24
45.3125 2.5 24
50 2.5 24
48.4375 5 24
48.4375 2.5 24
53.12500000000001 2.5 24
51.5625 5 24
51.5625 2.5 24
56.25 2.5 24
54.6875 5 24
54.6875 2.5 24
59.37500000000001 2.5 24
57.8125 5 24
57.8125 2.5 24
62.5 2.5 24
60.9375 5 24
60.9375 2.5 24
65.625 2.5 24
64.0625 5 24
64.0625 2.5 24
68.75 2.5 24
67.1875 5 24
67.1875 2.5 24
71.87500000000001 2.5 24
70.3125 5 24
70.3125 2.5 24
75.00000000000001 2.5 24
73.43750000000001 5 24
73.43750000000001 2.5 24
78.125 2.5 24
76.5625 5 24
76.5625 2.5 24
81.25 2.5 24
79.6875 5 24
79.6875 2.5 24
84.375 2.5 24
82.8125 5 24
82.8125 2.5 24
87.50000000000001 2.5 24
85.9375 5 24
85.9375 2.5 24
90.62500000000001 2.5 24
89.06250000000001 5 24
89.06250000000001 2.5 24
93.75 2.5 24
92.1875 5 24
92.1875 2.5 24
96.875 2.5 24
95.3125 5 24
95.3125 2.5 24
100 2.5 24
98.4375 5 24
98.4375 2.5 24
103.125 2.5 24
101.5625 5 24
101.5625 2.5 24
106.25 2.5 24
104.6875 5 24
104.6875 2.5 24
109.375 2.5 24
107.8125 5 24
107.8125 2.5 24
112.5 2.5 24
110.9375 5 24
110.9375 2.5 24
115.625 2.5 24
114.0625 5 24
114.0625 2.5 24
118.75 2.5 24
117.1875 5 24
117.1875 2.5 24
121.875 2.5 24
120.3125 5 24
120.3125 2.5 24
125 2.5 24
123.4375 5 24
123.4375 2.5 24
128.125 2.5 24
126.5625 5 24
126.5625 2.5 24
131.25 2.5 24
129.6875 5 24
129.6875 2.5 24
134.375 2.5 24
132.8125 5 24
132.8125 2.5 24
137.5 2.5 24
135.9375 5 24
135.9375 2.5 24
140.625 2.5 24
139.0625 5 24
139.0625 2.5 24
143.75 2.5 24
142.1875 5 24
142.1875 2.5 24
146.875 2.5 24
145.3125 5 24
145.3125 2.5 24
150 2.5 24
148.4375 5 24
148.4375 2.5 24
153.125 2.5 24
151.5625 5 24
151.5625 2.5 24
156.25 2.5 24
154.6875 5 24
154.6875 2.5 24
159.375 2.5 24
157.8125 5 24
157.8125 2.5 24
162.5 2.5 24
160.9375 5 24
160.9375 2.5 24
165.625 2.5 24
164.0625 5 24
164.0625 2.5 24
168.75 2.5 24
167.1875 5 24
167.1875 2.5 24
171.875 2.5 24
170.3125 5 24
170.3125 2.5 24
175 2.5 24
173.4375 5 24
173.4375 2.5 24
178.125 2.5 24
176.5625 5 24
176.5625 2.5 24
181.25 2.5 24
179.6875 5 24
179.6875 2.5 24
184.375 2.5 24
182.8125 5 24
182.8125 2.5 24
187.5 2.5 24
185.9375 5 24
185.9375 2.5 24
190.625 2.5 24
189.0625 5 24
189.0625 2.5 24
193.75 2.5 24
192.1875 5 24
192.1875 2.5 24
196.875 2.5 24
195.3125 5 24
195.3125 2.5 24
200 2.5 24
198.4375 5 24
198.4375 2.5 24
203.125 2.5 24
201.5625 5 24
201.5625 2.5 24
206.25 2.5 24
204.6875 5 24
204.6875 2.5 24
209.375 2.5 24
207.8125 5 24
207.8125 2.5 24
212.5 2.5 24
210.9375 5 24
210.9375 2.5 24
215.625 2.5 24
214.0625 5 24
214.0625 2.5 24
218.75 2.5 24
217.1875 5 24
217.1875 2.5 24
221.875 2.5 24
220.3125 5 24
220.3125 2.5 24
225 2.5 24
223.4375 5 24
223.4375 2.5 24
228.125 2.5 24
226.5625 5 24
226.5625 2.5 24
231.25 2.5 24
229.6875 5 24
229.6875 2.5 24
234.375 2.5 24
232.8125 5 24
232.8125 2.5 24
237.5 2.5 24
235.9375 5 24
235.9375 2.5 24
240.625 2.5 24
239.0625 5 24
239.0625 2.5 24
243.75 2.5 24
242.1875 5 24
242.1875 2.5 24
246.875 2.5 24
245.3125 5 24
245.3125 2.5 24
250 2.5 24
248.4375 5 24
248.4375 2.5 24
253.125 2.5 24
251.5625 5 24
251.5625 2.5 24
256.2500000000001 2.5 24
254.6875 5 24
254.6875 2.5 24
259.375 2.5 24
257.8125 5 24
257.8125 2.5 24
262.5 2.5 24
260.9375 5 24
260.9375 2.5 24
265.625 2.5 24
264.0625 5 24
264.0625 2.5 24
268.75 2.5 24
267.1875 5 24
267.1875 2.5 24
271.8750000000001 2.5 24
270.3125 5 24
270.3125 2.5 24
275 2.5 24
273.4375 5 24
273.4375 2.5 24
278.125 2.5 24
276.5625 5 24
276.5625 2.5 24
281.25 2.5 24
279.6875 5 24
279.6875 2.5 24
284.375 2.5 24
282.8125 5 24
282.8125 2.5 24
287.5000000000001 2.5 24
285.9375 5 24
285.9375 2.5 24
290.625 2.5 24
289.0625 5 24
289.0625 2.5 24
293.75 2.5 24
292.1875 5 24
292.1875 2.5 24
296.875 2.5 24
295.3125 5 24
295.3125 2.5 24
300.0000000000001 2.5 24
298.4375 5 24
298.4375 2.5 24
303.1250000000001 2.5 24
301.5625000000001 5 24
301.5625000000001 2.5 24
306.25 2.5 24
304.6875 5 24
304.6875 2.5 24
309.375 2.5 24
307.8125 5 24
307.8125 2.5 24
312.5 2.5 24
310.9375 5 24
310.9375 2.5 24
315.6250000000001 2.5 24
314.0625 5 24
314.0625 2.5 24
318.7500000000001 2.5 24
317.1875000000001 5 24
317.1875000000001 2.5 24
321.875 2.5 24
320.3125 5 24
320.3125 2.5 24
325 2.5 24
323.4375 5 24
323.4375 2.5 24
328.125 2.5 24
326.5625 5 24
326.5625 2.5 24
331.2500000000001 2.5 24
329.6875 5 24
329.6875 2.5 24
334.3750000000001 2.5 24
332.8125000000001 5 24
332.8125000000001 2.5 24
337.5 2.5 24
335.9375 5 24
335.9375 2.5 24
340.625 2.5 24
339.0625 5 24
339.0625 2.5 24
343.75 2.5 24
342.1875 5 24
342.1875 2.5 24
346.8750000000001 2.5 24
345.3125 5 24
345.3125 2.5 24
350.0000000000001 2.5 24
348.4375000000001 5 24
348.4375000000001 2.5 24
353.125 2.5 24
351.5625 5 24
351.5625 2.5 24
356.25 2.5 24
354.6875 5 24
354.6875 2.5 24
359.375 2.5 24
357.8125 5 24
357.8125 2.5 24
362.5000000000001 2.5 24
360.9375 5 24
360.9375 2.5 24
365.6250000000001 2.5 24
364.0625000000001 5 24
364.0625000000001 2.5 24
368.75 2.5 24
367.1875 5 24
367.1875 2.5 24
371.875 2.5 24
370.3125 5 24
370.3125 2.5 24
375 2.5 24
373.4375 5 24
373.4375 2.5 24
378.1250000000001 2.5 24
376.5625 5 24
376.5625 2.5 24
381.2500000000001 2.5 24
379.6875000000001 5 24
379.6875000000001 2.5 24
384.375 2.5 24
382.8125 5 24
382.8125 2.5 24
387.5 2.5 24
385.9375 5 24
385.9375 2.5 24
390.625 2.5 24
389.0625 5 24
389.0625 2.5 24
393.7500000000001 2.5 24
392.1875 5 24
392.1875 2.5 24
396.8750000000001 2.5 24
395.3125000000001 5 24
395.3125000000001 2.5 24
400 2.5 24
398.4375 5 24
398.4375 2.5 24
403.125 2.5 24
401.5625 5 24
401.5625 2.5 24
406.25 2.5 24
404.6875 5 24
404.6875 2.5 24
409.3750000000001 2.5 24
407.8125 5 24
407.8125 2.5 24
412.5000000000001 2.5 24
410.9375000000001 5 24
410.9375000000001 2.5 24
415.625 2.5 24
414.0625 5 24
414.0625 2.5 24
418.75 2.5 24
417.1875 5 24
417.1875 2.5 24
421.875 2.5 24
420.3125 5 24
420.3125 2.5 24
425.0000000000001 2.5 24
423.4375 5 24
423.4375 2.5 24
428.1250000000001 2.5 24
426.5625000000001 5 24
426.5625000000001 2.5 24
431.25 2.5 24
429.6875 5 24
429.6875 2.5 24
434.375 2.5 24
432.8125 5 24
432.8125 2.5 24
437.5 2.5 24
435.9375 5 24
435.9375 2.5 24
440.6250000000001 2.5 24
439.0625 5 24
439.0625 2.5 24
443.7500000000001 2.5 24
442.1875000000001 5 24
442.1875000000001 2.5 24
446.875 2.5 24
445.3125 5 24
445.3125 2.5 24
450 2.5 24
448.4375 5 24
448.4375 2.5 24
453.125 2.5 24
451.5625 5 24
451.5625 2.5 24
456.2500000000001 2.5 24
454.6875 5 24
454.6875 2.5 24
459.3750000000001 2.5 24
457.8125000000001 5 24
457.8125000000001 2.5 24
462.5 2.5 24
460.9375 5 24
460.9375 2.5 24
465.625 2.5 24
464.0625 5 24
464.0625 2.5 24
468.75 2.5 24
467.1875 5 24
467.1875 2.5 24
471.8750000000001 2.5 24
470.3125 5 24
470.3125 2.5 24
475.0000000000001 2.5 24
473.4375000000001 5 24
473.4375000000001 2.5 24
478.125 2.5 24
476.5625 5 24
476.5625 2.5 24
481.25 2.5 24
479.6875 5 24
479.6875 2.5 24
484.375 2.5 24
482.8125 5 24
482.8125 2.5 24
487.5000000000001 2.5 24
485.9375 5 24
485.9375 2.5 24
490.6250000000001 2.5 24
489.0625000000001 5 24
489.0625000000001 2.5 24
493.75 2.5 24
492.1875 5 24
492.1875 2.5 24
496.875 2.5 24
495.3125 5 24
495.3125 2.5 24
500 2.5 24
498.4375 5 24
498.4375 2.5 24
503.1250000000001 2.5 24
501.5625 5 24
501.5625 2.5 24
506.25 2.5 24
504.6875 5 24
504.6875 2.5 24
509.375 2.5 24
507.8125 5 24
507.8125 2.5 24
512.5000000000001 2.5 24
510.9375000000001 5 24
510.9375000000001 2.5 24
515.625 2.5 24
514.0625 5 24
514.0625 2.5 24
518.75 2.5 24
517.1875 5 24
517.1875 2.5 24
521.875 2.5 24
520.3125 5 24
520.3125 2.5 24
525 2.5 24
523.4375 5 24
523.4375 2.5 24
528.1250000000001 2.5 24
526.5625 5 24
526.5625 2.5 24
531.25 2.5 24
529.6875 5 24
529.6875 2.5 24
534.375 2.5 24
532.8125 5 24
532.8125 2.5 24
537.5 2.5 24
535.9375 5 24
535.9375 2.5 24
540.625 2.5 24
539.0625 5 24
539.0625 2.5 24
543.7500000000001 2.5 24
542.1875 5 24
542.1875 2.5 24
546.875 2.5 24
545.3125 5 24
545.3125 2.5 24
550 2.5 24
548.4375 5 24
548.4375 2.5 24
553.125 2.5 24
551.5625 5 24
551.5625 2.5 24
556.25 2.5 24
554.6875 5 24
554.6875 2.5 24
559.3750000000001 2.5 24
557.8125 5 24
557.8125 2.5 24
562.5 2.5 24
560.9375 5 24
560.9375 2.5 24
565.625 2.5 24
564.0625 5 24
564.0625 2.5 24
568.75 2.5 24
567.1875 5 24
567.1875 2.5 24
571.875 2.5 24
570.3125 5 24
570.3125 2.5 24
575.0000000000001 2.5 24
573.4375 5 24
573.4375 2.5 24
578.125 2.5 24
576.5625 5 24
576.5625 2.5 24
581.25 2.5 24
579.6875 5 24
579.6875 2.5 24
584.375 2.5 24
582.8125 5 24
582.8125 2.5 24
587.5 2.5 24
585.9375 5 24
585.9375 2.5 24
590.6250000000001 2.5 24
589.0625 5 24
589.0625 2.5 24
593.75 2.5 24
592.1875 5 24
592.1875 2.5 24
596.875 2.5 24
595.3125 5 24
595.3125 2.5 24
600.0000000000001 2.5 24
598.4375 5 24
598.4375 2.5 24
603.125 2.5 24
601.5625 5 24
601.5625 2.5 24
606.2500000000001 2.5 24
604.6875 5 24
604.6875 2.5 24
609.375 2.5 24
607.8125 5 24
607.8125 2.5 24
612.5 2.5 24
610.9375 5 24
610.9375 2.5 24
615.6250000000001 2.5 24
614.0625 5 24
614.0625 2.5 24
618.75 2.5 24
617.1875 5 24
617.1875 2.5 24
621.8750000000001 2.5 24
620.3125 5 24
620.3125 2.5 24
625 2.5 24
623.4375 5 24
623.4375 2.5 24
628.125 2.5 24
626.5625 5 24
626.5625 2.5 24
631.2500000000001 2.5 24
629.6875 5 24
629.6875 2.5 24
634.375 2.5 24
632.8125 5 24
632.8125 2.5 24
637.5000000000001 2.5 24
635.9375 5 24
635.9375 2.5 24
640.625 2.5 24
639.0625 5 24
639.0625 2.5 24
643.75 2.5 24
642.1875 5 24
642.1875 2.5 24
646.8750000000001 2.5 24
645.3125 5 24
645.3125 2.5 24
650 2.5 24
648.4375 5 24
648.4375 2.5 24
653.1250000000001 2.5 24
651.5625 5 24
651.5625 2.5 24
656.25 2.5 24
654.6875 5 24
654.6875 2.5 24
659.375 2.5 24
657.8125 5 24
657.8125 2.5 24
662.5000000000001 2.5 24
660.9375 5 24
660.9375 2.5 24
665.625 2.5 24
664.0625 5 24
664.0625 2.5 24
668.7500000000001 2.5 24
667.1875 5 24
667.1875 2.5 24
671.875 2.5 24
670.3125 5 24
670.3125 2.5 24
675 2.5 24
673.4375 5 24
673.4375 2.5 24
678.1250000000001 2.5 24
676.5625 5 24
676.5625 2.5 24
681.25 2.5 24
679.6875 5 24
679.6875 2.5 24
684.3750000000001 2.5 24
682.8125 5 24
682.8125 2.5 24
687.5 2.5 24
685.9375 5 24
685.9375 2.5 24
690.625 2.5 24
689.0625 5 24
689.0625 2.5 24
693.7500000000001 2.5 24
692.1875 5 24
692.1875 2.5 24
696.875 2.5 24
695.3125 5 24
695.3125 2.5 24
700.0000000000001 2.5 24
698.4375 5 24
698.4375 2.5 24
703.125 2.5 24
701.5625 5 24
701.5625 2.5 24
706.25 2.5 24
704.6875 5 24
704.6875 2.5 24
709.3750000000001 2.5 24
707.8125 5 24
707.8125 2.5 24
712.5 2.5 24
710.9375 5 24
710.9375 2.5 24
715.6250000000001 2.5 24
714.0625 5 24
714.0625 2.5 24
718.75 2.5 24
717.1875 5 24
717.1875 2.5 24
721.875 2.5 24
720.3125 5 24
720.3125 2.5 24
725.0000000000001 2.5 24
723.4375 5 24
723.4375 2.5 24
728.125 2.5 24
726.5625 5 24
726.5625 2.5 24
731.2500000000001 2.5 24
729.6875 5 24
729.6875 2.5 24
734.375 2.5 24
732.8125 5 24
732.8125 2.5 24
737.5 2.5 24
735.9375 5 24
735.9375 2.5 24
740.6250000000001 2.5 24
739.0625 5 24
739.0625 2.5 24
743.75 2.5 24
742.1875 5 24
742.1875 2.5 24
746.8750000000001 2.5 24
745.3125 5 24
745.3125 2.5 24
750 2.5 24
748.4375 5 24
748.4375 2.5 24
753.125 2.5 24
751.5625 5 24
751.5625 2.5 24
756.2500000000001 2.5 24
754.6875 5 24
754.6875 2.5 24
759.375 2.5 24
757.8125 5 24
757.8125 2.5 24
762.5000000000001 2.5 24
760.9375 5 24
760.9375 2.5 24
765.625 2.5 24
764.0625 5 24
764.0625 2.5 24
768.75 2.5 24
767.1875 5 24
767.1875 2.5 24
771.8750000000001 2.5 24
770.3125 5 24
770.3125 2.5 24
775 2.5 24
773.4375 5 24
773.4375 2.5 24
778.1250000000001 2.5 24
776.5625 5 24
776.5625 2.5 24
781.25 2.5 24
779.6875 5 24
779.6875 2.5 24
784.375 2.5 24
782.8125 5 24
782.8125 2.5 24
787.5000000000001 2.5 24
785.9375 5 24
785.9375 2.5 24
790.625 2.5 24
789.0625 5 24
789.0625 2.5 24
793.7500000000001 2.5 24
792.1875 5 24
792.1875 2.5 24
796.875 2.5 24
795.3125 5 24
795.3125 2.5 24
800 2.5 24
798.4375 5 24
798.4375 2.5 24
803.1250000000001 2.5 24
801.5625 5 24
801.5625 2.5 24
806.25 2.5 24
804.6875 5 24
804.6875 2.5 24
809.3750000000001 2.5 24
807.8125 5 24
807.8125 2.5 24
812.5 2.5 24
810.9375 5 24
810.9375 2.5 24
815.625 2.5 24
814.0625 5 24
814.0625 2.5 24
818.7500000000001 2.5 24
817.1875 5 24
817.1875 2.5 24
821.875 2.5 24
820.3125 5 24
820.3125 2.5 24
825.0000000000001 2.5 24
823.4375 5 24
823.4375 2.5 24
828.125 2.5 24
826.5625 5 24
826.5625 2.5 24
831.25 2.5 24
829.6875 5 24
829.6875 2.5 24
834.3750000000001 2.5 24
832.8125 5 24
832.8125 2.5 24
837.5 2.5 24
835.9375 5 24
835.9375 2.5 24
840.6250000000001 2.5 24
839.0625 5 24
839.0625 2.5 24
843.75 2.5 24
842.1875 5 24
842.1875 2.5 24
846.875 2.5 24
845.3125 5 24
845.3125 2.5 24
850.0000000000001 2.5 24
848.4375 5 24
848.4375 2.5 24
853.125 2.5 24
851.5625 5 24
851.5625 2.5 24
856.2500000000001 2.5 24
854.6875 5 24
854.6875 2.5 24
859.375 2.5 24
857.8125 5 24
857.8125 2.5 24
862.5 2.5 24
860.9375 5 24
860.9375 2.5 24
865.6250000000001 2.5 24
864.0625 5 24
864.0625 2.5 24
868.75 2.5 24
867.1875 5 24
867.1875 2.5 24
871.8750000000001 2.5 24
870.3125 5 24
870.3125 2.5 24
875 2.5 24
873.4375 5 24
873.4375 2.5 24
878.125 2.5 24
876.5625 5 24
876.5625 2.5 24
881.2500000000001 2.5 24
879.6875 5 24
879.6875 2.5 24
884.375 2.5 24
882.8125 5 24
882.8125 2.5 24
887.5000000000001 2.5 24
885.9375 5 24
885.9375 2.5 24
890.625 2.5 24
889.0625 5 24
889.0625 2.5 24
893.75 2.5 24
892.1875 5 24
892.1875 2.5 24
896.8750000000001 2.5 24
895.3125 5 24
895.3125 2.5 24
900 2.5 24
898.4375 5 24
898.4375 2.5 24
903.1250000000001 2.5 24
901.5625 5 24
901.5625 2.5 24
906.25 2.5 24
904.6875 5 24
904.6875 2.5 24
909.375 2.5 24
907.8125 5 24
907.8125 2.5 24
912.5000000000001 2.5 24
910.9375 5 24
910.9375 2.5 24
915.625 2.5 24
914.0625 5 24
914.0625 2.5 24
918.7500000000001 2.5 24
917.1875 5 24
917.1875 2.5 24
921.875 2.5 24
920.3125 5 24
920.3125 2.5 24
925 2.5 24
923.4375 5 24
923.4375 2.5 24
928.1250000000001 2.5 24
926.5625 5 24
926.5625 2.5 24
931.25 2.5 24
929.6875 5 24
929.6875 2.5 24
934.3750000000001 2.5 24
932.8125 5 24
932.8125 2.5 24
937.5 2.5 24
935.9375 5 24
935.9375 2.5 24
940.625 2.5 24
939.0625 5 24
939.0625 2.5 24
943.7500000000001 2.5 24
942.1875 5 24
942.1875 2.5 24
946.875 2.5 24
945.3125 5 24
945.3125 2.5 24
950.0000000000001 2.5 24
948.4375 5 24
948.4375 2.5 24
953.125 2.5 24
951.5625 5 24
951.5625 2.5 24
956.25 2.5 24
954.6875 5 24
954.6875 2.5 24
959.3750000000001 2.5 24
957.8125 5 24
957.8125 2.5 24
962.5 2.5 24
960.9375 5 24
960.9375 2.5 24
965.6250000000001 2.5 24
964.0625 5 24
964.0625 2.5 24
968.75 2.5 24
967.1875 5 24
967.1875 2.5 24
971.875 2.5 24
970.3125 5 24
970.3125 2.5 24
975.0000000000001 2.5 24
973.4375 5 24
973.4375 2.5 24
978.125 2.5 24
976.5625 5 24
976.5625 2.5 24
981.2500000000001 2.5 24
979.6875 5 24
979.6875 2.5 24
984.375 2.5 24
982.8125 5 24
982.8125 2.5 24
987.5 2.5 24
985.9375 5 24
985.9375 2.5 24
990.6250000000001 2.5 24
989.0625 5 24
989.0625 2.5 24
993.75 2.5 24
992.1875 5 24
992.1875 2.5 24
996.8750000000001 2.5 24
995.3125 5 24
995.3125 2.5 24
998.4375 5 24
998.4375 2.5 24
3.125 7.5 24
1.5625 7.5 24
6.25 7.5 24
4.6875 7.5 24
9.375000000000002 7.5 24
7.812500000000001 7.5 24
12.5 7.5 24
10.9375 7.5 24
15.625 7.5 24
14.0625 7.5 24
18.75 7.5 24
17.1875 7.5 24
21.875 7.5 24
20.3125 7.5 24
25 7.5 24
23.4375 7.5 24
28.125 7.5 24
26.5625 7.5 24
31.25 7.5 24
29.6875 7.5 24
34.375 7.5 24
32.8125 7.5 24
37.50000000000001 7.5 24
35.9375 7.5 24
40.625 7.5 24
39.0625 7.5 24
43.75000000000001 7.5 24
42.1875 7.5 24
46.875 7.5 24
45.3125 7.5 24
50 7.5 24
48.4375 7.5 24
53.12500000000001 7.5 24
51.5625 7.5 24
56.25 7.5 24
54.6875 7.5 24
59.37500000000001 7.5 24
57.8125 7.5 24
62.5 7.5 24
60.9375 7.5 24
65.625 7.5 24
64.0625 7.5 24
68.75 7.5 24
67.1875 7.5 24
71.87500000000001 7.5 24
70.3125 7.5 24
75.00000000000001 7.5 24
73.43750000000001 7.5 24
78.125 7.5 24
76.5625 7.5 24
81.25 7.5 24
79.6875 7.5 24
84.375 7.5 24
82.8125 7.5 24
87.50000000000001 7.5 24
85.9375 7.5 24
90.62500000000001 7.5 24
89.06250000000001 7.5 24
93.75 7.5 24
92.1875 7.5 24
96.875 7.5 24
95.3125 7.5 24
100 7.5 24
98.4375 7.5 24
103.125 7.5 24
101.5625 7.5 24
106.25 7.5 24
104.6875 7.5 24
109.375 7.5 24
107.8125 7.5 24
112.5 7.5 24
110.9375 7.5 24
115.625 7.5 24
114.0625 7.5 24
118.75 7.5 24
117.1875 7.5 24
121.875 7.5 24
120.3125 7.5 24
125 7.5 24
123.4375 7.5 24
128.125 7.5 24
126.5625 7.5 24
131.25 7.5 24
129.6875 7.5 24
134.375 7.5 24
132.8125 7.5 24
137.5 7.5 24
135.9375 7.5 24
140.625 7.5 24
139.0625 7.5 24
143.75 7.5 24
142.1875 7.5 24
146.875 7.5 24
145.3125 7.5 24
150 7.5 24
148.4375 7.5 24
153.125 7.5 24
151.5625 7.5 24
156.25 7.5 24
154.6875 7.5 24
159.375 7.5 24
157.8125 7.5 24
162.5 7.5 24
160.9375 7.5 24
165.625 7.5 24
164.0625 7.5 24
168.75 7.5 24
167.1875 7.5 24
171.875 7.5 24
170.3125 7.5 24
175 7.5 24
173.4375 7.5 24
178.125 7.5 24
176.5625 7.5 24
181.25 7.5 24
179.6875 7.5 24
184.375 7.5 24
182.8125 7.5 24
187.5 7.5 24
185.9375 7.5 24
190.625 7.5 24
189.0625 7.5 24
193.75 7.5 24
192.1875 7.5 24
196.875 7.5 24
195.3125 7.5 24
200 7.5 24
198.4375 7.5 24
203.125 7.5 24
201.5625 7.5 24
206.25 7.5 24
204.6875 7.5 24
209.375 7.5 24
207.8125 7.5 24
212.5 7.5 24
210.9375 7.5 24
215.625 7.5 24
214.0625 7.5 24
218.75 7.5 24
217.1875 7.5 24
221.875 7.5 24
220.3125 7.5 24
225 7.5 24
223.4375 7.5 24
228.125 7.5 24
226.5625 7.5 24
231.25 7.5 24
229.6875 7.5 24
234.375 7.5 24
232.8125 7.5 24
237.5 7.5 24
235.9375 7.5 24
240.625 7.5 24
239.0625 7.5 24
243.75 7.5 24
242.1875 7.5 24
246.875 7.5 24
245.3125 7.5 24
250 7.5 24
248.4375 7.5 24
253.125 7.5 24
251.5625 7.5 24
256.2500000000001 7.5 24
254.6875 7.5 24
259.375 7.5 24
257.8125 7.5 24
262.5 7.5 24
260.9375 7.5 24
265.625 7.5 24
264.0625 7.5 24
268.75 7.5 24
267.1875 7.5 24
271.8750000000001 7.5 24
270.3125 7.5 24
275 7.5 24
273.4375 7.5 24
278.125 7.5 24
276.5625 7.5 24
281.25 7.5 24
279.6875 7.5 24
284.375 7.5 24
282.8125 7.5 24
287.5000000000001 7.5 24
285.9375 7.5 24
290.625 7.5 24
289.0625 7.5 24
293.75 7.5 24
292.1875 7.5 24
296.875 7.5 24
295.3125 7.5 24
300.0000000000001 7.5 24
298.4375 7.5 24
303.1250000000001 7.5 24
301.5625000000001 7.5 24
306.25 7.5 24
304.6875 7.5 24
309.375 7.5 24
307.8125 7.5 24
312.5 7.5 24
310.9375 7.5 24
315.6250000000001 7.5 24
314.0625 7.5 24
318.7500000000001 7.5 24
317.1875000000001 7.5 24
321.875 7.5 24
320.3125 7.5 24
325 7.5 24
323.4375 7.5 24
328.125 7.5 24
326.5625 7.5 24
331.2500000000001 7.5 24
329.6875 7.5 24
334.3750000000001 7.5 24
332.8125000000001 7.5 24
337.5 7.5 24
335.9375 7.5 24
340.625 7.5 24
339.0625 7.5 24
343.75 7.5 24
342.1875 7.5 24
346.8750000000001 7.5 24
345.3125 7.5 24
350.0000000000001 7.5 24
348.4375000000001 7.5 24
353.125 7.5 24
351.5625 7.5 24
356.25 7.5 24
354.6875 7.5 24
359.375 7.5 24
357.8125 7.5 24
362.5000000000001 7.5 24
360.9375 7.5 24
365.6250000000001 7.5 24
364.0625000000001 7.5 24
368.75 7.5 24
367.1875 7.5 24
371.875 7.5 24
370.3125 7.5 24
375 7.5 24
373.4375 7.5 24
378.1250000000001 7.5 24
376.5625 7.5 24
381.2500000000001 7.5 24
379.6875000000001 7.5 24
384.375 7.5 24
382.8125 7.5 24
387.5 7.5 24
385.9375 7.5 24
390.625 7.5 24
389.0625 7.5 24
393.7500000000001 7.5 24
392.1875 7.5 24
396.8750000000001 7.5 24
395.3125000000001 7.5 24
400 7.5 24
398.4375 7.5 24
403.125 7.5 24
401.5625 7.5 24
406.25 7.5 24
404.6875 7.5 24
409.3750000000001 7.5 24
407.8125 7.5 24
412.5000000000001 7.5 24
410.9375000000001 7.5 24
415.625 7.5 24
414.0625 7.5 24
418.75 7.5 24
417.1875 7.5 24
421.875 7.5 24
420.3125 7.5 24
425.0000000000001 7.5 24
423.4375 7.5 24
428.1250000000001 7.5 24
426.5625000000001 7.5 24
431.25 7.5 24
429.6875 7.5 24
434.375 7.5 24
432.8125 7.5 24
437.5 7.5 24
435.9375 7.5 24
440.6250000000001 7.5 24
439.0625 7.5 24
443.7500000000001 7.5 24
442.1875000000001 7.5 24
446.875 7.5 24
445.3125 7.5 24
450 7.5 24
448.4375 7.5 24
453.125 7.5 24
451.5625 7.5 24
456.2500000000001 7.5 24
454.6875 7.5 24
459.3750000000001 7.5 24
457.8125000000001 7.5 24
462.5 7.5 24
460.9375 7.5 24
465.625 7.5 24
464.0625 7.5 24
468.75 7.5 24
467.1875 7.5 24
471.8750000000001 7.5 24
470.3125 7.5 24
475.0000000000001 7.5 24
473.4375000000001 7.5 24
478.125 7.5 24
476.5625 7.5 24
481.25 7.5 24
479.6875 7.5 24
484.375 7.5 24
482.8125 7.5 24
487.5000000000001 7.5 24
485.9375 7.5 24
490.6250000000001 7.5 24
489.0625000000001 7.5 24
493.75 7.5 24
492.1875 7.5 24
496.875 7.5 24
495.3125 7.5 24
500 7.5 24
498.4375 7.5 24
503.1250000000001 7.5 24
501.5625 7.5 24
506.25 7.5 24
504.6875 7.5 24
509.375 7.5 24
507.8125 7.5 24
512.5000000000001 7.5 24
510.9375000000001 7.5 24
515.625 7.5 24
514.0625 7.5 24
518.75 7.5 24
517.1875 7.5 24
521.875 7.5 24
520.3125 7.5 24
525 7.5 24
523.4375 7.5 24
528.1250000000001 7.5 24
526.5625 7.5 24
531.25 7.5 24
529.6875 7.5 24
534.375 7.5 24
532.8125 7.5 24
537.5 7.5 24
535.9375 7.5 24
540.625 7.5 24
539.0625 7.5 24
543.7500000000001 7.5 24
542.1875 7.5 24
546.875 7.5 24
545.3125 7.5 24
550 7.5 24
548.4375 7.5 24
553.125 7.5 24
551.5625 7.5 24
556.25 7.5 24
554.6875 7.5 24
559.3750000000001 7.5 24
557.8125 7.5 24
562.5 7.5 24
560.9375 7.5 24
565.625 7.5 24
564.0625 7.5 24
568.75 7.5 24
567.1875 7.5 24
571.875 7.5 24
570.3125 7.5 24
575.0000000000001 7.5 24
573.4375 7.5 24
578.125 7.5 24
576.5625 7.5 24
581.25 7.5 24
579.6875 7.5 24
584.375 7.5 24
582.8125 7.5 24
587.5 7.5 24
585.9375 7.5 24
590.6250000000001 7.5 24
589.0625 7.5 24
593.75 7.5 24
592.1875 7.5 24
596.875 7.5 24
595.3125 7.5 24
600.0000000000001 7.5 24
598.4375 7.5 24
603.125 7.5 24
601.5625 7.5 24
606.2500000000001 7.5 24
604.6875 7.5 24
609.375 7.5 24
607.8125 7.5 24
612.5 7.5 24
610.9375 7.5 24
615.6250000000001 7.5 24
614.0625 7.5 24
618.75 7.5 24
617.1875 7.5 24
621.8750000000001 7.5 24
620.3125 7.5 24
625 7.5 24
623.4375 7.5 24
628.125 7.5 24
626.5625 7.5 24
631.2500000000001 7.5 24
629.6875 7.5 24
634.375 7.5 24
632.8125 7.5 24
637.5000000000001 7.5 24
635.9375 7.5 24
640.625 7.5 24
639.0625 7.5 24
643.75 7.5 24
642.1875 7.5 24
646.8750000000001 7.5 24
645.3125 7.5 24
650 7.5 24
648.4375 7.5 24
653.1250000000001 7.5 24
651.5625 7.5 24
656.25 7.5 24
654.6875 7.5 24
659.375 7.5 24
657.8125 7.5 24
662.5000000000001 7.5 24
660.9375 7.5 24
665.625 7.5 24
664.0625 7.5 24
668.7500000000001 7.5 24
667.1875 7.5 24
671.875 7.5 24
670.3125 7.5 24
675 7.5 24
673.4375 7.5 24
678.1250000000001 7.5 24
676.5625 7.5 24
681.25 7.5 24
679.6875 7.5 24
684.3750000000001 7.5 24
682.8125 7.5 24
687.5 7.5 24
685.9375 7.5 24
690.625 7.5 24
689.0625 7.5 24
693.7500000000001 7.5 24
692.1875 7.5 24
696.875 7.5 24
695.3125 7.5 24
700.0000000000001 7.5 24
698.4375 7.5 24
703.125 7.5 24
701.5625 7.5 24
706.25 7.5 24
704.6875 7.5 24
709.3750000000001 7.5 24
707.8125 7.5 24
712.5 7.5 24
710.9375 7.5 24
715.6250000000001 7.5 24
714.0625 7.5 24
718.75 7.5 24
717.1875 7.5 24
721.875 7.5 24
720.3125 7.5 24
725.0000000000001 7.5 24
723.4375 7.5 24
728.125 7.5 24
726.5625 7.5 24
731.2500000000001 7.5 24
729.6875 7.5 24
734.375 7.5 24
732.8125 7.5 24
737.5 7.5 24
735.9375 7.5 24
740.6250000000001 7.5 24
739.0625 7.5 24
743.75 7.5 24
742.1875 7.5 24
746.8750000000001 7.5 24
745.3125 7.5 24
750 7.5 24
748.4375 7.5 24
753.125 7.5 24
751.5625 7.5 24
756.2500000000001 7.5 24
754.6875 7.5 24
759.375 7.5 24
757.8125 7.5 24
762.5000000000001 7.5 24
760.9375 7.5 24
765.625 7.5 24
764.0625 7.5 24
768.75 7.5 24
767.1875 7.5 24
771.8750000000001 7.5 24
770.3125 7.5 24
775 7.5 24
773.4375 7.5 24
778.1250000000001 7.5 24
776.5625 7.5 24
781.25 7.5 24
779.6875 7.5 24
784.375 7.5 24
782.8125 7.5 24
787.5000000000001 7.5 24
785.9375 7.5 24
790.625 7.5 24
789.0625 7.5 24
793.7500000000001 7.5 24
792.1875 7.5 24
796.875 7.5 24
795.3125 7.5 24
800 7.5 24
798.4375 7.5 24
803.1250000000001 7.5 24
801.5625 7.5 24
806.25 7.5 24
804.6875 7.5 24
809.3750000000001 7.5 24
807.8125 7.5 24
812.5 7.5 24
810.9375 7.5 24
815.625 7.5 24
814.0625 7.5 24
818.7500000000001 7.5 24
817.1875 7.5 24
821.875 7.5 24
820.3125 7.5 24
825.0000000000001 7.5 24
823.4375 7.5 24
828.125 7.5 24
826.5625 7.5 24
831.25 7.5 24
829.6875 7.5 24
834.3750000000001 7.5 24
832.8125 7.5 24
837.5 7.5 24
835.9375 7.5 24
840.6250000000001 7.5 24
839.0625 7.5 24
843.75 7.5 24
842.1875 7.5 24
846.875 7.5 24
845.3125 7.5 24
850.0000000000001 7.5 24
848.4375 7.5 24
853.125 7.5 24
851.5625 7.5 24
856.2500000000001 7.5 24
854.6875 7.5 24
859.375 7.5 24
857.8125 7.5 24
862.5 7.5 24
860.9375 7.5 24
865.6250000000001 7.5 24
864.0625 7.5 24
868.75 7.5 24
867.1875 7.5 24
871.8750000000001 7.5 24
870.3125 7.5 24
875 7.5 24
873.4375 7.5 24
878.125 7.5 24
876.5625 7.5 24
881.2500000000001 7.5 24
879.6875 7.5 24
884.375 7.5 24
882.8125 7.5 24
887.5000000000001 7.5 24
885.9375 7.5 24
890.625 7.5 24
889.0625 7.5 24
893.75 7.5 24
892.1875 7.5 24
896.8750000000001 7.5 24
895.3125 7.5 24
900 7.5 24
898.4375 7.5 24
903.1250000000001 7.5 24
901.5625 7.5 24
906.25 7.5 24
904.6875 7.5 24
909.375 7.5 24
907.8125 7.5 24
912.5000000000001 7.5 24
910.9375 7.5 24
915.625 7.5 24
914.0625 7.5 24
918.7500000000001 7.5 24
917.1875 7.5 24
921.875 7.5 24
920.3125 7.5 24
925 7.5 24
923.4375 7.5 24
928.1250000000001 7.5 24
926.5625 7.5 24
931.25 7.5 24
929.6875 7.5 24
934.3750000000001 7.5 24
932.8125 7.5 24
937.5 7.5 24
935.9375 7.5 24
940.625 7.5 24
939.0625 7.5 24
943.7500000000001 7.5 24
942.1875 7.5 24
946.875 7.5 24
945.3125 7.5 24
950.0000000000001 7.5 24
948.4375 7.5 24
953.125 7.5 24
951.5625 7.5 24
956.25 7.5 24
954.6875 7.5 24
959.3750000000001 7.5 24
957.8125 7.5 24
962.5 7.5 24
960.9375 7.5 24
965.6250000000001 7.5 24
964.0625 7.5 24
968.75 7.5 24
967.1875 7.5 24
971.875 7.5 24
970.3125 7.5 24
975.0000000000001 7.5 24
973.4375 7.5 24
978.125 7.5 24
976.5625 7.5 24
981.2500000000001 7.5 24
979.6875 7.5 24
984.375 7.5 24
982.8125 7.5 24
987.5 7.5 24
985.9375 7.5 24
990.6250000000001 7.5 24
989.0625 7.5 24
993.75 7.5 24
992.1875 7.5 24
996.8750000000001 7.5 24
995.3125 7.5 24
998.4375 7.5 24
3 1 0 5751
10275
10276
10277
10278
10279
10280
10281
10282
10283
10284
10285
10286
10287
10288
10289
10290
10291
10292
10293
10294
10295
10296
10297
10298
10299
10300
10301
10302
10303
10304
10305
10306
10307
10308
10309
10310
10311
10312
10313
10314
10315
10316
10317
10318
10319
10320
10321
10322
10323
10324
10325
10326
10327
10328
10329
10330
10331
10332
10333
10334
10335
10336
10337
10338
10339
10340
10341
10342
10343
10344
10345
10346
10347
10348
10349
10350
10351
10352
10353
10354
10355
10356
10357
10358
10359
10360
10361
10362
10363
10364
10365
10366
10367
10368
10369
10370
10371
10372
10373
10374
10375
10376
10377
10378
10379
10380
10381
10382
10383
10384
10385
10386
10387
10388
10389
10390
10391
10392
10393
10394
10395
10396
10397
10398
10399
10400
10401
10402
10403
10404
10405
10406
10407
10408
10409
10410
10411
10412
10413
10414
10415
10416
10417
10418
10419
10420
10421
10422
10423
10424
10425
10426
10427
10428
10429
10430
10431
10432
10433
10434
10435
10436
10437
10438
10439
10440
10441
10442
10443
10444
10445
10446
10447
10448
10449
10450
10451
10452
10453
10454
10455
10456
10457
10458
10459
10460
10461
10462
10463
10464
10465
10466
10467
10468
10469
10470
10471
10472
10473
10474
10475
10476
10477
10478
10479
10480
10481
10482
10483
10484
10485
10486
10487
10488
10489
10490
10491
10492
10493
10494
10495
10496
10497
10498
10499
10500
10501
10502
10503
10504
10505
10506
10507
10508
10509
10510
10511
10512
10513
10514
10515
10516
10517
10518
10519
10520
10521
10522
10523
10524
10525
10526
10527
10528
10529
10530
10531
10532
10533
10534
10535
10536
10537
10538
10539
10540
10541
10542
10543
10544
10545
10546
10547
10548
10549
10550
10551
10552
10553
10554
10555
10556
10557
10558
10559
10560
10561
10562
10563
10564
10565
10566
10567
10568
10569
10570
10571
10572
10573
10574
10575
10576
10577
10578
10579
10580
10581
10582
10583
10584
10585
10586
10587
10588
10589
10590
10591
10592
10593
10594
10595
10596
10597
10598
10599
10600
10601
10602
10603
10604
10605
10606
10607
10608
10609
10610
10611
10612
10613
10614
10615
10616
10617
10618
10619
10620
10621
10622
10623
10624
10625
10626
10627
10628
10629
10630
10631
10632
10633
10634
10635
10636
10637
10638
10639
10640
10641
10642
10643
10644
10645
10646
10647
10648
10649
10650
10651
10652
10653
10654
10655
10656
10657
10658
10659
10660
10661
10662
10663
10664
10665
10666
10667
10668
10669
10670
10671
10672
10673
10674
10675
10676
10677
10678
10679
10680
10681
10682
10683
10684
10685
10686
10687
10688
10689
10690
10691
10692
10693
10694
10695
10696
10697
10698
10699
10700
10701
10702
10703
10704
10705
10706
10707
10708
10709
10710
10711
10712
10713
10714
10715
10716
10717
10718
10719
10720
10721
10722
10723
10724
10725
10726
10727
10728
10729
10730
10731
10732
10733
10734
10735
10736
10737
10738
10739
10740
10741
10742
10743
10744
10745
10746
10747
10748
10749
10750
10751
10752
10753
10754
10755
10756
10757
10758
10759
10760
10761
10762
10763
10764
10765
10766
10767
10768
10769
10770
10771
10772
10773
10774
10775
10776
10777
10778
10779
10780
10781
10782
10783
10784
10785
10786
10787
10788
10789
10790
10791
10792
10793
10794
10795
10796
10797
10798
10799
10800
10801
10802
10803
10804
10805
10806
10807
10808
10809
10810
10811
10812
10813
10814
10815
10816
10817
10818
10819
10820
10821
10822
10823
10824
10825
10826
10827
10828
10829
10830
10831
10832
10833
10834
10835
10836
10837
10838
10839
10840
10841
10842
10843
10844
10845
10846
10847
10848
10849
10850
10851
10852
10853
10854
10855
10856
10857
10858
10859
10860
10861
10862
10863
10864
10865
10866
10867
10868
10869
10870
10871
10872
10873
10874
10875
10876
10877
10878
10879
10880
10881
10882
10883
10884
10885
10886
10887
10888
10889
10890
10891
10892
10893
10894
10895
10896
10897
10898
10899
10900
10901
10902
10903
10904
10905
10906
10907
10908
10909
10910
10911
10912
10913
10914
10915
10916
10917
10918
10919
10920
10921
10922
10923
10924
10925
10926
10927
10928
10929
10930
10931
10932
10933
10934
10935
10936
10937
10938
10939
10940
10941
10942
10943
10944
10945
10946
10947
10948
10949
10950
10951
10952
10953
10954
10955
10956
10957
10958
10959
10960
10961
10962
10963
10964
10965
10966
10967
10968
10969
10970
10971
10972
10973
10974
10975
10976
10977
10978
10979
10980
10981
10982
10983
10984
10985
10986
10987
10988
10989
10990
10991
10992
10993
10994
10995
10996
10997
10998
10999
11000
11001
11002
11003
11004
11005
11006
11007
11008
11009
11010
11011
11012
11013
11014
11015
11016
11017
11018
11019
11020
11021
11022
11023
11024
11025
11026
11027
11028
11029
11030
11031
11032
11033
11034
11035
11036
11037
11038
11039
11040
11041
11042
11043
11044
11045
11046
11047
11048
11049
11050
11051
11052
11053
11054
11055
11056
11057
11058
11059
11060
11061
11062
11063
11064
11065
11066
11067
11068
11069
11070
11071
11072
11073
11074
11075
11076
11077
11078
11079
11080
11081
11082
11083
11084
11085
11086
11087
11088
11089
11090
11091
11092
11093
11094
11095
11096
11097
11098
11099
11100
11101
11102
11103
11104
11105
11106
11107
11108
11109
11110
11111
11112
11113
11114
11115
11116
11117
11118
11119
11120
11121
11122
11123
11124
11125
11126
11127
11128
11129
11130
11131
11132
11133
11134
11135
11136
11137
11138
11139
11140
11141
11142
11143
11144
11145
11146
11147
11148
11149
11150
11151
11152
11153
11154
11155
11156
11157
11158
11159
11160
11161
11162
11163
11164
11165
11166
11167
11168
11169
11170
11171
11172
11173
11174
11175
11176
11177
11178
11179
11180
11181
11182
11183
11184
11185
11186
11187
11188
11189
11190
11191
11192
11193
11194
11195
11196
11197
11198
11199
11200
11201
11202
11203
11204
11205
11206
11207
11208
11209
11210
11211
11212
11213
11214
11215
11216
11217
11218
11219
11220
11221
11222
11223
11224
11225
11226
11227
11228
11229
11230
11231
11232
11233
11234
11235
11236
11237
11238
11239
11240
11241
11242
11243
11244
11245
11246
11247
11248
11249
11250
11251
11252
11253
11254
11255
11256
11257
11258
11259
11260
11261
11262
11263
11264
11265
11266
11267
11268
11269
11270
11271
11272
11273
11274
11275
11276
11277
11278
11279
11280
11281
11282
11283
11284
11285
11286
11287
11288
11289
11290
11291
11292
11293
11294
11295
11296
11297
11298
11299
11300
11301
11302
11303
11304
11305
11306
11307
11308
11309
11310
11311
11312
11313
11314
11315
11316
11317
11318
11319
11320
11321
11322
11323
11324
11325
11326
11327
11328
11329
11330
11331
11332
11333
11334
11335
11336
11337
11338
11339
11340
11341
11342
11343
11344
11345
11346
11347
11348
11349
11350
11351
11352
11353
11354
11355
11356
11357
11358
11359
11360
11361
11362
11363
11364
11365
11366
11367
11368
11369
11370
11371
11372
11373
11374
11375
11376
11377
11378
11379
11380
11381
11382
11383
11384
11385
11386
11387
11388
11389
11390
11391
11392
11393
11394
11395
11396
11397
11398
11399
11400
11401
11402
11403
11404
11405
11406
11407
11408
11409
11410
11411
11412
11413
11414
11415
11416
11417
11418
11419
11420
11421
11422
11423
11424
11425
11426
11427
11428
11429
11430
11431
11432
11433
11434
11435
11436
11437
11438
11439
11440
11441
11442
11443
11444
11445
11446
11447
11448
11449
11450
11451
11452
11453
11454
11455
11456
11457
11458
11459
11460
11461
11462
11463
11464
11465
11466
11467
11468
11469
11470
11471
11472
11473
11474
11475
11476
11477
11478
11479
11480
11481
11482
11483
11484
11485
11486
11487
11488
11489
11490
11491
11492
11493
11494
11495
11496
11497
11498
11499
11500
11501
11502
11503
11504
11505
11506
11507
11508
11509
11510
11511
11512
11513
11514
11515
11516
11517
11518
11519
11520
11521
11522
11523
11524
11525
11526
11527
11528
11529
11530
11531
11532
11533
11534
11535
11536
11537
11538
11539
11540
11541
11542
11543
11544
11545
11546
11547
11548
11549
11550
11551
11552
11553
11554
11555
11556
11557
11558
11559
11560
11561
11562
11563
11564
11565
11566
11567
11568
11569
11570
11571
11572
11573
11574
11575
11576
11577
11578
11579
11580
11581
11582
11583
11584
11585
11586
11587
11588
11589
11590
11591
11592
11593
11594
11595
11596
11597
11598
11599
11600
11601
11602
11603
11604
11605
11606
11607
11608
11609
11610
11611
11612
11613
11614
11615
11616
11617
11618
11619
11620
11621
11622
11623
11624
11625
11626
11627
11628
11629
11630
11631
11632
11633
11634
11635
11636
11637
11638
11639
11640
11641
11642
11643
11644
11645
11646
11647
11648
11649
11650
11651
11652
11653
11654
11655
11656
11657
11658
11659
11660
11661
11662
11663
11664
11665
11666
11667
11668
11669
11670
11671
11672
11673
11674
11675
11676
11677
11678
11679
11680
11681
11682
11683
11684
11685
11686
11687
11688
11689
11690
11691
11692
11693
11694
11695
11696
11697
11698
11699
11700
11701
11702
11703
11704
11705
11706
11707
11708
11709
11710
11711
11712
11713
11714
11715
11716
11717
11718
11719
11720
11721
11722
11723
11724
11725
11726
11727
11728
11729
11730
11731
11732
11733
11734
11735
11736
11737
11738
11739
11740
11741
11742
11743
11744
11745
11746
11747
11748
11749
11750
11751
11752
11753
11754
11755
11756
11757
11758
11759
11760
11761
11762
11763
11764
11765
11766
11767
11768
11769
11770
11771
11772
11773
11774
11775
11776
11777
11778
11779
11780
11781
11782
11783
11784
11785
11786
11787
11788
11789
11790
11791
11792
11793
11794
11795
11796
11797
11798
11799
11800
11801
11802
11803
11804
11805
11806
11807
11808
11809
11810
11811
11812
11813
11814
11815
11816
11817
11818
11819
11820
11821
11822
11823
11824
11825
11826
11827
11828
11829
11830
11831
11832
11833
11834
11835
11836
11837
11838
11839
11840
11841
11842
11843
11844
11845
11846
11847
11848
11849
11850
11851
11852
11853
11854
11855
11856
11857
11858
11859
11860
11861
11862
11863
11864
11865
11866
11867
11868
11869
11870
11871
11872
11873
11874
11875
11876
11877
11878
11879
11880
11881
11882
11883
11884
11885
11886
11887
11888
11889
11890
11891
11892
11893
11894
11895
11896
11897
11898
11899
11900
11901
11902
11903
11904
11905
11906
11907
11908
11909
11910
11911
11912
11913
11914
11915
11916
11917
11918
11919
11920
11921
11922
11923
11924
11925
11926
11927
11928
11929
11930
11931
11932
11933
11934
11935
11936
11937
11938
11939
11940
11941
11942
11943
11944
11945
11946
11947
11948
11949
11950
11951
11952
11953
11954
11955
11956
11957
11958
11959
11960
11961
11962
11963
11964
11965
11966
11967
11968
11969
11970
11971
11972
11973
11974
11975
11976
11977
11978
11979
11980
11981
11982
11983
11984
11985
11986
11987
11988
11989
11990
11991
11992
11993
11994
11995
11996
11997
11998
11999
12000
12001
12002
12003
12004
12005
12006
12007
12008
12009
12010
12011
12012
12013
12014
12015
12016
12017
12018
12019
12020
12021
12022
12023
12024
12025
12026
12027
12028
12029
12030
12031
12032
12033
12034
12035
12036
12037
12038
12039
12040
12041
12042
12043
12044
12045
12046
12047
12048
12049
12050
12051
12052
12053
12054
12055
12056
12057
12058
12059
12060
12061
12062
12063
12064
12065
12066
12067
12068
12069
12070
12071
12072
12073
12074
12075
12076
12077
12078
12079
12080
12081
12082
12083
12084
12085
12086
12087
12088
12089
12090
12091
12092
12093
12094
12095
12096
12097
12098
12099
12100
12101
12102
12103
12104
12105
12106
12107
12108
12109
12110
12111
12112
12113
12114
12115
12116
12117
12118
12119
12120
12121
12122
12123
12124
12125
12126
12127
12128
12129
12130
12131
12132
12133
12134
12135
12136
12137
12138
12139
12140
12141
12142
12143
12144
12145
12146
12147
12148
12149
12150
12151
12152
12153
12154
12155
12156
12157
12158
12159
12160
12161
12162
12163
12164
12165
12166
12167
12168
12169
12170
12171
12172
12173
12174
12175
12176
12177
12178
12179
12180
12181
12182
12183
12184
12185
12186
12187
12188
12189
12190
12191
12192
12193
12194
12195
12196
12197
12198
12199
12200
12201
12202
12203
12204
12205
12206
12207
12208
12209
12210
12211
12212
12213
12214
12215
12216
12217
12218
12219
12220
12221
12222
12223
12224
12225
12226
12227
12228
12229
12230
12231
12232
12233
12234
12235
12236
12237
12238
12239
12240
12241
12242
12243
12244
12245
12246
12247
12248
12249
12250
12251
12252
12253
12254
12255
12256
12257
12258
12259
12260
12261
12262
12263
12264
12265
12266
12267
12268
12269
12270
12271
12272
12273
12274
12275
12276
12277
12278
12279
12280
12281
12282
12283
12284
12285
12286
12287
12288
12289
12290
12291
12292
12293
12294
12295
12296
12297
12298
12299
12300
12301
12302
12303
12304
12305
12306
12307
12308
12309
12310
12311
12312
12313
12314
12315
12316
12317
12318
12319
12320
12321
12322
12323
12324
12325
12326
12327
12328
12329
12330
12331
12332
12333
12334
12335
12336
12337
12338
12339
12340
12341
12342
12343
12344
12345
12346
12347
12348
12349
12350
12351
12352
12353
12354
12355
12356
12357
12358
12359
12360
12361
12362
12363
12364
12365
12366
12367
12368
12369
12370
12371
12372
12373
12374
12375
12376
12377
12378
12379
12380
12381
12382
12383
12384
12385
12386
12387
12388
12389
12390
12391
12392
12393
12394
12395
12396
12397
12398
12399
12400
12401
12402
12403
12404
12405
12406
12407
12408
12409
12410
12411
12412
12413
12414
12415
12416
12417
12418
12419
12420
12421
12422
12423
12424
12425
12426
12427
12428
12429
12430
12431
12432
12433
12434
12435
12436
12437
12438
12439
12440
12441
12442
12443
12444
12445
12446
12447
12448
12449
12450
12451
12452
12453
12454
12455
12456
12457
12458
12459
12460
12461
12462
12463
12464
12465
12466
12467
12468
12469
12470
12471
12472
12473
12474
12475
12476
12477
12478
12479
12480
12481
12482
12483
12484
12485
12486
12487
12488
12489
12490
12491
12492
12493
12494
12495
12496
12497
12498
12499
12500
12501
12502
12503
12504
12505
12506
12507
12508
12509
12510
12511
12512
12513
12514
12515
12516
12517
12518
12519
12520
12521
12522
12523
12524
12525
12526
12527
12528
12529
12530
12531
12532
12533
12534
12535
12536
12537
12538
12539
12540
12541
12542
12543
12544
12545
12546
12547
12548
12549
12550
12551
12552
12553
12554
12555
12556
12557
12558
12559
12560
12561
12562
12563
12564
12565
12566
12567
12568
12569
12570
12571
12572
12573
12574
12575
12576
12577
12578
12579
12580
12581
12582
12583
12584
12585
12586
12587
12588
12589
12590
12591
12592
12593
12594
12595
12596
12597
12598
12599
12600
12601
12602
12603
12604
12605
12606
12607
12608
12609
12610
12611
12612
12613
12614
12615
12616
12617
12618
12619
12620
12621
12622
12623
12624
12625
12626
12627
12628
12629
12630
12631
12632
12633
12634
12635
12636
12637
12638
12639
12640
12641
12642
12643
12644
12645
12646
12647
12648
12649
12650
12651
12652
12653
12654
12655
12656
12657
12658
12659
12660
12661
12662
12663
12664
12665
12666
12667
12668
12669
12670
12671
12672
12673
12674
12675
12676
12677
12678
12679
12680
12681
12682
12683
12684
12685
12686
12687
12688
12689
12690
12691
12692
12693
12694
12695
12696
12697
12698
12699
12700
12701
12702
12703
12704
12705
12706
12707
12708
12709
12710
12711
12712
12713
12714
12715
12716
12717
12718
12719
12720
12721
12722
12723
12724
12725
12726
12727
12728
12729
12730
12731
12732
12733
12734
12735
12736
12737
12738
12739
12740
12741
12742
12743
12744
12745
12746
12747
12748
12749
12750
12751
12752
12753
12754
12755
12756
12757
12758
12759
12760
12761
12762
12763
12764
12765
12766
12767
12768
12769
12770
12771
12772
12773
12774
12775
12776
12777
12778
12779
12780
12781
12782
12783
12784
12785
12786
12787
12788
12789
12790
12791
12792
12793
12794
12795
12796
12797
12798
12799
12800
12801
12802
12803
12804
12805
12806
12807
12808
12809
12810
12811
12812
12813
12814
12815
12816
12817
12818
12819
12820
12821
12822
12823
12824
12825
12826
12827
12828
12829
12830
12831
12832
12833
12834
12835
12836
12837
12838
12839
12840
12841
12842
12843
12844
12845
12846
12847
12848
12849
12850
12851
12852
12853
12854
12855
12856
12857
12858
12859
12860
12861
12862
12863
12864
12865
12866
12867
12868
12869
12870
12871
12872
12873
12874
12875
12876
12877
12878
12879
12880
12881
12882
12883
12884
12885
12886
12887
12888
12889
12890
12891
12892
12893
12894
12895
12896
12897
12898
12899
12900
12901
12902
12903
12904
12905
12906
12907
12908
12909
12910
12911
12912
12913
12914
12915
12916
12917
12918
12919
12920
12921
12922
12923
12924
12925
12926
12927
12928
12929
12930
12931
12932
12933
12934
12935
12936
12937
12938
12939
12940
12941
12942
12943
12944
12945
12946
12947
12948
12949
12950
12951
12952
12953
12954
12955
12956
12957
12958
12959
12960
12961
12962
12963
12964
12965
12966
12967
12968
12969
12970
12971
12972
12973
12974
12975
12976
12977
12978
12979
12980
12981
12982
12983
12984
12985
12986
12987
12988
12989
12990
12991
12992
12993
12994
12995
12996
12997
12998
12999
13000
13001
13002
13003
13004
13005
13006
13007
13008
13009
13010
13011
13012
13013
13014
13015
13016
13017
13018
13019
13020
13021
13022
13023
13024
13025
13026
13027
13028
13029
13030
13031
13032
13033
13034
13035
13036
13037
13038
13039
13040
13041
13042
13043
13044
13045
13046
13047
13048
13049
13050
13051
13052
13053
13054
13055
13056
13057
13058
13059
13060
13061
13062
13063
13064
13065
13066
13067
13068
13069
13070
13071
13072
13073
13074
13075
13076
13077
13078
13079
13080
13081
13082
13083
13084
13085
13086
13087
13088
13089
13090
13091
13092
13093
13094
13095
13096
13097
13098
13099
13100
13101
13102
13103
13104
13105
13106
13107
13108
13109
13110
13111
13112
13113
13114
13115
13116
13117
13118
13119
13120
13121
13122
13123
13124
13125
13126
13127
13128
13129
13130
13131
13132
13133
13134
13135
13136
13137
13138
13139
13140
13141
13142
13143
13144
13145
13146
13147
13148
13149
13150
13151
13152
13153
13154
13155
13156
13157
13158
13159
13160
13161
13162
13163
13164
13165
13166
13167
13168
13169
13170
13171
13172
13173
13174
13175
13176
13177
13178
13179
13180
13181
13182
13183
13184
13185
13186
13187
13188
13189
13190
13191
13192
13193
13194
13195
13196
13197
13198
13199
13200
13201
13202
13203
13204
13205
13206
13207
13208
13209
13210
13211
13212
13213
13214
13215
13216
13217
13218
13219
13220
13221
13222
13223
13224
13225
13226
13227
13228
13229
13230
13231
13232
13233
13234
13235
13236
13237
13238
13239
13240
13241
13242
13243
13244
13245
13246
13247
13248
13249
13250
13251
13252
13253
13254
13255
13256
13257
13258
13259
13260
13261
13262
13263
13264
13265
13266
13267
13268
13269
13270
13271
13272
13273
13274
13275
13276
13277
13278
13279
13280
13281
13282
13283
13284
13285
13286
13287
13288
13289
13290
13291
13292
13293
13294
13295
13296
13297
13298
13299
13300
13301
13302
13303
13304
13305
13306
13307
13308
13309
13310
13311
13312
13313
13314
13315
13316
13317
13318
13319
13320
13321
13322
13323
13324
13325
13326
13327
13328
13329
13330
13331
13332
13333
13334
13335
13336
13337
13338
13339
13340
13341
13342
13343
13344
13345
13346
13347
13348
13349
13350
13351
13352
13353
13354
13355
13356
13357
13358
13359
13360
13361
13362
13363
13364
13365
13366
13367
13368
13369
13370
13371
13372
13373
13374
13375
13376
13377
13378
13379
13380
13381
13382
13383
13384
13385
13386
13387
13388
13389
13390
13391
13392
13393
13394
13395
13396
13397
13398
13399
13400
13401
13402
13403
13404
13405
13406
13407
13408
13409
13410
13411
13412
13413
13414
13415
13416
13417
13418
13419
13420
13421
13422
13423
13424
13425
13426
13427
13428
13429
13430
13431
13432
13433
13434
13435
13436
13437
13438
13439
13440
13441
13442
13443
13444
13445
13446
13447
13448
13449
13450
13451
13452
13453
13454
13455
13456
13457
13458
13459
13460
13461
13462
13463
13464
13465
13466
13467
13468
13469
13470
13471
13472
13473
13474
13475
13476
13477
13478
13479
13480
13481
13482
13483
13484
13485
13486
13487
13488
13489
13490
13491
13492
13493
13494
13495
13496
13497
13498
13499
13500
13501
13502
13503
13504
13505
13506
13507
13508
13509
13510
13511
13512
13513
13514
13515
13516
13517
13518
13519
13520
13521
13522
13523
13524
13525
13526
13527
13528
13529
13530
13531
13532
13533
13534
13535
13536
13537
13538
13539
13540
13541
13542
13543
13544
13545
13546
13547
13548
13549
13550
13551
13552
13553
13554
13555
13556
13557
13558
13559
13560
13561
13562
13563
13564
13565
13566
13567
13568
13569
13570
13571
13572
13573
13574
13575
13576
13577
13578
13579
13580
13581
13582
13583
13584
13585
13586
13587
13588
13589
13590
13591
13592
13593
13594
13595
13596
13597
13598
13599
13600
13601
13602
13603
13604
13605
13606
13607
13608
13609
13610
13611
13612
13613
13614
13615
13616
13617
13618
13619
13620
13621
13622
13623
13624
13625
13626
13627
13628
13629
13630
13631
13632
13633
13634
13635
13636
13637
13638
13639
13640
13641
13642
13643
13644
13645
13646
13647
13648
13649
13650
13651
13652
13653
13654
13655
13656
13657
13658
13659
13660
13661
13662
13663
13664
13665
13666
13667
13668
13669
13670
13671
13672
13673
13674
13675
13676
13677
13678
13679
13680
13681
13682
13683
13684
13685
13686
13687
13688
13689
13690
13691
13692
13693
13694
13695
13696
13697
13698
13699
13700
13701
13702
13703
13704
13705
13706
13707
13708
13709
13710
13711
13712
13713
13714
13715
13716
13717
13718
13719
13720
13721
13722
13723
13724
13725
13726
13727
13728
13729
13730
13731
13732
13733
13734
13735
13736
13737
13738
13739
13740
13741
13742
13743
13744
13745
13746
13747
13748
13749
13750
13751
13752
13753
13754
13755
13756
13757
13758
13759
13760
13761
13762
13763
13764
13765
13766
13767
13768
13769
13770
13771
13772
13773
13774
13775
13776
13777
13778
13779
13780
13781
13782
13783
13784
13785
13786
13787
13788
13789
13790
13791
13792
13793
13794
13795
13796
13797
13798
13799
13800
13801
13802
13803
13804
13805
13806
13807
13808
13809
13810
13811
13812
13813
13814
13815
13816
13817
13818
13819
13820
13821
13822
13823
13824
13825
13826
13827
13828
13829
13830
13831
13832
13833
13834
13835
13836
13837
13838
13839
13840
13841
13842
13843
13844
13845
13846
13847
13848
13849
13850
13851
13852
13853
13854
13855
13856
13857
13858
13859
13860
13861
13862
13863
13864
13865
13866
13867
13868
13869
13870
13871
13872
13873
13874
13875
13876
13877
13878
13879
13880
13881
13882
13883
13884
13885
13886
13887
13888
13889
13890
13891
13892
13893
13894
13895
13896
13897
13898
13899
13900
13901
13902
13903
13904
13905
13906
13907
13908
13909
13910
13911
13912
13913
13914
13915
13916
13917
13918
13919
13920
13921
13922
13923
13924
13925
13926
13927
13928
13929
13930
13931
13932
13933
13934
13935
13936
13937
13938
13939
13940
13941
13942
13943
13944
13945
13946
13947
13948
13949
13950
13951
13952
13953
13954
13955
13956
13957
13958
13959
13960
13961
13962
13963
13964
13965
13966
13967
13968
13969
13970
13971
13972
13973
13974
13975
13976
13977
13978
13979
13980
13981
13982
13983
13984
13985
13986
13987
13988
13989
13990
13991
13992
13993
13994
13995
13996
13997
13998
13999
14000
14001
14002
14003
14004
14005
14006
14007
14008
14009
14010
14011
14012
14013
14014
14015
14016
14017
14018
14019
14020
14021
14022
14023
14024
14025
14026
14027
14028
14029
14030
14031
14032
14033
14034
14035
14036
14037
14038
14039
14040
14041
14042
14043
14044
14045
14046
14047
14048
14049
14050
14051
14052
14053
14054
14055
14056
14057
14058
14059
14060
14061
14062
14063
14064
14065
14066
14067
14068
14069
14070
14071
14072
14073
14074
14075
14076
14077
14078
14079
14080
14081
14082
14083
14084
14085
14086
14087
14088
14089
14090
14091
14092
14093
14094
14095
14096
14097
14098
14099
14100
14101
14102
14103
14104
14105
14106
14107
14108
14109
14110
14111
14112
14113
14114
14115
14116
14117
14118
14119
14120
14121
14122
14123
14124
14125
14126
14127
14128
14129
14130
14131
14132
14133
14134
14135
14136
14137
14138
14139
14140
14141
14142
14143
14144
14145
14146
14147
14148
14149
14150
14151
14152
14153
14154
14155
14156
14157
14158
14159
14160
14161
14162
14163
14164
14165
14166
14167
14168
14169
14170
14171
14172
14173
14174
14175
14176
14177
14178
14179
14180
14181
14182
14183
14184
14185
14186
14187
14188
14189
14190
14191
14192
14193
14194
14195
14196
14197
14198
14199
14200
14201
14202
14203
14204
14205
14206
14207
14208
14209
14210
14211
14212
14213
14214
14215
14216
14217
14218
14219
14220
14221
14222
14223
14224
14225
14226
14227
14228
14229
14230
14231
14232
14233
14234
14235
14236
14237
14238
14239
14240
14241
14242
14243
14244
14245
14246
14247
14248
14249
14250
14251
14252
14253
14254
14255
14256
14257
14258
14259
14260
14261
14262
14263
14264
14265
14266
14267
14268
14269
14270
14271
14272
14273
14274
14275
14276
14277
14278
14279
14280
14281
14282
14283
14284
14285
14286
14287
14288
14289
14290
14291
14292
14293
14294
14295
14296
14297
14298
14299
14300
14301
14302
14303
14304
14305
14306
14307
14308
14309
14310
14311
14312
14313
14314
14315
14316
14317
14318
14319
14320
14321
14322
14323
14324
14325
14326
14327
14328
14329
14330
14331
14332
14333
14334
14335
14336
14337
14338
14339
14340
14341
14342
14343
14344
14345
14346
14347
14348
14349
14350
14351
14352
14353
14354
14355
14356
14357
14358
14359
14360
14361
14362
14363
14364
14365
14366
14367
14368
14369
14370
14371
14372
14373
14374
14375
14376
14377
14378
14379
14380
14381
14382
14383
14384
14385
14386
14387
14388
14389
14390
14391
14392
14393
14394
14395
14396
14397
14398
14399
14400
14401
14402
14403
14404
14405
14406
14407
14408
14409
14410
14411
14412
14413
14414
14415
14416
14417
14418
14419
14420
14421
14422
14423
14424
14425
14426
14427
14428
14429
14430
14431
14432
14433
14434
14435
14436
14437
14438
14439
14440
14441
14442
14443
14444
14445
14446
14447
14448
14449
14450
14451
14452
14453
14454
14455
14456
14457
14458
14459
14460
14461
14462
14463
14464
14465
14466
14467
14468
14469
14470
14471
14472
14473
14474
14475
14476
14477
14478
14479
14480
14481
14482
14483
14484
14485
14486
14487
14488
14489
14490
14491
14492
14493
14494
14495
14496
14497
14498
14499
14500
14501
14502
14503
14504
14505
14506
14507
14508
14509
14510
14511
14512
14513
14514
14515
14516
14517
14518
14519
14520
14521
14522
14523
14524
14525
14526
14527
14528
14529
14530
14531
14532
14533
14534
14535
14536
14537
14538
14539
14540
14541
14542
14543
14544
14545
14546
14547
14548
14549
14550
14551
14552
14553
14554
14555
14556
14557
14558
14559
14560
14561
14562
14563
14564
14565
14566
14567
14568
14569
14570
14571
14572
14573
14574
14575
14576
14577
14578
14579
14580
14581
14582
14583
14584
14585
14586
14587
14588
14589
14590
14591
14592
14593
14594
14595
14596
14597
14598
14599
14600
14601
14602
14603
14604
14605
14606
14607
14608
14609
14610
14611
14612
14613
14614
14615
14616
14617
14618
14619
14620
14621
14622
14623
14624
14625
14626
14627
14628
14629
14630
14631
14632
14633
14634
14635
14636
14637
14638
14639
14640
14641
14642
14643
14644
14645
14646
14647
14648
14649
14650
14651
14652
14653
14654
14655
14656
14657
14658
14659
14660
14661
14662
14663
14664
14665
14666
14667
14668
14669
14670
14671
14672
14673
14674
14675
14676
14677
14678
14679
14680
14681
14682
14683
14684
14685
14686
14687
14688
14689
14690
14691
14692
14693
14694
14695
14696
14697
14698
14699
14700
14701
14702
14703
14704
14705
14706
14707
14708
14709
14710
14711
14712
14713
14714
14715
14716
14717
14718
14719
14720
14721
14722
14723
14724
14725
14726
14727
14728
14729
14730
14731
14732
14733
14734
14735
14736
14737
14738
14739
14740
14741
14742
14743
14744
14745
14746
14747
14748
14749
14750
14751
14752
14753
14754
14755
14756
14757
14758
14759
14760
14761
14762
14763
14764
14765
14766
14767
14768
14769
14770
14771
14772
14773
14774
14775
14776
14777
14778
14779
14780
14781
14782
14783
14784
14785
14786
14787
14788
14789
14790
14791
14792
14793
14794
14795
14796
14797
14798
14799
14800
14801
14802
14803
14804
14805
14806
14807
14808
14809
14810
14811
14812
14813
14814
14815
14816
14817
14818
14819
14820
14821
14822
14823
14824
14825
14826
14827
14828
14829
14830
14831
14832
14833
14834
14835
14836
14837
14838
14839
14840
14841
14842
14843
14844
14845
14846
14847
14848
14849
14850
14851
14852
14853
14854
14855
14856
14857
14858
14859
14860
14861
14862
14863
14864
14865
14866
14867
14868
14869
14870
14871
14872
14873
14874
14875
14876
14877
14878
14879
14880
14881
14882
14883
14884
14885
14886
14887
14888
14889
14890
14891
14892
14893
14894
14895
14896
14897
14898
14899
14900
14901
14902
14903
14904
14905
14906
14907
14908
14909
14910
14911
14912
14913
14914
14915
14916
14917
14918
14919
14920
14921
14922
14923
14924
14925
14926
14927
14928
14929
14930
14931
14932
14933
14934
14935
14936
14937
14938
14939
14940
14941
14942
14943
14944
14945
14946
14947
14948
14949
14950
14951
14952
14953
14954
14955
14956
14957
14958
14959
14960
14961
14962
14963
14964
14965
14966
14967
14968
14969
14970
14971
14972
14973
14974
14975
14976
14977
14978
14979
14980
14981
14982
14983
14984
14985
14986
14987
14988
14989
14990
14991
14992
14993
14994
14995
14996
14997
14998
14999
15000
15001
15002
15003
15004
15005
15006
15007
15008
15009
15010
15011
15012
15013
15014
15015
15016
15017
15018
15019
15020
15021
15022
15023
15024
15025
15026
15027
15028
15029
15030
15031
15032
15033
15034
15035
15036
15037
15038
15039
15040
15041
15042
15043
15044
15045
15046
15047
15048
15049
15050
15051
15052
15053
15054
15055
15056
15057
15058
15059
15060
15061
15062
15063
15064
15065
15066
15067
15068
15069
15070
15071
15072
15073
15074
15075
15076
15077
15078
15079
15080
15081
15082
15083
15084
15085
15086
15087
15088
15089
15090
15091
15092
15093
15094
15095
15096
15097
15098
15099
15100
15101
15102
15103
15104
15105
15106
15107
15108
15109
15110
15111
15112
15113
15114
15115
15116
15117
15118
15119
15120
15121
15122
15123
15124
15125
15126
15127
15128
15129
15130
15131
15132
15133
15134
15135
15136
15137
15138
15139
15140
15141
15142
15143
15144
15145
15146
15147
15148
15149
15150
15151
15152
15153
15154
15155
15156
15157
15158
15159
15160
15161
15162
15163
15164
15165
15166
15167
15168
15169
15170
15171
15172
15173
15174
15175
15176
15177
15178
15179
15180
15181
15182
15183
15184
15185
15186
15187
15188
15189
15190
15191
15192
15193
15194
15195
15196
15197
15198
15199
15200
15201
15202
15203
15204
15205
15206
15207
15208
15209
15210
15211
15212
15213
15214
15215
15216
15217
15218
15219
15220
15221
15222
15223
15224
15225
15226
15227
15228
15229
15230
15231
15232
15233
15234
15235
15236
15237
15238
15239
15240
15241
15242
15243
15244
15245
15246
15247
15248
15249
15250
15251
15252
15253
15254
15255
15256
15257
15258
15259
15260
15261
15262
15263
15264
15265
15266
15267
15268
15269
15270
15271
15272
15273
15274
15275
15276
15277
15278
15279
15280
15281
15282
15283
15284
15285
15286
15287
15288
15289
15290
15291
15292
15293
15294
15295
15296
15297
15298
15299
15300
15301
15302
15303
15304
15305
15306
15307
15308
15309
15310
15311
15312
15313
15314
15315
15316
15317
15318
15319
15320
15321
15322
15323
15324
15325
15326
15327
15328
15329
15330
15331
15332
15333
15334
15335
15336
15337
15338
15339
15340
15341
15342
15343
15344
15345
15346
15347
15348
15349
15350
15351
15352
15353
15354
15355
15356
15357
15358
15359
15360
15361
15362
15363
15364
15365
15366
15367
15368
15369
15370
15371
15372
15373
15374
15375
15376
15377
15378
15379
15380
15381
15382
15383
15384
15385
15386
15387
15388
15389
15390
15391
15392
15393
15394
15395
15396
15397
15398
15399
15400
15401
15402
15403
15404
15405
15406
15407
15408
15409
15410
15411
15412
15413
15414
15415
15416
15417
15418
15419
15420
15421
15422
15423
15424
15425
15426
15427
15428
15429
15430
15431
15432
15433
15434
15435
15436
15437
15438
15439
15440
15441
15442
15443
15444
15445
15446
15447
15448
15449
15450
15451
15452
15453
15454
15455
15456
15457
15458
15459
15460
15461
15462
15463
15464
15465
15466
15467
15468
15469
15470
15471
15472
15473
15474
15475
15476
15477
15478
15479
15480
15481
15482
15483
15484
15485
15486
15487
15488
15489
15490
15491
15492
15493
15494
15495
15496
15497
15498
15499
15500
15501
15502
15503
15504
15505
15506
15507
15508
15509
15510
15511
15512
15513
15514
15515
15516
15517
15518
15519
15520
15521
15522
15523
15524
15525
15526
15527
15528
15529
15530
15531
15532
15533
15534
15535
15536
15537
15538
15539
15540
15541
15542
15543
15544
15545
15546
15547
15548
15549
15550
15551
15552
15553
15554
15555
15556
15557
15558
15559
15560
15561
15562
15563
15564
15565
15566
15567
15568
15569
15570
15571
15572
15573
15574
15575
15576
15577
15578
15579
15580
15581
15582
15583
15584
15585
15586
15587
15588
15589
15590
15591
15592
15593
15594
15595
15596
15597
15598
15599
15600
15601
15602
15603
15604
15605
15606
15607
15608
15609
15610
15611
15612
15613
15614
15615
15616
15617
15618
15619
15620
15621
15622
15623
15624
15625
15626
15627
15628
15629
15630
15631
15632
15633
15634
15635
15636
15637
15638
15639
15640
15641
15642
15643
15644
15645
15646
15647
15648
15649
15650
15651
15652
15653
15654
15655
15656
15657
15658
15659
15660
15661
15662
15663
15664
15665
15666
15667
15668
15669
15670
15671
15672
15673
15674
15675
15676
15677
15678
15679
15680
15681
15682
15683
15684
15685
15686
15687
15688
15689
15690
15691
15692
15693
15694
15695
15696
15697
15698
15699
15700
15701
15702
15703
15704
15705
15706
15707
15708
15709
15710
15711
15712
15713
15714
15715
15716
15717
15718
15719
15720
15721
15722
15723
15724
15725
15726
15727
15728
15729
15730
15731
15732
15733
15734
15735
15736
15737
15738
15739
15740
15741
15742
15743
15744
15745
15746
15747
15748
15749
15750
15751
15752
15753
15754
15755
15756
15757
15758
15759
15760
15761
15762
15763
15764
15765
15766
15767
15768
15769
15770
15771
15772
15773
15774
15775
15776
15777
15778
15779
15780
15781
15782
15783
15784
15785
15786
15787
15788
15789
15790
15791
15792
15793
15794
15795
15796
15797
15798
15799
15800
15801
15802
15803
15804
15805
15806
15807
15808
15809
15810
15811
15812
15813
15814
15815
15816
15817
15818
15819
15820
15821
15822
15823
15824
15825
15826
15827
15828
15829
15830
15831
15832
15833
15834
15835
15836
15837
15838
15839
15840
15841
15842
15843
15844
15845
15846
15847
15848
15849
15850
15851
15852
15853
15854
15855
15856
15857
15858
15859
15860
15861
15862
15863
15864
15865
15866
15867
15868
15869
15870
15871
15872
15873
15874
15875
15876
15877
15878
15879
15880
15881
15882
15883
15884
15885
15886
15887
15888
15889
15890
15891
15892
15893
15894
15895
15896
15897
15898
15899
15900
15901
15902
15903
15904
15905
15906
15907
15908
15909
15910
15911
15912
15913
15914
15915
15916
15917
15918
15919
15920
15921
15922
15923
15924
15925
15926
15927
15928
15929
15930
15931
15932
15933
15934
15935
15936
15937
15938
15939
15940
15941
15942
15943
15944
15945
15946
15947
15948
15949
15950
15951
15952
15953
15954
15955
15956
15957
15958
15959
15960
15961
15962
15963
15964
15965
15966
15967
15968
15969
15970
15971
15972
15973
15974
15975
15976
15977
15978
15979
15980
15981
15982
15983
15984
15985
15986
15987
15988
15989
15990
15991
15992
15993
15994
15995
15996
15997
15998
15999
16000
16001
16002
16003
16004
16005
16006
16007
16008
16009
16010
16011
16012
16013
16014
16015
16016
16017
16018
16019
16020
16021
16022
16023
16024
16025
3.125 5 12
6.25 5 12
9.374999999999998 5 12
12.5 5 12
15.625 5 12
18.75 5 12
21.87500000000001 5 12
25 5 12
28.125 5 12
31.25 5 12
34.375 5 12
37.49999999999999 5 12
40.625 5 12
43.75000000000002 5 12
46.875 5 12
50 5 12
53.12500000000002 5 12
56.25 5 12
59.37500000000002 5 12
62.5 5 12
65.625 5 12
68.75 5 12
71.87499999999999 5 12
74.99999999999999 5 12
78.125 5 12
81.25 5 12
84.375 5 12
87.50000000000004 5 12
90.62500000000004 5 12
93.75 5 12
96.875 5 12
100 5 12
103.125 5 12
106.25 5 12
109.375 5 12
112.5 5 12
115.625 5 12
118.75 5 12
121.875 5 12
125 5 12
128.125 5 12
131.25 5 12
134.375 5 12
137.5 5 12
140.625 5 12
143.75 5 12
146.875 5 12
150 5 12
153.125 5 12
156.25 5 12
159.375 5 12
162.5 5 12
165.625 5 12
168.75 5 12
171.875 5 12
175.0000000000001 5 12
178.125 5 12
181.2500000000001 5 12
184.375 5 12
187.5 5 12
190.6250000000001 5 12
193.75 5 12
196.8750000000001 5 12
200 5 12
203.125 5 12
206.2500000000001 5 12
209.375 5 12
212.5000000000001 5 12
215.625 5 12
218.75 5 12
221.8750000000001 5 12
225 5 12
228.1250000000001 5 12
231.25 5 12
234.375 5 12
237.5000000000001 5 12
240.625 5 12
243.7500000000001 5 12
246.875 5 12
250 5 12
253.125 5 12
256.2499999999999 5 12
259.375 5 12
262.5 5 12
265.625 5 12
268.75 5 12
271.8749999999999 5 12
275 5 12
278.125 5 12
281.25 5 12
284.375 5 12
287.4999999999999 5 12
290.625 5 12
293.75 5 12
296.875 5 12
299.9999999999999 5 12
303.1249999999999 5 12
306.25 5 12
309.375 5 12
312.5 5 12
315.6249999999999 5 12
318.7499999999999 5 12
321.875 5 12
325 5 12
328.125 5 12
331.2499999999999 5 12
334.3749999999999 5 12
337.5 5 12
340.625 5 12
343.75 5 12
346.8750000000002 5 12
350.0000000000002 5 12
353.125 5 12
356.25 5 12
359.375 5 12
362.5000000000002 5 12
365.6250000000002 5 12
368.75 5 12
371.875 5 12
375 5 12
378.1250000000002 5 12
381.2500000000002 5 12
384.375 5 12
387.5 5 12
390.625 5 12
393.7500000000002 5 12
396.8750000000002 5 12
400 5 12
403.125 5 12
406.25 5 12
409.3750000000002 5 12
412.5000000000002 5 12
415.625 5 12
418.75 5 12
421.875 5 12
425.0000000000002 5 12
428.1250000000002 5 12
431.25 5 12
434.375 5 12
437.5 5 12
440.6250000000002 5 12
443.7500000000002 5 12
446.875 5 12
450 5 12
453.125 5 12
456.2500000000002 5 12
459.3750000000002 5 12
462.5 5 12
465.625 5 12
468.75 5 12
471.8750000000002 5 12
475.0000000000002 5 12
478.125 5 12
481.25 5 12
484.375 5 12
487.5000000000002 5 12
490.6250000000002 5 12
493.75 5 12
496.875 5 12
500 5 12
503.1250000000002 5 12
506.25 5 12
509.375 5 12
512.4999999999999 5 12
515.625 5 12
518.75 5 12
521.875 5 12
525 5 12
528.1249999999999 5 12
531.25 5 12
534.375 5 12
537.5 5 12
540.625 5 12
543.7499999999999 5 12
546.875 5 12
550 5 12
553.125 5 12
556.25 5 12
559.3749999999999 5 12
562.5 5 12
565.625 5 12
568.75 5 12
571.875 5 12
574.9999999999999 5 12
578.125 5 12
581.25 5 12
584.375 5 12
587.5 5 12
590.6249999999999 5 12
593.75 5 12
596.875 5 12
599.9999999999999 5 12
603.125 5 12
606.2499999999999 5 12
609.375 5 12
612.5 5 12
615.6249999999999 5 12
618.75 5 12
621.8749999999999 5 12
625 5 12
628.125 5 12
631.2499999999999 5 12
634.375 5 12
637.4999999999999 5 12
640.625 5 12
643.75 5 12
646.8749999999999 5 12
650 5 12
653.1249999999999 5 12
656.25 5 12
659.375 5 12
662.4999999999999 5 12
665.625 5 12
668.7499999999999 5 12
671.875 5 12
675 5 12
678.1249999999999 5 12
681.25 5 12
684.3750000000003 5 12
687.5 5 12
690.625 5 12
693.7500000000003 5 12
696.875 5 12
700.0000000000003 5 12
703.125 5 12
706.25 5 12
709.3750000000003 5 12
712.5 5 12
715.6250000000003 5 12
718.75 5 12
721.875 5 12
725.0000000000003 5 12
728.125 5 12
731.2500000000003 5 12
734.375 5 12
737.5 5 12
740.6250000000003 5 12
743.75 5 12
746.8750000000003 5 12
750 5 12
753.125 5 12
756.2500000000003 5 12
759.375 5 12
762.5000000000003 5 12
765.625 5 12
768.75 5 12
771.8750000000003 5 12
775 5 12
778.1250000000003 5 12
781.25 5 12
784.375 5 12
787.5000000000003 5 12
790.625 5 12
793.7500000000003 5 12
796.875 5 12
800 5 12
803.1250000000003 5 12
806.25 5 12
809.3750000000003 5 12
812.5 5 12
815.625 5 12
818.7500000000003 5 12
821.875 5 12
825.0000000000003 5 12
828.125 5 12
831.25 5 12
834.3750000000003 5 12
837.5 5 12
840.6250000000003 5 12
843.75 5 12
846.875 5 12
850.0000000000003 5 12
853.125 5 12
856.2500000000003 5 12
859.375 5 12
862.5 5 12
865.6250000000003 5 12
868.75 5 12
871.8750000000003 5 12
875 5 12
878.125 5 12
881.2500000000003 5 12
884.375 5 12
887.5000000000003 5 12
890.625 5 12
893.75 5 12
896.8750000000003 5 12
900 5 12
903.1250000000003 5 12
906.25 5 12
909.375 5 12
912.5000000000003 5 12
915.625 5 12
918.7500000000003 5 12
921.875 5 12
925 5 12
928.1250000000003 5 12
931.25 5 12
934.3750000000003 5 12
937.5 5 12
940.625 5 12
943.7500000000003 5 12
946.875 5 12
950.0000000000003 5 12
953.125 5 12
956.25 5 12
959.3750000000003 5 12
962.5 5 12
965.6250000000003 5 12
968.75 5 12
971.875 5 12
975.0000000000003 5 12
978.125 5 12
981.2500000000003 5 12
984.375 5 12
987.5 5 12
990.6250000000003 5 12
993.75 5 12
996.8750000000003 5 12
1.5625 5 12
3.125 2.5 12
3.125 5 6.000000000000001
1.5625 2.5 12
1.5625 5 6
3.125 2.5 6
1.5625 2.5 6
4.6875 5 12
6.25 2.5 12
6.25 5 6
4.6875 2.5 12
4.6875 5 6
6.25 2.5 6
4.6875 2.5 6
7.812499999999999 5 12
9.375 2.5 12
9.375 5 6
7.8125 2.5 12
7.8125 5 6
9.375000000000002 2.5 6
7.812500000000002 2.5 6
10.9375 5 12
12.5 2.5 12
12.5 5 5.999999999999999
10.9375 2.5 12
10.9375 5 6
12.5 2.5 6
10.9375 2.5 6
14.0625 5 12
15.625 2.5 12
15.625 5 6
14.0625 2.5 12
14.0625 5 6
15.625 2.5 6
14.0625 2.5 6
17.1875 5 12
18.75 2.5 12
18.75 5 6.000000000000001
17.1875 2.5 12
17.1875 5 6
18.75 2.5 6
17.1875 2.5 6
20.3125 5 12
21.87500000000001 2.5 12
21.87500000000001 5 6
20.3125 2.5 12
20.3125 5 6
21.87500000000001 2.5 6
20.31250000000001 2.5 6
23.43750000000001 5 12
25 2.5 12
25 5 6
23.4375 2.5 12
23.4375 5 6
25 2.5 6
23.4375 2.5 6
26.5625 5 12
28.125 2.5 12
28.125 5 5.999999999999999
26.5625 2.5 12
26.5625 5 6
28.125 2.5 6
26.5625 2.5 6
29.6875 5 12
31.25 2.5 12
31.25 5 6
29.6875 2.5 12
29.6875 5 6
31.25 2.5 6
29.6875 2.5 6
32.8125 5 12
34.375 2.5 12
34.375 5 6.000000000000001
32.8125 2.5 12
32.8125 5 6
34.375 2.5 6
32.8125 2.5 6
35.9375 5 12
37.5 2.5 12
37.5 5 6
35.9375 2.5 12
35.9375 5 6
37.50000000000001 2.5 6
35.9375 2.5 6
39.0625 5 12
40.625 2.5 12
40.625 5 6
39.0625 2.5 12
39.0625 5 6
40.625 2.5 6
39.0625 2.5 6
42.18750000000001 5 12
43.75000000000001 2.5 12
43.75000000000001 5 5.999999999999999
42.18750000000001 2.5 12
42.18750000000001 5 6
43.75000000000001 2.5 6
42.18750000000001 2.5 6
45.31250000000001 5 12
46.875 2.5 12
46.875 5 6
45.31250000000001 2.5 12
45.31250000000001 5 6
46.875 2.5 6
45.3125 2.5 6
48.4375 5 12
50 2.5 12
50 5 6.000000000000001
48.4375 2.5 12
48.4375 5 6
50 2.5 6
48.4375 2.5 6
51.56250000000001 5 12
53.12500000000001 2.5 12
53.12500000000001 5 6
51.56250000000001 2.5 12
51.56250000000001 5 6
53.12500000000001 2.5 6
51.56250000000001 2.5 6
54.68750000000001 5 12
56.25 2.5 12
56.25 5 6
54.68750000000001 2.5 12
54.68750000000001 5 6
56.25 2.5 6
54.6875 2.5 6
57.81250000000001 5 12
59.37500000000001 2.5 12
59.37500000000001 5 5.999999999999999
57.81250000000001 2.5 12
57.81250000000001 5 6
59.37500000000001 2.5 6
57.81250000000001 2.5 6
60.93750000000001 5 12
62.5 2.5 12
62.5 5 6
60.93750000000001 2.5 12
60.93750000000001 5 6
62.5 2.5 6
60.9375 2.5 6
64.0625 5 12
65.625 2.5 12
65.625 5 6.000000000000001
64.0625 2.5 12
64.0625 5 6
65.625 2.5 6
64.0625 2.5 6
67.1875 5 12
68.75 2.5 12
68.75 5 6
67.1875 2.5 12
67.1875 5 6
68.75 2.5 6
67.1875 2.5 6
70.3125 5 12
71.875 2.5 12
71.875 5 6
70.3125 2.5 12
70.3125 5 6
71.87500000000001 2.5 6
70.3125 2.5 6
73.43749999999999 5 12
75 2.5 12
75 5 5.999999999999999
73.4375 2.5 12
73.4375 5 6
75.00000000000001 2.5 6
73.4375 2.5 6
76.5625 5 12
78.125 2.5 12
78.125 5 6
76.5625 2.5 12
76.5625 5 6
78.125 2.5 6
76.5625 2.5 6
79.6875 5 12
81.25 2.5 12
81.25 5 6.000000000000001
79.6875 2.5 12
79.6875 5 6
81.25 2.5 6
79.6875 2.5 6
82.8125 5 12
84.375 2.5 12
84.375 5 6
82.8125 2.5 12
82.8125 5 6
84.375 2.5 6
82.8125 2.5 6
85.93750000000003 5 12
87.50000000000003 2.5 12
87.50000000000003 5 6
85.93750000000001 2.5 12
85.93750000000001 5 6
87.50000000000003 2.5 6
85.93750000000003 2.5 6
89.06250000000004 5 12
90.62500000000003 2.5 12
90.62500000000003 5 5.999999999999999
89.06250000000003 2.5 12
89.06250000000003 5 6
90.62500000000003 2.5 6
89.06250000000006 2.5 6
92.18750000000003 5 12
93.75 2.5 12
93.75 5 6
92.18750000000001 2.5 12
92.18750000000001 5 6
93.75 2.5 6
92.1875 2.5 6
95.3125 5 12
96.875 2.5 12
96.875 5 6.000000000000001
95.3125 2.5 12
95.3125 5 6
96.875 2.5 6
95.3125 2.5 6
98.4375 5 12
100 2.5 12
100 5 6
98.4375 2.5 12
98.4375 5 6
100 2.5 6
98.4375 2.5 6
101.5625 5 12
103.125 2.5 12
103.125 5 6
101.5625 2.5 12
101.5625 5 6
103.125 2.5 6
101.5625 2.5 6
104.6875 5 12
106.25 2.5 12
106.25 5 5.999999999999999
104.6875 2.5 12
104.6875 5 6
106.25 2.5 6
104.6875000000001 2.5 6
107.8125 5 12
109.375 2.5 12
109.375 5 6
107.8125 2.5 12
107.8125 5 6
109.375 2.5 6
107.8125 2.5 6
110.9375 5 12
112.5 2.5 12
112.5 5 6.000000000000001
110.9375 2.5 12
110.9375 5 6
112.5 2.5 6
110.9375 2.5 6
114.0625 5 12
115.625 2.5 12
115.625 5 6
114.0625 2.5 12
114.0625 5 6
115.625 2.5 6
114.0625 2.5 6
117.1875 5 12
118.75 2.5 12
118.75 5 6
117.1875 2.5 12
117.1875 5 6
118.75 2.5 6
117.1875 2.5 6
120.3125 5 12
121.875 2.5 12
121.875 5 5.999999999999999
120.3125 2.5 12
120.3125 5 6
121.875 2.5 6
120.3125000000001 2.5 6
123.4375 5 12
125 2.5 12
125 5 6
123.4375 2.5 12
123.4375 5 6
125 2.5 6
123.4375 2.5 6
126.5625 5 12
128.125 2.5 12
128.125 5 6.000000000000001
126.5625 2.5 12
126.5625 5 6
128.125 2.5 6
126.5625 2.5 6
129.6875 5 12
131.25 2.5 12
131.25 5 6
129.6875 2.5 12
129.6875 5 6
131.25 2.5 6
129.6875 2.5 6
132.8125 5 12
134.375 2.5 12
134.375 5 6
132.8125 2.5 12
132.8125 5 6
134.375 2.5 6
132.8125 2.5 6
135.9375 5 12
137.5 2.5 12
137.5 5 5.999999999999999
135.9375 2.5 12
135.9375 5 6
137.5 2.5 6
135.9375 2.5 6
139.0625 5 12
140.625 2.5 12
140.625 5 6
139.0625 2.5 12
139.0625 5 6
140.625 2.5 6
139.0625 2.5 6
142.1875 5 12
143.75 2.5 12
143.75 5 6.000000000000001
142.1875 2.5 12
142.1875 5 6
143.75 2.5 6
142.1875 2.5 6
145.3125 5 12
146.875 2.5 12
146.875 5 6
145.3125 2.5 12
145.3125 5 6
146.875 2.5 6
145.3125 2.5 6
148.4375 5 12
150 2.5 12
150 5 6
148.4375 2.5 12
148.4375 5 6
150 2.5 6
148.4375 2.5 6
151.5625 5 12
153.125 2.5 12
153.125 5 5.999999999999999
151.5625 2.5 12
151.5625 5 6
153.125 2.5 6
151.5625 2.5 6
154.6875 5 12
156.25 2.5 12
156.25 5 6
154.6875 2.5 12
154.6875 5 6
156.25 2.5 6
154.6875 2.5 6
157.8125 5 12
159.375 2.5 12
159.375 5 6.000000000000001
157.8125 2.5 12
157.8125 5 6
159.375 2.5 6
157.8125 2.5 6
160.9375 5 12
162.5 2.5 12
162.5 5 6
160.9375 2.5 12
160.9375 5 6
162.5 2.5 6
160.9375 2.5 6
164.0625 5 12
165.625 2.5 12
165.625 5 6
164.0625 2.5 12
164.0625 5 6
165.625 2.5 6
164.0625 2.5 6
167.1875 5 12
168.75 2.5 12
168.75 5 5.999999999999999
167.1875 2.5 12
167.1875 5 6
168.75 2.5 6
167.1875 2.5 6
170.3125 5 12
171.875 2.5 12
171.875 5 6
170.3125 2.5 12
170.3125 5 6
171.875 2.5 6
170.3125 2.5 6
173.4375000000001 5 12
175.0000000000001 2.5 12
175.0000000000001 5 6.000000000000001
173.4375 2.5 12
173.4375 5 6
175.0000000000001 2.5 6
173.4375000000001 2.5 6
176.5625000000001 5 12
178.125 2.5 12
178.125 5 6
176.5625 2.5 12
176.5625 5 6
178.125 2.5 6
176.5625 2.5 6
179.6875000000001 5 12
181.2500000000001 2.5 12
181.2500000000001 5 6
179.6875 2.5 12
179.6875 5 6
181.2500000000001 2.5 6
179.6875000000001 2.5 6
182.8125000000001 5 12
184.375 2.5 12
184.375 5 5.999999999999999
182.8125 2.5 12
182.8125 5 6
184.375 2.5 6
182.8125 2.5 6
185.9375 5 12
187.5 2.5 12
187.5 5 6
185.9375 2.5 12
185.9375 5 6
187.5 2.5 6
185.9375 2.5 6
189.0625000000001 5 12
190.6250000000001 2.5 12
190.6250000000001 5 6.000000000000001
189.0625 2.5 12
189.0625 5 6
190.6250000000001 2.5 6
189.0625000000001 2.5 6
192.1875000000001 5 12
193.75 2.5 12
193.75 5 6
192.1875 2.5 12
192.1875 5 6
193.75 2.5 6
192.1875 2.5 6
195.3125000000001 5 12
196.8750000000001 2.5 12
196.8750000000001 5 6
195.3125 2.5 12
195.3125 5 6
196.8750000000001 2.5 6
195.3125000000001 2.5 6
198.4375000000001 5 12
200 2.5 12
200 5 5.999999999999999
198.4375 2.5 12
198.4375 5 6
200 2.5 6
198.4375 2.5 6
201.5625 5 12
203.125 2.5 12
203.125 5 6
201.5625 2.5 12
201.5625 5 6
203.125 2.5 6
201.5625 2.5 6
204.6875000000001 5 12
206.2500000000001 2.5 12
206.2500000000001 5 6.000000000000001
204.6875 2.5 12
204.6875 5 6
206.2500000000001 2.5 6
204.6875000000001 2.5 6
207.8125000000001 5 12
209.375 2.5 12
209.375 5 6
207.8125 2.5 12
207.8125 5 6
209.375 2.5 6
207.8125 2.5 6
210.9375000000001 5 12
212.5000000000001 2.5 12
212.5000000000001 5 6
210.9375 2.5 12
210.9375 5 6
212.5000000000001 2.5 6
210.9375000000001 2.5 6
214.0625000000001 5 12
215.625 2.5 12
215.625 5 5.999999999999999
214.0625 2.5 12
214.0625 5 6
215.625 2.5 6
214.0625 2.5 6
217.1875 5 12
218.75 2.5 12
218.75 5 6
217.1875 2.5 12
217.1875 5 6
218.75 2.5 6
217.1875 2.5 6
220.3125000000001 5 12
221.8750000000001 2.5 12
221.8750000000001 5 6.000000000000001
220.3125 2.5 12
220.3125 5 6
221.8750000000001 2.5 6
220.3125000000001 2.5 6
223.4375000000001 5 12
225 2.5 12
225 5 6
223.4375 2.5 12
223.4375 5 6
225 2.5 6
223.4375 2.5 6
226.5625000000001 5 12
228.1250000000001 2.5 12
228.1250000000001 5 6
226.5625 2.5 12
226.5625 5 6
228.1250000000001 2.5 6
226.5625000000001 2.5 6
229.6875000000001 5 12
231.25 2.5 12
231.25 5 5.999999999999999
229.6875 2.5 12
229.6875 5 6
231.25 2.5 6
229.6875 2.5 6
232.8125 5 12
234.375 2.5 12
234.375 5 6
232.8125 2.5 12
232.8125 5 6
234.375 2.5 6
232.8125 2.5 6
235.9375000000001 5 12
237.5000000000001 2.5 12
237.5000000000001 5 6.000000000000001
235.9375 2.5 12
235.9375 5 6
237.5000000000001 2.5 6
235.9375000000001 2.5 6
239.0625000000001 5 12
240.625 2.5 12
240.625 5 6
239.0625 2.5 12
239.0625 5 6
240.625 2.5 6
239.0625 2.5 6
242.1875000000001 5 12
243.7500000000001 2.5 12
243.7500000000001 5 6
242.1875 2.5 12
242.1875 5 6
243.7500000000001 2.5 6
242.1875000000001 2.5 6
245.3125000000001 5 12
246.875 2.5 12
246.875 5 5.999999999999999
245.3125 2.5 12
245.3125 5 6
246.875 2.5 6
245.3125 2.5 6
248.4375 5 12
250 2.5 12
250 5 6
248.4375 2.5 12
248.4375 5 6
250 2.5 6
248.4375 2.5 6
251.5625 5 12
253.125 2.5 12
253.125 5 6.000000000000001
251.5625 2.5 12
251.5625 5 6
253.125 2.5 6
251.5625 2.5 6
254.6875 5 12
256.25 2.5 12
256.25 5 6
254.6875 2.5 12
254.6875 5 6
256.2500000000001 2.5 6
254.6875000000001 2.5 6
257.8125 5 12
259.375 2.5 12
259.375 5 6
257.8125 2.5 12
257.8125 5 6
259.375 2.5 6
257.8125 2.5 6
260.9375 5 12
262.5 2.5 12
262.5 5 5.999999999999999
260.9375 2.5 12
260.9375 5 6
262.5 2.5 6
260.9375 2.5 6
264.0625 5 12
265.625 2.5 12
265.625 5 6
264.0625 2.5 12
264.0625 5 6
265.625 2.5 6
264.0625 2.5 6
267.1875 5 12
268.75 2.5 12
268.75 5 6.000000000000001
267.1875 2.5 12
267.1875 5 6
268.75 2.5 6
267.1875 2.5 6
270.3125 5 12
271.875 2.5 12
271.875 5 6
270.3125 2.5 12
270.3125 5 6
271.8750000000001 2.5 6
270.3125 2.5 6
273.4375 5 12
275 2.5 12
275 5 6
273.4375 2.5 12
273.4375 5 6
275 2.5 6
273.4375 2.5 6
276.5625 5 12
278.125 2.5 12
278.125 5 5.999999999999999
276.5625 2.5 12
276.5625 5 6
278.125 2.5 6
276.5625 2.5 6
279.6875 5 12
281.25 2.5 12
281.25 5 6
279.6875 2.5 12
279.6875 5 6
281.25 2.5 6
279.6875 2.5 6
282.8125 5 12
284.375 2.5 12
284.375 5 6.000000000000001
282.8125 2.5 12
282.8125 5 6
284.375 2.5 6
282.8125 2.5 6
285.9375 5 12
287.5 2.5 12
287.5 5 6
285.9375 2.5 12
285.9375 5 6
287.5000000000001 2.5 6
285.9375 2.5 6
289.0625 5 12
290.625 2.5 12
290.625 5 6
289.0625 2.5 12
289.0625 5 6
290.625 2.5 6
289.0625 2.5 6
292.1875 5 12
293.75 2.5 12
293.75 5 5.999999999999999
292.1875 2.5 12
292.1875 5 6
293.75 2.5 6
292.1875 2.5 6
295.3125 5 12
296.875 2.5 12
296.875 5 6
295.3125 2.5 12
295.3125 5 6
296.875 2.5 6
295.3125 2.5 6
298.4375 5 12
300 2.5 12
300 5 6
298.4375 2.5 12
298.4375 5 6
300.0000000000001 2.5 6
298.4375 2.5 6
301.5624999999999 5 12
303.125 2.5 12
303.125 5 6
301.5625 2.5 12
301.5625 5 6
303.1250000000001 2.5 6
301.5625 2.5 6
304.6875 5 12
306.25 2.5 12
306.25 5 6
304.6875 2.5 12
304.6875 5 6
306.25 2.5 6
304.6875 2.5 6
307.8125 5 12
309.375 2.5 12
309.375 5 5.999999999999999
307.8125 2.5 12
307.8125 5 6
309.375 2.5 6
307.8125 2.5 6
310.9375 5 12
312.5 2.5 12
312.5 5 6
310.9375 2.5 12
310.9375 5 6
312.5 2.5 6
310.9375 2.5 6
314.0625 5 12
315.625 2.5 12
315.625 5 6
314.0625 2.5 12
314.0625 5 6
315.6250000000001 2.5 6
314.0625 2.5 6
317.1874999999999 5 12
318.75 2.5 12
318.75 5 6
317.1875 2.5 12
317.1875 5 6
318.7500000000001 2.5 6
317.1875 2.5 6
320.3125 5 12
321.875 2.5 12
321.875 5 6
320.3125 2.5 12
320.3125 5 6
321.875 2.5 6
320.3125 2.5 6
323.4375 5 12
325 2.5 12
325 5 5.999999999999999
323.4375 2.5 12
323.4375 5 6
325 2.5 6
323.4375 2.5 6
326.5625 5 12
328.125 2.5 12
328.125 5 6
326.5625 2.5 12
326.5625 5 6
328.125 2.5 6
326.5625 2.5 6
329.6875 5 12
331.25 2.5 12
331.25 5 6
329.6875 2.5 12
329.6875 5 6
331.2500000000001 2.5 6
329.6875 2.5 6
332.8124999999999 5 12
334.375 2.5 12
334.375 5 6
332.8125 2.5 12
332.8125 5 6
334.3750000000001 2.5 6
332.8125 2.5 6
335.9375 5 12
337.5 2.5 12
337.5 5 6
335.9375 2.5 12
335.9375 5 6
337.5 2.5 6
335.9375 2.5 6
339.0625 5 12
340.625 2.5 12
340.625 5 6
339.0625 2.5 12
339.0625 5 6
340.625 2.5 6
339.0625 2.5 6
342.1875 5 12
343.75 2.5 12
343.75 5 6
342.1875 2.5 12
342.1875 5 6
343.75 2.5 6
342.1875 2.5 6
345.3125000000001 5 12
346.8750000000001 2.5 12
346.8750000000001 5 6
345.3125000000001 2.5 12
345.3125000000001 5 6
346.8750000000001 2.5 6
345.3125000000001 2.5 6
348.4375000000002 5 12
350.0000000000001 2.5 12
350.0000000000001 5 6
348.4375000000001 2.5 12
348.4375000000001 5 6
350.0000000000001 2.5 6
348.4375000000002 2.5 6
351.5625000000001 5 12
353.125 2.5 12
353.125 5 6
351.5625000000001 2.5 12
351.5625000000001 5 6
353.125 2.5 6
351.5625 2.5 6
354.6875 5 12
356.25 2.5 12
356.25 5 6
354.6875 2.5 12
354.6875 5 6
356.25 2.5 6
354.6875 2.5 6
357.8125 5 12
359.375 2.5 12
359.375 5 6
357.8125 2.5 12
357.8125 5 6
359.375 2.5 6
357.8125 2.5 6
360.9375000000001 5 12
362.5000000000001 2.5 12
362.5000000000001 5 6
360.9375000000001 2.5 12
360.9375000000001 5 6
362.5000000000001 2.5 6
360.9375000000001 2.5 6
364.0625000000002 5 12
365.6250000000001 2.5 12
365.6250000000001 5 6
364.0625000000001 2.5 12
364.0625000000001 5 6
365.6250000000001 2.5 6
364.0625000000002 2.5 6
367.1875000000001 5 12
368.75 2.5 12
368.75 5 6
367.1875000000001 2.5 12
367.1875000000001 5 6
368.75 2.5 6
367.1875 2.5 6
370.3125 5 12
371.875 2.5 12
371.875 5 6
370.3125 2.5 12
370.3125 5 6
371.875 2.5 6
370.3125 2.5 6
373.4375 5 12
375 2.5 12
375 5 6
373.4375 2.5 12
373.4375 5 6
375 2.5 6
373.4375 2.5 6
376.5625000000001 5 12
378.1250000000001 2.5 12
378.1250000000001 5 6
376.5625000000001 2.5 12
376.5625000000001 5 6
378.1250000000001 2.5 6
376.5625000000001 2.5 6
379.6875000000002 5 12
381.2500000000001 2.5 12
381.2500000000001 5 6
379.6875000000001 2.5 12
379.6875000000001 5 6
381.2500000000001 2.5 6
379.6875000000002 2.5 6
382.8125000000001 5 12
384.375 2.5 12
384.375 5 6
382.8125000000001 2.5 12
382.8125000000001 5 6
384.375 2.5 6
382.8125 2.5 6
385.9375 5 12
387.5 2.5 12
387.5 5 6
385.9375 2.5 12
385.9375 5 6
387.5 2.5 6
385.9375 2.5 6
389.0625 5 12
390.625 2.5 12
390.625 5 6
389.0625 2.5 12
389.0625 5 6
390.625 2.5 6
389.0625 2.5 6
392.1875000000001 5 12
393.7500000000001 2.5 12
393.7500000000001 5 6
392.1875000000001 2.5 12
392.1875000000001 5 6
393.7500000000001 2.5 6
392.1875000000001 2.5 6
395.3125000000002 5 12
396.8750000000001 2.5 12
396.8750000000001 5 6
395.3125000000001 2.5 12
395.3125000000001 5 6
396.8750000000001 2.5 6
395.3125000000002 2.5 6
398.4375000000001 5 12
400 2.5 12
400 5 6
398.4375000000001 2.5 12
398.4375000000001 5 6
400 2.5 6
398.4375 2.5 6
401.5625 5 12
403.125 2.5 12
403.125 5 6
401.5625 2.5 12
401.5625 5 6
403.125 2.5 6
401.5625 2.5 6
404.6875 5 12
406.25 2.5 12
406.25 5 6
404.6875 2.5 12
404.6875 5 6
406.25 2.5 6
404.6875 2.5 6
407.8125000000001 5 12
409.3750000000001 2.5 12
409.3750000000001 5 6
407.8125000000001 2.5 12
407.8125000000001 5 6
409.3750000000001 2.5 6
407.8125000000001 2.5 6
410.9375000000002 5 12
412.5000000000001 2.5 12
412.5000000000001 5 6
410.9375000000001 2.5 12
410.9375000000001 5 6
412.5000000000001 2.5 6
410.9375000000002 2.5 6
414.0625000000001 5 12
415.625 2.5 12
415.625 5 6
414.0625000000001 2.5 12
414.0625000000001 5 6
415.625 2.5 6
414.0625 2.5 6
417.1875 5 12
418.75 2.5 12
418.75 5 6
417.1875 2.5 12
417.1875 5 6
418.75 2.5 6
417.1875 2.5 6
420.3125 5 12
421.875 2.5 12
421.875 5 6
420.3125 2.5 12
420.3125 5 6
421.875 2.5 6
420.3125 2.5 6
423.4375000000001 5 12
425.0000000000001 2.5 12
425.0000000000001 5 6
423.4375000000001 2.5 12
423.4375000000001 5 6
425.0000000000001 2.5 6
423.4375000000001 2.5 6
426.5625000000002 5 12
428.1250000000001 2.5 12
428.1250000000001 5 6
426.5625000000001 2.5 12
426.5625000000001 5 6
428.1250000000001 2.5 6
426.5625000000002 2.5 6
429.6875000000001 5 12
431.25 2.5 12
431.25 5 6
429.6875000000001 2.5 12
429.6875000000001 5 6
431.25 2.5 6
429.6875 2.5 6
432.8125 5 12
434.375 2.5 12
434.375 5 6
432.8125 2.5 12
432.8125 5 6
434.375 2.5 6
432.8125 2.5 6
435.9375 5 12
437.5 2.5 12
437.5 5 6
435.9375 2.5 12
435.9375 5 6
437.5 2.5 6
435.9375 2.5 6
439.0625000000001 5 12
440.6250000000001 2.5 12
440.6250000000001 5 6
439.0625000000001 2.5 12
439.0625000000001 5 6
440.6250000000001 2.5 6
439.0625000000001 2.5 6
442.1875000000002 5 12
443.7500000000001 2.5 12
443.7500000000001 5 6
442.1875000000001 2.5 12
442.1875000000001 5 6
443.7500000000001 2.5 6
442.1875000000002 2.5 6
445.3125000000001 5 12
446.875 2.5 12
446.875 5 6
445.3125000000001 2.5 12
445.3125000000001 5 6
446.875 2.5 6
445.3125 2.5 6
448.4375 5 12
450 2.5 12
450 5 6
448.4375 2.5 12
448.4375 5 6
450 2.5 6
448.4375 2.5 6
451.5625 5 12
453.125 2.5 12
453.125 5 6
451.5625 2.5 12
451.5625 5 6
453.125 2.5 6
451.5625 2.5 6
454.6875000000001 5 12
456.2500000000001 2.5 12
456.2500000000001 5 6
454.6875000000001 2.5 12
454.6875000000001 5 6
456.2500000000001 2.5 6
454.6875000000001 2.5 6
457.8125000000002 5 12
459.3750000000001 2.5 12
459.3750000000001 5 6
457.8125000000001 2.5 12
457.8125000000001 5 6
459.3750000000001 2.5 6
457.8125000000002 2.5 6
460.9375000000001 5 12
462.5 2.5 12
462.5 5 6
460.9375000000001 2.5 12
460.9375000000001 5 6
462.5 2.5 6
460.9375 2.5 6
464.0625 5 12
465.625 2.5 12
465.625 5 6
464.0625 2.5 12
464.0625 5 6
465.625 2.5 6
464.0625 2.5 6
467.1875 5 12
468.75 2.5 12
468.75 5 6
467.1875 2.5 12
467.1875 5 6
468.75 2.5 6
467.1875 2.5 6
470.3125000000001 5 12
471.8750000000001 2.5 12
471.8750000000001 5 6
470.3125000000001 2.5 12
470.3125000000001 5 6
471.8750000000001 2.5 6
470.3125000000001 2.5 6
473.4375000000002 5 12
475.0000000000001 2.5 12
475.0000000000001 5 6
473.4375000000001 2.5 12
473.4375000000001 5 6
475.0000000000001 2.5 6
473.4375000000002 2.5 6
476.5625000000001 5 12
478.125 2.5 12
478.125 5 6
476.5625000000001 2.5 12
476.5625000000001 5 6
478.125 2.5 6
476.5625 2.5 6
479.6875 5 12
481.25 2.5 12
481.25 5 6
479.6875 2.5 12
479.6875 5 6
481.25 2.5 6
479.6875 2.5 6
482.8125 5 12
484.375 2.5 12
484.375 5 6
482.8125 2.5 12
482.8125 5 6
484.375 2.5 6
482.8125 2.5 6
485.9375000000001 5 12
487.5000000000001 2.5 12
487.5000000000001 5 6
485.9375000000001 2.5 12
485.9375000000001 5 6
487.5000000000001 2.5 6
485.9375000000001 2.5 6
489.0625000000002 5 12
490.6250000000001 2.5 12
490.6250000000001 5 6
489.0625000000001 2.5 12
489.0625000000001 5 6
490.6250000000001 2.5 6
489.0625000000002 2.5 6
492.1875000000001 5 12
493.75 2.5 12
493.75 5 6
492.1875000000001 2.5 12
492.1875000000001 5 6
493.75 2.5 6
492.1875 2.5 6
495.3125 5 12
496.875 2.5 12
496.875 5 6
495.3125 2.5 12
495.3125 5 6
496.875 2.5 6
495.3125 2.5 6
498.4375 5 12
500 2.5 12
500 5 6
498.4375 2.5 12
498.4375 5 6
500 2.5 6
498.4375 2.5 6
501.5625000000001 5 12
503.1250000000001 2.5 12
503.1250000000001 5 6
501.5625000000001 2.5 12
501.5625000000001 5 6
503.1250000000001 2.5 6
501.5625000000001 2.5 6
504.6875000000001 5 12
506.25 2.5 12
506.25 5 6
504.6875000000001 2.5 12
504.6875000000001 5 6
506.25 2.5 6
504.6875 2.5 6
507.8125 5 12
509.375 2.5 12
509.375 5 6
507.8125 2.5 12
507.8125 5 6
509.375 2.5 6
507.8125 2.5 6
510.9374999999999 5 12
512.5 2.5 12
512.5 5 6.000000000000001
510.9375 2.5 12
510.9375 5 6
512.5000000000001 2.5 6
510.9375000000001 2.5 6
514.0625 5 12
515.625 2.5 12
515.625 5 6
514.0625 2.5 12
514.0625 5 6
515.625 2.5 6
514.0625 2.5 6
517.1875 5 12
518.75 2.5 12
518.75 5 6
517.1875 2.5 12
517.1875 5 6
518.75 2.5 6
517.1875 2.5 6
520.3125 5 12
521.875 2.5 12
521.875 5 6
520.3125 2.5 12
520.3125 5 6
521.875 2.5 6
520.3125 2.5 6
523.4375 5 12
525 2.5 12
525 5 6
523.4375 2.5 12
523.4375 5 6
525 2.5 6
523.4375 2.5 6
526.5625 5 12
528.125 2.5 12
528.125 5 6.000000000000001
526.5625 2.5 12
526.5625 5 6
528.1250000000001 2.5 6
526.5625 2.5 6
529.6875 5 12
531.25 2.5 12
531.25 5 6
529.6875 2.5 12
529.6875 5 6
531.25 2.5 6
529.6875 2.5 6
532.8125 5 12
534.375 2.5 12
534.375 5 6
532.8125 2.5 12
532.8125 5 6
534.375 2.5 6
532.8125 2.5 6
535.9375 5 12
537.5 2.5 12
537.5 5 6
535.9375 2.5 12
535.9375 5 6
537.5 2.5 6
535.9375 2.5 6
539.0625 5 12
540.625 2.5 12
540.625 5 6
539.0625 2.5 12
539.0625 5 6
540.625 2.5 6
539.0625 2.5 6
542.1875 5 12
543.75 2.5 12
543.75 5 6.000000000000001
542.1875 2.5 12
542.1875 5 6
543.7500000000001 2.5 6
542.1875 2.5 6
545.3125 5 12
546.875 2.5 12
546.875 5 6
545.3125 2.5 12
545.3125 5 6
546.875 2.5 6
545.3125 2.5 6
548.4375 5 12
550 2.5 12
550 5 6
548.4375 2.5 12
548.4375 5 6
550 2.5 6
548.4375 2.5 6
551.5625 5 12
553.125 2.5 12
553.125 5 6
551.5625 2.5 12
551.5625 5 6
553.125 2.5 6
551.5625 2.5 6
554.6875 5 12
556.25 2.5 12
556.25 5 6
554.6875 2.5 12
554.6875 5 6
556.25 2.5 6
554.6875 2.5 6
557.8125 5 12
559.375 2.5 12
559.375 5 6.000000000000001
557.8125 2.5 12
557.8125 5 6
559.3750000000001 2.5 6
557.8125 2.5 6
560.9375 5 12
562.5 2.5 12
562.5 5 6
560.9375 2.5 12
560.9375 5 6
562.5 2.5 6
560.9375 2.5 6
564.0625 5 12
565.625 2.5 12
565.625 5 6
564.0625 2.5 12
564.0625 5 6
565.625 2.5 6
564.0625 2.5 6
567.1875 5 12
568.75 2.5 12
568.75 5 6
567.1875 2.5 12
567.1875 5 6
568.75 2.5 6
567.1875 2.5 6
570.3125 5 12
571.875 2.5 12
571.875 5 6
570.3125 2.5 12
570.3125 5 6
571.875 2.5 6
570.3125 2.5 6
573.4375 5 12
575 2.5 12
575 5 6.000000000000001
573.4375 2.5 12
573.4375 5 6
575.0000000000001 2.5 6
573.4375 2.5 6
576.5625 5 12
578.125 2.5 12
578.125 5 6
576.5625 2.5 12
576.5625 5 6
578.125 2.5 6
576.5625 2.5 6
579.6875 5 12
581.25 2.5 12
581.25 5 6
579.6875 2.5 12
579.6875 5 6
581.25 2.5 6
579.6875 2.5 6
582.8125 5 12
584.375 2.5 12
584.375 5 6
582.8125 2.5 12
582.8125 5 6
584.375 2.5 6
582.8125 2.5 6
585.9375 5 12
587.5 2.5 12
587.5 5 6
585.9375 2.5 12
585.9375 5 6
587.5 2.5 6
585.9375 2.5 6
589.0625 5 12
590.625 2.5 12
590.625 5 6.000000000000001
589.0625 2.5 12
589.0625 5 6
590.6250000000001 2.5 6
589.0625 2.5 6
592.1875 5 12
593.75 2.5 12
593.75 5 6
592.1875 2.5 12
592.1875 5 6
593.75 2.5 6
592.1875 2.5 6
595.3125 5 12
596.875 2.5 12
596.875 5 6
595.3125 2.5 12
595.3125 5 6
596.875 2.5 6
595.3125 2.5 6
598.4375 5 12
600 2.5 12
600 5 6
598.4375 2.5 12
598.4375 5 6
600.0000000000001 2.5 6
598.4375 2.5 6
601.5625 5 12
603.125 2.5 12
603.125 5 6
601.5625 2.5 12
601.5625 5 6
603.125 2.5 6
601.5625 2.5 6
604.6875 5 12
606.25 2.5 12
606.25 5 6.000000000000001
604.6875 2.5 12
604.6875 5 6
606.2500000000001 2.5 6
604.6875 2.5 6
607.8125 5 12
609.375 2.5 12
609.375 5 6
607.8125 2.5 12
607.8125 5 6
609.375 2.5 6
607.8125 2.5 6
610.9375 5 12
612.5 2.5 12
612.5 5 6
610.9375 2.5 12
610.9375 5 6
612.5 2.5 6
610.9375 2.5 6
614.0625 5 12
615.625 2.5 12
615.625 5 6
614.0625 2.5 12
614.0625 5 6
615.6250000000001 2.5 6
614.0625 2.5 6
617.1875 5 12
618.75 2.5 12
618.75 5 6
617.1875 2.5 12
617.1875 5 6
618.75 2.5 6
617.1875 2.5 6
620.3125 5 12
621.875 2.5 12
621.875 5 6.000000000000001
620.3125 2.5 12
620.3125 5 6
621.8750000000001 2.5 6
620.3125 2.5 6
623.4375 5 12
625 2.5 12
625 5 6
623.4375 2.5 12
623.4375 5 6
625 2.5 6
623.4375 2.5 6
626.5625 5 12
628.125 2.5 12
628.125 5 6
626.5625 2.5 12
626.5625 5 6
628.125 2.5 6
626.5625 2.5 6
629.6875 5 12
631.25 2.5 12
631.25 5 6
629.6875 2.5 12
629.6875 5 6
631.2500000000001 2.5 6
629.6875 2.5 6
632.8125 5 12
634.375 2.5 12
634.375 5 6
632.8125 2.5 12
632.8125 5 6
634.375 2.5 6
632.8125 2.5 6
635.9375 5 12
637.5 2.5 12
637.5 5 6.000000000000001
635.9375 2.5 12
635.9375 5 6
637.5000000000001 2.5 6
635.9375 2.5 6
639.0625 5 12
640.625 2.5 12
640.625 5 6
639.0625 2.5 12
639.0625 5 6
640.625 2.5 6
639.0625 2.5 6
642.1875 5 12
643.75 2.5 12
643.75 5 6
642.1875 2.5 12
642.1875 5 6
643.75 2.5 6
642.1875 2.5 6
645.3125 5 12
646.875 2.5 12
646.875 5 6
645.3125 2.5 12
645.3125 5 6
646.8750000000001 2.5 6
645.3125 2.5 6
648.4375 5 12
650 2.5 12
650 5 6
648.4375 2.5 12
648.4375 5 6
650 2.5 6
648.4375 2.5 6
651.5625 5 12
653.125 2.5 12
653.125 5 6.000000000000001
651.5625 2.5 12
651.5625 5 6
653.1250000000001 2.5 6
651.5625 2.5 6
654.6875 5 12
656.25 2.5 12
656.25 5 6
654.6875 2.5 12
654.6875 5 6
656.25 2.5 6
654.6875 2.5 6
657.8125 5 12
659.375 2.5 12
659.375 5 6
657.8125 2.5 12
657.8125 5 6
659.375 2.5 6
657.8125 2.5 6
660.9375 5 12
662.5 2.5 12
662.5 5 6
660.9375 2.5 12
660.9375 5 6
662.5000000000001 2.5 6
660.9375 2.5 6
664.0625 5 12
665.625 2.5 12
665.625 5 6
664.0625 2.5 12
664.0625 5 6
665.625 2.5 6
664.0625 2.5 6
667.1875 5 12
668.75 2.5 12
668.75 5 6
667.1875 2.5 12
667.1875 5 6
668.7500000000001 2.5 6
667.1875 2.5 6
670.3125 5 12
671.875 2.5 12
671.875 5 6
670.3125 2.5 12
670.3125 5 6
671.875 2.5 6
670.3125 2.5 6
673.4375 5 12
675 2.5 12
675 5 6
673.4375 2.5 12
673.4375 5 6
675 2.5 6
673.4375 2.5 6
676.5625 5 12
678.125 2.5 12
678.125 5 6
676.5625 2.5 12
676.5625 5 6
678.1250000000001 2.5 6
676.5625 2.5 6
679.6875 5 12
681.25 2.5 12
681.25 5 6
679.6875 2.5 12
679.6875 5 6
681.25 2.5 6
679.6875 2.5 6
682.8125000000002 5 12
684.3750000000002 2.5 12
684.3750000000002 5 6
682.8125000000001 2.5 12
682.8125000000001 5 6
684.3750000000002 2.5 6
682.8125000000002 2.5 6
685.9375000000002 5 12
687.5 2.5 12
687.5 5 6
685.9375000000001 2.5 12
685.9375000000001 5 6
687.5 2.5 6
685.9375 2.5 6
689.0625 5 12
690.625 2.5 12
690.625 5 6
689.0625 2.5 12
689.0625 5 6
690.625 2.5 6
689.0625 2.5 6
692.1875000000002 5 12
693.7500000000002 2.5 12
693.7500000000002 5 6
692.1875000000001 2.5 12
692.1875000000001 5 6
693.7500000000002 2.5 6
692.1875000000002 2.5 6
695.3125000000002 5 12
696.875 2.5 12
696.875 5 6
695.3125000000001 2.5 12
695.3125000000001 5 6
696.875 2.5 6
695.3125 2.5 6
698.4375000000002 5 12
700.0000000000002 2.5 12
700.0000000000002 5 6
698.4375000000001 2.5 12
698.4375000000001 5 6
700.0000000000002 2.5 6
698.4375000000002 2.5 6
701.5625000000002 5 12
703.125 2.5 12
703.125 5 6
701.5625000000001 2.5 12
701.5625000000001 5 6
703.125 2.5 6
701.5625 2.5 6
704.6875 5 12
706.25 2.5 12
706.25 5 6
704.6875 2.5 12
704.6875 5 6
706.25 2.5 6
704.6875 2.5 6
707.8125000000002 5 12
709.3750000000002 2.5 12
709.3750000000002 5 6
707.8125000000001 2.5 12
707.8125000000001 5 6
709.3750000000002 2.5 6
707.8125000000002 2.5 6
710.9375000000002 5 12
712.5 2.5 12
712.5 5 6
710.9375000000001 2.5 12
710.9375000000001 5 6
712.5 2.5 6
710.9375 2.5 6
714.0625000000002 5 12
715.6250000000002 2.5 12
715.6250000000002 5 6
714.0625000000001 2.5 12
714.0625000000001 5 6
715.6250000000002 2.5 6
714.0625000000002 2.5 6
717.1875000000002 5 12
718.75 2.5 12
718.75 5 6
717.1875000000001 2.5 12
717.1875000000001 5 6
718.75 2.5 6
717.1875 2.5 6
720.3125 5 12
721.875 2.5 12
721.875 5 6
720.3125 2.5 12
720.3125 5 6
721.875 2.5 6
720.3125 2.5 6
723.4375000000002 5 12
725.0000000000002 2.5 12
725.0000000000002 5 6
723.4375000000001 2.5 12
723.4375000000001 5 6
725.0000000000002 2.5 6
723.4375000000002 2.5 6
726.5625000000002 5 12
728.125 2.5 12
728.125 5 6
726.5625000000001 2.5 12
726.5625000000001 5 6
728.125 2.5 6
726.5625 2.5 6
729.6875000000002 5 12
731.2500000000002 2.5 12
731.2500000000002 5 6
729.6875000000001 2.5 12
729.6875000000001 5 6
731.2500000000002 2.5 6
729.6875000000002 2.5 6
732.8125000000002 5 12
734.375 2.5 12
734.375 5 6
732.8125000000001 2.5 12
732.8125000000001 5 6
734.375 2.5 6
732.8125 2.5 6
735.9375 5 12
737.5 2.5 12
737.5 5 6
735.9375 2.5 12
735.9375 5 6
737.5 2.5 6
735.9375 2.5 6
739.0625000000002 5 12
740.6250000000002 2.5 12
740.6250000000002 5 6
739.0625000000001 2.5 12
739.0625000000001 5 6
740.6250000000002 2.5 6
739.0625000000002 2.5 6
742.1875000000002 5 12
743.75 2.5 12
743.75 5 6
742.1875000000001 2.5 12
742.1875000000001 5 6
743.75 2.5 6
742.1875 2.5 6
745.3125000000002 5 12
746.8750000000002 2.5 12
746.8750000000002 5 6
745.3125000000001 2.5 12
745.3125000000001 5 6
746.8750000000002 2.5 6
745.3125000000002 2.5 6
748.4375000000002 5 12
750 2.5 12
750 5 6
748.4375000000001 2.5 12
748.4375000000001 5 6
750 2.5 6
748.4375 2.5 6
751.5625 5 12
753.125 2.5 12
753.125 5 6
751.5625 2.5 12
751.5625 5 6
753.125 2.5 6
751.5625 2.5 6
754.6875000000002 5 12
756.2500000000002 2.5 12
756.2500000000002 5 6
754.6875000000001 2.5 12
754.6875000000001 5 6
756.2500000000002 2.5 6
754.6875000000002 2.5 6
757.8125000000002 5 12
759.375 2.5 12
759.375 5 6
757.8125000000001 2.5 12
757.8125000000001 5 6
759.375 2.5 6
757.8125 2.5 6
760.9375000000002 5 12
762.5000000000002 2.5 12
762.5000000000002 5 6
760.9375000000001 2.5 12
760.9375000000001 5 6
762.5000000000002 2.5 6
760.9375000000002 2.5 6
764.0625000000002 5 12
765.625 2.5 12
765.625 5 6
764.0625000000001 2.5 12
764.0625000000001 5 6
765.625 2.5 6
764.0625 2.5 6
767.1875 5 12
768.75 2.5 12
768.75 5 6
767.1875 2.5 12
767.1875 5 6
768.75 2.5 6
767.1875 2.5 6
770.3125000000002 5 12
771.8750000000002 2.5 12
771.8750000000002 5 6
770.3125000000001 2.5 12
770.3125000000001 5 6
771.8750000000002 2.5 6
770.3125000000002 2.5 6
773.4375000000002 5 12
775 2.5 12
775 5 6
773.4375000000001 2.5 12
773.4375000000001 5 6
775 2.5 6
773.4375 2.5 6
776.5625000000002 5 12
778.1250000000002 2.5 12
778.1250000000002 5 6
776.5625000000001 2.5 12
776.5625000000001 5 6
778.1250000000002 2.5 6
776.5625000000002 2.5 6
779.6875000000002 5 12
781.25 2.5 12
781.25 5 6
779.6875000000001 2.5 12
779.6875000000001 5 6
781.25 2.5 6
779.6875 2.5 6
782.8125 5 12
784.375 2.5 12
784.375 5 6
782.8125 2.5 12
782.8125 5 6
784.375 2.5 6
782.8125 2.5 6
785.9375000000002 5 12
787.5000000000002 2.5 12
787.5000000000002 5 6
785.9375000000001 2.5 12
785.9375000000001 5 6
787.5000000000002 2.5 6
785.9375000000002 2.5 6
789.0625000000002 5 12
790.625 2.5 12
790.625 5 6
789.0625000000001 2.5 12
789.0625000000001 5 6
790.625 2.5 6
789.0625 2.5 6
792.1875000000002 5 12
793.7500000000002 2.5 12
793.7500000000002 5 6
792.1875000000001 2.5 12
792.1875000000001 5 6
793.7500000000002 2.5 6
792.1875000000002 2.5 6
795.3125000000002 5 12
796.875 2.5 12
796.875 5 6
795.3125000000001 2.5 12
795.3125000000001 5 6
796.875 2.5 6
795.3125 2.5 6
798.4375 5 12
800 2.5 12
800 5 6
798.4375 2.5 12
798.4375 5 6
800 2.5 6
798.4375 2.5 6
801.5625000000002 5 12
803.1250000000002 2.5 12
803.1250000000002 5 6
801.5625000000001 2.5 12
801.5625000000001 5 6
803.1250000000002 2.5 6
801.5625000000002 2.5 6
804.6875000000002 5 12
806.25 2.5 12
806.25 5 6
804.6875000000001 2.5 12
804.6875000000001 5 6
806.25 2.5 6
804.6875 2.5 6
807.8125000000002 5 12
809.3750000000002 2.5 12
809.3750000000002 5 6
807.8125000000001 2.5 12
807.8125000000001 5 6
809.3750000000002 2.5 6
807.8125000000002 2.5 6
810.9375000000002 5 12
812.5 2.5 12
812.5 5 6
810.9375000000001 2.5 12
810.9375000000001 5 6
812.5 2.5 6
810.9375 2.5 6
814.0625 5 12
815.625 2.5 12
815.625 5 6
814.0625 2.5 12
814.0625 5 6
815.625 2.5 6
814.0625 2.5 6
817.1875000000002 5 12
818.7500000000002 2.5 12
818.7500000000002 5 6
817.1875000000001 2.5 12
817.1875000000001 5 6
818.7500000000002 2.5 6
817.1875000000002 2.5 6
820.3125000000002 5 12
821.875 2.5 12
821.875 5 6
820.3125000000001 2.5 12
820.3125000000001 5 6
821.875 2.5 6
820.3125 2.5 6
823.4375000000002 5 12
825.0000000000002 2.5 12
825.0000000000002 5 6
823.4375000000001 2.5 12
823.4375000000001 5 6
825.0000000000002 2.5 6
823.4375000000002 2.5 6
826.5625000000002 5 12
828.125 2.5 12
828.125 5 6
826.5625000000001 2.5 12
826.5625000000001 5 6
828.125 2.5 6
826.5625 2.5 6
829.6875 5 12
831.25 2.5 12
831.25 5 6
829.6875 2.5 12
829.6875 5 6
831.25 2.5 6
829.6875 2.5 6
832.8125000000002 5 12
834.3750000000002 2.5 12
834.3750000000002 5 6
832.8125000000001 2.5 12
832.8125000000001 5 6
834.3750000000002 2.5 6
832.8125000000002 2.5 6
835.9375000000002 5 12
837.5 2.5 12
837.5 5 6
835.9375000000001 2.5 12
835.9375000000001 5 6
837.5 2.5 6
835.9375 2.5 6
839.0625000000002 5 12
840.6250000000002 2.5 12
840.6250000000002 5 6
839.0625000000001 2.5 12
839.0625000000001 5 6
840.6250000000002 2.5 6
839.0625000000002 2.5 6
842.1875000000002 5 12
843.75 2.5 12
843.75 5 6
842.1875000000001 2.5 12
842.1875000000001 5 6
843.75 2.5 6
842.1875 2.5 6
845.3125 5 12
846.875 2.5 12
846.875 5 6
845.3125 2.5 12
845.3125 5 6
846.875 2.5 6
845.3125 2.5 6
848.4375000000002 5 12
850.0000000000002 2.5 12
850.0000000000002 5 6
848.4375000000001 2.5 12
848.4375000000001 5 6
850.0000000000002 2.5 6
848.4375000000002 2.5 6
851.5625000000002 5 12
853.125 2.5 12
853.125 5 6
851.5625000000001 2.5 12
851.5625000000001 5 6
853.125 2.5 6
851.5625 2.5 6
854.6875000000002 5 12
856.2500000000002 2.5 12
856.2500000000002 5 6
854.6875000000001 2.5 12
854.6875000000001 5 6
856.2500000000002 2.5 6
854.6875000000002 2.5 6
857.8125000000002 5 12
859.375 2.5 12
859.375 5 6
857.8125000000001 2.5 12
857.8125000000001 5 6
859.375 2.5 6
857.8125 2.5 6
860.9375 5 12
862.5 2.5 12
862.5 5 6
860.9375 2.5 12
860.9375 5 6
862.5 2.5 6
860.9375 2.5 6
864.0625000000002 5 12
865.6250000000002 2.5 12
865.6250000000002 5 6
864.0625000000001 2.5 12
864.0625000000001 5 6
865.6250000000002 2.5 6
864.0625000000002 2.5 6
867.1875000000002 5 12
868.75 2.5 12
868.75 5 6
867.1875000000001 2.5 12
867.1875000000001 5 6
868.75 2.5 6
867.1875 2.5 6
870.3125000000002 5 12
871.8750000000002 2.5 12
871.8750000000002 5 6
870.3125000000001 2.5 12
870.3125000000001 5 6
871.8750000000002 2.5 6
870.3125000000002 2.5 6
873.4375000000002 5 12
875 2.5 12
875 5 6
873.4375000000001 2.5 12
873.4375000000001 5 6
875 2.5 6
873.4375 2.5 6
876.5625 5 12
878.125 2.5 12
878.125 5 6
876.5625 2.5 12
876.5625 5 6
878.125 2.5 6
876.5625 2.5 6
879.6875000000002 5 12
881.2500000000002 2.5 12
881.2500000000002 5 6
879.6875000000001 2.5 12
879.6875000000001 5 6
881.2500000000002 2.5 6
879.6875000000002 2.5 6
882.8125000000002 5 12
884.375 2.5 12
884.375 5 6
882.8125000000001 2.5 12
882.8125000000001 5 6
884.375 2.5 6
882.8125 2.5 6
885.9375000000002 5 12
887.5000000000002 2.5 12
887.5000000000002 5 6
885.9375000000001 2.5 12
885.9375000000001 5 6
887.5000000000002 2.5 6
885.9375000000002 2.5 6
889.0625000000002 5 12
890.625 2.5 12
890.625 5 6
889.0625000000001 2.5 12
889.0625000000001 5 6
890.625 2.5 6
889.0625 2.5 6
892.1875 5 12
893.75 2.5 12
893.75 5 6
892.1875 2.5 12
892.1875 5 6
893.75 2.5 6
892.1875 2.5 6
895.3125000000002 5 12
896.8750000000002 2.5 12
896.8750000000002 5 6
895.3125000000001 2.5 12
895.3125000000001 5 6
896.8750000000002 2.5 6
895.3125000000002 2.5 6
898.4375000000002 5 12
900 2.5 12
900 5 6
898.4375000000001 2.5 12
898.4375000000001 5 6
900 2.5 6
898.4375 2.5 6
901.5625000000002 5 12
903.1250000000002 2.5 12
903.1250000000002 5 6
901.5625000000001 2.5 12
901.5625000000001 5 6
903.1250000000002 2.5 6
901.5625000000002 2.5 6
904.6875000000002 5 12
906.25 2.5 12
906.25 5 6
904.6875000000001 2.5 12
904.6875000000001 5 6
906.25 2.5 6
904.6875 2.5 6
907.8125 5 12
909.375 2.5 12
909.375 5 6
907.8125 2.5 12
907.8125 5 6
909.375 2.5 6
907.8125 2.5 6
910.9375000000002 5 12
912.5000000000002 2.5 12
912.5000000000002 5 6
910.9375000000001 2.5 12
910.9375000000001 5 6
912.5000000000002 2.5 6
910.9375000000002 2.5 6
914.0625000000002 5 12
915.625 2.5 12
915.625 5 6
914.0625000000001 2.5 12
914.0625000000001 5 6
915.625 2.5 6
914.0625 2.5 6
917.1875000000002 5 12
918.7500000000002 2.5 12
918.7500000000002 5 6
917.1875000000001 2.5 12
917.1875000000001 5 6
918.7500000000002 2.5 6
917.1875000000002 2.5 6
920.3125000000002 5 12
921.875 2.5 12
921.875 5 6
920.3125000000001 2.5 12
920.3125000000001 5 6
921.875 2.5 6
920.3125 2.5 6
923.4375 5 12
925 2.5 12
925 5 6
923.4375 2.5 12
923.4375 5 6
925 2.5 6
923.4375 2.5 6
926.5625000000002 5 12
928.1250000000002 2.5 12
928.1250000000002 5 6
926.5625000000001 2.5 12
926.5625000000001 5 6
928.1250000000002 2.5 6
926.5625000000002 2.5 6
929.6875000000002 5 12
931.25 2.5 12
931.25 5 6
929.6875000000001 2.5 12
929.6875000000001 5 6
931.25 2.5 6
929.6875 2.5 6
932.8125000000002 5 12
934.3750000000002 2.5 12
934.3750000000002 5 6
932.8125000000001 2.5 12
932.8125000000001 5 6
934.3750000000002 2.5 6
932.8125000000002 2.5 6
935.9375000000002 5 12
937.5 2.5 12
937.5 5 6
935.9375000000001 2.5 12
935.9375000000001 5 6
937.5 2.5 6
935.9375 2.5 6
939.0625 5 12
940.625 2.5 12
940.625 5 6
939.0625 2.5 12
939.0625 5 6
940.625 2.5 6
939.0625 2.5 6
942.1875000000002 5 12
943.7500000000002 2.5 12
943.7500000000002 5 6
942.1875000000001 2.5 12
942.1875000000001 5 6
943.7500000000002 2.5 6
942.1875000000002 2.5 6
945.3125000000002 5 12
946.875 2.5 12
946.875 5 6
945.3125000000001 2.5 12
945.3125000000001 5 6
946.875 2.5 6
945.3125 2.5 6
948.4375000000002 5 12
950.0000000000002 2.5 12
950.0000000000002 5 6
948.4375000000001 2.5 12
948.4375000000001 5 6
950.0000000000002 2.5 6
948.4375000000002 2.5 6
951.5625000000002 5 12
953.125 2.5 12
953.125 5 6
951.5625000000001 2.5 12
951.5625000000001 5 6
953.125 2.5 6
951.5625 2.5 6
954.6875 5 12
956.25 2.5 12
956.25 5 6
954.6875 2.5 12
954.6875 5 6
956.25 2.5 6
954.6875 2.5 6
957.8125000000002 5 12
959.3750000000002 2.5 12
959.3750000000002 5 6
957.8125000000001 2.5 12
957.8125000000001 5 6
959.3750000000002 2.5 6
957.8125000000002 2.5 6
960.9375000000002 5 12
962.5 2.5 12
962.5 5 6
960.9375000000001 2.5 12
960.9375000000001 5 6
962.5 2.5 6
960.9375 2.5 6
964.0625000000002 5 12
965.6250000000002 2.5 12
965.6250000000002 5 6
964.0625000000001 2.5 12
964.0625000000001 5 6
965.6250000000002 2.5 6
964.0625000000002 2.5 6
967.1875000000002 5 12
968.75 2.5 12
968.75 5 6
967.1875000000001 2.5 12
967.1875000000001 5 6
968.75 2.5 6
967.1875 2.5 6
970.3125 5 12
971.875 2.5 12
971.875 5 6
970.3125 2.5 12
970.3125 5 6
971.875 2.5 6
970.3125 2.5 6
973.4375000000002 5 12
975.0000000000002 2.5 12
975.0000000000002 5 6
973.4375000000001 2.5 12
973.4375000000001 5 6
975.0000000000002 2.5 6
973.4375000000002 2.5 6
976.5625000000002 5 12
978.125 2.5 12
978.125 5 6
976.5625000000001 2.5 12
976.5625000000001 5 6
978.125 2.5 6
976.5625 2.5 6
979.6875000000002 5 12
981.2500000000002 2.5 12
981.2500000000002 5 6
979.6875000000001 2.5 12
979.6875000000001 5 6
981.2500000000002 2.5 6
979.6875000000002 2.5 6
982.8125000000002 5 12
984.375 2.5 12
984.375 5 6
982.8125000000001 2.5 12
982.8125000000001 5 6
984.375 2.5 6
982.8125 2.5 6
985.9375 5 12
987.5 2.5 12
987.5 5 6
985.9375 2.5 12
985.9375 5 6
987.5 2.5 6
985.9375 2.5 6
989.0625000000002 5 12
990.6250000000002 2.5 12
990.6250000000002 5 6
989.0625000000001 2.5 12
989.0625000000001 5 6
990.6250000000002 2.5 6
989.0625000000002 2.5 6
992.1875000000002 5 12
993.75 2.5 12
993.75 5 6
992.1875000000001 2.5 12
992.1875000000001 5 6
993.75 2.5 6
992.1875 2.5 6
995.3125000000002 5 12
996.8750000000002 2.5 12
996.8750000000002 5 6
995.3125000000001 2.5 12
995.3125000000001 5 6
996.8750000000002 2.5 6
995.3125000000002 2.5 6
998.4375000000002 5 12
998.4375000000001 2.5 12
998.4375000000001 5 6
998.4375 2.5 6
3.125 7.5 12
1.5625 7.5 12
3.125 7.5 6
1.5625 7.5 6
6.25 7.5 12
4.6875 7.5 12
6.25 7.5 6
4.6875 7.5 6
9.375 7.5 12
7.8125 7.5 12
9.375000000000002 7.5 6
7.812500000000003 7.5 6
12.5 7.5 12
10.9375 7.5 12
12.5 7.5 6
10.9375 7.5 6
15.625 7.5 12
14.0625 7.5 12
15.625 7.5 6
14.0625 7.5 6
18.75 7.5 12
17.1875 7.5 12
18.75 7.5 6
17.1875 7.5 6
21.87500000000001 7.5 12
20.3125 7.5 12
21.87500000000001 7.5 6
20.31250000000001 7.5 6
25 7.5 12
23.4375 7.5 12
25 7.5 6
23.4375 7.5 6
28.125 7.5 12
26.5625 7.5 12
28.125 7.5 6
26.5625 7.5 6
31.25 7.5 12
29.6875 7.5 12
31.25 7.5 6
29.6875 7.5 6
34.375 7.5 12
32.8125 7.5 12
34.375 7.5 6
32.8125 7.5 6
37.5 7.5 12
35.9375 7.5 12
37.50000000000001 7.5 6
35.9375 7.5 6
40.625 7.5 12
39.0625 7.5 12
40.625 7.5 6
39.0625 7.5 6
43.75000000000001 7.5 12
42.18750000000001 7.5 12
43.75000000000001 7.5 6
42.18750000000001 7.5 6
46.875 7.5 12
45.31250000000001 7.5 12
46.875 7.5 6
45.3125 7.5 6
50 7.5 12
48.4375 7.5 12
50 7.5 6
48.4375 7.5 6
53.12500000000001 7.5 12
51.56250000000001 7.5 12
53.12500000000001 7.5 6
51.56250000000001 7.5 6
56.25 7.5 12
54.68750000000001 7.5 12
56.25 7.5 6
54.6875 7.5 6
59.37500000000001 7.5 12
57.81250000000001 7.5 12
59.37500000000001 7.5 6
57.81250000000001 7.5 6
62.5 7.5 12
60.93750000000001 7.5 12
62.5 7.5 6
60.9375 7.5 6
65.625 7.5 12
64.0625 7.5 12
65.625 7.5 6
64.0625 7.5 6
68.75 7.5 12
67.1875 7.5 12
68.75 7.5 6
67.1875 7.5 6
71.875 7.5 12
70.3125 7.5 12
71.87500000000001 7.5 6
70.3125 7.5 6
75 7.5 12
73.4375 7.5 12
75.00000000000001 7.5 6
73.43750000000003 7.5 6
78.125 7.5 12
76.5625 7.5 12
78.125 7.5 6
76.5625 7.5 6
81.25 7.5 12
79.6875 7.5 12
81.25 7.5 6
79.6875 7.5 6
84.375 7.5 12
82.8125 7.5 12
84.375 7.5 6
82.8125 7.5 6
87.50000000000003 7.5 12
85.93750000000001 7.5 12
87.50000000000003 7.5 6
85.93750000000003 7.5 6
90.62500000000003 7.5 12
89.06250000000003 7.5 12
90.62500000000003 7.5 6
89.06250000000006 7.5 6
93.75 7.5 12
92.18750000000001 7.5 12
93.75 7.5 6
92.1875 7.5 6
96.875 7.5 12
95.3125 7.5 12
96.875 7.5 6
95.3125 7.5 6
100 7.5 12
98.4375 7.5 12
100 7.5 6
98.4375 7.5 6
103.125 7.5 12
101.5625 7.5 12
103.125 7.5 6
101.5625 7.5 6
106.25 7.5 12
104.6875 7.5 12
106.25 7.5 6
104.6875000000001 7.5 6
109.375 7.5 12
107.8125 7.5 12
109.375 7.5 6
107.8125 7.5 6
112.5 7.5 12
110.9375 7.5 12
112.5 7.5 6
110.9375 7.5 6
115.625 7.5 12
114.0625 7.5 12
115.625 7.5 6
114.0625 7.5 6
118.75 7.5 12
117.1875 7.5 12
118.75 7.5 6
117.1875 7.5 6
121.875 7.5 12
120.3125 7.5 12
121.875 7.5 6
120.3125000000001 7.5 6
125 7.5 12
123.4375 7.5 12
125 7.5 6
123.4375 7.5 6
128.125 7.5 12
126.5625 7.5 12
128.125 7.5 6
126.5625 7.5 6
131.25 7.5 12
129.6875 7.5 12
131.25 7.5 6
129.6875 7.5 6
134.375 7.5 12
132.8125 7.5 12
134.375 7.5 6
132.8125 7.5 6
137.5 7.5 12
135.9375 7.5 12
137.5 7.5 6
135.9375 7.5 6
140.625 7.5 12
139.0625 7.5 12
140.625 7.5 6
139.0625 7.5 6
143.75 7.5 12
142.1875 7.5 12
143.75 7.5 6
142.1875 7.5 6
146.875 7.5 12
145.3125 7.5 12
146.875 7.5 6
145.3125 7.5 6
150 7.5 12
148.4375 7.5 12
150 7.5 6
148.4375 7.5 6
153.125 7.5 12
151.5625 7.5 12
153.125 7.5 6
151.5625 7.5 6
156.25 7.5 12
154.6875 7.5 12
156.25 7.5 6
154.6875 7.5 6
159.375 7.5 12
157.8125 7.5 12
159.375 7.5 6
157.8125 7.5 6
162.5 7.5 12
160.9375 7.5 12
162.5 7.5 6
160.9375 7.5 6
165.625 7.5 12
164.0625 7.5 12
165.625 7.5 6
164.0625 7.5 6
168.75 7.5 12
167.1875 7.5 12
168.75 7.5 6
167.1875 7.5 6
171.875 7.5 12
170.3125 7.5 12
171.875 7.5 6
170.3125 7.5 6
175.0000000000001 7.5 12
173.4375 7.5 12
175.0000000000001 7.5 6
173.4375000000001 7.5 6
178.125 7.5 12
176.5625 7.5 12
178.125 7.5 6
176.5625 7.5 6
181.2500000000001 7.5 12
179.6875 7.5 12
181.2500000000001 7.5 6
179.6875000000001 7.5 6
184.375 7.5 12
182.8125 7.5 12
184.375 7.5 6
182.8125 7.5 6
187.5 7.5 12
185.9375 7.5 12
187.5 7.5 6
185.9375 7.5 6
190.6250000000001 7.5 12
189.0625 7.5 12
190.6250000000001 7.5 6
189.0625000000001 7.5 6
193.75 7.5 12
192.1875 7.5 12
193.75 7.5 6
192.1875 7.5 6
196.8750000000001 7.5 12
195.3125 7.5 12
196.8750000000001 7.5 6
195.3125000000001 7.5 6
200 7.5 12
198.4375 7.5 12
200 7.5 6
198.4375 7.5 6
203.125 7.5 12
201.5625 7.5 12
203.125 7.5 6
201.5625 7.5 6
206.2500000000001 7.5 12
204.6875 7.5 12
206.2500000000001 7.5 6
204.6875000000001 7.5 6
209.375 7.5 12
207.8125 7.5 12
209.375 7.5 6
207.8125 7.5 6
212.5000000000001 7.5 12
210.9375 7.5 12
212.5000000000001 7.5 6
210.9375000000001 7.5 6
215.625 7.5 12
214.0625 7.5 12
215.625 7.5 6
214.0625 7.5 6
218.75 7.5 12
217.1875 7.5 12
218.75 7.5 6
217.1875 7.5 6
221.8750000000001 7.5 12
220.3125 7.5 12
221.8750000000001 7.5 6
220.3125000000001 7.5 6
225 7.5 12
223.4375 7.5 12
225 7.5 6
223.4375 7.5 6
228.1250000000001 7.5 12
226.5625 7.5 12
228.1250000000001 7.5 6
226.5625000000001 7.5 6
231.25 7.5 12
229.6875 7.5 12
231.25 7.5 6
229.6875 7.5 6
234.375 7.5 12
232.8125 7.5 12
234.375 7.5 6
232.8125 7.5 6
237.5000000000001 7.5 12
235.9375 7.5 12
237.5000000000001 7.5 6
235.9375000000001 7.5 6
240.625 7.5 12
239.0625 7.5 12
240.625 7.5 6
239.0625 7.5 6
243.7500000000001 7.5 12
242.1875 7.5 12
243.7500000000001 7.5 6
242.1875000000001 7.5 6
246.875 7.5 12
245.3125 7.5 12
246.875 7.5 6
245.3125 7.5 6
250 7.5 12
248.4375 7.5 12
250 7.5 6
248.4375 7.5 6
253.125 7.5 12
251.5625 7.5 12
253.125 7.5 6
251.5625 7.5 6
256.25 7.5 12
254.6875 7.5 12
256.2500000000001 7.5 6
254.6875000000001 7.5 6
259.375 7.5 12
257.8125 7.5 12
259.375 7.5 6
257.8125 7.5 6
262.5 7.5 12
260.9375 7.5 12
262.5 7.5 6
260.9375 7.5 6
265.625 7.5 12
264.0625 7.5 12
265.625 7.5 6
264.0625 7.5 6
268.75 7.5 12
267.1875 7.5 12
268.75 7.5 6
267.1875 7.5 6
271.875 7.5 12
270.3125 7.5 12
271.8750000000001 7.5 6
270.3125 7.5 6
275 7.5 12
273.4375 7.5 12
275 7.5 6
273.4375 7.5 6
278.125 7.5 12
276.5625 7.5 12
278.125 7.5 6
276.5625 7.5 6
281.25 7.5 12
279.6875 7.5 12
281.25 7.5 6
279.6875 7.5 6
284.375 7.5 12
282.8125 7.5 12
284.375 7.5 6
282.8125 7.5 6
287.5 7.5 12
285.9375 7.5 12
287.5000000000001 7.5 6
285.9375 7.5 6
290.625 7.5 12
289.0625 7.5 12
290.625 7.5 6
289.0625 7.5 6
293.75 7.5 12
292.1875 7.5 12
293.75 7.5 6
292.1875 7.5 6
296.875 7.5 12
295.3125 7.5 12
296.875 7.5 6
295.3125 7.5 6
300 7.5 12
298.4375 7.5 12
300.0000000000001 7.5 6
298.4375 7.5 6
303.125 7.5 12
301.5625 7.5 12
303.1250000000001 7.5 6
301.5625000000001 7.5 6
306.25 7.5 12
304.6875 7.5 12
306.25 7.5 6
304.6875 7.5 6
309.375 7.5 12
307.8125 7.5 12
309.375 7.5 6
307.8125 7.5 6
312.5 7.5 12
310.9375 7.5 12
312.5 7.5 6
310.9375 7.5 6
315.625 7.5 12
314.0625 7.5 12
315.6250000000001 7.5 6
314.0625 7.5 6
318.75 7.5 12
317.1875 7.5 12
318.7500000000001 7.5 6
317.1875000000001 7.5 6
321.875 7.5 12
320.3125 7.5 12
321.875 7.5 6
320.3125 7.5 6
325 7.5 12
323.4375 7.5 12
325 7.5 6
323.4375 7.5 6
328.125 7.5 12
326.5625 7.5 12
328.125 7.5 6
326.5625 7.5 6
331.25 7.5 12
329.6875 7.5 12
331.2500000000001 7.5 6
329.6875 7.5 6
334.375 7.5 12
332.8125 7.5 12
334.3750000000001 7.5 6
332.8125000000001 7.5 6
337.5 7.5 12
335.9375 7.5 12
337.5 7.5 6
335.9375 7.5 6
340.625 7.5 12
339.0625 7.5 12
340.625 7.5 6
339.0625 7.5 6
343.75 7.5 12
342.1875 7.5 12
343.75 7.5 6
342.1875 7.5 6
346.8750000000001 7.5 12
345.3125000000001 7.5 12
346.8750000000001 7.5 6
345.3125000000001 7.5 6
350.0000000000001 7.5 12
348.4375000000001 7.5 12
350.0000000000001 7.5 6
348.4375000000002 7.5 6
353.125 7.5 12
351.5625000000001 7.5 12
353.125 7.5 6
351.5625 7.5 6
356.25 7.5 12
354.6875 7.5 12
356.25 7.5 6
354.6875 7.5 6
359.375 7.5 12
357.8125 7.5 12
359.375 7.5 6
357.8125 7.5 6
362.5000000000001 7.5 12
360.9375000000001 7.5 12
362.5000000000001 7.5 6
360.9375000000001 7.5 6
365.6250000000001 7.5 12
364.0625000000001 7.5 12
365.6250000000001 7.5 6
364.0625000000002 7.5 6
368.75 7.5 12
367.1875000000001 7.5 12
368.75 7.5 6
367.1875 7.5 6
371.875 7.5 12
370.3125 7.5 12
371.875 7.5 6
370.3125 7.5 6
375 7.5 12
373.4375 7.5 12
375 7.5 6
373.4375 7.5 6
378.1250000000001 7.5 12
376.5625000000001 7.5 12
378.1250000000001 7.5 6
376.5625000000001 7.5 6
381.2500000000001 7.5 12
379.6875000000001 7.5 12
381.2500000000001 7.5 6
379.6875000000002 7.5 6
384.375 7.5 12
382.8125000000001 7.5 12
384.375 7.5 6
382.8125 7.5 6
387.5 7.5 12
385.9375 7.5 12
387.5 7.5 6
385.9375 7.5 6
390.625 7.5 12
389.0625 7.5 12
390.625 7.5 6
389.0625 7.5 6
393.7500000000001 7.5 12
392.1875000000001 7.5 12
393.7500000000001 7.5 6
392.1875000000001 7.5 6
396.8750000000001 7.5 12
395.3125000000001 7.5 12
396.8750000000001 7.5 6
395.3125000000002 7.5 6
400 7.5 12
398.4375000000001 7.5 12
400 7.5 6
398.4375 7.5 6
403.125 7.5 12
401.5625 7.5 12
403.125 7.5 6
401.5625 7.5 6
406.25 7.5 12
404.6875 7.5 12
406.25 7.5 6
404.6875 7.5 6
409.3750000000001 7.5 12
407.8125000000001 7.5 12
409.3750000000001 7.5 6
407.8125000000001 7.5 6
412.5000000000001 7.5 12
410.9375000000001 7.5 12
412.5000000000001 7.5 6
410.9375000000002 7.5 6
415.625 7.5 12
414.0625000000001 7.5 12
415.625 7.5 6
414.0625 7.5 6
418.75 7.5 12
417.1875 7.5 12
418.75 7.5 6
417.1875 7.5 6
421.875 7.5 12
420.3125 7.5 12
421.875 7.5 6
420.3125 7.5 6
425.0000000000001 7.5 12
423.4375000000001 7.5 12
425.0000000000001 7.5 6
423.4375000000001 7.5 6
428.1250000000001 7.5 12
426.5625000000001 7.5 12
428.1250000000001 7.5 6
426.5625000000002 7.5 6
431.25 7.5 12
429.6875000000001 7.5 12
431.25 7.5 6
429.6875 7.5 6
434.375 7.5 12
432.8125 7.5 12
434.375 7.5 6
432.8125 7.5 6
437.5 7.5 12
435.9375 7.5 12
437.5 7.5 6
435.9375 7.5 6
440.6250000000001 7.5 12
439.0625000000001 7.5 12
440.6250000000001 7.5 6
439.0625000000001 7.5 6
443.7500000000001 7.5 12
442.1875000000001 7.5 12
443.7500000000001 7.5 6
442.1875000000002 7.5 6
446.875 7.5 12
445.3125000000001 7.5 12
446.875 7.5 6
445.3125 7.5 6
450 7.5 12
448.4375 7.5 12
450 7.5 6
448.4375 7.5 6
453.125 7.5 12
451.5625 7.5 12
453.125 7.5 6
451.5625 7.5 6
456.2500000000001 7.5 12
454.6875000000001 7.5 12
456.2500000000001 7.5 6
454.6875000000001 7.5 6
459.3750000000001 7.5 12
457.8125000000001 7.5 12
459.3750000000001 7.5 6
457.8125000000002 7.5 6
462.5 7.5 12
460.9375000000001 7.5 12
462.5 7.5 6
460.9375 7.5 6
465.625 7.5 12
464.0625 7.5 12
465.625 7.5 6
464.0625 7.5 6
468.75 7.5 12
467.1875 7.5 12
468.75 7.5 6
467.1875 7.5 6
471.8750000000001 7.5 12
470.3125000000001 7.5 12
471.8750000000001 7.5 6
470.3125000000001 7.5 6
475.0000000000001 7.5 12
473.4375000000001 7.5 12
475.0000000000001 7.5 6
473.4375000000002 7.5 6
478.125 7.5 12
476.5625000000001 7.5 12
478.125 7.5 6
476.5625 7.5 6
481.25 7.5 12
479.6875 7.5 12
481.25 7.5 6
479.6875 7.5 6
484.375 7.5 12
482.8125 7.5 12
484.375 7.5 6
482.8125 7.5 6
487.5000000000001 7.5 12
485.9375000000001 7.5 12
487.5000000000001 7.5 6
485.9375000000001 7.5 6
490.6250000000001 7.5 12
489.0625000000001 7.5 12
490.6250000000001 7.5 6
489.0625000000002 7.5 6
493.75 7.5 12
492.1875000000001 7.5 12
493.75 7.5 6
492.1875 7.5 6
496.875 7.5 12
495.3125 7.5 12
496.875 7.5 6
495.3125 7.5 6
500 7.5 12
498.4375 7.5 12
500 7.5 6
498.4375 7.5 6
503.1250000000001 7.5 12
501.5625000000001 7.5 12
503.1250000000001 7.5 6
501.5625000000001 7.5 6
506.25 7.5 12
504.6875000000001 7.5 12
506.25 7.5 6
504.6875 7.5 6
509.375 7.5 12
507.8125 7.5 12
509.375 7.5 6
507.8125 7.5 6
512.5 7.5 12
510.9375 7.5 12
512.5000000000001 7.5 6
510.9375000000002 7.5 6
515.625 7.5 12
514.0625 7.5 12
515.625 7.5 6
514.0625 7.5 6
518.75 7.5 12
517.1875 7.5 12
518.75 7.5 6
517.1875 7.5 6
521.875 7.5 12
520.3125 7.5 12
521.875 7.5 6
520.3125 7.5 6
525 7.5 12
523.4375 7.5 12
525 7.5 6
523.4375 7.5 6
528.125 7.5 12
526.5625 7.5 12
528.1250000000001 7.5 6
526.5625 7.5 6
531.25 7.5 12
529.6875 7.5 12
531.25 7.5 6
529.6875 7.5 6
534.375 7.5 12
532.8125 7.5 12
534.375 7.5 6
532.8125 7.5 6
537.5 7.5 12
535.9375 7.5 12
537.5 7.5 6
535.9375 7.5 6
540.625 7.5 12
539.0625 7.5 12
540.625 7.5 6
539.0625 7.5 6
543.75 7.5 12
542.1875 7.5 12
543.7500000000001 7.5 6
542.1875 7.5 6
546.875 7.5 12
545.3125 7.5 12
546.875 7.5 6
545.3125 7.5 6
550 7.5 12
548.4375 7.5 12
550 7.5 6
548.4375 7.5 6
553.125 7.5 12
551.5625 7.5 12
553.125 7.5 6
551.5625 7.5 6
556.25 7.5 12
554.6875 7.5 12
556.25 7.5 6
554.6875 7.5 6
559.375 7.5 12
557.8125 7.5 12
559.3750000000001 7.5 6
557.8125 7.5 6
562.5 7.5 12
560.9375 7.5 12
562.5 7.5 6
560.9375 7.5 6
565.625 7.5 12
564.0625 7.5 12
565.625 7.5 6
564.0625 7.5 6
568.75 7.5 12
567.1875 7.5 12
568.75 7.5 6
567.1875 7.5 6
571.875 7.5 12
570.3125 7.5 12
571.875 7.5 6
570.3125 7.5 6
575 7.5 12
573.4375 7.5 12
575.0000000000001 7.5 6
573.4375 7.5 6
578.125 7.5 12
576.5625 7.5 12
578.125 7.5 6
576.5625 7.5 6
581.25 7.5 12
579.6875 7.5 12
581.25 7.5 6
579.6875 7.5 6
584.375 7.5 12
582.8125 7.5 12
584.375 7.5 6
582.8125 7.5 6
587.5 7.5 12
585.9375 7.5 12
587.5 7.5 6
585.9375 7.5 6
590.625 7.5 12
589.0625 7.5 12
590.6250000000001 7.5 6
589.0625 7.5 6
593.75 7.5 12
592.1875 7.5 12
593.75 7.5 6
592.1875 7.5 6
596.875 7.5 12
595.3125 7.5 12
596.875 7.5 6
595.3125 7.5 6
600 7.5 12
598.4375 7.5 12
600.0000000000001 7.5 6
598.4375 7.5 6
603.125 7.5 12
601.5625 7.5 12
603.125 7.5 6
601.5625 7.5 6
606.25 7.5 12
604.6875 7.5 12
606.2500000000001 7.5 6
604.6875 7.5 6
609.375 7.5 12
607.8125 7.5 12
609.375 7.5 6
607.8125 7.5 6
612.5 7.5 12
610.9375 7.5 12
612.5 7.5 6
610.9375 7.5 6
615.625 7.5 12
614.0625 7.5 12
615.6250000000001 7.5 6
614.0625 7.5 6
618.75 7.5 12
617.1875 7.5 12
618.75 7.5 6
617.1875 7.5 6
621.875 7.5 12
620.3125 7.5 12
621.8750000000001 7.5 6
620.3125 7.5 6
625 7.5 12
623.4375 7.5 12
625 7.5 6
623.4375 7.5 6
628.125 7.5 12
626.5625 7.5 12
628.125 7.5 6
626.5625 7.5 6
631.25 7.5 12
629.6875 7.5 12
631.2500000000001 7.5 6
629.6875 7.5 6
634.375 7.5 12
632.8125 7.5 12
634.375 7.5 6
632.8125 7.5 6
637.5 7.5 12
635.9375 7.5 12
637.5000000000001 7.5 6
635.9375 7.5 6
640.625 7.5 12
639.0625 7.5 12
640.625 7.5 6
639.0625 7.5 6
643.75 7.5 12
642.1875 7.5 12
643.75 7.5 6
642.1875 7.5 6
646.875 7.5 12
645.3125 7.5 12
646.8750000000001 7.5 6
645.3125 7.5 6
650 7.5 12
648.4375 7.5 12
650 7.5 6
648.4375 7.5 6
653.125 7.5 12
651.5625 7.5 12
653.1250000000001 7.5 6
651.5625 7.5 6
656.25 7.5 12
654.6875 7.5 12
656.25 7.5 6
654.6875 7.5 6
659.375 7.5 12
657.8125 7.5 12
659.375 7.5 6
657.8125 7.5 6
662.5 7.5 12
660.9375 7.5 12
662.5000000000001 7.5 6
660.9375 7.5 6
665.625 7.5 12
664.0625 7.5 12
665.625 7.5 6
664.0625 7.5 6
668.75 7.5 12
667.1875 7.5 12
668.7500000000001 7.5 6
667.1875 7.5 6
671.875 7.5 12
670.3125 7.5 12
671.875 7.5 6
670.3125 7.5 6
675 7.5 12
673.4375 7.5 12
675 7.5 6
673.4375 7.5 6
678.125 7.5 12
676.5625 7.5 12
678.1250000000001 7.5 6
676.5625 7.5 6
681.25 7.5 12
679.6875 7.5 12
681.25 7.5 6
679.6875 7.5 6
684.3750000000002 7.5 12
682.8125000000001 7.5 12
684.3750000000002 7.5 6
682.8125000000002 7.5 6
687.5 7.5 12
685.9375000000001 7.5 12
687.5 7.5 6
685.9375 7.5 6
690.625 7.5 12
689.0625 7.5 12
690.625 7.5 6
689.0625 7.5 6
693.7500000000002 7.5 12
692.1875000000001 7.5 12
693.7500000000002 7.5 6
692.1875000000002 7.5 6
696.875 7.5 12
695.3125000000001 7.5 12
696.875 7.5 6
695.3125 7.5 6
700.0000000000002 7.5 12
698.4375000000001 7.5 12
700.0000000000002 7.5 6
698.4375000000002 7.5 6
703.125 7.5 12
701.5625000000001 7.5 12
703.125 7.5 6
701.5625 7.5 6
706.25 7.5 12
704.6875 7.5 12
706.25 7.5 6
704.6875 7.5 6
709.3750000000002 7.5 12
707.8125000000001 7.5 12
709.3750000000002 7.5 6
707.8125000000002 7.5 6
712.5 7.5 12
710.9375000000001 7.5 12
712.5 7.5 6
710.9375 7.5 6
715.6250000000002 7.5 12
714.0625000000001 7.5 12
715.6250000000002 7.5 6
714.0625000000002 7.5 6
718.75 7.5 12
717.1875000000001 7.5 12
718.75 7.5 6
717.1875 7.5 6
721.875 7.5 12
720.3125 7.5 12
721.875 7.5 6
720.3125 7.5 6
725.0000000000002 7.5 12
723.4375000000001 7.5 12
725.0000000000002 7.5 6
723.4375000000002 7.5 6
728.125 7.5 12
726.5625000000001 7.5 12
728.125 7.5 6
726.5625 7.5 6
731.2500000000002 7.5 12
729.6875000000001 7.5 12
731.2500000000002 7.5 6
729.6875000000002 7.5 6
734.375 7.5 12
732.8125000000001 7.5 12
734.375 7.5 6
732.8125 7.5 6
737.5 7.5 12
735.9375 7.5 12
737.5 7.5 6
735.9375 7.5 6
740.6250000000002 7.5 12
739.0625000000001 7.5 12
740.6250000000002 7.5 6
739.0625000000002 7.5 6
743.75 7.5 12
742.1875000000001 7.5 12
743.75 7.5 6
742.1875 7.5 6
746.8750000000002 7.5 12
745.3125000000001 7.5 12
746.8750000000002 7.5 6
745.3125000000002 7.5 6
750 7.5 12
748.4375000000001 7.5 12
750 7.5 6
748.4375 7.5 6
753.125 7.5 12
751.5625 7.5 12
753.125 7.5 6
751.5625 7.5 6
756.2500000000002 7.5 12
754.6875000000001 7.5 12
756.2500000000002 7.5 6
754.6875000000002 7.5 6
759.375 7.5 12
757.8125000000001 7.5 12
759.375 7.5 6
757.8125 7.5 6
762.5000000000002 7.5 12
760.9375000000001 7.5 12
762.5000000000002 7.5 6
760.9375000000002 7.5 6
765.625 7.5 12
764.0625000000001 7.5 12
765.625 7.5 6
764.0625 7.5 6
768.75 7.5 12
767.1875 7.5 12
768.75 7.5 6
767.1875 7.5 6
771.8750000000002 7.5 12
770.3125000000001 7.5 12
771.8750000000002 7.5 6
770.3125000000002 7.5 6
775 7.5 12
773.4375000000001 7.5 12
775 7.5 6
773.4375 7.5 6
778.1250000000002 7.5 12
776.5625000000001 7.5 12
778.1250000000002 7.5 6
776.5625000000002 7.5 6
781.25 7.5 12
779.6875000000001 7.5 12
781.25 7.5 6
779.6875 7.5 6
784.375 7.5 12
782.8125 7.5 12
784.375 7.5 6
782.8125 7.5 6
787.5000000000002 7.5 12
785.9375000000001 7.5 12
787.5000000000002 7.5 6
785.9375000000002 7.5 6
790.625 7.5 12
789.0625000000001 7.5 12
790.625 7.5 6
789.0625 7.5 6
793.7500000000002 7.5 12
792.1875000000001 7.5 12
793.7500000000002 7.5 6
792.1875000000002 7.5 6
796.875 7.5 12
795.3125000000001 7.5 12
796.875 7.5 6
795.3125 7.5 6
800 7.5 12
798.4375 7.5 12
800 7.5 6
798.4375 7.5 6
803.1250000000002 7.5 12
801.5625000000001 7.5 12
803.1250000000002 7.5 6
801.5625000000002 7.5 6
806.25 7.5 12
804.6875000000001 7.5 12
806.25 7.5 6
804.6875 7.5 6
809.3750000000002 7.5 12
807.8125000000001 7.5 12
809.3750000000002 7.5 6
807.8125000000002 7.5 6
812.5 7.5 12
810.9375000000001 7.5 12
812.5 7.5 6
810.9375 7.5 6
815.625 7.5 12
814.0625 7.5 12
815.625 7.5 6
814.0625 7.5 6
818.7500000000002 7.5 12
817.1875000000001 7.5 12
818.7500000000002 7.5 6
817.1875000000002 7.5 6
821.875 7.5 12
820.3125000000001 7.5 12
821.875 7.5 6
820.3125 7.5 6
825.0000000000002 7.5 12
823.4375000000001 7.5 12
825.0000000000002 7.5 6
823.4375000000002 7.5 6
828.125 7.5 12
826.5625000000001 7.5 12
828.125 7.5 6
826.5625 7.5 6
831.25 7.5 12
829.6875 7.5 12
831.25 7.5 6
829.6875 7.5 6
834.3750000000002 7.5 12
832.8125000000001 7.5 12
834.3750000000002 7.5 6
832.8125000000002 7.5 6
837.5 7.5 12
835.9375000000001 7.5 12
837.5 7.5 6
835.9375 7.5 6
840.6250000000002 7.5 12
839.0625000000001 7.5 12
840.6250000000002 7.5 6
839.0625000000002 7.5 6
843.75 7.5 12
842.1875000000001 7.5 12
843.75 7.5 6
842.1875 7.5 6
846.875 7.5 12
845.3125 7.5 12
846.875 7.5 6
845.3125 7.5 6
850.0000000000002 7.5 12
848.4375000000001 7.5 12
850.0000000000002 7.5 6
848.4375000000002 7.5 6
853.125 7.5 12
851.5625000000001 7.5 12
853.125 7.5 6
851.5625 7.5 6
856.2500000000002 7.5 12
854.6875000000001 7.5 12
856.2500000000002 7.5 6
854.6875000000002 7.5 6
859.375 7.5 12
857.8125000000001 7.5 12
859.375 7.5 6
857.8125 7.5 6
862.5 7.5 12
860.9375 7.5 12
862.5 7.5 6
860.9375 7.5 6
865.6250000000002 7.5 12
864.0625000000001 7.5 12
865.6250000000002 7.5 6
864.0625000000002 7.5 6
868.75 7.5 12
867.1875000000001 7.5 12
868.75 7.5 6
867.1875 7.5 6
871.8750000000002 7.5 12
870.3125000000001 7.5 12
871.8750000000002 7.5 6
870.3125000000002 7.5 6
875 7.5 12
873.4375000000001 7.5 12
875 7.5 6
873.4375 7.5 6
878.125 7.5 12
876.5625 7.5 12
878.125 7.5 6
876.5625 7.5 6
881.2500000000002 7.5 12
879.6875000000001 7.5 12
881.2500000000002 7.5 6
879.6875000000002 7.5 6
884.375 7.5 12
882.8125000000001 7.5 12
884.375 7.5 6
882.8125 7.5 6
887.5000000000002 7.5 12
885.9375000000001 7.5 12
887.5000000000002 7.5 6
885.9375000000002 7.5 6
890.625 7.5 12
889.0625000000001 7.5 12
890.625 7.5 6
889.0625 7.5 6
893.75 7.5 12
892.1875 7.5 12
893.75 7.5 6
892.1875 7.5 6
896.8750000000002 7.5 12
895.3125000000001 7.5 12
896.8750000000002 7.5 6
895.3125000000002 7.5 6
900 7.5 12
898.4375000000001 7.5 12
900 7.5 6
898.4375 7.5 6
903.1250000000002 7.5 12
901.5625000000001 7.5 12
903.1250000000002 7.5 6
901.5625000000002 7.5 6
906.25 7.5 12
904.6875000000001 7.5 12
906.25 7.5 6
904.6875 7.5 6
909.375 7.5 12
907.8125 7.5 12
909.375 7.5 6
907.8125 7.5 6
912.5000000000002 7.5 12
910.9375000000001 7.5 12
912.5000000000002 7.5 6
910.9375000000002 7.5 6
915.625 7.5 12
914.0625000000001 7.5 12
915.625 7.5 6
914.0625 7.5 6
918.7500000000002 7.5 12
917.1875000000001 7.5 12
918.7500000000002 7.5 6
917.1875000000002 7.5 6
921.875 7.5 12
920.3125000000001 7.5 12
921.875 7.5 6
920.3125 7.5 6
925 7.5 12
923.4375 7.5 12
925 7.5 6
923.4375 7.5 6
928.1250000000002 7.5 12
926.5625000000001 7.5 12
928.1250000000002 7.5 6
926.5625000000002 7.5 6
931.25 7.5 12
929.6875000000001 7.5 12
931.25 7.5 6
929.6875 7.5 6
934.3750000000002 7.5 12
932.8125000000001 7.5 12
934.3750000000002 7.5 6
932.8125000000002 7.5 6
937.5 7.5 12
935.9375000000001 7.5 12
937.5 7.5 6
935.9375 7.5 6
940.625 7.5 12
939.0625 7.5 12
940.625 7.5 6
939.0625 7.5 6
943.7500000000002 7.5 12
942.1875000000001 7.5 12
943.7500000000002 7.5 6
942.1875000000002 7.5 6
946.875 7.5 12
945.3125000000001 7.5 12
946.875 7.5 6
945.3125 7.5 6
950.0000000000002 7.5 12
948.4375000000001 7.5 12
950.0000000000002 7.5 6
948.4375000000002 7.5 6
953.125 7.5 12
951.5625000000001 7.5 12
953.125 7.5 6
951.5625 7.5 6
956.25 7.5 12
954.6875 7.5 12
956.25 7.5 6
954.6875 7.5 6
959.3750000000002 7.5 12
957.8125000000001 7.5 12
959.3750000000002 7.5 6
957.8125000000002 7.5 6
962.5 7.5 12
960.9375000000001 7.5 12
962.5 7.5 6
960.9375 7.5 6
965.6250000000002 7.5 12
964.0625000000001 7.5 12
965.6250000000002 7.5 6
964.0625000000002 7.5 6
968.75 7.5 12
967.1875000000001 7.5 12
968.75 7.5 6
967.1875 7.5 6
971.875 7.5 12
970.3125 7.5 12
971.875 7.5 6
970.3125 7.5 6
975.0000000000002 7.5 12
973.4375000000001 7.5 12
975.0000000000002 7.5 6
973.4375000000002 7.5 6
978.125 7.5 12
976.5625000000001 7.5 12
978.125 7.5 6
976.5625 7.5 6
981.2500000000002 7.5 12
979.6875000000001 7.5 12
981.2500000000002 7.5 6
979.6875000000002 7.5 6
984.375 7.5 12
982.8125000000001 7.5 12
984.375 7.5 6
982.8125 7.5 6
987.5 7.5 12
985.9375 7.5 12
987.5 7.5 6
985.9375 7.5 6
990.6250000000002 7.5 12
989.0625000000001 7.5 12
990.6250000000002 7.5 6
989.0625000000002 7.5 6
993.75 7.5 12
992.1875000000001 7.5 12
993.75 7.5 6
992.1875 7.5 6
996.8750000000002 7.5 12
995.3125000000001 7.5 12
996.8750000000002 7.5 6
995.3125000000002 7.5 6
998.4375000000001 7.5 12
998.4375 7.5 6
3.125 5 18
1.5625 5 18
3.125 2.5 18
1.5625 2.5 18
6.25 5 18
4.6875 5 18
6.25 2.5 18
4.6875 2.5 18
9.375 5 18
7.8125 5 18
9.375 2.5 18
7.8125 2.5 18
12.5 5 18
10.9375 5 18
12.5 2.5 18
10.9375 2.5 18
15.625 5 18
14.0625 5 18
15.625 2.5 18
14.0625 2.5 18
18.75 5 18
17.1875 5 18
18.75 2.5 18
17.1875 2.5 18
21.87500000000001 5 18
20.3125 5 18
21.875 2.5 18
20.31250000000001 2.5 18
25 5 18
23.4375 5 18
25 2.5 18
23.4375 2.5 18
28.125 5 18
26.5625 5 18
28.125 2.5 18
26.5625 2.5 18
31.25 5 18
29.6875 5 18
31.25 2.5 18
29.6875 2.5 18
34.375 5 18
32.8125 5 18
34.375 2.5 18
32.8125 2.5 18
37.5 5 18
35.9375 5 18
37.5 2.5 18
35.9375 2.5 18
40.625 5 18
39.0625 5 18
40.625 2.5 18
39.0625 2.5 18
43.75000000000001 5 18
42.18750000000001 5 18
43.75000000000001 2.5 18
42.18750000000001 2.5 18
46.875 5 18
45.31250000000001 5 18
46.875 2.5 18
45.31250000000001 2.5 18
50 5 18
48.4375 5 18
50 2.5 18
48.4375 2.5 18
53.12500000000001 5 18
51.56250000000001 5 18
53.12500000000001 2.5 18
51.56250000000001 2.5 18
56.25 5 18
54.68750000000001 5 18
56.25 2.5 18
54.68750000000001 2.5 18
59.37500000000001 5 18
57.81250000000001 5 18
59.37500000000001 2.5 18
57.81250000000001 2.5 18
62.5 5 18
60.93750000000001 5 18
62.5 2.5 18
60.93750000000001 2.5 18
65.625 5 18
64.0625 5 18
65.625 2.5 18
64.0625 2.5 18
68.75 5 18
67.1875 5 18
68.75 2.5 18
67.1875 2.5 18
71.875 5 18
70.3125 5 18
71.875 2.5 18
70.3125 2.5 18
75 5 18
73.4375 5 18
75 2.5 18
73.4375 2.5 18
78.125 5 18
76.5625 5 18
78.125 2.5 18
76.5625 2.5 18
81.25 5 18
79.6875 5 18
81.25 2.5 18
79.6875 2.5 18
84.375 5 18
82.8125 5 18
84.375 2.5 18
82.8125 2.5 18
87.50000000000003 5 18
85.93750000000001 5 18
87.50000000000001 2.5 18
85.93750000000003 2.5 18
90.62500000000003 5 18
89.06250000000003 5 18
90.62500000000001 2.5 18
89.06250000000001 2.5 18
93.75 5 18
92.18750000000001 5 18
93.75 2.5 18
92.18750000000001 2.5 18
96.875 5 18
95.3125 5 18
96.875 2.5 18
95.3125 2.5 18
100 5 18
98.4375 5 18
100 2.5 18
98.4375 2.5 18
103.125 5 18
101.5625 5 18
103.125 2.5 18
101.5625 2.5 18
106.25 5 18
104.6875 5 18
106.25 2.5 18
104.6875 2.5 18
109.375 5 18
107.8125 5 18
109.375 2.5 18
107.8125 2.5 18
112.5 5 18
110.9375 5 18
112.5 2.5 18
110.9375 2.5 18
115.625 5 18
114.0625 5 18
115.625 2.5 18
114.0625 2.5 18
118.75 5 18
117.1875 5 18
118.75 2.5 18
117.1875 2.5 18
121.875 5 18
120.3125 5 18
121.875 2.5 18
120.3125 2.5 18
125 5 18
123.4375 5 18
125 2.5 18
123.4375 2.5 18
128.125 5 18
126.5625 5 18
128.125 2.5 18
126.5625 2.5 18
131.25 5 18
129.6875 5 18
131.25 2.5 18
129.6875 2.5 18
134.375 5 18
132.8125 5 18
134.375 2.5 18
132.8125 2.5 18
137.5 5 18
135.9375 5 18
137.5 2.5 18
135.9375 2.5 18
140.625 5 18
139.0625 5 18
140.625 2.5 18
139.0625 2.5 18
143.75 5 18
142.1875 5 18
143.75 2.5 18
142.1875 2.5 18
146.875 5 18
145.3125 5 18
146.875 2.5 18
145.3125 2.5 18
150 5 18
148.4375 5 18
150 2.5 18
148.4375 2.5 18
153.125 5 18
151.5625 5 18
153.125 2.5 18
151.5625 2.5 18
156.25 5 18
154.6875 5 18
156.25 2.5 18
154.6875 2.5 18
159.375 5 18
157.8125 5 18
159.375 2.5 18
157.8125 2.5 18
162.5 5 18
160.9375 5 18
162.5 2.5 18
160.9375 2.5 18
165.625 5 18
164.0625 5 18
165.625 2.5 18
164.0625 2.5 18
168.75 5 18
167.1875 5 18
168.75 2.5 18
167.1875 2.5 18
171.875 5 18
170.3125 5 18
171.875 2.5 18
170.3125 2.5 18
175.0000000000001 5 18
173.4375 5 18
175 2.5 18
173.4375000000001 2.5 18
178.125 5 18
176.5625 5 18
178.125 2.5 18
176.5625 2.5 18
181.2500000000001 5 18
179.6875 5 18
181.25 2.5 18
179.6875000000001 2.5 18
184.375 5 18
182.8125 5 18
184.375 2.5 18
182.8125 2.5 18
187.5 5 18
185.9375 5 18
187.5 2.5 18
185.9375 2.5 18
190.6250000000001 5 18
189.0625 5 18
190.625 2.5 18
189.0625000000001 2.5 18
193.75 5 18
192.1875 5 18
193.75 2.5 18
192.1875 2.5 18
196.8750000000001 5 18
195.3125 5 18
196.875 2.5 18
195.3125000000001 2.5 18
200 5 18
198.4375 5 18
200 2.5 18
198.4375 2.5 18
203.125 5 18
201.5625 5 18
203.125 2.5 18
201.5625 2.5 18
206.2500000000001 5 18
204.6875 5 18
206.25 2.5 18
204.6875000000001 2.5 18
209.375 5 18
207.8125 5 18
209.375 2.5 18
207.8125 2.5 18
212.5000000000001 5 18
210.9375 5 18
212.5 2.5 18
210.9375000000001 2.5 18
215.625 5 18
214.0625 5 18
215.625 2.5 18
214.0625 2.5 18
218.75 5 18
217.1875 5 18
218.75 2.5 18
217.1875 2.5 18
221.8750000000001 5 18
220.3125 5 18
221.875 2.5 18
220.3125000000001 2.5 18
225 5 18
223.4375 5 18
225 2.5 18
223.4375 2.5 18
228.1250000000001 5 18
226.5625 5 18
228.125 2.5 18
226.5625000000001 2.5 18
231.25 5 18
229.6875 5 18
231.25 2.5 18
229.6875 2.5 18
234.375 5 18
232.8125 5 18
234.375 2.5 18
232.8125 2.5 18
237.5000000000001 5 18
235.9375 5 18
237.5 2.5 18
235.9375000000001 2.5 18
240.625 5 18
239.0625 5 18
240.625 2.5 18
239.0625 2.5 18
243.7500000000001 5 18
242.1875 5 18
243.75 2.5 18
242.1875000000001 2.5 18
246.875 5 18
245.3125 5 18
246.875 2.5 18
245.3125 2.5 18
250 5 18
248.4375 5 18
250 2.5 18
248.4375 2.5 18
253.125 5 18
251.5625 5 18
253.125 2.5 18
251.5625 2.5 18
256.25 5 18
254.6875 5 18
256.25 2.5 18
254.6875 2.5 18
259.375 5 18
257.8125 5 18
259.375 2.5 18
257.8125 2.5 18
262.5 5 18
260.9375 5 18
262.5 2.5 18
260.9375 2.5 18
265.625 5 18
264.0625 5 18
265.625 2.5 18
264.0625 2.5 18
268.75 5 18
267.1875 5 18
268.75 2.5 18
267.1875 2.5 18
271.875 5 18
270.3125 5 18
271.875 2.5 18
270.3125 2.5 18
275 5 18
273.4375 5 18
275 2.5 18
273.4375 2.5 18
278.125 5 18
276.5625 5 18
278.125 2.5 18
276.5625 2.5 18
281.25 5 18
279.6875 5 18
281.25 2.5 18
279.6875 2.5 18
284.375 5 18
282.8125 5 18
284.375 2.5 18
282.8125 2.5 18
287.5 5 18
285.9375 5 18
287.5 2.5 18
285.9375 2.5 18
290.625 5 18
289.0625 5 18
290.625 2.5 18
289.0625 2.5 18
293.75 5 18
292.1875 5 18
293.75 2.5 18
292.1875 2.5 18
296.875 5 18
295.3125 5 18
296.875 2.5 18
295.3125 2.5 18
300 5 18
298.4375 5 18
300 2.5 18
298.4375 2.5 18
303.125 5 18
301.5625 5 18
303.125 2.5 18
301.5625 2.5 18
306.25 5 18
304.6875 5 18
306.25 2.5 18
304.6875 2.5 18
309.375 5 18
307.8125 5 18
309.375 2.5 18
307.8125 2.5 18
312.5 5 18
310.9375 5 18
312.5 2.5 18
310.9375 2.5 18
315.625 5 18
314.0625 5 18
315.625 2.5 18
314.0625 2.5 18
318.75 5 18
317.1875 5 18
318.75 2.5 18
317.1875 2.5 18
321.875 5 18
320.3125 5 18
321.875 2.5 18
320.3125 2.5 18
325 5 18
323.4375 5 18
325 2.5 18
323.4375 2.5 18
328.125 5 18
326.5625 5 18
328.125 2.5 18
326.5625 2.5 18
331.25 5 18
329.6875 5 18
331.25 2.5 18
329.6875 2.5 18
334.375 5 18
332.8125 5 18
334.375 2.5 18
332.8125 2.5 18
337.5 5 18
335.9375 5 18
337.5 2.5 18
335.9375 2.5 18
340.625 5 18
339.0625 5 18
340.625 2.5 18
339.0625 2.5 18
343.75 5 18
342.1875 5 18
343.75 2.5 18
342.1875 2.5 18
346.8750000000001 5 18
345.3125000000001 5 18
346.8750000000001 2.5 18
345.3125000000001 2.5 18
350.0000000000001 5 18
348.4375000000001 5 18
350.0000000000001 2.5 18
348.4375000000001 2.5 18
353.125 5 18
351.5625000000001 5 18
353.125 2.5 18
351.5625000000001 2.5 18
356.25 5 18
354.6875 5 18
356.25 2.5 18
354.6875 2.5 18
359.375 5 18
357.8125 5 18
359.375 2.5 18
357.8125 2.5 18
362.5000000000001 5 18
360.9375000000001 5 18
362.5000000000001 2.5 18
360.9375000000001 2.5 18
365.6250000000001 5 18
364.0625000000001 5 18
365.6250000000001 2.5 18
364.0625000000001 2.5 18
368.75 5 18
367.1875000000001 5 18
368.75 2.5 18
367.1875000000001 2.5 18
371.875 5 18
370.3125 5 18
371.875 2.5 18
370.3125 2.5 18
375 5 18
373.4375 5 18
375 2.5 18
373.4375 2.5 18
378.1250000000001 5 18
376.5625000000001 5 18
378.1250000000001 2.5 18
376.5625000000001 2.5 18
381.2500000000001 5 18
379.6875000000001 5 18
381.2500000000001 2.5 18
379.6875000000001 2.5 18
384.375 5 18
382.8125000000001 5 18
384.375 2.5 18
382.8125000000001 2.5 18
387.5 5 18
385.9375 5 18
387.5 2.5 18
385.9375 2.5 18
390.625 5 18
389.0625 5 18
390.625 2.5 18
389.0625 2.5 18
393.7500000000001 5 18
392.1875000000001 5 18
393.7500000000001 2.5 18
392.1875000000001 2.5 18
396.8750000000001 5 18
395.3125000000001 5 18
396.8750000000001 2.5 18
395.3125000000001 2.5 18
400 5 18
398.4375000000001 5 18
400 2.5 18
398.4375000000001 2.5 18
403.125 5 18
401.5625 5 18
403.125 2.5 18
401.5625 2.5 18
406.25 5 18
404.6875 5 18
406.25 2.5 18
404.6875 2.5 18
409.3750000000001 5 18
407.8125000000001 5 18
409.3750000000001 2.5 18
407.8125000000001 2.5 18
412.5000000000001 5 18
410.9375000000001 5 18
412.5000000000001 2.5 18
410.9375000000001 2.5 18
415.625 5 18
414.0625000000001 5 18
415.625 2.5 18
414.0625000000001 2.5 18
418.75 5 18
417.1875 5 18
418.75 2.5 18
417.1875 2.5 18
421.875 5 18
420.3125 5 18
421.875 2.5 18
420.3125 2.5 18
425.0000000000001 5 18
423.4375000000001 5 18
425.0000000000001 2.5 18
423.4375000000001 2.5 18
428.1250000000001 5 18
426.5625000000001 5 18
428.1250000000001 2.5 18
426.5625000000001 2.5 18
431.25 5 18
429.6875000000001 5 18
431.25 2.5 18
429.6875000000001 2.5 18
434.375 5 18
432.8125 5 18
434.375 2.5 18
432.8125 2.5 18
437.5 5 18
435.9375 5 18
437.5 2.5 18
435.9375 2.5 18
440.6250000000001 5 18
439.0625000000001 5 18
440.6250000000001 2.5 18
439.0625000000001 2.5 18
443.7500000000001 5 18
442.1875000000001 5 18
443.7500000000001 2.5 18
442.1875000000001 2.5 18
446.875 5 18
445.3125000000001 5 18
446.875 2.5 18
445.3125000000001 2.5 18
450 5 18
448.4375 5 18
450 2.5 18
448.4375 2.5 18
453.125 5 18
451.5625 5 18
453.125 2.5 18
451.5625 2.5 18
456.2500000000001 5 18
454.6875000000001 5 18
456.2500000000001 2.5 18
454.6875000000001 2.5 18
459.3750000000001 5 18
457.8125000000001 5 18
459.3750000000001 2.5 18
457.8125000000001 2.5 18
462.5 5 18
460.9375000000001 5 18
462.5 2.5 18
460.9375000000001 2.5 18
465.625 5 18
464.0625 5 18
465.625 2.5 18
464.0625 2.5 18
468.75 5 18
467.1875 5 18
468.75 2.5 18
467.1875 2.5 18
471.8750000000001 5 18
470.3125000000001 5 18
471.8750000000001 2.5 18
470.3125000000001 2.5 18
475.0000000000001 5 18
473.4375000000001 5 18
475.0000000000001 2.5 18
473.4375000000001 2.5 18
478.125 5 18
476.5625000000001 5 18
478.125 2.5 18
476.5625000000001 2.5 18
481.25 5 18
479.6875 5 18
481.25 2.5 18
479.6875 2.5 18
484.375 5 18
482.8125 5 18
484.375 2.5 18
482.8125 2.5 18
487.5000000000001 5 18
485.9375000000001 5 18
487.5000000000001 2.5 18
485.9375000000001 2.5 18
490.6250000000001 5 18
489.0625000000001 5 18
490.6250000000001 2.5 18
489.0625000000001 2.5 18
493.75 5 18
492.1875000000001 5 18
493.75 2.5 18
492.1875000000001 2.5 18
496.875 5 18
495.3125 5 18
496.875 2.5 18
495.3125 2.5 18
500 5 18
498.4375 5 18
500 2.5 18
498.4375 2.5 18
503.1250000000001 5 18
501.5625000000001 5 18
503.1250000000001 2.5 18
501.5625000000001 2.5 18
506.25 5 18
504.6875000000001 5 18
506.25 2.5 18
504.6875000000001 2.5 18
509.375 5 18
507.8125 5 18
509.375 2.5 18
507.8125 2.5 18
512.5 5 18
510.9375 5 18
512.5 2.5 18
510.9375 2.5 18
515.625 5 18
514.0625 5 18
515.625 2.5 18
514.0625 2.5 18
518.75 5 18
517.1875 5 18
518.75 2.5 18
517.1875 2.5 18
521.875 5 18
520.3125 5 18
521.875 2.5 18
520.3125 2.5 18
525 5 18
523.4375 5 18
525 2.5 18
523.4375 2.5 18
528.125 5 18
526.5625 5 18
528.125 2.5 18
526.5625 2.5 18
531.25 5 18
529.6875 5 18
531.25 2.5 18
529.6875 2.5 18
534.375 5 18
532.8125 5 18
534.375 2.5 18
532.8125 2.5 18
537.5 5 18
535.9375 5 18
537.5 2.5 18
535.9375 2.5 18
540.625 5 18
539.0625 5 18
540.625 2.5 18
539.0625 2.5 18
543.75 5 18
542.1875 5 18
543.75 2.5 18
542.1875 2.5 18
546.875 5 18
545.3125 5 18
546.875 2.5 18
545.3125 2.5 18
550 5 18
548.4375 5 18
550 2.5 18
548.4375 2.5 18
553.125 5 18
551.5625 5 18
553.125 2.5 18
551.5625 2.5 18
556.25 5 18
554.6875 5 18
556.25 2.5 18
554.6875 2.5 18
559.375 5 18
557.8125 5 18
559.375 2.5 18
557.8125 2.5 18
562.5 5 18
560.9375 5 18
562.5 2.5 18
560.9375 2.5 18
565.625 5 18
564.0625 5 18
565.625 2.5 18
564.0625 2.5 18
568.75 5 18
567.1875 5 18
568.75 2.5 18
567.1875 2.5 18
571.875 5 18
570.3125 5 18
571.875 2.5 18
570.3125 2.5 18
575 5 18
573.4375 5 18
575 2.5 18
573.4375 2.5 18
578.125 5 18
576.5625 5 18
578.125 2.5 18
576.5625 2.5 18
581.25 5 18
579.6875 5 18
581.25 2.5 18
579.6875 2.5 18
584.375 5 18
582.8125 5 18
584.375 2.5 18
582.8125 2.5 18
587.5 5 18
585.9375 5 18
587.5 2.5 18
585.9375 2.5 18
590.625 5 18
589.0625 5 18
590.625 2.5 18
589.0625 2.5 18
593.75 5 18
592.1875 5 18
593.75 2.5 18
592.1875 2.5 18
596.875 5 18
595.3125 5 18
596.875 2.5 18
595.3125 2.5 18
600 5 18
598.4375 5 18
600 2.5 18
598.4375 2.5 18
603.125 5 18
601.5625 5 18
603.125 2.5 18
601.5625 2.5 18
606.25 5 18
604.6875 5 18
606.25 2.5 18
604.6875 2.5 18
609.375 5 18
607.8125 5 18
609.375 2.5 18
607.8125 2.5 18
612.5 5 18
610.9375 5 18
612.5 2.5 18
610.9375 2.5 18
615.625 5 18
614.0625 5 18
615.625 2.5 18
614.0625 2.5 18
618.75 5 18
617.1875 5 18
618.75 2.5 18
617.1875 2.5 18
621.875 5 18
620.3125 5 18
621.875 2.5 18
620.3125 2.5 18
625 5 18
623.4375 5 18
625 2.5 18
623.4375 2.5 18
628.125 5 18
626.5625 5 18
628.125 2.5 18
626.5625 2.5 18
631.25 5 18
629.6875 5 18
631.25 2.5 18
629.6875 2.5 18
634.375 5 18
632.8125 5 18
634.375 2.5 18
632.8125 2.5 18
637.5 5 18
635.9375 5 18
637.5 2.5 18
635.9375 2.5 18
640.625 5 18
639.0625 5 18
640.625 2.5 18
639.0625 2.5 18
643.75 5 18
642.1875 5 18
643.75 2.5 18
642.1875 2.5 18
646.875 5 18
645.3125 5 18
646.875 2.5 18
645.3125 2.5 18
650 5 18
648.4375 5 18
650 2.5 18
648.4375 2.5 18
653.125 5 18
651.5625 5 18
653.125 2.5 18
651.5625 2.5 18
656.25 5 18
654.6875 5 18
656.25 2.5 18
654.6875 2.5 18
659.375 5 18
657.8125 5 18
659.375 2.5 18
657.8125 2.5 18
662.5 5 18
660.9375 5 18
662.5 2.5 18
660.9375 2.5 18
665.625 5 18
664.0625 5 18
665.625 2.5 18
664.0625 2.5 18
668.75 5 18
667.1875 5 18
668.75 2.5 18
667.1875 2.5 18
671.875 5 18
670.3125 5 18
671.875 2.5 18
670.3125 2.5 18
675 5 18
673.4375 5 18
675 2.5 18
673.4375 2.5 18
678.125 5 18
676.5625 5 18
678.125 2.5 18
676.5625 2.5 18
681.25 5 18
679.6875 5 18
681.25 2.5 18
679.6875 2.5 18
684.3750000000002 5 18
682.8125000000001 5 18
684.3750000000001 2.5 18
682.8125000000002 2.5 18
687.5 5 18
685.9375000000001 5 18
687.5 2.5 18
685.9375000000001 2.5 18
690.625 5 18
689.0625 5 18
690.625 2.5 18
689.0625 2.5 18
693.7500000000002 5 18
692.1875000000001 5 18
693.7500000000001 2.5 18
692.1875000000002 2.5 18
696.875 5 18
695.3125000000001 5 18
696.875 2.5 18
695.3125000000001 2.5 18
700.0000000000002 5 18
698.4375000000001 5 18
700.0000000000001 2.5 18
698.4375000000002 2.5 18
703.125 5 18
701.5625000000001 5 18
703.125 2.5 18
701.5625000000001 2.5 18
706.25 5 18
704.6875 5 18
706.25 2.5 18
704.6875 2.5 18
709.3750000000002 5 18
707.8125000000001 5 18
709.3750000000001 2.5 18
707.8125000000002 2.5 18
712.5 5 18
710.9375000000001 5 18
712.5 2.5 18
710.9375000000001 2.5 18
715.6250000000002 5 18
714.0625000000001 5 18
715.6250000000001 2.5 18
714.0625000000002 2.5 18
718.75 5 18
717.1875000000001 5 18
718.75 2.5 18
717.1875000000001 2.5 18
721.875 5 18
720.3125 5 18
721.875 2.5 18
720.3125 2.5 18
725.0000000000002 5 18
723.4375000000001 5 18
725.0000000000001 2.5 18
723.4375000000002 2.5 18
728.125 5 18
726.5625000000001 5 18
728.125 2.5 18
726.5625000000001 2.5 18
731.2500000000002 5 18
729.6875000000001 5 18
731.2500000000001 2.5 18
729.6875000000002 2.5 18
734.375 5 18
732.8125000000001 5 18
734.375 2.5 18
732.8125000000001 2.5 18
737.5 5 18
735.9375 5 18
737.5 2.5 18
735.9375 2.5 18
740.6250000000002 5 18
739.0625000000001 5 18
740.6250000000001 2.5 18
739.0625000000002 2.5 18
743.75 5 18
742.1875000000001 5 18
743.75 2.5 18
742.1875000000001 2.5 18
746.8750000000002 5 18
745.3125000000001 5 18
746.8750000000001 2.5 18
745.3125000000002 2.5 18
750 5 18
748.4375000000001 5 18
750 2.5 18
748.4375000000001 2.5 18
753.125 5 18
751.5625 5 18
753.125 2.5 18
751.5625 2.5 18
756.2500000000002 5 18
754.6875000000001 5 18
756.2500000000001 2.5 18
754.6875000000002 2.5 18
759.375 5 18
757.8125000000001 5 18
759.375 2.5 18
757.8125000000001 2.5 18
762.5000000000002 5 18
760.9375000000001 5 18
762.5000000000001 2.5 18
760.9375000000002 2.5 18
765.625 5 18
764.0625000000001 5 18
765.625 2.5 18
764.0625000000001 2.5 18
768.75 5 18
767.1875 5 18
768.75 2.5 18
767.1875 2.5 18
771.8750000000002 5 18
770.3125000000001 5 18
771.8750000000001 2.5 18
770.3125000000002 2.5 18
775 5 18
773.4375000000001 5 18
775 2.5 18
773.4375000000001 2.5 18
778.1250000000002 5 18
776.5625000000001 5 18
778.1250000000001 2.5 18
776.5625000000002 2.5 18
781.25 5 18
779.6875000000001 5 18
781.25 2.5 18
779.6875000000001 2.5 18
784.375 5 18
782.8125 5 18
784.375 2.5 18
782.8125 2.5 18
787.5000000000002 5 18
785.9375000000001 5 18
787.5000000000001 2.5 18
785.9375000000002 2.5 18
790.625 5 18
789.0625000000001 5 18
790.625 2.5 18
789.0625000000001 2.5 18
793.7500000000002 5 18
792.1875000000001 5 18
793.7500000000001 2.5 18
792.1875000000002 2.5 18
796.875 5 18
795.3125000000001 5 18
796.875 2.5 18
795.3125000000001 2.5 18
800 5 18
798.4375 5 18
800 2.5 18
798.4375 2.5 18
803.1250000000002 5 18
801.5625000000001 5 18
803.1250000000001 2.5 18
801.5625000000002 2.5 18
806.25 5 18
804.6875000000001 5 18
806.25 2.5 18
804.6875000000001 2.5 18
809.3750000000002 5 18
807.8125000000001 5 18
809.3750000000001 2.5 18
807.8125000000002 2.5 18
812.5 5 18
810.9375000000001 5 18
812.5 2.5 18
810.9375000000001 2.5 18
815.625 5 18
814.0625 5 18
815.625 2.5 18
814.0625 2.5 18
818.7500000000002 5 18
817.1875000000001 5 18
818.7500000000001 2.5 18
817.1875000000002 2.5 18
821.875 5 18
820.3125000000001 5 18
821.875 2.5 18
820.3125000000001 2.5 18
825.0000000000002 5 18
823.4375000000001 5 18
825.0000000000001 2.5 18
823.4375000000002 2.5 18
828.125 5 18
826.5625000000001 5 18
828.125 2.5 18
826.5625000000001 2.5 18
831.25 5 18
829.6875 5 18
831.25 2.5 18
829.6875 2.5 18
834.3750000000002 5 18
832.8125000000001 5 18
834.3750000000001 2.5 18
832.8125000000002 2.5 18
837.5 5 18
835.9375000000001 5 18
837.5 2.5 18
835.9375000000001 2.5 18
840.6250000000002 5 18
839.0625000000001 5 18
840.6250000000001 2.5 18
839.0625000000002 2.5 18
843.75 5 18
842.1875000000001 5 18
843.75 2.5 18
842.1875000000001 2.5 18
846.875 5 18
845.3125 5 18
846.875 2.5 18
845.3125 2.5 18
850.0000000000002 5 18
848.4375000000001 5 18
850.0000000000001 2.5 18
848.4375000000002 2.5 18
853.125 5 18
851.5625000000001 5 18
853.125 2.5 18
851.5625000000001 2.5 18
856.2500000000002 5 18
854.6875000000001 5 18
856.2500000000001 2.5 18
854.6875000000002 2.5 18
859.375 5 18
857.8125000000001 5 18
859.375 2.5 18
857.8125000000001 2.5 18
862.5 5 18
860.9375 5 18
862.5 2.5 18
860.9375 2.5 18
865.6250000000002 5 18
864.0625000000001 5 18
865.6250000000001 2.5 18
864.0625000000002 2.5 18
868.75 5 18
867.1875000000001 5 18
868.75 2.5 18
867.1875000000001 2.5 18
871.8750000000002 5 18
870.3125000000001 5 18
871.8750000000001 2.5 18
870.3125000000002 2.5 18
875 5 18
873.4375000000001 5 18
875 2.5 18
873.4375000000001 2.5 18
878.125 5 18
876.5625 5 18
878.125 2.5 18
876.5625 2.5 18
881.2500000000002 5 18
879.6875000000001 5 18
881.2500000000001 2.5 18
879.6875000000002 2.5 18
884.375 5 18
882.8125000000001 5 18
884.375 2.5 18
882.8125000000001 2.5 18
887.5000000000002 5 18
885.9375000000001 5 18
887.5000000000001 2.5 18
885.9375000000002 2.5 18
890.625 5 18
889.0625000000001 5 18
890.625 2.5 18
889.0625000000001 2.5 18
893.75 5 18
892.1875 5 18
893.75 2.5 18
892.1875 2.5 18
896.8750000000002 5 18
895.3125000000001 5 18
896.8750000000001 2.5 18
895.3125000000002 2.5 18
900 5 18
898.4375000000001 5 18
900 2.5 18
898.4375000000001 2.5 18
903.1250000000002 5 18
901.5625000000001 5 18
903.1250000000001 2.5 18
901.5625000000002 2.5 18
906.25 5 18
904.6875000000001 5 18
906.25 2.5 18
904.6875000000001 2.5 18
909.375 5 18
907.8125 5 18
909.375 2.5 18
907.8125 2.5 18
912.5000000000002 5 18
910.9375000000001 5 18
912.5000000000001 2.5 18
910.9375000000002 2.5 18
915.625 5 18
914.0625000000001 5 18
915.625 2.5 18
914.0625000000001 2.5 18
918.7500000000002 5 18
917.1875000000001 5 18
918.7500000000001 2.5 18
917.1875000000002 2.5 18
921.875 5 18
920.3125000000001 5 18
921.875 2.5 18
920.3125000000001 2.5 18
925 5 18
923.4375 5 18
925 2.5 18
923.4375 2.5 18
928.1250000000002 5 18
926.5625000000001 5 18
928.1250000000001 2.5 18
926.5625000000002 2.5 18
931.25 5 18
929.6875000000001 5 18
931.25 2.5 18
929.6875000000001 2.5 18
934.3750000000002 5 18
932.8125000000001 5 18
934.3750000000001 2.5 18
932.8125000000002 2.5 18
937.5 5 18
935.9375000000001 5 18
937.5 2.5 18
935.9375000000001 2.5 18
940.625 5 18
939.0625 5 18
940.625 2.5 18
939.0625 2.5 18
943.7500000000002 5 18
942.1875000000001 5 18
943.7500000000001 2.5 18
942.1875000000002 2.5 18
946.875 5 18
945.3125000000001 5 18
946.875 2.5 18
945.3125000000001 2.5 18
950.0000000000002 5 18
948.4375000000001 5 18
950.0000000000001 2.5 18
948.4375000000002 2.5 18
953.125 5 18
951.5625000000001 5 18
953.125 2.5 18
951.5625000000001 2.5 18
956.25 5 18
954.6875 5 18
956.25 2.5 18
954.6875 2.5 18
959.3750000000002 5 18
957.8125000000001 5 18
959.3750000000001 2.5 18
957.8125000000002 2.5 18
962.5 5 18
960.9375000000001 5 18
962.5 2.5 18
960.9375000000001 2.5 18
965.6250000000002 5 18
964.0625000000001 5 18
965.6250000000001 2.5 18
964.0625000000002 2.5 18
968.75 5 18
967.1875000000001 5 18
968.75 2.5 18
967.1875000000001 2.5 18
971.875 5 18
970.3125 5 18
971.875 2.5 18
970.3125 2.5 18
975.0000000000002 5 18
973.4375000000001 5 18
975.0000000000001 2.5 18
973.4375000000002 2.5 18
978.125 5 18
976.5625000000001 5 18
978.125 2.5 18
976.5625000000001 2.5 18
981.2500000000002 5 18
979.6875000000001 5 18
981.2500000000001 2.5 18
979.6875000000002 2.5 18
984.375 5 18
982.8125000000001 5 18
984.375 2.5 18
982.8125000000001 2.5 18
987.5 5 18
985.9375 5 18
987.5 2.5 18
985.9375 2.5 18
990.6250000000002 5 18
989.0625000000001 5 18
990.6250000000001 2.5 18
989.0625000000002 2.5 18
993.75 5 18
992.1875000000001 5 18
993.75 2.5 18
992.1875000000001 2.5 18
996.8750000000002 5 18
995.3125000000001 5 18
996.8750000000001 2.5 18
995.3125000000002 2.5 18
998.4375000000001 5 18
998.4375000000001 2.5 18
3.125 7.5 18
1.5625 7.5 18
6.25 7.5 18
4.6875 7.5 18
9.375000000000002 7.5 18
7.812500000000002 7.5 18
12.5 7.5 18
10.9375 7.5 18
15.625 7.5 18
14.0625 7.5 18
18.75 7.5 18
17.1875 7.5 18
21.87500000000001 7.5 18
20.3125 7.5 18
25 7.5 18
23.4375 7.5 18
28.125 7.5 18
26.5625 7.5 18
31.25 7.5 18
29.6875 7.5 18
34.375 7.5 18
32.8125 7.5 18
37.50000000000001 7.5 18
35.9375 7.5 18
40.625 7.5 18
39.0625 7.5 18
43.75000000000001 7.5 18
42.18750000000001 7.5 18
46.875 7.5 18
45.31250000000001 7.5 18
50 7.5 18
48.4375 7.5 18
53.12500000000001 7.5 18
51.56250000000001 7.5 18
56.25 7.5 18
54.68750000000001 7.5 18
59.37500000000001 7.5 18
57.81250000000001 7.5 18
62.5 7.5 18
60.93750000000001 7.5 18
65.625 7.5 18
64.0625 7.5 18
68.75 7.5 18
67.1875 7.5 18
71.87500000000001 7.5 18
70.3125 7.5 18
75.00000000000001 7.5 18
73.43750000000001 7.5 18
78.125 7.5 18
76.5625 7.5 18
81.25 7.5 18
79.6875 7.5 18
84.375 7.5 18
82.8125 7.5 18
87.50000000000003 7.5 18
85.93750000000003 7.5 18
90.62500000000003 7.5 18
89.06250000000006 7.5 18
93.75 7.5 18
92.18750000000001 7.5 18
96.875 7.5 18
95.3125 7.5 18
100 7.5 18
98.4375 7.5 18
103.125 7.5 18
101.5625 7.5 18
106.25 7.5 18
104.6875000000001 7.5 18
109.375 7.5 18
107.8125 7.5 18
112.5 7.5 18
110.9375 7.5 18
115.625 7.5 18
114.0625 7.5 18
118.75 7.5 18
117.1875 7.5 18
121.875 7.5 18
120.3125000000001 7.5 18
125 7.5 18
123.4375 7.5 18
128.125 7.5 18
126.5625 7.5 18
131.25 7.5 18
129.6875 7.5 18
134.375 7.5 18
132.8125 7.5 18
137.5 7.5 18
135.9375 7.5 18
140.625 7.5 18
139.0625 7.5 18
143.75 7.5 18
142.1875 7.5 18
146.875 7.5 18
145.3125 7.5 18
150 7.5 18
148.4375 7.5 18
153.125 7.5 18
151.5625 7.5 18
156.25 7.5 18
154.6875 7.5 18
159.375 7.5 18
157.8125 7.5 18
162.5 7.5 18
160.9375 7.5 18
165.625 7.5 18
164.0625 7.5 18
168.75 7.5 18
167.1875 7.5 18
171.875 7.5 18
170.3125 7.5 18
175.0000000000001 7.5 18
173.4375000000001 7.5 18
178.125 7.5 18
176.5625 7.5 18
181.2500000000001 7.5 18
179.6875000000001 7.5 18
184.375 7.5 18
182.8125 7.5 18
187.5 7.5 18
185.9375 7.5 18
190.6250000000001 7.5 18
189.0625000000001 7.5 18
193.75 7.5 18
192.1875 7.5 18
196.8750000000001 7.5 18
195.3125000000001 7.5 18
200 7.5 18
198.4375 7.5 18
203.125 7.5 18
201.5625 7.5 18
206.2500000000001 7.5 18
204.6875000000001 7.5 18
209.375 7.5 18
207.8125 7.5 18
212.5000000000001 7.5 18
210.9375000000001 7.5 18
215.625 7.5 18
214.0625 7.5 18
218.75 7.5 18
217.1875 7.5 18
221.8750000000001 7.5 18
220.3125000000001 7.5 18
225 7.5 18
223.4375 7.5 18
228.1250000000001 7.5 18
226.5625000000001 7.5 18
231.25 7.5 18
229.6875 7.5 18
234.375 7.5 18
232.8125 7.5 18
237.5000000000001 7.5 18
235.9375000000001 7.5 18
240.625 7.5 18
239.0625 7.5 18
243.7500000000001 7.5 18
242.1875000000001 7.5 18
246.875 7.5 18
245.3125 7.5 18
250 7.5 18
248.4375 7.5 18
253.125 7.5 18
251.5625 7.5 18
256.2500000000001 7.5 18
254.6875000000001 7.5 18
259.375 7.5 18
257.8125 7.5 18
262.5 7.5 18
260.9375 7.5 18
265.625 7.5 18
264.0625 7.5 18
268.75 7.5 18
267.1875 7.5 18
271.8750000000001 7.5 18
270.3125 7.5 18
275 7.5 18
273.4375 7.5 18
278.125 7.5 18
276.5625 7.5 18
281.25 7.5 18
279.6875 7.5 18
284.375 7.5 18
282.8125 7.5 18
287.5000000000001 7.5 18
285.9375 7.5 18
290.625 7.5 18
289.0625 7.5 18
293.75 7.5 18
292.1875 7.5 18
296.875 7.5 18
295.3125 7.5 18
300.0000000000001 7.5 18
298.4375 7.5 18
303.1250000000001 7.5 18
301.5625000000001 7.5 18
306.25 7.5 18
304.6875 7.5 18
309.375 7.5 18
307.8125 7.5 18
312.5 7.5 18
310.9375 7.5 18
315.6250000000001 7.5 18
314.0625 7.5 18
318.7500000000001 7.5 18
317.1875000000001 7.5 18
321.875 7.5 18
320.3125 7.5 18
325 7.5 18
323.4375 7.5 18
328.125 7.5 18
326.5625 7.5 18
331.2500000000001 7.5 18
329.6875 7.5 18
334.3750000000001 7.5 18
332.8125000000001 7.5 18
337.5 7.5 18
335.9375 7.5 18
340.625 7.5 18
339.0625 7.5 18
343.75 7.5 18
342.1875 7.5 18
346.8750000000001 7.5 18
345.3125000000001 7.5 18
350.0000000000001 7.5 18
348.4375000000002 7.5 18
353.125 7.5 18
351.5625000000001 7.5 18
356.25 7.5 18
354.6875 7.5 18
359.375 7.5 18
357.8125 7.5 18
362.5000000000001 7.5 18
360.9375000000001 7.5 18
365.6250000000001 7.5 18
364.0625000000002 7.5 18
368.75 7.5 18
367.1875000000001 7.5 18
371.875 7.5 18
370.3125 7.5 18
375 7.5 18
373.4375 7.5 18
378.1250000000001 7.5 18
376.5625000000001 7.5 18
381.2500000000001 7.5 18
379.6875000000002 7.5 18
384.375 7.5 18
382.8125000000001 7.5 18
387.5 7.5 18
385.9375 7.5 18
390.625 7.5 18
389.0625 7.5 18
393.7500000000001 7.5 18
392.1875000000001 7.5 18
396.8750000000001 7.5 18
395.3125000000002 7.5 18
400 7.5 18
398.4375000000001 7.5 18
403.125 7.5 18
401.5625 7.5 18
406.25 7.5 18
404.6875 7.5 18
409.3750000000001 7.5 18
407.8125000000001 7.5 18
412.5000000000001 7.5 18
410.9375000000002 7.5 18
415.625 7.5 18
414.0625000000001 7.5 18
418.75 7.5 18
417.1875 7.5 18
421.875 7.5 18
420.3125 7.5 18
425.0000000000001 7.5 18
423.4375000000001 7.5 18
428.1250000000001 7.5 18
426.5625000000002 7.5 18
431.25 7.5 18
429.6875000000001 7.5 18
434.375 7.5 18
432.8125 7.5 18
437.5 7.5 18
435.9375 7.5 18
440.6250000000001 7.5 18
439.0625000000001 7.5 18
443.7500000000001 7.5 18
442.1875000000002 7.5 18
446.875 7.5 18
445.3125000000001 7.5 18
450 7.5 18
448.4375 7.5 18
453.125 7.5 18
451.5625 7.5 18
456.2500000000001 7.5 18
454.6875000000001 7.5 18
459.3750000000001 7.5 18
457.8125000000002 7.5 18
462.5 7.5 18
460.9375000000001 7.5 18
465.625 7.5 18
464.0625 7.5 18
468.75 7.5 18
467.1875 7.5 18
471.8750000000001 7.5 18
470.3125000000001 7.5 18
475.0000000000001 7.5 18
473.4375000000002 7.5 18
478.125 7.5 18
476.5625000000001 7.5 18
481.25 7.5 18
479.6875 7.5 18
484.375 7.5 18
482.8125 7.5 18
487.5000000000001 7.5 18
485.9375000000001 7.5 18
490.6250000000001 7.5 18
489.0625000000002 7.5 18
493.75 7.5 18
492.1875000000001 7.5 18
496.875 7.5 18
495.3125 7.5 18
500 7.5 18
498.4375 7.5 18
503.1250000000001 7.5 18
501.5625000000001 7.5 18
506.25 7.5 18
504.6875000000001 7.5 18
509.375 7.5 18
507.8125 7.5 18
512.5000000000001 7.5 18
510.9375000000001 7.5 18
515.625 7.5 18
514.0625 7.5 18
518.75 7.5 18
517.1875 7.5 18
521.875 7.5 18
520.3125 7.5 18
525 7.5 18
523.4375 7.5 18
528.1250000000001 7.5 18
526.5625 7.5 18
531.25 7.5 18
529.6875 7.5 18
534.375 7.5 18
532.8125 7.5 18
537.5 7.5 18
535.9375 7.5 18
540.625 7.5 18
539.0625 7.5 18
543.7500000000001 7.5 18
542.1875 7.5 18
546.875 7.5 18
545.3125 7.5 18
550 7.5 18
548.4375 7.5 18
553.125 7.5 18
551.5625 7.5 18
556.25 7.5 18
554.6875 7.5 18
559.3750000000001 7.5 18
557.8125 7.5 18
562.5 7.5 18
560.9375 7.5 18
565.625 7.5 18
564.0625 7.5 18
568.75 7.5 18
567.1875 7.5 18
571.875 7.5 18
570.3125 7.5 18
575.0000000000001 7.5 18
573.4375 7.5 18
578.125 7.5 18
576.5625 7.5 18
581.25 7.5 18
579.6875 7.5 18
584.375 7.5 18
582.8125 7.5 18
587.5 7.5 18
585.9375 7.5 18
590.6250000000001 7.5 18
589.0625 7.5 18
593.75 7.5 18
592.1875 7.5 18
596.875 7.5 18
595.3125 7.5 18
600.0000000000001 7.5 18
598.4375 7.5 18
603.125 7.5 18
601.5625 7.5 18
606.2500000000001 7.5 18
604.6875 7.5 18
609.375 7.5 18
607.8125 7.5 18
612.5 7.5 18
610.9375 7.5 18
615.6250000000001 7.5 18
614.0625 7.5 18
618.75 7.5 18
617.1875 7.5 18
621.8750000000001 7.5 18
620.3125 7.5 18
625 7.5 18
623.4375 7.5 18
628.125 7.5 18
626.5625 7.5 18
631.2500000000001 7.5 18
629.6875 7.5 18
634.375 7.5 18
632.8125 7.5 18
637.5000000000001 7.5 18
635.9375 7.5 18
640.625 7.5 18
639.0625 7.5 18
643.75 7.5 18
642.1875 7.5 18
646.8750000000001 7.5 18
645.3125 7.5 18
650 7.5 18
648.4375 7.5 18
653.1250000000001 7.5 18
651.5625 7.5 18
656.25 7.5 18
654.6875 7.5 18
659.375 7.5 18
657.8125 7.5 18
662.5000000000001 7.5 18
660.9375 7.5 18
665.625 7.5 18
664.0625 7.5 18
668.7500000000001 7.5 18
667.1875 7.5 18
671.875 7.5 18
670.3125 7.5 18
675 7.5 18
673.4375 7.5 18
678.1250000000001 7.5 18
676.5625 7.5 18
681.25 7.5 18
679.6875 7.5 18
684.3750000000002 7.5 18
682.8125000000002 7.5 18
687.5 7.5 18
685.9375000000001 7.5 18
690.625 7.5 18
689.0625 7.5 18
693.7500000000002 7.5 18
692.1875000000002 7.5 18
696.875 7.5 18
695.3125000000001 7.5 18
700.0000000000002 7.5 18
698.4375000000002 7.5 18
703.125 7.5 18
701.5625000000001 7.5 18
706.25 7.5 18
704.6875 7.5 18
709.3750000000002 7.5 18
707.8125000000002 7.5 18
712.5 7.5 18
710.9375000000001 7.5 18
715.6250000000002 7.5 18
714.0625000000002 7.5 18
718.75 7.5 18
717.1875000000001 7.5 18
721.875 7.5 18
720.3125 7.5 18
725.0000000000002 7.5 18
723.4375000000002 7.5 18
728.125 7.5 18
726.5625000000001 7.5 18
731.2500000000002 7.5 18
729.6875000000002 7.5 18
734.375 7.5 18
732.8125000000001 7.5 18
737.5 7.5 18
735.9375 7.5 18
740.6250000000002 7.5 18
739.0625000000002 7.5 18
743.75 7.5 18
742.1875000000001 7.5 18
746.8750000000002 7.5 18
745.3125000000002 7.5 18
750 7.5 18
748.4375000000001 7.5 18
753.125 7.5 18
751.5625 7.5 18
756.2500000000002 7.5 18
754.6875000000002 7.5 18
759.375 7.5 18
757.8125000000001 7.5 18
762.5000000000002 7.5 18
760.9375000000002 7.5 18
765.625 7.5 18
764.0625000000001 7.5 18
768.75 7.5 18
767.1875 7.5 18
771.8750000000002 7.5 18
770.3125000000002 7.5 18
775 7.5 18
773.4375000000001 7.5 18
778.1250000000002 7.5 18
776.5625000000002 7.5 18
781.25 7.5 18
779.6875000000001 7.5 18
784.375 7.5 18
782.8125 7.5 18
787.5000000000002 7.5 18
785.9375000000002 7.5 18
790.625 7.5 18
789.0625000000001 7.5 18
793.7500000000002 7.5 18
792.1875000000002 7.5 18
796.875 7.5 18
795.3125000000001 7.5 18
800 7.5 18
798.4375 7.5 18
803.1250000000002 7.5 18
801.5625000000002 7.5 18
806.25 7.5 18
804.6875000000001 7.5 18
809.3750000000002 7.5 18
807.8125000000002 7.5 18
812.5 7.5 18
810.9375000000001 7.5 18
815.625 7.5 18
814.0625 7.5 18
818.7500000000002 7.5 18
817.1875000000002 7.5 18
821.875 7.5 18
820.3125000000001 7.5 18
825.0000000000002 7.5 18
823.4375000000002 7.5 18
828.125 7.5 18
826.5625000000001 7.5 18
831.25 7.5 18
829.6875 7.5 18
834.3750000000002 7.5 18
832.8125000000002 7.5 18
837.5 7.5 18
835.9375000000001 7.5 18
840.6250000000002 7.5 18
839.0625000000002 7.5 18
843.75 7.5 18
842.1875000000001 7.5 18
846.875 7.5 18
845.3125 7.5 18
850.0000000000002 7.5 18
848.4375000000002 7.5 18
853.125 7.5 18
851.5625000000001 7.5 18
856.2500000000002 7.5 18
854.6875000000002 7.5 18
859.375 7.5 18
857.8125000000001 7.5 18
862.5 7.5 18
860.9375 7.5 18
865.6250000000002 7.5 18
864.0625000000002 7.5 18
868.75 7.5 18
867.1875000000001 7.5 18
871.8750000000002 7.5 18
870.3125000000002 7.5 18
875 7.5 18
873.4375000000001 7.5 18
878.125 7.5 18
876.5625 7.5 18
881.2500000000002 7.5 18
879.6875000000002 7.5 18
884.375 7.5 18
882.8125000000001 7.5 18
887.5000000000002 7.5 18
885.9375000000002 7.5 18
890.625 7.5 18
889.0625000000001 7.5 18
893.75 7.5 18
892.1875 7.5 18
896.8750000000002 7.5 18
895.3125000000002 7.5 18
900 7.5 18
898.4375000000001 7.5 18
903.1250000000002 7.5 18
901.5625000000002 7.5 18
906.25 7.5 18
904.6875000000001 7.5 18
909.375 7.5 18
907.8125 7.5 18
912.5000000000002 7.5 18
910.9375000000002 7.5 18
915.625 7.5 18
914.0625000000001 7.5 18
918.7500000000002 7.5 18
917.1875000000002 7.5 18
921.875 7.5 18
920.3125000000001 7.5 18
925 7.5 18
923.4375 7.5 18
928.1250000000002 7.5 18
926.5625000000002 7.5 18
931.25 7.5 18
929.6875000000001 7.5 18
934.3750000000002 7.5 18
932.8125000000002 7.5 18
937.5 7.5 18
935.9375000000001 7.5 18
940.625 7.5 18
939.0625 7.5 18
943.7500000000002 7.5 18
942.1875000000002 7.5 18
946.875 7.5 18
945.3125000000001 7.5 18
950.0000000000002 7.5 18
948.4375000000002 7.5 18
953.125 7.5 18
951.5625000000001 7.5 18
956.25 7.5 18
954.6875 7.5 18
959.3750000000002 7.5 18
957.8125000000002 7.5 18
962.5 7.5 18
960.9375000000001 7.5 18
965.6250000000002 7.5 18
964.0625000000002 7.5 18
968.75 7.5 18
967.1875000000001 7.5 18
971.875 7.5 18
970.3125 7.5 18
975.0000000000002 7.5 18
973.4375000000002 7.5 18
978.125 7.5 18
976.5625000000001 7.5 18
981.2500000000002 7.5 18
979.6875000000002 7.5 18
984.375 7.5 18
982.8125000000001 7.5 18
987.5 7.5 18
985.9375 7.5 18
990.6250000000002 7.5 18
989.0625000000002 7.5 18
993.75 7.5 18
992.1875000000001 7.5 18
996.8750000000002 7.5 18
995.3125000000002 7.5 18
998.4375000000001 7.5 18
$EndNodes
$Elements
7 3848 1 3848
2 1 10 4
1 2 9 2589 18 10 2590 2591 19 2592 
2 18 2589 15 4 2591 2593 16 20 2594 
3 9 1 12 2589 11 13 2595 2590 2596 
4 2589 12 3 15 2595 14 17 2593 2597 
2 2 10 4
5 6 30 2598 21 31 2599 2600 22 2601 
6 30 8 27 2598 32 28 2602 2599 2603 
7 21 2598 24 5 2600 2604 25 23 2605 
8 2598 27 7 24 2602 29 26 2604 2606 
2 3 10 640
9 2 33 2607 9 352 2926 2927 10 2928 
10 9 2607 672 1 2927 2929 991 11 2930 
11 33 34 2608 2607 353 2931 2932 2926 2933 
12 2607 2608 673 672 2932 2934 992 2929 2935 
13 34 35 2609 2608 354 2936 2937 2931 2938 
14 2608 2609 674 673 2937 2939 993 2934 2940 
15 35 36 2610 2609 355 2941 2942 2936 2943 
16 2609 2610 675 674 2942 2944 994 2939 2945 
17 36 37 2611 2610 356 2946 2947 2941 2948 
18 2610 2611 676 675 2947 2949 995 2944 2950 
19 37 38 2612 2611 357 2951 2952 2946 2953 
20 2611 2612 677 676 2952 2954 996 2949 2955 
21 38 39 2613 2612 358 2956 2957 2951 2958 
22 2612 2613 678 677 2957 2959 997 2954 2960 
23 39 40 2614 2613 359 2961 2962 2956 2963 
24 2613 2614 679 678 2962 2964 998 2959 2965 
25 40 41 2615 2614 360 2966 2967 2961 2968 
26 2614 2615 680 679 2967 2969 999 2964 2970 
27 41 42 2616 2615 361 2971 2972 2966 2973 
28 2615 2616 681 680 2972 2974 1000 2969 2975 
29 42 43 2617 2616 362 2976 2977 2971 2978 
30 2616 2617 682 681 2977 2979 1001 2974 2980 
31 43 44 2618 2617 363 2981 2982 2976 2983 
32 2617 2618 683 682 2982 2984 1002 2979 2985 
33 44 45 2619 2618 364 2986 2987 2981 2988 
34 2618 2619 684 683 2987 2989 1003 2984 2990 
35 45 46 2620 2619 365 2991 2992 2986 2993 
36 2619 2620 685 684 2992 2994 1004 2989 2995 
37 46 47 2621 2620 366 2996 2997 2991 2998 
38 2620 2621 686 685 2997 2999 1005 2994 3000 
39 47 48 2622 2621 367 3001 3002 2996 3003 
40 2621 2622 687 686 3002 3004 1006 2999 3005 
41 48 49 2623 2622 368 3006 3007 3001 3008 
42 2622 2623 688 687 3007 3009 1007 3004 3010 
43 49 50 2624 2623 369 3011 3012 3006 3013 
44 2623 2624 689 688 3012 3014 1008 3009 3015 
45 50 51 2625 2624 370 3016 3017 3011 3018 
46 2624 2625 690 689 3017 3019 1009 3014 3020 
47 51 52 2626 2625 371 3021 3022 3016 3023 
48 2625 2626 691 690 3022 3024 1010 3019 3025 
49 52 53 2627 2626 372 3026 3027 3021 3028 
50 2626 2627 692 691 3027 3029 1011 3024 3030 
51 53 54 2628 2627 373 3031 3032 3026 3033 
52 2627 2628 693 692 3032 3034 1012 3029 3035 
53 54 55 2629 2628 374 3036 3037 3031 3038 
54 2628 2629 694 693 3037 3039 1013 3034 3040 
55 55 56 2630 2629 375 3041 3042 3036 3043 
56 2629 2630 695 694 3042 3044 1014 3039 3045 
57 56 57 2631 2630 376 3046 3047 3041 3048 
58 2630 2631 696 695 3047 3049 1015 3044 3050 
59 57 58 2632 2631 377 3051 3052 3046 3053 
60 2631 2632 697 696 3052 3054 1016 3049 3055 
61 58 59 2633 2632 378 3056 3057 3051 3058 
62 2632 2633 698 697 3057 3059 1017 3054 3060 
63 59 60 2634 2633 379 3061 3062 3056 3063 
64 2633 2634 699 698 3062 3064 1018 3059 3065 
65 60 61 2635 2634 380 3066 3067 3061 3068 
66 2634 2635 700 699 3067 3069 1019 3064 3070 
67 61 62 2636 2635 381 3071 3072 3066 3073 
68 2635 2636 701 700 3072 3074 1020 3069 3075 
69 62 63 2637 2636 382 3076 3077 3071 3078 
70 2636 2637 702 701 3077 3079 1021 3074 3080 
71 63 64 2638 2637 383 3081 3082 3076 3083 
72 2637 2638 703 702 3082 3084 1022 3079 3085 
73 64 65 2639 2638 384 3086 3087 3081 3088 
74 2638 2639 704 703 3087 3089 1023 3084 3090 
75 65 66 2640 2639 385 3091 3092 3086 3093 
76 2639 2640 705 704 3092 3094 1024 3089 3095 
77 66 67 2641 2640 386 3096 3097 3091 3098 
78 2640 2641 706 705 3097 3099 1025 3094 3100 
79 67 68 2642 2641 387 3101 3102 3096 3103 
80 2641 2642 707 706 3102 3104 1026 3099 3105 
81 68 69 2643 2642 388 3106 3107 3101 3108 
82 2642 2643 708 707 3107 3109 1027 3104 3110 
83 69 70 2644 2643 389 3111 3112 3106 3113 
84 2643 2644 709 708 3112 3114 1028 3109 3115 
85 70 71 2645 2644 390 3116 3117 3111 3118 
86 2644 2645 710 709 3117 3119 1029 3114 3120 
87 71 72 2646 2645 391 3121 3122 3116 3123 
88 2645 2646 711 710 3122 3124 1030 3119 3125 
89 72 73 2647 2646 392 3126 3127 3121 3128 
90 2646 2647 712 711 3127 3129 1031 3124 3130 
91 73 74 2648 2647 393 3131 3132 3126 3133 
92 2647 2648 713 712 3132 3134 1032 3129 3135 
93 74 75 2649 2648 394 3136 3137 3131 3138 
94 2648 2649 714 713 3137 3139 1033 3134 3140 
95 75 76 2650 2649 395 3141 3142 3136 3143 
96 2649 2650 715 714 3142 3144 1034 3139 3145 
97 76 77 2651 2650 396 3146 3147 3141 3148 
98 2650 2651 716 715 3147 3149 1035 3144 3150 
99 77 78 2652 2651 397 3151 3152 3146 3153 
100 2651 2652 717 716 3152 3154 1036 3149 3155 
101 78 79 2653 2652 398 3156 3157 3151 3158 
102 2652 2653 718 717 3157 3159 1037 3154 3160 
103 79 80 2654 2653 399 3161 3162 3156 3163 
104 2653 2654 719 718 3162 3164 1038 3159 3165 
105 80 81 2655 2654 400 3166 3167 3161 3168 
106 2654 2655 720 719 3167 3169 1039 3164 3170 
107 81 82 2656 2655 401 3171 3172 3166 3173 
108 2655 2656 721 720 3172 3174 1040 3169 3175 
109 82 83 2657 2656 402 3176 3177 3171 3178 
110 2656 2657 722 721 3177 3179 1041 3174 3180 
111 83 84 2658 2657 403 3181 3182 3176 3183 
112 2657 2658 723 722 3182 3184 1042 3179 3185 
113 84 85 2659 2658 404 3186 3187 3181 3188 
114 2658 2659 724 723 3187 3189 1043 3184 3190 
115 85 86 2660 2659 405 3191 3192 3186 3193 
116 2659 2660 725 724 3192 3194 1044 3189 3195 
117 86 87 2661 2660 406 3196 3197 3191 3198 
118 2660 2661 726 725 3197 3199 1045 3194 3200 
119 87 88 2662 2661 407 3201 3202 3196 3203 
120 2661 2662 727 726 3202 3204 1046 3199 3205 
121 88 89 2663 2662 408 3206 3207 3201 3208 
122 2662 2663 728 727 3207 3209 1047 3204 3210 
123 89 90 2664 2663 409 3211 3212 3206 3213 
124 2663 2664 729 728 3212 3214 1048 3209 3215 
125 90 91 2665 2664 410 3216 3217 3211 3218 
126 2664 2665 730 729 3217 3219 1049 3214 3220 
127 91 92 2666 2665 411 3221 3222 3216 3223 
128 2665 2666 731 730 3222 3224 1050 3219 3225 
129 92 93 2667 2666 412 3226 3227 3221 3228 
130 2666 2667 732 731 3227 3229 1051 3224 3230 
131 93 94 2668 2667 413 3231 3232 3226 3233 
132 2667 2668 733 732 3232 3234 1052 3229 3235 
133 94 95 2669 2668 414 3236 3237 3231 3238 
134 2668 2669 734 733 3237 3239 1053 3234 3240 
135 95 96 2670 2669 415 3241 3242 3236 3243 
136 2669 2670 735 734 3242 3244 1054 3239 3245 
137 96 97 2671 2670 416 3246 3247 3241 3248 
138 2670 2671 736 735 3247 3249 1055 3244 3250 
139 97 98 2672 2671 417 3251 3252 3246 3253 
140 2671 2672 737 736 3252 3254 1056 3249 3255 
141 98 99 2673 2672 418 3256 3257 3251 3258 
142 2672 2673 738 737 3257 3259 1057 3254 3260 
143 99 100 2674 2673 419 3261 3262 3256 3263 
144 2673 2674 739 738 3262 3264 1058 3259 3265 
145 100 101 2675 2674 420 3266 3267 3261 3268 
146 2674 2675 740 739 3267 3269 1059 3264 3270 
147 101 102 2676 2675 421 3271 3272 3266 3273 
148 2675 2676 741 740 3272 3274 1060 3269 3275 
149 102 103 2677 2676 422 3276 3277 3271 3278 
150 2676 2677 742 741 3277 3279 1061 3274 3280 
151 103 104 2678 2677 423 3281 3282 3276 3283 
152 2677 2678 743 742 3282 3284 1062 3279 3285 
153 104 105 2679 2678 424 3286 3287 3281 3288 
154 2678 2679 744 743 3287 3289 1063 3284 3290 
155 105 106 2680 2679 425 3291 3292 3286 3293 
156 2679 2680 745 744 3292 3294 1064 3289 3295 
157 106 107 2681 2680 426 3296 3297 3291 3298 
158 2680 2681 746 745 3297 3299 1065 3294 3300 
159 107 108 2682 2681 427 3301 3302 3296 3303 
160 2681 2682 747 746 3302 3304 1066 3299 3305 
161 108 109 2683 2682 428 3306 3307 3301 3308 
162 2682 2683 748 747 3307 3309 1067 3304 3310 
163 109 110 2684 2683 429 3311 3312 3306 3313 
164 2683 2684 749 748 3312 3314 1068 3309 3315 
165 110 111 2685 2684 430 3316 3317 3311 3318 
166 2684 2685 750 749 3317 3319 1069 3314 3320 
167 111 112 2686 2685 431 3321 3322 3316 3323 
168 2685 2686 751 750 3322 3324 1070 3319 3325 
169 112 113 2687 2686 432 3326 3327 3321 3328 
170 2686 2687 752 751 3327 3329 1071 3324 3330 
171 113 114 2688 2687 433 3331 3332 3326 3333 
172 2687 2688 753 752 3332 3334 1072 3329 3335 
173 114 115 2689 2688 434 3336 3337 3331 3338 
174 2688 2689 754 753 3337 3339 1073 3334 3340 
175 115 116 2690 2689 435 3341 3342 3336 3343 
176 2689 2690 755 754 3342 3344 1074 3339 3345 
177 116 117 2691 2690 436 3346 3347 3341 3348 
178 2690 2691 756 755 3347 3349 1075 3344 3350 
179 117 118 2692 2691 437 3351 3352 3346 3353 
180 2691 2692 757 756 3352 3354 1076 3349 3355 
181 118 119 2693 2692 438 3356 3357 3351 3358 
182 2692 2693 758 757 3357 3359 1077 3354 3360 
183 119 120 2694 2693 439 3361 3362 3356 3363 
184 2693 2694 759 758 3362 3364 1078 3359 3365 
185 120 121 2695 2694 440 3366 3367 3361 3368 
186 2694 2695 760 759 3367 3369 1079 3364 3370 
187 121 122 2696 2695 441 3371 3372 3366 3373 
188 2695 2696 761 760 3372 3374 1080 3369 3375 
189 122 123 2697 2696 442 3376 3377 3371 3378 
190 2696 2697 762 761 3377 3379 1081 3374 3380 
191 123 124 2698 2697 443 3381 3382 3376 3383 
192 2697 2698 763 762 3382 3384 1082 3379 3385 
193 124 125 2699 2698 444 3386 3387 3381 3388 
194 2698 2699 764 763 3387 3389 1083 3384 3390 
195 125 126 2700 2699 445 3391 3392 3386 3393 
196 2699 2700 765 764 3392 3394 1084 3389 3395 
197 126 127 2701 2700 446 3396 3397 3391 3398 
198 2700 2701 766 765 3397 3399 1085 3394 3400 
199 127 128 2702 2701 447 3401 3402 3396 3403 
200 2701 2702 767 766 3402 3404 1086 3399 3405 
201 128 129 2703 2702 448 3406 3407 3401 3408 
202 2702 2703 768 767 3407 3409 1087 3404 3410 
203 129 130 2704 2703 449 3411 3412 3406 3413 
204 2703 2704 769 768 3412 3414 1088 3409 3415 
205 130 131 2705 2704 450 3416 3417 3411 3418 
206 2704 2705 770 769 3417 3419 1089 3414 3420 
207 131 132 2706 2705 451 3421 3422 3416 3423 
208 2705 2706 771 770 3422 3424 1090 3419 3425 
209 132 133 2707 2706 452 3426 3427 3421 3428 
210 2706 2707 772 771 3427 3429 1091 3424 3430 
211 133 134 2708 2707 453 3431 3432 3426 3433 
212 2707 2708 773 772 3432 3434 1092 3429 3435 
213 134 135 2709 2708 454 3436 3437 3431 3438 
214 2708 2709 774 773 3437 3439 1093 3434 3440 
215 135 136 2710 2709 455 3441 3442 3436 3443 
216 2709 2710 775 774 3442 3444 1094 3439 3445 
217 136 137 2711 2710 456 3446 3447 3441 3448 
218 2710 2711 776 775 3447 3449 1095 3444 3450 
219 137 138 2712 2711 457 3451 3452 3446 3453 
220 2711 2712 777 776 3452 3454 1096 3449 3455 
221 138 139 2713 2712 458 3456 3457 3451 3458 
222 2712 2713 778 777 3457 3459 1097 3454 3460 
223 139 140 2714 2713 459 3461 3462 3456 3463 
224 2713 2714 779 778 3462 3464 1098 3459 3465 
225 140 141 2715 2714 460 3466 3467 3461 3468 
226 2714 2715 780 779 3467 3469 1099 3464 3470 
227 141 142 2716 2715 461 3471 3472 3466 3473 
228 2715 2716 781 780 3472 3474 1100 3469 3475 
229 142 143 2717 2716 462 3476 3477 3471 3478 
230 2716 2717 782 781 3477 3479 1101 3474 3480 
231 143 144 2718 2717 463 3481 3482 3476 3483 
232 2717 2718 783 782 3482 3484 1102 3479 3485 
233 144 145 2719 2718 464 3486 3487 3481 3488 
234 2718 2719 784 783 3487 3489 1103 3484 3490 
235 145 146 2720 2719 465 3491 3492 3486 3493 
236 2719 2720 785 784 3492 3494 1104 3489 3495 
237 146 147 2721 2720 466 3496 3497 3491 3498 
238 2720 2721 786 785 3497 3499 1105 3494 3500 
239 147 148 2722 2721 467 3501 3502 3496 3503 
240 2721 2722 787 786 3502 3504 1106 3499 3505 
241 148 149 2723 2722 468 3506 3507 3501 3508 
242 2722 2723 788 787 3507 3509 1107 3504 3510 
243 149 150 2724 2723 469 3511 3512 3506 3513 
244 2723 2724 789 788 3512 3514 1108 3509 3515 
245 150 151 2725 2724 470 3516 3517 3511 3518 
246 2724 2725 790 789 3517 3519 1109 3514 3520 
247 151 152 2726 2725 471 3521 3522 3516 3523 
248 2725 2726 791 790 3522 3524 1110 3519 3525 
249 152 153 2727 2726 472 3526 3527 3521 3528 
250 2726 2727 792 791 3527 3529 1111 3524 3530 
251 153 154 2728 2727 473 3531 3532 3526 3533 
252 2727 2728 793 792 3532 3534 1112 3529 3535 
253 154 155 2729 2728 474 3536 3537 3531 3538 
254 2728 2729 794 793 3537 3539 1113 3534 3540 
255 155 156 2730 2729 475 3541 3542 3536 3543 
256 2729 2730 795 794 3542 3544 1114 3539 3545 
257 156 157 2731 2730 476 3546 3547 3541 3548 
258 2730 2731 796 795 3547 3549 1115 3544 3550 
259 157 158 2732 2731 477 3551 3552 3546 3553 
260 2731 2732 797 796 3552 3554 1116 3549 3555 
261 158 159 2733 2732 478 3556 3557 3551 3558 
262 2732 2733 798 797 3557 3559 1117 3554 3560 
263 159 160 2734 2733 479 3561 3562 3556 3563 
264 2733 2734 799 798 3562 3564 1118 3559 3565 
265 160 161 2735 2734 480 3566 3567 3561 3568 
266 2734 2735 800 799 3567 3569 1119 3564 3570 
267 161 162 2736 2735 481 3571 3572 3566 3573 
268 2735 2736 801 800 3572 3574 1120 3569 3575 
269 162 163 2737 2736 482 3576 3577 3571 3578 
270 2736 2737 802 801 3577 3579 1121 3574 3580 
271 163 164 2738 2737 483 3581 3582 3576 3583 
272 2737 2738 803 802 3582 3584 1122 3579 3585 
273 164 165 2739 2738 484 3586 3587 3581 3588 
274 2738 2739 804 803 3587 3589 1123 3584 3590 
275 165 166 2740 2739 485 3591 3592 3586 3593 
276 2739 2740 805 804 3592 3594 1124 3589 3595 
277 166 167 2741 2740 486 3596 3597 3591 3598 
278 2740 2741 806 805 3597 3599 1125 3594 3600 
279 167 168 2742 2741 487 3601 3602 3596 3603 
280 2741 2742 807 806 3602 3604 1126 3599 3605 
281 168 169 2743 2742 488 3606 3607 3601 3608 
282 2742 2743 808 807 3607 3609 1127 3604 3610 
283 169 170 2744 2743 489 3611 3612 3606 3613 
284 2743 2744 809 808 3612 3614 1128 3609 3615 
285 170 171 2745 2744 490 3616 3617 3611 3618 
286 2744 2745 810 809 3617 3619 1129 3614 3620 
287 171 172 2746 2745 491 3621 3622 3616 3623 
288 2745 2746 811 810 3622 3624 1130 3619 3625 
289 172 173 2747 2746 492 3626 3627 3621 3628 
290 2746 2747 812 811 3627 3629 1131 3624 3630 
291 173 174 2748 2747 493 3631 3632 3626 3633 
292 2747 2748 813 812 3632 3634 1132 3629 3635 
293 174 175 2749 2748 494 3636 3637 3631 3638 
294 2748 2749 814 813 3637 3639 1133 3634 3640 
295 175 176 2750 2749 495 3641 3642 3636 3643 
296 2749 2750 815 814 3642 3644 1134 3639 3645 
297 176 177 2751 2750 496 3646 3647 3641 3648 
298 2750 2751 816 815 3647 3649 1135 3644 3650 
299 177 178 2752 2751 497 3651 3652 3646 3653 
300 2751 2752 817 816 3652 3654 1136 3649 3655 
301 178 179 2753 2752 498 3656 3657 3651 3658 
302 2752 2753 818 817 3657 3659 1137 3654 3660 
303 179 180 2754 2753 499 3661 3662 3656 3663 
304 2753 2754 819 818 3662 3664 1138 3659 3665 
305 180 181 2755 2754 500 3666 3667 3661 3668 
306 2754 2755 820 819 3667 3669 1139 3664 3670 
307 181 182 2756 2755 501 3671 3672 3666 3673 
308 2755 2756 821 820 3672 3674 1140 3669 3675 
309 182 183 2757 2756 502 3676 3677 3671 3678 
310 2756 2757 822 821 3677 3679 1141 3674 3680 
311 183 184 2758 2757 503 3681 3682 3676 3683 
312 2757 2758 823 822 3682 3684 1142 3679 3685 
313 184 185 2759 2758 504 3686 3687 3681 3688 
314 2758 2759 824 823 3687 3689 1143 3684 3690 
315 185 186 2760 2759 505 3691 3692 3686 3693 
316 2759 2760 825 824 3692 3694 1144 3689 3695 
317 186 187 2761 2760 506 3696 3697 3691 3698 
318 2760 2761 826 825 3697 3699 1145 3694 3700 
319 187 188 2762 2761 507 3701 3702 3696 3703 
320 2761 2762 827 826 3702 3704 1146 3699 3705 
321 188 189 2763 2762 508 3706 3707 3701 3708 
322 2762 2763 828 827 3707 3709 1147 3704 3710 
323 189 190 2764 2763 509 3711 3712 3706 3713 
324 2763 2764 829 828 3712 3714 1148 3709 3715 
325 190 191 2765 2764 510 3716 3717 3711 3718 
326 2764 2765 830 829 3717 3719 1149 3714 3720 
327 191 192 2766 2765 511 3721 3722 3716 3723 
328 2765 2766 831 830 3722 3724 1150 3719 3725 
329 192 193 2767 2766 512 3726 3727 3721 3728 
330 2766 2767 832 831 3727 3729 1151 3724 3730 
331 193 194 2768 2767 513 3731 3732 3726 3733 
332 2767 2768 833 832 3732 3734 1152 3729 3735 
333 194 195 2769 2768 514 3736 3737 3731 3738 
334 2768 2769 834 833 3737 3739 1153 3734 3740 
335 195 196 2770 2769 515 3741 3742 3736 3743 
336 2769 2770 835 834 3742 3744 1154 3739 3745 
337 196 197 2771 2770 516 3746 3747 3741 3748 
338 2770 2771 836 835 3747 3749 1155 3744 3750 
339 197 198 2772 2771 517 3751 3752 3746 3753 
340 2771 2772 837 836 3752 3754 1156 3749 3755 
341 198 199 2773 2772 518 3756 3757 3751 3758 
342 2772 2773 838 837 3757 3759 1157 3754 3760 
343 199 200 2774 2773 519 3761 3762 3756 3763 
344 2773 2774 839 838 3762 3764 1158 3759 3765 
345 200 201 2775 2774 520 3766 3767 3761 3768 
346 2774 2775 840 839 3767 3769 1159 3764 3770 
347 201 202 2776 2775 521 3771 3772 3766 3773 
348 2775 2776 841 840 3772 3774 1160 3769 3775 
349 202 203 2777 2776 522 3776 3777 3771 3778 
350 2776 2777 842 841 3777 3779 1161 3774 3780 
351 203 204 2778 2777 523 3781 3782 3776 3783 
352 2777 2778 843 842 3782 3784 1162 3779 3785 
353 204 205 2779 2778 524 3786 3787 3781 3788 
354 2778 2779 844 843 3787 3789 1163 3784 3790 
355 205 206 2780 2779 525 3791 3792 3786 3793 
356 2779 2780 845 844 3792 3794 1164 3789 3795 
357 206 207 2781 2780 526 3796 3797 3791 3798 
358 2780 2781 846 845 3797 3799 1165 3794 3800 
359 207 208 2782 2781 527 3801 3802 3796 3803 
360 2781 2782 847 846 3802 3804 1166 3799 3805 
361 208 209 2783 2782 528 3806 3807 3801 3808 
362 2782 2783 848 847 3807 3809 1167 3804 3810 
363 209 210 2784 2783 529 3811 3812 3806 3813 
364 2783 2784 849 848 3812 3814 1168 3809 3815 
365 210 211 2785 2784 530 3816 3817 3811 3818 
366 2784 2785 850 849 3817 3819 1169 3814 3820 
367 211 212 2786 2785 531 3821 3822 3816 3823 
368 2785 2786 851 850 3822 3824 1170 3819 3825 
369 212 213 2787 2786 532 3826 3827 3821 3828 
370 2786 2787 852 851 3827 3829 1171 3824 3830 
371 213 214 2788 2787 533 3831 3832 3826 3833 
372 2787 2788 853 852 3832 3834 1172 3829 3835 
373 214 215 2789 2788 534 3836 3837 3831 3838 
374 2788 2789 854 853 3837 3839 1173 3834 3840 
375 215 216 2790 2789 535 3841 3842 3836 3843 
376 2789 2790 855 854 3842 3844 1174 3839 3845 
377 216 217 2791 2790 536 3846 3847 3841 3848 
378 2790 2791 856 855 3847 3849 1175 3844 3850 
379 217 218 2792 2791 537 3851 3852 3846 3853 
380 2791 2792 857 856 3852 3854 1176 3849 3855 
381 218 219 2793 2792 538 3856 3857 3851 3858 
382 2792 2793 858 857 3857 3859 1177 3854 3860 
383 219 220 2794 2793 539 3861 3862 3856 3863 
384 2793 2794 859 858 3862 3864 1178 3859 3865 
385 220 221 2795 2794 540 3866 3867 3861 3868 
386 2794 2795 860 859 3867 3869 1179 3864 3870 
387 221 222 2796 2795 541 3871 3872 3866 3873 
388 2795 2796 861 860 3872 3874 1180 3869 3875 
389 222 223 2797 2796 542 3876 3877 3871 3878 
390 2796 2797 862 861 3877 3879 1181 3874 3880 
391 223 224 2798 2797 543 3881 3882 3876 3883 
392 2797 2798 863 862 3882 3884 1182 3879 3885 
393 224 225 2799 2798 544 3886 3887 3881 3888 
394 2798 2799 864 863 3887 3889 1183 3884 3890 
395 225 226 2800 2799 545 3891 3892 3886 3893 
396 2799 2800 865 864 3892 3894 1184 3889 3895 
397 226 227 2801 2800 546 3896 3897 3891 3898 
398 2800 2801 866 865 3897 3899 1185 3894 3900 
399 227 228 2802 2801 547 3901 3902 3896 3903 
400 2801 2802 867 866 3902 3904 1186 3899 3905 
401 228 229 2803 2802 548 3906 3907 3901 3908 
402 2802 2803 868 867 3907 3909 1187 3904 3910 
403 229 230 2804 2803 549 3911 3912 3906 3913 
404 2803 2804 869 868 3912 3914 1188 3909 3915 
405 230 231 2805 2804 550 3916 3917 3911 3918 
406 2804 2805 870 869 3917 3919 1189 3914 3920 
407 231 232 2806 2805 551 3921 3922 3916 3923 
408 2805 2806 871 870 3922 3924 1190 3919 3925 
409 232 233 2807 2806 552 3926 3927 3921 3928 
410 2806 2807 872 871 3927 3929 1191 3924 3930 
411 233 234 2808 2807 553 3931 3932 3926 3933 
412 2807 2808 873 872 3932 3934 1192 3929 3935 
413 234 235 2809 2808 554 3936 3937 3931 3938 
414 2808 2809 874 873 3937 3939 1193 3934 3940 
415 235 236 2810 2809 555 3941 3942 3936 3943 
416 2809 2810 875 874 3942 3944 1194 3939 3945 
417 236 237 2811 2810 556 3946 3947 3941 3948 
418 2810 2811 876 875 3947 3949 1195 3944 3950 
419 237 238 2812 2811 557 3951 3952 3946 3953 
420 2811 2812 877 876 3952 3954 1196 3949 3955 
421 238 239 2813 2812 558 3956 3957 3951 3958 
422 2812 2813 878 877 3957 3959 1197 3954 3960 
423 239 240 2814 2813 559 3961 3962 3956 3963 
424 2813 2814 879 878 3962 3964 1198 3959 3965 
425 240 241 2815 2814 560 3966 3967 3961 3968 
426 2814 2815 880 879 3967 3969 1199 3964 3970 
427 241 242 2816 2815 561 3971 3972 3966 3973 
428 2815 2816 881 880 3972 3974 1200 3969 3975 
429 242 243 2817 2816 562 3976 3977 3971 3978 
430 2816 2817 882 881 3977 3979 1201 3974 3980 
431 243 244 2818 2817 563 3981 3982 3976 3983 
432 2817 2818 883 882 3982 3984 1202 3979 3985 
433 244 245 2819 2818 564 3986 3987 3981 3988 
434 2818 2819 884 883 3987 3989 1203 3984 3990 
435 245 246 2820 2819 565 3991 3992 3986 3993 
436 2819 2820 885 884 3992 3994 1204 3989 3995 
437 246 247 2821 2820 566 3996 3997 3991 3998 
438 2820 2821 886 885 3997 3999 1205 3994 4000 
439 247 248 2822 2821 567 4001 4002 3996 4003 
440 2821 2822 887 886 4002 4004 1206 3999 4005 
441 248 249 2823 2822 568 4006 4007 4001 4008 
442 2822 2823 888 887 4007 4009 1207 4004 4010 
443 249 250 2824 2823 569 4011 4012 4006 4013 
444 2823 2824 889 888 4012 4014 1208 4009 4015 
445 250 251 2825 2824 570 4016 4017 4011 4018 
446 2824 2825 890 889 4017 4019 1209 4014 4020 
447 251 252 2826 2825 571 4021 4022 4016 4023 
448 2825 2826 891 890 4022 4024 1210 4019 4025 
449 252 253 2827 2826 572 4026 4027 4021 4028 
450 2826 2827 892 891 4027 4029 1211 4024 4030 
451 253 254 2828 2827 573 4031 4032 4026 4033 
452 2827 2828 893 892 4032 4034 1212 4029 4035 
453 254 255 2829 2828 574 4036 4037 4031 4038 
454 2828 2829 894 893 4037 4039 1213 4034 4040 
455 255 256 2830 2829 575 4041 4042 4036 4043 
456 2829 2830 895 894 4042 4044 1214 4039 4045 
457 256 257 2831 2830 576 4046 4047 4041 4048 
458 2830 2831 896 895 4047 4049 1215 4044 4050 
459 257 258 2832 2831 577 4051 4052 4046 4053 
460 2831 2832 897 896 4052 4054 1216 4049 4055 
461 258 259 2833 2832 578 4056 4057 4051 4058 
462 2832 2833 898 897 4057 4059 1217 4054 4060 
463 259 260 2834 2833 579 4061 4062 4056 4063 
464 2833 2834 899 898 4062 4064 1218 4059 4065 
465 260 261 2835 2834 580 4066 4067 4061 4068 
466 2834 2835 900 899 4067 4069 1219 4064 4070 
467 261 262 2836 2835 581 4071 4072 4066 4073 
468 2835 2836 901 900 4072 4074 1220 4069 4075 
469 262 263 2837 2836 582 4076 4077 4071 4078 
470 2836 2837 902 901 4077 4079 1221 4074 4080 
471 263 264 2838 2837 583 4081 4082 4076 4083 
472 2837 2838 903 902 4082 4084 1222 4079 4085 
473 264 265 2839 2838 584 4086 4087 4081 4088 
474 2838 2839 904 903 4087 4089 1223 4084 4090 
475 265 266 2840 2839 585 4091 4092 4086 4093 
476 2839 2840 905 904 4092 4094 1224 4089 4095 
477 266 267 2841 2840 586 4096 4097 4091 4098 
478 2840 2841 906 905 4097 4099 1225 4094 4100 
479 267 268 2842 2841 587 4101 4102 4096 4103 
480 2841 2842 907 906 4102 4104 1226 4099 4105 
481 268 269 2843 2842 588 4106 4107 4101 4108 
482 2842 2843 908 907 4107 4109 1227 4104 4110 
483 269 270 2844 2843 589 4111 4112 4106 4113 
484 2843 2844 909 908 4112 4114 1228 4109 4115 
485 270 271 2845 2844 590 4116 4117 4111 4118 
486 2844 2845 910 909 4117 4119 1229 4114 4120 
487 271 272 2846 2845 591 4121 4122 4116 4123 
488 2845 2846 911 910 4122 4124 1230 4119 4125 
489 272 273 2847 2846 592 4126 4127 4121 4128 
490 2846 2847 912 911 4127 4129 1231 4124 4130 
491 273 274 2848 2847 593 4131 4132 4126 4133 
492 2847 2848 913 912 4132 4134 1232 4129 4135 
493 274 275 2849 2848 594 4136 4137 4131 4138 
494 2848 2849 914 913 4137 4139 1233 4134 4140 
495 275 276 2850 2849 595 4141 4142 4136 4143 
496 2849 2850 915 914 4142 4144 1234 4139 4145 
497 276 277 2851 2850 596 4146 4147 4141 4148 
498 2850 2851 916 915 4147 4149 1235 4144 4150 
499 277 278 2852 2851 597 4151 4152 4146 4153 
500 2851 2852 917 916 4152 4154 1236 4149 4155 
501 278 279 2853 2852 598 4156 4157 4151 4158 
502 2852 2853 918 917 4157 4159 1237 4154 4160 
503 279 280 2854 2853 599 4161 4162 4156 4163 
504 2853 2854 919 918 4162 4164 1238 4159 4165 
505 280 281 2855 2854 600 4166 4167 4161 4168 
506 2854 2855 920 919 4167 4169 1239 4164 4170 
507 281 282 2856 2855 601 4171 4172 4166 4173 
508 2855 2856 921 920 4172 4174 1240 4169 4175 
509 282 283 2857 2856 602 4176 4177 4171 4178 
510 2856 2857 922 921 4177 4179 1241 4174 4180 
511 283 284 2858 2857 603 4181 4182 4176 4183 
512 2857 2858 923 922 4182 4184 1242 4179 4185 
513 284 285 2859 2858 604 4186 4187 4181 4188 
514 2858 2859 924 923 4187 4189 1243 4184 4190 
515 285 286 2860 2859 605 4191 4192 4186 4193 
516 2859 2860 925 924 4192 4194 1244 4189 4195 
517 286 287 2861 2860 606 4196 4197 4191 4198 
518 2860 2861 926 925 4197 4199 1245 4194 4200 
519 287 288 2862 2861 607 4201 4202 4196 4203 
520 2861 2862 927 926 4202 4204 1246 4199 4205 
521 288 289 2863 2862 608 4206 4207 4201 4208 
522 2862 2863 928 927 4207 4209 1247 4204 4210 
523 289 290 2864 2863 609 4211 4212 4206 4213 
524 2863 2864 929 928 4212 4214 1248 4209 4215 
525 290 291 2865 2864 610 4216 4217 4211 4218 
526 2864 2865 930 929 4217 4219 1249 4214 4220 
527 291 292 2866 2865 611 4221 4222 4216 4223 
528 2865 2866 931 930 4222 4224 1250 4219 4225 
529 292 293 2867 2866 612 4226 4227 4221 4228 
530 2866 2867 932 931 4227 4229 1251 4224 4230 
531 293 294 2868 2867 613 4231 4232 4226 4233 
532 2867 2868 933 932 4232 4234 1252 4229 4235 
533 294 295 2869 2868 614 4236 4237 4231 4238 
534 2868 2869 934 933 4237 4239 1253 4234 4240 
535 295 296 2870 2869 615 4241 4242 4236 4243 
536 2869 2870 935 934 4242 4244 1254 4239 4245 
537 296 297 2871 2870 616 4246 4247 4241 4248 
538 2870 2871 936 935 4247 4249 1255 4244 4250 
539 297 298 2872 2871 617 4251 4252 4246 4253 
540 2871 2872 937 936 4252 4254 1256 4249 4255 
541 298 299 2873 2872 618 4256 4257 4251 4258 
542 2872 2873 938 937 4257 4259 1257 4254 4260 
543 299 300 2874 2873 619 4261 4262 4256 4263 
544 2873 2874 939 938 4262 4264 1258 4259 4265 
545 300 301 2875 2874 620 4266 4267 4261 4268 
546 2874 2875 940 939 4267 4269 1259 4264 4270 
547 301 302 2876 2875 621 4271 4272 4266 4273 
548 2875 2876 941 940 4272 4274 1260 4269 4275 
549 302 303 2877 2876 622 4276 4277 4271 4278 
550 2876 2877 942 941 4277 4279 1261 4274 4280 
551 303 304 2878 2877 623 4281 4282 4276 4283 
552 2877 2878 943 942 4282 4284 1262 4279 4285 
553 304 305 2879 2878 624 4286 4287 4281 4288 
554 2878 2879 944 943 4287 4289 1263 4284 4290 
555 305 306 2880 2879 625 4291 4292 4286 4293 
556 2879 2880 945 944 4292 4294 1264 4289 4295 
557 306 307 2881 2880 626 4296 4297 4291 4298 
558 2880 2881 946 945 4297 4299 1265 4294 4300 
559 307 308 2882 2881 627 4301 4302 4296 4303 
560 2881 2882 947 946 4302 4304 1266 4299 4305 
561 308 309 2883 2882 628 4306 4307 4301 4308 
562 2882 2883 948 947 4307 4309 1267 4304 4310 
563 309 310 2884 2883 629 4311 4312 4306 4313 
564 2883 2884 949 948 4312 4314 1268 4309 4315 
565 310 311 2885 2884 630 4316 4317 4311 4318 
566 2884 2885 950 949 4317 4319 1269 4314 4320 
567 311 312 2886 2885 631 4321 4322 4316 4323 
568 2885 2886 951 950 4322 4324 1270 4319 4325 
569 312 313 2887 2886 632 4326 4327 4321 4328 
570 2886 2887 952 951 4327 4329 1271 4324 4330 
571 313 314 2888 2887 633 4331 4332 4326 4333 
572 2887 2888 953 952 4332 4334 1272 4329 4335 
573 314 315 2889 2888 634 4336 4337 4331 4338 
574 2888 2889 954 953 4337 4339 1273 4334 4340 
575 315 316 2890 2889 635 4341 4342 4336 4343 
576 2889 2890 955 954 4342 4344 1274 4339 4345 
577 316 317 2891 2890 636 4346 4347 4341 4348 
578 2890 2891 956 955 4347 4349 1275 4344 4350 
579 317 318 2892 2891 637 4351 4352 4346 4353 
580 2891 2892 957 956 4352 4354 1276 4349 4355 
581 318 319 2893 2892 638 4356 4357 4351 4358 
582 2892 2893 958 957 4357 4359 1277 4354 4360 
583 319 320 2894 2893 639 4361 4362 4356 4363 
584 2893 2894 959 958 4362 4364 1278 4359 4365 
585 320 321 2895 2894 640 4366 4367 4361 4368 
586 2894 2895 960 959 4367 4369 1279 4364 4370 
587 321 322 2896 2895 641 4371 4372 4366 4373 
588 2895 2896 961 960 4372 4374 1280 4369 4375 
589 322 323 2897 2896 642 4376 4377 4371 4378 
590 2896 2897 962 961 4377 4379 1281 4374 4380 
591 323 324 2898 2897 643 4381 4382 4376 4383 
592 2897 2898 963 962 4382 4384 1282 4379 4385 
593 324 325 2899 2898 644 4386 4387 4381 4388 
594 2898 2899 964 963 4387 4389 1283 4384 4390 
595 325 326 2900 2899 645 4391 4392 4386 4393 
596 2899 2900 965 964 4392 4394 1284 4389 4395 
597 326 327 2901 2900 646 4396 4397 4391 4398 
598 2900 2901 966 965 4397 4399 1285 4394 4400 
599 327 328 2902 2901 647 4401 4402 4396 4403 
600 2901 2902 967 966 4402 4404 1286 4399 4405 
601 328 329 2903 2902 648 4406 4407 4401 4408 
602 2902 2903 968 967 4407 4409 1287 4404 4410 
603 329 330 2904 2903 649 4411 4412 4406 4413 
604 2903 2904 969 968 4412 4414 1288 4409 4415 
605 330 331 2905 2904 650 4416 4417 4411 4418 
606 2904 2905 970 969 4417 4419 1289 4414 4420 
607 331 332 2906 2905 651 4421 4422 4416 4423 
608 2905 2906 971 970 4422 4424 1290 4419 4425 
609 332 333 2907 2906 652 4426 4427 4421 4428 
610 2906 2907 972 971 4427 4429 1291 4424 4430 
611 333 334 2908 2907 653 4431 4432 4426 4433 
612 2907 2908 973 972 4432 4434 1292 4429 4435 
613 334 335 2909 2908 654 4436 4437 4431 4438 
614 2908 2909 974 973 4437 4439 1293 4434 4440 
615 335 336 2910 2909 655 4441 4442 4436 4443 
616 2909 2910 975 974 4442 4444 1294 4439 4445 
617 336 337 2911 2910 656 4446 4447 4441 4448 
618 2910 2911 976 975 4447 4449 1295 4444 4450 
619 337 338 2912 2911 657 4451 4452 4446 4453 
620 2911 2912 977 976 4452 4454 1296 4449 4455 
621 338 339 2913 2912 658 4456 4457 4451 4458 
622 2912 2913 978 977 4457 4459 1297 4454 4460 
623 339 340 2914 2913 659 4461 4462 4456 4463 
624 2913 2914 979 978 4462 4464 1298 4459 4465 
625 340 341 2915 2914 660 4466 4467 4461 4468 
626 2914 2915 980 979 4467 4469 1299 4464 4470 
627 341 342 2916 2915 661 4471 4472 4466 4473 
628 2915 2916 981 980 4472 4474 1300 4469 4475 
629 342 343 2917 2916 662 4476 4477 4471 4478 
630 2916 2917 982 981 4477 4479 1301 4474 4480 
631 343 344 2918 2917 663 4481 4482 4476 4483 
632 2917 2918 983 982 4482 4484 1302 4479 4485 
633 344 345 2919 2918 664 4486 4487 4481 4488 
634 2918 2919 984 983 4487 4489 1303 4484 4490 
635 345 346 2920 2919 665 4491 4492 4486 4493 
636 2919 2920 985 984 4492 4494 1304 4489 4495 
637 346 347 2921 2920 666 4496 4497 4491 4498 
638 2920 2921 986 985 4497 4499 1305 4494 4500 
639 347 348 2922 2921 667 4501 4502 4496 4503 
640 2921 2922 987 986 4502 4504 1306 4499 4505 
641 348 349 2923 2922 668 4506 4507 4501 4508 
642 2922 2923 988 987 4507 4509 1307 4504 4510 
643 349 350 2924 2923 669 4511 4512 4506 4513 
644 2923 2924 989 988 4512 4514 1308 4509 4515 
645 350 351 2925 2924 670 4516 4517 4511 4518 
646 2924 2925 990 989 4517 4519 1309 4514 4520 
647 351 6 21 2925 671 22 4521 4516 4522 
648 2925 21 5 990 4521 23 1310 4519 4523 
2 4 10 640
649 4 15 4524 1311 16 4843 4844 1630 4845 
650 15 3 1950 4524 17 2269 4846 4843 4847 
651 1311 4524 4525 1312 4844 4848 4849 1631 4850 
652 4524 1950 1951 4525 4846 2270 4851 4848 4852 
653 1312 4525 4526 1313 4849 4853 4854 1632 4855 
654 4525 1951 1952 4526 4851 2271 4856 4853 4857 
655 1313 4526 4527 1314 4854 4858 4859 1633 4860 
656 4526 1952 1953 4527 4856 2272 4861 4858 4862 
657 1314 4527 4528 1315 4859 4863 4864 1634 4865 
658 4527 1953 1954 4528 4861 2273 4866 4863 4867 
659 1315 4528 4529 1316 4864 4868 4869 1635 4870 
660 4528 1954 1955 4529 4866 2274 4871 4868 4872 
661 1316 4529 4530 1317 4869 4873 4874 1636 4875 
662 4529 1955 1956 4530 4871 2275 4876 4873 4877 
663 1317 4530 4531 1318 4874 4878 4879 1637 4880 
664 4530 1956 1957 4531 4876 2276 4881 4878 4882 
665 1318 4531 4532 1319 4879 4883 4884 1638 4885 
666 4531 1957 1958 4532 4881 2277 4886 4883 4887 
667 1319 4532 4533 1320 4884 4888 4889 1639 4890 
668 4532 1958 1959 4533 4886 2278 4891 4888 4892 
669 1320 4533 4534 1321 4889 4893 4894 1640 4895 
670 4533 1959 1960 4534 4891 2279 4896 4893 4897 
671 1321 4534 4535 1322 4894 4898 4899 1641 4900 
672 4534 1960 1961 4535 4896 2280 4901 4898 4902 
673 1322 4535 4536 1323 4899 4903 4904 1642 4905 
674 4535 1961 1962 4536 4901 2281 4906 4903 4907 
675 1323 4536 4537 1324 4904 4908 4909 1643 4910 
676 4536 1962 1963 4537 4906 2282 4911 4908 4912 
677 1324 4537 4538 1325 4909 4913 4914 1644 4915 
678 4537 1963 1964 4538 4911 2283 4916 4913 4917 
679 1325 4538 4539 1326 4914 4918 4919 1645 4920 
680 4538 1964 1965 4539 4916 2284 4921 4918 4922 
681 1326 4539 4540 1327 4919 4923 4924 1646 4925 
682 4539 1965 1966 4540 4921 2285 4926 4923 4927 
683 1327 4540 4541 1328 4924 4928 4929 1647 4930 
684 4540 1966 1967 4541 4926 2286 4931 4928 4932 
685 1328 4541 4542 1329 4929 4933 4934 1648 4935 
686 4541 1967 1968 4542 4931 2287 4936 4933 4937 
687 1329 4542 4543 1330 4934 4938 4939 1649 4940 
688 4542 1968 1969 4543 4936 2288 4941 4938 4942 
689 1330 4543 4544 1331 4939 4943 4944 1650 4945 
690 4543 1969 1970 4544 4941 2289 4946 4943 4947 
691 1331 4544 4545 1332 4944 4948 4949 1651 4950 
692 4544 1970 1971 4545 4946 2290 4951 4948 4952 
693 1332 4545 4546 1333 4949 4953 4954 1652 4955 
694 4545 1971 1972 4546 4951 2291 4956 4953 4957 
695 1333 4546 4547 1334 4954 4958 4959 1653 4960 
696 4546 1972 1973 4547 4956 2292 4961 4958 4962 
697 1334 4547 4548 1335 4959 4963 4964 1654 4965 
698 4547 1973 1974 4548 4961 2293 4966 4963 4967 
699 1335 4548 4549 1336 4964 4968 4969 1655 4970 
700 4548 1974 1975 4549 4966 2294 4971 4968 4972 
701 1336 4549 4550 1337 4969 4973 4974 1656 4975 
702 4549 1975 1976 4550 4971 2295 4976 4973 4977 
703 1337 4550 4551 1338 4974 4978 4979 1657 4980 
704 4550 1976 1977 4551 4976 2296 4981 4978 4982 
705 1338 4551 4552 1339 4979 4983 4984 1658 4985 
706 4551 1977 1978 4552 4981 2297 4986 4983 4987 
707 1339 4552 4553 1340 4984 4988 4989 1659 4990 
708 4552 1978 1979 4553 4986 2298 4991 4988 4992 
709 1340 4553 4554 1341 4989 4993 4994 1660 4995 
710 4553 1979 1980 4554 4991 2299 4996 4993 4997 
711 1341 4554 4555 1342 4994 4998 4999 1661 5000 
712 4554 1980 1981 4555 4996 2300 5001 4998 5002 
713 1342 4555 4556 1343 4999 5003 5004 1662 5005 
714 4555 1981 1982 4556 5001 2301 5006 5003 5007 
715 1343 4556 4557 1344 5004 5008 5009 1663 5010 
716 4556 1982 1983 4557 5006 2302 5011 5008 5012 
717 1344 4557 4558 1345 5009 5013 5014 1664 5015 
718 4557 1983 1984 4558 5011 2303 5016 5013 5017 
719 1345 4558 4559 1346 5014 5018 5019 1665 5020 
720 4558 1984 1985 4559 5016 2304 5021 5018 5022 
721 1346 4559 4560 1347 5019 5023 5024 1666 5025 
722 4559 1985 1986 4560 5021 2305 5026 5023 5027 
723 1347 4560 4561 1348 5024 5028 5029 1667 5030 
724 4560 1986 1987 4561 5026 2306 5031 5028 5032 
725 1348 4561 4562 1349 5029 5033 5034 1668 5035 
726 4561 1987 1988 4562 5031 2307 5036 5033 5037 
727 1349 4562 4563 1350 5034 5038 5039 1669 5040 
728 4562 1988 1989 4563 5036 2308 5041 5038 5042 
729 1350 4563 4564 1351 5039 5043 5044 1670 5045 
730 4563 1989 1990 4564 5041 2309 5046 5043 5047 
731 1351 4564 4565 1352 5044 5048 5049 1671 5050 
732 4564 1990 1991 4565 5046 2310 5051 5048 5052 
733 1352 4565 4566 1353 5049 5053 5054 1672 5055 
734 4565 1991 1992 4566 5051 2311 5056 5053 5057 
735 1353 4566 4567 1354 5054 5058 5059 1673 5060 
736 4566 1992 1993 4567 5056 2312 5061 5058 5062 
737 1354 4567 4568 1355 5059 5063 5064 1674 5065 
738 4567 1993 1994 4568 5061 2313 5066 5063 5067 
739 1355 4568 4569 1356 5064 5068 5069 1675 5070 
740 4568 1994 1995 4569 5066 2314 5071 5068 5072 
741 1356 4569 4570 1357 5069 5073 5074 1676 5075 
742 4569 1995 1996 4570 5071 2315 5076 5073 5077 
743 1357 4570 4571 1358 5074 5078 5079 1677 5080 
744 4570 1996 1997 4571 5076 2316 5081 5078 5082 
745 1358 4571 4572 1359 5079 5083 5084 1678 5085 
746 4571 1997 1998 4572 5081 2317 5086 5083 5087 
747 1359 4572 4573 1360 5084 5088 5089 1679 5090 
748 4572 1998 1999 4573 5086 2318 5091 5088 5092 
749 1360 4573 4574 1361 5089 5093 5094 1680 5095 
750 4573 1999 2000 4574 5091 2319 5096 5093 5097 
751 1361 4574 4575 1362 5094 5098 5099 1681 5100 
752 4574 2000 2001 4575 5096 2320 5101 5098 5102 
753 1362 4575 4576 1363 5099 5103 5104 1682 5105 
754 4575 2001 2002 4576 5101 2321 5106 5103 5107 
755 1363 4576 4577 1364 5104 5108 5109 1683 5110 
756 4576 2002 2003 4577 5106 2322 5111 5108 5112 
757 1364 4577 4578 1365 5109 5113 5114 1684 5115 
758 4577 2003 2004 4578 5111 2323 5116 5113 5117 
759 1365 4578 4579 1366 5114 5118 5119 1685 5120 
760 4578 2004 2005 4579 5116 2324 5121 5118 5122 
761 1366 4579 4580 1367 5119 5123 5124 1686 5125 
762 4579 2005 2006 4580 5121 2325 5126 5123 5127 
763 1367 4580 4581 1368 5124 5128 5129 1687 5130 
764 4580 2006 2007 4581 5126 2326 5131 5128 5132 
765 1368 4581 4582 1369 5129 5133 5134 1688 5135 
766 4581 2007 2008 4582 5131 2327 5136 5133 5137 
767 1369 4582 4583 1370 5134 5138 5139 1689 5140 
768 4582 2008 2009 4583 5136 2328 5141 5138 5142 
769 1370 4583 4584 1371 5139 5143 5144 1690 5145 
770 4583 2009 2010 4584 5141 2329 5146 5143 5147 
771 1371 4584 4585 1372 5144 5148 5149 1691 5150 
772 4584 2010 2011 4585 5146 2330 5151 5148 5152 
773 1372 4585 4586 1373 5149 5153 5154 1692 5155 
774 4585 2011 2012 4586 5151 2331 5156 5153 5157 
775 1373 4586 4587 1374 5154 5158 5159 1693 5160 
776 4586 2012 2013 4587 5156 2332 5161 5158 5162 
777 1374 4587 4588 1375 5159 5163 5164 1694 5165 
778 4587 2013 2014 4588 5161 2333 5166 5163 5167 
779 1375 4588 4589 1376 5164 5168 5169 1695 5170 
780 4588 2014 2015 4589 5166 2334 5171 5168 5172 
781 1376 4589 4590 1377 5169 5173 5174 1696 5175 
782 4589 2015 2016 4590 5171 2335 5176 5173 5177 
783 1377 4590 4591 1378 5174 5178 5179 1697 5180 
784 4590 2016 2017 4591 5176 2336 5181 5178 5182 
785 1378 4591 4592 1379 5179 5183 5184 1698 5185 
786 4591 2017 2018 4592 5181 2337 5186 5183 5187 
787 1379 4592 4593 1380 5184 5188 5189 1699 5190 
788 4592 2018 2019 4593 5186 2338 5191 5188 5192 
789 1380 4593 4594 1381 5189 5193 5194 1700 5195 
790 4593 2019 2020 4594 5191 2339 5196 5193 5197 
791 1381 4594 4595 1382 5194 5198 5199 1701 5200 
792 4594 2020 2021 4595 5196 2340 5201 5198 5202 
793 1382 4595 4596 1383 5199 5203 5204 1702 5205 
794 4595 2021 2022 4596 5201 2341 5206 5203 5207 
795 1383 4596 4597 1384 5204 5208 5209 1703 5210 
796 4596 2022 2023 4597 5206 2342 5211 5208 5212 
797 1384 4597 4598 1385 5209 5213 5214 1704 5215 
798 4597 2023 2024 4598 5211 2343 5216 5213 5217 
799 1385 4598 4599 1386 5214 5218 5219 1705 5220 
800 4598 2024 2025 4599 5216 2344 5221 5218 5222 
801 1386 4599 4600 1387 5219 5223 5224 1706 5225 
802 4599 2025 2026 4600 5221 2345 5226 5223 5227 
803 1387 4600 4601 1388 5224 5228 5229 1707 5230 
804 4600 2026 2027 4601 5226 2346 5231 5228 5232 
805 1388 4601 4602 1389 5229 5233 5234 1708 5235 
806 4601 2027 2028 4602 5231 2347 5236 5233 5237 
807 1389 4602 4603 1390 5234 5238 5239 1709 5240 
808 4602 2028 2029 4603 5236 2348 5241 5238 5242 
809 1390 4603 4604 1391 5239 5243 5244 1710 5245 
810 4603 2029 2030 4604 5241 2349 5246 5243 5247 
811 1391 4604 4605 1392 5244 5248 5249 1711 5250 
812 4604 2030 2031 4605 5246 2350 5251 5248 5252 
813 1392 4605 4606 1393 5249 5253 5254 1712 5255 
814 4605 2031 2032 4606 5251 2351 5256 5253 5257 
815 1393 4606 4607 1394 5254 5258 5259 1713 5260 
816 4606 2032 2033 4607 5256 2352 5261 5258 5262 
817 1394 4607 4608 1395 5259 5263 5264 1714 5265 
818 4607 2033 2034 4608 5261 2353 5266 5263 5267 
819 1395 4608 4609 1396 5264 5268 5269 1715 5270 
820 4608 2034 2035 4609 5266 2354 5271 5268 5272 
821 1396 4609 4610 1397 5269 5273 5274 1716 5275 
822 4609 2035 2036 4610 5271 2355 5276 5273 5277 
823 1397 4610 4611 1398 5274 5278 5279 1717 5280 
824 4610 2036 2037 4611 5276 2356 5281 5278 5282 
825 1398 4611 4612 1399 5279 5283 5284 1718 5285 
826 4611 2037 2038 4612 5281 2357 5286 5283 5287 
827 1399 4612 4613 1400 5284 5288 5289 1719 5290 
828 4612 2038 2039 4613 5286 2358 5291 5288 5292 
829 1400 4613 4614 1401 5289 5293 5294 1720 5295 
830 4613 2039 2040 4614 5291 2359 5296 5293 5297 
831 1401 4614 4615 1402 5294 5298 5299 1721 5300 
832 4614 2040 2041 4615 5296 2360 5301 5298 5302 
833 1402 4615 4616 1403 5299 5303 5304 1722 5305 
834 4615 2041 2042 4616 5301 2361 5306 5303 5307 
835 1403 4616 4617 1404 5304 5308 5309 1723 5310 
836 4616 2042 2043 4617 5306 2362 5311 5308 5312 
837 1404 4617 4618 1405 5309 5313 5314 1724 5315 
838 4617 2043 2044 4618 5311 2363 5316 5313 5317 
839 1405 4618 4619 1406 5314 5318 5319 1725 5320 
840 4618 2044 2045 4619 5316 2364 5321 5318 5322 
841 1406 4619 4620 1407 5319 5323 5324 1726 5325 
842 4619 2045 2046 4620 5321 2365 5326 5323 5327 
843 1407 4620 4621 1408 5324 5328 5329 1727 5330 
844 4620 2046 2047 4621 5326 2366 5331 5328 5332 
845 1408 4621 4622 1409 5329 5333 5334 1728 5335 
846 4621 2047 2048 4622 5331 2367 5336 5333 5337 
847 1409 4622 4623 1410 5334 5338 5339 1729 5340 
848 4622 2048 2049 4623 5336 2368 5341 5338 5342 
849 1410 4623 4624 1411 5339 5343 5344 1730 5345 
850 4623 2049 2050 4624 5341 2369 5346 5343 5347 
851 1411 4624 4625 1412 5344 5348 5349 1731 5350 
852 4624 2050 2051 4625 5346 2370 5351 5348 5352 
853 1412 4625 4626 1413 5349 5353 5354 1732 5355 
854 4625 2051 2052 4626 5351 2371 5356 5353 5357 
855 1413 4626 4627 1414 5354 5358 5359 1733 5360 
856 4626 2052 2053 4627 5356 2372 5361 5358 5362 
857 1414 4627 4628 1415 5359 5363 5364 1734 5365 
858 4627 2053 2054 4628 5361 2373 5366 5363 5367 
859 1415 4628 4629 1416 5364 5368 5369 1735 5370 
860 4628 2054 2055 4629 5366 2374 5371 5368 5372 
861 1416 4629 4630 1417 5369 5373 5374 1736 5375 
862 4629 2055 2056 4630 5371 2375 5376 5373 5377 
863 1417 4630 4631 1418 5374 5378 5379 1737 5380 
864 4630 2056 2057 4631 5376 2376 5381 5378 5382 
865 1418 4631 4632 1419 5379 5383 5384 1738 5385 
866 4631 2057 2058 4632 5381 2377 5386 5383 5387 
867 1419 4632 4633 1420 5384 5388 5389 1739 5390 
868 4632 2058 2059 4633 5386 2378 5391 5388 5392 
869 1420 4633 4634 1421 5389 5393 5394 1740 5395 
870 4633 2059 2060 4634 5391 2379 5396 5393 5397 
871 1421 4634 4635 1422 5394 5398 5399 1741 5400 
872 4634 2060 2061 4635 5396 2380 5401 5398 5402 
873 1422 4635 4636 1423 5399 5403 5404 1742 5405 
874 4635 2061 2062 4636 5401 2381 5406 5403 5407 
875 1423 4636 4637 1424 5404 5408 5409 1743 5410 
876 4636 2062 2063 4637 5406 2382 5411 5408 5412 
877 1424 4637 4638 1425 5409 5413 5414 1744 5415 
878 4637 2063 2064 4638 5411 2383 5416 5413 5417 
879 1425 4638 4639 1426 5414 5418 5419 1745 5420 
880 4638 2064 2065 4639 5416 2384 5421 5418 5422 
881 1426 4639 4640 1427 5419 5423 5424 1746 5425 
882 4639 2065 2066 4640 5421 2385 5426 5423 5427 
883 1427 4640 4641 1428 5424 5428 5429 1747 5430 
884 4640 2066 2067 4641 5426 2386 5431 5428 5432 
885 1428 4641 4642 1429 5429 5433 5434 1748 5435 
886 4641 2067 2068 4642 5431 2387 5436 5433 5437 
887 1429 4642 4643 1430 5434 5438 5439 1749 5440 
888 4642 2068 2069 4643 5436 2388 5441 5438 5442 
889 1430 4643 4644 1431 5439 5443 5444 1750 5445 
890 4643 2069 2070 4644 5441 2389 5446 5443 5447 
891 1431 4644 4645 1432 5444 5448 5449 1751 5450 
892 4644 2070 2071 4645 5446 2390 5451 5448 5452 
893 1432 4645 4646 1433 5449 5453 5454 1752 5455 
894 4645 2071 2072 4646 5451 2391 5456 5453 5457 
895 1433 4646 4647 1434 5454 5458 5459 1753 5460 
896 4646 2072 2073 4647 5456 2392 5461 5458 5462 
897 1434 4647 4648 1435 5459 5463 5464 1754 5465 
898 4647 2073 2074 4648 5461 2393 5466 5463 5467 
899 1435 4648 4649 1436 5464 5468 5469 1755 5470 
900 4648 2074 2075 4649 5466 2394 5471 5468 5472 
901 1436 4649 4650 1437 5469 5473 5474 1756 5475 
902 4649 2075 2076 4650 5471 2395 5476 5473 5477 
903 1437 4650 4651 1438 5474 5478 5479 1757 5480 
904 4650 2076 2077 4651 5476 2396 5481 5478 5482 
905 1438 4651 4652 1439 5479 5483 5484 1758 5485 
906 4651 2077 2078 4652 5481 2397 5486 5483 5487 
907 1439 4652 4653 1440 5484 5488 5489 1759 5490 
908 4652 2078 2079 4653 5486 2398 5491 5488 5492 
909 1440 4653 4654 1441 5489 5493 5494 1760 5495 
910 4653 2079 2080 4654 5491 2399 5496 5493 5497 
911 1441 4654 4655 1442 5494 5498 5499 1761 5500 
912 4654 2080 2081 4655 5496 2400 5501 5498 5502 
913 1442 4655 4656 1443 5499 5503 5504 1762 5505 
914 4655 2081 2082 4656 5501 2401 5506 5503 5507 
915 1443 4656 4657 1444 5504 5508 5509 1763 5510 
916 4656 2082 2083 4657 5506 2402 5511 5508 5512 
917 1444 4657 4658 1445 5509 5513 5514 1764 5515 
918 4657 2083 2084 4658 5511 2403 5516 5513 5517 
919 1445 4658 4659 1446 5514 5518 5519 1765 5520 
920 4658 2084 2085 4659 5516 2404 5521 5518 5522 
921 1446 4659 4660 1447 5519 5523 5524 1766 5525 
922 4659 2085 2086 4660 5521 2405 5526 5523 5527 
923 1447 4660 4661 1448 5524 5528 5529 1767 5530 
924 4660 2086 2087 4661 5526 2406 5531 5528 5532 
925 1448 4661 4662 1449 5529 5533 5534 1768 5535 
926 4661 2087 2088 4662 5531 2407 5536 5533 5537 
927 1449 4662 4663 1450 5534 5538 5539 1769 5540 
928 4662 2088 2089 4663 5536 2408 5541 5538 5542 
929 1450 4663 4664 1451 5539 5543 5544 1770 5545 
930 4663 2089 2090 4664 5541 2409 5546 5543 5547 
931 1451 4664 4665 1452 5544 5548 5549 1771 5550 
932 4664 2090 2091 4665 5546 2410 5551 5548 5552 
933 1452 4665 4666 1453 5549 5553 5554 1772 5555 
934 4665 2091 2092 4666 5551 2411 5556 5553 5557 
935 1453 4666 4667 1454 5554 5558 5559 1773 5560 
936 4666 2092 2093 4667 5556 2412 5561 5558 5562 
937 1454 4667 4668 1455 5559 5563 5564 1774 5565 
938 4667 2093 2094 4668 5561 2413 5566 5563 5567 
939 1455 4668 4669 1456 5564 5568 5569 1775 5570 
940 4668 2094 2095 4669 5566 2414 5571 5568 5572 
941 1456 4669 4670 1457 5569 5573 5574 1776 5575 
942 4669 2095 2096 4670 5571 2415 5576 5573 5577 
943 1457 4670 4671 1458 5574 5578 5579 1777 5580 
944 4670 2096 2097 4671 5576 2416 5581 5578 5582 
945 1458 4671 4672 1459 5579 5583 5584 1778 5585 
946 4671 2097 2098 4672 5581 2417 5586 5583 5587 
947 1459 4672 4673 1460 5584 5588 5589 1779 5590 
948 4672 2098 2099 4673 5586 2418 5591 5588 5592 
949 1460 4673 4674 1461 5589 5593 5594 1780 5595 
950 4673 2099 2100 4674 5591 2419 5596 5593 5597 
951 1461 4674 4675 1462 5594 5598 5599 1781 5600 
952 4674 2100 2101 4675 5596 2420 5601 5598 5602 
953 1462 4675 4676 1463 5599 5603 5604 1782 5605 
954 4675 2101 2102 4676 5601 2421 5606 5603 5607 
955 1463 4676 4677 1464 5604 5608 5609 1783 5610 
956 4676 2102 2103 4677 5606 2422 5611 5608 5612 
957 1464 4677 4678 1465 5609 5613 5614 1784 5615 
958 4677 2103 2104 4678 5611 2423 5616 5613 5617 
959 1465 4678 4679 1466 5614 5618 5619 1785 5620 
960 4678 2104 2105 4679 5616 2424 5621 5618 5622 
961 1466 4679 4680 1467 5619 5623 5624 1786 5625 
962 4679 2105 2106 4680 5621 2425 5626 5623 5627 
963 1467 4680 4681 1468 5624 5628 5629 1787 5630 
964 4680 2106 2107 4681 5626 2426 5631 5628 5632 
965 1468 4681 4682 1469 5629 5633 5634 1788 5635 
966 4681 2107 2108 4682 5631 2427 5636 5633 5637 
967 1469 4682 4683 1470 5634 5638 5639 1789 5640 
968 4682 2108 2109 4683 5636 2428 5641 5638 5642 
969 1470 4683 4684 1471 5639 5643 5644 1790 5645 
970 4683 2109 2110 4684 5641 2429 5646 5643 5647 
971 1471 4684 4685 1472 5644 5648 5649 1791 5650 
972 4684 2110 2111 4685 5646 2430 5651 5648 5652 
973 1472 4685 4686 1473 5649 5653 5654 1792 5655 
974 4685 2111 2112 4686 5651 2431 5656 5653 5657 
975 1473 4686 4687 1474 5654 5658 5659 1793 5660 
976 4686 2112 2113 4687 5656 2432 5661 5658 5662 
977 1474 4687 4688 1475 5659 5663 5664 1794 5665 
978 4687 2113 2114 4688 5661 2433 5666 5663 5667 
979 1475 4688 4689 1476 5664 5668 5669 1795 5670 
980 4688 2114 2115 4689 5666 2434 5671 5668 5672 
981 1476 4689 4690 1477 5669 5673 5674 1796 5675 
982 4689 2115 2116 4690 5671 2435 5676 5673 5677 
983 1477 4690 4691 1478 5674 5678 5679 1797 5680 
984 4690 2116 2117 4691 5676 2436 5681 5678 5682 
985 1478 4691 4692 1479 5679 5683 5684 1798 5685 
986 4691 2117 2118 4692 5681 2437 5686 5683 5687 
987 1479 4692 4693 1480 5684 5688 5689 1799 5690 
988 4692 2118 2119 4693 5686 2438 5691 5688 5692 
989 1480 4693 4694 1481 5689 5693 5694 1800 5695 
990 4693 2119 2120 4694 5691 2439 5696 5693 5697 
991 1481 4694 4695 1482 5694 5698 5699 1801 5700 
992 4694 2120 2121 4695 5696 2440 5701 5698 5702 
993 1482 4695 4696 1483 5699 5703 5704 1802 5705 
994 4695 2121 2122 4696 5701 2441 5706 5703 5707 
995 1483 4696 4697 1484 5704 5708 5709 1803 5710 
996 4696 2122 2123 4697 5706 2442 5711 5708 5712 
997 1484 4697 4698 1485 5709 5713 5714 1804 5715 
998 4697 2123 2124 4698 5711 2443 5716 5713 5717 
999 1485 4698 4699 1486 5714 5718 5719 1805 5720 
1000 4698 2124 2125 4699 5716 2444 5721 5718 5722 
1001 1486 4699 4700 1487 5719 5723 5724 1806 5725 
1002 4699 2125 2126 4700 5721 2445 5726 5723 5727 
1003 1487 4700 4701 1488 5724 5728 5729 1807 5730 
1004 4700 2126 2127 4701 5726 2446 5731 5728 5732 
1005 1488 4701 4702 1489 5729 5733 5734 1808 5735 
1006 4701 2127 2128 4702 5731 2447 5736 5733 5737 
1007 1489 4702 4703 1490 5734 5738 5739 1809 5740 
1008 4702 2128 2129 4703 5736 2448 5741 5738 5742 
1009 1490 4703 4704 1491 5739 5743 5744 1810 5745 
1010 4703 2129 2130 4704 5741 2449 5746 5743 5747 
1011 1491 4704 4705 1492 5744 5748 5749 1811 5750 
1012 4704 2130 2131 4705 5746 2450 5751 5748 5752 
1013 1492 4705 4706 1493 5749 5753 5754 1812 5755 
1014 4705 2131 2132 4706 5751 2451 5756 5753 5757 
1015 1493 4706 4707 1494 5754 5758 5759 1813 5760 
1016 4706 2132 2133 4707 5756 2452 5761 5758 5762 
1017 1494 4707 4708 1495 5759 5763 5764 1814 5765 
1018 4707 2133 2134 4708 5761 2453 5766 5763 5767 
1019 1495 4708 4709 1496 5764 5768 5769 1815 5770 
1020 4708 2134 2135 4709 5766 2454 5771 5768 5772 
1021 1496 4709 4710 1497 5769 5773 5774 1816 5775 
1022 4709 2135 2136 4710 5771 2455 5776 5773 5777 
1023 1497 4710 4711 1498 5774 5778 5779 1817 5780 
1024 4710 2136 2137 4711 5776 2456 5781 5778 5782 
1025 1498 4711 4712 1499 5779 5783 5784 1818 5785 
1026 4711 2137 2138 4712 5781 2457 5786 5783 5787 
1027 1499 4712 4713 1500 5784 5788 5789 1819 5790 
1028 4712 2138 2139 4713 5786 2458 5791 5788 5792 
1029 1500 4713 4714 1501 5789 5793 5794 1820 5795 
1030 4713 2139 2140 4714 5791 2459 5796 5793 5797 
1031 1501 4714 4715 1502 5794 5798 5799 1821 5800 
1032 4714 2140 2141 4715 5796 2460 5801 5798 5802 
1033 1502 4715 4716 1503 5799 5803 5804 1822 5805 
1034 4715 2141 2142 4716 5801 2461 5806 5803 5807 
1035 1503 4716 4717 1504 5804 5808 5809 1823 5810 
1036 4716 2142 2143 4717 5806 2462 5811 5808 5812 
1037 1504 4717 4718 1505 5809 5813 5814 1824 5815 
1038 4717 2143 2144 4718 5811 2463 5816 5813 5817 
1039 1505 4718 4719 1506 5814 5818 5819 1825 5820 
1040 4718 2144 2145 4719 5816 2464 5821 5818 5822 
1041 1506 4719 4720 1507 5819 5823 5824 1826 5825 
1042 4719 2145 2146 4720 5821 2465 5826 5823 5827 
1043 1507 4720 4721 1508 5824 5828 5829 1827 5830 
1044 4720 2146 2147 4721 5826 2466 5831 5828 5832 
1045 1508 4721 4722 1509 5829 5833 5834 1828 5835 
1046 4721 2147 2148 4722 5831 2467 5836 5833 5837 
1047 1509 4722 4723 1510 5834 5838 5839 1829 5840 
1048 4722 2148 2149 4723 5836 2468 5841 5838 5842 
1049 1510 4723 4724 1511 5839 5843 5844 1830 5845 
1050 4723 2149 2150 4724 5841 2469 5846 5843 5847 
1051 1511 4724 4725 1512 5844 5848 5849 1831 5850 
1052 4724 2150 2151 4725 5846 2470 5851 5848 5852 
1053 1512 4725 4726 1513 5849 5853 5854 1832 5855 
1054 4725 2151 2152 4726 5851 2471 5856 5853 5857 
1055 1513 4726 4727 1514 5854 5858 5859 1833 5860 
1056 4726 2152 2153 4727 5856 2472 5861 5858 5862 
1057 1514 4727 4728 1515 5859 5863 5864 1834 5865 
1058 4727 2153 2154 4728 5861 2473 5866 5863 5867 
1059 1515 4728 4729 1516 5864 5868 5869 1835 5870 
1060 4728 2154 2155 4729 5866 2474 5871 5868 5872 
1061 1516 4729 4730 1517 5869 5873 5874 1836 5875 
1062 4729 2155 2156 4730 5871 2475 5876 5873 5877 
1063 1517 4730 4731 1518 5874 5878 5879 1837 5880 
1064 4730 2156 2157 4731 5876 2476 5881 5878 5882 
1065 1518 4731 4732 1519 5879 5883 5884 1838 5885 
1066 4731 2157 2158 4732 5881 2477 5886 5883 5887 
1067 1519 4732 4733 1520 5884 5888 5889 1839 5890 
1068 4732 2158 2159 4733 5886 2478 5891 5888 5892 
1069 1520 4733 4734 1521 5889 5893 5894 1840 5895 
1070 4733 2159 2160 4734 5891 2479 5896 5893 5897 
1071 1521 4734 4735 1522 5894 5898 5899 1841 5900 
1072 4734 2160 2161 4735 5896 2480 5901 5898 5902 
1073 1522 4735 4736 1523 5899 5903 5904 1842 5905 
1074 4735 2161 2162 4736 5901 2481 5906 5903 5907 
1075 1523 4736 4737 1524 5904 5908 5909 1843 5910 
1076 4736 2162 2163 4737 5906 2482 5911 5908 5912 
1077 1524 4737 4738 1525 5909 5913 5914 1844 5915 
1078 4737 2163 2164 4738 5911 2483 5916 5913 5917 
1079 1525 4738 4739 1526 5914 5918 5919 1845 5920 
1080 4738 2164 2165 4739 5916 2484 5921 5918 5922 
1081 1526 4739 4740 1527 5919 5923 5924 1846 5925 
1082 4739 2165 2166 4740 5921 2485 5926 5923 5927 
1083 1527 4740 4741 1528 5924 5928 5929 1847 5930 
1084 4740 2166 2167 4741 5926 2486 5931 5928 5932 
1085 1528 4741 4742 1529 5929 5933 5934 1848 5935 
1086 4741 2167 2168 4742 5931 2487 5936 5933 5937 
1087 1529 4742 4743 1530 5934 5938 5939 1849 5940 
1088 4742 2168 2169 4743 5936 2488 5941 5938 5942 
1089 1530 4743 4744 1531 5939 5943 5944 1850 5945 
1090 4743 2169 2170 4744 5941 2489 5946 5943 5947 
1091 1531 4744 4745 1532 5944 5948 5949 1851 5950 
1092 4744 2170 2171 4745 5946 2490 5951 5948 5952 
1093 1532 4745 4746 1533 5949 5953 5954 1852 5955 
1094 4745 2171 2172 4746 5951 2491 5956 5953 5957 
1095 1533 4746 4747 1534 5954 5958 5959 1853 5960 
1096 4746 2172 2173 4747 5956 2492 5961 5958 5962 
1097 1534 4747 4748 1535 5959 5963 5964 1854 5965 
1098 4747 2173 2174 4748 5961 2493 5966 5963 5967 
1099 1535 4748 4749 1536 5964 5968 5969 1855 5970 
1100 4748 2174 2175 4749 5966 2494 5971 5968 5972 
1101 1536 4749 4750 1537 5969 5973 5974 1856 5975 
1102 4749 2175 2176 4750 5971 2495 5976 5973 5977 
1103 1537 4750 4751 1538 5974 5978 5979 1857 5980 
1104 4750 2176 2177 4751 5976 2496 5981 5978 5982 
1105 1538 4751 4752 1539 5979 5983 5984 1858 5985 
1106 4751 2177 2178 4752 5981 2497 5986 5983 5987 
1107 1539 4752 4753 1540 5984 5988 5989 1859 5990 
1108 4752 2178 2179 4753 5986 2498 5991 5988 5992 
1109 1540 4753 4754 1541 5989 5993 5994 1860 5995 
1110 4753 2179 2180 4754 5991 2499 5996 5993 5997 
1111 1541 4754 4755 1542 5994 5998 5999 1861 6000 
1112 4754 2180 2181 4755 5996 2500 6001 5998 6002 
1113 1542 4755 4756 1543 5999 6003 6004 1862 6005 
1114 4755 2181 2182 4756 6001 2501 6006 6003 6007 
1115 1543 4756 4757 1544 6004 6008 6009 1863 6010 
1116 4756 2182 2183 4757 6006 2502 6011 6008 6012 
1117 1544 4757 4758 1545 6009 6013 6014 1864 6015 
1118 4757 2183 2184 4758 6011 2503 6016 6013 6017 
1119 1545 4758 4759 1546 6014 6018 6019 1865 6020 
1120 4758 2184 2185 4759 6016 2504 6021 6018 6022 
1121 1546 4759 4760 1547 6019 6023 6024 1866 6025 
1122 4759 2185 2186 4760 6021 2505 6026 6023 6027 
1123 1547 4760 4761 1548 6024 6028 6029 1867 6030 
1124 4760 2186 2187 4761 6026 2506 6031 6028 6032 
1125 1548 4761 4762 1549 6029 6033 6034 1868 6035 
1126 4761 2187 2188 4762 6031 2507 6036 6033 6037 
1127 1549 4762 4763 1550 6034 6038 6039 1869 6040 
1128 4762 2188 2189 4763 6036 2508 6041 6038 6042 
1129 1550 4763 4764 1551 6039 6043 6044 1870 6045 
1130 4763 2189 2190 4764 6041 2509 6046 6043 6047 
1131 1551 4764 4765 1552 6044 6048 6049 1871 6050 
1132 4764 2190 2191 4765 6046 2510 6051 6048 6052 
1133 1552 4765 4766 1553 6049 6053 6054 1872 6055 
1134 4765 2191 2192 4766 6051 2511 6056 6053 6057 
1135 1553 4766 4767 1554 6054 6058 6059 1873 6060 
1136 4766 2192 2193 4767 6056 2512 6061 6058 6062 
1137 1554 4767 4768 1555 6059 6063 6064 1874 6065 
1138 4767 2193 2194 4768 6061 2513 6066 6063 6067 
1139 1555 4768 4769 1556 6064 6068 6069 1875 6070 
1140 4768 2194 2195 4769 6066 2514 6071 6068 6072 
1141 1556 4769 4770 1557 6069 6073 6074 1876 6075 
1142 4769 2195 2196 4770 6071 2515 6076 6073 6077 
1143 1557 4770 4771 1558 6074 6078 6079 1877 6080 
1144 4770 2196 2197 4771 6076 2516 6081 6078 6082 
1145 1558 4771 4772 1559 6079 6083 6084 1878 6085 
1146 4771 2197 2198 4772 6081 2517 6086 6083 6087 
1147 1559 4772 4773 1560 6084 6088 6089 1879 6090 
1148 4772 2198 2199 4773 6086 2518 6091 6088 6092 
1149 1560 4773 4774 1561 6089 6093 6094 1880 6095 
1150 4773 2199 2200 4774 6091 2519 6096 6093 6097 
1151 1561 4774 4775 1562 6094 6098 6099 1881 6100 
1152 4774 2200 2201 4775 6096 2520 6101 6098 6102 
1153 1562 4775 4776 1563 6099 6103 6104 1882 6105 
1154 4775 2201 2202 4776 6101 2521 6106 6103 6107 
1155 1563 4776 4777 1564 6104 6108 6109 1883 6110 
1156 4776 2202 2203 4777 6106 2522 6111 6108 6112 
1157 1564 4777 4778 1565 6109 6113 6114 1884 6115 
1158 4777 2203 2204 4778 6111 2523 6116 6113 6117 
1159 1565 4778 4779 1566 6114 6118 6119 1885 6120 
1160 4778 2204 2205 4779 6116 2524 6121 6118 6122 
1161 1566 4779 4780 1567 6119 6123 6124 1886 6125 
1162 4779 2205 2206 4780 6121 2525 6126 6123 6127 
1163 1567 4780 4781 1568 6124 6128 6129 1887 6130 
1164 4780 2206 2207 4781 6126 2526 6131 6128 6132 
1165 1568 4781 4782 1569 6129 6133 6134 1888 6135 
1166 4781 2207 2208 4782 6131 2527 6136 6133 6137 
1167 1569 4782 4783 1570 6134 6138 6139 1889 6140 
1168 4782 2208 2209 4783 6136 2528 6141 6138 6142 
1169 1570 4783 4784 1571 6139 6143 6144 1890 6145 
1170 4783 2209 2210 4784 6141 2529 6146 6143 6147 
1171 1571 4784 4785 1572 6144 6148 6149 1891 6150 
1172 4784 2210 2211 4785 6146 2530 6151 6148 6152 
1173 1572 4785 4786 1573 6149 6153 6154 1892 6155 
1174 4785 2211 2212 4786 6151 2531 6156 6153 6157 
1175 1573 4786 4787 1574 6154 6158 6159 1893 6160 
1176 4786 2212 2213 4787 6156 2532 6161 6158 6162 
1177 1574 4787 4788 1575 6159 6163 6164 1894 6165 
1178 4787 2213 2214 4788 6161 2533 6166 6163 6167 
1179 1575 4788 4789 1576 6164 6168 6169 1895 6170 
1180 4788 2214 2215 4789 6166 2534 6171 6168 6172 
1181 1576 4789 4790 1577 6169 6173 6174 1896 6175 
1182 4789 2215 2216 4790 6171 2535 6176 6173 6177 
1183 1577 4790 4791 1578 6174 6178 6179 1897 6180 
1184 4790 2216 2217 4791 6176 2536 6181 6178 6182 
1185 1578 4791 4792 1579 6179 6183 6184 1898 6185 
1186 4791 2217 2218 4792 6181 2537 6186 6183 6187 
1187 1579 4792 4793 1580 6184 6188 6189 1899 6190 
1188 4792 2218 2219 4793 6186 2538 6191 6188 6192 
1189 1580 4793 4794 1581 6189 6193 6194 1900 6195 
1190 4793 2219 2220 4794 6191 2539 6196 6193 6197 
1191 1581 4794 4795 1582 6194 6198 6199 1901 6200 
1192 4794 2220 2221 4795 6196 2540 6201 6198 6202 
1193 1582 4795 4796 1583 6199 6203 6204 1902 6205 
1194 4795 2221 2222 4796 6201 2541 6206 6203 6207 
1195 1583 4796 4797 1584 6204 6208 6209 1903 6210 
1196 4796 2222 2223 4797 6206 2542 6211 6208 6212 
1197 1584 4797 4798 1585 6209 6213 6214 1904 6215 
1198 4797 2223 2224 4798 6211 2543 6216 6213 6217 
1199 1585 4798 4799 1586 6214 6218 6219 1905 6220 
1200 4798 2224 2225 4799 6216 2544 6221 6218 6222 
1201 1586 4799 4800 1587 6219 6223 6224 1906 6225 
1202 4799 2225 2226 4800 6221 2545 6226 6223 6227 
1203 1587 4800 4801 1588 6224 6228 6229 1907 6230 
1204 4800 2226 2227 4801 6226 2546 6231 6228 6232 
1205 1588 4801 4802 1589 6229 6233 6234 1908 6235 
1206 4801 2227 2228 4802 6231 2547 6236 6233 6237 
1207 1589 4802 4803 1590 6234 6238 6239 1909 6240 
1208 4802 2228 2229 4803 6236 2548 6241 6238 6242 
1209 1590 4803 4804 1591 6239 6243 6244 1910 6245 
1210 4803 2229 2230 4804 6241 2549 6246 6243 6247 
1211 1591 4804 4805 1592 6244 6248 6249 1911 6250 
1212 4804 2230 2231 4805 6246 2550 6251 6248 6252 
1213 1592 4805 4806 1593 6249 6253 6254 1912 6255 
1214 4805 2231 2232 4806 6251 2551 6256 6253 6257 
1215 1593 4806 4807 1594 6254 6258 6259 1913 6260 
1216 4806 2232 2233 4807 6256 2552 6261 6258 6262 
1217 1594 4807 4808 1595 6259 6263 6264 1914 6265 
1218 4807 2233 2234 4808 6261 2553 6266 6263 6267 
1219 1595 4808 4809 1596 6264 6268 6269 1915 6270 
1220 4808 2234 2235 4809 6266 2554 6271 6268 6272 
1221 1596 4809 4810 1597 6269 6273 6274 1916 6275 
1222 4809 2235 2236 4810 6271 2555 6276 6273 6277 
1223 1597 4810 4811 1598 6274 6278 6279 1917 6280 
1224 4810 2236 2237 4811 6276 2556 6281 6278 6282 
1225 1598 4811 4812 1599 6279 6283 6284 1918 6285 
1226 4811 2237 2238 4812 6281 2557 6286 6283 6287 
1227 1599 4812 4813 1600 6284 6288 6289 1919 6290 
1228 4812 2238 2239 4813 6286 2558 6291 6288 6292 
1229 1600 4813 4814 1601 6289 6293 6294 1920 6295 
1230 4813 2239 2240 4814 6291 2559 6296 6293 6297 
1231 1601 4814 4815 1602 6294 6298 6299 1921 6300 
1232 4814 2240 2241 4815 6296 2560 6301 6298 6302 
1233 1602 4815 4816 1603 6299 6303 6304 1922 6305 
1234 4815 2241 2242 4816 6301 2561 6306 6303 6307 
1235 1603 4816 4817 1604 6304 6308 6309 1923 6310 
1236 4816 2242 2243 4817 6306 2562 6311 6308 6312 
1237 1604 4817 4818 1605 6309 6313 6314 1924 6315 
1238 4817 2243 2244 4818 6311 2563 6316 6313 6317 
1239 1605 4818 4819 1606 6314 6318 6319 1925 6320 
1240 4818 2244 2245 4819 6316 2564 6321 6318 6322 
1241 1606 4819 4820 1607 6319 6323 6324 1926 6325 
1242 4819 2245 2246 4820 6321 2565 6326 6323 6327 
1243 1607 4820 4821 1608 6324 6328 6329 1927 6330 
1244 4820 2246 2247 4821 6326 2566 6331 6328 6332 
1245 1608 4821 4822 1609 6329 6333 6334 1928 6335 
1246 4821 2247 2248 4822 6331 2567 6336 6333 6337 
1247 1609 4822 4823 1610 6334 6338 6339 1929 6340 
1248 4822 2248 2249 4823 6336 2568 6341 6338 6342 
1249 1610 4823 4824 1611 6339 6343 6344 1930 6345 
1250 4823 2249 2250 4824 6341 2569 6346 6343 6347 
1251 1611 4824 4825 1612 6344 6348 6349 1931 6350 
1252 4824 2250 2251 4825 6346 2570 6351 6348 6352 
1253 1612 4825 4826 1613 6349 6353 6354 1932 6355 
1254 4825 2251 2252 4826 6351 2571 6356 6353 6357 
1255 1613 4826 4827 1614 6354 6358 6359 1933 6360 
1256 4826 2252 2253 4827 6356 2572 6361 6358 6362 
1257 1614 4827 4828 1615 6359 6363 6364 1934 6365 
1258 4827 2253 2254 4828 6361 2573 6366 6363 6367 
1259 1615 4828 4829 1616 6364 6368 6369 1935 6370 
1260 4828 2254 2255 4829 6366 2574 6371 6368 6372 
1261 1616 4829 4830 1617 6369 6373 6374 1936 6375 
1262 4829 2255 2256 4830 6371 2575 6376 6373 6377 
1263 1617 4830 4831 1618 6374 6378 6379 1937 6380 
1264 4830 2256 2257 4831 6376 2576 6381 6378 6382 
1265 1618 4831 4832 1619 6379 6383 6384 1938 6385 
1266 4831 2257 2258 4832 6381 2577 6386 6383 6387 
1267 1619 4832 4833 1620 6384 6388 6389 1939 6390 
1268 4832 2258 2259 4833 6386 2578 6391 6388 6392 
1269 1620 4833 4834 1621 6389 6393 6394 1940 6395 
1270 4833 2259 2260 4834 6391 2579 6396 6393 6397 
1271 1621 4834 4835 1622 6394 6398 6399 1941 6400 
1272 4834 2260 2261 4835 6396 2580 6401 6398 6402 
1273 1622 4835 4836 1623 6399 6403 6404 1942 6405 
1274 4835 2261 2262 4836 6401 2581 6406 6403 6407 
1275 1623 4836 4837 1624 6404 6408 6409 1943 6410 
1276 4836 2262 2263 4837 6406 2582 6411 6408 6412 
1277 1624 4837 4838 1625 6409 6413 6414 1944 6415 
1278 4837 2263 2264 4838 6411 2583 6416 6413 6417 
1279 1625 4838 4839 1626 6414 6418 6419 1945 6420 
1280 4838 2264 2265 4839 6416 2584 6421 6418 6422 
1281 1626 4839 4840 1627 6419 6423 6424 1946 6425 
1282 4839 2265 2266 4840 6421 2585 6426 6423 6427 
1283 1627 4840 4841 1628 6424 6428 6429 1947 6430 
1284 4840 2266 2267 4841 6426 2586 6431 6428 6432 
1285 1628 4841 4842 1629 6429 6433 6434 1948 6435 
1286 4841 2267 2268 4842 6431 2587 6436 6433 6437 
1287 1629 4842 27 8 6434 6438 28 1949 6439 
1288 4842 2268 7 27 6436 2588 29 6438 6440 
2 5 10 640
1289 2 18 6441 33 19 6760 6761 352 6762 
1290 33 6441 6442 34 6761 6763 6764 353 6765 
1291 34 6442 6443 35 6764 6766 6767 354 6768 
1292 35 6443 6444 36 6767 6769 6770 355 6771 
1293 36 6444 6445 37 6770 6772 6773 356 6774 
1294 37 6445 6446 38 6773 6775 6776 357 6777 
1295 38 6446 6447 39 6776 6778 6779 358 6780 
1296 39 6447 6448 40 6779 6781 6782 359 6783 
1297 40 6448 6449 41 6782 6784 6785 360 6786 
1298 41 6449 6450 42 6785 6787 6788 361 6789 
1299 42 6450 6451 43 6788 6790 6791 362 6792 
1300 43 6451 6452 44 6791 6793 6794 363 6795 
1301 44 6452 6453 45 6794 6796 6797 364 6798 
1302 45 6453 6454 46 6797 6799 6800 365 6801 
1303 46 6454 6455 47 6800 6802 6803 366 6804 
1304 47 6455 6456 48 6803 6805 6806 367 6807 
1305 48 6456 6457 49 6806 6808 6809 368 6810 
1306 49 6457 6458 50 6809 6811 6812 369 6813 
1307 50 6458 6459 51 6812 6814 6815 370 6816 
1308 51 6459 6460 52 6815 6817 6818 371 6819 
1309 52 6460 6461 53 6818 6820 6821 372 6822 
1310 53 6461 6462 54 6821 6823 6824 373 6825 
1311 54 6462 6463 55 6824 6826 6827 374 6828 
1312 55 6463 6464 56 6827 6829 6830 375 6831 
1313 56 6464 6465 57 6830 6832 6833 376 6834 
1314 57 6465 6466 58 6833 6835 6836 377 6837 
1315 58 6466 6467 59 6836 6838 6839 378 6840 
1316 59 6467 6468 60 6839 6841 6842 379 6843 
1317 60 6468 6469 61 6842 6844 6845 380 6846 
1318 61 6469 6470 62 6845 6847 6848 381 6849 
1319 62 6470 6471 63 6848 6850 6851 382 6852 
1320 63 6471 6472 64 6851 6853 6854 383 6855 
1321 64 6472 6473 65 6854 6856 6857 384 6858 
1322 65 6473 6474 66 6857 6859 6860 385 6861 
1323 66 6474 6475 67 6860 6862 6863 386 6864 
1324 67 6475 6476 68 6863 6865 6866 387 6867 
1325 68 6476 6477 69 6866 6868 6869 388 6870 
1326 69 6477 6478 70 6869 6871 6872 389 6873 
1327 70 6478 6479 71 6872 6874 6875 390 6876 
1328 71 6479 6480 72 6875 6877 6878 391 6879 
1329 72 6480 6481 73 6878 6880 6881 392 6882 
1330 73 6481 6482 74 6881 6883 6884 393 6885 
1331 74 6482 6483 75 6884 6886 6887 394 6888 
1332 75 6483 6484 76 6887 6889 6890 395 6891 
1333 76 6484 6485 77 6890 6892 6893 396 6894 
1334 77 6485 6486 78 6893 6895 6896 397 6897 
1335 78 6486 6487 79 6896 6898 6899 398 6900 
1336 79 6487 6488 80 6899 6901 6902 399 6903 
1337 80 6488 6489 81 6902 6904 6905 400 6906 
1338 81 6489 6490 82 6905 6907 6908 401 6909 
1339 82 6490 6491 83 6908 6910 6911 402 6912 
1340 83 6491 6492 84 6911 6913 6914 403 6915 
1341 84 6492 6493 85 6914 6916 6917 404 6918 
1342 85 6493 6494 86 6917 6919 6920 405 6921 
1343 86 6494 6495 87 6920 6922 6923 406 6924 
1344 87 6495 6496 88 6923 6925 6926 407 6927 
1345 88 6496 6497 89 6926 6928 6929 408 6930 
1346 89 6497 6498 90 6929 6931 6932 409 6933 
1347 90 6498 6499 91 6932 6934 6935 410 6936 
1348 91 6499 6500 92 6935 6937 6938 411 6939 
1349 92 6500 6501 93 6938 6940 6941 412 6942 
1350 93 6501 6502 94 6941 6943 6944 413 6945 
1351 94 6502 6503 95 6944 6946 6947 414 6948 
1352 95 6503 6504 96 6947 6949 6950 415 6951 
1353 96 6504 6505 97 6950 6952 6953 416 6954 
1354 97 6505 6506 98 6953 6955 6956 417 6957 
1355 98 6506 6507 99 6956 6958 6959 418 6960 
1356 99 6507 6508 100 6959 6961 6962 419 6963 
1357 100 6508 6509 101 6962 6964 6965 420 6966 
1358 101 6509 6510 102 6965 6967 6968 421 6969 
1359 102 6510 6511 103 6968 6970 6971 422 6972 
1360 103 6511 6512 104 6971 6973 6974 423 6975 
1361 104 6512 6513 105 6974 6976 6977 424 6978 
1362 105 6513 6514 106 6977 6979 6980 425 6981 
1363 106 6514 6515 107 6980 6982 6983 426 6984 
1364 107 6515 6516 108 6983 6985 6986 427 6987 
1365 108 6516 6517 109 6986 6988 6989 428 6990 
1366 109 6517 6518 110 6989 6991 6992 429 6993 
1367 110 6518 6519 111 6992 6994 6995 430 6996 
1368 111 6519 6520 112 6995 6997 6998 431 6999 
1369 112 6520 6521 113 6998 7000 7001 432 7002 
1370 113 6521 6522 114 7001 7003 7004 433 7005 
1371 114 6522 6523 115 7004 7006 7007 434 7008 
1372 115 6523 6524 116 7007 7009 7010 435 7011 
1373 116 6524 6525 117 7010 7012 7013 436 7014 
1374 117 6525 6526 118 7013 7015 7016 437 7017 
1375 118 6526 6527 119 7016 7018 7019 438 7020 
1376 119 6527 6528 120 7019 7021 7022 439 7023 
1377 120 6528 6529 121 7022 7024 7025 440 7026 
1378 121 6529 6530 122 7025 7027 7028 441 7029 
1379 122 6530 6531 123 7028 7030 7031 442 7032 
1380 123 6531 6532 124 7031 7033 7034 443 7035 
1381 124 6532 6533 125 7034 7036 7037 444 7038 
1382 125 6533 6534 126 7037 7039 7040 445 7041 
1383 126 6534 6535 127 7040 7042 7043 446 7044 
1384 127 6535 6536 128 7043 7045 7046 447 7047 
1385 128 6536 6537 129 7046 7048 7049 448 7050 
1386 129 6537 6538 130 7049 7051 7052 449 7053 
1387 130 6538 6539 131 7052 7054 7055 450 7056 
1388 131 6539 6540 132 7055 7057 7058 451 7059 
1389 132 6540 6541 133 7058 7060 7061 452 7062 
1390 133 6541 6542 134 7061 7063 7064 453 7065 
1391 134 6542 6543 135 7064 7066 7067 454 7068 
1392 135 6543 6544 136 7067 7069 7070 455 7071 
1393 136 6544 6545 137 7070 7072 7073 456 7074 
1394 137 6545 6546 138 7073 7075 7076 457 7077 
1395 138 6546 6547 139 7076 7078 7079 458 7080 
1396 139 6547 6548 140 7079 7081 7082 459 7083 
1397 140 6548 6549 141 7082 7084 7085 460 7086 
1398 141 6549 6550 142 7085 7087 7088 461 7089 
1399 142 6550 6551 143 7088 7090 7091 462 7092 
1400 143 6551 6552 144 7091 7093 7094 463 7095 
1401 144 6552 6553 145 7094 7096 7097 464 7098 
1402 145 6553 6554 146 7097 7099 7100 465 7101 
1403 146 6554 6555 147 7100 7102 7103 466 7104 
1404 147 6555 6556 148 7103 7105 7106 467 7107 
1405 148 6556 6557 149 7106 7108 7109 468 7110 
1406 149 6557 6558 150 7109 7111 7112 469 7113 
1407 150 6558 6559 151 7112 7114 7115 470 7116 
1408 151 6559 6560 152 7115 7117 7118 471 7119 
1409 152 6560 6561 153 7118 7120 7121 472 7122 
1410 153 6561 6562 154 7121 7123 7124 473 7125 
1411 154 6562 6563 155 7124 7126 7127 474 7128 
1412 155 6563 6564 156 7127 7129 7130 475 7131 
1413 156 6564 6565 157 7130 7132 7133 476 7134 
1414 157 6565 6566 158 7133 7135 7136 477 7137 
1415 158 6566 6567 159 7136 7138 7139 478 7140 
1416 159 6567 6568 160 7139 7141 7142 479 7143 
1417 160 6568 6569 161 7142 7144 7145 480 7146 
1418 161 6569 6570 162 7145 7147 7148 481 7149 
1419 162 6570 6571 163 7148 7150 7151 482 7152 
1420 163 6571 6572 164 7151 7153 7154 483 7155 
1421 164 6572 6573 165 7154 7156 7157 484 7158 
1422 165 6573 6574 166 7157 7159 7160 485 7161 
1423 166 6574 6575 167 7160 7162 7163 486 7164 
1424 167 6575 6576 168 7163 7165 7166 487 7167 
1425 168 6576 6577 169 7166 7168 7169 488 7170 
1426 169 6577 6578 170 7169 7171 7172 489 7173 
1427 170 6578 6579 171 7172 7174 7175 490 7176 
1428 171 6579 6580 172 7175 7177 7178 491 7179 
1429 172 6580 6581 173 7178 7180 7181 492 7182 
1430 173 6581 6582 174 7181 7183 7184 493 7185 
1431 174 6582 6583 175 7184 7186 7187 494 7188 
1432 175 6583 6584 176 7187 7189 7190 495 7191 
1433 176 6584 6585 177 7190 7192 7193 496 7194 
1434 177 6585 6586 178 7193 7195 7196 497 7197 
1435 178 6586 6587 179 7196 7198 7199 498 7200 
1436 179 6587 6588 180 7199 7201 7202 499 7203 
1437 180 6588 6589 181 7202 7204 7205 500 7206 
1438 181 6589 6590 182 7205 7207 7208 501 7209 
1439 182 6590 6591 183 7208 7210 7211 502 7212 
1440 183 6591 6592 184 7211 7213 7214 503 7215 
1441 184 6592 6593 185 7214 7216 7217 504 7218 
1442 185 6593 6594 186 7217 7219 7220 505 7221 
1443 186 6594 6595 187 7220 7222 7223 506 7224 
1444 187 6595 6596 188 7223 7225 7226 507 7227 
1445 188 6596 6597 189 7226 7228 7229 508 7230 
1446 189 6597 6598 190 7229 7231 7232 509 7233 
1447 190 6598 6599 191 7232 7234 7235 510 7236 
1448 191 6599 6600 192 7235 7237 7238 511 7239 
1449 192 6600 6601 193 7238 7240 7241 512 7242 
1450 193 6601 6602 194 7241 7243 7244 513 7245 
1451 194 6602 6603 195 7244 7246 7247 514 7248 
1452 195 6603 6604 196 7247 7249 7250 515 7251 
1453 196 6604 6605 197 7250 7252 7253 516 7254 
1454 197 6605 6606 198 7253 7255 7256 517 7257 
1455 198 6606 6607 199 7256 7258 7259 518 7260 
1456 199 6607 6608 200 7259 7261 7262 519 7263 
1457 200 6608 6609 201 7262 7264 7265 520 7266 
1458 201 6609 6610 202 7265 7267 7268 521 7269 
1459 202 6610 6611 203 7268 7270 7271 522 7272 
1460 203 6611 6612 204 7271 7273 7274 523 7275 
1461 204 6612 6613 205 7274 7276 7277 524 7278 
1462 205 6613 6614 206 7277 7279 7280 525 7281 
1463 206 6614 6615 207 7280 7282 7283 526 7284 
1464 207 6615 6616 208 7283 7285 7286 527 7287 
1465 208 6616 6617 209 7286 7288 7289 528 7290 
1466 209 6617 6618 210 7289 7291 7292 529 7293 
1467 210 6618 6619 211 7292 7294 7295 530 7296 
1468 211 6619 6620 212 7295 7297 7298 531 7299 
1469 212 6620 6621 213 7298 7300 7301 532 7302 
1470 213 6621 6622 214 7301 7303 7304 533 7305 
1471 214 6622 6623 215 7304 7306 7307 534 7308 
1472 215 6623 6624 216 7307 7309 7310 535 7311 
1473 216 6624 6625 217 7310 7312 7313 536 7314 
1474 217 6625 6626 218 7313 7315 7316 537 7317 
1475 218 6626 6627 219 7316 7318 7319 538 7320 
1476 219 6627 6628 220 7319 7321 7322 539 7323 
1477 220 6628 6629 221 7322 7324 7325 540 7326 
1478 221 6629 6630 222 7325 7327 7328 541 7329 
1479 222 6630 6631 223 7328 7330 7331 542 7332 
1480 223 6631 6632 224 7331 7333 7334 543 7335 
1481 224 6632 6633 225 7334 7336 7337 544 7338 
1482 225 6633 6634 226 7337 7339 7340 545 7341 
1483 226 6634 6635 227 7340 7342 7343 546 7344 
1484 227 6635 6636 228 7343 7345 7346 547 7347 
1485 228 6636 6637 229 7346 7348 7349 548 7350 
1486 229 6637 6638 230 7349 7351 7352 549 7353 
1487 230 6638 6639 231 7352 7354 7355 550 7356 
1488 231 6639 6640 232 7355 7357 7358 551 7359 
1489 232 6640 6641 233 7358 7360 7361 552 7362 
1490 233 6641 6642 234 7361 7363 7364 553 7365 
1491 234 6642 6643 235 7364 7366 7367 554 7368 
1492 235 6643 6644 236 7367 7369 7370 555 7371 
1493 236 6644 6645 237 7370 7372 7373 556 7374 
1494 237 6645 6646 238 7373 7375 7376 557 7377 
1495 238 6646 6647 239 7376 7378 7379 558 7380 
1496 239 6647 6648 240 7379 7381 7382 559 7383 
1497 240 6648 6649 241 7382 7384 7385 560 7386 
1498 241 6649 6650 242 7385 7387 7388 561 7389 
1499 242 6650 6651 243 7388 7390 7391 562 7392 
1500 243 6651 6652 244 7391 7393 7394 563 7395 
1501 244 6652 6653 245 7394 7396 7397 564 7398 
1502 245 6653 6654 246 7397 7399 7400 565 7401 
1503 246 6654 6655 247 7400 7402 7403 566 7404 
1504 247 6655 6656 248 7403 7405 7406 567 7407 
1505 248 6656 6657 249 7406 7408 7409 568 7410 
1506 249 6657 6658 250 7409 7411 7412 569 7413 
1507 250 6658 6659 251 7412 7414 7415 570 7416 
1508 251 6659 6660 252 7415 7417 7418 571 7419 
1509 252 6660 6661 253 7418 7420 7421 572 7422 
1510 253 6661 6662 254 7421 7423 7424 573 7425 
1511 254 6662 6663 255 7424 7426 7427 574 7428 
1512 255 6663 6664 256 7427 7429 7430 575 7431 
1513 256 6664 6665 257 7430 7432 7433 576 7434 
1514 257 6665 6666 258 7433 7435 7436 577 7437 
1515 258 6666 6667 259 7436 7438 7439 578 7440 
1516 259 6667 6668 260 7439 7441 7442 579 7443 
1517 260 6668 6669 261 7442 7444 7445 580 7446 
1518 261 6669 6670 262 7445 7447 7448 581 7449 
1519 262 6670 6671 263 7448 7450 7451 582 7452 
1520 263 6671 6672 264 7451 7453 7454 583 7455 
1521 264 6672 6673 265 7454 7456 7457 584 7458 
1522 265 6673 6674 266 7457 7459 7460 585 7461 
1523 266 6674 6675 267 7460 7462 7463 586 7464 
1524 267 6675 6676 268 7463 7465 7466 587 7467 
1525 268 6676 6677 269 7466 7468 7469 588 7470 
1526 269 6677 6678 270 7469 7471 7472 589 7473 
1527 270 6678 6679 271 7472 7474 7475 590 7476 
1528 271 6679 6680 272 7475 7477 7478 591 7479 
1529 272 6680 6681 273 7478 7480 7481 592 7482 
1530 273 6681 6682 274 7481 7483 7484 593 7485 
1531 274 6682 6683 275 7484 7486 7487 594 7488 
1532 275 6683 6684 276 7487 7489 7490 595 7491 
1533 276 6684 6685 277 7490 7492 7493 596 7494 
1534 277 6685 6686 278 7493 7495 7496 597 7497 
1535 278 6686 6687 279 7496 7498 7499 598 7500 
1536 279 6687 6688 280 7499 7501 7502 599 7503 
1537 280 6688 6689 281 7502 7504 7505 600 7506 
1538 281 6689 6690 282 7505 7507 7508 601 7509 
1539 282 6690 6691 283 7508 7510 7511 602 7512 
1540 283 6691 6692 284 7511 7513 7514 603 7515 
1541 284 6692 6693 285 7514 7516 7517 604 7518 
1542 285 6693 6694 286 7517 7519 7520 605 7521 
1543 286 6694 6695 287 7520 7522 7523 606 7524 
1544 287 6695 6696 288 7523 7525 7526 607 7527 
1545 288 6696 6697 289 7526 7528 7529 608 7530 
1546 289 6697 6698 290 7529 7531 7532 609 7533 
1547 290 6698 6699 291 7532 7534 7535 610 7536 
1548 291 6699 6700 292 7535 7537 7538 611 7539 
1549 292 6700 6701 293 7538 7540 7541 612 7542 
1550 293 6701 6702 294 7541 7543 7544 613 7545 
1551 294 6702 6703 295 7544 7546 7547 614 7548 
1552 295 6703 6704 296 7547 7549 7550 615 7551 
1553 296 6704 6705 297 7550 7552 7553 616 7554 
1554 297 6705 6706 298 7553 7555 7556 617 7557 
1555 298 6706 6707 299 7556 7558 7559 618 7560 
1556 299 6707 6708 300 7559 7561 7562 619 7563 
1557 300 6708 6709 301 7562 7564 7565 620 7566 
1558 301 6709 6710 302 7565 7567 7568 621 7569 
1559 302 6710 6711 303 7568 7570 7571 622 7572 
1560 303 6711 6712 304 7571 7573 7574 623 7575 
1561 304 6712 6713 305 7574 7576 7577 624 7578 
1562 305 6713 6714 306 7577 7579 7580 625 7581 
1563 306 6714 6715 307 7580 7582 7583 626 7584 
1564 307 6715 6716 308 7583 7585 7586 627 7587 
1565 308 6716 6717 309 7586 7588 7589 628 7590 
1566 309 6717 6718 310 7589 7591 7592 629 7593 
1567 310 6718 6719 311 7592 7594 7595 630 7596 
1568 311 6719 6720 312 7595 7597 7598 631 7599 
1569 312 6720 6721 313 7598 7600 7601 632 7602 
1570 313 6721 6722 314 7601 7603 7604 633 7605 
1571 314 6722 6723 315 7604 7606 7607 634 7608 
1572 315 6723 6724 316 7607 7609 7610 635 7611 
1573 316 6724 6725 317 7610 7612 7613 636 7614 
1574 317 6725 6726 318 7613 7615 7616 637 7617 
1575 318 6726 6727 319 7616 7618 7619 638 7620 
1576 319 6727 6728 320 7619 7621 7622 639 7623 
1577 320 6728 6729 321 7622 7624 7625 640 7626 
1578 321 6729 6730 322 7625 7627 7628 641 7629 
1579 322 6730 6731 323 7628 7630 7631 642 7632 
1580 323 6731 6732 324 7631 7633 7634 643 7635 
1581 324 6732 6733 325 7634 7636 7637 644 7638 
1582 325 6733 6734 326 7637 7639 7640 645 7641 
1583 326 6734 6735 327 7640 7642 7643 646 7644 
1584 327 6735 6736 328 7643 7645 7646 647 7647 
1585 328 6736 6737 329 7646 7648 7649 648 7650 
1586 329 6737 6738 330 7649 7651 7652 649 7653 
1587 330 6738 6739 331 7652 7654 7655 650 7656 
1588 331 6739 6740 332 7655 7657 7658 651 7659 
1589 332 6740 6741 333 7658 7660 7661 652 7662 
1590 333 6741 6742 334 7661 7663 7664 653 7665 
1591 334 6742 6743 335 7664 7666 7667 654 7668 
1592 335 6743 6744 336 7667 7669 7670 655 7671 
1593 336 6744 6745 337 7670 7672 7673 656 7674 
1594 337 6745 6746 338 7673 7675 7676 657 7677 
1595 338 6746 6747 339 7676 7678 7679 658 7680 
1596 339 6747 6748 340 7679 7681 7682 659 7683 
1597 340 6748 6749 341 7682 7684 7685 660 7686 
1598 341 6749 6750 342 7685 7687 7688 661 7689 
1599 342 6750 6751 343 7688 7690 7691 662 7692 
1600 343 6751 6752 344 7691 7693 7694 663 7695 
1601 344 6752 6753 345 7694 7696 7697 664 7698 
1602 345 6753 6754 346 7697 7699 7700 665 7701 
1603 346 6754 6755 347 7700 7702 7703 666 7704 
1604 347 6755 6756 348 7703 7705 7706 667 7707 
1605 348 6756 6757 349 7706 7708 7709 668 7710 
1606 349 6757 6758 350 7709 7711 7712 669 7713 
1607 350 6758 6759 351 7712 7714 7715 670 7716 
1608 351 6759 30 6 7715 7717 31 671 7718 
1609 18 4 1311 6441 20 1630 7719 6760 7720 
1610 6441 1311 1312 6442 7719 1631 7721 6763 7722 
1611 6442 1312 1313 6443 7721 1632 7723 6766 7724 
1612 6443 1313 1314 6444 7723 1633 7725 6769 7726 
1613 6444 1314 1315 6445 7725 1634 7727 6772 7728 
1614 6445 1315 1316 6446 7727 1635 7729 6775 7730 
1615 6446 1316 1317 6447 7729 1636 7731 6778 7732 
1616 6447 1317 1318 6448 7731 1637 7733 6781 7734 
1617 6448 1318 1319 6449 7733 1638 7735 6784 7736 
1618 6449 1319 1320 6450 7735 1639 7737 6787 7738 
1619 6450 1320 1321 6451 7737 1640 7739 6790 7740 
1620 6451 1321 1322 6452 7739 1641 7741 6793 7742 
1621 6452 1322 1323 6453 7741 1642 7743 6796 7744 
1622 6453 1323 1324 6454 7743 1643 7745 6799 7746 
1623 6454 1324 1325 6455 7745 1644 7747 6802 7748 
1624 6455 1325 1326 6456 7747 1645 7749 6805 7750 
1625 6456 1326 1327 6457 7749 1646 7751 6808 7752 
1626 6457 1327 1328 6458 7751 1647 7753 6811 7754 
1627 6458 1328 1329 6459 7753 1648 7755 6814 7756 
1628 6459 1329 1330 6460 7755 1649 7757 6817 7758 
1629 6460 1330 1331 6461 7757 1650 7759 6820 7760 
1630 6461 1331 1332 6462 7759 1651 7761 6823 7762 
1631 6462 1332 1333 6463 7761 1652 7763 6826 7764 
1632 6463 1333 1334 6464 7763 1653 7765 6829 7766 
1633 6464 1334 1335 6465 7765 1654 7767 6832 7768 
1634 6465 1335 1336 6466 7767 1655 7769 6835 7770 
1635 6466 1336 1337 6467 7769 1656 7771 6838 7772 
1636 6467 1337 1338 6468 7771 1657 7773 6841 7774 
1637 6468 1338 1339 6469 7773 1658 7775 6844 7776 
1638 6469 1339 1340 6470 7775 1659 7777 6847 7778 
1639 6470 1340 1341 6471 7777 1660 7779 6850 7780 
1640 6471 1341 1342 6472 7779 1661 7781 6853 7782 
1641 6472 1342 1343 6473 7781 1662 7783 6856 7784 
1642 6473 1343 1344 6474 7783 1663 7785 6859 7786 
1643 6474 1344 1345 6475 7785 1664 7787 6862 7788 
1644 6475 1345 1346 6476 7787 1665 7789 6865 7790 
1645 6476 1346 1347 6477 7789 1666 7791 6868 7792 
1646 6477 1347 1348 6478 7791 1667 7793 6871 7794 
1647 6478 1348 1349 6479 7793 1668 7795 6874 7796 
1648 6479 1349 1350 6480 7795 1669 7797 6877 7798 
1649 6480 1350 1351 6481 7797 1670 7799 6880 7800 
1650 6481 1351 1352 6482 7799 1671 7801 6883 7802 
1651 6482 1352 1353 6483 7801 1672 7803 6886 7804 
1652 6483 1353 1354 6484 7803 1673 7805 6889 7806 
1653 6484 1354 1355 6485 7805 1674 7807 6892 7808 
1654 6485 1355 1356 6486 7807 1675 7809 6895 7810 
1655 6486 1356 1357 6487 7809 1676 7811 6898 7812 
1656 6487 1357 1358 6488 7811 1677 7813 6901 7814 
1657 6488 1358 1359 6489 7813 1678 7815 6904 7816 
1658 6489 1359 1360 6490 7815 1679 7817 6907 7818 
1659 6490 1360 1361 6491 7817 1680 7819 6910 7820 
1660 6491 1361 1362 6492 7819 1681 7821 6913 7822 
1661 6492 1362 1363 6493 7821 1682 7823 6916 7824 
1662 6493 1363 1364 6494 7823 1683 7825 6919 7826 
1663 6494 1364 1365 6495 7825 1684 7827 6922 7828 
1664 6495 1365 1366 6496 7827 1685 7829 6925 7830 
1665 6496 1366 1367 6497 7829 1686 7831 6928 7832 
1666 6497 1367 1368 6498 7831 1687 7833 6931 7834 
1667 6498 1368 1369 6499 7833 1688 7835 6934 7836 
1668 6499 1369 1370 6500 7835 1689 7837 6937 7838 
1669 6500 1370 1371 6501 7837 1690 7839 6940 7840 
1670 6501 1371 1372 6502 7839 1691 7841 6943 7842 
1671 6502 1372 1373 6503 7841 1692 7843 6946 7844 
1672 6503 1373 1374 6504 7843 1693 7845 6949 7846 
1673 6504 1374 1375 6505 7845 1694 7847 6952 7848 
1674 6505 1375 1376 6506 7847 1695 7849 6955 7850 
1675 6506 1376 1377 6507 7849 1696 7851 6958 7852 
1676 6507 1377 1378 6508 7851 1697 7853 6961 7854 
1677 6508 1378 1379 6509 7853 1698 7855 6964 7856 
1678 6509 1379 1380 6510 7855 1699 7857 6967 7858 
1679 6510 1380 1381 6511 7857 1700 7859 6970 7860 
1680 6511 1381 1382 6512 7859 1701 7861 6973 7862 
1681 6512 1382 1383 6513 7861 1702 7863 6976 7864 
1682 6513 1383 1384 6514 7863 1703 7865 6979 7866 
1683 6514 1384 1385 6515 7865 1704 7867 6982 7868 
1684 6515 1385 1386 6516 7867 1705 7869 6985 7870 
1685 6516 1386 1387 6517 7869 1706 7871 6988 7872 
1686 6517 1387 1388 6518 7871 1707 7873 6991 7874 
1687 6518 1388 1389 6519 7873 1708 7875 6994 7876 
1688 6519 1389 1390 6520 7875 1709 7877 6997 7878 
1689 6520 1390 1391 6521 7877 1710 7879 7000 7880 
1690 6521 1391 1392 6522 7879 1711 7881 7003 7882 
1691 6522 1392 1393 6523 7881 1712 7883 7006 7884 
1692 6523 1393 1394 6524 7883 1713 7885 7009 7886 
1693 6524 1394 1395 6525 7885 1714 7887 7012 7888 
1694 6525 1395 1396 6526 7887 1715 7889 7015 7890 
1695 6526 1396 1397 6527 7889 1716 7891 7018 7892 
1696 6527 1397 1398 6528 7891 1717 7893 7021 7894 
1697 6528 1398 1399 6529 7893 1718 7895 7024 7896 
1698 6529 1399 1400 6530 7895 1719 7897 7027 7898 
1699 6530 1400 1401 6531 7897 1720 7899 7030 7900 
1700 6531 1401 1402 6532 7899 1721 7901 7033 7902 
1701 6532 1402 1403 6533 7901 1722 7903 7036 7904 
1702 6533 1403 1404 6534 7903 1723 7905 7039 7906 
1703 6534 1404 1405 6535 7905 1724 7907 7042 7908 
1704 6535 1405 1406 6536 7907 1725 7909 7045 7910 
1705 6536 1406 1407 6537 7909 1726 7911 7048 7912 
1706 6537 1407 1408 6538 7911 1727 7913 7051 7914 
1707 6538 1408 1409 6539 7913 1728 7915 7054 7916 
1708 6539 1409 1410 6540 7915 1729 7917 7057 7918 
1709 6540 1410 1411 6541 7917 1730 7919 7060 7920 
1710 6541 1411 1412 6542 7919 1731 7921 7063 7922 
1711 6542 1412 1413 6543 7921 1732 7923 7066 7924 
1712 6543 1413 1414 6544 7923 1733 7925 7069 7926 
1713 6544 1414 1415 6545 7925 1734 7927 7072 7928 
1714 6545 1415 1416 6546 7927 1735 7929 7075 7930 
1715 6546 1416 1417 6547 7929 1736 7931 7078 7932 
1716 6547 1417 1418 6548 7931 1737 7933 7081 7934 
1717 6548 1418 1419 6549 7933 1738 7935 7084 7936 
1718 6549 1419 1420 6550 7935 1739 7937 7087 7938 
1719 6550 1420 1421 6551 7937 1740 7939 7090 7940 
1720 6551 1421 1422 6552 7939 1741 7941 7093 7942 
1721 6552 1422 1423 6553 7941 1742 7943 7096 7944 
1722 6553 1423 1424 6554 7943 1743 7945 7099 7946 
1723 6554 1424 1425 6555 7945 1744 7947 7102 7948 
1724 6555 1425 1426 6556 7947 1745 7949 7105 7950 
1725 6556 1426 1427 6557 7949 1746 7951 7108 7952 
1726 6557 1427 1428 6558 7951 1747 7953 7111 7954 
1727 6558 1428 1429 6559 7953 1748 7955 7114 7956 
1728 6559 1429 1430 6560 7955 1749 7957 7117 7958 
1729 6560 1430 1431 6561 7957 1750 7959 7120 7960 
1730 6561 1431 1432 6562 7959 1751 7961 7123 7962 
1731 6562 1432 1433 6563 7961 1752 7963 7126 7964 
1732 6563 1433 1434 6564 7963 1753 7965 7129 7966 
1733 6564 1434 1435 6565 7965 1754 7967 7132 7968 
1734 6565 1435 1436 6566 7967 1755 7969 7135 7970 
1735 6566 1436 1437 6567 7969 1756 7971 7138 7972 
1736 6567 1437 1438 6568 7971 1757 7973 7141 7974 
1737 6568 1438 1439 6569 7973 1758 7975 7144 7976 
1738 6569 1439 1440 6570 7975 1759 7977 7147 7978 
1739 6570 1440 1441 6571 7977 1760 7979 7150 7980 
1740 6571 1441 1442 6572 7979 1761 7981 7153 7982 
1741 6572 1442 1443 6573 7981 1762 7983 7156 7984 
1742 6573 1443 1444 6574 7983 1763 7985 7159 7986 
1743 6574 1444 1445 6575 7985 1764 7987 7162 7988 
1744 6575 1445 1446 6576 7987 1765 7989 7165 7990 
1745 6576 1446 1447 6577 7989 1766 7991 7168 7992 
1746 6577 1447 1448 6578 7991 1767 7993 7171 7994 
1747 6578 1448 1449 6579 7993 1768 7995 7174 7996 
1748 6579 1449 1450 6580 7995 1769 7997 7177 7998 
1749 6580 1450 1451 6581 7997 1770 7999 7180 8000 
1750 6581 1451 1452 6582 7999 1771 8001 7183 8002 
1751 6582 1452 1453 6583 8001 1772 8003 7186 8004 
1752 6583 1453 1454 6584 8003 1773 8005 7189 8006 
1753 6584 1454 1455 6585 8005 1774 8007 7192 8008 
1754 6585 1455 1456 6586 8007 1775 8009 7195 8010 
1755 6586 1456 1457 6587 8009 1776 8011 7198 8012 
1756 6587 1457 1458 6588 8011 1777 8013 7201 8014 
1757 6588 1458 1459 6589 8013 1778 8015 7204 8016 
1758 6589 1459 1460 6590 8015 1779 8017 7207 8018 
1759 6590 1460 1461 6591 8017 1780 8019 7210 8020 
1760 6591 1461 1462 6592 8019 1781 8021 7213 8022 
1761 6592 1462 1463 6593 8021 1782 8023 7216 8024 
1762 6593 1463 1464 6594 8023 1783 8025 7219 8026 
1763 6594 1464 1465 6595 8025 1784 8027 7222 8028 
1764 6595 1465 1466 6596 8027 1785 8029 7225 8030 
1765 6596 1466 1467 6597 8029 1786 8031 7228 8032 
1766 6597 1467 1468 6598 8031 1787 8033 7231 8034 
1767 6598 1468 1469 6599 8033 1788 8035 7234 8036 
1768 6599 1469 1470 6600 8035 1789 8037 7237 8038 
1769 6600 1470 1471 6601 8037 1790 8039 7240 8040 
1770 6601 1471 1472 6602 8039 1791 8041 7243 8042 
1771 6602 1472 1473 6603 8041 1792 8043 7246 8044 
1772 6603 1473 1474 6604 8043 1793 8045 7249 8046 
1773 6604 1474 1475 6605 8045 1794 8047 7252 8048 
1774 6605 1475 1476 6606 8047 1795 8049 7255 8050 
1775 6606 1476 1477 6607 8049 1796 8051 7258 8052 
1776 6607 1477 1478 6608 8051 1797 8053 7261 8054 
1777 6608 1478 1479 6609 8053 1798 8055 7264 8056 
1778 6609 1479 1480 6610 8055 1799 8057 7267 8058 
1779 6610 1480 1481 6611 8057 1800 8059 7270 8060 
1780 6611 1481 1482 6612 8059 1801 8061 7273 8062 
1781 6612 1482 1483 6613 8061 1802 8063 7276 8064 
1782 6613 1483 1484 6614 8063 1803 8065 7279 8066 
1783 6614 1484 1485 6615 8065 1804 8067 7282 8068 
1784 6615 1485 1486 6616 8067 1805 8069 7285 8070 
1785 6616 1486 1487 6617 8069 1806 8071 7288 8072 
1786 6617 1487 1488 6618 8071 1807 8073 7291 8074 
1787 6618 1488 1489 6619 8073 1808 8075 7294 8076 
1788 6619 1489 1490 6620 8075 1809 8077 7297 8078 
1789 6620 1490 1491 6621 8077 1810 8079 7300 8080 
1790 6621 1491 1492 6622 8079 1811 8081 7303 8082 
1791 6622 1492 1493 6623 8081 1812 8083 7306 8084 
1792 6623 1493 1494 6624 8083 1813 8085 7309 8086 
1793 6624 1494 1495 6625 8085 1814 8087 7312 8088 
1794 6625 1495 1496 6626 8087 1815 8089 7315 8090 
1795 6626 1496 1497 6627 8089 1816 8091 7318 8092 
1796 6627 1497 1498 6628 8091 1817 8093 7321 8094 
1797 6628 1498 1499 6629 8093 1818 8095 7324 8096 
1798 6629 1499 1500 6630 8095 1819 8097 7327 8098 
1799 6630 1500 1501 6631 8097 1820 8099 7330 8100 
1800 6631 1501 1502 6632 8099 1821 8101 7333 8102 
1801 6632 1502 1503 6633 8101 1822 8103 7336 8104 
1802 6633 1503 1504 6634 8103 1823 8105 7339 8106 
1803 6634 1504 1505 6635 8105 1824 8107 7342 8108 
1804 6635 1505 1506 6636 8107 1825 8109 7345 8110 
1805 6636 1506 1507 6637 8109 1826 8111 7348 8112 
1806 6637 1507 1508 6638 8111 1827 8113 7351 8114 
1807 6638 1508 1509 6639 8113 1828 8115 7354 8116 
1808 6639 1509 1510 6640 8115 1829 8117 7357 8118 
1809 6640 1510 1511 6641 8117 1830 8119 7360 8120 
1810 6641 1511 1512 6642 8119 1831 8121 7363 8122 
1811 6642 1512 1513 6643 8121 1832 8123 7366 8124 
1812 6643 1513 1514 6644 8123 1833 8125 7369 8126 
1813 6644 1514 1515 6645 8125 1834 8127 7372 8128 
1814 6645 1515 1516 6646 8127 1835 8129 7375 8130 
1815 6646 1516 1517 6647 8129 1836 8131 7378 8132 
1816 6647 1517 1518 6648 8131 1837 8133 7381 8134 
1817 6648 1518 1519 6649 8133 1838 8135 7384 8136 
1818 6649 1519 1520 6650 8135 1839 8137 7387 8138 
1819 6650 1520 1521 6651 8137 1840 8139 7390 8140 
1820 6651 1521 1522 6652 8139 1841 8141 7393 8142 
1821 6652 1522 1523 6653 8141 1842 8143 7396 8144 
1822 6653 1523 1524 6654 8143 1843 8145 7399 8146 
1823 6654 1524 1525 6655 8145 1844 8147 7402 8148 
1824 6655 1525 1526 6656 8147 1845 8149 7405 8150 
1825 6656 1526 1527 6657 8149 1846 8151 7408 8152 
1826 6657 1527 1528 6658 8151 1847 8153 7411 8154 
1827 6658 1528 1529 6659 8153 1848 8155 7414 8156 
1828 6659 1529 1530 6660 8155 1849 8157 7417 8158 
1829 6660 1530 1531 6661 8157 1850 8159 7420 8160 
1830 6661 1531 1532 6662 8159 1851 8161 7423 8162 
1831 6662 1532 1533 6663 8161 1852 8163 7426 8164 
1832 6663 1533 1534 6664 8163 1853 8165 7429 8166 
1833 6664 1534 1535 6665 8165 1854 8167 7432 8168 
1834 6665 1535 1536 6666 8167 1855 8169 7435 8170 
1835 6666 1536 1537 6667 8169 1856 8171 7438 8172 
1836 6667 1537 1538 6668 8171 1857 8173 7441 8174 
1837 6668 1538 1539 6669 8173 1858 8175 7444 8176 
1838 6669 1539 1540 6670 8175 1859 8177 7447 8178 
1839 6670 1540 1541 6671 8177 1860 8179 7450 8180 
1840 6671 1541 1542 6672 8179 1861 8181 7453 8182 
1841 6672 1542 1543 6673 8181 1862 8183 7456 8184 
1842 6673 1543 1544 6674 8183 1863 8185 7459 8186 
1843 6674 1544 1545 6675 8185 1864 8187 7462 8188 
1844 6675 1545 1546 6676 8187 1865 8189 7465 8190 
1845 6676 1546 1547 6677 8189 1866 8191 7468 8192 
1846 6677 1547 1548 6678 8191 1867 8193 7471 8194 
1847 6678 1548 1549 6679 8193 1868 8195 7474 8196 
1848 6679 1549 1550 6680 8195 1869 8197 7477 8198 
1849 6680 1550 1551 6681 8197 1870 8199 7480 8200 
1850 6681 1551 1552 6682 8199 1871 8201 7483 8202 
1851 6682 1552 1553 6683 8201 1872 8203 7486 8204 
1852 6683 1553 1554 6684 8203 1873 8205 7489 8206 
1853 6684 1554 1555 6685 8205 1874 8207 7492 8208 
1854 6685 1555 1556 6686 8207 1875 8209 7495 8210 
1855 6686 1556 1557 6687 8209 1876 8211 7498 8212 
1856 6687 1557 1558 6688 8211 1877 8213 7501 8214 
1857 6688 1558 1559 6689 8213 1878 8215 7504 8216 
1858 6689 1559 1560 6690 8215 1879 8217 7507 8218 
1859 6690 1560 1561 6691 8217 1880 8219 7510 8220 
1860 6691 1561 1562 6692 8219 1881 8221 7513 8222 
1861 6692 1562 1563 6693 8221 1882 8223 7516 8224 
1862 6693 1563 1564 6694 8223 1883 8225 7519 8226 
1863 6694 1564 1565 6695 8225 1884 8227 7522 8228 
1864 6695 1565 1566 6696 8227 1885 8229 7525 8230 
1865 6696 1566 1567 6697 8229 1886 8231 7528 8232 
1866 6697 1567 1568 6698 8231 1887 8233 7531 8234 
1867 6698 1568 1569 6699 8233 1888 8235 7534 8236 
1868 6699 1569 1570 6700 8235 1889 8237 7537 8238 
1869 6700 1570 1571 6701 8237 1890 8239 7540 8240 
1870 6701 1571 1572 6702 8239 1891 8241 7543 8242 
1871 6702 1572 1573 6703 8241 1892 8243 7546 8244 
1872 6703 1573 1574 6704 8243 1893 8245 7549 8246 
1873 6704 1574 1575 6705 8245 1894 8247 7552 8248 
1874 6705 1575 1576 6706 8247 1895 8249 7555 8250 
1875 6706 1576 1577 6707 8249 1896 8251 7558 8252 
1876 6707 1577 1578 6708 8251 1897 8253 7561 8254 
1877 6708 1578 1579 6709 8253 1898 8255 7564 8256 
1878 6709 1579 1580 6710 8255 1899 8257 7567 8258 
1879 6710 1580 1581 6711 8257 1900 8259 7570 8260 
1880 6711 1581 1582 6712 8259 1901 8261 7573 8262 
1881 6712 1582 1583 6713 8261 1902 8263 7576 8264 
1882 6713 1583 1584 6714 8263 1903 8265 7579 8266 
1883 6714 1584 1585 6715 8265 1904 8267 7582 8268 
1884 6715 1585 1586 6716 8267 1905 8269 7585 8270 
1885 6716 1586 1587 6717 8269 1906 8271 7588 8272 
1886 6717 1587 1588 6718 8271 1907 8273 7591 8274 
1887 6718 1588 1589 6719 8273 1908 8275 7594 8276 
1888 6719 1589 1590 6720 8275 1909 8277 7597 8278 
1889 6720 1590 1591 6721 8277 1910 8279 7600 8280 
1890 6721 1591 1592 6722 8279 1911 8281 7603 8282 
1891 6722 1592 1593 6723 8281 1912 8283 7606 8284 
1892 6723 1593 1594 6724 8283 1913 8285 7609 8286 
1893 6724 1594 1595 6725 8285 1914 8287 7612 8288 
1894 6725 1595 1596 6726 8287 1915 8289 7615 8290 
1895 6726 1596 1597 6727 8289 1916 8291 7618 8292 
1896 6727 1597 1598 6728 8291 1917 8293 7621 8294 
1897 6728 1598 1599 6729 8293 1918 8295 7624 8296 
1898 6729 1599 1600 6730 8295 1919 8297 7627 8298 
1899 6730 1600 1601 6731 8297 1920 8299 7630 8300 
1900 6731 1601 1602 6732 8299 1921 8301 7633 8302 
1901 6732 1602 1603 6733 8301 1922 8303 7636 8304 
1902 6733 1603 1604 6734 8303 1923 8305 7639 8306 
1903 6734 1604 1605 6735 8305 1924 8307 7642 8308 
1904 6735 1605 1606 6736 8307 1925 8309 7645 8310 
1905 6736 1606 1607 6737 8309 1926 8311 7648 8312 
1906 6737 1607 1608 6738 8311 1927 8313 7651 8314 
1907 6738 1608 1609 6739 8313 1928 8315 7654 8316 
1908 6739 1609 1610 6740 8315 1929 8317 7657 8318 
1909 6740 1610 1611 6741 8317 1930 8319 7660 8320 
1910 6741 1611 1612 6742 8319 1931 8321 7663 8322 
1911 6742 1612 1613 6743 8321 1932 8323 7666 8324 
1912 6743 1613 1614 6744 8323 1933 8325 7669 8326 
1913 6744 1614 1615 6745 8325 1934 8327 7672 8328 
1914 6745 1615 1616 6746 8327 1935 8329 7675 8330 
1915 6746 1616 1617 6747 8329 1936 8331 7678 8332 
1916 6747 1617 1618 6748 8331 1937 8333 7681 8334 
1917 6748 1618 1619 6749 8333 1938 8335 7684 8336 
1918 6749 1619 1620 6750 8335 1939 8337 7687 8338 
1919 6750 1620 1621 6751 8337 1940 8339 7690 8340 
1920 6751 1621 1622 6752 8339 1941 8341 7693 8342 
1921 6752 1622 1623 6753 8341 1942 8343 7696 8344 
1922 6753 1623 1624 6754 8343 1943 8345 7699 8346 
1923 6754 1624 1625 6755 8345 1944 8347 7702 8348 
1924 6755 1625 1626 6756 8347 1945 8349 7705 8350 
1925 6756 1626 1627 6757 8349 1946 8351 7708 8352 
1926 6757 1627 1628 6758 8351 1947 8353 7711 8354 
1927 6758 1628 1629 6759 8353 1948 8355 7714 8356 
1928 6759 1629 8 30 8355 1949 32 7717 8357 
2 6 10 640
1929 1 672 8358 12 991 8677 8678 13 8679 
1930 672 673 8359 8358 992 8680 8681 8677 8682 
1931 673 674 8360 8359 993 8683 8684 8680 8685 
1932 674 675 8361 8360 994 8686 8687 8683 8688 
1933 675 676 8362 8361 995 8689 8690 8686 8691 
1934 676 677 8363 8362 996 8692 8693 8689 8694 
1935 677 678 8364 8363 997 8695 8696 8692 8697 
1936 678 679 8365 8364 998 8698 8699 8695 8700 
1937 679 680 8366 8365 999 8701 8702 8698 8703 
1938 680 681 8367 8366 1000 8704 8705 8701 8706 
1939 681 682 8368 8367 1001 8707 8708 8704 8709 
1940 682 683 8369 8368 1002 8710 8711 8707 8712 
1941 683 684 8370 8369 1003 8713 8714 8710 8715 
1942 684 685 8371 8370 1004 8716 8717 8713 8718 
1943 685 686 8372 8371 1005 8719 8720 8716 8721 
1944 686 687 8373 8372 1006 8722 8723 8719 8724 
1945 687 688 8374 8373 1007 8725 8726 8722 8727 
1946 688 689 8375 8374 1008 8728 8729 8725 8730 
1947 689 690 8376 8375 1009 8731 8732 8728 8733 
1948 690 691 8377 8376 1010 8734 8735 8731 8736 
1949 691 692 8378 8377 1011 8737 8738 8734 8739 
1950 692 693 8379 8378 1012 8740 8741 8737 8742 
1951 693 694 8380 8379 1013 8743 8744 8740 8745 
1952 694 695 8381 8380 1014 8746 8747 8743 8748 
1953 695 696 8382 8381 1015 8749 8750 8746 8751 
1954 696 697 8383 8382 1016 8752 8753 8749 8754 
1955 697 698 8384 8383 1017 8755 8756 8752 8757 
1956 698 699 8385 8384 1018 8758 8759 8755 8760 
1957 699 700 8386 8385 1019 8761 8762 8758 8763 
1958 700 701 8387 8386 1020 8764 8765 8761 8766 
1959 701 702 8388 8387 1021 8767 8768 8764 8769 
1960 702 703 8389 8388 1022 8770 8771 8767 8772 
1961 703 704 8390 8389 1023 8773 8774 8770 8775 
1962 704 705 8391 8390 1024 8776 8777 8773 8778 
1963 705 706 8392 8391 1025 8779 8780 8776 8781 
1964 706 707 8393 8392 1026 8782 8783 8779 8784 
1965 707 708 8394 8393 1027 8785 8786 8782 8787 
1966 708 709 8395 8394 1028 8788 8789 8785 8790 
1967 709 710 8396 8395 1029 8791 8792 8788 8793 
1968 710 711 8397 8396 1030 8794 8795 8791 8796 
1969 711 712 8398 8397 1031 8797 8798 8794 8799 
1970 712 713 8399 8398 1032 8800 8801 8797 8802 
1971 713 714 8400 8399 1033 8803 8804 8800 8805 
1972 714 715 8401 8400 1034 8806 8807 8803 8808 
1973 715 716 8402 8401 1035 8809 8810 8806 8811 
1974 716 717 8403 8402 1036 8812 8813 8809 8814 
1975 717 718 8404 8403 1037 8815 8816 8812 8817 
1976 718 719 8405 8404 1038 8818 8819 8815 8820 
1977 719 720 8406 8405 1039 8821 8822 8818 8823 
1978 720 721 8407 8406 1040 8824 8825 8821 8826 
1979 721 722 8408 8407 1041 8827 8828 8824 8829 
1980 722 723 8409 8408 1042 8830 8831 8827 8832 
1981 723 724 8410 8409 1043 8833 8834 8830 8835 
1982 724 725 8411 8410 1044 8836 8837 8833 8838 
1983 725 726 8412 8411 1045 8839 8840 8836 8841 
1984 726 727 8413 8412 1046 8842 8843 8839 8844 
1985 727 728 8414 8413 1047 8845 8846 8842 8847 
1986 728 729 8415 8414 1048 8848 8849 8845 8850 
1987 729 730 8416 8415 1049 8851 8852 8848 8853 
1988 730 731 8417 8416 1050 8854 8855 8851 8856 
1989 731 732 8418 8417 1051 8857 8858 8854 8859 
1990 732 733 8419 8418 1052 8860 8861 8857 8862 
1991 733 734 8420 8419 1053 8863 8864 8860 8865 
1992 734 735 8421 8420 1054 8866 8867 8863 8868 
1993 735 736 8422 8421 1055 8869 8870 8866 8871 
1994 736 737 8423 8422 1056 8872 8873 8869 8874 
1995 737 738 8424 8423 1057 8875 8876 8872 8877 
1996 738 739 8425 8424 1058 8878 8879 8875 8880 
1997 739 740 8426 8425 1059 8881 8882 8878 8883 
1998 740 741 8427 8426 1060 8884 8885 8881 8886 
1999 741 742 8428 8427 1061 8887 8888 8884 8889 
2000 742 743 8429 8428 1062 8890 8891 8887 8892 
2001 743 744 8430 8429 1063 8893 8894 8890 8895 
2002 744 745 8431 8430 1064 8896 8897 8893 8898 
2003 745 746 8432 8431 1065 8899 8900 8896 8901 
2004 746 747 8433 8432 1066 8902 8903 8899 8904 
2005 747 748 8434 8433 1067 8905 8906 8902 8907 
2006 748 749 8435 8434 1068 8908 8909 8905 8910 
2007 749 750 8436 8435 1069 8911 8912 8908 8913 
2008 750 751 8437 8436 1070 8914 8915 8911 8916 
2009 751 752 8438 8437 1071 8917 8918 8914 8919 
2010 752 753 8439 8438 1072 8920 8921 8917 8922 
2011 753 754 8440 8439 1073 8923 8924 8920 8925 
2012 754 755 8441 8440 1074 8926 8927 8923 8928 
2013 755 756 8442 8441 1075 8929 8930 8926 8931 
2014 756 757 8443 8442 1076 8932 8933 8929 8934 
2015 757 758 8444 8443 1077 8935 8936 8932 8937 
2016 758 759 8445 8444 1078 8938 8939 8935 8940 
2017 759 760 8446 8445 1079 8941 8942 8938 8943 
2018 760 761 8447 8446 1080 8944 8945 8941 8946 
2019 761 762 8448 8447 1081 8947 8948 8944 8949 
2020 762 763 8449 8448 1082 8950 8951 8947 8952 
2021 763 764 8450 8449 1083 8953 8954 8950 8955 
2022 764 765 8451 8450 1084 8956 8957 8953 8958 
2023 765 766 8452 8451 1085 8959 8960 8956 8961 
2024 766 767 8453 8452 1086 8962 8963 8959 8964 
2025 767 768 8454 8453 1087 8965 8966 8962 8967 
2026 768 769 8455 8454 1088 8968 8969 8965 8970 
2027 769 770 8456 8455 1089 8971 8972 8968 8973 
2028 770 771 8457 8456 1090 8974 8975 8971 8976 
2029 771 772 8458 8457 1091 8977 8978 8974 8979 
2030 772 773 8459 8458 1092 8980 8981 8977 8982 
2031 773 774 8460 8459 1093 8983 8984 8980 8985 
2032 774 775 8461 8460 1094 8986 8987 8983 8988 
2033 775 776 8462 8461 1095 8989 8990 8986 8991 
2034 776 777 8463 8462 1096 8992 8993 8989 8994 
2035 777 778 8464 8463 1097 8995 8996 8992 8997 
2036 778 779 8465 8464 1098 8998 8999 8995 9000 
2037 779 780 8466 8465 1099 9001 9002 8998 9003 
2038 780 781 8467 8466 1100 9004 9005 9001 9006 
2039 781 782 8468 8467 1101 9007 9008 9004 9009 
2040 782 783 8469 8468 1102 9010 9011 9007 9012 
2041 783 784 8470 8469 1103 9013 9014 9010 9015 
2042 784 785 8471 8470 1104 9016 9017 9013 9018 
2043 785 786 8472 8471 1105 9019 9020 9016 9021 
2044 786 787 8473 8472 1106 9022 9023 9019 9024 
2045 787 788 8474 8473 1107 9025 9026 9022 9027 
2046 788 789 8475 8474 1108 9028 9029 9025 9030 
2047 789 790 8476 8475 1109 9031 9032 9028 9033 
2048 790 791 8477 8476 1110 9034 9035 9031 9036 
2049 791 792 8478 8477 1111 9037 9038 9034 9039 
2050 792 793 8479 8478 1112 9040 9041 9037 9042 
2051 793 794 8480 8479 1113 9043 9044 9040 9045 
2052 794 795 8481 8480 1114 9046 9047 9043 9048 
2053 795 796 8482 8481 1115 9049 9050 9046 9051 
2054 796 797 8483 8482 1116 9052 9053 9049 9054 
2055 797 798 8484 8483 1117 9055 9056 9052 9057 
2056 798 799 8485 8484 1118 9058 9059 9055 9060 
2057 799 800 8486 8485 1119 9061 9062 9058 9063 
2058 800 801 8487 8486 1120 9064 9065 9061 9066 
2059 801 802 8488 8487 1121 9067 9068 9064 9069 
2060 802 803 8489 8488 1122 9070 9071 9067 9072 
2061 803 804 8490 8489 1123 9073 9074 9070 9075 
2062 804 805 8491 8490 1124 9076 9077 9073 9078 
2063 805 806 8492 8491 1125 9079 9080 9076 9081 
2064 806 807 8493 8492 1126 9082 9083 9079 9084 
2065 807 808 8494 8493 1127 9085 9086 9082 9087 
2066 808 809 8495 8494 1128 9088 9089 9085 9090 
2067 809 810 8496 8495 1129 9091 9092 9088 9093 
2068 810 811 8497 8496 1130 9094 9095 9091 9096 
2069 811 812 8498 8497 1131 9097 9098 9094 9099 
2070 812 813 8499 8498 1132 9100 9101 9097 9102 
2071 813 814 8500 8499 1133 9103 9104 9100 9105 
2072 814 815 8501 8500 1134 9106 9107 9103 9108 
2073 815 816 8502 8501 1135 9109 9110 9106 9111 
2074 816 817 8503 8502 1136 9112 9113 9109 9114 
2075 817 818 8504 8503 1137 9115 9116 9112 9117 
2076 818 819 8505 8504 1138 9118 9119 9115 9120 
2077 819 820 8506 8505 1139 9121 9122 9118 9123 
2078 820 821 8507 8506 1140 9124 9125 9121 9126 
2079 821 822 8508 8507 1141 9127 9128 9124 9129 
2080 822 823 8509 8508 1142 9130 9131 9127 9132 
2081 823 824 8510 8509 1143 9133 9134 9130 9135 
2082 824 825 8511 8510 1144 9136 9137 9133 9138 
2083 825 826 8512 8511 1145 9139 9140 9136 9141 
2084 826 827 8513 8512 1146 9142 9143 9139 9144 
2085 827 828 8514 8513 1147 9145 9146 9142 9147 
2086 828 829 8515 8514 1148 9148 9149 9145 9150 
2087 829 830 8516 8515 1149 9151 9152 9148 9153 
2088 830 831 8517 8516 1150 9154 9155 9151 9156 
2089 831 832 8518 8517 1151 9157 9158 9154 9159 
2090 832 833 8519 8518 1152 9160 9161 9157 9162 
2091 833 834 8520 8519 1153 9163 9164 9160 9165 
2092 834 835 8521 8520 1154 9166 9167 9163 9168 
2093 835 836 8522 8521 1155 9169 9170 9166 9171 
2094 836 837 8523 8522 1156 9172 9173 9169 9174 
2095 837 838 8524 8523 1157 9175 9176 9172 9177 
2096 838 839 8525 8524 1158 9178 9179 9175 9180 
2097 839 840 8526 8525 1159 9181 9182 9178 9183 
2098 840 841 8527 8526 1160 9184 9185 9181 9186 
2099 841 842 8528 8527 1161 9187 9188 9184 9189 
2100 842 843 8529 8528 1162 9190 9191 9187 9192 
2101 843 844 8530 8529 1163 9193 9194 9190 9195 
2102 844 845 8531 8530 1164 9196 9197 9193 9198 
2103 845 846 8532 8531 1165 9199 9200 9196 9201 
2104 846 847 8533 8532 1166 9202 9203 9199 9204 
2105 847 848 8534 8533 1167 9205 9206 9202 9207 
2106 848 849 8535 8534 1168 9208 9209 9205 9210 
2107 849 850 8536 8535 1169 9211 9212 9208 9213 
2108 850 851 8537 8536 1170 9214 9215 9211 9216 
2109 851 852 8538 8537 1171 9217 9218 9214 9219 
2110 852 853 8539 8538 1172 9220 9221 9217 9222 
2111 853 854 8540 8539 1173 9223 9224 9220 9225 
2112 854 855 8541 8540 1174 9226 9227 9223 9228 
2113 855 856 8542 8541 1175 9229 9230 9226 9231 
2114 856 857 8543 8542 1176 9232 9233 9229 9234 
2115 857 858 8544 8543 1177 9235 9236 9232 9237 
2116 858 859 8545 8544 1178 9238 9239 9235 9240 
2117 859 860 8546 8545 1179 9241 9242 9238 9243 
2118 860 861 8547 8546 1180 9244 9245 9241 9246 
2119 861 862 8548 8547 1181 9247 9248 9244 9249 
2120 862 863 8549 8548 1182 9250 9251 9247 9252 
2121 863 864 8550 8549 1183 9253 9254 9250 9255 
2122 864 865 8551 8550 1184 9256 9257 9253 9258 
2123 865 866 8552 8551 1185 9259 9260 9256 9261 
2124 866 867 8553 8552 1186 9262 9263 9259 9264 
2125 867 868 8554 8553 1187 9265 9266 9262 9267 
2126 868 869 8555 8554 1188 9268 9269 9265 9270 
2127 869 870 8556 8555 1189 9271 9272 9268 9273 
2128 870 871 8557 8556 1190 9274 9275 9271 9276 
2129 871 872 8558 8557 1191 9277 9278 9274 9279 
2130 872 873 8559 8558 1192 9280 9281 9277 9282 
2131 873 874 8560 8559 1193 9283 9284 9280 9285 
2132 874 875 8561 8560 1194 9286 9287 9283 9288 
2133 875 876 8562 8561 1195 9289 9290 9286 9291 
2134 876 877 8563 8562 1196 9292 9293 9289 9294 
2135 877 878 8564 8563 1197 9295 9296 9292 9297 
2136 878 879 8565 8564 1198 9298 9299 9295 9300 
2137 879 880 8566 8565 1199 9301 9302 9298 9303 
2138 880 881 8567 8566 1200 9304 9305 9301 9306 
2139 881 882 8568 8567 1201 9307 9308 9304 9309 
2140 882 883 8569 8568 1202 9310 9311 9307 9312 
2141 883 884 8570 8569 1203 9313 9314 9310 9315 
2142 884 885 8571 8570 1204 9316 9317 9313 9318 
2143 885 886 8572 8571 1205 9319 9320 9316 9321 
2144 886 887 8573 8572 1206 9322 9323 9319 9324 
2145 887 888 8574 8573 1207 9325 9326 9322 9327 
2146 888 889 8575 8574 1208 9328 9329 9325 9330 
2147 889 890 8576 8575 1209 9331 9332 9328 9333 
2148 890 891 8577 8576 1210 9334 9335 9331 9336 
2149 891 892 8578 8577 1211 9337 9338 9334 9339 
2150 892 893 8579 8578 1212 9340 9341 9337 9342 
2151 893 894 8580 8579 1213 9343 9344 9340 9345 
2152 894 895 8581 8580 1214 9346 9347 9343 9348 
2153 895 896 8582 8581 1215 9349 9350 9346 9351 
2154 896 897 8583 8582 1216 9352 9353 9349 9354 
2155 897 898 8584 8583 1217 9355 9356 9352 9357 
2156 898 899 8585 8584 1218 9358 9359 9355 9360 
2157 899 900 8586 8585 1219 9361 9362 9358 9363 
2158 900 901 8587 8586 1220 9364 9365 9361 9366 
2159 901 902 8588 8587 1221 9367 9368 9364 9369 
2160 902 903 8589 8588 1222 9370 9371 9367 9372 
2161 903 904 8590 8589 1223 9373 9374 9370 9375 
2162 904 905 8591 8590 1224 9376 9377 9373 9378 
2163 905 906 8592 8591 1225 9379 9380 9376 9381 
2164 906 907 8593 8592 1226 9382 9383 9379 9384 
2165 907 908 8594 8593 1227 9385 9386 9382 9387 
2166 908 909 8595 8594 1228 9388 9389 9385 9390 
2167 909 910 8596 8595 1229 9391 9392 9388 9393 
2168 910 911 8597 8596 1230 9394 9395 9391 9396 
2169 911 912 8598 8597 1231 9397 9398 9394 9399 
2170 912 913 8599 8598 1232 9400 9401 9397 9402 
2171 913 914 8600 8599 1233 9403 9404 9400 9405 
2172 914 915 8601 8600 1234 9406 9407 9403 9408 
2173 915 916 8602 8601 1235 9409 9410 9406 9411 
2174 916 917 8603 8602 1236 9412 9413 9409 9414 
2175 917 918 8604 8603 1237 9415 9416 9412 9417 
2176 918 919 8605 8604 1238 9418 9419 9415 9420 
2177 919 920 8606 8605 1239 9421 9422 9418 9423 
2178 920 921 8607 8606 1240 9424 9425 9421 9426 
2179 921 922 8608 8607 1241 9427 9428 9424 9429 
2180 922 923 8609 8608 1242 9430 9431 9427 9432 
2181 923 924 8610 8609 1243 9433 9434 9430 9435 
2182 924 925 8611 8610 1244 9436 9437 9433 9438 
2183 925 926 8612 8611 1245 9439 9440 9436 9441 
2184 926 927 8613 8612 1246 9442 9443 9439 9444 
2185 927 928 8614 8613 1247 9445 9446 9442 9447 
2186 928 929 8615 8614 1248 9448 9449 9445 9450 
2187 929 930 8616 8615 1249 9451 9452 9448 9453 
2188 930 931 8617 8616 1250 9454 9455 9451 9456 
2189 931 932 8618 8617 1251 9457 9458 9454 9459 
2190 932 933 8619 8618 1252 9460 9461 9457 9462 
2191 933 934 8620 8619 1253 9463 9464 9460 9465 
2192 934 935 8621 8620 1254 9466 9467 9463 9468 
2193 935 936 8622 8621 1255 9469 9470 9466 9471 
2194 936 937 8623 8622 1256 9472 9473 9469 9474 
2195 937 938 8624 8623 1257 9475 9476 9472 9477 
2196 938 939 8625 8624 1258 9478 9479 9475 9480 
2197 939 940 8626 8625 1259 9481 9482 9478 9483 
2198 940 941 8627 8626 1260 9484 9485 9481 9486 
2199 941 942 8628 8627 1261 9487 9488 9484 9489 
2200 942 943 8629 8628 1262 9490 9491 9487 9492 
2201 943 944 8630 8629 1263 9493 9494 9490 9495 
2202 944 945 8631 8630 1264 9496 9497 9493 9498 
2203 945 946 8632 8631 1265 9499 9500 9496 9501 
2204 946 947 8633 8632 1266 9502 9503 9499 9504 
2205 947 948 8634 8633 1267 9505 9506 9502 9507 
2206 948 949 8635 8634 1268 9508 9509 9505 9510 
2207 949 950 8636 8635 1269 9511 9512 9508 9513 
2208 950 951 8637 8636 1270 9514 9515 9511 9516 
2209 951 952 8638 8637 1271 9517 9518 9514 9519 
2210 952 953 8639 8638 1272 9520 9521 9517 9522 
2211 953 954 8640 8639 1273 9523 9524 9520 9525 
2212 954 955 8641 8640 1274 9526 9527 9523 9528 
2213 955 956 8642 8641 1275 9529 9530 9526 9531 
2214 956 957 8643 8642 1276 9532 9533 9529 9534 
2215 957 958 8644 8643 1277 9535 9536 9532 9537 
2216 958 959 8645 8644 1278 9538 9539 9535 9540 
2217 959 960 8646 8645 1279 9541 9542 9538 9543 
2218 960 961 8647 8646 1280 9544 9545 9541 9546 
2219 961 962 8648 8647 1281 9547 9548 9544 9549 
2220 962 963 8649 8648 1282 9550 9551 9547 9552 
2221 963 964 8650 8649 1283 9553 9554 9550 9555 
2222 964 965 8651 8650 1284 9556 9557 9553 9558 
2223 965 966 8652 8651 1285 9559 9560 9556 9561 
2224 966 967 8653 8652 1286 9562 9563 9559 9564 
2225 967 968 8654 8653 1287 9565 9566 9562 9567 
2226 968 969 8655 8654 1288 9568 9569 9565 9570 
2227 969 970 8656 8655 1289 9571 9572 9568 9573 
2228 970 971 8657 8656 1290 9574 9575 9571 9576 
2229 971 972 8658 8657 1291 9577 9578 9574 9579 
2230 972 973 8659 8658 1292 9580 9581 9577 9582 
2231 973 974 8660 8659 1293 9583 9584 9580 9585 
2232 974 975 8661 8660 1294 9586 9587 9583 9588 
2233 975 976 8662 8661 1295 9589 9590 9586 9591 
2234 976 977 8663 8662 1296 9592 9593 9589 9594 
2235 977 978 8664 8663 1297 9595 9596 9592 9597 
2236 978 979 8665 8664 1298 9598 9599 9595 9600 
2237 979 980 8666 8665 1299 9601 9602 9598 9603 
2238 980 981 8667 8666 1300 9604 9605 9601 9606 
2239 981 982 8668 8667 1301 9607 9608 9604 9609 
2240 982 983 8669 8668 1302 9610 9611 9607 9612 
2241 983 984 8670 8669 1303 9613 9614 9610 9615 
2242 984 985 8671 8670 1304 9616 9617 9613 9618 
2243 985 986 8672 8671 1305 9619 9620 9616 9621 
2244 986 987 8673 8672 1306 9622 9623 9619 9624 
2245 987 988 8674 8673 1307 9625 9626 9622 9627 
2246 988 989 8675 8674 1308 9628 9629 9625 9630 
2247 989 990 8676 8675 1309 9631 9632 9628 9633 
2248 990 5 24 8676 1310 25 9634 9631 9635 
2249 12 8358 1950 3 8678 9636 2269 14 9637 
2250 8358 8359 1951 1950 8681 9638 2270 9636 9639 
2251 8359 8360 1952 1951 8684 9640 2271 9638 9641 
2252 8360 8361 1953 1952 8687 9642 2272 9640 9643 
2253 8361 8362 1954 1953 8690 9644 2273 9642 9645 
2254 8362 8363 1955 1954 8693 9646 2274 9644 9647 
2255 8363 8364 1956 1955 8696 9648 2275 9646 9649 
2256 8364 8365 1957 1956 8699 9650 2276 9648 9651 
2257 8365 8366 1958 1957 8702 9652 2277 9650 9653 
2258 8366 8367 1959 1958 8705 9654 2278 9652 9655 
2259 8367 8368 1960 1959 8708 9656 2279 9654 9657 
2260 8368 8369 1961 1960 8711 9658 2280 9656 9659 
2261 8369 8370 1962 1961 8714 9660 2281 9658 9661 
2262 8370 8371 1963 1962 8717 9662 2282 9660 9663 
2263 8371 8372 1964 1963 8720 9664 2283 9662 9665 
2264 8372 8373 1965 1964 8723 9666 2284 9664 9667 
2265 8373 8374 1966 1965 8726 9668 2285 9666 9669 
2266 8374 8375 1967 1966 8729 9670 2286 9668 9671 
2267 8375 8376 1968 1967 8732 9672 2287 9670 9673 
2268 8376 8377 1969 1968 8735 9674 2288 9672 9675 
2269 8377 8378 1970 1969 8738 9676 2289 9674 9677 
2270 8378 8379 1971 1970 8741 9678 2290 9676 9679 
2271 8379 8380 1972 1971 8744 9680 2291 9678 9681 
2272 8380 8381 1973 1972 8747 9682 2292 9680 9683 
2273 8381 8382 1974 1973 8750 9684 2293 9682 9685 
2274 8382 8383 1975 1974 8753 9686 2294 9684 9687 
2275 8383 8384 1976 1975 8756 9688 2295 9686 9689 
2276 8384 8385 1977 1976 8759 9690 2296 9688 9691 
2277 8385 8386 1978 1977 8762 9692 2297 9690 9693 
2278 8386 8387 1979 1978 8765 9694 2298 9692 9695 
2279 8387 8388 1980 1979 8768 9696 2299 9694 9697 
2280 8388 8389 1981 1980 8771 9698 2300 9696 9699 
2281 8389 8390 1982 1981 8774 9700 2301 9698 9701 
2282 8390 8391 1983 1982 8777 9702 2302 9700 9703 
2283 8391 8392 1984 1983 8780 9704 2303 9702 9705 
2284 8392 8393 1985 1984 8783 9706 2304 9704 9707 
2285 8393 8394 1986 1985 8786 9708 2305 9706 9709 
2286 8394 8395 1987 1986 8789 9710 2306 9708 9711 
2287 8395 8396 1988 1987 8792 9712 2307 9710 9713 
2288 8396 8397 1989 1988 8795 9714 2308 9712 9715 
2289 8397 8398 1990 1989 8798 9716 2309 9714 9717 
2290 8398 8399 1991 1990 8801 9718 2310 9716 9719 
2291 8399 8400 1992 1991 8804 9720 2311 9718 9721 
2292 8400 8401 1993 1992 8807 9722 2312 9720 9723 
2293 8401 8402 1994 1993 8810 9724 2313 9722 9725 
2294 8402 8403 1995 1994 8813 9726 2314 9724 9727 
2295 8403 8404 1996 1995 8816 9728 2315 9726 9729 
2296 8404 8405 1997 1996 8819 9730 2316 9728 9731 
2297 8405 8406 1998 1997 8822 9732 2317 9730 9733 
2298 8406 8407 1999 1998 8825 9734 2318 9732 9735 
2299 8407 8408 2000 1999 8828 9736 2319 9734 9737 
2300 8408 8409 2001 2000 8831 9738 2320 9736 9739 
2301 8409 8410 2002 2001 8834 9740 2321 9738 9741 
2302 8410 8411 2003 2002 8837 9742 2322 9740 9743 
2303 8411 8412 2004 2003 8840 9744 2323 9742 9745 
2304 8412 8413 2005 2004 8843 9746 2324 9744 9747 
2305 8413 8414 2006 2005 8846 9748 2325 9746 9749 
2306 8414 8415 2007 2006 8849 9750 2326 9748 9751 
2307 8415 8416 2008 2007 8852 9752 2327 9750 9753 
2308 8416 8417 2009 2008 8855 9754 2328 9752 9755 
2309 8417 8418 2010 2009 8858 9756 2329 9754 9757 
2310 8418 8419 2011 2010 8861 9758 2330 9756 9759 
2311 8419 8420 2012 2011 8864 9760 2331 9758 9761 
2312 8420 8421 2013 2012 8867 9762 2332 9760 9763 
2313 8421 8422 2014 2013 8870 9764 2333 9762 9765 
2314 8422 8423 2015 2014 8873 9766 2334 9764 9767 
2315 8423 8424 2016 2015 8876 9768 2335 9766 9769 
2316 8424 8425 2017 2016 8879 9770 2336 9768 9771 
2317 8425 8426 2018 2017 8882 9772 2337 9770 9773 
2318 8426 8427 2019 2018 8885 9774 2338 9772 9775 
2319 8427 8428 2020 2019 8888 9776 2339 9774 9777 
2320 8428 8429 2021 2020 8891 9778 2340 9776 9779 
2321 8429 8430 2022 2021 8894 9780 2341 9778 9781 
2322 8430 8431 2023 2022 8897 9782 2342 9780 9783 
2323 8431 8432 2024 2023 8900 9784 2343 9782 9785 
2324 8432 8433 2025 2024 8903 9786 2344 9784 9787 
2325 8433 8434 2026 2025 8906 9788 2345 9786 9789 
2326 8434 8435 2027 2026 8909 9790 2346 9788 9791 
2327 8435 8436 2028 2027 8912 9792 2347 9790 9793 
2328 8436 8437 2029 2028 8915 9794 2348 9792 9795 
2329 8437 8438 2030 2029 8918 9796 2349 9794 9797 
2330 8438 8439 2031 2030 8921 9798 2350 9796 9799 
2331 8439 8440 2032 2031 8924 9800 2351 9798 9801 
2332 8440 8441 2033 2032 8927 9802 2352 9800 9803 
2333 8441 8442 2034 2033 8930 9804 2353 9802 9805 
2334 8442 8443 2035 2034 8933 9806 2354 9804 9807 
2335 8443 8444 2036 2035 8936 9808 2355 9806 9809 
2336 8444 8445 2037 2036 8939 9810 2356 9808 9811 
2337 8445 8446 2038 2037 8942 9812 2357 9810 9813 
2338 8446 8447 2039 2038 8945 9814 2358 9812 9815 
2339 8447 8448 2040 2039 8948 9816 2359 9814 9817 
2340 8448 8449 2041 2040 8951 9818 2360 9816 9819 
2341 8449 8450 2042 2041 8954 9820 2361 9818 9821 
2342 8450 8451 2043 2042 8957 9822 2362 9820 9823 
2343 8451 8452 2044 2043 8960 9824 2363 9822 9825 
2344 8452 8453 2045 2044 8963 9826 2364 9824 9827 
2345 8453 8454 2046 2045 8966 9828 2365 9826 9829 
2346 8454 8455 2047 2046 8969 9830 2366 9828 9831 
2347 8455 8456 2048 2047 8972 9832 2367 9830 9833 
2348 8456 8457 2049 2048 8975 9834 2368 9832 9835 
2349 8457 8458 2050 2049 8978 9836 2369 9834 9837 
2350 8458 8459 2051 2050 8981 9838 2370 9836 9839 
2351 8459 8460 2052 2051 8984 9840 2371 9838 9841 
2352 8460 8461 2053 2052 8987 9842 2372 9840 9843 
2353 8461 8462 2054 2053 8990 9844 2373 9842 9845 
2354 8462 8463 2055 2054 8993 9846 2374 9844 9847 
2355 8463 8464 2056 2055 8996 9848 2375 9846 9849 
2356 8464 8465 2057 2056 8999 9850 2376 9848 9851 
2357 8465 8466 2058 2057 9002 9852 2377 9850 9853 
2358 8466 8467 2059 2058 9005 9854 2378 9852 9855 
2359 8467 8468 2060 2059 9008 9856 2379 9854 9857 
2360 8468 8469 2061 2060 9011 9858 2380 9856 9859 
2361 8469 8470 2062 2061 9014 9860 2381 9858 9861 
2362 8470 8471 2063 2062 9017 9862 2382 9860 9863 
2363 8471 8472 2064 2063 9020 9864 2383 9862 9865 
2364 8472 8473 2065 2064 9023 9866 2384 9864 9867 
2365 8473 8474 2066 2065 9026 9868 2385 9866 9869 
2366 8474 8475 2067 2066 9029 9870 2386 9868 9871 
2367 8475 8476 2068 2067 9032 9872 2387 9870 9873 
2368 8476 8477 2069 2068 9035 9874 2388 9872 9875 
2369 8477 8478 2070 2069 9038 9876 2389 9874 9877 
2370 8478 8479 2071 2070 9041 9878 2390 9876 9879 
2371 8479 8480 2072 2071 9044 9880 2391 9878 9881 
2372 8480 8481 2073 2072 9047 9882 2392 9880 9883 
2373 8481 8482 2074 2073 9050 9884 2393 9882 9885 
2374 8482 8483 2075 2074 9053 9886 2394 9884 9887 
2375 8483 8484 2076 2075 9056 9888 2395 9886 9889 
2376 8484 8485 2077 2076 9059 9890 2396 9888 9891 
2377 8485 8486 2078 2077 9062 9892 2397 9890 9893 
2378 8486 8487 2079 2078 9065 9894 2398 9892 9895 
2379 8487 8488 2080 2079 9068 9896 2399 9894 9897 
2380 8488 8489 2081 2080 9071 9898 2400 9896 9899 
2381 8489 8490 2082 2081 9074 9900 2401 9898 9901 
2382 8490 8491 2083 2082 9077 9902 2402 9900 9903 
2383 8491 8492 2084 2083 9080 9904 2403 9902 9905 
2384 8492 8493 2085 2084 9083 9906 2404 9904 9907 
2385 8493 8494 2086 2085 9086 9908 2405 9906 9909 
2386 8494 8495 2087 2086 9089 9910 2406 9908 9911 
2387 8495 8496 2088 2087 9092 9912 2407 9910 9913 
2388 8496 8497 2089 2088 9095 9914 2408 9912 9915 
2389 8497 8498 2090 2089 9098 9916 2409 9914 9917 
2390 8498 8499 2091 2090 9101 9918 2410 9916 9919 
2391 8499 8500 2092 2091 9104 9920 2411 9918 9921 
2392 8500 8501 2093 2092 9107 9922 2412 9920 9923 
2393 8501 8502 2094 2093 9110 9924 2413 9922 9925 
2394 8502 8503 2095 2094 9113 9926 2414 9924 9927 
2395 8503 8504 2096 2095 9116 9928 2415 9926 9929 
2396 8504 8505 2097 2096 9119 9930 2416 9928 9931 
2397 8505 8506 2098 2097 9122 9932 2417 9930 9933 
2398 8506 8507 2099 2098 9125 9934 2418 9932 9935 
2399 8507 8508 2100 2099 9128 9936 2419 9934 9937 
2400 8508 8509 2101 2100 9131 9938 2420 9936 9939 
2401 8509 8510 2102 2101 9134 9940 2421 9938 9941 
2402 8510 8511 2103 2102 9137 9942 2422 9940 9943 
2403 8511 8512 2104 2103 9140 9944 2423 9942 9945 
2404 8512 8513 2105 2104 9143 9946 2424 9944 9947 
2405 8513 8514 2106 2105 9146 9948 2425 9946 9949 
2406 8514 8515 2107 2106 9149 9950 2426 9948 9951 
2407 8515 8516 2108 2107 9152 9952 2427 9950 9953 
2408 8516 8517 2109 2108 9155 9954 2428 9952 9955 
2409 8517 8518 2110 2109 9158 9956 2429 9954 9957 
2410 8518 8519 2111 2110 9161 9958 2430 9956 9959 
2411 8519 8520 2112 2111 9164 9960 2431 9958 9961 
2412 8520 8521 2113 2112 9167 9962 2432 9960 9963 
2413 8521 8522 2114 2113 9170 9964 2433 9962 9965 
2414 8522 8523 2115 2114 9173 9966 2434 9964 9967 
2415 8523 8524 2116 2115 9176 9968 2435 9966 9969 
2416 8524 8525 2117 2116 9179 9970 2436 9968 9971 
2417 8525 8526 2118 2117 9182 9972 2437 9970 9973 
2418 8526 8527 2119 2118 9185 9974 2438 9972 9975 
2419 8527 8528 2120 2119 9188 9976 2439 9974 9977 
2420 8528 8529 2121 2120 9191 9978 2440 9976 9979 
2421 8529 8530 2122 2121 9194 9980 2441 9978 9981 
2422 8530 8531 2123 2122 9197 9982 2442 9980 9983 
2423 8531 8532 2124 2123 9200 9984 2443 9982 9985 
2424 8532 8533 2125 2124 9203 9986 2444 9984 9987 
2425 8533 8534 2126 2125 9206 9988 2445 9986 9989 
2426 8534 8535 2127 2126 9209 9990 2446 9988 9991 
2427 8535 8536 2128 2127 9212 9992 2447 9990 9993 
2428 8536 8537 2129 2128 9215 9994 2448 9992 9995 
2429 8537 8538 2130 2129 9218 9996 2449 9994 9997 
2430 8538 8539 2131 2130 9221 9998 2450 9996 9999 
2431 8539 8540 2132 2131 9224 10000 2451 9998 10001 
2432 8540 8541 2133 2132 9227 10002 2452 10000 10003 
2433 8541 8542 2134 2133 9230 10004 2453 10002 10005 
2434 8542 8543 2135 2134 9233 10006 2454 10004 10007 
2435 8543 8544 2136 2135 9236 10008 2455 10006 10009 
2436 8544 8545 2137 2136 9239 10010 2456 10008 10011 
2437 8545 8546 2138 2137 9242 10012 2457 10010 10013 
2438 8546 8547 2139 2138 9245 10014 2458 10012 10015 
2439 8547 8548 2140 2139 9248 10016 2459 10014 10017 
2440 8548 8549 2141 2140 9251 10018 2460 10016 10019 
2441 8549 8550 2142 2141 9254 10020 2461 10018 10021 
2442 8550 8551 2143 2142 9257 10022 2462 10020 10023 
2443 8551 8552 2144 2143 9260 10024 2463 10022 10025 
2444 8552 8553 2145 2144 9263 10026 2464 10024 10027 
2445 8553 8554 2146 2145 9266 10028 2465 10026 10029 
2446 8554 8555 2147 2146 9269 10030 2466 10028 10031 
2447 8555 8556 2148 2147 9272 10032 2467 10030 10033 
2448 8556 8557 2149 2148 9275 10034 2468 10032 10035 
2449 8557 8558 2150 2149 9278 10036 2469 10034 10037 
2450 8558 8559 2151 2150 9281 10038 2470 10036 10039 
2451 8559 8560 2152 2151 9284 10040 2471 10038 10041 
2452 8560 8561 2153 2152 9287 10042 2472 10040 10043 
2453 8561 8562 2154 2153 9290 10044 2473 10042 10045 
2454 8562 8563 2155 2154 9293 10046 2474 10044 10047 
2455 8563 8564 2156 2155 9296 10048 2475 10046 10049 
2456 8564 8565 2157 2156 9299 10050 2476 10048 10051 
2457 8565 8566 2158 2157 9302 10052 2477 10050 10053 
2458 8566 8567 2159 2158 9305 10054 2478 10052 10055 
2459 8567 8568 2160 2159 9308 10056 2479 10054 10057 
2460 8568 8569 2161 2160 9311 10058 2480 10056 10059 
2461 8569 8570 2162 2161 9314 10060 2481 10058 10061 
2462 8570 8571 2163 2162 9317 10062 2482 10060 10063 
2463 8571 8572 2164 2163 9320 10064 2483 10062 10065 
2464 8572 8573 2165 2164 9323 10066 2484 10064 10067 
2465 8573 8574 2166 2165 9326 10068 2485 10066 10069 
2466 8574 8575 2167 2166 9329 10070 2486 10068 10071 
2467 8575 8576 2168 2167 9332 10072 2487 10070 10073 
2468 8576 8577 2169 2168 9335 10074 2488 10072 10075 
2469 8577 8578 2170 2169 9338 10076 2489 10074 10077 
2470 8578 8579 2171 2170 9341 10078 2490 10076 10079 
2471 8579 8580 2172 2171 9344 10080 2491 10078 10081 
2472 8580 8581 2173 2172 9347 10082 2492 10080 10083 
2473 8581 8582 2174 2173 9350 10084 2493 10082 10085 
2474 8582 8583 2175 2174 9353 10086 2494 10084 10087 
2475 8583 8584 2176 2175 9356 10088 2495 10086 10089 
2476 8584 8585 2177 2176 9359 10090 2496 10088 10091 
2477 8585 8586 2178 2177 9362 10092 2497 10090 10093 
2478 8586 8587 2179 2178 9365 10094 2498 10092 10095 
2479 8587 8588 2180 2179 9368 10096 2499 10094 10097 
2480 8588 8589 2181 2180 9371 10098 2500 10096 10099 
2481 8589 8590 2182 2181 9374 10100 2501 10098 10101 
2482 8590 8591 2183 2182 9377 10102 2502 10100 10103 
2483 8591 8592 2184 2183 9380 10104 2503 10102 10105 
2484 8592 8593 2185 2184 9383 10106 2504 10104 10107 
2485 8593 8594 2186 2185 9386 10108 2505 10106 10109 
2486 8594 8595 2187 2186 9389 10110 2506 10108 10111 
2487 8595 8596 2188 2187 9392 10112 2507 10110 10113 
2488 8596 8597 2189 2188 9395 10114 2508 10112 10115 
2489 8597 8598 2190 2189 9398 10116 2509 10114 10117 
2490 8598 8599 2191 2190 9401 10118 2510 10116 10119 
2491 8599 8600 2192 2191 9404 10120 2511 10118 10121 
2492 8600 8601 2193 2192 9407 10122 2512 10120 10123 
2493 8601 8602 2194 2193 9410 10124 2513 10122 10125 
2494 8602 8603 2195 2194 9413 10126 2514 10124 10127 
2495 8603 8604 2196 2195 9416 10128 2515 10126 10129 
2496 8604 8605 2197 2196 9419 10130 2516 10128 10131 
2497 8605 8606 2198 2197 9422 10132 2517 10130 10133 
2498 8606 8607 2199 2198 9425 10134 2518 10132 10135 
2499 8607 8608 2200 2199 9428 10136 2519 10134 10137 
2500 8608 8609 2201 2200 9431 10138 2520 10136 10139 
2501 8609 8610 2202 2201 9434 10140 2521 10138 10141 
2502 8610 8611 2203 2202 9437 10142 2522 10140 10143 
2503 8611 8612 2204 2203 9440 10144 2523 10142 10145 
2504 8612 8613 2205 2204 9443 10146 2524 10144 10147 
2505 8613 8614 2206 2205 9446 10148 2525 10146 10149 
2506 8614 8615 2207 2206 9449 10150 2526 10148 10151 
2507 8615 8616 2208 2207 9452 10152 2527 10150 10153 
2508 8616 8617 2209 2208 9455 10154 2528 10152 10155 
2509 8617 8618 2210 2209 9458 10156 2529 10154 10157 
2510 8618 8619 2211 2210 9461 10158 2530 10156 10159 
2511 8619 8620 2212 2211 9464 10160 2531 10158 10161 
2512 8620 8621 2213 2212 9467 10162 2532 10160 10163 
2513 8621 8622 2214 2213 9470 10164 2533 10162 10165 
2514 8622 8623 2215 2214 9473 10166 2534 10164 10167 
2515 8623 8624 2216 2215 9476 10168 2535 10166 10169 
2516 8624 8625 2217 2216 9479 10170 2536 10168 10171 
2517 8625 8626 2218 2217 9482 10172 2537 10170 10173 
2518 8626 8627 2219 2218 9485 10174 2538 10172 10175 
2519 8627 8628 2220 2219 9488 10176 2539 10174 10177 
2520 8628 8629 2221 2220 9491 10178 2540 10176 10179 
2521 8629 8630 2222 2221 9494 10180 2541 10178 10181 
2522 8630 8631 2223 2222 9497 10182 2542 10180 10183 
2523 8631 8632 2224 2223 9500 10184 2543 10182 10185 
2524 8632 8633 2225 2224 9503 10186 2544 10184 10187 
2525 8633 8634 2226 2225 9506 10188 2545 10186 10189 
2526 8634 8635 2227 2226 9509 10190 2546 10188 10191 
2527 8635 8636 2228 2227 9512 10192 2547 10190 10193 
2528 8636 8637 2229 2228 9515 10194 2548 10192 10195 
2529 8637 8638 2230 2229 9518 10196 2549 10194 10197 
2530 8638 8639 2231 2230 9521 10198 2550 10196 10199 
2531 8639 8640 2232 2231 9524 10200 2551 10198 10201 
2532 8640 8641 2233 2232 9527 10202 2552 10200 10203 
2533 8641 8642 2234 2233 9530 10204 2553 10202 10205 
2534 8642 8643 2235 2234 9533 10206 2554 10204 10207 
2535 8643 8644 2236 2235 9536 10208 2555 10206 10209 
2536 8644 8645 2237 2236 9539 10210 2556 10208 10211 
2537 8645 8646 2238 2237 9542 10212 2557 10210 10213 
2538 8646 8647 2239 2238 9545 10214 2558 10212 10215 
2539 8647 8648 2240 2239 9548 10216 2559 10214 10217 
2540 8648 8649 2241 2240 9551 10218 2560 10216 10219 
2541 8649 8650 2242 2241 9554 10220 2561 10218 10221 
2542 8650 8651 2243 2242 9557 10222 2562 10220 10223 
2543 8651 8652 2244 2243 9560 10224 2563 10222 10225 
2544 8652 8653 2245 2244 9563 10226 2564 10224 10227 
2545 8653 8654 2246 2245 9566 10228 2565 10226 10229 
2546 8654 8655 2247 2246 9569 10230 2566 10228 10231 
2547 8655 8656 2248 2247 9572 10232 2567 10230 10233 
2548 8656 8657 2249 2248 9575 10234 2568 10232 10235 
2549 8657 8658 2250 2249 9578 10236 2569 10234 10237 
2550 8658 8659 2251 2250 9581 10238 2570 10236 10239 
2551 8659 8660 2252 2251 9584 10240 2571 10238 10241 
2552 8660 8661 2253 2252 9587 10242 2572 10240 10243 
2553 8661 8662 2254 2253 9590 10244 2573 10242 10245 
2554 8662 8663 2255 2254 9593 10246 2574 10244 10247 
2555 8663 8664 2256 2255 9596 10248 2575 10246 10249 
2556 8664 8665 2257 2256 9599 10250 2576 10248 10251 
2557 8665 8666 2258 2257 9602 10252 2577 10250 10253 
2558 8666 8667 2259 2258 9605 10254 2578 10252 10255 
2559 8667 8668 2260 2259 9608 10256 2579 10254 10257 
2560 8668 8669 2261 2260 9611 10258 2580 10256 10259 
2561 8669 8670 2262 2261 9614 10260 2581 10258 10261 
2562 8670 8671 2263 2262 9617 10262 2582 10260 10263 
2563 8671 8672 2264 2263 9620 10264 2583 10262 10265 
2564 8672 8673 2265 2264 9623 10266 2584 10264 10267 
2565 8673 8674 2266 2265 9626 10268 2585 10266 10269 
2566 8674 8675 2267 2266 9629 10270 2586 10268 10271 
2567 8675 8676 2268 2267 9632 10272 2587 10270 10273 
2568 8676 24 7 2268 9634 26 2588 10272 10274 
3 1 12 1280
2569 2589 9 2 18 10275 2607 33 6441 2590 2591 10594 10 2927 19 352 6760 10595 10596 2926 6761 2592 10597 10598 2928 6762 10599 10600 
2570 10275 2607 33 6441 10276 2608 34 6442 10595 10596 10601 2926 2932 6761 353 6763 10602 10603 2931 6764 10599 10604 10605 2933 6765 10606 10607 
2571 10276 2608 34 6442 10277 2609 35 6443 10602 10603 10608 2931 2937 6764 354 6766 10609 10610 2936 6767 10606 10611 10612 2938 6768 10613 10614 
2572 10277 2609 35 6443 10278 2610 36 6444 10609 10610 10615 2936 2942 6767 355 6769 10616 10617 2941 6770 10613 10618 10619 2943 6771 10620 10621 
2573 10278 2610 36 6444 10279 2611 37 6445 10616 10617 10622 2941 2947 6770 356 6772 10623 10624 2946 6773 10620 10625 10626 2948 6774 10627 10628 
2574 10279 2611 37 6445 10280 2612 38 6446 10623 10624 10629 2946 2952 6773 357 6775 10630 10631 2951 6776 10627 10632 10633 2953 6777 10634 10635 
2575 10280 2612 38 6446 10281 2613 39 6447 10630 10631 10636 2951 2957 6776 358 6778 10637 10638 2956 6779 10634 10639 10640 2958 6780 10641 10642 
2576 10281 2613 39 6447 10282 2614 40 6448 10637 10638 10643 2956 2962 6779 359 6781 10644 10645 2961 6782 10641 10646 10647 2963 6783 10648 10649 
2577 10282 2614 40 6448 10283 2615 41 6449 10644 10645 10650 2961 2967 6782 360 6784 10651 10652 2966 6785 10648 10653 10654 2968 6786 10655 10656 
2578 10283 2615 41 6449 10284 2616 42 6450 10651 10652 10657 2966 2972 6785 361 6787 10658 10659 2971 6788 10655 10660 10661 2973 6789 10662 10663 
2579 10284 2616 42 6450 10285 2617 43 6451 10658 10659 10664 2971 2977 6788 362 6790 10665 10666 2976 6791 10662 10667 10668 2978 6792 10669 10670 
2580 10285 2617 43 6451 10286 2618 44 6452 10665 10666 10671 2976 2982 6791 363 6793 10672 10673 2981 6794 10669 10674 10675 2983 6795 10676 10677 
2581 10286 2618 44 6452 10287 2619 45 6453 10672 10673 10678 2981 2987 6794 364 6796 10679 10680 2986 6797 10676 10681 10682 2988 6798 10683 10684 
2582 10287 2619 45 6453 10288 2620 46 6454 10679 10680 10685 2986 2992 6797 365 6799 10686 10687 2991 6800 10683 10688 10689 2993 6801 10690 10691 
2583 10288 2620 46 6454 10289 2621 47 6455 10686 10687 10692 2991 2997 6800 366 6802 10693 10694 2996 6803 10690 10695 10696 2998 6804 10697 10698 
2584 10289 2621 47 6455 10290 2622 48 6456 10693 10694 10699 2996 3002 6803 367 6805 10700 10701 3001 6806 10697 10702 10703 3003 6807 10704 10705 
2585 10290 2622 48 6456 10291 2623 49 6457 10700 10701 10706 3001 3007 6806 368 6808 10707 10708 3006 6809 10704 10709 10710 3008 6810 10711 10712 
2586 10291 2623 49 6457 10292 2624 50 6458 10707 10708 10713 3006 3012 6809 369 6811 10714 10715 3011 6812 10711 10716 10717 3013 6813 10718 10719 
2587 10292 2624 50 6458 10293 2625 51 6459 10714 10715 10720 3011 3017 6812 370 6814 10721 10722 3016 6815 10718 10723 10724 3018 6816 10725 10726 
2588 10293 2625 51 6459 10294 2626 52 6460 10721 10722 10727 3016 3022 6815 371 6817 10728 10729 3021 6818 10725 10730 10731 3023 6819 10732 10733 
2589 10294 2626 52 6460 10295 2627 53 6461 10728 10729 10734 3021 3027 6818 372 6820 10735 10736 3026 6821 10732 10737 10738 3028 6822 10739 10740 
2590 10295 2627 53 6461 10296 2628 54 6462 10735 10736 10741 3026 3032 6821 373 6823 10742 10743 3031 6824 10739 10744 10745 3033 6825 10746 10747 
2591 10296 2628 54 6462 10297 2629 55 6463 10742 10743 10748 3031 3037 6824 374 6826 10749 10750 3036 6827 10746 10751 10752 3038 6828 10753 10754 
2592 10297 2629 55 6463 10298 2630 56 6464 10749 10750 10755 3036 3042 6827 375 6829 10756 10757 3041 6830 10753 10758 10759 3043 6831 10760 10761 
2593 10298 2630 56 6464 10299 2631 57 6465 10756 10757 10762 3041 3047 6830 376 6832 10763 10764 3046 6833 10760 10765 10766 3048 6834 10767 10768 
2594 10299 2631 57 6465 10300 2632 58 6466 10763 10764 10769 3046 3052 6833 377 6835 10770 10771 3051 6836 10767 10772 10773 3053 6837 10774 10775 
2595 10300 2632 58 6466 10301 2633 59 6467 10770 10771 10776 3051 3057 6836 378 6838 10777 10778 3056 6839 10774 10779 10780 3058 6840 10781 10782 
2596 10301 2633 59 6467 10302 2634 60 6468 10777 10778 10783 3056 3062 6839 379 6841 10784 10785 3061 6842 10781 10786 10787 3063 6843 10788 10789 
2597 10302 2634 60 6468 10303 2635 61 6469 10784 10785 10790 3061 3067 6842 380 6844 10791 10792 3066 6845 10788 10793 10794 3068 6846 10795 10796 
2598 10303 2635 61 6469 10304 2636 62 6470 10791 10792 10797 3066 3072 6845 381 6847 10798 10799 3071 6848 10795 10800 10801 3073 6849 10802 10803 
2599 10304 2636 62 6470 10305 2637 63 6471 10798 10799 10804 3071 3077 6848 382 6850 10805 10806 3076 6851 10802 10807 10808 3078 6852 10809 10810 
2600 10305 2637 63 6471 10306 2638 64 6472 10805 10806 10811 3076 3082 6851 383 6853 10812 10813 3081 6854 10809 10814 10815 3083 6855 10816 10817 
2601 10306 2638 64 6472 10307 2639 65 6473 10812 10813 10818 3081 3087 6854 384 6856 10819 10820 3086 6857 10816 10821 10822 3088 6858 10823 10824 
2602 10307 2639 65 6473 10308 2640 66 6474 10819 10820 10825 3086 3092 6857 385 6859 10826 10827 3091 6860 10823 10828 10829 3093 6861 10830 10831 
2603 10308 2640 66 6474 10309 2641 67 6475 10826 10827 10832 3091 3097 6860 386 6862 10833 10834 3096 6863 10830 10835 10836 3098 6864 10837 10838 
2604 10309 2641 67 6475 10310 2642 68 6476 10833 10834 10839 3096 3102 6863 387 6865 10840 10841 3101 6866 10837 10842 10843 3103 6867 10844 10845 
2605 10310 2642 68 6476 10311 2643 69 6477 10840 10841 10846 3101 3107 6866 388 6868 10847 10848 3106 6869 10844 10849 10850 3108 6870 10851 10852 
2606 10311 2643 69 6477 10312 2644 70 6478 10847 10848 10853 3106 3112 6869 389 6871 10854 10855 3111 6872 10851 10856 10857 3113 6873 10858 10859 
2607 10312 2644 70 6478 10313 2645 71 6479 10854 10855 10860 3111 3117 6872 390 6874 10861 10862 3116 6875 10858 10863 10864 3118 6876 10865 10866 
2608 10313 2645 71 6479 10314 2646 72 6480 10861 10862 10867 3116 3122 6875 391 6877 10868 10869 3121 6878 10865 10870 10871 3123 6879 10872 10873 
2609 10314 2646 72 6480 10315 2647 73 6481 10868 10869 10874 3121 3127 6878 392 6880 10875 10876 3126 6881 10872 10877 10878 3128 6882 10879 10880 
2610 10315 2647 73 6481 10316 2648 74 6482 10875 10876 10881 3126 3132 6881 393 6883 10882 10883 3131 6884 10879 10884 10885 3133 6885 10886 10887 
2611 10316 2648 74 6482 10317 2649 75 6483 10882 10883 10888 3131 3137 6884 394 6886 10889 10890 3136 6887 10886 10891 10892 3138 6888 10893 10894 
2612 10317 2649 75 6483 10318 2650 76 6484 10889 10890 10895 3136 3142 6887 395 6889 10896 10897 3141 6890 10893 10898 10899 3143 6891 10900 10901 
2613 10318 2650 76 6484 10319 2651 77 6485 10896 10897 10902 3141 3147 6890 396 6892 10903 10904 3146 6893 10900 10905 10906 3148 6894 10907 10908 
2614 10319 2651 77 6485 10320 2652 78 6486 10903 10904 10909 3146 3152 6893 397 6895 10910 10911 3151 6896 10907 10912 10913 3153 6897 10914 10915 
2615 10320 2652 78 6486 10321 2653 79 6487 10910 10911 10916 3151 3157 6896 398 6898 10917 10918 3156 6899 10914 10919 10920 3158 6900 10921 10922 
2616 10321 2653 79 6487 10322 2654 80 6488 10917 10918 10923 3156 3162 6899 399 6901 10924 10925 3161 6902 10921 10926 10927 3163 6903 10928 10929 
2617 10322 2654 80 6488 10323 2655 81 6489 10924 10925 10930 3161 3167 6902 400 6904 10931 10932 3166 6905 10928 10933 10934 3168 6906 10935 10936 
2618 10323 2655 81 6489 10324 2656 82 6490 10931 10932 10937 3166 3172 6905 401 6907 10938 10939 3171 6908 10935 10940 10941 3173 6909 10942 10943 
2619 10324 2656 82 6490 10325 2657 83 6491 10938 10939 10944 3171 3177 6908 402 6910 10945 10946 3176 6911 10942 10947 10948 3178 6912 10949 10950 
2620 10325 2657 83 6491 10326 2658 84 6492 10945 10946 10951 3176 3182 6911 403 6913 10952 10953 3181 6914 10949 10954 10955 3183 6915 10956 10957 
2621 10326 2658 84 6492 10327 2659 85 6493 10952 10953 10958 3181 3187 6914 404 6916 10959 10960 3186 6917 10956 10961 10962 3188 6918 10963 10964 
2622 10327 2659 85 6493 10328 2660 86 6494 10959 10960 10965 3186 3192 6917 405 6919 10966 10967 3191 6920 10963 10968 10969 3193 6921 10970 10971 
2623 10328 2660 86 6494 10329 2661 87 6495 10966 10967 10972 3191 3197 6920 406 6922 10973 10974 3196 6923 10970 10975 10976 3198 6924 10977 10978 
2624 10329 2661 87 6495 10330 2662 88 6496 10973 10974 10979 3196 3202 6923 407 6925 10980 10981 3201 6926 10977 10982 10983 3203 6927 10984 10985 
2625 10330 2662 88 6496 10331 2663 89 6497 10980 10981 10986 3201 3207 6926 408 6928 10987 10988 3206 6929 10984 10989 10990 3208 6930 10991 10992 
2626 10331 2663 89 6497 10332 2664 90 6498 10987 10988 10993 3206 3212 6929 409 6931 10994 10995 3211 6932 10991 10996 10997 3213 6933 10998 10999 
2627 10332 2664 90 6498 10333 2665 91 6499 10994 10995 11000 3211 3217 6932 410 6934 11001 11002 3216 6935 10998 11003 11004 3218 6936 11005 11006 
2628 10333 2665 91 6499 10334 2666 92 6500 11001 11002 11007 3216 3222 6935 411 6937 11008 11009 3221 6938 11005 11010 11011 3223 6939 11012 11013 
2629 10334 2666 92 6500 10335 2667 93 6501 11008 11009 11014 3221 3227 6938 412 6940 11015 11016 3226 6941 11012 11017 11018 3228 6942 11019 11020 
2630 10335 2667 93 6501 10336 2668 94 6502 11015 11016 11021 3226 3232 6941 413 6943 11022 11023 3231 6944 11019 11024 11025 3233 6945 11026 11027 
2631 10336 2668 94 6502 10337 2669 95 6503 11022 11023 11028 3231 3237 6944 414 6946 11029 11030 3236 6947 11026 11031 11032 3238 6948 11033 11034 
2632 10337 2669 95 6503 10338 2670 96 6504 11029 11030 11035 3236 3242 6947 415 6949 11036 11037 3241 6950 11033 11038 11039 3243 6951 11040 11041 
2633 10338 2670 96 6504 10339 2671 97 6505 11036 11037 11042 3241 3247 6950 416 6952 11043 11044 3246 6953 11040 11045 11046 3248 6954 11047 11048 
2634 10339 2671 97 6505 10340 2672 98 6506 11043 11044 11049 3246 3252 6953 417 6955 11050 11051 3251 6956 11047 11052 11053 3253 6957 11054 11055 
2635 10340 2672 98 6506 10341 2673 99 6507 11050 11051 11056 3251 3257 6956 418 6958 11057 11058 3256 6959 11054 11059 11060 3258 6960 11061 11062 
2636 10341 2673 99 6507 10342 2674 100 6508 11057 11058 11063 3256 3262 6959 419 6961 11064 11065 3261 6962 11061 11066 11067 3263 6963 11068 11069 
2637 10342 2674 100 6508 10343 2675 101 6509 11064 11065 11070 3261 3267 6962 420 6964 11071 11072 3266 6965 11068 11073 11074 3268 6966 11075 11076 
2638 10343 2675 101 6509 10344 2676 102 6510 11071 11072 11077 3266 3272 6965 421 6967 11078 11079 3271 6968 11075 11080 11081 3273 6969 11082 11083 
2639 10344 2676 102 6510 10345 2677 103 6511 11078 11079 11084 3271 3277 6968 422 6970 11085 11086 3276 6971 11082 11087 11088 3278 6972 11089 11090 
2640 10345 2677 103 6511 10346 2678 104 6512 11085 11086 11091 3276 3282 6971 423 6973 11092 11093 3281 6974 11089 11094 11095 3283 6975 11096 11097 
2641 10346 2678 104 6512 10347 2679 105 6513 11092 11093 11098 3281 3287 6974 424 6976 11099 11100 3286 6977 11096 11101 11102 3288 6978 11103 11104 
2642 10347 2679 105 6513 10348 2680 106 6514 11099 11100 11105 3286 3292 6977 425 6979 11106 11107 3291 6980 11103 11108 11109 3293 6981 11110 11111 
2643 10348 2680 106 6514 10349 2681 107 6515 11106 11107 11112 3291 3297 6980 426 6982 11113 11114 3296 6983 11110 11115 11116 3298 6984 11117 11118 
2644 10349 2681 107 6515 10350 2682 108 6516 11113 11114 11119 3296 3302 6983 427 6985 11120 11121 3301 6986 11117 11122 11123 3303 6987 11124 11125 
2645 10350 2682 108 6516 10351 2683 109 6517 11120 11121 11126 3301 3307 6986 428 6988 11127 11128 3306 6989 11124 11129 11130 3308 6990 11131 11132 
2646 10351 2683 109 6517 10352 2684 110 6518 11127 11128 11133 3306 3312 6989 429 6991 11134 11135 3311 6992 11131 11136 11137 3313 6993 11138 11139 
2647 10352 2684 110 6518 10353 2685 111 6519 11134 11135 11140 3311 3317 6992 430 6994 11141 11142 3316 6995 11138 11143 11144 3318 6996 11145 11146 
2648 10353 2685 111 6519 10354 2686 112 6520 11141 11142 11147 3316 3322 6995 431 6997 11148 11149 3321 6998 11145 11150 11151 3323 6999 11152 11153 
2649 10354 2686 112 6520 10355 2687 113 6521 11148 11149 11154 3321 3327 6998 432 7000 11155 11156 3326 7001 11152 11157 11158 3328 7002 11159 11160 
2650 10355 2687 113 6521 10356 2688 114 6522 11155 11156 11161 3326 3332 7001 433 7003 11162 11163 3331 7004 11159 11164 11165 3333 7005 11166 11167 
2651 10356 2688 114 6522 10357 2689 115 6523 11162 11163 11168 3331 3337 7004 434 7006 11169 11170 3336 7007 11166 11171 11172 3338 7008 11173 11174 
2652 10357 2689 115 6523 10358 2690 116 6524 11169 11170 11175 3336 3342 7007 435 7009 11176 11177 3341 7010 11173 11178 11179 3343 7011 11180 11181 
2653 10358 2690 116 6524 10359 2691 117 6525 11176 11177 11182 3341 3347 7010 436 7012 11183 11184 3346 7013 11180 11185 11186 3348 7014 11187 11188 
2654 10359 2691 117 6525 10360 2692 118 6526 11183 11184 11189 3346 3352 7013 437 7015 11190 11191 3351 7016 11187 11192 11193 3353 7017 11194 11195 
2655 10360 2692 118 6526 10361 2693 119 6527 11190 11191 11196 3351 3357 7016 438 7018 11197 11198 3356 7019 11194 11199 11200 3358 7020 11201 11202 
2656 10361 2693 119 6527 10362 2694 120 6528 11197 11198 11203 3356 3362 7019 439 7021 11204 11205 3361 7022 11201 11206 11207 3363 7023 11208 11209 
2657 10362 2694 120 6528 10363 2695 121 6529 11204 11205 11210 3361 3367 7022 440 7024 11211 11212 3366 7025 11208 11213 11214 3368 7026 11215 11216 
2658 10363 2695 121 6529 10364 2696 122 6530 11211 11212 11217 3366 3372 7025 441 7027 11218 11219 3371 7028 11215 11220 11221 3373 7029 11222 11223 
2659 10364 2696 122 6530 10365 2697 123 6531 11218 11219 11224 3371 3377 7028 442 7030 11225 11226 3376 7031 11222 11227 11228 3378 7032 11229 11230 
2660 10365 2697 123 6531 10366 2698 124 6532 11225 11226 11231 3376 3382 7031 443 7033 11232 11233 3381 7034 11229 11234 11235 3383 7035 11236 11237 
2661 10366 2698 124 6532 10367 2699 125 6533 11232 11233 11238 3381 3387 7034 444 7036 11239 11240 3386 7037 11236 11241 11242 3388 7038 11243 11244 
2662 10367 2699 125 6533 10368 2700 126 6534 11239 11240 11245 3386 3392 7037 445 7039 11246 11247 3391 7040 11243 11248 11249 3393 7041 11250 11251 
2663 10368 2700 126 6534 10369 2701 127 6535 11246 11247 11252 3391 3397 7040 446 7042 11253 11254 3396 7043 11250 11255 11256 3398 7044 11257 11258 
2664 10369 2701 127 6535 10370 2702 128 6536 11253 11254 11259 3396 3402 7043 447 7045 11260 11261 3401 7046 11257 11262 11263 3403 7047 11264 11265 
2665 10370 2702 128 6536 10371 2703 129 6537 11260 11261 11266 3401 3407 7046 448 7048 11267 11268 3406 7049 11264 11269 11270 3408 7050 11271 11272 
2666 10371 2703 129 6537 10372 2704 130 6538 11267 11268 11273 3406 3412 7049 449 7051 11274 11275 3411 7052 11271 11276 11277 3413 7053 11278 11279 
2667 10372 2704 130 6538 10373 2705 131 6539 11274 11275 11280 3411 3417 7052 450 7054 11281 11282 3416 7055 11278 11283 11284 3418 7056 11285 11286 
2668 10373 2705 131 6539 10374 2706 132 6540 11281 11282 11287 3416 3422 7055 451 7057 11288 11289 3421 7058 11285 11290 11291 3423 7059 11292 11293 
2669 10374 2706 132 6540 10375 2707 133 6541 11288 11289 11294 3421 3427 7058 452 7060 11295 11296 3426 7061 11292 11297 11298 3428 7062 11299 11300 
2670 10375 2707 133 6541 10376 2708 134 6542 11295 11296 11301 3426 3432 7061 453 7063 11302 11303 3431 7064 11299 11304 11305 3433 7065 11306 11307 
2671 10376 2708 134 6542 10377 2709 135 6543 11302 11303 11308 3431 3437 7064 454 7066 11309 11310 3436 7067 11306 11311 11312 3438 7068 11313 11314 
2672 10377 2709 135 6543 10378 2710 136 6544 11309 11310 11315 3436 3442 7067 455 7069 11316 11317 3441 7070 11313 11318 11319 3443 7071 11320 11321 
2673 10378 2710 136 6544 10379 2711 137 6545 11316 11317 11322 3441 3447 7070 456 7072 11323 11324 3446 7073 11320 11325 11326 3448 7074 11327 11328 
2674 10379 2711 137 6545 10380 2712 138 6546 11323 11324 11329 3446 3452 7073 457 7075 11330 11331 3451 7076 11327 11332 11333 3453 7077 11334 11335 
2675 10380 2712 138 6546 10381 2713 139 6547 11330 11331 11336 3451 3457 7076 458 7078 11337 11338 3456 7079 11334 11339 11340 3458 7080 11341 11342 
2676 10381 2713 139 6547 10382 2714 140 6548 11337 11338 11343 3456 3462 7079 459 7081 11344 11345 3461 7082 11341 11346 11347 3463 7083 11348 11349 
2677 10382 2714 140 6548 10383 2715 141 6549 11344 11345 11350 3461 3467 7082 460 7084 11351 11352 3466 7085 11348 11353 11354 3468 7086 11355 11356 
2678 10383 2715 141 6549 10384 2716 142 6550 11351 11352 11357 3466 3472 7085 461 7087 11358 11359 3471 7088 11355 11360 11361 3473 7089 11362 11363 
2679 10384 2716 142 6550 10385 2717 143 6551 11358 11359 11364 3471 3477 7088 462 7090 11365 11366 3476 7091 11362 11367 11368 3478 7092 11369 11370 
2680 10385 2717 143 6551 10386 2718 144 6552 11365 11366 11371 3476 3482 7091 463 7093 11372 11373 3481 7094 11369 11374 11375 3483 7095 11376 11377 
2681 10386 2718 144 6552 10387 2719 145 6553 11372 11373 11378 3481 3487 7094 464 7096 11379 11380 3486 7097 11376 11381 11382 3488 7098 11383 11384 
2682 10387 2719 145 6553 10388 2720 146 6554 11379 11380 11385 3486 3492 7097 465 7099 11386 11387 3491 7100 11383 11388 11389 3493 7101 11390 11391 
2683 10388 2720 146 6554 10389 2721 147 6555 11386 11387 11392 3491 3497 7100 466 7102 11393 11394 3496 7103 11390 11395 11396 3498 7104 11397 11398 
2684 10389 2721 147 6555 10390 2722 148 6556 11393 11394 11399 3496 3502 7103 467 7105 11400 11401 3501 7106 11397 11402 11403 3503 7107 11404 11405 
2685 10390 2722 148 6556 10391 2723 149 6557 11400 11401 11406 3501 3507 7106 468 7108 11407 11408 3506 7109 11404 11409 11410 3508 7110 11411 11412 
2686 10391 2723 149 6557 10392 2724 150 6558 11407 11408 11413 3506 3512 7109 469 7111 11414 11415 3511 7112 11411 11416 11417 3513 7113 11418 11419 
2687 10392 2724 150 6558 10393 2725 151 6559 11414 11415 11420 3511 3517 7112 470 7114 11421 11422 3516 7115 11418 11423 11424 3518 7116 11425 11426 
2688 10393 2725 151 6559 10394 2726 152 6560 11421 11422 11427 3516 3522 7115 471 7117 11428 11429 3521 7118 11425 11430 11431 3523 7119 11432 11433 
2689 10394 2726 152 6560 10395 2727 153 6561 11428 11429 11434 3521 3527 7118 472 7120 11435 11436 3526 7121 11432 11437 11438 3528 7122 11439 11440 
2690 10395 2727 153 6561 10396 2728 154 6562 11435 11436 11441 3526 3532 7121 473 7123 11442 11443 3531 7124 11439 11444 11445 3533 7125 11446 11447 
2691 10396 2728 154 6562 10397 2729 155 6563 11442 11443 11448 3531 3537 7124 474 7126 11449 11450 3536 7127 11446 11451 11452 3538 7128 11453 11454 
2692 10397 2729 155 6563 10398 2730 156 6564 11449 11450 11455 3536 3542 7127 475 7129 11456 11457 3541 7130 11453 11458 11459 3543 7131 11460 11461 
2693 10398 2730 156 6564 10399 2731 157 6565 11456 11457 11462 3541 3547 7130 476 7132 11463 11464 3546 7133 11460 11465 11466 3548 7134 11467 11468 
2694 10399 2731 157 6565 10400 2732 158 6566 11463 11464 11469 3546 3552 7133 477 7135 11470 11471 3551 7136 11467 11472 11473 3553 7137 11474 11475 
2695 10400 2732 158 6566 10401 2733 159 6567 11470 11471 11476 3551 3557 7136 478 7138 11477 11478 3556 7139 11474 11479 11480 3558 7140 11481 11482 
2696 10401 2733 159 6567 10402 2734 160 6568 11477 11478 11483 3556 3562 7139 479 7141 11484 11485 3561 7142 11481 11486 11487 3563 7143 11488 11489 
2697 10402 2734 160 6568 10403 2735 161 6569 11484 11485 11490 3561 3567 7142 480 7144 11491 11492 3566 7145 11488 11493 11494 3568 7146 11495 11496 
2698 10403 2735 161 6569 10404 2736 162 6570 11491 11492 11497 3566 3572 7145 481 7147 11498 11499 3571 7148 11495 11500 11501 3573 7149 11502 11503 
2699 10404 2736 162 6570 10405 2737 163 6571 11498 11499 11504 3571 3577 7148 482 7150 11505 11506 3576 7151 11502 11507 11508 3578 7152 11509 11510 
2700 10405 2737 163 6571 10406 2738 164 6572 11505 11506 11511 3576 3582 7151 483 7153 11512 11513 3581 7154 11509 11514 11515 3583 7155 11516 11517 
2701 10406 2738 164 6572 10407 2739 165 6573 11512 11513 11518 3581 3587 7154 484 7156 11519 11520 3586 7157 11516 11521 11522 3588 7158 11523 11524 
2702 10407 2739 165 6573 10408 2740 166 6574 11519 11520 11525 3586 3592 7157 485 7159 11526 11527 3591 7160 11523 11528 11529 3593 7161 11530 11531 
2703 10408 2740 166 6574 10409 2741 167 6575 11526 11527 11532 3591 3597 7160 486 7162 11533 11534 3596 7163 11530 11535 11536 3598 7164 11537 11538 
2704 10409 2741 167 6575 10410 2742 168 6576 11533 11534 11539 3596 3602 7163 487 7165 11540 11541 3601 7166 11537 11542 11543 3603 7167 11544 11545 
2705 10410 2742 168 6576 10411 2743 169 6577 11540 11541 11546 3601 3607 7166 488 7168 11547 11548 3606 7169 11544 11549 11550 3608 7170 11551 11552 
2706 10411 2743 169 6577 10412 2744 170 6578 11547 11548 11553 3606 3612 7169 489 7171 11554 11555 3611 7172 11551 11556 11557 3613 7173 11558 11559 
2707 10412 2744 170 6578 10413 2745 171 6579 11554 11555 11560 3611 3617 7172 490 7174 11561 11562 3616 7175 11558 11563 11564 3618 7176 11565 11566 
2708 10413 2745 171 6579 10414 2746 172 6580 11561 11562 11567 3616 3622 7175 491 7177 11568 11569 3621 7178 11565 11570 11571 3623 7179 11572 11573 
2709 10414 2746 172 6580 10415 2747 173 6581 11568 11569 11574 3621 3627 7178 492 7180 11575 11576 3626 7181 11572 11577 11578 3628 7182 11579 11580 
2710 10415 2747 173 6581 10416 2748 174 6582 11575 11576 11581 3626 3632 7181 493 7183 11582 11583 3631 7184 11579 11584 11585 3633 7185 11586 11587 
2711 10416 2748 174 6582 10417 2749 175 6583 11582 11583 11588 3631 3637 7184 494 7186 11589 11590 3636 7187 11586 11591 11592 3638 7188 11593 11594 
2712 10417 2749 175 6583 10418 2750 176 6584 11589 11590 11595 3636 3642 7187 495 7189 11596 11597 3641 7190 11593 11598 11599 3643 7191 11600 11601 
2713 10418 2750 176 6584 10419 2751 177 6585 11596 11597 11602 3641 3647 7190 496 7192 11603 11604 3646 7193 11600 11605 11606 3648 7194 11607 11608 
2714 10419 2751 177 6585 10420 2752 178 6586 11603 11604 11609 3646 3652 7193 497 7195 11610 11611 3651 7196 11607 11612 11613 3653 7197 11614 11615 
2715 10420 2752 178 6586 10421 2753 179 6587 11610 11611 11616 3651 3657 7196 498 7198 11617 11618 3656 7199 11614 11619 11620 3658 7200 11621 11622 
2716 10421 2753 179 6587 10422 2754 180 6588 11617 11618 11623 3656 3662 7199 499 7201 11624 11625 3661 7202 11621 11626 11627 3663 7203 11628 11629 
2717 10422 2754 180 6588 10423 2755 181 6589 11624 11625 11630 3661 3667 7202 500 7204 11631 11632 3666 7205 11628 11633 11634 3668 7206 11635 11636 
2718 10423 2755 181 6589 10424 2756 182 6590 11631 11632 11637 3666 3672 7205 501 7207 11638 11639 3671 7208 11635 11640 11641 3673 7209 11642 11643 
2719 10424 2756 182 6590 10425 2757 183 6591 11638 11639 11644 3671 3677 7208 502 7210 11645 11646 3676 7211 11642 11647 11648 3678 7212 11649 11650 
2720 10425 2757 183 6591 10426 2758 184 6592 11645 11646 11651 3676 3682 7211 503 7213 11652 11653 3681 7214 11649 11654 11655 3683 7215 11656 11657 
2721 10426 2758 184 6592 10427 2759 185 6593 11652 11653 11658 3681 3687 7214 504 7216 11659 11660 3686 7217 11656 11661 11662 3688 7218 11663 11664 
2722 10427 2759 185 6593 10428 2760 186 6594 11659 11660 11665 3686 3692 7217 505 7219 11666 11667 3691 7220 11663 11668 11669 3693 7221 11670 11671 
2723 10428 2760 186 6594 10429 2761 187 6595 11666 11667 11672 3691 3697 7220 506 7222 11673 11674 3696 7223 11670 11675 11676 3698 7224 11677 11678 
2724 10429 2761 187 6595 10430 2762 188 6596 11673 11674 11679 3696 3702 7223 507 7225 11680 11681 3701 7226 11677 11682 11683 3703 7227 11684 11685 
2725 10430 2762 188 6596 10431 2763 189 6597 11680 11681 11686 3701 3707 7226 508 7228 11687 11688 3706 7229 11684 11689 11690 3708 7230 11691 11692 
2726 10431 2763 189 6597 10432 2764 190 6598 11687 11688 11693 3706 3712 7229 509 7231 11694 11695 3711 7232 11691 11696 11697 3713 7233 11698 11699 
2727 10432 2764 190 6598 10433 2765 191 6599 11694 11695 11700 3711 3717 7232 510 7234 11701 11702 3716 7235 11698 11703 11704 3718 7236 11705 11706 
2728 10433 2765 191 6599 10434 2766 192 6600 11701 11702 11707 3716 3722 7235 511 7237 11708 11709 3721 7238 11705 11710 11711 3723 7239 11712 11713 
2729 10434 2766 192 6600 10435 2767 193 6601 11708 11709 11714 3721 3727 7238 512 7240 11715 11716 3726 7241 11712 11717 11718 3728 7242 11719 11720 
2730 10435 2767 193 6601 10436 2768 194 6602 11715 11716 11721 3726 3732 7241 513 7243 11722 11723 3731 7244 11719 11724 11725 3733 7245 11726 11727 
2731 10436 2768 194 6602 10437 2769 195 6603 11722 11723 11728 3731 3737 7244 514 7246 11729 11730 3736 7247 11726 11731 11732 3738 7248 11733 11734 
2732 10437 2769 195 6603 10438 2770 196 6604 11729 11730 11735 3736 3742 7247 515 7249 11736 11737 3741 7250 11733 11738 11739 3743 7251 11740 11741 
2733 10438 2770 196 6604 10439 2771 197 6605 11736 11737 11742 3741 3747 7250 516 7252 11743 11744 3746 7253 11740 11745 11746 3748 7254 11747 11748 
2734 10439 2771 197 6605 10440 2772 198 6606 11743 11744 11749 3746 3752 7253 517 7255 11750 11751 3751 7256 11747 11752 11753 3753 7257 11754 11755 
2735 10440 2772 198 6606 10441 2773 199 6607 11750 11751 11756 3751 3757 7256 518 7258 11757 11758 3756 7259 11754 11759 11760 3758 7260 11761 11762 
2736 10441 2773 199 6607 10442 2774 200 6608 11757 11758 11763 3756 3762 7259 519 7261 11764 11765 3761 7262 11761 11766 11767 3763 7263 11768 11769 
2737 10442 2774 200 6608 10443 2775 201 6609 11764 11765 11770 3761 3767 7262 520 7264 11771 11772 3766 7265 11768 11773 11774 3768 7266 11775 11776 
2738 10443 2775 201 6609 10444 2776 202 6610 11771 11772 11777 3766 3772 7265 521 7267 11778 11779 3771 7268 11775 11780 11781 3773 7269 11782 11783 
2739 10444 2776 202 6610 10445 2777 203 6611 11778 11779 11784 3771 3777 7268 522 7270 11785 11786 3776 7271 11782 11787 11788 3778 7272 11789 11790 
2740 10445 2777 203 6611 10446 2778 204 6612 11785 11786 11791 3776 3782 7271 523 7273 11792 11793 3781 7274 11789 11794 11795 3783 7275 11796 11797 
2741 10446 2778 204 6612 10447 2779 205 6613 11792 11793 11798 3781 3787 7274 524 7276 11799 11800 3786 7277 11796 11801 11802 3788 7278 11803 11804 
2742 10447 2779 205 6613 10448 2780 206 6614 11799 11800 11805 3786 3792 7277 525 7279 11806 11807 3791 7280 11803 11808 11809 3793 7281 11810 11811 
2743 10448 2780 206 6614 10449 2781 207 6615 11806 11807 11812 3791 3797 7280 526 7282 11813 11814 3796 7283 11810 11815 11816 3798 7284 11817 11818 
2744 10449 2781 207 6615 10450 2782 208 6616 11813 11814 11819 3796 3802 7283 527 7285 11820 11821 3801 7286 11817 11822 11823 3803 7287 11824 11825 
2745 10450 2782 208 6616 10451 2783 209 6617 11820 11821 11826 3801 3807 7286 528 7288 11827 11828 3806 7289 11824 11829 11830 3808 7290 11831 11832 
2746 10451 2783 209 6617 10452 2784 210 6618 11827 11828 11833 3806 3812 7289 529 7291 11834 11835 3811 7292 11831 11836 11837 3813 7293 11838 11839 
2747 10452 2784 210 6618 10453 2785 211 6619 11834 11835 11840 3811 3817 7292 530 7294 11841 11842 3816 7295 11838 11843 11844 3818 7296 11845 11846 
2748 10453 2785 211 6619 10454 2786 212 6620 11841 11842 11847 3816 3822 7295 531 7297 11848 11849 3821 7298 11845 11850 11851 3823 7299 11852 11853 
2749 10454 2786 212 6620 10455 2787 213 6621 11848 11849 11854 3821 3827 7298 532 7300 11855 11856 3826 7301 11852 11857 11858 3828 7302 11859 11860 
2750 10455 2787 213 6621 10456 2788 214 6622 11855 11856 11861 3826 3832 7301 533 7303 11862 11863 3831 7304 11859 11864 11865 3833 7305 11866 11867 
2751 10456 2788 214 6622 10457 2789 215 6623 11862 11863 11868 3831 3837 7304 534 7306 11869 11870 3836 7307 11866 11871 11872 3838 7308 11873 11874 
2752 10457 2789 215 6623 10458 2790 216 6624 11869 11870 11875 3836 3842 7307 535 7309 11876 11877 3841 7310 11873 11878 11879 3843 7311 11880 11881 
2753 10458 2790 216 6624 10459 2791 217 6625 11876 11877 11882 3841 3847 7310 536 7312 11883 11884 3846 7313 11880 11885 11886 3848 7314 11887 11888 
2754 10459 2791 217 6625 10460 2792 218 6626 11883 11884 11889 3846 3852 7313 537 7315 11890 11891 3851 7316 11887 11892 11893 3853 7317 11894 11895 
2755 10460 2792 218 6626 10461 2793 219 6627 11890 11891 11896 3851 3857 7316 538 7318 11897 11898 3856 7319 11894 11899 11900 3858 7320 11901 11902 
2756 10461 2793 219 6627 10462 2794 220 6628 11897 11898 11903 3856 3862 7319 539 7321 11904 11905 3861 7322 11901 11906 11907 3863 7323 11908 11909 
2757 10462 2794 220 6628 10463 2795 221 6629 11904 11905 11910 3861 3867 7322 540 7324 11911 11912 3866 7325 11908 11913 11914 3868 7326 11915 11916 
2758 10463 2795 221 6629 10464 2796 222 6630 11911 11912 11917 3866 3872 7325 541 7327 11918 11919 3871 7328 11915 11920 11921 3873 7329 11922 11923 
2759 10464 2796 222 6630 10465 2797 223 6631 11918 11919 11924 3871 3877 7328 542 7330 11925 11926 3876 7331 11922 11927 11928 3878 7332 11929 11930 
2760 10465 2797 223 6631 10466 2798 224 6632 11925 11926 11931 3876 3882 7331 543 7333 11932 11933 3881 7334 11929 11934 11935 3883 7335 11936 11937 
2761 10466 2798 224 6632 10467 2799 225 6633 11932 11933 11938 3881 3887 7334 544 7336 11939 11940 3886 7337 11936 11941 11942 3888 7338 11943 11944 
2762 10467 2799 225 6633 10468 2800 226 6634 11939 11940 11945 3886 3892 7337 545 7339 11946 11947 3891 7340 11943 11948 11949 3893 7341 11950 11951 
2763 10468 2800 226 6634 10469 2801 227 6635 11946 11947 11952 3891 3897 7340 546 7342 11953 11954 3896 7343 11950 11955 11956 3898 7344 11957 11958 
2764 10469 2801 227 6635 10470 2802 228 6636 11953 11954 11959 3896 3902 7343 547 7345 11960 11961 3901 7346 11957 11962 11963 3903 7347 11964 11965 
2765 10470 2802 228 6636 10471 2803 229 6637 11960 11961 11966 3901 3907 7346 548 7348 11967 11968 3906 7349 11964 11969 11970 3908 7350 11971 11972 
2766 10471 2803 229 6637 10472 2804 230 6638 11967 11968 11973 3906 3912 7349 549 7351 11974 11975 3911 7352 11971 11976 11977 3913 7353 11978 11979 
2767 10472 2804 230 6638 10473 2805 231 6639 11974 11975 11980 3911 3917 7352 550 7354 11981 11982 3916 7355 11978 11983 11984 3918 7356 11985 11986 
2768 10473 2805 231 6639 10474 2806 232 6640 11981 11982 11987 3916 3922 7355 551 7357 11988 11989 3921 7358 11985 11990 11991 3923 7359 11992 11993 
2769 10474 2806 232 6640 10475 2807 233 6641 11988 11989 11994 3921 3927 7358 552 7360 11995 11996 3926 7361 11992 11997 11998 3928 7362 11999 12000 
2770 10475 2807 233 6641 10476 2808 234 6642 11995 11996 12001 3926 3932 7361 553 7363 12002 12003 3931 7364 11999 12004 12005 3933 7365 12006 12007 
2771 10476 2808 234 6642 10477 2809 235 6643 12002 12003 12008 3931 3937 7364 554 7366 12009 12010 3936 7367 12006 12011 12012 3938 7368 12013 12014 
2772 10477 2809 235 6643 10478 2810 236 6644 12009 12010 12015 3936 3942 7367 555 7369 12016 12017 3941 7370 12013 12018 12019 3943 7371 12020 12021 
2773 10478 2810 236 6644 10479 2811 237 6645 12016 12017 12022 3941 3947 7370 556 7372 12023 12024 3946 7373 12020 12025 12026 3948 7374 12027 12028 
2774 10479 2811 237 6645 10480 2812 238 6646 12023 12024 12029 3946 3952 7373 557 7375 12030 12031 3951 7376 12027 12032 12033 3953 7377 12034 12035 
2775 10480 2812 238 6646 10481 2813 239 6647 12030 12031 12036 3951 3957 7376 558 7378 12037 12038 3956 7379 12034 12039 12040 3958 7380 12041 12042 
2776 10481 2813 239 6647 10482 2814 240 6648 12037 12038 12043 3956 3962 7379 559 7381 12044 12045 3961 7382 12041 12046 12047 3963 7383 12048 12049 
2777 10482 2814 240 6648 10483 2815 241 6649 12044 12045 12050 3961 3967 7382 560 7384 12051 12052 3966 7385 12048 12053 12054 3968 7386 12055 12056 
2778 10483 2815 241 6649 10484 2816 242 6650 12051 12052 12057 3966 3972 7385 561 7387 12058 12059 3971 7388 12055 12060 12061 3973 7389 12062 12063 
2779 10484 2816 242 6650 10485 2817 243 6651 12058 12059 12064 3971 3977 7388 562 7390 12065 12066 3976 7391 12062 12067 12068 3978 7392 12069 12070 
2780 10485 2817 243 6651 10486 2818 244 6652 12065 12066 12071 3976 3982 7391 563 7393 12072 12073 3981 7394 12069 12074 12075 3983 7395 12076 12077 
2781 10486 2818 244 6652 10487 2819 245 6653 12072 12073 12078 3981 3987 7394 564 7396 12079 12080 3986 7397 12076 12081 12082 3988 7398 12083 12084 
2782 10487 2819 245 6653 10488 2820 246 6654 12079 12080 12085 3986 3992 7397 565 7399 12086 12087 3991 7400 12083 12088 12089 3993 7401 12090 12091 
2783 10488 2820 246 6654 10489 2821 247 6655 12086 12087 12092 3991 3997 7400 566 7402 12093 12094 3996 7403 12090 12095 12096 3998 7404 12097 12098 
2784 10489 2821 247 6655 10490 2822 248 6656 12093 12094 12099 3996 4002 7403 567 7405 12100 12101 4001 7406 12097 12102 12103 4003 7407 12104 12105 
2785 10490 2822 248 6656 10491 2823 249 6657 12100 12101 12106 4001 4007 7406 568 7408 12107 12108 4006 7409 12104 12109 12110 4008 7410 12111 12112 
2786 10491 2823 249 6657 10492 2824 250 6658 12107 12108 12113 4006 4012 7409 569 7411 12114 12115 4011 7412 12111 12116 12117 4013 7413 12118 12119 
2787 10492 2824 250 6658 10493 2825 251 6659 12114 12115 12120 4011 4017 7412 570 7414 12121 12122 4016 7415 12118 12123 12124 4018 7416 12125 12126 
2788 10493 2825 251 6659 10494 2826 252 6660 12121 12122 12127 4016 4022 7415 571 7417 12128 12129 4021 7418 12125 12130 12131 4023 7419 12132 12133 
2789 10494 2826 252 6660 10495 2827 253 6661 12128 12129 12134 4021 4027 7418 572 7420 12135 12136 4026 7421 12132 12137 12138 4028 7422 12139 12140 
2790 10495 2827 253 6661 10496 2828 254 6662 12135 12136 12141 4026 4032 7421 573 7423 12142 12143 4031 7424 12139 12144 12145 4033 7425 12146 12147 
2791 10496 2828 254 6662 10497 2829 255 6663 12142 12143 12148 4031 4037 7424 574 7426 12149 12150 4036 7427 12146 12151 12152 4038 7428 12153 12154 
2792 10497 2829 255 6663 10498 2830 256 6664 12149 12150 12155 4036 4042 7427 575 7429 12156 12157 4041 7430 12153 12158 12159 4043 7431 12160 12161 
2793 10498 2830 256 6664 10499 2831 257 6665 12156 12157 12162 4041 4047 7430 576 7432 12163 12164 4046 7433 12160 12165 12166 4048 7434 12167 12168 
2794 10499 2831 257 6665 10500 2832 258 6666 12163 12164 12169 4046 4052 7433 577 7435 12170 12171 4051 7436 12167 12172 12173 4053 7437 12174 12175 
2795 10500 2832 258 6666 10501 2833 259 6667 12170 12171 12176 4051 4057 7436 578 7438 12177 12178 4056 7439 12174 12179 12180 4058 7440 12181 12182 
2796 10501 2833 259 6667 10502 2834 260 6668 12177 12178 12183 4056 4062 7439 579 7441 12184 12185 4061 7442 12181 12186 12187 4063 7443 12188 12189 
2797 10502 2834 260 6668 10503 2835 261 6669 12184 12185 12190 4061 4067 7442 580 7444 12191 12192 4066 7445 12188 12193 12194 4068 7446 12195 12196 
2798 10503 2835 261 6669 10504 2836 262 6670 12191 12192 12197 4066 4072 7445 581 7447 12198 12199 4071 7448 12195 12200 12201 4073 7449 12202 12203 
2799 10504 2836 262 6670 10505 2837 263 6671 12198 12199 12204 4071 4077 7448 582 7450 12205 12206 4076 7451 12202 12207 12208 4078 7452 12209 12210 
2800 10505 2837 263 6671 10506 2838 264 6672 12205 12206 12211 4076 4082 7451 583 7453 12212 12213 4081 7454 12209 12214 12215 4083 7455 12216 12217 
2801 10506 2838 264 6672 10507 2839 265 6673 12212 12213 12218 4081 4087 7454 584 7456 12219 12220 4086 7457 12216 12221 12222 4088 7458 12223 12224 
2802 10507 2839 265 6673 10508 2840 266 6674 12219 12220 12225 4086 4092 7457 585 7459 12226 12227 4091 7460 12223 12228 12229 4093 7461 12230 12231 
2803 10508 2840 266 6674 10509 2841 267 6675 12226 12227 12232 4091 4097 7460 586 7462 12233 12234 4096 7463 12230 12235 12236 4098 7464 12237 12238 
2804 10509 2841 267 6675 10510 2842 268 6676 12233 12234 12239 4096 4102 7463 587 7465 12240 12241 4101 7466 12237 12242 12243 4103 7467 12244 12245 
2805 10510 2842 268 6676 10511 2843 269 6677 12240 12241 12246 4101 4107 7466 588 7468 12247 12248 4106 7469 12244 12249 12250 4108 7470 12251 12252 
2806 10511 2843 269 6677 10512 2844 270 6678 12247 12248 12253 4106 4112 7469 589 7471 12254 12255 4111 7472 12251 12256 12257 4113 7473 12258 12259 
2807 10512 2844 270 6678 10513 2845 271 6679 12254 12255 12260 4111 4117 7472 590 7474 12261 12262 4116 7475 12258 12263 12264 4118 7476 12265 12266 
2808 10513 2845 271 6679 10514 2846 272 6680 12261 12262 12267 4116 4122 7475 591 7477 12268 12269 4121 7478 12265 12270 12271 4123 7479 12272 12273 
2809 10514 2846 272 6680 10515 2847 273 6681 12268 12269 12274 4121 4127 7478 592 7480 12275 12276 4126 7481 12272 12277 12278 4128 7482 12279 12280 
2810 10515 2847 273 6681 10516 2848 274 6682 12275 12276 12281 4126 4132 7481 593 7483 12282 12283 4131 7484 12279 12284 12285 4133 7485 12286 12287 
2811 10516 2848 274 6682 10517 2849 275 6683 12282 12283 12288 4131 4137 7484 594 7486 12289 12290 4136 7487 12286 12291 12292 4138 7488 12293 12294 
2812 10517 2849 275 6683 10518 2850 276 6684 12289 12290 12295 4136 4142 7487 595 7489 12296 12297 4141 7490 12293 12298 12299 4143 7491 12300 12301 
2813 10518 2850 276 6684 10519 2851 277 6685 12296 12297 12302 4141 4147 7490 596 7492 12303 12304 4146 7493 12300 12305 12306 4148 7494 12307 12308 
2814 10519 2851 277 6685 10520 2852 278 6686 12303 12304 12309 4146 4152 7493 597 7495 12310 12311 4151 7496 12307 12312 12313 4153 7497 12314 12315 
2815 10520 2852 278 6686 10521 2853 279 6687 12310 12311 12316 4151 4157 7496 598 7498 12317 12318 4156 7499 12314 12319 12320 4158 7500 12321 12322 
2816 10521 2853 279 6687 10522 2854 280 6688 12317 12318 12323 4156 4162 7499 599 7501 12324 12325 4161 7502 12321 12326 12327 4163 7503 12328 12329 
2817 10522 2854 280 6688 10523 2855 281 6689 12324 12325 12330 4161 4167 7502 600 7504 12331 12332 4166 7505 12328 12333 12334 4168 7506 12335 12336 
2818 10523 2855 281 6689 10524 2856 282 6690 12331 12332 12337 4166 4172 7505 601 7507 12338 12339 4171 7508 12335 12340 12341 4173 7509 12342 12343 
2819 10524 2856 282 6690 10525 2857 283 6691 12338 12339 12344 4171 4177 7508 602 7510 12345 12346 4176 7511 12342 12347 12348 4178 7512 12349 12350 
2820 10525 2857 283 6691 10526 2858 284 6692 12345 12346 12351 4176 4182 7511 603 7513 12352 12353 4181 7514 12349 12354 12355 4183 7515 12356 12357 
2821 10526 2858 284 6692 10527 2859 285 6693 12352 12353 12358 4181 4187 7514 604 7516 12359 12360 4186 7517 12356 12361 12362 4188 7518 12363 12364 
2822 10527 2859 285 6693 10528 2860 286 6694 12359 12360 12365 4186 4192 7517 605 7519 12366 12367 4191 7520 12363 12368 12369 4193 7521 12370 12371 
2823 10528 2860 286 6694 10529 2861 287 6695 12366 12367 12372 4191 4197 7520 606 7522 12373 12374 4196 7523 12370 12375 12376 4198 7524 12377 12378 
2824 10529 2861 287 6695 10530 2862 288 6696 12373 12374 12379 4196 4202 7523 607 7525 12380 12381 4201 7526 12377 12382 12383 4203 7527 12384 12385 
2825 10530 2862 288 6696 10531 2863 289 6697 12380 12381 12386 4201 4207 7526 608 7528 12387 12388 4206 7529 12384 12389 12390 4208 7530 12391 12392 
2826 10531 2863 289 6697 10532 2864 290 6698 12387 12388 12393 4206 4212 7529 609 7531 12394 12395 4211 7532 12391 12396 12397 4213 7533 12398 12399 
2827 10532 2864 290 6698 10533 2865 291 6699 12394 12395 12400 4211 4217 7532 610 7534 12401 12402 4216 7535 12398 12403 12404 4218 7536 12405 12406 
2828 10533 2865 291 6699 10534 2866 292 6700 12401 12402 12407 4216 4222 7535 611 7537 12408 12409 4221 7538 12405 12410 12411 4223 7539 12412 12413 
2829 10534 2866 292 6700 10535 2867 293 6701 12408 12409 12414 4221 4227 7538 612 7540 12415 12416 4226 7541 12412 12417 12418 4228 7542 12419 12420 
2830 10535 2867 293 6701 10536 2868 294 6702 12415 12416 12421 4226 4232 7541 613 7543 12422 12423 4231 7544 12419 12424 12425 4233 7545 12426 12427 
2831 10536 2868 294 6702 10537 2869 295 6703 12422 12423 12428 4231 4237 7544 614 7546 12429 12430 4236 7547 12426 12431 12432 4238 7548 12433 12434 
2832 10537 2869 295 6703 10538 2870 296 6704 12429 12430 12435 4236 4242 7547 615 7549 12436 12437 4241 7550 12433 12438 12439 4243 7551 12440 12441 
2833 10538 2870 296 6704 10539 2871 297 6705 12436 12437 12442 4241 4247 7550 616 7552 12443 12444 4246 7553 12440 12445 12446 4248 7554 12447 12448 
2834 10539 2871 297 6705 10540 2872 298 6706 12443 12444 12449 4246 4252 7553 617 7555 12450 12451 4251 7556 12447 12452 12453 4253 7557 12454 12455 
2835 10540 2872 298 6706 10541 2873 299 6707 12450 12451 12456 4251 4257 7556 618 7558 12457 12458 4256 7559 12454 12459 12460 4258 7560 12461 12462 
2836 10541 2873 299 6707 10542 2874 300 6708 12457 12458 12463 4256 4262 7559 619 7561 12464 12465 4261 7562 12461 12466 12467 4263 7563 12468 12469 
2837 10542 2874 300 6708 10543 2875 301 6709 12464 12465 12470 4261 4267 7562 620 7564 12471 12472 4266 7565 12468 12473 12474 4268 7566 12475 12476 
2838 10543 2875 301 6709 10544 2876 302 6710 12471 12472 12477 4266 4272 7565 621 7567 12478 12479 4271 7568 12475 12480 12481 4273 7569 12482 12483 
2839 10544 2876 302 6710 10545 2877 303 6711 12478 12479 12484 4271 4277 7568 622 7570 12485 12486 4276 7571 12482 12487 12488 4278 7572 12489 12490 
2840 10545 2877 303 6711 10546 2878 304 6712 12485 12486 12491 4276 4282 7571 623 7573 12492 12493 4281 7574 12489 12494 12495 4283 7575 12496 12497 
2841 10546 2878 304 6712 10547 2879 305 6713 12492 12493 12498 4281 4287 7574 624 7576 12499 12500 4286 7577 12496 12501 12502 4288 7578 12503 12504 
2842 10547 2879 305 6713 10548 2880 306 6714 12499 12500 12505 4286 4292 7577 625 7579 12506 12507 4291 7580 12503 12508 12509 4293 7581 12510 12511 
2843 10548 2880 306 6714 10549 2881 307 6715 12506 12507 12512 4291 4297 7580 626 7582 12513 12514 4296 7583 12510 12515 12516 4298 7584 12517 12518 
2844 10549 2881 307 6715 10550 2882 308 6716 12513 12514 12519 4296 4302 7583 627 7585 12520 12521 4301 7586 12517 12522 12523 4303 7587 12524 12525 
2845 10550 2882 308 6716 10551 2883 309 6717 12520 12521 12526 4301 4307 7586 628 7588 12527 12528 4306 7589 12524 12529 12530 4308 7590 12531 12532 
2846 10551 2883 309 6717 10552 2884 310 6718 12527 12528 12533 4306 4312 7589 629 7591 12534 12535 4311 7592 12531 12536 12537 4313 7593 12538 12539 
2847 10552 2884 310 6718 10553 2885 311 6719 12534 12535 12540 4311 4317 7592 630 7594 12541 12542 4316 7595 12538 12543 12544 4318 7596 12545 12546 
2848 10553 2885 311 6719 10554 2886 312 6720 12541 12542 12547 4316 4322 7595 631 7597 12548 12549 4321 7598 12545 12550 12551 4323 7599 12552 12553 
2849 10554 2886 312 6720 10555 2887 313 6721 12548 12549 12554 4321 4327 7598 632 7600 12555 12556 4326 7601 12552 12557 12558 4328 7602 12559 12560 
2850 10555 2887 313 6721 10556 2888 314 6722 12555 12556 12561 4326 4332 7601 633 7603 12562 12563 4331 7604 12559 12564 12565 4333 7605 12566 12567 
2851 10556 2888 314 6722 10557 2889 315 6723 12562 12563 12568 4331 4337 7604 634 7606 12569 12570 4336 7607 12566 12571 12572 4338 7608 12573 12574 
2852 10557 2889 315 6723 10558 2890 316 6724 12569 12570 12575 4336 4342 7607 635 7609 12576 12577 4341 7610 12573 12578 12579 4343 7611 12580 12581 
2853 10558 2890 316 6724 10559 2891 317 6725 12576 12577 12582 4341 4347 7610 636 7612 12583 12584 4346 7613 12580 12585 12586 4348 7614 12587 12588 
2854 10559 2891 317 6725 10560 2892 318 6726 12583 12584 12589 4346 4352 7613 637 7615 12590 12591 4351 7616 12587 12592 12593 4353 7617 12594 12595 
2855 10560 2892 318 6726 10561 2893 319 6727 12590 12591 12596 4351 4357 7616 638 7618 12597 12598 4356 7619 12594 12599 12600 4358 7620 12601 12602 
2856 10561 2893 319 6727 10562 2894 320 6728 12597 12598 12603 4356 4362 7619 639 7621 12604 12605 4361 7622 12601 12606 12607 4363 7623 12608 12609 
2857 10562 2894 320 6728 10563 2895 321 6729 12604 12605 12610 4361 4367 7622 640 7624 12611 12612 4366 7625 12608 12613 12614 4368 7626 12615 12616 
2858 10563 2895 321 6729 10564 2896 322 6730 12611 12612 12617 4366 4372 7625 641 7627 12618 12619 4371 7628 12615 12620 12621 4373 7629 12622 12623 
2859 10564 2896 322 6730 10565 2897 323 6731 12618 12619 12624 4371 4377 7628 642 7630 12625 12626 4376 7631 12622 12627 12628 4378 7632 12629 12630 
2860 10565 2897 323 6731 10566 2898 324 6732 12625 12626 12631 4376 4382 7631 643 7633 12632 12633 4381 7634 12629 12634 12635 4383 7635 12636 12637 
2861 10566 2898 324 6732 10567 2899 325 6733 12632 12633 12638 4381 4387 7634 644 7636 12639 12640 4386 7637 12636 12641 12642 4388 7638 12643 12644 
2862 10567 2899 325 6733 10568 2900 326 6734 12639 12640 12645 4386 4392 7637 645 7639 12646 12647 4391 7640 12643 12648 12649 4393 7641 12650 12651 
2863 10568 2900 326 6734 10569 2901 327 6735 12646 12647 12652 4391 4397 7640 646 7642 12653 12654 4396 7643 12650 12655 12656 4398 7644 12657 12658 
2864 10569 2901 327 6735 10570 2902 328 6736 12653 12654 12659 4396 4402 7643 647 7645 12660 12661 4401 7646 12657 12662 12663 4403 7647 12664 12665 
2865 10570 2902 328 6736 10571 2903 329 6737 12660 12661 12666 4401 4407 7646 648 7648 12667 12668 4406 7649 12664 12669 12670 4408 7650 12671 12672 
2866 10571 2903 329 6737 10572 2904 330 6738 12667 12668 12673 4406 4412 7649 649 7651 12674 12675 4411 7652 12671 12676 12677 4413 7653 12678 12679 
2867 10572 2904 330 6738 10573 2905 331 6739 12674 12675 12680 4411 4417 7652 650 7654 12681 12682 4416 7655 12678 12683 12684 4418 7656 12685 12686 
2868 10573 2905 331 6739 10574 2906 332 6740 12681 12682 12687 4416 4422 7655 651 7657 12688 12689 4421 7658 12685 12690 12691 4423 7659 12692 12693 
2869 10574 2906 332 6740 10575 2907 333 6741 12688 12689 12694 4421 4427 7658 652 7660 12695 12696 4426 7661 12692 12697 12698 4428 7662 12699 12700 
2870 10575 2907 333 6741 10576 2908 334 6742 12695 12696 12701 4426 4432 7661 653 7663 12702 12703 4431 7664 12699 12704 12705 4433 7665 12706 12707 
2871 10576 2908 334 6742 10577 2909 335 6743 12702 12703 12708 4431 4437 7664 654 7666 12709 12710 4436 7667 12706 12711 12712 4438 7668 12713 12714 
2872 10577 2909 335 6743 10578 2910 336 6744 12709 12710 12715 4436 4442 7667 655 7669 12716 12717 4441 7670 12713 12718 12719 4443 7671 12720 12721 
2873 10578 2910 336 6744 10579 2911 337 6745 12716 12717 12722 4441 4447 7670 656 7672 12723 12724 4446 7673 12720 12725 12726 4448 7674 12727 12728 
2874 10579 2911 337 6745 10580 2912 338 6746 12723 12724 12729 4446 4452 7673 657 7675 12730 12731 4451 7676 12727 12732 12733 4453 7677 12734 12735 
2875 10580 2912 338 6746 10581 2913 339 6747 12730 12731 12736 4451 4457 7676 658 7678 12737 12738 4456 7679 12734 12739 12740 4458 7680 12741 12742 
2876 10581 2913 339 6747 10582 2914 340 6748 12737 12738 12743 4456 4462 7679 659 7681 12744 12745 4461 7682 12741 12746 12747 4463 7683 12748 12749 
2877 10582 2914 340 6748 10583 2915 341 6749 12744 12745 12750 4461 4467 7682 660 7684 12751 12752 4466 7685 12748 12753 12754 4468 7686 12755 12756 
2878 10583 2915 341 6749 10584 2916 342 6750 12751 12752 12757 4466 4472 7685 661 7687 12758 12759 4471 7688 12755 12760 12761 4473 7689 12762 12763 
2879 10584 2916 342 6750 10585 2917 343 6751 12758 12759 12764 4471 4477 7688 662 7690 12765 12766 4476 7691 12762 12767 12768 4478 7692 12769 12770 
2880 10585 2917 343 6751 10586 2918 344 6752 12765 12766 12771 4476 4482 7691 663 7693 12772 12773 4481 7694 12769 12774 12775 4483 7695 12776 12777 
2881 10586 2918 344 6752 10587 2919 345 6753 12772 12773 12778 4481 4487 7694 664 7696 12779 12780 4486 7697 12776 12781 12782 4488 7698 12783 12784 
2882 10587 2919 345 6753 10588 2920 346 6754 12779 12780 12785 4486 4492 7697 665 7699 12786 12787 4491 7700 12783 12788 12789 4493 7701 12790 12791 
2883 10588 2920 346 6754 10589 2921 347 6755 12786 12787 12792 4491 4497 7700 666 7702 12793 12794 4496 7703 12790 12795 12796 4498 7704 12797 12798 
2884 10589 2921 347 6755 10590 2922 348 6756 12793 12794 12799 4496 4502 7703 667 7705 12800 12801 4501 7706 12797 12802 12803 4503 7707 12804 12805 
2885 10590 2922 348 6756 10591 2923 349 6757 12800 12801 12806 4501 4507 7706 668 7708 12807 12808 4506 7709 12804 12809 12810 4508 7710 12811 12812 
2886 10591 2923 349 6757 10592 2924 350 6758 12807 12808 12813 4506 4512 7709 669 7711 12814 12815 4511 7712 12811 12816 12817 4513 7713 12818 12819 
2887 10592 2924 350 6758 10593 2925 351 6759 12814 12815 12820 4511 4517 7712 670 7714 12821 12822 4516 7715 12818 12823 12824 4518 7716 12825 12826 
2888 10593 2925 351 6759 2598 21 6 30 12821 12822 12827 4516 4521 7715 671 7717 2600 2599 22 31 12825 12828 12829 4522 7718 2601 12830 
2889 15 2589 18 4 4524 10275 6441 1311 2593 16 4843 2591 10594 20 6760 1630 12831 4844 10596 7719 2594 12832 4845 10598 7720 12833 12834 
2890 4524 10275 6441 1311 4525 10276 6442 1312 12831 4844 4848 10596 10601 7719 6763 1631 12835 4849 10603 7721 12833 12836 4850 10605 7722 12837 12838 
2891 4525 10276 6442 1312 4526 10277 6443 1313 12835 4849 4853 10603 10608 7721 6766 1632 12839 4854 10610 7723 12837 12840 4855 10612 7724 12841 12842 
2892 4526 10277 6443 1313 4527 10278 6444 1314 12839 4854 4858 10610 10615 7723 6769 1633 12843 4859 10617 7725 12841 12844 4860 10619 7726 12845 12846 
2893 4527 10278 6444 1314 4528 10279 6445 1315 12843 4859 4863 10617 10622 7725 6772 1634 12847 4864 10624 7727 12845 12848 4865 10626 7728 12849 12850 
2894 4528 10279 6445 1315 4529 10280 6446 1316 12847 4864 4868 10624 10629 7727 6775 1635 12851 4869 10631 7729 12849 12852 4870 10633 7730 12853 12854 
2895 4529 10280 6446 1316 4530 10281 6447 1317 12851 4869 4873 10631 10636 7729 6778 1636 12855 4874 10638 7731 12853 12856 4875 10640 7732 12857 12858 
2896 4530 10281 6447 1317 4531 10282 6448 1318 12855 4874 4878 10638 10643 7731 6781 1637 12859 4879 10645 7733 12857 12860 4880 10647 7734 12861 12862 
2897 4531 10282 6448 1318 4532 10283 6449 1319 12859 4879 4883 10645 10650 7733 6784 1638 12863 4884 10652 7735 12861 12864 4885 10654 7736 12865 12866 
2898 4532 10283 6449 1319 4533 10284 6450 1320 12863 4884 4888 10652 10657 7735 6787 1639 12867 4889 10659 7737 12865 12868 4890 10661 7738 12869 12870 
2899 4533 10284 6450 1320 4534 10285 6451 1321 12867 4889 4893 10659 10664 7737 6790 1640 12871 4894 10666 7739 12869 12872 4895 10668 7740 12873 12874 
2900 4534 10285 6451 1321 4535 10286 6452 1322 12871 4894 4898 10666 10671 7739 6793 1641 12875 4899 10673 7741 12873 12876 4900 10675 7742 12877 12878 
2901 4535 10286 6452 1322 4536 10287 6453 1323 12875 4899 4903 10673 10678 7741 6796 1642 12879 4904 10680 7743 12877 12880 4905 10682 7744 12881 12882 
2902 4536 10287 6453 1323 4537 10288 6454 1324 12879 4904 4908 10680 10685 7743 6799 1643 12883 4909 10687 7745 12881 12884 4910 10689 7746 12885 12886 
2903 4537 10288 6454 1324 4538 10289 6455 1325 12883 4909 4913 10687 10692 7745 6802 1644 12887 4914 10694 7747 12885 12888 4915 10696 7748 12889 12890 
2904 4538 10289 6455 1325 4539 10290 6456 1326 12887 4914 4918 10694 10699 7747 6805 1645 12891 4919 10701 7749 12889 12892 4920 10703 7750 12893 12894 
2905 4539 10290 6456 1326 4540 10291 6457 1327 12891 4919 4923 10701 10706 7749 6808 1646 12895 4924 10708 7751 12893 12896 4925 10710 7752 12897 12898 
2906 4540 10291 6457 1327 4541 10292 6458 1328 12895 4924 4928 10708 10713 7751 6811 1647 12899 4929 10715 7753 12897 12900 4930 10717 7754 12901 12902 
2907 4541 10292 6458 1328 4542 10293 6459 1329 12899 4929 4933 10715 10720 7753 6814 1648 12903 4934 10722 7755 12901 12904 4935 10724 7756 12905 12906 
2908 4542 10293 6459 1329 4543 10294 6460 1330 12903 4934 4938 10722 10727 7755 6817 1649 12907 4939 10729 7757 12905 12908 4940 10731 7758 12909 12910 
2909 4543 10294 6460 1330 4544 10295 6461 1331 12907 4939 4943 10729 10734 7757 6820 1650 12911 4944 10736 7759 12909 12912 4945 10738 7760 12913 12914 
2910 4544 10295 6461 1331 4545 10296 6462 1332 12911 4944 4948 10736 10741 7759 6823 1651 12915 4949 10743 7761 12913 12916 4950 10745 7762 12917 12918 
2911 4545 10296 6462 1332 4546 10297 6463 1333 12915 4949 4953 10743 10748 7761 6826 1652 12919 4954 10750 7763 12917 12920 4955 10752 7764 12921 12922 
2912 4546 10297 6463 1333 4547 10298 6464 1334 12919 4954 4958 10750 10755 7763 6829 1653 12923 4959 10757 7765 12921 12924 4960 10759 7766 12925 12926 
2913 4547 10298 6464 1334 4548 10299 6465 1335 12923 4959 4963 10757 10762 7765 6832 1654 12927 4964 10764 7767 12925 12928 4965 10766 7768 12929 12930 
2914 4548 10299 6465 1335 4549 10300 6466 1336 12927 4964 4968 10764 10769 7767 6835 1655 12931 4969 10771 7769 12929 12932 4970 10773 7770 12933 12934 
2915 4549 10300 6466 1336 4550 10301 6467 1337 12931 4969 4973 10771 10776 7769 6838 1656 12935 4974 10778 7771 12933 12936 4975 10780 7772 12937 12938 
2916 4550 10301 6467 1337 4551 10302 6468 1338 12935 4974 4978 10778 10783 7771 6841 1657 12939 4979 10785 7773 12937 12940 4980 10787 7774 12941 12942 
2917 4551 10302 6468 1338 4552 10303 6469 1339 12939 4979 4983 10785 10790 7773 6844 1658 12943 4984 10792 7775 12941 12944 4985 10794 7776 12945 12946 
2918 4552 10303 6469 1339 4553 10304 6470 1340 12943 4984 4988 10792 10797 7775 6847 1659 12947 4989 10799 7777 12945 12948 4990 10801 7778 12949 12950 
2919 4553 10304 6470 1340 4554 10305 6471 1341 12947 4989 4993 10799 10804 7777 6850 1660 12951 4994 10806 7779 12949 12952 4995 10808 7780 12953 12954 
2920 4554 10305 6471 1341 4555 10306 6472 1342 12951 4994 4998 10806 10811 7779 6853 1661 12955 4999 10813 7781 12953 12956 5000 10815 7782 12957 12958 
2921 4555 10306 6472 1342 4556 10307 6473 1343 12955 4999 5003 10813 10818 7781 6856 1662 12959 5004 10820 7783 12957 12960 5005 10822 7784 12961 12962 
2922 4556 10307 6473 1343 4557 10308 6474 1344 12959 5004 5008 10820 10825 7783 6859 1663 12963 5009 10827 7785 12961 12964 5010 10829 7786 12965 12966 
2923 4557 10308 6474 1344 4558 10309 6475 1345 12963 5009 5013 10827 10832 7785 6862 1664 12967 5014 10834 7787 12965 12968 5015 10836 7788 12969 12970 
2924 4558 10309 6475 1345 4559 10310 6476 1346 12967 5014 5018 10834 10839 7787 6865 1665 12971 5019 10841 7789 12969 12972 5020 10843 7790 12973 12974 
2925 4559 10310 6476 1346 4560 10311 6477 1347 12971 5019 5023 10841 10846 7789 6868 1666 12975 5024 10848 7791 12973 12976 5025 10850 7792 12977 12978 
2926 4560 10311 6477 1347 4561 10312 6478 1348 12975 5024 5028 10848 10853 7791 6871 1667 12979 5029 10855 7793 12977 12980 5030 10857 7794 12981 12982 
2927 4561 10312 6478 1348 4562 10313 6479 1349 12979 5029 5033 10855 10860 7793 6874 1668 12983 5034 10862 7795 12981 12984 5035 10864 7796 12985 12986 
2928 4562 10313 6479 1349 4563 10314 6480 1350 12983 5034 5038 10862 10867 7795 6877 1669 12987 5039 10869 7797 12985 12988 5040 10871 7798 12989 12990 
2929 4563 10314 6480 1350 4564 10315 6481 1351 12987 5039 5043 10869 10874 7797 6880 1670 12991 5044 10876 7799 12989 12992 5045 10878 7800 12993 12994 
2930 4564 10315 6481 1351 4565 10316 6482 1352 12991 5044 5048 10876 10881 7799 6883 1671 12995 5049 10883 7801 12993 12996 5050 10885 7802 12997 12998 
2931 4565 10316 6482 1352 4566 10317 6483 1353 12995 5049 5053 10883 10888 7801 6886 1672 12999 5054 10890 7803 12997 13000 5055 10892 7804 13001 13002 
2932 4566 10317 6483 1353 4567 10318 6484 1354 12999 5054 5058 10890 10895 7803 6889 1673 13003 5059 10897 7805 13001 13004 5060 10899 7806 13005 13006 
2933 4567 10318 6484 1354 4568 10319 6485 1355 13003 5059 5063 10897 10902 7805 6892 1674 13007 5064 10904 7807 13005 13008 5065 10906 7808 13009 13010 
2934 4568 10319 6485 1355 4569 10320 6486 1356 13007 5064 5068 10904 10909 7807 6895 1675 13011 5069 10911 7809 13009 13012 5070 10913 7810 13013 13014 
2935 4569 10320 6486 1356 4570 10321 6487 1357 13011 5069 5073 10911 10916 7809 6898 1676 13015 5074 10918 7811 13013 13016 5075 10920 7812 13017 13018 
2936 4570 10321 6487 1357 4571 10322 6488 1358 13015 5074 5078 10918 10923 7811 6901 1677 13019 5079 10925 7813 13017 13020 5080 10927 7814 13021 13022 
2937 4571 10322 6488 1358 4572 10323 6489 1359 13019 5079 5083 10925 10930 7813 6904 1678 13023 5084 10932 7815 13021 13024 5085 10934 7816 13025 13026 
2938 4572 10323 6489 1359 4573 10324 6490 1360 13023 5084 5088 10932 10937 7815 6907 1679 13027 5089 10939 7817 13025 13028 5090 10941 7818 13029 13030 
2939 4573 10324 6490 1360 4574 10325 6491 1361 13027 5089 5093 10939 10944 7817 6910 1680 13031 5094 10946 7819 13029 13032 5095 10948 7820 13033 13034 
2940 4574 10325 6491 1361 4575 10326 6492 1362 13031 5094 5098 10946 10951 7819 6913 1681 13035 5099 10953 7821 13033 13036 5100 10955 7822 13037 13038 
2941 4575 10326 6492 1362 4576 10327 6493 1363 13035 5099 5103 10953 10958 7821 6916 1682 13039 5104 10960 7823 13037 13040 5105 10962 7824 13041 13042 
2942 4576 10327 6493 1363 4577 10328 6494 1364 13039 5104 5108 10960 10965 7823 6919 1683 13043 5109 10967 7825 13041 13044 5110 10969 7826 13045 13046 
2943 4577 10328 6494 1364 4578 10329 6495 1365 13043 5109 5113 10967 10972 7825 6922 1684 13047 5114 10974 7827 13045 13048 5115 10976 7828 13049 13050 
2944 4578 10329 6495 1365 4579 10330 6496 1366 13047 5114 5118 10974 10979 7827 6925 1685 13051 5119 10981 7829 13049 13052 5120 10983 7830 13053 13054 
2945 4579 10330 6496 1366 4580 10331 6497 1367 13051 5119 5123 10981 10986 7829 6928 1686 13055 5124 10988 7831 13053 13056 5125 10990 7832 13057 13058 
2946 4580 10331 6497 1367 4581 10332 6498 1368 13055 5124 5128 10988 10993 7831 6931 1687 13059 5129 10995 7833 13057 13060 5130 10997 7834 13061 13062 
2947 4581 10332 6498 1368 4582 10333 6499 1369 13059 5129 5133 10995 11000 7833 6934 1688 13063 5134 11002 7835 13061 13064 5135 11004 7836 13065 13066 
2948 4582 10333 6499 1369 4583 10334 6500 1370 13063 5134 5138 11002 11007 7835 6937 1689 13067 5139 11009 7837 13065 13068 5140 11011 7838 13069 13070 
2949 4583 10334 6500 1370 4584 10335 6501 1371 13067 5139 5143 11009 11014 7837 6940 1690 13071 5144 11016 7839 13069 13072 5145 11018 7840 13073 13074 
2950 4584 10335 6501 1371 4585 10336 6502 1372 13071 5144 5148 11016 11021 7839 6943 1691 13075 5149 11023 7841 13073 13076 5150 11025 7842 13077 13078 
2951 4585 10336 6502 1372 4586 10337 6503 1373 13075 5149 5153 11023 11028 7841 6946 1692 13079 5154 11030 7843 13077 13080 5155 11032 7844 13081 13082 
2952 4586 10337 6503 1373 4587 10338 6504 1374 13079 5154 5158 11030 11035 7843 6949 1693 13083 5159 11037 7845 13081 13084 5160 11039 7846 13085 13086 
2953 4587 10338 6504 1374 4588 10339 6505 1375 13083 5159 5163 11037 11042 7845 6952 1694 13087 5164 11044 7847 13085 13088 5165 11046 7848 13089 13090 
2954 4588 10339 6505 1375 4589 10340 6506 1376 13087 5164 5168 11044 11049 7847 6955 1695 13091 5169 11051 7849 13089 13092 5170 11053 7850 13093 13094 
2955 4589 10340 6506 1376 4590 10341 6507 1377 13091 5169 5173 11051 11056 7849 6958 1696 13095 5174 11058 7851 13093 13096 5175 11060 7852 13097 13098 
2956 4590 10341 6507 1377 4591 10342 6508 1378 13095 5174 5178 11058 11063 7851 6961 1697 13099 5179 11065 7853 13097 13100 5180 11067 7854 13101 13102 
2957 4591 10342 6508 1378 4592 10343 6509 1379 13099 5179 5183 11065 11070 7853 6964 1698 13103 5184 11072 7855 13101 13104 5185 11074 7856 13105 13106 
2958 4592 10343 6509 1379 4593 10344 6510 1380 13103 5184 5188 11072 11077 7855 6967 1699 13107 5189 11079 7857 13105 13108 5190 11081 7858 13109 13110 
2959 4593 10344 6510 1380 4594 10345 6511 1381 13107 5189 5193 11079 11084 7857 6970 1700 13111 5194 11086 7859 13109 13112 5195 11088 7860 13113 13114 
2960 4594 10345 6511 1381 4595 10346 6512 1382 13111 5194 5198 11086 11091 7859 6973 1701 13115 5199 11093 7861 13113 13116 5200 11095 7862 13117 13118 
2961 4595 10346 6512 1382 4596 10347 6513 1383 13115 5199 5203 11093 11098 7861 6976 1702 13119 5204 11100 7863 13117 13120 5205 11102 7864 13121 13122 
2962 4596 10347 6513 1383 4597 10348 6514 1384 13119 5204 5208 11100 11105 7863 6979 1703 13123 5209 11107 7865 13121 13124 5210 11109 7866 13125 13126 
2963 4597 10348 6514 1384 4598 10349 6515 1385 13123 5209 5213 11107 11112 7865 6982 1704 13127 5214 11114 7867 13125 13128 5215 11116 7868 13129 13130 
2964 4598 10349 6515 1385 4599 10350 6516 1386 13127 5214 5218 11114 11119 7867 6985 1705 13131 5219 11121 7869 13129 13132 5220 11123 7870 13133 13134 
2965 4599 10350 6516 1386 4600 10351 6517 1387 13131 5219 5223 11121 11126 7869 6988 1706 13135 5224 11128 7871 13133 13136 5225 11130 7872 13137 13138 
2966 4600 10351 6517 1387 4601 10352 6518 1388 13135 5224 5228 11128 11133 7871 6991 1707 13139 5229 11135 7873 13137 13140 5230 11137 7874 13141 13142 
2967 4601 10352 6518 1388 4602 10353 6519 1389 13139 5229 5233 11135 11140 7873 6994 1708 13143 5234 11142 7875 13141 13144 5235 11144 7876 13145 13146 
2968 4602 10353 6519 1389 4603 10354 6520 1390 13143 5234 5238 11142 11147 7875 6997 1709 13147 5239 11149 7877 13145 13148 5240 11151 7878 13149 13150 
2969 4603 10354 6520 1390 4604 10355 6521 1391 13147 5239 5243 11149 11154 7877 7000 1710 13151 5244 11156 7879 13149 13152 5245 11158 7880 13153 13154 
2970 4604 10355 6521 1391 4605 10356 6522 1392 13151 5244 5248 11156 11161 7879 7003 1711 13155 5249 11163 7881 13153 13156 5250 11165 7882 13157 13158 
2971 4605 10356 6522 1392 4606 10357 6523 1393 13155 5249 5253 11163 11168 7881 7006 1712 13159 5254 11170 7883 13157 13160 5255 11172 7884 13161 13162 
2972 4606 10357 6523 1393 4607 10358 6524 1394 13159 5254 5258 11170 11175 7883 7009 1713 13163 5259 11177 7885 13161 13164 5260 11179 7886 13165 13166 
2973 4607 10358 6524 1394 4608 10359 6525 1395 13163 5259 5263 11177 11182 7885 7012 1714 13167 5264 11184 7887 13165 13168 5265 11186 7888 13169 13170 
2974 4608 10359 6525 1395 4609 10360 6526 1396 13167 5264 5268 11184 11189 7887 7015 1715 13171 5269 11191 7889 13169 13172 5270 11193 7890 13173 13174 
2975 4609 10360 6526 1396 4610 10361 6527 1397 13171 5269 5273 11191 11196 7889 7018 1716 13175 5274 11198 7891 13173 13176 5275 11200 7892 13177 13178 
2976 4610 10361 6527 1397 4611 10362 6528 1398 13175 5274 5278 11198 11203 7891 7021 1717 13179 5279 11205 7893 13177 13180 5280 11207 7894 13181 13182 
2977 4611 10362 6528 1398 4612 10363 6529 1399 13179 5279 5283 11205 11210 7893 7024 1718 13183 5284 11212 7895 13181 13184 5285 11214 7896 13185 13186 
2978 4612 10363 6529 1399 4613 10364 6530 1400 13183 5284 5288 11212 11217 7895 7027 1719 13187 5289 11219 7897 13185 13188 5290 11221 7898 13189 13190 
2979 4613 10364 6530 1400 4614 10365 6531 1401 13187 5289 5293 11219 11224 7897 7030 1720 13191 5294 11226 7899 13189 13192 5295 11228 7900 13193 13194 
2980 4614 10365 6531 1401 4615 10366 6532 1402 13191 5294 5298 11226 11231 7899 7033 1721 13195 5299 11233 7901 13193 13196 5300 11235 7902 13197 13198 
2981 4615 10366 6532 1402 4616 10367 6533 1403 13195 5299 5303 11233 11238 7901 7036 1722 13199 5304 11240 7903 13197 13200 5305 11242 7904 13201 13202 
2982 4616 10367 6533 1403 4617 10368 6534 1404 13199 5304 5308 11240 11245 7903 7039 1723 13203 5309 11247 7905 13201 13204 5310 11249 7906 13205 13206 
2983 4617 10368 6534 1404 4618 10369 6535 1405 13203 5309 5313 11247 11252 7905 7042 1724 13207 5314 11254 7907 13205 13208 5315 11256 7908 13209 13210 
2984 4618 10369 6535 1405 4619 10370 6536 1406 13207 5314 5318 11254 11259 7907 7045 1725 13211 5319 11261 7909 13209 13212 5320 11263 7910 13213 13214 
2985 4619 10370 6536 1406 4620 10371 6537 1407 13211 5319 5323 11261 11266 7909 7048 1726 13215 5324 11268 7911 13213 13216 5325 11270 7912 13217 13218 
2986 4620 10371 6537 1407 4621 10372 6538 1408 13215 5324 5328 11268 11273 7911 7051 1727 13219 5329 11275 7913 13217 13220 5330 11277 7914 13221 13222 
2987 4621 10372 6538 1408 4622 10373 6539 1409 13219 5329 5333 11275 11280 7913 7054 1728 13223 5334 11282 7915 13221 13224 5335 11284 7916 13225 13226 
2988 4622 10373 6539 1409 4623 10374 6540 1410 13223 5334 5338 11282 11287 7915 7057 1729 13227 5339 11289 7917 13225 13228 5340 11291 7918 13229 13230 
2989 4623 10374 6540 1410 4624 10375 6541 1411 13227 5339 5343 11289 11294 7917 7060 1730 13231 5344 11296 7919 13229 13232 5345 11298 7920 13233 13234 
2990 4624 10375 6541 1411 4625 10376 6542 1412 13231 5344 5348 11296 11301 7919 7063 1731 13235 5349 11303 7921 13233 13236 5350 11305 7922 13237 13238 
2991 4625 10376 6542 1412 4626 10377 6543 1413 13235 5349 5353 11303 11308 7921 7066 1732 13239 5354 11310 7923 13237 13240 5355 11312 7924 13241 13242 
2992 4626 10377 6543 1413 4627 10378 6544 1414 13239 5354 5358 11310 11315 7923 7069 1733 13243 5359 11317 7925 13241 13244 5360 11319 7926 13245 13246 
2993 4627 10378 6544 1414 4628 10379 6545 1415 13243 5359 5363 11317 11322 7925 7072 1734 13247 5364 11324 7927 13245 13248 5365 11326 7928 13249 13250 
2994 4628 10379 6545 1415 4629 10380 6546 1416 13247 5364 5368 11324 11329 7927 7075 1735 13251 5369 11331 7929 13249 13252 5370 11333 7930 13253 13254 
2995 4629 10380 6546 1416 4630 10381 6547 1417 13251 5369 5373 11331 11336 7929 7078 1736 13255 5374 11338 7931 13253 13256 5375 11340 7932 13257 13258 
2996 4630 10381 6547 1417 4631 10382 6548 1418 13255 5374 5378 11338 11343 7931 7081 1737 13259 5379 11345 7933 13257 13260 5380 11347 7934 13261 13262 
2997 4631 10382 6548 1418 4632 10383 6549 1419 13259 5379 5383 11345 11350 7933 7084 1738 13263 5384 11352 7935 13261 13264 5385 11354 7936 13265 13266 
2998 4632 10383 6549 1419 4633 10384 6550 1420 13263 5384 5388 11352 11357 7935 7087 1739 13267 5389 11359 7937 13265 13268 5390 11361 7938 13269 13270 
2999 4633 10384 6550 1420 4634 10385 6551 1421 13267 5389 5393 11359 11364 7937 7090 1740 13271 5394 11366 7939 13269 13272 5395 11368 7940 13273 13274 
3000 4634 10385 6551 1421 4635 10386 6552 1422 13271 5394 5398 11366 11371 7939 7093 1741 13275 5399 11373 7941 13273 13276 5400 11375 7942 13277 13278 
3001 4635 10386 6552 1422 4636 10387 6553 1423 13275 5399 5403 11373 11378 7941 7096 1742 13279 5404 11380 7943 13277 13280 5405 11382 7944 13281 13282 
3002 4636 10387 6553 1423 4637 10388 6554 1424 13279 5404 5408 11380 11385 7943 7099 1743 13283 5409 11387 7945 13281 13284 5410 11389 7946 13285 13286 
3003 4637 10388 6554 1424 4638 10389 6555 1425 13283 5409 5413 11387 11392 7945 7102 1744 13287 5414 11394 7947 13285 13288 5415 11396 7948 13289 13290 
3004 4638 10389 6555 1425 4639 10390 6556 1426 13287 5414 5418 11394 11399 7947 7105 1745 13291 5419 11401 7949 13289 13292 5420 11403 7950 13293 13294 
3005 4639 10390 6556 1426 4640 10391 6557 1427 13291 5419 5423 11401 11406 7949 7108 1746 13295 5424 11408 7951 13293 13296 5425 11410 7952 13297 13298 
3006 4640 10391 6557 1427 4641 10392 6558 1428 13295 5424 5428 11408 11413 7951 7111 1747 13299 5429 11415 7953 13297 13300 5430 11417 7954 13301 13302 
3007 4641 10392 6558 1428 4642 10393 6559 1429 13299 5429 5433 11415 11420 7953 7114 1748 13303 5434 11422 7955 13301 13304 5435 11424 7956 13305 13306 
3008 4642 10393 6559 1429 4643 10394 6560 1430 13303 5434 5438 11422 11427 7955 7117 1749 13307 5439 11429 7957 13305 13308 5440 11431 7958 13309 13310 
3009 4643 10394 6560 1430 4644 10395 6561 1431 13307 5439 5443 11429 11434 7957 7120 1750 13311 5444 11436 7959 13309 13312 5445 11438 7960 13313 13314 
3010 4644 10395 6561 1431 4645 10396 6562 1432 13311 5444 5448 11436 11441 7959 7123 1751 13315 5449 11443 7961 13313 13316 5450 11445 7962 13317 13318 
3011 4645 10396 6562 1432 4646 10397 6563 1433 13315 5449 5453 11443 11448 7961 7126 1752 13319 5454 11450 7963 13317 13320 5455 11452 7964 13321 13322 
3012 4646 10397 6563 1433 4647 10398 6564 1434 13319 5454 5458 11450 11455 7963 7129 1753 13323 5459 11457 7965 13321 13324 5460 11459 7966 13325 13326 
3013 4647 10398 6564 1434 4648 10399 6565 1435 13323 5459 5463 11457 11462 7965 7132 1754 13327 5464 11464 7967 13325 13328 5465 11466 7968 13329 13330 
3014 4648 10399 6565 1435 4649 10400 6566 1436 13327 5464 5468 11464 11469 7967 7135 1755 13331 5469 11471 7969 13329 13332 5470 11473 7970 13333 13334 
3015 4649 10400 6566 1436 4650 10401 6567 1437 13331 5469 5473 11471 11476 7969 7138 1756 13335 5474 11478 7971 13333 13336 5475 11480 7972 13337 13338 
3016 4650 10401 6567 1437 4651 10402 6568 1438 13335 5474 5478 11478 11483 7971 7141 1757 13339 5479 11485 7973 13337 13340 5480 11487 7974 13341 13342 
3017 4651 10402 6568 1438 4652 10403 6569 1439 13339 5479 5483 11485 11490 7973 7144 1758 13343 5484 11492 7975 13341 13344 5485 11494 7976 13345 13346 
3018 4652 10403 6569 1439 4653 10404 6570 1440 13343 5484 5488 11492 11497 7975 7147 1759 13347 5489 11499 7977 13345 13348 5490 11501 7978 13349 13350 
3019 4653 10404 6570 1440 4654 10405 6571 1441 13347 5489 5493 11499 11504 7977 7150 1760 13351 5494 11506 7979 13349 13352 5495 11508 7980 13353 13354 
3020 4654 10405 6571 1441 4655 10406 6572 1442 13351 5494 5498 11506 11511 7979 7153 1761 13355 5499 11513 7981 13353 13356 5500 11515 7982 13357 13358 
3021 4655 10406 6572 1442 4656 10407 6573 1443 13355 5499 5503 11513 11518 7981 7156 1762 13359 5504 11520 7983 13357 13360 5505 11522 7984 13361 13362 
3022 4656 10407 6573 1443 4657 10408 6574 1444 13359 5504 5508 11520 11525 7983 7159 1763 13363 5509 11527 7985 13361 13364 5510 11529 7986 13365 13366 
3023 4657 10408 6574 1444 4658 10409 6575 1445 13363 5509 5513 11527 11532 7985 7162 1764 13367 5514 11534 7987 13365 13368 5515 11536 7988 13369 13370 
3024 4658 10409 6575 1445 4659 10410 6576 1446 13367 5514 5518 11534 11539 7987 7165 1765 13371 5519 11541 7989 13369 13372 5520 11543 7990 13373 13374 
3025 4659 10410 6576 1446 4660 10411 6577 1447 13371 5519 5523 11541 11546 7989 7168 1766 13375 5524 11548 7991 13373 13376 5525 11550 7992 13377 13378 
3026 4660 10411 6577 1447 4661 10412 6578 1448 13375 5524 5528 11548 11553 7991 7171 1767 13379 5529 11555 7993 13377 13380 5530 11557 7994 13381 13382 
3027 4661 10412 6578 1448 4662 10413 6579 1449 13379 5529 5533 11555 11560 7993 7174 1768 13383 5534 11562 7995 13381 13384 5535 11564 7996 13385 13386 
3028 4662 10413 6579 1449 4663 10414 6580 1450 13383 5534 5538 11562 11567 7995 7177 1769 13387 5539 11569 7997 13385 13388 5540 11571 7998 13389 13390 
3029 4663 10414 6580 1450 4664 10415 6581 1451 13387 5539 5543 11569 11574 7997 7180 1770 13391 5544 11576 7999 13389 13392 5545 11578 8000 13393 13394 
3030 4664 10415 6581 1451 4665 10416 6582 1452 13391 5544 5548 11576 11581 7999 7183 1771 13395 5549 11583 8001 13393 13396 5550 11585 8002 13397 13398 
3031 4665 10416 6582 1452 4666 10417 6583 1453 13395 5549 5553 11583 11588 8001 7186 1772 13399 5554 11590 8003 13397 13400 5555 11592 8004 13401 13402 
3032 4666 10417 6583 1453 4667 10418 6584 1454 13399 5554 5558 11590 11595 8003 7189 1773 13403 5559 11597 8005 13401 13404 5560 11599 8006 13405 13406 
3033 4667 10418 6584 1454 4668 10419 6585 1455 13403 5559 5563 11597 11602 8005 7192 1774 13407 5564 11604 8007 13405 13408 5565 11606 8008 13409 13410 
3034 4668 10419 6585 1455 4669 10420 6586 1456 13407 5564 5568 11604 11609 8007 7195 1775 13411 5569 11611 8009 13409 13412 5570 11613 8010 13413 13414 
3035 4669 10420 6586 1456 4670 10421 6587 1457 13411 5569 5573 11611 11616 8009 7198 1776 13415 5574 11618 8011 13413 13416 5575 11620 8012 13417 13418 
3036 4670 10421 6587 1457 4671 10422 6588 1458 13415 5574 5578 11618 11623 8011 7201 1777 13419 5579 11625 8013 13417 13420 5580 11627 8014 13421 13422 
3037 4671 10422 6588 1458 4672 10423 6589 1459 13419 5579 5583 11625 11630 8013 7204 1778 13423 5584 11632 8015 13421 13424 5585 11634 8016 13425 13426 
3038 4672 10423 6589 1459 4673 10424 6590 1460 13423 5584 5588 11632 11637 8015 7207 1779 13427 5589 11639 8017 13425 13428 5590 11641 8018 13429 13430 
3039 4673 10424 6590 1460 4674 10425 6591 1461 13427 5589 5593 11639 11644 8017 7210 1780 13431 5594 11646 8019 13429 13432 5595 11648 8020 13433 13434 
3040 4674 10425 6591 1461 4675 10426 6592 1462 13431 5594 5598 11646 11651 8019 7213 1781 13435 5599 11653 8021 13433 13436 5600 11655 8022 13437 13438 
3041 4675 10426 6592 1462 4676 10427 6593 1463 13435 5599 5603 11653 11658 8021 7216 1782 13439 5604 11660 8023 13437 13440 5605 11662 8024 13441 13442 
3042 4676 10427 6593 1463 4677 10428 6594 1464 13439 5604 5608 11660 11665 8023 7219 1783 13443 5609 11667 8025 13441 13444 5610 11669 8026 13445 13446 
3043 4677 10428 6594 1464 4678 10429 6595 1465 13443 5609 5613 11667 11672 8025 7222 1784 13447 5614 11674 8027 13445 13448 5615 11676 8028 13449 13450 
3044 4678 10429 6595 1465 4679 10430 6596 1466 13447 5614 5618 11674 11679 8027 7225 1785 13451 5619 11681 8029 13449 13452 5620 11683 8030 13453 13454 
3045 4679 10430 6596 1466 4680 10431 6597 1467 13451 5619 5623 11681 11686 8029 7228 1786 13455 5624 11688 8031 13453 13456 5625 11690 8032 13457 13458 
3046 4680 10431 6597 1467 4681 10432 6598 1468 13455 5624 5628 11688 11693 8031 7231 1787 13459 5629 11695 8033 13457 13460 5630 11697 8034 13461 13462 
3047 4681 10432 6598 1468 4682 10433 6599 1469 13459 5629 5633 11695 11700 8033 7234 1788 13463 5634 11702 8035 13461 13464 5635 11704 8036 13465 13466 
3048 4682 10433 6599 1469 4683 10434 6600 1470 13463 5634 5638 11702 11707 8035 7237 1789 13467 5639 11709 8037 13465 13468 5640 11711 8038 13469 13470 
3049 4683 10434 6600 1470 4684 10435 6601 1471 13467 5639 5643 11709 11714 8037 7240 1790 13471 5644 11716 8039 13469 13472 5645 11718 8040 13473 13474 
3050 4684 10435 6601 1471 4685 10436 6602 1472 13471 5644 5648 11716 11721 8039 7243 1791 13475 5649 11723 8041 13473 13476 5650 11725 8042 13477 13478 
3051 4685 10436 6602 1472 4686 10437 6603 1473 13475 5649 5653 11723 11728 8041 7246 1792 13479 5654 11730 8043 13477 13480 5655 11732 8044 13481 13482 
3052 4686 10437 6603 1473 4687 10438 6604 1474 13479 5654 5658 11730 11735 8043 7249 1793 13483 5659 11737 8045 13481 13484 5660 11739 8046 13485 13486 
3053 4687 10438 6604 1474 4688 10439 6605 1475 13483 5659 5663 11737 11742 8045 7252 1794 13487 5664 11744 8047 13485 13488 5665 11746 8048 13489 13490 
3054 4688 10439 6605 1475 4689 10440 6606 1476 13487 5664 5668 11744 11749 8047 7255 1795 13491 5669 11751 8049 13489 13492 5670 11753 8050 13493 13494 
3055 4689 10440 6606 1476 4690 10441 6607 1477 13491 5669 5673 11751 11756 8049 7258 1796 13495 5674 11758 8051 13493 13496 5675 11760 8052 13497 13498 
3056 4690 10441 6607 1477 4691 10442 6608 1478 13495 5674 5678 11758 11763 8051 7261 1797 13499 5679 11765 8053 13497 13500 5680 11767 8054 13501 13502 
3057 4691 10442 6608 1478 4692 10443 6609 1479 13499 5679 5683 11765 11770 8053 7264 1798 13503 5684 11772 8055 13501 13504 5685 11774 8056 13505 13506 
3058 4692 10443 6609 1479 4693 10444 6610 1480 13503 5684 5688 11772 11777 8055 7267 1799 13507 5689 11779 8057 13505 13508 5690 11781 8058 13509 13510 
3059 4693 10444 6610 1480 4694 10445 6611 1481 13507 5689 5693 11779 11784 8057 7270 1800 13511 5694 11786 8059 13509 13512 5695 11788 8060 13513 13514 
3060 4694 10445 6611 1481 4695 10446 6612 1482 13511 5694 5698 11786 11791 8059 7273 1801 13515 5699 11793 8061 13513 13516 5700 11795 8062 13517 13518 
3061 4695 10446 6612 1482 4696 10447 6613 1483 13515 5699 5703 11793 11798 8061 7276 1802 13519 5704 11800 8063 13517 13520 5705 11802 8064 13521 13522 
3062 4696 10447 6613 1483 4697 10448 6614 1484 13519 5704 5708 11800 11805 8063 7279 1803 13523 5709 11807 8065 13521 13524 5710 11809 8066 13525 13526 
3063 4697 10448 6614 1484 4698 10449 6615 1485 13523 5709 5713 11807 11812 8065 7282 1804 13527 5714 11814 8067 13525 13528 5715 11816 8068 13529 13530 
3064 4698 10449 6615 1485 4699 10450 6616 1486 13527 5714 5718 11814 11819 8067 7285 1805 13531 5719 11821 8069 13529 13532 5720 11823 8070 13533 13534 
3065 4699 10450 6616 1486 4700 10451 6617 1487 13531 5719 5723 11821 11826 8069 7288 1806 13535 5724 11828 8071 13533 13536 5725 11830 8072 13537 13538 
3066 4700 10451 6617 1487 4701 10452 6618 1488 13535 5724 5728 11828 11833 8071 7291 1807 13539 5729 11835 8073 13537 13540 5730 11837 8074 13541 13542 
3067 4701 10452 6618 1488 4702 10453 6619 1489 13539 5729 5733 11835 11840 8073 7294 1808 13543 5734 11842 8075 13541 13544 5735 11844 8076 13545 13546 
3068 4702 10453 6619 1489 4703 10454 6620 1490 13543 5734 5738 11842 11847 8075 7297 1809 13547 5739 11849 8077 13545 13548 5740 11851 8078 13549 13550 
3069 4703 10454 6620 1490 4704 10455 6621 1491 13547 5739 5743 11849 11854 8077 7300 1810 13551 5744 11856 8079 13549 13552 5745 11858 8080 13553 13554 
3070 4704 10455 6621 1491 4705 10456 6622 1492 13551 5744 5748 11856 11861 8079 7303 1811 13555 5749 11863 8081 13553 13556 5750 11865 8082 13557 13558 
3071 4705 10456 6622 1492 4706 10457 6623 1493 13555 5749 5753 11863 11868 8081 7306 1812 13559 5754 11870 8083 13557 13560 5755 11872 8084 13561 13562 
3072 4706 10457 6623 1493 4707 10458 6624 1494 13559 5754 5758 11870 11875 8083 7309 1813 13563 5759 11877 8085 13561 13564 5760 11879 8086 13565 13566 
3073 4707 10458 6624 1494 4708 10459 6625 1495 13563 5759 5763 11877 11882 8085 7312 1814 13567 5764 11884 8087 13565 13568 5765 11886 8088 13569 13570 
3074 4708 10459 6625 1495 4709 10460 6626 1496 13567 5764 5768 11884 11889 8087 7315 1815 13571 5769 11891 8089 13569 13572 5770 11893 8090 13573 13574 
3075 4709 10460 6626 1496 4710 10461 6627 1497 13571 5769 5773 11891 11896 8089 7318 1816 13575 5774 11898 8091 13573 13576 5775 11900 8092 13577 13578 
3076 4710 10461 6627 1497 4711 10462 6628 1498 13575 5774 5778 11898 11903 8091 7321 1817 13579 5779 11905 8093 13577 13580 5780 11907 8094 13581 13582 
3077 4711 10462 6628 1498 4712 10463 6629 1499 13579 5779 5783 11905 11910 8093 7324 1818 13583 5784 11912 8095 13581 13584 5785 11914 8096 13585 13586 
3078 4712 10463 6629 1499 4713 10464 6630 1500 13583 5784 5788 11912 11917 8095 7327 1819 13587 5789 11919 8097 13585 13588 5790 11921 8098 13589 13590 
3079 4713 10464 6630 1500 4714 10465 6631 1501 13587 5789 5793 11919 11924 8097 7330 1820 13591 5794 11926 8099 13589 13592 5795 11928 8100 13593 13594 
3080 4714 10465 6631 1501 4715 10466 6632 1502 13591 5794 5798 11926 11931 8099 7333 1821 13595 5799 11933 8101 13593 13596 5800 11935 8102 13597 13598 
3081 4715 10466 6632 1502 4716 10467 6633 1503 13595 5799 5803 11933 11938 8101 7336 1822 13599 5804 11940 8103 13597 13600 5805 11942 8104 13601 13602 
3082 4716 10467 6633 1503 4717 10468 6634 1504 13599 5804 5808 11940 11945 8103 7339 1823 13603 5809 11947 8105 13601 13604 5810 11949 8106 13605 13606 
3083 4717 10468 6634 1504 4718 10469 6635 1505 13603 5809 5813 11947 11952 8105 7342 1824 13607 5814 11954 8107 13605 13608 5815 11956 8108 13609 13610 
3084 4718 10469 6635 1505 4719 10470 6636 1506 13607 5814 5818 11954 11959 8107 7345 1825 13611 5819 11961 8109 13609 13612 5820 11963 8110 13613 13614 
3085 4719 10470 6636 1506 4720 10471 6637 1507 13611 5819 5823 11961 11966 8109 7348 1826 13615 5824 11968 8111 13613 13616 5825 11970 8112 13617 13618 
3086 4720 10471 6637 1507 4721 10472 6638 1508 13615 5824 5828 11968 11973 8111 7351 1827 13619 5829 11975 8113 13617 13620 5830 11977 8114 13621 13622 
3087 4721 10472 6638 1508 4722 10473 6639 1509 13619 5829 5833 11975 11980 8113 7354 1828 13623 5834 11982 8115 13621 13624 5835 11984 8116 13625 13626 
3088 4722 10473 6639 1509 4723 10474 6640 1510 13623 5834 5838 11982 11987 8115 7357 1829 13627 5839 11989 8117 13625 13628 5840 11991 8118 13629 13630 
3089 4723 10474 6640 1510 4724 10475 6641 1511 13627 5839 5843 11989 11994 8117 7360 1830 13631 5844 11996 8119 13629 13632 5845 11998 8120 13633 13634 
3090 4724 10475 6641 1511 4725 10476 6642 1512 13631 5844 5848 11996 12001 8119 7363 1831 13635 5849 12003 8121 13633 13636 5850 12005 8122 13637 13638 
3091 4725 10476 6642 1512 4726 10477 6643 1513 13635 5849 5853 12003 12008 8121 7366 1832 13639 5854 12010 8123 13637 13640 5855 12012 8124 13641 13642 
3092 4726 10477 6643 1513 4727 10478 6644 1514 13639 5854 5858 12010 12015 8123 7369 1833 13643 5859 12017 8125 13641 13644 5860 12019 8126 13645 13646 
3093 4727 10478 6644 1514 4728 10479 6645 1515 13643 5859 5863 12017 12022 8125 7372 1834 13647 5864 12024 8127 13645 13648 5865 12026 8128 13649 13650 
3094 4728 10479 6645 1515 4729 10480 6646 1516 13647 5864 5868 12024 12029 8127 7375 1835 13651 5869 12031 8129 13649 13652 5870 12033 8130 13653 13654 
3095 4729 10480 6646 1516 4730 10481 6647 1517 13651 5869 5873 12031 12036 8129 7378 1836 13655 5874 12038 8131 13653 13656 5875 12040 8132 13657 13658 
3096 4730 10481 6647 1517 4731 10482 6648 1518 13655 5874 5878 12038 12043 8131 7381 1837 13659 5879 12045 8133 13657 13660 5880 12047 8134 13661 13662 
3097 4731 10482 6648 1518 4732 10483 6649 1519 13659 5879 5883 12045 12050 8133 7384 1838 13663 5884 12052 8135 13661 13664 5885 12054 8136 13665 13666 
3098 4732 10483 6649 1519 4733 10484 6650 1520 13663 5884 5888 12052 12057 8135 7387 1839 13667 5889 12059 8137 13665 13668 5890 12061 8138 13669 13670 
3099 4733 10484 6650 1520 4734 10485 6651 1521 13667 5889 5893 12059 12064 8137 7390 1840 13671 5894 12066 8139 13669 13672 5895 12068 8140 13673 13674 
3100 4734 10485 6651 1521 4735 10486 6652 1522 13671 5894 5898 12066 12071 8139 7393 1841 13675 5899 12073 8141 13673 13676 5900 12075 8142 13677 13678 
3101 4735 10486 6652 1522 4736 10487 6653 1523 13675 5899 5903 12073 12078 8141 7396 1842 13679 5904 12080 8143 13677 13680 5905 12082 8144 13681 13682 
3102 4736 10487 6653 1523 4737 10488 6654 1524 13679 5904 5908 12080 12085 8143 7399 1843 13683 5909 12087 8145 13681 13684 5910 12089 8146 13685 13686 
3103 4737 10488 6654 1524 4738 10489 6655 1525 13683 5909 5913 12087 12092 8145 7402 1844 13687 5914 12094 8147 13685 13688 5915 12096 8148 13689 13690 
3104 4738 10489 6655 1525 4739 10490 6656 1526 13687 5914 5918 12094 12099 8147 7405 1845 13691 5919 12101 8149 13689 13692 5920 12103 8150 13693 13694 
3105 4739 10490 6656 1526 4740 10491 6657 1527 13691 5919 5923 12101 12106 8149 7408 1846 13695 5924 12108 8151 13693 13696 5925 12110 8152 13697 13698 
3106 4740 10491 6657 1527 4741 10492 6658 1528 13695 5924 5928 12108 12113 8151 7411 1847 13699 5929 12115 8153 13697 13700 5930 12117 8154 13701 13702 
3107 4741 10492 6658 1528 4742 10493 6659 1529 13699 5929 5933 12115 12120 8153 7414 1848 13703 5934 12122 8155 13701 13704 5935 12124 8156 13705 13706 
3108 4742 10493 6659 1529 4743 10494 6660 1530 13703 5934 5938 12122 12127 8155 7417 1849 13707 5939 12129 8157 13705 13708 5940 12131 8158 13709 13710 
3109 4743 10494 6660 1530 4744 10495 6661 1531 13707 5939 5943 12129 12134 8157 7420 1850 13711 5944 12136 8159 13709 13712 5945 12138 8160 13713 13714 
3110 4744 10495 6661 1531 4745 10496 6662 1532 13711 5944 5948 12136 12141 8159 7423 1851 13715 5949 12143 8161 13713 13716 5950 12145 8162 13717 13718 
3111 4745 10496 6662 1532 4746 10497 6663 1533 13715 5949 5953 12143 12148 8161 7426 1852 13719 5954 12150 8163 13717 13720 5955 12152 8164 13721 13722 
3112 4746 10497 6663 1533 4747 10498 6664 1534 13719 5954 5958 12150 12155 8163 7429 1853 13723 5959 12157 8165 13721 13724 5960 12159 8166 13725 13726 
3113 4747 10498 6664 1534 4748 10499 6665 1535 13723 5959 5963 12157 12162 8165 7432 1854 13727 5964 12164 8167 13725 13728 5965 12166 8168 13729 13730 
3114 4748 10499 6665 1535 4749 10500 6666 1536 13727 5964 5968 12164 12169 8167 7435 1855 13731 5969 12171 8169 13729 13732 5970 12173 8170 13733 13734 
3115 4749 10500 6666 1536 4750 10501 6667 1537 13731 5969 5973 12171 12176 8169 7438 1856 13735 5974 12178 8171 13733 13736 5975 12180 8172 13737 13738 
3116 4750 10501 6667 1537 4751 10502 6668 1538 13735 5974 5978 12178 12183 8171 7441 1857 13739 5979 12185 8173 13737 13740 5980 12187 8174 13741 13742 
3117 4751 10502 6668 1538 4752 10503 6669 1539 13739 5979 5983 12185 12190 8173 7444 1858 13743 5984 12192 8175 13741 13744 5985 12194 8176 13745 13746 
3118 4752 10503 6669 1539 4753 10504 6670 1540 13743 5984 5988 12192 12197 8175 7447 1859 13747 5989 12199 8177 13745 13748 5990 12201 8178 13749 13750 
3119 4753 10504 6670 1540 4754 10505 6671 1541 13747 5989 5993 12199 12204 8177 7450 1860 13751 5994 12206 8179 13749 13752 5995 12208 8180 13753 13754 
3120 4754 10505 6671 1541 4755 10506 6672 1542 13751 5994 5998 12206 12211 8179 7453 1861 13755 5999 12213 8181 13753 13756 6000 12215 8182 13757 13758 
3121 4755 10506 6672 1542 4756 10507 6673 1543 13755 5999 6003 12213 12218 8181 7456 1862 13759 6004 12220 8183 13757 13760 6005 12222 8184 13761 13762 
3122 4756 10507 6673 1543 4757 10508 6674 1544 13759 6004 6008 12220 12225 8183 7459 1863 13763 6009 12227 8185 13761 13764 6010 12229 8186 13765 13766 
3123 4757 10508 6674 1544 4758 10509 6675 1545 13763 6009 6013 12227 12232 8185 7462 1864 13767 6014 12234 8187 13765 13768 6015 12236 8188 13769 13770 
3124 4758 10509 6675 1545 4759 10510 6676 1546 13767 6014 6018 12234 12239 8187 7465 1865 13771 6019 12241 8189 13769 13772 6020 12243 8190 13773 13774 
3125 4759 10510 6676 1546 4760 10511 6677 1547 13771 6019 6023 12241 12246 8189 7468 1866 13775 6024 12248 8191 13773 13776 6025 12250 8192 13777 13778 
3126 4760 10511 6677 1547 4761 10512 6678 1548 13775 6024 6028 12248 12253 8191 7471 1867 13779 6029 12255 8193 13777 13780 6030 12257 8194 13781 13782 
3127 4761 10512 6678 1548 4762 10513 6679 1549 13779 6029 6033 12255 12260 8193 7474 1868 13783 6034 12262 8195 13781 13784 6035 12264 8196 13785 13786 
3128 4762 10513 6679 1549 4763 10514 6680 1550 13783 6034 6038 12262 12267 8195 7477 1869 13787 6039 12269 8197 13785 13788 6040 12271 8198 13789 13790 
3129 4763 10514 6680 1550 4764 10515 6681 1551 13787 6039 6043 12269 12274 8197 7480 1870 13791 6044 12276 8199 13789 13792 6045 12278 8200 13793 13794 
3130 4764 10515 6681 1551 4765 10516 6682 1552 13791 6044 6048 12276 12281 8199 7483 1871 13795 6049 12283 8201 13793 13796 6050 12285 8202 13797 13798 
3131 4765 10516 6682 1552 4766 10517 6683 1553 13795 6049 6053 12283 12288 8201 7486 1872 13799 6054 12290 8203 13797 13800 6055 12292 8204 13801 13802 
3132 4766 10517 6683 1553 4767 10518 6684 1554 13799 6054 6058 12290 12295 8203 7489 1873 13803 6059 12297 8205 13801 13804 6060 12299 8206 13805 13806 
3133 4767 10518 6684 1554 4768 10519 6685 1555 13803 6059 6063 12297 12302 8205 7492 1874 13807 6064 12304 8207 13805 13808 6065 12306 8208 13809 13810 
3134 4768 10519 6685 1555 4769 10520 6686 1556 13807 6064 6068 12304 12309 8207 7495 1875 13811 6069 12311 8209 13809 13812 6070 12313 8210 13813 13814 
3135 4769 10520 6686 1556 4770 10521 6687 1557 13811 6069 6073 12311 12316 8209 7498 1876 13815 6074 12318 8211 13813 13816 6075 12320 8212 13817 13818 
3136 4770 10521 6687 1557 4771 10522 6688 1558 13815 6074 6078 12318 12323 8211 7501 1877 13819 6079 12325 8213 13817 13820 6080 12327 8214 13821 13822 
3137 4771 10522 6688 1558 4772 10523 6689 1559 13819 6079 6083 12325 12330 8213 7504 1878 13823 6084 12332 8215 13821 13824 6085 12334 8216 13825 13826 
3138 4772 10523 6689 1559 4773 10524 6690 1560 13823 6084 6088 12332 12337 8215 7507 1879 13827 6089 12339 8217 13825 13828 6090 12341 8218 13829 13830 
3139 4773 10524 6690 1560 4774 10525 6691 1561 13827 6089 6093 12339 12344 8217 7510 1880 13831 6094 12346 8219 13829 13832 6095 12348 8220 13833 13834 
3140 4774 10525 6691 1561 4775 10526 6692 1562 13831 6094 6098 12346 12351 8219 7513 1881 13835 6099 12353 8221 13833 13836 6100 12355 8222 13837 13838 
3141 4775 10526 6692 1562 4776 10527 6693 1563 13835 6099 6103 12353 12358 8221 7516 1882 13839 6104 12360 8223 13837 13840 6105 12362 8224 13841 13842 
3142 4776 10527 6693 1563 4777 10528 6694 1564 13839 6104 6108 12360 12365 8223 7519 1883 13843 6109 12367 8225 13841 13844 6110 12369 8226 13845 13846 
3143 4777 10528 6694 1564 4778 10529 6695 1565 13843 6109 6113 12367 12372 8225 7522 1884 13847 6114 12374 8227 13845 13848 6115 12376 8228 13849 13850 
3144 4778 10529 6695 1565 4779 10530 6696 1566 13847 6114 6118 12374 12379 8227 7525 1885 13851 6119 12381 8229 13849 13852 6120 12383 8230 13853 13854 
3145 4779 10530 6696 1566 4780 10531 6697 1567 13851 6119 6123 12381 12386 8229 7528 1886 13855 6124 12388 8231 13853 13856 6125 12390 8232 13857 13858 
3146 4780 10531 6697 1567 4781 10532 6698 1568 13855 6124 6128 12388 12393 8231 7531 1887 13859 6129 12395 8233 13857 13860 6130 12397 8234 13861 13862 
3147 4781 10532 6698 1568 4782 10533 6699 1569 13859 6129 6133 12395 12400 8233 7534 1888 13863 6134 12402 8235 13861 13864 6135 12404 8236 13865 13866 
3148 4782 10533 6699 1569 4783 10534 6700 1570 13863 6134 6138 12402 12407 8235 7537 1889 13867 6139 12409 8237 13865 13868 6140 12411 8238 13869 13870 
3149 4783 10534 6700 1570 4784 10535 6701 1571 13867 6139 6143 12409 12414 8237 7540 1890 13871 6144 12416 8239 13869 13872 6145 12418 8240 13873 13874 
3150 4784 10535 6701 1571 4785 10536 6702 1572 13871 6144 6148 12416 12421 8239 7543 1891 13875 6149 12423 8241 13873 13876 6150 12425 8242 13877 13878 
3151 4785 10536 6702 1572 4786 10537 6703 1573 13875 6149 6153 12423 12428 8241 7546 1892 13879 6154 12430 8243 13877 13880 6155 12432 8244 13881 13882 
3152 4786 10537 6703 1573 4787 10538 6704 1574 13879 6154 6158 12430 12435 8243 7549 1893 13883 6159 12437 8245 13881 13884 6160 12439 8246 13885 13886 
3153 4787 10538 6704 1574 4788 10539 6705 1575 13883 6159 6163 12437 12442 8245 7552 1894 13887 6164 12444 8247 13885 13888 6165 12446 8248 13889 13890 
3154 4788 10539 6705 1575 4789 10540 6706 1576 13887 6164 6168 12444 12449 8247 7555 1895 13891 6169 12451 8249 13889 13892 6170 12453 8250 13893 13894 
3155 4789 10540 6706 1576 4790 10541 6707 1577 13891 6169 6173 12451 12456 8249 7558 1896 13895 6174 12458 8251 13893 13896 6175 12460 8252 13897 13898 
3156 4790 10541 6707 1577 4791 10542 6708 1578 13895 6174 6178 12458 12463 8251 7561 1897 13899 6179 12465 8253 13897 13900 6180 12467 8254 13901 13902 
3157 4791 10542 6708 1578 4792 10543 6709 1579 13899 6179 6183 12465 12470 8253 7564 1898 13903 6184 12472 8255 13901 13904 6185 12474 8256 13905 13906 
3158 4792 10543 6709 1579 4793 10544 6710 1580 13903 6184 6188 12472 12477 8255 7567 1899 13907 6189 12479 8257 13905 13908 6190 12481 8258 13909 13910 
3159 4793 10544 6710 1580 4794 10545 6711 1581 13907 6189 6193 12479 12484 8257 7570 1900 13911 6194 12486 8259 13909 13912 6195 12488 8260 13913 13914 
3160 4794 10545 6711 1581 4795 10546 6712 1582 13911 6194 6198 12486 12491 8259 7573 1901 13915 6199 12493 8261 13913 13916 6200 12495 8262 13917 13918 
3161 4795 10546 6712 1582 4796 10547 6713 1583 13915 6199 6203 12493 12498 8261 7576 1902 13919 6204 12500 8263 13917 13920 6205 12502 8264 13921 13922 
3162 4796 10547 6713 1583 4797 10548 6714 1584 13919 6204 6208 12500 12505 8263 7579 1903 13923 6209 12507 8265 13921 13924 6210 12509 8266 13925 13926 
3163 4797 10548 6714 1584 4798 10549 6715 1585 13923 6209 6213 12507 12512 8265 7582 1904 13927 6214 12514 8267 13925 13928 6215 12516 8268 13929 13930 
3164 4798 10549 6715 1585 4799 10550 6716 1586 13927 6214 6218 12514 12519 8267 7585 1905 13931 6219 12521 8269 13929 13932 6220 12523 8270 13933 13934 
3165 4799 10550 6716 1586 4800 10551 6717 1587 13931 6219 6223 12521 12526 8269 7588 1906 13935 6224 12528 8271 13933 13936 6225 12530 8272 13937 13938 
3166 4800 10551 6717 1587 4801 10552 6718 1588 13935 6224 6228 12528 12533 8271 7591 1907 13939 6229 12535 8273 13937 13940 6230 12537 8274 13941 13942 
3167 4801 10552 6718 1588 4802 10553 6719 1589 13939 6229 6233 12535 12540 8273 7594 1908 13943 6234 12542 8275 13941 13944 6235 12544 8276 13945 13946 
3168 4802 10553 6719 1589 4803 10554 6720 1590 13943 6234 6238 12542 12547 8275 7597 1909 13947 6239 12549 8277 13945 13948 6240 12551 8278 13949 13950 
3169 4803 10554 6720 1590 4804 10555 6721 1591 13947 6239 6243 12549 12554 8277 7600 1910 13951 6244 12556 8279 13949 13952 6245 12558 8280 13953 13954 
3170 4804 10555 6721 1591 4805 10556 6722 1592 13951 6244 6248 12556 12561 8279 7603 1911 13955 6249 12563 8281 13953 13956 6250 12565 8282 13957 13958 
3171 4805 10556 6722 1592 4806 10557 6723 1593 13955 6249 6253 12563 12568 8281 7606 1912 13959 6254 12570 8283 13957 13960 6255 12572 8284 13961 13962 
3172 4806 10557 6723 1593 4807 10558 6724 1594 13959 6254 6258 12570 12575 8283 7609 1913 13963 6259 12577 8285 13961 13964 6260 12579 8286 13965 13966 
3173 4807 10558 6724 1594 4808 10559 6725 1595 13963 6259 6263 12577 12582 8285 7612 1914 13967 6264 12584 8287 13965 13968 6265 12586 8288 13969 13970 
3174 4808 10559 6725 1595 4809 10560 6726 1596 13967 6264 6268 12584 12589 8287 7615 1915 13971 6269 12591 8289 13969 13972 6270 12593 8290 13973 13974 
3175 4809 10560 6726 1596 4810 10561 6727 1597 13971 6269 6273 12591 12596 8289 7618 1916 13975 6274 12598 8291 13973 13976 6275 12600 8292 13977 13978 
3176 4810 10561 6727 1597 4811 10562 6728 1598 13975 6274 6278 12598 12603 8291 7621 1917 13979 6279 12605 8293 13977 13980 6280 12607 8294 13981 13982 
3177 4811 10562 6728 1598 4812 10563 6729 1599 13979 6279 6283 12605 12610 8293 7624 1918 13983 6284 12612 8295 13981 13984 6285 12614 8296 13985 13986 
3178 4812 10563 6729 1599 4813 10564 6730 1600 13983 6284 6288 12612 12617 8295 7627 1919 13987 6289 12619 8297 13985 13988 6290 12621 8298 13989 13990 
3179 4813 10564 6730 1600 4814 10565 6731 1601 13987 6289 6293 12619 12624 8297 7630 1920 13991 6294 12626 8299 13989 13992 6295 12628 8300 13993 13994 
3180 4814 10565 6731 1601 4815 10566 6732 1602 13991 6294 6298 12626 12631 8299 7633 1921 13995 6299 12633 8301 13993 13996 6300 12635 8302 13997 13998 
3181 4815 10566 6732 1602 4816 10567 6733 1603 13995 6299 6303 12633 12638 8301 7636 1922 13999 6304 12640 8303 13997 14000 6305 12642 8304 14001 14002 
3182 4816 10567 6733 1603 4817 10568 6734 1604 13999 6304 6308 12640 12645 8303 7639 1923 14003 6309 12647 8305 14001 14004 6310 12649 8306 14005 14006 
3183 4817 10568 6734 1604 4818 10569 6735 1605 14003 6309 6313 12647 12652 8305 7642 1924 14007 6314 12654 8307 14005 14008 6315 12656 8308 14009 14010 
3184 4818 10569 6735 1605 4819 10570 6736 1606 14007 6314 6318 12654 12659 8307 7645 1925 14011 6319 12661 8309 14009 14012 6320 12663 8310 14013 14014 
3185 4819 10570 6736 1606 4820 10571 6737 1607 14011 6319 6323 12661 12666 8309 7648 1926 14015 6324 12668 8311 14013 14016 6325 12670 8312 14017 14018 
3186 4820 10571 6737 1607 4821 10572 6738 1608 14015 6324 6328 12668 12673 8311 7651 1927 14019 6329 12675 8313 14017 14020 6330 12677 8314 14021 14022 
3187 4821 10572 6738 1608 4822 10573 6739 1609 14019 6329 6333 12675 12680 8313 7654 1928 14023 6334 12682 8315 14021 14024 6335 12684 8316 14025 14026 
3188 4822 10573 6739 1609 4823 10574 6740 1610 14023 6334 6338 12682 12687 8315 7657 1929 14027 6339 12689 8317 14025 14028 6340 12691 8318 14029 14030 
3189 4823 10574 6740 1610 4824 10575 6741 1611 14027 6339 6343 12689 12694 8317 7660 1930 14031 6344 12696 8319 14029 14032 6345 12698 8320 14033 14034 
3190 4824 10575 6741 1611 4825 10576 6742 1612 14031 6344 6348 12696 12701 8319 7663 1931 14035 6349 12703 8321 14033 14036 6350 12705 8322 14037 14038 
3191 4825 10576 6742 1612 4826 10577 6743 1613 14035 6349 6353 12703 12708 8321 7666 1932 14039 6354 12710 8323 14037 14040 6355 12712 8324 14041 14042 
3192 4826 10577 6743 1613 4827 10578 6744 1614 14039 6354 6358 12710 12715 8323 7669 1933 14043 6359 12717 8325 14041 14044 6360 12719 8326 14045 14046 
3193 4827 10578 6744 1614 4828 10579 6745 1615 14043 6359 6363 12717 12722 8325 7672 1934 14047 6364 12724 8327 14045 14048 6365 12726 8328 14049 14050 
3194 4828 10579 6745 1615 4829 10580 6746 1616 14047 6364 6368 12724 12729 8327 7675 1935 14051 6369 12731 8329 14049 14052 6370 12733 8330 14053 14054 
3195 4829 10580 6746 1616 4830 10581 6747 1617 14051 6369 6373 12731 12736 8329 7678 1936 14055 6374 12738 8331 14053 14056 6375 12740 8332 14057 14058 
3196 4830 10581 6747 1617 4831 10582 6748 1618 14055 6374 6378 12738 12743 8331 7681 1937 14059 6379 12745 8333 14057 14060 6380 12747 8334 14061 14062 
3197 4831 10582 6748 1618 4832 10583 6749 1619 14059 6379 6383 12745 12750 8333 7684 1938 14063 6384 12752 8335 14061 14064 6385 12754 8336 14065 14066 
3198 4832 10583 6749 1619 4833 10584 6750 1620 14063 6384 6388 12752 12757 8335 7687 1939 14067 6389 12759 8337 14065 14068 6390 12761 8338 14069 14070 
3199 4833 10584 6750 1620 4834 10585 6751 1621 14067 6389 6393 12759 12764 8337 7690 1940 14071 6394 12766 8339 14069 14072 6395 12768 8340 14073 14074 
3200 4834 10585 6751 1621 4835 10586 6752 1622 14071 6394 6398 12766 12771 8339 7693 1941 14075 6399 12773 8341 14073 14076 6400 12775 8342 14077 14078 
3201 4835 10586 6752 1622 4836 10587 6753 1623 14075 6399 6403 12773 12778 8341 7696 1942 14079 6404 12780 8343 14077 14080 6405 12782 8344 14081 14082 
3202 4836 10587 6753 1623 4837 10588 6754 1624 14079 6404 6408 12780 12785 8343 7699 1943 14083 6409 12787 8345 14081 14084 6410 12789 8346 14085 14086 
3203 4837 10588 6754 1624 4838 10589 6755 1625 14083 6409 6413 12787 12792 8345 7702 1944 14087 6414 12794 8347 14085 14088 6415 12796 8348 14089 14090 
3204 4838 10589 6755 1625 4839 10590 6756 1626 14087 6414 6418 12794 12799 8347 7705 1945 14091 6419 12801 8349 14089 14092 6420 12803 8350 14093 14094 
3205 4839 10590 6756 1626 4840 10591 6757 1627 14091 6419 6423 12801 12806 8349 7708 1946 14095 6424 12808 8351 14093 14096 6425 12810 8352 14097 14098 
3206 4840 10591 6757 1627 4841 10592 6758 1628 14095 6424 6428 12808 12813 8351 7711 1947 14099 6429 12815 8353 14097 14100 6430 12817 8354 14101 14102 
3207 4841 10592 6758 1628 4842 10593 6759 1629 14099 6429 6433 12815 12820 8353 7714 1948 14103 6434 12822 8355 14101 14104 6435 12824 8356 14105 14106 
3208 4842 10593 6759 1629 27 2598 30 8 14103 6434 6438 12822 12827 8355 7717 1949 2602 28 2599 32 14105 14107 6439 12829 8357 2603 14108 
3209 12 1 9 2589 8358 672 2607 10275 13 2595 8678 11 991 2590 2927 10594 8677 14109 2929 10595 2596 8679 14110 2930 10597 14111 14112 
3210 8358 672 2607 10275 8359 673 2608 10276 8677 14109 8681 2929 992 10595 2932 10601 8680 14113 2934 10602 14111 8682 14114 2935 10604 14115 14116 
3211 8359 673 2608 10276 8360 674 2609 10277 8680 14113 8684 2934 993 10602 2937 10608 8683 14117 2939 10609 14115 8685 14118 2940 10611 14119 14120 
3212 8360 674 2609 10277 8361 675 2610 10278 8683 14117 8687 2939 994 10609 2942 10615 8686 14121 2944 10616 14119 8688 14122 2945 10618 14123 14124 
3213 8361 675 2610 10278 8362 676 2611 10279 8686 14121 8690 2944 995 10616 2947 10622 8689 14125 2949 10623 14123 8691 14126 2950 10625 14127 14128 
3214 8362 676 2611 10279 8363 677 2612 10280 8689 14125 8693 2949 996 10623 2952 10629 8692 14129 2954 10630 14127 8694 14130 2955 10632 14131 14132 
3215 8363 677 2612 10280 8364 678 2613 10281 8692 14129 8696 2954 997 10630 2957 10636 8695 14133 2959 10637 14131 8697 14134 2960 10639 14135 14136 
3216 8364 678 2613 10281 8365 679 2614 10282 8695 14133 8699 2959 998 10637 2962 10643 8698 14137 2964 10644 14135 8700 14138 2965 10646 14139 14140 
3217 8365 679 2614 10282 8366 680 2615 10283 8698 14137 8702 2964 999 10644 2967 10650 8701 14141 2969 10651 14139 8703 14142 2970 10653 14143 14144 
3218 8366 680 2615 10283 8367 681 2616 10284 8701 14141 8705 2969 1000 10651 2972 10657 8704 14145 2974 10658 14143 8706 14146 2975 10660 14147 14148 
3219 8367 681 2616 10284 8368 682 2617 10285 8704 14145 8708 2974 1001 10658 2977 10664 8707 14149 2979 10665 14147 8709 14150 2980 10667 14151 14152 
3220 8368 682 2617 10285 8369 683 2618 10286 8707 14149 8711 2979 1002 10665 2982 10671 8710 14153 2984 10672 14151 8712 14154 2985 10674 14155 14156 
3221 8369 683 2618 10286 8370 684 2619 10287 8710 14153 8714 2984 1003 10672 2987 10678 8713 14157 2989 10679 14155 8715 14158 2990 10681 14159 14160 
3222 8370 684 2619 10287 8371 685 2620 10288 8713 14157 8717 2989 1004 10679 2992 10685 8716 14161 2994 10686 14159 8718 14162 2995 10688 14163 14164 
3223 8371 685 2620 10288 8372 686 2621 10289 8716 14161 8720 2994 1005 10686 2997 10692 8719 14165 2999 10693 14163 8721 14166 3000 10695 14167 14168 
3224 8372 686 2621 10289 8373 687 2622 10290 8719 14165 8723 2999 1006 10693 3002 10699 8722 14169 3004 10700 14167 8724 14170 3005 10702 14171 14172 
3225 8373 687 2622 10290 8374 688 2623 10291 8722 14169 8726 3004 1007 10700 3007 10706 8725 14173 3009 10707 14171 8727 14174 3010 10709 14175 14176 
3226 8374 688 2623 10291 8375 689 2624 10292 8725 14173 8729 3009 1008 10707 3012 10713 8728 14177 3014 10714 14175 8730 14178 3015 10716 14179 14180 
3227 8375 689 2624 10292 8376 690 2625 10293 8728 14177 8732 3014 1009 10714 3017 10720 8731 14181 3019 10721 14179 8733 14182 3020 10723 14183 14184 
3228 8376 690 2625 10293 8377 691 2626 10294 8731 14181 8735 3019 1010 10721 3022 10727 8734 14185 3024 10728 14183 8736 14186 3025 10730 14187 14188 
3229 8377 691 2626 10294 8378 692 2627 10295 8734 14185 8738 3024 1011 10728 3027 10734 8737 14189 3029 10735 14187 8739 14190 3030 10737 14191 14192 
3230 8378 692 2627 10295 8379 693 2628 10296 8737 14189 8741 3029 1012 10735 3032 10741 8740 14193 3034 10742 14191 8742 14194 3035 10744 14195 14196 
3231 8379 693 2628 10296 8380 694 2629 10297 8740 14193 8744 3034 1013 10742 3037 10748 8743 14197 3039 10749 14195 8745 14198 3040 10751 14199 14200 
3232 8380 694 2629 10297 8381 695 2630 10298 8743 14197 8747 3039 1014 10749 3042 10755 8746 14201 3044 10756 14199 8748 14202 3045 10758 14203 14204 
3233 8381 695 2630 10298 8382 696 2631 10299 8746 14201 8750 3044 1015 10756 3047 10762 8749 14205 3049 10763 14203 8751 14206 3050 10765 14207 14208 
3234 8382 696 2631 10299 8383 697 2632 10300 8749 14205 8753 3049 1016 10763 3052 10769 8752 14209 3054 10770 14207 8754 14210 3055 10772 14211 14212 
3235 8383 697 2632 10300 8384 698 2633 10301 8752 14209 8756 3054 1017 10770 3057 10776 8755 14213 3059 10777 14211 8757 14214 3060 10779 14215 14216 
3236 8384 698 2633 10301 8385 699 2634 10302 8755 14213 8759 3059 1018 10777 3062 10783 8758 14217 3064 10784 14215 8760 14218 3065 10786 14219 14220 
3237 8385 699 2634 10302 8386 700 2635 10303 8758 14217 8762 3064 1019 10784 3067 10790 8761 14221 3069 10791 14219 8763 14222 3070 10793 14223 14224 
3238 8386 700 2635 10303 8387 701 2636 10304 8761 14221 8765 3069 1020 10791 3072 10797 8764 14225 3074 10798 14223 8766 14226 3075 10800 14227 14228 
3239 8387 701 2636 10304 8388 702 2637 10305 8764 14225 8768 3074 1021 10798 3077 10804 8767 14229 3079 10805 14227 8769 14230 3080 10807 14231 14232 
3240 8388 702 2637 10305 8389 703 2638 10306 8767 14229 8771 3079 1022 10805 3082 10811 8770 14233 3084 10812 14231 8772 14234 3085 10814 14235 14236 
3241 8389 703 2638 10306 8390 704 2639 10307 8770 14233 8774 3084 1023 10812 3087 10818 8773 14237 3089 10819 14235 8775 14238 3090 10821 14239 14240 
3242 8390 704 2639 10307 8391 705 2640 10308 8773 14237 8777 3089 1024 10819 3092 10825 8776 14241 3094 10826 14239 8778 14242 3095 10828 14243 14244 
3243 8391 705 2640 10308 8392 706 2641 10309 8776 14241 8780 3094 1025 10826 3097 10832 8779 14245 3099 10833 14243 8781 14246 3100 10835 14247 14248 
3244 8392 706 2641 10309 8393 707 2642 10310 8779 14245 8783 3099 1026 10833 3102 10839 8782 14249 3104 10840 14247 8784 14250 3105 10842 14251 14252 
3245 8393 707 2642 10310 8394 708 2643 10311 8782 14249 8786 3104 1027 10840 3107 10846 8785 14253 3109 10847 14251 8787 14254 3110 10849 14255 14256 
3246 8394 708 2643 10311 8395 709 2644 10312 8785 14253 8789 3109 1028 10847 3112 10853 8788 14257 3114 10854 14255 8790 14258 3115 10856 14259 14260 
3247 8395 709 2644 10312 8396 710 2645 10313 8788 14257 8792 3114 1029 10854 3117 10860 8791 14261 3119 10861 14259 8793 14262 3120 10863 14263 14264 
3248 8396 710 2645 10313 8397 711 2646 10314 8791 14261 8795 3119 1030 10861 3122 10867 8794 14265 3124 10868 14263 8796 14266 3125 10870 14267 14268 
3249 8397 711 2646 10314 8398 712 2647 10315 8794 14265 8798 3124 1031 10868 3127 10874 8797 14269 3129 10875 14267 8799 14270 3130 10877 14271 14272 
3250 8398 712 2647 10315 8399 713 2648 10316 8797 14269 8801 3129 1032 10875 3132 10881 8800 14273 3134 10882 14271 8802 14274 3135 10884 14275 14276 
3251 8399 713 2648 10316 8400 714 2649 10317 8800 14273 8804 3134 1033 10882 3137 10888 8803 14277 3139 10889 14275 8805 14278 3140 10891 14279 14280 
3252 8400 714 2649 10317 8401 715 2650 10318 8803 14277 8807 3139 1034 10889 3142 10895 8806 14281 3144 10896 14279 8808 14282 3145 10898 14283 14284 
3253 8401 715 2650 10318 8402 716 2651 10319 8806 14281 8810 3144 1035 10896 3147 10902 8809 14285 3149 10903 14283 8811 14286 3150 10905 14287 14288 
3254 8402 716 2651 10319 8403 717 2652 10320 8809 14285 8813 3149 1036 10903 3152 10909 8812 14289 3154 10910 14287 8814 14290 3155 10912 14291 14292 
3255 8403 717 2652 10320 8404 718 2653 10321 8812 14289 8816 3154 1037 10910 3157 10916 8815 14293 3159 10917 14291 8817 14294 3160 10919 14295 14296 
3256 8404 718 2653 10321 8405 719 2654 10322 8815 14293 8819 3159 1038 10917 3162 10923 8818 14297 3164 10924 14295 8820 14298 3165 10926 14299 14300 
3257 8405 719 2654 10322 8406 720 2655 10323 8818 14297 8822 3164 1039 10924 3167 10930 8821 14301 3169 10931 14299 8823 14302 3170 10933 14303 14304 
3258 8406 720 2655 10323 8407 721 2656 10324 8821 14301 8825 3169 1040 10931 3172 10937 8824 14305 3174 10938 14303 8826 14306 3175 10940 14307 14308 
3259 8407 721 2656 10324 8408 722 2657 10325 8824 14305 8828 3174 1041 10938 3177 10944 8827 14309 3179 10945 14307 8829 14310 3180 10947 14311 14312 
3260 8408 722 2657 10325 8409 723 2658 10326 8827 14309 8831 3179 1042 10945 3182 10951 8830 14313 3184 10952 14311 8832 14314 3185 10954 14315 14316 
3261 8409 723 2658 10326 8410 724 2659 10327 8830 14313 8834 3184 1043 10952 3187 10958 8833 14317 3189 10959 14315 8835 14318 3190 10961 14319 14320 
3262 8410 724 2659 10327 8411 725 2660 10328 8833 14317 8837 3189 1044 10959 3192 10965 8836 14321 3194 10966 14319 8838 14322 3195 10968 14323 14324 
3263 8411 725 2660 10328 8412 726 2661 10329 8836 14321 8840 3194 1045 10966 3197 10972 8839 14325 3199 10973 14323 8841 14326 3200 10975 14327 14328 
3264 8412 726 2661 10329 8413 727 2662 10330 8839 14325 8843 3199 1046 10973 3202 10979 8842 14329 3204 10980 14327 8844 14330 3205 10982 14331 14332 
3265 8413 727 2662 10330 8414 728 2663 10331 8842 14329 8846 3204 1047 10980 3207 10986 8845 14333 3209 10987 14331 8847 14334 3210 10989 14335 14336 
3266 8414 728 2663 10331 8415 729 2664 10332 8845 14333 8849 3209 1048 10987 3212 10993 8848 14337 3214 10994 14335 8850 14338 3215 10996 14339 14340 
3267 8415 729 2664 10332 8416 730 2665 10333 8848 14337 8852 3214 1049 10994 3217 11000 8851 14341 3219 11001 14339 8853 14342 3220 11003 14343 14344 
3268 8416 730 2665 10333 8417 731 2666 10334 8851 14341 8855 3219 1050 11001 3222 11007 8854 14345 3224 11008 14343 8856 14346 3225 11010 14347 14348 
3269 8417 731 2666 10334 8418 732 2667 10335 8854 14345 8858 3224 1051 11008 3227 11014 8857 14349 3229 11015 14347 8859 14350 3230 11017 14351 14352 
3270 8418 732 2667 10335 8419 733 2668 10336 8857 14349 8861 3229 1052 11015 3232 11021 8860 14353 3234 11022 14351 8862 14354 3235 11024 14355 14356 
3271 8419 733 2668 10336 8420 734 2669 10337 8860 14353 8864 3234 1053 11022 3237 11028 8863 14357 3239 11029 14355 8865 14358 3240 11031 14359 14360 
3272 8420 734 2669 10337 8421 735 2670 10338 8863 14357 8867 3239 1054 11029 3242 11035 8866 14361 3244 11036 14359 8868 14362 3245 11038 14363 14364 
3273 8421 735 2670 10338 8422 736 2671 10339 8866 14361 8870 3244 1055 11036 3247 11042 8869 14365 3249 11043 14363 8871 14366 3250 11045 14367 14368 
3274 8422 736 2671 10339 8423 737 2672 10340 8869 14365 8873 3249 1056 11043 3252 11049 8872 14369 3254 11050 14367 8874 14370 3255 11052 14371 14372 
3275 8423 737 2672 10340 8424 738 2673 10341 8872 14369 8876 3254 1057 11050 3257 11056 8875 14373 3259 11057 14371 8877 14374 3260 11059 14375 14376 
3276 8424 738 2673 10341 8425 739 2674 10342 8875 14373 8879 3259 1058 11057 3262 11063 8878 14377 3264 11064 14375 8880 14378 3265 11066 14379 14380 
3277 8425 739 2674 10342 8426 740 2675 10343 8878 14377 8882 3264 1059 11064 3267 11070 8881 14381 3269 11071 14379 8883 14382 3270 11073 14383 14384 
3278 8426 740 2675 10343 8427 741 2676 10344 8881 14381 8885 3269 1060 11071 3272 11077 8884 14385 3274 11078 14383 8886 14386 3275 11080 14387 14388 
3279 8427 741 2676 10344 8428 742 2677 10345 8884 14385 8888 3274 1061 11078 3277 11084 8887 14389 3279 11085 14387 8889 14390 3280 11087 14391 14392 
3280 8428 742 2677 10345 8429 743 2678 10346 8887 14389 8891 3279 1062 11085 3282 11091 8890 14393 3284 11092 14391 8892 14394 3285 11094 14395 14396 
3281 8429 743 2678 10346 8430 744 2679 10347 8890 14393 8894 3284 1063 11092 3287 11098 8893 14397 3289 11099 14395 8895 14398 3290 11101 14399 14400 
3282 8430 744 2679 10347 8431 745 2680 10348 8893 14397 8897 3289 1064 11099 3292 11105 8896 14401 3294 11106 14399 8898 14402 3295 11108 14403 14404 
3283 8431 745 2680 10348 8432 746 2681 10349 8896 14401 8900 3294 1065 11106 3297 11112 8899 14405 3299 11113 14403 8901 14406 3300 11115 14407 14408 
3284 8432 746 2681 10349 8433 747 2682 10350 8899 14405 8903 3299 1066 11113 3302 11119 8902 14409 3304 11120 14407 8904 14410 3305 11122 14411 14412 
3285 8433 747 2682 10350 8434 748 2683 10351 8902 14409 8906 3304 1067 11120 3307 11126 8905 14413 3309 11127 14411 8907 14414 3310 11129 14415 14416 
3286 8434 748 2683 10351 8435 749 2684 10352 8905 14413 8909 3309 1068 11127 3312 11133 8908 14417 3314 11134 14415 8910 14418 3315 11136 14419 14420 
3287 8435 749 2684 10352 8436 750 2685 10353 8908 14417 8912 3314 1069 11134 3317 11140 8911 14421 3319 11141 14419 8913 14422 3320 11143 14423 14424 
3288 8436 750 2685 10353 8437 751 2686 10354 8911 14421 8915 3319 1070 11141 3322 11147 8914 14425 3324 11148 14423 8916 14426 3325 11150 14427 14428 
3289 8437 751 2686 10354 8438 752 2687 10355 8914 14425 8918 3324 1071 11148 3327 11154 8917 14429 3329 11155 14427 8919 14430 3330 11157 14431 14432 
3290 8438 752 2687 10355 8439 753 2688 10356 8917 14429 8921 3329 1072 11155 3332 11161 8920 14433 3334 11162 14431 8922 14434 3335 11164 14435 14436 
3291 8439 753 2688 10356 8440 754 2689 10357 8920 14433 8924 3334 1073 11162 3337 11168 8923 14437 3339 11169 14435 8925 14438 3340 11171 14439 14440 
3292 8440 754 2689 10357 8441 755 2690 10358 8923 14437 8927 3339 1074 11169 3342 11175 8926 14441 3344 11176 14439 8928 14442 3345 11178 14443 14444 
3293 8441 755 2690 10358 8442 756 2691 10359 8926 14441 8930 3344 1075 11176 3347 11182 8929 14445 3349 11183 14443 8931 14446 3350 11185 14447 14448 
3294 8442 756 2691 10359 8443 757 2692 10360 8929 14445 8933 3349 1076 11183 3352 11189 8932 14449 3354 11190 14447 8934 14450 3355 11192 14451 14452 
3295 8443 757 2692 10360 8444 758 2693 10361 8932 14449 8936 3354 1077 11190 3357 11196 8935 14453 3359 11197 14451 8937 14454 3360 11199 14455 14456 
3296 8444 758 2693 10361 8445 759 2694 10362 8935 14453 8939 3359 1078 11197 3362 11203 8938 14457 3364 11204 14455 8940 14458 3365 11206 14459 14460 
3297 8445 759 2694 10362 8446 760 2695 10363 8938 14457 8942 3364 1079 11204 3367 11210 8941 14461 3369 11211 14459 8943 14462 3370 11213 14463 14464 
3298 8446 760 2695 10363 8447 761 2696 10364 8941 14461 8945 3369 1080 11211 3372 11217 8944 14465 3374 11218 14463 8946 14466 3375 11220 14467 14468 
3299 8447 761 2696 10364 8448 762 2697 10365 8944 14465 8948 3374 1081 11218 3377 11224 8947 14469 3379 11225 14467 8949 14470 3380 11227 14471 14472 
3300 8448 762 2697 10365 8449 763 2698 10366 8947 14469 8951 3379 1082 11225 3382 11231 8950 14473 3384 11232 14471 8952 14474 3385 11234 14475 14476 
3301 8449 763 2698 10366 8450 764 2699 10367 8950 14473 8954 3384 1083 11232 3387 11238 8953 14477 3389 11239 14475 8955 14478 3390 11241 14479 14480 
3302 8450 764 2699 10367 8451 765 2700 10368 8953 14477 8957 3389 1084 11239 3392 11245 8956 14481 3394 11246 14479 8958 14482 3395 11248 14483 14484 
3303 8451 765 2700 10368 8452 766 2701 10369 8956 14481 8960 3394 1085 11246 3397 11252 8959 14485 3399 11253 14483 8961 14486 3400 11255 14487 14488 
3304 8452 766 2701 10369 8453 767 2702 10370 8959 14485 8963 3399 1086 11253 3402 11259 8962 14489 3404 11260 14487 8964 14490 3405 11262 14491 14492 
3305 8453 767 2702 10370 8454 768 2703 10371 8962 14489 8966 3404 1087 11260 3407 11266 8965 14493 3409 11267 14491 8967 14494 3410 11269 14495 14496 
3306 8454 768 2703 10371 8455 769 2704 10372 8965 14493 8969 3409 1088 11267 3412 11273 8968 14497 3414 11274 14495 8970 14498 3415 11276 14499 14500 
3307 8455 769 2704 10372 8456 770 2705 10373 8968 14497 8972 3414 1089 11274 3417 11280 8971 14501 3419 11281 14499 8973 14502 3420 11283 14503 14504 
3308 8456 770 2705 10373 8457 771 2706 10374 8971 14501 8975 3419 1090 11281 3422 11287 8974 14505 3424 11288 14503 8976 14506 3425 11290 14507 14508 
3309 8457 771 2706 10374 8458 772 2707 10375 8974 14505 8978 3424 1091 11288 3427 11294 8977 14509 3429 11295 14507 8979 14510 3430 11297 14511 14512 
3310 8458 772 2707 10375 8459 773 2708 10376 8977 14509 8981 3429 1092 11295 3432 11301 8980 14513 3434 11302 14511 8982 14514 3435 11304 14515 14516 
3311 8459 773 2708 10376 8460 774 2709 10377 8980 14513 8984 3434 1093 11302 3437 11308 8983 14517 3439 11309 14515 8985 14518 3440 11311 14519 14520 
3312 8460 774 2709 10377 8461 775 2710 10378 8983 14517 8987 3439 1094 11309 3442 11315 8986 14521 3444 11316 14519 8988 14522 3445 11318 14523 14524 
3313 8461 775 2710 10378 8462 776 2711 10379 8986 14521 8990 3444 1095 11316 3447 11322 8989 14525 3449 11323 14523 8991 14526 3450 11325 14527 14528 
3314 8462 776 2711 10379 8463 777 2712 10380 8989 14525 8993 3449 1096 11323 3452 11329 8992 14529 3454 11330 14527 8994 14530 3455 11332 14531 14532 
3315 8463 777 2712 10380 8464 778 2713 10381 8992 14529 8996 3454 1097 11330 3457 11336 8995 14533 3459 11337 14531 8997 14534 3460 11339 14535 14536 
3316 8464 778 2713 10381 8465 779 2714 10382 8995 14533 8999 3459 1098 11337 3462 11343 8998 14537 3464 11344 14535 9000 14538 3465 11346 14539 14540 
3317 8465 779 2714 10382 8466 780 2715 10383 8998 14537 9002 3464 1099 11344 3467 11350 9001 14541 3469 11351 14539 9003 14542 3470 11353 14543 14544 
3318 8466 780 2715 10383 8467 781 2716 10384 9001 14541 9005 3469 1100 11351 3472 11357 9004 14545 3474 11358 14543 9006 14546 3475 11360 14547 14548 
3319 8467 781 2716 10384 8468 782 2717 10385 9004 14545 9008 3474 1101 11358 3477 11364 9007 14549 3479 11365 14547 9009 14550 3480 11367 14551 14552 
3320 8468 782 2717 10385 8469 783 2718 10386 9007 14549 9011 3479 1102 11365 3482 11371 9010 14553 3484 11372 14551 9012 14554 3485 11374 14555 14556 
3321 8469 783 2718 10386 8470 784 2719 10387 9010 14553 9014 3484 1103 11372 3487 11378 9013 14557 3489 11379 14555 9015 14558 3490 11381 14559 14560 
3322 8470 784 2719 10387 8471 785 2720 10388 9013 14557 9017 3489 1104 11379 3492 11385 9016 14561 3494 11386 14559 9018 14562 3495 11388 14563 14564 
3323 8471 785 2720 10388 8472 786 2721 10389 9016 14561 9020 3494 1105 11386 3497 11392 9019 14565 3499 11393 14563 9021 14566 3500 11395 14567 14568 
3324 8472 786 2721 10389 8473 787 2722 10390 9019 14565 9023 3499 1106 11393 3502 11399 9022 14569 3504 11400 14567 9024 14570 3505 11402 14571 14572 
3325 8473 787 2722 10390 8474 788 2723 10391 9022 14569 9026 3504 1107 11400 3507 11406 9025 14573 3509 11407 14571 9027 14574 3510 11409 14575 14576 
3326 8474 788 2723 10391 8475 789 2724 10392 9025 14573 9029 3509 1108 11407 3512 11413 9028 14577 3514 11414 14575 9030 14578 3515 11416 14579 14580 
3327 8475 789 2724 10392 8476 790 2725 10393 9028 14577 9032 3514 1109 11414 3517 11420 9031 14581 3519 11421 14579 9033 14582 3520 11423 14583 14584 
3328 8476 790 2725 10393 8477 791 2726 10394 9031 14581 9035 3519 1110 11421 3522 11427 9034 14585 3524 11428 14583 9036 14586 3525 11430 14587 14588 
3329 8477 791 2726 10394 8478 792 2727 10395 9034 14585 9038 3524 1111 11428 3527 11434 9037 14589 3529 11435 14587 9039 14590 3530 11437 14591 14592 
3330 8478 792 2727 10395 8479 793 2728 10396 9037 14589 9041 3529 1112 11435 3532 11441 9040 14593 3534 11442 14591 9042 14594 3535 11444 14595 14596 
3331 8479 793 2728 10396 8480 794 2729 10397 9040 14593 9044 3534 1113 11442 3537 11448 9043 14597 3539 11449 14595 9045 14598 3540 11451 14599 14600 
3332 8480 794 2729 10397 8481 795 2730 10398 9043 14597 9047 3539 1114 11449 3542 11455 9046 14601 3544 11456 14599 9048 14602 3545 11458 14603 14604 
3333 8481 795 2730 10398 8482 796 2731 10399 9046 14601 9050 3544 1115 11456 3547 11462 9049 14605 3549 11463 14603 9051 14606 3550 11465 14607 14608 
3334 8482 796 2731 10399 8483 797 2732 10400 9049 14605 9053 3549 1116 11463 3552 11469 9052 14609 3554 11470 14607 9054 14610 3555 11472 14611 14612 
3335 8483 797 2732 10400 8484 798 2733 10401 9052 14609 9056 3554 1117 11470 3557 11476 9055 14613 3559 11477 14611 9057 14614 3560 11479 14615 14616 
3336 8484 798 2733 10401 8485 799 2734 10402 9055 14613 9059 3559 1118 11477 3562 11483 9058 14617 3564 11484 14615 9060 14618 3565 11486 14619 14620 
3337 8485 799 2734 10402 8486 800 2735 10403 9058 14617 9062 3564 1119 11484 3567 11490 9061 14621 3569 11491 14619 9063 14622 3570 11493 14623 14624 
3338 8486 800 2735 10403 8487 801 2736 10404 9061 14621 9065 3569 1120 11491 3572 11497 9064 14625 3574 11498 14623 9066 14626 3575 11500 14627 14628 
3339 8487 801 2736 10404 8488 802 2737 10405 9064 14625 9068 3574 1121 11498 3577 11504 9067 14629 3579 11505 14627 9069 14630 3580 11507 14631 14632 
3340 8488 802 2737 10405 8489 803 2738 10406 9067 14629 9071 3579 1122 11505 3582 11511 9070 14633 3584 11512 14631 9072 14634 3585 11514 14635 14636 
3341 8489 803 2738 10406 8490 804 2739 10407 9070 14633 9074 3584 1123 11512 3587 11518 9073 14637 3589 11519 14635 9075 14638 3590 11521 14639 14640 
3342 8490 804 2739 10407 8491 805 2740 10408 9073 14637 9077 3589 1124 11519 3592 11525 9076 14641 3594 11526 14639 9078 14642 3595 11528 14643 14644 
3343 8491 805 2740 10408 8492 806 2741 10409 9076 14641 9080 3594 1125 11526 3597 11532 9079 14645 3599 11533 14643 9081 14646 3600 11535 14647 14648 
3344 8492 806 2741 10409 8493 807 2742 10410 9079 14645 9083 3599 1126 11533 3602 11539 9082 14649 3604 11540 14647 9084 14650 3605 11542 14651 14652 
3345 8493 807 2742 10410 8494 808 2743 10411 9082 14649 9086 3604 1127 11540 3607 11546 9085 14653 3609 11547 14651 9087 14654 3610 11549 14655 14656 
3346 8494 808 2743 10411 8495 809 2744 10412 9085 14653 9089 3609 1128 11547 3612 11553 9088 14657 3614 11554 14655 9090 14658 3615 11556 14659 14660 
3347 8495 809 2744 10412 8496 810 2745 10413 9088 14657 9092 3614 1129 11554 3617 11560 9091 14661 3619 11561 14659 9093 14662 3620 11563 14663 14664 
3348 8496 810 2745 10413 8497 811 2746 10414 9091 14661 9095 3619 1130 11561 3622 11567 9094 14665 3624 11568 14663 9096 14666 3625 11570 14667 14668 
3349 8497 811 2746 10414 8498 812 2747 10415 9094 14665 9098 3624 1131 11568 3627 11574 9097 14669 3629 11575 14667 9099 14670 3630 11577 14671 14672 
3350 8498 812 2747 10415 8499 813 2748 10416 9097 14669 9101 3629 1132 11575 3632 11581 9100 14673 3634 11582 14671 9102 14674 3635 11584 14675 14676 
3351 8499 813 2748 10416 8500 814 2749 10417 9100 14673 9104 3634 1133 11582 3637 11588 9103 14677 3639 11589 14675 9105 14678 3640 11591 14679 14680 
3352 8500 814 2749 10417 8501 815 2750 10418 9103 14677 9107 3639 1134 11589 3642 11595 9106 14681 3644 11596 14679 9108 14682 3645 11598 14683 14684 
3353 8501 815 2750 10418 8502 816 2751 10419 9106 14681 9110 3644 1135 11596 3647 11602 9109 14685 3649 11603 14683 9111 14686 3650 11605 14687 14688 
3354 8502 816 2751 10419 8503 817 2752 10420 9109 14685 9113 3649 1136 11603 3652 11609 9112 14689 3654 11610 14687 9114 14690 3655 11612 14691 14692 
3355 8503 817 2752 10420 8504 818 2753 10421 9112 14689 9116 3654 1137 11610 3657 11616 9115 14693 3659 11617 14691 9117 14694 3660 11619 14695 14696 
3356 8504 818 2753 10421 8505 819 2754 10422 9115 14693 9119 3659 1138 11617 3662 11623 9118 14697 3664 11624 14695 9120 14698 3665 11626 14699 14700 
3357 8505 819 2754 10422 8506 820 2755 10423 9118 14697 9122 3664 1139 11624 3667 11630 9121 14701 3669 11631 14699 9123 14702 3670 11633 14703 14704 
3358 8506 820 2755 10423 8507 821 2756 10424 9121 14701 9125 3669 1140 11631 3672 11637 9124 14705 3674 11638 14703 9126 14706 3675 11640 14707 14708 
3359 8507 821 2756 10424 8508 822 2757 10425 9124 14705 9128 3674 1141 11638 3677 11644 9127 14709 3679 11645 14707 9129 14710 3680 11647 14711 14712 
3360 8508 822 2757 10425 8509 823 2758 10426 9127 14709 9131 3679 1142 11645 3682 11651 9130 14713 3684 11652 14711 9132 14714 3685 11654 14715 14716 
3361 8509 823 2758 10426 8510 824 2759 10427 9130 14713 9134 3684 1143 11652 3687 11658 9133 14717 3689 11659 14715 9135 14718 3690 11661 14719 14720 
3362 8510 824 2759 10427 8511 825 2760 10428 9133 14717 9137 3689 1144 11659 3692 11665 9136 14721 3694 11666 14719 9138 14722 3695 11668 14723 14724 
3363 8511 825 2760 10428 8512 826 2761 10429 9136 14721 9140 3694 1145 11666 3697 11672 9139 14725 3699 11673 14723 9141 14726 3700 11675 14727 14728 
3364 8512 826 2761 10429 8513 827 2762 10430 9139 14725 9143 3699 1146 11673 3702 11679 9142 14729 3704 11680 14727 9144 14730 3705 11682 14731 14732 
3365 8513 827 2762 10430 8514 828 2763 10431 9142 14729 9146 3704 1147 11680 3707 11686 9145 14733 3709 11687 14731 9147 14734 3710 11689 14735 14736 
3366 8514 828 2763 10431 8515 829 2764 10432 9145 14733 9149 3709 1148 11687 3712 11693 9148 14737 3714 11694 14735 9150 14738 3715 11696 14739 14740 
3367 8515 829 2764 10432 8516 830 2765 10433 9148 14737 9152 3714 1149 11694 3717 11700 9151 14741 3719 11701 14739 9153 14742 3720 11703 14743 14744 
3368 8516 830 2765 10433 8517 831 2766 10434 9151 14741 9155 3719 1150 11701 3722 11707 9154 14745 3724 11708 14743 9156 14746 3725 11710 14747 14748 
3369 8517 831 2766 10434 8518 832 2767 10435 9154 14745 9158 3724 1151 11708 3727 11714 9157 14749 3729 11715 14747 9159 14750 3730 11717 14751 14752 
3370 8518 832 2767 10435 8519 833 2768 10436 9157 14749 9161 3729 1152 11715 3732 11721 9160 14753 3734 11722 14751 9162 14754 3735 11724 14755 14756 
3371 8519 833 2768 10436 8520 834 2769 10437 9160 14753 9164 3734 1153 11722 3737 11728 9163 14757 3739 11729 14755 9165 14758 3740 11731 14759 14760 
3372 8520 834 2769 10437 8521 835 2770 10438 9163 14757 9167 3739 1154 11729 3742 11735 9166 14761 3744 11736 14759 9168 14762 3745 11738 14763 14764 
3373 8521 835 2770 10438 8522 836 2771 10439 9166 14761 9170 3744 1155 11736 3747 11742 9169 14765 3749 11743 14763 9171 14766 3750 11745 14767 14768 
3374 8522 836 2771 10439 8523 837 2772 10440 9169 14765 9173 3749 1156 11743 3752 11749 9172 14769 3754 11750 14767 9174 14770 3755 11752 14771 14772 
3375 8523 837 2772 10440 8524 838 2773 10441 9172 14769 9176 3754 1157 11750 3757 11756 9175 14773 3759 11757 14771 9177 14774 3760 11759 14775 14776 
3376 8524 838 2773 10441 8525 839 2774 10442 9175 14773 9179 3759 1158 11757 3762 11763 9178 14777 3764 11764 14775 9180 14778 3765 11766 14779 14780 
3377 8525 839 2774 10442 8526 840 2775 10443 9178 14777 9182 3764 1159 11764 3767 11770 9181 14781 3769 11771 14779 9183 14782 3770 11773 14783 14784 
3378 8526 840 2775 10443 8527 841 2776 10444 9181 14781 9185 3769 1160 11771 3772 11777 9184 14785 3774 11778 14783 9186 14786 3775 11780 14787 14788 
3379 8527 841 2776 10444 8528 842 2777 10445 9184 14785 9188 3774 1161 11778 3777 11784 9187 14789 3779 11785 14787 9189 14790 3780 11787 14791 14792 
3380 8528 842 2777 10445 8529 843 2778 10446 9187 14789 9191 3779 1162 11785 3782 11791 9190 14793 3784 11792 14791 9192 14794 3785 11794 14795 14796 
3381 8529 843 2778 10446 8530 844 2779 10447 9190 14793 9194 3784 1163 11792 3787 11798 9193 14797 3789 11799 14795 9195 14798 3790 11801 14799 14800 
3382 8530 844 2779 10447 8531 845 2780 10448 9193 14797 9197 3789 1164 11799 3792 11805 9196 14801 3794 11806 14799 9198 14802 3795 11808 14803 14804 
3383 8531 845 2780 10448 8532 846 2781 10449 9196 14801 9200 3794 1165 11806 3797 11812 9199 14805 3799 11813 14803 9201 14806 3800 11815 14807 14808 
3384 8532 846 2781 10449 8533 847 2782 10450 9199 14805 9203 3799 1166 11813 3802 11819 9202 14809 3804 11820 14807 9204 14810 3805 11822 14811 14812 
3385 8533 847 2782 10450 8534 848 2783 10451 9202 14809 9206 3804 1167 11820 3807 11826 9205 14813 3809 11827 14811 9207 14814 3810 11829 14815 14816 
3386 8534 848 2783 10451 8535 849 2784 10452 9205 14813 9209 3809 1168 11827 3812 11833 9208 14817 3814 11834 14815 9210 14818 3815 11836 14819 14820 
3387 8535 849 2784 10452 8536 850 2785 10453 9208 14817 9212 3814 1169 11834 3817 11840 9211 14821 3819 11841 14819 9213 14822 3820 11843 14823 14824 
3388 8536 850 2785 10453 8537 851 2786 10454 9211 14821 9215 3819 1170 11841 3822 11847 9214 14825 3824 11848 14823 9216 14826 3825 11850 14827 14828 
3389 8537 851 2786 10454 8538 852 2787 10455 9214 14825 9218 3824 1171 11848 3827 11854 9217 14829 3829 11855 14827 9219 14830 3830 11857 14831 14832 
3390 8538 852 2787 10455 8539 853 2788 10456 9217 14829 9221 3829 1172 11855 3832 11861 9220 14833 3834 11862 14831 9222 14834 3835 11864 14835 14836 
3391 8539 853 2788 10456 8540 854 2789 10457 9220 14833 9224 3834 1173 11862 3837 11868 9223 14837 3839 11869 14835 9225 14838 3840 11871 14839 14840 
3392 8540 854 2789 10457 8541 855 2790 10458 9223 14837 9227 3839 1174 11869 3842 11875 9226 14841 3844 11876 14839 9228 14842 3845 11878 14843 14844 
3393 8541 855 2790 10458 8542 856 2791 10459 9226 14841 9230 3844 1175 11876 3847 11882 9229 14845 3849 11883 14843 9231 14846 3850 11885 14847 14848 
3394 8542 856 2791 10459 8543 857 2792 10460 9229 14845 9233 3849 1176 11883 3852 11889 9232 14849 3854 11890 14847 9234 14850 3855 11892 14851 14852 
3395 8543 857 2792 10460 8544 858 2793 10461 9232 14849 9236 3854 1177 11890 3857 11896 9235 14853 3859 11897 14851 9237 14854 3860 11899 14855 14856 
3396 8544 858 2793 10461 8545 859 2794 10462 9235 14853 9239 3859 1178 11897 3862 11903 9238 14857 3864 11904 14855 9240 14858 3865 11906 14859 14860 
3397 8545 859 2794 10462 8546 860 2795 10463 9238 14857 9242 3864 1179 11904 3867 11910 9241 14861 3869 11911 14859 9243 14862 3870 11913 14863 14864 
3398 8546 860 2795 10463 8547 861 2796 10464 9241 14861 9245 3869 1180 11911 3872 11917 9244 14865 3874 11918 14863 9246 14866 3875 11920 14867 14868 
3399 8547 861 2796 10464 8548 862 2797 10465 9244 14865 9248 3874 1181 11918 3877 11924 9247 14869 3879 11925 14867 9249 14870 3880 11927 14871 14872 
3400 8548 862 2797 10465 8549 863 2798 10466 9247 14869 9251 3879 1182 11925 3882 11931 9250 14873 3884 11932 14871 9252 14874 3885 11934 14875 14876 
3401 8549 863 2798 10466 8550 864 2799 10467 9250 14873 9254 3884 1183 11932 3887 11938 9253 14877 3889 11939 14875 9255 14878 3890 11941 14879 14880 
3402 8550 864 2799 10467 8551 865 2800 10468 9253 14877 9257 3889 1184 11939 3892 11945 9256 14881 3894 11946 14879 9258 14882 3895 11948 14883 14884 
3403 8551 865 2800 10468 8552 866 2801 10469 9256 14881 9260 3894 1185 11946 3897 11952 9259 14885 3899 11953 14883 9261 14886 3900 11955 14887 14888 
3404 8552 866 2801 10469 8553 867 2802 10470 9259 14885 9263 3899 1186 11953 3902 11959 9262 14889 3904 11960 14887 9264 14890 3905 11962 14891 14892 
3405 8553 867 2802 10470 8554 868 2803 10471 9262 14889 9266 3904 1187 11960 3907 11966 9265 14893 3909 11967 14891 9267 14894 3910 11969 14895 14896 
3406 8554 868 2803 10471 8555 869 2804 10472 9265 14893 9269 3909 1188 11967 3912 11973 9268 14897 3914 11974 14895 9270 14898 3915 11976 14899 14900 
3407 8555 869 2804 10472 8556 870 2805 10473 9268 14897 9272 3914 1189 11974 3917 11980 9271 14901 3919 11981 14899 9273 14902 3920 11983 14903 14904 
3408 8556 870 2805 10473 8557 871 2806 10474 9271 14901 9275 3919 1190 11981 3922 11987 9274 14905 3924 11988 14903 9276 14906 3925 11990 14907 14908 
3409 8557 871 2806 10474 8558 872 2807 10475 9274 14905 9278 3924 1191 11988 3927 11994 9277 14909 3929 11995 14907 9279 14910 3930 11997 14911 14912 
3410 8558 872 2807 10475 8559 873 2808 10476 9277 14909 9281 3929 1192 11995 3932 12001 9280 14913 3934 12002 14911 9282 14914 3935 12004 14915 14916 
3411 8559 873 2808 10476 8560 874 2809 10477 9280 14913 9284 3934 1193 12002 3937 12008 9283 14917 3939 12009 14915 9285 14918 3940 12011 14919 14920 
3412 8560 874 2809 10477 8561 875 2810 10478 9283 14917 9287 3939 1194 12009 3942 12015 9286 14921 3944 12016 14919 9288 14922 3945 12018 14923 14924 
3413 8561 875 2810 10478 8562 876 2811 10479 9286 14921 9290 3944 1195 12016 3947 12022 9289 14925 3949 12023 14923 9291 14926 3950 12025 14927 14928 
3414 8562 876 2811 10479 8563 877 2812 10480 9289 14925 9293 3949 1196 12023 3952 12029 9292 14929 3954 12030 14927 9294 14930 3955 12032 14931 14932 
3415 8563 877 2812 10480 8564 878 2813 10481 9292 14929 9296 3954 1197 12030 3957 12036 9295 14933 3959 12037 14931 9297 14934 3960 12039 14935 14936 
3416 8564 878 2813 10481 8565 879 2814 10482 9295 14933 9299 3959 1198 12037 3962 12043 9298 14937 3964 12044 14935 9300 14938 3965 12046 14939 14940 
3417 8565 879 2814 10482 8566 880 2815 10483 9298 14937 9302 3964 1199 12044 3967 12050 9301 14941 3969 12051 14939 9303 14942 3970 12053 14943 14944 
3418 8566 880 2815 10483 8567 881 2816 10484 9301 14941 9305 3969 1200 12051 3972 12057 9304 14945 3974 12058 14943 9306 14946 3975 12060 14947 14948 
3419 8567 881 2816 10484 8568 882 2817 10485 9304 14945 9308 3974 1201 12058 3977 12064 9307 14949 3979 12065 14947 9309 14950 3980 12067 14951 14952 
3420 8568 882 2817 10485 8569 883 2818 10486 9307 14949 9311 3979 1202 12065 3982 12071 9310 14953 3984 12072 14951 9312 14954 3985 12074 14955 14956 
3421 8569 883 2818 10486 8570 884 2819 10487 9310 14953 9314 3984 1203 12072 3987 12078 9313 14957 3989 12079 14955 9315 14958 3990 12081 14959 14960 
3422 8570 884 2819 10487 8571 885 2820 10488 9313 14957 9317 3989 1204 12079 3992 12085 9316 14961 3994 12086 14959 9318 14962 3995 12088 14963 14964 
3423 8571 885 2820 10488 8572 886 2821 10489 9316 14961 9320 3994 1205 12086 3997 12092 9319 14965 3999 12093 14963 9321 14966 4000 12095 14967 14968 
3424 8572 886 2821 10489 8573 887 2822 10490 9319 14965 9323 3999 1206 12093 4002 12099 9322 14969 4004 12100 14967 9324 14970 4005 12102 14971 14972 
3425 8573 887 2822 10490 8574 888 2823 10491 9322 14969 9326 4004 1207 12100 4007 12106 9325 14973 4009 12107 14971 9327 14974 4010 12109 14975 14976 
3426 8574 888 2823 10491 8575 889 2824 10492 9325 14973 9329 4009 1208 12107 4012 12113 9328 14977 4014 12114 14975 9330 14978 4015 12116 14979 14980 
3427 8575 889 2824 10492 8576 890 2825 10493 9328 14977 9332 4014 1209 12114 4017 12120 9331 14981 4019 12121 14979 9333 14982 4020 12123 14983 14984 
3428 8576 890 2825 10493 8577 891 2826 10494 9331 14981 9335 4019 1210 12121 4022 12127 9334 14985 4024 12128 14983 9336 14986 4025 12130 14987 14988 
3429 8577 891 2826 10494 8578 892 2827 10495 9334 14985 9338 4024 1211 12128 4027 12134 9337 14989 4029 12135 14987 9339 14990 4030 12137 14991 14992 
3430 8578 892 2827 10495 8579 893 2828 10496 9337 14989 9341 4029 1212 12135 4032 12141 9340 14993 4034 12142 14991 9342 14994 4035 12144 14995 14996 
3431 8579 893 2828 10496 8580 894 2829 10497 9340 14993 9344 4034 1213 12142 4037 12148 9343 14997 4039 12149 14995 9345 14998 4040 12151 14999 15000 
3432 8580 894 2829 10497 8581 895 2830 10498 9343 14997 9347 4039 1214 12149 4042 12155 9346 15001 4044 12156 14999 9348 15002 4045 12158 15003 15004 
3433 8581 895 2830 10498 8582 896 2831 10499 9346 15001 9350 4044 1215 12156 4047 12162 9349 15005 4049 12163 15003 9351 15006 4050 12165 15007 15008 
3434 8582 896 2831 10499 8583 897 2832 10500 9349 15005 9353 4049 1216 12163 4052 12169 9352 15009 4054 12170 15007 9354 15010 4055 12172 15011 15012 
3435 8583 897 2832 10500 8584 898 2833 10501 9352 15009 9356 4054 1217 12170 4057 12176 9355 15013 4059 12177 15011 9357 15014 4060 12179 15015 15016 
3436 8584 898 2833 10501 8585 899 2834 10502 9355 15013 9359 4059 1218 12177 4062 12183 9358 15017 4064 12184 15015 9360 15018 4065 12186 15019 15020 
3437 8585 899 2834 10502 8586 900 2835 10503 9358 15017 9362 4064 1219 12184 4067 12190 9361 15021 4069 12191 15019 9363 15022 4070 12193 15023 15024 
3438 8586 900 2835 10503 8587 901 2836 10504 9361 15021 9365 4069 1220 12191 4072 12197 9364 15025 4074 12198 15023 9366 15026 4075 12200 15027 15028 
3439 8587 901 2836 10504 8588 902 2837 10505 9364 15025 9368 4074 1221 12198 4077 12204 9367 15029 4079 12205 15027 9369 15030 4080 12207 15031 15032 
3440 8588 902 2837 10505 8589 903 2838 10506 9367 15029 9371 4079 1222 12205 4082 12211 9370 15033 4084 12212 15031 9372 15034 4085 12214 15035 15036 
3441 8589 903 2838 10506 8590 904 2839 10507 9370 15033 9374 4084 1223 12212 4087 12218 9373 15037 4089 12219 15035 9375 15038 4090 12221 15039 15040 
3442 8590 904 2839 10507 8591 905 2840 10508 9373 15037 9377 4089 1224 12219 4092 12225 9376 15041 4094 12226 15039 9378 15042 4095 12228 15043 15044 
3443 8591 905 2840 10508 8592 906 2841 10509 9376 15041 9380 4094 1225 12226 4097 12232 9379 15045 4099 12233 15043 9381 15046 4100 12235 15047 15048 
3444 8592 906 2841 10509 8593 907 2842 10510 9379 15045 9383 4099 1226 12233 4102 12239 9382 15049 4104 12240 15047 9384 15050 4105 12242 15051 15052 
3445 8593 907 2842 10510 8594 908 2843 10511 9382 15049 9386 4104 1227 12240 4107 12246 9385 15053 4109 12247 15051 9387 15054 4110 12249 15055 15056 
3446 8594 908 2843 10511 8595 909 2844 10512 9385 15053 9389 4109 1228 12247 4112 12253 9388 15057 4114 12254 15055 9390 15058 4115 12256 15059 15060 
3447 8595 909 2844 10512 8596 910 2845 10513 9388 15057 9392 4114 1229 12254 4117 12260 9391 15061 4119 12261 15059 9393 15062 4120 12263 15063 15064 
3448 8596 910 2845 10513 8597 911 2846 10514 9391 15061 9395 4119 1230 12261 4122 12267 9394 15065 4124 12268 15063 9396 15066 4125 12270 15067 15068 
3449 8597 911 2846 10514 8598 912 2847 10515 9394 15065 9398 4124 1231 12268 4127 12274 9397 15069 4129 12275 15067 9399 15070 4130 12277 15071 15072 
3450 8598 912 2847 10515 8599 913 2848 10516 9397 15069 9401 4129 1232 12275 4132 12281 9400 15073 4134 12282 15071 9402 15074 4135 12284 15075 15076 
3451 8599 913 2848 10516 8600 914 2849 10517 9400 15073 9404 4134 1233 12282 4137 12288 9403 15077 4139 12289 15075 9405 15078 4140 12291 15079 15080 
3452 8600 914 2849 10517 8601 915 2850 10518 9403 15077 9407 4139 1234 12289 4142 12295 9406 15081 4144 12296 15079 9408 15082 4145 12298 15083 15084 
3453 8601 915 2850 10518 8602 916 2851 10519 9406 15081 9410 4144 1235 12296 4147 12302 9409 15085 4149 12303 15083 9411 15086 4150 12305 15087 15088 
3454 8602 916 2851 10519 8603 917 2852 10520 9409 15085 9413 4149 1236 12303 4152 12309 9412 15089 4154 12310 15087 9414 15090 4155 12312 15091 15092 
3455 8603 917 2852 10520 8604 918 2853 10521 9412 15089 9416 4154 1237 12310 4157 12316 9415 15093 4159 12317 15091 9417 15094 4160 12319 15095 15096 
3456 8604 918 2853 10521 8605 919 2854 10522 9415 15093 9419 4159 1238 12317 4162 12323 9418 15097 4164 12324 15095 9420 15098 4165 12326 15099 15100 
3457 8605 919 2854 10522 8606 920 2855 10523 9418 15097 9422 4164 1239 12324 4167 12330 9421 15101 4169 12331 15099 9423 15102 4170 12333 15103 15104 
3458 8606 920 2855 10523 8607 921 2856 10524 9421 15101 9425 4169 1240 12331 4172 12337 9424 15105 4174 12338 15103 9426 15106 4175 12340 15107 15108 
3459 8607 921 2856 10524 8608 922 2857 10525 9424 15105 9428 4174 1241 12338 4177 12344 9427 15109 4179 12345 15107 9429 15110 4180 12347 15111 15112 
3460 8608 922 2857 10525 8609 923 2858 10526 9427 15109 9431 4179 1242 12345 4182 12351 9430 15113 4184 12352 15111 9432 15114 4185 12354 15115 15116 
3461 8609 923 2858 10526 8610 924 2859 10527 9430 15113 9434 4184 1243 12352 4187 12358 9433 15117 4189 12359 15115 9435 15118 4190 12361 15119 15120 
3462 8610 924 2859 10527 8611 925 2860 10528 9433 15117 9437 4189 1244 12359 4192 12365 9436 15121 4194 12366 15119 9438 15122 4195 12368 15123 15124 
3463 8611 925 2860 10528 8612 926 2861 10529 9436 15121 9440 4194 1245 12366 4197 12372 9439 15125 4199 12373 15123 9441 15126 4200 12375 15127 15128 
3464 8612 926 2861 10529 8613 927 2862 10530 9439 15125 9443 4199 1246 12373 4202 12379 9442 15129 4204 12380 15127 9444 15130 4205 12382 15131 15132 
3465 8613 927 2862 10530 8614 928 2863 10531 9442 15129 9446 4204 1247 12380 4207 12386 9445 15133 4209 12387 15131 9447 15134 4210 12389 15135 15136 
3466 8614 928 2863 10531 8615 929 2864 10532 9445 15133 9449 4209 1248 12387 4212 12393 9448 15137 4214 12394 15135 9450 15138 4215 12396 15139 15140 
3467 8615 929 2864 10532 8616 930 2865 10533 9448 15137 9452 4214 1249 12394 4217 12400 9451 15141 4219 12401 15139 9453 15142 4220 12403 15143 15144 
3468 8616 930 2865 10533 8617 931 2866 10534 9451 15141 9455 4219 1250 12401 4222 12407 9454 15145 4224 12408 15143 9456 15146 4225 12410 15147 15148 
3469 8617 931 2866 10534 8618 932 2867 10535 9454 15145 9458 4224 1251 12408 4227 12414 9457 15149 4229 12415 15147 9459 15150 4230 12417 15151 15152 
3470 8618 932 2867 10535 8619 933 2868 10536 9457 15149 9461 4229 1252 12415 4232 12421 9460 15153 4234 12422 15151 9462 15154 4235 12424 15155 15156 
3471 8619 933 2868 10536 8620 934 2869 10537 9460 15153 9464 4234 1253 12422 4237 12428 9463 15157 4239 12429 15155 9465 15158 4240 12431 15159 15160 
3472 8620 934 2869 10537 8621 935 2870 10538 9463 15157 9467 4239 1254 12429 4242 12435 9466 15161 4244 12436 15159 9468 15162 4245 12438 15163 15164 
3473 8621 935 2870 10538 8622 936 2871 10539 9466 15161 9470 4244 1255 12436 4247 12442 9469 15165 4249 12443 15163 9471 15166 4250 12445 15167 15168 
3474 8622 936 2871 10539 8623 937 2872 10540 9469 15165 9473 4249 1256 12443 4252 12449 9472 15169 4254 12450 15167 9474 15170 4255 12452 15171 15172 
3475 8623 937 2872 10540 8624 938 2873 10541 9472 15169 9476 4254 1257 12450 4257 12456 9475 15173 4259 12457 15171 9477 15174 4260 12459 15175 15176 
3476 8624 938 2873 10541 8625 939 2874 10542 9475 15173 9479 4259 1258 12457 4262 12463 9478 15177 4264 12464 15175 9480 15178 4265 12466 15179 15180 
3477 8625 939 2874 10542 8626 940 2875 10543 9478 15177 9482 4264 1259 12464 4267 12470 9481 15181 4269 12471 15179 9483 15182 4270 12473 15183 15184 
3478 8626 940 2875 10543 8627 941 2876 10544 9481 15181 9485 4269 1260 12471 4272 12477 9484 15185 4274 12478 15183 9486 15186 4275 12480 15187 15188 
3479 8627 941 2876 10544 8628 942 2877 10545 9484 15185 9488 4274 1261 12478 4277 12484 9487 15189 4279 12485 15187 9489 15190 4280 12487 15191 15192 
3480 8628 942 2877 10545 8629 943 2878 10546 9487 15189 9491 4279 1262 12485 4282 12491 9490 15193 4284 12492 15191 9492 15194 4285 12494 15195 15196 
3481 8629 943 2878 10546 8630 944 2879 10547 9490 15193 9494 4284 1263 12492 4287 12498 9493 15197 4289 12499 15195 9495 15198 4290 12501 15199 15200 
3482 8630 944 2879 10547 8631 945 2880 10548 9493 15197 9497 4289 1264 12499 4292 12505 9496 15201 4294 12506 15199 9498 15202 4295 12508 15203 15204 
3483 8631 945 2880 10548 8632 946 2881 10549 9496 15201 9500 4294 1265 12506 4297 12512 9499 15205 4299 12513 15203 9501 15206 4300 12515 15207 15208 
3484 8632 946 2881 10549 8633 947 2882 10550 9499 15205 9503 4299 1266 12513 4302 12519 9502 15209 4304 12520 15207 9504 15210 4305 12522 15211 15212 
3485 8633 947 2882 10550 8634 948 2883 10551 9502 15209 9506 4304 1267 12520 4307 12526 9505 15213 4309 12527 15211 9507 15214 4310 12529 15215 15216 
3486 8634 948 2883 10551 8635 949 2884 10552 9505 15213 9509 4309 1268 12527 4312 12533 9508 15217 4314 12534 15215 9510 15218 4315 12536 15219 15220 
3487 8635 949 2884 10552 8636 950 2885 10553 9508 15217 9512 4314 1269 12534 4317 12540 9511 15221 4319 12541 15219 9513 15222 4320 12543 15223 15224 
3488 8636 950 2885 10553 8637 951 2886 10554 9511 15221 9515 4319 1270 12541 4322 12547 9514 15225 4324 12548 15223 9516 15226 4325 12550 15227 15228 
3489 8637 951 2886 10554 8638 952 2887 10555 9514 15225 9518 4324 1271 12548 4327 12554 9517 15229 4329 12555 15227 9519 15230 4330 12557 15231 15232 
3490 8638 952 2887 10555 8639 953 2888 10556 9517 15229 9521 4329 1272 12555 4332 12561 9520 15233 4334 12562 15231 9522 15234 4335 12564 15235 15236 
3491 8639 953 2888 10556 8640 954 2889 10557 9520 15233 9524 4334 1273 12562 4337 12568 9523 15237 4339 12569 15235 9525 15238 4340 12571 15239 15240 
3492 8640 954 2889 10557 8641 955 2890 10558 9523 15237 9527 4339 1274 12569 4342 12575 9526 15241 4344 12576 15239 9528 15242 4345 12578 15243 15244 
3493 8641 955 2890 10558 8642 956 2891 10559 9526 15241 9530 4344 1275 12576 4347 12582 9529 15245 4349 12583 15243 9531 15246 4350 12585 15247 15248 
3494 8642 956 2891 10559 8643 957 2892 10560 9529 15245 9533 4349 1276 12583 4352 12589 9532 15249 4354 12590 15247 9534 15250 4355 12592 15251 15252 
3495 8643 957 2892 10560 8644 958 2893 10561 9532 15249 9536 4354 1277 12590 4357 12596 9535 15253 4359 12597 15251 9537 15254 4360 12599 15255 15256 
3496 8644 958 2893 10561 8645 959 2894 10562 9535 15253 9539 4359 1278 12597 4362 12603 9538 15257 4364 12604 15255 9540 15258 4365 12606 15259 15260 
3497 8645 959 2894 10562 8646 960 2895 10563 9538 15257 9542 4364 1279 12604 4367 12610 9541 15261 4369 12611 15259 9543 15262 4370 12613 15263 15264 
3498 8646 960 2895 10563 8647 961 2896 10564 9541 15261 9545 4369 1280 12611 4372 12617 9544 15265 4374 12618 15263 9546 15266 4375 12620 15267 15268 
3499 8647 961 2896 10564 8648 962 2897 10565 9544 15265 9548 4374 1281 12618 4377 12624 9547 15269 4379 12625 15267 9549 15270 4380 12627 15271 15272 
3500 8648 962 2897 10565 8649 963 2898 10566 9547 15269 9551 4379 1282 12625 4382 12631 9550 15273 4384 12632 15271 9552 15274 4385 12634 15275 15276 
3501 8649 963 2898 10566 8650 964 2899 10567 9550 15273 9554 4384 1283 12632 4387 12638 9553 15277 4389 12639 15275 9555 15278 4390 12641 15279 15280 
3502 8650 964 2899 10567 8651 965 2900 10568 9553 15277 9557 4389 1284 12639 4392 12645 9556 15281 4394 12646 15279 9558 15282 4395 12648 15283 15284 
3503 8651 965 2900 10568 8652 966 2901 10569 9556 15281 9560 4394 1285 12646 4397 12652 9559 15285 4399 12653 15283 9561 15286 4400 12655 15287 15288 
3504 8652 966 2901 10569 8653 967 2902 10570 9559 15285 9563 4399 1286 12653 4402 12659 9562 15289 4404 12660 15287 9564 15290 4405 12662 15291 15292 
3505 8653 967 2902 10570 8654 968 2903 10571 9562 15289 9566 4404 1287 12660 4407 12666 9565 15293 4409 12667 15291 9567 15294 4410 12669 15295 15296 
3506 8654 968 2903 10571 8655 969 2904 10572 9565 15293 9569 4409 1288 12667 4412 12673 9568 15297 4414 12674 15295 9570 15298 4415 12676 15299 15300 
3507 8655 969 2904 10572 8656 970 2905 10573 9568 15297 9572 4414 1289 12674 4417 12680 9571 15301 4419 12681 15299 9573 15302 4420 12683 15303 15304 
3508 8656 970 2905 10573 8657 971 2906 10574 9571 15301 9575 4419 1290 12681 4422 12687 9574 15305 4424 12688 15303 9576 15306 4425 12690 15307 15308 
3509 8657 971 2906 10574 8658 972 2907 10575 9574 15305 9578 4424 1291 12688 4427 12694 9577 15309 4429 12695 15307 9579 15310 4430 12697 15311 15312 
3510 8658 972 2907 10575 8659 973 2908 10576 9577 15309 9581 4429 1292 12695 4432 12701 9580 15313 4434 12702 15311 9582 15314 4435 12704 15315 15316 
3511 8659 973 2908 10576 8660 974 2909 10577 9580 15313 9584 4434 1293 12702 4437 12708 9583 15317 4439 12709 15315 9585 15318 4440 12711 15319 15320 
3512 8660 974 2909 10577 8661 975 2910 10578 9583 15317 9587 4439 1294 12709 4442 12715 9586 15321 4444 12716 15319 9588 15322 4445 12718 15323 15324 
3513 8661 975 2910 10578 8662 976 2911 10579 9586 15321 9590 4444 1295 12716 4447 12722 9589 15325 4449 12723 15323 9591 15326 4450 12725 15327 15328 
3514 8662 976 2911 10579 8663 977 2912 10580 9589 15325 9593 4449 1296 12723 4452 12729 9592 15329 4454 12730 15327 9594 15330 4455 12732 15331 15332 
3515 8663 977 2912 10580 8664 978 2913 10581 9592 15329 9596 4454 1297 12730 4457 12736 9595 15333 4459 12737 15331 9597 15334 4460 12739 15335 15336 
3516 8664 978 2913 10581 8665 979 2914 10582 9595 15333 9599 4459 1298 12737 4462 12743 9598 15337 4464 12744 15335 9600 15338 4465 12746 15339 15340 
3517 8665 979 2914 10582 8666 980 2915 10583 9598 15337 9602 4464 1299 12744 4467 12750 9601 15341 4469 12751 15339 9603 15342 4470 12753 15343 15344 
3518 8666 980 2915 10583 8667 981 2916 10584 9601 15341 9605 4469 1300 12751 4472 12757 9604 15345 4474 12758 15343 9606 15346 4475 12760 15347 15348 
3519 8667 981 2916 10584 8668 982 2917 10585 9604 15345 9608 4474 1301 12758 4477 12764 9607 15349 4479 12765 15347 9609 15350 4480 12767 15351 15352 
3520 8668 982 2917 10585 8669 983 2918 10586 9607 15349 9611 4479 1302 12765 4482 12771 9610 15353 4484 12772 15351 9612 15354 4485 12774 15355 15356 
3521 8669 983 2918 10586 8670 984 2919 10587 9610 15353 9614 4484 1303 12772 4487 12778 9613 15357 4489 12779 15355 9615 15358 4490 12781 15359 15360 
3522 8670 984 2919 10587 8671 985 2920 10588 9613 15357 9617 4489 1304 12779 4492 12785 9616 15361 4494 12786 15359 9618 15362 4495 12788 15363 15364 
3523 8671 985 2920 10588 8672 986 2921 10589 9616 15361 9620 4494 1305 12786 4497 12792 9619 15365 4499 12793 15363 9621 15366 4500 12795 15367 15368 
3524 8672 986 2921 10589 8673 987 2922 10590 9619 15365 9623 4499 1306 12793 4502 12799 9622 15369 4504 12800 15367 9624 15370 4505 12802 15371 15372 
3525 8673 987 2922 10590 8674 988 2923 10591 9622 15369 9626 4504 1307 12800 4507 12806 9625 15373 4509 12807 15371 9627 15374 4510 12809 15375 15376 
3526 8674 988 2923 10591 8675 989 2924 10592 9625 15373 9629 4509 1308 12807 4512 12813 9628 15377 4514 12814 15375 9630 15378 4515 12816 15379 15380 
3527 8675 989 2924 10592 8676 990 2925 10593 9628 15377 9632 4514 1309 12814 4517 12820 9631 15381 4519 12821 15379 9633 15382 4520 12823 15383 15384 
3528 8676 990 2925 10593 24 5 21 2598 9631 15381 9634 4519 1310 12821 4521 12827 25 2604 23 2600 15383 9635 15385 4523 12828 2605 15386 
3529 3 12 2589 15 1950 8358 10275 4524 14 17 2269 2595 8678 2593 10594 4843 9636 4846 14109 12831 2597 9637 4847 14110 12832 15387 15388 
3530 1950 8358 10275 4524 1951 8359 10276 4525 9636 4846 2270 14109 8681 12831 10601 4848 9638 4851 14113 12835 15387 9639 4852 14114 12836 15389 15390 
3531 1951 8359 10276 4525 1952 8360 10277 4526 9638 4851 2271 14113 8684 12835 10608 4853 9640 4856 14117 12839 15389 9641 4857 14118 12840 15391 15392 
3532 1952 8360 10277 4526 1953 8361 10278 4527 9640 4856 2272 14117 8687 12839 10615 4858 9642 4861 14121 12843 15391 9643 4862 14122 12844 15393 15394 
3533 1953 8361 10278 4527 1954 8362 10279 4528 9642 4861 2273 14121 8690 12843 10622 4863 9644 4866 14125 12847 15393 9645 4867 14126 12848 15395 15396 
3534 1954 8362 10279 4528 1955 8363 10280 4529 9644 4866 2274 14125 8693 12847 10629 4868 9646 4871 14129 12851 15395 9647 4872 14130 12852 15397 15398 
3535 1955 8363 10280 4529 1956 8364 10281 4530 9646 4871 2275 14129 8696 12851 10636 4873 9648 4876 14133 12855 15397 9649 4877 14134 12856 15399 15400 
3536 1956 8364 10281 4530 1957 8365 10282 4531 9648 4876 2276 14133 8699 12855 10643 4878 9650 4881 14137 12859 15399 9651 4882 14138 12860 15401 15402 
3537 1957 8365 10282 4531 1958 8366 10283 4532 9650 4881 2277 14137 8702 12859 10650 4883 9652 4886 14141 12863 15401 9653 4887 14142 12864 15403 15404 
3538 1958 8366 10283 4532 1959 8367 10284 4533 9652 4886 2278 14141 8705 12863 10657 4888 9654 4891 14145 12867 15403 9655 4892 14146 12868 15405 15406 
3539 1959 8367 10284 4533 1960 8368 10285 4534 9654 4891 2279 14145 8708 12867 10664 4893 9656 4896 14149 12871 15405 9657 4897 14150 12872 15407 15408 
3540 1960 8368 10285 4534 1961 8369 10286 4535 9656 4896 2280 14149 8711 12871 10671 4898 9658 4901 14153 12875 15407 9659 4902 14154 12876 15409 15410 
3541 1961 8369 10286 4535 1962 8370 10287 4536 9658 4901 2281 14153 8714 12875 10678 4903 9660 4906 14157 12879 15409 9661 4907 14158 12880 15411 15412 
3542 1962 8370 10287 4536 1963 8371 10288 4537 9660 4906 2282 14157 8717 12879 10685 4908 9662 4911 14161 12883 15411 9663 4912 14162 12884 15413 15414 
3543 1963 8371 10288 4537 1964 8372 10289 4538 9662 4911 2283 14161 8720 12883 10692 4913 9664 4916 14165 12887 15413 9665 4917 14166 12888 15415 15416 
3544 1964 8372 10289 4538 1965 8373 10290 4539 9664 4916 2284 14165 8723 12887 10699 4918 9666 4921 14169 12891 15415 9667 4922 14170 12892 15417 15418 
3545 1965 8373 10290 4539 1966 8374 10291 4540 9666 4921 2285 14169 8726 12891 10706 4923 9668 4926 14173 12895 15417 9669 4927 14174 12896 15419 15420 
3546 1966 8374 10291 4540 1967 8375 10292 4541 9668 4926 2286 14173 8729 12895 10713 4928 9670 4931 14177 12899 15419 9671 4932 14178 12900 15421 15422 
3547 1967 8375 10292 4541 1968 8376 10293 4542 9670 4931 2287 14177 8732 12899 10720 4933 9672 4936 14181 12903 15421 9673 4937 14182 12904 15423 15424 
3548 1968 8376 10293 4542 1969 8377 10294 4543 9672 4936 2288 14181 8735 12903 10727 4938 9674 4941 14185 12907 15423 9675 4942 14186 12908 15425 15426 
3549 1969 8377 10294 4543 1970 8378 10295 4544 9674 4941 2289 14185 8738 12907 10734 4943 9676 4946 14189 12911 15425 9677 4947 14190 12912 15427 15428 
3550 1970 8378 10295 4544 1971 8379 10296 4545 9676 4946 2290 14189 8741 12911 10741 4948 9678 4951 14193 12915 15427 9679 4952 14194 12916 15429 15430 
3551 1971 8379 10296 4545 1972 8380 10297 4546 9678 4951 2291 14193 8744 12915 10748 4953 9680 4956 14197 12919 15429 9681 4957 14198 12920 15431 15432 
3552 1972 8380 10297 4546 1973 8381 10298 4547 9680 4956 2292 14197 8747 12919 10755 4958 9682 4961 14201 12923 15431 9683 4962 14202 12924 15433 15434 
3553 1973 8381 10298 4547 1974 8382 10299 4548 9682 4961 2293 14201 8750 12923 10762 4963 9684 4966 14205 12927 15433 9685 4967 14206 12928 15435 15436 
3554 1974 8382 10299 4548 1975 8383 10300 4549 9684 4966 2294 14205 8753 12927 10769 4968 9686 4971 14209 12931 15435 9687 4972 14210 12932 15437 15438 
3555 1975 8383 10300 4549 1976 8384 10301 4550 9686 4971 2295 14209 8756 12931 10776 4973 9688 4976 14213 12935 15437 9689 4977 14214 12936 15439 15440 
3556 1976 8384 10301 4550 1977 8385 10302 4551 9688 4976 2296 14213 8759 12935 10783 4978 9690 4981 14217 12939 15439 9691 4982 14218 12940 15441 15442 
3557 1977 8385 10302 4551 1978 8386 10303 4552 9690 4981 2297 14217 8762 12939 10790 4983 9692 4986 14221 12943 15441 9693 4987 14222 12944 15443 15444 
3558 1978 8386 10303 4552 1979 8387 10304 4553 9692 4986 2298 14221 8765 12943 10797 4988 9694 4991 14225 12947 15443 9695 4992 14226 12948 15445 15446 
3559 1979 8387 10304 4553 1980 8388 10305 4554 9694 4991 2299 14225 8768 12947 10804 4993 9696 4996 14229 12951 15445 9697 4997 14230 12952 15447 15448 
3560 1980 8388 10305 4554 1981 8389 10306 4555 9696 4996 2300 14229 8771 12951 10811 4998 9698 5001 14233 12955 15447 9699 5002 14234 12956 15449 15450 
3561 1981 8389 10306 4555 1982 8390 10307 4556 9698 5001 2301 14233 8774 12955 10818 5003 9700 5006 14237 12959 15449 9701 5007 14238 12960 15451 15452 
3562 1982 8390 10307 4556 1983 8391 10308 4557 9700 5006 2302 14237 8777 12959 10825 5008 9702 5011 14241 12963 15451 9703 5012 14242 12964 15453 15454 
3563 1983 8391 10308 4557 1984 8392 10309 4558 9702 5011 2303 14241 8780 12963 10832 5013 9704 5016 14245 12967 15453 9705 5017 14246 12968 15455 15456 
3564 1984 8392 10309 4558 1985 8393 10310 4559 9704 5016 2304 14245 8783 12967 10839 5018 9706 5021 14249 12971 15455 9707 5022 14250 12972 15457 15458 
3565 1985 8393 10310 4559 1986 8394 10311 4560 9706 5021 2305 14249 8786 12971 10846 5023 9708 5026 14253 12975 15457 9709 5027 14254 12976 15459 15460 
3566 1986 8394 10311 4560 1987 8395 10312 4561 9708 5026 2306 14253 8789 12975 10853 5028 9710 5031 14257 12979 15459 9711 5032 14258 12980 15461 15462 
3567 1987 8395 10312 4561 1988 8396 10313 4562 9710 5031 2307 14257 8792 12979 10860 5033 9712 5036 14261 12983 15461 9713 5037 14262 12984 15463 15464 
3568 1988 8396 10313 4562 1989 8397 10314 4563 9712 5036 2308 14261 8795 12983 10867 5038 9714 5041 14265 12987 15463 9715 5042 14266 12988 15465 15466 
3569 1989 8397 10314 4563 1990 8398 10315 4564 9714 5041 2309 14265 8798 12987 10874 5043 9716 5046 14269 12991 15465 9717 5047 14270 12992 15467 15468 
3570 1990 8398 10315 4564 1991 8399 10316 4565 9716 5046 2310 14269 8801 12991 10881 5048 9718 5051 14273 12995 15467 9719 5052 14274 12996 15469 15470 
3571 1991 8399 10316 4565 1992 8400 10317 4566 9718 5051 2311 14273 8804 12995 10888 5053 9720 5056 14277 12999 15469 9721 5057 14278 13000 15471 15472 
3572 1992 8400 10317 4566 1993 8401 10318 4567 9720 5056 2312 14277 8807 12999 10895 5058 9722 5061 14281 13003 15471 9723 5062 14282 13004 15473 15474 
3573 1993 8401 10318 4567 1994 8402 10319 4568 9722 5061 2313 14281 8810 13003 10902 5063 9724 5066 14285 13007 15473 9725 5067 14286 13008 15475 15476 
3574 1994 8402 10319 4568 1995 8403 10320 4569 9724 5066 2314 14285 8813 13007 10909 5068 9726 5071 14289 13011 15475 9727 5072 14290 13012 15477 15478 
3575 1995 8403 10320 4569 1996 8404 10321 4570 9726 5071 2315 14289 8816 13011 10916 5073 9728 5076 14293 13015 15477 9729 5077 14294 13016 15479 15480 
3576 1996 8404 10321 4570 1997 8405 10322 4571 9728 5076 2316 14293 8819 13015 10923 5078 9730 5081 14297 13019 15479 9731 5082 14298 13020 15481 15482 
3577 1997 8405 10322 4571 1998 8406 10323 4572 9730 5081 2317 14297 8822 13019 10930 5083 9732 5086 14301 13023 15481 9733 5087 14302 13024 15483 15484 
3578 1998 8406 10323 4572 1999 8407 10324 4573 9732 5086 2318 14301 8825 13023 10937 5088 9734 5091 14305 13027 15483 9735 5092 14306 13028 15485 15486 
3579 1999 8407 10324 4573 2000 8408 10325 4574 9734 5091 2319 14305 8828 13027 10944 5093 9736 5096 14309 13031 15485 9737 5097 14310 13032 15487 15488 
3580 2000 8408 10325 4574 2001 8409 10326 4575 9736 5096 2320 14309 8831 13031 10951 5098 9738 5101 14313 13035 15487 9739 5102 14314 13036 15489 15490 
3581 2001 8409 10326 4575 2002 8410 10327 4576 9738 5101 2321 14313 8834 13035 10958 5103 9740 5106 14317 13039 15489 9741 5107 14318 13040 15491 15492 
3582 2002 8410 10327 4576 2003 8411 10328 4577 9740 5106 2322 14317 8837 13039 10965 5108 9742 5111 14321 13043 15491 9743 5112 14322 13044 15493 15494 
3583 2003 8411 10328 4577 2004 8412 10329 4578 9742 5111 2323 14321 8840 13043 10972 5113 9744 5116 14325 13047 15493 9745 5117 14326 13048 15495 15496 
3584 2004 8412 10329 4578 2005 8413 10330 4579 9744 5116 2324 14325 8843 13047 10979 5118 9746 5121 14329 13051 15495 9747 5122 14330 13052 15497 15498 
3585 2005 8413 10330 4579 2006 8414 10331 4580 9746 5121 2325 14329 8846 13051 10986 5123 9748 5126 14333 13055 15497 9749 5127 14334 13056 15499 15500 
3586 2006 8414 10331 4580 2007 8415 10332 4581 9748 5126 2326 14333 8849 13055 10993 5128 9750 5131 14337 13059 15499 9751 5132 14338 13060 15501 15502 
3587 2007 8415 10332 4581 2008 8416 10333 4582 9750 5131 2327 14337 8852 13059 11000 5133 9752 5136 14341 13063 15501 9753 5137 14342 13064 15503 15504 
3588 2008 8416 10333 4582 2009 8417 10334 4583 9752 5136 2328 14341 8855 13063 11007 5138 9754 5141 14345 13067 15503 9755 5142 14346 13068 15505 15506 
3589 2009 8417 10334 4583 2010 8418 10335 4584 9754 5141 2329 14345 8858 13067 11014 5143 9756 5146 14349 13071 15505 9757 5147 14350 13072 15507 15508 
3590 2010 8418 10335 4584 2011 8419 10336 4585 9756 5146 2330 14349 8861 13071 11021 5148 9758 5151 14353 13075 15507 9759 5152 14354 13076 15509 15510 
3591 2011 8419 10336 4585 2012 8420 10337 4586 9758 5151 2331 14353 8864 13075 11028 5153 9760 5156 14357 13079 15509 9761 5157 14358 13080 15511 15512 
3592 2012 8420 10337 4586 2013 8421 10338 4587 9760 5156 2332 14357 8867 13079 11035 5158 9762 5161 14361 13083 15511 9763 5162 14362 13084 15513 15514 
3593 2013 8421 10338 4587 2014 8422 10339 4588 9762 5161 2333 14361 8870 13083 11042 5163 9764 5166 14365 13087 15513 9765 5167 14366 13088 15515 15516 
3594 2014 8422 10339 4588 2015 8423 10340 4589 9764 5166 2334 14365 8873 13087 11049 5168 9766 5171 14369 13091 15515 9767 5172 14370 13092 15517 15518 
3595 2015 8423 10340 4589 2016 8424 10341 4590 9766 5171 2335 14369 8876 13091 11056 5173 9768 5176 14373 13095 15517 9769 5177 14374 13096 15519 15520 
3596 2016 8424 10341 4590 2017 8425 10342 4591 9768 5176 2336 14373 8879 13095 11063 5178 9770 5181 14377 13099 15519 9771 5182 14378 13100 15521 15522 
3597 2017 8425 10342 4591 2018 8426 10343 4592 9770 5181 2337 14377 8882 13099 11070 5183 9772 5186 14381 13103 15521 9773 5187 14382 13104 15523 15524 
3598 2018 8426 10343 4592 2019 8427 10344 4593 9772 5186 2338 14381 8885 13103 11077 5188 9774 5191 14385 13107 15523 9775 5192 14386 13108 15525 15526 
3599 2019 8427 10344 4593 2020 8428 10345 4594 9774 5191 2339 14385 8888 13107 11084 5193 9776 5196 14389 13111 15525 9777 5197 14390 13112 15527 15528 
3600 2020 8428 10345 4594 2021 8429 10346 4595 9776 5196 2340 14389 8891 13111 11091 5198 9778 5201 14393 13115 15527 9779 5202 14394 13116 15529 15530 
3601 2021 8429 10346 4595 2022 8430 10347 4596 9778 5201 2341 14393 8894 13115 11098 5203 9780 5206 14397 13119 15529 9781 5207 14398 13120 15531 15532 
3602 2022 8430 10347 4596 2023 8431 10348 4597 9780 5206 2342 14397 8897 13119 11105 5208 9782 5211 14401 13123 15531 9783 5212 14402 13124 15533 15534 
3603 2023 8431 10348 4597 2024 8432 10349 4598 9782 5211 2343 14401 8900 13123 11112 5213 9784 5216 14405 13127 15533 9785 5217 14406 13128 15535 15536 
3604 2024 8432 10349 4598 2025 8433 10350 4599 9784 5216 2344 14405 8903 13127 11119 5218 9786 5221 14409 13131 15535 9787 5222 14410 13132 15537 15538 
3605 2025 8433 10350 4599 2026 8434 10351 4600 9786 5221 2345 14409 8906 13131 11126 5223 9788 5226 14413 13135 15537 9789 5227 14414 13136 15539 15540 
3606 2026 8434 10351 4600 2027 8435 10352 4601 9788 5226 2346 14413 8909 13135 11133 5228 9790 5231 14417 13139 15539 9791 5232 14418 13140 15541 15542 
3607 2027 8435 10352 4601 2028 8436 10353 4602 9790 5231 2347 14417 8912 13139 11140 5233 9792 5236 14421 13143 15541 9793 5237 14422 13144 15543 15544 
3608 2028 8436 10353 4602 2029 8437 10354 4603 9792 5236 2348 14421 8915 13143 11147 5238 9794 5241 14425 13147 15543 9795 5242 14426 13148 15545 15546 
3609 2029 8437 10354 4603 2030 8438 10355 4604 9794 5241 2349 14425 8918 13147 11154 5243 9796 5246 14429 13151 15545 9797 5247 14430 13152 15547 15548 
3610 2030 8438 10355 4604 2031 8439 10356 4605 9796 5246 2350 14429 8921 13151 11161 5248 9798 5251 14433 13155 15547 9799 5252 14434 13156 15549 15550 
3611 2031 8439 10356 4605 2032 8440 10357 4606 9798 5251 2351 14433 8924 13155 11168 5253 9800 5256 14437 13159 15549 9801 5257 14438 13160 15551 15552 
3612 2032 8440 10357 4606 2033 8441 10358 4607 9800 5256 2352 14437 8927 13159 11175 5258 9802 5261 14441 13163 15551 9803 5262 14442 13164 15553 15554 
3613 2033 8441 10358 4607 2034 8442 10359 4608 9802 5261 2353 14441 8930 13163 11182 5263 9804 5266 14445 13167 15553 9805 5267 14446 13168 15555 15556 
3614 2034 8442 10359 4608 2035 8443 10360 4609 9804 5266 2354 14445 8933 13167 11189 5268 9806 5271 14449 13171 15555 9807 5272 14450 13172 15557 15558 
3615 2035 8443 10360 4609 2036 8444 10361 4610 9806 5271 2355 14449 8936 13171 11196 5273 9808 5276 14453 13175 15557 9809 5277 14454 13176 15559 15560 
3616 2036 8444 10361 4610 2037 8445 10362 4611 9808 5276 2356 14453 8939 13175 11203 5278 9810 5281 14457 13179 15559 9811 5282 14458 13180 15561 15562 
3617 2037 8445 10362 4611 2038 8446 10363 4612 9810 5281 2357 14457 8942 13179 11210 5283 9812 5286 14461 13183 15561 9813 5287 14462 13184 15563 15564 
3618 2038 8446 10363 4612 2039 8447 10364 4613 9812 5286 2358 14461 8945 13183 11217 5288 9814 5291 14465 13187 15563 9815 5292 14466 13188 15565 15566 
3619 2039 8447 10364 4613 2040 8448 10365 4614 9814 5291 2359 14465 8948 13187 11224 5293 9816 5296 14469 13191 15565 9817 5297 14470 13192 15567 15568 
3620 2040 8448 10365 4614 2041 8449 10366 4615 9816 5296 2360 14469 8951 13191 11231 5298 9818 5301 14473 13195 15567 9819 5302 14474 13196 15569 15570 
3621 2041 8449 10366 4615 2042 8450 10367 4616 9818 5301 2361 14473 8954 13195 11238 5303 9820 5306 14477 13199 15569 9821 5307 14478 13200 15571 15572 
3622 2042 8450 10367 4616 2043 8451 10368 4617 9820 5306 2362 14477 8957 13199 11245 5308 9822 5311 14481 13203 15571 9823 5312 14482 13204 15573 15574 
3623 2043 8451 10368 4617 2044 8452 10369 4618 9822 5311 2363 14481 8960 13203 11252 5313 9824 5316 14485 13207 15573 9825 5317 14486 13208 15575 15576 
3624 2044 8452 10369 4618 2045 8453 10370 4619 9824 5316 2364 14485 8963 13207 11259 5318 9826 5321 14489 13211 15575 9827 5322 14490 13212 15577 15578 
3625 2045 8453 10370 4619 2046 8454 10371 4620 9826 5321 2365 14489 8966 13211 11266 5323 9828 5326 14493 13215 15577 9829 5327 14494 13216 15579 15580 
3626 2046 8454 10371 4620 2047 8455 10372 4621 9828 5326 2366 14493 8969 13215 11273 5328 9830 5331 14497 13219 15579 9831 5332 14498 13220 15581 15582 
3627 2047 8455 10372 4621 2048 8456 10373 4622 9830 5331 2367 14497 8972 13219 11280 5333 9832 5336 14501 13223 15581 9833 5337 14502 13224 15583 15584 
3628 2048 8456 10373 4622 2049 8457 10374 4623 9832 5336 2368 14501 8975 13223 11287 5338 9834 5341 14505 13227 15583 9835 5342 14506 13228 15585 15586 
3629 2049 8457 10374 4623 2050 8458 10375 4624 9834 5341 2369 14505 8978 13227 11294 5343 9836 5346 14509 13231 15585 9837 5347 14510 13232 15587 15588 
3630 2050 8458 10375 4624 2051 8459 10376 4625 9836 5346 2370 14509 8981 13231 11301 5348 9838 5351 14513 13235 15587 9839 5352 14514 13236 15589 15590 
3631 2051 8459 10376 4625 2052 8460 10377 4626 9838 5351 2371 14513 8984 13235 11308 5353 9840 5356 14517 13239 15589 9841 5357 14518 13240 15591 15592 
3632 2052 8460 10377 4626 2053 8461 10378 4627 9840 5356 2372 14517 8987 13239 11315 5358 9842 5361 14521 13243 15591 9843 5362 14522 13244 15593 15594 
3633 2053 8461 10378 4627 2054 8462 10379 4628 9842 5361 2373 14521 8990 13243 11322 5363 9844 5366 14525 13247 15593 9845 5367 14526 13248 15595 15596 
3634 2054 8462 10379 4628 2055 8463 10380 4629 9844 5366 2374 14525 8993 13247 11329 5368 9846 5371 14529 13251 15595 9847 5372 14530 13252 15597 15598 
3635 2055 8463 10380 4629 2056 8464 10381 4630 9846 5371 2375 14529 8996 13251 11336 5373 9848 5376 14533 13255 15597 9849 5377 14534 13256 15599 15600 
3636 2056 8464 10381 4630 2057 8465 10382 4631 9848 5376 2376 14533 8999 13255 11343 5378 9850 5381 14537 13259 15599 9851 5382 14538 13260 15601 15602 
3637 2057 8465 10382 4631 2058 8466 10383 4632 9850 5381 2377 14537 9002 13259 11350 5383 9852 5386 14541 13263 15601 9853 5387 14542 13264 15603 15604 
3638 2058 8466 10383 4632 2059 8467 10384 4633 9852 5386 2378 14541 9005 13263 11357 5388 9854 5391 14545 13267 15603 9855 5392 14546 13268 15605 15606 
3639 2059 8467 10384 4633 2060 8468 10385 4634 9854 5391 2379 14545 9008 13267 11364 5393 9856 5396 14549 13271 15605 9857 5397 14550 13272 15607 15608 
3640 2060 8468 10385 4634 2061 8469 10386 4635 9856 5396 2380 14549 9011 13271 11371 5398 9858 5401 14553 13275 15607 9859 5402 14554 13276 15609 15610 
3641 2061 8469 10386 4635 2062 8470 10387 4636 9858 5401 2381 14553 9014 13275 11378 5403 9860 5406 14557 13279 15609 9861 5407 14558 13280 15611 15612 
3642 2062 8470 10387 4636 2063 8471 10388 4637 9860 5406 2382 14557 9017 13279 11385 5408 9862 5411 14561 13283 15611 9863 5412 14562 13284 15613 15614 
3643 2063 8471 10388 4637 2064 8472 10389 4638 9862 5411 2383 14561 9020 13283 11392 5413 9864 5416 14565 13287 15613 9865 5417 14566 13288 15615 15616 
3644 2064 8472 10389 4638 2065 8473 10390 4639 9864 5416 2384 14565 9023 13287 11399 5418 9866 5421 14569 13291 15615 9867 5422 14570 13292 15617 15618 
3645 2065 8473 10390 4639 2066 8474 10391 4640 9866 5421 2385 14569 9026 13291 11406 5423 9868 5426 14573 13295 15617 9869 5427 14574 13296 15619 15620 
3646 2066 8474 10391 4640 2067 8475 10392 4641 9868 5426 2386 14573 9029 13295 11413 5428 9870 5431 14577 13299 15619 9871 5432 14578 13300 15621 15622 
3647 2067 8475 10392 4641 2068 8476 10393 4642 9870 5431 2387 14577 9032 13299 11420 5433 9872 5436 14581 13303 15621 9873 5437 14582 13304 15623 15624 
3648 2068 8476 10393 4642 2069 8477 10394 4643 9872 5436 2388 14581 9035 13303 11427 5438 9874 5441 14585 13307 15623 9875 5442 14586 13308 15625 15626 
3649 2069 8477 10394 4643 2070 8478 10395 4644 9874 5441 2389 14585 9038 13307 11434 5443 9876 5446 14589 13311 15625 9877 5447 14590 13312 15627 15628 
3650 2070 8478 10395 4644 2071 8479 10396 4645 9876 5446 2390 14589 9041 13311 11441 5448 9878 5451 14593 13315 15627 9879 5452 14594 13316 15629 15630 
3651 2071 8479 10396 4645 2072 8480 10397 4646 9878 5451 2391 14593 9044 13315 11448 5453 9880 5456 14597 13319 15629 9881 5457 14598 13320 15631 15632 
3652 2072 8480 10397 4646 2073 8481 10398 4647 9880 5456 2392 14597 9047 13319 11455 5458 9882 5461 14601 13323 15631 9883 5462 14602 13324 15633 15634 
3653 2073 8481 10398 4647 2074 8482 10399 4648 9882 5461 2393 14601 9050 13323 11462 5463 9884 5466 14605 13327 15633 9885 5467 14606 13328 15635 15636 
3654 2074 8482 10399 4648 2075 8483 10400 4649 9884 5466 2394 14605 9053 13327 11469 5468 9886 5471 14609 13331 15635 9887 5472 14610 13332 15637 15638 
3655 2075 8483 10400 4649 2076 8484 10401 4650 9886 5471 2395 14609 9056 13331 11476 5473 9888 5476 14613 13335 15637 9889 5477 14614 13336 15639 15640 
3656 2076 8484 10401 4650 2077 8485 10402 4651 9888 5476 2396 14613 9059 13335 11483 5478 9890 5481 14617 13339 15639 9891 5482 14618 13340 15641 15642 
3657 2077 8485 10402 4651 2078 8486 10403 4652 9890 5481 2397 14617 9062 13339 11490 5483 9892 5486 14621 13343 15641 9893 5487 14622 13344 15643 15644 
3658 2078 8486 10403 4652 2079 8487 10404 4653 9892 5486 2398 14621 9065 13343 11497 5488 9894 5491 14625 13347 15643 9895 5492 14626 13348 15645 15646 
3659 2079 8487 10404 4653 2080 8488 10405 4654 9894 5491 2399 14625 9068 13347 11504 5493 9896 5496 14629 13351 15645 9897 5497 14630 13352 15647 15648 
3660 2080 8488 10405 4654 2081 8489 10406 4655 9896 5496 2400 14629 9071 13351 11511 5498 9898 5501 14633 13355 15647 9899 5502 14634 13356 15649 15650 
3661 2081 8489 10406 4655 2082 8490 10407 4656 9898 5501 2401 14633 9074 13355 11518 5503 9900 5506 14637 13359 15649 9901 5507 14638 13360 15651 15652 
3662 2082 8490 10407 4656 2083 8491 10408 4657 9900 5506 2402 14637 9077 13359 11525 5508 9902 5511 14641 13363 15651 9903 5512 14642 13364 15653 15654 
3663 2083 8491 10408 4657 2084 8492 10409 4658 9902 5511 2403 14641 9080 13363 11532 5513 9904 5516 14645 13367 15653 9905 5517 14646 13368 15655 15656 
3664 2084 8492 10409 4658 2085 8493 10410 4659 9904 5516 2404 14645 9083 13367 11539 5518 9906 5521 14649 13371 15655 9907 5522 14650 13372 15657 15658 
3665 2085 8493 10410 4659 2086 8494 10411 4660 9906 5521 2405 14649 9086 13371 11546 5523 9908 5526 14653 13375 15657 9909 5527 14654 13376 15659 15660 
3666 2086 8494 10411 4660 2087 8495 10412 4661 9908 5526 2406 14653 9089 13375 11553 5528 9910 5531 14657 13379 15659 9911 5532 14658 13380 15661 15662 
3667 2087 8495 10412 4661 2088 8496 10413 4662 9910 5531 2407 14657 9092 13379 11560 5533 9912 5536 14661 13383 15661 9913 5537 14662 13384 15663 15664 
3668 2088 8496 10413 4662 2089 8497 10414 4663 9912 5536 2408 14661 9095 13383 11567 5538 9914 5541 14665 13387 15663 9915 5542 14666 13388 15665 15666 
3669 2089 8497 10414 4663 2090 8498 10415 4664 9914 5541 2409 14665 9098 13387 11574 5543 9916 5546 14669 13391 15665 9917 5547 14670 13392 15667 15668 
3670 2090 8498 10415 4664 2091 8499 10416 4665 9916 5546 2410 14669 9101 13391 11581 5548 9918 5551 14673 13395 15667 9919 5552 14674 13396 15669 15670 
3671 2091 8499 10416 4665 2092 8500 10417 4666 9918 5551 2411 14673 9104 13395 11588 5553 9920 5556 14677 13399 15669 9921 5557 14678 13400 15671 15672 
3672 2092 8500 10417 4666 2093 8501 10418 4667 9920 5556 2412 14677 9107 13399 11595 5558 9922 5561 14681 13403 15671 9923 5562 14682 13404 15673 15674 
3673 2093 8501 10418 4667 2094 8502 10419 4668 9922 5561 2413 14681 9110 13403 11602 5563 9924 5566 14685 13407 15673 9925 5567 14686 13408 15675 15676 
3674 2094 8502 10419 4668 2095 8503 10420 4669 9924 5566 2414 14685 9113 13407 11609 5568 9926 5571 14689 13411 15675 9927 5572 14690 13412 15677 15678 
3675 2095 8503 10420 4669 2096 8504 10421 4670 9926 5571 2415 14689 9116 13411 11616 5573 9928 5576 14693 13415 15677 9929 5577 14694 13416 15679 15680 
3676 2096 8504 10421 4670 2097 8505 10422 4671 9928 5576 2416 14693 9119 13415 11623 5578 9930 5581 14697 13419 15679 9931 5582 14698 13420 15681 15682 
3677 2097 8505 10422 4671 2098 8506 10423 4672 9930 5581 2417 14697 9122 13419 11630 5583 9932 5586 14701 13423 15681 9933 5587 14702 13424 15683 15684 
3678 2098 8506 10423 4672 2099 8507 10424 4673 9932 5586 2418 14701 9125 13423 11637 5588 9934 5591 14705 13427 15683 9935 5592 14706 13428 15685 15686 
3679 2099 8507 10424 4673 2100 8508 10425 4674 9934 5591 2419 14705 9128 13427 11644 5593 9936 5596 14709 13431 15685 9937 5597 14710 13432 15687 15688 
3680 2100 8508 10425 4674 2101 8509 10426 4675 9936 5596 2420 14709 9131 13431 11651 5598 9938 5601 14713 13435 15687 9939 5602 14714 13436 15689 15690 
3681 2101 8509 10426 4675 2102 8510 10427 4676 9938 5601 2421 14713 9134 13435 11658 5603 9940 5606 14717 13439 15689 9941 5607 14718 13440 15691 15692 
3682 2102 8510 10427 4676 2103 8511 10428 4677 9940 5606 2422 14717 9137 13439 11665 5608 9942 5611 14721 13443 15691 9943 5612 14722 13444 15693 15694 
3683 2103 8511 10428 4677 2104 8512 10429 4678 9942 5611 2423 14721 9140 13443 11672 5613 9944 5616 14725 13447 15693 9945 5617 14726 13448 15695 15696 
3684 2104 8512 10429 4678 2105 8513 10430 4679 9944 5616 2424 14725 9143 13447 11679 5618 9946 5621 14729 13451 15695 9947 5622 14730 13452 15697 15698 
3685 2105 8513 10430 4679 2106 8514 10431 4680 9946 5621 2425 14729 9146 13451 11686 5623 9948 5626 14733 13455 15697 9949 5627 14734 13456 15699 15700 
3686 2106 8514 10431 4680 2107 8515 10432 4681 9948 5626 2426 14733 9149 13455 11693 5628 9950 5631 14737 13459 15699 9951 5632 14738 13460 15701 15702 
3687 2107 8515 10432 4681 2108 8516 10433 4682 9950 5631 2427 14737 9152 13459 11700 5633 9952 5636 14741 13463 15701 9953 5637 14742 13464 15703 15704 
3688 2108 8516 10433 4682 2109 8517 10434 4683 9952 5636 2428 14741 9155 13463 11707 5638 9954 5641 14745 13467 15703 9955 5642 14746 13468 15705 15706 
3689 2109 8517 10434 4683 2110 8518 10435 4684 9954 5641 2429 14745 9158 13467 11714 5643 9956 5646 14749 13471 15705 9957 5647 14750 13472 15707 15708 
3690 2110 8518 10435 4684 2111 8519 10436 4685 9956 5646 2430 14749 9161 13471 11721 5648 9958 5651 14753 13475 15707 9959 5652 14754 13476 15709 15710 
3691 2111 8519 10436 4685 2112 8520 10437 4686 9958 5651 2431 14753 9164 13475 11728 5653 9960 5656 14757 13479 15709 9961 5657 14758 13480 15711 15712 
3692 2112 8520 10437 4686 2113 8521 10438 4687 9960 5656 2432 14757 9167 13479 11735 5658 9962 5661 14761 13483 15711 9963 5662 14762 13484 15713 15714 
3693 2113 8521 10438 4687 2114 8522 10439 4688 9962 5661 2433 14761 9170 13483 11742 5663 9964 5666 14765 13487 15713 9965 5667 14766 13488 15715 15716 
3694 2114 8522 10439 4688 2115 8523 10440 4689 9964 5666 2434 14765 9173 13487 11749 5668 9966 5671 14769 13491 15715 9967 5672 14770 13492 15717 15718 
3695 2115 8523 10440 4689 2116 8524 10441 4690 9966 5671 2435 14769 9176 13491 11756 5673 9968 5676 14773 13495 15717 9969 5677 14774 13496 15719 15720 
3696 2116 8524 10441 4690 2117 8525 10442 4691 9968 5676 2436 14773 9179 13495 11763 5678 9970 5681 14777 13499 15719 9971 5682 14778 13500 15721 15722 
3697 2117 8525 10442 4691 2118 8526 10443 4692 9970 5681 2437 14777 9182 13499 11770 5683 9972 5686 14781 13503 15721 9973 5687 14782 13504 15723 15724 
3698 2118 8526 10443 4692 2119 8527 10444 4693 9972 5686 2438 14781 9185 13503 11777 5688 9974 5691 14785 13507 15723 9975 5692 14786 13508 15725 15726 
3699 2119 8527 10444 4693 2120 8528 10445 4694 9974 5691 2439 14785 9188 13507 11784 5693 9976 5696 14789 13511 15725 9977 5697 14790 13512 15727 15728 
3700 2120 8528 10445 4694 2121 8529 10446 4695 9976 5696 2440 14789 9191 13511 11791 5698 9978 5701 14793 13515 15727 9979 5702 14794 13516 15729 15730 
3701 2121 8529 10446 4695 2122 8530 10447 4696 9978 5701 2441 14793 9194 13515 11798 5703 9980 5706 14797 13519 15729 9981 5707 14798 13520 15731 15732 
3702 2122 8530 10447 4696 2123 8531 10448 4697 9980 5706 2442 14797 9197 13519 11805 5708 9982 5711 14801 13523 15731 9983 5712 14802 13524 15733 15734 
3703 2123 8531 10448 4697 2124 8532 10449 4698 9982 5711 2443 14801 9200 13523 11812 5713 9984 5716 14805 13527 15733 9985 5717 14806 13528 15735 15736 
3704 2124 8532 10449 4698 2125 8533 10450 4699 9984 5716 2444 14805 9203 13527 11819 5718 9986 5721 14809 13531 15735 9987 5722 14810 13532 15737 15738 
3705 2125 8533 10450 4699 2126 8534 10451 4700 9986 5721 2445 14809 9206 13531 11826 5723 9988 5726 14813 13535 15737 9989 5727 14814 13536 15739 15740 
3706 2126 8534 10451 4700 2127 8535 10452 4701 9988 5726 2446 14813 9209 13535 11833 5728 9990 5731 14817 13539 15739 9991 5732 14818 13540 15741 15742 
3707 2127 8535 10452 4701 2128 8536 10453 4702 9990 5731 2447 14817 9212 13539 11840 5733 9992 5736 14821 13543 15741 9993 5737 14822 13544 15743 15744 
3708 2128 8536 10453 4702 2129 8537 10454 4703 9992 5736 2448 14821 9215 13543 11847 5738 9994 5741 14825 13547 15743 9995 5742 14826 13548 15745 15746 
3709 2129 8537 10454 4703 2130 8538 10455 4704 9994 5741 2449 14825 9218 13547 11854 5743 9996 5746 14829 13551 15745 9997 5747 14830 13552 15747 15748 
3710 2130 8538 10455 4704 2131 8539 10456 4705 9996 5746 2450 14829 9221 13551 11861 5748 9998 5751 14833 13555 15747 9999 5752 14834 13556 15749 15750 
3711 2131 8539 10456 4705 2132 8540 10457 4706 9998 5751 2451 14833 9224 13555 11868 5753 10000 5756 14837 13559 15749 10001 5757 14838 13560 15751 15752 
3712 2132 8540 10457 4706 2133 8541 10458 4707 10000 5756 2452 14837 9227 13559 11875 5758 10002 5761 14841 13563 15751 10003 5762 14842 13564 15753 15754 
3713 2133 8541 10458 4707 2134 8542 10459 4708 10002 5761 2453 14841 9230 13563 11882 5763 10004 5766 14845 13567 15753 10005 5767 14846 13568 15755 15756 
3714 2134 8542 10459 4708 2135 8543 10460 4709 10004 5766 2454 14845 9233 13567 11889 5768 10006 5771 14849 13571 15755 10007 5772 14850 13572 15757 15758 
3715 2135 8543 10460 4709 2136 8544 10461 4710 10006 5771 2455 14849 9236 13571 11896 5773 10008 5776 14853 13575 15757 10009 5777 14854 13576 15759 15760 
3716 2136 8544 10461 4710 2137 8545 10462 4711 10008 5776 2456 14853 9239 13575 11903 5778 10010 5781 14857 13579 15759 10011 5782 14858 13580 15761 15762 
3717 2137 8545 10462 4711 2138 8546 10463 4712 10010 5781 2457 14857 9242 13579 11910 5783 10012 5786 14861 13583 15761 10013 5787 14862 13584 15763 15764 
3718 2138 8546 10463 4712 2139 8547 10464 4713 10012 5786 2458 14861 9245 13583 11917 5788 10014 5791 14865 13587 15763 10015 5792 14866 13588 15765 15766 
3719 2139 8547 10464 4713 2140 8548 10465 4714 10014 5791 2459 14865 9248 13587 11924 5793 10016 5796 14869 13591 15765 10017 5797 14870 13592 15767 15768 
3720 2140 8548 10465 4714 2141 8549 10466 4715 10016 5796 2460 14869 9251 13591 11931 5798 10018 5801 14873 13595 15767 10019 5802 14874 13596 15769 15770 
3721 2141 8549 10466 4715 2142 8550 10467 4716 10018 5801 2461 14873 9254 13595 11938 5803 10020 5806 14877 13599 15769 10021 5807 14878 13600 15771 15772 
3722 2142 8550 10467 4716 2143 8551 10468 4717 10020 5806 2462 14877 9257 13599 11945 5808 10022 5811 14881 13603 15771 10023 5812 14882 13604 15773 15774 
3723 2143 8551 10468 4717 2144 8552 10469 4718 10022 5811 2463 14881 9260 13603 11952 5813 10024 5816 14885 13607 15773 10025 5817 14886 13608 15775 15776 
3724 2144 8552 10469 4718 2145 8553 10470 4719 10024 5816 2464 14885 9263 13607 11959 5818 10026 5821 14889 13611 15775 10027 5822 14890 13612 15777 15778 
3725 2145 8553 10470 4719 2146 8554 10471 4720 10026 5821 2465 14889 9266 13611 11966 5823 10028 5826 14893 13615 15777 10029 5827 14894 13616 15779 15780 
3726 2146 8554 10471 4720 2147 8555 10472 4721 10028 5826 2466 14893 9269 13615 11973 5828 10030 5831 14897 13619 15779 10031 5832 14898 13620 15781 15782 
3727 2147 8555 10472 4721 2148 8556 10473 4722 10030 5831 2467 14897 9272 13619 11980 5833 10032 5836 14901 13623 15781 10033 5837 14902 13624 15783 15784 
3728 2148 8556 10473 4722 2149 8557 10474 4723 10032 5836 2468 14901 9275 13623 11987 5838 10034 5841 14905 13627 15783 10035 5842 14906 13628 15785 15786 
3729 2149 8557 10474 4723 2150 8558 10475 4724 10034 5841 2469 14905 9278 13627 11994 5843 10036 5846 14909 13631 15785 10037 5847 14910 13632 15787 15788 
3730 2150 8558 10475 4724 2151 8559 10476 4725 10036 5846 2470 14909 9281 13631 12001 5848 10038 5851 14913 13635 15787 10039 5852 14914 13636 15789 15790 
3731 2151 8559 10476 4725 2152 8560 10477 4726 10038 5851 2471 14913 9284 13635 12008 5853 10040 5856 14917 13639 15789 10041 5857 14918 13640 15791 15792 
3732 2152 8560 10477 4726 2153 8561 10478 4727 10040 5856 2472 14917 9287 13639 12015 5858 10042 5861 14921 13643 15791 10043 5862 14922 13644 15793 15794 
3733 2153 8561 10478 4727 2154 8562 10479 4728 10042 5861 2473 14921 9290 13643 12022 5863 10044 5866 14925 13647 15793 10045 5867 14926 13648 15795 15796 
3734 2154 8562 10479 4728 2155 8563 10480 4729 10044 5866 2474 14925 9293 13647 12029 5868 10046 5871 14929 13651 15795 10047 5872 14930 13652 15797 15798 
3735 2155 8563 10480 4729 2156 8564 10481 4730 10046 5871 2475 14929 9296 13651 12036 5873 10048 5876 14933 13655 15797 10049 5877 14934 13656 15799 15800 
3736 2156 8564 10481 4730 2157 8565 10482 4731 10048 5876 2476 14933 9299 13655 12043 5878 10050 5881 14937 13659 15799 10051 5882 14938 13660 15801 15802 
3737 2157 8565 10482 4731 2158 8566 10483 4732 10050 5881 2477 14937 9302 13659 12050 5883 10052 5886 14941 13663 15801 10053 5887 14942 13664 15803 15804 
3738 2158 8566 10483 4732 2159 8567 10484 4733 10052 5886 2478 14941 9305 13663 12057 5888 10054 5891 14945 13667 15803 10055 5892 14946 13668 15805 15806 
3739 2159 8567 10484 4733 2160 8568 10485 4734 10054 5891 2479 14945 9308 13667 12064 5893 10056 5896 14949 13671 15805 10057 5897 14950 13672 15807 15808 
3740 2160 8568 10485 4734 2161 8569 10486 4735 10056 5896 2480 14949 9311 13671 12071 5898 10058 5901 14953 13675 15807 10059 5902 14954 13676 15809 15810 
3741 2161 8569 10486 4735 2162 8570 10487 4736 10058 5901 2481 14953 9314 13675 12078 5903 10060 5906 14957 13679 15809 10061 5907 14958 13680 15811 15812 
3742 2162 8570 10487 4736 2163 8571 10488 4737 10060 5906 2482 14957 9317 13679 12085 5908 10062 5911 14961 13683 15811 10063 5912 14962 13684 15813 15814 
3743 2163 8571 10488 4737 2164 8572 10489 4738 10062 5911 2483 14961 9320 13683 12092 5913 10064 5916 14965 13687 15813 10065 5917 14966 13688 15815 15816 
3744 2164 8572 10489 4738 2165 8573 10490 4739 10064 5916 2484 14965 9323 13687 12099 5918 10066 5921 14969 13691 15815 10067 5922 14970 13692 15817 15818 
3745 2165 8573 10490 4739 2166 8574 10491 4740 10066 5921 2485 14969 9326 13691 12106 5923 10068 5926 14973 13695 15817 10069 5927 14974 13696 15819 15820 
3746 2166 8574 10491 4740 2167 8575 10492 4741 10068 5926 2486 14973 9329 13695 12113 5928 10070 5931 14977 13699 15819 10071 5932 14978 13700 15821 15822 
3747 2167 8575 10492 4741 2168 8576 10493 4742 10070 5931 2487 14977 9332 13699 12120 5933 10072 5936 14981 13703 15821 10073 5937 14982 13704 15823 15824 
3748 2168 8576 10493 4742 2169 8577 10494 4743 10072 5936 2488 14981 9335 13703 12127 5938 10074 5941 14985 13707 15823 10075 5942 14986 13708 15825 15826 
3749 2169 8577 10494 4743 2170 8578 10495 4744 10074 5941 2489 14985 9338 13707 12134 5943 10076 5946 14989 13711 15825 10077 5947 14990 13712 15827 15828 
3750 2170 8578 10495 4744 2171 8579 10496 4745 10076 5946 2490 14989 9341 13711 12141 5948 10078 5951 14993 13715 15827 10079 5952 14994 13716 15829 15830 
3751 2171 8579 10496 4745 2172 8580 10497 4746 10078 5951 2491 14993 9344 13715 12148 5953 10080 5956 14997 13719 15829 10081 5957 14998 13720 15831 15832 
3752 2172 8580 10497 4746 2173 8581 10498 4747 10080 5956 2492 14997 9347 13719 12155 5958 10082 5961 15001 13723 15831 10083 5962 15002 13724 15833 15834 
3753 2173 8581 10498 4747 2174 8582 10499 4748 10082 5961 2493 15001 9350 13723 12162 5963 10084 5966 15005 13727 15833 10085 5967 15006 13728 15835 15836 
3754 2174 8582 10499 4748 2175 8583 10500 4749 10084 5966 2494 15005 9353 13727 12169 5968 10086 5971 15009 13731 15835 10087 5972 15010 13732 15837 15838 
3755 2175 8583 10500 4749 2176 8584 10501 4750 10086 5971 2495 15009 9356 13731 12176 5973 10088 5976 15013 13735 15837 10089 5977 15014 13736 15839 15840 
3756 2176 8584 10501 4750 2177 8585 10502 4751 10088 5976 2496 15013 9359 13735 12183 5978 10090 5981 15017 13739 15839 10091 5982 15018 13740 15841 15842 
3757 2177 8585 10502 4751 2178 8586 10503 4752 10090 5981 2497 15017 9362 13739 12190 5983 10092 5986 15021 13743 15841 10093 5987 15022 13744 15843 15844 
3758 2178 8586 10503 4752 2179 8587 10504 4753 10092 5986 2498 15021 9365 13743 12197 5988 10094 5991 15025 13747 15843 10095 5992 15026 13748 15845 15846 
3759 2179 8587 10504 4753 2180 8588 10505 4754 10094 5991 2499 15025 9368 13747 12204 5993 10096 5996 15029 13751 15845 10097 5997 15030 13752 15847 15848 
3760 2180 8588 10505 4754 2181 8589 10506 4755 10096 5996 2500 15029 9371 13751 12211 5998 10098 6001 15033 13755 15847 10099 6002 15034 13756 15849 15850 
3761 2181 8589 10506 4755 2182 8590 10507 4756 10098 6001 2501 15033 9374 13755 12218 6003 10100 6006 15037 13759 15849 10101 6007 15038 13760 15851 15852 
3762 2182 8590 10507 4756 2183 8591 10508 4757 10100 6006 2502 15037 9377 13759 12225 6008 10102 6011 15041 13763 15851 10103 6012 15042 13764 15853 15854 
3763 2183 8591 10508 4757 2184 8592 10509 4758 10102 6011 2503 15041 9380 13763 12232 6013 10104 6016 15045 13767 15853 10105 6017 15046 13768 15855 15856 
3764 2184 8592 10509 4758 2185 8593 10510 4759 10104 6016 2504 15045 9383 13767 12239 6018 10106 6021 15049 13771 15855 10107 6022 15050 13772 15857 15858 
3765 2185 8593 10510 4759 2186 8594 10511 4760 10106 6021 2505 15049 9386 13771 12246 6023 10108 6026 15053 13775 15857 10109 6027 15054 13776 15859 15860 
3766 2186 8594 10511 4760 2187 8595 10512 4761 10108 6026 2506 15053 9389 13775 12253 6028 10110 6031 15057 13779 15859 10111 6032 15058 13780 15861 15862 
3767 2187 8595 10512 4761 2188 8596 10513 4762 10110 6031 2507 15057 9392 13779 12260 6033 10112 6036 15061 13783 15861 10113 6037 15062 13784 15863 15864 
3768 2188 8596 10513 4762 2189 8597 10514 4763 10112 6036 2508 15061 9395 13783 12267 6038 10114 6041 15065 13787 15863 10115 6042 15066 13788 15865 15866 
3769 2189 8597 10514 4763 2190 8598 10515 4764 10114 6041 2509 15065 9398 13787 12274 6043 10116 6046 15069 13791 15865 10117 6047 15070 13792 15867 15868 
3770 2190 8598 10515 4764 2191 8599 10516 4765 10116 6046 2510 15069 9401 13791 12281 6048 10118 6051 15073 13795 15867 10119 6052 15074 13796 15869 15870 
3771 2191 8599 10516 4765 2192 8600 10517 4766 10118 6051 2511 15073 9404 13795 12288 6053 10120 6056 15077 13799 15869 10121 6057 15078 13800 15871 15872 
3772 2192 8600 10517 4766 2193 8601 10518 4767 10120 6056 2512 15077 9407 13799 12295 6058 10122 6061 15081 13803 15871 10123 6062 15082 13804 15873 15874 
3773 2193 8601 10518 4767 2194 8602 10519 4768 10122 6061 2513 15081 9410 13803 12302 6063 10124 6066 15085 13807 15873 10125 6067 15086 13808 15875 15876 
3774 2194 8602 10519 4768 2195 8603 10520 4769 10124 6066 2514 15085 9413 13807 12309 6068 10126 6071 15089 13811 15875 10127 6072 15090 13812 15877 15878 
3775 2195 8603 10520 4769 2196 8604 10521 4770 10126 6071 2515 15089 9416 13811 12316 6073 10128 6076 15093 13815 15877 10129 6077 15094 13816 15879 15880 
3776 2196 8604 10521 4770 2197 8605 10522 4771 10128 6076 2516 15093 9419 13815 12323 6078 10130 6081 15097 13819 15879 10131 6082 15098 13820 15881 15882 
3777 2197 8605 10522 4771 2198 8606 10523 4772 10130 6081 2517 15097 9422 13819 12330 6083 10132 6086 15101 13823 15881 10133 6087 15102 13824 15883 15884 
3778 2198 8606 10523 4772 2199 8607 10524 4773 10132 6086 2518 15101 9425 13823 12337 6088 10134 6091 15105 13827 15883 10135 6092 15106 13828 15885 15886 
3779 2199 8607 10524 4773 2200 8608 10525 4774 10134 6091 2519 15105 9428 13827 12344 6093 10136 6096 15109 13831 15885 10137 6097 15110 13832 15887 15888 
3780 2200 8608 10525 4774 2201 8609 10526 4775 10136 6096 2520 15109 9431 13831 12351 6098 10138 6101 15113 13835 15887 10139 6102 15114 13836 15889 15890 
3781 2201 8609 10526 4775 2202 8610 10527 4776 10138 6101 2521 15113 9434 13835 12358 6103 10140 6106 15117 13839 15889 10141 6107 15118 13840 15891 15892 
3782 2202 8610 10527 4776 2203 8611 10528 4777 10140 6106 2522 15117 9437 13839 12365 6108 10142 6111 15121 13843 15891 10143 6112 15122 13844 15893 15894 
3783 2203 8611 10528 4777 2204 8612 10529 4778 10142 6111 2523 15121 9440 13843 12372 6113 10144 6116 15125 13847 15893 10145 6117 15126 13848 15895 15896 
3784 2204 8612 10529 4778 2205 8613 10530 4779 10144 6116 2524 15125 9443 13847 12379 6118 10146 6121 15129 13851 15895 10147 6122 15130 13852 15897 15898 
3785 2205 8613 10530 4779 2206 8614 10531 4780 10146 6121 2525 15129 9446 13851 12386 6123 10148 6126 15133 13855 15897 10149 6127 15134 13856 15899 15900 
3786 2206 8614 10531 4780 2207 8615 10532 4781 10148 6126 2526 15133 9449 13855 12393 6128 10150 6131 15137 13859 15899 10151 6132 15138 13860 15901 15902 
3787 2207 8615 10532 4781 2208 8616 10533 4782 10150 6131 2527 15137 9452 13859 12400 6133 10152 6136 15141 13863 15901 10153 6137 15142 13864 15903 15904 
3788 2208 8616 10533 4782 2209 8617 10534 4783 10152 6136 2528 15141 9455 13863 12407 6138 10154 6141 15145 13867 15903 10155 6142 15146 13868 15905 15906 
3789 2209 8617 10534 4783 2210 8618 10535 4784 10154 6141 2529 15145 9458 13867 12414 6143 10156 6146 15149 13871 15905 10157 6147 15150 13872 15907 15908 
3790 2210 8618 10535 4784 2211 8619 10536 4785 10156 6146 2530 15149 9461 13871 12421 6148 10158 6151 15153 13875 15907 10159 6152 15154 13876 15909 15910 
3791 2211 8619 10536 4785 2212 8620 10537 4786 10158 6151 2531 15153 9464 13875 12428 6153 10160 6156 15157 13879 15909 10161 6157 15158 13880 15911 15912 
3792 2212 8620 10537 4786 2213 8621 10538 4787 10160 6156 2532 15157 9467 13879 12435 6158 10162 6161 15161 13883 15911 10163 6162 15162 13884 15913 15914 
3793 2213 8621 10538 4787 2214 8622 10539 4788 10162 6161 2533 15161 9470 13883 12442 6163 10164 6166 15165 13887 15913 10165 6167 15166 13888 15915 15916 
3794 2214 8622 10539 4788 2215 8623 10540 4789 10164 6166 2534 15165 9473 13887 12449 6168 10166 6171 15169 13891 15915 10167 6172 15170 13892 15917 15918 
3795 2215 8623 10540 4789 2216 8624 10541 4790 10166 6171 2535 15169 9476 13891 12456 6173 10168 6176 15173 13895 15917 10169 6177 15174 13896 15919 15920 
3796 2216 8624 10541 4790 2217 8625 10542 4791 10168 6176 2536 15173 9479 13895 12463 6178 10170 6181 15177 13899 15919 10171 6182 15178 13900 15921 15922 
3797 2217 8625 10542 4791 2218 8626 10543 4792 10170 6181 2537 15177 9482 13899 12470 6183 10172 6186 15181 13903 15921 10173 6187 15182 13904 15923 15924 
3798 2218 8626 10543 4792 2219 8627 10544 4793 10172 6186 2538 15181 9485 13903 12477 6188 10174 6191 15185 13907 15923 10175 6192 15186 13908 15925 15926 
3799 2219 8627 10544 4793 2220 8628 10545 4794 10174 6191 2539 15185 9488 13907 12484 6193 10176 6196 15189 13911 15925 10177 6197 15190 13912 15927 15928 
3800 2220 8628 10545 4794 2221 8629 10546 4795 10176 6196 2540 15189 9491 13911 12491 6198 10178 6201 15193 13915 15927 10179 6202 15194 13916 15929 15930 
3801 2221 8629 10546 4795 2222 8630 10547 4796 10178 6201 2541 15193 9494 13915 12498 6203 10180 6206 15197 13919 15929 10181 6207 15198 13920 15931 15932 
3802 2222 8630 10547 4796 2223 8631 10548 4797 10180 6206 2542 15197 9497 13919 12505 6208 10182 6211 15201 13923 15931 10183 6212 15202 13924 15933 15934 
3803 2223 8631 10548 4797 2224 8632 10549 4798 10182 6211 2543 15201 9500 13923 12512 6213 10184 6216 15205 13927 15933 10185 6217 15206 13928 15935 15936 
3804 2224 8632 10549 4798 2225 8633 10550 4799 10184 6216 2544 15205 9503 13927 12519 6218 10186 6221 15209 13931 15935 10187 6222 15210 13932 15937 15938 
3805 2225 8633 10550 4799 2226 8634 10551 4800 10186 6221 2545 15209 9506 13931 12526 6223 10188 6226 15213 13935 15937 10189 6227 15214 13936 15939 15940 
3806 2226 8634 10551 4800 2227 8635 10552 4801 10188 6226 2546 15213 9509 13935 12533 6228 10190 6231 15217 13939 15939 10191 6232 15218 13940 15941 15942 
3807 2227 8635 10552 4801 2228 8636 10553 4802 10190 6231 2547 15217 9512 13939 12540 6233 10192 6236 15221 13943 15941 10193 6237 15222 13944 15943 15944 
3808 2228 8636 10553 4802 2229 8637 10554 4803 10192 6236 2548 15221 9515 13943 12547 6238 10194 6241 15225 13947 15943 10195 6242 15226 13948 15945 15946 
3809 2229 8637 10554 4803 2230 8638 10555 4804 10194 6241 2549 15225 9518 13947 12554 6243 10196 6246 15229 13951 15945 10197 6247 15230 13952 15947 15948 
3810 2230 8638 10555 4804 2231 8639 10556 4805 10196 6246 2550 15229 9521 13951 12561 6248 10198 6251 15233 13955 15947 10199 6252 15234 13956 15949 15950 
3811 2231 8639 10556 4805 2232 8640 10557 4806 10198 6251 2551 15233 9524 13955 12568 6253 10200 6256 15237 13959 15949 10201 6257 15238 13960 15951 15952 
3812 2232 8640 10557 4806 2233 8641 10558 4807 10200 6256 2552 15237 9527 13959 12575 6258 10202 6261 15241 13963 15951 10203 6262 15242 13964 15953 15954 
3813 2233 8641 10558 4807 2234 8642 10559 4808 10202 6261 2553 15241 9530 13963 12582 6263 10204 6266 15245 13967 15953 10205 6267 15246 13968 15955 15956 
3814 2234 8642 10559 4808 2235 8643 10560 4809 10204 6266 2554 15245 9533 13967 12589 6268 10206 6271 15249 13971 15955 10207 6272 15250 13972 15957 15958 
3815 2235 8643 10560 4809 2236 8644 10561 4810 10206 6271 2555 15249 9536 13971 12596 6273 10208 6276 15253 13975 15957 10209 6277 15254 13976 15959 15960 
3816 2236 8644 10561 4810 2237 8645 10562 4811 10208 6276 2556 15253 9539 13975 12603 6278 10210 6281 15257 13979 15959 10211 6282 15258 13980 15961 15962 
3817 2237 8645 10562 4811 2238 8646 10563 4812 10210 6281 2557 15257 9542 13979 12610 6283 10212 6286 15261 13983 15961 10213 6287 15262 13984 15963 15964 
3818 2238 8646 10563 4812 2239 8647 10564 4813 10212 6286 2558 15261 9545 13983 12617 6288 10214 6291 15265 13987 15963 10215 6292 15266 13988 15965 15966 
3819 2239 8647 10564 4813 2240 8648 10565 4814 10214 6291 2559 15265 9548 13987 12624 6293 10216 6296 15269 13991 15965 10217 6297 15270 13992 15967 15968 
3820 2240 8648 10565 4814 2241 8649 10566 4815 10216 6296 2560 15269 9551 13991 12631 6298 10218 6301 15273 13995 15967 10219 6302 15274 13996 15969 15970 
3821 2241 8649 10566 4815 2242 8650 10567 4816 10218 6301 2561 15273 9554 13995 12638 6303 10220 6306 15277 13999 15969 10221 6307 15278 14000 15971 15972 
3822 2242 8650 10567 4816 2243 8651 10568 4817 10220 6306 2562 15277 9557 13999 12645 6308 10222 6311 15281 14003 15971 10223 6312 15282 14004 15973 15974 
3823 2243 8651 10568 4817 2244 8652 10569 4818 10222 6311 2563 15281 9560 14003 12652 6313 10224 6316 15285 14007 15973 10225 6317 15286 14008 15975 15976 
3824 2244 8652 10569 4818 2245 8653 10570 4819 10224 6316 2564 15285 9563 14007 12659 6318 10226 6321 15289 14011 15975 10227 6322 15290 14012 15977 15978 
3825 2245 8653 10570 4819 2246 8654 10571 4820 10226 6321 2565 15289 9566 14011 12666 6323 10228 6326 15293 14015 15977 10229 6327 15294 14016 15979 15980 
3826 2246 8654 10571 4820 2247 8655 10572 4821 10228 6326 2566 15293 9569 14015 12673 6328 10230 6331 15297 14019 15979 10231 6332 15298 14020 15981 15982 
3827 2247 8655 10572 4821 2248 8656 10573 4822 10230 6331 2567 15297 9572 14019 12680 6333 10232 6336 15301 14023 15981 10233 6337 15302 14024 15983 15984 
3828 2248 8656 10573 4822 2249 8657 10574 4823 10232 6336 2568 15301 9575 14023 12687 6338 10234 6341 15305 14027 15983 10235 6342 15306 14028 15985 15986 
3829 2249 8657 10574 4823 2250 8658 10575 4824 10234 6341 2569 15305 9578 14027 12694 6343 10236 6346 15309 14031 15985 10237 6347 15310 14032 15987 15988 
3830 2250 8658 10575 4824 2251 8659 10576 4825 10236 6346 2570 15309 9581 14031 12701 6348 10238 6351 15313 14035 15987 10239 6352 15314 14036 15989 15990 
3831 2251 8659 10576 4825 2252 8660 10577 4826 10238 6351 2571 15313 9584 14035 12708 6353 10240 6356 15317 14039 15989 10241 6357 15318 14040 15991 15992 
3832 2252 8660 10577 4826 2253 8661 10578 4827 10240 6356 2572 15317 9587 14039 12715 6358 10242 6361 15321 14043 15991 10243 6362 15322 14044 15993 15994 
3833 2253 8661 10578 4827 2254 8662 10579 4828 10242 6361 2573 15321 9590 14043 12722 6363 10244 6366 15325 14047 15993 10245 6367 15326 14048 15995 15996 
3834 2254 8662 10579 4828 2255 8663 10580 4829 10244 6366 2574 15325 9593 14047 12729 6368 10246 6371 15329 14051 15995 10247 6372 15330 14052 15997 15998 
3835 2255 8663 10580 4829 2256 8664 10581 4830 10246 6371 2575 15329 9596 14051 12736 6373 10248 6376 15333 14055 15997 10249 6377 15334 14056 15999 16000 
3836 2256 8664 10581 4830 2257 8665 10582 4831 10248 6376 2576 15333 9599 14055 12743 6378 10250 6381 15337 14059 15999 10251 6382 15338 14060 16001 16002 
3837 2257 8665 10582 4831 2258 8666 10583 4832 10250 6381 2577 15337 9602 14059 12750 6383 10252 6386 15341 14063 16001 10253 6387 15342 14064 16003 16004 
3838 2258 8666 10583 4832 2259 8667 10584 4833 10252 6386 2578 15341 9605 14063 12757 6388 10254 6391 15345 14067 16003 10255 6392 15346 14068 16005 16006 
3839 2259 8667 10584 4833 2260 8668 10585 4834 10254 6391 2579 15345 9608 14067 12764 6393 10256 6396 15349 14071 16005 10257 6397 15350 14072 16007 16008 
3840 2260 8668 10585 4834 2261 8669 10586 4835 10256 6396 2580 15349 9611 14071 12771 6398 10258 6401 15353 14075 16007 10259 6402 15354 14076 16009 16010 
3841 2261 8669 10586 4835 2262 8670 10587 4836 10258 6401 2581 15353 9614 14075 12778 6403 10260 6406 15357 14079 16009 10261 6407 15358 14080 16011 16012 
3842 2262 8670 10587 4836 2263 8671 10588 4837 10260 6406 2582 15357 9617 14079 12785 6408 10262 6411 15361 14083 16011 10263 6412 15362 14084 16013 16014 
3843 2263 8671 10588 4837 2264 8672 10589 4838 10262 6411 2583 15361 9620 14083 12792 6413 10264 6416 15365 14087 16013 10265 6417 15366 14088 16015 16016 
3844 2264 8672 10589 4838 2265 8673 10590 4839 10264 6416 2584 15365 9623 14087 12799 6418 10266 6421 15369 14091 16015 10267 6422 15370 14092 16017 16018 
3845 2265 8673 10590 4839 2266 8674 10591 4840 10266 6421 2585 15369 9626 14091 12806 6423 10268 6426 15373 14095 16017 10269 6427 15374 14096 16019 16020 
3846 2266 8674 10591 4840 2267 8675 10592 4841 10268 6426 2586 15373 9629 14095 12813 6428 10270 6431 15377 14099 16019 10271 6432 15378 14100 16021 16022 
3847 2267 8675 10592 4841 2268 8676 10593 4842 10270 6431 2587 15377 9632 14099 12820 6433 10272 6436 15381 14103 16021 10273 6437 15382 14104 16023 16024 
3848 2268 8676 10593 4842 7 24 2598 27 10272 6436 2588 15381 9634 14103 12827 6438 26 29 2604 2602 16023 10274 6440 15385 14107 2606 16025 
$EndElements
