$MeshFormat
4.1 0 8
$EndMeshFormat
$PhysicalNames
3
2 2 "Dirichlet"
2 3 "FreeSurface"
3 1 "Volume"
$EndPhysicalNames
$Entities
8 12 6 1
1 0 0 24 0 
2 0 0 0 0 
3 0 10 24 0 
4 0 10 0 0 
5 1000 0 24 0 
6 1000 0 0 0 
7 1000 10 24 0 
8 1000 10 0 0 
1 -1e-07 -1e-07 -9.99999993922529e-08 1e-07 1e-07 24.0000001 0 2 2 -1 
2 -1e-07 -1.000000002804313e-07 23.9999999 1e-07 10.0000001 24.0000001 0 2 1 -3 
3 -1e-07 9.999999900000001 -9.99999993922529e-08 1e-07 10.0000001 24.0000001 0 2 4 -3 
4 -1e-07 -1.000000002804313e-07 -1e-07 1e-07 10.0000001 1e-07 0 2 2 -4 
5 999.9999999 -1e-07 -9.99999993922529e-08 1000.0000001 1e-07 24.0000001 0 2 6 -5 
6 999.9999999 -1.000000002804313e-07 23.9999999 1000.0000001 10.0000001 24.0000001 0 2 5 -7 
7 999.9999999 9.999999900000001 -9.99999993922529e-08 1000.0000001 10.0000001 24.0000001 0 2 8 -7 
8 999.9999999 -1.000000002804313e-07 -1e-07 1000.0000001 10.0000001 1e-07 0 2 6 -8 
9 -1.000000224848918e-07 -1e-07 -1e-07 1000.0000001 1e-07 1e-07 0 2 2 -6 
10 -1.000000224848918e-07 -1e-07 23.9999999 1000.0000001 1e-07 24.0000001 0 2 1 -5 
11 -1.000000224848918e-07 9.999999900000001 -1e-07 1000.0000001 10.0000001 1e-07 0 2 4 -8 
12 -1.000000224848918e-07 9.999999900000001 23.9999999 1000.0000001 10.0000001 24.0000001 0 2 3 -7 
1 -1e-07 -1.000000002804313e-07 -9.99999993922529e-08 1e-07 10.0000001 24.0000001 1 2 4 -1 4 3 -2 
2 999.9999999 -1.000000002804313e-07 -9.99999993922529e-08 1000.0000001 10.0000001 24.0000001 1 2 4 -5 8 7 -6 
3 -1.000000224848918e-07 -1e-07 -9.99999993922529e-08 1000.0000001 1e-07 24.0000001 1 3 4 -9 1 10 -5 
4 -1.000000224848918e-07 9.999999900000001 -9.99999993922529e-08 1000.0000001 10.0000001 24.0000001 1 3 4 -11 3 12 -7 
5 -1.000000224848918e-07 -1.000000002804313e-07 -1e-07 1000.0000001 10.0000001 1e-07 1 3 4 -4 9 8 -11 
6 -1.000000224848918e-07 -1.000000002804313e-07 23.9999999 1000.0000001 10.0000001 24.0000001 1 3 4 -2 10 6 -12 
1 -1.000000224848918e-07 -1.000000002804313e-07 -9.99999993922529e-08 1000.0000001 10.0000001 24.0000001 1 1 6 -1 2 -3 4 -5 6 
$EndEntities
$Nodes
27 7245 1 7245
0 1 0 1
1
0 0 24
0 2 0 1
2
0 0 0
0 3 0 1
3
0 10 24
0 4 0 1
4
0 10 0
0 5 0 1
5
1000 0 24
0 6 0 1
6
1000 0 0
0 7 0 1
7
1000 10 24
0 8 0 1
8
1000 10 0
1 1 0 3
9
10
11
0 0 12
0 0 6
0 0 18
1 2 0 7
12
13
14
15
16
17
18
0 2.5 24
0 5 24
0 7.5 24
0 1.25 24
0 3.75 24
0 6.25 24
0 8.75 24
1 3 0 3
19
20
21
0 10 12
0 10 6
0 10 18
1 4 0 7
22
23
24
25
26
27
28
0 2.5 0
0 5 0
0 7.5 0
0 1.25 0
0 3.75 0
0 6.25 0
0 8.75 0
1 5 0 3
29
30
31
1000 0 12
1000 0 6
1000 0 18
1 6 0 7
32
33
34
35
36
37
38
1000 2.5 24
1000 5 24
1000 7.5 24
1000 1.25 24
1000 3.75 24
1000 6.25 24
1000 8.75 24
1 7 0 3
39
40
41
1000 10 12
1000 10 6
1000 10 18
1 8 0 7
42
43
44
45
46
47
48
1000 2.5 0
1000 5 0
1000 7.5 0
1000 1.25 0
1000 3.75 0
1000 6.25 0
1000 8.75 0
1 9 0 159
49
50
51
52
53
54
55
56
57
58
59
60
61
62
63
64
65
66
67
68
69
70
71
72
73
74
75
76
77
78
79
80
81
82
83
84
85
86
87
88
89
90
91
92
93
94
95
96
97
98
99
100
101
102
103
104
105
106
107
108
109
110
111
112
113
114
115
116
117
118
119
120
121
122
123
124
125
126
127
128
129
130
131
132
133
134
135
136
137
138
139
140
141
142
143
144
145
146
147
148
149
150
151
152
153
154
155
156
157
158
159
160
161
162
163
164
165
166
167
168
169
170
171
172
173
174
175
176
177
178
179
180
181
182
183
184
185
186
187
188
189
190
191
192
193
194
195
196
197
198
199
200
201
202
203
204
205
206
207
12.5 0 0
25 0 0
37.50000000000001 0 0
50 0 0
62.5 0 0
75.00000000000001 0 0
87.50000000000001 0 0
100 0 0
112.5 0 0
125 0 0
137.5 0 0
150 0 0
162.5 0 0
175 0 0
187.5 0 0
200 0 0
212.5 0 0
225 0 0
237.5 0 0
250 0 0
262.5 0 0
275 0 0
287.5000000000001 0 0
300.0000000000001 0 0
312.5 0 0
325 0 0
337.5 0 0
350.0000000000001 0 0
362.5000000000001 0 0
375 0 0
387.5 0 0
400 0 0
412.5000000000001 0 0
425.0000000000001 0 0
437.5 0 0
450 0 0
462.5 0 0
475.0000000000001 0 0
487.5000000000001 0 0
500 0 0
512.5000000000001 0 0
525 0 0
537.5 0 0
550 0 0
562.5 0 0
575.0000000000001 0 0
587.5 0 0
600.0000000000001 0 0
612.5 0 0
625 0 0
637.5000000000001 0 0
650 0 0
662.5000000000001 0 0
675 0 0
687.5 0 0
700.0000000000001 0 0
712.5 0 0
725.0000000000001 0 0
737.5 0 0
750 0 0
762.5000000000001 0 0
775 0 0
787.5000000000001 0 0
800 0 0
812.5 0 0
825.0000000000001 0 0
837.5 0 0
850.0000000000001 0 0
862.5 0 0
875 0 0
887.5000000000001 0 0
900 0 0
912.5000000000001 0 0
925 0 0
937.5 0 0
950.0000000000001 0 0
962.5 0 0
975.0000000000001 0 0
987.5 0 0
6.25 0 0
18.75 0 0
31.25 0 0
43.75000000000001 0 0
56.25 0 0
68.75 0 0
81.25000000000001 0 0
93.75 0 0
106.25 0 0
118.75 0 0
131.25 0 0
143.75 0 0
156.25 0 0
168.75 0 0
181.25 0 0
193.75 0 0
206.25 0 0
218.75 0 0
231.25 0 0
243.75 0 0
256.25 0 0
268.75 0 0
281.25 0 0
293.7500000000001 0 0
306.25 0 0
318.75 0 0
331.25 0 0
343.75 0 0
356.2500000000001 0 0
368.75 0 0
381.25 0 0
393.75 0 0
406.25 0 0
418.7500000000001 0 0
431.25 0 0
443.75 0 0
456.25 0 0
468.75 0 0
481.2500000000001 0 0
493.75 0 0
506.2500000000001 0 0
518.75 0 0
531.25 0 0
543.75 0 0
556.25 0 0
568.75 0 0
581.25 0 0
593.75 0 0
606.25 0 0
618.75 0 0
631.25 0 0
643.75 0 0
656.25 0 0
668.75 0 0
681.25 0 0
693.75 0 0
706.25 0 0
718.75 0 0
731.25 0 0
743.75 0 0
756.25 0 0
768.75 0 0
781.25 0 0
793.75 0 0
806.25 0 0
818.75 0 0
831.25 0 0
843.75 0 0
856.25 0 0
868.75 0 0
881.25 0 0
893.75 0 0
906.25 0 0
918.75 0 0
931.25 0 0
943.75 0 0
956.25 0 0
968.75 0 0
981.25 0 0
993.75 0 0
1 10 0 159
208
209
210
211
212
213
214
215
216
217
218
219
220
221
222
223
224
225
226
227
228
229
230
231
232
233
234
235
236
237
238
239
240
241
242
243
244
245
246
247
248
249
250
251
252
253
254
255
256
257
258
259
260
261
262
263
264
265
266
267
268
269
270
271
272
273
274
275
276
277
278
279
280
281
282
283
284
285
286
287
288
289
290
291
292
293
294
295
296
297
298
299
300
301
302
303
304
305
306
307
308
309
310
311
312
313
314
315
316
317
318
319
320
321
322
323
324
325
326
327
328
329
330
331
332
333
334
335
336
337
338
339
340
341
342
343
344
345
346
347
348
349
350
351
352
353
354
355
356
357
358
359
360
361
362
363
364
365
366
12.5 0 24
25 0 24
37.50000000000001 0 24
50 0 24
62.5 0 24
75.00000000000001 0 24
87.50000000000001 0 24
100 0 24
112.5 0 24
125 0 24
137.5 0 24
150 0 24
162.5 0 24
175 0 24
187.5 0 24
200 0 24
212.5 0 24
225 0 24
237.5 0 24
250 0 24
262.5 0 24
275 0 24
287.5000000000001 0 24
300.0000000000001 0 24
312.5 0 24
325 0 24
337.5 0 24
350.0000000000001 0 24
362.5000000000001 0 24
375 0 24
387.5 0 24
400 0 24
412.5000000000001 0 24
425.0000000000001 0 24
437.5 0 24
450 0 24
462.5 0 24
475.0000000000001 0 24
487.5000000000001 0 24
500 0 24
512.5000000000001 0 24
525 0 24
537.5 0 24
550 0 24
562.5 0 24
575.0000000000001 0 24
587.5 0 24
600.0000000000001 0 24
612.5 0 24
625 0 24
637.5000000000001 0 24
650 0 24
662.5000000000001 0 24
675 0 24
687.5 0 24
700.0000000000001 0 24
712.5 0 24
725.0000000000001 0 24
737.5 0 24
750 0 24
762.5000000000001 0 24
775 0 24
787.5000000000001 0 24
800 0 24
812.5 0 24
825.0000000000001 0 24
837.5 0 24
850.0000000000001 0 24
862.5 0 24
875 0 24
887.5000000000001 0 24
900 0 24
912.5000000000001 0 24
925 0 24
937.5 0 24
950.0000000000001 0 24
962.5 0 24
975.0000000000001 0 24
987.5 0 24
6.25 0 24
18.75 0 24
31.25 0 24
43.75000000000001 0 24
56.25 0 24
68.75 0 24
81.25000000000001 0 24
93.75 0 24
106.25 0 24
118.75 0 24
131.25 0 24
143.75 0 24
156.25 0 24
168.75 0 24
181.25 0 24
193.75 0 24
206.25 0 24
218.75 0 24
231.25 0 24
243.75 0 24
256.25 0 24
268.75 0 24
281.25 0 24
293.7500000000001 0 24
306.25 0 24
318.75 0 24
331.25 0 24
343.75 0 24
356.2500000000001 0 24
368.75 0 24
381.25 0 24
393.75 0 24
406.25 0 24
418.7500000000001 0 24
431.25 0 24
443.75 0 24
456.25 0 24
468.75 0 24
481.2500000000001 0 24
493.75 0 24
506.2500000000001 0 24
518.75 0 24
531.25 0 24
543.75 0 24
556.25 0 24
568.75 0 24
581.25 0 24
593.75 0 24
606.25 0 24
618.75 0 24
631.25 0 24
643.75 0 24
656.25 0 24
668.75 0 24
681.25 0 24
693.75 0 24
706.25 0 24
718.75 0 24
731.25 0 24
743.75 0 24
756.25 0 24
768.75 0 24
781.25 0 24
793.75 0 24
806.25 0 24
818.75 0 24
831.25 0 24
843.75 0 24
856.25 0 24
868.75 0 24
881.25 0 24
893.75 0 24
906.25 0 24
918.75 0 24
931.25 0 24
943.75 0 24
956.25 0 24
968.75 0 24
981.25 0 24
993.75 0 24
1 11 0 159
367
368
369
370
371
372
373
374
375
376
377
378
379
380
381
382
383
384
385
386
387
388
389
390
391
392
393
394
395
396
397
398
399
400
401
402
403
404
405
406
407
408
409
410
411
412
413
414
415
416
417
418
419
420
421
422
423
424
425
426
427
428
429
430
431
432
433
434
435
436
437
438
439
440
441
442
443
444
445
446
447
448
449
450
451
452
453
454
455
456
457
458
459
460
461
462
463
464
465
466
467
468
469
470
471
472
473
474
475
476
477
478
479
480
481
482
483
484
485
486
487
488
489
490
491
492
493
494
495
496
497
498
499
500
501
502
503
504
505
506
507
508
509
510
511
512
513
514
515
516
517
518
519
520
521
522
523
524
525
12.5 10 0
25 10 0
37.50000000000001 10 0
50 10 0
62.5 10 0
75.00000000000001 10 0
87.50000000000001 10 0
100 10 0
112.5 10 0
125 10 0
137.5 10 0
150 10 0
162.5 10 0
175 10 0
187.5 10 0
200 10 0
212.5 10 0
225 10 0
237.5 10 0
250 10 0
262.5 10 0
275 10 0
287.5000000000001 10 0
300.0000000000001 10 0
312.5 10 0
325 10 0
337.5 10 0
350.0000000000001 10 0
362.5000000000001 10 0
375 10 0
387.5 10 0
400 10 0
412.5000000000001 10 0
425.0000000000001 10 0
437.5 10 0
450 10 0
462.5 10 0
475.0000000000001 10 0
487.5000000000001 10 0
500 10 0
512.5000000000001 10 0
525 10 0
537.5 10 0
550 10 0
562.5 10 0
575.0000000000001 10 0
587.5 10 0
600.0000000000001 10 0
612.5 10 0
625 10 0
637.5000000000001 10 0
650 10 0
662.5000000000001 10 0
675 10 0
687.5 10 0
700.0000000000001 10 0
712.5 10 0
725.0000000000001 10 0
737.5 10 0
750 10 0
762.5000000000001 10 0
775 10 0
787.5000000000001 10 0
800 10 0
812.5 10 0
825.0000000000001 10 0
837.5 10 0
850.0000000000001 10 0
862.5 10 0
875 10 0
887.5000000000001 10 0
900 10 0
912.5000000000001 10 0
925 10 0
937.5 10 0
950.0000000000001 10 0
962.5 10 0
975.0000000000001 10 0
987.5 10 0
6.25 10 0
18.75 10 0
31.25 10 0
43.75000000000001 10 0
56.25 10 0
68.75 10 0
81.25000000000001 10 0
93.75 10 0
106.25 10 0
118.75 10 0
131.25 10 0
143.75 10 0
156.25 10 0
168.75 10 0
181.25 10 0
193.75 10 0
206.25 10 0
218.75 10 0
231.25 10 0
243.75 10 0
256.25 10 0
268.75 10 0
281.25 10 0
293.7500000000001 10 0
306.25 10 0
318.75 10 0
331.25 10 0
343.75 10 0
356.2500000000001 10 0
368.75 10 0
381.25 10 0
393.75 10 0
406.25 10 0
418.7500000000001 10 0
431.25 10 0
443.75 10 0
456.25 10 0
468.75 10 0
481.2500000000001 10 0
493.75 10 0
506.2500000000001 10 0
518.75 10 0
531.25 10 0
543.75 10 0
556.25 10 0
568.75 10 0
581.25 10 0
593.75 10 0
606.25 10 0
618.75 10 0
631.25 10 0
643.75 10 0
656.25 10 0
668.75 10 0
681.25 10 0
693.75 10 0
706.25 10 0
718.75 10 0
731.25 10 0
743.75 10 0
756.25 10 0
768.75 10 0
781.25 10 0
793.75 10 0
806.25 10 0
818.75 10 0
831.25 10 0
843.75 10 0
856.25 10 0
868.75 10 0
881.25 10 0
893.75 10 0
906.25 10 0
918.75 10 0
931.25 10 0
943.75 10 0
956.25 10 0
968.75 10 0
981.25 10 0
993.75 10 0
1 12 0 159
526
527
528
529
530
531
532
533
534
535
536
537
538
539
540
541
542
543
544
545
546
547
548
549
550
551
552
553
554
555
556
557
558
559
560
561
562
563
564
565
566
567
568
569
570
571
572
573
574
575
576
577
578
579
580
581
582
583
584
585
586
587
588
589
590
591
592
593
594
595
596
597
598
599
600
601
602
603
604
605
606
607
608
609
610
611
612
613
614
615
616
617
618
619
620
621
622
623
624
625
626
627
628
629
630
631
632
633
634
635
636
637
638
639
640
641
642
643
644
645
646
647
648
649
650
651
652
653
654
655
656
657
658
659
660
661
662
663
664
665
666
667
668
669
670
671
672
673
674
675
676
677
678
679
680
681
682
683
684
12.5 10 24
25 10 24
37.50000000000001 10 24
50 10 24
62.5 10 24
75.00000000000001 10 24
87.50000000000001 10 24
100 10 24
112.5 10 24
125 10 24
137.5 10 24
150 10 24
162.5 10 24
175 10 24
187.5 10 24
200 10 24
212.5 10 24
225 10 24
237.5 10 24
250 10 24
262.5 10 24
275 10 24
287.5000000000001 10 24
300.0000000000001 10 24
312.5 10 24
325 10 24
337.5 10 24
350.0000000000001 10 24
362.5000000000001 10 24
375 10 24
387.5 10 24
400 10 24
412.5000000000001 10 24
425.0000000000001 10 24
437.5 10 24
450 10 24
462.5 10 24
475.0000000000001 10 24
487.5000000000001 10 24
500 10 24
512.5000000000001 10 24
525 10 24
537.5 10 24
550 10 24
562.5 10 24
575.0000000000001 10 24
587.5 10 24
600.0000000000001 10 24
612.5 10 24
625 10 24
637.5000000000001 10 24
650 10 24
662.5000000000001 10 24
675 10 24
687.5 10 24
700.0000000000001 10 24
712.5 10 24
725.0000000000001 10 24
737.5 10 24
750 10 24
762.5000000000001 10 24
775 10 24
787.5000000000001 10 24
800 10 24
812.5 10 24
825.0000000000001 10 24
837.5 10 24
850.0000000000001 10 24
862.5 10 24
875 10 24
887.5000000000001 10 24
900 10 24
912.5000000000001 10 24
925 10 24
937.5 10 24
950.0000000000001 10 24
962.5 10 24
975.0000000000001 10 24
987.5 10 24
6.25 10 24
18.75 10 24
31.25 10 24
43.75000000000001 10 24
56.25 10 24
68.75 10 24
81.25000000000001 10 24
93.75 10 24
106.25 10 24
118.75 10 24
131.25 10 24
143.75 10 24
156.25 10 24
168.75 10 24
181.25 10 24
193.75 10 24
206.25 10 24
218.75 10 24
231.25 10 24
243.75 10 24
256.25 10 24
268.75 10 24
281.25 10 24
293.7500000000001 10 24
306.25 10 24
318.75 10 24
331.25 10 24
343.75 10 24
356.2500000000001 10 24
368.75 10 24
381.25 10 24
393.75 10 24
406.25 10 24
418.7500000000001 10 24
431.25 10 24
443.75 10 24
456.25 10 24
468.75 10 24
481.2500000000001 10 24
493.75 10 24
506.2500000000001 10 24
518.75 10 24
531.25 10 24
543.75 10 24
556.25 10 24
568.75 10 24
581.25 10 24
593.75 10 24
606.25 10 24
618.75 10 24
631.25 10 24
643.75 10 24
656.25 10 24
668.75 10 24
681.25 10 24
693.75 10 24
706.25 10 24
718.75 10 24
731.25 10 24
743.75 10 24
756.25 10 24
768.75 10 24
781.25 10 24
793.75 10 24
806.25 10 24
818.75 10 24
831.25 10 24
843.75 10 24
856.25 10 24
868.75 10 24
881.25 10 24
893.75 10 24
906.25 10 24
918.75 10 24
931.25 10 24
943.75 10 24
956.25 10 24
968.75 10 24
981.25 10 24
993.75 10 24
2 1 0 21
685
686
687
688
689
690
691
692
693
694
695
696
697
698
699
700
701
702
703
704
705
0 2.5 12
0 5 12
0 7.5 12
0 1.25 12
0 2.5 6
0 1.25 6
0 3.75 12
0 5 6
0 3.75 6
0 6.25 12
0 7.5 6
0 6.25 6
0 8.75 12
0 8.75 6
0 2.5 18
0 1.25 18
0 5 18
0 3.75 18
0 7.5 18
0 6.25 18
0 8.75 18
2 2 0 21
706
707
708
709
710
711
712
713
714
715
716
717
718
719
720
721
722
723
724
725
726
1000 2.5 12
1000 5 12
1000 7.5 12
1000 2.5 6
1000 1.25 12
1000 1.25 6
1000 5 6
1000 3.75 12
1000 3.75 6
1000 7.5 6
1000 6.25 12
1000 6.25 6
1000 8.75 12
1000 8.75 6
1000 2.5 18
1000 1.25 18
1000 5 18
1000 3.75 18
1000 7.5 18
1000 6.25 18
1000 8.75 18
2 3 0 477
727
728
729
730
731
732
733
734
735
736
737
738
739
740
741
742
743
744
745
746
747
748
749
750
751
752
753
754
755
756
757
758
759
760
761
762
763
764
765
766
767
768
769
770
771
772
773
774
775
776
777
778
779
780
781
782
783
784
785
786
787
788
789
790
791
792
793
794
795
796
797
798
799
800
801
802
803
804
805
806
807
808
809
810
811
812
813
814
815
816
817
818
819
820
821
822
823
824
825
826
827
828
829
830
831
832
833
834
835
836
837
838
839
840
841
842
843
844
845
846
847
848
849
850
851
852
853
854
855
856
857
858
859
860
861
862
863
864
865
866
867
868
869
870
871
872
873
874
875
876
877
878
879
880
881
882
883
884
885
886
887
888
889
890
891
892
893
894
895
896
897
898
899
900
901
902
903
904
905
906
907
908
909
910
911
912
913
914
915
916
917
918
919
920
921
922
923
924
925
926
927
928
929
930
931
932
933
934
935
936
937
938
939
940
941
942
943
944
945
946
947
948
949
950
951
952
953
954
955
956
957
958
959
960
961
962
963
964
965
966
967
968
969
970
971
972
973
974
975
976
977
978
979
980
981
982
983
984
985
986
987
988
989
990
991
992
993
994
995
996
997
998
999
1000
1001
1002
1003
1004
1005
1006
1007
1008
1009
1010
1011
1012
1013
1014
1015
1016
1017
1018
1019
1020
1021
1022
1023
1024
1025
1026
1027
1028
1029
1030
1031
1032
1033
1034
1035
1036
1037
1038
1039
1040
1041
1042
1043
1044
1045
1046
1047
1048
1049
1050
1051
1052
1053
1054
1055
1056
1057
1058
1059
1060
1061
1062
1063
1064
1065
1066
1067
1068
1069
1070
1071
1072
1073
1074
1075
1076
1077
1078
1079
1080
1081
1082
1083
1084
1085
1086
1087
1088
1089
1090
1091
1092
1093
1094
1095
1096
1097
1098
1099
1100
1101
1102
1103
1104
1105
1106
1107
1108
1109
1110
1111
1112
1113
1114
1115
1116
1117
1118
1119
1120
1121
1122
1123
1124
1125
1126
1127
1128
1129
1130
1131
1132
1133
1134
1135
1136
1137
1138
1139
1140
1141
1142
1143
1144
1145
1146
1147
1148
1149
1150
1151
1152
1153
1154
1155
1156
1157
1158
1159
1160
1161
1162
1163
1164
1165
1166
1167
1168
1169
1170
1171
1172
1173
1174
1175
1176
1177
1178
1179
1180
1181
1182
1183
1184
1185
1186
1187
1188
1189
1190
1191
1192
1193
1194
1195
1196
1197
1198
1199
1200
1201
1202
1203
12.5 0 12
25 0 12
37.50000000000001 0 12
50 0 12
62.5 0 12
75.00000000000001 0 12
87.50000000000001 0 12
100 0 12
112.5 0 12
125 0 12
137.5 0 12
150 0 12
162.5 0 12
175 0 12
187.5 0 12
200 0 12
212.5 0 12
225 0 12
237.5 0 12
250 0 12
262.5 0 12
275 0 12
287.5000000000001 0 12
300.0000000000001 0 12
312.5 0 12
325 0 12
337.5 0 12
350.0000000000001 0 12
362.5000000000001 0 12
375 0 12
387.5 0 12
400 0 12
412.5000000000001 0 12
425.0000000000001 0 12
437.5 0 12
450 0 12
462.5 0 12
475.0000000000001 0 12
487.5000000000001 0 12
500 0 12
512.5000000000001 0 12
525 0 12
537.5 0 12
550 0 12
562.5 0 12
575.0000000000001 0 12
587.5 0 12
600.0000000000001 0 12
612.5 0 12
625 0 12
637.5000000000001 0 12
650 0 12
662.5000000000001 0 12
675 0 12
687.5 0 12
700.0000000000001 0 12
712.5 0 12
725.0000000000001 0 12
737.5 0 12
750 0 12
762.5000000000001 0 12
775 0 12
787.5000000000001 0 12
800 0 12
812.5 0 12
825.0000000000001 0 12
837.5 0 12
850.0000000000001 0 12
862.5 0 12
875 0 12
887.5000000000001 0 12
900 0 12
912.5000000000001 0 12
925 0 12
937.5 0 12
950.0000000000001 0 12
962.5 0 12
975.0000000000001 0 12
987.5 0 12
12.5 0 6
6.25 0 12
6.25 0 6
12.5 0 18
6.25 0 18
25 0 6
18.75 0 12
18.75 0 6
25 0 18
18.75 0 18
37.50000000000001 0 6
31.25 0 12
31.25 0 6
37.50000000000001 0 18
31.25 0 18
50 0 6
43.75 0 12
43.75000000000001 0 6
50 0 18
43.75000000000001 0 18
62.5 0 6
56.25 0 12
56.25 0 6
62.5 0 18
56.25 0 18
75.00000000000001 0 6
68.75 0 12
68.75 0 6
75.00000000000001 0 18
68.75 0 18
87.50000000000001 0 6
81.25000000000001 0 12
81.25000000000001 0 6
87.50000000000001 0 18
81.25000000000001 0 18
100 0 6
93.75 0 12
93.75 0 6
100 0 18
93.75 0 18
112.5 0 6
106.25 0 12
106.25 0 6
112.5 0 18
106.25 0 18
125 0 6
118.75 0 12
118.75 0 6
125 0 18
118.75 0 18
137.5 0 6
131.25 0 12
131.25 0 6
137.5 0 18
131.25 0 18
150 0 6
143.75 0 12
143.75 0 6
150 0 18
143.75 0 18
162.5 0 6
156.25 0 12
156.25 0 6
162.5 0 18
156.25 0 18
175 0 6
168.75 0 12
168.75 0 6
175 0 18
168.75 0 18
187.5 0 6
181.25 0 12
181.25 0 6
187.5 0 18
181.25 0 18
200 0 6
193.75 0 12
193.75 0 6
200 0 18
193.75 0 18
212.5 0 6
206.25 0 12
206.25 0 6
212.5 0 18
206.25 0 18
225 0 6
218.75 0 12
218.75 0 6
225 0 18
218.75 0 18
237.5 0 6
231.25 0 12
231.25 0 6
237.5 0 18
231.25 0 18
250 0 6
243.75 0 12
243.75 0 6
250 0 18
243.75 0 18
262.5 0 6
256.25 0 12
256.25 0 6
262.5 0 18
256.25 0 18
275 0 6
268.75 0 12
268.75 0 6
275 0 18
268.75 0 18
287.5000000000001 0 6
281.25 0 12
281.25 0 6
287.5000000000001 0 18
281.25 0 18
300.0000000000001 0 6
293.7500000000001 0 12
293.7500000000001 0 6
300.0000000000001 0 18
293.7500000000001 0 18
312.5 0 6
306.25 0 12
306.25 0 6
312.5 0 18
306.25 0 18
325 0 6
318.75 0 12
318.75 0 6
325 0 18
318.75 0 18
337.5 0 6
331.25 0 12
331.25 0 6
337.5 0 18
331.25 0 18
350.0000000000001 0 6
343.75 0 12
343.75 0 6
350.0000000000001 0 18
343.75 0 18
362.5000000000001 0 6
356.2500000000001 0 12
356.2500000000001 0 6
362.5000000000001 0 18
356.2500000000001 0 18
375 0 6
368.75 0 12
368.75 0 6
375 0 18
368.75 0 18
387.5 0 6
381.25 0 12
381.25 0 6
387.5 0 18
381.25 0 18
400 0 6
393.75 0 12
393.75 0 6
400 0 18
393.75 0 18
412.5000000000001 0 6
406.25 0 12
406.25 0 6
412.5000000000001 0 18
406.25 0 18
425.0000000000001 0 6
418.7500000000001 0 12
418.7500000000001 0 6
425.0000000000001 0 18
418.7500000000001 0 18
437.5 0 6
431.25 0 12
431.25 0 6
437.5 0 18
431.25 0 18
450 0 6
443.75 0 12
443.75 0 6
450 0 18
443.75 0 18
462.5 0 6
456.25 0 12
456.25 0 6
462.5 0 18
456.25 0 18
475.0000000000001 0 6
468.75 0 12
468.75 0 6
475.0000000000001 0 18
468.75 0 18
487.5000000000001 0 6
481.2500000000001 0 12
481.2500000000001 0 6
487.5000000000001 0 18
481.2500000000001 0 18
500 0 6
493.75 0 12
493.75 0 6
500 0 18
493.75 0 18
512.5000000000001 0 6
506.2500000000001 0 12
506.2500000000001 0 6
512.5000000000001 0 18
506.2500000000001 0 18
525 0 6
518.75 0 12
518.75 0 6
525 0 18
518.75 0 18
537.5 0 6
531.25 0 12
531.25 0 6
537.5 0 18
531.25 0 18
550 0 6
543.75 0 12
543.75 0 6
550 0 18
543.75 0 18
562.5 0 6
556.25 0 12
556.25 0 6
562.5 0 18
556.25 0 18
575.0000000000001 0 6
568.75 0 12
568.75 0 6
575.0000000000001 0 18
568.75 0 18
587.5 0 6
581.25 0 12
581.25 0 6
587.5 0 18
581.25 0 18
600.0000000000001 0 6
593.75 0 12
593.75 0 6
600.0000000000001 0 18
593.75 0 18
612.5 0 6
606.25 0 12
606.25 0 6
612.5 0 18
606.25 0 18
625 0 6
618.75 0 12
618.75 0 6
625 0 18
618.75 0 18
637.5000000000001 0 6
631.25 0 12
631.25 0 6
637.5000000000001 0 18
631.25 0 18
650 0 6
643.75 0 12
643.75 0 6
650 0 18
643.75 0 18
662.5000000000001 0 6
656.25 0 12
656.25 0 6
662.5000000000001 0 18
656.25 0 18
675 0 6
668.75 0 12
668.75 0 6
675 0 18
668.75 0 18
687.5 0 6
681.25 0 12
681.25 0 6
687.5 0 18
681.25 0 18
700.0000000000001 0 6
693.75 0 12
693.75 0 6
700.0000000000001 0 18
693.75 0 18
712.5 0 6
706.25 0 12
706.25 0 6
712.5 0 18
706.25 0 18
725.0000000000001 0 6
718.75 0 12
718.75 0 6
725.0000000000001 0 18
718.75 0 18
737.5 0 6
731.25 0 12
731.25 0 6
737.5 0 18
731.25 0 18
750 0 6
743.75 0 12
743.75 0 6
750 0 18
743.75 0 18
762.5000000000001 0 6
756.25 0 12
756.25 0 6
762.5000000000001 0 18
756.25 0 18
775 0 6
768.75 0 12
768.75 0 6
775 0 18
768.75 0 18
787.5000000000001 0 6
781.25 0 12
781.25 0 6
787.5000000000001 0 18
781.25 0 18
800 0 6
793.75 0 12
793.75 0 6
800 0 18
793.75 0 18
812.5 0 6
806.25 0 12
806.25 0 6
812.5 0 18
806.25 0 18
825.0000000000001 0 6
818.75 0 12
818.75 0 6
825.0000000000001 0 18
818.75 0 18
837.5 0 6
831.25 0 12
831.25 0 6
837.5 0 18
831.25 0 18
850.0000000000001 0 6
843.75 0 12
843.75 0 6
850.0000000000001 0 18
843.75 0 18
862.5 0 6
856.25 0 12
856.25 0 6
862.5 0 18
856.25 0 18
875 0 6
868.75 0 12
868.75 0 6
875 0 18
868.75 0 18
887.5000000000001 0 6
881.25 0 12
881.25 0 6
887.5000000000001 0 18
881.25 0 18
900 0 6
893.75 0 12
893.75 0 6
900 0 18
893.75 0 18
912.5000000000001 0 6
906.25 0 12
906.25 0 6
912.5000000000001 0 18
906.25 0 18
925 0 6
918.75 0 12
918.75 0 6
925 0 18
918.75 0 18
937.5 0 6
931.25 0 12
931.25 0 6
937.5 0 18
931.25 0 18
950.0000000000001 0 6
943.75 0 12
943.75 0 6
950.0000000000001 0 18
943.75 0 18
962.5 0 6
956.25 0 12
956.25 0 6
962.5 0 18
956.25 0 18
975.0000000000001 0 6
968.75 0 12
968.75 0 6
975.0000000000001 0 18
968.75 0 18
987.5 0 6
981.25 0 12
981.25 0 6
987.5 0 18
981.25 0 18
993.75 0 12
993.75 0 6
993.75 0 18
2 4 0 477
1204
1205
1206
1207
1208
1209
1210
1211
1212
1213
1214
1215
1216
1217
1218
1219
1220
1221
1222
1223
1224
1225
1226
1227
1228
1229
1230
1231
1232
1233
1234
1235
1236
1237
1238
1239
1240
1241
1242
1243
1244
1245
1246
1247
1248
1249
1250
1251
1252
1253
1254
1255
1256
1257
1258
1259
1260
1261
1262
1263
1264
1265
1266
1267
1268
1269
1270
1271
1272
1273
1274
1275
1276
1277
1278
1279
1280
1281
1282
1283
1284
1285
1286
1287
1288
1289
1290
1291
1292
1293
1294
1295
1296
1297
1298
1299
1300
1301
1302
1303
1304
1305
1306
1307
1308
1309
1310
1311
1312
1313
1314
1315
1316
1317
1318
1319
1320
1321
1322
1323
1324
1325
1326
1327
1328
1329
1330
1331
1332
1333
1334
1335
1336
1337
1338
1339
1340
1341
1342
1343
1344
1345
1346
1347
1348
1349
1350
1351
1352
1353
1354
1355
1356
1357
1358
1359
1360
1361
1362
1363
1364
1365
1366
1367
1368
1369
1370
1371
1372
1373
1374
1375
1376
1377
1378
1379
1380
1381
1382
1383
1384
1385
1386
1387
1388
1389
1390
1391
1392
1393
1394
1395
1396
1397
1398
1399
1400
1401
1402
1403
1404
1405
1406
1407
1408
1409
1410
1411
1412
1413
1414
1415
1416
1417
1418
1419
1420
1421
1422
1423
1424
1425
1426
1427
1428
1429
1430
1431
1432
1433
1434
1435
1436
1437
1438
1439
1440
1441
1442
1443
1444
1445
1446
1447
1448
1449
1450
1451
1452
1453
1454
1455
1456
1457
1458
1459
1460
1461
1462
1463
1464
1465
1466
1467
1468
1469
1470
1471
1472
1473
1474
1475
1476
1477
1478
1479
1480
1481
1482
1483
1484
1485
1486
1487
1488
1489
1490
1491
1492
1493
1494
1495
1496
1497
1498
1499
1500
1501
1502
1503
1504
1505
1506
1507
1508
1509
1510
1511
1512
1513
1514
1515
1516
1517
1518
1519
1520
1521
1522
1523
1524
1525
1526
1527
1528
1529
1530
1531
1532
1533
1534
1535
1536
1537
1538
1539
1540
1541
1542
1543
1544
1545
1546
1547
1548
1549
1550
1551
1552
1553
1554
1555
1556
1557
1558
1559
1560
1561
1562
1563
1564
1565
1566
1567
1568
1569
1570
1571
1572
1573
1574
1575
1576
1577
1578
1579
1580
1581
1582
1583
1584
1585
1586
1587
1588
1589
1590
1591
1592
1593
1594
1595
1596
1597
1598
1599
1600
1601
1602
1603
1604
1605
1606
1607
1608
1609
1610
1611
1612
1613
1614
1615
1616
1617
1618
1619
1620
1621
1622
1623
1624
1625
1626
1627
1628
1629
1630
1631
1632
1633
1634
1635
1636
1637
1638
1639
1640
1641
1642
1643
1644
1645
1646
1647
1648
1649
1650
1651
1652
1653
1654
1655
1656
1657
1658
1659
1660
1661
1662
1663
1664
1665
1666
1667
1668
1669
1670
1671
1672
1673
1674
1675
1676
1677
1678
1679
1680
12.5 10 12
25 10 12
37.50000000000001 10 12
50 10 12
62.5 10 12
75.00000000000001 10 12
87.50000000000001 10 12
100 10 12
112.5 10 12
125 10 12
137.5 10 12
150 10 12
162.5 10 12
175 10 12
187.5 10 12
200 10 12
212.5 10 12
225 10 12
237.5 10 12
250 10 12
262.5 10 12
275 10 12
287.5000000000001 10 12
300.0000000000001 10 12
312.5 10 12
325 10 12
337.5 10 12
350.0000000000001 10 12
362.5000000000001 10 12
375 10 12
387.5 10 12
400 10 12
412.5000000000001 10 12
425.0000000000001 10 12
437.5 10 12
450 10 12
462.5 10 12
475.0000000000001 10 12
487.5000000000001 10 12
500 10 12
512.5000000000001 10 12
525 10 12
537.5 10 12
550 10 12
562.5 10 12
575.0000000000001 10 12
587.5 10 12
600.0000000000001 10 12
612.5 10 12
625 10 12
637.5000000000001 10 12
650 10 12
662.5000000000001 10 12
675 10 12
687.5 10 12
700.0000000000001 10 12
712.5 10 12
725.0000000000001 10 12
737.5 10 12
750 10 12
762.5000000000001 10 12
775 10 12
787.5000000000001 10 12
800 10 12
812.5 10 12
825.0000000000001 10 12
837.5 10 12
850.0000000000001 10 12
862.5 10 12
875 10 12
887.5000000000001 10 12
900 10 12
912.5000000000001 10 12
925 10 12
937.5 10 12
950.0000000000001 10 12
962.5 10 12
975.0000000000001 10 12
987.5 10 12
6.25 10 12
12.5 10 6
6.25 10 6
12.5 10 18
6.25 10 18
18.75 10 12
25 10 6
18.75 10 6
25 10 18
18.75 10 18
31.25 10 12
37.50000000000001 10 6
31.25000000000001 10 6
37.50000000000001 10 18
31.25000000000001 10 18
43.75 10 12
50 10 6
43.75000000000001 10 6
50 10 18
43.75000000000001 10 18
56.25 10 12
62.5 10 6
56.25 10 6
62.5 10 18
56.25 10 18
68.75 10 12
75.00000000000001 10 6
68.75 10 6
75.00000000000001 10 18
68.75 10 18
81.25000000000001 10 12
87.50000000000001 10 6
81.25000000000001 10 6
87.50000000000001 10 18
81.25000000000001 10 18
93.75 10 12
100 10 6
93.75 10 6
100 10 18
93.75 10 18
106.25 10 12
112.5 10 6
106.25 10 6
112.5 10 18
106.25 10 18
118.75 10 12
125 10 6
118.75 10 6
125 10 18
118.75 10 18
131.25 10 12
137.5 10 6
131.25 10 6
137.5 10 18
131.25 10 18
143.75 10 12
150 10 6
143.75 10 6
150 10 18
143.75 10 18
156.25 10 12
162.5 10 6
156.25 10 6
162.5 10 18
156.25 10 18
168.75 10 12
175 10 6
168.75 10 6
175 10 18
168.75 10 18
181.25 10 12
187.5 10 6
181.25 10 6
187.5 10 18
181.25 10 18
193.75 10 12
200 10 6
193.75 10 6
200 10 18
193.75 10 18
206.25 10 12
212.5 10 6
206.25 10 6
212.5 10 18
206.25 10 18
218.75 10 12
225 10 6
218.75 10 6
225 10 18
218.75 10 18
231.25 10 12
237.5 10 6
231.25 10 6
237.5 10 18
231.25 10 18
243.75 10 12
250 10 6
243.75 10 6
250 10 18
243.75 10 18
256.25 10 12
262.5 10 6
256.25 10 6
262.5 10 18
256.25 10 18
268.75 10 12
275 10 6
268.75 10 6
275 10 18
268.75 10 18
281.25 10 12
287.5000000000001 10 6
281.25 10 6
287.5000000000001 10 18
281.25 10 18
293.7500000000001 10 12
300.0000000000001 10 6
293.7500000000001 10 6
300.0000000000001 10 18
293.7500000000001 10 18
306.25 10 12
312.5 10 6
306.25 10 6
312.5 10 18
306.25 10 18
318.75 10 12
325 10 6
318.75 10 6
325 10 18
318.75 10 18
331.25 10 12
337.5 10 6
331.25 10 6
337.5 10 18
331.25 10 18
343.75 10 12
350.0000000000001 10 6
343.75 10 6
350.0000000000001 10 18
343.75 10 18
356.2500000000001 10 12
362.5000000000001 10 6
356.2500000000001 10 6
362.5000000000001 10 18
356.2500000000001 10 18
368.75 10 12
375 10 6
368.75 10 6
375 10 18
368.75 10 18
381.25 10 12
387.5 10 6
381.25 10 6
387.5 10 18
381.25 10 18
393.75 10 12
400 10 6
393.75 10 6
400 10 18
393.75 10 18
406.25 10 12
412.5000000000001 10 6
406.25 10 6
412.5000000000001 10 18
406.25 10 18
418.7500000000001 10 12
425.0000000000001 10 6
418.7500000000001 10 6
425.0000000000001 10 18
418.7500000000001 10 18
431.25 10 12
437.5 10 6
431.25 10 6
437.5 10 18
431.25 10 18
443.75 10 12
450 10 6
443.75 10 6
450 10 18
443.75 10 18
456.25 10 12
462.5 10 6
456.25 10 6
462.5 10 18
456.25 10 18
468.75 10 12
475.0000000000001 10 6
468.75 10 6
475.0000000000001 10 18
468.75 10 18
481.2500000000001 10 12
487.5000000000001 10 6
481.2500000000001 10 6
487.5000000000001 10 18
481.2500000000001 10 18
493.75 10 12
500 10 6
493.75 10 6
500 10 18
493.75 10 18
506.2500000000001 10 12
512.5000000000001 10 6
506.2500000000001 10 6
512.5000000000001 10 18
506.2500000000001 10 18
518.75 10 12
525 10 6
518.75 10 6
525 10 18
518.75 10 18
531.25 10 12
537.5 10 6
531.25 10 6
537.5 10 18
531.25 10 18
543.75 10 12
550 10 6
543.75 10 6
550 10 18
543.75 10 18
556.25 10 12
562.5 10 6
556.25 10 6
562.5 10 18
556.25 10 18
568.75 10 12
575.0000000000001 10 6
568.75 10 6
575.0000000000001 10 18
568.75 10 18
581.25 10 12
587.5 10 6
581.25 10 6
587.5 10 18
581.25 10 18
593.75 10 12
600.0000000000001 10 6
593.75 10 6
600.0000000000001 10 18
593.75 10 18
606.25 10 12
612.5 10 6
606.25 10 6
612.5 10 18
606.25 10 18
618.75 10 12
625 10 6
618.75 10 6
625 10 18
618.75 10 18
631.25 10 12
637.5000000000001 10 6
631.25 10 6
637.5000000000001 10 18
631.25 10 18
643.75 10 12
650 10 6
643.75 10 6
650 10 18
643.75 10 18
656.25 10 12
662.5000000000001 10 6
656.25 10 6
662.5000000000001 10 18
656.25 10 18
668.75 10 12
675 10 6
668.75 10 6
675 10 18
668.75 10 18
681.25 10 12
687.5 10 6
681.25 10 6
687.5 10 18
681.25 10 18
693.75 10 12
700.0000000000001 10 6
693.75 10 6
700.0000000000001 10 18
693.75 10 18
706.25 10 12
712.5 10 6
706.25 10 6
712.5 10 18
706.25 10 18
718.75 10 12
725.0000000000001 10 6
718.75 10 6
725.0000000000001 10 18
718.75 10 18
731.25 10 12
737.5 10 6
731.25 10 6
737.5 10 18
731.25 10 18
743.75 10 12
750 10 6
743.75 10 6
750 10 18
743.75 10 18
756.25 10 12
762.5000000000001 10 6
756.25 10 6
762.5000000000001 10 18
756.25 10 18
768.75 10 12
775 10 6
768.75 10 6
775 10 18
768.75 10 18
781.25 10 12
787.5000000000001 10 6
781.25 10 6
787.5000000000001 10 18
781.25 10 18
793.75 10 12
800 10 6
793.75 10 6
800 10 18
793.75 10 18
806.25 10 12
812.5 10 6
806.25 10 6
812.5 10 18
806.25 10 18
818.75 10 12
825.0000000000001 10 6
818.75 10 6
825.0000000000001 10 18
818.75 10 18
831.25 10 12
837.5 10 6
831.25 10 6
837.5 10 18
831.25 10 18
843.75 10 12
850.0000000000001 10 6
843.75 10 6
850.0000000000001 10 18
843.75 10 18
856.25 10 12
862.5 10 6
856.25 10 6
862.5 10 18
856.25 10 18
868.75 10 12
875 10 6
868.75 10 6
875 10 18
868.75 10 18
881.25 10 12
887.5000000000001 10 6
881.25 10 6
887.5000000000001 10 18
881.25 10 18
893.75 10 12
900 10 6
893.75 10 6
900 10 18
893.75 10 18
906.25 10 12
912.5000000000001 10 6
906.25 10 6
912.5000000000001 10 18
906.25 10 18
918.75 10 12
925 10 6
918.75 10 6
925 10 18
918.75 10 18
931.25 10 12
937.5 10 6
931.25 10 6
937.5 10 18
931.25 10 18
943.75 10 12
950.0000000000001 10 6
943.75 10 6
950.0000000000001 10 18
943.75 10 18
956.25 10 12
962.5 10 6
956.25 10 6
962.5 10 18
956.25 10 18
968.75 10 12
975.0000000000001 10 6
968.75 10 6
975.0000000000001 10 18
968.75 10 18
981.25 10 12
987.5 10 6
981.25 10 6
987.5 10 18
981.25 10 18
993.75 10 12
993.75 10 6
993.75 10 18
2 5 0 1113
1681
1682
1683
1684
1685
1686
1687
1688
1689
1690
1691
1692
1693
1694
1695
1696
1697
1698
1699
1700
1701
1702
1703
1704
1705
1706
1707
1708
1709
1710
1711
1712
1713
1714
1715
1716
1717
1718
1719
1720
1721
1722
1723
1724
1725
1726
1727
1728
1729
1730
1731
1732
1733
1734
1735
1736
1737
1738
1739
1740
1741
1742
1743
1744
1745
1746
1747
1748
1749
1750
1751
1752
1753
1754
1755
1756
1757
1758
1759
1760
1761
1762
1763
1764
1765
1766
1767
1768
1769
1770
1771
1772
1773
1774
1775
1776
1777
1778
1779
1780
1781
1782
1783
1784
1785
1786
1787
1788
1789
1790
1791
1792
1793
1794
1795
1796
1797
1798
1799
1800
1801
1802
1803
1804
1805
1806
1807
1808
1809
1810
1811
1812
1813
1814
1815
1816
1817
1818
1819
1820
1821
1822
1823
1824
1825
1826
1827
1828
1829
1830
1831
1832
1833
1834
1835
1836
1837
1838
1839
1840
1841
1842
1843
1844
1845
1846
1847
1848
1849
1850
1851
1852
1853
1854
1855
1856
1857
1858
1859
1860
1861
1862
1863
1864
1865
1866
1867
1868
1869
1870
1871
1872
1873
1874
1875
1876
1877
1878
1879
1880
1881
1882
1883
1884
1885
1886
1887
1888
1889
1890
1891
1892
1893
1894
1895
1896
1897
1898
1899
1900
1901
1902
1903
1904
1905
1906
1907
1908
1909
1910
1911
1912
1913
1914
1915
1916
1917
1918
1919
1920
1921
1922
1923
1924
1925
1926
1927
1928
1929
1930
1931
1932
1933
1934
1935
1936
1937
1938
1939
1940
1941
1942
1943
1944
1945
1946
1947
1948
1949
1950
1951
1952
1953
1954
1955
1956
1957
1958
1959
1960
1961
1962
1963
1964
1965
1966
1967
1968
1969
1970
1971
1972
1973
1974
1975
1976
1977
1978
1979
1980
1981
1982
1983
1984
1985
1986
1987
1988
1989
1990
1991
1992
1993
1994
1995
1996
1997
1998
1999
2000
2001
2002
2003
2004
2005
2006
2007
2008
2009
2010
2011
2012
2013
2014
2015
2016
2017
2018
2019
2020
2021
2022
2023
2024
2025
2026
2027
2028
2029
2030
2031
2032
2033
2034
2035
2036
2037
2038
2039
2040
2041
2042
2043
2044
2045
2046
2047
2048
2049
2050
2051
2052
2053
2054
2055
2056
2057
2058
2059
2060
2061
2062
2063
2064
2065
2066
2067
2068
2069
2070
2071
2072
2073
2074
2075
2076
2077
2078
2079
2080
2081
2082
2083
2084
2085
2086
2087
2088
2089
2090
2091
2092
2093
2094
2095
2096
2097
2098
2099
2100
2101
2102
2103
2104
2105
2106
2107
2108
2109
2110
2111
2112
2113
2114
2115
2116
2117
2118
2119
2120
2121
2122
2123
2124
2125
2126
2127
2128
2129
2130
2131
2132
2133
2134
2135
2136
2137
2138
2139
2140
2141
2142
2143
2144
2145
2146
2147
2148
2149
2150
2151
2152
2153
2154
2155
2156
2157
2158
2159
2160
2161
2162
2163
2164
2165
2166
2167
2168
2169
2170
2171
2172
2173
2174
2175
2176
2177
2178
2179
2180
2181
2182
2183
2184
2185
2186
2187
2188
2189
2190
2191
2192
2193
2194
2195
2196
2197
2198
2199
2200
2201
2202
2203
2204
2205
2206
2207
2208
2209
2210
2211
2212
2213
2214
2215
2216
2217
2218
2219
2220
2221
2222
2223
2224
2225
2226
2227
2228
2229
2230
2231
2232
2233
2234
2235
2236
2237
2238
2239
2240
2241
2242
2243
2244
2245
2246
2247
2248
2249
2250
2251
2252
2253
2254
2255
2256
2257
2258
2259
2260
2261
2262
2263
2264
2265
2266
2267
2268
2269
2270
2271
2272
2273
2274
2275
2276
2277
2278
2279
2280
2281
2282
2283
2284
2285
2286
2287
2288
2289
2290
2291
2292
2293
2294
2295
2296
2297
2298
2299
2300
2301
2302
2303
2304
2305
2306
2307
2308
2309
2310
2311
2312
2313
2314
2315
2316
2317
2318
2319
2320
2321
2322
2323
2324
2325
2326
2327
2328
2329
2330
2331
2332
2333
2334
2335
2336
2337
2338
2339
2340
2341
2342
2343
2344
2345
2346
2347
2348
2349
2350
2351
2352
2353
2354
2355
2356
2357
2358
2359
2360
2361
2362
2363
2364
2365
2366
2367
2368
2369
2370
2371
2372
2373
2374
2375
2376
2377
2378
2379
2380
2381
2382
2383
2384
2385
2386
2387
2388
2389
2390
2391
2392
2393
2394
2395
2396
2397
2398
2399
2400
2401
2402
2403
2404
2405
2406
2407
2408
2409
2410
2411
2412
2413
2414
2415
2416
2417
2418
2419
2420
2421
2422
2423
2424
2425
2426
2427
2428
2429
2430
2431
2432
2433
2434
2435
2436
2437
2438
2439
2440
2441
2442
2443
2444
2445
2446
2447
2448
2449
2450
2451
2452
2453
2454
2455
2456
2457
2458
2459
2460
2461
2462
2463
2464
2465
2466
2467
2468
2469
2470
2471
2472
2473
2474
2475
2476
2477
2478
2479
2480
2481
2482
2483
2484
2485
2486
2487
2488
2489
2490
2491
2492
2493
2494
2495
2496
2497
2498
2499
2500
2501
2502
2503
2504
2505
2506
2507
2508
2509
2510
2511
2512
2513
2514
2515
2516
2517
2518
2519
2520
2521
2522
2523
2524
2525
2526
2527
2528
2529
2530
2531
2532
2533
2534
2535
2536
2537
2538
2539
2540
2541
2542
2543
2544
2545
2546
2547
2548
2549
2550
2551
2552
2553
2554
2555
2556
2557
2558
2559
2560
2561
2562
2563
2564
2565
2566
2567
2568
2569
2570
2571
2572
2573
2574
2575
2576
2577
2578
2579
2580
2581
2582
2583
2584
2585
2586
2587
2588
2589
2590
2591
2592
2593
2594
2595
2596
2597
2598
2599
2600
2601
2602
2603
2604
2605
2606
2607
2608
2609
2610
2611
2612
2613
2614
2615
2616
2617
2618
2619
2620
2621
2622
2623
2624
2625
2626
2627
2628
2629
2630
2631
2632
2633
2634
2635
2636
2637
2638
2639
2640
2641
2642
2643
2644
2645
2646
2647
2648
2649
2650
2651
2652
2653
2654
2655
2656
2657
2658
2659
2660
2661
2662
2663
2664
2665
2666
2667
2668
2669
2670
2671
2672
2673
2674
2675
2676
2677
2678
2679
2680
2681
2682
2683
2684
2685
2686
2687
2688
2689
2690
2691
2692
2693
2694
2695
2696
2697
2698
2699
2700
2701
2702
2703
2704
2705
2706
2707
2708
2709
2710
2711
2712
2713
2714
2715
2716
2717
2718
2719
2720
2721
2722
2723
2724
2725
2726
2727
2728
2729
2730
2731
2732
2733
2734
2735
2736
2737
2738
2739
2740
2741
2742
2743
2744
2745
2746
2747
2748
2749
2750
2751
2752
2753
2754
2755
2756
2757
2758
2759
2760
2761
2762
2763
2764
2765
2766
2767
2768
2769
2770
2771
2772
2773
2774
2775
2776
2777
2778
2779
2780
2781
2782
2783
2784
2785
2786
2787
2788
2789
2790
2791
2792
2793
12.5 2.5 0
25 2.5 0
37.50000000000001 2.5 0
49.99999999999999 2.5 0
62.5 2.5 0
75.00000000000001 2.5 0
87.50000000000003 2.5 0
99.99999999999999 2.5 0
112.5 2.5 0
125 2.5 0
137.5 2.5 0
150 2.5 0
162.5 2.5 0
175.0000000000001 2.5 0
187.5 2.5 0
200 2.5 0
212.5 2.5 0
225 2.5 0
237.5000000000001 2.5 0
250 2.5 0
262.5 2.5 0
275 2.5 0
287.5000000000001 2.5 0
300.0000000000001 2.5 0
312.5 2.5 0
325 2.5 0
337.4999999999999 2.5 0
350.0000000000001 2.5 0
362.5000000000001 2.5 0
375 2.5 0
387.5 2.5 0
399.9999999999999 2.5 0
412.5000000000001 2.5 0
425.0000000000001 2.5 0
437.5 2.5 0
450 2.5 0
462.4999999999999 2.5 0
475.0000000000001 2.5 0
487.5000000000001 2.5 0
500 2.5 0
512.5000000000002 2.5 0
525 2.5 0
537.5 2.5 0
550 2.5 0
562.5 2.5 0
575.0000000000002 2.5 0
587.5 2.5 0
600.0000000000001 2.5 0
612.5 2.5 0
625 2.5 0
637.5000000000002 2.5 0
650 2.5 0
662.5000000000001 2.5 0
674.9999999999999 2.5 0
687.5 2.5 0
700.0000000000002 2.5 0
712.5 2.5 0
725.0000000000001 2.5 0
737.4999999999999 2.5 0
750 2.5 0
762.5000000000002 2.5 0
775 2.5 0
787.5000000000001 2.5 0
799.9999999999999 2.5 0
812.5 2.5 0
825.0000000000002 2.5 0
837.5 2.5 0
850.0000000000001 2.5 0
862.4999999999999 2.5 0
875 2.5 0
887.5000000000002 2.5 0
900 2.5 0
912.5000000000001 2.5 0
924.9999999999999 2.5 0
937.5 2.5 0
950.0000000000002 2.5 0
962.5 2.5 0
975.0000000000001 2.5 0
987.4999999999999 2.5 0
12.5 5 0
25 5 0
37.50000000000001 5 0
50 5 0
62.5 5 0
75.00000000000001 5 0
87.50000000000001 5 0
100 5 0
112.5 5 0
125 5 0
137.5 5 0
150 5 0
162.5 5 0
175 5 0
187.5 5 0
200 5 0
212.5 5 0
225 5 0
237.5 5 0
250 5 0
262.5 5 0
275 5 0
287.5000000000001 5 0
300.0000000000001 5 0
312.5 5 0
325 5 0
337.5 5 0
350.0000000000001 5 0
362.5000000000001 5 0
375 5 0
387.5 5 0
400 5 0
412.5000000000001 5 0
425.0000000000001 5 0
437.5 5 0
450 5 0
462.5 5 0
475.0000000000001 5 0
487.5000000000001 5 0
500 5 0
512.5000000000001 5 0
525 5 0
537.5 5 0
550 5 0
562.5 5 0
575.0000000000001 5 0
587.5 5 0
600.0000000000001 5 0
612.5 5 0
625 5 0
637.5000000000001 5 0
650 5 0
662.5000000000001 5 0
675 5 0
687.5 5 0
700.0000000000001 5 0
712.5 5 0
725.0000000000001 5 0
737.5 5 0
750 5 0
762.5000000000001 5 0
775 5 0
787.5000000000001 5 0
800 5 0
812.5 5 0
825.0000000000001 5 0
837.5 5 0
850.0000000000001 5 0
862.5 5 0
875 5 0
887.5000000000001 5 0
900 5 0
912.5000000000001 5 0
925 5 0
937.5 5 0
950.0000000000001 5 0
962.5 5 0
975.0000000000001 5 0
987.5 5 0
12.5 7.499999999999999 0
25 7.5 0
37.50000000000001 7.5 0
49.99999999999999 7.500000000000001 0
62.5 7.5 0
75.00000000000001 7.499999999999999 0
87.50000000000003 7.5 0
99.99999999999999 7.5 0
112.5 7.500000000000001 0
125 7.5 0
137.5 7.499999999999999 0
150 7.5 0
162.5 7.5 0
175.0000000000001 7.500000000000001 0
187.5 7.5 0
200 7.499999999999999 0
212.5 7.5 0
225 7.5 0
237.5000000000001 7.500000000000001 0
250 7.5 0
262.4999999999999 7.499999999999999 0
274.9999999999999 7.5 0
287.5000000000001 7.500000000000001 0
300.0000000000001 7.500000000000001 0
312.5 7.5 0
324.9999999999999 7.499999999999999 0
337.4999999999999 7.5 0
350.0000000000001 7.500000000000001 0
362.5000000000001 7.5 0
375 7.5 0
387.5 7.5 0
399.9999999999999 7.5 0
412.5000000000001 7.500000000000001 0
425.0000000000001 7.5 0
437.5 7.5 0
450 7.5 0
462.4999999999999 7.5 0
475.0000000000001 7.500000000000001 0
487.5000000000001 7.5 0
500 7.5 0
512.5000000000002 7.5 0
524.9999999999999 7.5 0
537.5000000000001 7.5 0
549.9999999999999 7.5 0
562.5 7.5 0
575.0000000000002 7.5 0
587.4999999999999 7.5 0
600.0000000000001 7.5 0
612.4999999999999 7.5 0
625 7.5 0
637.5000000000002 7.5 0
649.9999999999999 7.5 0
662.5000000000001 7.5 0
674.9999999999999 7.5 0
687.5 7.5 0
700.0000000000002 7.5 0
712.5 7.5 0
725.0000000000001 7.5 0
737.4999999999999 7.5 0
750 7.5 0
762.5000000000002 7.5 0
775 7.5 0
787.5000000000001 7.5 0
799.9999999999999 7.5 0
812.5 7.5 0
825.0000000000002 7.5 0
837.5 7.5 0
850.0000000000001 7.5 0
862.4999999999999 7.5 0
875 7.5 0
887.5000000000002 7.5 0
900 7.5 0
912.5000000000001 7.5 0
924.9999999999999 7.499999999999999 0
937.5 7.5 0
950.0000000000002 7.5 0
962.5 7.5 0
975.0000000000001 7.5 0
987.4999999999999 7.499999999999999 0
6.249999999999999 2.5 0
12.5 1.25 0
6.25 1.25 0
18.75 2.5 0
25 1.25 0
18.75 1.25 0
31.25 2.5 0
37.50000000000001 1.25 0
31.25000000000001 1.25 0
43.75 2.5 0
50 1.25 0
43.75000000000001 1.25 0
56.25 2.5 0
62.5 1.25 0
56.25 1.25 0
68.75 2.5 0
75.00000000000001 1.25 0
68.75 1.25 0
81.25000000000003 2.5 0
87.50000000000003 1.25 0
81.25000000000003 1.25 0
93.75 2.5 0
100 1.25 0
93.75 1.25 0
106.25 2.5 0
112.5 1.25 0
106.25 1.25 0
118.75 2.5 0
125 1.25 0
118.75 1.25 0
131.25 2.5 0
137.5 1.25 0
131.25 1.25 0
143.75 2.5 0
150 1.25 0
143.75 1.25 0
156.25 2.5 0
162.5 1.25 0
156.25 1.25 0
168.75 2.5 0
175.0000000000001 1.25 0
168.75 1.25 0
181.25 2.5 0
187.5 1.25 0
181.25 1.25 0
193.75 2.5 0
200 1.25 0
193.75 1.25 0
206.25 2.5 0
212.5 1.25 0
206.25 1.25 0
218.75 2.5 0
225 1.25 0
218.75 1.25 0
231.25 2.5 0
237.5000000000001 1.25 0
231.2500000000001 1.25 0
243.75 2.5 0
250 1.25 0
243.75 1.25 0
256.25 2.5 0
262.5 1.25 0
256.25 1.25 0
268.75 2.5 0
275 1.25 0
268.75 1.25 0
281.2500000000001 2.5 0
287.5000000000001 1.25 0
281.25 1.25 0
293.7500000000001 2.5 0
300.0000000000001 1.25 0
293.7500000000001 1.25 0
306.25 2.5 0
312.5 1.25 0
306.25 1.25 0
318.75 2.5 0
325 1.25 0
318.75 1.25 0
331.25 2.5 0
337.5 1.25 0
331.25 1.25 0
343.75 2.5 0
350.0000000000001 1.25 0
343.7500000000001 1.25 0
356.2500000000001 2.5 0
362.5000000000001 1.25 0
356.2500000000001 1.25 0
368.75 2.5 0
375 1.25 0
368.75 1.25 0
381.25 2.5 0
387.5 1.25 0
381.25 1.25 0
393.75 2.5 0
400 1.25 0
393.75 1.25 0
406.25 2.5 0
412.5000000000001 1.25 0
406.2500000000001 1.25 0
418.7500000000001 2.5 0
425.0000000000001 1.25 0
418.7500000000001 1.25 0
431.25 2.5 0
437.5 1.25 0
431.25 1.25 0
443.75 2.5 0
450 1.25 0
443.75 1.25 0
456.25 2.5 0
462.5 1.25 0
456.25 1.25 0
468.75 2.5 0
475.0000000000001 1.25 0
468.7500000000001 1.25 0
481.2500000000001 2.5 0
487.5000000000001 1.25 0
481.2500000000001 1.25 0
493.75 2.5 0
500 1.25 0
493.75 1.25 0
506.2500000000001 2.5 0
512.5000000000002 1.25 0
506.2500000000001 1.25 0
518.7500000000001 2.5 0
525 1.25 0
518.75 1.25 0
531.25 2.5 0
537.5 1.25 0
531.25 1.25 0
543.75 2.5 0
550 1.25 0
543.75 1.25 0
556.25 2.5 0
562.5 1.25 0
556.25 1.25 0
568.7500000000001 2.5 0
575.0000000000002 1.25 0
568.75 1.25 0
581.2500000000001 2.5 0
587.5 1.25 0
581.25 1.25 0
593.75 2.5 0
600.0000000000001 1.25 0
593.75 1.25 0
606.25 2.5 0
612.5 1.25 0
606.25 1.25 0
618.75 2.5 0
625 1.25 0
618.75 1.25 0
631.2500000000001 2.5 0
637.5000000000002 1.25 0
631.25 1.25 0
643.7500000000001 2.5 0
650 1.25 0
643.75 1.25 0
656.25 2.5 0
662.5000000000001 1.25 0
656.25 1.25 0
668.75 2.5 0
675 1.25 0
668.75 1.25 0
681.25 2.5 0
687.5 1.25 0
681.25 1.25 0
693.7500000000001 2.5 0
700.0000000000002 1.25 0
693.7500000000002 1.25 0
706.2500000000001 2.5 0
712.5 1.25 0
706.25 1.25 0
718.75 2.5 0
725.0000000000001 1.25 0
718.75 1.25 0
731.25 2.5 0
737.5 1.25 0
731.25 1.25 0
743.75 2.5 0
750 1.25 0
743.75 1.25 0
756.2500000000001 2.5 0
762.5000000000002 1.25 0
756.2500000000002 1.25 0
768.7500000000001 2.5 0
775 1.25 0
768.75 1.25 0
781.25 2.5 0
787.5000000000001 1.25 0
781.25 1.25 0
793.75 2.5 0
800 1.25 0
793.75 1.25 0
806.25 2.5 0
812.5 1.25 0
806.25 1.25 0
818.7500000000001 2.5 0
825.0000000000002 1.25 0
818.7500000000002 1.25 0
831.2500000000001 2.5 0
837.5 1.25 0
831.25 1.25 0
843.75 2.5 0
850.0000000000001 1.25 0
843.75 1.25 0
856.25 2.5 0
862.5 1.25 0
856.25 1.25 0
868.75 2.5 0
875 1.25 0
868.75 1.25 0
881.2500000000001 2.5 0
887.5000000000002 1.25 0
881.2500000000002 1.25 0
893.7500000000001 2.5 0
900 1.25 0
893.75 1.25 0
906.25 2.5 0
912.5000000000001 1.25 0
906.25 1.25 0
918.75 2.5 0
925 1.25 0
918.75 1.25 0
931.25 2.5 0
937.5 1.25 0
931.25 1.25 0
943.7500000000001 2.5 0
950.0000000000002 1.25 0
943.7500000000002 1.25 0
956.2500000000001 2.5 0
962.5 1.25 0
956.25 1.25 0
968.75 2.5 0
975.0000000000001 1.25 0
968.75 1.25 0
981.25 2.5 0
987.5 1.25 0
981.25 1.25 0
993.75 2.5 0
993.75 1.25 0
6.25 5 0
12.5 3.75 0
6.25 3.75 0
18.75 5 0
25 3.75 0
18.75 3.75 0
31.25 5 0
37.50000000000001 3.75 0
31.25000000000001 3.75 0
43.75 5 0
50 3.75 0
43.75 3.75 0
56.25 5 0
62.5 3.75 0
56.25 3.75 0
68.75 5 0
75.00000000000001 3.75 0
68.75 3.75 0
81.25000000000001 5 0
87.50000000000003 3.75 0
81.25000000000001 3.75 0
93.75 5 0
100 3.75 0
93.75 3.75 0
106.25 5 0
112.5 3.75 0
106.25 3.75 0
118.75 5 0
125 3.75 0
118.75 3.75 0
131.25 5 0
137.5 3.75 0
131.25 3.75 0
143.75 5 0
150 3.75 0
143.75 3.75 0
156.25 5 0
162.5 3.75 0
156.25 3.75 0
168.75 5 0
175.0000000000001 3.75 0
168.7500000000001 3.75 0
181.25 5 0
187.5 3.75 0
181.25 3.75 0
193.75 5 0
200 3.75 0
193.75 3.75 0
206.25 5 0
212.5 3.75 0
206.25 3.75 0
218.75 5 0
225 3.75 0
218.75 3.75 0
231.25 5 0
237.5000000000001 3.75 0
231.2500000000001 3.75 0
243.75 5 0
250 3.75 0
243.75 3.75 0
256.25 5 0
262.5 3.75 0
256.25 3.75 0
268.75 5 0
275 3.75 0
268.75 3.75 0
281.25 5 0
287.5000000000001 3.75 0
281.2500000000001 3.75 0
293.7500000000001 5 0
300.0000000000001 3.75 0
293.7500000000001 3.75 0
306.25 5 0
312.5 3.75 0
306.25 3.75 0
318.75 5 0
325 3.75 0
318.75 3.75 0
331.25 5 0
337.5 3.75 0
331.25 3.75 0
343.75 5 0
350.0000000000001 3.75 0
343.7500000000001 3.75 0
356.2500000000001 5 0
362.5000000000001 3.75 0
356.2500000000001 3.75 0
368.75 5 0
375 3.75 0
368.75 3.75 0
381.25 5 0
387.5 3.75 0
381.25 3.75 0
393.75 5 0
400 3.75 0
393.75 3.75 0
406.25 5 0
412.5000000000001 3.75 0
406.2500000000001 3.75 0
418.7500000000001 5 0
425.0000000000001 3.75 0
418.7500000000001 3.75 0
431.25 5 0
437.5 3.75 0
431.25 3.75 0
443.75 5 0
450 3.75 0
443.75 3.75 0
456.25 5 0
462.5 3.75 0
456.25 3.75 0
468.75 5 0
475.0000000000001 3.75 0
468.7500000000001 3.75 0
481.2500000000001 5 0
487.5000000000001 3.75 0
481.2500000000001 3.75 0
493.75 5 0
500 3.75 0
493.75 3.75 0
506.2500000000001 5 0
512.5000000000002 3.75 0
506.2500000000001 3.75 0
518.75 5 0
525 3.75 0
518.75 3.75 0
531.25 5 0
537.5 3.75 0
531.25 3.75 0
543.75 5 0
550 3.75 0
543.75 3.75 0
556.25 5 0
562.5 3.75 0
556.25 3.75 0
568.75 5 0
575.0000000000002 3.75 0
568.7500000000002 3.75 0
581.25 5 0
587.5 3.75 0
581.25 3.75 0
593.75 5 0
600.0000000000001 3.75 0
593.75 3.75 0
606.25 5 0
612.5 3.75 0
606.25 3.75 0
618.75 5 0
625 3.75 0
618.75 3.75 0
631.25 5 0
637.5000000000002 3.75 0
631.2500000000002 3.75 0
643.75 5 0
650 3.75 0
643.75 3.75 0
656.25 5 0
662.5000000000001 3.75 0
656.25 3.75 0
668.75 5 0
675 3.75 0
668.75 3.75 0
681.25 5 0
687.5 3.75 0
681.25 3.75 0
693.75 5 0
700.0000000000002 3.75 0
693.7500000000002 3.75 0
706.25 5 0
712.5 3.75 0
706.25 3.75 0
718.75 5 0
725.0000000000001 3.75 0
718.75 3.75 0
731.25 5 0
737.5 3.75 0
731.25 3.75 0
743.75 5 0
750 3.75 0
743.75 3.75 0
756.25 5 0
762.5000000000002 3.75 0
756.2500000000002 3.75 0
768.75 5 0
775 3.75 0
768.75 3.75 0
781.25 5 0
787.5000000000001 3.75 0
781.25 3.75 0
793.75 5 0
800 3.75 0
793.75 3.75 0
806.25 5 0
812.5 3.75 0
806.25 3.75 0
818.75 5 0
825.0000000000002 3.75 0
818.7500000000002 3.75 0
831.25 5 0
837.5 3.75 0
831.25 3.75 0
843.75 5 0
850.0000000000001 3.75 0
843.75 3.75 0
856.25 5 0
862.5 3.75 0
856.25 3.75 0
868.75 5 0
875 3.75 0
868.75 3.75 0
881.25 5 0
887.5000000000002 3.75 0
881.2500000000002 3.75 0
893.75 5 0
900 3.75 0
893.75 3.75 0
906.25 5 0
912.5000000000001 3.75 0
906.25 3.75 0
918.75 5 0
925 3.75 0
918.75 3.75 0
931.25 5 0
937.5 3.75 0
931.25 3.75 0
943.75 5 0
950.0000000000002 3.75 0
943.7500000000002 3.75 0
956.25 5 0
962.5 3.75 0
956.25 3.75 0
968.75 5 0
975.0000000000001 3.75 0
968.75 3.75 0
981.25 5 0
987.5 3.75 0
981.25 3.75 0
993.75 5 0
993.75 3.75 0
6.249999999999999 7.5 0
12.5 6.25 0
6.25 6.25 0
18.75 7.5 0
25 6.25 0
18.75 6.25 0
31.25 7.5 0
37.50000000000001 6.25 0
31.25000000000001 6.25 0
43.75 7.5 0
50 6.25 0
43.75 6.25 0
56.25 7.5 0
62.5 6.25 0
56.25 6.25 0
68.75 7.5 0
75.00000000000001 6.25 0
68.75 6.25 0
81.25000000000003 7.5 0
87.50000000000003 6.25 0
81.25000000000003 6.25 0
93.75 7.5 0
100 6.25 0
93.75 6.25 0
106.25 7.5 0
112.5 6.25 0
106.25 6.25 0
118.75 7.5 0
125 6.25 0
118.75 6.25 0
131.25 7.5 0
137.5 6.25 0
131.25 6.25 0
143.75 7.5 0
150 6.25 0
143.75 6.25 0
156.25 7.5 0
162.5 6.25 0
156.25 6.25 0
168.75 7.5 0
175.0000000000001 6.25 0
168.75 6.25 0
181.25 7.5 0
187.5 6.25 0
181.25 6.25 0
193.75 7.5 0
200 6.25 0
193.75 6.25 0
206.25 7.5 0
212.5 6.25 0
206.25 6.25 0
218.75 7.5 0
225 6.25 0
218.75 6.25 0
231.25 7.5 0
237.5000000000001 6.25 0
231.2500000000001 6.25 0
243.75 7.5 0
250 6.25 0
243.75 6.25 0
256.25 7.5 0
262.5 6.25 0
256.25 6.25 0
268.7499999999999 7.5 0
275 6.25 0
268.75 6.25 0
281.25 7.5 0
287.5000000000001 6.25 0
281.25 6.25 0
293.7500000000001 7.500000000000001 0
300.0000000000001 6.25 0
293.7500000000001 6.25 0
306.25 7.5 0
312.5 6.25 0
306.25 6.25 0
318.75 7.5 0
325 6.25 0
318.75 6.25 0
331.2499999999999 7.5 0
337.5 6.25 0
331.25 6.25 0
343.75 7.5 0
350.0000000000001 6.25 0
343.7500000000001 6.25 0
356.2500000000001 7.5 0
362.5000000000001 6.25 0
356.2500000000001 6.25 0
368.75 7.5 0
375 6.25 0
368.75 6.25 0
381.25 7.5 0
387.5 6.25 0
381.25 6.25 0
393.75 7.5 0
400 6.25 0
393.75 6.25 0
406.25 7.5 0
412.5000000000001 6.25 0
406.2500000000001 6.25 0
418.7500000000001 7.5 0
425.0000000000001 6.25 0
418.7500000000001 6.25 0
431.25 7.5 0
437.5 6.25 0
431.25 6.25 0
443.75 7.5 0
450 6.25 0
443.75 6.25 0
456.25 7.5 0
462.5 6.25 0
456.25 6.25 0
468.75 7.5 0
475.0000000000001 6.25 0
468.7500000000001 6.25 0
481.2500000000001 7.5 0
487.5000000000001 6.25 0
481.2500000000001 6.25 0
493.75 7.5 0
500 6.25 0
493.75 6.25 0
506.2500000000001 7.5 0
512.5000000000002 6.25 0
506.2500000000001 6.25 0
518.75 7.5 0
525 6.25 0
518.75 6.25 0
531.25 7.5 0
537.5 6.25 0
531.25 6.25 0
543.75 7.5 0
550 6.25 0
543.75 6.25 0
556.25 7.5 0
562.5 6.25 0
556.25 6.25 0
568.7500000000001 7.5 0
575.0000000000002 6.25 0
568.75 6.25 0
581.25 7.5 0
587.5 6.25 0
581.25 6.25 0
593.75 7.5 0
600.0000000000001 6.25 0
593.75 6.25 0
606.25 7.5 0
612.5 6.25 0
606.25 6.25 0
618.75 7.5 0
625 6.25 0
618.75 6.25 0
631.2500000000001 7.5 0
637.5000000000002 6.25 0
631.25 6.25 0
643.75 7.5 0
650 6.25 0
643.75 6.25 0
656.25 7.5 0
662.5000000000001 6.25 0
656.25 6.25 0
668.75 7.5 0
675 6.25 0
668.75 6.25 0
681.25 7.5 0
687.5 6.25 0
681.25 6.25 0
693.7500000000001 7.5 0
700.0000000000002 6.25 0
693.7500000000002 6.25 0
706.2500000000001 7.5 0
712.5 6.25 0
706.25 6.25 0
718.75 7.5 0
725.0000000000001 6.25 0
718.75 6.25 0
731.25 7.5 0
737.5 6.25 0
731.25 6.25 0
743.75 7.5 0
750 6.25 0
743.75 6.25 0
756.2500000000001 7.5 0
762.5000000000002 6.25 0
756.2500000000002 6.25 0
768.7500000000001 7.5 0
775 6.25 0
768.75 6.25 0
781.25 7.5 0
787.5000000000001 6.25 0
781.25 6.25 0
793.75 7.5 0
800 6.25 0
793.75 6.25 0
806.25 7.5 0
812.5 6.25 0
806.25 6.25 0
818.7500000000001 7.5 0
825.0000000000002 6.25 0
818.7500000000002 6.25 0
831.2500000000001 7.5 0
837.5 6.25 0
831.25 6.25 0
843.75 7.5 0
850.0000000000001 6.25 0
843.75 6.25 0
856.25 7.5 0
862.5 6.25 0
856.25 6.25 0
868.75 7.5 0
875 6.25 0
868.75 6.25 0
881.2500000000001 7.5 0
887.5000000000002 6.25 0
881.2500000000002 6.25 0
893.7500000000001 7.5 0
900 6.25 0
893.75 6.25 0
906.25 7.5 0
912.5000000000001 6.25 0
906.25 6.25 0
918.75 7.5 0
925 6.25 0
918.75 6.25 0
931.25 7.5 0
937.5 6.25 0
931.25 6.25 0
943.7500000000001 7.5 0
950.0000000000002 6.25 0
943.7500000000002 6.25 0
956.2500000000001 7.5 0
962.5 6.25 0
956.25 6.25 0
968.75 7.5 0
975.0000000000001 6.25 0
968.75 6.25 0
981.25 7.5 0
987.5 6.25 0
981.25 6.25 0
993.75 7.5 0
993.75 6.25 0
12.5 8.75 0
6.25 8.75 0
25 8.75 0
18.75 8.75 0
37.50000000000001 8.75 0
31.25000000000001 8.75 0
50 8.75 0
43.75000000000001 8.75 0
62.5 8.75 0
56.25 8.75 0
75.00000000000001 8.75 0
68.75 8.75 0
87.50000000000003 8.75 0
81.25000000000001 8.75 0
100 8.75 0
93.75 8.75 0
112.5 8.75 0
106.25 8.75 0
125 8.75 0
118.75 8.75 0
137.5 8.75 0
131.25 8.75 0
150 8.75 0
143.75 8.75 0
162.5 8.75 0
156.25 8.75 0
175.0000000000001 8.75 0
168.75 8.75 0
187.5 8.75 0
181.25 8.75 0
200 8.75 0
193.75 8.75 0
212.5 8.75 0
206.25 8.75 0
225 8.75 0
218.75 8.75 0
237.5000000000001 8.75 0
231.2500000000001 8.75 0
250 8.75 0
243.75 8.75 0
262.5 8.75 0
256.25 8.75 0
275 8.75 0
268.75 8.75 0
287.5000000000001 8.75 0
281.2500000000001 8.75 0
300.0000000000001 8.75 0
293.7500000000001 8.75 0
312.5 8.75 0
306.25 8.75 0
325 8.75 0
318.75 8.75 0
337.5 8.75 0
331.25 8.75 0
350.0000000000001 8.75 0
343.7500000000001 8.75 0
362.5000000000001 8.75 0
356.2500000000001 8.75 0
375 8.75 0
368.75 8.75 0
387.5 8.75 0
381.25 8.75 0
400 8.75 0
393.75 8.75 0
412.5000000000001 8.75 0
406.2500000000001 8.75 0
425.0000000000001 8.75 0
418.7500000000001 8.75 0
437.5 8.75 0
431.25 8.75 0
450 8.75 0
443.75 8.75 0
462.5 8.75 0
456.25 8.75 0
475.0000000000001 8.75 0
468.7500000000001 8.75 0
487.5000000000001 8.75 0
481.2500000000001 8.75 0
500 8.75 0
493.75 8.75 0
512.5000000000002 8.75 0
506.2500000000001 8.75 0
525 8.75 0
518.75 8.75 0
537.5 8.75 0
531.25 8.75 0
550 8.75 0
543.75 8.75 0
562.5 8.75 0
556.25 8.75 0
575.0000000000002 8.75 0
568.7500000000002 8.75 0
587.5 8.75 0
581.25 8.75 0
600.0000000000001 8.75 0
593.75 8.75 0
612.5 8.75 0
606.25 8.75 0
625 8.75 0
618.75 8.75 0
637.5000000000002 8.75 0
631.2500000000002 8.75 0
650 8.75 0
643.75 8.75 0
662.5000000000001 8.75 0
656.25 8.75 0
675 8.75 0
668.75 8.75 0
687.5 8.75 0
681.25 8.75 0
700.0000000000002 8.75 0
693.7500000000002 8.75 0
712.5 8.75 0
706.25 8.75 0
725.0000000000001 8.75 0
718.75 8.75 0
737.5 8.75 0
731.25 8.75 0
750 8.75 0
743.75 8.75 0
762.5000000000002 8.75 0
756.2500000000002 8.75 0
775 8.75 0
768.75 8.75 0
787.5000000000001 8.75 0
781.25 8.75 0
800 8.75 0
793.75 8.75 0
812.5 8.75 0
806.25 8.75 0
825.0000000000002 8.75 0
818.7500000000002 8.75 0
837.5 8.75 0
831.25 8.75 0
850.0000000000001 8.75 0
843.75 8.75 0
862.5 8.75 0
856.25 8.75 0
875 8.75 0
868.75 8.75 0
887.5000000000002 8.75 0
881.2500000000002 8.75 0
900 8.75 0
893.75 8.75 0
912.5000000000001 8.75 0
906.25 8.75 0
925 8.75 0
918.75 8.75 0
937.5 8.75 0
931.25 8.75 0
950.0000000000002 8.75 0
943.7500000000002 8.75 0
962.5 8.75 0
956.25 8.75 0
975.0000000000001 8.75 0
968.75 8.75 0
987.5 8.75 0
981.25 8.75 0
993.75 8.75 0
2 6 0 1113
2794
2795
2796
2797
2798
2799
2800
2801
2802
2803
2804
2805
2806
2807
2808
2809
2810
2811
2812
2813
2814
2815
2816
2817
2818
2819
2820
2821
2822
2823
2824
2825
2826
2827
2828
2829
2830
2831
2832
2833
2834
2835
2836
2837
2838
2839
2840
2841
2842
2843
2844
2845
2846
2847
2848
2849
2850
2851
2852
2853
2854
2855
2856
2857
2858
2859
2860
2861
2862
2863
2864
2865
2866
2867
2868
2869
2870
2871
2872
2873
2874
2875
2876
2877
2878
2879
2880
2881
2882
2883
2884
2885
2886
2887
2888
2889
2890
2891
2892
2893
2894
2895
2896
2897
2898
2899
2900
2901
2902
2903
2904
2905
2906
2907
2908
2909
2910
2911
2912
2913
2914
2915
2916
2917
2918
2919
2920
2921
2922
2923
2924
2925
2926
2927
2928
2929
2930
2931
2932
2933
2934
2935
2936
2937
2938
2939
2940
2941
2942
2943
2944
2945
2946
2947
2948
2949
2950
2951
2952
2953
2954
2955
2956
2957
2958
2959
2960
2961
2962
2963
2964
2965
2966
2967
2968
2969
2970
2971
2972
2973
2974
2975
2976
2977
2978
2979
2980
2981
2982
2983
2984
2985
2986
2987
2988
2989
2990
2991
2992
2993
2994
2995
2996
2997
2998
2999
3000
3001
3002
3003
3004
3005
3006
3007
3008
3009
3010
3011
3012
3013
3014
3015
3016
3017
3018
3019
3020
3021
3022
3023
3024
3025
3026
3027
3028
3029
3030
3031
3032
3033
3034
3035
3036
3037
3038
3039
3040
3041
3042
3043
3044
3045
3046
3047
3048
3049
3050
3051
3052
3053
3054
3055
3056
3057
3058
3059
3060
3061
3062
3063
3064
3065
3066
3067
3068
3069
3070
3071
3072
3073
3074
3075
3076
3077
3078
3079
3080
3081
3082
3083
3084
3085
3086
3087
3088
3089
3090
3091
3092
3093
3094
3095
3096
3097
3098
3099
3100
3101
3102
3103
3104
3105
3106
3107
3108
3109
3110
3111
3112
3113
3114
3115
3116
3117
3118
3119
3120
3121
3122
3123
3124
3125
3126
3127
3128
3129
3130
3131
3132
3133
3134
3135
3136
3137
3138
3139
3140
3141
3142
3143
3144
3145
3146
3147
3148
3149
3150
3151
3152
3153
3154
3155
3156
3157
3158
3159
3160
3161
3162
3163
3164
3165
3166
3167
3168
3169
3170
3171
3172
3173
3174
3175
3176
3177
3178
3179
3180
3181
3182
3183
3184
3185
3186
3187
3188
3189
3190
3191
3192
3193
3194
3195
3196
3197
3198
3199
3200
3201
3202
3203
3204
3205
3206
3207
3208
3209
3210
3211
3212
3213
3214
3215
3216
3217
3218
3219
3220
3221
3222
3223
3224
3225
3226
3227
3228
3229
3230
3231
3232
3233
3234
3235
3236
3237
3238
3239
3240
3241
3242
3243
3244
3245
3246
3247
3248
3249
3250
3251
3252
3253
3254
3255
3256
3257
3258
3259
3260
3261
3262
3263
3264
3265
3266
3267
3268
3269
3270
3271
3272
3273
3274
3275
3276
3277
3278
3279
3280
3281
3282
3283
3284
3285
3286
3287
3288
3289
3290
3291
3292
3293
3294
3295
3296
3297
3298
3299
3300
3301
3302
3303
3304
3305
3306
3307
3308
3309
3310
3311
3312
3313
3314
3315
3316
3317
3318
3319
3320
3321
3322
3323
3324
3325
3326
3327
3328
3329
3330
3331
3332
3333
3334
3335
3336
3337
3338
3339
3340
3341
3342
3343
3344
3345
3346
3347
3348
3349
3350
3351
3352
3353
3354
3355
3356
3357
3358
3359
3360
3361
3362
3363
3364
3365
3366
3367
3368
3369
3370
3371
3372
3373
3374
3375
3376
3377
3378
3379
3380
3381
3382
3383
3384
3385
3386
3387
3388
3389
3390
3391
3392
3393
3394
3395
3396
3397
3398
3399
3400
3401
3402
3403
3404
3405
3406
3407
3408
3409
3410
3411
3412
3413
3414
3415
3416
3417
3418
3419
3420
3421
3422
3423
3424
3425
3426
3427
3428
3429
3430
3431
3432
3433
3434
3435
3436
3437
3438
3439
3440
3441
3442
3443
3444
3445
3446
3447
3448
3449
3450
3451
3452
3453
3454
3455
3456
3457
3458
3459
3460
3461
3462
3463
3464
3465
3466
3467
3468
3469
3470
3471
3472
3473
3474
3475
3476
3477
3478
3479
3480
3481
3482
3483
3484
3485
3486
3487
3488
3489
3490
3491
3492
3493
3494
3495
3496
3497
3498
3499
3500
3501
3502
3503
3504
3505
3506
3507
3508
3509
3510
3511
3512
3513
3514
3515
3516
3517
3518
3519
3520
3521
3522
3523
3524
3525
3526
3527
3528
3529
3530
3531
3532
3533
3534
3535
3536
3537
3538
3539
3540
3541
3542
3543
3544
3545
3546
3547
3548
3549
3550
3551
3552
3553
3554
3555
3556
3557
3558
3559
3560
3561
3562
3563
3564
3565
3566
3567
3568
3569
3570
3571
3572
3573
3574
3575
3576
3577
3578
3579
3580
3581
3582
3583
3584
3585
3586
3587
3588
3589
3590
3591
3592
3593
3594
3595
3596
3597
3598
3599
3600
3601
3602
3603
3604
3605
3606
3607
3608
3609
3610
3611
3612
3613
3614
3615
3616
3617
3618
3619
3620
3621
3622
3623
3624
3625
3626
3627
3628
3629
3630
3631
3632
3633
3634
3635
3636
3637
3638
3639
3640
3641
3642
3643
3644
3645
3646
3647
3648
3649
3650
3651
3652
3653
3654
3655
3656
3657
3658
3659
3660
3661
3662
3663
3664
3665
3666
3667
3668
3669
3670
3671
3672
3673
3674
3675
3676
3677
3678
3679
3680
3681
3682
3683
3684
3685
3686
3687
3688
3689
3690
3691
3692
3693
3694
3695
3696
3697
3698
3699
3700
3701
3702
3703
3704
3705
3706
3707
3708
3709
3710
3711
3712
3713
3714
3715
3716
3717
3718
3719
3720
3721
3722
3723
3724
3725
3726
3727
3728
3729
3730
3731
3732
3733
3734
3735
3736
3737
3738
3739
3740
3741
3742
3743
3744
3745
3746
3747
3748
3749
3750
3751
3752
3753
3754
3755
3756
3757
3758
3759
3760
3761
3762
3763
3764
3765
3766
3767
3768
3769
3770
3771
3772
3773
3774
3775
3776
3777
3778
3779
3780
3781
3782
3783
3784
3785
3786
3787
3788
3789
3790
3791
3792
3793
3794
3795
3796
3797
3798
3799
3800
3801
3802
3803
3804
3805
3806
3807
3808
3809
3810
3811
3812
3813
3814
3815
3816
3817
3818
3819
3820
3821
3822
3823
3824
3825
3826
3827
3828
3829
3830
3831
3832
3833
3834
3835
3836
3837
3838
3839
3840
3841
3842
3843
3844
3845
3846
3847
3848
3849
3850
3851
3852
3853
3854
3855
3856
3857
3858
3859
3860
3861
3862
3863
3864
3865
3866
3867
3868
3869
3870
3871
3872
3873
3874
3875
3876
3877
3878
3879
3880
3881
3882
3883
3884
3885
3886
3887
3888
3889
3890
3891
3892
3893
3894
3895
3896
3897
3898
3899
3900
3901
3902
3903
3904
3905
3906
12.5 2.5 24
25 2.5 24
37.50000000000001 2.5 24
49.99999999999999 2.5 24
62.5 2.5 24
75.00000000000001 2.5 24
87.50000000000003 2.5 24
99.99999999999999 2.5 24
112.5 2.5 24
125 2.5 24
137.5 2.5 24
150 2.5 24
162.5 2.5 24
175.0000000000001 2.5 24
187.5 2.5 24
200 2.5 24
212.5 2.5 24
225 2.5 24
237.5000000000001 2.5 24
250 2.5 24
262.5 2.5 24
275 2.5 24
287.5000000000001 2.5 24
300.0000000000001 2.5 24
312.5 2.5 24
325 2.5 24
337.4999999999999 2.5 24
350.0000000000001 2.5 24
362.5000000000001 2.5 24
375 2.5 24
387.5 2.5 24
399.9999999999999 2.5 24
412.5000000000001 2.5 24
425.0000000000001 2.5 24
437.5 2.5 24
450 2.5 24
462.4999999999999 2.5 24
475.0000000000001 2.5 24
487.5000000000001 2.5 24
500 2.5 24
512.5000000000002 2.5 24
525 2.5 24
537.5 2.5 24
550 2.5 24
562.5 2.5 24
575.0000000000002 2.5 24
587.5 2.5 24
600.0000000000001 2.5 24
612.5 2.5 24
625 2.5 24
637.5000000000002 2.5 24
650 2.5 24
662.5000000000001 2.5 24
674.9999999999999 2.5 24
687.5 2.5 24
700.0000000000002 2.5 24
712.5 2.5 24
725.0000000000001 2.5 24
737.4999999999999 2.5 24
750 2.5 24
762.5000000000002 2.5 24
775 2.5 24
787.5000000000001 2.5 24
799.9999999999999 2.5 24
812.5 2.5 24
825.0000000000002 2.5 24
837.5 2.5 24
850.0000000000001 2.5 24
862.4999999999999 2.5 24
875 2.5 24
887.5000000000002 2.5 24
900 2.5 24
912.5000000000001 2.5 24
924.9999999999999 2.5 24
937.5 2.5 24
950.0000000000002 2.5 24
962.5 2.5 24
975.0000000000001 2.5 24
987.4999999999999 2.5 24
12.5 5 24
25 5 24
37.50000000000001 5 24
50 5 24
62.5 5 24
75.00000000000001 5 24
87.50000000000001 5 24
100 5 24
112.5 5 24
125 5 24
137.5 5 24
150 5 24
162.5 5 24
175 5 24
187.5 5 24
200 5 24
212.5 5 24
225 5 24
237.5 5 24
250 5 24
262.5 5 24
275 5 24
287.5000000000001 5 24
300.0000000000001 5 24
312.5 5 24
325 5 24
337.5 5 24
350.0000000000001 5 24
362.5000000000001 5 24
375 5 24
387.5 5 24
400 5 24
412.5000000000001 5 24
425.0000000000001 5 24
437.5 5 24
450 5 24
462.5 5 24
475.0000000000001 5 24
487.5000000000001 5 24
500 5 24
512.5000000000001 5 24
525 5 24
537.5 5 24
550 5 24
562.5 5 24
575.0000000000001 5 24
587.5 5 24
600.0000000000001 5 24
612.5 5 24
625 5 24
637.5000000000001 5 24
650 5 24
662.5000000000001 5 24
675 5 24
687.5 5 24
700.0000000000001 5 24
712.5 5 24
725.0000000000001 5 24
737.5 5 24
750 5 24
762.5000000000001 5 24
775 5 24
787.5000000000001 5 24
800 5 24
812.5 5 24
825.0000000000001 5 24
837.5 5 24
850.0000000000001 5 24
862.5 5 24
875 5 24
887.5000000000001 5 24
900 5 24
912.5000000000001 5 24
925 5 24
937.5 5 24
950.0000000000001 5 24
962.5 5 24
975.0000000000001 5 24
987.5 5 24
12.5 7.499999999999999 24
25 7.5 24
37.50000000000001 7.5 24
49.99999999999999 7.500000000000001 24
62.5 7.5 24
75.00000000000001 7.499999999999999 24
87.50000000000003 7.5 24
99.99999999999999 7.5 24
112.5 7.500000000000001 24
125 7.5 24
137.5 7.499999999999999 24
150 7.5 24
162.5 7.5 24
175.0000000000001 7.500000000000001 24
187.5 7.5 24
200 7.499999999999999 24
212.5 7.5 24
225 7.5 24
237.5000000000001 7.500000000000001 24
250 7.5 24
262.4999999999999 7.499999999999999 24
274.9999999999999 7.5 24
287.5000000000001 7.500000000000001 24
300.0000000000001 7.500000000000001 24
312.5 7.5 24
324.9999999999999 7.499999999999999 24
337.4999999999999 7.5 24
350.0000000000001 7.500000000000001 24
362.5000000000001 7.5 24
375 7.5 24
387.5 7.5 24
399.9999999999999 7.5 24
412.5000000000001 7.500000000000001 24
425.0000000000001 7.5 24
437.5 7.5 24
450 7.5 24
462.4999999999999 7.5 24
475.0000000000001 7.500000000000001 24
487.5000000000001 7.5 24
500 7.5 24
512.5000000000002 7.5 24
524.9999999999999 7.5 24
537.5000000000001 7.5 24
549.9999999999999 7.5 24
562.5 7.5 24
575.0000000000002 7.5 24
587.4999999999999 7.5 24
600.0000000000001 7.5 24
612.4999999999999 7.5 24
625 7.5 24
637.5000000000002 7.5 24
649.9999999999999 7.5 24
662.5000000000001 7.5 24
674.9999999999999 7.5 24
687.5 7.5 24
700.0000000000002 7.5 24
712.5 7.5 24
725.0000000000001 7.5 24
737.4999999999999 7.5 24
750 7.5 24
762.5000000000002 7.5 24
775 7.5 24
787.5000000000001 7.5 24
799.9999999999999 7.5 24
812.5 7.5 24
825.0000000000002 7.5 24
837.5 7.5 24
850.0000000000001 7.5 24
862.4999999999999 7.5 24
875 7.5 24
887.5000000000002 7.5 24
900 7.5 24
912.5000000000001 7.5 24
924.9999999999999 7.499999999999999 24
937.5 7.5 24
950.0000000000002 7.5 24
962.5 7.5 24
975.0000000000001 7.5 24
987.4999999999999 7.499999999999999 24
12.5 1.25 24
6.249999999999999 2.5 24
6.25 1.25 24
25 1.25 24
18.75 2.5 24
18.75 1.25 24
37.50000000000001 1.25 24
31.25 2.5 24
31.25 1.25 24
50 1.25 24
43.75 2.5 24
43.75000000000001 1.25 24
62.5 1.25 24
56.25 2.5 24
56.25 1.25 24
75.00000000000001 1.25 24
68.75 2.5 24
68.75 1.25 24
87.50000000000003 1.25 24
81.25000000000003 2.5 24
81.25000000000003 1.25 24
100 1.25 24
93.75 2.5 24
93.75000000000001 1.25 24
112.5 1.25 24
106.25 2.5 24
106.25 1.25 24
125 1.25 24
118.75 2.5 24
118.75 1.25 24
137.5 1.25 24
131.25 2.5 24
131.25 1.25 24
150 1.25 24
143.75 2.5 24
143.75 1.25 24
162.5 1.25 24
156.25 2.5 24
156.25 1.25 24
175.0000000000001 1.25 24
168.75 2.5 24
168.7500000000001 1.25 24
187.5 1.25 24
181.25 2.5 24
181.2500000000001 1.25 24
200 1.25 24
193.75 2.5 24
193.75 1.25 24
212.5 1.25 24
206.25 2.5 24
206.25 1.25 24
225 1.25 24
218.75 2.5 24
218.75 1.25 24
237.5000000000001 1.25 24
231.25 2.5 24
231.2500000000001 1.25 24
250 1.25 24
243.75 2.5 24
243.7500000000001 1.25 24
262.5 1.25 24
256.25 2.5 24
256.25 1.25 24
275 1.25 24
268.75 2.5 24
268.75 1.25 24
287.5000000000001 1.25 24
281.2500000000001 2.5 24
281.2500000000001 1.25 24
300.0000000000001 1.25 24
293.7500000000001 2.5 24
293.7500000000001 1.25 24
312.5 1.25 24
306.25 2.5 24
306.25 1.25 24
325 1.25 24
318.75 2.5 24
318.75 1.25 24
337.5 1.25 24
331.25 2.5 24
331.25 1.25 24
350.0000000000001 1.25 24
343.75 2.5 24
343.7500000000001 1.25 24
362.5000000000001 1.25 24
356.2500000000001 2.5 24
356.2500000000001 1.25 24
375 1.25 24
368.75 2.5 24
368.75 1.25 24
387.5 1.25 24
381.25 2.5 24
381.25 1.25 24
400 1.25 24
393.75 2.5 24
393.75 1.25 24
412.5000000000001 1.25 24
406.25 2.5 24
406.2500000000001 1.25 24
425.0000000000001 1.25 24
418.7500000000001 2.5 24
418.7500000000001 1.25 24
437.5 1.25 24
431.25 2.5 24
431.25 1.25 24
450 1.25 24
443.75 2.5 24
443.75 1.25 24
462.5 1.25 24
456.25 2.5 24
456.25 1.25 24
475.0000000000001 1.25 24
468.75 2.5 24
468.7500000000001 1.25 24
487.5000000000001 1.25 24
481.2500000000001 2.5 24
481.2500000000001 1.25 24
500 1.25 24
493.75 2.5 24
493.75 1.25 24
512.5000000000002 1.25 24
506.2500000000001 2.5 24
506.2500000000001 1.25 24
525 1.25 24
518.7500000000001 2.5 24
518.7500000000002 1.25 24
537.5 1.25 24
531.25 2.5 24
531.25 1.25 24
550 1.25 24
543.75 2.5 24
543.75 1.25 24
562.5 1.25 24
556.25 2.5 24
556.25 1.25 24
575.0000000000002 1.25 24
568.7500000000001 2.5 24
568.7500000000002 1.25 24
587.5 1.25 24
581.2500000000001 2.5 24
581.2500000000002 1.25 24
600.0000000000001 1.25 24
593.75 2.5 24
593.75 1.25 24
612.5 1.25 24
606.25 2.5 24
606.25 1.25 24
625 1.25 24
618.75 2.5 24
618.75 1.25 24
637.5000000000002 1.25 24
631.2500000000001 2.5 24
631.2500000000002 1.25 24
650 1.25 24
643.7500000000001 2.5 24
643.7500000000002 1.25 24
662.5000000000001 1.25 24
656.25 2.5 24
656.25 1.25 24
675 1.25 24
668.75 2.5 24
668.75 1.25 24
687.5 1.25 24
681.25 2.5 24
681.25 1.25 24
700.0000000000002 1.25 24
693.7500000000001 2.5 24
693.7500000000002 1.25 24
712.5 1.25 24
706.2500000000001 2.5 24
706.2500000000002 1.25 24
725.0000000000001 1.25 24
718.75 2.5 24
718.75 1.25 24
737.5 1.25 24
731.25 2.5 24
731.25 1.25 24
750 1.25 24
743.75 2.5 24
743.75 1.25 24
762.5000000000002 1.25 24
756.2500000000001 2.5 24
756.2500000000002 1.25 24
775 1.25 24
768.7500000000001 2.5 24
768.7500000000002 1.25 24
787.5000000000001 1.25 24
781.25 2.5 24
781.25 1.25 24
800 1.25 24
793.75 2.5 24
793.75 1.25 24
812.5 1.25 24
806.25 2.5 24
806.25 1.25 24
825.0000000000002 1.25 24
818.7500000000001 2.5 24
818.7500000000002 1.25 24
837.5 1.25 24
831.2500000000001 2.5 24
831.2500000000002 1.25 24
850.0000000000001 1.25 24
843.75 2.5 24
843.75 1.25 24
862.5 1.25 24
856.25 2.5 24
856.25 1.25 24
875 1.25 24
868.75 2.5 24
868.75 1.25 24
887.5000000000002 1.25 24
881.2500000000001 2.5 24
881.2500000000002 1.25 24
900 1.25 24
893.7500000000001 2.5 24
893.7500000000002 1.25 24
912.5000000000001 1.25 24
906.25 2.5 24
906.25 1.25 24
925 1.25 24
918.75 2.5 24
918.75 1.25 24
937.5 1.25 24
931.25 2.5 24
931.25 1.25 24
950.0000000000002 1.25 24
943.7500000000001 2.5 24
943.7500000000002 1.25 24
962.5 1.25 24
956.2500000000001 2.5 24
956.2500000000002 1.25 24
975.0000000000001 1.25 24
968.75 2.5 24
968.75 1.25 24
987.5 1.25 24
981.25 2.5 24
981.25 1.25 24
993.75 2.5 24
993.75 1.25 24
12.5 3.75 24
6.25 5 24
6.25 3.75 24
25 3.75 24
18.75 5 24
18.75 3.75 24
37.50000000000001 3.75 24
31.25 5 24
31.25000000000001 3.75 24
50 3.75 24
43.75 5 24
43.75 3.75 24
62.5 3.75 24
56.25 5 24
56.25 3.75 24
75.00000000000001 3.75 24
68.75 5 24
68.75 3.75 24
87.50000000000003 3.75 24
81.25000000000001 5 24
81.25000000000003 3.75 24
100 3.75 24
93.75 5 24
93.75000000000001 3.75 24
112.5 3.75 24
106.25 5 24
106.25 3.75 24
125 3.75 24
118.75 5 24
118.75 3.75 24
137.5 3.75 24
131.25 5 24
131.25 3.75 24
150 3.75 24
143.75 5 24
143.75 3.75 24
162.5 3.75 24
156.25 5 24
156.25 3.75 24
175.0000000000001 3.75 24
168.75 5 24
168.75 3.75 24
187.5 3.75 24
181.25 5 24
181.2500000000001 3.75 24
200 3.75 24
193.75 5 24
193.75 3.75 24
212.5 3.75 24
206.25 5 24
206.25 3.75 24
225 3.75 24
218.75 5 24
218.75 3.75 24
237.5000000000001 3.75 24
231.25 5 24
231.25 3.75 24
250 3.75 24
243.75 5 24
243.7500000000001 3.75 24
262.5 3.75 24
256.25 5 24
256.25 3.75 24
275 3.75 24
268.75 5 24
268.75 3.75 24
287.5000000000001 3.75 24
281.25 5 24
281.25 3.75 24
300.0000000000001 3.75 24
293.7500000000001 5 24
293.7500000000001 3.75 24
312.5 3.75 24
306.25 5 24
306.25 3.75 24
325 3.75 24
318.75 5 24
318.75 3.75 24
337.5 3.75 24
331.25 5 24
331.25 3.75 24
350.0000000000001 3.75 24
343.75 5 24
343.7500000000001 3.75 24
362.5000000000001 3.75 24
356.2500000000001 5 24
356.2500000000001 3.75 24
375 3.75 24
368.75 5 24
368.75 3.75 24
387.5 3.75 24
381.25 5 24
381.25 3.75 24
400 3.75 24
393.75 5 24
393.75 3.75 24
412.5000000000001 3.75 24
406.25 5 24
406.2500000000001 3.75 24
425.0000000000001 3.75 24
418.7500000000001 5 24
418.7500000000001 3.75 24
437.5 3.75 24
431.25 5 24
431.25 3.75 24
450 3.75 24
443.75 5 24
443.75 3.75 24
462.5 3.75 24
456.25 5 24
456.25 3.75 24
475.0000000000001 3.75 24
468.75 5 24
468.7500000000001 3.75 24
487.5000000000001 3.75 24
481.2500000000001 5 24
481.2500000000001 3.75 24
500 3.75 24
493.75 5 24
493.75 3.75 24
512.5000000000002 3.75 24
506.2500000000001 5 24
506.2500000000001 3.75 24
525 3.75 24
518.75 5 24
518.75 3.75 24
537.5 3.75 24
531.25 5 24
531.25 3.75 24
550 3.75 24
543.75 5 24
543.75 3.75 24
562.5 3.75 24
556.25 5 24
556.25 3.75 24
575.0000000000002 3.75 24
568.75 5 24
568.75 3.75 24
587.5 3.75 24
581.25 5 24
581.25 3.75 24
600.0000000000001 3.75 24
593.75 5 24
593.75 3.75 24
612.5 3.75 24
606.25 5 24
606.25 3.75 24
625 3.75 24
618.75 5 24
618.75 3.75 24
637.5000000000002 3.75 24
631.25 5 24
631.25 3.75 24
650 3.75 24
643.75 5 24
643.75 3.75 24
662.5000000000001 3.75 24
656.25 5 24
656.25 3.75 24
675 3.75 24
668.75 5 24
668.75 3.75 24
687.5 3.75 24
681.25 5 24
681.25 3.75 24
700.0000000000002 3.75 24
693.75 5 24
693.75 3.75 24
712.5 3.75 24
706.25 5 24
706.2500000000002 3.75 24
725.0000000000001 3.75 24
718.75 5 24
718.75 3.75 24
737.5 3.75 24
731.25 5 24
731.25 3.75 24
750 3.75 24
743.75 5 24
743.75 3.75 24
762.5000000000002 3.75 24
756.25 5 24
756.25 3.75 24
775 3.75 24
768.75 5 24
768.7500000000002 3.75 24
787.5000000000001 3.75 24
781.25 5 24
781.25 3.75 24
800 3.75 24
793.75 5 24
793.75 3.75 24
812.5 3.75 24
806.25 5 24
806.25 3.75 24
825.0000000000002 3.75 24
818.75 5 24
818.75 3.75 24
837.5 3.75 24
831.25 5 24
831.2500000000002 3.75 24
850.0000000000001 3.75 24
843.75 5 24
843.75 3.75 24
862.5 3.75 24
856.25 5 24
856.25 3.75 24
875 3.75 24
868.75 5 24
868.75 3.75 24
887.5000000000002 3.75 24
881.25 5 24
881.25 3.75 24
900 3.75 24
893.75 5 24
893.7500000000002 3.75 24
912.5000000000001 3.75 24
906.25 5 24
906.25 3.75 24
925 3.75 24
918.75 5 24
918.75 3.75 24
937.5 3.75 24
931.25 5 24
931.25 3.75 24
950.0000000000002 3.75 24
943.75 5 24
943.75 3.75 24
962.5 3.75 24
956.25 5 24
956.2500000000002 3.75 24
975.0000000000001 3.75 24
968.75 5 24
968.75 3.75 24
987.5 3.75 24
981.25 5 24
981.25 3.75 24
993.75 5 24
993.75 3.75 24
12.5 6.25 24
6.249999999999999 7.5 24
6.25 6.25 24
25 6.25 24
18.75 7.5 24
18.75 6.25 24
37.50000000000001 6.25 24
31.25 7.5 24
31.25 6.25 24
50 6.25 24
43.75 7.5 24
43.75 6.25 24
62.5 6.25 24
56.25 7.5 24
56.25 6.25 24
75.00000000000001 6.25 24
68.75 7.5 24
68.75 6.25 24
87.50000000000003 6.25 24
81.25000000000003 7.5 24
81.25000000000003 6.25 24
100 6.25 24
93.75 7.5 24
93.75000000000001 6.25 24
112.5 6.25 24
106.25 7.5 24
106.25 6.25 24
125 6.25 24
118.75 7.5 24
118.75 6.25 24
137.5 6.25 24
131.25 7.5 24
131.25 6.25 24
150 6.25 24
143.75 7.5 24
143.75 6.25 24
162.5 6.25 24
156.25 7.5 24
156.25 6.25 24
175.0000000000001 6.25 24
168.75 7.5 24
168.75 6.25 24
187.5 6.25 24
181.25 7.5 24
181.2500000000001 6.25 24
200 6.25 24
193.75 7.5 24
193.75 6.25 24
212.5 6.25 24
206.25 7.5 24
206.25 6.25 24
225 6.25 24
218.75 7.5 24
218.75 6.25 24
237.5000000000001 6.25 24
231.25 7.5 24
231.2500000000001 6.25 24
250 6.25 24
243.75 7.5 24
243.7500000000001 6.25 24
262.5 6.25 24
256.25 7.5 24
256.25 6.25 24
275 6.25 24
268.7499999999999 7.5 24
268.75 6.25 24
287.5000000000001 6.25 24
281.25 7.5 24
281.2500000000001 6.25 24
300.0000000000001 6.25 24
293.7500000000001 7.500000000000001 24
293.7500000000001 6.25 24
312.5 6.25 24
306.25 7.5 24
306.25 6.25 24
325 6.25 24
318.75 7.5 24
318.75 6.25 24
337.5 6.25 24
331.2499999999999 7.5 24
331.25 6.25 24
350.0000000000001 6.25 24
343.75 7.5 24
343.7500000000001 6.25 24
362.5000000000001 6.25 24
356.2500000000001 7.5 24
356.2500000000001 6.25 24
375 6.25 24
368.75 7.5 24
368.75 6.25 24
387.5 6.25 24
381.25 7.5 24
381.25 6.25 24
400 6.25 24
393.75 7.5 24
393.75 6.25 24
412.5000000000001 6.25 24
406.25 7.5 24
406.2500000000001 6.25 24
425.0000000000001 6.25 24
418.7500000000001 7.5 24
418.7500000000001 6.25 24
437.5 6.25 24
431.25 7.5 24
431.25 6.25 24
450 6.25 24
443.75 7.5 24
443.75 6.25 24
462.5 6.25 24
456.25 7.5 24
456.25 6.25 24
475.0000000000001 6.25 24
468.75 7.5 24
468.7500000000001 6.25 24
487.5000000000001 6.25 24
481.2500000000001 7.5 24
481.2500000000001 6.25 24
500 6.25 24
493.75 7.5 24
493.75 6.25 24
512.5000000000002 6.25 24
506.2500000000001 7.5 24
506.2500000000001 6.25 24
525 6.25 24
518.75 7.5 24
518.7500000000001 6.25 24
537.5 6.25 24
531.25 7.5 24
531.25 6.25 24
550 6.25 24
543.75 7.5 24
543.75 6.25 24
562.5 6.25 24
556.25 7.5 24
556.25 6.25 24
575.0000000000002 6.25 24
568.7500000000001 7.5 24
568.7500000000002 6.25 24
587.5 6.25 24
581.25 7.5 24
581.2500000000001 6.25 24
600.0000000000001 6.25 24
593.75 7.5 24
593.75 6.25 24
612.5 6.25 24
606.25 7.5 24
606.25 6.25 24
625 6.25 24
618.75 7.5 24
618.75 6.25 24
637.5000000000002 6.25 24
631.2500000000001 7.5 24
631.2500000000002 6.25 24
650 6.25 24
643.75 7.5 24
643.7500000000001 6.25 24
662.5000000000001 6.25 24
656.25 7.5 24
656.25 6.25 24
675 6.25 24
668.75 7.5 24
668.75 6.25 24
687.5 6.25 24
681.25 7.5 24
681.25 6.25 24
700.0000000000002 6.25 24
693.7500000000001 7.5 24
693.7500000000002 6.25 24
712.5 6.25 24
706.2500000000001 7.5 24
706.2500000000002 6.25 24
725.0000000000001 6.25 24
718.75 7.5 24
718.75 6.25 24
737.5 6.25 24
731.25 7.5 24
731.25 6.25 24
750 6.25 24
743.75 7.5 24
743.75 6.25 24
762.5000000000002 6.25 24
756.2500000000001 7.5 24
756.2500000000002 6.25 24
775 6.25 24
768.7500000000001 7.5 24
768.7500000000002 6.25 24
787.5000000000001 6.25 24
781.25 7.5 24
781.25 6.25 24
800 6.25 24
793.75 7.5 24
793.75 6.25 24
812.5 6.25 24
806.25 7.5 24
806.25 6.25 24
825.0000000000002 6.25 24
818.7500000000001 7.5 24
818.7500000000002 6.25 24
837.5 6.25 24
831.2500000000001 7.5 24
831.2500000000002 6.25 24
850.0000000000001 6.25 24
843.75 7.5 24
843.75 6.25 24
862.5 6.25 24
856.25 7.5 24
856.25 6.25 24
875 6.25 24
868.75 7.5 24
868.75 6.25 24
887.5000000000002 6.25 24
881.2500000000001 7.5 24
881.2500000000002 6.25 24
900 6.25 24
893.7500000000001 7.5 24
893.7500000000002 6.25 24
912.5000000000001 6.25 24
906.25 7.5 24
906.25 6.25 24
925 6.25 24
918.75 7.5 24
918.75 6.25 24
937.5 6.25 24
931.25 7.5 24
931.25 6.25 24
950.0000000000002 6.25 24
943.7500000000001 7.5 24
943.7500000000002 6.25 24
962.5 6.25 24
956.2500000000001 7.5 24
956.2500000000002 6.25 24
975.0000000000001 6.25 24
968.75 7.5 24
968.75 6.25 24
987.5 6.25 24
981.25 7.5 24
981.25 6.25 24
993.75 7.5 24
993.75 6.25 24
12.5 8.75 24
6.25 8.75 24
25 8.75 24
18.75 8.75 24
37.50000000000001 8.75 24
31.25000000000001 8.75 24
50 8.75 24
43.75000000000001 8.75 24
62.5 8.75 24
56.25 8.75 24
75.00000000000001 8.75 24
68.75 8.75 24
87.50000000000003 8.75 24
81.25000000000003 8.75 24
100 8.75 24
93.75000000000001 8.75 24
112.5 8.75 24
106.25 8.75 24
125 8.75 24
118.75 8.75 24
137.5 8.75 24
131.25 8.75 24
150 8.75 24
143.75 8.75 24
162.5 8.75 24
156.25 8.75 24
175.0000000000001 8.75 24
168.75 8.75 24
187.5 8.75 24
181.2500000000001 8.75 24
200 8.75 24
193.75 8.75 24
212.5 8.75 24
206.25 8.75 24
225 8.75 24
218.75 8.75 24
237.5000000000001 8.75 24
231.25 8.75 24
250 8.75 24
243.7500000000001 8.75 24
262.5 8.75 24
256.25 8.75 24
275 8.75 24
268.75 8.75 24
287.5000000000001 8.75 24
281.2500000000001 8.75 24
300.0000000000001 8.75 24
293.7500000000001 8.75 24
312.5 8.75 24
306.25 8.75 24
325 8.75 24
318.75 8.75 24
337.5 8.75 24
331.25 8.75 24
350.0000000000001 8.75 24
343.7500000000001 8.75 24
362.5000000000001 8.75 24
356.2500000000001 8.75 24
375 8.75 24
368.75 8.75 24
387.5 8.75 24
381.25 8.75 24
400 8.75 24
393.75 8.75 24
412.5000000000001 8.75 24
406.2500000000001 8.75 24
425.0000000000001 8.75 24
418.7500000000001 8.75 24
437.5 8.75 24
431.25 8.75 24
450 8.75 24
443.75 8.75 24
462.5 8.75 24
456.25 8.75 24
475.0000000000001 8.75 24
468.7500000000001 8.75 24
487.5000000000001 8.75 24
481.2500000000001 8.75 24
500 8.75 24
493.75 8.75 24
512.5000000000002 8.75 24
506.2500000000001 8.75 24
525 8.75 24
518.7500000000001 8.75 24
537.5 8.75 24
531.25 8.75 24
550 8.75 24
543.75 8.75 24
562.5 8.75 24
556.25 8.75 24
575.0000000000002 8.75 24
568.75 8.75 24
587.5 8.75 24
581.2500000000001 8.75 24
600.0000000000001 8.75 24
593.75 8.75 24
612.5 8.75 24
606.25 8.75 24
625 8.75 24
618.75 8.75 24
637.5000000000002 8.75 24
631.25 8.75 24
650 8.75 24
643.7500000000001 8.75 24
662.5000000000001 8.75 24
656.25 8.75 24
675 8.75 24
668.75 8.75 24
687.5 8.75 24
681.25 8.75 24
700.0000000000002 8.75 24
693.75 8.75 24
712.5 8.75 24
706.2500000000002 8.75 24
725.0000000000001 8.75 24
718.75 8.75 24
737.5 8.75 24
731.25 8.75 24
750 8.75 24
743.75 8.75 24
762.5000000000002 8.75 24
756.25 8.75 24
775 8.75 24
768.7500000000002 8.75 24
787.5000000000001 8.75 24
781.25 8.75 24
800 8.75 24
793.75 8.75 24
812.5 8.75 24
806.25 8.75 24
825.0000000000002 8.75 24
818.75 8.75 24
837.5 8.75 24
831.2500000000002 8.75 24
850.0000000000001 8.75 24
843.75 8.75 24
862.5 8.75 24
856.25 8.75 24
875 8.75 24
868.75 8.75 24
887.5000000000002 8.75 24
881.25 8.75 24
900 8.75 24
893.7500000000002 8.75 24
912.5000000000001 8.75 24
906.25 8.75 24
925 8.75 24
918.75 8.75 24
937.5 8.75 24
931.25 8.75 24
950.0000000000002 8.75 24
943.75 8.75 24
962.5 8.75 24
956.2500000000002 8.75 24
975.0000000000001 8.75 24
968.75 8.75 24
987.5 8.75 24
981.25 8.75 24
993.75 8.75 24
3 1 0 3339
3907
3908
3909
3910
3911
3912
3913
3914
3915
3916
3917
3918
3919
3920
3921
3922
3923
3924
3925
3926
3927
3928
3929
3930
3931
3932
3933
3934
3935
3936
3937
3938
3939
3940
3941
3942
3943
3944
3945
3946
3947
3948
3949
3950
3951
3952
3953
3954
3955
3956
3957
3958
3959
3960
3961
3962
3963
3964
3965
3966
3967
3968
3969
3970
3971
3972
3973
3974
3975
3976
3977
3978
3979
3980
3981
3982
3983
3984
3985
3986
3987
3988
3989
3990
3991
3992
3993
3994
3995
3996
3997
3998
3999
4000
4001
4002
4003
4004
4005
4006
4007
4008
4009
4010
4011
4012
4013
4014
4015
4016
4017
4018
4019
4020
4021
4022
4023
4024
4025
4026
4027
4028
4029
4030
4031
4032
4033
4034
4035
4036
4037
4038
4039
4040
4041
4042
4043
4044
4045
4046
4047
4048
4049
4050
4051
4052
4053
4054
4055
4056
4057
4058
4059
4060
4061
4062
4063
4064
4065
4066
4067
4068
4069
4070
4071
4072
4073
4074
4075
4076
4077
4078
4079
4080
4081
4082
4083
4084
4085
4086
4087
4088
4089
4090
4091
4092
4093
4094
4095
4096
4097
4098
4099
4100
4101
4102
4103
4104
4105
4106
4107
4108
4109
4110
4111
4112
4113
4114
4115
4116
4117
4118
4119
4120
4121
4122
4123
4124
4125
4126
4127
4128
4129
4130
4131
4132
4133
4134
4135
4136
4137
4138
4139
4140
4141
4142
4143
4144
4145
4146
4147
4148
4149
4150
4151
4152
4153
4154
4155
4156
4157
4158
4159
4160
4161
4162
4163
4164
4165
4166
4167
4168
4169
4170
4171
4172
4173
4174
4175
4176
4177
4178
4179
4180
4181
4182
4183
4184
4185
4186
4187
4188
4189
4190
4191
4192
4193
4194
4195
4196
4197
4198
4199
4200
4201
4202
4203
4204
4205
4206
4207
4208
4209
4210
4211
4212
4213
4214
4215
4216
4217
4218
4219
4220
4221
4222
4223
4224
4225
4226
4227
4228
4229
4230
4231
4232
4233
4234
4235
4236
4237
4238
4239
4240
4241
4242
4243
4244
4245
4246
4247
4248
4249
4250
4251
4252
4253
4254
4255
4256
4257
4258
4259
4260
4261
4262
4263
4264
4265
4266
4267
4268
4269
4270
4271
4272
4273
4274
4275
4276
4277
4278
4279
4280
4281
4282
4283
4284
4285
4286
4287
4288
4289
4290
4291
4292
4293
4294
4295
4296
4297
4298
4299
4300
4301
4302
4303
4304
4305
4306
4307
4308
4309
4310
4311
4312
4313
4314
4315
4316
4317
4318
4319
4320
4321
4322
4323
4324
4325
4326
4327
4328
4329
4330
4331
4332
4333
4334
4335
4336
4337
4338
4339
4340
4341
4342
4343
4344
4345
4346
4347
4348
4349
4350
4351
4352
4353
4354
4355
4356
4357
4358
4359
4360
4361
4362
4363
4364
4365
4366
4367
4368
4369
4370
4371
4372
4373
4374
4375
4376
4377
4378
4379
4380
4381
4382
4383
4384
4385
4386
4387
4388
4389
4390
4391
4392
4393
4394
4395
4396
4397
4398
4399
4400
4401
4402
4403
4404
4405
4406
4407
4408
4409
4410
4411
4412
4413
4414
4415
4416
4417
4418
4419
4420
4421
4422
4423
4424
4425
4426
4427
4428
4429
4430
4431
4432
4433
4434
4435
4436
4437
4438
4439
4440
4441
4442
4443
4444
4445
4446
4447
4448
4449
4450
4451
4452
4453
4454
4455
4456
4457
4458
4459
4460
4461
4462
4463
4464
4465
4466
4467
4468
4469
4470
4471
4472
4473
4474
4475
4476
4477
4478
4479
4480
4481
4482
4483
4484
4485
4486
4487
4488
4489
4490
4491
4492
4493
4494
4495
4496
4497
4498
4499
4500
4501
4502
4503
4504
4505
4506
4507
4508
4509
4510
4511
4512
4513
4514
4515
4516
4517
4518
4519
4520
4521
4522
4523
4524
4525
4526
4527
4528
4529
4530
4531
4532
4533
4534
4535
4536
4537
4538
4539
4540
4541
4542
4543
4544
4545
4546
4547
4548
4549
4550
4551
4552
4553
4554
4555
4556
4557
4558
4559
4560
4561
4562
4563
4564
4565
4566
4567
4568
4569
4570
4571
4572
4573
4574
4575
4576
4577
4578
4579
4580
4581
4582
4583
4584
4585
4586
4587
4588
4589
4590
4591
4592
4593
4594
4595
4596
4597
4598
4599
4600
4601
4602
4603
4604
4605
4606
4607
4608
4609
4610
4611
4612
4613
4614
4615
4616
4617
4618
4619
4620
4621
4622
4623
4624
4625
4626
4627
4628
4629
4630
4631
4632
4633
4634
4635
4636
4637
4638
4639
4640
4641
4642
4643
4644
4645
4646
4647
4648
4649
4650
4651
4652
4653
4654
4655
4656
4657
4658
4659
4660
4661
4662
4663
4664
4665
4666
4667
4668
4669
4670
4671
4672
4673
4674
4675
4676
4677
4678
4679
4680
4681
4682
4683
4684
4685
4686
4687
4688
4689
4690
4691
4692
4693
4694
4695
4696
4697
4698
4699
4700
4701
4702
4703
4704
4705
4706
4707
4708
4709
4710
4711
4712
4713
4714
4715
4716
4717
4718
4719
4720
4721
4722
4723
4724
4725
4726
4727
4728
4729
4730
4731
4732
4733
4734
4735
4736
4737
4738
4739
4740
4741
4742
4743
4744
4745
4746
4747
4748
4749
4750
4751
4752
4753
4754
4755
4756
4757
4758
4759
4760
4761
4762
4763
4764
4765
4766
4767
4768
4769
4770
4771
4772
4773
4774
4775
4776
4777
4778
4779
4780
4781
4782
4783
4784
4785
4786
4787
4788
4789
4790
4791
4792
4793
4794
4795
4796
4797
4798
4799
4800
4801
4802
4803
4804
4805
4806
4807
4808
4809
4810
4811
4812
4813
4814
4815
4816
4817
4818
4819
4820
4821
4822
4823
4824
4825
4826
4827
4828
4829
4830
4831
4832
4833
4834
4835
4836
4837
4838
4839
4840
4841
4842
4843
4844
4845
4846
4847
4848
4849
4850
4851
4852
4853
4854
4855
4856
4857
4858
4859
4860
4861
4862
4863
4864
4865
4866
4867
4868
4869
4870
4871
4872
4873
4874
4875
4876
4877
4878
4879
4880
4881
4882
4883
4884
4885
4886
4887
4888
4889
4890
4891
4892
4893
4894
4895
4896
4897
4898
4899
4900
4901
4902
4903
4904
4905
4906
4907
4908
4909
4910
4911
4912
4913
4914
4915
4916
4917
4918
4919
4920
4921
4922
4923
4924
4925
4926
4927
4928
4929
4930
4931
4932
4933
4934
4935
4936
4937
4938
4939
4940
4941
4942
4943
4944
4945
4946
4947
4948
4949
4950
4951
4952
4953
4954
4955
4956
4957
4958
4959
4960
4961
4962
4963
4964
4965
4966
4967
4968
4969
4970
4971
4972
4973
4974
4975
4976
4977
4978
4979
4980
4981
4982
4983
4984
4985
4986
4987
4988
4989
4990
4991
4992
4993
4994
4995
4996
4997
4998
4999
5000
5001
5002
5003
5004
5005
5006
5007
5008
5009
5010
5011
5012
5013
5014
5015
5016
5017
5018
5019
5020
5021
5022
5023
5024
5025
5026
5027
5028
5029
5030
5031
5032
5033
5034
5035
5036
5037
5038
5039
5040
5041
5042
5043
5044
5045
5046
5047
5048
5049
5050
5051
5052
5053
5054
5055
5056
5057
5058
5059
5060
5061
5062
5063
5064
5065
5066
5067
5068
5069
5070
5071
5072
5073
5074
5075
5076
5077
5078
5079
5080
5081
5082
5083
5084
5085
5086
5087
5088
5089
5090
5091
5092
5093
5094
5095
5096
5097
5098
5099
5100
5101
5102
5103
5104
5105
5106
5107
5108
5109
5110
5111
5112
5113
5114
5115
5116
5117
5118
5119
5120
5121
5122
5123
5124
5125
5126
5127
5128
5129
5130
5131
5132
5133
5134
5135
5136
5137
5138
5139
5140
5141
5142
5143
5144
5145
5146
5147
5148
5149
5150
5151
5152
5153
5154
5155
5156
5157
5158
5159
5160
5161
5162
5163
5164
5165
5166
5167
5168
5169
5170
5171
5172
5173
5174
5175
5176
5177
5178
5179
5180
5181
5182
5183
5184
5185
5186
5187
5188
5189
5190
5191
5192
5193
5194
5195
5196
5197
5198
5199
5200
5201
5202
5203
5204
5205
5206
5207
5208
5209
5210
5211
5212
5213
5214
5215
5216
5217
5218
5219
5220
5221
5222
5223
5224
5225
5226
5227
5228
5229
5230
5231
5232
5233
5234
5235
5236
5237
5238
5239
5240
5241
5242
5243
5244
5245
5246
5247
5248
5249
5250
5251
5252
5253
5254
5255
5256
5257
5258
5259
5260
5261
5262
5263
5264
5265
5266
5267
5268
5269
5270
5271
5272
5273
5274
5275
5276
5277
5278
5279
5280
5281
5282
5283
5284
5285
5286
5287
5288
5289
5290
5291
5292
5293
5294
5295
5296
5297
5298
5299
5300
5301
5302
5303
5304
5305
5306
5307
5308
5309
5310
5311
5312
5313
5314
5315
5316
5317
5318
5319
5320
5321
5322
5323
5324
5325
5326
5327
5328
5329
5330
5331
5332
5333
5334
5335
5336
5337
5338
5339
5340
5341
5342
5343
5344
5345
5346
5347
5348
5349
5350
5351
5352
5353
5354
5355
5356
5357
5358
5359
5360
5361
5362
5363
5364
5365
5366
5367
5368
5369
5370
5371
5372
5373
5374
5375
5376
5377
5378
5379
5380
5381
5382
5383
5384
5385
5386
5387
5388
5389
5390
5391
5392
5393
5394
5395
5396
5397
5398
5399
5400
5401
5402
5403
5404
5405
5406
5407
5408
5409
5410
5411
5412
5413
5414
5415
5416
5417
5418
5419
5420
5421
5422
5423
5424
5425
5426
5427
5428
5429
5430
5431
5432
5433
5434
5435
5436
5437
5438
5439
5440
5441
5442
5443
5444
5445
5446
5447
5448
5449
5450
5451
5452
5453
5454
5455
5456
5457
5458
5459
5460
5461
5462
5463
5464
5465
5466
5467
5468
5469
5470
5471
5472
5473
5474
5475
5476
5477
5478
5479
5480
5481
5482
5483
5484
5485
5486
5487
5488
5489
5490
5491
5492
5493
5494
5495
5496
5497
5498
5499
5500
5501
5502
5503
5504
5505
5506
5507
5508
5509
5510
5511
5512
5513
5514
5515
5516
5517
5518
5519
5520
5521
5522
5523
5524
5525
5526
5527
5528
5529
5530
5531
5532
5533
5534
5535
5536
5537
5538
5539
5540
5541
5542
5543
5544
5545
5546
5547
5548
5549
5550
5551
5552
5553
5554
5555
5556
5557
5558
5559
5560
5561
5562
5563
5564
5565
5566
5567
5568
5569
5570
5571
5572
5573
5574
5575
5576
5577
5578
5579
5580
5581
5582
5583
5584
5585
5586
5587
5588
5589
5590
5591
5592
5593
5594
5595
5596
5597
5598
5599
5600
5601
5602
5603
5604
5605
5606
5607
5608
5609
5610
5611
5612
5613
5614
5615
5616
5617
5618
5619
5620
5621
5622
5623
5624
5625
5626
5627
5628
5629
5630
5631
5632
5633
5634
5635
5636
5637
5638
5639
5640
5641
5642
5643
5644
5645
5646
5647
5648
5649
5650
5651
5652
5653
5654
5655
5656
5657
5658
5659
5660
5661
5662
5663
5664
5665
5666
5667
5668
5669
5670
5671
5672
5673
5674
5675
5676
5677
5678
5679
5680
5681
5682
5683
5684
5685
5686
5687
5688
5689
5690
5691
5692
5693
5694
5695
5696
5697
5698
5699
5700
5701
5702
5703
5704
5705
5706
5707
5708
5709
5710
5711
5712
5713
5714
5715
5716
5717
5718
5719
5720
5721
5722
5723
5724
5725
5726
5727
5728
5729
5730
5731
5732
5733
5734
5735
5736
5737
5738
5739
5740
5741
5742
5743
5744
5745
5746
5747
5748
5749
5750
5751
5752
5753
5754
5755
5756
5757
5758
5759
5760
5761
5762
5763
5764
5765
5766
5767
5768
5769
5770
5771
5772
5773
5774
5775
5776
5777
5778
5779
5780
5781
5782
5783
5784
5785
5786
5787
5788
5789
5790
5791
5792
5793
5794
5795
5796
5797
5798
5799
5800
5801
5802
5803
5804
5805
5806
5807
5808
5809
5810
5811
5812
5813
5814
5815
5816
5817
5818
5819
5820
5821
5822
5823
5824
5825
5826
5827
5828
5829
5830
5831
5832
5833
5834
5835
5836
5837
5838
5839
5840
5841
5842
5843
5844
5845
5846
5847
5848
5849
5850
5851
5852
5853
5854
5855
5856
5857
5858
5859
5860
5861
5862
5863
5864
5865
5866
5867
5868
5869
5870
5871
5872
5873
5874
5875
5876
5877
5878
5879
5880
5881
5882
5883
5884
5885
5886
5887
5888
5889
5890
5891
5892
5893
5894
5895
5896
5897
5898
5899
5900
5901
5902
5903
5904
5905
5906
5907
5908
5909
5910
5911
5912
5913
5914
5915
5916
5917
5918
5919
5920
5921
5922
5923
5924
5925
5926
5927
5928
5929
5930
5931
5932
5933
5934
5935
5936
5937
5938
5939
5940
5941
5942
5943
5944
5945
5946
5947
5948
5949
5950
5951
5952
5953
5954
5955
5956
5957
5958
5959
5960
5961
5962
5963
5964
5965
5966
5967
5968
5969
5970
5971
5972
5973
5974
5975
5976
5977
5978
5979
5980
5981
5982
5983
5984
5985
5986
5987
5988
5989
5990
5991
5992
5993
5994
5995
5996
5997
5998
5999
6000
6001
6002
6003
6004
6005
6006
6007
6008
6009
6010
6011
6012
6013
6014
6015
6016
6017
6018
6019
6020
6021
6022
6023
6024
6025
6026
6027
6028
6029
6030
6031
6032
6033
6034
6035
6036
6037
6038
6039
6040
6041
6042
6043
6044
6045
6046
6047
6048
6049
6050
6051
6052
6053
6054
6055
6056
6057
6058
6059
6060
6061
6062
6063
6064
6065
6066
6067
6068
6069
6070
6071
6072
6073
6074
6075
6076
6077
6078
6079
6080
6081
6082
6083
6084
6085
6086
6087
6088
6089
6090
6091
6092
6093
6094
6095
6096
6097
6098
6099
6100
6101
6102
6103
6104
6105
6106
6107
6108
6109
6110
6111
6112
6113
6114
6115
6116
6117
6118
6119
6120
6121
6122
6123
6124
6125
6126
6127
6128
6129
6130
6131
6132
6133
6134
6135
6136
6137
6138
6139
6140
6141
6142
6143
6144
6145
6146
6147
6148
6149
6150
6151
6152
6153
6154
6155
6156
6157
6158
6159
6160
6161
6162
6163
6164
6165
6166
6167
6168
6169
6170
6171
6172
6173
6174
6175
6176
6177
6178
6179
6180
6181
6182
6183
6184
6185
6186
6187
6188
6189
6190
6191
6192
6193
6194
6195
6196
6197
6198
6199
6200
6201
6202
6203
6204
6205
6206
6207
6208
6209
6210
6211
6212
6213
6214
6215
6216
6217
6218
6219
6220
6221
6222
6223
6224
6225
6226
6227
6228
6229
6230
6231
6232
6233
6234
6235
6236
6237
6238
6239
6240
6241
6242
6243
6244
6245
6246
6247
6248
6249
6250
6251
6252
6253
6254
6255
6256
6257
6258
6259
6260
6261
6262
6263
6264
6265
6266
6267
6268
6269
6270
6271
6272
6273
6274
6275
6276
6277
6278
6279
6280
6281
6282
6283
6284
6285
6286
6287
6288
6289
6290
6291
6292
6293
6294
6295
6296
6297
6298
6299
6300
6301
6302
6303
6304
6305
6306
6307
6308
6309
6310
6311
6312
6313
6314
6315
6316
6317
6318
6319
6320
6321
6322
6323
6324
6325
6326
6327
6328
6329
6330
6331
6332
6333
6334
6335
6336
6337
6338
6339
6340
6341
6342
6343
6344
6345
6346
6347
6348
6349
6350
6351
6352
6353
6354
6355
6356
6357
6358
6359
6360
6361
6362
6363
6364
6365
6366
6367
6368
6369
6370
6371
6372
6373
6374
6375
6376
6377
6378
6379
6380
6381
6382
6383
6384
6385
6386
6387
6388
6389
6390
6391
6392
6393
6394
6395
6396
6397
6398
6399
6400
6401
6402
6403
6404
6405
6406
6407
6408
6409
6410
6411
6412
6413
6414
6415
6416
6417
6418
6419
6420
6421
6422
6423
6424
6425
6426
6427
6428
6429
6430
6431
6432
6433
6434
6435
6436
6437
6438
6439
6440
6441
6442
6443
6444
6445
6446
6447
6448
6449
6450
6451
6452
6453
6454
6455
6456
6457
6458
6459
6460
6461
6462
6463
6464
6465
6466
6467
6468
6469
6470
6471
6472
6473
6474
6475
6476
6477
6478
6479
6480
6481
6482
6483
6484
6485
6486
6487
6488
6489
6490
6491
6492
6493
6494
6495
6496
6497
6498
6499
6500
6501
6502
6503
6504
6505
6506
6507
6508
6509
6510
6511
6512
6513
6514
6515
6516
6517
6518
6519
6520
6521
6522
6523
6524
6525
6526
6527
6528
6529
6530
6531
6532
6533
6534
6535
6536
6537
6538
6539
6540
6541
6542
6543
6544
6545
6546
6547
6548
6549
6550
6551
6552
6553
6554
6555
6556
6557
6558
6559
6560
6561
6562
6563
6564
6565
6566
6567
6568
6569
6570
6571
6572
6573
6574
6575
6576
6577
6578
6579
6580
6581
6582
6583
6584
6585
6586
6587
6588
6589
6590
6591
6592
6593
6594
6595
6596
6597
6598
6599
6600
6601
6602
6603
6604
6605
6606
6607
6608
6609
6610
6611
6612
6613
6614
6615
6616
6617
6618
6619
6620
6621
6622
6623
6624
6625
6626
6627
6628
6629
6630
6631
6632
6633
6634
6635
6636
6637
6638
6639
6640
6641
6642
6643
6644
6645
6646
6647
6648
6649
6650
6651
6652
6653
6654
6655
6656
6657
6658
6659
6660
6661
6662
6663
6664
6665
6666
6667
6668
6669
6670
6671
6672
6673
6674
6675
6676
6677
6678
6679
6680
6681
6682
6683
6684
6685
6686
6687
6688
6689
6690
6691
6692
6693
6694
6695
6696
6697
6698
6699
6700
6701
6702
6703
6704
6705
6706
6707
6708
6709
6710
6711
6712
6713
6714
6715
6716
6717
6718
6719
6720
6721
6722
6723
6724
6725
6726
6727
6728
6729
6730
6731
6732
6733
6734
6735
6736
6737
6738
6739
6740
6741
6742
6743
6744
6745
6746
6747
6748
6749
6750
6751
6752
6753
6754
6755
6756
6757
6758
6759
6760
6761
6762
6763
6764
6765
6766
6767
6768
6769
6770
6771
6772
6773
6774
6775
6776
6777
6778
6779
6780
6781
6782
6783
6784
6785
6786
6787
6788
6789
6790
6791
6792
6793
6794
6795
6796
6797
6798
6799
6800
6801
6802
6803
6804
6805
6806
6807
6808
6809
6810
6811
6812
6813
6814
6815
6816
6817
6818
6819
6820
6821
6822
6823
6824
6825
6826
6827
6828
6829
6830
6831
6832
6833
6834
6835
6836
6837
6838
6839
6840
6841
6842
6843
6844
6845
6846
6847
6848
6849
6850
6851
6852
6853
6854
6855
6856
6857
6858
6859
6860
6861
6862
6863
6864
6865
6866
6867
6868
6869
6870
6871
6872
6873
6874
6875
6876
6877
6878
6879
6880
6881
6882
6883
6884
6885
6886
6887
6888
6889
6890
6891
6892
6893
6894
6895
6896
6897
6898
6899
6900
6901
6902
6903
6904
6905
6906
6907
6908
6909
6910
6911
6912
6913
6914
6915
6916
6917
6918
6919
6920
6921
6922
6923
6924
6925
6926
6927
6928
6929
6930
6931
6932
6933
6934
6935
6936
6937
6938
6939
6940
6941
6942
6943
6944
6945
6946
6947
6948
6949
6950
6951
6952
6953
6954
6955
6956
6957
6958
6959
6960
6961
6962
6963
6964
6965
6966
6967
6968
6969
6970
6971
6972
6973
6974
6975
6976
6977
6978
6979
6980
6981
6982
6983
6984
6985
6986
6987
6988
6989
6990
6991
6992
6993
6994
6995
6996
6997
6998
6999
7000
7001
7002
7003
7004
7005
7006
7007
7008
7009
7010
7011
7012
7013
7014
7015
7016
7017
7018
7019
7020
7021
7022
7023
7024
7025
7026
7027
7028
7029
7030
7031
7032
7033
7034
7035
7036
7037
7038
7039
7040
7041
7042
7043
7044
7045
7046
7047
7048
7049
7050
7051
7052
7053
7054
7055
7056
7057
7058
7059
7060
7061
7062
7063
7064
7065
7066
7067
7068
7069
7070
7071
7072
7073
7074
7075
7076
7077
7078
7079
7080
7081
7082
7083
7084
7085
7086
7087
7088
7089
7090
7091
7092
7093
7094
7095
7096
7097
7098
7099
7100
7101
7102
7103
7104
7105
7106
7107
7108
7109
7110
7111
7112
7113
7114
7115
7116
7117
7118
7119
7120
7121
7122
7123
7124
7125
7126
7127
7128
7129
7130
7131
7132
7133
7134
7135
7136
7137
7138
7139
7140
7141
7142
7143
7144
7145
7146
7147
7148
7149
7150
7151
7152
7153
7154
7155
7156
7157
7158
7159
7160
7161
7162
7163
7164
7165
7166
7167
7168
7169
7170
7171
7172
7173
7174
7175
7176
7177
7178
7179
7180
7181
7182
7183
7184
7185
7186
7187
7188
7189
7190
7191
7192
7193
7194
7195
7196
7197
7198
7199
7200
7201
7202
7203
7204
7205
7206
7207
7208
7209
7210
7211
7212
7213
7214
7215
7216
7217
7218
7219
7220
7221
7222
7223
7224
7225
7226
7227
7228
7229
7230
7231
7232
7233
7234
7235
7236
7237
7238
7239
7240
7241
7242
7243
7244
7245
12.5 2.5 12
25 2.5 12
37.49999999999999 2.5 12
50 2.5 12
62.5 2.5 12
74.99999999999999 2.5 12
87.50000000000004 2.5 12
100 2.5 12
112.5 2.5 12
125 2.5 12
137.5 2.5 12
150 2.5 12
162.5 2.5 12
175.0000000000001 2.5 12
187.5 2.5 12
200 2.5 12
212.5000000000001 2.5 12
225 2.5 12
237.5000000000001 2.5 12
250 2.5 12
262.5 2.5 12
275 2.5 12
287.5000000000002 2.5 12
299.9999999999999 2.5 12
312.5 2.5 12
325 2.5 12
337.5 2.5 12
350.0000000000002 2.5 12
362.5000000000002 2.5 12
375 2.5 12
387.5 2.5 12
400 2.5 12
412.5000000000002 2.5 12
425.0000000000002 2.5 12
437.5 2.5 12
450 2.5 12
462.5 2.5 12
475.0000000000002 2.5 12
487.5000000000002 2.5 12
500 2.5 12
512.5000000000003 2.5 12
525 2.5 12
537.5 2.5 12
550 2.5 12
562.5 2.5 12
575.0000000000003 2.5 12
587.5 2.5 12
599.9999999999999 2.5 12
612.5 2.5 12
625 2.5 12
637.4999999999999 2.5 12
650 2.5 12
662.4999999999999 2.5 12
675 2.5 12
687.5 2.5 12
700.0000000000003 2.5 12
712.5 2.5 12
725.0000000000003 2.5 12
737.5 2.5 12
750 2.5 12
762.5000000000003 2.5 12
775 2.5 12
787.5000000000003 2.5 12
800 2.5 12
812.5 2.5 12
825.0000000000003 2.5 12
837.5 2.5 12
850.0000000000003 2.5 12
862.5 2.5 12
875 2.5 12
887.5000000000003 2.5 12
900 2.5 12
912.5000000000003 2.5 12
925 2.5 12
937.5 2.5 12
950.0000000000003 2.5 12
962.5 2.5 12
975.0000000000003 2.5 12
987.5 2.5 12
12.5 5 12
25 5 12
37.49999999999999 5 12
50 5 12
62.5 5 12
74.99999999999999 5 12
87.50000000000004 5 12
100 5 12
112.5 5 12
125 5 12
137.5 5 12
150 5 12
162.5 5 12
175.0000000000001 5 12
187.5 5 12
200 5 12
212.5000000000001 5 12
225 5 12
237.5000000000001 5 12
250 5 12
262.5 5 12
275 5 12
287.4999999999999 5 12
299.9999999999999 5 12
312.5 5 12
325 5 12
337.5 5 12
350.0000000000002 5 12
362.5000000000002 5 12
375 5 12
387.5 5 12
400 5 12
412.5000000000002 5 12
425.0000000000002 5 12
437.5 5 12
450 5 12
462.5 5 12
475.0000000000002 5 12
487.5000000000002 5 12
500 5 12
512.4999999999999 5 12
525 5 12
537.5 5 12
550 5 12
562.5 5 12
574.9999999999999 5 12
587.5 5 12
599.9999999999999 5 12
612.5 5 12
625 5 12
637.4999999999999 5 12
650 5 12
662.4999999999999 5 12
675 5 12
687.5 5 12
700.0000000000003 5 12
712.5 5 12
725.0000000000003 5 12
737.5 5 12
750 5 12
762.5000000000003 5 12
775 5 12
787.5000000000003 5 12
800 5 12
812.5 5 12
825.0000000000003 5 12
837.5 5 12
850.0000000000003 5 12
862.5 5 12
875 5 12
887.5000000000003 5 12
900 5 12
912.5000000000003 5 12
925 5 12
937.5 5 12
950.0000000000003 5 12
962.5 5 12
975.0000000000003 5 12
987.5 5 12
12.5 7.5 12
25 7.5 12
37.49999999999999 7.5 12
50 7.5 12
62.5 7.5 12
74.99999999999999 7.5 12
87.50000000000006 7.5 12
100 7.5 12
112.5 7.5 12
125 7.5 12
137.5 7.5 12
150 7.5 12
162.5 7.5 12
175.0000000000001 7.5 12
187.5 7.5 12
200 7.5 12
212.5000000000001 7.5 12
225 7.5 12
237.5000000000001 7.5 12
250 7.5 12
262.5 7.5 12
275 7.5 12
287.5 7.500000000000001 12
299.9999999999999 7.5 12
312.5 7.5 12
325 7.5 12
337.5 7.5 12
350.0000000000002 7.500000000000001 12
362.5000000000002 7.5 12
375 7.5 12
387.5 7.5 12
400 7.5 12
412.5000000000002 7.500000000000001 12
425.0000000000002 7.5 12
437.5 7.5 12
450 7.5 12
462.4999999999999 7.5 12
475.0000000000002 7.500000000000001 12
487.5000000000002 7.5 12
500 7.5 12
512.5 7.5 12
525 7.5 12
537.5 7.5 12
550 7.5 12
562.5 7.5 12
575 7.5 12
587.5 7.5 12
599.9999999999999 7.5 12
612.5 7.5 12
625 7.5 12
637.5 7.5 12
650 7.5 12
662.4999999999999 7.5 12
675 7.5 12
687.5 7.5 12
700.0000000000005 7.5 12
712.5 7.5 12
725.0000000000003 7.5 12
737.5 7.5 12
750 7.5 12
762.5000000000005 7.5 12
775 7.5 12
787.5000000000003 7.5 12
800 7.5 12
812.5 7.5 12
825.0000000000003 7.5 12
837.5 7.5 12
850.0000000000003 7.5 12
862.4999999999999 7.5 12
875 7.5 12
887.5000000000003 7.5 12
900 7.5 12
912.5000000000003 7.5 12
924.9999999999999 7.5 12
937.5 7.5 12
950.0000000000003 7.5 12
962.5 7.5 12
975.0000000000003 7.5 12
987.4999999999999 7.5 12
6.25 2.5 12
12.5 1.25 12
12.5 2.5 5.999999999999999
6.25 1.25 12
6.25 2.5 6
12.5 1.25 6
6.25 1.25 6
18.75 2.5 12
25 1.25 12
25 2.5 5.999999999999999
18.75 1.25 12
18.75 2.5 5.999999999999999
25 1.25 6
18.75 1.25 6
31.25 2.5 12
37.5 1.25 12
37.5 2.5 6.000000000000001
31.25 1.25 12
31.25 2.5 6
37.50000000000001 1.25 6
31.25000000000001 1.25 6
43.75 2.5 12
50 1.25 12
50 2.5 6.000000000000001
43.75 1.25 12
43.75 2.5 6.000000000000001
50 1.25 6
43.75000000000001 1.25 6
56.25 2.5 12
62.5 1.25 12
62.5 2.5 6
56.25 1.25 12
56.25 2.5 6
62.5 1.25 6
56.25 1.25 6
68.75 2.5 12
75 1.25 12
75 2.5 5.999999999999999
68.75 1.25 12
68.75 2.5 6
75.00000000000001 1.25 6
68.75 1.25 6
81.25000000000001 2.5 12
87.50000000000003 1.25 12
87.50000000000003 2.5 5.999999999999999
81.25000000000001 1.25 12
81.25000000000003 2.5 5.999999999999999
87.50000000000003 1.25 6
81.25000000000006 1.25 6
93.75000000000003 2.5 12
100 1.25 12
100 2.5 6.000000000000001
93.75000000000001 1.25 12
93.75 2.5 6
100 1.25 6
93.75 1.25 6
106.25 2.5 12
112.5 1.25 12
112.5 2.5 6
106.25 1.25 12
106.25 2.5 6
112.5 1.25 6
106.25 1.25 6
118.75 2.5 12
125 1.25 12
125 2.5 6
118.75 1.25 12
118.75 2.5 6
125 1.25 6
118.75 1.25 6
131.25 2.5 12
137.5 1.25 12
137.5 2.5 5.999999999999999
131.25 1.25 12
131.25 2.5 6
137.5 1.25 6
131.25 1.25 6
143.75 2.5 12
150 1.25 12
150 2.5 5.999999999999999
143.75 1.25 12
143.75 2.5 5.999999999999999
150 1.25 6
143.75 1.25 6
156.25 2.5 12
162.5 1.25 12
162.5 2.5 6.000000000000001
156.25 1.25 12
156.25 2.5 6
162.5 1.25 6
156.25 1.25 6
168.7500000000001 2.5 12
175.0000000000001 1.25 12
175.0000000000001 2.5 6
168.75 1.25 12
168.75 2.5 6
175.0000000000001 1.25 6
168.75 1.25 6
181.2500000000001 2.5 12
187.5 1.25 12
187.5 2.5 6
181.25 1.25 12
181.25 2.5 6
187.5 1.25 6
181.25 1.25 6
193.75 2.5 12
200 1.25 12
200 2.5 5.999999999999999
193.75 1.25 12
193.75 2.5 6
200 1.25 6
193.75 1.25 6
206.2500000000001 2.5 12
212.5000000000001 1.25 12
212.5000000000001 2.5 5.999999999999999
206.25 1.25 12
206.25 2.5 5.999999999999999
212.5000000000001 1.25 6
206.2500000000001 1.25 6
218.7500000000001 2.5 12
225 1.25 12
225 2.5 6.000000000000001
218.75 1.25 12
218.75 2.5 6
225 1.25 6
218.75 1.25 6
231.2500000000001 2.5 12
237.5000000000001 1.25 12
237.5000000000001 2.5 6
231.25 1.25 12
231.25 2.5 6
237.5000000000001 1.25 6
231.2500000000001 1.25 6
243.7500000000001 2.5 12
250 1.25 12
250 2.5 6
243.75 1.25 12
243.75 2.5 6
250 1.25 6
243.75 1.25 6
256.25 2.5 12
262.5 1.25 12
262.5 2.5 5.999999999999999
256.25 1.25 12
256.25 2.5 6
262.5 1.25 6
256.25 1.25 6
268.75 2.5 12
275 1.25 12
275 2.5 5.999999999999999
268.75 1.25 12
268.75 2.5 5.999999999999999
275 1.25 6
268.75 1.25 6
281.2500000000001 2.5 12
287.5000000000001 1.25 12
287.5000000000001 2.5 6
281.2500000000001 1.25 12
281.25 2.5 6
287.5000000000001 1.25 6
281.2500000000001 1.25 6
293.7500000000001 2.5 12
300 1.25 12
300 2.5 6
293.7500000000001 1.25 12
293.75 2.5 6
300.0000000000001 1.25 6
293.7500000000001 1.25 6
306.25 2.5 12
312.5 1.25 12
312.5 2.5 6
306.25 1.25 12
306.25 2.5 6
312.5 1.25 6
306.25 1.25 6
318.75 2.5 12
325 1.25 12
325 2.5 5.999999999999999
318.75 1.25 12
318.75 2.5 6
325 1.25 6
318.75 1.25 6
331.25 2.5 12
337.5 1.25 12
337.5 2.5 6
331.25 1.25 12
331.25 2.5 6
337.5 1.25 6
331.25 1.25 6
343.7500000000001 2.5 12
350.0000000000001 1.25 12
350.0000000000001 2.5 6
343.7500000000001 1.25 12
343.75 2.5 6
350.0000000000001 1.25 6
343.7500000000001 1.25 6
356.2500000000002 2.5 12
362.5000000000001 1.25 12
362.5000000000001 2.5 6
356.2500000000001 1.25 12
356.2500000000001 2.5 6
362.5000000000001 1.25 6
356.2500000000002 1.25 6
368.7500000000001 2.5 12
375 1.25 12
375 2.5 6
368.7500000000001 1.25 12
368.7500000000001 2.5 6
375 1.25 6
368.75 1.25 6
381.25 2.5 12
387.5 1.25 12
387.5 2.5 6
381.25 1.25 12
381.25 2.5 6
387.5 1.25 6
381.25 1.25 6
393.75 2.5 12
400 1.25 12
400 2.5 6
393.75 1.25 12
393.75 2.5 6
400 1.25 6
393.75 1.25 6
406.2500000000001 2.5 12
412.5000000000001 1.25 12
412.5000000000001 2.5 6
406.2500000000001 1.25 12
406.25 2.5 6
412.5000000000001 1.25 6
406.2500000000001 1.25 6
418.7500000000002 2.5 12
425.0000000000001 1.25 12
425.0000000000001 2.5 6
418.7500000000001 1.25 12
418.7500000000001 2.5 6
425.0000000000001 1.25 6
418.7500000000002 1.25 6
431.2500000000001 2.5 12
437.5 1.25 12
437.5 2.5 6
431.2500000000001 1.25 12
431.2500000000001 2.5 6
437.5 1.25 6
431.25 1.25 6
443.75 2.5 12
450 1.25 12
450 2.5 5.999999999999999
443.75 1.25 12
443.75 2.5 6
450 1.25 6
443.75 1.25 6
456.25 2.5 12
462.5 1.25 12
462.5 2.5 6
456.25 1.25 12
456.25 2.5 6
462.5 1.25 6
456.25 1.25 6
468.7500000000001 2.5 12
475.0000000000001 1.25 12
475.0000000000001 2.5 6
468.7500000000001 1.25 12
468.75 2.5 6
475.0000000000001 1.25 6
468.7500000000001 1.25 6
481.2500000000002 2.5 12
487.5000000000001 1.25 12
487.5000000000001 2.5 6
481.2500000000001 1.25 12
481.2500000000001 2.5 6
487.5000000000001 1.25 6
481.2500000000002 1.25 6
493.7500000000001 2.5 12
500 1.25 12
500 2.5 6
493.7500000000001 1.25 12
493.7500000000001 2.5 6
500 1.25 6
493.75 1.25 6
506.2500000000002 2.5 12
512.5000000000002 1.25 12
512.5000000000002 2.5 5.999999999999999
506.2500000000001 1.25 12
506.2500000000001 2.5 6
512.5000000000002 1.25 6
506.2500000000003 1.25 6
518.7500000000002 2.5 12
525 1.25 12
525 2.5 6
518.7500000000001 1.25 12
518.75 2.5 6
525 1.25 6
518.7500000000002 1.25 6
531.25 2.5 12
537.5 1.25 12
537.5 2.5 6
531.25 1.25 12
531.25 2.5 6
537.5 1.25 6
531.25 1.25 6
543.75 2.5 12
550 1.25 12
550 2.5 6
543.75 1.25 12
543.75 2.5 6
550 1.25 6
543.75 1.25 6
556.25 2.5 12
562.5 1.25 12
562.5 2.5 6
556.25 1.25 12
556.25 2.5 6
562.5 1.25 6
556.25 1.25 6
568.7500000000002 2.5 12
575.0000000000002 1.25 12
575.0000000000002 2.5 6
568.7500000000001 1.25 12
568.75 2.5 6
575.0000000000002 1.25 6
568.7500000000001 1.25 6
581.2500000000002 2.5 12
587.5 1.25 12
587.5 2.5 6
581.2500000000001 1.25 12
581.25 2.5 6
587.5 1.25 6
581.2500000000002 1.25 6
593.75 2.5 12
600 1.25 12
600 2.5 6
593.75 1.25 12
593.75 2.5 6
600.0000000000001 1.25 6
593.75 1.25 6
606.25 2.5 12
612.5 1.25 12
612.5 2.5 6
606.25 1.25 12
606.25 2.5 6
612.5 1.25 6
606.25 1.25 6
618.75 2.5 12
625 1.25 12
625 2.5 6
618.75 1.25 12
618.75 2.5 6
625 1.25 6
618.75 1.25 6
631.25 2.5 12
637.5 1.25 12
637.5 2.5 6
631.25 1.25 12
631.25 2.5 6
637.5000000000002 1.25 6
631.2500000000001 1.25 6
643.75 2.5 12
650 1.25 12
650 2.5 6
643.75 1.25 12
643.75 2.5 6
650 1.25 6
643.7500000000001 1.25 6
656.25 2.5 12
662.5 1.25 12
662.5 2.5 6
656.25 1.25 12
656.25 2.5 6
662.5000000000001 1.25 6
656.25 1.25 6
668.75 2.5 12
675 1.25 12
675 2.5 6.000000000000001
668.75 1.25 12
668.75 2.5 6
675 1.25 6
668.75 1.25 6
681.25 2.5 12
687.5 1.25 12
687.5 2.5 6
681.25 1.25 12
681.25 2.5 6
687.5 1.25 6
681.25 1.25 6
693.7500000000002 2.5 12
700.0000000000002 1.25 12
700.0000000000002 2.5 5.999999999999999
693.7500000000001 1.25 12
693.75 2.5 6
700.0000000000002 1.25 6
693.7500000000002 1.25 6
706.2500000000002 2.5 12
712.5 1.25 12
712.5 2.5 6
706.2500000000001 1.25 12
706.25 2.5 6
712.5 1.25 6
706.25 1.25 6
718.7500000000002 2.5 12
725.0000000000002 1.25 12
725.0000000000002 2.5 6
718.7500000000001 1.25 12
718.7500000000001 2.5 6
725.0000000000002 1.25 6
718.7500000000002 1.25 6
731.2500000000002 2.5 12
737.5 1.25 12
737.5 2.5 6.000000000000001
731.2500000000001 1.25 12
731.2500000000001 2.5 6
737.5 1.25 6
731.25 1.25 6
743.75 2.5 12
750 1.25 12
750 2.5 6
743.75 1.25 12
743.75 2.5 6
750 1.25 6
743.75 1.25 6
756.2500000000002 2.5 12
762.5000000000002 1.25 12
762.5000000000002 2.5 5.999999999999999
756.2500000000001 1.25 12
756.25 2.5 6
762.5000000000002 1.25 6
756.2500000000002 1.25 6
768.7500000000002 2.5 12
775 1.25 12
775 2.5 6
768.7500000000001 1.25 12
768.75 2.5 6
775 1.25 6
768.75 1.25 6
781.2500000000002 2.5 12
787.5000000000002 1.25 12
787.5000000000002 2.5 6
781.2500000000001 1.25 12
781.2500000000001 2.5 6
787.5000000000002 1.25 6
781.2500000000002 1.25 6
793.7500000000002 2.5 12
800 1.25 12
800 2.5 6.000000000000001
793.7500000000001 1.25 12
793.7500000000001 2.5 6
800 1.25 6
793.75 1.25 6
806.25 2.5 12
812.5 1.25 12
812.5 2.5 6
806.25 1.25 12
806.25 2.5 6
812.5 1.25 6
806.25 1.25 6
818.7500000000002 2.5 12
825.0000000000002 1.25 12
825.0000000000002 2.5 5.999999999999999
818.7500000000001 1.25 12
818.75 2.5 6
825.0000000000002 1.25 6
818.7500000000002 1.25 6
831.2500000000002 2.5 12
837.5 1.25 12
837.5 2.5 6
831.2500000000001 1.25 12
831.25 2.5 6
837.5 1.25 6
831.25 1.25 6
843.7500000000002 2.5 12
850.0000000000002 1.25 12
850.0000000000002 2.5 6
843.7500000000001 1.25 12
843.7500000000001 2.5 6
850.0000000000002 1.25 6
843.7500000000002 1.25 6
856.2500000000002 2.5 12
862.5 1.25 12
862.5 2.5 6.000000000000001
856.2500000000001 1.25 12
856.2500000000001 2.5 6
862.5 1.25 6
856.25 1.25 6
868.75 2.5 12
875 1.25 12
875 2.5 6
868.75 1.25 12
868.75 2.5 6
875 1.25 6
868.75 1.25 6
881.2500000000002 2.5 12
887.5000000000002 1.25 12
887.5000000000002 2.5 5.999999999999999
881.2500000000001 1.25 12
881.25 2.5 6
887.5000000000002 1.25 6
881.2500000000002 1.25 6
893.7500000000002 2.5 12
900 1.25 12
900 2.5 5.999999999999999
893.7500000000001 1.25 12
893.75 2.5 5.999999999999999
900 1.25 6
893.75 1.25 6
906.2500000000002 2.5 12
912.5000000000002 1.25 12
912.5000000000002 2.5 6
906.2500000000001 1.25 12
906.2500000000001 2.5 6
912.5000000000002 1.25 6
906.2500000000002 1.25 6
918.7500000000002 2.5 12
925 1.25 12
925 2.5 6.000000000000001
918.7500000000001 1.25 12
918.7500000000001 2.5 6
925 1.25 6
918.75 1.25 6
931.25 2.5 12
937.5 1.25 12
937.5 2.5 6
931.25 1.25 12
931.25 2.5 6
937.5 1.25 6
931.25 1.25 6
943.7500000000002 2.5 12
950.0000000000002 1.25 12
950.0000000000002 2.5 5.999999999999999
943.7500000000001 1.25 12
943.75 2.5 6
950.0000000000002 1.25 6
943.7500000000002 1.25 6
956.2500000000002 2.5 12
962.5 1.25 12
962.5 2.5 5.999999999999999
956.2500000000001 1.25 12
956.25 2.5 5.999999999999999
962.5 1.25 6
956.25 1.25 6
968.7500000000002 2.5 12
975.0000000000002 1.25 12
975.0000000000002 2.5 6
968.7500000000001 1.25 12
968.7500000000001 2.5 6
975.0000000000002 1.25 6
968.7500000000002 1.25 6
981.2500000000002 2.5 12
987.5 1.25 12
987.5 2.5 6.000000000000001
981.2500000000001 1.25 12
981.2500000000001 2.5 6
987.5 1.25 6
981.25 1.25 6
993.75 2.5 12
993.75 1.25 12
993.75 2.5 6
993.75 1.25 6
6.25 5 12
12.5 3.75 12
12.5 5 5.999999999999999
6.25 3.75 12
6.25 5 6
12.5 3.75 5.999999999999999
6.25 3.75 6
18.75 5 12
25 3.75 12
25 5 6
18.75 3.75 12
18.75 5 6
25 3.75 6
18.75 3.75 6.000000000000002
31.25 5 12
37.49999999999999 3.75 12
37.5 5 6
31.24999999999999 3.75 12
31.25 5 6
37.5 3.75 6
31.25 3.75 6
43.75 5 12
50 3.75 12
50 5 6.000000000000001
43.75 3.75 12
43.75 5 6
50 3.75 6.000000000000001
43.75 3.75 6.000000000000002
56.25 5 12
62.5 3.75 12
62.5 5 6
56.25 3.75 12
56.25 5 6
62.5 3.75 6
56.25 3.75 6
68.75 5 12
74.99999999999999 3.75 12
75 5 5.999999999999999
68.75 3.75 12
68.75 5 6
75 3.75 5.999999999999999
68.75 3.75 6
81.25000000000001 5 12
87.50000000000004 3.75 12
87.50000000000003 5 6
81.25000000000001 3.75 12
81.25000000000001 5 6
87.50000000000003 3.75 6
81.25000000000001 3.75 6.000000000000002
93.75000000000003 5 12
100 3.75 12
100 5 6
93.75000000000003 3.75 12
93.75000000000001 5 6
100 3.75 6
93.75000000000003 3.75 6
106.25 5 12
112.5 3.75 12
112.5 5 6.000000000000001
106.25 3.75 12
106.25 5 6
112.5 3.75 6
106.25 3.75 6
118.75 5 12
125 3.75 12
125 5 6
118.75 3.75 12
118.75 5 6
125 3.75 6
118.75 3.75 6
131.25 5 12
137.5 3.75 12
137.5 5 5.999999999999999
131.25 3.75 12
131.25 5 6
137.5 3.75 5.999999999999999
131.25 3.75 6
143.75 5 12
150 3.75 12
150 5 6
143.75 3.75 12
143.75 5 6
150 3.75 6
143.75 3.75 6.000000000000002
156.25 5 12
162.5 3.75 12
162.5 5 6
156.25 3.75 12
156.25 5 6
162.5 3.75 6
156.25 3.75 6
168.7500000000001 5 12
175.0000000000001 3.75 12
175.0000000000001 5 6.000000000000001
168.7500000000001 3.75 12
168.75 5 6
175.0000000000001 3.75 6
168.7500000000001 3.75 6
181.2500000000001 5 12
187.5 3.75 12
187.5 5 6
181.2500000000001 3.75 12
181.25 5 6
187.5 3.75 6
181.2499999999999 3.75 6
193.75 5 12
200 3.75 12
200 5 5.999999999999999
193.75 3.75 12
193.75 5 6
200 3.75 5.999999999999999
193.75 3.75 6
206.2500000000001 5 12
212.5000000000001 3.75 12
212.5000000000001 5 6
206.2500000000001 3.75 12
206.25 5 6
212.5000000000001 3.75 6
206.25 3.75 6.000000000000002
218.7500000000001 5 12
225 3.75 12
225 5 6
218.7500000000001 3.75 12
218.75 5 6
225 3.75 6
218.7500000000001 3.75 6
231.2500000000001 5 12
237.5000000000001 3.75 12
237.5000000000001 5 6.000000000000001
231.2500000000001 3.75 12
231.25 5 6
237.5000000000001 3.75 6
231.2500000000001 3.75 6
243.7500000000001 5 12
250 3.75 12
250 5 6
243.7500000000001 3.75 12
243.75 5 6
250 3.75 6
243.7499999999999 3.75 6
256.25 5 12
262.5 3.75 12
262.5 5 5.999999999999999
256.25 3.75 12
256.25 5 6
262.5 3.75 5.999999999999999
256.25 3.75 6
268.75 5 12
275 3.75 12
275 5 6
268.75 3.75 12
268.75 5 6
275 3.75 6
268.75 3.75 6.000000000000002
281.25 5 12
287.5000000000001 3.75 12
287.5 5 6
281.25 3.75 12
281.25 5 6
287.5000000000001 3.75 6
281.2500000000001 3.75 6
293.7499999999999 5 12
299.9999999999999 3.75 12
300 5 6
293.75 3.75 12
293.75 5 6
300 3.75 6
293.7500000000001 3.75 6
306.25 5 12
312.5 3.75 12
312.5 5 6
306.25 3.75 12
306.25 5 6
312.5 3.75 6
306.25 3.75 6
318.75 5 12
325 3.75 12
325 5 5.999999999999999
318.75 3.75 12
318.75 5 6
325 3.75 5.999999999999999
318.75 3.75 6
331.25 5 12
337.5 3.75 12
337.5 5 6
331.25 3.75 12
331.25 5 6
337.5 3.75 6
331.25 3.75 6
343.7500000000001 5 12
350.0000000000002 3.75 12
350.0000000000001 5 6
343.7500000000001 3.75 12
343.7500000000001 5 6
350.0000000000001 3.75 6
343.7500000000001 3.75 6
356.2500000000002 5 12
362.5000000000002 3.75 12
362.5000000000001 5 6
356.2500000000002 3.75 12
356.2500000000001 5 6
362.5000000000001 3.75 6
356.2500000000001 3.75 6
368.7500000000001 5 12
375 3.75 12
375 5 6
368.7500000000001 3.75 12
368.7500000000001 5 6
375 3.75 6
368.7500000000001 3.75 6
381.25 5 12
387.5 3.75 12
387.5 5 6
381.25 3.75 12
381.25 5 6
387.5 3.75 6
381.25 3.75 6
393.75 5 12
400 3.75 12
400 5 6
393.75 3.75 12
393.75 5 6
400 3.75 6
393.75 3.75 6
406.2500000000001 5 12
412.5000000000002 3.75 12
412.5000000000001 5 6
406.2500000000001 3.75 12
406.2500000000001 5 6
412.5000000000001 3.75 6
406.2500000000001 3.75 6
418.7500000000002 5 12
425.0000000000002 3.75 12
425.0000000000001 5 6
418.7500000000002 3.75 12
418.7500000000001 5 6
425.0000000000001 3.75 6
418.7500000000001 3.75 6
431.2500000000001 5 12
437.5 3.75 12
437.5 5 6
431.2500000000001 3.75 12
431.2500000000001 5 6
437.5 3.75 6
431.2500000000001 3.75 6
443.75 5 12
450 3.75 12
450 5 6
443.75 3.75 12
443.75 5 6
450 3.75 6
443.75 3.75 6
456.25 5 12
462.5 3.75 12
462.5 5 6
456.25 3.75 12
456.25 5 6
462.5 3.75 6
456.25 3.75 6
468.7500000000001 5 12
475.0000000000002 3.75 12
475.0000000000001 5 6
468.7500000000001 3.75 12
468.7500000000001 5 6
475.0000000000001 3.75 6
468.7500000000001 3.75 6
481.2500000000002 5 12
487.5000000000002 3.75 12
487.5000000000001 5 6
481.2500000000002 3.75 12
481.2500000000001 5 6
487.5000000000001 3.75 6
481.2500000000001 3.75 6
493.7500000000001 5 12
500 3.75 12
500 5 6
493.7500000000001 3.75 12
493.7500000000001 5 6
500 3.75 6
493.7500000000001 3.75 6
506.2499999999999 5 12
512.5000000000001 3.75 12
512.5 5 6.000000000000001
506.25 3.75 12
506.25 5 6
512.5000000000002 3.75 6
506.2500000000002 3.75 6
518.75 5 12
525 3.75 12
525 5 6
518.7500000000002 3.75 12
518.75 5 6
525 3.75 6
518.75 3.75 6
531.25 5 12
537.5 3.75 12
537.5 5 6
531.25 3.75 12
531.25 5 6
537.5 3.75 6
531.25 3.75 6
543.75 5 12
550 3.75 12
550 5 6
543.75 3.75 12
543.75 5 6
550 3.75 6
543.75 3.75 6
556.25 5 12
562.5 3.75 12
562.5 5 6
556.25 3.75 12
556.25 5 6
562.5 3.75 6
556.25 3.75 6
568.75 5 12
575.0000000000001 3.75 12
575 5 6.000000000000001
568.75 3.75 12
568.75 5 6
575.0000000000002 3.75 6
568.7500000000002 3.75 6
581.25 5 12
587.5 3.75 12
587.5 5 6
581.2500000000002 3.75 12
581.25 5 6
587.5 3.75 6
581.25 3.75 6
593.75 5 12
599.9999999999999 3.75 12
600 5 6
593.75 3.75 12
593.75 5 6
600 3.75 6
593.75 3.75 6
606.25 5 12
612.5 3.75 12
612.5 5 6
606.25 3.75 12
606.25 5 6
612.5 3.75 6
606.25 3.75 6
618.75 5 12
625 3.75 12
625 5 6
618.75 3.75 12
618.75 5 6
625 3.75 6
618.75 3.75 6
631.25 5 12
637.4999999999999 3.75 12
637.5 5 6.000000000000001
631.25 3.75 12
631.25 5 6
637.5 3.75 6
631.2500000000001 3.75 6
643.75 5 12
650 3.75 12
650 5 6
643.75 3.75 12
643.75 5 6
650 3.75 6
643.75 3.75 6
656.25 5 12
662.4999999999999 3.75 12
662.5 5 6
656.25 3.75 12
656.25 5 6
662.5 3.75 6
656.25 3.75 6
668.75 5 12
675 3.75 12
675 5 6
668.75 3.75 12
668.75 5 6
675 3.75 6
668.75 3.75 6
681.25 5 12
687.5 3.75 12
687.5 5 6
681.25 3.75 12
681.25 5 6
687.5 3.75 6
681.25 3.75 6
693.7500000000002 5 12
700.0000000000003 3.75 12
700.0000000000002 5 6
693.7500000000002 3.75 12
693.7500000000001 5 6
700.0000000000002 3.75 6
693.7500000000002 3.75 6
706.2500000000002 5 12
712.5 3.75 12
712.5 5 6
706.2500000000002 3.75 12
706.2500000000001 5 6
712.5 3.75 6
706.2499999999998 3.75 6
718.7500000000002 5 12
725.0000000000003 3.75 12
725.0000000000002 5 6
718.7500000000002 3.75 12
718.7500000000001 5 6
725.0000000000002 3.75 6
718.7500000000001 3.75 6
731.2500000000002 5 12
737.5 3.75 12
737.5 5 6
731.2500000000002 3.75 12
731.2500000000001 5 6
737.5 3.75 6
731.2500000000002 3.75 6
743.75 5 12
750 3.75 12
750 5 6
743.75 3.75 12
743.75 5 6
750 3.75 6
743.75 3.75 6
756.2500000000002 5 12
762.5000000000003 3.75 12
762.5000000000002 5 6
756.2500000000002 3.75 12
756.2500000000001 5 6
762.5000000000002 3.75 6
756.2500000000002 3.75 6
768.7500000000002 5 12
775 3.75 12
775 5 6
768.7500000000002 3.75 12
768.7500000000001 5 6
775 3.75 6
768.7499999999998 3.75 6
781.2500000000002 5 12
787.5000000000003 3.75 12
787.5000000000002 5 6
781.2500000000002 3.75 12
781.2500000000001 5 6
787.5000000000002 3.75 6
781.2500000000001 3.75 6
793.7500000000002 5 12
800 3.75 12
800 5 6
793.7500000000002 3.75 12
793.7500000000001 5 6
800 3.75 6
793.7500000000002 3.75 6
806.25 5 12
812.5 3.75 12
812.5 5 6
806.25 3.75 12
806.25 5 6
812.5 3.75 6
806.25 3.75 6
818.7500000000002 5 12
825.0000000000003 3.75 12
825.0000000000002 5 6
818.7500000000002 3.75 12
818.7500000000001 5 6
825.0000000000002 3.75 6
818.7500000000002 3.75 6
831.2500000000002 5 12
837.5 3.75 12
837.5 5 6
831.2500000000002 3.75 12
831.2500000000001 5 6
837.5 3.75 6
831.2499999999998 3.75 6
843.7500000000002 5 12
850.0000000000003 3.75 12
850.0000000000002 5 6
843.7500000000002 3.75 12
843.7500000000001 5 6
850.0000000000002 3.75 6
843.7500000000001 3.75 6
856.2500000000002 5 12
862.5 3.75 12
862.5 5 6
856.2500000000002 3.75 12
856.2500000000001 5 6
862.5 3.75 6
856.2500000000002 3.75 6
868.75 5 12
875 3.75 12
875 5 6
868.75 3.75 12
868.75 5 6
875 3.75 6
868.75 3.75 6
881.2500000000002 5 12
887.5000000000003 3.75 12
887.5000000000002 5 6
881.2500000000002 3.75 12
881.2500000000001 5 6
887.5000000000002 3.75 6
881.2500000000002 3.75 6
893.7500000000002 5 12
900 3.75 12
900 5 6
893.7500000000002 3.75 12
893.7500000000001 5 6
900 3.75 6
893.7499999999998 3.75 6
906.2500000000002 5 12
912.5000000000003 3.75 12
912.5000000000002 5 6
906.2500000000002 3.75 12
906.2500000000001 5 6
912.5000000000002 3.75 6
906.2500000000001 3.75 6
918.7500000000002 5 12
925 3.75 12
925 5 6
918.7500000000002 3.75 12
918.7500000000001 5 6
925 3.75 6
918.7500000000002 3.75 6
931.25 5 12
937.5 3.75 12
937.5 5 6
931.25 3.75 12
931.25 5 6
937.5 3.75 6
931.25 3.75 6
943.7500000000002 5 12
950.0000000000003 3.75 12
950.0000000000002 5 6
943.7500000000002 3.75 12
943.7500000000001 5 6
950.0000000000002 3.75 6
943.7500000000002 3.75 6
956.2500000000002 5 12
962.5 3.75 12
962.5 5 6
956.2500000000002 3.75 12
956.2500000000001 5 6
962.5 3.75 6
956.2499999999998 3.75 6
968.7500000000002 5 12
975.0000000000003 3.75 12
975.0000000000002 5 6
968.7500000000002 3.75 12
968.7500000000001 5 6
975.0000000000002 3.75 6
968.7500000000001 3.75 6
981.2500000000002 5 12
987.5 3.75 12
987.5 5 6
981.2500000000002 3.75 12
981.2500000000001 5 6
987.5 3.75 6
981.2500000000002 3.75 6
993.75 5 12
993.75 3.75 12
993.75 5 6
993.75 3.75 6
6.25 7.5 12
12.5 6.25 12
12.5 7.5 5.999999999999999
6.25 6.25 12
6.25 7.5 6
12.5 6.25 5.999999999999999
6.25 6.25 6
18.75 7.5 12
25 6.25 12
25 7.5 6
18.75 6.25 12
18.75 7.5 6
25 6.25 6
18.75 6.25 6
31.25 7.5 12
37.49999999999999 6.25 12
37.5 7.5 6
31.24999999999999 6.25 12
31.25 7.5 6
37.5 6.25 6
31.25 6.25 6
43.75 7.5 12
50 6.25 12
50 7.5 6.000000000000001
43.75 6.25 12
43.75 7.5 6
50 6.25 6.000000000000001
43.75 6.25 6
56.25 7.5 12
62.5 6.25 12
62.5 7.5 6
56.25 6.25 12
56.25 7.5 6
62.5 6.25 6
56.25 6.25 6
68.75 7.5 12
74.99999999999999 6.25 12
75 7.5 5.999999999999999
68.75 6.25 12
68.75 7.5 6
75 6.25 5.999999999999999
68.75 6.25 6
81.25000000000003 7.5 12
87.50000000000006 6.25 12
87.50000000000004 7.5 6
81.25000000000003 6.25 12
81.25000000000003 7.5 6
87.50000000000006 6.25 6
81.25000000000006 6.25 6
93.75000000000003 7.5 12
100 6.25 12
100 7.5 6
93.75000000000003 6.25 12
93.75 7.5 6
100 6.25 6
93.75 6.25 6
106.25 7.5 12
112.5 6.25 12
112.5 7.5 6.000000000000001
106.25 6.25 12
106.25 7.5 6
112.5 6.25 6.000000000000001
106.25 6.25 6
118.75 7.5 12
125 6.25 12
125 7.5 6
118.75 6.25 12
118.75 7.5 6
125 6.25 6
118.75 6.25 6
131.25 7.5 12
137.5 6.25 12
137.5 7.5 5.999999999999999
131.25 6.25 12
131.25 7.5 6
137.5 6.25 5.999999999999999
131.25 6.25 6
143.75 7.5 12
150 6.25 12
150 7.5 6
143.75 6.25 12
143.75 7.5 6
150 6.25 6
143.75 6.25 6
156.25 7.5 12
162.5 6.25 12
162.5 7.5 6
156.25 6.25 12
156.25 7.5 6
162.5 6.25 6
156.25 6.25 6
168.7500000000001 7.5 12
175.0000000000001 6.25 12
175.0000000000001 7.5 6.000000000000001
168.7500000000001 6.25 12
168.75 7.5 6
175.0000000000001 6.25 6.000000000000001
168.7500000000001 6.25 6
181.2500000000001 7.5 12
187.5 6.25 12
187.5 7.5 6
181.2500000000001 6.25 12
181.25 7.5 6
187.5 6.25 6
181.25 6.25 6
193.75 7.5 12
200 6.25 12
200 7.5 5.999999999999999
193.75 6.25 12
193.75 7.5 6
200 6.25 5.999999999999999
193.75 6.25 6
206.2500000000001 7.5 12
212.5000000000001 6.25 12
212.5000000000001 7.5 6
206.2500000000001 6.25 12
206.25 7.5 6
212.5000000000001 6.25 6
206.25 6.25 6
218.7500000000001 7.5 12
225 6.25 12
225 7.5 6
218.7500000000001 6.25 12
218.75 7.5 6
225 6.25 6
218.7500000000001 6.25 6
231.2500000000001 7.5 12
237.5000000000001 6.25 12
237.5000000000001 7.5 6.000000000000001
231.2500000000001 6.25 12
231.25 7.5 6
237.5000000000001 6.25 6.000000000000001
231.2500000000001 6.25 6
243.7500000000001 7.5 12
250 6.25 12
250 7.5 6
243.7500000000001 6.25 12
243.75 7.5 6
250 6.25 6
243.7500000000001 6.25 6
256.25 7.5 12
262.5 6.25 12
262.5 7.5 5.999999999999999
256.25 6.25 12
256.25 7.5 6
262.5 6.25 5.999999999999999
256.25 6.25 6
268.75 7.5 12
275 6.25 12
275 7.5 6
268.75 6.25 12
268.75 7.5 6
275 6.25 6
268.75 6.25 6
281.25 7.5 12
287.5 6.25 12
287.5000000000001 7.500000000000001 6
281.25 6.25 12
281.25 7.5 6
287.5000000000001 6.25 6
281.2500000000001 6.25 6
293.75 7.5 12
299.9999999999999 6.25 12
300 7.5 6
293.7499999999999 6.25 12
293.7500000000001 7.500000000000001 6
300 6.25 6
293.7500000000001 6.25 6
306.25 7.5 12
312.5 6.25 12
312.5 7.5 6
306.25 6.25 12
306.25 7.5 6
312.5 6.25 6
306.25 6.25 6
318.75 7.5 12
325 6.25 12
325 7.5 5.999999999999999
318.75 6.25 12
318.75 7.5 6
325 6.25 5.999999999999999
318.75 6.25 6
331.25 7.5 12
337.5 6.25 12
337.5 7.5 6
331.25 6.25 12
331.25 7.5 6
337.5 6.25 6
331.25 6.25 6
343.7500000000001 7.5 12
350.0000000000002 6.25 12
350.0000000000002 7.500000000000001 6
343.7500000000001 6.25 12
343.75 7.5 6
350.0000000000002 6.25 6
343.7500000000001 6.25 6
356.2500000000002 7.5 12
362.5000000000002 6.25 12
362.5000000000001 7.5 6
356.2500000000002 6.25 12
356.2500000000002 7.5 6
362.5000000000001 6.25 6
356.2500000000002 6.25 6
368.7500000000001 7.5 12
375 6.25 12
375 7.5 6
368.7500000000001 6.25 12
368.7500000000001 7.5 6
375 6.25 6
368.7500000000001 6.25 6
381.25 7.5 12
387.5 6.25 12
387.5 7.5 6
381.25 6.25 12
381.25 7.5 6
387.5 6.25 6
381.25 6.25 6
393.75 7.5 12
400 6.25 12
400 7.5 6
393.75 6.25 12
393.75 7.5 6
400 6.25 6
393.75 6.25 6
406.2500000000001 7.5 12
412.5000000000002 6.25 12
412.5000000000001 7.500000000000001 6
406.2500000000001 6.25 12
406.25 7.5 6
412.5000000000001 6.25 6
406.2500000000001 6.25 6
418.7500000000002 7.5 12
425.0000000000002 6.25 12
425.0000000000001 7.5 6
418.7500000000002 6.25 12
418.7500000000001 7.5 6
425.0000000000001 6.25 6
418.7500000000001 6.25 6
431.2500000000001 7.5 12
437.5 6.25 12
437.5 7.5 6
431.2500000000001 6.25 12
431.2500000000001 7.5 6
437.5 6.25 6
431.2500000000001 6.25 6
443.75 7.5 12
450 6.25 12
450 7.5 6
443.75 6.25 12
443.75 7.5 6
450 6.25 6
443.75 6.25 6
456.25 7.5 12
462.5 6.25 12
462.4999999999999 7.5 6
456.25 6.25 12
456.25 7.5 6
462.5 6.25 6
456.25 6.25 6
468.7500000000001 7.5 12
475.0000000000002 6.25 12
475.0000000000001 7.500000000000001 5.999999999999999
468.7500000000001 6.25 12
468.75 7.5 6
475.0000000000001 6.25 6
468.75 6.25 6
481.2500000000002 7.5 12
487.5000000000002 6.25 12
487.5000000000001 7.5 6
481.2500000000002 6.25 12
481.2500000000001 7.5 6
487.5000000000001 6.25 6
481.2500000000001 6.25 6
493.7500000000001 7.5 12
500 6.25 12
500 7.5 6
493.7500000000001 6.25 12
493.7500000000001 7.5 6
500 6.25 6
493.7500000000001 6.25 6
506.25 7.5 12
512.5 6.25 12
512.5000000000001 7.5 6
506.25 6.25 12
506.2500000000001 7.5 6
512.5000000000002 6.25 6
506.2500000000002 6.25 6
518.75 7.5 12
525 6.25 12
525 7.5 6
518.75 6.25 12
518.75 7.5 6
525 6.25 6
518.7500000000001 6.25 6
531.25 7.5 12
537.5 6.25 12
537.5 7.5 6
531.25 6.25 12
531.25 7.5 6
537.5 6.25 6
531.25 6.25 6
543.75 7.5 12
550 6.25 12
550 7.5 6
543.75 6.25 12
543.75 7.5 6
550 6.25 6
543.75 6.25 6
556.25 7.5 12
562.5 6.25 12
562.5 7.5 6
556.25 6.25 12
556.25 7.5 6
562.5 6.25 6
556.25 6.25 6
568.75 7.5 12
575 6.25 12
575.0000000000001 7.5 6
568.75 6.25 12
568.7500000000001 7.5 6
575.0000000000002 6.25 6
568.7500000000002 6.25 6
581.25 7.5 12
587.5 6.25 12
587.5 7.5 6
581.25 6.25 12
581.25 7.5 6
587.5 6.25 6
581.2500000000001 6.25 6
593.75 7.5 12
599.9999999999999 6.25 12
600 7.5 6
593.75 6.25 12
593.75 7.5 6
600 6.25 6
593.75 6.25 6
606.25 7.5 12
612.5 6.25 12
612.5 7.5 6
606.25 6.25 12
606.25 7.5 6
612.5 6.25 6
606.25 6.25 6
618.75 7.5 12
625 6.25 12
625 7.5 6
618.75 6.25 12
618.75 7.5 6
625 6.25 6
618.75 6.25 6
631.25 7.5 12
637.5 6.25 12
637.5000000000001 7.5 6
631.25 6.25 12
631.2500000000001 7.5 6
637.5000000000002 6.25 6
631.2500000000002 6.25 6
643.75 7.5 12
650 6.25 12
650 7.5 6
643.75 6.25 12
643.75 7.5 6
650 6.25 6
643.7500000000001 6.25 6
656.25 7.5 12
662.4999999999999 6.25 12
662.5 7.5 6
656.25 6.25 12
656.25 7.5 6
662.5 6.25 6
656.25 6.25 6
668.75 7.5 12
675 6.25 12
675 7.5 6
668.75 6.25 12
668.75 7.5 6
675 6.25 6
668.75 6.25 6
681.25 7.5 12
687.5 6.25 12
687.5 7.5 6
681.25 6.25 12
681.25 7.5 6
687.5 6.25 6
681.25 6.25 6
693.7500000000002 7.5 12
700.0000000000005 6.25 12
700.0000000000003 7.5 6
693.7500000000002 6.25 12
693.7500000000001 7.5 6
700.0000000000005 6.25 6
693.7500000000003 6.25 6
706.2500000000002 7.5 12
712.5 6.25 12
712.5 7.5 6
706.2500000000002 6.25 12
706.2500000000001 7.5 6
712.5 6.25 6
706.25 6.25 6
718.7500000000002 7.5 12
725.0000000000003 6.25 12
725.0000000000002 7.5 6
718.7500000000002 6.25 12
718.7500000000001 7.5 6
725.0000000000002 6.25 6
718.7500000000001 6.25 6
731.2500000000002 7.5 12
737.5 6.25 12
737.5 7.5 6
731.2500000000002 6.25 12
731.2500000000001 7.5 6
737.5 6.25 6
731.2500000000002 6.25 6
743.75 7.5 12
750 6.25 12
750 7.5 6
743.75 6.25 12
743.75 7.5 6
750 6.25 6
743.75 6.25 6
756.2500000000002 7.5 12
762.5000000000005 6.25 12
762.5000000000003 7.5 6
756.2500000000002 6.25 12
756.2500000000001 7.5 6
762.5000000000005 6.25 6
756.2500000000003 6.25 6
768.7500000000002 7.5 12
775 6.25 12
775 7.5 6
768.7500000000002 6.25 12
768.7500000000001 7.5 6
775 6.25 6
768.75 6.25 6
781.2500000000002 7.5 12
787.5000000000003 6.25 12
787.5000000000002 7.5 6
781.2500000000002 6.25 12
781.2500000000001 7.5 6
787.5000000000002 6.25 6
781.2500000000001 6.25 6
793.7500000000002 7.5 12
800 6.25 12
800 7.5 6
793.7500000000002 6.25 12
793.7500000000001 7.5 6
800 6.25 6
793.7500000000002 6.25 6
806.25 7.5 12
812.5 6.25 12
812.5 7.5 6
806.25 6.25 12
806.25 7.5 6
812.5 6.25 6
806.25 6.25 6
818.7500000000002 7.5 12
825.0000000000003 6.25 12
825.0000000000002 7.5 6
818.7500000000002 6.25 12
818.75 7.5 6
825.0000000000002 6.25 6
818.7500000000002 6.25 6
831.2500000000002 7.5 12
837.5 6.25 12
837.5 7.5 6
831.2500000000002 6.25 12
831.25 7.5 6
837.5 6.25 6
831.2500000000002 6.25 6
843.7500000000002 7.5 12
850.0000000000003 6.25 12
850.0000000000002 7.5 6
843.7500000000002 6.25 12
843.7500000000001 7.5 6
850.0000000000002 6.25 6
843.7500000000001 6.25 6
856.2500000000001 7.5 12
862.5 6.25 12
862.4999999999999 7.5 6
856.2500000000001 6.25 12
856.2500000000001 7.5 6
862.5 6.25 6
856.2500000000001 6.25 6
868.75 7.5 12
875 6.25 12
875 7.5 6
868.75 6.25 12
868.75 7.5 6
875 6.25 6
868.75 6.25 6
881.2500000000002 7.5 12
887.5000000000003 6.25 12
887.5000000000002 7.5 6
881.2500000000002 6.25 12
881.25 7.5 6
887.5000000000002 6.25 6
881.2500000000002 6.25 6
893.7500000000002 7.5 12
900 6.25 12
900 7.5 6
893.7500000000002 6.25 12
893.75 7.5 6
900 6.25 6
893.7500000000002 6.25 6
906.2500000000002 7.5 12
912.5000000000003 6.25 12
912.5000000000002 7.5 6
906.2500000000002 6.25 12
906.2500000000001 7.5 6
912.5000000000002 6.25 6
906.2500000000001 6.25 6
918.7500000000001 7.5 12
925 6.25 12
924.9999999999999 7.5 6
918.7500000000001 6.25 12
918.7500000000001 7.5 6
925 6.25 6
918.7500000000001 6.25 6
931.25 7.5 12
937.5 6.25 12
937.5 7.5 6
931.25 6.25 12
931.25 7.5 6
937.5 6.25 6
931.25 6.25 6
943.7500000000002 7.5 12
950.0000000000003 6.25 12
950.0000000000002 7.5 6
943.7500000000002 6.25 12
943.75 7.5 6
950.0000000000002 6.25 6
943.7500000000002 6.25 6
956.2500000000002 7.5 12
962.5 6.25 12
962.5 7.5 6
956.2500000000002 6.25 12
956.25 7.5 6
962.5 6.25 6
956.2500000000002 6.25 6
968.7500000000002 7.5 12
975.0000000000003 6.25 12
975.0000000000002 7.5 6
968.7500000000002 6.25 12
968.7500000000001 7.5 6
975.0000000000002 6.25 6
968.7500000000001 6.25 6
981.2500000000001 7.5 12
987.5 6.25 12
987.4999999999999 7.5 6
981.2500000000001 6.25 12
981.2500000000001 7.5 6
987.5 6.25 6
981.2500000000001 6.25 6
993.75 7.5 12
993.75 6.25 12
993.75 7.5 6
993.75 6.25 6
12.5 8.75 12
6.25 8.75 12
12.5 8.75 6
6.25 8.75 6
25 8.75 12
18.75 8.75 12
25 8.75 6
18.75 8.75 6
37.5 8.75 12
31.25 8.75 12
37.50000000000001 8.75 6
31.25000000000001 8.75 6
50 8.75 12
43.75 8.75 12
50 8.75 6
43.75000000000001 8.75 6
62.5 8.75 12
56.25 8.75 12
62.5 8.75 6
56.25 8.75 6
75 8.75 12
68.75 8.75 12
75.00000000000001 8.75 6
68.75 8.75 6
87.50000000000003 8.75 12
81.25000000000003 8.75 12
87.50000000000003 8.75 6
81.25000000000003 8.75 6
100 8.75 12
93.75000000000001 8.75 12
100 8.75 6
93.75 8.75 6
112.5 8.75 12
106.25 8.75 12
112.5 8.75 6
106.25 8.75 6
125 8.75 12
118.75 8.75 12
125 8.75 6
118.75 8.75 6
137.5 8.75 12
131.25 8.75 12
137.5 8.75 6
131.25 8.75 6
150 8.75 12
143.75 8.75 12
150 8.75 6
143.75 8.75 6
162.5 8.75 12
156.25 8.75 12
162.5 8.75 6
156.25 8.75 6
175.0000000000001 8.75 12
168.75 8.75 12
175.0000000000001 8.75 6
168.7500000000001 8.75 6
187.5 8.75 12
181.25 8.75 12
187.5 8.75 6
181.25 8.75 6
200 8.75 12
193.75 8.75 12
200 8.75 6
193.75 8.75 6
212.5000000000001 8.75 12
206.25 8.75 12
212.5000000000001 8.75 6
206.2500000000001 8.75 6
225 8.75 12
218.75 8.75 12
225 8.75 6
218.75 8.75 6
237.5000000000001 8.75 12
231.25 8.75 12
237.5000000000001 8.75 6
231.25 8.75 6
250 8.75 12
243.75 8.75 12
250 8.75 6
243.75 8.75 6
262.5 8.75 12
256.25 8.75 12
262.5 8.75 6
256.25 8.75 6
275 8.75 12
268.75 8.75 12
275 8.75 6
268.75 8.75 6
287.5 8.75 12
281.25 8.75 12
287.5000000000001 8.75 6
281.2500000000001 8.75 6
300 8.75 12
293.75 8.75 12
300.0000000000001 8.75 6
293.7500000000002 8.75 6
312.5 8.75 12
306.25 8.75 12
312.5 8.75 6
306.25 8.75 6
325 8.75 12
318.75 8.75 12
325 8.75 6
318.75 8.75 6
337.5 8.75 12
331.25 8.75 12
337.5 8.75 6
331.25 8.75 6
350.0000000000001 8.75 12
343.7500000000001 8.75 12
350.0000000000001 8.75 6
343.7500000000001 8.75 6
362.5000000000001 8.75 12
356.2500000000001 8.75 12
362.5000000000001 8.75 6
356.2500000000001 8.75 6
375 8.75 12
368.7500000000001 8.75 12
375 8.75 6
368.75 8.75 6
387.5 8.75 12
381.25 8.75 12
387.5 8.75 6
381.25 8.75 6
400 8.75 12
393.75 8.75 12
400 8.75 6
393.75 8.75 6
412.5000000000001 8.75 12
406.2500000000001 8.75 12
412.5000000000001 8.75 6
406.2500000000001 8.75 6
425.0000000000001 8.75 12
418.7500000000001 8.75 12
425.0000000000001 8.75 6
418.7500000000002 8.75 6
437.5 8.75 12
431.2500000000001 8.75 12
437.5 8.75 6
431.25 8.75 6
450 8.75 12
443.75 8.75 12
450 8.75 6
443.75 8.75 6
462.5 8.75 12
456.25 8.75 12
462.5 8.75 6
456.25 8.75 6
475.0000000000001 8.75 12
468.75 8.75 12
475.0000000000001 8.75 6
468.7500000000001 8.75 6
487.5000000000001 8.75 12
481.2500000000001 8.75 12
487.5000000000001 8.75 6
481.2500000000002 8.75 6
500 8.75 12
493.7500000000001 8.75 12
500 8.75 6
493.75 8.75 6
512.5 8.75 12
506.25 8.75 12
512.5000000000001 8.75 6
506.2500000000002 8.75 6
525 8.75 12
518.75 8.75 12
525 8.75 6
518.75 8.75 6
537.5 8.75 12
531.25 8.75 12
537.5 8.75 6
531.25 8.75 6
550 8.75 12
543.75 8.75 12
550 8.75 6
543.75 8.75 6
562.5 8.75 12
556.25 8.75 12
562.5 8.75 6
556.25 8.75 6
575 8.75 12
568.75 8.75 12
575.0000000000001 8.75 6
568.7500000000002 8.75 6
587.5 8.75 12
581.25 8.75 12
587.5 8.75 6
581.25 8.75 6
600 8.75 12
593.75 8.75 12
600.0000000000001 8.75 6
593.75 8.75 6
612.5 8.75 12
606.25 8.75 12
612.5 8.75 6
606.25 8.75 6
625 8.75 12
618.75 8.75 12
625 8.75 6
618.75 8.75 6
637.5 8.75 12
631.25 8.75 12
637.5000000000001 8.75 6
631.2500000000002 8.75 6
650 8.75 12
643.75 8.75 12
650 8.75 6
643.75 8.75 6
662.5 8.75 12
656.25 8.75 12
662.5000000000001 8.75 6
656.25 8.75 6
675 8.75 12
668.75 8.75 12
675 8.75 6
668.75 8.75 6
687.5 8.75 12
681.25 8.75 12
687.5 8.75 6
681.25 8.75 6
700.0000000000002 8.75 12
693.7500000000001 8.75 12
700.0000000000002 8.75 6
693.75 8.75 6
712.5 8.75 12
706.2500000000001 8.75 12
712.5 8.75 6
706.25 8.75 6
725.0000000000002 8.75 12
718.7500000000001 8.75 12
725.0000000000002 8.75 6
718.7500000000002 8.75 6
737.5 8.75 12
731.2500000000001 8.75 12
737.5 8.75 6
731.25 8.75 6
750 8.75 12
743.75 8.75 12
750 8.75 6
743.75 8.75 6
762.5000000000002 8.75 12
756.2500000000001 8.75 12
762.5000000000002 8.75 6
756.25 8.75 6
775 8.75 12
768.7500000000001 8.75 12
775 8.75 6
768.75 8.75 6
787.5000000000002 8.75 12
781.2500000000001 8.75 12
787.5000000000002 8.75 6
781.2500000000002 8.75 6
800 8.75 12
793.7500000000001 8.75 12
800 8.75 6
793.75 8.75 6
812.5 8.75 12
806.25 8.75 12
812.5 8.75 6
806.25 8.75 6
825.0000000000002 8.75 12
818.7500000000001 8.75 12
825.0000000000002 8.75 6
818.75 8.75 6
837.5 8.75 12
831.2500000000001 8.75 12
837.5 8.75 6
831.25 8.75 6
850.0000000000002 8.75 12
843.7500000000001 8.75 12
850.0000000000002 8.75 6
843.7500000000002 8.75 6
862.5 8.75 12
856.25 8.75 12
862.5 8.75 6
856.25 8.75 6
875 8.75 12
868.75 8.75 12
875 8.75 6
868.75 8.75 6
887.5000000000002 8.75 12
881.2500000000001 8.75 12
887.5000000000002 8.75 6
881.25 8.75 6
900 8.75 12
893.7500000000001 8.75 12
900 8.75 6
893.75 8.75 6
912.5000000000002 8.75 12
906.2500000000001 8.75 12
912.5000000000002 8.75 6
906.2500000000002 8.75 6
925 8.75 12
918.75 8.75 12
925 8.75 6
918.75 8.75 6
937.5 8.75 12
931.25 8.75 12
937.5 8.75 6
931.25 8.75 6
950.0000000000002 8.75 12
943.7500000000001 8.75 12
950.0000000000002 8.75 6
943.75 8.75 6
962.5 8.75 12
956.2500000000001 8.75 12
962.5 8.75 6
956.25 8.75 6
975.0000000000002 8.75 12
968.7500000000001 8.75 12
975.0000000000002 8.75 6
968.7500000000002 8.75 6
987.5 8.75 12
981.25 8.75 12
987.5 8.75 6
981.25 8.75 6
993.75 8.75 12
993.75 8.75 6
12.5 2.5 18
6.25 2.5 18
12.5 1.25 18
6.25 1.25 18
25 2.5 18
18.75 2.5 18
25 1.25 18
18.75 1.25 18
37.5 2.5 18
31.25 2.5 18
37.5 1.25 18
31.25 1.25 18
50 2.5 18
43.75 2.5 18
50 1.25 18
43.75 1.25 18
62.5 2.5 18
56.25 2.5 18
62.5 1.25 18
56.25 1.25 18
75 2.5 18
68.75 2.5 18
75 1.25 18
68.75 1.25 18
87.50000000000003 2.5 18
81.25 2.5 18
87.50000000000003 1.25 18
81.25000000000004 1.25 18
100 2.5 18
93.75000000000001 2.5 18
100 1.25 18
93.75000000000001 1.25 18
112.5 2.5 18
106.25 2.5 18
112.5 1.25 18
106.25 1.25 18
125 2.5 18
118.75 2.5 18
125 1.25 18
118.75 1.25 18
137.5 2.5 18
131.25 2.5 18
137.5 1.25 18
131.25 1.25 18
150 2.5 18
143.75 2.5 18
150 1.25 18
143.75 1.25 18
162.5 2.5 18
156.25 2.5 18
162.5 1.25 18
156.25 1.25 18
175.0000000000001 2.5 18
168.7500000000001 2.5 18
175.0000000000001 1.25 18
168.7500000000001 1.25 18
187.5 2.5 18
181.2500000000001 2.5 18
187.5 1.25 18
181.2500000000001 1.25 18
200 2.5 18
193.75 2.5 18
200 1.25 18
193.75 1.25 18
212.5000000000001 2.5 18
206.25 2.5 18
212.5 1.25 18
206.2500000000001 1.25 18
225 2.5 18
218.75 2.5 18
225 1.25 18
218.75 1.25 18
237.5000000000001 2.5 18
231.2500000000001 2.5 18
237.5000000000001 1.25 18
231.2500000000001 1.25 18
250 2.5 18
243.7500000000001 2.5 18
250 1.25 18
243.7500000000001 1.25 18
262.5 2.5 18
256.25 2.5 18
262.5 1.25 18
256.25 1.25 18
275 2.5 18
268.75 2.5 18
275 1.25 18
268.75 1.25 18
287.5000000000001 2.5 18
281.2500000000001 2.5 18
287.5000000000001 1.25 18
281.2500000000002 1.25 18
300 2.5 18
293.75 2.5 18
300 1.25 18
293.7500000000001 1.25 18
312.5 2.5 18
306.25 2.5 18
312.5 1.25 18
306.25 1.25 18
325 2.5 18
318.75 2.5 18
325 1.25 18
318.75 1.25 18
337.5 2.5 18
331.25 2.5 18
337.5 1.25 18
331.25 1.25 18
350.0000000000001 2.5 18
343.7500000000001 2.5 18
350.0000000000001 1.25 18
343.7500000000001 1.25 18
362.5000000000001 2.5 18
356.2500000000001 2.5 18
362.5000000000001 1.25 18
356.2499999999999 1.25 18
375 2.5 18
368.7500000000001 2.5 18
375 1.25 18
368.7500000000001 1.25 18
387.5 2.5 18
381.25 2.5 18
387.5 1.25 18
381.25 1.25 18
400 2.5 18
393.75 2.5 18
400 1.25 18
393.75 1.25 18
412.5000000000001 2.5 18
406.2500000000001 2.5 18
412.5000000000001 1.25 18
406.2500000000001 1.25 18
425.0000000000001 2.5 18
418.7500000000001 2.5 18
425.0000000000001 1.25 18
418.7499999999999 1.25 18
437.5 2.5 18
431.2500000000001 2.5 18
437.5 1.25 18
431.2500000000001 1.25 18
450 2.5 18
443.75 2.5 18
450 1.25 18
443.75 1.25 18
462.5 2.5 18
456.25 2.5 18
462.5 1.25 18
456.25 1.25 18
475.0000000000001 2.5 18
468.7500000000001 2.5 18
475.0000000000001 1.25 18
468.7500000000001 1.25 18
487.5000000000001 2.5 18
481.2500000000001 2.5 18
487.5000000000001 1.25 18
481.2499999999999 1.25 18
500 2.5 18
493.7500000000001 2.5 18
500 1.25 18
493.7500000000001 1.25 18
512.5000000000002 2.5 18
506.2500000000001 2.5 18
512.5000000000002 1.25 18
506.2500000000001 1.25 18
525 2.5 18
518.7500000000002 2.5 18
525 1.25 18
518.7500000000002 1.25 18
537.5 2.5 18
531.25 2.5 18
537.5 1.25 18
531.25 1.25 18
550 2.5 18
543.75 2.5 18
550 1.25 18
543.75 1.25 18
562.5 2.5 18
556.25 2.5 18
562.5 1.25 18
556.25 1.25 18
575.0000000000002 2.5 18
568.7500000000002 2.5 18
575.0000000000002 1.25 18
568.7500000000005 1.25 18
587.5 2.5 18
581.2500000000002 2.5 18
587.5 1.25 18
581.2500000000002 1.25 18
600 2.5 18
593.75 2.5 18
600 1.25 18
593.75 1.25 18
612.5 2.5 18
606.25 2.5 18
612.5 1.25 18
606.25 1.25 18
625 2.5 18
618.75 2.5 18
625 1.25 18
618.75 1.25 18
637.5 2.5 18
631.25 2.5 18
637.5 1.25 18
631.2500000000001 1.25 18
650 2.5 18
643.75 2.5 18
650 1.25 18
643.7500000000001 1.25 18
662.5 2.5 18
656.25 2.5 18
662.5 1.25 18
656.25 1.25 18
675 2.5 18
668.75 2.5 18
675 1.25 18
668.75 1.25 18
687.5 2.5 18
681.25 2.5 18
687.5 1.25 18
681.25 1.25 18
700.0000000000002 2.5 18
693.7500000000002 2.5 18
700.0000000000002 1.25 18
693.7500000000005 1.25 18
712.5 2.5 18
706.2500000000002 2.5 18
712.5 1.25 18
706.2500000000002 1.25 18
725.0000000000002 2.5 18
718.7500000000001 2.5 18
725.0000000000001 1.25 18
718.7500000000002 1.25 18
737.5 2.5 18
731.2500000000001 2.5 18
737.5 1.25 18
731.2500000000001 1.25 18
750 2.5 18
743.75 2.5 18
750 1.25 18
743.75 1.25 18
762.5000000000002 2.5 18
756.2500000000002 2.5 18
762.5000000000002 1.25 18
756.2500000000005 1.25 18
775 2.5 18
768.7500000000002 2.5 18
775 1.25 18
768.7500000000002 1.25 18
787.5000000000002 2.5 18
781.2500000000001 2.5 18
787.5000000000001 1.25 18
781.2500000000002 1.25 18
800 2.5 18
793.7500000000001 2.5 18
800 1.25 18
793.7500000000001 1.25 18
812.5 2.5 18
806.25 2.5 18
812.5 1.25 18
806.25 1.25 18
825.0000000000002 2.5 18
818.7500000000002 2.5 18
825.0000000000002 1.25 18
818.7500000000005 1.25 18
837.5 2.5 18
831.2500000000002 2.5 18
837.5 1.25 18
831.2500000000002 1.25 18
850.0000000000002 2.5 18
843.7500000000001 2.5 18
850.0000000000001 1.25 18
843.7500000000002 1.25 18
862.5 2.5 18
856.2500000000001 2.5 18
862.5 1.25 18
856.2500000000001 1.25 18
875 2.5 18
868.75 2.5 18
875 1.25 18
868.75 1.25 18
887.5000000000002 2.5 18
881.2500000000002 2.5 18
887.5000000000002 1.25 18
881.2500000000005 1.25 18
900 2.5 18
893.7500000000002 2.5 18
900 1.25 18
893.7500000000002 1.25 18
912.5000000000002 2.5 18
906.2500000000001 2.5 18
912.5000000000001 1.25 18
906.2500000000002 1.25 18
925 2.5 18
918.7500000000001 2.5 18
925 1.25 18
918.7500000000001 1.25 18
937.5 2.5 18
931.25 2.5 18
937.5 1.25 18
931.25 1.25 18
950.0000000000002 2.5 18
943.7500000000002 2.5 18
950.0000000000002 1.25 18
943.7500000000005 1.25 18
962.5 2.5 18
956.2500000000002 2.5 18
962.5 1.25 18
956.2500000000002 1.25 18
975.0000000000002 2.5 18
968.7500000000001 2.5 18
975.0000000000001 1.25 18
968.7500000000002 1.25 18
987.5 2.5 18
981.2500000000001 2.5 18
987.5 1.25 18
981.2500000000001 1.25 18
993.75 2.5 18
993.75 1.25 18
12.5 5 18
6.25 5 18
12.5 3.75 18
6.25 3.75 18
25 5 18
18.75 5 18
25 3.75 18
18.75 3.75 18
37.5 5 18
31.25 5 18
37.5 3.75 18
31.25 3.75 18
50 5 18
43.75 5 18
50 3.75 18
43.75 3.75 18
62.5 5 18
56.25 5 18
62.5 3.75 18
56.25 3.75 18
75 5 18
68.75 5 18
75 3.75 18
68.75 3.75 18
87.50000000000003 5 18
81.25000000000001 5 18
87.50000000000003 3.75 18
81.25000000000001 3.75 18
100 5 18
93.75000000000001 5 18
100 3.75 18
93.75000000000003 3.75 18
112.5 5 18
106.25 5 18
112.5 3.75 18
106.25 3.75 18
125 5 18
118.75 5 18
125 3.75 18
118.75 3.75 18
137.5 5 18
131.25 5 18
137.5 3.75 18
131.25 3.75 18
150 5 18
143.75 5 18
150 3.75 18
143.75 3.75 18
162.5 5 18
156.25 5 18
162.5 3.75 18
156.25 3.75 18
175.0000000000001 5 18
168.75 5 18
175.0000000000001 3.75 18
168.7500000000001 3.75 18
187.5 5 18
181.25 5 18
187.5 3.75 18
181.2500000000001 3.75 18
200 5 18
193.75 5 18
200 3.75 18
193.75 3.75 18
212.5000000000001 5 18
206.25 5 18
212.5000000000001 3.75 18
206.2500000000001 3.75 18
225 5 18
218.75 5 18
225 3.75 18
218.7500000000001 3.75 18
237.5000000000001 5 18
231.25 5 18
237.5000000000001 3.75 18
231.2500000000001 3.75 18
250 5 18
243.75 5 18
250 3.75 18
243.7500000000001 3.75 18
262.5 5 18
256.25 5 18
262.5 3.75 18
256.25 3.75 18
275 5 18
268.75 5 18
275 3.75 18
268.75 3.75 18
287.5 5 18
281.25 5 18
287.5 3.75 18
281.2500000000001 3.75 18
300 5 18
293.75 5 18
300 3.75 18
293.7500000000001 3.75 18
312.5 5 18
306.25 5 18
312.5 3.75 18
306.25 3.75 18
325 5 18
318.75 5 18
325 3.75 18
318.75 3.75 18
337.5 5 18
331.25 5 18
337.5 3.75 18
331.25 3.75 18
350.0000000000001 5 18
343.7500000000001 5 18
350.0000000000001 3.75 18
343.7500000000001 3.75 18
362.5000000000001 5 18
356.2500000000001 5 18
362.5000000000001 3.75 18
356.2500000000003 3.75 18
375 5 18
368.7500000000001 5 18
375 3.75 18
368.7500000000001 3.75 18
387.5 5 18
381.25 5 18
387.5 3.75 18
381.25 3.75 18
400 5 18
393.75 5 18
400 3.75 18
393.75 3.75 18
412.5000000000001 5 18
406.2500000000001 5 18
412.5000000000001 3.75 18
406.2500000000002 3.75 18
425.0000000000001 5 18
418.7500000000001 5 18
425.0000000000001 3.75 18
418.7500000000003 3.75 18
437.5 5 18
431.2500000000001 5 18
437.5 3.75 18
431.2500000000001 3.75 18
450 5 18
443.75 5 18
450 3.75 18
443.75 3.75 18
462.5 5 18
456.25 5 18
462.5 3.75 18
456.25 3.75 18
475.0000000000001 5 18
468.7500000000001 5 18
475.0000000000001 3.75 18
468.7500000000002 3.75 18
487.5000000000001 5 18
481.2500000000001 5 18
487.5000000000001 3.75 18
481.2500000000003 3.75 18
500 5 18
493.7500000000001 5 18
500 3.75 18
493.7500000000001 3.75 18
512.5 5 18
506.25 5 18
512.5 3.75 18
506.2500000000001 3.75 18
525 5 18
518.75 5 18
525 3.75 18
518.7500000000002 3.75 18
537.5 5 18
531.25 5 18
537.5 3.75 18
531.25 3.75 18
550 5 18
543.75 5 18
550 3.75 18
543.75 3.75 18
562.5 5 18
556.25 5 18
562.5 3.75 18
556.25 3.75 18
575 5 18
568.75 5 18
575 3.75 18
568.7500000000001 3.75 18
587.5 5 18
581.25 5 18
587.5 3.75 18
581.2500000000002 3.75 18
600 5 18
593.75 5 18
600 3.75 18
593.75 3.75 18
612.5 5 18
606.25 5 18
612.5 3.75 18
606.25 3.75 18
625 5 18
618.75 5 18
625 3.75 18
618.75 3.75 18
637.5 5 18
631.25 5 18
637.5 3.75 18
631.25 3.75 18
650 5 18
643.75 5 18
650 3.75 18
643.75 3.75 18
662.5 5 18
656.25 5 18
662.5 3.75 18
656.25 3.75 18
675 5 18
668.75 5 18
675 3.75 18
668.75 3.75 18
687.5 5 18
681.25 5 18
687.5 3.75 18
681.25 3.75 18
700.0000000000002 5 18
693.7500000000001 5 18
700.0000000000002 3.75 18
693.7500000000005 3.75 18
712.5 5 18
706.2500000000001 5 18
712.5 3.75 18
706.2500000000005 3.75 18
725.0000000000002 5 18
718.7500000000001 5 18
725.0000000000002 3.75 18
718.7500000000003 3.75 18
737.5 5 18
731.2500000000001 5 18
737.5 3.75 18
731.2500000000002 3.75 18
750 5 18
743.75 5 18
750 3.75 18
743.75 3.75 18
762.5000000000002 5 18
756.2500000000001 5 18
762.5000000000002 3.75 18
756.2500000000005 3.75 18
775 5 18
768.7500000000001 5 18
775 3.75 18
768.7500000000005 3.75 18
787.5000000000002 5 18
781.2500000000001 5 18
787.5000000000002 3.75 18
781.2500000000003 3.75 18
800 5 18
793.7500000000001 5 18
800 3.75 18
793.7500000000002 3.75 18
812.5 5 18
806.25 5 18
812.5 3.75 18
806.25 3.75 18
825.0000000000002 5 18
818.7500000000001 5 18
825.0000000000002 3.75 18
818.7500000000005 3.75 18
837.5 5 18
831.2500000000001 5 18
837.5 3.75 18
831.2500000000005 3.75 18
850.0000000000002 5 18
843.7500000000001 5 18
850.0000000000002 3.75 18
843.7500000000003 3.75 18
862.5 5 18
856.2500000000001 5 18
862.5 3.75 18
856.2500000000002 3.75 18
875 5 18
868.75 5 18
875 3.75 18
868.75 3.75 18
887.5000000000002 5 18
881.2500000000001 5 18
887.5000000000002 3.75 18
881.2500000000005 3.75 18
900 5 18
893.7500000000001 5 18
900 3.75 18
893.7500000000005 3.75 18
912.5000000000002 5 18
906.2500000000001 5 18
912.5000000000002 3.75 18
906.2500000000003 3.75 18
925 5 18
918.7500000000001 5 18
925 3.75 18
918.7500000000002 3.75 18
937.5 5 18
931.25 5 18
937.5 3.75 18
931.25 3.75 18
950.0000000000002 5 18
943.7500000000001 5 18
950.0000000000002 3.75 18
943.7500000000005 3.75 18
962.5 5 18
956.2500000000001 5 18
962.5 3.75 18
956.2500000000005 3.75 18
975.0000000000002 5 18
968.7500000000001 5 18
975.0000000000002 3.75 18
968.7500000000003 3.75 18
987.5 5 18
981.2500000000001 5 18
987.5 3.75 18
981.2500000000002 3.75 18
993.75 5 18
993.75 3.75 18
12.5 7.5 18
6.25 7.5 18
12.5 6.25 18
6.25 6.25 18
25 7.5 18
18.75 7.5 18
25 6.25 18
18.75 6.25 18
37.5 7.5 18
31.25 7.5 18
37.5 6.25 18
31.25 6.25 18
50 7.5 18
43.75 7.5 18
50 6.25 18
43.75 6.25 18
62.5 7.5 18
56.25 7.5 18
62.5 6.25 18
56.25 6.25 18
75 7.5 18
68.75 7.5 18
75 6.25 18
68.75 6.25 18
87.50000000000004 7.5 18
81.25000000000003 7.5 18
87.50000000000003 6.25 18
81.25 6.25 18
100 7.5 18
93.75000000000003 7.5 18
100 6.25 18
93.75000000000003 6.25 18
112.5 7.5 18
106.25 7.5 18
112.5 6.25 18
106.25 6.25 18
125 7.5 18
118.75 7.5 18
125 6.25 18
118.75 6.25 18
137.5 7.5 18
131.25 7.5 18
137.5 6.25 18
131.25 6.25 18
150 7.5 18
143.75 7.5 18
150 6.25 18
143.75 6.25 18
162.5 7.5 18
156.25 7.5 18
162.5 6.25 18
156.25 6.25 18
175.0000000000001 7.5 18
168.7500000000001 7.5 18
175.0000000000001 6.25 18
168.75 6.25 18
187.5 7.5 18
181.2500000000001 7.5 18
187.5 6.25 18
181.2500000000001 6.25 18
200 7.5 18
193.75 7.5 18
200 6.25 18
193.75 6.25 18
212.5000000000001 7.5 18
206.25 7.5 18
212.5000000000001 6.25 18
206.2500000000001 6.25 18
225 7.5 18
218.75 7.5 18
225 6.25 18
218.7500000000001 6.25 18
237.5000000000001 7.5 18
231.2500000000001 7.5 18
237.5000000000001 6.25 18
231.2500000000001 6.25 18
250 7.5 18
243.7500000000001 7.5 18
250 6.25 18
243.7500000000001 6.25 18
262.5 7.5 18
256.25 7.5 18
262.5 6.25 18
256.25 6.25 18
275 7.5 18
268.75 7.5 18
275 6.25 18
268.75 6.25 18
287.5000000000001 7.500000000000001 18
281.25 7.5 18
287.5 6.25 18
281.25 6.25 18
300 7.5 18
293.75 7.500000000000001 18
300 6.25 18
293.7499999999999 6.25 18
312.5 7.5 18
306.25 7.5 18
312.5 6.25 18
306.25 6.25 18
325 7.5 18
318.75 7.5 18
325 6.25 18
318.75 6.25 18
337.5 7.5 18
331.25 7.5 18
337.5 6.25 18
331.25 6.25 18
350.0000000000002 7.500000000000001 18
343.7500000000001 7.5 18
350.0000000000001 6.25 18
343.75 6.25 18
362.5000000000001 7.5 18
356.2500000000001 7.5 18
362.5000000000001 6.25 18
356.25 6.25 18
375 7.5 18
368.7500000000001 7.5 18
375 6.25 18
368.7500000000001 6.25 18
387.5 7.5 18
381.25 7.5 18
387.5 6.25 18
381.25 6.25 18
400 7.5 18
393.75 7.5 18
400 6.25 18
393.75 6.25 18
412.5000000000001 7.500000000000001 18
406.2500000000001 7.5 18
412.5000000000001 6.25 18
406.2500000000002 6.25 18
425.0000000000001 7.5 18
418.7500000000001 7.5 18
425.0000000000001 6.25 18
418.7500000000002 6.25 18
437.5 7.5 18
431.2500000000001 7.5 18
437.5 6.25 18
431.2500000000001 6.25 18
450 7.5 18
443.75 7.5 18
450 6.25 18
443.75 6.25 18
462.4999999999999 7.5 18
456.25 7.5 18
462.5 6.25 18
456.25 6.25 18
475.0000000000001 7.500000000000001 18
468.75 7.5 18
475.0000000000001 6.25 18
468.7500000000001 6.25 18
487.5000000000001 7.5 18
481.2500000000001 7.5 18
487.5000000000001 6.25 18
481.2500000000002 6.25 18
500 7.5 18
493.7500000000001 7.5 18
500 6.25 18
493.7500000000001 6.25 18
512.5000000000001 7.5 18
506.2500000000001 7.5 18
512.5 6.25 18
506.25 6.25 18
525 7.5 18
518.75 7.5 18
525 6.25 18
518.75 6.25 18
537.5 7.5 18
531.25 7.5 18
537.5 6.25 18
531.25 6.25 18
550 7.5 18
543.75 7.5 18
550 6.25 18
543.75 6.25 18
562.5 7.5 18
556.25 7.5 18
562.5 6.25 18
556.25 6.25 18
575.0000000000001 7.5 18
568.7500000000001 7.5 18
575 6.25 18
568.7500000000002 6.25 18
587.5 7.5 18
581.25 7.5 18
587.5 6.25 18
581.25 6.25 18
600 7.5 18
593.75 7.5 18
600 6.25 18
593.75 6.25 18
612.5 7.5 18
606.25 7.5 18
612.5 6.25 18
606.25 6.25 18
625 7.5 18
618.75 7.5 18
625 6.25 18
618.75 6.25 18
637.5000000000001 7.5 18
631.2500000000001 7.5 18
637.5 6.25 18
631.2500000000002 6.25 18
650 7.5 18
643.75 7.5 18
650 6.25 18
643.75 6.25 18
662.5 7.5 18
656.25 7.5 18
662.5 6.25 18
656.25 6.25 18
675 7.5 18
668.75 7.5 18
675 6.25 18
668.75 6.25 18
687.5 7.5 18
681.25 7.5 18
687.5 6.25 18
681.25 6.25 18
700.0000000000003 7.5 18
693.7500000000001 7.5 18
700.0000000000002 6.25 18
693.7500000000005 6.25 18
712.5 7.5 18
706.2500000000002 7.5 18
712.5 6.25 18
706.2500000000005 6.25 18
725.0000000000002 7.5 18
718.7500000000001 7.5 18
725.0000000000002 6.25 18
718.7500000000003 6.25 18
737.5 7.5 18
731.2500000000001 7.5 18
737.5 6.25 18
731.2500000000002 6.25 18
750 7.5 18
743.75 7.5 18
750 6.25 18
743.75 6.25 18
762.5000000000003 7.5 18
756.2500000000001 7.5 18
762.5000000000002 6.25 18
756.2500000000005 6.25 18
775 7.5 18
768.7500000000002 7.5 18
775 6.25 18
768.7500000000005 6.25 18
787.5000000000002 7.5 18
781.2500000000001 7.5 18
787.5000000000002 6.25 18
781.2500000000003 6.25 18
800 7.5 18
793.7500000000001 7.5 18
800 6.25 18
793.7500000000002 6.25 18
812.5 7.5 18
806.25 7.5 18
812.5 6.25 18
806.25 6.25 18
825.0000000000002 7.5 18
818.7500000000002 7.5 18
825.0000000000002 6.25 18
818.7500000000005 6.25 18
837.5 7.5 18
831.2500000000002 7.5 18
837.5 6.25 18
831.2500000000005 6.25 18
850.0000000000002 7.5 18
843.7500000000001 7.5 18
850.0000000000002 6.25 18
843.7500000000003 6.25 18
862.4999999999999 7.5 18
856.25 7.5 18
862.5 6.25 18
856.2500000000001 6.25 18
875 7.5 18
868.75 7.5 18
875 6.25 18
868.75 6.25 18
887.5000000000002 7.5 18
881.2500000000002 7.5 18
887.5000000000002 6.25 18
881.2500000000005 6.25 18
900 7.5 18
893.7500000000002 7.5 18
900 6.25 18
893.7500000000005 6.25 18
912.5000000000002 7.5 18
906.2500000000001 7.5 18
912.5000000000002 6.25 18
906.2500000000003 6.25 18
924.9999999999999 7.5 18
918.75 7.5 18
925 6.25 18
918.7500000000001 6.25 18
937.5 7.5 18
931.25 7.5 18
937.5 6.25 18
931.25 6.25 18
950.0000000000002 7.5 18
943.7500000000002 7.5 18
950.0000000000002 6.25 18
943.7500000000005 6.25 18
962.5 7.5 18
956.2500000000002 7.5 18
962.5 6.25 18
956.2500000000005 6.25 18
975.0000000000002 7.5 18
968.7500000000001 7.5 18
975.0000000000002 6.25 18
968.7500000000003 6.25 18
987.4999999999999 7.5 18
981.25 7.5 18
987.5 6.25 18
981.2500000000001 6.25 18
993.75 7.5 18
993.75 6.25 18
12.5 8.75 18
6.25 8.75 18
25 8.75 18
18.75 8.75 18
37.50000000000001 8.75 18
31.25000000000001 8.75 18
50 8.75 18
43.75 8.75 18
62.5 8.75 18
56.25 8.75 18
75.00000000000001 8.75 18
68.75 8.75 18
87.50000000000003 8.75 18
81.25000000000003 8.75 18
100 8.75 18
93.75000000000003 8.75 18
112.5 8.75 18
106.25 8.75 18
125 8.75 18
118.75 8.75 18
137.5 8.75 18
131.25 8.75 18
150 8.75 18
143.75 8.75 18
162.5 8.75 18
156.25 8.75 18
175.0000000000001 8.75 18
168.7500000000001 8.75 18
187.5 8.75 18
181.2500000000001 8.75 18
200 8.75 18
193.75 8.75 18
212.5000000000001 8.75 18
206.2500000000001 8.75 18
225 8.75 18
218.75 8.75 18
237.5000000000001 8.75 18
231.2500000000001 8.75 18
250 8.75 18
243.7500000000001 8.75 18
262.5 8.75 18
256.25 8.75 18
275 8.75 18
268.75 8.75 18
287.5000000000001 8.75 18
281.25 8.75 18
300.0000000000001 8.75 18
293.75 8.75 18
312.5 8.75 18
306.25 8.75 18
325 8.75 18
318.75 8.75 18
337.5 8.75 18
331.25 8.75 18
350.0000000000001 8.75 18
343.7500000000001 8.75 18
362.5000000000001 8.75 18
356.25 8.75 18
375 8.75 18
368.7500000000001 8.75 18
387.5 8.75 18
381.25 8.75 18
400 8.75 18
393.75 8.75 18
412.5000000000001 8.75 18
406.2500000000001 8.75 18
425.0000000000001 8.75 18
418.75 8.75 18
437.5 8.75 18
431.2500000000001 8.75 18
450 8.75 18
443.75 8.75 18
462.5 8.75 18
456.25 8.75 18
475.0000000000001 8.75 18
468.7500000000001 8.75 18
487.5000000000001 8.75 18
481.25 8.75 18
500 8.75 18
493.7500000000001 8.75 18
512.5000000000001 8.75 18
506.2500000000002 8.75 18
525 8.75 18
518.75 8.75 18
537.5 8.75 18
531.25 8.75 18
550 8.75 18
543.75 8.75 18
562.5 8.75 18
556.25 8.75 18
575.0000000000001 8.75 18
568.7500000000001 8.75 18
587.5 8.75 18
581.25 8.75 18
600.0000000000001 8.75 18
593.75 8.75 18
612.5 8.75 18
606.25 8.75 18
625 8.75 18
618.75 8.75 18
637.5000000000001 8.75 18
631.2500000000001 8.75 18
650 8.75 18
643.75 8.75 18
662.5000000000001 8.75 18
656.25 8.75 18
675 8.75 18
668.75 8.75 18
687.5 8.75 18
681.25 8.75 18
700.0000000000002 8.75 18
693.7500000000002 8.75 18
712.5 8.75 18
706.2500000000002 8.75 18
725.0000000000002 8.75 18
718.7500000000002 8.75 18
737.5 8.75 18
731.2500000000001 8.75 18
750 8.75 18
743.75 8.75 18
762.5000000000002 8.75 18
756.2500000000002 8.75 18
775 8.75 18
768.7500000000002 8.75 18
787.5000000000002 8.75 18
781.2500000000002 8.75 18
800 8.75 18
793.7500000000001 8.75 18
812.5 8.75 18
806.25 8.75 18
825.0000000000002 8.75 18
818.7500000000002 8.75 18
837.5 8.75 18
831.2500000000002 8.75 18
850.0000000000002 8.75 18
843.7500000000002 8.75 18
862.5 8.75 18
856.25 8.75 18
875 8.75 18
868.75 8.75 18
887.5000000000002 8.75 18
881.2500000000002 8.75 18
900 8.75 18
893.7500000000002 8.75 18
912.5000000000002 8.75 18
906.2500000000002 8.75 18
925 8.75 18
918.75 8.75 18
937.5 8.75 18
931.25 8.75 18
950.0000000000002 8.75 18
943.7500000000002 8.75 18
962.5 8.75 18
956.2500000000002 8.75 18
975.0000000000002 8.75 18
968.7500000000002 8.75 18
987.5 8.75 18
981.25 8.75 18
993.75 8.75 18
$EndNodes
$Elements
7 1616 1 1616
2 1 10 8
1 2 9 685 22 10 688 689 25 690 
2 22 685 686 23 689 691 692 26 693 
3 23 686 687 24 692 694 695 27 696 
4 24 687 19 4 695 697 20 28 698 
5 9 1 12 685 11 15 699 688 700 
6 685 12 13 686 699 16 701 691 702 
7 686 13 14 687 701 17 703 694 704 
8 687 14 3 19 703 18 21 697 705 
2 2 10 8
9 6 42 706 29 45 709 710 30 711 
10 42 43 707 706 46 712 713 709 714 
11 43 44 708 707 47 715 716 712 717 
12 44 8 39 708 48 40 718 715 719 
13 29 706 32 5 710 720 35 31 721 
14 706 707 33 32 713 722 36 720 723 
15 707 708 34 33 716 724 37 722 725 
16 708 39 7 34 718 41 38 724 726 
2 3 10 160
17 2 49 727 9 128 806 807 10 808 
18 9 727 208 1 807 809 287 11 810 
19 49 50 728 727 129 811 812 806 813 
20 727 728 209 208 812 814 288 809 815 
21 50 51 729 728 130 816 817 811 818 
22 728 729 210 209 817 819 289 814 820 
23 51 52 730 729 131 821 822 816 823 
24 729 730 211 210 822 824 290 819 825 
25 52 53 731 730 132 826 827 821 828 
26 730 731 212 211 827 829 291 824 830 
27 53 54 732 731 133 831 832 826 833 
28 731 732 213 212 832 834 292 829 835 
29 54 55 733 732 134 836 837 831 838 
30 732 733 214 213 837 839 293 834 840 
31 55 56 734 733 135 841 842 836 843 
32 733 734 215 214 842 844 294 839 845 
33 56 57 735 734 136 846 847 841 848 
34 734 735 216 215 847 849 295 844 850 
35 57 58 736 735 137 851 852 846 853 
36 735 736 217 216 852 854 296 849 855 
37 58 59 737 736 138 856 857 851 858 
38 736 737 218 217 857 859 297 854 860 
39 59 60 738 737 139 861 862 856 863 
40 737 738 219 218 862 864 298 859 865 
41 60 61 739 738 140 866 867 861 868 
42 738 739 220 219 867 869 299 864 870 
43 61 62 740 739 141 871 872 866 873 
44 739 740 221 220 872 874 300 869 875 
45 62 63 741 740 142 876 877 871 878 
46 740 741 222 221 877 879 301 874 880 
47 63 64 742 741 143 881 882 876 883 
48 741 742 223 222 882 884 302 879 885 
49 64 65 743 742 144 886 887 881 888 
50 742 743 224 223 887 889 303 884 890 
51 65 66 744 743 145 891 892 886 893 
52 743 744 225 224 892 894 304 889 895 
53 66 67 745 744 146 896 897 891 898 
54 744 745 226 225 897 899 305 894 900 
55 67 68 746 745 147 901 902 896 903 
56 745 746 227 226 902 904 306 899 905 
57 68 69 747 746 148 906 907 901 908 
58 746 747 228 227 907 909 307 904 910 
59 69 70 748 747 149 911 912 906 913 
60 747 748 229 228 912 914 308 909 915 
61 70 71 749 748 150 916 917 911 918 
62 748 749 230 229 917 919 309 914 920 
63 71 72 750 749 151 921 922 916 923 
64 749 750 231 230 922 924 310 919 925 
65 72 73 751 750 152 926 927 921 928 
66 750 751 232 231 927 929 311 924 930 
67 73 74 752 751 153 931 932 926 933 
68 751 752 233 232 932 934 312 929 935 
69 74 75 753 752 154 936 937 931 938 
70 752 753 234 233 937 939 313 934 940 
71 75 76 754 753 155 941 942 936 943 
72 753 754 235 234 942 944 314 939 945 
73 76 77 755 754 156 946 947 941 948 
74 754 755 236 235 947 949 315 944 950 
75 77 78 756 755 157 951 952 946 953 
76 755 756 237 236 952 954 316 949 955 
77 78 79 757 756 158 956 957 951 958 
78 756 757 238 237 957 959 317 954 960 
79 79 80 758 757 159 961 962 956 963 
80 757 758 239 238 962 964 318 959 965 
81 80 81 759 758 160 966 967 961 968 
82 758 759 240 239 967 969 319 964 970 
83 81 82 760 759 161 971 972 966 973 
84 759 760 241 240 972 974 320 969 975 
85 82 83 761 760 162 976 977 971 978 
86 760 761 242 241 977 979 321 974 980 
87 83 84 762 761 163 981 982 976 983 
88 761 762 243 242 982 984 322 979 985 
89 84 85 763 762 164 986 987 981 988 
90 762 763 244 243 987 989 323 984 990 
91 85 86 764 763 165 991 992 986 993 
92 763 764 245 244 992 994 324 989 995 
93 86 87 765 764 166 996 997 991 998 
94 764 765 246 245 997 999 325 994 1000 
95 87 88 766 765 167 1001 1002 996 1003 
96 765 766 247 246 1002 1004 326 999 1005 
97 88 89 767 766 168 1006 1007 1001 1008 
98 766 767 248 247 1007 1009 327 1004 1010 
99 89 90 768 767 169 1011 1012 1006 1013 
100 767 768 249 248 1012 1014 328 1009 1015 
101 90 91 769 768 170 1016 1017 1011 1018 
102 768 769 250 249 1017 1019 329 1014 1020 
103 91 92 770 769 171 1021 1022 1016 1023 
104 769 770 251 250 1022 1024 330 1019 1025 
105 92 93 771 770 172 1026 1027 1021 1028 
106 770 771 252 251 1027 1029 331 1024 1030 
107 93 94 772 771 173 1031 1032 1026 1033 
108 771 772 253 252 1032 1034 332 1029 1035 
109 94 95 773 772 174 1036 1037 1031 1038 
110 772 773 254 253 1037 1039 333 1034 1040 
111 95 96 774 773 175 1041 1042 1036 1043 
112 773 774 255 254 1042 1044 334 1039 1045 
113 96 97 775 774 176 1046 1047 1041 1048 
114 774 775 256 255 1047 1049 335 1044 1050 
115 97 98 776 775 177 1051 1052 1046 1053 
116 775 776 257 256 1052 1054 336 1049 1055 
117 98 99 777 776 178 1056 1057 1051 1058 
118 776 777 258 257 1057 1059 337 1054 1060 
119 99 100 778 777 179 1061 1062 1056 1063 
120 777 778 259 258 1062 1064 338 1059 1065 
121 100 101 779 778 180 1066 1067 1061 1068 
122 778 779 260 259 1067 1069 339 1064 1070 
123 101 102 780 779 181 1071 1072 1066 1073 
124 779 780 261 260 1072 1074 340 1069 1075 
125 102 103 781 780 182 1076 1077 1071 1078 
126 780 781 262 261 1077 1079 341 1074 1080 
127 103 104 782 781 183 1081 1082 1076 1083 
128 781 782 263 262 1082 1084 342 1079 1085 
129 104 105 783 782 184 1086 1087 1081 1088 
130 782 783 264 263 1087 1089 343 1084 1090 
131 105 106 784 783 185 1091 1092 1086 1093 
132 783 784 265 264 1092 1094 344 1089 1095 
133 106 107 785 784 186 1096 1097 1091 1098 
134 784 785 266 265 1097 1099 345 1094 1100 
135 107 108 786 785 187 1101 1102 1096 1103 
136 785 786 267 266 1102 1104 346 1099 1105 
137 108 109 787 786 188 1106 1107 1101 1108 
138 786 787 268 267 1107 1109 347 1104 1110 
139 109 110 788 787 189 1111 1112 1106 1113 
140 787 788 269 268 1112 1114 348 1109 1115 
141 110 111 789 788 190 1116 1117 1111 1118 
142 788 789 270 269 1117 1119 349 1114 1120 
143 111 112 790 789 191 1121 1122 1116 1123 
144 789 790 271 270 1122 1124 350 1119 1125 
145 112 113 791 790 192 1126 1127 1121 1128 
146 790 791 272 271 1127 1129 351 1124 1130 
147 113 114 792 791 193 1131 1132 1126 1133 
148 791 792 273 272 1132 1134 352 1129 1135 
149 114 115 793 792 194 1136 1137 1131 1138 
150 792 793 274 273 1137 1139 353 1134 1140 
151 115 116 794 793 195 1141 1142 1136 1143 
152 793 794 275 274 1142 1144 354 1139 1145 
153 116 117 795 794 196 1146 1147 1141 1148 
154 794 795 276 275 1147 1149 355 1144 1150 
155 117 118 796 795 197 1151 1152 1146 1153 
156 795 796 277 276 1152 1154 356 1149 1155 
157 118 119 797 796 198 1156 1157 1151 1158 
158 796 797 278 277 1157 1159 357 1154 1160 
159 119 120 798 797 199 1161 1162 1156 1163 
160 797 798 279 278 1162 1164 358 1159 1165 
161 120 121 799 798 200 1166 1167 1161 1168 
162 798 799 280 279 1167 1169 359 1164 1170 
163 121 122 800 799 201 1171 1172 1166 1173 
164 799 800 281 280 1172 1174 360 1169 1175 
165 122 123 801 800 202 1176 1177 1171 1178 
166 800 801 282 281 1177 1179 361 1174 1180 
167 123 124 802 801 203 1181 1182 1176 1183 
168 801 802 283 282 1182 1184 362 1179 1185 
169 124 125 803 802 204 1186 1187 1181 1188 
170 802 803 284 283 1187 1189 363 1184 1190 
171 125 126 804 803 205 1191 1192 1186 1193 
172 803 804 285 284 1192 1194 364 1189 1195 
173 126 127 805 804 206 1196 1197 1191 1198 
174 804 805 286 285 1197 1199 365 1194 1200 
175 127 6 29 805 207 30 1201 1196 1202 
176 805 29 5 286 1201 31 366 1199 1203 
2 4 10 160
177 4 19 1204 367 20 1283 1284 446 1285 
178 19 3 526 1204 21 605 1286 1283 1287 
179 367 1204 1205 368 1284 1288 1289 447 1290 
180 1204 526 527 1205 1286 606 1291 1288 1292 
181 368 1205 1206 369 1289 1293 1294 448 1295 
182 1205 527 528 1206 1291 607 1296 1293 1297 
183 369 1206 1207 370 1294 1298 1299 449 1300 
184 1206 528 529 1207 1296 608 1301 1298 1302 
185 370 1207 1208 371 1299 1303 1304 450 1305 
186 1207 529 530 1208 1301 609 1306 1303 1307 
187 371 1208 1209 372 1304 1308 1309 451 1310 
188 1208 530 531 1209 1306 610 1311 1308 1312 
189 372 1209 1210 373 1309 1313 1314 452 1315 
190 1209 531 532 1210 1311 611 1316 1313 1317 
191 373 1210 1211 374 1314 1318 1319 453 1320 
192 1210 532 533 1211 1316 612 1321 1318 1322 
193 374 1211 1212 375 1319 1323 1324 454 1325 
194 1211 533 534 1212 1321 613 1326 1323 1327 
195 375 1212 1213 376 1324 1328 1329 455 1330 
196 1212 534 535 1213 1326 614 1331 1328 1332 
197 376 1213 1214 377 1329 1333 1334 456 1335 
198 1213 535 536 1214 1331 615 1336 1333 1337 
199 377 1214 1215 378 1334 1338 1339 457 1340 
200 1214 536 537 1215 1336 616 1341 1338 1342 
201 378 1215 1216 379 1339 1343 1344 458 1345 
202 1215 537 538 1216 1341 617 1346 1343 1347 
203 379 1216 1217 380 1344 1348 1349 459 1350 
204 1216 538 539 1217 1346 618 1351 1348 1352 
205 380 1217 1218 381 1349 1353 1354 460 1355 
206 1217 539 540 1218 1351 619 1356 1353 1357 
207 381 1218 1219 382 1354 1358 1359 461 1360 
208 1218 540 541 1219 1356 620 1361 1358 1362 
209 382 1219 1220 383 1359 1363 1364 462 1365 
210 1219 541 542 1220 1361 621 1366 1363 1367 
211 383 1220 1221 384 1364 1368 1369 463 1370 
212 1220 542 543 1221 1366 622 1371 1368 1372 
213 384 1221 1222 385 1369 1373 1374 464 1375 
214 1221 543 544 1222 1371 623 1376 1373 1377 
215 385 1222 1223 386 1374 1378 1379 465 1380 
216 1222 544 545 1223 1376 624 1381 1378 1382 
217 386 1223 1224 387 1379 1383 1384 466 1385 
218 1223 545 546 1224 1381 625 1386 1383 1387 
219 387 1224 1225 388 1384 1388 1389 467 1390 
220 1224 546 547 1225 1386 626 1391 1388 1392 
221 388 1225 1226 389 1389 1393 1394 468 1395 
222 1225 547 548 1226 1391 627 1396 1393 1397 
223 389 1226 1227 390 1394 1398 1399 469 1400 
224 1226 548 549 1227 1396 628 1401 1398 1402 
225 390 1227 1228 391 1399 1403 1404 470 1405 
226 1227 549 550 1228 1401 629 1406 1403 1407 
227 391 1228 1229 392 1404 1408 1409 471 1410 
228 1228 550 551 1229 1406 630 1411 1408 1412 
229 392 1229 1230 393 1409 1413 1414 472 1415 
230 1229 551 552 1230 1411 631 1416 1413 1417 
231 393 1230 1231 394 1414 1418 1419 473 1420 
232 1230 552 553 1231 1416 632 1421 1418 1422 
233 394 1231 1232 395 1419 1423 1424 474 1425 
234 1231 553 554 1232 1421 633 1426 1423 1427 
235 395 1232 1233 396 1424 1428 1429 475 1430 
236 1232 554 555 1233 1426 634 1431 1428 1432 
237 396 1233 1234 397 1429 1433 1434 476 1435 
238 1233 555 556 1234 1431 635 1436 1433 1437 
239 397 1234 1235 398 1434 1438 1439 477 1440 
240 1234 556 557 1235 1436 636 1441 1438 1442 
241 398 1235 1236 399 1439 1443 1444 478 1445 
242 1235 557 558 1236 1441 637 1446 1443 1447 
243 399 1236 1237 400 1444 1448 1449 479 1450 
244 1236 558 559 1237 1446 638 1451 1448 1452 
245 400 1237 1238 401 1449 1453 1454 480 1455 
246 1237 559 560 1238 1451 639 1456 1453 1457 
247 401 1238 1239 402 1454 1458 1459 481 1460 
248 1238 560 561 1239 1456 640 1461 1458 1462 
249 402 1239 1240 403 1459 1463 1464 482 1465 
250 1239 561 562 1240 1461 641 1466 1463 1467 
251 403 1240 1241 404 1464 1468 1469 483 1470 
252 1240 562 563 1241 1466 642 1471 1468 1472 
253 404 1241 1242 405 1469 1473 1474 484 1475 
254 1241 563 564 1242 1471 643 1476 1473 1477 
255 405 1242 1243 406 1474 1478 1479 485 1480 
256 1242 564 565 1243 1476 644 1481 1478 1482 
257 406 1243 1244 407 1479 1483 1484 486 1485 
258 1243 565 566 1244 1481 645 1486 1483 1487 
259 407 1244 1245 408 1484 1488 1489 487 1490 
260 1244 566 567 1245 1486 646 1491 1488 1492 
261 408 1245 1246 409 1489 1493 1494 488 1495 
262 1245 567 568 1246 1491 647 1496 1493 1497 
263 409 1246 1247 410 1494 1498 1499 489 1500 
264 1246 568 569 1247 1496 648 1501 1498 1502 
265 410 1247 1248 411 1499 1503 1504 490 1505 
266 1247 569 570 1248 1501 649 1506 1503 1507 
267 411 1248 1249 412 1504 1508 1509 491 1510 
268 1248 570 571 1249 1506 650 1511 1508 1512 
269 412 1249 1250 413 1509 1513 1514 492 1515 
270 1249 571 572 1250 1511 651 1516 1513 1517 
271 413 1250 1251 414 1514 1518 1519 493 1520 
272 1250 572 573 1251 1516 652 1521 1518 1522 
273 414 1251 1252 415 1519 1523 1524 494 1525 
274 1251 573 574 1252 1521 653 1526 1523 1527 
275 415 1252 1253 416 1524 1528 1529 495 1530 
276 1252 574 575 1253 1526 654 1531 1528 1532 
277 416 1253 1254 417 1529 1533 1534 496 1535 
278 1253 575 576 1254 1531 655 1536 1533 1537 
279 417 1254 1255 418 1534 1538 1539 497 1540 
280 1254 576 577 1255 1536 656 1541 1538 1542 
281 418 1255 1256 419 1539 1543 1544 498 1545 
282 1255 577 578 1256 1541 657 1546 1543 1547 
283 419 1256 1257 420 1544 1548 1549 499 1550 
284 1256 578 579 1257 1546 658 1551 1548 1552 
285 420 1257 1258 421 1549 1553 1554 500 1555 
286 1257 579 580 1258 1551 659 1556 1553 1557 
287 421 1258 1259 422 1554 1558 1559 501 1560 
288 1258 580 581 1259 1556 660 1561 1558 1562 
289 422 1259 1260 423 1559 1563 1564 502 1565 
290 1259 581 582 1260 1561 661 1566 1563 1567 
291 423 1260 1261 424 1564 1568 1569 503 1570 
292 1260 582 583 1261 1566 662 1571 1568 1572 
293 424 1261 1262 425 1569 1573 1574 504 1575 
294 1261 583 584 1262 1571 663 1576 1573 1577 
295 425 1262 1263 426 1574 1578 1579 505 1580 
296 1262 584 585 1263 1576 664 1581 1578 1582 
297 426 1263 1264 427 1579 1583 1584 506 1585 
298 1263 585 586 1264 1581 665 1586 1583 1587 
299 427 1264 1265 428 1584 1588 1589 507 1590 
300 1264 586 587 1265 1586 666 1591 1588 1592 
301 428 1265 1266 429 1589 1593 1594 508 1595 
302 1265 587 588 1266 1591 667 1596 1593 1597 
303 429 1266 1267 430 1594 1598 1599 509 1600 
304 1266 588 589 1267 1596 668 1601 1598 1602 
305 430 1267 1268 431 1599 1603 1604 510 1605 
306 1267 589 590 1268 1601 669 1606 1603 1607 
307 431 1268 1269 432 1604 1608 1609 511 1610 
308 1268 590 591 1269 1606 670 1611 1608 1612 
309 432 1269 1270 433 1609 1613 1614 512 1615 
310 1269 591 592 1270 1611 671 1616 1613 1617 
311 433 1270 1271 434 1614 1618 1619 513 1620 
312 1270 592 593 1271 1616 672 1621 1618 1622 
313 434 1271 1272 435 1619 1623 1624 514 1625 
314 1271 593 594 1272 1621 673 1626 1623 1627 
315 435 1272 1273 436 1624 1628 1629 515 1630 
316 1272 594 595 1273 1626 674 1631 1628 1632 
317 436 1273 1274 437 1629 1633 1634 516 1635 
318 1273 595 596 1274 1631 675 1636 1633 1637 
319 437 1274 1275 438 1634 1638 1639 517 1640 
320 1274 596 597 1275 1636 676 1641 1638 1642 
321 438 1275 1276 439 1639 1643 1644 518 1645 
322 1275 597 598 1276 1641 677 1646 1643 1647 
323 439 1276 1277 440 1644 1648 1649 519 1650 
324 1276 598 599 1277 1646 678 1651 1648 1652 
325 440 1277 1278 441 1649 1653 1654 520 1655 
326 1277 599 600 1278 1651 679 1656 1653 1657 
327 441 1278 1279 442 1654 1658 1659 521 1660 
328 1278 600 601 1279 1656 680 1661 1658 1662 
329 442 1279 1280 443 1659 1663 1664 522 1665 
330 1279 601 602 1280 1661 681 1666 1663 1667 
331 443 1280 1281 444 1664 1668 1669 523 1670 
332 1280 602 603 1281 1666 682 1671 1668 1672 
333 444 1281 1282 445 1669 1673 1674 524 1675 
334 1281 603 604 1282 1671 683 1676 1673 1677 
335 445 1282 39 8 1674 1678 40 525 1679 
336 1282 604 7 39 1676 684 41 1678 1680 
2 5 10 320
337 2 22 1681 49 25 1918 1919 128 1920 
338 49 1681 1682 50 1919 1921 1922 129 1923 
339 50 1682 1683 51 1922 1924 1925 130 1926 
340 51 1683 1684 52 1925 1927 1928 131 1929 
341 52 1684 1685 53 1928 1930 1931 132 1932 
342 53 1685 1686 54 1931 1933 1934 133 1935 
343 54 1686 1687 55 1934 1936 1937 134 1938 
344 55 1687 1688 56 1937 1939 1940 135 1941 
345 56 1688 1689 57 1940 1942 1943 136 1944 
346 57 1689 1690 58 1943 1945 1946 137 1947 
347 58 1690 1691 59 1946 1948 1949 138 1950 
348 59 1691 1692 60 1949 1951 1952 139 1953 
349 60 1692 1693 61 1952 1954 1955 140 1956 
350 61 1693 1694 62 1955 1957 1958 141 1959 
351 62 1694 1695 63 1958 1960 1961 142 1962 
352 63 1695 1696 64 1961 1963 1964 143 1965 
353 64 1696 1697 65 1964 1966 1967 144 1968 
354 65 1697 1698 66 1967 1969 1970 145 1971 
355 66 1698 1699 67 1970 1972 1973 146 1974 
356 67 1699 1700 68 1973 1975 1976 147 1977 
357 68 1700 1701 69 1976 1978 1979 148 1980 
358 69 1701 1702 70 1979 1981 1982 149 1983 
359 70 1702 1703 71 1982 1984 1985 150 1986 
360 71 1703 1704 72 1985 1987 1988 151 1989 
361 72 1704 1705 73 1988 1990 1991 152 1992 
362 73 1705 1706 74 1991 1993 1994 153 1995 
363 74 1706 1707 75 1994 1996 1997 154 1998 
364 75 1707 1708 76 1997 1999 2000 155 2001 
365 76 1708 1709 77 2000 2002 2003 156 2004 
366 77 1709 1710 78 2003 2005 2006 157 2007 
367 78 1710 1711 79 2006 2008 2009 158 2010 
368 79 1711 1712 80 2009 2011 2012 159 2013 
369 80 1712 1713 81 2012 2014 2015 160 2016 
370 81 1713 1714 82 2015 2017 2018 161 2019 
371 82 1714 1715 83 2018 2020 2021 162 2022 
372 83 1715 1716 84 2021 2023 2024 163 2025 
373 84 1716 1717 85 2024 2026 2027 164 2028 
374 85 1717 1718 86 2027 2029 2030 165 2031 
375 86 1718 1719 87 2030 2032 2033 166 2034 
376 87 1719 1720 88 2033 2035 2036 167 2037 
377 88 1720 1721 89 2036 2038 2039 168 2040 
378 89 1721 1722 90 2039 2041 2042 169 2043 
379 90 1722 1723 91 2042 2044 2045 170 2046 
380 91 1723 1724 92 2045 2047 2048 171 2049 
381 92 1724 1725 93 2048 2050 2051 172 2052 
382 93 1725 1726 94 2051 2053 2054 173 2055 
383 94 1726 1727 95 2054 2056 2057 174 2058 
384 95 1727 1728 96 2057 2059 2060 175 2061 
385 96 1728 1729 97 2060 2062 2063 176 2064 
386 97 1729 1730 98 2063 2065 2066 177 2067 
387 98 1730 1731 99 2066 2068 2069 178 2070 
388 99 1731 1732 100 2069 2071 2072 179 2073 
389 100 1732 1733 101 2072 2074 2075 180 2076 
390 101 1733 1734 102 2075 2077 2078 181 2079 
391 102 1734 1735 103 2078 2080 2081 182 2082 
392 103 1735 1736 104 2081 2083 2084 183 2085 
393 104 1736 1737 105 2084 2086 2087 184 2088 
394 105 1737 1738 106 2087 2089 2090 185 2091 
395 106 1738 1739 107 2090 2092 2093 186 2094 
396 107 1739 1740 108 2093 2095 2096 187 2097 
397 108 1740 1741 109 2096 2098 2099 188 2100 
398 109 1741 1742 110 2099 2101 2102 189 2103 
399 110 1742 1743 111 2102 2104 2105 190 2106 
400 111 1743 1744 112 2105 2107 2108 191 2109 
401 112 1744 1745 113 2108 2110 2111 192 2112 
402 113 1745 1746 114 2111 2113 2114 193 2115 
403 114 1746 1747 115 2114 2116 2117 194 2118 
404 115 1747 1748 116 2117 2119 2120 195 2121 
405 116 1748 1749 117 2120 2122 2123 196 2124 
406 117 1749 1750 118 2123 2125 2126 197 2127 
407 118 1750 1751 119 2126 2128 2129 198 2130 
408 119 1751 1752 120 2129 2131 2132 199 2133 
409 120 1752 1753 121 2132 2134 2135 200 2136 
410 121 1753 1754 122 2135 2137 2138 201 2139 
411 122 1754 1755 123 2138 2140 2141 202 2142 
412 123 1755 1756 124 2141 2143 2144 203 2145 
413 124 1756 1757 125 2144 2146 2147 204 2148 
414 125 1757 1758 126 2147 2149 2150 205 2151 
415 126 1758 1759 127 2150 2152 2153 206 2154 
416 127 1759 42 6 2153 2155 45 207 2156 
417 22 23 1760 1681 26 2157 2158 1918 2159 
418 1681 1760 1761 1682 2158 2160 2161 1921 2162 
419 1682 1761 1762 1683 2161 2163 2164 1924 2165 
420 1683 1762 1763 1684 2164 2166 2167 1927 2168 
421 1684 1763 1764 1685 2167 2169 2170 1930 2171 
422 1685 1764 1765 1686 2170 2172 2173 1933 2174 
423 1686 1765 1766 1687 2173 2175 2176 1936 2177 
424 1687 1766 1767 1688 2176 2178 2179 1939 2180 
425 1688 1767 1768 1689 2179 2181 2182 1942 2183 
426 1689 1768 1769 1690 2182 2184 2185 1945 2186 
427 1690 1769 1770 1691 2185 2187 2188 1948 2189 
428 1691 1770 1771 1692 2188 2190 2191 1951 2192 
429 1692 1771 1772 1693 2191 2193 2194 1954 2195 
430 1693 1772 1773 1694 2194 2196 2197 1957 2198 
431 1694 1773 1774 1695 2197 2199 2200 1960 2201 
432 1695 1774 1775 1696 2200 2202 2203 1963 2204 
433 1696 1775 1776 1697 2203 2205 2206 1966 2207 
434 1697 1776 1777 1698 2206 2208 2209 1969 2210 
435 1698 1777 1778 1699 2209 2211 2212 1972 2213 
436 1699 1778 1779 1700 2212 2214 2215 1975 2216 
437 1700 1779 1780 1701 2215 2217 2218 1978 2219 
438 1701 1780 1781 1702 2218 2220 2221 1981 2222 
439 1702 1781 1782 1703 2221 2223 2224 1984 2225 
440 1703 1782 1783 1704 2224 2226 2227 1987 2228 
441 1704 1783 1784 1705 2227 2229 2230 1990 2231 
442 1705 1784 1785 1706 2230 2232 2233 1993 2234 
443 1706 1785 1786 1707 2233 2235 2236 1996 2237 
444 1707 1786 1787 1708 2236 2238 2239 1999 2240 
445 1708 1787 1788 1709 2239 2241 2242 2002 2243 
446 1709 1788 1789 1710 2242 2244 2245 2005 2246 
447 1710 1789 1790 1711 2245 2247 2248 2008 2249 
448 1711 1790 1791 1712 2248 2250 2251 2011 2252 
449 1712 1791 1792 1713 2251 2253 2254 2014 2255 
450 1713 1792 1793 1714 2254 2256 2257 2017 2258 
451 1714 1793 1794 1715 2257 2259 2260 2020 2261 
452 1715 1794 1795 1716 2260 2262 2263 2023 2264 
453 1716 1795 1796 1717 2263 2265 2266 2026 2267 
454 1717 1796 1797 1718 2266 2268 2269 2029 2270 
455 1718 1797 1798 1719 2269 2271 2272 2032 2273 
456 1719 1798 1799 1720 2272 2274 2275 2035 2276 
457 1720 1799 1800 1721 2275 2277 2278 2038 2279 
458 1721 1800 1801 1722 2278 2280 2281 2041 2282 
459 1722 1801 1802 1723 2281 2283 2284 2044 2285 
460 1723 1802 1803 1724 2284 2286 2287 2047 2288 
461 1724 1803 1804 1725 2287 2289 2290 2050 2291 
462 1725 1804 1805 1726 2290 2292 2293 2053 2294 
463 1726 1805 1806 1727 2293 2295 2296 2056 2297 
464 1727 1806 1807 1728 2296 2298 2299 2059 2300 
465 1728 1807 1808 1729 2299 2301 2302 2062 2303 
466 1729 1808 1809 1730 2302 2304 2305 2065 2306 
467 1730 1809 1810 1731 2305 2307 2308 2068 2309 
468 1731 1810 1811 1732 2308 2310 2311 2071 2312 
469 1732 1811 1812 1733 2311 2313 2314 2074 2315 
470 1733 1812 1813 1734 2314 2316 2317 2077 2318 
471 1734 1813 1814 1735 2317 2319 2320 2080 2321 
472 1735 1814 1815 1736 2320 2322 2323 2083 2324 
473 1736 1815 1816 1737 2323 2325 2326 2086 2327 
474 1737 1816 1817 1738 2326 2328 2329 2089 2330 
475 1738 1817 1818 1739 2329 2331 2332 2092 2333 
476 1739 1818 1819 1740 2332 2334 2335 2095 2336 
477 1740 1819 1820 1741 2335 2337 2338 2098 2339 
478 1741 1820 1821 1742 2338 2340 2341 2101 2342 
479 1742 1821 1822 1743 2341 2343 2344 2104 2345 
480 1743 1822 1823 1744 2344 2346 2347 2107 2348 
481 1744 1823 1824 1745 2347 2349 2350 2110 2351 
482 1745 1824 1825 1746 2350 2352 2353 2113 2354 
483 1746 1825 1826 1747 2353 2355 2356 2116 2357 
484 1747 1826 1827 1748 2356 2358 2359 2119 2360 
485 1748 1827 1828 1749 2359 2361 2362 2122 2363 
486 1749 1828 1829 1750 2362 2364 2365 2125 2366 
487 1750 1829 1830 1751 2365 2367 2368 2128 2369 
488 1751 1830 1831 1752 2368 2370 2371 2131 2372 
489 1752 1831 1832 1753 2371 2373 2374 2134 2375 
490 1753 1832 1833 1754 2374 2376 2377 2137 2378 
491 1754 1833 1834 1755 2377 2379 2380 2140 2381 
492 1755 1834 1835 1756 2380 2382 2383 2143 2384 
493 1756 1835 1836 1757 2383 2385 2386 2146 2387 
494 1757 1836 1837 1758 2386 2388 2389 2149 2390 
495 1758 1837 1838 1759 2389 2391 2392 2152 2393 
496 1759 1838 43 42 2392 2394 46 2155 2395 
497 23 24 1839 1760 27 2396 2397 2157 2398 
498 1760 1839 1840 1761 2397 2399 2400 2160 2401 
499 1761 1840 1841 1762 2400 2402 2403 2163 2404 
500 1762 1841 1842 1763 2403 2405 2406 2166 2407 
501 1763 1842 1843 1764 2406 2408 2409 2169 2410 
502 1764 1843 1844 1765 2409 2411 2412 2172 2413 
503 1765 1844 1845 1766 2412 2414 2415 2175 2416 
504 1766 1845 1846 1767 2415 2417 2418 2178 2419 
505 1767 1846 1847 1768 2418 2420 2421 2181 2422 
506 1768 1847 1848 1769 2421 2423 2424 2184 2425 
507 1769 1848 1849 1770 2424 2426 2427 2187 2428 
508 1770 1849 1850 1771 2427 2429 2430 2190 2431 
509 1771 1850 1851 1772 2430 2432 2433 2193 2434 
510 1772 1851 1852 1773 2433 2435 2436 2196 2437 
511 1773 1852 1853 1774 2436 2438 2439 2199 2440 
512 1774 1853 1854 1775 2439 2441 2442 2202 2443 
513 1775 1854 1855 1776 2442 2444 2445 2205 2446 
514 1776 1855 1856 1777 2445 2447 2448 2208 2449 
515 1777 1856 1857 1778 2448 2450 2451 2211 2452 
516 1778 1857 1858 1779 2451 2453 2454 2214 2455 
517 1779 1858 1859 1780 2454 2456 2457 2217 2458 
518 1780 1859 1860 1781 2457 2459 2460 2220 2461 
519 1781 1860 1861 1782 2460 2462 2463 2223 2464 
520 1782 1861 1862 1783 2463 2465 2466 2226 2467 
521 1783 1862 1863 1784 2466 2468 2469 2229 2470 
522 1784 1863 1864 1785 2469 2471 2472 2232 2473 
523 1785 1864 1865 1786 2472 2474 2475 2235 2476 
524 1786 1865 1866 1787 2475 2477 2478 2238 2479 
525 1787 1866 1867 1788 2478 2480 2481 2241 2482 
526 1788 1867 1868 1789 2481 2483 2484 2244 2485 
527 1789 1868 1869 1790 2484 2486 2487 2247 2488 
528 1790 1869 1870 1791 2487 2489 2490 2250 2491 
529 1791 1870 1871 1792 2490 2492 2493 2253 2494 
530 1792 1871 1872 1793 2493 2495 2496 2256 2497 
531 1793 1872 1873 1794 2496 2498 2499 2259 2500 
532 1794 1873 1874 1795 2499 2501 2502 2262 2503 
533 1795 1874 1875 1796 2502 2504 2505 2265 2506 
534 1796 1875 1876 1797 2505 2507 2508 2268 2509 
535 1797 1876 1877 1798 2508 2510 2511 2271 2512 
536 1798 1877 1878 1799 2511 2513 2514 2274 2515 
537 1799 1878 1879 1800 2514 2516 2517 2277 2518 
538 1800 1879 1880 1801 2517 2519 2520 2280 2521 
539 1801 1880 1881 1802 2520 2522 2523 2283 2524 
540 1802 1881 1882 1803 2523 2525 2526 2286 2527 
541 1803 1882 1883 1804 2526 2528 2529 2289 2530 
542 1804 1883 1884 1805 2529 2531 2532 2292 2533 
543 1805 1884 1885 1806 2532 2534 2535 2295 2536 
544 1806 1885 1886 1807 2535 2537 2538 2298 2539 
545 1807 1886 1887 1808 2538 2540 2541 2301 2542 
546 1808 1887 1888 1809 2541 2543 2544 2304 2545 
547 1809 1888 1889 1810 2544 2546 2547 2307 2548 
548 1810 1889 1890 1811 2547 2549 2550 2310 2551 
549 1811 1890 1891 1812 2550 2552 2553 2313 2554 
550 1812 1891 1892 1813 2553 2555 2556 2316 2557 
551 1813 1892 1893 1814 2556 2558 2559 2319 2560 
552 1814 1893 1894 1815 2559 2561 2562 2322 2563 
553 1815 1894 1895 1816 2562 2564 2565 2325 2566 
554 1816 1895 1896 1817 2565 2567 2568 2328 2569 
555 1817 1896 1897 1818 2568 2570 2571 2331 2572 
556 1818 1897 1898 1819 2571 2573 2574 2334 2575 
557 1819 1898 1899 1820 2574 2576 2577 2337 2578 
558 1820 1899 1900 1821 2577 2579 2580 2340 2581 
559 1821 1900 1901 1822 2580 2582 2583 2343 2584 
560 1822 1901 1902 1823 2583 2585 2586 2346 2587 
561 1823 1902 1903 1824 2586 2588 2589 2349 2590 
562 1824 1903 1904 1825 2589 2591 2592 2352 2593 
563 1825 1904 1905 1826 2592 2594 2595 2355 2596 
564 1826 1905 1906 1827 2595 2597 2598 2358 2599 
565 1827 1906 1907 1828 2598 2600 2601 2361 2602 
566 1828 1907 1908 1829 2601 2603 2604 2364 2605 
567 1829 1908 1909 1830 2604 2606 2607 2367 2608 
568 1830 1909 1910 1831 2607 2609 2610 2370 2611 
569 1831 1910 1911 1832 2610 2612 2613 2373 2614 
570 1832 1911 1912 1833 2613 2615 2616 2376 2617 
571 1833 1912 1913 1834 2616 2618 2619 2379 2620 
572 1834 1913 1914 1835 2619 2621 2622 2382 2623 
573 1835 1914 1915 1836 2622 2624 2625 2385 2626 
574 1836 1915 1916 1837 2625 2627 2628 2388 2629 
575 1837 1916 1917 1838 2628 2630 2631 2391 2632 
576 1838 1917 44 43 2631 2633 47 2394 2634 
577 24 4 367 1839 28 446 2635 2396 2636 
578 1839 367 368 1840 2635 447 2637 2399 2638 
579 1840 368 369 1841 2637 448 2639 2402 2640 
580 1841 369 370 1842 2639 449 2641 2405 2642 
581 1842 370 371 1843 2641 450 2643 2408 2644 
582 1843 371 372 1844 2643 451 2645 2411 2646 
583 1844 372 373 1845 2645 452 2647 2414 2648 
584 1845 373 374 1846 2647 453 2649 2417 2650 
585 1846 374 375 1847 2649 454 2651 2420 2652 
586 1847 375 376 1848 2651 455 2653 2423 2654 
587 1848 376 377 1849 2653 456 2655 2426 2656 
588 1849 377 378 1850 2655 457 2657 2429 2658 
589 1850 378 379 1851 2657 458 2659 2432 2660 
590 1851 379 380 1852 2659 459 2661 2435 2662 
591 1852 380 381 1853 2661 460 2663 2438 2664 
592 1853 381 382 1854 2663 461 2665 2441 2666 
593 1854 382 383 1855 2665 462 2667 2444 2668 
594 1855 383 384 1856 2667 463 2669 2447 2670 
595 1856 384 385 1857 2669 464 2671 2450 2672 
596 1857 385 386 1858 2671 465 2673 2453 2674 
597 1858 386 387 1859 2673 466 2675 2456 2676 
598 1859 387 388 1860 2675 467 2677 2459 2678 
599 1860 388 389 1861 2677 468 2679 2462 2680 
600 1861 389 390 1862 2679 469 2681 2465 2682 
601 1862 390 391 1863 2681 470 2683 2468 2684 
602 1863 391 392 1864 2683 471 2685 2471 2686 
603 1864 392 393 1865 2685 472 2687 2474 2688 
604 1865 393 394 1866 2687 473 2689 2477 2690 
605 1866 394 395 1867 2689 474 2691 2480 2692 
606 1867 395 396 1868 2691 475 2693 2483 2694 
607 1868 396 397 1869 2693 476 2695 2486 2696 
608 1869 397 398 1870 2695 477 2697 2489 2698 
609 1870 398 399 1871 2697 478 2699 2492 2700 
610 1871 399 400 1872 2699 479 2701 2495 2702 
611 1872 400 401 1873 2701 480 2703 2498 2704 
612 1873 401 402 1874 2703 481 2705 2501 2706 
613 1874 402 403 1875 2705 482 2707 2504 2708 
614 1875 403 404 1876 2707 483 2709 2507 2710 
615 1876 404 405 1877 2709 484 2711 2510 2712 
616 1877 405 406 1878 2711 485 2713 2513 2714 
617 1878 406 407 1879 2713 486 2715 2516 2716 
618 1879 407 408 1880 2715 487 2717 2519 2718 
619 1880 408 409 1881 2717 488 2719 2522 2720 
620 1881 409 410 1882 2719 489 2721 2525 2722 
621 1882 410 411 1883 2721 490 2723 2528 2724 
622 1883 411 412 1884 2723 491 2725 2531 2726 
623 1884 412 413 1885 2725 492 2727 2534 2728 
624 1885 413 414 1886 2727 493 2729 2537 2730 
625 1886 414 415 1887 2729 494 2731 2540 2732 
626 1887 415 416 1888 2731 495 2733 2543 2734 
627 1888 416 417 1889 2733 496 2735 2546 2736 
628 1889 417 418 1890 2735 497 2737 2549 2738 
629 1890 418 419 1891 2737 498 2739 2552 2740 
630 1891 419 420 1892 2739 499 2741 2555 2742 
631 1892 420 421 1893 2741 500 2743 2558 2744 
632 1893 421 422 1894 2743 501 2745 2561 2746 
633 1894 422 423 1895 2745 502 2747 2564 2748 
634 1895 423 424 1896 2747 503 2749 2567 2750 
635 1896 424 425 1897 2749 504 2751 2570 2752 
636 1897 425 426 1898 2751 505 2753 2573 2754 
637 1898 426 427 1899 2753 506 2755 2576 2756 
638 1899 427 428 1900 2755 507 2757 2579 2758 
639 1900 428 429 1901 2757 508 2759 2582 2760 
640 1901 429 430 1902 2759 509 2761 2585 2762 
641 1902 430 431 1903 2761 510 2763 2588 2764 
642 1903 431 432 1904 2763 511 2765 2591 2766 
643 1904 432 433 1905 2765 512 2767 2594 2768 
644 1905 433 434 1906 2767 513 2769 2597 2770 
645 1906 434 435 1907 2769 514 2771 2600 2772 
646 1907 435 436 1908 2771 515 2773 2603 2774 
647 1908 436 437 1909 2773 516 2775 2606 2776 
648 1909 437 438 1910 2775 517 2777 2609 2778 
649 1910 438 439 1911 2777 518 2779 2612 2780 
650 1911 439 440 1912 2779 519 2781 2615 2782 
651 1912 440 441 1913 2781 520 2783 2618 2784 
652 1913 441 442 1914 2783 521 2785 2621 2786 
653 1914 442 443 1915 2785 522 2787 2624 2788 
654 1915 443 444 1916 2787 523 2789 2627 2790 
655 1916 444 445 1917 2789 524 2791 2630 2792 
656 1917 445 8 44 2791 525 48 2633 2793 
2 6 10 320
657 1 208 2794 12 287 3031 3032 15 3033 
658 208 209 2795 2794 288 3034 3035 3031 3036 
659 209 210 2796 2795 289 3037 3038 3034 3039 
660 210 211 2797 2796 290 3040 3041 3037 3042 
661 211 212 2798 2797 291 3043 3044 3040 3045 
662 212 213 2799 2798 292 3046 3047 3043 3048 
663 213 214 2800 2799 293 3049 3050 3046 3051 
664 214 215 2801 2800 294 3052 3053 3049 3054 
665 215 216 2802 2801 295 3055 3056 3052 3057 
666 216 217 2803 2802 296 3058 3059 3055 3060 
667 217 218 2804 2803 297 3061 3062 3058 3063 
668 218 219 2805 2804 298 3064 3065 3061 3066 
669 219 220 2806 2805 299 3067 3068 3064 3069 
670 220 221 2807 2806 300 3070 3071 3067 3072 
671 221 222 2808 2807 301 3073 3074 3070 3075 
672 222 223 2809 2808 302 3076 3077 3073 3078 
673 223 224 2810 2809 303 3079 3080 3076 3081 
674 224 225 2811 2810 304 3082 3083 3079 3084 
675 225 226 2812 2811 305 3085 3086 3082 3087 
676 226 227 2813 2812 306 3088 3089 3085 3090 
677 227 228 2814 2813 307 3091 3092 3088 3093 
678 228 229 2815 2814 308 3094 3095 3091 3096 
679 229 230 2816 2815 309 3097 3098 3094 3099 
680 230 231 2817 2816 310 3100 3101 3097 3102 
681 231 232 2818 2817 311 3103 3104 3100 3105 
682 232 233 2819 2818 312 3106 3107 3103 3108 
683 233 234 2820 2819 313 3109 3110 3106 3111 
684 234 235 2821 2820 314 3112 3113 3109 3114 
685 235 236 2822 2821 315 3115 3116 3112 3117 
686 236 237 2823 2822 316 3118 3119 3115 3120 
687 237 238 2824 2823 317 3121 3122 3118 3123 
688 238 239 2825 2824 318 3124 3125 3121 3126 
689 239 240 2826 2825 319 3127 3128 3124 3129 
690 240 241 2827 2826 320 3130 3131 3127 3132 
691 241 242 2828 2827 321 3133 3134 3130 3135 
692 242 243 2829 2828 322 3136 3137 3133 3138 
693 243 244 2830 2829 323 3139 3140 3136 3141 
694 244 245 2831 2830 324 3142 3143 3139 3144 
695 245 246 2832 2831 325 3145 3146 3142 3147 
696 246 247 2833 2832 326 3148 3149 3145 3150 
697 247 248 2834 2833 327 3151 3152 3148 3153 
698 248 249 2835 2834 328 3154 3155 3151 3156 
699 249 250 2836 2835 329 3157 3158 3154 3159 
700 250 251 2837 2836 330 3160 3161 3157 3162 
701 251 252 2838 2837 331 3163 3164 3160 3165 
702 252 253 2839 2838 332 3166 3167 3163 3168 
703 253 254 2840 2839 333 3169 3170 3166 3171 
704 254 255 2841 2840 334 3172 3173 3169 3174 
705 255 256 2842 2841 335 3175 3176 3172 3177 
706 256 257 2843 2842 336 3178 3179 3175 3180 
707 257 258 2844 2843 337 3181 3182 3178 3183 
708 258 259 2845 2844 338 3184 3185 3181 3186 
709 259 260 2846 2845 339 3187 3188 3184 3189 
710 260 261 2847 2846 340 3190 3191 3187 3192 
711 261 262 2848 2847 341 3193 3194 3190 3195 
712 262 263 2849 2848 342 3196 3197 3193 3198 
713 263 264 2850 2849 343 3199 3200 3196 3201 
714 264 265 2851 2850 344 3202 3203 3199 3204 
715 265 266 2852 2851 345 3205 3206 3202 3207 
716 266 267 2853 2852 346 3208 3209 3205 3210 
717 267 268 2854 2853 347 3211 3212 3208 3213 
718 268 269 2855 2854 348 3214 3215 3211 3216 
719 269 270 2856 2855 349 3217 3218 3214 3219 
720 270 271 2857 2856 350 3220 3221 3217 3222 
721 271 272 2858 2857 351 3223 3224 3220 3225 
722 272 273 2859 2858 352 3226 3227 3223 3228 
723 273 274 2860 2859 353 3229 3230 3226 3231 
724 274 275 2861 2860 354 3232 3233 3229 3234 
725 275 276 2862 2861 355 3235 3236 3232 3237 
726 276 277 2863 2862 356 3238 3239 3235 3240 
727 277 278 2864 2863 357 3241 3242 3238 3243 
728 278 279 2865 2864 358 3244 3245 3241 3246 
729 279 280 2866 2865 359 3247 3248 3244 3249 
730 280 281 2867 2866 360 3250 3251 3247 3252 
731 281 282 2868 2867 361 3253 3254 3250 3255 
732 282 283 2869 2868 362 3256 3257 3253 3258 
733 283 284 2870 2869 363 3259 3260 3256 3261 
734 284 285 2871 2870 364 3262 3263 3259 3264 
735 285 286 2872 2871 365 3265 3266 3262 3267 
736 286 5 32 2872 366 35 3268 3265 3269 
737 12 2794 2873 13 3032 3270 3271 16 3272 
738 2794 2795 2874 2873 3035 3273 3274 3270 3275 
739 2795 2796 2875 2874 3038 3276 3277 3273 3278 
740 2796 2797 2876 2875 3041 3279 3280 3276 3281 
741 2797 2798 2877 2876 3044 3282 3283 3279 3284 
742 2798 2799 2878 2877 3047 3285 3286 3282 3287 
743 2799 2800 2879 2878 3050 3288 3289 3285 3290 
744 2800 2801 2880 2879 3053 3291 3292 3288 3293 
745 2801 2802 2881 2880 3056 3294 3295 3291 3296 
746 2802 2803 2882 2881 3059 3297 3298 3294 3299 
747 2803 2804 2883 2882 3062 3300 3301 3297 3302 
748 2804 2805 2884 2883 3065 3303 3304 3300 3305 
749 2805 2806 2885 2884 3068 3306 3307 3303 3308 
750 2806 2807 2886 2885 3071 3309 3310 3306 3311 
751 2807 2808 2887 2886 3074 3312 3313 3309 3314 
752 2808 2809 2888 2887 3077 3315 3316 3312 3317 
753 2809 2810 2889 2888 3080 3318 3319 3315 3320 
754 2810 2811 2890 2889 3083 3321 3322 3318 3323 
755 2811 2812 2891 2890 3086 3324 3325 3321 3326 
756 2812 2813 2892 2891 3089 3327 3328 3324 3329 
757 2813 2814 2893 2892 3092 3330 3331 3327 3332 
758 2814 2815 2894 2893 3095 3333 3334 3330 3335 
759 2815 2816 2895 2894 3098 3336 3337 3333 3338 
760 2816 2817 2896 2895 3101 3339 3340 3336 3341 
761 2817 2818 2897 2896 3104 3342 3343 3339 3344 
762 2818 2819 2898 2897 3107 3345 3346 3342 3347 
763 2819 2820 2899 2898 3110 3348 3349 3345 3350 
764 2820 2821 2900 2899 3113 3351 3352 3348 3353 
765 2821 2822 2901 2900 3116 3354 3355 3351 3356 
766 2822 2823 2902 2901 3119 3357 3358 3354 3359 
767 2823 2824 2903 2902 3122 3360 3361 3357 3362 
768 2824 2825 2904 2903 3125 3363 3364 3360 3365 
769 2825 2826 2905 2904 3128 3366 3367 3363 3368 
770 2826 2827 2906 2905 3131 3369 3370 3366 3371 
771 2827 2828 2907 2906 3134 3372 3373 3369 3374 
772 2828 2829 2908 2907 3137 3375 3376 3372 3377 
773 2829 2830 2909 2908 3140 3378 3379 3375 3380 
774 2830 2831 2910 2909 3143 3381 3382 3378 3383 
775 2831 2832 2911 2910 3146 3384 3385 3381 3386 
776 2832 2833 2912 2911 3149 3387 3388 3384 3389 
777 2833 2834 2913 2912 3152 3390 3391 3387 3392 
778 2834 2835 2914 2913 3155 3393 3394 3390 3395 
779 2835 2836 2915 2914 3158 3396 3397 3393 3398 
780 2836 2837 2916 2915 3161 3399 3400 3396 3401 
781 2837 2838 2917 2916 3164 3402 3403 3399 3404 
782 2838 2839 2918 2917 3167 3405 3406 3402 3407 
783 2839 2840 2919 2918 3170 3408 3409 3405 3410 
784 2840 2841 2920 2919 3173 3411 3412 3408 3413 
785 2841 2842 2921 2920 3176 3414 3415 3411 3416 
786 2842 2843 2922 2921 3179 3417 3418 3414 3419 
787 2843 2844 2923 2922 3182 3420 3421 3417 3422 
788 2844 2845 2924 2923 3185 3423 3424 3420 3425 
789 2845 2846 2925 2924 3188 3426 3427 3423 3428 
790 2846 2847 2926 2925 3191 3429 3430 3426 3431 
791 2847 2848 2927 2926 3194 3432 3433 3429 3434 
792 2848 2849 2928 2927 3197 3435 3436 3432 3437 
793 2849 2850 2929 2928 3200 3438 3439 3435 3440 
794 2850 2851 2930 2929 3203 3441 3442 3438 3443 
795 2851 2852 2931 2930 3206 3444 3445 3441 3446 
796 2852 2853 2932 2931 3209 3447 3448 3444 3449 
797 2853 2854 2933 2932 3212 3450 3451 3447 3452 
798 2854 2855 2934 2933 3215 3453 3454 3450 3455 
799 2855 2856 2935 2934 3218 3456 3457 3453 3458 
800 2856 2857 2936 2935 3221 3459 3460 3456 3461 
801 2857 2858 2937 2936 3224 3462 3463 3459 3464 
802 2858 2859 2938 2937 3227 3465 3466 3462 3467 
803 2859 2860 2939 2938 3230 3468 3469 3465 3470 
804 2860 2861 2940 2939 3233 3471 3472 3468 3473 
805 2861 2862 2941 2940 3236 3474 3475 3471 3476 
806 2862 2863 2942 2941 3239 3477 3478 3474 3479 
807 2863 2864 2943 2942 3242 3480 3481 3477 3482 
808 2864 2865 2944 2943 3245 3483 3484 3480 3485 
809 2865 2866 2945 2944 3248 3486 3487 3483 3488 
810 2866 2867 2946 2945 3251 3489 3490 3486 3491 
811 2867 2868 2947 2946 3254 3492 3493 3489 3494 
812 2868 2869 2948 2947 3257 3495 3496 3492 3497 
813 2869 2870 2949 2948 3260 3498 3499 3495 3500 
814 2870 2871 2950 2949 3263 3501 3502 3498 3503 
815 2871 2872 2951 2950 3266 3504 3505 3501 3506 
816 2872 32 33 2951 3268 36 3507 3504 3508 
817 13 2873 2952 14 3271 3509 3510 17 3511 
818 2873 2874 2953 2952 3274 3512 3513 3509 3514 
819 2874 2875 2954 2953 3277 3515 3516 3512 3517 
820 2875 2876 2955 2954 3280 3518 3519 3515 3520 
821 2876 2877 2956 2955 3283 3521 3522 3518 3523 
822 2877 2878 2957 2956 3286 3524 3525 3521 3526 
823 2878 2879 2958 2957 3289 3527 3528 3524 3529 
824 2879 2880 2959 2958 3292 3530 3531 3527 3532 
825 2880 2881 2960 2959 3295 3533 3534 3530 3535 
826 2881 2882 2961 2960 3298 3536 3537 3533 3538 
827 2882 2883 2962 2961 3301 3539 3540 3536 3541 
828 2883 2884 2963 2962 3304 3542 3543 3539 3544 
829 2884 2885 2964 2963 3307 3545 3546 3542 3547 
830 2885 2886 2965 2964 3310 3548 3549 3545 3550 
831 2886 2887 2966 2965 3313 3551 3552 3548 3553 
832 2887 2888 2967 2966 3316 3554 3555 3551 3556 
833 2888 2889 2968 2967 3319 3557 3558 3554 3559 
834 2889 2890 2969 2968 3322 3560 3561 3557 3562 
835 2890 2891 2970 2969 3325 3563 3564 3560 3565 
836 2891 2892 2971 2970 3328 3566 3567 3563 3568 
837 2892 2893 2972 2971 3331 3569 3570 3566 3571 
838 2893 2894 2973 2972 3334 3572 3573 3569 3574 
839 2894 2895 2974 2973 3337 3575 3576 3572 3577 
840 2895 2896 2975 2974 3340 3578 3579 3575 3580 
841 2896 2897 2976 2975 3343 3581 3582 3578 3583 
842 2897 2898 2977 2976 3346 3584 3585 3581 3586 
843 2898 2899 2978 2977 3349 3587 3588 3584 3589 
844 2899 2900 2979 2978 3352 3590 3591 3587 3592 
845 2900 2901 2980 2979 3355 3593 3594 3590 3595 
846 2901 2902 2981 2980 3358 3596 3597 3593 3598 
847 2902 2903 2982 2981 3361 3599 3600 3596 3601 
848 2903 2904 2983 2982 3364 3602 3603 3599 3604 
849 2904 2905 2984 2983 3367 3605 3606 3602 3607 
850 2905 2906 2985 2984 3370 3608 3609 3605 3610 
851 2906 2907 2986 2985 3373 3611 3612 3608 3613 
852 2907 2908 2987 2986 3376 3614 3615 3611 3616 
853 2908 2909 2988 2987 3379 3617 3618 3614 3619 
854 2909 2910 2989 2988 3382 3620 3621 3617 3622 
855 2910 2911 2990 2989 3385 3623 3624 3620 3625 
856 2911 2912 2991 2990 3388 3626 3627 3623 3628 
857 2912 2913 2992 2991 3391 3629 3630 3626 3631 
858 2913 2914 2993 2992 3394 3632 3633 3629 3634 
859 2914 2915 2994 2993 3397 3635 3636 3632 3637 
860 2915 2916 2995 2994 3400 3638 3639 3635 3640 
861 2916 2917 2996 2995 3403 3641 3642 3638 3643 
862 2917 2918 2997 2996 3406 3644 3645 3641 3646 
863 2918 2919 2998 2997 3409 3647 3648 3644 3649 
864 2919 2920 2999 2998 3412 3650 3651 3647 3652 
865 2920 2921 3000 2999 3415 3653 3654 3650 3655 
866 2921 2922 3001 3000 3418 3656 3657 3653 3658 
867 2922 2923 3002 3001 3421 3659 3660 3656 3661 
868 2923 2924 3003 3002 3424 3662 3663 3659 3664 
869 2924 2925 3004 3003 3427 3665 3666 3662 3667 
870 2925 2926 3005 3004 3430 3668 3669 3665 3670 
871 2926 2927 3006 3005 3433 3671 3672 3668 3673 
872 2927 2928 3007 3006 3436 3674 3675 3671 3676 
873 2928 2929 3008 3007 3439 3677 3678 3674 3679 
874 2929 2930 3009 3008 3442 3680 3681 3677 3682 
875 2930 2931 3010 3009 3445 3683 3684 3680 3685 
876 2931 2932 3011 3010 3448 3686 3687 3683 3688 
877 2932 2933 3012 3011 3451 3689 3690 3686 3691 
878 2933 2934 3013 3012 3454 3692 3693 3689 3694 
879 2934 2935 3014 3013 3457 3695 3696 3692 3697 
880 2935 2936 3015 3014 3460 3698 3699 3695 3700 
881 2936 2937 3016 3015 3463 3701 3702 3698 3703 
882 2937 2938 3017 3016 3466 3704 3705 3701 3706 
883 2938 2939 3018 3017 3469 3707 3708 3704 3709 
884 2939 2940 3019 3018 3472 3710 3711 3707 3712 
885 2940 2941 3020 3019 3475 3713 3714 3710 3715 
886 2941 2942 3021 3020 3478 3716 3717 3713 3718 
887 2942 2943 3022 3021 3481 3719 3720 3716 3721 
888 2943 2944 3023 3022 3484 3722 3723 3719 3724 
889 2944 2945 3024 3023 3487 3725 3726 3722 3727 
890 2945 2946 3025 3024 3490 3728 3729 3725 3730 
891 2946 2947 3026 3025 3493 3731 3732 3728 3733 
892 2947 2948 3027 3026 3496 3734 3735 3731 3736 
893 2948 2949 3028 3027 3499 3737 3738 3734 3739 
894 2949 2950 3029 3028 3502 3740 3741 3737 3742 
895 2950 2951 3030 3029 3505 3743 3744 3740 3745 
896 2951 33 34 3030 3507 37 3746 3743 3747 
897 14 2952 526 3 3510 3748 605 18 3749 
898 2952 2953 527 526 3513 3750 606 3748 3751 
899 2953 2954 528 527 3516 3752 607 3750 3753 
900 2954 2955 529 528 3519 3754 608 3752 3755 
901 2955 2956 530 529 3522 3756 609 3754 3757 
902 2956 2957 531 530 3525 3758 610 3756 3759 
903 2957 2958 532 531 3528 3760 611 3758 3761 
904 2958 2959 533 532 3531 3762 612 3760 3763 
905 2959 2960 534 533 3534 3764 613 3762 3765 
906 2960 2961 535 534 3537 3766 614 3764 3767 
907 2961 2962 536 535 3540 3768 615 3766 3769 
908 2962 2963 537 536 3543 3770 616 3768 3771 
909 2963 2964 538 537 3546 3772 617 3770 3773 
910 2964 2965 539 538 3549 3774 618 3772 3775 
911 2965 2966 540 539 3552 3776 619 3774 3777 
912 2966 2967 541 540 3555 3778 620 3776 3779 
913 2967 2968 542 541 3558 3780 621 3778 3781 
914 2968 2969 543 542 3561 3782 622 3780 3783 
915 2969 2970 544 543 3564 3784 623 3782 3785 
916 2970 2971 545 544 3567 3786 624 3784 3787 
917 2971 2972 546 545 3570 3788 625 3786 3789 
918 2972 2973 547 546 3573 3790 626 3788 3791 
919 2973 2974 548 547 3576 3792 627 3790 3793 
920 2974 2975 549 548 3579 3794 628 3792 3795 
921 2975 2976 550 549 3582 3796 629 3794 3797 
922 2976 2977 551 550 3585 3798 630 3796 3799 
923 2977 2978 552 551 3588 3800 631 3798 3801 
924 2978 2979 553 552 3591 3802 632 3800 3803 
925 2979 2980 554 553 3594 3804 633 3802 3805 
926 2980 2981 555 554 3597 3806 634 3804 3807 
927 2981 2982 556 555 3600 3808 635 3806 3809 
928 2982 2983 557 556 3603 3810 636 3808 3811 
929 2983 2984 558 557 3606 3812 637 3810 3813 
930 2984 2985 559 558 3609 3814 638 3812 3815 
931 2985 2986 560 559 3612 3816 639 3814 3817 
932 2986 2987 561 560 3615 3818 640 3816 3819 
933 2987 2988 562 561 3618 3820 641 3818 3821 
934 2988 2989 563 562 3621 3822 642 3820 3823 
935 2989 2990 564 563 3624 3824 643 3822 3825 
936 2990 2991 565 564 3627 3826 644 3824 3827 
937 2991 2992 566 565 3630 3828 645 3826 3829 
938 2992 2993 567 566 3633 3830 646 3828 3831 
939 2993 2994 568 567 3636 3832 647 3830 3833 
940 2994 2995 569 568 3639 3834 648 3832 3835 
941 2995 2996 570 569 3642 3836 649 3834 3837 
942 2996 2997 571 570 3645 3838 650 3836 3839 
943 2997 2998 572 571 3648 3840 651 3838 3841 
944 2998 2999 573 572 3651 3842 652 3840 3843 
945 2999 3000 574 573 3654 3844 653 3842 3845 
946 3000 3001 575 574 3657 3846 654 3844 3847 
947 3001 3002 576 575 3660 3848 655 3846 3849 
948 3002 3003 577 576 3663 3850 656 3848 3851 
949 3003 3004 578 577 3666 3852 657 3850 3853 
950 3004 3005 579 578 3669 3854 658 3852 3855 
951 3005 3006 580 579 3672 3856 659 3854 3857 
952 3006 3007 581 580 3675 3858 660 3856 3859 
953 3007 3008 582 581 3678 3860 661 3858 3861 
954 3008 3009 583 582 3681 3862 662 3860 3863 
955 3009 3010 584 583 3684 3864 663 3862 3865 
956 3010 3011 585 584 3687 3866 664 3864 3867 
957 3011 3012 586 585 3690 3868 665 3866 3869 
958 3012 3013 587 586 3693 3870 666 3868 3871 
959 3013 3014 588 587 3696 3872 667 3870 3873 
960 3014 3015 589 588 3699 3874 668 3872 3875 
961 3015 3016 590 589 3702 3876 669 3874 3877 
962 3016 3017 591 590 3705 3878 670 3876 3879 
963 3017 3018 592 591 3708 3880 671 3878 3881 
964 3018 3019 593 592 3711 3882 672 3880 3883 
965 3019 3020 594 593 3714 3884 673 3882 3885 
966 3020 3021 595 594 3717 3886 674 3884 3887 
967 3021 3022 596 595 3720 3888 675 3886 3889 
968 3022 3023 597 596 3723 3890 676 3888 3891 
969 3023 3024 598 597 3726 3892 677 3890 3893 
970 3024 3025 599 598 3729 3894 678 3892 3895 
971 3025 3026 600 599 3732 3896 679 3894 3897 
972 3026 3027 601 600 3735 3898 680 3896 3899 
973 3027 3028 602 601 3738 3900 681 3898 3901 
974 3028 3029 603 602 3741 3902 682 3900 3903 
975 3029 3030 604 603 3744 3904 683 3902 3905 
976 3030 34 7 604 3746 38 684 3904 3906 
3 1 12 640
977 685 9 2 22 3907 727 49 1681 688 689 4144 10 807 25 128 1918 4145 4146 806 1919 690 4147 4148 808 1920 4149 4150 
978 3907 727 49 1681 3908 728 50 1682 4145 4146 4151 806 812 1919 129 1921 4152 4153 811 1922 4149 4154 4155 813 1923 4156 4157 
979 3908 728 50 1682 3909 729 51 1683 4152 4153 4158 811 817 1922 130 1924 4159 4160 816 1925 4156 4161 4162 818 1926 4163 4164 
980 3909 729 51 1683 3910 730 52 1684 4159 4160 4165 816 822 1925 131 1927 4166 4167 821 1928 4163 4168 4169 823 1929 4170 4171 
981 3910 730 52 1684 3911 731 53 1685 4166 4167 4172 821 827 1928 132 1930 4173 4174 826 1931 4170 4175 4176 828 1932 4177 4178 
982 3911 731 53 1685 3912 732 54 1686 4173 4174 4179 826 832 1931 133 1933 4180 4181 831 1934 4177 4182 4183 833 1935 4184 4185 
983 3912 732 54 1686 3913 733 55 1687 4180 4181 4186 831 837 1934 134 1936 4187 4188 836 1937 4184 4189 4190 838 1938 4191 4192 
984 3913 733 55 1687 3914 734 56 1688 4187 4188 4193 836 842 1937 135 1939 4194 4195 841 1940 4191 4196 4197 843 1941 4198 4199 
985 3914 734 56 1688 3915 735 57 1689 4194 4195 4200 841 847 1940 136 1942 4201 4202 846 1943 4198 4203 4204 848 1944 4205 4206 
986 3915 735 57 1689 3916 736 58 1690 4201 4202 4207 846 852 1943 137 1945 4208 4209 851 1946 4205 4210 4211 853 1947 4212 4213 
987 3916 736 58 1690 3917 737 59 1691 4208 4209 4214 851 857 1946 138 1948 4215 4216 856 1949 4212 4217 4218 858 1950 4219 4220 
988 3917 737 59 1691 3918 738 60 1692 4215 4216 4221 856 862 1949 139 1951 4222 4223 861 1952 4219 4224 4225 863 1953 4226 4227 
989 3918 738 60 1692 3919 739 61 1693 4222 4223 4228 861 867 1952 140 1954 4229 4230 866 1955 4226 4231 4232 868 1956 4233 4234 
990 3919 739 61 1693 3920 740 62 1694 4229 4230 4235 866 872 1955 141 1957 4236 4237 871 1958 4233 4238 4239 873 1959 4240 4241 
991 3920 740 62 1694 3921 741 63 1695 4236 4237 4242 871 877 1958 142 1960 4243 4244 876 1961 4240 4245 4246 878 1962 4247 4248 
992 3921 741 63 1695 3922 742 64 1696 4243 4244 4249 876 882 1961 143 1963 4250 4251 881 1964 4247 4252 4253 883 1965 4254 4255 
993 3922 742 64 1696 3923 743 65 1697 4250 4251 4256 881 887 1964 144 1966 4257 4258 886 1967 4254 4259 4260 888 1968 4261 4262 
994 3923 743 65 1697 3924 744 66 1698 4257 4258 4263 886 892 1967 145 1969 4264 4265 891 1970 4261 4266 4267 893 1971 4268 4269 
995 3924 744 66 1698 3925 745 67 1699 4264 4265 4270 891 897 1970 146 1972 4271 4272 896 1973 4268 4273 4274 898 1974 4275 4276 
996 3925 745 67 1699 3926 746 68 1700 4271 4272 4277 896 902 1973 147 1975 4278 4279 901 1976 4275 4280 4281 903 1977 4282 4283 
997 3926 746 68 1700 3927 747 69 1701 4278 4279 4284 901 907 1976 148 1978 4285 4286 906 1979 4282 4287 4288 908 1980 4289 4290 
998 3927 747 69 1701 3928 748 70 1702 4285 4286 4291 906 912 1979 149 1981 4292 4293 911 1982 4289 4294 4295 913 1983 4296 4297 
999 3928 748 70 1702 3929 749 71 1703 4292 4293 4298 911 917 1982 150 1984 4299 4300 916 1985 4296 4301 4302 918 1986 4303 4304 
1000 3929 749 71 1703 3930 750 72 1704 4299 4300 4305 916 922 1985 151 1987 4306 4307 921 1988 4303 4308 4309 923 1989 4310 4311 
1001 3930 750 72 1704 3931 751 73 1705 4306 4307 4312 921 927 1988 152 1990 4313 4314 926 1991 4310 4315 4316 928 1992 4317 4318 
1002 3931 751 73 1705 3932 752 74 1706 4313 4314 4319 926 932 1991 153 1993 4320 4321 931 1994 4317 4322 4323 933 1995 4324 4325 
1003 3932 752 74 1706 3933 753 75 1707 4320 4321 4326 931 937 1994 154 1996 4327 4328 936 1997 4324 4329 4330 938 1998 4331 4332 
1004 3933 753 75 1707 3934 754 76 1708 4327 4328 4333 936 942 1997 155 1999 4334 4335 941 2000 4331 4336 4337 943 2001 4338 4339 
1005 3934 754 76 1708 3935 755 77 1709 4334 4335 4340 941 947 2000 156 2002 4341 4342 946 2003 4338 4343 4344 948 2004 4345 4346 
1006 3935 755 77 1709 3936 756 78 1710 4341 4342 4347 946 952 2003 157 2005 4348 4349 951 2006 4345 4350 4351 953 2007 4352 4353 
1007 3936 756 78 1710 3937 757 79 1711 4348 4349 4354 951 957 2006 158 2008 4355 4356 956 2009 4352 4357 4358 958 2010 4359 4360 
1008 3937 757 79 1711 3938 758 80 1712 4355 4356 4361 956 962 2009 159 2011 4362 4363 961 2012 4359 4364 4365 963 2013 4366 4367 
1009 3938 758 80 1712 3939 759 81 1713 4362 4363 4368 961 967 2012 160 2014 4369 4370 966 2015 4366 4371 4372 968 2016 4373 4374 
1010 3939 759 81 1713 3940 760 82 1714 4369 4370 4375 966 972 2015 161 2017 4376 4377 971 2018 4373 4378 4379 973 2019 4380 4381 
1011 3940 760 82 1714 3941 761 83 1715 4376 4377 4382 971 977 2018 162 2020 4383 4384 976 2021 4380 4385 4386 978 2022 4387 4388 
1012 3941 761 83 1715 3942 762 84 1716 4383 4384 4389 976 982 2021 163 2023 4390 4391 981 2024 4387 4392 4393 983 2025 4394 4395 
1013 3942 762 84 1716 3943 763 85 1717 4390 4391 4396 981 987 2024 164 2026 4397 4398 986 2027 4394 4399 4400 988 2028 4401 4402 
1014 3943 763 85 1717 3944 764 86 1718 4397 4398 4403 986 992 2027 165 2029 4404 4405 991 2030 4401 4406 4407 993 2031 4408 4409 
1015 3944 764 86 1718 3945 765 87 1719 4404 4405 4410 991 997 2030 166 2032 4411 4412 996 2033 4408 4413 4414 998 2034 4415 4416 
1016 3945 765 87 1719 3946 766 88 1720 4411 4412 4417 996 1002 2033 167 2035 4418 4419 1001 2036 4415 4420 4421 1003 2037 4422 4423 
1017 3946 766 88 1720 3947 767 89 1721 4418 4419 4424 1001 1007 2036 168 2038 4425 4426 1006 2039 4422 4427 4428 1008 2040 4429 4430 
1018 3947 767 89 1721 3948 768 90 1722 4425 4426 4431 1006 1012 2039 169 2041 4432 4433 1011 2042 4429 4434 4435 1013 2043 4436 4437 
1019 3948 768 90 1722 3949 769 91 1723 4432 4433 4438 1011 1017 2042 170 2044 4439 4440 1016 2045 4436 4441 4442 1018 2046 4443 4444 
1020 3949 769 91 1723 3950 770 92 1724 4439 4440 4445 1016 1022 2045 171 2047 4446 4447 1021 2048 4443 4448 4449 1023 2049 4450 4451 
1021 3950 770 92 1724 3951 771 93 1725 4446 4447 4452 1021 1027 2048 172 2050 4453 4454 1026 2051 4450 4455 4456 1028 2052 4457 4458 
1022 3951 771 93 1725 3952 772 94 1726 4453 4454 4459 1026 1032 2051 173 2053 4460 4461 1031 2054 4457 4462 4463 1033 2055 4464 4465 
1023 3952 772 94 1726 3953 773 95 1727 4460 4461 4466 1031 1037 2054 174 2056 4467 4468 1036 2057 4464 4469 4470 1038 2058 4471 4472 
1024 3953 773 95 1727 3954 774 96 1728 4467 4468 4473 1036 1042 2057 175 2059 4474 4475 1041 2060 4471 4476 4477 1043 2061 4478 4479 
1025 3954 774 96 1728 3955 775 97 1729 4474 4475 4480 1041 1047 2060 176 2062 4481 4482 1046 2063 4478 4483 4484 1048 2064 4485 4486 
1026 3955 775 97 1729 3956 776 98 1730 4481 4482 4487 1046 1052 2063 177 2065 4488 4489 1051 2066 4485 4490 4491 1053 2067 4492 4493 
1027 3956 776 98 1730 3957 777 99 1731 4488 4489 4494 1051 1057 2066 178 2068 4495 4496 1056 2069 4492 4497 4498 1058 2070 4499 4500 
1028 3957 777 99 1731 3958 778 100 1732 4495 4496 4501 1056 1062 2069 179 2071 4502 4503 1061 2072 4499 4504 4505 1063 2073 4506 4507 
1029 3958 778 100 1732 3959 779 101 1733 4502 4503 4508 1061 1067 2072 180 2074 4509 4510 1066 2075 4506 4511 4512 1068 2076 4513 4514 
1030 3959 779 101 1733 3960 780 102 1734 4509 4510 4515 1066 1072 2075 181 2077 4516 4517 1071 2078 4513 4518 4519 1073 2079 4520 4521 
1031 3960 780 102 1734 3961 781 103 1735 4516 4517 4522 1071 1077 2078 182 2080 4523 4524 1076 2081 4520 4525 4526 1078 2082 4527 4528 
1032 3961 781 103 1735 3962 782 104 1736 4523 4524 4529 1076 1082 2081 183 2083 4530 4531 1081 2084 4527 4532 4533 1083 2085 4534 4535 
1033 3962 782 104 1736 3963 783 105 1737 4530 4531 4536 1081 1087 2084 184 2086 4537 4538 1086 2087 4534 4539 4540 1088 2088 4541 4542 
1034 3963 783 105 1737 3964 784 106 1738 4537 4538 4543 1086 1092 2087 185 2089 4544 4545 1091 2090 4541 4546 4547 1093 2091 4548 4549 
1035 3964 784 106 1738 3965 785 107 1739 4544 4545 4550 1091 1097 2090 186 2092 4551 4552 1096 2093 4548 4553 4554 1098 2094 4555 4556 
1036 3965 785 107 1739 3966 786 108 1740 4551 4552 4557 1096 1102 2093 187 2095 4558 4559 1101 2096 4555 4560 4561 1103 2097 4562 4563 
1037 3966 786 108 1740 3967 787 109 1741 4558 4559 4564 1101 1107 2096 188 2098 4565 4566 1106 2099 4562 4567 4568 1108 2100 4569 4570 
1038 3967 787 109 1741 3968 788 110 1742 4565 4566 4571 1106 1112 2099 189 2101 4572 4573 1111 2102 4569 4574 4575 1113 2103 4576 4577 
1039 3968 788 110 1742 3969 789 111 1743 4572 4573 4578 1111 1117 2102 190 2104 4579 4580 1116 2105 4576 4581 4582 1118 2106 4583 4584 
1040 3969 789 111 1743 3970 790 112 1744 4579 4580 4585 1116 1122 2105 191 2107 4586 4587 1121 2108 4583 4588 4589 1123 2109 4590 4591 
1041 3970 790 112 1744 3971 791 113 1745 4586 4587 4592 1121 1127 2108 192 2110 4593 4594 1126 2111 4590 4595 4596 1128 2112 4597 4598 
1042 3971 791 113 1745 3972 792 114 1746 4593 4594 4599 1126 1132 2111 193 2113 4600 4601 1131 2114 4597 4602 4603 1133 2115 4604 4605 
1043 3972 792 114 1746 3973 793 115 1747 4600 4601 4606 1131 1137 2114 194 2116 4607 4608 1136 2117 4604 4609 4610 1138 2118 4611 4612 
1044 3973 793 115 1747 3974 794 116 1748 4607 4608 4613 1136 1142 2117 195 2119 4614 4615 1141 2120 4611 4616 4617 1143 2121 4618 4619 
1045 3974 794 116 1748 3975 795 117 1749 4614 4615 4620 1141 1147 2120 196 2122 4621 4622 1146 2123 4618 4623 4624 1148 2124 4625 4626 
1046 3975 795 117 1749 3976 796 118 1750 4621 4622 4627 1146 1152 2123 197 2125 4628 4629 1151 2126 4625 4630 4631 1153 2127 4632 4633 
1047 3976 796 118 1750 3977 797 119 1751 4628 4629 4634 1151 1157 2126 198 2128 4635 4636 1156 2129 4632 4637 4638 1158 2130 4639 4640 
1048 3977 797 119 1751 3978 798 120 1752 4635 4636 4641 1156 1162 2129 199 2131 4642 4643 1161 2132 4639 4644 4645 1163 2133 4646 4647 
1049 3978 798 120 1752 3979 799 121 1753 4642 4643 4648 1161 1167 2132 200 2134 4649 4650 1166 2135 4646 4651 4652 1168 2136 4653 4654 
1050 3979 799 121 1753 3980 800 122 1754 4649 4650 4655 1166 1172 2135 201 2137 4656 4657 1171 2138 4653 4658 4659 1173 2139 4660 4661 
1051 3980 800 122 1754 3981 801 123 1755 4656 4657 4662 1171 1177 2138 202 2140 4663 4664 1176 2141 4660 4665 4666 1178 2142 4667 4668 
1052 3981 801 123 1755 3982 802 124 1756 4663 4664 4669 1176 1182 2141 203 2143 4670 4671 1181 2144 4667 4672 4673 1183 2145 4674 4675 
1053 3982 802 124 1756 3983 803 125 1757 4670 4671 4676 1181 1187 2144 204 2146 4677 4678 1186 2147 4674 4679 4680 1188 2148 4681 4682 
1054 3983 803 125 1757 3984 804 126 1758 4677 4678 4683 1186 1192 2147 205 2149 4684 4685 1191 2150 4681 4686 4687 1193 2151 4688 4689 
1055 3984 804 126 1758 3985 805 127 1759 4684 4685 4690 1191 1197 2150 206 2152 4691 4692 1196 2153 4688 4693 4694 1198 2154 4695 4696 
1056 3985 805 127 1759 706 29 6 42 4691 4692 4697 1196 1201 2153 207 2155 710 709 30 45 4695 4698 4699 1202 2156 711 4700 
1057 686 685 22 23 3986 3907 1681 1760 691 692 4701 689 4144 26 1918 2157 4702 4703 4146 2158 693 4704 4705 4148 2159 4706 4707 
1058 3986 3907 1681 1760 3987 3908 1682 1761 4702 4703 4708 4146 4151 2158 1921 2160 4709 4710 4153 2161 4706 4711 4712 4155 2162 4713 4714 
1059 3987 3908 1682 1761 3988 3909 1683 1762 4709 4710 4715 4153 4158 2161 1924 2163 4716 4717 4160 2164 4713 4718 4719 4162 2165 4720 4721 
1060 3988 3909 1683 1762 3989 3910 1684 1763 4716 4717 4722 4160 4165 2164 1927 2166 4723 4724 4167 2167 4720 4725 4726 4169 2168 4727 4728 
1061 3989 3910 1684 1763 3990 3911 1685 1764 4723 4724 4729 4167 4172 2167 1930 2169 4730 4731 4174 2170 4727 4732 4733 4176 2171 4734 4735 
1062 3990 3911 1685 1764 3991 3912 1686 1765 4730 4731 4736 4174 4179 2170 1933 2172 4737 4738 4181 2173 4734 4739 4740 4183 2174 4741 4742 
1063 3991 3912 1686 1765 3992 3913 1687 1766 4737 4738 4743 4181 4186 2173 1936 2175 4744 4745 4188 2176 4741 4746 4747 4190 2177 4748 4749 
1064 3992 3913 1687 1766 3993 3914 1688 1767 4744 4745 4750 4188 4193 2176 1939 2178 4751 4752 4195 2179 4748 4753 4754 4197 2180 4755 4756 
1065 3993 3914 1688 1767 3994 3915 1689 1768 4751 4752 4757 4195 4200 2179 1942 2181 4758 4759 4202 2182 4755 4760 4761 4204 2183 4762 4763 
1066 3994 3915 1689 1768 3995 3916 1690 1769 4758 4759 4764 4202 4207 2182 1945 2184 4765 4766 4209 2185 4762 4767 4768 4211 2186 4769 4770 
1067 3995 3916 1690 1769 3996 3917 1691 1770 4765 4766 4771 4209 4214 2185 1948 2187 4772 4773 4216 2188 4769 4774 4775 4218 2189 4776 4777 
1068 3996 3917 1691 1770 3997 3918 1692 1771 4772 4773 4778 4216 4221 2188 1951 2190 4779 4780 4223 2191 4776 4781 4782 4225 2192 4783 4784 
1069 3997 3918 1692 1771 3998 3919 1693 1772 4779 4780 4785 4223 4228 2191 1954 2193 4786 4787 4230 2194 4783 4788 4789 4232 2195 4790 4791 
1070 3998 3919 1693 1772 3999 3920 1694 1773 4786 4787 4792 4230 4235 2194 1957 2196 4793 4794 4237 2197 4790 4795 4796 4239 2198 4797 4798 
1071 3999 3920 1694 1773 4000 3921 1695 1774 4793 4794 4799 4237 4242 2197 1960 2199 4800 4801 4244 2200 4797 4802 4803 4246 2201 4804 4805 
1072 4000 3921 1695 1774 4001 3922 1696 1775 4800 4801 4806 4244 4249 2200 1963 2202 4807 4808 4251 2203 4804 4809 4810 4253 2204 4811 4812 
1073 4001 3922 1696 1775 4002 3923 1697 1776 4807 4808 4813 4251 4256 2203 1966 2205 4814 4815 4258 2206 4811 4816 4817 4260 2207 4818 4819 
1074 4002 3923 1697 1776 4003 3924 1698 1777 4814 4815 4820 4258 4263 2206 1969 2208 4821 4822 4265 2209 4818 4823 4824 4267 2210 4825 4826 
1075 4003 3924 1698 1777 4004 3925 1699 1778 4821 4822 4827 4265 4270 2209 1972 2211 4828 4829 4272 2212 4825 4830 4831 4274 2213 4832 4833 
1076 4004 3925 1699 1778 4005 3926 1700 1779 4828 4829 4834 4272 4277 2212 1975 2214 4835 4836 4279 2215 4832 4837 4838 4281 2216 4839 4840 
1077 4005 3926 1700 1779 4006 3927 1701 1780 4835 4836 4841 4279 4284 2215 1978 2217 4842 4843 4286 2218 4839 4844 4845 4288 2219 4846 4847 
1078 4006 3927 1701 1780 4007 3928 1702 1781 4842 4843 4848 4286 4291 2218 1981 2220 4849 4850 4293 2221 4846 4851 4852 4295 2222 4853 4854 
1079 4007 3928 1702 1781 4008 3929 1703 1782 4849 4850 4855 4293 4298 2221 1984 2223 4856 4857 4300 2224 4853 4858 4859 4302 2225 4860 4861 
1080 4008 3929 1703 1782 4009 3930 1704 1783 4856 4857 4862 4300 4305 2224 1987 2226 4863 4864 4307 2227 4860 4865 4866 4309 2228 4867 4868 
1081 4009 3930 1704 1783 4010 3931 1705 1784 4863 4864 4869 4307 4312 2227 1990 2229 4870 4871 4314 2230 4867 4872 4873 4316 2231 4874 4875 
1082 4010 3931 1705 1784 4011 3932 1706 1785 4870 4871 4876 4314 4319 2230 1993 2232 4877 4878 4321 2233 4874 4879 4880 4323 2234 4881 4882 
1083 4011 3932 1706 1785 4012 3933 1707 1786 4877 4878 4883 4321 4326 2233 1996 2235 4884 4885 4328 2236 4881 4886 4887 4330 2237 4888 4889 
1084 4012 3933 1707 1786 4013 3934 1708 1787 4884 4885 4890 4328 4333 2236 1999 2238 4891 4892 4335 2239 4888 4893 4894 4337 2240 4895 4896 
1085 4013 3934 1708 1787 4014 3935 1709 1788 4891 4892 4897 4335 4340 2239 2002 2241 4898 4899 4342 2242 4895 4900 4901 4344 2243 4902 4903 
1086 4014 3935 1709 1788 4015 3936 1710 1789 4898 4899 4904 4342 4347 2242 2005 2244 4905 4906 4349 2245 4902 4907 4908 4351 2246 4909 4910 
1087 4015 3936 1710 1789 4016 3937 1711 1790 4905 4906 4911 4349 4354 2245 2008 2247 4912 4913 4356 2248 4909 4914 4915 4358 2249 4916 4917 
1088 4016 3937 1711 1790 4017 3938 1712 1791 4912 4913 4918 4356 4361 2248 2011 2250 4919 4920 4363 2251 4916 4921 4922 4365 2252 4923 4924 
1089 4017 3938 1712 1791 4018 3939 1713 1792 4919 4920 4925 4363 4368 2251 2014 2253 4926 4927 4370 2254 4923 4928 4929 4372 2255 4930 4931 
1090 4018 3939 1713 1792 4019 3940 1714 1793 4926 4927 4932 4370 4375 2254 2017 2256 4933 4934 4377 2257 4930 4935 4936 4379 2258 4937 4938 
1091 4019 3940 1714 1793 4020 3941 1715 1794 4933 4934 4939 4377 4382 2257 2020 2259 4940 4941 4384 2260 4937 4942 4943 4386 2261 4944 4945 
1092 4020 3941 1715 1794 4021 3942 1716 1795 4940 4941 4946 4384 4389 2260 2023 2262 4947 4948 4391 2263 4944 4949 4950 4393 2264 4951 4952 
1093 4021 3942 1716 1795 4022 3943 1717 1796 4947 4948 4953 4391 4396 2263 2026 2265 4954 4955 4398 2266 4951 4956 4957 4400 2267 4958 4959 
1094 4022 3943 1717 1796 4023 3944 1718 1797 4954 4955 4960 4398 4403 2266 2029 2268 4961 4962 4405 2269 4958 4963 4964 4407 2270 4965 4966 
1095 4023 3944 1718 1797 4024 3945 1719 1798 4961 4962 4967 4405 4410 2269 2032 2271 4968 4969 4412 2272 4965 4970 4971 4414 2273 4972 4973 
1096 4024 3945 1719 1798 4025 3946 1720 1799 4968 4969 4974 4412 4417 2272 2035 2274 4975 4976 4419 2275 4972 4977 4978 4421 2276 4979 4980 
1097 4025 3946 1720 1799 4026 3947 1721 1800 4975 4976 4981 4419 4424 2275 2038 2277 4982 4983 4426 2278 4979 4984 4985 4428 2279 4986 4987 
1098 4026 3947 1721 1800 4027 3948 1722 1801 4982 4983 4988 4426 4431 2278 2041 2280 4989 4990 4433 2281 4986 4991 4992 4435 2282 4993 4994 
1099 4027 3948 1722 1801 4028 3949 1723 1802 4989 4990 4995 4433 4438 2281 2044 2283 4996 4997 4440 2284 4993 4998 4999 4442 2285 5000 5001 
1100 4028 3949 1723 1802 4029 3950 1724 1803 4996 4997 5002 4440 4445 2284 2047 2286 5003 5004 4447 2287 5000 5005 5006 4449 2288 5007 5008 
1101 4029 3950 1724 1803 4030 3951 1725 1804 5003 5004 5009 4447 4452 2287 2050 2289 5010 5011 4454 2290 5007 5012 5013 4456 2291 5014 5015 
1102 4030 3951 1725 1804 4031 3952 1726 1805 5010 5011 5016 4454 4459 2290 2053 2292 5017 5018 4461 2293 5014 5019 5020 4463 2294 5021 5022 
1103 4031 3952 1726 1805 4032 3953 1727 1806 5017 5018 5023 4461 4466 2293 2056 2295 5024 5025 4468 2296 5021 5026 5027 4470 2297 5028 5029 
1104 4032 3953 1727 1806 4033 3954 1728 1807 5024 5025 5030 4468 4473 2296 2059 2298 5031 5032 4475 2299 5028 5033 5034 4477 2300 5035 5036 
1105 4033 3954 1728 1807 4034 3955 1729 1808 5031 5032 5037 4475 4480 2299 2062 2301 5038 5039 4482 2302 5035 5040 5041 4484 2303 5042 5043 
1106 4034 3955 1729 1808 4035 3956 1730 1809 5038 5039 5044 4482 4487 2302 2065 2304 5045 5046 4489 2305 5042 5047 5048 4491 2306 5049 5050 
1107 4035 3956 1730 1809 4036 3957 1731 1810 5045 5046 5051 4489 4494 2305 2068 2307 5052 5053 4496 2308 5049 5054 5055 4498 2309 5056 5057 
1108 4036 3957 1731 1810 4037 3958 1732 1811 5052 5053 5058 4496 4501 2308 2071 2310 5059 5060 4503 2311 5056 5061 5062 4505 2312 5063 5064 
1109 4037 3958 1732 1811 4038 3959 1733 1812 5059 5060 5065 4503 4508 2311 2074 2313 5066 5067 4510 2314 5063 5068 5069 4512 2315 5070 5071 
1110 4038 3959 1733 1812 4039 3960 1734 1813 5066 5067 5072 4510 4515 2314 2077 2316 5073 5074 4517 2317 5070 5075 5076 4519 2318 5077 5078 
1111 4039 3960 1734 1813 4040 3961 1735 1814 5073 5074 5079 4517 4522 2317 2080 2319 5080 5081 4524 2320 5077 5082 5083 4526 2321 5084 5085 
1112 4040 3961 1735 1814 4041 3962 1736 1815 5080 5081 5086 4524 4529 2320 2083 2322 5087 5088 4531 2323 5084 5089 5090 4533 2324 5091 5092 
1113 4041 3962 1736 1815 4042 3963 1737 1816 5087 5088 5093 4531 4536 2323 2086 2325 5094 5095 4538 2326 5091 5096 5097 4540 2327 5098 5099 
1114 4042 3963 1737 1816 4043 3964 1738 1817 5094 5095 5100 4538 4543 2326 2089 2328 5101 5102 4545 2329 5098 5103 5104 4547 2330 5105 5106 
1115 4043 3964 1738 1817 4044 3965 1739 1818 5101 5102 5107 4545 4550 2329 2092 2331 5108 5109 4552 2332 5105 5110 5111 4554 2333 5112 5113 
1116 4044 3965 1739 1818 4045 3966 1740 1819 5108 5109 5114 4552 4557 2332 2095 2334 5115 5116 4559 2335 5112 5117 5118 4561 2336 5119 5120 
1117 4045 3966 1740 1819 4046 3967 1741 1820 5115 5116 5121 4559 4564 2335 2098 2337 5122 5123 4566 2338 5119 5124 5125 4568 2339 5126 5127 
1118 4046 3967 1741 1820 4047 3968 1742 1821 5122 5123 5128 4566 4571 2338 2101 2340 5129 5130 4573 2341 5126 5131 5132 4575 2342 5133 5134 
1119 4047 3968 1742 1821 4048 3969 1743 1822 5129 5130 5135 4573 4578 2341 2104 2343 5136 5137 4580 2344 5133 5138 5139 4582 2345 5140 5141 
1120 4048 3969 1743 1822 4049 3970 1744 1823 5136 5137 5142 4580 4585 2344 2107 2346 5143 5144 4587 2347 5140 5145 5146 4589 2348 5147 5148 
1121 4049 3970 1744 1823 4050 3971 1745 1824 5143 5144 5149 4587 4592 2347 2110 2349 5150 5151 4594 2350 5147 5152 5153 4596 2351 5154 5155 
1122 4050 3971 1745 1824 4051 3972 1746 1825 5150 5151 5156 4594 4599 2350 2113 2352 5157 5158 4601 2353 5154 5159 5160 4603 2354 5161 5162 
1123 4051 3972 1746 1825 4052 3973 1747 1826 5157 5158 5163 4601 4606 2353 2116 2355 5164 5165 4608 2356 5161 5166 5167 4610 2357 5168 5169 
1124 4052 3973 1747 1826 4053 3974 1748 1827 5164 5165 5170 4608 4613 2356 2119 2358 5171 5172 4615 2359 5168 5173 5174 4617 2360 5175 5176 
1125 4053 3974 1748 1827 4054 3975 1749 1828 5171 5172 5177 4615 4620 2359 2122 2361 5178 5179 4622 2362 5175 5180 5181 4624 2363 5182 5183 
1126 4054 3975 1749 1828 4055 3976 1750 1829 5178 5179 5184 4622 4627 2362 2125 2364 5185 5186 4629 2365 5182 5187 5188 4631 2366 5189 5190 
1127 4055 3976 1750 1829 4056 3977 1751 1830 5185 5186 5191 4629 4634 2365 2128 2367 5192 5193 4636 2368 5189 5194 5195 4638 2369 5196 5197 
1128 4056 3977 1751 1830 4057 3978 1752 1831 5192 5193 5198 4636 4641 2368 2131 2370 5199 5200 4643 2371 5196 5201 5202 4645 2372 5203 5204 
1129 4057 3978 1752 1831 4058 3979 1753 1832 5199 5200 5205 4643 4648 2371 2134 2373 5206 5207 4650 2374 5203 5208 5209 4652 2375 5210 5211 
1130 4058 3979 1753 1832 4059 3980 1754 1833 5206 5207 5212 4650 4655 2374 2137 2376 5213 5214 4657 2377 5210 5215 5216 4659 2378 5217 5218 
1131 4059 3980 1754 1833 4060 3981 1755 1834 5213 5214 5219 4657 4662 2377 2140 2379 5220 5221 4664 2380 5217 5222 5223 4666 2381 5224 5225 
1132 4060 3981 1755 1834 4061 3982 1756 1835 5220 5221 5226 4664 4669 2380 2143 2382 5227 5228 4671 2383 5224 5229 5230 4673 2384 5231 5232 
1133 4061 3982 1756 1835 4062 3983 1757 1836 5227 5228 5233 4671 4676 2383 2146 2385 5234 5235 4678 2386 5231 5236 5237 4680 2387 5238 5239 
1134 4062 3983 1757 1836 4063 3984 1758 1837 5234 5235 5240 4678 4683 2386 2149 2388 5241 5242 4685 2389 5238 5243 5244 4687 2390 5245 5246 
1135 4063 3984 1758 1837 4064 3985 1759 1838 5241 5242 5247 4685 4690 2389 2152 2391 5248 5249 4692 2392 5245 5250 5251 4694 2393 5252 5253 
1136 4064 3985 1759 1838 707 706 42 43 5248 5249 5254 4692 4697 2392 2155 2394 713 712 709 46 5252 5255 5256 4699 2395 714 5257 
1137 687 686 23 24 4065 3986 1760 1839 694 695 5258 692 4701 27 2157 2396 5259 5260 4703 2397 696 5261 5262 4705 2398 5263 5264 
1138 4065 3986 1760 1839 4066 3987 1761 1840 5259 5260 5265 4703 4708 2397 2160 2399 5266 5267 4710 2400 5263 5268 5269 4712 2401 5270 5271 
1139 4066 3987 1761 1840 4067 3988 1762 1841 5266 5267 5272 4710 4715 2400 2163 2402 5273 5274 4717 2403 5270 5275 5276 4719 2404 5277 5278 
1140 4067 3988 1762 1841 4068 3989 1763 1842 5273 5274 5279 4717 4722 2403 2166 2405 5280 5281 4724 2406 5277 5282 5283 4726 2407 5284 5285 
1141 4068 3989 1763 1842 4069 3990 1764 1843 5280 5281 5286 4724 4729 2406 2169 2408 5287 5288 4731 2409 5284 5289 5290 4733 2410 5291 5292 
1142 4069 3990 1764 1843 4070 3991 1765 1844 5287 5288 5293 4731 4736 2409 2172 2411 5294 5295 4738 2412 5291 5296 5297 4740 2413 5298 5299 
1143 4070 3991 1765 1844 4071 3992 1766 1845 5294 5295 5300 4738 4743 2412 2175 2414 5301 5302 4745 2415 5298 5303 5304 4747 2416 5305 5306 
1144 4071 3992 1766 1845 4072 3993 1767 1846 5301 5302 5307 4745 4750 2415 2178 2417 5308 5309 4752 2418 5305 5310 5311 4754 2419 5312 5313 
1145 4072 3993 1767 1846 4073 3994 1768 1847 5308 5309 5314 4752 4757 2418 2181 2420 5315 5316 4759 2421 5312 5317 5318 4761 2422 5319 5320 
1146 4073 3994 1768 1847 4074 3995 1769 1848 5315 5316 5321 4759 4764 2421 2184 2423 5322 5323 4766 2424 5319 5324 5325 4768 2425 5326 5327 
1147 4074 3995 1769 1848 4075 3996 1770 1849 5322 5323 5328 4766 4771 2424 2187 2426 5329 5330 4773 2427 5326 5331 5332 4775 2428 5333 5334 
1148 4075 3996 1770 1849 4076 3997 1771 1850 5329 5330 5335 4773 4778 2427 2190 2429 5336 5337 4780 2430 5333 5338 5339 4782 2431 5340 5341 
1149 4076 3997 1771 1850 4077 3998 1772 1851 5336 5337 5342 4780 4785 2430 2193 2432 5343 5344 4787 2433 5340 5345 5346 4789 2434 5347 5348 
1150 4077 3998 1772 1851 4078 3999 1773 1852 5343 5344 5349 4787 4792 2433 2196 2435 5350 5351 4794 2436 5347 5352 5353 4796 2437 5354 5355 
1151 4078 3999 1773 1852 4079 4000 1774 1853 5350 5351 5356 4794 4799 2436 2199 2438 5357 5358 4801 2439 5354 5359 5360 4803 2440 5361 5362 
1152 4079 4000 1774 1853 4080 4001 1775 1854 5357 5358 5363 4801 4806 2439 2202 2441 5364 5365 4808 2442 5361 5366 5367 4810 2443 5368 5369 
1153 4080 4001 1775 1854 4081 4002 1776 1855 5364 5365 5370 4808 4813 2442 2205 2444 5371 5372 4815 2445 5368 5373 5374 4817 2446 5375 5376 
1154 4081 4002 1776 1855 4082 4003 1777 1856 5371 5372 5377 4815 4820 2445 2208 2447 5378 5379 4822 2448 5375 5380 5381 4824 2449 5382 5383 
1155 4082 4003 1777 1856 4083 4004 1778 1857 5378 5379 5384 4822 4827 2448 2211 2450 5385 5386 4829 2451 5382 5387 5388 4831 2452 5389 5390 
1156 4083 4004 1778 1857 4084 4005 1779 1858 5385 5386 5391 4829 4834 2451 2214 2453 5392 5393 4836 2454 5389 5394 5395 4838 2455 5396 5397 
1157 4084 4005 1779 1858 4085 4006 1780 1859 5392 5393 5398 4836 4841 2454 2217 2456 5399 5400 4843 2457 5396 5401 5402 4845 2458 5403 5404 
1158 4085 4006 1780 1859 4086 4007 1781 1860 5399 5400 5405 4843 4848 2457 2220 2459 5406 5407 4850 2460 5403 5408 5409 4852 2461 5410 5411 
1159 4086 4007 1781 1860 4087 4008 1782 1861 5406 5407 5412 4850 4855 2460 2223 2462 5413 5414 4857 2463 5410 5415 5416 4859 2464 5417 5418 
1160 4087 4008 1782 1861 4088 4009 1783 1862 5413 5414 5419 4857 4862 2463 2226 2465 5420 5421 4864 2466 5417 5422 5423 4866 2467 5424 5425 
1161 4088 4009 1783 1862 4089 4010 1784 1863 5420 5421 5426 4864 4869 2466 2229 2468 5427 5428 4871 2469 5424 5429 5430 4873 2470 5431 5432 
1162 4089 4010 1784 1863 4090 4011 1785 1864 5427 5428 5433 4871 4876 2469 2232 2471 5434 5435 4878 2472 5431 5436 5437 4880 2473 5438 5439 
1163 4090 4011 1785 1864 4091 4012 1786 1865 5434 5435 5440 4878 4883 2472 2235 2474 5441 5442 4885 2475 5438 5443 5444 4887 2476 5445 5446 
1164 4091 4012 1786 1865 4092 4013 1787 1866 5441 5442 5447 4885 4890 2475 2238 2477 5448 5449 4892 2478 5445 5450 5451 4894 2479 5452 5453 
1165 4092 4013 1787 1866 4093 4014 1788 1867 5448 5449 5454 4892 4897 2478 2241 2480 5455 5456 4899 2481 5452 5457 5458 4901 2482 5459 5460 
1166 4093 4014 1788 1867 4094 4015 1789 1868 5455 5456 5461 4899 4904 2481 2244 2483 5462 5463 4906 2484 5459 5464 5465 4908 2485 5466 5467 
1167 4094 4015 1789 1868 4095 4016 1790 1869 5462 5463 5468 4906 4911 2484 2247 2486 5469 5470 4913 2487 5466 5471 5472 4915 2488 5473 5474 
1168 4095 4016 1790 1869 4096 4017 1791 1870 5469 5470 5475 4913 4918 2487 2250 2489 5476 5477 4920 2490 5473 5478 5479 4922 2491 5480 5481 
1169 4096 4017 1791 1870 4097 4018 1792 1871 5476 5477 5482 4920 4925 2490 2253 2492 5483 5484 4927 2493 5480 5485 5486 4929 2494 5487 5488 
1170 4097 4018 1792 1871 4098 4019 1793 1872 5483 5484 5489 4927 4932 2493 2256 2495 5490 5491 4934 2496 5487 5492 5493 4936 2497 5494 5495 
1171 4098 4019 1793 1872 4099 4020 1794 1873 5490 5491 5496 4934 4939 2496 2259 2498 5497 5498 4941 2499 5494 5499 5500 4943 2500 5501 5502 
1172 4099 4020 1794 1873 4100 4021 1795 1874 5497 5498 5503 4941 4946 2499 2262 2501 5504 5505 4948 2502 5501 5506 5507 4950 2503 5508 5509 
1173 4100 4021 1795 1874 4101 4022 1796 1875 5504 5505 5510 4948 4953 2502 2265 2504 5511 5512 4955 2505 5508 5513 5514 4957 2506 5515 5516 
1174 4101 4022 1796 1875 4102 4023 1797 1876 5511 5512 5517 4955 4960 2505 2268 2507 5518 5519 4962 2508 5515 5520 5521 4964 2509 5522 5523 
1175 4102 4023 1797 1876 4103 4024 1798 1877 5518 5519 5524 4962 4967 2508 2271 2510 5525 5526 4969 2511 5522 5527 5528 4971 2512 5529 5530 
1176 4103 4024 1798 1877 4104 4025 1799 1878 5525 5526 5531 4969 4974 2511 2274 2513 5532 5533 4976 2514 5529 5534 5535 4978 2515 5536 5537 
1177 4104 4025 1799 1878 4105 4026 1800 1879 5532 5533 5538 4976 4981 2514 2277 2516 5539 5540 4983 2517 5536 5541 5542 4985 2518 5543 5544 
1178 4105 4026 1800 1879 4106 4027 1801 1880 5539 5540 5545 4983 4988 2517 2280 2519 5546 5547 4990 2520 5543 5548 5549 4992 2521 5550 5551 
1179 4106 4027 1801 1880 4107 4028 1802 1881 5546 5547 5552 4990 4995 2520 2283 2522 5553 5554 4997 2523 5550 5555 5556 4999 2524 5557 5558 
1180 4107 4028 1802 1881 4108 4029 1803 1882 5553 5554 5559 4997 5002 2523 2286 2525 5560 5561 5004 2526 5557 5562 5563 5006 2527 5564 5565 
1181 4108 4029 1803 1882 4109 4030 1804 1883 5560 5561 5566 5004 5009 2526 2289 2528 5567 5568 5011 2529 5564 5569 5570 5013 2530 5571 5572 
1182 4109 4030 1804 1883 4110 4031 1805 1884 5567 5568 5573 5011 5016 2529 2292 2531 5574 5575 5018 2532 5571 5576 5577 5020 2533 5578 5579 
1183 4110 4031 1805 1884 4111 4032 1806 1885 5574 5575 5580 5018 5023 2532 2295 2534 5581 5582 5025 2535 5578 5583 5584 5027 2536 5585 5586 
1184 4111 4032 1806 1885 4112 4033 1807 1886 5581 5582 5587 5025 5030 2535 2298 2537 5588 5589 5032 2538 5585 5590 5591 5034 2539 5592 5593 
1185 4112 4033 1807 1886 4113 4034 1808 1887 5588 5589 5594 5032 5037 2538 2301 2540 5595 5596 5039 2541 5592 5597 5598 5041 2542 5599 5600 
1186 4113 4034 1808 1887 4114 4035 1809 1888 5595 5596 5601 5039 5044 2541 2304 2543 5602 5603 5046 2544 5599 5604 5605 5048 2545 5606 5607 
1187 4114 4035 1809 1888 4115 4036 1810 1889 5602 5603 5608 5046 5051 2544 2307 2546 5609 5610 5053 2547 5606 5611 5612 5055 2548 5613 5614 
1188 4115 4036 1810 1889 4116 4037 1811 1890 5609 5610 5615 5053 5058 2547 2310 2549 5616 5617 5060 2550 5613 5618 5619 5062 2551 5620 5621 
1189 4116 4037 1811 1890 4117 4038 1812 1891 5616 5617 5622 5060 5065 2550 2313 2552 5623 5624 5067 2553 5620 5625 5626 5069 2554 5627 5628 
1190 4117 4038 1812 1891 4118 4039 1813 1892 5623 5624 5629 5067 5072 2553 2316 2555 5630 5631 5074 2556 5627 5632 5633 5076 2557 5634 5635 
1191 4118 4039 1813 1892 4119 4040 1814 1893 5630 5631 5636 5074 5079 2556 2319 2558 5637 5638 5081 2559 5634 5639 5640 5083 2560 5641 5642 
1192 4119 4040 1814 1893 4120 4041 1815 1894 5637 5638 5643 5081 5086 2559 2322 2561 5644 5645 5088 2562 5641 5646 5647 5090 2563 5648 5649 
1193 4120 4041 1815 1894 4121 4042 1816 1895 5644 5645 5650 5088 5093 2562 2325 2564 5651 5652 5095 2565 5648 5653 5654 5097 2566 5655 5656 
1194 4121 4042 1816 1895 4122 4043 1817 1896 5651 5652 5657 5095 5100 2565 2328 2567 5658 5659 5102 2568 5655 5660 5661 5104 2569 5662 5663 
1195 4122 4043 1817 1896 4123 4044 1818 1897 5658 5659 5664 5102 5107 2568 2331 2570 5665 5666 5109 2571 5662 5667 5668 5111 2572 5669 5670 
1196 4123 4044 1818 1897 4124 4045 1819 1898 5665 5666 5671 5109 5114 2571 2334 2573 5672 5673 5116 2574 5669 5674 5675 5118 2575 5676 5677 
1197 4124 4045 1819 1898 4125 4046 1820 1899 5672 5673 5678 5116 5121 2574 2337 2576 5679 5680 5123 2577 5676 5681 5682 5125 2578 5683 5684 
1198 4125 4046 1820 1899 4126 4047 1821 1900 5679 5680 5685 5123 5128 2577 2340 2579 5686 5687 5130 2580 5683 5688 5689 5132 2581 5690 5691 
1199 4126 4047 1821 1900 4127 4048 1822 1901 5686 5687 5692 5130 5135 2580 2343 2582 5693 5694 5137 2583 5690 5695 5696 5139 2584 5697 5698 
1200 4127 4048 1822 1901 4128 4049 1823 1902 5693 5694 5699 5137 5142 2583 2346 2585 5700 5701 5144 2586 5697 5702 5703 5146 2587 5704 5705 
1201 4128 4049 1823 1902 4129 4050 1824 1903 5700 5701 5706 5144 5149 2586 2349 2588 5707 5708 5151 2589 5704 5709 5710 5153 2590 5711 5712 
1202 4129 4050 1824 1903 4130 4051 1825 1904 5707 5708 5713 5151 5156 2589 2352 2591 5714 5715 5158 2592 5711 5716 5717 5160 2593 5718 5719 
1203 4130 4051 1825 1904 4131 4052 1826 1905 5714 5715 5720 5158 5163 2592 2355 2594 5721 5722 5165 2595 5718 5723 5724 5167 2596 5725 5726 
1204 4131 4052 1826 1905 4132 4053 1827 1906 5721 5722 5727 5165 5170 2595 2358 2597 5728 5729 5172 2598 5725 5730 5731 5174 2599 5732 5733 
1205 4132 4053 1827 1906 4133 4054 1828 1907 5728 5729 5734 5172 5177 2598 2361 2600 5735 5736 5179 2601 5732 5737 5738 5181 2602 5739 5740 
1206 4133 4054 1828 1907 4134 4055 1829 1908 5735 5736 5741 5179 5184 2601 2364 2603 5742 5743 5186 2604 5739 5744 5745 5188 2605 5746 5747 
1207 4134 4055 1829 1908 4135 4056 1830 1909 5742 5743 5748 5186 5191 2604 2367 2606 5749 5750 5193 2607 5746 5751 5752 5195 2608 5753 5754 
1208 4135 4056 1830 1909 4136 4057 1831 1910 5749 5750 5755 5193 5198 2607 2370 2609 5756 5757 5200 2610 5753 5758 5759 5202 2611 5760 5761 
1209 4136 4057 1831 1910 4137 4058 1832 1911 5756 5757 5762 5200 5205 2610 2373 2612 5763 5764 5207 2613 5760 5765 5766 5209 2614 5767 5768 
1210 4137 4058 1832 1911 4138 4059 1833 1912 5763 5764 5769 5207 5212 2613 2376 2615 5770 5771 5214 2616 5767 5772 5773 5216 2617 5774 5775 
1211 4138 4059 1833 1912 4139 4060 1834 1913 5770 5771 5776 5214 5219 2616 2379 2618 5777 5778 5221 2619 5774 5779 5780 5223 2620 5781 5782 
1212 4139 4060 1834 1913 4140 4061 1835 1914 5777 5778 5783 5221 5226 2619 2382 2621 5784 5785 5228 2622 5781 5786 5787 5230 2623 5788 5789 
1213 4140 4061 1835 1914 4141 4062 1836 1915 5784 5785 5790 5228 5233 2622 2385 2624 5791 5792 5235 2625 5788 5793 5794 5237 2626 5795 5796 
1214 4141 4062 1836 1915 4142 4063 1837 1916 5791 5792 5797 5235 5240 2625 2388 2627 5798 5799 5242 2628 5795 5800 5801 5244 2629 5802 5803 
1215 4142 4063 1837 1916 4143 4064 1838 1917 5798 5799 5804 5242 5247 2628 2391 2630 5805 5806 5249 2631 5802 5807 5808 5251 2632 5809 5810 
1216 4143 4064 1838 1917 708 707 43 44 5805 5806 5811 5249 5254 2631 2394 2633 716 715 712 47 5809 5812 5813 5256 2634 717 5814 
1217 19 687 24 4 1204 4065 1839 367 697 20 1283 695 5258 28 2396 446 5815 1284 5260 2635 698 5816 1285 5262 2636 5817 5818 
1218 1204 4065 1839 367 1205 4066 1840 368 5815 1284 1288 5260 5265 2635 2399 447 5819 1289 5267 2637 5817 5820 1290 5269 2638 5821 5822 
1219 1205 4066 1840 368 1206 4067 1841 369 5819 1289 1293 5267 5272 2637 2402 448 5823 1294 5274 2639 5821 5824 1295 5276 2640 5825 5826 
1220 1206 4067 1841 369 1207 4068 1842 370 5823 1294 1298 5274 5279 2639 2405 449 5827 1299 5281 2641 5825 5828 1300 5283 2642 5829 5830 
1221 1207 4068 1842 370 1208 4069 1843 371 5827 1299 1303 5281 5286 2641 2408 450 5831 1304 5288 2643 5829 5832 1305 5290 2644 5833 5834 
1222 1208 4069 1843 371 1209 4070 1844 372 5831 1304 1308 5288 5293 2643 2411 451 5835 1309 5295 2645 5833 5836 1310 5297 2646 5837 5838 
1223 1209 4070 1844 372 1210 4071 1845 373 5835 1309 1313 5295 5300 2645 2414 452 5839 1314 5302 2647 5837 5840 1315 5304 2648 5841 5842 
1224 1210 4071 1845 373 1211 4072 1846 374 5839 1314 1318 5302 5307 2647 2417 453 5843 1319 5309 2649 5841 5844 1320 5311 2650 5845 5846 
1225 1211 4072 1846 374 1212 4073 1847 375 5843 1319 1323 5309 5314 2649 2420 454 5847 1324 5316 2651 5845 5848 1325 5318 2652 5849 5850 
1226 1212 4073 1847 375 1213 4074 1848 376 5847 1324 1328 5316 5321 2651 2423 455 5851 1329 5323 2653 5849 5852 1330 5325 2654 5853 5854 
1227 1213 4074 1848 376 1214 4075 1849 377 5851 1329 1333 5323 5328 2653 2426 456 5855 1334 5330 2655 5853 5856 1335 5332 2656 5857 5858 
1228 1214 4075 1849 377 1215 4076 1850 378 5855 1334 1338 5330 5335 2655 2429 457 5859 1339 5337 2657 5857 5860 1340 5339 2658 5861 5862 
1229 1215 4076 1850 378 1216 4077 1851 379 5859 1339 1343 5337 5342 2657 2432 458 5863 1344 5344 2659 5861 5864 1345 5346 2660 5865 5866 
1230 1216 4077 1851 379 1217 4078 1852 380 5863 1344 1348 5344 5349 2659 2435 459 5867 1349 5351 2661 5865 5868 1350 5353 2662 5869 5870 
1231 1217 4078 1852 380 1218 4079 1853 381 5867 1349 1353 5351 5356 2661 2438 460 5871 1354 5358 2663 5869 5872 1355 5360 2664 5873 5874 
1232 1218 4079 1853 381 1219 4080 1854 382 5871 1354 1358 5358 5363 2663 2441 461 5875 1359 5365 2665 5873 5876 1360 5367 2666 5877 5878 
1233 1219 4080 1854 382 1220 4081 1855 383 5875 1359 1363 5365 5370 2665 2444 462 5879 1364 5372 2667 5877 5880 1365 5374 2668 5881 5882 
1234 1220 4081 1855 383 1221 4082 1856 384 5879 1364 1368 5372 5377 2667 2447 463 5883 1369 5379 2669 5881 5884 1370 5381 2670 5885 5886 
1235 1221 4082 1856 384 1222 4083 1857 385 5883 1369 1373 5379 5384 2669 2450 464 5887 1374 5386 2671 5885 5888 1375 5388 2672 5889 5890 
1236 1222 4083 1857 385 1223 4084 1858 386 5887 1374 1378 5386 5391 2671 2453 465 5891 1379 5393 2673 5889 5892 1380 5395 2674 5893 5894 
1237 1223 4084 1858 386 1224 4085 1859 387 5891 1379 1383 5393 5398 2673 2456 466 5895 1384 5400 2675 5893 5896 1385 5402 2676 5897 5898 
1238 1224 4085 1859 387 1225 4086 1860 388 5895 1384 1388 5400 5405 2675 2459 467 5899 1389 5407 2677 5897 5900 1390 5409 2678 5901 5902 
1239 1225 4086 1860 388 1226 4087 1861 389 5899 1389 1393 5407 5412 2677 2462 468 5903 1394 5414 2679 5901 5904 1395 5416 2680 5905 5906 
1240 1226 4087 1861 389 1227 4088 1862 390 5903 1394 1398 5414 5419 2679 2465 469 5907 1399 5421 2681 5905 5908 1400 5423 2682 5909 5910 
1241 1227 4088 1862 390 1228 4089 1863 391 5907 1399 1403 5421 5426 2681 2468 470 5911 1404 5428 2683 5909 5912 1405 5430 2684 5913 5914 
1242 1228 4089 1863 391 1229 4090 1864 392 5911 1404 1408 5428 5433 2683 2471 471 5915 1409 5435 2685 5913 5916 1410 5437 2686 5917 5918 
1243 1229 4090 1864 392 1230 4091 1865 393 5915 1409 1413 5435 5440 2685 2474 472 5919 1414 5442 2687 5917 5920 1415 5444 2688 5921 5922 
1244 1230 4091 1865 393 1231 4092 1866 394 5919 1414 1418 5442 5447 2687 2477 473 5923 1419 5449 2689 5921 5924 1420 5451 2690 5925 5926 
1245 1231 4092 1866 394 1232 4093 1867 395 5923 1419 1423 5449 5454 2689 2480 474 5927 1424 5456 2691 5925 5928 1425 5458 2692 5929 5930 
1246 1232 4093 1867 395 1233 4094 1868 396 5927 1424 1428 5456 5461 2691 2483 475 5931 1429 5463 2693 5929 5932 1430 5465 2694 5933 5934 
1247 1233 4094 1868 396 1234 4095 1869 397 5931 1429 1433 5463 5468 2693 2486 476 5935 1434 5470 2695 5933 5936 1435 5472 2696 5937 5938 
1248 1234 4095 1869 397 1235 4096 1870 398 5935 1434 1438 5470 5475 2695 2489 477 5939 1439 5477 2697 5937 5940 1440 5479 2698 5941 5942 
1249 1235 4096 1870 398 1236 4097 1871 399 5939 1439 1443 5477 5482 2697 2492 478 5943 1444 5484 2699 5941 5944 1445 5486 2700 5945 5946 
1250 1236 4097 1871 399 1237 4098 1872 400 5943 1444 1448 5484 5489 2699 2495 479 5947 1449 5491 2701 5945 5948 1450 5493 2702 5949 5950 
1251 1237 4098 1872 400 1238 4099 1873 401 5947 1449 1453 5491 5496 2701 2498 480 5951 1454 5498 2703 5949 5952 1455 5500 2704 5953 5954 
1252 1238 4099 1873 401 1239 4100 1874 402 5951 1454 1458 5498 5503 2703 2501 481 5955 1459 5505 2705 5953 5956 1460 5507 2706 5957 5958 
1253 1239 4100 1874 402 1240 4101 1875 403 5955 1459 1463 5505 5510 2705 2504 482 5959 1464 5512 2707 5957 5960 1465 5514 2708 5961 5962 
1254 1240 4101 1875 403 1241 4102 1876 404 5959 1464 1468 5512 5517 2707 2507 483 5963 1469 5519 2709 5961 5964 1470 5521 2710 5965 5966 
1255 1241 4102 1876 404 1242 4103 1877 405 5963 1469 1473 5519 5524 2709 2510 484 5967 1474 5526 2711 5965 5968 1475 5528 2712 5969 5970 
1256 1242 4103 1877 405 1243 4104 1878 406 5967 1474 1478 5526 5531 2711 2513 485 5971 1479 5533 2713 5969 5972 1480 5535 2714 5973 5974 
1257 1243 4104 1878 406 1244 4105 1879 407 5971 1479 1483 5533 5538 2713 2516 486 5975 1484 5540 2715 5973 5976 1485 5542 2716 5977 5978 
1258 1244 4105 1879 407 1245 4106 1880 408 5975 1484 1488 5540 5545 2715 2519 487 5979 1489 5547 2717 5977 5980 1490 5549 2718 5981 5982 
1259 1245 4106 1880 408 1246 4107 1881 409 5979 1489 1493 5547 5552 2717 2522 488 5983 1494 5554 2719 5981 5984 1495 5556 2720 5985 5986 
1260 1246 4107 1881 409 1247 4108 1882 410 5983 1494 1498 5554 5559 2719 2525 489 5987 1499 5561 2721 5985 5988 1500 5563 2722 5989 5990 
1261 1247 4108 1882 410 1248 4109 1883 411 5987 1499 1503 5561 5566 2721 2528 490 5991 1504 5568 2723 5989 5992 1505 5570 2724 5993 5994 
1262 1248 4109 1883 411 1249 4110 1884 412 5991 1504 1508 5568 5573 2723 2531 491 5995 1509 5575 2725 5993 5996 1510 5577 2726 5997 5998 
1263 1249 4110 1884 412 1250 4111 1885 413 5995 1509 1513 5575 5580 2725 2534 492 5999 1514 5582 2727 5997 6000 1515 5584 2728 6001 6002 
1264 1250 4111 1885 413 1251 4112 1886 414 5999 1514 1518 5582 5587 2727 2537 493 6003 1519 5589 2729 6001 6004 1520 5591 2730 6005 6006 
1265 1251 4112 1886 414 1252 4113 1887 415 6003 1519 1523 5589 5594 2729 2540 494 6007 1524 5596 2731 6005 6008 1525 5598 2732 6009 6010 
1266 1252 4113 1887 415 1253 4114 1888 416 6007 1524 1528 5596 5601 2731 2543 495 6011 1529 5603 2733 6009 6012 1530 5605 2734 6013 6014 
1267 1253 4114 1888 416 1254 4115 1889 417 6011 1529 1533 5603 5608 2733 2546 496 6015 1534 5610 2735 6013 6016 1535 5612 2736 6017 6018 
1268 1254 4115 1889 417 1255 4116 1890 418 6015 1534 1538 5610 5615 2735 2549 497 6019 1539 5617 2737 6017 6020 1540 5619 2738 6021 6022 
1269 1255 4116 1890 418 1256 4117 1891 419 6019 1539 1543 5617 5622 2737 2552 498 6023 1544 5624 2739 6021 6024 1545 5626 2740 6025 6026 
1270 1256 4117 1891 419 1257 4118 1892 420 6023 1544 1548 5624 5629 2739 2555 499 6027 1549 5631 2741 6025 6028 1550 5633 2742 6029 6030 
1271 1257 4118 1892 420 1258 4119 1893 421 6027 1549 1553 5631 5636 2741 2558 500 6031 1554 5638 2743 6029 6032 1555 5640 2744 6033 6034 
1272 1258 4119 1893 421 1259 4120 1894 422 6031 1554 1558 5638 5643 2743 2561 501 6035 1559 5645 2745 6033 6036 1560 5647 2746 6037 6038 
1273 1259 4120 1894 422 1260 4121 1895 423 6035 1559 1563 5645 5650 2745 2564 502 6039 1564 5652 2747 6037 6040 1565 5654 2748 6041 6042 
1274 1260 4121 1895 423 1261 4122 1896 424 6039 1564 1568 5652 5657 2747 2567 503 6043 1569 5659 2749 6041 6044 1570 5661 2750 6045 6046 
1275 1261 4122 1896 424 1262 4123 1897 425 6043 1569 1573 5659 5664 2749 2570 504 6047 1574 5666 2751 6045 6048 1575 5668 2752 6049 6050 
1276 1262 4123 1897 425 1263 4124 1898 426 6047 1574 1578 5666 5671 2751 2573 505 6051 1579 5673 2753 6049 6052 1580 5675 2754 6053 6054 
1277 1263 4124 1898 426 1264 4125 1899 427 6051 1579 1583 5673 5678 2753 2576 506 6055 1584 5680 2755 6053 6056 1585 5682 2756 6057 6058 
1278 1264 4125 1899 427 1265 4126 1900 428 6055 1584 1588 5680 5685 2755 2579 507 6059 1589 5687 2757 6057 6060 1590 5689 2758 6061 6062 
1279 1265 4126 1900 428 1266 4127 1901 429 6059 1589 1593 5687 5692 2757 2582 508 6063 1594 5694 2759 6061 6064 1595 5696 2760 6065 6066 
1280 1266 4127 1901 429 1267 4128 1902 430 6063 1594 1598 5694 5699 2759 2585 509 6067 1599 5701 2761 6065 6068 1600 5703 2762 6069 6070 
1281 1267 4128 1902 430 1268 4129 1903 431 6067 1599 1603 5701 5706 2761 2588 510 6071 1604 5708 2763 6069 6072 1605 5710 2764 6073 6074 
1282 1268 4129 1903 431 1269 4130 1904 432 6071 1604 1608 5708 5713 2763 2591 511 6075 1609 5715 2765 6073 6076 1610 5717 2766 6077 6078 
1283 1269 4130 1904 432 1270 4131 1905 433 6075 1609 1613 5715 5720 2765 2594 512 6079 1614 5722 2767 6077 6080 1615 5724 2768 6081 6082 
1284 1270 4131 1905 433 1271 4132 1906 434 6079 1614 1618 5722 5727 2767 2597 513 6083 1619 5729 2769 6081 6084 1620 5731 2770 6085 6086 
1285 1271 4132 1906 434 1272 4133 1907 435 6083 1619 1623 5729 5734 2769 2600 514 6087 1624 5736 2771 6085 6088 1625 5738 2772 6089 6090 
1286 1272 4133 1907 435 1273 4134 1908 436 6087 1624 1628 5736 5741 2771 2603 515 6091 1629 5743 2773 6089 6092 1630 5745 2774 6093 6094 
1287 1273 4134 1908 436 1274 4135 1909 437 6091 1629 1633 5743 5748 2773 2606 516 6095 1634 5750 2775 6093 6096 1635 5752 2776 6097 6098 
1288 1274 4135 1909 437 1275 4136 1910 438 6095 1634 1638 5750 5755 2775 2609 517 6099 1639 5757 2777 6097 6100 1640 5759 2778 6101 6102 
1289 1275 4136 1910 438 1276 4137 1911 439 6099 1639 1643 5757 5762 2777 2612 518 6103 1644 5764 2779 6101 6104 1645 5766 2780 6105 6106 
1290 1276 4137 1911 439 1277 4138 1912 440 6103 1644 1648 5764 5769 2779 2615 519 6107 1649 5771 2781 6105 6108 1650 5773 2782 6109 6110 
1291 1277 4138 1912 440 1278 4139 1913 441 6107 1649 1653 5771 5776 2781 2618 520 6111 1654 5778 2783 6109 6112 1655 5780 2784 6113 6114 
1292 1278 4139 1913 441 1279 4140 1914 442 6111 1654 1658 5778 5783 2783 2621 521 6115 1659 5785 2785 6113 6116 1660 5787 2786 6117 6118 
1293 1279 4140 1914 442 1280 4141 1915 443 6115 1659 1663 5785 5790 2785 2624 522 6119 1664 5792 2787 6117 6120 1665 5794 2788 6121 6122 
1294 1280 4141 1915 443 1281 4142 1916 444 6119 1664 1668 5792 5797 2787 2627 523 6123 1669 5799 2789 6121 6124 1670 5801 2790 6125 6126 
1295 1281 4142 1916 444 1282 4143 1917 445 6123 1669 1673 5799 5804 2789 2630 524 6127 1674 5806 2791 6125 6128 1675 5808 2792 6129 6130 
1296 1282 4143 1917 445 39 708 44 8 6127 1674 1678 5806 5811 2791 2633 525 718 40 715 48 6129 6131 1679 5813 2793 719 6132 
1297 12 1 9 685 2794 208 727 3907 15 699 3032 11 287 688 807 4144 3031 6133 809 4145 700 3033 6134 810 4147 6135 6136 
1298 2794 208 727 3907 2795 209 728 3908 3031 6133 3035 809 288 4145 812 4151 3034 6137 814 4152 6135 3036 6138 815 4154 6139 6140 
1299 2795 209 728 3908 2796 210 729 3909 3034 6137 3038 814 289 4152 817 4158 3037 6141 819 4159 6139 3039 6142 820 4161 6143 6144 
1300 2796 210 729 3909 2797 211 730 3910 3037 6141 3041 819 290 4159 822 4165 3040 6145 824 4166 6143 3042 6146 825 4168 6147 6148 
1301 2797 211 730 3910 2798 212 731 3911 3040 6145 3044 824 291 4166 827 4172 3043 6149 829 4173 6147 3045 6150 830 4175 6151 6152 
1302 2798 212 731 3911 2799 213 732 3912 3043 6149 3047 829 292 4173 832 4179 3046 6153 834 4180 6151 3048 6154 835 4182 6155 6156 
1303 2799 213 732 3912 2800 214 733 3913 3046 6153 3050 834 293 4180 837 4186 3049 6157 839 4187 6155 3051 6158 840 4189 6159 6160 
1304 2800 214 733 3913 2801 215 734 3914 3049 6157 3053 839 294 4187 842 4193 3052 6161 844 4194 6159 3054 6162 845 4196 6163 6164 
1305 2801 215 734 3914 2802 216 735 3915 3052 6161 3056 844 295 4194 847 4200 3055 6165 849 4201 6163 3057 6166 850 4203 6167 6168 
1306 2802 216 735 3915 2803 217 736 3916 3055 6165 3059 849 296 4201 852 4207 3058 6169 854 4208 6167 3060 6170 855 4210 6171 6172 
1307 2803 217 736 3916 2804 218 737 3917 3058 6169 3062 854 297 4208 857 4214 3061 6173 859 4215 6171 3063 6174 860 4217 6175 6176 
1308 2804 218 737 3917 2805 219 738 3918 3061 6173 3065 859 298 4215 862 4221 3064 6177 864 4222 6175 3066 6178 865 4224 6179 6180 
1309 2805 219 738 3918 2806 220 739 3919 3064 6177 3068 864 299 4222 867 4228 3067 6181 869 4229 6179 3069 6182 870 4231 6183 6184 
1310 2806 220 739 3919 2807 221 740 3920 3067 6181 3071 869 300 4229 872 4235 3070 6185 874 4236 6183 3072 6186 875 4238 6187 6188 
1311 2807 221 740 3920 2808 222 741 3921 3070 6185 3074 874 301 4236 877 4242 3073 6189 879 4243 6187 3075 6190 880 4245 6191 6192 
1312 2808 222 741 3921 2809 223 742 3922 3073 6189 3077 879 302 4243 882 4249 3076 6193 884 4250 6191 3078 6194 885 4252 6195 6196 
1313 2809 223 742 3922 2810 224 743 3923 3076 6193 3080 884 303 4250 887 4256 3079 6197 889 4257 6195 3081 6198 890 4259 6199 6200 
1314 2810 224 743 3923 2811 225 744 3924 3079 6197 3083 889 304 4257 892 4263 3082 6201 894 4264 6199 3084 6202 895 4266 6203 6204 
1315 2811 225 744 3924 2812 226 745 3925 3082 6201 3086 894 305 4264 897 4270 3085 6205 899 4271 6203 3087 6206 900 4273 6207 6208 
1316 2812 226 745 3925 2813 227 746 3926 3085 6205 3089 899 306 4271 902 4277 3088 6209 904 4278 6207 3090 6210 905 4280 6211 6212 
1317 2813 227 746 3926 2814 228 747 3927 3088 6209 3092 904 307 4278 907 4284 3091 6213 909 4285 6211 3093 6214 910 4287 6215 6216 
1318 2814 228 747 3927 2815 229 748 3928 3091 6213 3095 909 308 4285 912 4291 3094 6217 914 4292 6215 3096 6218 915 4294 6219 6220 
1319 2815 229 748 3928 2816 230 749 3929 3094 6217 3098 914 309 4292 917 4298 3097 6221 919 4299 6219 3099 6222 920 4301 6223 6224 
1320 2816 230 749 3929 2817 231 750 3930 3097 6221 3101 919 310 4299 922 4305 3100 6225 924 4306 6223 3102 6226 925 4308 6227 6228 
1321 2817 231 750 3930 2818 232 751 3931 3100 6225 3104 924 311 4306 927 4312 3103 6229 929 4313 6227 3105 6230 930 4315 6231 6232 
1322 2818 232 751 3931 2819 233 752 3932 3103 6229 3107 929 312 4313 932 4319 3106 6233 934 4320 6231 3108 6234 935 4322 6235 6236 
1323 2819 233 752 3932 2820 234 753 3933 3106 6233 3110 934 313 4320 937 4326 3109 6237 939 4327 6235 3111 6238 940 4329 6239 6240 
1324 2820 234 753 3933 2821 235 754 3934 3109 6237 3113 939 314 4327 942 4333 3112 6241 944 4334 6239 3114 6242 945 4336 6243 6244 
1325 2821 235 754 3934 2822 236 755 3935 3112 6241 3116 944 315 4334 947 4340 3115 6245 949 4341 6243 3117 6246 950 4343 6247 6248 
1326 2822 236 755 3935 2823 237 756 3936 3115 6245 3119 949 316 4341 952 4347 3118 6249 954 4348 6247 3120 6250 955 4350 6251 6252 
1327 2823 237 756 3936 2824 238 757 3937 3118 6249 3122 954 317 4348 957 4354 3121 6253 959 4355 6251 3123 6254 960 4357 6255 6256 
1328 2824 238 757 3937 2825 239 758 3938 3121 6253 3125 959 318 4355 962 4361 3124 6257 964 4362 6255 3126 6258 965 4364 6259 6260 
1329 2825 239 758 3938 2826 240 759 3939 3124 6257 3128 964 319 4362 967 4368 3127 6261 969 4369 6259 3129 6262 970 4371 6263 6264 
1330 2826 240 759 3939 2827 241 760 3940 3127 6261 3131 969 320 4369 972 4375 3130 6265 974 4376 6263 3132 6266 975 4378 6267 6268 
1331 2827 241 760 3940 2828 242 761 3941 3130 6265 3134 974 321 4376 977 4382 3133 6269 979 4383 6267 3135 6270 980 4385 6271 6272 
1332 2828 242 761 3941 2829 243 762 3942 3133 6269 3137 979 322 4383 982 4389 3136 6273 984 4390 6271 3138 6274 985 4392 6275 6276 
1333 2829 243 762 3942 2830 244 763 3943 3136 6273 3140 984 323 4390 987 4396 3139 6277 989 4397 6275 3141 6278 990 4399 6279 6280 
1334 2830 244 763 3943 2831 245 764 3944 3139 6277 3143 989 324 4397 992 4403 3142 6281 994 4404 6279 3144 6282 995 4406 6283 6284 
1335 2831 245 764 3944 2832 246 765 3945 3142 6281 3146 994 325 4404 997 4410 3145 6285 999 4411 6283 3147 6286 1000 4413 6287 6288 
1336 2832 246 765 3945 2833 247 766 3946 3145 6285 3149 999 326 4411 1002 4417 3148 6289 1004 4418 6287 3150 6290 1005 4420 6291 6292 
1337 2833 247 766 3946 2834 248 767 3947 3148 6289 3152 1004 327 4418 1007 4424 3151 6293 1009 4425 6291 3153 6294 1010 4427 6295 6296 
1338 2834 248 767 3947 2835 249 768 3948 3151 6293 3155 1009 328 4425 1012 4431 3154 6297 1014 4432 6295 3156 6298 1015 4434 6299 6300 
1339 2835 249 768 3948 2836 250 769 3949 3154 6297 3158 1014 329 4432 1017 4438 3157 6301 1019 4439 6299 3159 6302 1020 4441 6303 6304 
1340 2836 250 769 3949 2837 251 770 3950 3157 6301 3161 1019 330 4439 1022 4445 3160 6305 1024 4446 6303 3162 6306 1025 4448 6307 6308 
1341 2837 251 770 3950 2838 252 771 3951 3160 6305 3164 1024 331 4446 1027 4452 3163 6309 1029 4453 6307 3165 6310 1030 4455 6311 6312 
1342 2838 252 771 3951 2839 253 772 3952 3163 6309 3167 1029 332 4453 1032 4459 3166 6313 1034 4460 6311 3168 6314 1035 4462 6315 6316 
1343 2839 253 772 3952 2840 254 773 3953 3166 6313 3170 1034 333 4460 1037 4466 3169 6317 1039 4467 6315 3171 6318 1040 4469 6319 6320 
1344 2840 254 773 3953 2841 255 774 3954 3169 6317 3173 1039 334 4467 1042 4473 3172 6321 1044 4474 6319 3174 6322 1045 4476 6323 6324 
1345 2841 255 774 3954 2842 256 775 3955 3172 6321 3176 1044 335 4474 1047 4480 3175 6325 1049 4481 6323 3177 6326 1050 4483 6327 6328 
1346 2842 256 775 3955 2843 257 776 3956 3175 6325 3179 1049 336 4481 1052 4487 3178 6329 1054 4488 6327 3180 6330 1055 4490 6331 6332 
1347 2843 257 776 3956 2844 258 777 3957 3178 6329 3182 1054 337 4488 1057 4494 3181 6333 1059 4495 6331 3183 6334 1060 4497 6335 6336 
1348 2844 258 777 3957 2845 259 778 3958 3181 6333 3185 1059 338 4495 1062 4501 3184 6337 1064 4502 6335 3186 6338 1065 4504 6339 6340 
1349 2845 259 778 3958 2846 260 779 3959 3184 6337 3188 1064 339 4502 1067 4508 3187 6341 1069 4509 6339 3189 6342 1070 4511 6343 6344 
1350 2846 260 779 3959 2847 261 780 3960 3187 6341 3191 1069 340 4509 1072 4515 3190 6345 1074 4516 6343 3192 6346 1075 4518 6347 6348 
1351 2847 261 780 3960 2848 262 781 3961 3190 6345 3194 1074 341 4516 1077 4522 3193 6349 1079 4523 6347 3195 6350 1080 4525 6351 6352 
1352 2848 262 781 3961 2849 263 782 3962 3193 6349 3197 1079 342 4523 1082 4529 3196 6353 1084 4530 6351 3198 6354 1085 4532 6355 6356 
1353 2849 263 782 3962 2850 264 783 3963 3196 6353 3200 1084 343 4530 1087 4536 3199 6357 1089 4537 6355 3201 6358 1090 4539 6359 6360 
1354 2850 264 783 3963 2851 265 784 3964 3199 6357 3203 1089 344 4537 1092 4543 3202 6361 1094 4544 6359 3204 6362 1095 4546 6363 6364 
1355 2851 265 784 3964 2852 266 785 3965 3202 6361 3206 1094 345 4544 1097 4550 3205 6365 1099 4551 6363 3207 6366 1100 4553 6367 6368 
1356 2852 266 785 3965 2853 267 786 3966 3205 6365 3209 1099 346 4551 1102 4557 3208 6369 1104 4558 6367 3210 6370 1105 4560 6371 6372 
1357 2853 267 786 3966 2854 268 787 3967 3208 6369 3212 1104 347 4558 1107 4564 3211 6373 1109 4565 6371 3213 6374 1110 4567 6375 6376 
1358 2854 268 787 3967 2855 269 788 3968 3211 6373 3215 1109 348 4565 1112 4571 3214 6377 1114 4572 6375 3216 6378 1115 4574 6379 6380 
1359 2855 269 788 3968 2856 270 789 3969 3214 6377 3218 1114 349 4572 1117 4578 3217 6381 1119 4579 6379 3219 6382 1120 4581 6383 6384 
1360 2856 270 789 3969 2857 271 790 3970 3217 6381 3221 1119 350 4579 1122 4585 3220 6385 1124 4586 6383 3222 6386 1125 4588 6387 6388 
1361 2857 271 790 3970 2858 272 791 3971 3220 6385 3224 1124 351 4586 1127 4592 3223 6389 1129 4593 6387 3225 6390 1130 4595 6391 6392 
1362 2858 272 791 3971 2859 273 792 3972 3223 6389 3227 1129 352 4593 1132 4599 3226 6393 1134 4600 6391 3228 6394 1135 4602 6395 6396 
1363 2859 273 792 3972 2860 274 793 3973 3226 6393 3230 1134 353 4600 1137 4606 3229 6397 1139 4607 6395 3231 6398 1140 4609 6399 6400 
1364 2860 274 793 3973 2861 275 794 3974 3229 6397 3233 1139 354 4607 1142 4613 3232 6401 1144 4614 6399 3234 6402 1145 4616 6403 6404 
1365 2861 275 794 3974 2862 276 795 3975 3232 6401 3236 1144 355 4614 1147 4620 3235 6405 1149 4621 6403 3237 6406 1150 4623 6407 6408 
1366 2862 276 795 3975 2863 277 796 3976 3235 6405 3239 1149 356 4621 1152 4627 3238 6409 1154 4628 6407 3240 6410 1155 4630 6411 6412 
1367 2863 277 796 3976 2864 278 797 3977 3238 6409 3242 1154 357 4628 1157 4634 3241 6413 1159 4635 6411 3243 6414 1160 4637 6415 6416 
1368 2864 278 797 3977 2865 279 798 3978 3241 6413 3245 1159 358 4635 1162 4641 3244 6417 1164 4642 6415 3246 6418 1165 4644 6419 6420 
1369 2865 279 798 3978 2866 280 799 3979 3244 6417 3248 1164 359 4642 1167 4648 3247 6421 1169 4649 6419 3249 6422 1170 4651 6423 6424 
1370 2866 280 799 3979 2867 281 800 3980 3247 6421 3251 1169 360 4649 1172 4655 3250 6425 1174 4656 6423 3252 6426 1175 4658 6427 6428 
1371 2867 281 800 3980 2868 282 801 3981 3250 6425 3254 1174 361 4656 1177 4662 3253 6429 1179 4663 6427 3255 6430 1180 4665 6431 6432 
1372 2868 282 801 3981 2869 283 802 3982 3253 6429 3257 1179 362 4663 1182 4669 3256 6433 1184 4670 6431 3258 6434 1185 4672 6435 6436 
1373 2869 283 802 3982 2870 284 803 3983 3256 6433 3260 1184 363 4670 1187 4676 3259 6437 1189 4677 6435 3261 6438 1190 4679 6439 6440 
1374 2870 284 803 3983 2871 285 804 3984 3259 6437 3263 1189 364 4677 1192 4683 3262 6441 1194 4684 6439 3264 6442 1195 4686 6443 6444 
1375 2871 285 804 3984 2872 286 805 3985 3262 6441 3266 1194 365 4684 1197 4690 3265 6445 1199 4691 6443 3267 6446 1200 4693 6447 6448 
1376 2872 286 805 3985 32 5 29 706 3265 6445 3268 1199 366 4691 1201 4697 35 720 31 710 6447 3269 6449 1203 4698 721 6450 
1377 13 12 685 686 2873 2794 3907 3986 16 701 3271 699 3032 691 4144 4701 3270 6451 6133 4702 702 3272 6452 6134 4704 6453 6454 
1378 2873 2794 3907 3986 2874 2795 3908 3987 3270 6451 3274 6133 3035 4702 4151 4708 3273 6455 6137 4709 6453 3275 6456 6138 4711 6457 6458 
1379 2874 2795 3908 3987 2875 2796 3909 3988 3273 6455 3277 6137 3038 4709 4158 4715 3276 6459 6141 4716 6457 3278 6460 6142 4718 6461 6462 
1380 2875 2796 3909 3988 2876 2797 3910 3989 3276 6459 3280 6141 3041 4716 4165 4722 3279 6463 6145 4723 6461 3281 6464 6146 4725 6465 6466 
1381 2876 2797 3910 3989 2877 2798 3911 3990 3279 6463 3283 6145 3044 4723 4172 4729 3282 6467 6149 4730 6465 3284 6468 6150 4732 6469 6470 
1382 2877 2798 3911 3990 2878 2799 3912 3991 3282 6467 3286 6149 3047 4730 4179 4736 3285 6471 6153 4737 6469 3287 6472 6154 4739 6473 6474 
1383 2878 2799 3912 3991 2879 2800 3913 3992 3285 6471 3289 6153 3050 4737 4186 4743 3288 6475 6157 4744 6473 3290 6476 6158 4746 6477 6478 
1384 2879 2800 3913 3992 2880 2801 3914 3993 3288 6475 3292 6157 3053 4744 4193 4750 3291 6479 6161 4751 6477 3293 6480 6162 4753 6481 6482 
1385 2880 2801 3914 3993 2881 2802 3915 3994 3291 6479 3295 6161 3056 4751 4200 4757 3294 6483 6165 4758 6481 3296 6484 6166 4760 6485 6486 
1386 2881 2802 3915 3994 2882 2803 3916 3995 3294 6483 3298 6165 3059 4758 4207 4764 3297 6487 6169 4765 6485 3299 6488 6170 4767 6489 6490 
1387 2882 2803 3916 3995 2883 2804 3917 3996 3297 6487 3301 6169 3062 4765 4214 4771 3300 6491 6173 4772 6489 3302 6492 6174 4774 6493 6494 
1388 2883 2804 3917 3996 2884 2805 3918 3997 3300 6491 3304 6173 3065 4772 4221 4778 3303 6495 6177 4779 6493 3305 6496 6178 4781 6497 6498 
1389 2884 2805 3918 3997 2885 2806 3919 3998 3303 6495 3307 6177 3068 4779 4228 4785 3306 6499 6181 4786 6497 3308 6500 6182 4788 6501 6502 
1390 2885 2806 3919 3998 2886 2807 3920 3999 3306 6499 3310 6181 3071 4786 4235 4792 3309 6503 6185 4793 6501 3311 6504 6186 4795 6505 6506 
1391 2886 2807 3920 3999 2887 2808 3921 4000 3309 6503 3313 6185 3074 4793 4242 4799 3312 6507 6189 4800 6505 3314 6508 6190 4802 6509 6510 
1392 2887 2808 3921 4000 2888 2809 3922 4001 3312 6507 3316 6189 3077 4800 4249 4806 3315 6511 6193 4807 6509 3317 6512 6194 4809 6513 6514 
1393 2888 2809 3922 4001 2889 2810 3923 4002 3315 6511 3319 6193 3080 4807 4256 4813 3318 6515 6197 4814 6513 3320 6516 6198 4816 6517 6518 
1394 2889 2810 3923 4002 2890 2811 3924 4003 3318 6515 3322 6197 3083 4814 4263 4820 3321 6519 6201 4821 6517 3323 6520 6202 4823 6521 6522 
1395 2890 2811 3924 4003 2891 2812 3925 4004 3321 6519 3325 6201 3086 4821 4270 4827 3324 6523 6205 4828 6521 3326 6524 6206 4830 6525 6526 
1396 2891 2812 3925 4004 2892 2813 3926 4005 3324 6523 3328 6205 3089 4828 4277 4834 3327 6527 6209 4835 6525 3329 6528 6210 4837 6529 6530 
1397 2892 2813 3926 4005 2893 2814 3927 4006 3327 6527 3331 6209 3092 4835 4284 4841 3330 6531 6213 4842 6529 3332 6532 6214 4844 6533 6534 
1398 2893 2814 3927 4006 2894 2815 3928 4007 3330 6531 3334 6213 3095 4842 4291 4848 3333 6535 6217 4849 6533 3335 6536 6218 4851 6537 6538 
1399 2894 2815 3928 4007 2895 2816 3929 4008 3333 6535 3337 6217 3098 4849 4298 4855 3336 6539 6221 4856 6537 3338 6540 6222 4858 6541 6542 
1400 2895 2816 3929 4008 2896 2817 3930 4009 3336 6539 3340 6221 3101 4856 4305 4862 3339 6543 6225 4863 6541 3341 6544 6226 4865 6545 6546 
1401 2896 2817 3930 4009 2897 2818 3931 4010 3339 6543 3343 6225 3104 4863 4312 4869 3342 6547 6229 4870 6545 3344 6548 6230 4872 6549 6550 
1402 2897 2818 3931 4010 2898 2819 3932 4011 3342 6547 3346 6229 3107 4870 4319 4876 3345 6551 6233 4877 6549 3347 6552 6234 4879 6553 6554 
1403 2898 2819 3932 4011 2899 2820 3933 4012 3345 6551 3349 6233 3110 4877 4326 4883 3348 6555 6237 4884 6553 3350 6556 6238 4886 6557 6558 
1404 2899 2820 3933 4012 2900 2821 3934 4013 3348 6555 3352 6237 3113 4884 4333 4890 3351 6559 6241 4891 6557 3353 6560 6242 4893 6561 6562 
1405 2900 2821 3934 4013 2901 2822 3935 4014 3351 6559 3355 6241 3116 4891 4340 4897 3354 6563 6245 4898 6561 3356 6564 6246 4900 6565 6566 
1406 2901 2822 3935 4014 2902 2823 3936 4015 3354 6563 3358 6245 3119 4898 4347 4904 3357 6567 6249 4905 6565 3359 6568 6250 4907 6569 6570 
1407 2902 2823 3936 4015 2903 2824 3937 4016 3357 6567 3361 6249 3122 4905 4354 4911 3360 6571 6253 4912 6569 3362 6572 6254 4914 6573 6574 
1408 2903 2824 3937 4016 2904 2825 3938 4017 3360 6571 3364 6253 3125 4912 4361 4918 3363 6575 6257 4919 6573 3365 6576 6258 4921 6577 6578 
1409 2904 2825 3938 4017 2905 2826 3939 4018 3363 6575 3367 6257 3128 4919 4368 4925 3366 6579 6261 4926 6577 3368 6580 6262 4928 6581 6582 
1410 2905 2826 3939 4018 2906 2827 3940 4019 3366 6579 3370 6261 3131 4926 4375 4932 3369 6583 6265 4933 6581 3371 6584 6266 4935 6585 6586 
1411 2906 2827 3940 4019 2907 2828 3941 4020 3369 6583 3373 6265 3134 4933 4382 4939 3372 6587 6269 4940 6585 3374 6588 6270 4942 6589 6590 
1412 2907 2828 3941 4020 2908 2829 3942 4021 3372 6587 3376 6269 3137 4940 4389 4946 3375 6591 6273 4947 6589 3377 6592 6274 4949 6593 6594 
1413 2908 2829 3942 4021 2909 2830 3943 4022 3375 6591 3379 6273 3140 4947 4396 4953 3378 6595 6277 4954 6593 3380 6596 6278 4956 6597 6598 
1414 2909 2830 3943 4022 2910 2831 3944 4023 3378 6595 3382 6277 3143 4954 4403 4960 3381 6599 6281 4961 6597 3383 6600 6282 4963 6601 6602 
1415 2910 2831 3944 4023 2911 2832 3945 4024 3381 6599 3385 6281 3146 4961 4410 4967 3384 6603 6285 4968 6601 3386 6604 6286 4970 6605 6606 
1416 2911 2832 3945 4024 2912 2833 3946 4025 3384 6603 3388 6285 3149 4968 4417 4974 3387 6607 6289 4975 6605 3389 6608 6290 4977 6609 6610 
1417 2912 2833 3946 4025 2913 2834 3947 4026 3387 6607 3391 6289 3152 4975 4424 4981 3390 6611 6293 4982 6609 3392 6612 6294 4984 6613 6614 
1418 2913 2834 3947 4026 2914 2835 3948 4027 3390 6611 3394 6293 3155 4982 4431 4988 3393 6615 6297 4989 6613 3395 6616 6298 4991 6617 6618 
1419 2914 2835 3948 4027 2915 2836 3949 4028 3393 6615 3397 6297 3158 4989 4438 4995 3396 6619 6301 4996 6617 3398 6620 6302 4998 6621 6622 
1420 2915 2836 3949 4028 2916 2837 3950 4029 3396 6619 3400 6301 3161 4996 4445 5002 3399 6623 6305 5003 6621 3401 6624 6306 5005 6625 6626 
1421 2916 2837 3950 4029 2917 2838 3951 4030 3399 6623 3403 6305 3164 5003 4452 5009 3402 6627 6309 5010 6625 3404 6628 6310 5012 6629 6630 
1422 2917 2838 3951 4030 2918 2839 3952 4031 3402 6627 3406 6309 3167 5010 4459 5016 3405 6631 6313 5017 6629 3407 6632 6314 5019 6633 6634 
1423 2918 2839 3952 4031 2919 2840 3953 4032 3405 6631 3409 6313 3170 5017 4466 5023 3408 6635 6317 5024 6633 3410 6636 6318 5026 6637 6638 
1424 2919 2840 3953 4032 2920 2841 3954 4033 3408 6635 3412 6317 3173 5024 4473 5030 3411 6639 6321 5031 6637 3413 6640 6322 5033 6641 6642 
1425 2920 2841 3954 4033 2921 2842 3955 4034 3411 6639 3415 6321 3176 5031 4480 5037 3414 6643 6325 5038 6641 3416 6644 6326 5040 6645 6646 
1426 2921 2842 3955 4034 2922 2843 3956 4035 3414 6643 3418 6325 3179 5038 4487 5044 3417 6647 6329 5045 6645 3419 6648 6330 5047 6649 6650 
1427 2922 2843 3956 4035 2923 2844 3957 4036 3417 6647 3421 6329 3182 5045 4494 5051 3420 6651 6333 5052 6649 3422 6652 6334 5054 6653 6654 
1428 2923 2844 3957 4036 2924 2845 3958 4037 3420 6651 3424 6333 3185 5052 4501 5058 3423 6655 6337 5059 6653 3425 6656 6338 5061 6657 6658 
1429 2924 2845 3958 4037 2925 2846 3959 4038 3423 6655 3427 6337 3188 5059 4508 5065 3426 6659 6341 5066 6657 3428 6660 6342 5068 6661 6662 
1430 2925 2846 3959 4038 2926 2847 3960 4039 3426 6659 3430 6341 3191 5066 4515 5072 3429 6663 6345 5073 6661 3431 6664 6346 5075 6665 6666 
1431 2926 2847 3960 4039 2927 2848 3961 4040 3429 6663 3433 6345 3194 5073 4522 5079 3432 6667 6349 5080 6665 3434 6668 6350 5082 6669 6670 
1432 2927 2848 3961 4040 2928 2849 3962 4041 3432 6667 3436 6349 3197 5080 4529 5086 3435 6671 6353 5087 6669 3437 6672 6354 5089 6673 6674 
1433 2928 2849 3962 4041 2929 2850 3963 4042 3435 6671 3439 6353 3200 5087 4536 5093 3438 6675 6357 5094 6673 3440 6676 6358 5096 6677 6678 
1434 2929 2850 3963 4042 2930 2851 3964 4043 3438 6675 3442 6357 3203 5094 4543 5100 3441 6679 6361 5101 6677 3443 6680 6362 5103 6681 6682 
1435 2930 2851 3964 4043 2931 2852 3965 4044 3441 6679 3445 6361 3206 5101 4550 5107 3444 6683 6365 5108 6681 3446 6684 6366 5110 6685 6686 
1436 2931 2852 3965 4044 2932 2853 3966 4045 3444 6683 3448 6365 3209 5108 4557 5114 3447 6687 6369 5115 6685 3449 6688 6370 5117 6689 6690 
1437 2932 2853 3966 4045 2933 2854 3967 4046 3447 6687 3451 6369 3212 5115 4564 5121 3450 6691 6373 5122 6689 3452 6692 6374 5124 6693 6694 
1438 2933 2854 3967 4046 2934 2855 3968 4047 3450 6691 3454 6373 3215 5122 4571 5128 3453 6695 6377 5129 6693 3455 6696 6378 5131 6697 6698 
1439 2934 2855 3968 4047 2935 2856 3969 4048 3453 6695 3457 6377 3218 5129 4578 5135 3456 6699 6381 5136 6697 3458 6700 6382 5138 6701 6702 
1440 2935 2856 3969 4048 2936 2857 3970 4049 3456 6699 3460 6381 3221 5136 4585 5142 3459 6703 6385 5143 6701 3461 6704 6386 5145 6705 6706 
1441 2936 2857 3970 4049 2937 2858 3971 4050 3459 6703 3463 6385 3224 5143 4592 5149 3462 6707 6389 5150 6705 3464 6708 6390 5152 6709 6710 
1442 2937 2858 3971 4050 2938 2859 3972 4051 3462 6707 3466 6389 3227 5150 4599 5156 3465 6711 6393 5157 6709 3467 6712 6394 5159 6713 6714 
1443 2938 2859 3972 4051 2939 2860 3973 4052 3465 6711 3469 6393 3230 5157 4606 5163 3468 6715 6397 5164 6713 3470 6716 6398 5166 6717 6718 
1444 2939 2860 3973 4052 2940 2861 3974 4053 3468 6715 3472 6397 3233 5164 4613 5170 3471 6719 6401 5171 6717 3473 6720 6402 5173 6721 6722 
1445 2940 2861 3974 4053 2941 2862 3975 4054 3471 6719 3475 6401 3236 5171 4620 5177 3474 6723 6405 5178 6721 3476 6724 6406 5180 6725 6726 
1446 2941 2862 3975 4054 2942 2863 3976 4055 3474 6723 3478 6405 3239 5178 4627 5184 3477 6727 6409 5185 6725 3479 6728 6410 5187 6729 6730 
1447 2942 2863 3976 4055 2943 2864 3977 4056 3477 6727 3481 6409 3242 5185 4634 5191 3480 6731 6413 5192 6729 3482 6732 6414 5194 6733 6734 
1448 2943 2864 3977 4056 2944 2865 3978 4057 3480 6731 3484 6413 3245 5192 4641 5198 3483 6735 6417 5199 6733 3485 6736 6418 5201 6737 6738 
1449 2944 2865 3978 4057 2945 2866 3979 4058 3483 6735 3487 6417 3248 5199 4648 5205 3486 6739 6421 5206 6737 3488 6740 6422 5208 6741 6742 
1450 2945 2866 3979 4058 2946 2867 3980 4059 3486 6739 3490 6421 3251 5206 4655 5212 3489 6743 6425 5213 6741 3491 6744 6426 5215 6745 6746 
1451 2946 2867 3980 4059 2947 2868 3981 4060 3489 6743 3493 6425 3254 5213 4662 5219 3492 6747 6429 5220 6745 3494 6748 6430 5222 6749 6750 
1452 2947 2868 3981 4060 2948 2869 3982 4061 3492 6747 3496 6429 3257 5220 4669 5226 3495 6751 6433 5227 6749 3497 6752 6434 5229 6753 6754 
1453 2948 2869 3982 4061 2949 2870 3983 4062 3495 6751 3499 6433 3260 5227 4676 5233 3498 6755 6437 5234 6753 3500 6756 6438 5236 6757 6758 
1454 2949 2870 3983 4062 2950 2871 3984 4063 3498 6755 3502 6437 3263 5234 4683 5240 3501 6759 6441 5241 6757 3503 6760 6442 5243 6761 6762 
1455 2950 2871 3984 4063 2951 2872 3985 4064 3501 6759 3505 6441 3266 5241 4690 5247 3504 6763 6445 5248 6761 3506 6764 6446 5250 6765 6766 
1456 2951 2872 3985 4064 33 32 706 707 3504 6763 3507 6445 3268 5248 4697 5254 36 722 720 713 6765 3508 6767 6449 5255 723 6768 
1457 14 13 686 687 2952 2873 3986 4065 17 703 3510 701 3271 694 4701 5258 3509 6769 6451 5259 704 3511 6770 6452 5261 6771 6772 
1458 2952 2873 3986 4065 2953 2874 3987 4066 3509 6769 3513 6451 3274 5259 4708 5265 3512 6773 6455 5266 6771 3514 6774 6456 5268 6775 6776 
1459 2953 2874 3987 4066 2954 2875 3988 4067 3512 6773 3516 6455 3277 5266 4715 5272 3515 6777 6459 5273 6775 3517 6778 6460 5275 6779 6780 
1460 2954 2875 3988 4067 2955 2876 3989 4068 3515 6777 3519 6459 3280 5273 4722 5279 3518 6781 6463 5280 6779 3520 6782 6464 5282 6783 6784 
1461 2955 2876 3989 4068 2956 2877 3990 4069 3518 6781 3522 6463 3283 5280 4729 5286 3521 6785 6467 5287 6783 3523 6786 6468 5289 6787 6788 
1462 2956 2877 3990 4069 2957 2878 3991 4070 3521 6785 3525 6467 3286 5287 4736 5293 3524 6789 6471 5294 6787 3526 6790 6472 5296 6791 6792 
1463 2957 2878 3991 4070 2958 2879 3992 4071 3524 6789 3528 6471 3289 5294 4743 5300 3527 6793 6475 5301 6791 3529 6794 6476 5303 6795 6796 
1464 2958 2879 3992 4071 2959 2880 3993 4072 3527 6793 3531 6475 3292 5301 4750 5307 3530 6797 6479 5308 6795 3532 6798 6480 5310 6799 6800 
1465 2959 2880 3993 4072 2960 2881 3994 4073 3530 6797 3534 6479 3295 5308 4757 5314 3533 6801 6483 5315 6799 3535 6802 6484 5317 6803 6804 
1466 2960 2881 3994 4073 2961 2882 3995 4074 3533 6801 3537 6483 3298 5315 4764 5321 3536 6805 6487 5322 6803 3538 6806 6488 5324 6807 6808 
1467 2961 2882 3995 4074 2962 2883 3996 4075 3536 6805 3540 6487 3301 5322 4771 5328 3539 6809 6491 5329 6807 3541 6810 6492 5331 6811 6812 
1468 2962 2883 3996 4075 2963 2884 3997 4076 3539 6809 3543 6491 3304 5329 4778 5335 3542 6813 6495 5336 6811 3544 6814 6496 5338 6815 6816 
1469 2963 2884 3997 4076 2964 2885 3998 4077 3542 6813 3546 6495 3307 5336 4785 5342 3545 6817 6499 5343 6815 3547 6818 6500 5345 6819 6820 
1470 2964 2885 3998 4077 2965 2886 3999 4078 3545 6817 3549 6499 3310 5343 4792 5349 3548 6821 6503 5350 6819 3550 6822 6504 5352 6823 6824 
1471 2965 2886 3999 4078 2966 2887 4000 4079 3548 6821 3552 6503 3313 5350 4799 5356 3551 6825 6507 5357 6823 3553 6826 6508 5359 6827 6828 
1472 2966 2887 4000 4079 2967 2888 4001 4080 3551 6825 3555 6507 3316 5357 4806 5363 3554 6829 6511 5364 6827 3556 6830 6512 5366 6831 6832 
1473 2967 2888 4001 4080 2968 2889 4002 4081 3554 6829 3558 6511 3319 5364 4813 5370 3557 6833 6515 5371 6831 3559 6834 6516 5373 6835 6836 
1474 2968 2889 4002 4081 2969 2890 4003 4082 3557 6833 3561 6515 3322 5371 4820 5377 3560 6837 6519 5378 6835 3562 6838 6520 5380 6839 6840 
1475 2969 2890 4003 4082 2970 2891 4004 4083 3560 6837 3564 6519 3325 5378 4827 5384 3563 6841 6523 5385 6839 3565 6842 6524 5387 6843 6844 
1476 2970 2891 4004 4083 2971 2892 4005 4084 3563 6841 3567 6523 3328 5385 4834 5391 3566 6845 6527 5392 6843 3568 6846 6528 5394 6847 6848 
1477 2971 2892 4005 4084 2972 2893 4006 4085 3566 6845 3570 6527 3331 5392 4841 5398 3569 6849 6531 5399 6847 3571 6850 6532 5401 6851 6852 
1478 2972 2893 4006 4085 2973 2894 4007 4086 3569 6849 3573 6531 3334 5399 4848 5405 3572 6853 6535 5406 6851 3574 6854 6536 5408 6855 6856 
1479 2973 2894 4007 4086 2974 2895 4008 4087 3572 6853 3576 6535 3337 5406 4855 5412 3575 6857 6539 5413 6855 3577 6858 6540 5415 6859 6860 
1480 2974 2895 4008 4087 2975 2896 4009 4088 3575 6857 3579 6539 3340 5413 4862 5419 3578 6861 6543 5420 6859 3580 6862 6544 5422 6863 6864 
1481 2975 2896 4009 4088 2976 2897 4010 4089 3578 6861 3582 6543 3343 5420 4869 5426 3581 6865 6547 5427 6863 3583 6866 6548 5429 6867 6868 
1482 2976 2897 4010 4089 2977 2898 4011 4090 3581 6865 3585 6547 3346 5427 4876 5433 3584 6869 6551 5434 6867 3586 6870 6552 5436 6871 6872 
1483 2977 2898 4011 4090 2978 2899 4012 4091 3584 6869 3588 6551 3349 5434 4883 5440 3587 6873 6555 5441 6871 3589 6874 6556 5443 6875 6876 
1484 2978 2899 4012 4091 2979 2900 4013 4092 3587 6873 3591 6555 3352 5441 4890 5447 3590 6877 6559 5448 6875 3592 6878 6560 5450 6879 6880 
1485 2979 2900 4013 4092 2980 2901 4014 4093 3590 6877 3594 6559 3355 5448 4897 5454 3593 6881 6563 5455 6879 3595 6882 6564 5457 6883 6884 
1486 2980 2901 4014 4093 2981 2902 4015 4094 3593 6881 3597 6563 3358 5455 4904 5461 3596 6885 6567 5462 6883 3598 6886 6568 5464 6887 6888 
1487 2981 2902 4015 4094 2982 2903 4016 4095 3596 6885 3600 6567 3361 5462 4911 5468 3599 6889 6571 5469 6887 3601 6890 6572 5471 6891 6892 
1488 2982 2903 4016 4095 2983 2904 4017 4096 3599 6889 3603 6571 3364 5469 4918 5475 3602 6893 6575 5476 6891 3604 6894 6576 5478 6895 6896 
1489 2983 2904 4017 4096 2984 2905 4018 4097 3602 6893 3606 6575 3367 5476 4925 5482 3605 6897 6579 5483 6895 3607 6898 6580 5485 6899 6900 
1490 2984 2905 4018 4097 2985 2906 4019 4098 3605 6897 3609 6579 3370 5483 4932 5489 3608 6901 6583 5490 6899 3610 6902 6584 5492 6903 6904 
1491 2985 2906 4019 4098 2986 2907 4020 4099 3608 6901 3612 6583 3373 5490 4939 5496 3611 6905 6587 5497 6903 3613 6906 6588 5499 6907 6908 
1492 2986 2907 4020 4099 2987 2908 4021 4100 3611 6905 3615 6587 3376 5497 4946 5503 3614 6909 6591 5504 6907 3616 6910 6592 5506 6911 6912 
1493 2987 2908 4021 4100 2988 2909 4022 4101 3614 6909 3618 6591 3379 5504 4953 5510 3617 6913 6595 5511 6911 3619 6914 6596 5513 6915 6916 
1494 2988 2909 4022 4101 2989 2910 4023 4102 3617 6913 3621 6595 3382 5511 4960 5517 3620 6917 6599 5518 6915 3622 6918 6600 5520 6919 6920 
1495 2989 2910 4023 4102 2990 2911 4024 4103 3620 6917 3624 6599 3385 5518 4967 5524 3623 6921 6603 5525 6919 3625 6922 6604 5527 6923 6924 
1496 2990 2911 4024 4103 2991 2912 4025 4104 3623 6921 3627 6603 3388 5525 4974 5531 3626 6925 6607 5532 6923 3628 6926 6608 5534 6927 6928 
1497 2991 2912 4025 4104 2992 2913 4026 4105 3626 6925 3630 6607 3391 5532 4981 5538 3629 6929 6611 5539 6927 3631 6930 6612 5541 6931 6932 
1498 2992 2913 4026 4105 2993 2914 4027 4106 3629 6929 3633 6611 3394 5539 4988 5545 3632 6933 6615 5546 6931 3634 6934 6616 5548 6935 6936 
1499 2993 2914 4027 4106 2994 2915 4028 4107 3632 6933 3636 6615 3397 5546 4995 5552 3635 6937 6619 5553 6935 3637 6938 6620 5555 6939 6940 
1500 2994 2915 4028 4107 2995 2916 4029 4108 3635 6937 3639 6619 3400 5553 5002 5559 3638 6941 6623 5560 6939 3640 6942 6624 5562 6943 6944 
1501 2995 2916 4029 4108 2996 2917 4030 4109 3638 6941 3642 6623 3403 5560 5009 5566 3641 6945 6627 5567 6943 3643 6946 6628 5569 6947 6948 
1502 2996 2917 4030 4109 2997 2918 4031 4110 3641 6945 3645 6627 3406 5567 5016 5573 3644 6949 6631 5574 6947 3646 6950 6632 5576 6951 6952 
1503 2997 2918 4031 4110 2998 2919 4032 4111 3644 6949 3648 6631 3409 5574 5023 5580 3647 6953 6635 5581 6951 3649 6954 6636 5583 6955 6956 
1504 2998 2919 4032 4111 2999 2920 4033 4112 3647 6953 3651 6635 3412 5581 5030 5587 3650 6957 6639 5588 6955 3652 6958 6640 5590 6959 6960 
1505 2999 2920 4033 4112 3000 2921 4034 4113 3650 6957 3654 6639 3415 5588 5037 5594 3653 6961 6643 5595 6959 3655 6962 6644 5597 6963 6964 
1506 3000 2921 4034 4113 3001 2922 4035 4114 3653 6961 3657 6643 3418 5595 5044 5601 3656 6965 6647 5602 6963 3658 6966 6648 5604 6967 6968 
1507 3001 2922 4035 4114 3002 2923 4036 4115 3656 6965 3660 6647 3421 5602 5051 5608 3659 6969 6651 5609 6967 3661 6970 6652 5611 6971 6972 
1508 3002 2923 4036 4115 3003 2924 4037 4116 3659 6969 3663 6651 3424 5609 5058 5615 3662 6973 6655 5616 6971 3664 6974 6656 5618 6975 6976 
1509 3003 2924 4037 4116 3004 2925 4038 4117 3662 6973 3666 6655 3427 5616 5065 5622 3665 6977 6659 5623 6975 3667 6978 6660 5625 6979 6980 
1510 3004 2925 4038 4117 3005 2926 4039 4118 3665 6977 3669 6659 3430 5623 5072 5629 3668 6981 6663 5630 6979 3670 6982 6664 5632 6983 6984 
1511 3005 2926 4039 4118 3006 2927 4040 4119 3668 6981 3672 6663 3433 5630 5079 5636 3671 6985 6667 5637 6983 3673 6986 6668 5639 6987 6988 
1512 3006 2927 4040 4119 3007 2928 4041 4120 3671 6985 3675 6667 3436 5637 5086 5643 3674 6989 6671 5644 6987 3676 6990 6672 5646 6991 6992 
1513 3007 2928 4041 4120 3008 2929 4042 4121 3674 6989 3678 6671 3439 5644 5093 5650 3677 6993 6675 5651 6991 3679 6994 6676 5653 6995 6996 
1514 3008 2929 4042 4121 3009 2930 4043 4122 3677 6993 3681 6675 3442 5651 5100 5657 3680 6997 6679 5658 6995 3682 6998 6680 5660 6999 7000 
1515 3009 2930 4043 4122 3010 2931 4044 4123 3680 6997 3684 6679 3445 5658 5107 5664 3683 7001 6683 5665 6999 3685 7002 6684 5667 7003 7004 
1516 3010 2931 4044 4123 3011 2932 4045 4124 3683 7001 3687 6683 3448 5665 5114 5671 3686 7005 6687 5672 7003 3688 7006 6688 5674 7007 7008 
1517 3011 2932 4045 4124 3012 2933 4046 4125 3686 7005 3690 6687 3451 5672 5121 5678 3689 7009 6691 5679 7007 3691 7010 6692 5681 7011 7012 
1518 3012 2933 4046 4125 3013 2934 4047 4126 3689 7009 3693 6691 3454 5679 5128 5685 3692 7013 6695 5686 7011 3694 7014 6696 5688 7015 7016 
1519 3013 2934 4047 4126 3014 2935 4048 4127 3692 7013 3696 6695 3457 5686 5135 5692 3695 7017 6699 5693 7015 3697 7018 6700 5695 7019 7020 
1520 3014 2935 4048 4127 3015 2936 4049 4128 3695 7017 3699 6699 3460 5693 5142 5699 3698 7021 6703 5700 7019 3700 7022 6704 5702 7023 7024 
1521 3015 2936 4049 4128 3016 2937 4050 4129 3698 7021 3702 6703 3463 5700 5149 5706 3701 7025 6707 5707 7023 3703 7026 6708 5709 7027 7028 
1522 3016 2937 4050 4129 3017 2938 4051 4130 3701 7025 3705 6707 3466 5707 5156 5713 3704 7029 6711 5714 7027 3706 7030 6712 5716 7031 7032 
1523 3017 2938 4051 4130 3018 2939 4052 4131 3704 7029 3708 6711 3469 5714 5163 5720 3707 7033 6715 5721 7031 3709 7034 6716 5723 7035 7036 
1524 3018 2939 4052 4131 3019 2940 4053 4132 3707 7033 3711 6715 3472 5721 5170 5727 3710 7037 6719 5728 7035 3712 7038 6720 5730 7039 7040 
1525 3019 2940 4053 4132 3020 2941 4054 4133 3710 7037 3714 6719 3475 5728 5177 5734 3713 7041 6723 5735 7039 3715 7042 6724 5737 7043 7044 
1526 3020 2941 4054 4133 3021 2942 4055 4134 3713 7041 3717 6723 3478 5735 5184 5741 3716 7045 6727 5742 7043 3718 7046 6728 5744 7047 7048 
1527 3021 2942 4055 4134 3022 2943 4056 4135 3716 7045 3720 6727 3481 5742 5191 5748 3719 7049 6731 5749 7047 3721 7050 6732 5751 7051 7052 
1528 3022 2943 4056 4135 3023 2944 4057 4136 3719 7049 3723 6731 3484 5749 5198 5755 3722 7053 6735 5756 7051 3724 7054 6736 5758 7055 7056 
1529 3023 2944 4057 4136 3024 2945 4058 4137 3722 7053 3726 6735 3487 5756 5205 5762 3725 7057 6739 5763 7055 3727 7058 6740 5765 7059 7060 
1530 3024 2945 4058 4137 3025 2946 4059 4138 3725 7057 3729 6739 3490 5763 5212 5769 3728 7061 6743 5770 7059 3730 7062 6744 5772 7063 7064 
1531 3025 2946 4059 4138 3026 2947 4060 4139 3728 7061 3732 6743 3493 5770 5219 5776 3731 7065 6747 5777 7063 3733 7066 6748 5779 7067 7068 
1532 3026 2947 4060 4139 3027 2948 4061 4140 3731 7065 3735 6747 3496 5777 5226 5783 3734 7069 6751 5784 7067 3736 7070 6752 5786 7071 7072 
1533 3027 2948 4061 4140 3028 2949 4062 4141 3734 7069 3738 6751 3499 5784 5233 5790 3737 7073 6755 5791 7071 3739 7074 6756 5793 7075 7076 
1534 3028 2949 4062 4141 3029 2950 4063 4142 3737 7073 3741 6755 3502 5791 5240 5797 3740 7077 6759 5798 7075 3742 7078 6760 5800 7079 7080 
1535 3029 2950 4063 4142 3030 2951 4064 4143 3740 7077 3744 6759 3505 5798 5247 5804 3743 7081 6763 5805 7079 3745 7082 6764 5807 7083 7084 
1536 3030 2951 4064 4143 34 33 707 708 3743 7081 3746 6763 3507 5805 5254 5811 37 724 722 716 7083 3747 7085 6767 5812 725 7086 
1537 3 14 687 19 526 2952 4065 1204 18 21 605 703 3510 697 5258 1283 3748 1286 6769 5815 705 3749 1287 6770 5816 7087 7088 
1538 526 2952 4065 1204 527 2953 4066 1205 3748 1286 606 6769 3513 5815 5265 1288 3750 1291 6773 5819 7087 3751 1292 6774 5820 7089 7090 
1539 527 2953 4066 1205 528 2954 4067 1206 3750 1291 607 6773 3516 5819 5272 1293 3752 1296 6777 5823 7089 3753 1297 6778 5824 7091 7092 
1540 528 2954 4067 1206 529 2955 4068 1207 3752 1296 608 6777 3519 5823 5279 1298 3754 1301 6781 5827 7091 3755 1302 6782 5828 7093 7094 
1541 529 2955 4068 1207 530 2956 4069 1208 3754 1301 609 6781 3522 5827 5286 1303 3756 1306 6785 5831 7093 3757 1307 6786 5832 7095 7096 
1542 530 2956 4069 1208 531 2957 4070 1209 3756 1306 610 6785 3525 5831 5293 1308 3758 1311 6789 5835 7095 3759 1312 6790 5836 7097 7098 
1543 531 2957 4070 1209 532 2958 4071 1210 3758 1311 611 6789 3528 5835 5300 1313 3760 1316 6793 5839 7097 3761 1317 6794 5840 7099 7100 
1544 532 2958 4071 1210 533 2959 4072 1211 3760 1316 612 6793 3531 5839 5307 1318 3762 1321 6797 5843 7099 3763 1322 6798 5844 7101 7102 
1545 533 2959 4072 1211 534 2960 4073 1212 3762 1321 613 6797 3534 5843 5314 1323 3764 1326 6801 5847 7101 3765 1327 6802 5848 7103 7104 
1546 534 2960 4073 1212 535 2961 4074 1213 3764 1326 614 6801 3537 5847 5321 1328 3766 1331 6805 5851 7103 3767 1332 6806 5852 7105 7106 
1547 535 2961 4074 1213 536 2962 4075 1214 3766 1331 615 6805 3540 5851 5328 1333 3768 1336 6809 5855 7105 3769 1337 6810 5856 7107 7108 
1548 536 2962 4075 1214 537 2963 4076 1215 3768 1336 616 6809 3543 5855 5335 1338 3770 1341 6813 5859 7107 3771 1342 6814 5860 7109 7110 
1549 537 2963 4076 1215 538 2964 4077 1216 3770 1341 617 6813 3546 5859 5342 1343 3772 1346 6817 5863 7109 3773 1347 6818 5864 7111 7112 
1550 538 2964 4077 1216 539 2965 4078 1217 3772 1346 618 6817 3549 5863 5349 1348 3774 1351 6821 5867 7111 3775 1352 6822 5868 7113 7114 
1551 539 2965 4078 1217 540 2966 4079 1218 3774 1351 619 6821 3552 5867 5356 1353 3776 1356 6825 5871 7113 3777 1357 6826 5872 7115 7116 
1552 540 2966 4079 1218 541 2967 4080 1219 3776 1356 620 6825 3555 5871 5363 1358 3778 1361 6829 5875 7115 3779 1362 6830 5876 7117 7118 
1553 541 2967 4080 1219 542 2968 4081 1220 3778 1361 621 6829 3558 5875 5370 1363 3780 1366 6833 5879 7117 3781 1367 6834 5880 7119 7120 
1554 542 2968 4081 1220 543 2969 4082 1221 3780 1366 622 6833 3561 5879 5377 1368 3782 1371 6837 5883 7119 3783 1372 6838 5884 7121 7122 
1555 543 2969 4082 1221 544 2970 4083 1222 3782 1371 623 6837 3564 5883 5384 1373 3784 1376 6841 5887 7121 3785 1377 6842 5888 7123 7124 
1556 544 2970 4083 1222 545 2971 4084 1223 3784 1376 624 6841 3567 5887 5391 1378 3786 1381 6845 5891 7123 3787 1382 6846 5892 7125 7126 
1557 545 2971 4084 1223 546 2972 4085 1224 3786 1381 625 6845 3570 5891 5398 1383 3788 1386 6849 5895 7125 3789 1387 6850 5896 7127 7128 
1558 546 2972 4085 1224 547 2973 4086 1225 3788 1386 626 6849 3573 5895 5405 1388 3790 1391 6853 5899 7127 3791 1392 6854 5900 7129 7130 
1559 547 2973 4086 1225 548 2974 4087 1226 3790 1391 627 6853 3576 5899 5412 1393 3792 1396 6857 5903 7129 3793 1397 6858 5904 7131 7132 
1560 548 2974 4087 1226 549 2975 4088 1227 3792 1396 628 6857 3579 5903 5419 1398 3794 1401 6861 5907 7131 3795 1402 6862 5908 7133 7134 
1561 549 2975 4088 1227 550 2976 4089 1228 3794 1401 629 6861 3582 5907 5426 1403 3796 1406 6865 5911 7133 3797 1407 6866 5912 7135 7136 
1562 550 2976 4089 1228 551 2977 4090 1229 3796 1406 630 6865 3585 5911 5433 1408 3798 1411 6869 5915 7135 3799 1412 6870 5916 7137 7138 
1563 551 2977 4090 1229 552 2978 4091 1230 3798 1411 631 6869 3588 5915 5440 1413 3800 1416 6873 5919 7137 3801 1417 6874 5920 7139 7140 
1564 552 2978 4091 1230 553 2979 4092 1231 3800 1416 632 6873 3591 5919 5447 1418 3802 1421 6877 5923 7139 3803 1422 6878 5924 7141 7142 
1565 553 2979 4092 1231 554 2980 4093 1232 3802 1421 633 6877 3594 5923 5454 1423 3804 1426 6881 5927 7141 3805 1427 6882 5928 7143 7144 
1566 554 2980 4093 1232 555 2981 4094 1233 3804 1426 634 6881 3597 5927 5461 1428 3806 1431 6885 5931 7143 3807 1432 6886 5932 7145 7146 
1567 555 2981 4094 1233 556 2982 4095 1234 3806 1431 635 6885 3600 5931 5468 1433 3808 1436 6889 5935 7145 3809 1437 6890 5936 7147 7148 
1568 556 2982 4095 1234 557 2983 4096 1235 3808 1436 636 6889 3603 5935 5475 1438 3810 1441 6893 5939 7147 3811 1442 6894 5940 7149 7150 
1569 557 2983 4096 1235 558 2984 4097 1236 3810 1441 637 6893 3606 5939 5482 1443 3812 1446 6897 5943 7149 3813 1447 6898 5944 7151 7152 
1570 558 2984 4097 1236 559 2985 4098 1237 3812 1446 638 6897 3609 5943 5489 1448 3814 1451 6901 5947 7151 3815 1452 6902 5948 7153 7154 
1571 559 2985 4098 1237 560 2986 4099 1238 3814 1451 639 6901 3612 5947 5496 1453 3816 1456 6905 5951 7153 3817 1457 6906 5952 7155 7156 
1572 560 2986 4099 1238 561 2987 4100 1239 3816 1456 640 6905 3615 5951 5503 1458 3818 1461 6909 5955 7155 3819 1462 6910 5956 7157 7158 
1573 561 2987 4100 1239 562 2988 4101 1240 3818 1461 641 6909 3618 5955 5510 1463 3820 1466 6913 5959 7157 3821 1467 6914 5960 7159 7160 
1574 562 2988 4101 1240 563 2989 4102 1241 3820 1466 642 6913 3621 5959 5517 1468 3822 1471 6917 5963 7159 3823 1472 6918 5964 7161 7162 
1575 563 2989 4102 1241 564 2990 4103 1242 3822 1471 643 6917 3624 5963 5524 1473 3824 1476 6921 5967 7161 3825 1477 6922 5968 7163 7164 
1576 564 2990 4103 1242 565 2991 4104 1243 3824 1476 644 6921 3627 5967 5531 1478 3826 1481 6925 5971 7163 3827 1482 6926 5972 7165 7166 
1577 565 2991 4104 1243 566 2992 4105 1244 3826 1481 645 6925 3630 5971 5538 1483 3828 1486 6929 5975 7165 3829 1487 6930 5976 7167 7168 
1578 566 2992 4105 1244 567 2993 4106 1245 3828 1486 646 6929 3633 5975 5545 1488 3830 1491 6933 5979 7167 3831 1492 6934 5980 7169 7170 
1579 567 2993 4106 1245 568 2994 4107 1246 3830 1491 647 6933 3636 5979 5552 1493 3832 1496 6937 5983 7169 3833 1497 6938 5984 7171 7172 
1580 568 2994 4107 1246 569 2995 4108 1247 3832 1496 648 6937 3639 5983 5559 1498 3834 1501 6941 5987 7171 3835 1502 6942 5988 7173 7174 
1581 569 2995 4108 1247 570 2996 4109 1248 3834 1501 649 6941 3642 5987 5566 1503 3836 1506 6945 5991 7173 3837 1507 6946 5992 7175 7176 
1582 570 2996 4109 1248 571 2997 4110 1249 3836 1506 650 6945 3645 5991 5573 1508 3838 1511 6949 5995 7175 3839 1512 6950 5996 7177 7178 
1583 571 2997 4110 1249 572 2998 4111 1250 3838 1511 651 6949 3648 5995 5580 1513 3840 1516 6953 5999 7177 3841 1517 6954 6000 7179 7180 
1584 572 2998 4111 1250 573 2999 4112 1251 3840 1516 652 6953 3651 5999 5587 1518 3842 1521 6957 6003 7179 3843 1522 6958 6004 7181 7182 
1585 573 2999 4112 1251 574 3000 4113 1252 3842 1521 653 6957 3654 6003 5594 1523 3844 1526 6961 6007 7181 3845 1527 6962 6008 7183 7184 
1586 574 3000 4113 1252 575 3001 4114 1253 3844 1526 654 6961 3657 6007 5601 1528 3846 1531 6965 6011 7183 3847 1532 6966 6012 7185 7186 
1587 575 3001 4114 1253 576 3002 4115 1254 3846 1531 655 6965 3660 6011 5608 1533 3848 1536 6969 6015 7185 3849 1537 6970 6016 7187 7188 
1588 576 3002 4115 1254 577 3003 4116 1255 3848 1536 656 6969 3663 6015 5615 1538 3850 1541 6973 6019 7187 3851 1542 6974 6020 7189 7190 
1589 577 3003 4116 1255 578 3004 4117 1256 3850 1541 657 6973 3666 6019 5622 1543 3852 1546 6977 6023 7189 3853 1547 6978 6024 7191 7192 
1590 578 3004 4117 1256 579 3005 4118 1257 3852 1546 658 6977 3669 6023 5629 1548 3854 1551 6981 6027 7191 3855 1552 6982 6028 7193 7194 
1591 579 3005 4118 1257 580 3006 4119 1258 3854 1551 659 6981 3672 6027 5636 1553 3856 1556 6985 6031 7193 3857 1557 6986 6032 7195 7196 
1592 580 3006 4119 1258 581 3007 4120 1259 3856 1556 660 6985 3675 6031 5643 1558 3858 1561 6989 6035 7195 3859 1562 6990 6036 7197 7198 
1593 581 3007 4120 1259 582 3008 4121 1260 3858 1561 661 6989 3678 6035 5650 1563 3860 1566 6993 6039 7197 3861 1567 6994 6040 7199 7200 
1594 582 3008 4121 1260 583 3009 4122 1261 3860 1566 662 6993 3681 6039 5657 1568 3862 1571 6997 6043 7199 3863 1572 6998 6044 7201 7202 
1595 583 3009 4122 1261 584 3010 4123 1262 3862 1571 663 6997 3684 6043 5664 1573 3864 1576 7001 6047 7201 3865 1577 7002 6048 7203 7204 
1596 584 3010 4123 1262 585 3011 4124 1263 3864 1576 664 7001 3687 6047 5671 1578 3866 1581 7005 6051 7203 3867 1582 7006 6052 7205 7206 
1597 585 3011 4124 1263 586 3012 4125 1264 3866 1581 665 7005 3690 6051 5678 1583 3868 1586 7009 6055 7205 3869 1587 7010 6056 7207 7208 
1598 586 3012 4125 1264 587 3013 4126 1265 3868 1586 666 7009 3693 6055 5685 1588 3870 1591 7013 6059 7207 3871 1592 7014 6060 7209 7210 
1599 587 3013 4126 1265 588 3014 4127 1266 3870 1591 667 7013 3696 6059 5692 1593 3872 1596 7017 6063 7209 3873 1597 7018 6064 7211 7212 
1600 588 3014 4127 1266 589 3015 4128 1267 3872 1596 668 7017 3699 6063 5699 1598 3874 1601 7021 6067 7211 3875 1602 7022 6068 7213 7214 
1601 589 3015 4128 1267 590 3016 4129 1268 3874 1601 669 7021 3702 6067 5706 1603 3876 1606 7025 6071 7213 3877 1607 7026 6072 7215 7216 
1602 590 3016 4129 1268 591 3017 4130 1269 3876 1606 670 7025 3705 6071 5713 1608 3878 1611 7029 6075 7215 3879 1612 7030 6076 7217 7218 
1603 591 3017 4130 1269 592 3018 4131 1270 3878 1611 671 7029 3708 6075 5720 1613 3880 1616 7033 6079 7217 3881 1617 7034 6080 7219 7220 
1604 592 3018 4131 1270 593 3019 4132 1271 3880 1616 672 7033 3711 6079 5727 1618 3882 1621 7037 6083 7219 3883 1622 7038 6084 7221 7222 
1605 593 3019 4132 1271 594 3020 4133 1272 3882 1621 673 7037 3714 6083 5734 1623 3884 1626 7041 6087 7221 3885 1627 7042 6088 7223 7224 
1606 594 3020 4133 1272 595 3021 4134 1273 3884 1626 674 7041 3717 6087 5741 1628 3886 1631 7045 6091 7223 3887 1632 7046 6092 7225 7226 
1607 595 3021 4134 1273 596 3022 4135 1274 3886 1631 675 7045 3720 6091 5748 1633 3888 1636 7049 6095 7225 3889 1637 7050 6096 7227 7228 
1608 596 3022 4135 1274 597 3023 4136 1275 3888 1636 676 7049 3723 6095 5755 1638 3890 1641 7053 6099 7227 3891 1642 7054 6100 7229 7230 
1609 597 3023 4136 1275 598 3024 4137 1276 3890 1641 677 7053 3726 6099 5762 1643 3892 1646 7057 6103 7229 3893 1647 7058 6104 7231 7232 
1610 598 3024 4137 1276 599 3025 4138 1277 3892 1646 678 7057 3729 6103 5769 1648 3894 1651 7061 6107 7231 3895 1652 7062 6108 7233 7234 
1611 599 3025 4138 1277 600 3026 4139 1278 3894 1651 679 7061 3732 6107 5776 1653 3896 1656 7065 6111 7233 3897 1657 7066 6112 7235 7236 
1612 600 3026 4139 1278 601 3027 4140 1279 3896 1656 680 7065 3735 6111 5783 1658 3898 1661 7069 6115 7235 3899 1662 7070 6116 7237 7238 
1613 601 3027 4140 1279 602 3028 4141 1280 3898 1661 681 7069 3738 6115 5790 1663 3900 1666 7073 6119 7237 3901 1667 7074 6120 7239 7240 
1614 602 3028 4141 1280 603 3029 4142 1281 3900 1666 682 7073 3741 6119 5797 1668 3902 1671 7077 6123 7239 3903 1672 7078 6124 7241 7242 
1615 603 3029 4142 1281 604 3030 4143 1282 3902 1671 683 7077 3744 6123 5804 1673 3904 1676 7081 6127 7241 3905 1677 7082 6128 7243 7244 
1616 604 3030 4143 1282 7 34 708 39 3904 1676 684 7081 3746 6127 5811 1678 38 41 724 718 7243 3906 1680 7085 6131 726 7245 
$EndElements
