$MeshFormat
4.1 0 8
$EndMeshFormat
$PhysicalNames
3
2 2 "Dirichlet"
2 3 "FreeSurface"
3 1 "Volume"
$EndPhysicalNames
$Entities
8 12 6 1
1 0 0 24 0 
2 0 0 0 0 
3 0 10 24 0 
4 0 10 0 0 
5 1000 0 24 0 
6 1000 0 0 0 
7 1000 10 24 0 
8 1000 10 0 0 
1 -1e-07 -1e-07 -9.99999993922529e-08 1e-07 1e-07 24.0000001 0 2 2 -1 
2 -1e-07 -1.000000002804313e-07 23.9999999 1e-07 10.0000001 24.0000001 0 2 1 -3 
3 -1e-07 9.999999900000001 -9.99999993922529e-08 1e-07 10.0000001 24.0000001 0 2 4 -3 
4 -1e-07 -1.000000002804313e-07 -1e-07 1e-07 10.0000001 1e-07 0 2 2 -4 
5 999.9999999 -1e-07 -9.99999993922529e-08 1000.0000001 1e-07 24.0000001 0 2 6 -5 
6 999.9999999 -1.000000002804313e-07 23.9999999 1000.0000001 10.0000001 24.0000001 0 2 5 -7 
7 999.9999999 9.999999900000001 -9.99999993922529e-08 1000.0000001 10.0000001 24.0000001 0 2 8 -7 
8 999.9999999 -1.000000002804313e-07 -1e-07 1000.0000001 10.0000001 1e-07 0 2 6 -8 
9 -1.000000224848918e-07 -1e-07 -1e-07 1000.0000001 1e-07 1e-07 0 2 2 -6 
10 -1.000000224848918e-07 -1e-07 23.9999999 1000.0000001 1e-07 24.0000001 0 2 1 -5 
11 -1.000000224848918e-07 9.999999900000001 -1e-07 1000.0000001 10.0000001 1e-07 0 2 4 -8 
12 -1.000000224848918e-07 9.999999900000001 23.9999999 1000.0000001 10.0000001 24.0000001 0 2 3 -7 
1 -1e-07 -1.000000002804313e-07 -9.99999993922529e-08 1e-07 10.0000001 24.0000001 1 2 4 -1 4 3 -2 
2 999.9999999 -1.000000002804313e-07 -9.99999993922529e-08 1000.0000001 10.0000001 24.0000001 1 2 4 -5 8 7 -6 
3 -1.000000224848918e-07 -1e-07 -9.99999993922529e-08 1000.0000001 1e-07 24.0000001 1 3 4 -9 1 10 -5 
4 -1.000000224848918e-07 9.999999900000001 -9.99999993922529e-08 1000.0000001 10.0000001 24.0000001 1 3 4 -11 3 12 -7 
5 -1.000000224848918e-07 -1.000000002804313e-07 -1e-07 1000.0000001 10.0000001 1e-07 1 3 4 -4 9 8 -11 
6 -1.000000224848918e-07 -1.000000002804313e-07 23.9999999 1000.0000001 10.0000001 24.0000001 1 3 4 -2 10 6 -12 
1 -1.000000224848918e-07 -1.000000002804313e-07 -9.99999993922529e-08 1000.0000001 10.0000001 24.0000001 1 1 6 -1 2 -3 4 -5 6 
$EndEntities
$Nodes
27 8025 1 8025
0 1 0 1
1
0 0 24
0 2 0 1
2
0 0 0
0 3 0 1
3
0 10 24
0 4 0 1
4
0 10 0
0 5 0 1
5
1000 0 24
0 6 0 1
6
1000 0 0
0 7 0 1
7
1000 10 24
0 8 0 1
8
1000 10 0
1 1 0 3
9
10
11
0 0 12
0 0 6
0 0 18
1 2 0 3
12
13
14
0 5 24
0 2.5 24
0 7.5 24
1 3 0 3
15
16
17
0 10 12
0 10 6
0 10 18
1 4 0 3
18
19
20
0 5 0
0 2.5 0
0 7.5 0
1 5 0 3
21
22
23
1000 0 12
1000 0 6
1000 0 18
1 6 0 3
24
25
26
1000 5 24
1000 2.5 24
1000 7.5 24
1 7 0 3
27
28
29
1000 10 12
1000 10 6
1000 10 18
1 8 0 3
30
31
32
1000 5 0
1000 2.5 0
1000 7.5 0
1 9 0 319
33
34
35
36
37
38
39
40
41
42
43
44
45
46
47
48
49
50
51
52
53
54
55
56
57
58
59
60
61
62
63
64
65
66
67
68
69
70
71
72
73
74
75
76
77
78
79
80
81
82
83
84
85
86
87
88
89
90
91
92
93
94
95
96
97
98
99
100
101
102
103
104
105
106
107
108
109
110
111
112
113
114
115
116
117
118
119
120
121
122
123
124
125
126
127
128
129
130
131
132
133
134
135
136
137
138
139
140
141
142
143
144
145
146
147
148
149
150
151
152
153
154
155
156
157
158
159
160
161
162
163
164
165
166
167
168
169
170
171
172
173
174
175
176
177
178
179
180
181
182
183
184
185
186
187
188
189
190
191
192
193
194
195
196
197
198
199
200
201
202
203
204
205
206
207
208
209
210
211
212
213
214
215
216
217
218
219
220
221
222
223
224
225
226
227
228
229
230
231
232
233
234
235
236
237
238
239
240
241
242
243
244
245
246
247
248
249
250
251
252
253
254
255
256
257
258
259
260
261
262
263
264
265
266
267
268
269
270
271
272
273
274
275
276
277
278
279
280
281
282
283
284
285
286
287
288
289
290
291
292
293
294
295
296
297
298
299
300
301
302
303
304
305
306
307
308
309
310
311
312
313
314
315
316
317
318
319
320
321
322
323
324
325
326
327
328
329
330
331
332
333
334
335
336
337
338
339
340
341
342
343
344
345
346
347
348
349
350
351
6.25 0 0
12.5 0 0
18.75 0 0
25 0 0
31.25 0 0
37.50000000000001 0 0
43.75000000000001 0 0
50 0 0
56.25 0 0
62.5 0 0
68.75 0 0
75.00000000000001 0 0
81.25 0 0
87.50000000000001 0 0
93.75 0 0
100 0 0
106.25 0 0
112.5 0 0
118.75 0 0
125 0 0
131.25 0 0
137.5 0 0
143.75 0 0
150 0 0
156.25 0 0
162.5 0 0
168.75 0 0
175 0 0
181.25 0 0
187.5 0 0
193.75 0 0
200 0 0
206.25 0 0
212.5 0 0
218.75 0 0
225 0 0
231.25 0 0
237.5 0 0
243.75 0 0
250 0 0
256.2500000000001 0 0
262.5 0 0
268.75 0 0
275 0 0
281.25 0 0
287.5000000000001 0 0
293.75 0 0
300.0000000000001 0 0
306.25 0 0
312.5 0 0
318.7500000000001 0 0
325 0 0
331.2500000000001 0 0
337.5 0 0
343.75 0 0
350.0000000000001 0 0
356.25 0 0
362.5000000000001 0 0
368.75 0 0
375 0 0
381.2500000000001 0 0
387.5 0 0
393.7500000000001 0 0
400 0 0
406.25 0 0
412.5000000000001 0 0
418.75 0 0
425.0000000000001 0 0
431.25 0 0
437.5 0 0
443.7500000000001 0 0
450 0 0
456.2500000000001 0 0
462.5 0 0
468.75 0 0
475.0000000000001 0 0
481.25 0 0
487.5000000000001 0 0
493.75 0 0
500 0 0
506.25 0 0
512.5000000000001 0 0
518.75 0 0
525 0 0
531.25 0 0
537.5 0 0
543.7500000000001 0 0
550 0 0
556.25 0 0
562.5 0 0
568.75 0 0
575.0000000000001 0 0
581.25 0 0
587.5 0 0
593.75 0 0
600.0000000000001 0 0
606.2500000000001 0 0
612.5 0 0
618.75 0 0
625 0 0
631.2500000000001 0 0
637.5000000000001 0 0
643.75 0 0
650 0 0
656.25 0 0
662.5000000000001 0 0
668.7500000000001 0 0
675 0 0
681.25 0 0
687.5 0 0
693.7500000000001 0 0
700.0000000000001 0 0
706.25 0 0
712.5 0 0
718.75 0 0
725.0000000000001 0 0
731.2500000000001 0 0
737.5 0 0
743.75 0 0
750 0 0
756.2500000000001 0 0
762.5000000000001 0 0
768.75 0 0
775 0 0
781.25 0 0
787.5000000000001 0 0
793.7500000000001 0 0
800 0 0
806.25 0 0
812.5 0 0
818.7500000000001 0 0
825.0000000000001 0 0
831.25 0 0
837.5 0 0
843.75 0 0
850.0000000000001 0 0
856.2500000000001 0 0
862.5 0 0
868.75 0 0
875 0 0
881.2500000000001 0 0
887.5000000000001 0 0
893.75 0 0
900 0 0
906.25 0 0
912.5000000000001 0 0
918.7500000000001 0 0
925 0 0
931.25 0 0
937.5 0 0
943.7500000000001 0 0
950.0000000000001 0 0
956.25 0 0
962.5 0 0
968.75 0 0
975.0000000000001 0 0
981.2500000000001 0 0
987.5 0 0
993.75 0 0
3.125 0 0
9.375 0 0
15.625 0 0
21.875 0 0
28.125 0 0
34.375 0 0
40.62500000000001 0 0
46.875 0 0
53.125 0 0
59.375 0 0
65.625 0 0
71.875 0 0
78.125 0 0
84.375 0 0
90.625 0 0
96.875 0 0
103.125 0 0
109.375 0 0
115.625 0 0
121.875 0 0
128.125 0 0
134.375 0 0
140.625 0 0
146.875 0 0
153.125 0 0
159.375 0 0
165.625 0 0
171.875 0 0
178.125 0 0
184.375 0 0
190.625 0 0
196.875 0 0
203.125 0 0
209.375 0 0
215.625 0 0
221.875 0 0
228.125 0 0
234.375 0 0
240.625 0 0
246.875 0 0
253.125 0 0
259.375 0 0
265.625 0 0
271.875 0 0
278.125 0 0
284.375 0 0
290.625 0 0
296.875 0 0
303.125 0 0
309.375 0 0
315.625 0 0
321.875 0 0
328.125 0 0
334.375 0 0
340.625 0 0
346.875 0 0
353.125 0 0
359.375 0 0
365.625 0 0
371.875 0 0
378.125 0 0
384.375 0 0
390.625 0 0
396.875 0 0
403.125 0 0
409.375 0 0
415.625 0 0
421.875 0 0
428.125 0 0
434.375 0 0
440.625 0 0
446.875 0 0
453.125 0 0
459.375 0 0
465.625 0 0
471.875 0 0
478.125 0 0
484.375 0 0
490.625 0 0
496.875 0 0
503.125 0 0
509.3750000000001 0 0
515.625 0 0
521.875 0 0
528.125 0 0
534.375 0 0
540.625 0 0
546.875 0 0
553.125 0 0
559.375 0 0
565.625 0 0
571.875 0 0
578.125 0 0
584.375 0 0
590.625 0 0
596.875 0 0
603.1250000000001 0 0
609.375 0 0
615.625 0 0
621.875 0 0
628.125 0 0
634.3750000000001 0 0
640.625 0 0
646.875 0 0
653.125 0 0
659.375 0 0
665.6250000000001 0 0
671.875 0 0
678.125 0 0
684.375 0 0
690.625 0 0
696.8750000000001 0 0
703.125 0 0
709.375 0 0
715.625 0 0
721.875 0 0
728.1250000000001 0 0
734.375 0 0
740.625 0 0
746.875 0 0
753.125 0 0
759.3750000000001 0 0
765.625 0 0
771.875 0 0
778.125 0 0
784.375 0 0
790.6250000000001 0 0
796.875 0 0
803.125 0 0
809.375 0 0
815.625 0 0
821.8750000000001 0 0
828.125 0 0
834.375 0 0
840.625 0 0
846.875 0 0
853.1250000000001 0 0
859.375 0 0
865.625 0 0
871.875 0 0
878.125 0 0
884.3750000000001 0 0
890.625 0 0
896.875 0 0
903.125 0 0
909.375 0 0
915.6250000000001 0 0
921.875 0 0
928.125 0 0
934.375 0 0
940.625 0 0
946.8750000000001 0 0
953.125 0 0
959.375 0 0
965.625 0 0
971.875 0 0
978.1250000000001 0 0
984.375 0 0
990.625 0 0
996.875 0 0
1 10 0 319
352
353
354
355
356
357
358
359
360
361
362
363
364
365
366
367
368
369
370
371
372
373
374
375
376
377
378
379
380
381
382
383
384
385
386
387
388
389
390
391
392
393
394
395
396
397
398
399
400
401
402
403
404
405
406
407
408
409
410
411
412
413
414
415
416
417
418
419
420
421
422
423
424
425
426
427
428
429
430
431
432
433
434
435
436
437
438
439
440
441
442
443
444
445
446
447
448
449
450
451
452
453
454
455
456
457
458
459
460
461
462
463
464
465
466
467
468
469
470
471
472
473
474
475
476
477
478
479
480
481
482
483
484
485
486
487
488
489
490
491
492
493
494
495
496
497
498
499
500
501
502
503
504
505
506
507
508
509
510
511
512
513
514
515
516
517
518
519
520
521
522
523
524
525
526
527
528
529
530
531
532
533
534
535
536
537
538
539
540
541
542
543
544
545
546
547
548
549
550
551
552
553
554
555
556
557
558
559
560
561
562
563
564
565
566
567
568
569
570
571
572
573
574
575
576
577
578
579
580
581
582
583
584
585
586
587
588
589
590
591
592
593
594
595
596
597
598
599
600
601
602
603
604
605
606
607
608
609
610
611
612
613
614
615
616
617
618
619
620
621
622
623
624
625
626
627
628
629
630
631
632
633
634
635
636
637
638
639
640
641
642
643
644
645
646
647
648
649
650
651
652
653
654
655
656
657
658
659
660
661
662
663
664
665
666
667
668
669
670
6.25 0 24
12.5 0 24
18.75 0 24
25 0 24
31.25 0 24
37.50000000000001 0 24
43.75000000000001 0 24
50 0 24
56.25 0 24
62.5 0 24
68.75 0 24
75.00000000000001 0 24
81.25 0 24
87.50000000000001 0 24
93.75 0 24
100 0 24
106.25 0 24
112.5 0 24
118.75 0 24
125 0 24
131.25 0 24
137.5 0 24
143.75 0 24
150 0 24
156.25 0 24
162.5 0 24
168.75 0 24
175 0 24
181.25 0 24
187.5 0 24
193.75 0 24
200 0 24
206.25 0 24
212.5 0 24
218.75 0 24
225 0 24
231.25 0 24
237.5 0 24
243.75 0 24
250 0 24
256.2500000000001 0 24
262.5 0 24
268.75 0 24
275 0 24
281.25 0 24
287.5000000000001 0 24
293.75 0 24
300.0000000000001 0 24
306.25 0 24
312.5 0 24
318.7500000000001 0 24
325 0 24
331.2500000000001 0 24
337.5 0 24
343.75 0 24
350.0000000000001 0 24
356.25 0 24
362.5000000000001 0 24
368.75 0 24
375 0 24
381.2500000000001 0 24
387.5 0 24
393.7500000000001 0 24
400 0 24
406.25 0 24
412.5000000000001 0 24
418.75 0 24
425.0000000000001 0 24
431.25 0 24
437.5 0 24
443.7500000000001 0 24
450 0 24
456.2500000000001 0 24
462.5 0 24
468.75 0 24
475.0000000000001 0 24
481.25 0 24
487.5000000000001 0 24
493.75 0 24
500 0 24
506.25 0 24
512.5000000000001 0 24
518.75 0 24
525 0 24
531.25 0 24
537.5 0 24
543.7500000000001 0 24
550 0 24
556.25 0 24
562.5 0 24
568.75 0 24
575.0000000000001 0 24
581.25 0 24
587.5 0 24
593.75 0 24
600.0000000000001 0 24
606.2500000000001 0 24
612.5 0 24
618.75 0 24
625 0 24
631.2500000000001 0 24
637.5000000000001 0 24
643.75 0 24
650 0 24
656.25 0 24
662.5000000000001 0 24
668.7500000000001 0 24
675 0 24
681.25 0 24
687.5 0 24
693.7500000000001 0 24
700.0000000000001 0 24
706.25 0 24
712.5 0 24
718.75 0 24
725.0000000000001 0 24
731.2500000000001 0 24
737.5 0 24
743.75 0 24
750 0 24
756.2500000000001 0 24
762.5000000000001 0 24
768.75 0 24
775 0 24
781.25 0 24
787.5000000000001 0 24
793.7500000000001 0 24
800 0 24
806.25 0 24
812.5 0 24
818.7500000000001 0 24
825.0000000000001 0 24
831.25 0 24
837.5 0 24
843.75 0 24
850.0000000000001 0 24
856.2500000000001 0 24
862.5 0 24
868.75 0 24
875 0 24
881.2500000000001 0 24
887.5000000000001 0 24
893.75 0 24
900 0 24
906.25 0 24
912.5000000000001 0 24
918.7500000000001 0 24
925 0 24
931.25 0 24
937.5 0 24
943.7500000000001 0 24
950.0000000000001 0 24
956.25 0 24
962.5 0 24
968.75 0 24
975.0000000000001 0 24
981.2500000000001 0 24
987.5 0 24
993.75 0 24
3.125 0 24
9.375 0 24
15.625 0 24
21.875 0 24
28.125 0 24
34.375 0 24
40.62500000000001 0 24
46.875 0 24
53.125 0 24
59.375 0 24
65.625 0 24
71.875 0 24
78.125 0 24
84.375 0 24
90.625 0 24
96.875 0 24
103.125 0 24
109.375 0 24
115.625 0 24
121.875 0 24
128.125 0 24
134.375 0 24
140.625 0 24
146.875 0 24
153.125 0 24
159.375 0 24
165.625 0 24
171.875 0 24
178.125 0 24
184.375 0 24
190.625 0 24
196.875 0 24
203.125 0 24
209.375 0 24
215.625 0 24
221.875 0 24
228.125 0 24
234.375 0 24
240.625 0 24
246.875 0 24
253.125 0 24
259.375 0 24
265.625 0 24
271.875 0 24
278.125 0 24
284.375 0 24
290.625 0 24
296.875 0 24
303.125 0 24
309.375 0 24
315.625 0 24
321.875 0 24
328.125 0 24
334.375 0 24
340.625 0 24
346.875 0 24
353.125 0 24
359.375 0 24
365.625 0 24
371.875 0 24
378.125 0 24
384.375 0 24
390.625 0 24
396.875 0 24
403.125 0 24
409.375 0 24
415.625 0 24
421.875 0 24
428.125 0 24
434.375 0 24
440.625 0 24
446.875 0 24
453.125 0 24
459.375 0 24
465.625 0 24
471.875 0 24
478.125 0 24
484.375 0 24
490.625 0 24
496.875 0 24
503.125 0 24
509.3750000000001 0 24
515.625 0 24
521.875 0 24
528.125 0 24
534.375 0 24
540.625 0 24
546.875 0 24
553.125 0 24
559.375 0 24
565.625 0 24
571.875 0 24
578.125 0 24
584.375 0 24
590.625 0 24
596.875 0 24
603.1250000000001 0 24
609.375 0 24
615.625 0 24
621.875 0 24
628.125 0 24
634.3750000000001 0 24
640.625 0 24
646.875 0 24
653.125 0 24
659.375 0 24
665.6250000000001 0 24
671.875 0 24
678.125 0 24
684.375 0 24
690.625 0 24
696.8750000000001 0 24
703.125 0 24
709.375 0 24
715.625 0 24
721.875 0 24
728.1250000000001 0 24
734.375 0 24
740.625 0 24
746.875 0 24
753.125 0 24
759.3750000000001 0 24
765.625 0 24
771.875 0 24
778.125 0 24
784.375 0 24
790.6250000000001 0 24
796.875 0 24
803.125 0 24
809.375 0 24
815.625 0 24
821.8750000000001 0 24
828.125 0 24
834.375 0 24
840.625 0 24
846.875 0 24
853.1250000000001 0 24
859.375 0 24
865.625 0 24
871.875 0 24
878.125 0 24
884.3750000000001 0 24
890.625 0 24
896.875 0 24
903.125 0 24
909.375 0 24
915.6250000000001 0 24
921.875 0 24
928.125 0 24
934.375 0 24
940.625 0 24
946.8750000000001 0 24
953.125 0 24
959.375 0 24
965.625 0 24
971.875 0 24
978.1250000000001 0 24
984.375 0 24
990.625 0 24
996.875 0 24
1 11 0 319
671
672
673
674
675
676
677
678
679
680
681
682
683
684
685
686
687
688
689
690
691
692
693
694
695
696
697
698
699
700
701
702
703
704
705
706
707
708
709
710
711
712
713
714
715
716
717
718
719
720
721
722
723
724
725
726
727
728
729
730
731
732
733
734
735
736
737
738
739
740
741
742
743
744
745
746
747
748
749
750
751
752
753
754
755
756
757
758
759
760
761
762
763
764
765
766
767
768
769
770
771
772
773
774
775
776
777
778
779
780
781
782
783
784
785
786
787
788
789
790
791
792
793
794
795
796
797
798
799
800
801
802
803
804
805
806
807
808
809
810
811
812
813
814
815
816
817
818
819
820
821
822
823
824
825
826
827
828
829
830
831
832
833
834
835
836
837
838
839
840
841
842
843
844
845
846
847
848
849
850
851
852
853
854
855
856
857
858
859
860
861
862
863
864
865
866
867
868
869
870
871
872
873
874
875
876
877
878
879
880
881
882
883
884
885
886
887
888
889
890
891
892
893
894
895
896
897
898
899
900
901
902
903
904
905
906
907
908
909
910
911
912
913
914
915
916
917
918
919
920
921
922
923
924
925
926
927
928
929
930
931
932
933
934
935
936
937
938
939
940
941
942
943
944
945
946
947
948
949
950
951
952
953
954
955
956
957
958
959
960
961
962
963
964
965
966
967
968
969
970
971
972
973
974
975
976
977
978
979
980
981
982
983
984
985
986
987
988
989
6.25 10 0
12.5 10 0
18.75 10 0
25 10 0
31.25 10 0
37.50000000000001 10 0
43.75000000000001 10 0
50 10 0
56.25 10 0
62.5 10 0
68.75 10 0
75.00000000000001 10 0
81.25 10 0
87.50000000000001 10 0
93.75 10 0
100 10 0
106.25 10 0
112.5 10 0
118.75 10 0
125 10 0
131.25 10 0
137.5 10 0
143.75 10 0
150 10 0
156.25 10 0
162.5 10 0
168.75 10 0
175 10 0
181.25 10 0
187.5 10 0
193.75 10 0
200 10 0
206.25 10 0
212.5 10 0
218.75 10 0
225 10 0
231.25 10 0
237.5 10 0
243.75 10 0
250 10 0
256.2500000000001 10 0
262.5 10 0
268.75 10 0
275 10 0
281.25 10 0
287.5000000000001 10 0
293.75 10 0
300.0000000000001 10 0
306.25 10 0
312.5 10 0
318.7500000000001 10 0
325 10 0
331.2500000000001 10 0
337.5 10 0
343.75 10 0
350.0000000000001 10 0
356.25 10 0
362.5000000000001 10 0
368.75 10 0
375 10 0
381.2500000000001 10 0
387.5 10 0
393.7500000000001 10 0
400 10 0
406.25 10 0
412.5000000000001 10 0
418.75 10 0
425.0000000000001 10 0
431.25 10 0
437.5 10 0
443.7500000000001 10 0
450 10 0
456.2500000000001 10 0
462.5 10 0
468.75 10 0
475.0000000000001 10 0
481.25 10 0
487.5000000000001 10 0
493.75 10 0
500 10 0
506.25 10 0
512.5000000000001 10 0
518.75 10 0
525 10 0
531.25 10 0
537.5 10 0
543.7500000000001 10 0
550 10 0
556.25 10 0
562.5 10 0
568.75 10 0
575.0000000000001 10 0
581.25 10 0
587.5 10 0
593.75 10 0
600.0000000000001 10 0
606.2500000000001 10 0
612.5 10 0
618.75 10 0
625 10 0
631.2500000000001 10 0
637.5000000000001 10 0
643.75 10 0
650 10 0
656.25 10 0
662.5000000000001 10 0
668.7500000000001 10 0
675 10 0
681.25 10 0
687.5 10 0
693.7500000000001 10 0
700.0000000000001 10 0
706.25 10 0
712.5 10 0
718.75 10 0
725.0000000000001 10 0
731.2500000000001 10 0
737.5 10 0
743.75 10 0
750 10 0
756.2500000000001 10 0
762.5000000000001 10 0
768.75 10 0
775 10 0
781.25 10 0
787.5000000000001 10 0
793.7500000000001 10 0
800 10 0
806.25 10 0
812.5 10 0
818.7500000000001 10 0
825.0000000000001 10 0
831.25 10 0
837.5 10 0
843.75 10 0
850.0000000000001 10 0
856.2500000000001 10 0
862.5 10 0
868.75 10 0
875 10 0
881.2500000000001 10 0
887.5000000000001 10 0
893.75 10 0
900 10 0
906.25 10 0
912.5000000000001 10 0
918.7500000000001 10 0
925 10 0
931.25 10 0
937.5 10 0
943.7500000000001 10 0
950.0000000000001 10 0
956.25 10 0
962.5 10 0
968.75 10 0
975.0000000000001 10 0
981.2500000000001 10 0
987.5 10 0
993.75 10 0
3.125 10 0
9.375 10 0
15.625 10 0
21.875 10 0
28.125 10 0
34.375 10 0
40.62500000000001 10 0
46.875 10 0
53.125 10 0
59.375 10 0
65.625 10 0
71.875 10 0
78.125 10 0
84.375 10 0
90.625 10 0
96.875 10 0
103.125 10 0
109.375 10 0
115.625 10 0
121.875 10 0
128.125 10 0
134.375 10 0
140.625 10 0
146.875 10 0
153.125 10 0
159.375 10 0
165.625 10 0
171.875 10 0
178.125 10 0
184.375 10 0
190.625 10 0
196.875 10 0
203.125 10 0
209.375 10 0
215.625 10 0
221.875 10 0
228.125 10 0
234.375 10 0
240.625 10 0
246.875 10 0
253.125 10 0
259.375 10 0
265.625 10 0
271.875 10 0
278.125 10 0
284.375 10 0
290.625 10 0
296.875 10 0
303.125 10 0
309.375 10 0
315.625 10 0
321.875 10 0
328.125 10 0
334.375 10 0
340.625 10 0
346.875 10 0
353.125 10 0
359.375 10 0
365.625 10 0
371.875 10 0
378.125 10 0
384.375 10 0
390.625 10 0
396.875 10 0
403.125 10 0
409.375 10 0
415.625 10 0
421.875 10 0
428.125 10 0
434.375 10 0
440.625 10 0
446.875 10 0
453.125 10 0
459.375 10 0
465.625 10 0
471.875 10 0
478.125 10 0
484.375 10 0
490.625 10 0
496.875 10 0
503.125 10 0
509.3750000000001 10 0
515.625 10 0
521.875 10 0
528.125 10 0
534.375 10 0
540.625 10 0
546.875 10 0
553.125 10 0
559.375 10 0
565.625 10 0
571.875 10 0
578.125 10 0
584.375 10 0
590.625 10 0
596.875 10 0
603.1250000000001 10 0
609.375 10 0
615.625 10 0
621.875 10 0
628.125 10 0
634.3750000000001 10 0
640.625 10 0
646.875 10 0
653.125 10 0
659.375 10 0
665.6250000000001 10 0
671.875 10 0
678.125 10 0
684.375 10 0
690.625 10 0
696.8750000000001 10 0
703.125 10 0
709.375 10 0
715.625 10 0
721.875 10 0
728.1250000000001 10 0
734.375 10 0
740.625 10 0
746.875 10 0
753.125 10 0
759.3750000000001 10 0
765.625 10 0
771.875 10 0
778.125 10 0
784.375 10 0
790.6250000000001 10 0
796.875 10 0
803.125 10 0
809.375 10 0
815.625 10 0
821.8750000000001 10 0
828.125 10 0
834.375 10 0
840.625 10 0
846.875 10 0
853.1250000000001 10 0
859.375 10 0
865.625 10 0
871.875 10 0
878.125 10 0
884.3750000000001 10 0
890.625 10 0
896.875 10 0
903.125 10 0
909.375 10 0
915.6250000000001 10 0
921.875 10 0
928.125 10 0
934.375 10 0
940.625 10 0
946.8750000000001 10 0
953.125 10 0
959.375 10 0
965.625 10 0
971.875 10 0
978.1250000000001 10 0
984.375 10 0
990.625 10 0
996.875 10 0
1 12 0 319
990
991
992
993
994
995
996
997
998
999
1000
1001
1002
1003
1004
1005
1006
1007
1008
1009
1010
1011
1012
1013
1014
1015
1016
1017
1018
1019
1020
1021
1022
1023
1024
1025
1026
1027
1028
1029
1030
1031
1032
1033
1034
1035
1036
1037
1038
1039
1040
1041
1042
1043
1044
1045
1046
1047
1048
1049
1050
1051
1052
1053
1054
1055
1056
1057
1058
1059
1060
1061
1062
1063
1064
1065
1066
1067
1068
1069
1070
1071
1072
1073
1074
1075
1076
1077
1078
1079
1080
1081
1082
1083
1084
1085
1086
1087
1088
1089
1090
1091
1092
1093
1094
1095
1096
1097
1098
1099
1100
1101
1102
1103
1104
1105
1106
1107
1108
1109
1110
1111
1112
1113
1114
1115
1116
1117
1118
1119
1120
1121
1122
1123
1124
1125
1126
1127
1128
1129
1130
1131
1132
1133
1134
1135
1136
1137
1138
1139
1140
1141
1142
1143
1144
1145
1146
1147
1148
1149
1150
1151
1152
1153
1154
1155
1156
1157
1158
1159
1160
1161
1162
1163
1164
1165
1166
1167
1168
1169
1170
1171
1172
1173
1174
1175
1176
1177
1178
1179
1180
1181
1182
1183
1184
1185
1186
1187
1188
1189
1190
1191
1192
1193
1194
1195
1196
1197
1198
1199
1200
1201
1202
1203
1204
1205
1206
1207
1208
1209
1210
1211
1212
1213
1214
1215
1216
1217
1218
1219
1220
1221
1222
1223
1224
1225
1226
1227
1228
1229
1230
1231
1232
1233
1234
1235
1236
1237
1238
1239
1240
1241
1242
1243
1244
1245
1246
1247
1248
1249
1250
1251
1252
1253
1254
1255
1256
1257
1258
1259
1260
1261
1262
1263
1264
1265
1266
1267
1268
1269
1270
1271
1272
1273
1274
1275
1276
1277
1278
1279
1280
1281
1282
1283
1284
1285
1286
1287
1288
1289
1290
1291
1292
1293
1294
1295
1296
1297
1298
1299
1300
1301
1302
1303
1304
1305
1306
1307
1308
6.25 10 24
12.5 10 24
18.75 10 24
25 10 24
31.25 10 24
37.50000000000001 10 24
43.75000000000001 10 24
50 10 24
56.25 10 24
62.5 10 24
68.75 10 24
75.00000000000001 10 24
81.25 10 24
87.50000000000001 10 24
93.75 10 24
100 10 24
106.25 10 24
112.5 10 24
118.75 10 24
125 10 24
131.25 10 24
137.5 10 24
143.75 10 24
150 10 24
156.25 10 24
162.5 10 24
168.75 10 24
175 10 24
181.25 10 24
187.5 10 24
193.75 10 24
200 10 24
206.25 10 24
212.5 10 24
218.75 10 24
225 10 24
231.25 10 24
237.5 10 24
243.75 10 24
250 10 24
256.2500000000001 10 24
262.5 10 24
268.75 10 24
275 10 24
281.25 10 24
287.5000000000001 10 24
293.75 10 24
300.0000000000001 10 24
306.25 10 24
312.5 10 24
318.7500000000001 10 24
325 10 24
331.2500000000001 10 24
337.5 10 24
343.75 10 24
350.0000000000001 10 24
356.25 10 24
362.5000000000001 10 24
368.75 10 24
375 10 24
381.2500000000001 10 24
387.5 10 24
393.7500000000001 10 24
400 10 24
406.25 10 24
412.5000000000001 10 24
418.75 10 24
425.0000000000001 10 24
431.25 10 24
437.5 10 24
443.7500000000001 10 24
450 10 24
456.2500000000001 10 24
462.5 10 24
468.75 10 24
475.0000000000001 10 24
481.25 10 24
487.5000000000001 10 24
493.75 10 24
500 10 24
506.25 10 24
512.5000000000001 10 24
518.75 10 24
525 10 24
531.25 10 24
537.5 10 24
543.7500000000001 10 24
550 10 24
556.25 10 24
562.5 10 24
568.75 10 24
575.0000000000001 10 24
581.25 10 24
587.5 10 24
593.75 10 24
600.0000000000001 10 24
606.2500000000001 10 24
612.5 10 24
618.75 10 24
625 10 24
631.2500000000001 10 24
637.5000000000001 10 24
643.75 10 24
650 10 24
656.25 10 24
662.5000000000001 10 24
668.7500000000001 10 24
675 10 24
681.25 10 24
687.5 10 24
693.7500000000001 10 24
700.0000000000001 10 24
706.25 10 24
712.5 10 24
718.75 10 24
725.0000000000001 10 24
731.2500000000001 10 24
737.5 10 24
743.75 10 24
750 10 24
756.2500000000001 10 24
762.5000000000001 10 24
768.75 10 24
775 10 24
781.25 10 24
787.5000000000001 10 24
793.7500000000001 10 24
800 10 24
806.25 10 24
812.5 10 24
818.7500000000001 10 24
825.0000000000001 10 24
831.25 10 24
837.5 10 24
843.75 10 24
850.0000000000001 10 24
856.2500000000001 10 24
862.5 10 24
868.75 10 24
875 10 24
881.2500000000001 10 24
887.5000000000001 10 24
893.75 10 24
900 10 24
906.25 10 24
912.5000000000001 10 24
918.7500000000001 10 24
925 10 24
931.25 10 24
937.5 10 24
943.7500000000001 10 24
950.0000000000001 10 24
956.25 10 24
962.5 10 24
968.75 10 24
975.0000000000001 10 24
981.2500000000001 10 24
987.5 10 24
993.75 10 24
3.125 10 24
9.375 10 24
15.625 10 24
21.875 10 24
28.125 10 24
34.375 10 24
40.62500000000001 10 24
46.875 10 24
53.125 10 24
59.375 10 24
65.625 10 24
71.875 10 24
78.125 10 24
84.375 10 24
90.625 10 24
96.875 10 24
103.125 10 24
109.375 10 24
115.625 10 24
121.875 10 24
128.125 10 24
134.375 10 24
140.625 10 24
146.875 10 24
153.125 10 24
159.375 10 24
165.625 10 24
171.875 10 24
178.125 10 24
184.375 10 24
190.625 10 24
196.875 10 24
203.125 10 24
209.375 10 24
215.625 10 24
221.875 10 24
228.125 10 24
234.375 10 24
240.625 10 24
246.875 10 24
253.125 10 24
259.375 10 24
265.625 10 24
271.875 10 24
278.125 10 24
284.375 10 24
290.625 10 24
296.875 10 24
303.125 10 24
309.375 10 24
315.625 10 24
321.875 10 24
328.125 10 24
334.375 10 24
340.625 10 24
346.875 10 24
353.125 10 24
359.375 10 24
365.625 10 24
371.875 10 24
378.125 10 24
384.375 10 24
390.625 10 24
396.875 10 24
403.125 10 24
409.375 10 24
415.625 10 24
421.875 10 24
428.125 10 24
434.375 10 24
440.625 10 24
446.875 10 24
453.125 10 24
459.375 10 24
465.625 10 24
471.875 10 24
478.125 10 24
484.375 10 24
490.625 10 24
496.875 10 24
503.125 10 24
509.3750000000001 10 24
515.625 10 24
521.875 10 24
528.125 10 24
534.375 10 24
540.625 10 24
546.875 10 24
553.125 10 24
559.375 10 24
565.625 10 24
571.875 10 24
578.125 10 24
584.375 10 24
590.625 10 24
596.875 10 24
603.1250000000001 10 24
609.375 10 24
615.625 10 24
621.875 10 24
628.125 10 24
634.3750000000001 10 24
640.625 10 24
646.875 10 24
653.125 10 24
659.375 10 24
665.6250000000001 10 24
671.875 10 24
678.125 10 24
684.375 10 24
690.625 10 24
696.8750000000001 10 24
703.125 10 24
709.375 10 24
715.625 10 24
721.875 10 24
728.1250000000001 10 24
734.375 10 24
740.625 10 24
746.875 10 24
753.125 10 24
759.3750000000001 10 24
765.625 10 24
771.875 10 24
778.125 10 24
784.375 10 24
790.6250000000001 10 24
796.875 10 24
803.125 10 24
809.375 10 24
815.625 10 24
821.8750000000001 10 24
828.125 10 24
834.375 10 24
840.625 10 24
846.875 10 24
853.1250000000001 10 24
859.375 10 24
865.625 10 24
871.875 10 24
878.125 10 24
884.3750000000001 10 24
890.625 10 24
896.875 10 24
903.125 10 24
909.375 10 24
915.6250000000001 10 24
921.875 10 24
928.125 10 24
934.375 10 24
940.625 10 24
946.8750000000001 10 24
953.125 10 24
959.375 10 24
965.625 10 24
971.875 10 24
978.1250000000001 10 24
984.375 10 24
990.625 10 24
996.875 10 24
2 1 0 9
1309
1310
1311
1312
1313
1314
1315
1316
1317
0 5 12
0 2.5 12
0 5 6
0 2.5 6
0 7.5 12
0 7.5 6
0 5 18
0 2.5 18
0 7.5 18
2 2 0 9
1318
1319
1320
1321
1322
1323
1324
1325
1326
1000 5 12
1000 5 6
1000 2.5 12
1000 2.5 6
1000 7.5 12
1000 7.5 6
1000 5 18
1000 2.5 18
1000 7.5 18
2 3 0 957
1327
1328
1329
1330
1331
1332
1333
1334
1335
1336
1337
1338
1339
1340
1341
1342
1343
1344
1345
1346
1347
1348
1349
1350
1351
1352
1353
1354
1355
1356
1357
1358
1359
1360
1361
1362
1363
1364
1365
1366
1367
1368
1369
1370
1371
1372
1373
1374
1375
1376
1377
1378
1379
1380
1381
1382
1383
1384
1385
1386
1387
1388
1389
1390
1391
1392
1393
1394
1395
1396
1397
1398
1399
1400
1401
1402
1403
1404
1405
1406
1407
1408
1409
1410
1411
1412
1413
1414
1415
1416
1417
1418
1419
1420
1421
1422
1423
1424
1425
1426
1427
1428
1429
1430
1431
1432
1433
1434
1435
1436
1437
1438
1439
1440
1441
1442
1443
1444
1445
1446
1447
1448
1449
1450
1451
1452
1453
1454
1455
1456
1457
1458
1459
1460
1461
1462
1463
1464
1465
1466
1467
1468
1469
1470
1471
1472
1473
1474
1475
1476
1477
1478
1479
1480
1481
1482
1483
1484
1485
1486
1487
1488
1489
1490
1491
1492
1493
1494
1495
1496
1497
1498
1499
1500
1501
1502
1503
1504
1505
1506
1507
1508
1509
1510
1511
1512
1513
1514
1515
1516
1517
1518
1519
1520
1521
1522
1523
1524
1525
1526
1527
1528
1529
1530
1531
1532
1533
1534
1535
1536
1537
1538
1539
1540
1541
1542
1543
1544
1545
1546
1547
1548
1549
1550
1551
1552
1553
1554
1555
1556
1557
1558
1559
1560
1561
1562
1563
1564
1565
1566
1567
1568
1569
1570
1571
1572
1573
1574
1575
1576
1577
1578
1579
1580
1581
1582
1583
1584
1585
1586
1587
1588
1589
1590
1591
1592
1593
1594
1595
1596
1597
1598
1599
1600
1601
1602
1603
1604
1605
1606
1607
1608
1609
1610
1611
1612
1613
1614
1615
1616
1617
1618
1619
1620
1621
1622
1623
1624
1625
1626
1627
1628
1629
1630
1631
1632
1633
1634
1635
1636
1637
1638
1639
1640
1641
1642
1643
1644
1645
1646
1647
1648
1649
1650
1651
1652
1653
1654
1655
1656
1657
1658
1659
1660
1661
1662
1663
1664
1665
1666
1667
1668
1669
1670
1671
1672
1673
1674
1675
1676
1677
1678
1679
1680
1681
1682
1683
1684
1685
1686
1687
1688
1689
1690
1691
1692
1693
1694
1695
1696
1697
1698
1699
1700
1701
1702
1703
1704
1705
1706
1707
1708
1709
1710
1711
1712
1713
1714
1715
1716
1717
1718
1719
1720
1721
1722
1723
1724
1725
1726
1727
1728
1729
1730
1731
1732
1733
1734
1735
1736
1737
1738
1739
1740
1741
1742
1743
1744
1745
1746
1747
1748
1749
1750
1751
1752
1753
1754
1755
1756
1757
1758
1759
1760
1761
1762
1763
1764
1765
1766
1767
1768
1769
1770
1771
1772
1773
1774
1775
1776
1777
1778
1779
1780
1781
1782
1783
1784
1785
1786
1787
1788
1789
1790
1791
1792
1793
1794
1795
1796
1797
1798
1799
1800
1801
1802
1803
1804
1805
1806
1807
1808
1809
1810
1811
1812
1813
1814
1815
1816
1817
1818
1819
1820
1821
1822
1823
1824
1825
1826
1827
1828
1829
1830
1831
1832
1833
1834
1835
1836
1837
1838
1839
1840
1841
1842
1843
1844
1845
1846
1847
1848
1849
1850
1851
1852
1853
1854
1855
1856
1857
1858
1859
1860
1861
1862
1863
1864
1865
1866
1867
1868
1869
1870
1871
1872
1873
1874
1875
1876
1877
1878
1879
1880
1881
1882
1883
1884
1885
1886
1887
1888
1889
1890
1891
1892
1893
1894
1895
1896
1897
1898
1899
1900
1901
1902
1903
1904
1905
1906
1907
1908
1909
1910
1911
1912
1913
1914
1915
1916
1917
1918
1919
1920
1921
1922
1923
1924
1925
1926
1927
1928
1929
1930
1931
1932
1933
1934
1935
1936
1937
1938
1939
1940
1941
1942
1943
1944
1945
1946
1947
1948
1949
1950
1951
1952
1953
1954
1955
1956
1957
1958
1959
1960
1961
1962
1963
1964
1965
1966
1967
1968
1969
1970
1971
1972
1973
1974
1975
1976
1977
1978
1979
1980
1981
1982
1983
1984
1985
1986
1987
1988
1989
1990
1991
1992
1993
1994
1995
1996
1997
1998
1999
2000
2001
2002
2003
2004
2005
2006
2007
2008
2009
2010
2011
2012
2013
2014
2015
2016
2017
2018
2019
2020
2021
2022
2023
2024
2025
2026
2027
2028
2029
2030
2031
2032
2033
2034
2035
2036
2037
2038
2039
2040
2041
2042
2043
2044
2045
2046
2047
2048
2049
2050
2051
2052
2053
2054
2055
2056
2057
2058
2059
2060
2061
2062
2063
2064
2065
2066
2067
2068
2069
2070
2071
2072
2073
2074
2075
2076
2077
2078
2079
2080
2081
2082
2083
2084
2085
2086
2087
2088
2089
2090
2091
2092
2093
2094
2095
2096
2097
2098
2099
2100
2101
2102
2103
2104
2105
2106
2107
2108
2109
2110
2111
2112
2113
2114
2115
2116
2117
2118
2119
2120
2121
2122
2123
2124
2125
2126
2127
2128
2129
2130
2131
2132
2133
2134
2135
2136
2137
2138
2139
2140
2141
2142
2143
2144
2145
2146
2147
2148
2149
2150
2151
2152
2153
2154
2155
2156
2157
2158
2159
2160
2161
2162
2163
2164
2165
2166
2167
2168
2169
2170
2171
2172
2173
2174
2175
2176
2177
2178
2179
2180
2181
2182
2183
2184
2185
2186
2187
2188
2189
2190
2191
2192
2193
2194
2195
2196
2197
2198
2199
2200
2201
2202
2203
2204
2205
2206
2207
2208
2209
2210
2211
2212
2213
2214
2215
2216
2217
2218
2219
2220
2221
2222
2223
2224
2225
2226
2227
2228
2229
2230
2231
2232
2233
2234
2235
2236
2237
2238
2239
2240
2241
2242
2243
2244
2245
2246
2247
2248
2249
2250
2251
2252
2253
2254
2255
2256
2257
2258
2259
2260
2261
2262
2263
2264
2265
2266
2267
2268
2269
2270
2271
2272
2273
2274
2275
2276
2277
2278
2279
2280
2281
2282
2283
6.25 0 12
12.5 0 12
18.75 0 12
25 0 12
31.25 0 12
37.50000000000001 0 12
43.75000000000001 0 12
50 0 12
56.25 0 12
62.5 0 12
68.75 0 12
75.00000000000001 0 12
81.25 0 12
87.50000000000001 0 12
93.75 0 12
100 0 12
106.25 0 12
112.5 0 12
118.75 0 12
125 0 12
131.25 0 12
137.5 0 12
143.75 0 12
150 0 12
156.25 0 12
162.5 0 12
168.75 0 12
175 0 12
181.25 0 12
187.5 0 12
193.75 0 12
200 0 12
206.25 0 12
212.5 0 12
218.75 0 12
225 0 12
231.25 0 12
237.5 0 12
243.75 0 12
250 0 12
256.2500000000001 0 12
262.5 0 12
268.75 0 12
275 0 12
281.25 0 12
287.5000000000001 0 12
293.75 0 12
300.0000000000001 0 12
306.25 0 12
312.5 0 12
318.7500000000001 0 12
325 0 12
331.2500000000001 0 12
337.5 0 12
343.75 0 12
350.0000000000001 0 12
356.25 0 12
362.5000000000001 0 12
368.75 0 12
375 0 12
381.2500000000001 0 12
387.5 0 12
393.7500000000001 0 12
400 0 12
406.25 0 12
412.5000000000001 0 12
418.75 0 12
425.0000000000001 0 12
431.25 0 12
437.5 0 12
443.7500000000001 0 12
450 0 12
456.2500000000001 0 12
462.5 0 12
468.75 0 12
475.0000000000001 0 12
481.25 0 12
487.5000000000001 0 12
493.75 0 12
500 0 12
506.25 0 12
512.5000000000001 0 12
518.75 0 12
525 0 12
531.25 0 12
537.5 0 12
543.7500000000001 0 12
550 0 12
556.25 0 12
562.5 0 12
568.75 0 12
575.0000000000001 0 12
581.25 0 12
587.5 0 12
593.75 0 12
600.0000000000001 0 12
606.2500000000001 0 12
612.5 0 12
618.75 0 12
625 0 12
631.2500000000001 0 12
637.5000000000001 0 12
643.75 0 12
650 0 12
656.25 0 12
662.5000000000001 0 12
668.7500000000001 0 12
675 0 12
681.25 0 12
687.5 0 12
693.7500000000001 0 12
700.0000000000001 0 12
706.25 0 12
712.5 0 12
718.75 0 12
725.0000000000001 0 12
731.2500000000001 0 12
737.5 0 12
743.75 0 12
750 0 12
756.2500000000001 0 12
762.5000000000001 0 12
768.75 0 12
775 0 12
781.25 0 12
787.5000000000001 0 12
793.7500000000001 0 12
800 0 12
806.25 0 12
812.5 0 12
818.7500000000001 0 12
825.0000000000001 0 12
831.25 0 12
837.5 0 12
843.75 0 12
850.0000000000001 0 12
856.2500000000001 0 12
862.5 0 12
868.75 0 12
875 0 12
881.2500000000001 0 12
887.5000000000001 0 12
893.75 0 12
900 0 12
906.25 0 12
912.5000000000001 0 12
918.7500000000001 0 12
925 0 12
931.25 0 12
937.5 0 12
943.7500000000001 0 12
950.0000000000001 0 12
956.25 0 12
962.5 0 12
968.75 0 12
975.0000000000001 0 12
981.2500000000001 0 12
987.5 0 12
993.75 0 12
6.25 0 6
3.125 0 12
3.125 0 6
6.25 0 18
3.125 0 18
12.5 0 6
9.375 0 12
9.375 0 6
12.5 0 18
9.375 0 18
18.75 0 6
15.625 0 12
15.625 0 6
18.75 0 18
15.625 0 18
25 0 6
21.875 0 12
21.875 0 6
25 0 18
21.875 0 18
31.25 0 6
28.125 0 12
28.125 0 6
31.25 0 18
28.125 0 18
37.50000000000001 0 6
34.375 0 12
34.375 0 6
37.50000000000001 0 18
34.375 0 18
43.75000000000001 0 6
40.62500000000001 0 12
40.62500000000001 0 6
43.75000000000001 0 18
40.62500000000001 0 18
50 0 6
46.875 0 12
46.875 0 6
50 0 18
46.875 0 18
56.25 0 6
53.125 0 12
53.125 0 6
56.25 0 18
53.125 0 18
62.5 0 6
59.375 0 12
59.375 0 6
62.5 0 18
59.375 0 18
68.75 0 6
65.625 0 12
65.625 0 6
68.75 0 18
65.625 0 18
75.00000000000001 0 6
71.875 0 12
71.875 0 6
75.00000000000001 0 18
71.875 0 18
81.25 0 6
78.125 0 12
78.125 0 6
81.25 0 18
78.125 0 18
87.50000000000001 0 6
84.375 0 12
84.375 0 6
87.50000000000001 0 18
84.375 0 18
93.75 0 6
90.625 0 12
90.625 0 6
93.75 0 18
90.625 0 18
100 0 6
96.875 0 12
96.875 0 6
100 0 18
96.875 0 18
106.25 0 6
103.125 0 12
103.125 0 6
106.25 0 18
103.125 0 18
112.5 0 6
109.375 0 12
109.375 0 6
112.5 0 18
109.375 0 18
118.75 0 6
115.625 0 12
115.625 0 6
118.75 0 18
115.625 0 18
125 0 6
121.875 0 12
121.875 0 6
125 0 18
121.875 0 18
131.25 0 6
128.125 0 12
128.125 0 6
131.25 0 18
128.125 0 18
137.5 0 6
134.375 0 12
134.375 0 6
137.5 0 18
134.375 0 18
143.75 0 6
140.625 0 12
140.625 0 6
143.75 0 18
140.625 0 18
150 0 6
146.875 0 12
146.875 0 6
150 0 18
146.875 0 18
156.25 0 6
153.125 0 12
153.125 0 6
156.25 0 18
153.125 0 18
162.5 0 6
159.375 0 12
159.375 0 6
162.5 0 18
159.375 0 18
168.75 0 6
165.625 0 12
165.625 0 6
168.75 0 18
165.625 0 18
175 0 6
171.875 0 12
171.875 0 6
175 0 18
171.875 0 18
181.25 0 6
178.125 0 12
178.125 0 6
181.25 0 18
178.125 0 18
187.5 0 6
184.375 0 12
184.375 0 6
187.5 0 18
184.375 0 18
193.75 0 6
190.625 0 12
190.625 0 6
193.75 0 18
190.625 0 18
200 0 6
196.875 0 12
196.875 0 6
200 0 18
196.875 0 18
206.25 0 6
203.125 0 12
203.125 0 6
206.25 0 18
203.125 0 18
212.5 0 6
209.375 0 12
209.375 0 6
212.5 0 18
209.375 0 18
218.75 0 6
215.625 0 12
215.625 0 6
218.75 0 18
215.625 0 18
225 0 6
221.875 0 12
221.875 0 6
225 0 18
221.875 0 18
231.25 0 6
228.125 0 12
228.125 0 6
231.25 0 18
228.125 0 18
237.5 0 6
234.375 0 12
234.375 0 6
237.5 0 18
234.375 0 18
243.75 0 6
240.625 0 12
240.625 0 6
243.75 0 18
240.625 0 18
250 0 6
246.875 0 12
246.875 0 6
250 0 18
246.875 0 18
256.2500000000001 0 6
253.125 0 12
253.125 0 6
256.2500000000001 0 18
253.125 0 18
262.5 0 6
259.375 0 12
259.375 0 6
262.5 0 18
259.375 0 18
268.75 0 6
265.625 0 12
265.625 0 6
268.75 0 18
265.625 0 18
275 0 6
271.875 0 12
271.875 0 6
275 0 18
271.875 0 18
281.25 0 6
278.125 0 12
278.125 0 6
281.25 0 18
278.125 0 18
287.5000000000001 0 6
284.375 0 12
284.375 0 6
287.5000000000001 0 18
284.375 0 18
293.75 0 6
290.625 0 12
290.625 0 6
293.75 0 18
290.625 0 18
300.0000000000001 0 6
296.875 0 12
296.875 0 6
300.0000000000001 0 18
296.875 0 18
306.25 0 6
303.125 0 12
303.125 0 6
306.25 0 18
303.125 0 18
312.5 0 6
309.375 0 12
309.375 0 6
312.5 0 18
309.375 0 18
318.7500000000001 0 6
315.625 0 12
315.625 0 6
318.7500000000001 0 18
315.625 0 18
325 0 6
321.875 0 12
321.875 0 6
325 0 18
321.875 0 18
331.2500000000001 0 6
328.125 0 12
328.125 0 6
331.2500000000001 0 18
328.125 0 18
337.5 0 6
334.375 0 12
334.375 0 6
337.5 0 18
334.375 0 18
343.75 0 6
340.625 0 12
340.625 0 6
343.75 0 18
340.625 0 18
350.0000000000001 0 6
346.875 0 12
346.875 0 6
350.0000000000001 0 18
346.875 0 18
356.25 0 6
353.125 0 12
353.125 0 6
356.25 0 18
353.125 0 18
362.5000000000001 0 6
359.375 0 12
359.375 0 6
362.5000000000001 0 18
359.375 0 18
368.75 0 6
365.625 0 12
365.625 0 6
368.75 0 18
365.625 0 18
375 0 6
371.875 0 12
371.875 0 6
375 0 18
371.875 0 18
381.2500000000001 0 6
378.125 0 12
378.125 0 6
381.2500000000001 0 18
378.125 0 18
387.5 0 6
384.375 0 12
384.375 0 6
387.5 0 18
384.375 0 18
393.7500000000001 0 6
390.625 0 12
390.625 0 6
393.7500000000001 0 18
390.625 0 18
400 0 6
396.875 0 12
396.875 0 6
400 0 18
396.875 0 18
406.25 0 6
403.125 0 12
403.125 0 6
406.25 0 18
403.125 0 18
412.5000000000001 0 6
409.375 0 12
409.375 0 6
412.5000000000001 0 18
409.375 0 18
418.75 0 6
415.625 0 12
415.625 0 6
418.75 0 18
415.625 0 18
425.0000000000001 0 6
421.875 0 12
421.875 0 6
425.0000000000001 0 18
421.875 0 18
431.25 0 6
428.125 0 12
428.125 0 6
431.25 0 18
428.125 0 18
437.5 0 6
434.375 0 12
434.375 0 6
437.5 0 18
434.375 0 18
443.7500000000001 0 6
440.625 0 12
440.625 0 6
443.7500000000001 0 18
440.625 0 18
450 0 6
446.875 0 12
446.875 0 6
450 0 18
446.875 0 18
456.2500000000001 0 6
453.125 0 12
453.125 0 6
456.2500000000001 0 18
453.125 0 18
462.5 0 6
459.375 0 12
459.375 0 6
462.5 0 18
459.375 0 18
468.75 0 6
465.625 0 12
465.625 0 6
468.75 0 18
465.625 0 18
475.0000000000001 0 6
471.875 0 12
471.875 0 6
475.0000000000001 0 18
471.875 0 18
481.25 0 6
478.125 0 12
478.125 0 6
481.25 0 18
478.125 0 18
487.5000000000001 0 6
484.375 0 12
484.375 0 6
487.5000000000001 0 18
484.375 0 18
493.75 0 6
490.625 0 12
490.625 0 6
493.75 0 18
490.625 0 18
500 0 6
496.875 0 12
496.875 0 6
500 0 18
496.875 0 18
506.25 0 6
503.125 0 12
503.125 0 6
506.25 0 18
503.125 0 18
512.5000000000001 0 6
509.3750000000001 0 12
509.3750000000001 0 6
512.5000000000001 0 18
509.3750000000001 0 18
518.75 0 6
515.625 0 12
515.625 0 6
518.75 0 18
515.625 0 18
525 0 6
521.875 0 12
521.875 0 6
525 0 18
521.875 0 18
531.25 0 6
528.125 0 12
528.125 0 6
531.25 0 18
528.125 0 18
537.5 0 6
534.375 0 12
534.375 0 6
537.5 0 18
534.375 0 18
543.7500000000001 0 6
540.625 0 12
540.625 0 6
543.7500000000001 0 18
540.625 0 18
550 0 6
546.875 0 12
546.875 0 6
550 0 18
546.875 0 18
556.25 0 6
553.125 0 12
553.125 0 6
556.25 0 18
553.125 0 18
562.5 0 6
559.375 0 12
559.375 0 6
562.5 0 18
559.375 0 18
568.75 0 6
565.625 0 12
565.625 0 6
568.75 0 18
565.625 0 18
575.0000000000001 0 6
571.875 0 12
571.875 0 6
575.0000000000001 0 18
571.875 0 18
581.25 0 6
578.125 0 12
578.125 0 6
581.25 0 18
578.125 0 18
587.5 0 6
584.375 0 12
584.375 0 6
587.5 0 18
584.375 0 18
593.75 0 6
590.625 0 12
590.625 0 6
593.75 0 18
590.625 0 18
600.0000000000001 0 6
596.875 0 12
596.875 0 6
600.0000000000001 0 18
596.875 0 18
606.2500000000001 0 6
603.1250000000001 0 12
603.1250000000001 0 6
606.2500000000001 0 18
603.1250000000001 0 18
612.5 0 6
609.375 0 12
609.375 0 6
612.5 0 18
609.375 0 18
618.75 0 6
615.625 0 12
615.625 0 6
618.75 0 18
615.625 0 18
625 0 6
621.875 0 12
621.875 0 6
625 0 18
621.875 0 18
631.2500000000001 0 6
628.125 0 12
628.125 0 6
631.2500000000001 0 18
628.125 0 18
637.5000000000001 0 6
634.3750000000001 0 12
634.3750000000001 0 6
637.5000000000001 0 18
634.3750000000001 0 18
643.75 0 6
640.625 0 12
640.625 0 6
643.75 0 18
640.625 0 18
650 0 6
646.875 0 12
646.875 0 6
650 0 18
646.875 0 18
656.25 0 6
653.125 0 12
653.125 0 6
656.25 0 18
653.125 0 18
662.5000000000001 0 6
659.375 0 12
659.375 0 6
662.5000000000001 0 18
659.375 0 18
668.7500000000001 0 6
665.6250000000001 0 12
665.6250000000001 0 6
668.7500000000001 0 18
665.6250000000001 0 18
675 0 6
671.875 0 12
671.875 0 6
675 0 18
671.875 0 18
681.25 0 6
678.125 0 12
678.125 0 6
681.25 0 18
678.125 0 18
687.5 0 6
684.375 0 12
684.375 0 6
687.5 0 18
684.375 0 18
693.7500000000001 0 6
690.625 0 12
690.625 0 6
693.7500000000001 0 18
690.625 0 18
700.0000000000001 0 6
696.8750000000001 0 12
696.8750000000001 0 6
700.0000000000001 0 18
696.8750000000001 0 18
706.25 0 6
703.125 0 12
703.125 0 6
706.25 0 18
703.125 0 18
712.5 0 6
709.375 0 12
709.375 0 6
712.5 0 18
709.375 0 18
718.75 0 6
715.625 0 12
715.625 0 6
718.75 0 18
715.625 0 18
725.0000000000001 0 6
721.875 0 12
721.875 0 6
725.0000000000001 0 18
721.875 0 18
731.2500000000001 0 6
728.1250000000001 0 12
728.1250000000001 0 6
731.2500000000001 0 18
728.1250000000001 0 18
737.5 0 6
734.375 0 12
734.375 0 6
737.5 0 18
734.375 0 18
743.75 0 6
740.625 0 12
740.625 0 6
743.75 0 18
740.625 0 18
750 0 6
746.875 0 12
746.875 0 6
750 0 18
746.875 0 18
756.2500000000001 0 6
753.125 0 12
753.125 0 6
756.2500000000001 0 18
753.125 0 18
762.5000000000001 0 6
759.3750000000001 0 12
759.3750000000001 0 6
762.5000000000001 0 18
759.3750000000001 0 18
768.75 0 6
765.625 0 12
765.625 0 6
768.75 0 18
765.625 0 18
775 0 6
771.875 0 12
771.875 0 6
775 0 18
771.875 0 18
781.25 0 6
778.125 0 12
778.125 0 6
781.25 0 18
778.125 0 18
787.5000000000001 0 6
784.375 0 12
784.375 0 6
787.5000000000001 0 18
784.375 0 18
793.7500000000001 0 6
790.6250000000001 0 12
790.6250000000001 0 6
793.7500000000001 0 18
790.6250000000001 0 18
800 0 6
796.875 0 12
796.875 0 6
800 0 18
796.875 0 18
806.25 0 6
803.125 0 12
803.125 0 6
806.25 0 18
803.125 0 18
812.5 0 6
809.375 0 12
809.375 0 6
812.5 0 18
809.375 0 18
818.7500000000001 0 6
815.625 0 12
815.625 0 6
818.7500000000001 0 18
815.625 0 18
825.0000000000001 0 6
821.8750000000001 0 12
821.8750000000001 0 6
825.0000000000001 0 18
821.8750000000001 0 18
831.25 0 6
828.125 0 12
828.125 0 6
831.25 0 18
828.125 0 18
837.5 0 6
834.375 0 12
834.375 0 6
837.5 0 18
834.375 0 18
843.75 0 6
840.625 0 12
840.625 0 6
843.75 0 18
840.625 0 18
850.0000000000001 0 6
846.875 0 12
846.875 0 6
850.0000000000001 0 18
846.875 0 18
856.2500000000001 0 6
853.1250000000001 0 12
853.1250000000001 0 6
856.2500000000001 0 18
853.1250000000001 0 18
862.5 0 6
859.375 0 12
859.375 0 6
862.5 0 18
859.375 0 18
868.75 0 6
865.625 0 12
865.625 0 6
868.75 0 18
865.625 0 18
875 0 6
871.875 0 12
871.875 0 6
875 0 18
871.875 0 18
881.2500000000001 0 6
878.125 0 12
878.125 0 6
881.2500000000001 0 18
878.125 0 18
887.5000000000001 0 6
884.3750000000001 0 12
884.3750000000001 0 6
887.5000000000001 0 18
884.3750000000001 0 18
893.75 0 6
890.625 0 12
890.625 0 6
893.75 0 18
890.625 0 18
900 0 6
896.875 0 12
896.875 0 6
900 0 18
896.875 0 18
906.25 0 6
903.125 0 12
903.125 0 6
906.25 0 18
903.125 0 18
912.5000000000001 0 6
909.375 0 12
909.375 0 6
912.5000000000001 0 18
909.375 0 18
918.7500000000001 0 6
915.6250000000001 0 12
915.6250000000001 0 6
918.7500000000001 0 18
915.6250000000001 0 18
925 0 6
921.875 0 12
921.875 0 6
925 0 18
921.875 0 18
931.25 0 6
928.125 0 12
928.125 0 6
931.25 0 18
928.125 0 18
937.5 0 6
934.375 0 12
934.375 0 6
937.5 0 18
934.375 0 18
943.7500000000001 0 6
940.625 0 12
940.625 0 6
943.7500000000001 0 18
940.625 0 18
950.0000000000001 0 6
946.8750000000001 0 12
946.8750000000001 0 6
950.0000000000001 0 18
946.8750000000001 0 18
956.25 0 6
953.125 0 12
953.125 0 6
956.25 0 18
953.125 0 18
962.5 0 6
959.375 0 12
959.375 0 6
962.5 0 18
959.375 0 18
968.75 0 6
965.625 0 12
965.625 0 6
968.75 0 18
965.625 0 18
975.0000000000001 0 6
971.875 0 12
971.875 0 6
975.0000000000001 0 18
971.875 0 18
981.2500000000001 0 6
978.1250000000001 0 12
978.1250000000001 0 6
981.2500000000001 0 18
978.1250000000001 0 18
987.5 0 6
984.375 0 12
984.375 0 6
987.5 0 18
984.375 0 18
993.75 0 6
990.625 0 12
990.625 0 6
993.75 0 18
990.625 0 18
996.875 0 12
996.875 0 6
996.875 0 18
2 4 0 957
2284
2285
2286
2287
2288
2289
2290
2291
2292
2293
2294
2295
2296
2297
2298
2299
2300
2301
2302
2303
2304
2305
2306
2307
2308
2309
2310
2311
2312
2313
2314
2315
2316
2317
2318
2319
2320
2321
2322
2323
2324
2325
2326
2327
2328
2329
2330
2331
2332
2333
2334
2335
2336
2337
2338
2339
2340
2341
2342
2343
2344
2345
2346
2347
2348
2349
2350
2351
2352
2353
2354
2355
2356
2357
2358
2359
2360
2361
2362
2363
2364
2365
2366
2367
2368
2369
2370
2371
2372
2373
2374
2375
2376
2377
2378
2379
2380
2381
2382
2383
2384
2385
2386
2387
2388
2389
2390
2391
2392
2393
2394
2395
2396
2397
2398
2399
2400
2401
2402
2403
2404
2405
2406
2407
2408
2409
2410
2411
2412
2413
2414
2415
2416
2417
2418
2419
2420
2421
2422
2423
2424
2425
2426
2427
2428
2429
2430
2431
2432
2433
2434
2435
2436
2437
2438
2439
2440
2441
2442
2443
2444
2445
2446
2447
2448
2449
2450
2451
2452
2453
2454
2455
2456
2457
2458
2459
2460
2461
2462
2463
2464
2465
2466
2467
2468
2469
2470
2471
2472
2473
2474
2475
2476
2477
2478
2479
2480
2481
2482
2483
2484
2485
2486
2487
2488
2489
2490
2491
2492
2493
2494
2495
2496
2497
2498
2499
2500
2501
2502
2503
2504
2505
2506
2507
2508
2509
2510
2511
2512
2513
2514
2515
2516
2517
2518
2519
2520
2521
2522
2523
2524
2525
2526
2527
2528
2529
2530
2531
2532
2533
2534
2535
2536
2537
2538
2539
2540
2541
2542
2543
2544
2545
2546
2547
2548
2549
2550
2551
2552
2553
2554
2555
2556
2557
2558
2559
2560
2561
2562
2563
2564
2565
2566
2567
2568
2569
2570
2571
2572
2573
2574
2575
2576
2577
2578
2579
2580
2581
2582
2583
2584
2585
2586
2587
2588
2589
2590
2591
2592
2593
2594
2595
2596
2597
2598
2599
2600
2601
2602
2603
2604
2605
2606
2607
2608
2609
2610
2611
2612
2613
2614
2615
2616
2617
2618
2619
2620
2621
2622
2623
2624
2625
2626
2627
2628
2629
2630
2631
2632
2633
2634
2635
2636
2637
2638
2639
2640
2641
2642
2643
2644
2645
2646
2647
2648
2649
2650
2651
2652
2653
2654
2655
2656
2657
2658
2659
2660
2661
2662
2663
2664
2665
2666
2667
2668
2669
2670
2671
2672
2673
2674
2675
2676
2677
2678
2679
2680
2681
2682
2683
2684
2685
2686
2687
2688
2689
2690
2691
2692
2693
2694
2695
2696
2697
2698
2699
2700
2701
2702
2703
2704
2705
2706
2707
2708
2709
2710
2711
2712
2713
2714
2715
2716
2717
2718
2719
2720
2721
2722
2723
2724
2725
2726
2727
2728
2729
2730
2731
2732
2733
2734
2735
2736
2737
2738
2739
2740
2741
2742
2743
2744
2745
2746
2747
2748
2749
2750
2751
2752
2753
2754
2755
2756
2757
2758
2759
2760
2761
2762
2763
2764
2765
2766
2767
2768
2769
2770
2771
2772
2773
2774
2775
2776
2777
2778
2779
2780
2781
2782
2783
2784
2785
2786
2787
2788
2789
2790
2791
2792
2793
2794
2795
2796
2797
2798
2799
2800
2801
2802
2803
2804
2805
2806
2807
2808
2809
2810
2811
2812
2813
2814
2815
2816
2817
2818
2819
2820
2821
2822
2823
2824
2825
2826
2827
2828
2829
2830
2831
2832
2833
2834
2835
2836
2837
2838
2839
2840
2841
2842
2843
2844
2845
2846
2847
2848
2849
2850
2851
2852
2853
2854
2855
2856
2857
2858
2859
2860
2861
2862
2863
2864
2865
2866
2867
2868
2869
2870
2871
2872
2873
2874
2875
2876
2877
2878
2879
2880
2881
2882
2883
2884
2885
2886
2887
2888
2889
2890
2891
2892
2893
2894
2895
2896
2897
2898
2899
2900
2901
2902
2903
2904
2905
2906
2907
2908
2909
2910
2911
2912
2913
2914
2915
2916
2917
2918
2919
2920
2921
2922
2923
2924
2925
2926
2927
2928
2929
2930
2931
2932
2933
2934
2935
2936
2937
2938
2939
2940
2941
2942
2943
2944
2945
2946
2947
2948
2949
2950
2951
2952
2953
2954
2955
2956
2957
2958
2959
2960
2961
2962
2963
2964
2965
2966
2967
2968
2969
2970
2971
2972
2973
2974
2975
2976
2977
2978
2979
2980
2981
2982
2983
2984
2985
2986
2987
2988
2989
2990
2991
2992
2993
2994
2995
2996
2997
2998
2999
3000
3001
3002
3003
3004
3005
3006
3007
3008
3009
3010
3011
3012
3013
3014
3015
3016
3017
3018
3019
3020
3021
3022
3023
3024
3025
3026
3027
3028
3029
3030
3031
3032
3033
3034
3035
3036
3037
3038
3039
3040
3041
3042
3043
3044
3045
3046
3047
3048
3049
3050
3051
3052
3053
3054
3055
3056
3057
3058
3059
3060
3061
3062
3063
3064
3065
3066
3067
3068
3069
3070
3071
3072
3073
3074
3075
3076
3077
3078
3079
3080
3081
3082
3083
3084
3085
3086
3087
3088
3089
3090
3091
3092
3093
3094
3095
3096
3097
3098
3099
3100
3101
3102
3103
3104
3105
3106
3107
3108
3109
3110
3111
3112
3113
3114
3115
3116
3117
3118
3119
3120
3121
3122
3123
3124
3125
3126
3127
3128
3129
3130
3131
3132
3133
3134
3135
3136
3137
3138
3139
3140
3141
3142
3143
3144
3145
3146
3147
3148
3149
3150
3151
3152
3153
3154
3155
3156
3157
3158
3159
3160
3161
3162
3163
3164
3165
3166
3167
3168
3169
3170
3171
3172
3173
3174
3175
3176
3177
3178
3179
3180
3181
3182
3183
3184
3185
3186
3187
3188
3189
3190
3191
3192
3193
3194
3195
3196
3197
3198
3199
3200
3201
3202
3203
3204
3205
3206
3207
3208
3209
3210
3211
3212
3213
3214
3215
3216
3217
3218
3219
3220
3221
3222
3223
3224
3225
3226
3227
3228
3229
3230
3231
3232
3233
3234
3235
3236
3237
3238
3239
3240
6.25 10 12
12.5 10 12
18.75 10 12
25 10 12
31.25 10 12
37.50000000000001 10 12
43.75000000000001 10 12
50 10 12
56.25 10 12
62.5 10 12
68.75 10 12
75.00000000000001 10 12
81.25 10 12
87.50000000000001 10 12
93.75 10 12
100 10 12
106.25 10 12
112.5 10 12
118.75 10 12
125 10 12
131.25 10 12
137.5 10 12
143.75 10 12
150 10 12
156.25 10 12
162.5 10 12
168.75 10 12
175 10 12
181.25 10 12
187.5 10 12
193.75 10 12
200 10 12
206.25 10 12
212.5 10 12
218.75 10 12
225 10 12
231.25 10 12
237.5 10 12
243.75 10 12
250 10 12
256.2500000000001 10 12
262.5 10 12
268.75 10 12
275 10 12
281.25 10 12
287.5000000000001 10 12
293.75 10 12
300.0000000000001 10 12
306.25 10 12
312.5 10 12
318.7500000000001 10 12
325 10 12
331.2500000000001 10 12
337.5 10 12
343.75 10 12
350.0000000000001 10 12
356.25 10 12
362.5000000000001 10 12
368.75 10 12
375 10 12
381.2500000000001 10 12
387.5 10 12
393.7500000000001 10 12
400 10 12
406.25 10 12
412.5000000000001 10 12
418.75 10 12
425.0000000000001 10 12
431.25 10 12
437.5 10 12
443.7500000000001 10 12
450 10 12
456.2500000000001 10 12
462.5 10 12
468.75 10 12
475.0000000000001 10 12
481.25 10 12
487.5000000000001 10 12
493.75 10 12
500 10 12
506.25 10 12
512.5000000000001 10 12
518.75 10 12
525 10 12
531.25 10 12
537.5 10 12
543.7500000000001 10 12
550 10 12
556.25 10 12
562.5 10 12
568.75 10 12
575.0000000000001 10 12
581.25 10 12
587.5 10 12
593.75 10 12
600.0000000000001 10 12
606.2500000000001 10 12
612.5 10 12
618.75 10 12
625 10 12
631.2500000000001 10 12
637.5000000000001 10 12
643.75 10 12
650 10 12
656.25 10 12
662.5000000000001 10 12
668.7500000000001 10 12
675 10 12
681.25 10 12
687.5 10 12
693.7500000000001 10 12
700.0000000000001 10 12
706.25 10 12
712.5 10 12
718.75 10 12
725.0000000000001 10 12
731.2500000000001 10 12
737.5 10 12
743.75 10 12
750 10 12
756.2500000000001 10 12
762.5000000000001 10 12
768.75 10 12
775 10 12
781.25 10 12
787.5000000000001 10 12
793.7500000000001 10 12
800 10 12
806.25 10 12
812.5 10 12
818.7500000000001 10 12
825.0000000000001 10 12
831.25 10 12
837.5 10 12
843.75 10 12
850.0000000000001 10 12
856.2500000000001 10 12
862.5 10 12
868.75 10 12
875 10 12
881.2500000000001 10 12
887.5000000000001 10 12
893.75 10 12
900 10 12
906.25 10 12
912.5000000000001 10 12
918.7500000000001 10 12
925 10 12
931.25 10 12
937.5 10 12
943.7500000000001 10 12
950.0000000000001 10 12
956.25 10 12
962.5 10 12
968.75 10 12
975.0000000000001 10 12
981.2500000000001 10 12
987.5 10 12
993.75 10 12
3.125 10 12
6.25 10 6
3.125 10 6
6.25 10 18
3.125 10 18
9.375 10 12
12.5 10 6
9.375 10 6
12.5 10 18
9.375 10 18
15.625 10 12
18.75 10 6
15.625 10 6
18.75 10 18
15.625 10 18
21.875 10 12
25 10 6
21.875 10 6
25 10 18
21.875 10 18
28.125 10 12
31.25 10 6
28.125 10 6
31.25 10 18
28.125 10 18
34.375 10 12
37.50000000000001 10 6
34.375 10 6
37.50000000000001 10 18
34.375 10 18
40.62500000000001 10 12
43.75000000000001 10 6
40.62500000000001 10 6
43.75000000000001 10 18
40.62500000000001 10 18
46.875 10 12
50 10 6
46.875 10 6
50 10 18
46.875 10 18
53.125 10 12
56.25 10 6
53.125 10 6
56.25 10 18
53.125 10 18
59.375 10 12
62.5 10 6
59.375 10 6
62.5 10 18
59.375 10 18
65.625 10 12
68.75 10 6
65.625 10 6
68.75 10 18
65.625 10 18
71.875 10 12
75.00000000000001 10 6
71.875 10 6
75.00000000000001 10 18
71.875 10 18
78.125 10 12
81.25 10 6
78.125 10 6
81.25 10 18
78.125 10 18
84.375 10 12
87.50000000000001 10 6
84.375 10 6
87.50000000000001 10 18
84.375 10 18
90.625 10 12
93.75 10 6
90.625 10 6
93.75 10 18
90.625 10 18
96.875 10 12
100 10 6
96.875 10 6
100 10 18
96.875 10 18
103.125 10 12
106.25 10 6
103.125 10 6
106.25 10 18
103.125 10 18
109.375 10 12
112.5 10 6
109.375 10 6
112.5 10 18
109.375 10 18
115.625 10 12
118.75 10 6
115.625 10 6
118.75 10 18
115.625 10 18
121.875 10 12
125 10 6
121.875 10 6
125 10 18
121.875 10 18
128.125 10 12
131.25 10 6
128.125 10 6
131.25 10 18
128.125 10 18
134.375 10 12
137.5 10 6
134.375 10 6
137.5 10 18
134.375 10 18
140.625 10 12
143.75 10 6
140.625 10 6
143.75 10 18
140.625 10 18
146.875 10 12
150 10 6
146.875 10 6
150 10 18
146.875 10 18
153.125 10 12
156.25 10 6
153.125 10 6
156.25 10 18
153.125 10 18
159.375 10 12
162.5 10 6
159.375 10 6
162.5 10 18
159.375 10 18
165.625 10 12
168.75 10 6
165.625 10 6
168.75 10 18
165.625 10 18
171.875 10 12
175 10 6
171.875 10 6
175 10 18
171.875 10 18
178.125 10 12
181.25 10 6
178.125 10 6
181.25 10 18
178.125 10 18
184.375 10 12
187.5 10 6
184.375 10 6
187.5 10 18
184.375 10 18
190.625 10 12
193.75 10 6
190.625 10 6
193.75 10 18
190.625 10 18
196.875 10 12
200 10 6
196.875 10 6
200 10 18
196.875 10 18
203.125 10 12
206.25 10 6
203.125 10 6
206.25 10 18
203.125 10 18
209.375 10 12
212.5 10 6
209.375 10 6
212.5 10 18
209.375 10 18
215.625 10 12
218.75 10 6
215.625 10 6
218.75 10 18
215.625 10 18
221.875 10 12
225 10 6
221.875 10 6
225 10 18
221.875 10 18
228.125 10 12
231.25 10 6
228.125 10 6
231.25 10 18
228.125 10 18
234.375 10 12
237.5 10 6
234.375 10 6
237.5 10 18
234.375 10 18
240.625 10 12
243.75 10 6
240.625 10 6
243.75 10 18
240.625 10 18
246.875 10 12
250 10 6
246.875 10 6
250 10 18
246.875 10 18
253.125 10 12
256.2500000000001 10 6
253.1250000000001 10 6
256.2500000000001 10 18
253.1250000000001 10 18
259.375 10 12
262.5 10 6
259.375 10 6
262.5 10 18
259.375 10 18
265.625 10 12
268.75 10 6
265.625 10 6
268.75 10 18
265.625 10 18
271.875 10 12
275 10 6
271.875 10 6
275 10 18
271.875 10 18
278.125 10 12
281.25 10 6
278.125 10 6
281.25 10 18
278.125 10 18
284.375 10 12
287.5000000000001 10 6
284.375 10 6
287.5000000000001 10 18
284.375 10 18
290.625 10 12
293.75 10 6
290.625 10 6
293.75 10 18
290.625 10 18
296.875 10 12
300.0000000000001 10 6
296.875 10 6
300.0000000000001 10 18
296.875 10 18
303.125 10 12
306.25 10 6
303.125 10 6
306.25 10 18
303.125 10 18
309.375 10 12
312.5 10 6
309.375 10 6
312.5 10 18
309.375 10 18
315.625 10 12
318.7500000000001 10 6
315.625 10 6
318.7500000000001 10 18
315.625 10 18
321.875 10 12
325 10 6
321.875 10 6
325 10 18
321.875 10 18
328.125 10 12
331.2500000000001 10 6
328.125 10 6
331.2500000000001 10 18
328.125 10 18
334.375 10 12
337.5 10 6
334.375 10 6
337.5 10 18
334.375 10 18
340.625 10 12
343.75 10 6
340.625 10 6
343.75 10 18
340.625 10 18
346.875 10 12
350.0000000000001 10 6
346.875 10 6
350.0000000000001 10 18
346.875 10 18
353.125 10 12
356.25 10 6
353.125 10 6
356.25 10 18
353.125 10 18
359.375 10 12
362.5000000000001 10 6
359.375 10 6
362.5000000000001 10 18
359.375 10 18
365.625 10 12
368.75 10 6
365.625 10 6
368.75 10 18
365.625 10 18
371.875 10 12
375 10 6
371.875 10 6
375 10 18
371.875 10 18
378.125 10 12
381.2500000000001 10 6
378.125 10 6
381.2500000000001 10 18
378.125 10 18
384.375 10 12
387.5 10 6
384.375 10 6
387.5 10 18
384.375 10 18
390.625 10 12
393.7500000000001 10 6
390.625 10 6
393.7500000000001 10 18
390.625 10 18
396.875 10 12
400 10 6
396.875 10 6
400 10 18
396.875 10 18
403.125 10 12
406.25 10 6
403.125 10 6
406.25 10 18
403.125 10 18
409.375 10 12
412.5000000000001 10 6
409.375 10 6
412.5000000000001 10 18
409.375 10 18
415.625 10 12
418.75 10 6
415.625 10 6
418.75 10 18
415.625 10 18
421.875 10 12
425.0000000000001 10 6
421.875 10 6
425.0000000000001 10 18
421.875 10 18
428.125 10 12
431.25 10 6
428.125 10 6
431.25 10 18
428.125 10 18
434.375 10 12
437.5 10 6
434.375 10 6
437.5 10 18
434.375 10 18
440.625 10 12
443.7500000000001 10 6
440.625 10 6
443.7500000000001 10 18
440.625 10 18
446.875 10 12
450 10 6
446.875 10 6
450 10 18
446.875 10 18
453.125 10 12
456.2500000000001 10 6
453.125 10 6
456.2500000000001 10 18
453.125 10 18
459.375 10 12
462.5 10 6
459.375 10 6
462.5 10 18
459.375 10 18
465.625 10 12
468.75 10 6
465.625 10 6
468.75 10 18
465.625 10 18
471.875 10 12
475.0000000000001 10 6
471.875 10 6
475.0000000000001 10 18
471.875 10 18
478.125 10 12
481.25 10 6
478.125 10 6
481.25 10 18
478.125 10 18
484.375 10 12
487.5000000000001 10 6
484.375 10 6
487.5000000000001 10 18
484.375 10 18
490.625 10 12
493.75 10 6
490.625 10 6
493.75 10 18
490.625 10 18
496.875 10 12
500 10 6
496.875 10 6
500 10 18
496.875 10 18
503.125 10 12
506.25 10 6
503.125 10 6
506.25 10 18
503.125 10 18
509.3750000000001 10 12
512.5000000000001 10 6
509.3750000000001 10 6
512.5000000000001 10 18
509.3750000000001 10 18
515.625 10 12
518.75 10 6
515.625 10 6
518.75 10 18
515.625 10 18
521.875 10 12
525 10 6
521.875 10 6
525 10 18
521.875 10 18
528.125 10 12
531.25 10 6
528.125 10 6
531.25 10 18
528.125 10 18
534.375 10 12
537.5 10 6
534.375 10 6
537.5 10 18
534.375 10 18
540.625 10 12
543.7500000000001 10 6
540.625 10 6
543.7500000000001 10 18
540.625 10 18
546.875 10 12
550 10 6
546.875 10 6
550 10 18
546.875 10 18
553.125 10 12
556.25 10 6
553.125 10 6
556.25 10 18
553.125 10 18
559.375 10 12
562.5 10 6
559.375 10 6
562.5 10 18
559.375 10 18
565.625 10 12
568.75 10 6
565.625 10 6
568.75 10 18
565.625 10 18
571.875 10 12
575.0000000000001 10 6
571.875 10 6
575.0000000000001 10 18
571.875 10 18
578.125 10 12
581.25 10 6
578.125 10 6
581.25 10 18
578.125 10 18
584.375 10 12
587.5 10 6
584.375 10 6
587.5 10 18
584.375 10 18
590.625 10 12
593.75 10 6
590.625 10 6
593.75 10 18
590.625 10 18
596.875 10 12
600.0000000000001 10 6
596.875 10 6
600.0000000000001 10 18
596.875 10 18
603.1250000000001 10 12
606.2500000000001 10 6
603.1250000000001 10 6
606.2500000000001 10 18
603.1250000000001 10 18
609.375 10 12
612.5 10 6
609.375 10 6
612.5 10 18
609.375 10 18
615.625 10 12
618.75 10 6
615.625 10 6
618.75 10 18
615.625 10 18
621.875 10 12
625 10 6
621.875 10 6
625 10 18
621.875 10 18
628.125 10 12
631.2500000000001 10 6
628.125 10 6
631.2500000000001 10 18
628.125 10 18
634.3750000000001 10 12
637.5000000000001 10 6
634.3750000000001 10 6
637.5000000000001 10 18
634.3750000000001 10 18
640.625 10 12
643.75 10 6
640.625 10 6
643.75 10 18
640.625 10 18
646.875 10 12
650 10 6
646.875 10 6
650 10 18
646.875 10 18
653.125 10 12
656.25 10 6
653.125 10 6
656.25 10 18
653.125 10 18
659.375 10 12
662.5000000000001 10 6
659.375 10 6
662.5000000000001 10 18
659.375 10 18
665.6250000000001 10 12
668.7500000000001 10 6
665.6250000000001 10 6
668.7500000000001 10 18
665.6250000000001 10 18
671.875 10 12
675 10 6
671.875 10 6
675 10 18
671.875 10 18
678.125 10 12
681.25 10 6
678.125 10 6
681.25 10 18
678.125 10 18
684.375 10 12
687.5 10 6
684.375 10 6
687.5 10 18
684.375 10 18
690.625 10 12
693.7500000000001 10 6
690.625 10 6
693.7500000000001 10 18
690.625 10 18
696.8750000000001 10 12
700.0000000000001 10 6
696.8750000000001 10 6
700.0000000000001 10 18
696.8750000000001 10 18
703.125 10 12
706.25 10 6
703.125 10 6
706.25 10 18
703.125 10 18
709.375 10 12
712.5 10 6
709.375 10 6
712.5 10 18
709.375 10 18
715.625 10 12
718.75 10 6
715.625 10 6
718.75 10 18
715.625 10 18
721.875 10 12
725.0000000000001 10 6
721.875 10 6
725.0000000000001 10 18
721.875 10 18
728.1250000000001 10 12
731.2500000000001 10 6
728.1250000000001 10 6
731.2500000000001 10 18
728.1250000000001 10 18
734.375 10 12
737.5 10 6
734.375 10 6
737.5 10 18
734.375 10 18
740.625 10 12
743.75 10 6
740.625 10 6
743.75 10 18
740.625 10 18
746.875 10 12
750 10 6
746.875 10 6
750 10 18
746.875 10 18
753.125 10 12
756.2500000000001 10 6
753.125 10 6
756.2500000000001 10 18
753.125 10 18
759.3750000000001 10 12
762.5000000000001 10 6
759.3750000000001 10 6
762.5000000000001 10 18
759.3750000000001 10 18
765.625 10 12
768.75 10 6
765.625 10 6
768.75 10 18
765.625 10 18
771.875 10 12
775 10 6
771.875 10 6
775 10 18
771.875 10 18
778.125 10 12
781.25 10 6
778.125 10 6
781.25 10 18
778.125 10 18
784.375 10 12
787.5000000000001 10 6
784.375 10 6
787.5000000000001 10 18
784.375 10 18
790.6250000000001 10 12
793.7500000000001 10 6
790.6250000000001 10 6
793.7500000000001 10 18
790.6250000000001 10 18
796.875 10 12
800 10 6
796.875 10 6
800 10 18
796.875 10 18
803.125 10 12
806.25 10 6
803.125 10 6
806.25 10 18
803.125 10 18
809.375 10 12
812.5 10 6
809.375 10 6
812.5 10 18
809.375 10 18
815.625 10 12
818.7500000000001 10 6
815.625 10 6
818.7500000000001 10 18
815.625 10 18
821.8750000000001 10 12
825.0000000000001 10 6
821.8750000000001 10 6
825.0000000000001 10 18
821.8750000000001 10 18
828.125 10 12
831.25 10 6
828.125 10 6
831.25 10 18
828.125 10 18
834.375 10 12
837.5 10 6
834.375 10 6
837.5 10 18
834.375 10 18
840.625 10 12
843.75 10 6
840.625 10 6
843.75 10 18
840.625 10 18
846.875 10 12
850.0000000000001 10 6
846.875 10 6
850.0000000000001 10 18
846.875 10 18
853.1250000000001 10 12
856.2500000000001 10 6
853.1250000000001 10 6
856.2500000000001 10 18
853.1250000000001 10 18
859.375 10 12
862.5 10 6
859.375 10 6
862.5 10 18
859.375 10 18
865.625 10 12
868.75 10 6
865.625 10 6
868.75 10 18
865.625 10 18
871.875 10 12
875 10 6
871.875 10 6
875 10 18
871.875 10 18
878.125 10 12
881.2500000000001 10 6
878.125 10 6
881.2500000000001 10 18
878.125 10 18
884.3750000000001 10 12
887.5000000000001 10 6
884.3750000000001 10 6
887.5000000000001 10 18
884.3750000000001 10 18
890.625 10 12
893.75 10 6
890.625 10 6
893.75 10 18
890.625 10 18
896.875 10 12
900 10 6
896.875 10 6
900 10 18
896.875 10 18
903.125 10 12
906.25 10 6
903.125 10 6
906.25 10 18
903.125 10 18
909.375 10 12
912.5000000000001 10 6
909.375 10 6
912.5000000000001 10 18
909.375 10 18
915.6250000000001 10 12
918.7500000000001 10 6
915.6250000000001 10 6
918.7500000000001 10 18
915.6250000000001 10 18
921.875 10 12
925 10 6
921.875 10 6
925 10 18
921.875 10 18
928.125 10 12
931.25 10 6
928.125 10 6
931.25 10 18
928.125 10 18
934.375 10 12
937.5 10 6
934.375 10 6
937.5 10 18
934.375 10 18
940.625 10 12
943.7500000000001 10 6
940.625 10 6
943.7500000000001 10 18
940.625 10 18
946.8750000000001 10 12
950.0000000000001 10 6
946.8750000000001 10 6
950.0000000000001 10 18
946.8750000000001 10 18
953.125 10 12
956.25 10 6
953.125 10 6
956.25 10 18
953.125 10 18
959.375 10 12
962.5 10 6
959.375 10 6
962.5 10 18
959.375 10 18
965.625 10 12
968.75 10 6
965.625 10 6
968.75 10 18
965.625 10 18
971.875 10 12
975.0000000000001 10 6
971.875 10 6
975.0000000000001 10 18
971.875 10 18
978.1250000000001 10 12
981.2500000000001 10 6
978.1250000000001 10 6
981.2500000000001 10 18
978.1250000000001 10 18
984.375 10 12
987.5 10 6
984.375 10 6
987.5 10 18
984.375 10 18
990.625 10 12
993.75 10 6
990.625 10 6
993.75 10 18
990.625 10 18
996.875 10 12
996.875 10 6
996.875 10 18
2 5 0 957
3241
3242
3243
3244
3245
3246
3247
3248
3249
3250
3251
3252
3253
3254
3255
3256
3257
3258
3259
3260
3261
3262
3263
3264
3265
3266
3267
3268
3269
3270
3271
3272
3273
3274
3275
3276
3277
3278
3279
3280
3281
3282
3283
3284
3285
3286
3287
3288
3289
3290
3291
3292
3293
3294
3295
3296
3297
3298
3299
3300
3301
3302
3303
3304
3305
3306
3307
3308
3309
3310
3311
3312
3313
3314
3315
3316
3317
3318
3319
3320
3321
3322
3323
3324
3325
3326
3327
3328
3329
3330
3331
3332
3333
3334
3335
3336
3337
3338
3339
3340
3341
3342
3343
3344
3345
3346
3347
3348
3349
3350
3351
3352
3353
3354
3355
3356
3357
3358
3359
3360
3361
3362
3363
3364
3365
3366
3367
3368
3369
3370
3371
3372
3373
3374
3375
3376
3377
3378
3379
3380
3381
3382
3383
3384
3385
3386
3387
3388
3389
3390
3391
3392
3393
3394
3395
3396
3397
3398
3399
3400
3401
3402
3403
3404
3405
3406
3407
3408
3409
3410
3411
3412
3413
3414
3415
3416
3417
3418
3419
3420
3421
3422
3423
3424
3425
3426
3427
3428
3429
3430
3431
3432
3433
3434
3435
3436
3437
3438
3439
3440
3441
3442
3443
3444
3445
3446
3447
3448
3449
3450
3451
3452
3453
3454
3455
3456
3457
3458
3459
3460
3461
3462
3463
3464
3465
3466
3467
3468
3469
3470
3471
3472
3473
3474
3475
3476
3477
3478
3479
3480
3481
3482
3483
3484
3485
3486
3487
3488
3489
3490
3491
3492
3493
3494
3495
3496
3497
3498
3499
3500
3501
3502
3503
3504
3505
3506
3507
3508
3509
3510
3511
3512
3513
3514
3515
3516
3517
3518
3519
3520
3521
3522
3523
3524
3525
3526
3527
3528
3529
3530
3531
3532
3533
3534
3535
3536
3537
3538
3539
3540
3541
3542
3543
3544
3545
3546
3547
3548
3549
3550
3551
3552
3553
3554
3555
3556
3557
3558
3559
3560
3561
3562
3563
3564
3565
3566
3567
3568
3569
3570
3571
3572
3573
3574
3575
3576
3577
3578
3579
3580
3581
3582
3583
3584
3585
3586
3587
3588
3589
3590
3591
3592
3593
3594
3595
3596
3597
3598
3599
3600
3601
3602
3603
3604
3605
3606
3607
3608
3609
3610
3611
3612
3613
3614
3615
3616
3617
3618
3619
3620
3621
3622
3623
3624
3625
3626
3627
3628
3629
3630
3631
3632
3633
3634
3635
3636
3637
3638
3639
3640
3641
3642
3643
3644
3645
3646
3647
3648
3649
3650
3651
3652
3653
3654
3655
3656
3657
3658
3659
3660
3661
3662
3663
3664
3665
3666
3667
3668
3669
3670
3671
3672
3673
3674
3675
3676
3677
3678
3679
3680
3681
3682
3683
3684
3685
3686
3687
3688
3689
3690
3691
3692
3693
3694
3695
3696
3697
3698
3699
3700
3701
3702
3703
3704
3705
3706
3707
3708
3709
3710
3711
3712
3713
3714
3715
3716
3717
3718
3719
3720
3721
3722
3723
3724
3725
3726
3727
3728
3729
3730
3731
3732
3733
3734
3735
3736
3737
3738
3739
3740
3741
3742
3743
3744
3745
3746
3747
3748
3749
3750
3751
3752
3753
3754
3755
3756
3757
3758
3759
3760
3761
3762
3763
3764
3765
3766
3767
3768
3769
3770
3771
3772
3773
3774
3775
3776
3777
3778
3779
3780
3781
3782
3783
3784
3785
3786
3787
3788
3789
3790
3791
3792
3793
3794
3795
3796
3797
3798
3799
3800
3801
3802
3803
3804
3805
3806
3807
3808
3809
3810
3811
3812
3813
3814
3815
3816
3817
3818
3819
3820
3821
3822
3823
3824
3825
3826
3827
3828
3829
3830
3831
3832
3833
3834
3835
3836
3837
3838
3839
3840
3841
3842
3843
3844
3845
3846
3847
3848
3849
3850
3851
3852
3853
3854
3855
3856
3857
3858
3859
3860
3861
3862
3863
3864
3865
3866
3867
3868
3869
3870
3871
3872
3873
3874
3875
3876
3877
3878
3879
3880
3881
3882
3883
3884
3885
3886
3887
3888
3889
3890
3891
3892
3893
3894
3895
3896
3897
3898
3899
3900
3901
3902
3903
3904
3905
3906
3907
3908
3909
3910
3911
3912
3913
3914
3915
3916
3917
3918
3919
3920
3921
3922
3923
3924
3925
3926
3927
3928
3929
3930
3931
3932
3933
3934
3935
3936
3937
3938
3939
3940
3941
3942
3943
3944
3945
3946
3947
3948
3949
3950
3951
3952
3953
3954
3955
3956
3957
3958
3959
3960
3961
3962
3963
3964
3965
3966
3967
3968
3969
3970
3971
3972
3973
3974
3975
3976
3977
3978
3979
3980
3981
3982
3983
3984
3985
3986
3987
3988
3989
3990
3991
3992
3993
3994
3995
3996
3997
3998
3999
4000
4001
4002
4003
4004
4005
4006
4007
4008
4009
4010
4011
4012
4013
4014
4015
4016
4017
4018
4019
4020
4021
4022
4023
4024
4025
4026
4027
4028
4029
4030
4031
4032
4033
4034
4035
4036
4037
4038
4039
4040
4041
4042
4043
4044
4045
4046
4047
4048
4049
4050
4051
4052
4053
4054
4055
4056
4057
4058
4059
4060
4061
4062
4063
4064
4065
4066
4067
4068
4069
4070
4071
4072
4073
4074
4075
4076
4077
4078
4079
4080
4081
4082
4083
4084
4085
4086
4087
4088
4089
4090
4091
4092
4093
4094
4095
4096
4097
4098
4099
4100
4101
4102
4103
4104
4105
4106
4107
4108
4109
4110
4111
4112
4113
4114
4115
4116
4117
4118
4119
4120
4121
4122
4123
4124
4125
4126
4127
4128
4129
4130
4131
4132
4133
4134
4135
4136
4137
4138
4139
4140
4141
4142
4143
4144
4145
4146
4147
4148
4149
4150
4151
4152
4153
4154
4155
4156
4157
4158
4159
4160
4161
4162
4163
4164
4165
4166
4167
4168
4169
4170
4171
4172
4173
4174
4175
4176
4177
4178
4179
4180
4181
4182
4183
4184
4185
4186
4187
4188
4189
4190
4191
4192
4193
4194
4195
4196
4197
6.25 5 0
12.5 5 0
18.75 5 0
25 5 0
31.25 5 0
37.50000000000001 5 0
43.75000000000001 5 0
50 5 0
56.25 5 0
62.5 5 0
68.75 5 0
75.00000000000001 5 0
81.25 5 0
87.50000000000001 5 0
93.75 5 0
100 5 0
106.25 5 0
112.5 5 0
118.75 5 0
125 5 0
131.25 5 0
137.5 5 0
143.75 5 0
150 5 0
156.25 5 0
162.5 5 0
168.75 5 0
175 5 0
181.25 5 0
187.5 5 0
193.75 5 0
200 5 0
206.25 5 0
212.5 5 0
218.75 5 0
225 5 0
231.25 5 0
237.5 5 0
243.75 5 0
250 5 0
256.2500000000001 5 0
262.5 5 0
268.75 5 0
275 5 0
281.25 5 0
287.5000000000001 5 0
293.75 5 0
300.0000000000001 5 0
306.25 5 0
312.5 5 0
318.7500000000001 5 0
325 5 0
331.2500000000001 5 0
337.5 5 0
343.75 5 0
350.0000000000001 5 0
356.25 5 0
362.5000000000001 5 0
368.75 5 0
375 5 0
381.2500000000001 5 0
387.5 5 0
393.7500000000001 5 0
400 5 0
406.25 5 0
412.5000000000001 5 0
418.75 5 0
425.0000000000001 5 0
431.25 5 0
437.5 5 0
443.7500000000001 5 0
450 5 0
456.2500000000001 5 0
462.5 5 0
468.75 5 0
475.0000000000001 5 0
481.25 5 0
487.5000000000001 5 0
493.75 5 0
500 5 0
506.25 5 0
512.5000000000001 5 0
518.75 5 0
525 5 0
531.25 5 0
537.5 5 0
543.7500000000001 5 0
550 5 0
556.25 5 0
562.5 5 0
568.75 5 0
575.0000000000001 5 0
581.25 5 0
587.5 5 0
593.75 5 0
600.0000000000001 5 0
606.2500000000001 5 0
612.5 5 0
618.75 5 0
625 5 0
631.2500000000001 5 0
637.5000000000001 5 0
643.75 5 0
650 5 0
656.25 5 0
662.5000000000001 5 0
668.7500000000001 5 0
675 5 0
681.25 5 0
687.5 5 0
693.7500000000001 5 0
700.0000000000001 5 0
706.25 5 0
712.5 5 0
718.75 5 0
725.0000000000001 5 0
731.2500000000001 5 0
737.5 5 0
743.75 5 0
750 5 0
756.2500000000001 5 0
762.5000000000001 5 0
768.75 5 0
775 5 0
781.25 5 0
787.5000000000001 5 0
793.7500000000001 5 0
800 5 0
806.25 5 0
812.5 5 0
818.7500000000001 5 0
825.0000000000001 5 0
831.25 5 0
837.5 5 0
843.75 5 0
850.0000000000001 5 0
856.2500000000001 5 0
862.5 5 0
868.75 5 0
875 5 0
881.2500000000001 5 0
887.5000000000001 5 0
893.75 5 0
900 5 0
906.25 5 0
912.5000000000001 5 0
918.7500000000001 5 0
925 5 0
931.25 5 0
937.5 5 0
943.7500000000001 5 0
950.0000000000001 5 0
956.25 5 0
962.5 5 0
968.75 5 0
975.0000000000001 5 0
981.2500000000001 5 0
987.5 5 0
993.75 5 0
3.125 5 0
6.25 2.5 0
3.125 2.5 0
9.375 5 0
12.5 2.5 0
9.375 2.5 0
15.625 5 0
18.75 2.5 0
15.625 2.5 0
21.875 5 0
25 2.5 0
21.875 2.5 0
28.125 5 0
31.25 2.5 0
28.125 2.5 0
34.375 5 0
37.50000000000001 2.5 0
34.375 2.5 0
40.62500000000001 5 0
43.75000000000001 2.5 0
40.62500000000001 2.5 0
46.875 5 0
50 2.5 0
46.875 2.5 0
53.125 5 0
56.25 2.5 0
53.125 2.5 0
59.375 5 0
62.5 2.5 0
59.375 2.5 0
65.625 5 0
68.75 2.5 0
65.625 2.5 0
71.875 5 0
75.00000000000001 2.5 0
71.875 2.5 0
78.125 5 0
81.25 2.5 0
78.125 2.5 0
84.375 5 0
87.50000000000001 2.5 0
84.375 2.5 0
90.625 5 0
93.75 2.5 0
90.625 2.5 0
96.875 5 0
100 2.5 0
96.875 2.5 0
103.125 5 0
106.25 2.5 0
103.125 2.5 0
109.375 5 0
112.5 2.5 0
109.375 2.5 0
115.625 5 0
118.75 2.5 0
115.625 2.5 0
121.875 5 0
125 2.5 0
121.875 2.5 0
128.125 5 0
131.25 2.5 0
128.125 2.5 0
134.375 5 0
137.5 2.5 0
134.375 2.5 0
140.625 5 0
143.75 2.5 0
140.625 2.5 0
146.875 5 0
150 2.5 0
146.875 2.5 0
153.125 5 0
156.25 2.5 0
153.125 2.5 0
159.375 5 0
162.5 2.5 0
159.375 2.5 0
165.625 5 0
168.75 2.5 0
165.625 2.5 0
171.875 5 0
175 2.5 0
171.875 2.5 0
178.125 5 0
181.25 2.5 0
178.125 2.5 0
184.375 5 0
187.5 2.5 0
184.375 2.5 0
190.625 5 0
193.75 2.5 0
190.625 2.5 0
196.875 5 0
200 2.5 0
196.875 2.5 0
203.125 5 0
206.25 2.5 0
203.125 2.5 0
209.375 5 0
212.5 2.5 0
209.375 2.5 0
215.625 5 0
218.75 2.5 0
215.625 2.5 0
221.875 5 0
225 2.5 0
221.875 2.5 0
228.125 5 0
231.25 2.5 0
228.125 2.5 0
234.375 5 0
237.5 2.5 0
234.375 2.5 0
240.625 5 0
243.75 2.5 0
240.625 2.5 0
246.875 5 0
250 2.5 0
246.875 2.5 0
253.125 5 0
256.2500000000001 2.5 0
253.1250000000001 2.5 0
259.375 5 0
262.5 2.5 0
259.375 2.5 0
265.625 5 0
268.75 2.5 0
265.625 2.5 0
271.875 5 0
275 2.5 0
271.875 2.5 0
278.125 5 0
281.25 2.5 0
278.125 2.5 0
284.375 5 0
287.5000000000001 2.5 0
284.375 2.5 0
290.625 5 0
293.75 2.5 0
290.625 2.5 0
296.875 5 0
300.0000000000001 2.5 0
296.875 2.5 0
303.125 5 0
306.25 2.5 0
303.125 2.5 0
309.375 5 0
312.5 2.5 0
309.375 2.5 0
315.625 5 0
318.7500000000001 2.5 0
315.625 2.5 0
321.875 5 0
325 2.5 0
321.875 2.5 0
328.125 5 0
331.2500000000001 2.5 0
328.125 2.5 0
334.375 5 0
337.5 2.5 0
334.375 2.5 0
340.625 5 0
343.75 2.5 0
340.625 2.5 0
346.875 5 0
350.0000000000001 2.5 0
346.875 2.5 0
353.125 5 0
356.25 2.5 0
353.125 2.5 0
359.375 5 0
362.5000000000001 2.5 0
359.375 2.5 0
365.625 5 0
368.75 2.5 0
365.625 2.5 0
371.875 5 0
375 2.5 0
371.875 2.5 0
378.125 5 0
381.2500000000001 2.5 0
378.125 2.5 0
384.375 5 0
387.5 2.5 0
384.375 2.5 0
390.625 5 0
393.7500000000001 2.5 0
390.625 2.5 0
396.875 5 0
400 2.5 0
396.875 2.5 0
403.125 5 0
406.25 2.5 0
403.125 2.5 0
409.375 5 0
412.5000000000001 2.5 0
409.375 2.5 0
415.625 5 0
418.75 2.5 0
415.625 2.5 0
421.875 5 0
425.0000000000001 2.5 0
421.875 2.5 0
428.125 5 0
431.25 2.5 0
428.125 2.5 0
434.375 5 0
437.5 2.5 0
434.375 2.5 0
440.625 5 0
443.7500000000001 2.5 0
440.625 2.5 0
446.875 5 0
450 2.5 0
446.875 2.5 0
453.125 5 0
456.2500000000001 2.5 0
453.125 2.5 0
459.375 5 0
462.5 2.5 0
459.375 2.5 0
465.625 5 0
468.75 2.5 0
465.625 2.5 0
471.875 5 0
475.0000000000001 2.5 0
471.875 2.5 0
478.125 5 0
481.25 2.5 0
478.125 2.5 0
484.375 5 0
487.5000000000001 2.5 0
484.375 2.5 0
490.625 5 0
493.75 2.5 0
490.625 2.5 0
496.875 5 0
500 2.5 0
496.875 2.5 0
503.125 5 0
506.25 2.5 0
503.125 2.5 0
509.3750000000001 5 0
512.5000000000001 2.5 0
509.3750000000001 2.5 0
515.625 5 0
518.75 2.5 0
515.625 2.5 0
521.875 5 0
525 2.5 0
521.875 2.5 0
528.125 5 0
531.25 2.5 0
528.125 2.5 0
534.375 5 0
537.5 2.5 0
534.375 2.5 0
540.625 5 0
543.7500000000001 2.5 0
540.625 2.5 0
546.875 5 0
550 2.5 0
546.875 2.5 0
553.125 5 0
556.25 2.5 0
553.125 2.5 0
559.375 5 0
562.5 2.5 0
559.375 2.5 0
565.625 5 0
568.75 2.5 0
565.625 2.5 0
571.875 5 0
575.0000000000001 2.5 0
571.875 2.5 0
578.125 5 0
581.25 2.5 0
578.125 2.5 0
584.375 5 0
587.5 2.5 0
584.375 2.5 0
590.625 5 0
593.75 2.5 0
590.625 2.5 0
596.875 5 0
600.0000000000001 2.5 0
596.875 2.5 0
603.1250000000001 5 0
606.2500000000001 2.5 0
603.1250000000001 2.5 0
609.375 5 0
612.5 2.5 0
609.375 2.5 0
615.625 5 0
618.75 2.5 0
615.625 2.5 0
621.875 5 0
625 2.5 0
621.875 2.5 0
628.125 5 0
631.2500000000001 2.5 0
628.125 2.5 0
634.3750000000001 5 0
637.5000000000001 2.5 0
634.3750000000001 2.5 0
640.625 5 0
643.75 2.5 0
640.625 2.5 0
646.875 5 0
650 2.5 0
646.875 2.5 0
653.125 5 0
656.25 2.5 0
653.125 2.5 0
659.375 5 0
662.5000000000001 2.5 0
659.375 2.5 0
665.6250000000001 5 0
668.7500000000001 2.5 0
665.6250000000001 2.5 0
671.875 5 0
675 2.5 0
671.875 2.5 0
678.125 5 0
681.25 2.5 0
678.125 2.5 0
684.375 5 0
687.5 2.5 0
684.375 2.5 0
690.625 5 0
693.7500000000001 2.5 0
690.625 2.5 0
696.8750000000001 5 0
700.0000000000001 2.5 0
696.8750000000001 2.5 0
703.125 5 0
706.25 2.5 0
703.125 2.5 0
709.375 5 0
712.5 2.5 0
709.375 2.5 0
715.625 5 0
718.75 2.5 0
715.625 2.5 0
721.875 5 0
725.0000000000001 2.5 0
721.875 2.5 0
728.1250000000001 5 0
731.2500000000001 2.5 0
728.1250000000001 2.5 0
734.375 5 0
737.5 2.5 0
734.375 2.5 0
740.625 5 0
743.75 2.5 0
740.625 2.5 0
746.875 5 0
750 2.5 0
746.875 2.5 0
753.125 5 0
756.2500000000001 2.5 0
753.125 2.5 0
759.3750000000001 5 0
762.5000000000001 2.5 0
759.3750000000001 2.5 0
765.625 5 0
768.75 2.5 0
765.625 2.5 0
771.875 5 0
775 2.5 0
771.875 2.5 0
778.125 5 0
781.25 2.5 0
778.125 2.5 0
784.375 5 0
787.5000000000001 2.5 0
784.375 2.5 0
790.6250000000001 5 0
793.7500000000001 2.5 0
790.6250000000001 2.5 0
796.875 5 0
800 2.5 0
796.875 2.5 0
803.125 5 0
806.25 2.5 0
803.125 2.5 0
809.375 5 0
812.5 2.5 0
809.375 2.5 0
815.625 5 0
818.7500000000001 2.5 0
815.625 2.5 0
821.8750000000001 5 0
825.0000000000001 2.5 0
821.8750000000001 2.5 0
828.125 5 0
831.25 2.5 0
828.125 2.5 0
834.375 5 0
837.5 2.5 0
834.375 2.5 0
840.625 5 0
843.75 2.5 0
840.625 2.5 0
846.875 5 0
850.0000000000001 2.5 0
846.875 2.5 0
853.1250000000001 5 0
856.2500000000001 2.5 0
853.1250000000001 2.5 0
859.375 5 0
862.5 2.5 0
859.375 2.5 0
865.625 5 0
868.75 2.5 0
865.625 2.5 0
871.875 5 0
875 2.5 0
871.875 2.5 0
878.125 5 0
881.2500000000001 2.5 0
878.125 2.5 0
884.3750000000001 5 0
887.5000000000001 2.5 0
884.3750000000001 2.5 0
890.625 5 0
893.75 2.5 0
890.625 2.5 0
896.875 5 0
900 2.5 0
896.875 2.5 0
903.125 5 0
906.25 2.5 0
903.125 2.5 0
909.375 5 0
912.5000000000001 2.5 0
909.375 2.5 0
915.6250000000001 5 0
918.7500000000001 2.5 0
915.6250000000001 2.5 0
921.875 5 0
925 2.5 0
921.875 2.5 0
928.125 5 0
931.25 2.5 0
928.125 2.5 0
934.375 5 0
937.5 2.5 0
934.375 2.5 0
940.625 5 0
943.7500000000001 2.5 0
940.625 2.5 0
946.8750000000001 5 0
950.0000000000001 2.5 0
946.8750000000001 2.5 0
953.125 5 0
956.25 2.5 0
953.125 2.5 0
959.375 5 0
962.5 2.5 0
959.375 2.5 0
965.625 5 0
968.75 2.5 0
965.625 2.5 0
971.875 5 0
975.0000000000001 2.5 0
971.875 2.5 0
978.1250000000001 5 0
981.2500000000001 2.5 0
978.1250000000001 2.5 0
984.375 5 0
987.5 2.5 0
984.375 2.5 0
990.625 5 0
993.75 2.5 0
990.625 2.5 0
996.875 5 0
996.875 2.5 0
6.25 7.5 0
3.125 7.5 0
12.5 7.5 0
9.375 7.5 0
18.75 7.5 0
15.625 7.5 0
25 7.5 0
21.875 7.5 0
31.25 7.5 0
28.125 7.5 0
37.50000000000001 7.5 0
34.375 7.5 0
43.75000000000001 7.5 0
40.62500000000001 7.5 0
50 7.5 0
46.875 7.5 0
56.25 7.5 0
53.125 7.5 0
62.5 7.5 0
59.375 7.5 0
68.75 7.5 0
65.625 7.5 0
75.00000000000001 7.5 0
71.875 7.5 0
81.25 7.5 0
78.125 7.5 0
87.50000000000001 7.5 0
84.375 7.5 0
93.75 7.5 0
90.625 7.5 0
100 7.5 0
96.875 7.5 0
106.25 7.5 0
103.125 7.5 0
112.5 7.5 0
109.375 7.5 0
118.75 7.5 0
115.625 7.5 0
125 7.5 0
121.875 7.5 0
131.25 7.5 0
128.125 7.5 0
137.5 7.5 0
134.375 7.5 0
143.75 7.5 0
140.625 7.5 0
150 7.5 0
146.875 7.5 0
156.25 7.5 0
153.125 7.5 0
162.5 7.5 0
159.375 7.5 0
168.75 7.5 0
165.625 7.5 0
175 7.5 0
171.875 7.5 0
181.25 7.5 0
178.125 7.5 0
187.5 7.5 0
184.375 7.5 0
193.75 7.5 0
190.625 7.5 0
200 7.5 0
196.875 7.5 0
206.25 7.5 0
203.125 7.5 0
212.5 7.5 0
209.375 7.5 0
218.75 7.5 0
215.625 7.5 0
225 7.5 0
221.875 7.5 0
231.25 7.5 0
228.125 7.5 0
237.5 7.5 0
234.375 7.5 0
243.75 7.5 0
240.625 7.5 0
250 7.5 0
246.875 7.5 0
256.2500000000001 7.5 0
253.1250000000001 7.5 0
262.5 7.5 0
259.375 7.5 0
268.75 7.5 0
265.625 7.5 0
275 7.5 0
271.875 7.5 0
281.25 7.5 0
278.125 7.5 0
287.5000000000001 7.5 0
284.375 7.5 0
293.75 7.5 0
290.625 7.5 0
300.0000000000001 7.5 0
296.875 7.5 0
306.25 7.5 0
303.125 7.5 0
312.5 7.5 0
309.375 7.5 0
318.7500000000001 7.5 0
315.625 7.5 0
325 7.5 0
321.875 7.5 0
331.2500000000001 7.5 0
328.125 7.5 0
337.5 7.5 0
334.375 7.5 0
343.75 7.5 0
340.625 7.5 0
350.0000000000001 7.5 0
346.875 7.5 0
356.25 7.5 0
353.125 7.5 0
362.5000000000001 7.5 0
359.375 7.5 0
368.75 7.5 0
365.625 7.5 0
375 7.5 0
371.875 7.5 0
381.2500000000001 7.5 0
378.125 7.5 0
387.5 7.5 0
384.375 7.5 0
393.7500000000001 7.5 0
390.625 7.5 0
400 7.5 0
396.875 7.5 0
406.25 7.5 0
403.125 7.5 0
412.5000000000001 7.5 0
409.375 7.5 0
418.75 7.5 0
415.625 7.5 0
425.0000000000001 7.5 0
421.875 7.5 0
431.25 7.5 0
428.125 7.5 0
437.5 7.5 0
434.375 7.5 0
443.7500000000001 7.5 0
440.625 7.5 0
450 7.5 0
446.875 7.5 0
456.2500000000001 7.5 0
453.125 7.5 0
462.5 7.5 0
459.375 7.5 0
468.75 7.5 0
465.625 7.5 0
475.0000000000001 7.5 0
471.875 7.5 0
481.25 7.5 0
478.125 7.5 0
487.5000000000001 7.5 0
484.375 7.5 0
493.75 7.5 0
490.625 7.5 0
500 7.5 0
496.875 7.5 0
506.25 7.5 0
503.125 7.5 0
512.5000000000001 7.5 0
509.3750000000001 7.5 0
518.75 7.5 0
515.625 7.5 0
525 7.5 0
521.875 7.5 0
531.25 7.5 0
528.125 7.5 0
537.5 7.5 0
534.375 7.5 0
543.7500000000001 7.5 0
540.625 7.5 0
550 7.5 0
546.875 7.5 0
556.25 7.5 0
553.125 7.5 0
562.5 7.5 0
559.375 7.5 0
568.75 7.5 0
565.625 7.5 0
575.0000000000001 7.5 0
571.875 7.5 0
581.25 7.5 0
578.125 7.5 0
587.5 7.5 0
584.375 7.5 0
593.75 7.5 0
590.625 7.5 0
600.0000000000001 7.5 0
596.875 7.5 0
606.2500000000001 7.5 0
603.1250000000001 7.5 0
612.5 7.5 0
609.375 7.5 0
618.75 7.5 0
615.625 7.5 0
625 7.5 0
621.875 7.5 0
631.2500000000001 7.5 0
628.125 7.5 0
637.5000000000001 7.5 0
634.3750000000001 7.5 0
643.75 7.5 0
640.625 7.5 0
650 7.5 0
646.875 7.5 0
656.25 7.5 0
653.125 7.5 0
662.5000000000001 7.5 0
659.375 7.5 0
668.7500000000001 7.5 0
665.6250000000001 7.5 0
675 7.5 0
671.875 7.5 0
681.25 7.5 0
678.125 7.5 0
687.5 7.5 0
684.375 7.5 0
693.7500000000001 7.5 0
690.625 7.5 0
700.0000000000001 7.5 0
696.8750000000001 7.5 0
706.25 7.5 0
703.125 7.5 0
712.5 7.5 0
709.375 7.5 0
718.75 7.5 0
715.625 7.5 0
725.0000000000001 7.5 0
721.875 7.5 0
731.2500000000001 7.5 0
728.1250000000001 7.5 0
737.5 7.5 0
734.375 7.5 0
743.75 7.5 0
740.625 7.5 0
750 7.5 0
746.875 7.5 0
756.2500000000001 7.5 0
753.125 7.5 0
762.5000000000001 7.5 0
759.3750000000001 7.5 0
768.75 7.5 0
765.625 7.5 0
775 7.5 0
771.875 7.5 0
781.25 7.5 0
778.125 7.5 0
787.5000000000001 7.5 0
784.375 7.5 0
793.7500000000001 7.5 0
790.6250000000001 7.5 0
800 7.5 0
796.875 7.5 0
806.25 7.5 0
803.125 7.5 0
812.5 7.5 0
809.375 7.5 0
818.7500000000001 7.5 0
815.625 7.5 0
825.0000000000001 7.5 0
821.8750000000001 7.5 0
831.25 7.5 0
828.125 7.5 0
837.5 7.5 0
834.375 7.5 0
843.75 7.5 0
840.625 7.5 0
850.0000000000001 7.5 0
846.875 7.5 0
856.2500000000001 7.5 0
853.1250000000001 7.5 0
862.5 7.5 0
859.375 7.5 0
868.75 7.5 0
865.625 7.5 0
875 7.5 0
871.875 7.5 0
881.2500000000001 7.5 0
878.125 7.5 0
887.5000000000001 7.5 0
884.3750000000001 7.5 0
893.75 7.5 0
890.625 7.5 0
900 7.5 0
896.875 7.5 0
906.25 7.5 0
903.125 7.5 0
912.5000000000001 7.5 0
909.375 7.5 0
918.7500000000001 7.5 0
915.6250000000001 7.5 0
925 7.5 0
921.875 7.5 0
931.25 7.5 0
928.125 7.5 0
937.5 7.5 0
934.375 7.5 0
943.7500000000001 7.5 0
940.625 7.5 0
950.0000000000001 7.5 0
946.8750000000001 7.5 0
956.25 7.5 0
953.125 7.5 0
962.5 7.5 0
959.375 7.5 0
968.75 7.5 0
965.625 7.5 0
975.0000000000001 7.5 0
971.875 7.5 0
981.2500000000001 7.5 0
978.1250000000001 7.5 0
987.5 7.5 0
984.375 7.5 0
993.75 7.5 0
990.625 7.5 0
996.875 7.5 0
2 6 0 957
4198
4199
4200
4201
4202
4203
4204
4205
4206
4207
4208
4209
4210
4211
4212
4213
4214
4215
4216
4217
4218
4219
4220
4221
4222
4223
4224
4225
4226
4227
4228
4229
4230
4231
4232
4233
4234
4235
4236
4237
4238
4239
4240
4241
4242
4243
4244
4245
4246
4247
4248
4249
4250
4251
4252
4253
4254
4255
4256
4257
4258
4259
4260
4261
4262
4263
4264
4265
4266
4267
4268
4269
4270
4271
4272
4273
4274
4275
4276
4277
4278
4279
4280
4281
4282
4283
4284
4285
4286
4287
4288
4289
4290
4291
4292
4293
4294
4295
4296
4297
4298
4299
4300
4301
4302
4303
4304
4305
4306
4307
4308
4309
4310
4311
4312
4313
4314
4315
4316
4317
4318
4319
4320
4321
4322
4323
4324
4325
4326
4327
4328
4329
4330
4331
4332
4333
4334
4335
4336
4337
4338
4339
4340
4341
4342
4343
4344
4345
4346
4347
4348
4349
4350
4351
4352
4353
4354
4355
4356
4357
4358
4359
4360
4361
4362
4363
4364
4365
4366
4367
4368
4369
4370
4371
4372
4373
4374
4375
4376
4377
4378
4379
4380
4381
4382
4383
4384
4385
4386
4387
4388
4389
4390
4391
4392
4393
4394
4395
4396
4397
4398
4399
4400
4401
4402
4403
4404
4405
4406
4407
4408
4409
4410
4411
4412
4413
4414
4415
4416
4417
4418
4419
4420
4421
4422
4423
4424
4425
4426
4427
4428
4429
4430
4431
4432
4433
4434
4435
4436
4437
4438
4439
4440
4441
4442
4443
4444
4445
4446
4447
4448
4449
4450
4451
4452
4453
4454
4455
4456
4457
4458
4459
4460
4461
4462
4463
4464
4465
4466
4467
4468
4469
4470
4471
4472
4473
4474
4475
4476
4477
4478
4479
4480
4481
4482
4483
4484
4485
4486
4487
4488
4489
4490
4491
4492
4493
4494
4495
4496
4497
4498
4499
4500
4501
4502
4503
4504
4505
4506
4507
4508
4509
4510
4511
4512
4513
4514
4515
4516
4517
4518
4519
4520
4521
4522
4523
4524
4525
4526
4527
4528
4529
4530
4531
4532
4533
4534
4535
4536
4537
4538
4539
4540
4541
4542
4543
4544
4545
4546
4547
4548
4549
4550
4551
4552
4553
4554
4555
4556
4557
4558
4559
4560
4561
4562
4563
4564
4565
4566
4567
4568
4569
4570
4571
4572
4573
4574
4575
4576
4577
4578
4579
4580
4581
4582
4583
4584
4585
4586
4587
4588
4589
4590
4591
4592
4593
4594
4595
4596
4597
4598
4599
4600
4601
4602
4603
4604
4605
4606
4607
4608
4609
4610
4611
4612
4613
4614
4615
4616
4617
4618
4619
4620
4621
4622
4623
4624
4625
4626
4627
4628
4629
4630
4631
4632
4633
4634
4635
4636
4637
4638
4639
4640
4641
4642
4643
4644
4645
4646
4647
4648
4649
4650
4651
4652
4653
4654
4655
4656
4657
4658
4659
4660
4661
4662
4663
4664
4665
4666
4667
4668
4669
4670
4671
4672
4673
4674
4675
4676
4677
4678
4679
4680
4681
4682
4683
4684
4685
4686
4687
4688
4689
4690
4691
4692
4693
4694
4695
4696
4697
4698
4699
4700
4701
4702
4703
4704
4705
4706
4707
4708
4709
4710
4711
4712
4713
4714
4715
4716
4717
4718
4719
4720
4721
4722
4723
4724
4725
4726
4727
4728
4729
4730
4731
4732
4733
4734
4735
4736
4737
4738
4739
4740
4741
4742
4743
4744
4745
4746
4747
4748
4749
4750
4751
4752
4753
4754
4755
4756
4757
4758
4759
4760
4761
4762
4763
4764
4765
4766
4767
4768
4769
4770
4771
4772
4773
4774
4775
4776
4777
4778
4779
4780
4781
4782
4783
4784
4785
4786
4787
4788
4789
4790
4791
4792
4793
4794
4795
4796
4797
4798
4799
4800
4801
4802
4803
4804
4805
4806
4807
4808
4809
4810
4811
4812
4813
4814
4815
4816
4817
4818
4819
4820
4821
4822
4823
4824
4825
4826
4827
4828
4829
4830
4831
4832
4833
4834
4835
4836
4837
4838
4839
4840
4841
4842
4843
4844
4845
4846
4847
4848
4849
4850
4851
4852
4853
4854
4855
4856
4857
4858
4859
4860
4861
4862
4863
4864
4865
4866
4867
4868
4869
4870
4871
4872
4873
4874
4875
4876
4877
4878
4879
4880
4881
4882
4883
4884
4885
4886
4887
4888
4889
4890
4891
4892
4893
4894
4895
4896
4897
4898
4899
4900
4901
4902
4903
4904
4905
4906
4907
4908
4909
4910
4911
4912
4913
4914
4915
4916
4917
4918
4919
4920
4921
4922
4923
4924
4925
4926
4927
4928
4929
4930
4931
4932
4933
4934
4935
4936
4937
4938
4939
4940
4941
4942
4943
4944
4945
4946
4947
4948
4949
4950
4951
4952
4953
4954
4955
4956
4957
4958
4959
4960
4961
4962
4963
4964
4965
4966
4967
4968
4969
4970
4971
4972
4973
4974
4975
4976
4977
4978
4979
4980
4981
4982
4983
4984
4985
4986
4987
4988
4989
4990
4991
4992
4993
4994
4995
4996
4997
4998
4999
5000
5001
5002
5003
5004
5005
5006
5007
5008
5009
5010
5011
5012
5013
5014
5015
5016
5017
5018
5019
5020
5021
5022
5023
5024
5025
5026
5027
5028
5029
5030
5031
5032
5033
5034
5035
5036
5037
5038
5039
5040
5041
5042
5043
5044
5045
5046
5047
5048
5049
5050
5051
5052
5053
5054
5055
5056
5057
5058
5059
5060
5061
5062
5063
5064
5065
5066
5067
5068
5069
5070
5071
5072
5073
5074
5075
5076
5077
5078
5079
5080
5081
5082
5083
5084
5085
5086
5087
5088
5089
5090
5091
5092
5093
5094
5095
5096
5097
5098
5099
5100
5101
5102
5103
5104
5105
5106
5107
5108
5109
5110
5111
5112
5113
5114
5115
5116
5117
5118
5119
5120
5121
5122
5123
5124
5125
5126
5127
5128
5129
5130
5131
5132
5133
5134
5135
5136
5137
5138
5139
5140
5141
5142
5143
5144
5145
5146
5147
5148
5149
5150
5151
5152
5153
5154
6.25 5 24
12.5 5 24
18.75 5 24
25 5 24
31.25 5 24
37.50000000000001 5 24
43.75000000000001 5 24
50 5 24
56.25 5 24
62.5 5 24
68.75 5 24
75.00000000000001 5 24
81.25 5 24
87.50000000000001 5 24
93.75 5 24
100 5 24
106.25 5 24
112.5 5 24
118.75 5 24
125 5 24
131.25 5 24
137.5 5 24
143.75 5 24
150 5 24
156.25 5 24
162.5 5 24
168.75 5 24
175 5 24
181.25 5 24
187.5 5 24
193.75 5 24
200 5 24
206.25 5 24
212.5 5 24
218.75 5 24
225 5 24
231.25 5 24
237.5 5 24
243.75 5 24
250 5 24
256.2500000000001 5 24
262.5 5 24
268.75 5 24
275 5 24
281.25 5 24
287.5000000000001 5 24
293.75 5 24
300.0000000000001 5 24
306.25 5 24
312.5 5 24
318.7500000000001 5 24
325 5 24
331.2500000000001 5 24
337.5 5 24
343.75 5 24
350.0000000000001 5 24
356.25 5 24
362.5000000000001 5 24
368.75 5 24
375 5 24
381.2500000000001 5 24
387.5 5 24
393.7500000000001 5 24
400 5 24
406.25 5 24
412.5000000000001 5 24
418.75 5 24
425.0000000000001 5 24
431.25 5 24
437.5 5 24
443.7500000000001 5 24
450 5 24
456.2500000000001 5 24
462.5 5 24
468.75 5 24
475.0000000000001 5 24
481.25 5 24
487.5000000000001 5 24
493.75 5 24
500 5 24
506.25 5 24
512.5000000000001 5 24
518.75 5 24
525 5 24
531.25 5 24
537.5 5 24
543.7500000000001 5 24
550 5 24
556.25 5 24
562.5 5 24
568.75 5 24
575.0000000000001 5 24
581.25 5 24
587.5 5 24
593.75 5 24
600.0000000000001 5 24
606.2500000000001 5 24
612.5 5 24
618.75 5 24
625 5 24
631.2500000000001 5 24
637.5000000000001 5 24
643.75 5 24
650 5 24
656.25 5 24
662.5000000000001 5 24
668.7500000000001 5 24
675 5 24
681.25 5 24
687.5 5 24
693.7500000000001 5 24
700.0000000000001 5 24
706.25 5 24
712.5 5 24
718.75 5 24
725.0000000000001 5 24
731.2500000000001 5 24
737.5 5 24
743.75 5 24
750 5 24
756.2500000000001 5 24
762.5000000000001 5 24
768.75 5 24
775 5 24
781.25 5 24
787.5000000000001 5 24
793.7500000000001 5 24
800 5 24
806.25 5 24
812.5 5 24
818.7500000000001 5 24
825.0000000000001 5 24
831.25 5 24
837.5 5 24
843.75 5 24
850.0000000000001 5 24
856.2500000000001 5 24
862.5 5 24
868.75 5 24
875 5 24
881.2500000000001 5 24
887.5000000000001 5 24
893.75 5 24
900 5 24
906.25 5 24
912.5000000000001 5 24
918.7500000000001 5 24
925 5 24
931.25 5 24
937.5 5 24
943.7500000000001 5 24
950.0000000000001 5 24
956.25 5 24
962.5 5 24
968.75 5 24
975.0000000000001 5 24
981.2500000000001 5 24
987.5 5 24
993.75 5 24
6.25 2.5 24
3.125 5 24
3.125 2.5 24
12.5 2.5 24
9.375 5 24
9.375 2.5 24
18.75 2.5 24
15.625 5 24
15.625 2.5 24
25 2.5 24
21.875 5 24
21.875 2.5 24
31.25 2.5 24
28.125 5 24
28.125 2.5 24
37.50000000000001 2.5 24
34.375 5 24
34.375 2.5 24
43.75000000000001 2.5 24
40.62500000000001 5 24
40.62500000000001 2.5 24
50 2.5 24
46.875 5 24
46.875 2.5 24
56.25 2.5 24
53.125 5 24
53.125 2.5 24
62.5 2.5 24
59.375 5 24
59.375 2.5 24
68.75 2.5 24
65.625 5 24
65.625 2.5 24
75.00000000000001 2.5 24
71.875 5 24
71.875 2.5 24
81.25 2.5 24
78.125 5 24
78.125 2.5 24
87.50000000000001 2.5 24
84.375 5 24
84.375 2.5 24
93.75 2.5 24
90.625 5 24
90.625 2.5 24
100 2.5 24
96.875 5 24
96.875 2.5 24
106.25 2.5 24
103.125 5 24
103.125 2.5 24
112.5 2.5 24
109.375 5 24
109.375 2.5 24
118.75 2.5 24
115.625 5 24
115.625 2.5 24
125 2.5 24
121.875 5 24
121.875 2.5 24
131.25 2.5 24
128.125 5 24
128.125 2.5 24
137.5 2.5 24
134.375 5 24
134.375 2.5 24
143.75 2.5 24
140.625 5 24
140.625 2.5 24
150 2.5 24
146.875 5 24
146.875 2.5 24
156.25 2.5 24
153.125 5 24
153.125 2.5 24
162.5 2.5 24
159.375 5 24
159.375 2.5 24
168.75 2.5 24
165.625 5 24
165.625 2.5 24
175 2.5 24
171.875 5 24
171.875 2.5 24
181.25 2.5 24
178.125 5 24
178.125 2.5 24
187.5 2.5 24
184.375 5 24
184.375 2.5 24
193.75 2.5 24
190.625 5 24
190.625 2.5 24
200 2.5 24
196.875 5 24
196.875 2.5 24
206.25 2.5 24
203.125 5 24
203.125 2.5 24
212.5 2.5 24
209.375 5 24
209.375 2.5 24
218.75 2.5 24
215.625 5 24
215.625 2.5 24
225 2.5 24
221.875 5 24
221.875 2.5 24
231.25 2.5 24
228.125 5 24
228.125 2.5 24
237.5 2.5 24
234.375 5 24
234.375 2.5 24
243.75 2.5 24
240.625 5 24
240.625 2.5 24
250 2.5 24
246.875 5 24
246.875 2.5 24
256.2500000000001 2.5 24
253.125 5 24
253.125 2.5 24
262.5 2.5 24
259.375 5 24
259.375 2.5 24
268.75 2.5 24
265.625 5 24
265.625 2.5 24
275 2.5 24
271.875 5 24
271.875 2.5 24
281.25 2.5 24
278.125 5 24
278.125 2.5 24
287.5000000000001 2.5 24
284.375 5 24
284.375 2.5 24
293.75 2.5 24
290.625 5 24
290.625 2.5 24
300.0000000000001 2.5 24
296.875 5 24
296.875 2.5 24
306.25 2.5 24
303.125 5 24
303.125 2.5 24
312.5 2.5 24
309.375 5 24
309.375 2.5 24
318.7500000000001 2.5 24
315.625 5 24
315.625 2.5 24
325 2.5 24
321.875 5 24
321.875 2.5 24
331.2500000000001 2.5 24
328.125 5 24
328.125 2.5 24
337.5 2.5 24
334.375 5 24
334.375 2.5 24
343.75 2.5 24
340.625 5 24
340.625 2.5 24
350.0000000000001 2.5 24
346.875 5 24
346.875 2.5 24
356.25 2.5 24
353.125 5 24
353.125 2.5 24
362.5000000000001 2.5 24
359.375 5 24
359.375 2.5 24
368.75 2.5 24
365.625 5 24
365.625 2.5 24
375 2.5 24
371.875 5 24
371.875 2.5 24
381.2500000000001 2.5 24
378.125 5 24
378.125 2.5 24
387.5 2.5 24
384.375 5 24
384.375 2.5 24
393.7500000000001 2.5 24
390.625 5 24
390.625 2.5 24
400 2.5 24
396.875 5 24
396.875 2.5 24
406.25 2.5 24
403.125 5 24
403.125 2.5 24
412.5000000000001 2.5 24
409.375 5 24
409.375 2.5 24
418.75 2.5 24
415.625 5 24
415.625 2.5 24
425.0000000000001 2.5 24
421.875 5 24
421.875 2.5 24
431.25 2.5 24
428.125 5 24
428.125 2.5 24
437.5 2.5 24
434.375 5 24
434.375 2.5 24
443.7500000000001 2.5 24
440.625 5 24
440.625 2.5 24
450 2.5 24
446.875 5 24
446.875 2.5 24
456.2500000000001 2.5 24
453.125 5 24
453.125 2.5 24
462.5 2.5 24
459.375 5 24
459.375 2.5 24
468.75 2.5 24
465.625 5 24
465.625 2.5 24
475.0000000000001 2.5 24
471.875 5 24
471.875 2.5 24
481.25 2.5 24
478.125 5 24
478.125 2.5 24
487.5000000000001 2.5 24
484.375 5 24
484.375 2.5 24
493.75 2.5 24
490.625 5 24
490.625 2.5 24
500 2.5 24
496.875 5 24
496.875 2.5 24
506.25 2.5 24
503.125 5 24
503.125 2.5 24
512.5000000000001 2.5 24
509.3750000000001 5 24
509.3750000000001 2.5 24
518.75 2.5 24
515.625 5 24
515.625 2.5 24
525 2.5 24
521.875 5 24
521.875 2.5 24
531.25 2.5 24
528.125 5 24
528.125 2.5 24
537.5 2.5 24
534.375 5 24
534.375 2.5 24
543.7500000000001 2.5 24
540.625 5 24
540.625 2.5 24
550 2.5 24
546.875 5 24
546.875 2.5 24
556.25 2.5 24
553.125 5 24
553.125 2.5 24
562.5 2.5 24
559.375 5 24
559.375 2.5 24
568.75 2.5 24
565.625 5 24
565.625 2.5 24
575.0000000000001 2.5 24
571.875 5 24
571.875 2.5 24
581.25 2.5 24
578.125 5 24
578.125 2.5 24
587.5 2.5 24
584.375 5 24
584.375 2.5 24
593.75 2.5 24
590.625 5 24
590.625 2.5 24
600.0000000000001 2.5 24
596.875 5 24
596.875 2.5 24
606.2500000000001 2.5 24
603.1250000000001 5 24
603.1250000000001 2.5 24
612.5 2.5 24
609.375 5 24
609.375 2.5 24
618.75 2.5 24
615.625 5 24
615.625 2.5 24
625 2.5 24
621.875 5 24
621.875 2.5 24
631.2500000000001 2.5 24
628.125 5 24
628.125 2.5 24
637.5000000000001 2.5 24
634.3750000000001 5 24
634.3750000000001 2.5 24
643.75 2.5 24
640.625 5 24
640.625 2.5 24
650 2.5 24
646.875 5 24
646.875 2.5 24
656.25 2.5 24
653.125 5 24
653.125 2.5 24
662.5000000000001 2.5 24
659.375 5 24
659.375 2.5 24
668.7500000000001 2.5 24
665.6250000000001 5 24
665.6250000000001 2.5 24
675 2.5 24
671.875 5 24
671.875 2.5 24
681.25 2.5 24
678.125 5 24
678.125 2.5 24
687.5 2.5 24
684.375 5 24
684.375 2.5 24
693.7500000000001 2.5 24
690.625 5 24
690.625 2.5 24
700.0000000000001 2.5 24
696.8750000000001 5 24
696.8750000000001 2.5 24
706.25 2.5 24
703.125 5 24
703.125 2.5 24
712.5 2.5 24
709.375 5 24
709.375 2.5 24
718.75 2.5 24
715.625 5 24
715.625 2.5 24
725.0000000000001 2.5 24
721.875 5 24
721.875 2.5 24
731.2500000000001 2.5 24
728.1250000000001 5 24
728.1250000000001 2.5 24
737.5 2.5 24
734.375 5 24
734.375 2.5 24
743.75 2.5 24
740.625 5 24
740.625 2.5 24
750 2.5 24
746.875 5 24
746.875 2.5 24
756.2500000000001 2.5 24
753.125 5 24
753.125 2.5 24
762.5000000000001 2.5 24
759.3750000000001 5 24
759.3750000000001 2.5 24
768.75 2.5 24
765.625 5 24
765.625 2.5 24
775 2.5 24
771.875 5 24
771.875 2.5 24
781.25 2.5 24
778.125 5 24
778.125 2.5 24
787.5000000000001 2.5 24
784.375 5 24
784.375 2.5 24
793.7500000000001 2.5 24
790.6250000000001 5 24
790.6250000000001 2.5 24
800 2.5 24
796.875 5 24
796.875 2.5 24
806.25 2.5 24
803.125 5 24
803.125 2.5 24
812.5 2.5 24
809.375 5 24
809.375 2.5 24
818.7500000000001 2.5 24
815.625 5 24
815.625 2.5 24
825.0000000000001 2.5 24
821.8750000000001 5 24
821.8750000000001 2.5 24
831.25 2.5 24
828.125 5 24
828.125 2.5 24
837.5 2.5 24
834.375 5 24
834.375 2.5 24
843.75 2.5 24
840.625 5 24
840.625 2.5 24
850.0000000000001 2.5 24
846.875 5 24
846.875 2.5 24
856.2500000000001 2.5 24
853.1250000000001 5 24
853.1250000000001 2.5 24
862.5 2.5 24
859.375 5 24
859.375 2.5 24
868.75 2.5 24
865.625 5 24
865.625 2.5 24
875 2.5 24
871.875 5 24
871.875 2.5 24
881.2500000000001 2.5 24
878.125 5 24
878.125 2.5 24
887.5000000000001 2.5 24
884.3750000000001 5 24
884.3750000000001 2.5 24
893.75 2.5 24
890.625 5 24
890.625 2.5 24
900 2.5 24
896.875 5 24
896.875 2.5 24
906.25 2.5 24
903.125 5 24
903.125 2.5 24
912.5000000000001 2.5 24
909.375 5 24
909.375 2.5 24
918.7500000000001 2.5 24
915.6250000000001 5 24
915.6250000000001 2.5 24
925 2.5 24
921.875 5 24
921.875 2.5 24
931.25 2.5 24
928.125 5 24
928.125 2.5 24
937.5 2.5 24
934.375 5 24
934.375 2.5 24
943.7500000000001 2.5 24
940.625 5 24
940.625 2.5 24
950.0000000000001 2.5 24
946.8750000000001 5 24
946.8750000000001 2.5 24
956.25 2.5 24
953.125 5 24
953.125 2.5 24
962.5 2.5 24
959.375 5 24
959.375 2.5 24
968.75 2.5 24
965.625 5 24
965.625 2.5 24
975.0000000000001 2.5 24
971.875 5 24
971.875 2.5 24
981.2500000000001 2.5 24
978.1250000000001 5 24
978.1250000000001 2.5 24
987.5 2.5 24
984.375 5 24
984.375 2.5 24
993.75 2.5 24
990.625 5 24
990.625 2.5 24
996.875 5 24
996.875 2.5 24
6.25 7.5 24
3.125 7.5 24
12.5 7.5 24
9.375 7.5 24
18.75 7.5 24
15.625 7.5 24
25 7.5 24
21.875 7.5 24
31.25 7.5 24
28.125 7.5 24
37.50000000000001 7.5 24
34.375 7.5 24
43.75000000000001 7.5 24
40.62500000000001 7.5 24
50 7.5 24
46.875 7.5 24
56.25 7.5 24
53.125 7.5 24
62.5 7.5 24
59.375 7.5 24
68.75 7.5 24
65.625 7.5 24
75.00000000000001 7.5 24
71.875 7.5 24
81.25 7.5 24
78.125 7.5 24
87.50000000000001 7.5 24
84.375 7.5 24
93.75 7.5 24
90.625 7.5 24
100 7.5 24
96.875 7.5 24
106.25 7.5 24
103.125 7.5 24
112.5 7.5 24
109.375 7.5 24
118.75 7.5 24
115.625 7.5 24
125 7.5 24
121.875 7.5 24
131.25 7.5 24
128.125 7.5 24
137.5 7.5 24
134.375 7.5 24
143.75 7.5 24
140.625 7.5 24
150 7.5 24
146.875 7.5 24
156.25 7.5 24
153.125 7.5 24
162.5 7.5 24
159.375 7.5 24
168.75 7.5 24
165.625 7.5 24
175 7.5 24
171.875 7.5 24
181.25 7.5 24
178.125 7.5 24
187.5 7.5 24
184.375 7.5 24
193.75 7.5 24
190.625 7.5 24
200 7.5 24
196.875 7.5 24
206.25 7.5 24
203.125 7.5 24
212.5 7.5 24
209.375 7.5 24
218.75 7.5 24
215.625 7.5 24
225 7.5 24
221.875 7.5 24
231.25 7.5 24
228.125 7.5 24
237.5 7.5 24
234.375 7.5 24
243.75 7.5 24
240.625 7.5 24
250 7.5 24
246.875 7.5 24
256.2500000000001 7.5 24
253.125 7.5 24
262.5 7.5 24
259.375 7.5 24
268.75 7.5 24
265.625 7.5 24
275 7.5 24
271.875 7.5 24
281.25 7.5 24
278.125 7.5 24
287.5000000000001 7.5 24
284.375 7.5 24
293.75 7.5 24
290.625 7.5 24
300.0000000000001 7.5 24
296.875 7.5 24
306.25 7.5 24
303.125 7.5 24
312.5 7.5 24
309.375 7.5 24
318.7500000000001 7.5 24
315.625 7.5 24
325 7.5 24
321.875 7.5 24
331.2500000000001 7.5 24
328.125 7.5 24
337.5 7.5 24
334.375 7.5 24
343.75 7.5 24
340.625 7.5 24
350.0000000000001 7.5 24
346.875 7.5 24
356.25 7.5 24
353.125 7.5 24
362.5000000000001 7.5 24
359.375 7.5 24
368.75 7.5 24
365.625 7.5 24
375 7.5 24
371.875 7.5 24
381.2500000000001 7.5 24
378.125 7.5 24
387.5 7.5 24
384.375 7.5 24
393.7500000000001 7.5 24
390.625 7.5 24
400 7.5 24
396.875 7.5 24
406.25 7.5 24
403.125 7.5 24
412.5000000000001 7.5 24
409.375 7.5 24
418.75 7.5 24
415.625 7.5 24
425.0000000000001 7.5 24
421.875 7.5 24
431.25 7.5 24
428.125 7.5 24
437.5 7.5 24
434.375 7.5 24
443.7500000000001 7.5 24
440.625 7.5 24
450 7.5 24
446.875 7.5 24
456.2500000000001 7.5 24
453.125 7.5 24
462.5 7.5 24
459.375 7.5 24
468.75 7.5 24
465.625 7.5 24
475.0000000000001 7.5 24
471.875 7.5 24
481.25 7.5 24
478.125 7.5 24
487.5000000000001 7.5 24
484.375 7.5 24
493.75 7.5 24
490.625 7.5 24
500 7.5 24
496.875 7.5 24
506.25 7.5 24
503.125 7.5 24
512.5000000000001 7.5 24
509.3750000000001 7.5 24
518.75 7.5 24
515.625 7.5 24
525 7.5 24
521.875 7.5 24
531.25 7.5 24
528.125 7.5 24
537.5 7.5 24
534.375 7.5 24
543.7500000000001 7.5 24
540.625 7.5 24
550 7.5 24
546.875 7.5 24
556.25 7.5 24
553.125 7.5 24
562.5 7.5 24
559.375 7.5 24
568.75 7.5 24
565.625 7.5 24
575.0000000000001 7.5 24
571.875 7.5 24
581.25 7.5 24
578.125 7.5 24
587.5 7.5 24
584.375 7.5 24
593.75 7.5 24
590.625 7.5 24
600.0000000000001 7.5 24
596.875 7.5 24
606.2500000000001 7.5 24
603.1250000000001 7.5 24
612.5 7.5 24
609.375 7.5 24
618.75 7.5 24
615.625 7.5 24
625 7.5 24
621.875 7.5 24
631.2500000000001 7.5 24
628.125 7.5 24
637.5000000000001 7.5 24
634.3750000000001 7.5 24
643.75 7.5 24
640.625 7.5 24
650 7.5 24
646.875 7.5 24
656.25 7.5 24
653.125 7.5 24
662.5000000000001 7.5 24
659.375 7.5 24
668.7500000000001 7.5 24
665.6250000000001 7.5 24
675 7.5 24
671.875 7.5 24
681.25 7.5 24
678.125 7.5 24
687.5 7.5 24
684.375 7.5 24
693.7500000000001 7.5 24
690.625 7.5 24
700.0000000000001 7.5 24
696.8750000000001 7.5 24
706.25 7.5 24
703.125 7.5 24
712.5 7.5 24
709.375 7.5 24
718.75 7.5 24
715.625 7.5 24
725.0000000000001 7.5 24
721.875 7.5 24
731.2500000000001 7.5 24
728.1250000000001 7.5 24
737.5 7.5 24
734.375 7.5 24
743.75 7.5 24
740.625 7.5 24
750 7.5 24
746.875 7.5 24
756.2500000000001 7.5 24
753.125 7.5 24
762.5000000000001 7.5 24
759.3750000000001 7.5 24
768.75 7.5 24
765.625 7.5 24
775 7.5 24
771.875 7.5 24
781.25 7.5 24
778.125 7.5 24
787.5000000000001 7.5 24
784.375 7.5 24
793.7500000000001 7.5 24
790.6250000000001 7.5 24
800 7.5 24
796.875 7.5 24
806.25 7.5 24
803.125 7.5 24
812.5 7.5 24
809.375 7.5 24
818.7500000000001 7.5 24
815.625 7.5 24
825.0000000000001 7.5 24
821.8750000000001 7.5 24
831.25 7.5 24
828.125 7.5 24
837.5 7.5 24
834.375 7.5 24
843.75 7.5 24
840.625 7.5 24
850.0000000000001 7.5 24
846.875 7.5 24
856.2500000000001 7.5 24
853.1250000000001 7.5 24
862.5 7.5 24
859.375 7.5 24
868.75 7.5 24
865.625 7.5 24
875 7.5 24
871.875 7.5 24
881.2500000000001 7.5 24
878.125 7.5 24
887.5000000000001 7.5 24
884.3750000000001 7.5 24
893.75 7.5 24
890.625 7.5 24
900 7.5 24
896.875 7.5 24
906.25 7.5 24
903.125 7.5 24
912.5000000000001 7.5 24
909.375 7.5 24
918.7500000000001 7.5 24
915.6250000000001 7.5 24
925 7.5 24
921.875 7.5 24
931.25 7.5 24
928.125 7.5 24
937.5 7.5 24
934.375 7.5 24
943.7500000000001 7.5 24
940.625 7.5 24
950.0000000000001 7.5 24
946.8750000000001 7.5 24
956.25 7.5 24
953.125 7.5 24
962.5 7.5 24
959.375 7.5 24
968.75 7.5 24
965.625 7.5 24
975.0000000000001 7.5 24
971.875 7.5 24
981.2500000000001 7.5 24
978.1250000000001 7.5 24
987.5 7.5 24
984.375 7.5 24
993.75 7.5 24
990.625 7.5 24
996.875 7.5 24
3 1 0 2871
5155
5156
5157
5158
5159
5160
5161
5162
5163
5164
5165
5166
5167
5168
5169
5170
5171
5172
5173
5174
5175
5176
5177
5178
5179
5180
5181
5182
5183
5184
5185
5186
5187
5188
5189
5190
5191
5192
5193
5194
5195
5196
5197
5198
5199
5200
5201
5202
5203
5204
5205
5206
5207
5208
5209
5210
5211
5212
5213
5214
5215
5216
5217
5218
5219
5220
5221
5222
5223
5224
5225
5226
5227
5228
5229
5230
5231
5232
5233
5234
5235
5236
5237
5238
5239
5240
5241
5242
5243
5244
5245
5246
5247
5248
5249
5250
5251
5252
5253
5254
5255
5256
5257
5258
5259
5260
5261
5262
5263
5264
5265
5266
5267
5268
5269
5270
5271
5272
5273
5274
5275
5276
5277
5278
5279
5280
5281
5282
5283
5284
5285
5286
5287
5288
5289
5290
5291
5292
5293
5294
5295
5296
5297
5298
5299
5300
5301
5302
5303
5304
5305
5306
5307
5308
5309
5310
5311
5312
5313
5314
5315
5316
5317
5318
5319
5320
5321
5322
5323
5324
5325
5326
5327
5328
5329
5330
5331
5332
5333
5334
5335
5336
5337
5338
5339
5340
5341
5342
5343
5344
5345
5346
5347
5348
5349
5350
5351
5352
5353
5354
5355
5356
5357
5358
5359
5360
5361
5362
5363
5364
5365
5366
5367
5368
5369
5370
5371
5372
5373
5374
5375
5376
5377
5378
5379
5380
5381
5382
5383
5384
5385
5386
5387
5388
5389
5390
5391
5392
5393
5394
5395
5396
5397
5398
5399
5400
5401
5402
5403
5404
5405
5406
5407
5408
5409
5410
5411
5412
5413
5414
5415
5416
5417
5418
5419
5420
5421
5422
5423
5424
5425
5426
5427
5428
5429
5430
5431
5432
5433
5434
5435
5436
5437
5438
5439
5440
5441
5442
5443
5444
5445
5446
5447
5448
5449
5450
5451
5452
5453
5454
5455
5456
5457
5458
5459
5460
5461
5462
5463
5464
5465
5466
5467
5468
5469
5470
5471
5472
5473
5474
5475
5476
5477
5478
5479
5480
5481
5482
5483
5484
5485
5486
5487
5488
5489
5490
5491
5492
5493
5494
5495
5496
5497
5498
5499
5500
5501
5502
5503
5504
5505
5506
5507
5508
5509
5510
5511
5512
5513
5514
5515
5516
5517
5518
5519
5520
5521
5522
5523
5524
5525
5526
5527
5528
5529
5530
5531
5532
5533
5534
5535
5536
5537
5538
5539
5540
5541
5542
5543
5544
5545
5546
5547
5548
5549
5550
5551
5552
5553
5554
5555
5556
5557
5558
5559
5560
5561
5562
5563
5564
5565
5566
5567
5568
5569
5570
5571
5572
5573
5574
5575
5576
5577
5578
5579
5580
5581
5582
5583
5584
5585
5586
5587
5588
5589
5590
5591
5592
5593
5594
5595
5596
5597
5598
5599
5600
5601
5602
5603
5604
5605
5606
5607
5608
5609
5610
5611
5612
5613
5614
5615
5616
5617
5618
5619
5620
5621
5622
5623
5624
5625
5626
5627
5628
5629
5630
5631
5632
5633
5634
5635
5636
5637
5638
5639
5640
5641
5642
5643
5644
5645
5646
5647
5648
5649
5650
5651
5652
5653
5654
5655
5656
5657
5658
5659
5660
5661
5662
5663
5664
5665
5666
5667
5668
5669
5670
5671
5672
5673
5674
5675
5676
5677
5678
5679
5680
5681
5682
5683
5684
5685
5686
5687
5688
5689
5690
5691
5692
5693
5694
5695
5696
5697
5698
5699
5700
5701
5702
5703
5704
5705
5706
5707
5708
5709
5710
5711
5712
5713
5714
5715
5716
5717
5718
5719
5720
5721
5722
5723
5724
5725
5726
5727
5728
5729
5730
5731
5732
5733
5734
5735
5736
5737
5738
5739
5740
5741
5742
5743
5744
5745
5746
5747
5748
5749
5750
5751
5752
5753
5754
5755
5756
5757
5758
5759
5760
5761
5762
5763
5764
5765
5766
5767
5768
5769
5770
5771
5772
5773
5774
5775
5776
5777
5778
5779
5780
5781
5782
5783
5784
5785
5786
5787
5788
5789
5790
5791
5792
5793
5794
5795
5796
5797
5798
5799
5800
5801
5802
5803
5804
5805
5806
5807
5808
5809
5810
5811
5812
5813
5814
5815
5816
5817
5818
5819
5820
5821
5822
5823
5824
5825
5826
5827
5828
5829
5830
5831
5832
5833
5834
5835
5836
5837
5838
5839
5840
5841
5842
5843
5844
5845
5846
5847
5848
5849
5850
5851
5852
5853
5854
5855
5856
5857
5858
5859
5860
5861
5862
5863
5864
5865
5866
5867
5868
5869
5870
5871
5872
5873
5874
5875
5876
5877
5878
5879
5880
5881
5882
5883
5884
5885
5886
5887
5888
5889
5890
5891
5892
5893
5894
5895
5896
5897
5898
5899
5900
5901
5902
5903
5904
5905
5906
5907
5908
5909
5910
5911
5912
5913
5914
5915
5916
5917
5918
5919
5920
5921
5922
5923
5924
5925
5926
5927
5928
5929
5930
5931
5932
5933
5934
5935
5936
5937
5938
5939
5940
5941
5942
5943
5944
5945
5946
5947
5948
5949
5950
5951
5952
5953
5954
5955
5956
5957
5958
5959
5960
5961
5962
5963
5964
5965
5966
5967
5968
5969
5970
5971
5972
5973
5974
5975
5976
5977
5978
5979
5980
5981
5982
5983
5984
5985
5986
5987
5988
5989
5990
5991
5992
5993
5994
5995
5996
5997
5998
5999
6000
6001
6002
6003
6004
6005
6006
6007
6008
6009
6010
6011
6012
6013
6014
6015
6016
6017
6018
6019
6020
6021
6022
6023
6024
6025
6026
6027
6028
6029
6030
6031
6032
6033
6034
6035
6036
6037
6038
6039
6040
6041
6042
6043
6044
6045
6046
6047
6048
6049
6050
6051
6052
6053
6054
6055
6056
6057
6058
6059
6060
6061
6062
6063
6064
6065
6066
6067
6068
6069
6070
6071
6072
6073
6074
6075
6076
6077
6078
6079
6080
6081
6082
6083
6084
6085
6086
6087
6088
6089
6090
6091
6092
6093
6094
6095
6096
6097
6098
6099
6100
6101
6102
6103
6104
6105
6106
6107
6108
6109
6110
6111
6112
6113
6114
6115
6116
6117
6118
6119
6120
6121
6122
6123
6124
6125
6126
6127
6128
6129
6130
6131
6132
6133
6134
6135
6136
6137
6138
6139
6140
6141
6142
6143
6144
6145
6146
6147
6148
6149
6150
6151
6152
6153
6154
6155
6156
6157
6158
6159
6160
6161
6162
6163
6164
6165
6166
6167
6168
6169
6170
6171
6172
6173
6174
6175
6176
6177
6178
6179
6180
6181
6182
6183
6184
6185
6186
6187
6188
6189
6190
6191
6192
6193
6194
6195
6196
6197
6198
6199
6200
6201
6202
6203
6204
6205
6206
6207
6208
6209
6210
6211
6212
6213
6214
6215
6216
6217
6218
6219
6220
6221
6222
6223
6224
6225
6226
6227
6228
6229
6230
6231
6232
6233
6234
6235
6236
6237
6238
6239
6240
6241
6242
6243
6244
6245
6246
6247
6248
6249
6250
6251
6252
6253
6254
6255
6256
6257
6258
6259
6260
6261
6262
6263
6264
6265
6266
6267
6268
6269
6270
6271
6272
6273
6274
6275
6276
6277
6278
6279
6280
6281
6282
6283
6284
6285
6286
6287
6288
6289
6290
6291
6292
6293
6294
6295
6296
6297
6298
6299
6300
6301
6302
6303
6304
6305
6306
6307
6308
6309
6310
6311
6312
6313
6314
6315
6316
6317
6318
6319
6320
6321
6322
6323
6324
6325
6326
6327
6328
6329
6330
6331
6332
6333
6334
6335
6336
6337
6338
6339
6340
6341
6342
6343
6344
6345
6346
6347
6348
6349
6350
6351
6352
6353
6354
6355
6356
6357
6358
6359
6360
6361
6362
6363
6364
6365
6366
6367
6368
6369
6370
6371
6372
6373
6374
6375
6376
6377
6378
6379
6380
6381
6382
6383
6384
6385
6386
6387
6388
6389
6390
6391
6392
6393
6394
6395
6396
6397
6398
6399
6400
6401
6402
6403
6404
6405
6406
6407
6408
6409
6410
6411
6412
6413
6414
6415
6416
6417
6418
6419
6420
6421
6422
6423
6424
6425
6426
6427
6428
6429
6430
6431
6432
6433
6434
6435
6436
6437
6438
6439
6440
6441
6442
6443
6444
6445
6446
6447
6448
6449
6450
6451
6452
6453
6454
6455
6456
6457
6458
6459
6460
6461
6462
6463
6464
6465
6466
6467
6468
6469
6470
6471
6472
6473
6474
6475
6476
6477
6478
6479
6480
6481
6482
6483
6484
6485
6486
6487
6488
6489
6490
6491
6492
6493
6494
6495
6496
6497
6498
6499
6500
6501
6502
6503
6504
6505
6506
6507
6508
6509
6510
6511
6512
6513
6514
6515
6516
6517
6518
6519
6520
6521
6522
6523
6524
6525
6526
6527
6528
6529
6530
6531
6532
6533
6534
6535
6536
6537
6538
6539
6540
6541
6542
6543
6544
6545
6546
6547
6548
6549
6550
6551
6552
6553
6554
6555
6556
6557
6558
6559
6560
6561
6562
6563
6564
6565
6566
6567
6568
6569
6570
6571
6572
6573
6574
6575
6576
6577
6578
6579
6580
6581
6582
6583
6584
6585
6586
6587
6588
6589
6590
6591
6592
6593
6594
6595
6596
6597
6598
6599
6600
6601
6602
6603
6604
6605
6606
6607
6608
6609
6610
6611
6612
6613
6614
6615
6616
6617
6618
6619
6620
6621
6622
6623
6624
6625
6626
6627
6628
6629
6630
6631
6632
6633
6634
6635
6636
6637
6638
6639
6640
6641
6642
6643
6644
6645
6646
6647
6648
6649
6650
6651
6652
6653
6654
6655
6656
6657
6658
6659
6660
6661
6662
6663
6664
6665
6666
6667
6668
6669
6670
6671
6672
6673
6674
6675
6676
6677
6678
6679
6680
6681
6682
6683
6684
6685
6686
6687
6688
6689
6690
6691
6692
6693
6694
6695
6696
6697
6698
6699
6700
6701
6702
6703
6704
6705
6706
6707
6708
6709
6710
6711
6712
6713
6714
6715
6716
6717
6718
6719
6720
6721
6722
6723
6724
6725
6726
6727
6728
6729
6730
6731
6732
6733
6734
6735
6736
6737
6738
6739
6740
6741
6742
6743
6744
6745
6746
6747
6748
6749
6750
6751
6752
6753
6754
6755
6756
6757
6758
6759
6760
6761
6762
6763
6764
6765
6766
6767
6768
6769
6770
6771
6772
6773
6774
6775
6776
6777
6778
6779
6780
6781
6782
6783
6784
6785
6786
6787
6788
6789
6790
6791
6792
6793
6794
6795
6796
6797
6798
6799
6800
6801
6802
6803
6804
6805
6806
6807
6808
6809
6810
6811
6812
6813
6814
6815
6816
6817
6818
6819
6820
6821
6822
6823
6824
6825
6826
6827
6828
6829
6830
6831
6832
6833
6834
6835
6836
6837
6838
6839
6840
6841
6842
6843
6844
6845
6846
6847
6848
6849
6850
6851
6852
6853
6854
6855
6856
6857
6858
6859
6860
6861
6862
6863
6864
6865
6866
6867
6868
6869
6870
6871
6872
6873
6874
6875
6876
6877
6878
6879
6880
6881
6882
6883
6884
6885
6886
6887
6888
6889
6890
6891
6892
6893
6894
6895
6896
6897
6898
6899
6900
6901
6902
6903
6904
6905
6906
6907
6908
6909
6910
6911
6912
6913
6914
6915
6916
6917
6918
6919
6920
6921
6922
6923
6924
6925
6926
6927
6928
6929
6930
6931
6932
6933
6934
6935
6936
6937
6938
6939
6940
6941
6942
6943
6944
6945
6946
6947
6948
6949
6950
6951
6952
6953
6954
6955
6956
6957
6958
6959
6960
6961
6962
6963
6964
6965
6966
6967
6968
6969
6970
6971
6972
6973
6974
6975
6976
6977
6978
6979
6980
6981
6982
6983
6984
6985
6986
6987
6988
6989
6990
6991
6992
6993
6994
6995
6996
6997
6998
6999
7000
7001
7002
7003
7004
7005
7006
7007
7008
7009
7010
7011
7012
7013
7014
7015
7016
7017
7018
7019
7020
7021
7022
7023
7024
7025
7026
7027
7028
7029
7030
7031
7032
7033
7034
7035
7036
7037
7038
7039
7040
7041
7042
7043
7044
7045
7046
7047
7048
7049
7050
7051
7052
7053
7054
7055
7056
7057
7058
7059
7060
7061
7062
7063
7064
7065
7066
7067
7068
7069
7070
7071
7072
7073
7074
7075
7076
7077
7078
7079
7080
7081
7082
7083
7084
7085
7086
7087
7088
7089
7090
7091
7092
7093
7094
7095
7096
7097
7098
7099
7100
7101
7102
7103
7104
7105
7106
7107
7108
7109
7110
7111
7112
7113
7114
7115
7116
7117
7118
7119
7120
7121
7122
7123
7124
7125
7126
7127
7128
7129
7130
7131
7132
7133
7134
7135
7136
7137
7138
7139
7140
7141
7142
7143
7144
7145
7146
7147
7148
7149
7150
7151
7152
7153
7154
7155
7156
7157
7158
7159
7160
7161
7162
7163
7164
7165
7166
7167
7168
7169
7170
7171
7172
7173
7174
7175
7176
7177
7178
7179
7180
7181
7182
7183
7184
7185
7186
7187
7188
7189
7190
7191
7192
7193
7194
7195
7196
7197
7198
7199
7200
7201
7202
7203
7204
7205
7206
7207
7208
7209
7210
7211
7212
7213
7214
7215
7216
7217
7218
7219
7220
7221
7222
7223
7224
7225
7226
7227
7228
7229
7230
7231
7232
7233
7234
7235
7236
7237
7238
7239
7240
7241
7242
7243
7244
7245
7246
7247
7248
7249
7250
7251
7252
7253
7254
7255
7256
7257
7258
7259
7260
7261
7262
7263
7264
7265
7266
7267
7268
7269
7270
7271
7272
7273
7274
7275
7276
7277
7278
7279
7280
7281
7282
7283
7284
7285
7286
7287
7288
7289
7290
7291
7292
7293
7294
7295
7296
7297
7298
7299
7300
7301
7302
7303
7304
7305
7306
7307
7308
7309
7310
7311
7312
7313
7314
7315
7316
7317
7318
7319
7320
7321
7322
7323
7324
7325
7326
7327
7328
7329
7330
7331
7332
7333
7334
7335
7336
7337
7338
7339
7340
7341
7342
7343
7344
7345
7346
7347
7348
7349
7350
7351
7352
7353
7354
7355
7356
7357
7358
7359
7360
7361
7362
7363
7364
7365
7366
7367
7368
7369
7370
7371
7372
7373
7374
7375
7376
7377
7378
7379
7380
7381
7382
7383
7384
7385
7386
7387
7388
7389
7390
7391
7392
7393
7394
7395
7396
7397
7398
7399
7400
7401
7402
7403
7404
7405
7406
7407
7408
7409
7410
7411
7412
7413
7414
7415
7416
7417
7418
7419
7420
7421
7422
7423
7424
7425
7426
7427
7428
7429
7430
7431
7432
7433
7434
7435
7436
7437
7438
7439
7440
7441
7442
7443
7444
7445
7446
7447
7448
7449
7450
7451
7452
7453
7454
7455
7456
7457
7458
7459
7460
7461
7462
7463
7464
7465
7466
7467
7468
7469
7470
7471
7472
7473
7474
7475
7476
7477
7478
7479
7480
7481
7482
7483
7484
7485
7486
7487
7488
7489
7490
7491
7492
7493
7494
7495
7496
7497
7498
7499
7500
7501
7502
7503
7504
7505
7506
7507
7508
7509
7510
7511
7512
7513
7514
7515
7516
7517
7518
7519
7520
7521
7522
7523
7524
7525
7526
7527
7528
7529
7530
7531
7532
7533
7534
7535
7536
7537
7538
7539
7540
7541
7542
7543
7544
7545
7546
7547
7548
7549
7550
7551
7552
7553
7554
7555
7556
7557
7558
7559
7560
7561
7562
7563
7564
7565
7566
7567
7568
7569
7570
7571
7572
7573
7574
7575
7576
7577
7578
7579
7580
7581
7582
7583
7584
7585
7586
7587
7588
7589
7590
7591
7592
7593
7594
7595
7596
7597
7598
7599
7600
7601
7602
7603
7604
7605
7606
7607
7608
7609
7610
7611
7612
7613
7614
7615
7616
7617
7618
7619
7620
7621
7622
7623
7624
7625
7626
7627
7628
7629
7630
7631
7632
7633
7634
7635
7636
7637
7638
7639
7640
7641
7642
7643
7644
7645
7646
7647
7648
7649
7650
7651
7652
7653
7654
7655
7656
7657
7658
7659
7660
7661
7662
7663
7664
7665
7666
7667
7668
7669
7670
7671
7672
7673
7674
7675
7676
7677
7678
7679
7680
7681
7682
7683
7684
7685
7686
7687
7688
7689
7690
7691
7692
7693
7694
7695
7696
7697
7698
7699
7700
7701
7702
7703
7704
7705
7706
7707
7708
7709
7710
7711
7712
7713
7714
7715
7716
7717
7718
7719
7720
7721
7722
7723
7724
7725
7726
7727
7728
7729
7730
7731
7732
7733
7734
7735
7736
7737
7738
7739
7740
7741
7742
7743
7744
7745
7746
7747
7748
7749
7750
7751
7752
7753
7754
7755
7756
7757
7758
7759
7760
7761
7762
7763
7764
7765
7766
7767
7768
7769
7770
7771
7772
7773
7774
7775
7776
7777
7778
7779
7780
7781
7782
7783
7784
7785
7786
7787
7788
7789
7790
7791
7792
7793
7794
7795
7796
7797
7798
7799
7800
7801
7802
7803
7804
7805
7806
7807
7808
7809
7810
7811
7812
7813
7814
7815
7816
7817
7818
7819
7820
7821
7822
7823
7824
7825
7826
7827
7828
7829
7830
7831
7832
7833
7834
7835
7836
7837
7838
7839
7840
7841
7842
7843
7844
7845
7846
7847
7848
7849
7850
7851
7852
7853
7854
7855
7856
7857
7858
7859
7860
7861
7862
7863
7864
7865
7866
7867
7868
7869
7870
7871
7872
7873
7874
7875
7876
7877
7878
7879
7880
7881
7882
7883
7884
7885
7886
7887
7888
7889
7890
7891
7892
7893
7894
7895
7896
7897
7898
7899
7900
7901
7902
7903
7904
7905
7906
7907
7908
7909
7910
7911
7912
7913
7914
7915
7916
7917
7918
7919
7920
7921
7922
7923
7924
7925
7926
7927
7928
7929
7930
7931
7932
7933
7934
7935
7936
7937
7938
7939
7940
7941
7942
7943
7944
7945
7946
7947
7948
7949
7950
7951
7952
7953
7954
7955
7956
7957
7958
7959
7960
7961
7962
7963
7964
7965
7966
7967
7968
7969
7970
7971
7972
7973
7974
7975
7976
7977
7978
7979
7980
7981
7982
7983
7984
7985
7986
7987
7988
7989
7990
7991
7992
7993
7994
7995
7996
7997
7998
7999
8000
8001
8002
8003
8004
8005
8006
8007
8008
8009
8010
8011
8012
8013
8014
8015
8016
8017
8018
8019
8020
8021
8022
8023
8024
8025
6.25 5 12
12.5 5 12
18.75 5 12
25 5 12
31.25 5 12
37.49999999999999 5 12
43.75000000000002 5 12
50 5 12
56.25 5 12
62.5 5 12
68.75 5 12
74.99999999999999 5 12
81.25 5 12
87.50000000000004 5 12
93.75 5 12
100 5 12
106.25 5 12
112.5 5 12
118.75 5 12
125 5 12
131.25 5 12
137.5 5 12
143.75 5 12
150 5 12
156.25 5 12
162.5 5 12
168.75 5 12
175.0000000000001 5 12
181.2500000000001 5 12
187.5 5 12
193.75 5 12
200 5 12
206.2500000000001 5 12
212.5000000000001 5 12
218.75 5 12
225 5 12
231.25 5 12
237.5000000000001 5 12
243.7500000000001 5 12
250 5 12
256.2499999999999 5 12
262.5 5 12
268.75 5 12
275 5 12
281.25 5 12
287.4999999999999 5 12
293.75 5 12
299.9999999999999 5 12
306.25 5 12
312.5 5 12
318.7499999999999 5 12
325 5 12
331.2499999999999 5 12
337.5 5 12
343.75 5 12
350.0000000000002 5 12
356.25 5 12
362.5000000000002 5 12
368.75 5 12
375 5 12
381.2500000000002 5 12
387.5 5 12
393.7500000000002 5 12
400 5 12
406.25 5 12
412.5000000000002 5 12
418.75 5 12
425.0000000000002 5 12
431.25 5 12
437.5 5 12
443.7500000000002 5 12
450 5 12
456.2500000000002 5 12
462.5 5 12
468.75 5 12
475.0000000000002 5 12
481.25 5 12
487.5000000000002 5 12
493.75 5 12
500 5 12
506.25 5 12
512.4999999999999 5 12
518.75 5 12
525 5 12
531.25 5 12
537.5 5 12
543.7499999999999 5 12
550 5 12
556.25 5 12
562.5 5 12
568.75 5 12
574.9999999999999 5 12
581.25 5 12
587.5 5 12
593.75 5 12
599.9999999999999 5 12
606.2499999999999 5 12
612.5 5 12
618.75 5 12
625 5 12
631.2499999999999 5 12
637.4999999999999 5 12
643.75 5 12
650 5 12
656.25 5 12
662.4999999999999 5 12
668.7499999999999 5 12
675 5 12
681.25 5 12
687.5 5 12
693.7500000000003 5 12
700.0000000000003 5 12
706.25 5 12
712.5 5 12
718.75 5 12
725.0000000000003 5 12
731.2500000000003 5 12
737.5 5 12
743.75 5 12
750 5 12
756.2500000000003 5 12
762.5000000000003 5 12
768.75 5 12
775 5 12
781.25 5 12
787.5000000000003 5 12
793.7500000000003 5 12
800 5 12
806.25 5 12
812.5 5 12
818.7500000000003 5 12
825.0000000000003 5 12
831.25 5 12
837.5 5 12
843.75 5 12
850.0000000000003 5 12
856.2500000000003 5 12
862.5 5 12
868.75 5 12
875 5 12
881.2500000000003 5 12
887.5000000000003 5 12
893.75 5 12
900 5 12
906.25 5 12
912.5000000000003 5 12
918.7500000000003 5 12
925 5 12
931.25 5 12
937.5 5 12
943.7500000000003 5 12
950.0000000000003 5 12
956.25 5 12
962.5 5 12
968.75 5 12
975.0000000000003 5 12
981.2500000000003 5 12
987.5 5 12
993.75 5 12
3.125 5 12
6.25 2.5 12
6.25 5 6
3.125 2.5 12
3.125 5 6
6.25 2.5 6
3.125 2.5 6
9.375 5 12
12.5 2.5 12
12.5 5 5.999999999999999
9.375 2.5 12
9.375 5 6
12.5 2.5 6
9.375 2.5 6
15.625 5 12
18.75 2.5 12
18.75 5 6.000000000000001
15.625 2.5 12
15.625 5 6
18.75 2.5 6
15.625 2.5 6
21.875 5 12
25 2.5 12
25 5 6
21.875 2.5 12
21.875 5 6
25 2.5 6
21.875 2.5 6
28.125 5 12
31.25 2.5 12
31.25 5 6
28.125 2.5 12
28.125 5 6
31.25 2.5 6
28.125 2.5 6
34.375 5 12
37.5 2.5 12
37.5 5 6
34.375 2.5 12
34.375 5 6
37.50000000000001 2.5 6
34.375 2.5 6
40.62500000000001 5 12
43.75000000000001 2.5 12
43.75000000000001 5 5.999999999999999
40.62500000000001 2.5 12
40.62500000000001 5 6
43.75000000000001 2.5 6
40.62500000000001 2.5 6
46.87500000000001 5 12
50 2.5 12
50 5 6.000000000000001
46.87500000000001 2.5 12
46.87500000000001 5 6
50 2.5 6
46.875 2.5 6
53.125 5 12
56.25 2.5 12
56.25 5 6
53.125 2.5 12
53.125 5 6
56.25 2.5 6
53.125 2.5 6
59.375 5 12
62.5 2.5 12
62.5 5 6
59.375 2.5 12
59.375 5 6
62.5 2.5 6
59.375 2.5 6
65.625 5 12
68.75 2.5 12
68.75 5 6
65.625 2.5 12
65.625 5 6
68.75 2.5 6
65.625 2.5 6
71.875 5 12
75 2.5 12
75 5 5.999999999999999
71.875 2.5 12
71.875 5 6
75.00000000000001 2.5 6
71.875 2.5 6
78.125 5 12
81.25 2.5 12
81.25 5 6.000000000000001
78.125 2.5 12
78.125 5 6
81.25 2.5 6
78.125 2.5 6
84.37500000000003 5 12
87.50000000000003 2.5 12
87.50000000000003 5 6
84.37500000000001 2.5 12
84.37500000000001 5 6
87.50000000000003 2.5 6
84.37500000000003 2.5 6
90.62500000000003 5 12
93.75 2.5 12
93.75 5 6
90.62500000000001 2.5 12
90.62500000000001 5 6
93.75 2.5 6
90.625 2.5 6
96.875 5 12
100 2.5 12
100 5 6
96.875 2.5 12
96.875 5 6
100 2.5 6
96.875 2.5 6
103.125 5 12
106.25 2.5 12
106.25 5 5.999999999999999
103.125 2.5 12
103.125 5 6
106.25 2.5 6
103.125 2.5 6
109.375 5 12
112.5 2.5 12
112.5 5 6.000000000000001
109.375 2.5 12
109.375 5 6
112.5 2.5 6
109.375 2.5 6
115.625 5 12
118.75 2.5 12
118.75 5 6
115.625 2.5 12
115.625 5 6
118.75 2.5 6
115.625 2.5 6
121.875 5 12
125 2.5 12
125 5 6
121.875 2.5 12
121.875 5 6
125 2.5 6
121.875 2.5 6
128.125 5 12
131.25 2.5 12
131.25 5 6
128.125 2.5 12
128.125 5 6
131.25 2.5 6
128.125 2.5 6
134.375 5 12
137.5 2.5 12
137.5 5 5.999999999999999
134.375 2.5 12
134.375 5 6
137.5 2.5 6
134.375 2.5 6
140.625 5 12
143.75 2.5 12
143.75 5 6.000000000000001
140.625 2.5 12
140.625 5 6
143.75 2.5 6
140.625 2.5 6
146.875 5 12
150 2.5 12
150 5 6
146.875 2.5 12
146.875 5 6
150 2.5 6
146.875 2.5 6
153.125 5 12
156.25 2.5 12
156.25 5 6
153.125 2.5 12
153.125 5 6
156.25 2.5 6
153.125 2.5 6
159.375 5 12
162.5 2.5 12
162.5 5 6
159.375 2.5 12
159.375 5 6
162.5 2.5 6
159.375 2.5 6
165.625 5 12
168.75 2.5 12
168.75 5 5.999999999999999
165.625 2.5 12
165.625 5 6
168.75 2.5 6
165.625 2.5 6
171.8750000000001 5 12
175.0000000000001 2.5 12
175.0000000000001 5 6.000000000000001
171.875 2.5 12
171.875 5 6
175.0000000000001 2.5 6
171.8750000000001 2.5 6
178.1250000000001 5 12
181.2500000000001 2.5 12
181.2500000000001 5 6
178.1250000000001 2.5 12
178.1250000000001 5 6
181.2500000000001 2.5 6
178.1250000000001 2.5 6
184.3750000000001 5 12
187.5 2.5 12
187.5 5 6
184.375 2.5 12
184.375 5 6
187.5 2.5 6
184.375 2.5 6
190.625 5 12
193.75 2.5 12
193.75 5 6
190.625 2.5 12
190.625 5 6
193.75 2.5 6
190.625 2.5 6
196.875 5 12
200 2.5 12
200 5 5.999999999999999
196.875 2.5 12
196.875 5 6
200 2.5 6
196.875 2.5 6
203.1250000000001 5 12
206.2500000000001 2.5 12
206.2500000000001 5 6.000000000000001
203.125 2.5 12
203.125 5 6
206.2500000000001 2.5 6
203.1250000000001 2.5 6
209.3750000000001 5 12
212.5000000000001 2.5 12
212.5000000000001 5 6
209.3750000000001 2.5 12
209.3750000000001 5 6
212.5000000000001 2.5 6
209.3750000000001 2.5 6
215.6250000000001 5 12
218.75 2.5 12
218.75 5 6
215.625 2.5 12
215.625 5 6
218.75 2.5 6
215.625 2.5 6
221.875 5 12
225 2.5 12
225 5 6
221.875 2.5 12
221.875 5 6
225 2.5 6
221.875 2.5 6
228.125 5 12
231.25 2.5 12
231.25 5 5.999999999999999
228.125 2.5 12
228.125 5 6
231.25 2.5 6
228.125 2.5 6
234.3750000000001 5 12
237.5000000000001 2.5 12
237.5000000000001 5 6.000000000000001
234.375 2.5 12
234.375 5 6
237.5000000000001 2.5 6
234.3750000000001 2.5 6
240.6250000000001 5 12
243.7500000000001 2.5 12
243.7500000000001 5 6
240.6250000000001 2.5 12
240.6250000000001 5 6
243.7500000000001 2.5 6
240.6250000000001 2.5 6
246.8750000000001 5 12
250 2.5 12
250 5 6
246.875 2.5 12
246.875 5 6
250 2.5 6
246.875 2.5 6
253.125 5 12
256.25 2.5 12
256.25 5 6
253.125 2.5 12
253.125 5 6
256.2500000000001 2.5 6
253.1250000000001 2.5 6
259.375 5 12
262.5 2.5 12
262.5 5 5.999999999999999
259.375 2.5 12
259.375 5 6
262.5 2.5 6
259.375 2.5 6
265.625 5 12
268.75 2.5 12
268.75 5 6.000000000000001
265.625 2.5 12
265.625 5 6
268.75 2.5 6
265.625 2.5 6
271.875 5 12
275 2.5 12
275 5 6
271.875 2.5 12
271.875 5 6
275 2.5 6
271.875 2.5 6
278.125 5 12
281.25 2.5 12
281.25 5 6
278.125 2.5 12
278.125 5 6
281.25 2.5 6
278.125 2.5 6
284.375 5 12
287.5 2.5 12
287.5 5 6
284.375 2.5 12
284.375 5 6
287.5000000000001 2.5 6
284.375 2.5 6
290.625 5 12
293.75 2.5 12
293.75 5 5.999999999999999
290.625 2.5 12
290.625 5 6
293.75 2.5 6
290.625 2.5 6
296.875 5 12
300 2.5 12
300 5 6
296.875 2.5 12
296.875 5 6
300.0000000000001 2.5 6
296.875 2.5 6
303.125 5 12
306.25 2.5 12
306.25 5 6
303.125 2.5 12
303.125 5 6
306.25 2.5 6
303.125 2.5 6
309.375 5 12
312.5 2.5 12
312.5 5 6
309.375 2.5 12
309.375 5 6
312.5 2.5 6
309.375 2.5 6
315.625 5 12
318.75 2.5 12
318.75 5 6
315.625 2.5 12
315.625 5 6
318.7500000000001 2.5 6
315.625 2.5 6
321.875 5 12
325 2.5 12
325 5 5.999999999999999
321.875 2.5 12
321.875 5 6
325 2.5 6
321.875 2.5 6
328.125 5 12
331.25 2.5 12
331.25 5 6
328.125 2.5 12
328.125 5 6
331.2500000000001 2.5 6
328.125 2.5 6
334.375 5 12
337.5 2.5 12
337.5 5 6
334.375 2.5 12
334.375 5 6
337.5 2.5 6
334.375 2.5 6
340.625 5 12
343.75 2.5 12
343.75 5 6
340.625 2.5 12
340.625 5 6
343.75 2.5 6
340.625 2.5 6
346.8750000000001 5 12
350.0000000000001 2.5 12
350.0000000000001 5 6
346.8750000000001 2.5 12
346.8750000000001 5 6
350.0000000000001 2.5 6
346.8750000000001 2.5 6
353.1250000000001 5 12
356.25 2.5 12
356.25 5 6
353.1250000000001 2.5 12
353.1250000000001 5 6
356.25 2.5 6
353.125 2.5 6
359.3750000000001 5 12
362.5000000000001 2.5 12
362.5000000000001 5 6
359.3750000000001 2.5 12
359.3750000000001 5 6
362.5000000000001 2.5 6
359.3750000000001 2.5 6
365.6250000000001 5 12
368.75 2.5 12
368.75 5 6
365.6250000000001 2.5 12
365.6250000000001 5 6
368.75 2.5 6
365.625 2.5 6
371.875 5 12
375 2.5 12
375 5 6
371.875 2.5 12
371.875 5 6
375 2.5 6
371.875 2.5 6
378.1250000000001 5 12
381.2500000000001 2.5 12
381.2500000000001 5 6
378.1250000000001 2.5 12
378.1250000000001 5 6
381.2500000000001 2.5 6
378.1250000000001 2.5 6
384.3750000000001 5 12
387.5 2.5 12
387.5 5 6
384.3750000000001 2.5 12
384.3750000000001 5 6
387.5 2.5 6
384.375 2.5 6
390.6250000000001 5 12
393.7500000000001 2.5 12
393.7500000000001 5 6
390.6250000000001 2.5 12
390.6250000000001 5 6
393.7500000000001 2.5 6
390.6250000000001 2.5 6
396.8750000000001 5 12
400 2.5 12
400 5 6
396.8750000000001 2.5 12
396.8750000000001 5 6
400 2.5 6
396.875 2.5 6
403.125 5 12
406.25 2.5 12
406.25 5 6
403.125 2.5 12
403.125 5 6
406.25 2.5 6
403.125 2.5 6
409.3750000000001 5 12
412.5000000000001 2.5 12
412.5000000000001 5 6
409.3750000000001 2.5 12
409.3750000000001 5 6
412.5000000000001 2.5 6
409.3750000000001 2.5 6
415.6250000000001 5 12
418.75 2.5 12
418.75 5 6
415.6250000000001 2.5 12
415.6250000000001 5 6
418.75 2.5 6
415.625 2.5 6
421.8750000000001 5 12
425.0000000000001 2.5 12
425.0000000000001 5 6
421.8750000000001 2.5 12
421.8750000000001 5 6
425.0000000000001 2.5 6
421.8750000000001 2.5 6
428.1250000000001 5 12
431.25 2.5 12
431.25 5 6
428.1250000000001 2.5 12
428.1250000000001 5 6
431.25 2.5 6
428.125 2.5 6
434.375 5 12
437.5 2.5 12
437.5 5 6
434.375 2.5 12
434.375 5 6
437.5 2.5 6
434.375 2.5 6
440.6250000000001 5 12
443.7500000000001 2.5 12
443.7500000000001 5 6
440.6250000000001 2.5 12
440.6250000000001 5 6
443.7500000000001 2.5 6
440.6250000000001 2.5 6
446.8750000000001 5 12
450 2.5 12
450 5 6
446.8750000000001 2.5 12
446.8750000000001 5 6
450 2.5 6
446.875 2.5 6
453.1250000000001 5 12
456.2500000000001 2.5 12
456.2500000000001 5 6
453.1250000000001 2.5 12
453.1250000000001 5 6
456.2500000000001 2.5 6
453.1250000000001 2.5 6
459.3750000000001 5 12
462.5 2.5 12
462.5 5 6
459.3750000000001 2.5 12
459.3750000000001 5 6
462.5 2.5 6
459.375 2.5 6
465.625 5 12
468.75 2.5 12
468.75 5 6
465.625 2.5 12
465.625 5 6
468.75 2.5 6
465.625 2.5 6
471.8750000000001 5 12
475.0000000000001 2.5 12
475.0000000000001 5 6
471.8750000000001 2.5 12
471.8750000000001 5 6
475.0000000000001 2.5 6
471.8750000000001 2.5 6
478.1250000000001 5 12
481.25 2.5 12
481.25 5 6
478.1250000000001 2.5 12
478.1250000000001 5 6
481.25 2.5 6
478.125 2.5 6
484.3750000000001 5 12
487.5000000000001 2.5 12
487.5000000000001 5 6
484.3750000000001 2.5 12
484.3750000000001 5 6
487.5000000000001 2.5 6
484.3750000000001 2.5 6
490.6250000000001 5 12
493.75 2.5 12
493.75 5 6
490.6250000000001 2.5 12
490.6250000000001 5 6
493.75 2.5 6
490.625 2.5 6
496.875 5 12
500 2.5 12
500 5 6
496.875 2.5 12
496.875 5 6
500 2.5 6
496.875 2.5 6
503.125 5 12
506.25 2.5 12
506.25 5 6
503.125 2.5 12
503.125 5 6
506.25 2.5 6
503.125 2.5 6
509.3749999999999 5 12
512.5 2.5 12
512.5 5 6.000000000000001
509.375 2.5 12
509.375 5 6
512.5000000000001 2.5 6
509.3750000000001 2.5 6
515.625 5 12
518.75 2.5 12
518.75 5 6
515.625 2.5 12
515.625 5 6
518.75 2.5 6
515.625 2.5 6
521.875 5 12
525 2.5 12
525 5 6
521.875 2.5 12
521.875 5 6
525 2.5 6
521.875 2.5 6
528.125 5 12
531.25 2.5 12
531.25 5 6
528.125 2.5 12
528.125 5 6
531.25 2.5 6
528.125 2.5 6
534.375 5 12
537.5 2.5 12
537.5 5 6
534.375 2.5 12
534.375 5 6
537.5 2.5 6
534.375 2.5 6
540.625 5 12
543.75 2.5 12
543.75 5 6.000000000000001
540.625 2.5 12
540.625 5 6
543.7500000000001 2.5 6
540.625 2.5 6
546.875 5 12
550 2.5 12
550 5 6
546.875 2.5 12
546.875 5 6
550 2.5 6
546.875 2.5 6
553.125 5 12
556.25 2.5 12
556.25 5 6
553.125 2.5 12
553.125 5 6
556.25 2.5 6
553.125 2.5 6
559.375 5 12
562.5 2.5 12
562.5 5 6
559.375 2.5 12
559.375 5 6
562.5 2.5 6
559.375 2.5 6
565.625 5 12
568.75 2.5 12
568.75 5 6
565.625 2.5 12
565.625 5 6
568.75 2.5 6
565.625 2.5 6
571.875 5 12
575 2.5 12
575 5 6.000000000000001
571.875 2.5 12
571.875 5 6
575.0000000000001 2.5 6
571.875 2.5 6
578.125 5 12
581.25 2.5 12
581.25 5 6
578.125 2.5 12
578.125 5 6
581.25 2.5 6
578.125 2.5 6
584.375 5 12
587.5 2.5 12
587.5 5 6
584.375 2.5 12
584.375 5 6
587.5 2.5 6
584.375 2.5 6
590.625 5 12
593.75 2.5 12
593.75 5 6
590.625 2.5 12
590.625 5 6
593.75 2.5 6
590.625 2.5 6
596.875 5 12
600 2.5 12
600 5 6
596.875 2.5 12
596.875 5 6
600.0000000000001 2.5 6
596.875 2.5 6
603.1249999999999 5 12
606.25 2.5 12
606.25 5 6.000000000000001
603.125 2.5 12
603.125 5 6
606.2500000000001 2.5 6
603.125 2.5 6
609.375 5 12
612.5 2.5 12
612.5 5 6
609.375 2.5 12
609.375 5 6
612.5 2.5 6
609.375 2.5 6
615.625 5 12
618.75 2.5 12
618.75 5 6
615.625 2.5 12
615.625 5 6
618.75 2.5 6
615.625 2.5 6
621.875 5 12
625 2.5 12
625 5 6
621.875 2.5 12
621.875 5 6
625 2.5 6
621.875 2.5 6
628.125 5 12
631.25 2.5 12
631.25 5 6
628.125 2.5 12
628.125 5 6
631.2500000000001 2.5 6
628.125 2.5 6
634.3749999999999 5 12
637.5 2.5 12
637.5 5 6.000000000000001
634.375 2.5 12
634.375 5 6
637.5000000000001 2.5 6
634.375 2.5 6
640.625 5 12
643.75 2.5 12
643.75 5 6
640.625 2.5 12
640.625 5 6
643.75 2.5 6
640.625 2.5 6
646.875 5 12
650 2.5 12
650 5 6
646.875 2.5 12
646.875 5 6
650 2.5 6
646.875 2.5 6
653.125 5 12
656.25 2.5 12
656.25 5 6
653.125 2.5 12
653.125 5 6
656.25 2.5 6
653.125 2.5 6
659.375 5 12
662.5 2.5 12
662.5 5 6
659.375 2.5 12
659.375 5 6
662.5000000000001 2.5 6
659.375 2.5 6
665.6249999999999 5 12
668.75 2.5 12
668.75 5 6
665.625 2.5 12
665.625 5 6
668.7500000000001 2.5 6
665.625 2.5 6
671.875 5 12
675 2.5 12
675 5 6
671.875 2.5 12
671.875 5 6
675 2.5 6
671.875 2.5 6
678.125 5 12
681.25 2.5 12
681.25 5 6
678.125 2.5 12
678.125 5 6
681.25 2.5 6
678.125 2.5 6
684.375 5 12
687.5 2.5 12
687.5 5 6
684.375 2.5 12
684.375 5 6
687.5 2.5 6
684.375 2.5 6
690.6250000000002 5 12
693.7500000000002 2.5 12
693.7500000000002 5 6
690.6250000000001 2.5 12
690.6250000000001 5 6
693.7500000000002 2.5 6
690.6250000000002 2.5 6
696.8750000000003 5 12
700.0000000000002 2.5 12
700.0000000000002 5 6
696.8750000000002 2.5 12
696.8750000000002 5 6
700.0000000000002 2.5 6
696.8750000000005 2.5 6
703.1250000000002 5 12
706.25 2.5 12
706.25 5 6
703.1250000000001 2.5 12
703.1250000000001 5 6
706.25 2.5 6
703.125 2.5 6
709.375 5 12
712.5 2.5 12
712.5 5 6
709.375 2.5 12
709.375 5 6
712.5 2.5 6
709.375 2.5 6
715.625 5 12
718.75 2.5 12
718.75 5 6
715.625 2.5 12
715.625 5 6
718.75 2.5 6
715.625 2.5 6
721.8750000000002 5 12
725.0000000000002 2.5 12
725.0000000000002 5 6
721.8750000000001 2.5 12
721.8750000000001 5 6
725.0000000000002 2.5 6
721.8750000000002 2.5 6
728.1250000000003 5 12
731.2500000000002 2.5 12
731.2500000000002 5 6
728.1250000000002 2.5 12
728.1250000000002 5 6
731.2500000000002 2.5 6
728.1250000000005 2.5 6
734.3750000000002 5 12
737.5 2.5 12
737.5 5 6
734.3750000000001 2.5 12
734.3750000000001 5 6
737.5 2.5 6
734.375 2.5 6
740.625 5 12
743.75 2.5 12
743.75 5 6
740.625 2.5 12
740.625 5 6
743.75 2.5 6
740.625 2.5 6
746.875 5 12
750 2.5 12
750 5 6
746.875 2.5 12
746.875 5 6
750 2.5 6
746.875 2.5 6
753.1250000000002 5 12
756.2500000000002 2.5 12
756.2500000000002 5 6
753.1250000000001 2.5 12
753.1250000000001 5 6
756.2500000000002 2.5 6
753.1250000000002 2.5 6
759.3750000000003 5 12
762.5000000000002 2.5 12
762.5000000000002 5 6
759.3750000000002 2.5 12
759.3750000000002 5 6
762.5000000000002 2.5 6
759.3750000000005 2.5 6
765.6250000000002 5 12
768.75 2.5 12
768.75 5 6
765.6250000000001 2.5 12
765.6250000000001 5 6
768.75 2.5 6
765.625 2.5 6
771.875 5 12
775 2.5 12
775 5 6
771.875 2.5 12
771.875 5 6
775 2.5 6
771.875 2.5 6
778.125 5 12
781.25 2.5 12
781.25 5 6
778.125 2.5 12
778.125 5 6
781.25 2.5 6
778.125 2.5 6
784.3750000000002 5 12
787.5000000000002 2.5 12
787.5000000000002 5 6
784.3750000000001 2.5 12
784.3750000000001 5 6
787.5000000000002 2.5 6
784.3750000000002 2.5 6
790.6250000000003 5 12
793.7500000000002 2.5 12
793.7500000000002 5 6
790.6250000000002 2.5 12
790.6250000000002 5 6
793.7500000000002 2.5 6
790.6250000000005 2.5 6
796.8750000000002 5 12
800 2.5 12
800 5 6
796.8750000000001 2.5 12
796.8750000000001 5 6
800 2.5 6
796.875 2.5 6
803.125 5 12
806.25 2.5 12
806.25 5 6
803.125 2.5 12
803.125 5 6
806.25 2.5 6
803.125 2.5 6
809.375 5 12
812.5 2.5 12
812.5 5 6
809.375 2.5 12
809.375 5 6
812.5 2.5 6
809.375 2.5 6
815.6250000000002 5 12
818.7500000000002 2.5 12
818.7500000000002 5 6
815.6250000000001 2.5 12
815.6250000000001 5 6
818.7500000000002 2.5 6
815.6250000000002 2.5 6
821.8750000000003 5 12
825.0000000000002 2.5 12
825.0000000000002 5 6
821.8750000000002 2.5 12
821.8750000000002 5 6
825.0000000000002 2.5 6
821.8750000000005 2.5 6
828.1250000000002 5 12
831.25 2.5 12
831.25 5 6
828.1250000000001 2.5 12
828.1250000000001 5 6
831.25 2.5 6
828.125 2.5 6
834.375 5 12
837.5 2.5 12
837.5 5 6
834.375 2.5 12
834.375 5 6
837.5 2.5 6
834.375 2.5 6
840.625 5 12
843.75 2.5 12
843.75 5 6
840.625 2.5 12
840.625 5 6
843.75 2.5 6
840.625 2.5 6
846.8750000000002 5 12
850.0000000000002 2.5 12
850.0000000000002 5 6
846.8750000000001 2.5 12
846.8750000000001 5 6
850.0000000000002 2.5 6
846.8750000000002 2.5 6
853.1250000000003 5 12
856.2500000000002 2.5 12
856.2500000000002 5 6
853.1250000000002 2.5 12
853.1250000000002 5 6
856.2500000000002 2.5 6
853.1250000000005 2.5 6
859.3750000000002 5 12
862.5 2.5 12
862.5 5 6
859.3750000000001 2.5 12
859.3750000000001 5 6
862.5 2.5 6
859.375 2.5 6
865.625 5 12
868.75 2.5 12
868.75 5 6
865.625 2.5 12
865.625 5 6
868.75 2.5 6
865.625 2.5 6
871.875 5 12
875 2.5 12
875 5 6
871.875 2.5 12
871.875 5 6
875 2.5 6
871.875 2.5 6
878.1250000000002 5 12
881.2500000000002 2.5 12
881.2500000000002 5 6
878.1250000000001 2.5 12
878.1250000000001 5 6
881.2500000000002 2.5 6
878.1250000000002 2.5 6
884.3750000000003 5 12
887.5000000000002 2.5 12
887.5000000000002 5 6
884.3750000000002 2.5 12
884.3750000000002 5 6
887.5000000000002 2.5 6
884.3750000000005 2.5 6
890.6250000000002 5 12
893.75 2.5 12
893.75 5 6
890.6250000000001 2.5 12
890.6250000000001 5 6
893.75 2.5 6
890.625 2.5 6
896.875 5 12
900 2.5 12
900 5 6
896.875 2.5 12
896.875 5 6
900 2.5 6
896.875 2.5 6
903.125 5 12
906.25 2.5 12
906.25 5 6
903.125 2.5 12
903.125 5 6
906.25 2.5 6
903.125 2.5 6
909.3750000000002 5 12
912.5000000000002 2.5 12
912.5000000000002 5 6
909.3750000000001 2.5 12
909.3750000000001 5 6
912.5000000000002 2.5 6
909.3750000000002 2.5 6
915.6250000000003 5 12
918.7500000000002 2.5 12
918.7500000000002 5 6
915.6250000000002 2.5 12
915.6250000000002 5 6
918.7500000000002 2.5 6
915.6250000000005 2.5 6
921.8750000000002 5 12
925 2.5 12
925 5 6
921.8750000000001 2.5 12
921.8750000000001 5 6
925 2.5 6
921.875 2.5 6
928.125 5 12
931.25 2.5 12
931.25 5 6
928.125 2.5 12
928.125 5 6
931.25 2.5 6
928.125 2.5 6
934.375 5 12
937.5 2.5 12
937.5 5 6
934.375 2.5 12
934.375 5 6
937.5 2.5 6
934.375 2.5 6
940.6250000000002 5 12
943.7500000000002 2.5 12
943.7500000000002 5 6
940.6250000000001 2.5 12
940.6250000000001 5 6
943.7500000000002 2.5 6
940.6250000000002 2.5 6
946.8750000000003 5 12
950.0000000000002 2.5 12
950.0000000000002 5 6
946.8750000000002 2.5 12
946.8750000000002 5 6
950.0000000000002 2.5 6
946.8750000000005 2.5 6
953.1250000000002 5 12
956.25 2.5 12
956.25 5 6
953.1250000000001 2.5 12
953.1250000000001 5 6
956.25 2.5 6
953.125 2.5 6
959.375 5 12
962.5 2.5 12
962.5 5 6
959.375 2.5 12
959.375 5 6
962.5 2.5 6
959.375 2.5 6
965.625 5 12
968.75 2.5 12
968.75 5 6
965.625 2.5 12
965.625 5 6
968.75 2.5 6
965.625 2.5 6
971.8750000000002 5 12
975.0000000000002 2.5 12
975.0000000000002 5 6
971.8750000000001 2.5 12
971.8750000000001 5 6
975.0000000000002 2.5 6
971.8750000000002 2.5 6
978.1250000000003 5 12
981.2500000000002 2.5 12
981.2500000000002 5 6
978.1250000000002 2.5 12
978.1250000000002 5 6
981.2500000000002 2.5 6
978.1250000000005 2.5 6
984.3750000000002 5 12
987.5 2.5 12
987.5 5 6
984.3750000000001 2.5 12
984.3750000000001 5 6
987.5 2.5 6
984.375 2.5 6
990.625 5 12
993.75 2.5 12
993.75 5 6
990.625 2.5 12
990.625 5 6
993.75 2.5 6
990.625 2.5 6
996.875 5 12
996.875 2.5 12
996.875 5 6
996.875 2.5 6
6.25 7.5 12
3.125 7.5 12
6.25 7.5 6
3.125 7.5 6
12.5 7.5 12
9.375 7.5 12
12.5 7.5 6
9.375 7.5 6
18.75 7.5 12
15.625 7.5 12
18.75 7.5 6
15.62500000000001 7.5 6
25 7.5 12
21.875 7.5 12
25 7.5 6
21.875 7.5 6
31.25 7.5 12
28.125 7.5 12
31.25 7.5 6
28.125 7.5 6
37.5 7.5 12
34.375 7.5 12
37.50000000000001 7.5 6
34.375 7.5 6
43.75000000000001 7.5 12
40.62500000000001 7.5 12
43.75000000000001 7.5 6
40.62500000000001 7.5 6
50 7.5 12
46.87500000000001 7.5 12
50 7.5 6
46.875 7.5 6
56.25 7.5 12
53.125 7.5 12
56.25 7.5 6
53.125 7.5 6
62.5 7.5 12
59.375 7.5 12
62.5 7.5 6
59.375 7.5 6
68.75 7.5 12
65.625 7.5 12
68.75 7.5 6
65.625 7.5 6
75 7.5 12
71.875 7.5 12
75.00000000000001 7.5 6
71.875 7.5 6
81.25 7.5 12
78.125 7.5 12
81.25 7.5 6
78.125 7.5 6
87.50000000000003 7.5 12
84.37500000000001 7.5 12
87.50000000000003 7.5 6
84.37500000000003 7.5 6
93.75 7.5 12
90.62500000000001 7.5 12
93.75 7.5 6
90.625 7.5 6
100 7.5 12
96.875 7.5 12
100 7.5 6
96.875 7.5 6
106.25 7.5 12
103.125 7.5 12
106.25 7.5 6
103.125 7.5 6
112.5 7.5 12
109.375 7.5 12
112.5 7.5 6
109.375 7.5 6
118.75 7.5 12
115.625 7.5 12
118.75 7.5 6
115.625 7.5 6
125 7.5 12
121.875 7.5 12
125 7.5 6
121.875 7.5 6
131.25 7.5 12
128.125 7.5 12
131.25 7.5 6
128.125 7.5 6
137.5 7.5 12
134.375 7.5 12
137.5 7.5 6
134.375 7.5 6
143.75 7.5 12
140.625 7.5 12
143.75 7.5 6
140.625 7.5 6
150 7.5 12
146.875 7.5 12
150 7.5 6
146.8750000000001 7.5 6
156.25 7.5 12
153.125 7.5 12
156.25 7.5 6
153.125 7.5 6
162.5 7.5 12
159.375 7.5 12
162.5 7.5 6
159.375 7.5 6
168.75 7.5 12
165.625 7.5 12
168.75 7.5 6
165.625 7.5 6
175.0000000000001 7.5 12
171.875 7.5 12
175.0000000000001 7.5 6
171.8750000000001 7.5 6
181.2500000000001 7.5 12
178.1250000000001 7.5 12
181.2500000000001 7.5 6
178.1250000000001 7.5 6
187.5 7.5 12
184.375 7.5 12
187.5 7.5 6
184.375 7.5 6
193.75 7.5 12
190.625 7.5 12
193.75 7.5 6
190.625 7.5 6
200 7.5 12
196.875 7.5 12
200 7.5 6
196.875 7.5 6
206.2500000000001 7.5 12
203.125 7.5 12
206.2500000000001 7.5 6
203.1250000000001 7.5 6
212.5000000000001 7.5 12
209.3750000000001 7.5 12
212.5000000000001 7.5 6
209.3750000000001 7.5 6
218.75 7.5 12
215.625 7.5 12
218.75 7.5 6
215.625 7.5 6
225 7.5 12
221.875 7.5 12
225 7.5 6
221.875 7.5 6
231.25 7.5 12
228.125 7.5 12
231.25 7.5 6
228.125 7.5 6
237.5000000000001 7.5 12
234.375 7.5 12
237.5000000000001 7.5 6
234.3750000000001 7.5 6
243.7500000000001 7.5 12
240.6250000000001 7.5 12
243.7500000000001 7.5 6
240.6250000000001 7.5 6
250 7.5 12
246.875 7.5 12
250 7.5 6
246.875 7.5 6
256.25 7.5 12
253.125 7.5 12
256.2500000000001 7.5 6
253.1250000000001 7.5 6
262.5 7.5 12
259.375 7.5 12
262.5 7.5 6
259.375 7.5 6
268.75 7.5 12
265.625 7.5 12
268.75 7.5 6
265.625 7.5 6
275 7.5 12
271.875 7.5 12
275 7.5 6
271.875 7.5 6
281.25 7.5 12
278.125 7.5 12
281.25 7.5 6
278.125 7.5 6
287.5 7.5 12
284.375 7.5 12
287.5000000000001 7.5 6
284.375 7.5 6
293.75 7.5 12
290.625 7.5 12
293.75 7.5 6
290.625 7.5 6
300 7.5 12
296.875 7.5 12
300.0000000000001 7.5 6
296.875 7.5 6
306.25 7.5 12
303.125 7.5 12
306.25 7.5 6
303.125 7.5 6
312.5 7.5 12
309.375 7.5 12
312.5 7.5 6
309.375 7.5 6
318.75 7.5 12
315.625 7.5 12
318.7500000000001 7.5 6
315.625 7.5 6
325 7.5 12
321.875 7.5 12
325 7.5 6
321.875 7.5 6
331.25 7.5 12
328.125 7.5 12
331.2500000000001 7.5 6
328.125 7.5 6
337.5 7.5 12
334.375 7.5 12
337.5 7.5 6
334.375 7.5 6
343.75 7.5 12
340.625 7.5 12
343.75 7.5 6
340.625 7.5 6
350.0000000000001 7.5 12
346.8750000000001 7.5 12
350.0000000000001 7.5 6
346.8750000000001 7.5 6
356.25 7.5 12
353.1250000000001 7.5 12
356.25 7.5 6
353.125 7.5 6
362.5000000000001 7.5 12
359.3750000000001 7.5 12
362.5000000000001 7.5 6
359.3750000000001 7.5 6
368.75 7.5 12
365.6250000000001 7.5 12
368.75 7.5 6
365.625 7.5 6
375 7.5 12
371.875 7.5 12
375 7.5 6
371.875 7.5 6
381.2500000000001 7.5 12
378.1250000000001 7.5 12
381.2500000000001 7.5 6
378.1250000000001 7.5 6
387.5 7.5 12
384.3750000000001 7.5 12
387.5 7.5 6
384.375 7.5 6
393.7500000000001 7.5 12
390.6250000000001 7.5 12
393.7500000000001 7.5 6
390.6250000000001 7.5 6
400 7.5 12
396.8750000000001 7.5 12
400 7.5 6
396.875 7.5 6
406.25 7.5 12
403.125 7.5 12
406.25 7.5 6
403.125 7.5 6
412.5000000000001 7.5 12
409.3750000000001 7.5 12
412.5000000000001 7.5 6
409.3750000000001 7.5 6
418.75 7.5 12
415.6250000000001 7.5 12
418.75 7.5 6
415.625 7.5 6
425.0000000000001 7.5 12
421.8750000000001 7.5 12
425.0000000000001 7.5 6
421.8750000000001 7.5 6
431.25 7.5 12
428.1250000000001 7.5 12
431.25 7.5 6
428.125 7.5 6
437.5 7.5 12
434.375 7.5 12
437.5 7.5 6
434.375 7.5 6
443.7500000000001 7.5 12
440.6250000000001 7.5 12
443.7500000000001 7.5 6
440.6250000000001 7.5 6
450 7.5 12
446.8750000000001 7.5 12
450 7.5 6
446.875 7.5 6
456.2500000000001 7.5 12
453.1250000000001 7.5 12
456.2500000000001 7.5 6
453.1250000000001 7.5 6
462.5 7.5 12
459.3750000000001 7.5 12
462.5 7.5 6
459.375 7.5 6
468.75 7.5 12
465.625 7.5 12
468.75 7.5 6
465.625 7.5 6
475.0000000000001 7.5 12
471.8750000000001 7.5 12
475.0000000000001 7.5 6
471.8750000000001 7.5 6
481.25 7.5 12
478.1250000000001 7.5 12
481.25 7.5 6
478.125 7.5 6
487.5000000000001 7.5 12
484.3750000000001 7.5 12
487.5000000000001 7.5 6
484.3750000000001 7.5 6
493.75 7.5 12
490.6250000000001 7.5 12
493.75 7.5 6
490.625 7.5 6
500 7.5 12
496.875 7.5 12
500 7.5 6
496.875 7.5 6
506.25 7.5 12
503.125 7.5 12
506.25 7.5 6
503.125 7.5 6
512.5 7.5 12
509.375 7.5 12
512.5000000000001 7.5 6
509.3750000000002 7.5 6
518.75 7.5 12
515.625 7.5 12
518.75 7.5 6
515.625 7.5 6
525 7.5 12
521.875 7.5 12
525 7.5 6
521.875 7.5 6
531.25 7.5 12
528.125 7.5 12
531.25 7.5 6
528.125 7.5 6
537.5 7.5 12
534.375 7.5 12
537.5 7.5 6
534.375 7.5 6
543.75 7.5 12
540.625 7.5 12
543.7500000000001 7.5 6
540.625 7.5 6
550 7.5 12
546.875 7.5 12
550 7.5 6
546.875 7.5 6
556.25 7.5 12
553.125 7.5 12
556.25 7.5 6
553.125 7.5 6
562.5 7.5 12
559.375 7.5 12
562.5 7.5 6
559.375 7.5 6
568.75 7.5 12
565.625 7.5 12
568.75 7.5 6
565.625 7.5 6
575 7.5 12
571.875 7.5 12
575.0000000000001 7.5 6
571.875 7.5 6
581.25 7.5 12
578.125 7.5 12
581.25 7.5 6
578.125 7.5 6
587.5 7.5 12
584.375 7.5 12
587.5 7.5 6
584.375 7.5 6
593.75 7.5 12
590.625 7.5 12
593.75 7.5 6
590.625 7.5 6
600 7.5 12
596.875 7.5 12
600.0000000000001 7.5 6
596.875 7.5 6
606.25 7.5 12
603.125 7.5 12
606.2500000000001 7.5 6
603.1250000000002 7.5 6
612.5 7.5 12
609.375 7.5 12
612.5 7.5 6
609.375 7.5 6
618.75 7.5 12
615.625 7.5 12
618.75 7.5 6
615.625 7.5 6
625 7.5 12
621.875 7.5 12
625 7.5 6
621.875 7.5 6
631.25 7.5 12
628.125 7.5 12
631.2500000000001 7.5 6
628.125 7.5 6
637.5 7.5 12
634.375 7.5 12
637.5000000000001 7.5 6
634.3750000000002 7.5 6
643.75 7.5 12
640.625 7.5 12
643.75 7.5 6
640.625 7.5 6
650 7.5 12
646.875 7.5 12
650 7.5 6
646.875 7.5 6
656.25 7.5 12
653.125 7.5 12
656.25 7.5 6
653.125 7.5 6
662.5 7.5 12
659.375 7.5 12
662.5000000000001 7.5 6
659.375 7.5 6
668.75 7.5 12
665.625 7.5 12
668.7500000000001 7.5 6
665.6250000000002 7.5 6
675 7.5 12
671.875 7.5 12
675 7.5 6
671.875 7.5 6
681.25 7.5 12
678.125 7.5 12
681.25 7.5 6
678.125 7.5 6
687.5 7.5 12
684.375 7.5 12
687.5 7.5 6
684.375 7.5 6
693.7500000000002 7.5 12
690.6250000000001 7.5 12
693.7500000000002 7.5 6
690.6250000000002 7.5 6
700.0000000000002 7.5 12
696.8750000000002 7.5 12
700.0000000000002 7.5 6
696.8750000000005 7.5 6
706.25 7.5 12
703.1250000000001 7.5 12
706.25 7.5 6
703.125 7.5 6
712.5 7.5 12
709.375 7.5 12
712.5 7.5 6
709.375 7.5 6
718.75 7.5 12
715.625 7.5 12
718.75 7.5 6
715.625 7.5 6
725.0000000000002 7.5 12
721.8750000000001 7.5 12
725.0000000000002 7.5 6
721.8750000000002 7.5 6
731.2500000000002 7.5 12
728.1250000000002 7.5 12
731.2500000000002 7.5 6
728.1250000000005 7.5 6
737.5 7.5 12
734.3750000000001 7.5 12
737.5 7.5 6
734.375 7.5 6
743.75 7.5 12
740.625 7.5 12
743.75 7.5 6
740.625 7.5 6
750 7.5 12
746.875 7.5 12
750 7.5 6
746.875 7.5 6
756.2500000000002 7.5 12
753.1250000000001 7.5 12
756.2500000000002 7.5 6
753.1250000000002 7.5 6
762.5000000000002 7.5 12
759.3750000000002 7.5 12
762.5000000000002 7.5 6
759.3750000000005 7.5 6
768.75 7.5 12
765.6250000000001 7.5 12
768.75 7.5 6
765.625 7.5 6
775 7.5 12
771.875 7.5 12
775 7.5 6
771.875 7.5 6
781.25 7.5 12
778.125 7.5 12
781.25 7.5 6
778.125 7.5 6
787.5000000000002 7.5 12
784.3750000000001 7.5 12
787.5000000000002 7.5 6
784.3750000000002 7.5 6
793.7500000000002 7.5 12
790.6250000000002 7.5 12
793.7500000000002 7.5 6
790.6250000000005 7.5 6
800 7.5 12
796.8750000000001 7.5 12
800 7.5 6
796.875 7.5 6
806.25 7.5 12
803.125 7.5 12
806.25 7.5 6
803.125 7.5 6
812.5 7.5 12
809.375 7.5 12
812.5 7.5 6
809.375 7.5 6
818.7500000000002 7.5 12
815.6250000000001 7.5 12
818.7500000000002 7.5 6
815.6250000000002 7.5 6
825.0000000000002 7.5 12
821.8750000000002 7.5 12
825.0000000000002 7.5 6
821.8750000000005 7.5 6
831.25 7.5 12
828.1250000000001 7.5 12
831.25 7.5 6
828.125 7.5 6
837.5 7.5 12
834.375 7.5 12
837.5 7.5 6
834.375 7.5 6
843.75 7.5 12
840.625 7.5 12
843.75 7.5 6
840.625 7.5 6
850.0000000000002 7.5 12
846.8750000000001 7.5 12
850.0000000000002 7.5 6
846.8750000000002 7.5 6
856.2500000000002 7.5 12
853.1250000000002 7.5 12
856.2500000000002 7.5 6
853.1250000000005 7.5 6
862.5 7.5 12
859.3750000000001 7.5 12
862.5 7.5 6
859.375 7.5 6
868.75 7.5 12
865.625 7.5 12
868.75 7.5 6
865.625 7.5 6
875 7.5 12
871.875 7.5 12
875 7.5 6
871.875 7.5 6
881.2500000000002 7.5 12
878.1250000000001 7.5 12
881.2500000000002 7.5 6
878.1250000000002 7.5 6
887.5000000000002 7.5 12
884.3750000000002 7.5 12
887.5000000000002 7.5 6
884.3750000000005 7.5 6
893.75 7.5 12
890.6250000000001 7.5 12
893.75 7.5 6
890.625 7.5 6
900 7.5 12
896.875 7.5 12
900 7.5 6
896.875 7.5 6
906.25 7.5 12
903.125 7.5 12
906.25 7.5 6
903.125 7.5 6
912.5000000000002 7.5 12
909.3750000000001 7.5 12
912.5000000000002 7.5 6
909.3750000000002 7.5 6
918.7500000000002 7.5 12
915.6250000000002 7.5 12
918.7500000000002 7.5 6
915.6250000000005 7.5 6
925 7.5 12
921.8750000000001 7.5 12
925 7.5 6
921.875 7.5 6
931.25 7.5 12
928.125 7.5 12
931.25 7.5 6
928.125 7.5 6
937.5 7.5 12
934.375 7.5 12
937.5 7.5 6
934.375 7.5 6
943.7500000000002 7.5 12
940.6250000000001 7.5 12
943.7500000000002 7.5 6
940.6250000000002 7.5 6
950.0000000000002 7.5 12
946.8750000000002 7.5 12
950.0000000000002 7.5 6
946.8750000000005 7.5 6
956.25 7.5 12
953.1250000000001 7.5 12
956.25 7.5 6
953.125 7.5 6
962.5 7.5 12
959.375 7.5 12
962.5 7.5 6
959.375 7.5 6
968.75 7.5 12
965.625 7.5 12
968.75 7.5 6
965.625 7.5 6
975.0000000000002 7.5 12
971.8750000000001 7.5 12
975.0000000000002 7.5 6
971.8750000000002 7.5 6
981.2500000000002 7.5 12
978.1250000000002 7.5 12
981.2500000000002 7.5 6
978.1250000000005 7.5 6
987.5 7.5 12
984.3750000000001 7.5 12
987.5 7.5 6
984.375 7.5 6
993.75 7.5 12
990.625 7.5 12
993.75 7.5 6
990.625 7.5 6
996.875 7.5 12
996.875 7.5 6
6.25 5 18
3.125 5 18
6.25 2.5 18
3.125 2.5 18
12.5 5 18
9.375 5 18
12.5 2.5 18
9.375 2.5 18
18.75 5 18
15.625 5 18
18.75 2.5 18
15.625 2.5 18
25 5 18
21.875 5 18
25 2.5 18
21.875 2.5 18
31.25 5 18
28.125 5 18
31.25 2.5 18
28.125 2.5 18
37.5 5 18
34.375 5 18
37.5 2.5 18
34.375 2.5 18
43.75000000000001 5 18
40.62500000000001 5 18
43.75000000000001 2.5 18
40.62500000000001 2.5 18
50 5 18
46.87500000000001 5 18
50 2.5 18
46.87500000000001 2.5 18
56.25 5 18
53.125 5 18
56.25 2.5 18
53.125 2.5 18
62.5 5 18
59.375 5 18
62.5 2.5 18
59.375 2.5 18
68.75 5 18
65.625 5 18
68.75 2.5 18
65.625 2.5 18
75 5 18
71.875 5 18
75 2.5 18
71.875 2.5 18
81.25 5 18
78.125 5 18
81.25 2.5 18
78.125 2.5 18
87.50000000000003 5 18
84.37500000000001 5 18
87.50000000000001 2.5 18
84.37500000000003 2.5 18
93.75 5 18
90.62500000000001 5 18
93.75 2.5 18
90.62500000000001 2.5 18
100 5 18
96.875 5 18
100 2.5 18
96.875 2.5 18
106.25 5 18
103.125 5 18
106.25 2.5 18
103.125 2.5 18
112.5 5 18
109.375 5 18
112.5 2.5 18
109.375 2.5 18
118.75 5 18
115.625 5 18
118.75 2.5 18
115.625 2.5 18
125 5 18
121.875 5 18
125 2.5 18
121.875 2.5 18
131.25 5 18
128.125 5 18
131.25 2.5 18
128.125 2.5 18
137.5 5 18
134.375 5 18
137.5 2.5 18
134.375 2.5 18
143.75 5 18
140.625 5 18
143.75 2.5 18
140.625 2.5 18
150 5 18
146.875 5 18
150 2.5 18
146.875 2.5 18
156.25 5 18
153.125 5 18
156.25 2.5 18
153.125 2.5 18
162.5 5 18
159.375 5 18
162.5 2.5 18
159.375 2.5 18
168.75 5 18
165.625 5 18
168.75 2.5 18
165.625 2.5 18
175.0000000000001 5 18
171.875 5 18
175 2.5 18
171.8750000000001 2.5 18
181.2500000000001 5 18
178.1250000000001 5 18
181.25 2.5 18
178.125 2.5 18
187.5 5 18
184.375 5 18
187.5 2.5 18
184.375 2.5 18
193.75 5 18
190.625 5 18
193.75 2.5 18
190.625 2.5 18
200 5 18
196.875 5 18
200 2.5 18
196.875 2.5 18
206.2500000000001 5 18
203.125 5 18
206.25 2.5 18
203.1250000000001 2.5 18
212.5000000000001 5 18
209.3750000000001 5 18
212.5 2.5 18
209.375 2.5 18
218.75 5 18
215.625 5 18
218.75 2.5 18
215.625 2.5 18
225 5 18
221.875 5 18
225 2.5 18
221.875 2.5 18
231.25 5 18
228.125 5 18
231.25 2.5 18
228.125 2.5 18
237.5000000000001 5 18
234.375 5 18
237.5 2.5 18
234.3750000000001 2.5 18
243.7500000000001 5 18
240.6250000000001 5 18
243.75 2.5 18
240.625 2.5 18
250 5 18
246.875 5 18
250 2.5 18
246.875 2.5 18
256.25 5 18
253.125 5 18
256.25 2.5 18
253.125 2.5 18
262.5 5 18
259.375 5 18
262.5 2.5 18
259.375 2.5 18
268.75 5 18
265.625 5 18
268.75 2.5 18
265.625 2.5 18
275 5 18
271.875 5 18
275 2.5 18
271.875 2.5 18
281.25 5 18
278.125 5 18
281.25 2.5 18
278.125 2.5 18
287.5 5 18
284.375 5 18
287.5 2.5 18
284.375 2.5 18
293.75 5 18
290.625 5 18
293.75 2.5 18
290.625 2.5 18
300 5 18
296.875 5 18
300 2.5 18
296.875 2.5 18
306.25 5 18
303.125 5 18
306.25 2.5 18
303.125 2.5 18
312.5 5 18
309.375 5 18
312.5 2.5 18
309.375 2.5 18
318.75 5 18
315.625 5 18
318.75 2.5 18
315.625 2.5 18
325 5 18
321.875 5 18
325 2.5 18
321.875 2.5 18
331.25 5 18
328.125 5 18
331.25 2.5 18
328.125 2.5 18
337.5 5 18
334.375 5 18
337.5 2.5 18
334.375 2.5 18
343.75 5 18
340.625 5 18
343.75 2.5 18
340.625 2.5 18
350.0000000000001 5 18
346.8750000000001 5 18
350.0000000000001 2.5 18
346.8750000000001 2.5 18
356.25 5 18
353.1250000000001 5 18
356.25 2.5 18
353.1250000000001 2.5 18
362.5000000000001 5 18
359.3750000000001 5 18
362.5000000000001 2.5 18
359.3750000000001 2.5 18
368.75 5 18
365.6250000000001 5 18
368.75 2.5 18
365.6250000000001 2.5 18
375 5 18
371.875 5 18
375 2.5 18
371.875 2.5 18
381.2500000000001 5 18
378.1250000000001 5 18
381.2500000000001 2.5 18
378.1250000000001 2.5 18
387.5 5 18
384.3750000000001 5 18
387.5 2.5 18
384.3750000000001 2.5 18
393.7500000000001 5 18
390.6250000000001 5 18
393.7500000000001 2.5 18
390.6250000000001 2.5 18
400 5 18
396.8750000000001 5 18
400 2.5 18
396.8750000000001 2.5 18
406.25 5 18
403.125 5 18
406.25 2.5 18
403.125 2.5 18
412.5000000000001 5 18
409.3750000000001 5 18
412.5000000000001 2.5 18
409.3750000000001 2.5 18
418.75 5 18
415.6250000000001 5 18
418.75 2.5 18
415.6250000000001 2.5 18
425.0000000000001 5 18
421.8750000000001 5 18
425.0000000000001 2.5 18
421.8750000000001 2.5 18
431.25 5 18
428.1250000000001 5 18
431.25 2.5 18
428.1250000000001 2.5 18
437.5 5 18
434.375 5 18
437.5 2.5 18
434.375 2.5 18
443.7500000000001 5 18
440.6250000000001 5 18
443.7500000000001 2.5 18
440.6250000000001 2.5 18
450 5 18
446.8750000000001 5 18
450 2.5 18
446.8750000000001 2.5 18
456.2500000000001 5 18
453.1250000000001 5 18
456.2500000000001 2.5 18
453.1250000000001 2.5 18
462.5 5 18
459.3750000000001 5 18
462.5 2.5 18
459.3750000000001 2.5 18
468.75 5 18
465.625 5 18
468.75 2.5 18
465.625 2.5 18
475.0000000000001 5 18
471.8750000000001 5 18
475.0000000000001 2.5 18
471.8750000000001 2.5 18
481.25 5 18
478.1250000000001 5 18
481.25 2.5 18
478.1250000000001 2.5 18
487.5000000000001 5 18
484.3750000000001 5 18
487.5000000000001 2.5 18
484.3750000000001 2.5 18
493.75 5 18
490.6250000000001 5 18
493.75 2.5 18
490.6250000000001 2.5 18
500 5 18
496.875 5 18
500 2.5 18
496.875 2.5 18
506.25 5 18
503.125 5 18
506.25 2.5 18
503.125 2.5 18
512.5 5 18
509.375 5 18
512.5 2.5 18
509.375 2.5 18
518.75 5 18
515.625 5 18
518.75 2.5 18
515.625 2.5 18
525 5 18
521.875 5 18
525 2.5 18
521.875 2.5 18
531.25 5 18
528.125 5 18
531.25 2.5 18
528.125 2.5 18
537.5 5 18
534.375 5 18
537.5 2.5 18
534.375 2.5 18
543.75 5 18
540.625 5 18
543.75 2.5 18
540.625 2.5 18
550 5 18
546.875 5 18
550 2.5 18
546.875 2.5 18
556.25 5 18
553.125 5 18
556.25 2.5 18
553.125 2.5 18
562.5 5 18
559.375 5 18
562.5 2.5 18
559.375 2.5 18
568.75 5 18
565.625 5 18
568.75 2.5 18
565.625 2.5 18
575 5 18
571.875 5 18
575 2.5 18
571.875 2.5 18
581.25 5 18
578.125 5 18
581.25 2.5 18
578.125 2.5 18
587.5 5 18
584.375 5 18
587.5 2.5 18
584.375 2.5 18
593.75 5 18
590.625 5 18
593.75 2.5 18
590.625 2.5 18
600 5 18
596.875 5 18
600 2.5 18
596.875 2.5 18
606.25 5 18
603.125 5 18
606.25 2.5 18
603.125 2.5 18
612.5 5 18
609.375 5 18
612.5 2.5 18
609.375 2.5 18
618.75 5 18
615.625 5 18
618.75 2.5 18
615.625 2.5 18
625 5 18
621.875 5 18
625 2.5 18
621.875 2.5 18
631.25 5 18
628.125 5 18
631.25 2.5 18
628.125 2.5 18
637.5 5 18
634.375 5 18
637.5 2.5 18
634.375 2.5 18
643.75 5 18
640.625 5 18
643.75 2.5 18
640.625 2.5 18
650 5 18
646.875 5 18
650 2.5 18
646.875 2.5 18
656.25 5 18
653.125 5 18
656.25 2.5 18
653.125 2.5 18
662.5 5 18
659.375 5 18
662.5 2.5 18
659.375 2.5 18
668.75 5 18
665.625 5 18
668.75 2.5 18
665.625 2.5 18
675 5 18
671.875 5 18
675 2.5 18
671.875 2.5 18
681.25 5 18
678.125 5 18
681.25 2.5 18
678.125 2.5 18
687.5 5 18
684.375 5 18
687.5 2.5 18
684.375 2.5 18
693.7500000000002 5 18
690.6250000000001 5 18
693.7500000000001 2.5 18
690.6250000000002 2.5 18
700.0000000000002 5 18
696.8750000000002 5 18
700.0000000000001 2.5 18
696.8750000000001 2.5 18
706.25 5 18
703.1250000000001 5 18
706.25 2.5 18
703.1250000000001 2.5 18
712.5 5 18
709.375 5 18
712.5 2.5 18
709.375 2.5 18
718.75 5 18
715.625 5 18
718.75 2.5 18
715.625 2.5 18
725.0000000000002 5 18
721.8750000000001 5 18
725.0000000000001 2.5 18
721.8750000000002 2.5 18
731.2500000000002 5 18
728.1250000000002 5 18
731.2500000000001 2.5 18
728.1250000000001 2.5 18
737.5 5 18
734.3750000000001 5 18
737.5 2.5 18
734.3750000000001 2.5 18
743.75 5 18
740.625 5 18
743.75 2.5 18
740.625 2.5 18
750 5 18
746.875 5 18
750 2.5 18
746.875 2.5 18
756.2500000000002 5 18
753.1250000000001 5 18
756.2500000000001 2.5 18
753.1250000000002 2.5 18
762.5000000000002 5 18
759.3750000000002 5 18
762.5000000000001 2.5 18
759.3750000000001 2.5 18
768.75 5 18
765.6250000000001 5 18
768.75 2.5 18
765.6250000000001 2.5 18
775 5 18
771.875 5 18
775 2.5 18
771.875 2.5 18
781.25 5 18
778.125 5 18
781.25 2.5 18
778.125 2.5 18
787.5000000000002 5 18
784.3750000000001 5 18
787.5000000000001 2.5 18
784.3750000000002 2.5 18
793.7500000000002 5 18
790.6250000000002 5 18
793.7500000000001 2.5 18
790.6250000000001 2.5 18
800 5 18
796.8750000000001 5 18
800 2.5 18
796.8750000000001 2.5 18
806.25 5 18
803.125 5 18
806.25 2.5 18
803.125 2.5 18
812.5 5 18
809.375 5 18
812.5 2.5 18
809.375 2.5 18
818.7500000000002 5 18
815.6250000000001 5 18
818.7500000000001 2.5 18
815.6250000000002 2.5 18
825.0000000000002 5 18
821.8750000000002 5 18
825.0000000000001 2.5 18
821.8750000000001 2.5 18
831.25 5 18
828.1250000000001 5 18
831.25 2.5 18
828.1250000000001 2.5 18
837.5 5 18
834.375 5 18
837.5 2.5 18
834.375 2.5 18
843.75 5 18
840.625 5 18
843.75 2.5 18
840.625 2.5 18
850.0000000000002 5 18
846.8750000000001 5 18
850.0000000000001 2.5 18
846.8750000000002 2.5 18
856.2500000000002 5 18
853.1250000000002 5 18
856.2500000000001 2.5 18
853.1250000000001 2.5 18
862.5 5 18
859.3750000000001 5 18
862.5 2.5 18
859.3750000000001 2.5 18
868.75 5 18
865.625 5 18
868.75 2.5 18
865.625 2.5 18
875 5 18
871.875 5 18
875 2.5 18
871.875 2.5 18
881.2500000000002 5 18
878.1250000000001 5 18
881.2500000000001 2.5 18
878.1250000000002 2.5 18
887.5000000000002 5 18
884.3750000000002 5 18
887.5000000000001 2.5 18
884.3750000000001 2.5 18
893.75 5 18
890.6250000000001 5 18
893.75 2.5 18
890.6250000000001 2.5 18
900 5 18
896.875 5 18
900 2.5 18
896.875 2.5 18
906.25 5 18
903.125 5 18
906.25 2.5 18
903.125 2.5 18
912.5000000000002 5 18
909.3750000000001 5 18
912.5000000000001 2.5 18
909.3750000000002 2.5 18
918.7500000000002 5 18
915.6250000000002 5 18
918.7500000000001 2.5 18
915.6250000000001 2.5 18
925 5 18
921.8750000000001 5 18
925 2.5 18
921.8750000000001 2.5 18
931.25 5 18
928.125 5 18
931.25 2.5 18
928.125 2.5 18
937.5 5 18
934.375 5 18
937.5 2.5 18
934.375 2.5 18
943.7500000000002 5 18
940.6250000000001 5 18
943.7500000000001 2.5 18
940.6250000000002 2.5 18
950.0000000000002 5 18
946.8750000000002 5 18
950.0000000000001 2.5 18
946.8750000000001 2.5 18
956.25 5 18
953.1250000000001 5 18
956.25 2.5 18
953.1250000000001 2.5 18
962.5 5 18
959.375 5 18
962.5 2.5 18
959.375 2.5 18
968.75 5 18
965.625 5 18
968.75 2.5 18
965.625 2.5 18
975.0000000000002 5 18
971.8750000000001 5 18
975.0000000000001 2.5 18
971.8750000000002 2.5 18
981.2500000000002 5 18
978.1250000000002 5 18
981.2500000000001 2.5 18
978.1250000000001 2.5 18
987.5 5 18
984.3750000000001 5 18
987.5 2.5 18
984.3750000000001 2.5 18
993.75 5 18
990.625 5 18
993.75 2.5 18
990.625 2.5 18
996.875 5 18
996.875 2.5 18
6.25 7.5 18
3.125 7.5 18
12.5 7.5 18
9.375 7.5 18
18.75 7.5 18
15.625 7.5 18
25 7.5 18
21.875 7.5 18
31.25 7.5 18
28.125 7.5 18
37.50000000000001 7.5 18
34.375 7.5 18
43.75000000000001 7.5 18
40.625 7.5 18
50 7.5 18
46.87500000000001 7.5 18
56.25 7.5 18
53.125 7.5 18
62.5 7.5 18
59.375 7.5 18
68.75 7.5 18
65.625 7.5 18
75.00000000000001 7.5 18
71.875 7.5 18
81.25 7.5 18
78.125 7.5 18
87.50000000000003 7.5 18
84.37500000000003 7.5 18
93.75 7.5 18
90.62500000000001 7.5 18
100 7.5 18
96.875 7.5 18
106.25 7.5 18
103.125 7.5 18
112.5 7.5 18
109.375 7.5 18
118.75 7.5 18
115.625 7.5 18
125 7.5 18
121.875 7.5 18
131.25 7.5 18
128.125 7.5 18
137.5 7.5 18
134.375 7.5 18
143.75 7.5 18
140.625 7.5 18
150 7.5 18
146.875 7.5 18
156.25 7.5 18
153.125 7.5 18
162.5 7.5 18
159.375 7.5 18
168.75 7.5 18
165.625 7.5 18
175.0000000000001 7.5 18
171.8750000000001 7.5 18
181.2500000000001 7.5 18
178.1250000000001 7.5 18
187.5 7.5 18
184.375 7.5 18
193.75 7.5 18
190.625 7.5 18
200 7.5 18
196.875 7.5 18
206.2500000000001 7.5 18
203.1250000000001 7.5 18
212.5000000000001 7.5 18
209.3750000000001 7.5 18
218.75 7.5 18
215.625 7.5 18
225 7.5 18
221.875 7.5 18
231.25 7.5 18
228.125 7.5 18
237.5000000000001 7.5 18
234.3750000000001 7.5 18
243.7500000000001 7.5 18
240.6250000000001 7.5 18
250 7.5 18
246.875 7.5 18
256.2500000000001 7.5 18
253.1250000000001 7.5 18
262.5 7.5 18
259.375 7.5 18
268.75 7.5 18
265.625 7.5 18
275 7.5 18
271.875 7.5 18
281.25 7.5 18
278.125 7.5 18
287.5000000000001 7.5 18
284.375 7.5 18
293.75 7.5 18
290.625 7.5 18
300.0000000000001 7.5 18
296.875 7.5 18
306.25 7.5 18
303.125 7.5 18
312.5 7.5 18
309.375 7.5 18
318.7500000000001 7.5 18
315.625 7.5 18
325 7.5 18
321.875 7.5 18
331.2500000000001 7.5 18
328.125 7.5 18
337.5 7.5 18
334.375 7.5 18
343.75 7.5 18
340.625 7.5 18
350.0000000000001 7.5 18
346.8750000000001 7.5 18
356.25 7.5 18
353.1250000000001 7.5 18
362.5000000000001 7.5 18
359.3750000000001 7.5 18
368.75 7.5 18
365.6250000000001 7.5 18
375 7.5 18
371.875 7.5 18
381.2500000000001 7.5 18
378.1250000000001 7.5 18
387.5 7.5 18
384.3750000000001 7.5 18
393.7500000000001 7.5 18
390.6250000000001 7.5 18
400 7.5 18
396.8750000000001 7.5 18
406.25 7.5 18
403.125 7.5 18
412.5000000000001 7.5 18
409.3750000000001 7.5 18
418.75 7.5 18
415.6250000000001 7.5 18
425.0000000000001 7.5 18
421.8750000000001 7.5 18
431.25 7.5 18
428.1250000000001 7.5 18
437.5 7.5 18
434.375 7.5 18
443.7500000000001 7.5 18
440.6250000000001 7.5 18
450 7.5 18
446.8750000000001 7.5 18
456.2500000000001 7.5 18
453.1250000000001 7.5 18
462.5 7.5 18
459.3750000000001 7.5 18
468.75 7.5 18
465.625 7.5 18
475.0000000000001 7.5 18
471.8750000000001 7.5 18
481.25 7.5 18
478.1250000000001 7.5 18
487.5000000000001 7.5 18
484.3750000000001 7.5 18
493.75 7.5 18
490.6250000000001 7.5 18
500 7.5 18
496.875 7.5 18
506.25 7.5 18
503.125 7.5 18
512.5000000000001 7.5 18
509.3750000000001 7.5 18
518.75 7.5 18
515.625 7.5 18
525 7.5 18
521.875 7.5 18
531.25 7.5 18
528.125 7.5 18
537.5 7.5 18
534.375 7.5 18
543.7500000000001 7.5 18
540.625 7.5 18
550 7.5 18
546.875 7.5 18
556.25 7.5 18
553.125 7.5 18
562.5 7.5 18
559.375 7.5 18
568.75 7.5 18
565.625 7.5 18
575.0000000000001 7.5 18
571.875 7.5 18
581.25 7.5 18
578.125 7.5 18
587.5 7.5 18
584.375 7.5 18
593.75 7.5 18
590.625 7.5 18
600.0000000000001 7.5 18
596.875 7.5 18
606.2500000000001 7.5 18
603.1250000000001 7.5 18
612.5 7.5 18
609.375 7.5 18
618.75 7.5 18
615.625 7.5 18
625 7.5 18
621.875 7.5 18
631.2500000000001 7.5 18
628.125 7.5 18
637.5000000000001 7.5 18
634.3750000000001 7.5 18
643.75 7.5 18
640.625 7.5 18
650 7.5 18
646.875 7.5 18
656.25 7.5 18
653.125 7.5 18
662.5000000000001 7.5 18
659.375 7.5 18
668.7500000000001 7.5 18
665.6250000000001 7.5 18
675 7.5 18
671.875 7.5 18
681.25 7.5 18
678.125 7.5 18
687.5 7.5 18
684.375 7.5 18
693.7500000000002 7.5 18
690.6250000000002 7.5 18
700.0000000000002 7.5 18
696.8750000000005 7.5 18
706.25 7.5 18
703.1250000000001 7.5 18
712.5 7.5 18
709.375 7.5 18
718.75 7.5 18
715.625 7.5 18
725.0000000000002 7.5 18
721.8750000000002 7.5 18
731.2500000000002 7.5 18
728.1250000000005 7.5 18
737.5 7.5 18
734.3750000000001 7.5 18
743.75 7.5 18
740.625 7.5 18
750 7.5 18
746.875 7.5 18
756.2500000000002 7.5 18
753.1250000000002 7.5 18
762.5000000000002 7.5 18
759.3750000000005 7.5 18
768.75 7.5 18
765.6250000000001 7.5 18
775 7.5 18
771.875 7.5 18
781.25 7.5 18
778.125 7.5 18
787.5000000000002 7.5 18
784.3750000000002 7.5 18
793.7500000000002 7.5 18
790.6250000000005 7.5 18
800 7.5 18
796.8750000000001 7.5 18
806.25 7.5 18
803.125 7.5 18
812.5 7.5 18
809.375 7.5 18
818.7500000000002 7.5 18
815.6250000000002 7.5 18
825.0000000000002 7.5 18
821.8750000000005 7.5 18
831.25 7.5 18
828.1250000000001 7.5 18
837.5 7.5 18
834.375 7.5 18
843.75 7.5 18
840.625 7.5 18
850.0000000000002 7.5 18
846.8750000000002 7.5 18
856.2500000000002 7.5 18
853.1250000000005 7.5 18
862.5 7.5 18
859.3750000000001 7.5 18
868.75 7.5 18
865.625 7.5 18
875 7.5 18
871.875 7.5 18
881.2500000000002 7.5 18
878.1250000000002 7.5 18
887.5000000000002 7.5 18
884.3750000000005 7.5 18
893.75 7.5 18
890.6250000000001 7.5 18
900 7.5 18
896.875 7.5 18
906.25 7.5 18
903.125 7.5 18
912.5000000000002 7.5 18
909.3750000000002 7.5 18
918.7500000000002 7.5 18
915.6250000000005 7.5 18
925 7.5 18
921.8750000000001 7.5 18
931.25 7.5 18
928.125 7.5 18
937.5 7.5 18
934.375 7.5 18
943.7500000000002 7.5 18
940.6250000000002 7.5 18
950.0000000000002 7.5 18
946.8750000000005 7.5 18
956.25 7.5 18
953.1250000000001 7.5 18
962.5 7.5 18
959.375 7.5 18
968.75 7.5 18
965.625 7.5 18
975.0000000000002 7.5 18
971.8750000000002 7.5 18
981.2500000000002 7.5 18
978.1250000000005 7.5 18
987.5 7.5 18
984.3750000000001 7.5 18
993.75 7.5 18
990.625 7.5 18
996.875 7.5 18
$EndNodes
$Elements
7 1928 1 1928
2 1 10 4
1 2 9 1309 18 10 1310 1311 19 1312 
2 18 1309 15 4 1311 1313 16 20 1314 
3 9 1 12 1309 11 13 1315 1310 1316 
4 1309 12 3 15 1315 14 17 1313 1317 
2 2 10 4
5 6 30 1318 21 31 1319 1320 22 1321 
6 30 8 27 1318 32 28 1322 1319 1323 
7 21 1318 24 5 1320 1324 25 23 1325 
8 1318 27 7 24 1322 29 26 1324 1326 
2 3 10 320
9 2 33 1327 9 192 1486 1487 10 1488 
10 9 1327 352 1 1487 1489 511 11 1490 
11 33 34 1328 1327 193 1491 1492 1486 1493 
12 1327 1328 353 352 1492 1494 512 1489 1495 
13 34 35 1329 1328 194 1496 1497 1491 1498 
14 1328 1329 354 353 1497 1499 513 1494 1500 
15 35 36 1330 1329 195 1501 1502 1496 1503 
16 1329 1330 355 354 1502 1504 514 1499 1505 
17 36 37 1331 1330 196 1506 1507 1501 1508 
18 1330 1331 356 355 1507 1509 515 1504 1510 
19 37 38 1332 1331 197 1511 1512 1506 1513 
20 1331 1332 357 356 1512 1514 516 1509 1515 
21 38 39 1333 1332 198 1516 1517 1511 1518 
22 1332 1333 358 357 1517 1519 517 1514 1520 
23 39 40 1334 1333 199 1521 1522 1516 1523 
24 1333 1334 359 358 1522 1524 518 1519 1525 
25 40 41 1335 1334 200 1526 1527 1521 1528 
26 1334 1335 360 359 1527 1529 519 1524 1530 
27 41 42 1336 1335 201 1531 1532 1526 1533 
28 1335 1336 361 360 1532 1534 520 1529 1535 
29 42 43 1337 1336 202 1536 1537 1531 1538 
30 1336 1337 362 361 1537 1539 521 1534 1540 
31 43 44 1338 1337 203 1541 1542 1536 1543 
32 1337 1338 363 362 1542 1544 522 1539 1545 
33 44 45 1339 1338 204 1546 1547 1541 1548 
34 1338 1339 364 363 1547 1549 523 1544 1550 
35 45 46 1340 1339 205 1551 1552 1546 1553 
36 1339 1340 365 364 1552 1554 524 1549 1555 
37 46 47 1341 1340 206 1556 1557 1551 1558 
38 1340 1341 366 365 1557 1559 525 1554 1560 
39 47 48 1342 1341 207 1561 1562 1556 1563 
40 1341 1342 367 366 1562 1564 526 1559 1565 
41 48 49 1343 1342 208 1566 1567 1561 1568 
42 1342 1343 368 367 1567 1569 527 1564 1570 
43 49 50 1344 1343 209 1571 1572 1566 1573 
44 1343 1344 369 368 1572 1574 528 1569 1575 
45 50 51 1345 1344 210 1576 1577 1571 1578 
46 1344 1345 370 369 1577 1579 529 1574 1580 
47 51 52 1346 1345 211 1581 1582 1576 1583 
48 1345 1346 371 370 1582 1584 530 1579 1585 
49 52 53 1347 1346 212 1586 1587 1581 1588 
50 1346 1347 372 371 1587 1589 531 1584 1590 
51 53 54 1348 1347 213 1591 1592 1586 1593 
52 1347 1348 373 372 1592 1594 532 1589 1595 
53 54 55 1349 1348 214 1596 1597 1591 1598 
54 1348 1349 374 373 1597 1599 533 1594 1600 
55 55 56 1350 1349 215 1601 1602 1596 1603 
56 1349 1350 375 374 1602 1604 534 1599 1605 
57 56 57 1351 1350 216 1606 1607 1601 1608 
58 1350 1351 376 375 1607 1609 535 1604 1610 
59 57 58 1352 1351 217 1611 1612 1606 1613 
60 1351 1352 377 376 1612 1614 536 1609 1615 
61 58 59 1353 1352 218 1616 1617 1611 1618 
62 1352 1353 378 377 1617 1619 537 1614 1620 
63 59 60 1354 1353 219 1621 1622 1616 1623 
64 1353 1354 379 378 1622 1624 538 1619 1625 
65 60 61 1355 1354 220 1626 1627 1621 1628 
66 1354 1355 380 379 1627 1629 539 1624 1630 
67 61 62 1356 1355 221 1631 1632 1626 1633 
68 1355 1356 381 380 1632 1634 540 1629 1635 
69 62 63 1357 1356 222 1636 1637 1631 1638 
70 1356 1357 382 381 1637 1639 541 1634 1640 
71 63 64 1358 1357 223 1641 1642 1636 1643 
72 1357 1358 383 382 1642 1644 542 1639 1645 
73 64 65 1359 1358 224 1646 1647 1641 1648 
74 1358 1359 384 383 1647 1649 543 1644 1650 
75 65 66 1360 1359 225 1651 1652 1646 1653 
76 1359 1360 385 384 1652 1654 544 1649 1655 
77 66 67 1361 1360 226 1656 1657 1651 1658 
78 1360 1361 386 385 1657 1659 545 1654 1660 
79 67 68 1362 1361 227 1661 1662 1656 1663 
80 1361 1362 387 386 1662 1664 546 1659 1665 
81 68 69 1363 1362 228 1666 1667 1661 1668 
82 1362 1363 388 387 1667 1669 547 1664 1670 
83 69 70 1364 1363 229 1671 1672 1666 1673 
84 1363 1364 389 388 1672 1674 548 1669 1675 
85 70 71 1365 1364 230 1676 1677 1671 1678 
86 1364 1365 390 389 1677 1679 549 1674 1680 
87 71 72 1366 1365 231 1681 1682 1676 1683 
88 1365 1366 391 390 1682 1684 550 1679 1685 
89 72 73 1367 1366 232 1686 1687 1681 1688 
90 1366 1367 392 391 1687 1689 551 1684 1690 
91 73 74 1368 1367 233 1691 1692 1686 1693 
92 1367 1368 393 392 1692 1694 552 1689 1695 
93 74 75 1369 1368 234 1696 1697 1691 1698 
94 1368 1369 394 393 1697 1699 553 1694 1700 
95 75 76 1370 1369 235 1701 1702 1696 1703 
96 1369 1370 395 394 1702 1704 554 1699 1705 
97 76 77 1371 1370 236 1706 1707 1701 1708 
98 1370 1371 396 395 1707 1709 555 1704 1710 
99 77 78 1372 1371 237 1711 1712 1706 1713 
100 1371 1372 397 396 1712 1714 556 1709 1715 
101 78 79 1373 1372 238 1716 1717 1711 1718 
102 1372 1373 398 397 1717 1719 557 1714 1720 
103 79 80 1374 1373 239 1721 1722 1716 1723 
104 1373 1374 399 398 1722 1724 558 1719 1725 
105 80 81 1375 1374 240 1726 1727 1721 1728 
106 1374 1375 400 399 1727 1729 559 1724 1730 
107 81 82 1376 1375 241 1731 1732 1726 1733 
108 1375 1376 401 400 1732 1734 560 1729 1735 
109 82 83 1377 1376 242 1736 1737 1731 1738 
110 1376 1377 402 401 1737 1739 561 1734 1740 
111 83 84 1378 1377 243 1741 1742 1736 1743 
112 1377 1378 403 402 1742 1744 562 1739 1745 
113 84 85 1379 1378 244 1746 1747 1741 1748 
114 1378 1379 404 403 1747 1749 563 1744 1750 
115 85 86 1380 1379 245 1751 1752 1746 1753 
116 1379 1380 405 404 1752 1754 564 1749 1755 
117 86 87 1381 1380 246 1756 1757 1751 1758 
118 1380 1381 406 405 1757 1759 565 1754 1760 
119 87 88 1382 1381 247 1761 1762 1756 1763 
120 1381 1382 407 406 1762 1764 566 1759 1765 
121 88 89 1383 1382 248 1766 1767 1761 1768 
122 1382 1383 408 407 1767 1769 567 1764 1770 
123 89 90 1384 1383 249 1771 1772 1766 1773 
124 1383 1384 409 408 1772 1774 568 1769 1775 
125 90 91 1385 1384 250 1776 1777 1771 1778 
126 1384 1385 410 409 1777 1779 569 1774 1780 
127 91 92 1386 1385 251 1781 1782 1776 1783 
128 1385 1386 411 410 1782 1784 570 1779 1785 
129 92 93 1387 1386 252 1786 1787 1781 1788 
130 1386 1387 412 411 1787 1789 571 1784 1790 
131 93 94 1388 1387 253 1791 1792 1786 1793 
132 1387 1388 413 412 1792 1794 572 1789 1795 
133 94 95 1389 1388 254 1796 1797 1791 1798 
134 1388 1389 414 413 1797 1799 573 1794 1800 
135 95 96 1390 1389 255 1801 1802 1796 1803 
136 1389 1390 415 414 1802 1804 574 1799 1805 
137 96 97 1391 1390 256 1806 1807 1801 1808 
138 1390 1391 416 415 1807 1809 575 1804 1810 
139 97 98 1392 1391 257 1811 1812 1806 1813 
140 1391 1392 417 416 1812 1814 576 1809 1815 
141 98 99 1393 1392 258 1816 1817 1811 1818 
142 1392 1393 418 417 1817 1819 577 1814 1820 
143 99 100 1394 1393 259 1821 1822 1816 1823 
144 1393 1394 419 418 1822 1824 578 1819 1825 
145 100 101 1395 1394 260 1826 1827 1821 1828 
146 1394 1395 420 419 1827 1829 579 1824 1830 
147 101 102 1396 1395 261 1831 1832 1826 1833 
148 1395 1396 421 420 1832 1834 580 1829 1835 
149 102 103 1397 1396 262 1836 1837 1831 1838 
150 1396 1397 422 421 1837 1839 581 1834 1840 
151 103 104 1398 1397 263 1841 1842 1836 1843 
152 1397 1398 423 422 1842 1844 582 1839 1845 
153 104 105 1399 1398 264 1846 1847 1841 1848 
154 1398 1399 424 423 1847 1849 583 1844 1850 
155 105 106 1400 1399 265 1851 1852 1846 1853 
156 1399 1400 425 424 1852 1854 584 1849 1855 
157 106 107 1401 1400 266 1856 1857 1851 1858 
158 1400 1401 426 425 1857 1859 585 1854 1860 
159 107 108 1402 1401 267 1861 1862 1856 1863 
160 1401 1402 427 426 1862 1864 586 1859 1865 
161 108 109 1403 1402 268 1866 1867 1861 1868 
162 1402 1403 428 427 1867 1869 587 1864 1870 
163 109 110 1404 1403 269 1871 1872 1866 1873 
164 1403 1404 429 428 1872 1874 588 1869 1875 
165 110 111 1405 1404 270 1876 1877 1871 1878 
166 1404 1405 430 429 1877 1879 589 1874 1880 
167 111 112 1406 1405 271 1881 1882 1876 1883 
168 1405 1406 431 430 1882 1884 590 1879 1885 
169 112 113 1407 1406 272 1886 1887 1881 1888 
170 1406 1407 432 431 1887 1889 591 1884 1890 
171 113 114 1408 1407 273 1891 1892 1886 1893 
172 1407 1408 433 432 1892 1894 592 1889 1895 
173 114 115 1409 1408 274 1896 1897 1891 1898 
174 1408 1409 434 433 1897 1899 593 1894 1900 
175 115 116 1410 1409 275 1901 1902 1896 1903 
176 1409 1410 435 434 1902 1904 594 1899 1905 
177 116 117 1411 1410 276 1906 1907 1901 1908 
178 1410 1411 436 435 1907 1909 595 1904 1910 
179 117 118 1412 1411 277 1911 1912 1906 1913 
180 1411 1412 437 436 1912 1914 596 1909 1915 
181 118 119 1413 1412 278 1916 1917 1911 1918 
182 1412 1413 438 437 1917 1919 597 1914 1920 
183 119 120 1414 1413 279 1921 1922 1916 1923 
184 1413 1414 439 438 1922 1924 598 1919 1925 
185 120 121 1415 1414 280 1926 1927 1921 1928 
186 1414 1415 440 439 1927 1929 599 1924 1930 
187 121 122 1416 1415 281 1931 1932 1926 1933 
188 1415 1416 441 440 1932 1934 600 1929 1935 
189 122 123 1417 1416 282 1936 1937 1931 1938 
190 1416 1417 442 441 1937 1939 601 1934 1940 
191 123 124 1418 1417 283 1941 1942 1936 1943 
192 1417 1418 443 442 1942 1944 602 1939 1945 
193 124 125 1419 1418 284 1946 1947 1941 1948 
194 1418 1419 444 443 1947 1949 603 1944 1950 
195 125 126 1420 1419 285 1951 1952 1946 1953 
196 1419 1420 445 444 1952 1954 604 1949 1955 
197 126 127 1421 1420 286 1956 1957 1951 1958 
198 1420 1421 446 445 1957 1959 605 1954 1960 
199 127 128 1422 1421 287 1961 1962 1956 1963 
200 1421 1422 447 446 1962 1964 606 1959 1965 
201 128 129 1423 1422 288 1966 1967 1961 1968 
202 1422 1423 448 447 1967 1969 607 1964 1970 
203 129 130 1424 1423 289 1971 1972 1966 1973 
204 1423 1424 449 448 1972 1974 608 1969 1975 
205 130 131 1425 1424 290 1976 1977 1971 1978 
206 1424 1425 450 449 1977 1979 609 1974 1980 
207 131 132 1426 1425 291 1981 1982 1976 1983 
208 1425 1426 451 450 1982 1984 610 1979 1985 
209 132 133 1427 1426 292 1986 1987 1981 1988 
210 1426 1427 452 451 1987 1989 611 1984 1990 
211 133 134 1428 1427 293 1991 1992 1986 1993 
212 1427 1428 453 452 1992 1994 612 1989 1995 
213 134 135 1429 1428 294 1996 1997 1991 1998 
214 1428 1429 454 453 1997 1999 613 1994 2000 
215 135 136 1430 1429 295 2001 2002 1996 2003 
216 1429 1430 455 454 2002 2004 614 1999 2005 
217 136 137 1431 1430 296 2006 2007 2001 2008 
218 1430 1431 456 455 2007 2009 615 2004 2010 
219 137 138 1432 1431 297 2011 2012 2006 2013 
220 1431 1432 457 456 2012 2014 616 2009 2015 
221 138 139 1433 1432 298 2016 2017 2011 2018 
222 1432 1433 458 457 2017 2019 617 2014 2020 
223 139 140 1434 1433 299 2021 2022 2016 2023 
224 1433 1434 459 458 2022 2024 618 2019 2025 
225 140 141 1435 1434 300 2026 2027 2021 2028 
226 1434 1435 460 459 2027 2029 619 2024 2030 
227 141 142 1436 1435 301 2031 2032 2026 2033 
228 1435 1436 461 460 2032 2034 620 2029 2035 
229 142 143 1437 1436 302 2036 2037 2031 2038 
230 1436 1437 462 461 2037 2039 621 2034 2040 
231 143 144 1438 1437 303 2041 2042 2036 2043 
232 1437 1438 463 462 2042 2044 622 2039 2045 
233 144 145 1439 1438 304 2046 2047 2041 2048 
234 1438 1439 464 463 2047 2049 623 2044 2050 
235 145 146 1440 1439 305 2051 2052 2046 2053 
236 1439 1440 465 464 2052 2054 624 2049 2055 
237 146 147 1441 1440 306 2056 2057 2051 2058 
238 1440 1441 466 465 2057 2059 625 2054 2060 
239 147 148 1442 1441 307 2061 2062 2056 2063 
240 1441 1442 467 466 2062 2064 626 2059 2065 
241 148 149 1443 1442 308 2066 2067 2061 2068 
242 1442 1443 468 467 2067 2069 627 2064 2070 
243 149 150 1444 1443 309 2071 2072 2066 2073 
244 1443 1444 469 468 2072 2074 628 2069 2075 
245 150 151 1445 1444 310 2076 2077 2071 2078 
246 1444 1445 470 469 2077 2079 629 2074 2080 
247 151 152 1446 1445 311 2081 2082 2076 2083 
248 1445 1446 471 470 2082 2084 630 2079 2085 
249 152 153 1447 1446 312 2086 2087 2081 2088 
250 1446 1447 472 471 2087 2089 631 2084 2090 
251 153 154 1448 1447 313 2091 2092 2086 2093 
252 1447 1448 473 472 2092 2094 632 2089 2095 
253 154 155 1449 1448 314 2096 2097 2091 2098 
254 1448 1449 474 473 2097 2099 633 2094 2100 
255 155 156 1450 1449 315 2101 2102 2096 2103 
256 1449 1450 475 474 2102 2104 634 2099 2105 
257 156 157 1451 1450 316 2106 2107 2101 2108 
258 1450 1451 476 475 2107 2109 635 2104 2110 
259 157 158 1452 1451 317 2111 2112 2106 2113 
260 1451 1452 477 476 2112 2114 636 2109 2115 
261 158 159 1453 1452 318 2116 2117 2111 2118 
262 1452 1453 478 477 2117 2119 637 2114 2120 
263 159 160 1454 1453 319 2121 2122 2116 2123 
264 1453 1454 479 478 2122 2124 638 2119 2125 
265 160 161 1455 1454 320 2126 2127 2121 2128 
266 1454 1455 480 479 2127 2129 639 2124 2130 
267 161 162 1456 1455 321 2131 2132 2126 2133 
268 1455 1456 481 480 2132 2134 640 2129 2135 
269 162 163 1457 1456 322 2136 2137 2131 2138 
270 1456 1457 482 481 2137 2139 641 2134 2140 
271 163 164 1458 1457 323 2141 2142 2136 2143 
272 1457 1458 483 482 2142 2144 642 2139 2145 
273 164 165 1459 1458 324 2146 2147 2141 2148 
274 1458 1459 484 483 2147 2149 643 2144 2150 
275 165 166 1460 1459 325 2151 2152 2146 2153 
276 1459 1460 485 484 2152 2154 644 2149 2155 
277 166 167 1461 1460 326 2156 2157 2151 2158 
278 1460 1461 486 485 2157 2159 645 2154 2160 
279 167 168 1462 1461 327 2161 2162 2156 2163 
280 1461 1462 487 486 2162 2164 646 2159 2165 
281 168 169 1463 1462 328 2166 2167 2161 2168 
282 1462 1463 488 487 2167 2169 647 2164 2170 
283 169 170 1464 1463 329 2171 2172 2166 2173 
284 1463 1464 489 488 2172 2174 648 2169 2175 
285 170 171 1465 1464 330 2176 2177 2171 2178 
286 1464 1465 490 489 2177 2179 649 2174 2180 
287 171 172 1466 1465 331 2181 2182 2176 2183 
288 1465 1466 491 490 2182 2184 650 2179 2185 
289 172 173 1467 1466 332 2186 2187 2181 2188 
290 1466 1467 492 491 2187 2189 651 2184 2190 
291 173 174 1468 1467 333 2191 2192 2186 2193 
292 1467 1468 493 492 2192 2194 652 2189 2195 
293 174 175 1469 1468 334 2196 2197 2191 2198 
294 1468 1469 494 493 2197 2199 653 2194 2200 
295 175 176 1470 1469 335 2201 2202 2196 2203 
296 1469 1470 495 494 2202 2204 654 2199 2205 
297 176 177 1471 1470 336 2206 2207 2201 2208 
298 1470 1471 496 495 2207 2209 655 2204 2210 
299 177 178 1472 1471 337 2211 2212 2206 2213 
300 1471 1472 497 496 2212 2214 656 2209 2215 
301 178 179 1473 1472 338 2216 2217 2211 2218 
302 1472 1473 498 497 2217 2219 657 2214 2220 
303 179 180 1474 1473 339 2221 2222 2216 2223 
304 1473 1474 499 498 2222 2224 658 2219 2225 
305 180 181 1475 1474 340 2226 2227 2221 2228 
306 1474 1475 500 499 2227 2229 659 2224 2230 
307 181 182 1476 1475 341 2231 2232 2226 2233 
308 1475 1476 501 500 2232 2234 660 2229 2235 
309 182 183 1477 1476 342 2236 2237 2231 2238 
310 1476 1477 502 501 2237 2239 661 2234 2240 
311 183 184 1478 1477 343 2241 2242 2236 2243 
312 1477 1478 503 502 2242 2244 662 2239 2245 
313 184 185 1479 1478 344 2246 2247 2241 2248 
314 1478 1479 504 503 2247 2249 663 2244 2250 
315 185 186 1480 1479 345 2251 2252 2246 2253 
316 1479 1480 505 504 2252 2254 664 2249 2255 
317 186 187 1481 1480 346 2256 2257 2251 2258 
318 1480 1481 506 505 2257 2259 665 2254 2260 
319 187 188 1482 1481 347 2261 2262 2256 2263 
320 1481 1482 507 506 2262 2264 666 2259 2265 
321 188 189 1483 1482 348 2266 2267 2261 2268 
322 1482 1483 508 507 2267 2269 667 2264 2270 
323 189 190 1484 1483 349 2271 2272 2266 2273 
324 1483 1484 509 508 2272 2274 668 2269 2275 
325 190 191 1485 1484 350 2276 2277 2271 2278 
326 1484 1485 510 509 2277 2279 669 2274 2280 
327 191 6 21 1485 351 22 2281 2276 2282 
328 1485 21 5 510 2281 23 670 2279 2283 
2 4 10 320
329 4 15 2284 671 16 2443 2444 830 2445 
330 15 3 990 2284 17 1149 2446 2443 2447 
331 671 2284 2285 672 2444 2448 2449 831 2450 
332 2284 990 991 2285 2446 1150 2451 2448 2452 
333 672 2285 2286 673 2449 2453 2454 832 2455 
334 2285 991 992 2286 2451 1151 2456 2453 2457 
335 673 2286 2287 674 2454 2458 2459 833 2460 
336 2286 992 993 2287 2456 1152 2461 2458 2462 
337 674 2287 2288 675 2459 2463 2464 834 2465 
338 2287 993 994 2288 2461 1153 2466 2463 2467 
339 675 2288 2289 676 2464 2468 2469 835 2470 
340 2288 994 995 2289 2466 1154 2471 2468 2472 
341 676 2289 2290 677 2469 2473 2474 836 2475 
342 2289 995 996 2290 2471 1155 2476 2473 2477 
343 677 2290 2291 678 2474 2478 2479 837 2480 
344 2290 996 997 2291 2476 1156 2481 2478 2482 
345 678 2291 2292 679 2479 2483 2484 838 2485 
346 2291 997 998 2292 2481 1157 2486 2483 2487 
347 679 2292 2293 680 2484 2488 2489 839 2490 
348 2292 998 999 2293 2486 1158 2491 2488 2492 
349 680 2293 2294 681 2489 2493 2494 840 2495 
350 2293 999 1000 2294 2491 1159 2496 2493 2497 
351 681 2294 2295 682 2494 2498 2499 841 2500 
352 2294 1000 1001 2295 2496 1160 2501 2498 2502 
353 682 2295 2296 683 2499 2503 2504 842 2505 
354 2295 1001 1002 2296 2501 1161 2506 2503 2507 
355 683 2296 2297 684 2504 2508 2509 843 2510 
356 2296 1002 1003 2297 2506 1162 2511 2508 2512 
357 684 2297 2298 685 2509 2513 2514 844 2515 
358 2297 1003 1004 2298 2511 1163 2516 2513 2517 
359 685 2298 2299 686 2514 2518 2519 845 2520 
360 2298 1004 1005 2299 2516 1164 2521 2518 2522 
361 686 2299 2300 687 2519 2523 2524 846 2525 
362 2299 1005 1006 2300 2521 1165 2526 2523 2527 
363 687 2300 2301 688 2524 2528 2529 847 2530 
364 2300 1006 1007 2301 2526 1166 2531 2528 2532 
365 688 2301 2302 689 2529 2533 2534 848 2535 
366 2301 1007 1008 2302 2531 1167 2536 2533 2537 
367 689 2302 2303 690 2534 2538 2539 849 2540 
368 2302 1008 1009 2303 2536 1168 2541 2538 2542 
369 690 2303 2304 691 2539 2543 2544 850 2545 
370 2303 1009 1010 2304 2541 1169 2546 2543 2547 
371 691 2304 2305 692 2544 2548 2549 851 2550 
372 2304 1010 1011 2305 2546 1170 2551 2548 2552 
373 692 2305 2306 693 2549 2553 2554 852 2555 
374 2305 1011 1012 2306 2551 1171 2556 2553 2557 
375 693 2306 2307 694 2554 2558 2559 853 2560 
376 2306 1012 1013 2307 2556 1172 2561 2558 2562 
377 694 2307 2308 695 2559 2563 2564 854 2565 
378 2307 1013 1014 2308 2561 1173 2566 2563 2567 
379 695 2308 2309 696 2564 2568 2569 855 2570 
380 2308 1014 1015 2309 2566 1174 2571 2568 2572 
381 696 2309 2310 697 2569 2573 2574 856 2575 
382 2309 1015 1016 2310 2571 1175 2576 2573 2577 
383 697 2310 2311 698 2574 2578 2579 857 2580 
384 2310 1016 1017 2311 2576 1176 2581 2578 2582 
385 698 2311 2312 699 2579 2583 2584 858 2585 
386 2311 1017 1018 2312 2581 1177 2586 2583 2587 
387 699 2312 2313 700 2584 2588 2589 859 2590 
388 2312 1018 1019 2313 2586 1178 2591 2588 2592 
389 700 2313 2314 701 2589 2593 2594 860 2595 
390 2313 1019 1020 2314 2591 1179 2596 2593 2597 
391 701 2314 2315 702 2594 2598 2599 861 2600 
392 2314 1020 1021 2315 2596 1180 2601 2598 2602 
393 702 2315 2316 703 2599 2603 2604 862 2605 
394 2315 1021 1022 2316 2601 1181 2606 2603 2607 
395 703 2316 2317 704 2604 2608 2609 863 2610 
396 2316 1022 1023 2317 2606 1182 2611 2608 2612 
397 704 2317 2318 705 2609 2613 2614 864 2615 
398 2317 1023 1024 2318 2611 1183 2616 2613 2617 
399 705 2318 2319 706 2614 2618 2619 865 2620 
400 2318 1024 1025 2319 2616 1184 2621 2618 2622 
401 706 2319 2320 707 2619 2623 2624 866 2625 
402 2319 1025 1026 2320 2621 1185 2626 2623 2627 
403 707 2320 2321 708 2624 2628 2629 867 2630 
404 2320 1026 1027 2321 2626 1186 2631 2628 2632 
405 708 2321 2322 709 2629 2633 2634 868 2635 
406 2321 1027 1028 2322 2631 1187 2636 2633 2637 
407 709 2322 2323 710 2634 2638 2639 869 2640 
408 2322 1028 1029 2323 2636 1188 2641 2638 2642 
409 710 2323 2324 711 2639 2643 2644 870 2645 
410 2323 1029 1030 2324 2641 1189 2646 2643 2647 
411 711 2324 2325 712 2644 2648 2649 871 2650 
412 2324 1030 1031 2325 2646 1190 2651 2648 2652 
413 712 2325 2326 713 2649 2653 2654 872 2655 
414 2325 1031 1032 2326 2651 1191 2656 2653 2657 
415 713 2326 2327 714 2654 2658 2659 873 2660 
416 2326 1032 1033 2327 2656 1192 2661 2658 2662 
417 714 2327 2328 715 2659 2663 2664 874 2665 
418 2327 1033 1034 2328 2661 1193 2666 2663 2667 
419 715 2328 2329 716 2664 2668 2669 875 2670 
420 2328 1034 1035 2329 2666 1194 2671 2668 2672 
421 716 2329 2330 717 2669 2673 2674 876 2675 
422 2329 1035 1036 2330 2671 1195 2676 2673 2677 
423 717 2330 2331 718 2674 2678 2679 877 2680 
424 2330 1036 1037 2331 2676 1196 2681 2678 2682 
425 718 2331 2332 719 2679 2683 2684 878 2685 
426 2331 1037 1038 2332 2681 1197 2686 2683 2687 
427 719 2332 2333 720 2684 2688 2689 879 2690 
428 2332 1038 1039 2333 2686 1198 2691 2688 2692 
429 720 2333 2334 721 2689 2693 2694 880 2695 
430 2333 1039 1040 2334 2691 1199 2696 2693 2697 
431 721 2334 2335 722 2694 2698 2699 881 2700 
432 2334 1040 1041 2335 2696 1200 2701 2698 2702 
433 722 2335 2336 723 2699 2703 2704 882 2705 
434 2335 1041 1042 2336 2701 1201 2706 2703 2707 
435 723 2336 2337 724 2704 2708 2709 883 2710 
436 2336 1042 1043 2337 2706 1202 2711 2708 2712 
437 724 2337 2338 725 2709 2713 2714 884 2715 
438 2337 1043 1044 2338 2711 1203 2716 2713 2717 
439 725 2338 2339 726 2714 2718 2719 885 2720 
440 2338 1044 1045 2339 2716 1204 2721 2718 2722 
441 726 2339 2340 727 2719 2723 2724 886 2725 
442 2339 1045 1046 2340 2721 1205 2726 2723 2727 
443 727 2340 2341 728 2724 2728 2729 887 2730 
444 2340 1046 1047 2341 2726 1206 2731 2728 2732 
445 728 2341 2342 729 2729 2733 2734 888 2735 
446 2341 1047 1048 2342 2731 1207 2736 2733 2737 
447 729 2342 2343 730 2734 2738 2739 889 2740 
448 2342 1048 1049 2343 2736 1208 2741 2738 2742 
449 730 2343 2344 731 2739 2743 2744 890 2745 
450 2343 1049 1050 2344 2741 1209 2746 2743 2747 
451 731 2344 2345 732 2744 2748 2749 891 2750 
452 2344 1050 1051 2345 2746 1210 2751 2748 2752 
453 732 2345 2346 733 2749 2753 2754 892 2755 
454 2345 1051 1052 2346 2751 1211 2756 2753 2757 
455 733 2346 2347 734 2754 2758 2759 893 2760 
456 2346 1052 1053 2347 2756 1212 2761 2758 2762 
457 734 2347 2348 735 2759 2763 2764 894 2765 
458 2347 1053 1054 2348 2761 1213 2766 2763 2767 
459 735 2348 2349 736 2764 2768 2769 895 2770 
460 2348 1054 1055 2349 2766 1214 2771 2768 2772 
461 736 2349 2350 737 2769 2773 2774 896 2775 
462 2349 1055 1056 2350 2771 1215 2776 2773 2777 
463 737 2350 2351 738 2774 2778 2779 897 2780 
464 2350 1056 1057 2351 2776 1216 2781 2778 2782 
465 738 2351 2352 739 2779 2783 2784 898 2785 
466 2351 1057 1058 2352 2781 1217 2786 2783 2787 
467 739 2352 2353 740 2784 2788 2789 899 2790 
468 2352 1058 1059 2353 2786 1218 2791 2788 2792 
469 740 2353 2354 741 2789 2793 2794 900 2795 
470 2353 1059 1060 2354 2791 1219 2796 2793 2797 
471 741 2354 2355 742 2794 2798 2799 901 2800 
472 2354 1060 1061 2355 2796 1220 2801 2798 2802 
473 742 2355 2356 743 2799 2803 2804 902 2805 
474 2355 1061 1062 2356 2801 1221 2806 2803 2807 
475 743 2356 2357 744 2804 2808 2809 903 2810 
476 2356 1062 1063 2357 2806 1222 2811 2808 2812 
477 744 2357 2358 745 2809 2813 2814 904 2815 
478 2357 1063 1064 2358 2811 1223 2816 2813 2817 
479 745 2358 2359 746 2814 2818 2819 905 2820 
480 2358 1064 1065 2359 2816 1224 2821 2818 2822 
481 746 2359 2360 747 2819 2823 2824 906 2825 
482 2359 1065 1066 2360 2821 1225 2826 2823 2827 
483 747 2360 2361 748 2824 2828 2829 907 2830 
484 2360 1066 1067 2361 2826 1226 2831 2828 2832 
485 748 2361 2362 749 2829 2833 2834 908 2835 
486 2361 1067 1068 2362 2831 1227 2836 2833 2837 
487 749 2362 2363 750 2834 2838 2839 909 2840 
488 2362 1068 1069 2363 2836 1228 2841 2838 2842 
489 750 2363 2364 751 2839 2843 2844 910 2845 
490 2363 1069 1070 2364 2841 1229 2846 2843 2847 
491 751 2364 2365 752 2844 2848 2849 911 2850 
492 2364 1070 1071 2365 2846 1230 2851 2848 2852 
493 752 2365 2366 753 2849 2853 2854 912 2855 
494 2365 1071 1072 2366 2851 1231 2856 2853 2857 
495 753 2366 2367 754 2854 2858 2859 913 2860 
496 2366 1072 1073 2367 2856 1232 2861 2858 2862 
497 754 2367 2368 755 2859 2863 2864 914 2865 
498 2367 1073 1074 2368 2861 1233 2866 2863 2867 
499 755 2368 2369 756 2864 2868 2869 915 2870 
500 2368 1074 1075 2369 2866 1234 2871 2868 2872 
501 756 2369 2370 757 2869 2873 2874 916 2875 
502 2369 1075 1076 2370 2871 1235 2876 2873 2877 
503 757 2370 2371 758 2874 2878 2879 917 2880 
504 2370 1076 1077 2371 2876 1236 2881 2878 2882 
505 758 2371 2372 759 2879 2883 2884 918 2885 
506 2371 1077 1078 2372 2881 1237 2886 2883 2887 
507 759 2372 2373 760 2884 2888 2889 919 2890 
508 2372 1078 1079 2373 2886 1238 2891 2888 2892 
509 760 2373 2374 761 2889 2893 2894 920 2895 
510 2373 1079 1080 2374 2891 1239 2896 2893 2897 
511 761 2374 2375 762 2894 2898 2899 921 2900 
512 2374 1080 1081 2375 2896 1240 2901 2898 2902 
513 762 2375 2376 763 2899 2903 2904 922 2905 
514 2375 1081 1082 2376 2901 1241 2906 2903 2907 
515 763 2376 2377 764 2904 2908 2909 923 2910 
516 2376 1082 1083 2377 2906 1242 2911 2908 2912 
517 764 2377 2378 765 2909 2913 2914 924 2915 
518 2377 1083 1084 2378 2911 1243 2916 2913 2917 
519 765 2378 2379 766 2914 2918 2919 925 2920 
520 2378 1084 1085 2379 2916 1244 2921 2918 2922 
521 766 2379 2380 767 2919 2923 2924 926 2925 
522 2379 1085 1086 2380 2921 1245 2926 2923 2927 
523 767 2380 2381 768 2924 2928 2929 927 2930 
524 2380 1086 1087 2381 2926 1246 2931 2928 2932 
525 768 2381 2382 769 2929 2933 2934 928 2935 
526 2381 1087 1088 2382 2931 1247 2936 2933 2937 
527 769 2382 2383 770 2934 2938 2939 929 2940 
528 2382 1088 1089 2383 2936 1248 2941 2938 2942 
529 770 2383 2384 771 2939 2943 2944 930 2945 
530 2383 1089 1090 2384 2941 1249 2946 2943 2947 
531 771 2384 2385 772 2944 2948 2949 931 2950 
532 2384 1090 1091 2385 2946 1250 2951 2948 2952 
533 772 2385 2386 773 2949 2953 2954 932 2955 
534 2385 1091 1092 2386 2951 1251 2956 2953 2957 
535 773 2386 2387 774 2954 2958 2959 933 2960 
536 2386 1092 1093 2387 2956 1252 2961 2958 2962 
537 774 2387 2388 775 2959 2963 2964 934 2965 
538 2387 1093 1094 2388 2961 1253 2966 2963 2967 
539 775 2388 2389 776 2964 2968 2969 935 2970 
540 2388 1094 1095 2389 2966 1254 2971 2968 2972 
541 776 2389 2390 777 2969 2973 2974 936 2975 
542 2389 1095 1096 2390 2971 1255 2976 2973 2977 
543 777 2390 2391 778 2974 2978 2979 937 2980 
544 2390 1096 1097 2391 2976 1256 2981 2978 2982 
545 778 2391 2392 779 2979 2983 2984 938 2985 
546 2391 1097 1098 2392 2981 1257 2986 2983 2987 
547 779 2392 2393 780 2984 2988 2989 939 2990 
548 2392 1098 1099 2393 2986 1258 2991 2988 2992 
549 780 2393 2394 781 2989 2993 2994 940 2995 
550 2393 1099 1100 2394 2991 1259 2996 2993 2997 
551 781 2394 2395 782 2994 2998 2999 941 3000 
552 2394 1100 1101 2395 2996 1260 3001 2998 3002 
553 782 2395 2396 783 2999 3003 3004 942 3005 
554 2395 1101 1102 2396 3001 1261 3006 3003 3007 
555 783 2396 2397 784 3004 3008 3009 943 3010 
556 2396 1102 1103 2397 3006 1262 3011 3008 3012 
557 784 2397 2398 785 3009 3013 3014 944 3015 
558 2397 1103 1104 2398 3011 1263 3016 3013 3017 
559 785 2398 2399 786 3014 3018 3019 945 3020 
560 2398 1104 1105 2399 3016 1264 3021 3018 3022 
561 786 2399 2400 787 3019 3023 3024 946 3025 
562 2399 1105 1106 2400 3021 1265 3026 3023 3027 
563 787 2400 2401 788 3024 3028 3029 947 3030 
564 2400 1106 1107 2401 3026 1266 3031 3028 3032 
565 788 2401 2402 789 3029 3033 3034 948 3035 
566 2401 1107 1108 2402 3031 1267 3036 3033 3037 
567 789 2402 2403 790 3034 3038 3039 949 3040 
568 2402 1108 1109 2403 3036 1268 3041 3038 3042 
569 790 2403 2404 791 3039 3043 3044 950 3045 
570 2403 1109 1110 2404 3041 1269 3046 3043 3047 
571 791 2404 2405 792 3044 3048 3049 951 3050 
572 2404 1110 1111 2405 3046 1270 3051 3048 3052 
573 792 2405 2406 793 3049 3053 3054 952 3055 
574 2405 1111 1112 2406 3051 1271 3056 3053 3057 
575 793 2406 2407 794 3054 3058 3059 953 3060 
576 2406 1112 1113 2407 3056 1272 3061 3058 3062 
577 794 2407 2408 795 3059 3063 3064 954 3065 
578 2407 1113 1114 2408 3061 1273 3066 3063 3067 
579 795 2408 2409 796 3064 3068 3069 955 3070 
580 2408 1114 1115 2409 3066 1274 3071 3068 3072 
581 796 2409 2410 797 3069 3073 3074 956 3075 
582 2409 1115 1116 2410 3071 1275 3076 3073 3077 
583 797 2410 2411 798 3074 3078 3079 957 3080 
584 2410 1116 1117 2411 3076 1276 3081 3078 3082 
585 798 2411 2412 799 3079 3083 3084 958 3085 
586 2411 1117 1118 2412 3081 1277 3086 3083 3087 
587 799 2412 2413 800 3084 3088 3089 959 3090 
588 2412 1118 1119 2413 3086 1278 3091 3088 3092 
589 800 2413 2414 801 3089 3093 3094 960 3095 
590 2413 1119 1120 2414 3091 1279 3096 3093 3097 
591 801 2414 2415 802 3094 3098 3099 961 3100 
592 2414 1120 1121 2415 3096 1280 3101 3098 3102 
593 802 2415 2416 803 3099 3103 3104 962 3105 
594 2415 1121 1122 2416 3101 1281 3106 3103 3107 
595 803 2416 2417 804 3104 3108 3109 963 3110 
596 2416 1122 1123 2417 3106 1282 3111 3108 3112 
597 804 2417 2418 805 3109 3113 3114 964 3115 
598 2417 1123 1124 2418 3111 1283 3116 3113 3117 
599 805 2418 2419 806 3114 3118 3119 965 3120 
600 2418 1124 1125 2419 3116 1284 3121 3118 3122 
601 806 2419 2420 807 3119 3123 3124 966 3125 
602 2419 1125 1126 2420 3121 1285 3126 3123 3127 
603 807 2420 2421 808 3124 3128 3129 967 3130 
604 2420 1126 1127 2421 3126 1286 3131 3128 3132 
605 808 2421 2422 809 3129 3133 3134 968 3135 
606 2421 1127 1128 2422 3131 1287 3136 3133 3137 
607 809 2422 2423 810 3134 3138 3139 969 3140 
608 2422 1128 1129 2423 3136 1288 3141 3138 3142 
609 810 2423 2424 811 3139 3143 3144 970 3145 
610 2423 1129 1130 2424 3141 1289 3146 3143 3147 
611 811 2424 2425 812 3144 3148 3149 971 3150 
612 2424 1130 1131 2425 3146 1290 3151 3148 3152 
613 812 2425 2426 813 3149 3153 3154 972 3155 
614 2425 1131 1132 2426 3151 1291 3156 3153 3157 
615 813 2426 2427 814 3154 3158 3159 973 3160 
616 2426 1132 1133 2427 3156 1292 3161 3158 3162 
617 814 2427 2428 815 3159 3163 3164 974 3165 
618 2427 1133 1134 2428 3161 1293 3166 3163 3167 
619 815 2428 2429 816 3164 3168 3169 975 3170 
620 2428 1134 1135 2429 3166 1294 3171 3168 3172 
621 816 2429 2430 817 3169 3173 3174 976 3175 
622 2429 1135 1136 2430 3171 1295 3176 3173 3177 
623 817 2430 2431 818 3174 3178 3179 977 3180 
624 2430 1136 1137 2431 3176 1296 3181 3178 3182 
625 818 2431 2432 819 3179 3183 3184 978 3185 
626 2431 1137 1138 2432 3181 1297 3186 3183 3187 
627 819 2432 2433 820 3184 3188 3189 979 3190 
628 2432 1138 1139 2433 3186 1298 3191 3188 3192 
629 820 2433 2434 821 3189 3193 3194 980 3195 
630 2433 1139 1140 2434 3191 1299 3196 3193 3197 
631 821 2434 2435 822 3194 3198 3199 981 3200 
632 2434 1140 1141 2435 3196 1300 3201 3198 3202 
633 822 2435 2436 823 3199 3203 3204 982 3205 
634 2435 1141 1142 2436 3201 1301 3206 3203 3207 
635 823 2436 2437 824 3204 3208 3209 983 3210 
636 2436 1142 1143 2437 3206 1302 3211 3208 3212 
637 824 2437 2438 825 3209 3213 3214 984 3215 
638 2437 1143 1144 2438 3211 1303 3216 3213 3217 
639 825 2438 2439 826 3214 3218 3219 985 3220 
640 2438 1144 1145 2439 3216 1304 3221 3218 3222 
641 826 2439 2440 827 3219 3223 3224 986 3225 
642 2439 1145 1146 2440 3221 1305 3226 3223 3227 
643 827 2440 2441 828 3224 3228 3229 987 3230 
644 2440 1146 1147 2441 3226 1306 3231 3228 3232 
645 828 2441 2442 829 3229 3233 3234 988 3235 
646 2441 1147 1148 2442 3231 1307 3236 3233 3237 
647 829 2442 27 8 3234 3238 28 989 3239 
648 2442 1148 7 27 3236 1308 29 3238 3240 
2 5 10 320
649 2 18 3241 33 19 3400 3401 192 3402 
650 33 3241 3242 34 3401 3403 3404 193 3405 
651 34 3242 3243 35 3404 3406 3407 194 3408 
652 35 3243 3244 36 3407 3409 3410 195 3411 
653 36 3244 3245 37 3410 3412 3413 196 3414 
654 37 3245 3246 38 3413 3415 3416 197 3417 
655 38 3246 3247 39 3416 3418 3419 198 3420 
656 39 3247 3248 40 3419 3421 3422 199 3423 
657 40 3248 3249 41 3422 3424 3425 200 3426 
658 41 3249 3250 42 3425 3427 3428 201 3429 
659 42 3250 3251 43 3428 3430 3431 202 3432 
660 43 3251 3252 44 3431 3433 3434 203 3435 
661 44 3252 3253 45 3434 3436 3437 204 3438 
662 45 3253 3254 46 3437 3439 3440 205 3441 
663 46 3254 3255 47 3440 3442 3443 206 3444 
664 47 3255 3256 48 3443 3445 3446 207 3447 
665 48 3256 3257 49 3446 3448 3449 208 3450 
666 49 3257 3258 50 3449 3451 3452 209 3453 
667 50 3258 3259 51 3452 3454 3455 210 3456 
668 51 3259 3260 52 3455 3457 3458 211 3459 
669 52 3260 3261 53 3458 3460 3461 212 3462 
670 53 3261 3262 54 3461 3463 3464 213 3465 
671 54 3262 3263 55 3464 3466 3467 214 3468 
672 55 3263 3264 56 3467 3469 3470 215 3471 
673 56 3264 3265 57 3470 3472 3473 216 3474 
674 57 3265 3266 58 3473 3475 3476 217 3477 
675 58 3266 3267 59 3476 3478 3479 218 3480 
676 59 3267 3268 60 3479 3481 3482 219 3483 
677 60 3268 3269 61 3482 3484 3485 220 3486 
678 61 3269 3270 62 3485 3487 3488 221 3489 
679 62 3270 3271 63 3488 3490 3491 222 3492 
680 63 3271 3272 64 3491 3493 3494 223 3495 
681 64 3272 3273 65 3494 3496 3497 224 3498 
682 65 3273 3274 66 3497 3499 3500 225 3501 
683 66 3274 3275 67 3500 3502 3503 226 3504 
684 67 3275 3276 68 3503 3505 3506 227 3507 
685 68 3276 3277 69 3506 3508 3509 228 3510 
686 69 3277 3278 70 3509 3511 3512 229 3513 
687 70 3278 3279 71 3512 3514 3515 230 3516 
688 71 3279 3280 72 3515 3517 3518 231 3519 
689 72 3280 3281 73 3518 3520 3521 232 3522 
690 73 3281 3282 74 3521 3523 3524 233 3525 
691 74 3282 3283 75 3524 3526 3527 234 3528 
692 75 3283 3284 76 3527 3529 3530 235 3531 
693 76 3284 3285 77 3530 3532 3533 236 3534 
694 77 3285 3286 78 3533 3535 3536 237 3537 
695 78 3286 3287 79 3536 3538 3539 238 3540 
696 79 3287 3288 80 3539 3541 3542 239 3543 
697 80 3288 3289 81 3542 3544 3545 240 3546 
698 81 3289 3290 82 3545 3547 3548 241 3549 
699 82 3290 3291 83 3548 3550 3551 242 3552 
700 83 3291 3292 84 3551 3553 3554 243 3555 
701 84 3292 3293 85 3554 3556 3557 244 3558 
702 85 3293 3294 86 3557 3559 3560 245 3561 
703 86 3294 3295 87 3560 3562 3563 246 3564 
704 87 3295 3296 88 3563 3565 3566 247 3567 
705 88 3296 3297 89 3566 3568 3569 248 3570 
706 89 3297 3298 90 3569 3571 3572 249 3573 
707 90 3298 3299 91 3572 3574 3575 250 3576 
708 91 3299 3300 92 3575 3577 3578 251 3579 
709 92 3300 3301 93 3578 3580 3581 252 3582 
710 93 3301 3302 94 3581 3583 3584 253 3585 
711 94 3302 3303 95 3584 3586 3587 254 3588 
712 95 3303 3304 96 3587 3589 3590 255 3591 
713 96 3304 3305 97 3590 3592 3593 256 3594 
714 97 3305 3306 98 3593 3595 3596 257 3597 
715 98 3306 3307 99 3596 3598 3599 258 3600 
716 99 3307 3308 100 3599 3601 3602 259 3603 
717 100 3308 3309 101 3602 3604 3605 260 3606 
718 101 3309 3310 102 3605 3607 3608 261 3609 
719 102 3310 3311 103 3608 3610 3611 262 3612 
720 103 3311 3312 104 3611 3613 3614 263 3615 
721 104 3312 3313 105 3614 3616 3617 264 3618 
722 105 3313 3314 106 3617 3619 3620 265 3621 
723 106 3314 3315 107 3620 3622 3623 266 3624 
724 107 3315 3316 108 3623 3625 3626 267 3627 
725 108 3316 3317 109 3626 3628 3629 268 3630 
726 109 3317 3318 110 3629 3631 3632 269 3633 
727 110 3318 3319 111 3632 3634 3635 270 3636 
728 111 3319 3320 112 3635 3637 3638 271 3639 
729 112 3320 3321 113 3638 3640 3641 272 3642 
730 113 3321 3322 114 3641 3643 3644 273 3645 
731 114 3322 3323 115 3644 3646 3647 274 3648 
732 115 3323 3324 116 3647 3649 3650 275 3651 
733 116 3324 3325 117 3650 3652 3653 276 3654 
734 117 3325 3326 118 3653 3655 3656 277 3657 
735 118 3326 3327 119 3656 3658 3659 278 3660 
736 119 3327 3328 120 3659 3661 3662 279 3663 
737 120 3328 3329 121 3662 3664 3665 280 3666 
738 121 3329 3330 122 3665 3667 3668 281 3669 
739 122 3330 3331 123 3668 3670 3671 282 3672 
740 123 3331 3332 124 3671 3673 3674 283 3675 
741 124 3332 3333 125 3674 3676 3677 284 3678 
742 125 3333 3334 126 3677 3679 3680 285 3681 
743 126 3334 3335 127 3680 3682 3683 286 3684 
744 127 3335 3336 128 3683 3685 3686 287 3687 
745 128 3336 3337 129 3686 3688 3689 288 3690 
746 129 3337 3338 130 3689 3691 3692 289 3693 
747 130 3338 3339 131 3692 3694 3695 290 3696 
748 131 3339 3340 132 3695 3697 3698 291 3699 
749 132 3340 3341 133 3698 3700 3701 292 3702 
750 133 3341 3342 134 3701 3703 3704 293 3705 
751 134 3342 3343 135 3704 3706 3707 294 3708 
752 135 3343 3344 136 3707 3709 3710 295 3711 
753 136 3344 3345 137 3710 3712 3713 296 3714 
754 137 3345 3346 138 3713 3715 3716 297 3717 
755 138 3346 3347 139 3716 3718 3719 298 3720 
756 139 3347 3348 140 3719 3721 3722 299 3723 
757 140 3348 3349 141 3722 3724 3725 300 3726 
758 141 3349 3350 142 3725 3727 3728 301 3729 
759 142 3350 3351 143 3728 3730 3731 302 3732 
760 143 3351 3352 144 3731 3733 3734 303 3735 
761 144 3352 3353 145 3734 3736 3737 304 3738 
762 145 3353 3354 146 3737 3739 3740 305 3741 
763 146 3354 3355 147 3740 3742 3743 306 3744 
764 147 3355 3356 148 3743 3745 3746 307 3747 
765 148 3356 3357 149 3746 3748 3749 308 3750 
766 149 3357 3358 150 3749 3751 3752 309 3753 
767 150 3358 3359 151 3752 3754 3755 310 3756 
768 151 3359 3360 152 3755 3757 3758 311 3759 
769 152 3360 3361 153 3758 3760 3761 312 3762 
770 153 3361 3362 154 3761 3763 3764 313 3765 
771 154 3362 3363 155 3764 3766 3767 314 3768 
772 155 3363 3364 156 3767 3769 3770 315 3771 
773 156 3364 3365 157 3770 3772 3773 316 3774 
774 157 3365 3366 158 3773 3775 3776 317 3777 
775 158 3366 3367 159 3776 3778 3779 318 3780 
776 159 3367 3368 160 3779 3781 3782 319 3783 
777 160 3368 3369 161 3782 3784 3785 320 3786 
778 161 3369 3370 162 3785 3787 3788 321 3789 
779 162 3370 3371 163 3788 3790 3791 322 3792 
780 163 3371 3372 164 3791 3793 3794 323 3795 
781 164 3372 3373 165 3794 3796 3797 324 3798 
782 165 3373 3374 166 3797 3799 3800 325 3801 
783 166 3374 3375 167 3800 3802 3803 326 3804 
784 167 3375 3376 168 3803 3805 3806 327 3807 
785 168 3376 3377 169 3806 3808 3809 328 3810 
786 169 3377 3378 170 3809 3811 3812 329 3813 
787 170 3378 3379 171 3812 3814 3815 330 3816 
788 171 3379 3380 172 3815 3817 3818 331 3819 
789 172 3380 3381 173 3818 3820 3821 332 3822 
790 173 3381 3382 174 3821 3823 3824 333 3825 
791 174 3382 3383 175 3824 3826 3827 334 3828 
792 175 3383 3384 176 3827 3829 3830 335 3831 
793 176 3384 3385 177 3830 3832 3833 336 3834 
794 177 3385 3386 178 3833 3835 3836 337 3837 
795 178 3386 3387 179 3836 3838 3839 338 3840 
796 179 3387 3388 180 3839 3841 3842 339 3843 
797 180 3388 3389 181 3842 3844 3845 340 3846 
798 181 3389 3390 182 3845 3847 3848 341 3849 
799 182 3390 3391 183 3848 3850 3851 342 3852 
800 183 3391 3392 184 3851 3853 3854 343 3855 
801 184 3392 3393 185 3854 3856 3857 344 3858 
802 185 3393 3394 186 3857 3859 3860 345 3861 
803 186 3394 3395 187 3860 3862 3863 346 3864 
804 187 3395 3396 188 3863 3865 3866 347 3867 
805 188 3396 3397 189 3866 3868 3869 348 3870 
806 189 3397 3398 190 3869 3871 3872 349 3873 
807 190 3398 3399 191 3872 3874 3875 350 3876 
808 191 3399 30 6 3875 3877 31 351 3878 
809 18 4 671 3241 20 830 3879 3400 3880 
810 3241 671 672 3242 3879 831 3881 3403 3882 
811 3242 672 673 3243 3881 832 3883 3406 3884 
812 3243 673 674 3244 3883 833 3885 3409 3886 
813 3244 674 675 3245 3885 834 3887 3412 3888 
814 3245 675 676 3246 3887 835 3889 3415 3890 
815 3246 676 677 3247 3889 836 3891 3418 3892 
816 3247 677 678 3248 3891 837 3893 3421 3894 
817 3248 678 679 3249 3893 838 3895 3424 3896 
818 3249 679 680 3250 3895 839 3897 3427 3898 
819 3250 680 681 3251 3897 840 3899 3430 3900 
820 3251 681 682 3252 3899 841 3901 3433 3902 
821 3252 682 683 3253 3901 842 3903 3436 3904 
822 3253 683 684 3254 3903 843 3905 3439 3906 
823 3254 684 685 3255 3905 844 3907 3442 3908 
824 3255 685 686 3256 3907 845 3909 3445 3910 
825 3256 686 687 3257 3909 846 3911 3448 3912 
826 3257 687 688 3258 3911 847 3913 3451 3914 
827 3258 688 689 3259 3913 848 3915 3454 3916 
828 3259 689 690 3260 3915 849 3917 3457 3918 
829 3260 690 691 3261 3917 850 3919 3460 3920 
830 3261 691 692 3262 3919 851 3921 3463 3922 
831 3262 692 693 3263 3921 852 3923 3466 3924 
832 3263 693 694 3264 3923 853 3925 3469 3926 
833 3264 694 695 3265 3925 854 3927 3472 3928 
834 3265 695 696 3266 3927 855 3929 3475 3930 
835 3266 696 697 3267 3929 856 3931 3478 3932 
836 3267 697 698 3268 3931 857 3933 3481 3934 
837 3268 698 699 3269 3933 858 3935 3484 3936 
838 3269 699 700 3270 3935 859 3937 3487 3938 
839 3270 700 701 3271 3937 860 3939 3490 3940 
840 3271 701 702 3272 3939 861 3941 3493 3942 
841 3272 702 703 3273 3941 862 3943 3496 3944 
842 3273 703 704 3274 3943 863 3945 3499 3946 
843 3274 704 705 3275 3945 864 3947 3502 3948 
844 3275 705 706 3276 3947 865 3949 3505 3950 
845 3276 706 707 3277 3949 866 3951 3508 3952 
846 3277 707 708 3278 3951 867 3953 3511 3954 
847 3278 708 709 3279 3953 868 3955 3514 3956 
848 3279 709 710 3280 3955 869 3957 3517 3958 
849 3280 710 711 3281 3957 870 3959 3520 3960 
850 3281 711 712 3282 3959 871 3961 3523 3962 
851 3282 712 713 3283 3961 872 3963 3526 3964 
852 3283 713 714 3284 3963 873 3965 3529 3966 
853 3284 714 715 3285 3965 874 3967 3532 3968 
854 3285 715 716 3286 3967 875 3969 3535 3970 
855 3286 716 717 3287 3969 876 3971 3538 3972 
856 3287 717 718 3288 3971 877 3973 3541 3974 
857 3288 718 719 3289 3973 878 3975 3544 3976 
858 3289 719 720 3290 3975 879 3977 3547 3978 
859 3290 720 721 3291 3977 880 3979 3550 3980 
860 3291 721 722 3292 3979 881 3981 3553 3982 
861 3292 722 723 3293 3981 882 3983 3556 3984 
862 3293 723 724 3294 3983 883 3985 3559 3986 
863 3294 724 725 3295 3985 884 3987 3562 3988 
864 3295 725 726 3296 3987 885 3989 3565 3990 
865 3296 726 727 3297 3989 886 3991 3568 3992 
866 3297 727 728 3298 3991 887 3993 3571 3994 
867 3298 728 729 3299 3993 888 3995 3574 3996 
868 3299 729 730 3300 3995 889 3997 3577 3998 
869 3300 730 731 3301 3997 890 3999 3580 4000 
870 3301 731 732 3302 3999 891 4001 3583 4002 
871 3302 732 733 3303 4001 892 4003 3586 4004 
872 3303 733 734 3304 4003 893 4005 3589 4006 
873 3304 734 735 3305 4005 894 4007 3592 4008 
874 3305 735 736 3306 4007 895 4009 3595 4010 
875 3306 736 737 3307 4009 896 4011 3598 4012 
876 3307 737 738 3308 4011 897 4013 3601 4014 
877 3308 738 739 3309 4013 898 4015 3604 4016 
878 3309 739 740 3310 4015 899 4017 3607 4018 
879 3310 740 741 3311 4017 900 4019 3610 4020 
880 3311 741 742 3312 4019 901 4021 3613 4022 
881 3312 742 743 3313 4021 902 4023 3616 4024 
882 3313 743 744 3314 4023 903 4025 3619 4026 
883 3314 744 745 3315 4025 904 4027 3622 4028 
884 3315 745 746 3316 4027 905 4029 3625 4030 
885 3316 746 747 3317 4029 906 4031 3628 4032 
886 3317 747 748 3318 4031 907 4033 3631 4034 
887 3318 748 749 3319 4033 908 4035 3634 4036 
888 3319 749 750 3320 4035 909 4037 3637 4038 
889 3320 750 751 3321 4037 910 4039 3640 4040 
890 3321 751 752 3322 4039 911 4041 3643 4042 
891 3322 752 753 3323 4041 912 4043 3646 4044 
892 3323 753 754 3324 4043 913 4045 3649 4046 
893 3324 754 755 3325 4045 914 4047 3652 4048 
894 3325 755 756 3326 4047 915 4049 3655 4050 
895 3326 756 757 3327 4049 916 4051 3658 4052 
896 3327 757 758 3328 4051 917 4053 3661 4054 
897 3328 758 759 3329 4053 918 4055 3664 4056 
898 3329 759 760 3330 4055 919 4057 3667 4058 
899 3330 760 761 3331 4057 920 4059 3670 4060 
900 3331 761 762 3332 4059 921 4061 3673 4062 
901 3332 762 763 3333 4061 922 4063 3676 4064 
902 3333 763 764 3334 4063 923 4065 3679 4066 
903 3334 764 765 3335 4065 924 4067 3682 4068 
904 3335 765 766 3336 4067 925 4069 3685 4070 
905 3336 766 767 3337 4069 926 4071 3688 4072 
906 3337 767 768 3338 4071 927 4073 3691 4074 
907 3338 768 769 3339 4073 928 4075 3694 4076 
908 3339 769 770 3340 4075 929 4077 3697 4078 
909 3340 770 771 3341 4077 930 4079 3700 4080 
910 3341 771 772 3342 4079 931 4081 3703 4082 
911 3342 772 773 3343 4081 932 4083 3706 4084 
912 3343 773 774 3344 4083 933 4085 3709 4086 
913 3344 774 775 3345 4085 934 4087 3712 4088 
914 3345 775 776 3346 4087 935 4089 3715 4090 
915 3346 776 777 3347 4089 936 4091 3718 4092 
916 3347 777 778 3348 4091 937 4093 3721 4094 
917 3348 778 779 3349 4093 938 4095 3724 4096 
918 3349 779 780 3350 4095 939 4097 3727 4098 
919 3350 780 781 3351 4097 940 4099 3730 4100 
920 3351 781 782 3352 4099 941 4101 3733 4102 
921 3352 782 783 3353 4101 942 4103 3736 4104 
922 3353 783 784 3354 4103 943 4105 3739 4106 
923 3354 784 785 3355 4105 944 4107 3742 4108 
924 3355 785 786 3356 4107 945 4109 3745 4110 
925 3356 786 787 3357 4109 946 4111 3748 4112 
926 3357 787 788 3358 4111 947 4113 3751 4114 
927 3358 788 789 3359 4113 948 4115 3754 4116 
928 3359 789 790 3360 4115 949 4117 3757 4118 
929 3360 790 791 3361 4117 950 4119 3760 4120 
930 3361 791 792 3362 4119 951 4121 3763 4122 
931 3362 792 793 3363 4121 952 4123 3766 4124 
932 3363 793 794 3364 4123 953 4125 3769 4126 
933 3364 794 795 3365 4125 954 4127 3772 4128 
934 3365 795 796 3366 4127 955 4129 3775 4130 
935 3366 796 797 3367 4129 956 4131 3778 4132 
936 3367 797 798 3368 4131 957 4133 3781 4134 
937 3368 798 799 3369 4133 958 4135 3784 4136 
938 3369 799 800 3370 4135 959 4137 3787 4138 
939 3370 800 801 3371 4137 960 4139 3790 4140 
940 3371 801 802 3372 4139 961 4141 3793 4142 
941 3372 802 803 3373 4141 962 4143 3796 4144 
942 3373 803 804 3374 4143 963 4145 3799 4146 
943 3374 804 805 3375 4145 964 4147 3802 4148 
944 3375 805 806 3376 4147 965 4149 3805 4150 
945 3376 806 807 3377 4149 966 4151 3808 4152 
946 3377 807 808 3378 4151 967 4153 3811 4154 
947 3378 808 809 3379 4153 968 4155 3814 4156 
948 3379 809 810 3380 4155 969 4157 3817 4158 
949 3380 810 811 3381 4157 970 4159 3820 4160 
950 3381 811 812 3382 4159 971 4161 3823 4162 
951 3382 812 813 3383 4161 972 4163 3826 4164 
952 3383 813 814 3384 4163 973 4165 3829 4166 
953 3384 814 815 3385 4165 974 4167 3832 4168 
954 3385 815 816 3386 4167 975 4169 3835 4170 
955 3386 816 817 3387 4169 976 4171 3838 4172 
956 3387 817 818 3388 4171 977 4173 3841 4174 
957 3388 818 819 3389 4173 978 4175 3844 4176 
958 3389 819 820 3390 4175 979 4177 3847 4178 
959 3390 820 821 3391 4177 980 4179 3850 4180 
960 3391 821 822 3392 4179 981 4181 3853 4182 
961 3392 822 823 3393 4181 982 4183 3856 4184 
962 3393 823 824 3394 4183 983 4185 3859 4186 
963 3394 824 825 3395 4185 984 4187 3862 4188 
964 3395 825 826 3396 4187 985 4189 3865 4190 
965 3396 826 827 3397 4189 986 4191 3868 4192 
966 3397 827 828 3398 4191 987 4193 3871 4194 
967 3398 828 829 3399 4193 988 4195 3874 4196 
968 3399 829 8 30 4195 989 32 3877 4197 
2 6 10 320
969 1 352 4198 12 511 4357 4358 13 4359 
970 352 353 4199 4198 512 4360 4361 4357 4362 
971 353 354 4200 4199 513 4363 4364 4360 4365 
972 354 355 4201 4200 514 4366 4367 4363 4368 
973 355 356 4202 4201 515 4369 4370 4366 4371 
974 356 357 4203 4202 516 4372 4373 4369 4374 
975 357 358 4204 4203 517 4375 4376 4372 4377 
976 358 359 4205 4204 518 4378 4379 4375 4380 
977 359 360 4206 4205 519 4381 4382 4378 4383 
978 360 361 4207 4206 520 4384 4385 4381 4386 
979 361 362 4208 4207 521 4387 4388 4384 4389 
980 362 363 4209 4208 522 4390 4391 4387 4392 
981 363 364 4210 4209 523 4393 4394 4390 4395 
982 364 365 4211 4210 524 4396 4397 4393 4398 
983 365 366 4212 4211 525 4399 4400 4396 4401 
984 366 367 4213 4212 526 4402 4403 4399 4404 
985 367 368 4214 4213 527 4405 4406 4402 4407 
986 368 369 4215 4214 528 4408 4409 4405 4410 
987 369 370 4216 4215 529 4411 4412 4408 4413 
988 370 371 4217 4216 530 4414 4415 4411 4416 
989 371 372 4218 4217 531 4417 4418 4414 4419 
990 372 373 4219 4218 532 4420 4421 4417 4422 
991 373 374 4220 4219 533 4423 4424 4420 4425 
992 374 375 4221 4220 534 4426 4427 4423 4428 
993 375 376 4222 4221 535 4429 4430 4426 4431 
994 376 377 4223 4222 536 4432 4433 4429 4434 
995 377 378 4224 4223 537 4435 4436 4432 4437 
996 378 379 4225 4224 538 4438 4439 4435 4440 
997 379 380 4226 4225 539 4441 4442 4438 4443 
998 380 381 4227 4226 540 4444 4445 4441 4446 
999 381 382 4228 4227 541 4447 4448 4444 4449 
1000 382 383 4229 4228 542 4450 4451 4447 4452 
1001 383 384 4230 4229 543 4453 4454 4450 4455 
1002 384 385 4231 4230 544 4456 4457 4453 4458 
1003 385 386 4232 4231 545 4459 4460 4456 4461 
1004 386 387 4233 4232 546 4462 4463 4459 4464 
1005 387 388 4234 4233 547 4465 4466 4462 4467 
1006 388 389 4235 4234 548 4468 4469 4465 4470 
1007 389 390 4236 4235 549 4471 4472 4468 4473 
1008 390 391 4237 4236 550 4474 4475 4471 4476 
1009 391 392 4238 4237 551 4477 4478 4474 4479 
1010 392 393 4239 4238 552 4480 4481 4477 4482 
1011 393 394 4240 4239 553 4483 4484 4480 4485 
1012 394 395 4241 4240 554 4486 4487 4483 4488 
1013 395 396 4242 4241 555 4489 4490 4486 4491 
1014 396 397 4243 4242 556 4492 4493 4489 4494 
1015 397 398 4244 4243 557 4495 4496 4492 4497 
1016 398 399 4245 4244 558 4498 4499 4495 4500 
1017 399 400 4246 4245 559 4501 4502 4498 4503 
1018 400 401 4247 4246 560 4504 4505 4501 4506 
1019 401 402 4248 4247 561 4507 4508 4504 4509 
1020 402 403 4249 4248 562 4510 4511 4507 4512 
1021 403 404 4250 4249 563 4513 4514 4510 4515 
1022 404 405 4251 4250 564 4516 4517 4513 4518 
1023 405 406 4252 4251 565 4519 4520 4516 4521 
1024 406 407 4253 4252 566 4522 4523 4519 4524 
1025 407 408 4254 4253 567 4525 4526 4522 4527 
1026 408 409 4255 4254 568 4528 4529 4525 4530 
1027 409 410 4256 4255 569 4531 4532 4528 4533 
1028 410 411 4257 4256 570 4534 4535 4531 4536 
1029 411 412 4258 4257 571 4537 4538 4534 4539 
1030 412 413 4259 4258 572 4540 4541 4537 4542 
1031 413 414 4260 4259 573 4543 4544 4540 4545 
1032 414 415 4261 4260 574 4546 4547 4543 4548 
1033 415 416 4262 4261 575 4549 4550 4546 4551 
1034 416 417 4263 4262 576 4552 4553 4549 4554 
1035 417 418 4264 4263 577 4555 4556 4552 4557 
1036 418 419 4265 4264 578 4558 4559 4555 4560 
1037 419 420 4266 4265 579 4561 4562 4558 4563 
1038 420 421 4267 4266 580 4564 4565 4561 4566 
1039 421 422 4268 4267 581 4567 4568 4564 4569 
1040 422 423 4269 4268 582 4570 4571 4567 4572 
1041 423 424 4270 4269 583 4573 4574 4570 4575 
1042 424 425 4271 4270 584 4576 4577 4573 4578 
1043 425 426 4272 4271 585 4579 4580 4576 4581 
1044 426 427 4273 4272 586 4582 4583 4579 4584 
1045 427 428 4274 4273 587 4585 4586 4582 4587 
1046 428 429 4275 4274 588 4588 4589 4585 4590 
1047 429 430 4276 4275 589 4591 4592 4588 4593 
1048 430 431 4277 4276 590 4594 4595 4591 4596 
1049 431 432 4278 4277 591 4597 4598 4594 4599 
1050 432 433 4279 4278 592 4600 4601 4597 4602 
1051 433 434 4280 4279 593 4603 4604 4600 4605 
1052 434 435 4281 4280 594 4606 4607 4603 4608 
1053 435 436 4282 4281 595 4609 4610 4606 4611 
1054 436 437 4283 4282 596 4612 4613 4609 4614 
1055 437 438 4284 4283 597 4615 4616 4612 4617 
1056 438 439 4285 4284 598 4618 4619 4615 4620 
1057 439 440 4286 4285 599 4621 4622 4618 4623 
1058 440 441 4287 4286 600 4624 4625 4621 4626 
1059 441 442 4288 4287 601 4627 4628 4624 4629 
1060 442 443 4289 4288 602 4630 4631 4627 4632 
1061 443 444 4290 4289 603 4633 4634 4630 4635 
1062 444 445 4291 4290 604 4636 4637 4633 4638 
1063 445 446 4292 4291 605 4639 4640 4636 4641 
1064 446 447 4293 4292 606 4642 4643 4639 4644 
1065 447 448 4294 4293 607 4645 4646 4642 4647 
1066 448 449 4295 4294 608 4648 4649 4645 4650 
1067 449 450 4296 4295 609 4651 4652 4648 4653 
1068 450 451 4297 4296 610 4654 4655 4651 4656 
1069 451 452 4298 4297 611 4657 4658 4654 4659 
1070 452 453 4299 4298 612 4660 4661 4657 4662 
1071 453 454 4300 4299 613 4663 4664 4660 4665 
1072 454 455 4301 4300 614 4666 4667 4663 4668 
1073 455 456 4302 4301 615 4669 4670 4666 4671 
1074 456 457 4303 4302 616 4672 4673 4669 4674 
1075 457 458 4304 4303 617 4675 4676 4672 4677 
1076 458 459 4305 4304 618 4678 4679 4675 4680 
1077 459 460 4306 4305 619 4681 4682 4678 4683 
1078 460 461 4307 4306 620 4684 4685 4681 4686 
1079 461 462 4308 4307 621 4687 4688 4684 4689 
1080 462 463 4309 4308 622 4690 4691 4687 4692 
1081 463 464 4310 4309 623 4693 4694 4690 4695 
1082 464 465 4311 4310 624 4696 4697 4693 4698 
1083 465 466 4312 4311 625 4699 4700 4696 4701 
1084 466 467 4313 4312 626 4702 4703 4699 4704 
1085 467 468 4314 4313 627 4705 4706 4702 4707 
1086 468 469 4315 4314 628 4708 4709 4705 4710 
1087 469 470 4316 4315 629 4711 4712 4708 4713 
1088 470 471 4317 4316 630 4714 4715 4711 4716 
1089 471 472 4318 4317 631 4717 4718 4714 4719 
1090 472 473 4319 4318 632 4720 4721 4717 4722 
1091 473 474 4320 4319 633 4723 4724 4720 4725 
1092 474 475 4321 4320 634 4726 4727 4723 4728 
1093 475 476 4322 4321 635 4729 4730 4726 4731 
1094 476 477 4323 4322 636 4732 4733 4729 4734 
1095 477 478 4324 4323 637 4735 4736 4732 4737 
1096 478 479 4325 4324 638 4738 4739 4735 4740 
1097 479 480 4326 4325 639 4741 4742 4738 4743 
1098 480 481 4327 4326 640 4744 4745 4741 4746 
1099 481 482 4328 4327 641 4747 4748 4744 4749 
1100 482 483 4329 4328 642 4750 4751 4747 4752 
1101 483 484 4330 4329 643 4753 4754 4750 4755 
1102 484 485 4331 4330 644 4756 4757 4753 4758 
1103 485 486 4332 4331 645 4759 4760 4756 4761 
1104 486 487 4333 4332 646 4762 4763 4759 4764 
1105 487 488 4334 4333 647 4765 4766 4762 4767 
1106 488 489 4335 4334 648 4768 4769 4765 4770 
1107 489 490 4336 4335 649 4771 4772 4768 4773 
1108 490 491 4337 4336 650 4774 4775 4771 4776 
1109 491 492 4338 4337 651 4777 4778 4774 4779 
1110 492 493 4339 4338 652 4780 4781 4777 4782 
1111 493 494 4340 4339 653 4783 4784 4780 4785 
1112 494 495 4341 4340 654 4786 4787 4783 4788 
1113 495 496 4342 4341 655 4789 4790 4786 4791 
1114 496 497 4343 4342 656 4792 4793 4789 4794 
1115 497 498 4344 4343 657 4795 4796 4792 4797 
1116 498 499 4345 4344 658 4798 4799 4795 4800 
1117 499 500 4346 4345 659 4801 4802 4798 4803 
1118 500 501 4347 4346 660 4804 4805 4801 4806 
1119 501 502 4348 4347 661 4807 4808 4804 4809 
1120 502 503 4349 4348 662 4810 4811 4807 4812 
1121 503 504 4350 4349 663 4813 4814 4810 4815 
1122 504 505 4351 4350 664 4816 4817 4813 4818 
1123 505 506 4352 4351 665 4819 4820 4816 4821 
1124 506 507 4353 4352 666 4822 4823 4819 4824 
1125 507 508 4354 4353 667 4825 4826 4822 4827 
1126 508 509 4355 4354 668 4828 4829 4825 4830 
1127 509 510 4356 4355 669 4831 4832 4828 4833 
1128 510 5 24 4356 670 25 4834 4831 4835 
1129 12 4198 990 3 4358 4836 1149 14 4837 
1130 4198 4199 991 990 4361 4838 1150 4836 4839 
1131 4199 4200 992 991 4364 4840 1151 4838 4841 
1132 4200 4201 993 992 4367 4842 1152 4840 4843 
1133 4201 4202 994 993 4370 4844 1153 4842 4845 
1134 4202 4203 995 994 4373 4846 1154 4844 4847 
1135 4203 4204 996 995 4376 4848 1155 4846 4849 
1136 4204 4205 997 996 4379 4850 1156 4848 4851 
1137 4205 4206 998 997 4382 4852 1157 4850 4853 
1138 4206 4207 999 998 4385 4854 1158 4852 4855 
1139 4207 4208 1000 999 4388 4856 1159 4854 4857 
1140 4208 4209 1001 1000 4391 4858 1160 4856 4859 
1141 4209 4210 1002 1001 4394 4860 1161 4858 4861 
1142 4210 4211 1003 1002 4397 4862 1162 4860 4863 
1143 4211 4212 1004 1003 4400 4864 1163 4862 4865 
1144 4212 4213 1005 1004 4403 4866 1164 4864 4867 
1145 4213 4214 1006 1005 4406 4868 1165 4866 4869 
1146 4214 4215 1007 1006 4409 4870 1166 4868 4871 
1147 4215 4216 1008 1007 4412 4872 1167 4870 4873 
1148 4216 4217 1009 1008 4415 4874 1168 4872 4875 
1149 4217 4218 1010 1009 4418 4876 1169 4874 4877 
1150 4218 4219 1011 1010 4421 4878 1170 4876 4879 
1151 4219 4220 1012 1011 4424 4880 1171 4878 4881 
1152 4220 4221 1013 1012 4427 4882 1172 4880 4883 
1153 4221 4222 1014 1013 4430 4884 1173 4882 4885 
1154 4222 4223 1015 1014 4433 4886 1174 4884 4887 
1155 4223 4224 1016 1015 4436 4888 1175 4886 4889 
1156 4224 4225 1017 1016 4439 4890 1176 4888 4891 
1157 4225 4226 1018 1017 4442 4892 1177 4890 4893 
1158 4226 4227 1019 1018 4445 4894 1178 4892 4895 
1159 4227 4228 1020 1019 4448 4896 1179 4894 4897 
1160 4228 4229 1021 1020 4451 4898 1180 4896 4899 
1161 4229 4230 1022 1021 4454 4900 1181 4898 4901 
1162 4230 4231 1023 1022 4457 4902 1182 4900 4903 
1163 4231 4232 1024 1023 4460 4904 1183 4902 4905 
1164 4232 4233 1025 1024 4463 4906 1184 4904 4907 
1165 4233 4234 1026 1025 4466 4908 1185 4906 4909 
1166 4234 4235 1027 1026 4469 4910 1186 4908 4911 
1167 4235 4236 1028 1027 4472 4912 1187 4910 4913 
1168 4236 4237 1029 1028 4475 4914 1188 4912 4915 
1169 4237 4238 1030 1029 4478 4916 1189 4914 4917 
1170 4238 4239 1031 1030 4481 4918 1190 4916 4919 
1171 4239 4240 1032 1031 4484 4920 1191 4918 4921 
1172 4240 4241 1033 1032 4487 4922 1192 4920 4923 
1173 4241 4242 1034 1033 4490 4924 1193 4922 4925 
1174 4242 4243 1035 1034 4493 4926 1194 4924 4927 
1175 4243 4244 1036 1035 4496 4928 1195 4926 4929 
1176 4244 4245 1037 1036 4499 4930 1196 4928 4931 
1177 4245 4246 1038 1037 4502 4932 1197 4930 4933 
1178 4246 4247 1039 1038 4505 4934 1198 4932 4935 
1179 4247 4248 1040 1039 4508 4936 1199 4934 4937 
1180 4248 4249 1041 1040 4511 4938 1200 4936 4939 
1181 4249 4250 1042 1041 4514 4940 1201 4938 4941 
1182 4250 4251 1043 1042 4517 4942 1202 4940 4943 
1183 4251 4252 1044 1043 4520 4944 1203 4942 4945 
1184 4252 4253 1045 1044 4523 4946 1204 4944 4947 
1185 4253 4254 1046 1045 4526 4948 1205 4946 4949 
1186 4254 4255 1047 1046 4529 4950 1206 4948 4951 
1187 4255 4256 1048 1047 4532 4952 1207 4950 4953 
1188 4256 4257 1049 1048 4535 4954 1208 4952 4955 
1189 4257 4258 1050 1049 4538 4956 1209 4954 4957 
1190 4258 4259 1051 1050 4541 4958 1210 4956 4959 
1191 4259 4260 1052 1051 4544 4960 1211 4958 4961 
1192 4260 4261 1053 1052 4547 4962 1212 4960 4963 
1193 4261 4262 1054 1053 4550 4964 1213 4962 4965 
1194 4262 4263 1055 1054 4553 4966 1214 4964 4967 
1195 4263 4264 1056 1055 4556 4968 1215 4966 4969 
1196 4264 4265 1057 1056 4559 4970 1216 4968 4971 
1197 4265 4266 1058 1057 4562 4972 1217 4970 4973 
1198 4266 4267 1059 1058 4565 4974 1218 4972 4975 
1199 4267 4268 1060 1059 4568 4976 1219 4974 4977 
1200 4268 4269 1061 1060 4571 4978 1220 4976 4979 
1201 4269 4270 1062 1061 4574 4980 1221 4978 4981 
1202 4270 4271 1063 1062 4577 4982 1222 4980 4983 
1203 4271 4272 1064 1063 4580 4984 1223 4982 4985 
1204 4272 4273 1065 1064 4583 4986 1224 4984 4987 
1205 4273 4274 1066 1065 4586 4988 1225 4986 4989 
1206 4274 4275 1067 1066 4589 4990 1226 4988 4991 
1207 4275 4276 1068 1067 4592 4992 1227 4990 4993 
1208 4276 4277 1069 1068 4595 4994 1228 4992 4995 
1209 4277 4278 1070 1069 4598 4996 1229 4994 4997 
1210 4278 4279 1071 1070 4601 4998 1230 4996 4999 
1211 4279 4280 1072 1071 4604 5000 1231 4998 5001 
1212 4280 4281 1073 1072 4607 5002 1232 5000 5003 
1213 4281 4282 1074 1073 4610 5004 1233 5002 5005 
1214 4282 4283 1075 1074 4613 5006 1234 5004 5007 
1215 4283 4284 1076 1075 4616 5008 1235 5006 5009 
1216 4284 4285 1077 1076 4619 5010 1236 5008 5011 
1217 4285 4286 1078 1077 4622 5012 1237 5010 5013 
1218 4286 4287 1079 1078 4625 5014 1238 5012 5015 
1219 4287 4288 1080 1079 4628 5016 1239 5014 5017 
1220 4288 4289 1081 1080 4631 5018 1240 5016 5019 
1221 4289 4290 1082 1081 4634 5020 1241 5018 5021 
1222 4290 4291 1083 1082 4637 5022 1242 5020 5023 
1223 4291 4292 1084 1083 4640 5024 1243 5022 5025 
1224 4292 4293 1085 1084 4643 5026 1244 5024 5027 
1225 4293 4294 1086 1085 4646 5028 1245 5026 5029 
1226 4294 4295 1087 1086 4649 5030 1246 5028 5031 
1227 4295 4296 1088 1087 4652 5032 1247 5030 5033 
1228 4296 4297 1089 1088 4655 5034 1248 5032 5035 
1229 4297 4298 1090 1089 4658 5036 1249 5034 5037 
1230 4298 4299 1091 1090 4661 5038 1250 5036 5039 
1231 4299 4300 1092 1091 4664 5040 1251 5038 5041 
1232 4300 4301 1093 1092 4667 5042 1252 5040 5043 
1233 4301 4302 1094 1093 4670 5044 1253 5042 5045 
1234 4302 4303 1095 1094 4673 5046 1254 5044 5047 
1235 4303 4304 1096 1095 4676 5048 1255 5046 5049 
1236 4304 4305 1097 1096 4679 5050 1256 5048 5051 
1237 4305 4306 1098 1097 4682 5052 1257 5050 5053 
1238 4306 4307 1099 1098 4685 5054 1258 5052 5055 
1239 4307 4308 1100 1099 4688 5056 1259 5054 5057 
1240 4308 4309 1101 1100 4691 5058 1260 5056 5059 
1241 4309 4310 1102 1101 4694 5060 1261 5058 5061 
1242 4310 4311 1103 1102 4697 5062 1262 5060 5063 
1243 4311 4312 1104 1103 4700 5064 1263 5062 5065 
1244 4312 4313 1105 1104 4703 5066 1264 5064 5067 
1245 4313 4314 1106 1105 4706 5068 1265 5066 5069 
1246 4314 4315 1107 1106 4709 5070 1266 5068 5071 
1247 4315 4316 1108 1107 4712 5072 1267 5070 5073 
1248 4316 4317 1109 1108 4715 5074 1268 5072 5075 
1249 4317 4318 1110 1109 4718 5076 1269 5074 5077 
1250 4318 4319 1111 1110 4721 5078 1270 5076 5079 
1251 4319 4320 1112 1111 4724 5080 1271 5078 5081 
1252 4320 4321 1113 1112 4727 5082 1272 5080 5083 
1253 4321 4322 1114 1113 4730 5084 1273 5082 5085 
1254 4322 4323 1115 1114 4733 5086 1274 5084 5087 
1255 4323 4324 1116 1115 4736 5088 1275 5086 5089 
1256 4324 4325 1117 1116 4739 5090 1276 5088 5091 
1257 4325 4326 1118 1117 4742 5092 1277 5090 5093 
1258 4326 4327 1119 1118 4745 5094 1278 5092 5095 
1259 4327 4328 1120 1119 4748 5096 1279 5094 5097 
1260 4328 4329 1121 1120 4751 5098 1280 5096 5099 
1261 4329 4330 1122 1121 4754 5100 1281 5098 5101 
1262 4330 4331 1123 1122 4757 5102 1282 5100 5103 
1263 4331 4332 1124 1123 4760 5104 1283 5102 5105 
1264 4332 4333 1125 1124 4763 5106 1284 5104 5107 
1265 4333 4334 1126 1125 4766 5108 1285 5106 5109 
1266 4334 4335 1127 1126 4769 5110 1286 5108 5111 
1267 4335 4336 1128 1127 4772 5112 1287 5110 5113 
1268 4336 4337 1129 1128 4775 5114 1288 5112 5115 
1269 4337 4338 1130 1129 4778 5116 1289 5114 5117 
1270 4338 4339 1131 1130 4781 5118 1290 5116 5119 
1271 4339 4340 1132 1131 4784 5120 1291 5118 5121 
1272 4340 4341 1133 1132 4787 5122 1292 5120 5123 
1273 4341 4342 1134 1133 4790 5124 1293 5122 5125 
1274 4342 4343 1135 1134 4793 5126 1294 5124 5127 
1275 4343 4344 1136 1135 4796 5128 1295 5126 5129 
1276 4344 4345 1137 1136 4799 5130 1296 5128 5131 
1277 4345 4346 1138 1137 4802 5132 1297 5130 5133 
1278 4346 4347 1139 1138 4805 5134 1298 5132 5135 
1279 4347 4348 1140 1139 4808 5136 1299 5134 5137 
1280 4348 4349 1141 1140 4811 5138 1300 5136 5139 
1281 4349 4350 1142 1141 4814 5140 1301 5138 5141 
1282 4350 4351 1143 1142 4817 5142 1302 5140 5143 
1283 4351 4352 1144 1143 4820 5144 1303 5142 5145 
1284 4352 4353 1145 1144 4823 5146 1304 5144 5147 
1285 4353 4354 1146 1145 4826 5148 1305 5146 5149 
1286 4354 4355 1147 1146 4829 5150 1306 5148 5151 
1287 4355 4356 1148 1147 4832 5152 1307 5150 5153 
1288 4356 24 7 1148 4834 26 1308 5152 5154 
3 1 12 640
1289 1309 9 2 18 5155 1327 33 3241 1310 1311 5314 10 1487 19 192 3400 5315 5316 1486 3401 1312 5317 5318 1488 3402 5319 5320 
1290 5155 1327 33 3241 5156 1328 34 3242 5315 5316 5321 1486 1492 3401 193 3403 5322 5323 1491 3404 5319 5324 5325 1493 3405 5326 5327 
1291 5156 1328 34 3242 5157 1329 35 3243 5322 5323 5328 1491 1497 3404 194 3406 5329 5330 1496 3407 5326 5331 5332 1498 3408 5333 5334 
1292 5157 1329 35 3243 5158 1330 36 3244 5329 5330 5335 1496 1502 3407 195 3409 5336 5337 1501 3410 5333 5338 5339 1503 3411 5340 5341 
1293 5158 1330 36 3244 5159 1331 37 3245 5336 5337 5342 1501 1507 3410 196 3412 5343 5344 1506 3413 5340 5345 5346 1508 3414 5347 5348 
1294 5159 1331 37 3245 5160 1332 38 3246 5343 5344 5349 1506 1512 3413 197 3415 5350 5351 1511 3416 5347 5352 5353 1513 3417 5354 5355 
1295 5160 1332 38 3246 5161 1333 39 3247 5350 5351 5356 1511 1517 3416 198 3418 5357 5358 1516 3419 5354 5359 5360 1518 3420 5361 5362 
1296 5161 1333 39 3247 5162 1334 40 3248 5357 5358 5363 1516 1522 3419 199 3421 5364 5365 1521 3422 5361 5366 5367 1523 3423 5368 5369 
1297 5162 1334 40 3248 5163 1335 41 3249 5364 5365 5370 1521 1527 3422 200 3424 5371 5372 1526 3425 5368 5373 5374 1528 3426 5375 5376 
1298 5163 1335 41 3249 5164 1336 42 3250 5371 5372 5377 1526 1532 3425 201 3427 5378 5379 1531 3428 5375 5380 5381 1533 3429 5382 5383 
1299 5164 1336 42 3250 5165 1337 43 3251 5378 5379 5384 1531 1537 3428 202 3430 5385 5386 1536 3431 5382 5387 5388 1538 3432 5389 5390 
1300 5165 1337 43 3251 5166 1338 44 3252 5385 5386 5391 1536 1542 3431 203 3433 5392 5393 1541 3434 5389 5394 5395 1543 3435 5396 5397 
1301 5166 1338 44 3252 5167 1339 45 3253 5392 5393 5398 1541 1547 3434 204 3436 5399 5400 1546 3437 5396 5401 5402 1548 3438 5403 5404 
1302 5167 1339 45 3253 5168 1340 46 3254 5399 5400 5405 1546 1552 3437 205 3439 5406 5407 1551 3440 5403 5408 5409 1553 3441 5410 5411 
1303 5168 1340 46 3254 5169 1341 47 3255 5406 5407 5412 1551 1557 3440 206 3442 5413 5414 1556 3443 5410 5415 5416 1558 3444 5417 5418 
1304 5169 1341 47 3255 5170 1342 48 3256 5413 5414 5419 1556 1562 3443 207 3445 5420 5421 1561 3446 5417 5422 5423 1563 3447 5424 5425 
1305 5170 1342 48 3256 5171 1343 49 3257 5420 5421 5426 1561 1567 3446 208 3448 5427 5428 1566 3449 5424 5429 5430 1568 3450 5431 5432 
1306 5171 1343 49 3257 5172 1344 50 3258 5427 5428 5433 1566 1572 3449 209 3451 5434 5435 1571 3452 5431 5436 5437 1573 3453 5438 5439 
1307 5172 1344 50 3258 5173 1345 51 3259 5434 5435 5440 1571 1577 3452 210 3454 5441 5442 1576 3455 5438 5443 5444 1578 3456 5445 5446 
1308 5173 1345 51 3259 5174 1346 52 3260 5441 5442 5447 1576 1582 3455 211 3457 5448 5449 1581 3458 5445 5450 5451 1583 3459 5452 5453 
1309 5174 1346 52 3260 5175 1347 53 3261 5448 5449 5454 1581 1587 3458 212 3460 5455 5456 1586 3461 5452 5457 5458 1588 3462 5459 5460 
1310 5175 1347 53 3261 5176 1348 54 3262 5455 5456 5461 1586 1592 3461 213 3463 5462 5463 1591 3464 5459 5464 5465 1593 3465 5466 5467 
1311 5176 1348 54 3262 5177 1349 55 3263 5462 5463 5468 1591 1597 3464 214 3466 5469 5470 1596 3467 5466 5471 5472 1598 3468 5473 5474 
1312 5177 1349 55 3263 5178 1350 56 3264 5469 5470 5475 1596 1602 3467 215 3469 5476 5477 1601 3470 5473 5478 5479 1603 3471 5480 5481 
1313 5178 1350 56 3264 5179 1351 57 3265 5476 5477 5482 1601 1607 3470 216 3472 5483 5484 1606 3473 5480 5485 5486 1608 3474 5487 5488 
1314 5179 1351 57 3265 5180 1352 58 3266 5483 5484 5489 1606 1612 3473 217 3475 5490 5491 1611 3476 5487 5492 5493 1613 3477 5494 5495 
1315 5180 1352 58 3266 5181 1353 59 3267 5490 5491 5496 1611 1617 3476 218 3478 5497 5498 1616 3479 5494 5499 5500 1618 3480 5501 5502 
1316 5181 1353 59 3267 5182 1354 60 3268 5497 5498 5503 1616 1622 3479 219 3481 5504 5505 1621 3482 5501 5506 5507 1623 3483 5508 5509 
1317 5182 1354 60 3268 5183 1355 61 3269 5504 5505 5510 1621 1627 3482 220 3484 5511 5512 1626 3485 5508 5513 5514 1628 3486 5515 5516 
1318 5183 1355 61 3269 5184 1356 62 3270 5511 5512 5517 1626 1632 3485 221 3487 5518 5519 1631 3488 5515 5520 5521 1633 3489 5522 5523 
1319 5184 1356 62 3270 5185 1357 63 3271 5518 5519 5524 1631 1637 3488 222 3490 5525 5526 1636 3491 5522 5527 5528 1638 3492 5529 5530 
1320 5185 1357 63 3271 5186 1358 64 3272 5525 5526 5531 1636 1642 3491 223 3493 5532 5533 1641 3494 5529 5534 5535 1643 3495 5536 5537 
1321 5186 1358 64 3272 5187 1359 65 3273 5532 5533 5538 1641 1647 3494 224 3496 5539 5540 1646 3497 5536 5541 5542 1648 3498 5543 5544 
1322 5187 1359 65 3273 5188 1360 66 3274 5539 5540 5545 1646 1652 3497 225 3499 5546 5547 1651 3500 5543 5548 5549 1653 3501 5550 5551 
1323 5188 1360 66 3274 5189 1361 67 3275 5546 5547 5552 1651 1657 3500 226 3502 5553 5554 1656 3503 5550 5555 5556 1658 3504 5557 5558 
1324 5189 1361 67 3275 5190 1362 68 3276 5553 5554 5559 1656 1662 3503 227 3505 5560 5561 1661 3506 5557 5562 5563 1663 3507 5564 5565 
1325 5190 1362 68 3276 5191 1363 69 3277 5560 5561 5566 1661 1667 3506 228 3508 5567 5568 1666 3509 5564 5569 5570 1668 3510 5571 5572 
1326 5191 1363 69 3277 5192 1364 70 3278 5567 5568 5573 1666 1672 3509 229 3511 5574 5575 1671 3512 5571 5576 5577 1673 3513 5578 5579 
1327 5192 1364 70 3278 5193 1365 71 3279 5574 5575 5580 1671 1677 3512 230 3514 5581 5582 1676 3515 5578 5583 5584 1678 3516 5585 5586 
1328 5193 1365 71 3279 5194 1366 72 3280 5581 5582 5587 1676 1682 3515 231 3517 5588 5589 1681 3518 5585 5590 5591 1683 3519 5592 5593 
1329 5194 1366 72 3280 5195 1367 73 3281 5588 5589 5594 1681 1687 3518 232 3520 5595 5596 1686 3521 5592 5597 5598 1688 3522 5599 5600 
1330 5195 1367 73 3281 5196 1368 74 3282 5595 5596 5601 1686 1692 3521 233 3523 5602 5603 1691 3524 5599 5604 5605 1693 3525 5606 5607 
1331 5196 1368 74 3282 5197 1369 75 3283 5602 5603 5608 1691 1697 3524 234 3526 5609 5610 1696 3527 5606 5611 5612 1698 3528 5613 5614 
1332 5197 1369 75 3283 5198 1370 76 3284 5609 5610 5615 1696 1702 3527 235 3529 5616 5617 1701 3530 5613 5618 5619 1703 3531 5620 5621 
1333 5198 1370 76 3284 5199 1371 77 3285 5616 5617 5622 1701 1707 3530 236 3532 5623 5624 1706 3533 5620 5625 5626 1708 3534 5627 5628 
1334 5199 1371 77 3285 5200 1372 78 3286 5623 5624 5629 1706 1712 3533 237 3535 5630 5631 1711 3536 5627 5632 5633 1713 3537 5634 5635 
1335 5200 1372 78 3286 5201 1373 79 3287 5630 5631 5636 1711 1717 3536 238 3538 5637 5638 1716 3539 5634 5639 5640 1718 3540 5641 5642 
1336 5201 1373 79 3287 5202 1374 80 3288 5637 5638 5643 1716 1722 3539 239 3541 5644 5645 1721 3542 5641 5646 5647 1723 3543 5648 5649 
1337 5202 1374 80 3288 5203 1375 81 3289 5644 5645 5650 1721 1727 3542 240 3544 5651 5652 1726 3545 5648 5653 5654 1728 3546 5655 5656 
1338 5203 1375 81 3289 5204 1376 82 3290 5651 5652 5657 1726 1732 3545 241 3547 5658 5659 1731 3548 5655 5660 5661 1733 3549 5662 5663 
1339 5204 1376 82 3290 5205 1377 83 3291 5658 5659 5664 1731 1737 3548 242 3550 5665 5666 1736 3551 5662 5667 5668 1738 3552 5669 5670 
1340 5205 1377 83 3291 5206 1378 84 3292 5665 5666 5671 1736 1742 3551 243 3553 5672 5673 1741 3554 5669 5674 5675 1743 3555 5676 5677 
1341 5206 1378 84 3292 5207 1379 85 3293 5672 5673 5678 1741 1747 3554 244 3556 5679 5680 1746 3557 5676 5681 5682 1748 3558 5683 5684 
1342 5207 1379 85 3293 5208 1380 86 3294 5679 5680 5685 1746 1752 3557 245 3559 5686 5687 1751 3560 5683 5688 5689 1753 3561 5690 5691 
1343 5208 1380 86 3294 5209 1381 87 3295 5686 5687 5692 1751 1757 3560 246 3562 5693 5694 1756 3563 5690 5695 5696 1758 3564 5697 5698 
1344 5209 1381 87 3295 5210 1382 88 3296 5693 5694 5699 1756 1762 3563 247 3565 5700 5701 1761 3566 5697 5702 5703 1763 3567 5704 5705 
1345 5210 1382 88 3296 5211 1383 89 3297 5700 5701 5706 1761 1767 3566 248 3568 5707 5708 1766 3569 5704 5709 5710 1768 3570 5711 5712 
1346 5211 1383 89 3297 5212 1384 90 3298 5707 5708 5713 1766 1772 3569 249 3571 5714 5715 1771 3572 5711 5716 5717 1773 3573 5718 5719 
1347 5212 1384 90 3298 5213 1385 91 3299 5714 5715 5720 1771 1777 3572 250 3574 5721 5722 1776 3575 5718 5723 5724 1778 3576 5725 5726 
1348 5213 1385 91 3299 5214 1386 92 3300 5721 5722 5727 1776 1782 3575 251 3577 5728 5729 1781 3578 5725 5730 5731 1783 3579 5732 5733 
1349 5214 1386 92 3300 5215 1387 93 3301 5728 5729 5734 1781 1787 3578 252 3580 5735 5736 1786 3581 5732 5737 5738 1788 3582 5739 5740 
1350 5215 1387 93 3301 5216 1388 94 3302 5735 5736 5741 1786 1792 3581 253 3583 5742 5743 1791 3584 5739 5744 5745 1793 3585 5746 5747 
1351 5216 1388 94 3302 5217 1389 95 3303 5742 5743 5748 1791 1797 3584 254 3586 5749 5750 1796 3587 5746 5751 5752 1798 3588 5753 5754 
1352 5217 1389 95 3303 5218 1390 96 3304 5749 5750 5755 1796 1802 3587 255 3589 5756 5757 1801 3590 5753 5758 5759 1803 3591 5760 5761 
1353 5218 1390 96 3304 5219 1391 97 3305 5756 5757 5762 1801 1807 3590 256 3592 5763 5764 1806 3593 5760 5765 5766 1808 3594 5767 5768 
1354 5219 1391 97 3305 5220 1392 98 3306 5763 5764 5769 1806 1812 3593 257 3595 5770 5771 1811 3596 5767 5772 5773 1813 3597 5774 5775 
1355 5220 1392 98 3306 5221 1393 99 3307 5770 5771 5776 1811 1817 3596 258 3598 5777 5778 1816 3599 5774 5779 5780 1818 3600 5781 5782 
1356 5221 1393 99 3307 5222 1394 100 3308 5777 5778 5783 1816 1822 3599 259 3601 5784 5785 1821 3602 5781 5786 5787 1823 3603 5788 5789 
1357 5222 1394 100 3308 5223 1395 101 3309 5784 5785 5790 1821 1827 3602 260 3604 5791 5792 1826 3605 5788 5793 5794 1828 3606 5795 5796 
1358 5223 1395 101 3309 5224 1396 102 3310 5791 5792 5797 1826 1832 3605 261 3607 5798 5799 1831 3608 5795 5800 5801 1833 3609 5802 5803 
1359 5224 1396 102 3310 5225 1397 103 3311 5798 5799 5804 1831 1837 3608 262 3610 5805 5806 1836 3611 5802 5807 5808 1838 3612 5809 5810 
1360 5225 1397 103 3311 5226 1398 104 3312 5805 5806 5811 1836 1842 3611 263 3613 5812 5813 1841 3614 5809 5814 5815 1843 3615 5816 5817 
1361 5226 1398 104 3312 5227 1399 105 3313 5812 5813 5818 1841 1847 3614 264 3616 5819 5820 1846 3617 5816 5821 5822 1848 3618 5823 5824 
1362 5227 1399 105 3313 5228 1400 106 3314 5819 5820 5825 1846 1852 3617 265 3619 5826 5827 1851 3620 5823 5828 5829 1853 3621 5830 5831 
1363 5228 1400 106 3314 5229 1401 107 3315 5826 5827 5832 1851 1857 3620 266 3622 5833 5834 1856 3623 5830 5835 5836 1858 3624 5837 5838 
1364 5229 1401 107 3315 5230 1402 108 3316 5833 5834 5839 1856 1862 3623 267 3625 5840 5841 1861 3626 5837 5842 5843 1863 3627 5844 5845 
1365 5230 1402 108 3316 5231 1403 109 3317 5840 5841 5846 1861 1867 3626 268 3628 5847 5848 1866 3629 5844 5849 5850 1868 3630 5851 5852 
1366 5231 1403 109 3317 5232 1404 110 3318 5847 5848 5853 1866 1872 3629 269 3631 5854 5855 1871 3632 5851 5856 5857 1873 3633 5858 5859 
1367 5232 1404 110 3318 5233 1405 111 3319 5854 5855 5860 1871 1877 3632 270 3634 5861 5862 1876 3635 5858 5863 5864 1878 3636 5865 5866 
1368 5233 1405 111 3319 5234 1406 112 3320 5861 5862 5867 1876 1882 3635 271 3637 5868 5869 1881 3638 5865 5870 5871 1883 3639 5872 5873 
1369 5234 1406 112 3320 5235 1407 113 3321 5868 5869 5874 1881 1887 3638 272 3640 5875 5876 1886 3641 5872 5877 5878 1888 3642 5879 5880 
1370 5235 1407 113 3321 5236 1408 114 3322 5875 5876 5881 1886 1892 3641 273 3643 5882 5883 1891 3644 5879 5884 5885 1893 3645 5886 5887 
1371 5236 1408 114 3322 5237 1409 115 3323 5882 5883 5888 1891 1897 3644 274 3646 5889 5890 1896 3647 5886 5891 5892 1898 3648 5893 5894 
1372 5237 1409 115 3323 5238 1410 116 3324 5889 5890 5895 1896 1902 3647 275 3649 5896 5897 1901 3650 5893 5898 5899 1903 3651 5900 5901 
1373 5238 1410 116 3324 5239 1411 117 3325 5896 5897 5902 1901 1907 3650 276 3652 5903 5904 1906 3653 5900 5905 5906 1908 3654 5907 5908 
1374 5239 1411 117 3325 5240 1412 118 3326 5903 5904 5909 1906 1912 3653 277 3655 5910 5911 1911 3656 5907 5912 5913 1913 3657 5914 5915 
1375 5240 1412 118 3326 5241 1413 119 3327 5910 5911 5916 1911 1917 3656 278 3658 5917 5918 1916 3659 5914 5919 5920 1918 3660 5921 5922 
1376 5241 1413 119 3327 5242 1414 120 3328 5917 5918 5923 1916 1922 3659 279 3661 5924 5925 1921 3662 5921 5926 5927 1923 3663 5928 5929 
1377 5242 1414 120 3328 5243 1415 121 3329 5924 5925 5930 1921 1927 3662 280 3664 5931 5932 1926 3665 5928 5933 5934 1928 3666 5935 5936 
1378 5243 1415 121 3329 5244 1416 122 3330 5931 5932 5937 1926 1932 3665 281 3667 5938 5939 1931 3668 5935 5940 5941 1933 3669 5942 5943 
1379 5244 1416 122 3330 5245 1417 123 3331 5938 5939 5944 1931 1937 3668 282 3670 5945 5946 1936 3671 5942 5947 5948 1938 3672 5949 5950 
1380 5245 1417 123 3331 5246 1418 124 3332 5945 5946 5951 1936 1942 3671 283 3673 5952 5953 1941 3674 5949 5954 5955 1943 3675 5956 5957 
1381 5246 1418 124 3332 5247 1419 125 3333 5952 5953 5958 1941 1947 3674 284 3676 5959 5960 1946 3677 5956 5961 5962 1948 3678 5963 5964 
1382 5247 1419 125 3333 5248 1420 126 3334 5959 5960 5965 1946 1952 3677 285 3679 5966 5967 1951 3680 5963 5968 5969 1953 3681 5970 5971 
1383 5248 1420 126 3334 5249 1421 127 3335 5966 5967 5972 1951 1957 3680 286 3682 5973 5974 1956 3683 5970 5975 5976 1958 3684 5977 5978 
1384 5249 1421 127 3335 5250 1422 128 3336 5973 5974 5979 1956 1962 3683 287 3685 5980 5981 1961 3686 5977 5982 5983 1963 3687 5984 5985 
1385 5250 1422 128 3336 5251 1423 129 3337 5980 5981 5986 1961 1967 3686 288 3688 5987 5988 1966 3689 5984 5989 5990 1968 3690 5991 5992 
1386 5251 1423 129 3337 5252 1424 130 3338 5987 5988 5993 1966 1972 3689 289 3691 5994 5995 1971 3692 5991 5996 5997 1973 3693 5998 5999 
1387 5252 1424 130 3338 5253 1425 131 3339 5994 5995 6000 1971 1977 3692 290 3694 6001 6002 1976 3695 5998 6003 6004 1978 3696 6005 6006 
1388 5253 1425 131 3339 5254 1426 132 3340 6001 6002 6007 1976 1982 3695 291 3697 6008 6009 1981 3698 6005 6010 6011 1983 3699 6012 6013 
1389 5254 1426 132 3340 5255 1427 133 3341 6008 6009 6014 1981 1987 3698 292 3700 6015 6016 1986 3701 6012 6017 6018 1988 3702 6019 6020 
1390 5255 1427 133 3341 5256 1428 134 3342 6015 6016 6021 1986 1992 3701 293 3703 6022 6023 1991 3704 6019 6024 6025 1993 3705 6026 6027 
1391 5256 1428 134 3342 5257 1429 135 3343 6022 6023 6028 1991 1997 3704 294 3706 6029 6030 1996 3707 6026 6031 6032 1998 3708 6033 6034 
1392 5257 1429 135 3343 5258 1430 136 3344 6029 6030 6035 1996 2002 3707 295 3709 6036 6037 2001 3710 6033 6038 6039 2003 3711 6040 6041 
1393 5258 1430 136 3344 5259 1431 137 3345 6036 6037 6042 2001 2007 3710 296 3712 6043 6044 2006 3713 6040 6045 6046 2008 3714 6047 6048 
1394 5259 1431 137 3345 5260 1432 138 3346 6043 6044 6049 2006 2012 3713 297 3715 6050 6051 2011 3716 6047 6052 6053 2013 3717 6054 6055 
1395 5260 1432 138 3346 5261 1433 139 3347 6050 6051 6056 2011 2017 3716 298 3718 6057 6058 2016 3719 6054 6059 6060 2018 3720 6061 6062 
1396 5261 1433 139 3347 5262 1434 140 3348 6057 6058 6063 2016 2022 3719 299 3721 6064 6065 2021 3722 6061 6066 6067 2023 3723 6068 6069 
1397 5262 1434 140 3348 5263 1435 141 3349 6064 6065 6070 2021 2027 3722 300 3724 6071 6072 2026 3725 6068 6073 6074 2028 3726 6075 6076 
1398 5263 1435 141 3349 5264 1436 142 3350 6071 6072 6077 2026 2032 3725 301 3727 6078 6079 2031 3728 6075 6080 6081 2033 3729 6082 6083 
1399 5264 1436 142 3350 5265 1437 143 3351 6078 6079 6084 2031 2037 3728 302 3730 6085 6086 2036 3731 6082 6087 6088 2038 3732 6089 6090 
1400 5265 1437 143 3351 5266 1438 144 3352 6085 6086 6091 2036 2042 3731 303 3733 6092 6093 2041 3734 6089 6094 6095 2043 3735 6096 6097 
1401 5266 1438 144 3352 5267 1439 145 3353 6092 6093 6098 2041 2047 3734 304 3736 6099 6100 2046 3737 6096 6101 6102 2048 3738 6103 6104 
1402 5267 1439 145 3353 5268 1440 146 3354 6099 6100 6105 2046 2052 3737 305 3739 6106 6107 2051 3740 6103 6108 6109 2053 3741 6110 6111 
1403 5268 1440 146 3354 5269 1441 147 3355 6106 6107 6112 2051 2057 3740 306 3742 6113 6114 2056 3743 6110 6115 6116 2058 3744 6117 6118 
1404 5269 1441 147 3355 5270 1442 148 3356 6113 6114 6119 2056 2062 3743 307 3745 6120 6121 2061 3746 6117 6122 6123 2063 3747 6124 6125 
1405 5270 1442 148 3356 5271 1443 149 3357 6120 6121 6126 2061 2067 3746 308 3748 6127 6128 2066 3749 6124 6129 6130 2068 3750 6131 6132 
1406 5271 1443 149 3357 5272 1444 150 3358 6127 6128 6133 2066 2072 3749 309 3751 6134 6135 2071 3752 6131 6136 6137 2073 3753 6138 6139 
1407 5272 1444 150 3358 5273 1445 151 3359 6134 6135 6140 2071 2077 3752 310 3754 6141 6142 2076 3755 6138 6143 6144 2078 3756 6145 6146 
1408 5273 1445 151 3359 5274 1446 152 3360 6141 6142 6147 2076 2082 3755 311 3757 6148 6149 2081 3758 6145 6150 6151 2083 3759 6152 6153 
1409 5274 1446 152 3360 5275 1447 153 3361 6148 6149 6154 2081 2087 3758 312 3760 6155 6156 2086 3761 6152 6157 6158 2088 3762 6159 6160 
1410 5275 1447 153 3361 5276 1448 154 3362 6155 6156 6161 2086 2092 3761 313 3763 6162 6163 2091 3764 6159 6164 6165 2093 3765 6166 6167 
1411 5276 1448 154 3362 5277 1449 155 3363 6162 6163 6168 2091 2097 3764 314 3766 6169 6170 2096 3767 6166 6171 6172 2098 3768 6173 6174 
1412 5277 1449 155 3363 5278 1450 156 3364 6169 6170 6175 2096 2102 3767 315 3769 6176 6177 2101 3770 6173 6178 6179 2103 3771 6180 6181 
1413 5278 1450 156 3364 5279 1451 157 3365 6176 6177 6182 2101 2107 3770 316 3772 6183 6184 2106 3773 6180 6185 6186 2108 3774 6187 6188 
1414 5279 1451 157 3365 5280 1452 158 3366 6183 6184 6189 2106 2112 3773 317 3775 6190 6191 2111 3776 6187 6192 6193 2113 3777 6194 6195 
1415 5280 1452 158 3366 5281 1453 159 3367 6190 6191 6196 2111 2117 3776 318 3778 6197 6198 2116 3779 6194 6199 6200 2118 3780 6201 6202 
1416 5281 1453 159 3367 5282 1454 160 3368 6197 6198 6203 2116 2122 3779 319 3781 6204 6205 2121 3782 6201 6206 6207 2123 3783 6208 6209 
1417 5282 1454 160 3368 5283 1455 161 3369 6204 6205 6210 2121 2127 3782 320 3784 6211 6212 2126 3785 6208 6213 6214 2128 3786 6215 6216 
1418 5283 1455 161 3369 5284 1456 162 3370 6211 6212 6217 2126 2132 3785 321 3787 6218 6219 2131 3788 6215 6220 6221 2133 3789 6222 6223 
1419 5284 1456 162 3370 5285 1457 163 3371 6218 6219 6224 2131 2137 3788 322 3790 6225 6226 2136 3791 6222 6227 6228 2138 3792 6229 6230 
1420 5285 1457 163 3371 5286 1458 164 3372 6225 6226 6231 2136 2142 3791 323 3793 6232 6233 2141 3794 6229 6234 6235 2143 3795 6236 6237 
1421 5286 1458 164 3372 5287 1459 165 3373 6232 6233 6238 2141 2147 3794 324 3796 6239 6240 2146 3797 6236 6241 6242 2148 3798 6243 6244 
1422 5287 1459 165 3373 5288 1460 166 3374 6239 6240 6245 2146 2152 3797 325 3799 6246 6247 2151 3800 6243 6248 6249 2153 3801 6250 6251 
1423 5288 1460 166 3374 5289 1461 167 3375 6246 6247 6252 2151 2157 3800 326 3802 6253 6254 2156 3803 6250 6255 6256 2158 3804 6257 6258 
1424 5289 1461 167 3375 5290 1462 168 3376 6253 6254 6259 2156 2162 3803 327 3805 6260 6261 2161 3806 6257 6262 6263 2163 3807 6264 6265 
1425 5290 1462 168 3376 5291 1463 169 3377 6260 6261 6266 2161 2167 3806 328 3808 6267 6268 2166 3809 6264 6269 6270 2168 3810 6271 6272 
1426 5291 1463 169 3377 5292 1464 170 3378 6267 6268 6273 2166 2172 3809 329 3811 6274 6275 2171 3812 6271 6276 6277 2173 3813 6278 6279 
1427 5292 1464 170 3378 5293 1465 171 3379 6274 6275 6280 2171 2177 3812 330 3814 6281 6282 2176 3815 6278 6283 6284 2178 3816 6285 6286 
1428 5293 1465 171 3379 5294 1466 172 3380 6281 6282 6287 2176 2182 3815 331 3817 6288 6289 2181 3818 6285 6290 6291 2183 3819 6292 6293 
1429 5294 1466 172 3380 5295 1467 173 3381 6288 6289 6294 2181 2187 3818 332 3820 6295 6296 2186 3821 6292 6297 6298 2188 3822 6299 6300 
1430 5295 1467 173 3381 5296 1468 174 3382 6295 6296 6301 2186 2192 3821 333 3823 6302 6303 2191 3824 6299 6304 6305 2193 3825 6306 6307 
1431 5296 1468 174 3382 5297 1469 175 3383 6302 6303 6308 2191 2197 3824 334 3826 6309 6310 2196 3827 6306 6311 6312 2198 3828 6313 6314 
1432 5297 1469 175 3383 5298 1470 176 3384 6309 6310 6315 2196 2202 3827 335 3829 6316 6317 2201 3830 6313 6318 6319 2203 3831 6320 6321 
1433 5298 1470 176 3384 5299 1471 177 3385 6316 6317 6322 2201 2207 3830 336 3832 6323 6324 2206 3833 6320 6325 6326 2208 3834 6327 6328 
1434 5299 1471 177 3385 5300 1472 178 3386 6323 6324 6329 2206 2212 3833 337 3835 6330 6331 2211 3836 6327 6332 6333 2213 3837 6334 6335 
1435 5300 1472 178 3386 5301 1473 179 3387 6330 6331 6336 2211 2217 3836 338 3838 6337 6338 2216 3839 6334 6339 6340 2218 3840 6341 6342 
1436 5301 1473 179 3387 5302 1474 180 3388 6337 6338 6343 2216 2222 3839 339 3841 6344 6345 2221 3842 6341 6346 6347 2223 3843 6348 6349 
1437 5302 1474 180 3388 5303 1475 181 3389 6344 6345 6350 2221 2227 3842 340 3844 6351 6352 2226 3845 6348 6353 6354 2228 3846 6355 6356 
1438 5303 1475 181 3389 5304 1476 182 3390 6351 6352 6357 2226 2232 3845 341 3847 6358 6359 2231 3848 6355 6360 6361 2233 3849 6362 6363 
1439 5304 1476 182 3390 5305 1477 183 3391 6358 6359 6364 2231 2237 3848 342 3850 6365 6366 2236 3851 6362 6367 6368 2238 3852 6369 6370 
1440 5305 1477 183 3391 5306 1478 184 3392 6365 6366 6371 2236 2242 3851 343 3853 6372 6373 2241 3854 6369 6374 6375 2243 3855 6376 6377 
1441 5306 1478 184 3392 5307 1479 185 3393 6372 6373 6378 2241 2247 3854 344 3856 6379 6380 2246 3857 6376 6381 6382 2248 3858 6383 6384 
1442 5307 1479 185 3393 5308 1480 186 3394 6379 6380 6385 2246 2252 3857 345 3859 6386 6387 2251 3860 6383 6388 6389 2253 3861 6390 6391 
1443 5308 1480 186 3394 5309 1481 187 3395 6386 6387 6392 2251 2257 3860 346 3862 6393 6394 2256 3863 6390 6395 6396 2258 3864 6397 6398 
1444 5309 1481 187 3395 5310 1482 188 3396 6393 6394 6399 2256 2262 3863 347 3865 6400 6401 2261 3866 6397 6402 6403 2263 3867 6404 6405 
1445 5310 1482 188 3396 5311 1483 189 3397 6400 6401 6406 2261 2267 3866 348 3868 6407 6408 2266 3869 6404 6409 6410 2268 3870 6411 6412 
1446 5311 1483 189 3397 5312 1484 190 3398 6407 6408 6413 2266 2272 3869 349 3871 6414 6415 2271 3872 6411 6416 6417 2273 3873 6418 6419 
1447 5312 1484 190 3398 5313 1485 191 3399 6414 6415 6420 2271 2277 3872 350 3874 6421 6422 2276 3875 6418 6423 6424 2278 3876 6425 6426 
1448 5313 1485 191 3399 1318 21 6 30 6421 6422 6427 2276 2281 3875 351 3877 1320 1319 22 31 6425 6428 6429 2282 3878 1321 6430 
1449 15 1309 18 4 2284 5155 3241 671 1313 16 2443 1311 5314 20 3400 830 6431 2444 5316 3879 1314 6432 2445 5318 3880 6433 6434 
1450 2284 5155 3241 671 2285 5156 3242 672 6431 2444 2448 5316 5321 3879 3403 831 6435 2449 5323 3881 6433 6436 2450 5325 3882 6437 6438 
1451 2285 5156 3242 672 2286 5157 3243 673 6435 2449 2453 5323 5328 3881 3406 832 6439 2454 5330 3883 6437 6440 2455 5332 3884 6441 6442 
1452 2286 5157 3243 673 2287 5158 3244 674 6439 2454 2458 5330 5335 3883 3409 833 6443 2459 5337 3885 6441 6444 2460 5339 3886 6445 6446 
1453 2287 5158 3244 674 2288 5159 3245 675 6443 2459 2463 5337 5342 3885 3412 834 6447 2464 5344 3887 6445 6448 2465 5346 3888 6449 6450 
1454 2288 5159 3245 675 2289 5160 3246 676 6447 2464 2468 5344 5349 3887 3415 835 6451 2469 5351 3889 6449 6452 2470 5353 3890 6453 6454 
1455 2289 5160 3246 676 2290 5161 3247 677 6451 2469 2473 5351 5356 3889 3418 836 6455 2474 5358 3891 6453 6456 2475 5360 3892 6457 6458 
1456 2290 5161 3247 677 2291 5162 3248 678 6455 2474 2478 5358 5363 3891 3421 837 6459 2479 5365 3893 6457 6460 2480 5367 3894 6461 6462 
1457 2291 5162 3248 678 2292 5163 3249 679 6459 2479 2483 5365 5370 3893 3424 838 6463 2484 5372 3895 6461 6464 2485 5374 3896 6465 6466 
1458 2292 5163 3249 679 2293 5164 3250 680 6463 2484 2488 5372 5377 3895 3427 839 6467 2489 5379 3897 6465 6468 2490 5381 3898 6469 6470 
1459 2293 5164 3250 680 2294 5165 3251 681 6467 2489 2493 5379 5384 3897 3430 840 6471 2494 5386 3899 6469 6472 2495 5388 3900 6473 6474 
1460 2294 5165 3251 681 2295 5166 3252 682 6471 2494 2498 5386 5391 3899 3433 841 6475 2499 5393 3901 6473 6476 2500 5395 3902 6477 6478 
1461 2295 5166 3252 682 2296 5167 3253 683 6475 2499 2503 5393 5398 3901 3436 842 6479 2504 5400 3903 6477 6480 2505 5402 3904 6481 6482 
1462 2296 5167 3253 683 2297 5168 3254 684 6479 2504 2508 5400 5405 3903 3439 843 6483 2509 5407 3905 6481 6484 2510 5409 3906 6485 6486 
1463 2297 5168 3254 684 2298 5169 3255 685 6483 2509 2513 5407 5412 3905 3442 844 6487 2514 5414 3907 6485 6488 2515 5416 3908 6489 6490 
1464 2298 5169 3255 685 2299 5170 3256 686 6487 2514 2518 5414 5419 3907 3445 845 6491 2519 5421 3909 6489 6492 2520 5423 3910 6493 6494 
1465 2299 5170 3256 686 2300 5171 3257 687 6491 2519 2523 5421 5426 3909 3448 846 6495 2524 5428 3911 6493 6496 2525 5430 3912 6497 6498 
1466 2300 5171 3257 687 2301 5172 3258 688 6495 2524 2528 5428 5433 3911 3451 847 6499 2529 5435 3913 6497 6500 2530 5437 3914 6501 6502 
1467 2301 5172 3258 688 2302 5173 3259 689 6499 2529 2533 5435 5440 3913 3454 848 6503 2534 5442 3915 6501 6504 2535 5444 3916 6505 6506 
1468 2302 5173 3259 689 2303 5174 3260 690 6503 2534 2538 5442 5447 3915 3457 849 6507 2539 5449 3917 6505 6508 2540 5451 3918 6509 6510 
1469 2303 5174 3260 690 2304 5175 3261 691 6507 2539 2543 5449 5454 3917 3460 850 6511 2544 5456 3919 6509 6512 2545 5458 3920 6513 6514 
1470 2304 5175 3261 691 2305 5176 3262 692 6511 2544 2548 5456 5461 3919 3463 851 6515 2549 5463 3921 6513 6516 2550 5465 3922 6517 6518 
1471 2305 5176 3262 692 2306 5177 3263 693 6515 2549 2553 5463 5468 3921 3466 852 6519 2554 5470 3923 6517 6520 2555 5472 3924 6521 6522 
1472 2306 5177 3263 693 2307 5178 3264 694 6519 2554 2558 5470 5475 3923 3469 853 6523 2559 5477 3925 6521 6524 2560 5479 3926 6525 6526 
1473 2307 5178 3264 694 2308 5179 3265 695 6523 2559 2563 5477 5482 3925 3472 854 6527 2564 5484 3927 6525 6528 2565 5486 3928 6529 6530 
1474 2308 5179 3265 695 2309 5180 3266 696 6527 2564 2568 5484 5489 3927 3475 855 6531 2569 5491 3929 6529 6532 2570 5493 3930 6533 6534 
1475 2309 5180 3266 696 2310 5181 3267 697 6531 2569 2573 5491 5496 3929 3478 856 6535 2574 5498 3931 6533 6536 2575 5500 3932 6537 6538 
1476 2310 5181 3267 697 2311 5182 3268 698 6535 2574 2578 5498 5503 3931 3481 857 6539 2579 5505 3933 6537 6540 2580 5507 3934 6541 6542 
1477 2311 5182 3268 698 2312 5183 3269 699 6539 2579 2583 5505 5510 3933 3484 858 6543 2584 5512 3935 6541 6544 2585 5514 3936 6545 6546 
1478 2312 5183 3269 699 2313 5184 3270 700 6543 2584 2588 5512 5517 3935 3487 859 6547 2589 5519 3937 6545 6548 2590 5521 3938 6549 6550 
1479 2313 5184 3270 700 2314 5185 3271 701 6547 2589 2593 5519 5524 3937 3490 860 6551 2594 5526 3939 6549 6552 2595 5528 3940 6553 6554 
1480 2314 5185 3271 701 2315 5186 3272 702 6551 2594 2598 5526 5531 3939 3493 861 6555 2599 5533 3941 6553 6556 2600 5535 3942 6557 6558 
1481 2315 5186 3272 702 2316 5187 3273 703 6555 2599 2603 5533 5538 3941 3496 862 6559 2604 5540 3943 6557 6560 2605 5542 3944 6561 6562 
1482 2316 5187 3273 703 2317 5188 3274 704 6559 2604 2608 5540 5545 3943 3499 863 6563 2609 5547 3945 6561 6564 2610 5549 3946 6565 6566 
1483 2317 5188 3274 704 2318 5189 3275 705 6563 2609 2613 5547 5552 3945 3502 864 6567 2614 5554 3947 6565 6568 2615 5556 3948 6569 6570 
1484 2318 5189 3275 705 2319 5190 3276 706 6567 2614 2618 5554 5559 3947 3505 865 6571 2619 5561 3949 6569 6572 2620 5563 3950 6573 6574 
1485 2319 5190 3276 706 2320 5191 3277 707 6571 2619 2623 5561 5566 3949 3508 866 6575 2624 5568 3951 6573 6576 2625 5570 3952 6577 6578 
1486 2320 5191 3277 707 2321 5192 3278 708 6575 2624 2628 5568 5573 3951 3511 867 6579 2629 5575 3953 6577 6580 2630 5577 3954 6581 6582 
1487 2321 5192 3278 708 2322 5193 3279 709 6579 2629 2633 5575 5580 3953 3514 868 6583 2634 5582 3955 6581 6584 2635 5584 3956 6585 6586 
1488 2322 5193 3279 709 2323 5194 3280 710 6583 2634 2638 5582 5587 3955 3517 869 6587 2639 5589 3957 6585 6588 2640 5591 3958 6589 6590 
1489 2323 5194 3280 710 2324 5195 3281 711 6587 2639 2643 5589 5594 3957 3520 870 6591 2644 5596 3959 6589 6592 2645 5598 3960 6593 6594 
1490 2324 5195 3281 711 2325 5196 3282 712 6591 2644 2648 5596 5601 3959 3523 871 6595 2649 5603 3961 6593 6596 2650 5605 3962 6597 6598 
1491 2325 5196 3282 712 2326 5197 3283 713 6595 2649 2653 5603 5608 3961 3526 872 6599 2654 5610 3963 6597 6600 2655 5612 3964 6601 6602 
1492 2326 5197 3283 713 2327 5198 3284 714 6599 2654 2658 5610 5615 3963 3529 873 6603 2659 5617 3965 6601 6604 2660 5619 3966 6605 6606 
1493 2327 5198 3284 714 2328 5199 3285 715 6603 2659 2663 5617 5622 3965 3532 874 6607 2664 5624 3967 6605 6608 2665 5626 3968 6609 6610 
1494 2328 5199 3285 715 2329 5200 3286 716 6607 2664 2668 5624 5629 3967 3535 875 6611 2669 5631 3969 6609 6612 2670 5633 3970 6613 6614 
1495 2329 5200 3286 716 2330 5201 3287 717 6611 2669 2673 5631 5636 3969 3538 876 6615 2674 5638 3971 6613 6616 2675 5640 3972 6617 6618 
1496 2330 5201 3287 717 2331 5202 3288 718 6615 2674 2678 5638 5643 3971 3541 877 6619 2679 5645 3973 6617 6620 2680 5647 3974 6621 6622 
1497 2331 5202 3288 718 2332 5203 3289 719 6619 2679 2683 5645 5650 3973 3544 878 6623 2684 5652 3975 6621 6624 2685 5654 3976 6625 6626 
1498 2332 5203 3289 719 2333 5204 3290 720 6623 2684 2688 5652 5657 3975 3547 879 6627 2689 5659 3977 6625 6628 2690 5661 3978 6629 6630 
1499 2333 5204 3290 720 2334 5205 3291 721 6627 2689 2693 5659 5664 3977 3550 880 6631 2694 5666 3979 6629 6632 2695 5668 3980 6633 6634 
1500 2334 5205 3291 721 2335 5206 3292 722 6631 2694 2698 5666 5671 3979 3553 881 6635 2699 5673 3981 6633 6636 2700 5675 3982 6637 6638 
1501 2335 5206 3292 722 2336 5207 3293 723 6635 2699 2703 5673 5678 3981 3556 882 6639 2704 5680 3983 6637 6640 2705 5682 3984 6641 6642 
1502 2336 5207 3293 723 2337 5208 3294 724 6639 2704 2708 5680 5685 3983 3559 883 6643 2709 5687 3985 6641 6644 2710 5689 3986 6645 6646 
1503 2337 5208 3294 724 2338 5209 3295 725 6643 2709 2713 5687 5692 3985 3562 884 6647 2714 5694 3987 6645 6648 2715 5696 3988 6649 6650 
1504 2338 5209 3295 725 2339 5210 3296 726 6647 2714 2718 5694 5699 3987 3565 885 6651 2719 5701 3989 6649 6652 2720 5703 3990 6653 6654 
1505 2339 5210 3296 726 2340 5211 3297 727 6651 2719 2723 5701 5706 3989 3568 886 6655 2724 5708 3991 6653 6656 2725 5710 3992 6657 6658 
1506 2340 5211 3297 727 2341 5212 3298 728 6655 2724 2728 5708 5713 3991 3571 887 6659 2729 5715 3993 6657 6660 2730 5717 3994 6661 6662 
1507 2341 5212 3298 728 2342 5213 3299 729 6659 2729 2733 5715 5720 3993 3574 888 6663 2734 5722 3995 6661 6664 2735 5724 3996 6665 6666 
1508 2342 5213 3299 729 2343 5214 3300 730 6663 2734 2738 5722 5727 3995 3577 889 6667 2739 5729 3997 6665 6668 2740 5731 3998 6669 6670 
1509 2343 5214 3300 730 2344 5215 3301 731 6667 2739 2743 5729 5734 3997 3580 890 6671 2744 5736 3999 6669 6672 2745 5738 4000 6673 6674 
1510 2344 5215 3301 731 2345 5216 3302 732 6671 2744 2748 5736 5741 3999 3583 891 6675 2749 5743 4001 6673 6676 2750 5745 4002 6677 6678 
1511 2345 5216 3302 732 2346 5217 3303 733 6675 2749 2753 5743 5748 4001 3586 892 6679 2754 5750 4003 6677 6680 2755 5752 4004 6681 6682 
1512 2346 5217 3303 733 2347 5218 3304 734 6679 2754 2758 5750 5755 4003 3589 893 6683 2759 5757 4005 6681 6684 2760 5759 4006 6685 6686 
1513 2347 5218 3304 734 2348 5219 3305 735 6683 2759 2763 5757 5762 4005 3592 894 6687 2764 5764 4007 6685 6688 2765 5766 4008 6689 6690 
1514 2348 5219 3305 735 2349 5220 3306 736 6687 2764 2768 5764 5769 4007 3595 895 6691 2769 5771 4009 6689 6692 2770 5773 4010 6693 6694 
1515 2349 5220 3306 736 2350 5221 3307 737 6691 2769 2773 5771 5776 4009 3598 896 6695 2774 5778 4011 6693 6696 2775 5780 4012 6697 6698 
1516 2350 5221 3307 737 2351 5222 3308 738 6695 2774 2778 5778 5783 4011 3601 897 6699 2779 5785 4013 6697 6700 2780 5787 4014 6701 6702 
1517 2351 5222 3308 738 2352 5223 3309 739 6699 2779 2783 5785 5790 4013 3604 898 6703 2784 5792 4015 6701 6704 2785 5794 4016 6705 6706 
1518 2352 5223 3309 739 2353 5224 3310 740 6703 2784 2788 5792 5797 4015 3607 899 6707 2789 5799 4017 6705 6708 2790 5801 4018 6709 6710 
1519 2353 5224 3310 740 2354 5225 3311 741 6707 2789 2793 5799 5804 4017 3610 900 6711 2794 5806 4019 6709 6712 2795 5808 4020 6713 6714 
1520 2354 5225 3311 741 2355 5226 3312 742 6711 2794 2798 5806 5811 4019 3613 901 6715 2799 5813 4021 6713 6716 2800 5815 4022 6717 6718 
1521 2355 5226 3312 742 2356 5227 3313 743 6715 2799 2803 5813 5818 4021 3616 902 6719 2804 5820 4023 6717 6720 2805 5822 4024 6721 6722 
1522 2356 5227 3313 743 2357 5228 3314 744 6719 2804 2808 5820 5825 4023 3619 903 6723 2809 5827 4025 6721 6724 2810 5829 4026 6725 6726 
1523 2357 5228 3314 744 2358 5229 3315 745 6723 2809 2813 5827 5832 4025 3622 904 6727 2814 5834 4027 6725 6728 2815 5836 4028 6729 6730 
1524 2358 5229 3315 745 2359 5230 3316 746 6727 2814 2818 5834 5839 4027 3625 905 6731 2819 5841 4029 6729 6732 2820 5843 4030 6733 6734 
1525 2359 5230 3316 746 2360 5231 3317 747 6731 2819 2823 5841 5846 4029 3628 906 6735 2824 5848 4031 6733 6736 2825 5850 4032 6737 6738 
1526 2360 5231 3317 747 2361 5232 3318 748 6735 2824 2828 5848 5853 4031 3631 907 6739 2829 5855 4033 6737 6740 2830 5857 4034 6741 6742 
1527 2361 5232 3318 748 2362 5233 3319 749 6739 2829 2833 5855 5860 4033 3634 908 6743 2834 5862 4035 6741 6744 2835 5864 4036 6745 6746 
1528 2362 5233 3319 749 2363 5234 3320 750 6743 2834 2838 5862 5867 4035 3637 909 6747 2839 5869 4037 6745 6748 2840 5871 4038 6749 6750 
1529 2363 5234 3320 750 2364 5235 3321 751 6747 2839 2843 5869 5874 4037 3640 910 6751 2844 5876 4039 6749 6752 2845 5878 4040 6753 6754 
1530 2364 5235 3321 751 2365 5236 3322 752 6751 2844 2848 5876 5881 4039 3643 911 6755 2849 5883 4041 6753 6756 2850 5885 4042 6757 6758 
1531 2365 5236 3322 752 2366 5237 3323 753 6755 2849 2853 5883 5888 4041 3646 912 6759 2854 5890 4043 6757 6760 2855 5892 4044 6761 6762 
1532 2366 5237 3323 753 2367 5238 3324 754 6759 2854 2858 5890 5895 4043 3649 913 6763 2859 5897 4045 6761 6764 2860 5899 4046 6765 6766 
1533 2367 5238 3324 754 2368 5239 3325 755 6763 2859 2863 5897 5902 4045 3652 914 6767 2864 5904 4047 6765 6768 2865 5906 4048 6769 6770 
1534 2368 5239 3325 755 2369 5240 3326 756 6767 2864 2868 5904 5909 4047 3655 915 6771 2869 5911 4049 6769 6772 2870 5913 4050 6773 6774 
1535 2369 5240 3326 756 2370 5241 3327 757 6771 2869 2873 5911 5916 4049 3658 916 6775 2874 5918 4051 6773 6776 2875 5920 4052 6777 6778 
1536 2370 5241 3327 757 2371 5242 3328 758 6775 2874 2878 5918 5923 4051 3661 917 6779 2879 5925 4053 6777 6780 2880 5927 4054 6781 6782 
1537 2371 5242 3328 758 2372 5243 3329 759 6779 2879 2883 5925 5930 4053 3664 918 6783 2884 5932 4055 6781 6784 2885 5934 4056 6785 6786 
1538 2372 5243 3329 759 2373 5244 3330 760 6783 2884 2888 5932 5937 4055 3667 919 6787 2889 5939 4057 6785 6788 2890 5941 4058 6789 6790 
1539 2373 5244 3330 760 2374 5245 3331 761 6787 2889 2893 5939 5944 4057 3670 920 6791 2894 5946 4059 6789 6792 2895 5948 4060 6793 6794 
1540 2374 5245 3331 761 2375 5246 3332 762 6791 2894 2898 5946 5951 4059 3673 921 6795 2899 5953 4061 6793 6796 2900 5955 4062 6797 6798 
1541 2375 5246 3332 762 2376 5247 3333 763 6795 2899 2903 5953 5958 4061 3676 922 6799 2904 5960 4063 6797 6800 2905 5962 4064 6801 6802 
1542 2376 5247 3333 763 2377 5248 3334 764 6799 2904 2908 5960 5965 4063 3679 923 6803 2909 5967 4065 6801 6804 2910 5969 4066 6805 6806 
1543 2377 5248 3334 764 2378 5249 3335 765 6803 2909 2913 5967 5972 4065 3682 924 6807 2914 5974 4067 6805 6808 2915 5976 4068 6809 6810 
1544 2378 5249 3335 765 2379 5250 3336 766 6807 2914 2918 5974 5979 4067 3685 925 6811 2919 5981 4069 6809 6812 2920 5983 4070 6813 6814 
1545 2379 5250 3336 766 2380 5251 3337 767 6811 2919 2923 5981 5986 4069 3688 926 6815 2924 5988 4071 6813 6816 2925 5990 4072 6817 6818 
1546 2380 5251 3337 767 2381 5252 3338 768 6815 2924 2928 5988 5993 4071 3691 927 6819 2929 5995 4073 6817 6820 2930 5997 4074 6821 6822 
1547 2381 5252 3338 768 2382 5253 3339 769 6819 2929 2933 5995 6000 4073 3694 928 6823 2934 6002 4075 6821 6824 2935 6004 4076 6825 6826 
1548 2382 5253 3339 769 2383 5254 3340 770 6823 2934 2938 6002 6007 4075 3697 929 6827 2939 6009 4077 6825 6828 2940 6011 4078 6829 6830 
1549 2383 5254 3340 770 2384 5255 3341 771 6827 2939 2943 6009 6014 4077 3700 930 6831 2944 6016 4079 6829 6832 2945 6018 4080 6833 6834 
1550 2384 5255 3341 771 2385 5256 3342 772 6831 2944 2948 6016 6021 4079 3703 931 6835 2949 6023 4081 6833 6836 2950 6025 4082 6837 6838 
1551 2385 5256 3342 772 2386 5257 3343 773 6835 2949 2953 6023 6028 4081 3706 932 6839 2954 6030 4083 6837 6840 2955 6032 4084 6841 6842 
1552 2386 5257 3343 773 2387 5258 3344 774 6839 2954 2958 6030 6035 4083 3709 933 6843 2959 6037 4085 6841 6844 2960 6039 4086 6845 6846 
1553 2387 5258 3344 774 2388 5259 3345 775 6843 2959 2963 6037 6042 4085 3712 934 6847 2964 6044 4087 6845 6848 2965 6046 4088 6849 6850 
1554 2388 5259 3345 775 2389 5260 3346 776 6847 2964 2968 6044 6049 4087 3715 935 6851 2969 6051 4089 6849 6852 2970 6053 4090 6853 6854 
1555 2389 5260 3346 776 2390 5261 3347 777 6851 2969 2973 6051 6056 4089 3718 936 6855 2974 6058 4091 6853 6856 2975 6060 4092 6857 6858 
1556 2390 5261 3347 777 2391 5262 3348 778 6855 2974 2978 6058 6063 4091 3721 937 6859 2979 6065 4093 6857 6860 2980 6067 4094 6861 6862 
1557 2391 5262 3348 778 2392 5263 3349 779 6859 2979 2983 6065 6070 4093 3724 938 6863 2984 6072 4095 6861 6864 2985 6074 4096 6865 6866 
1558 2392 5263 3349 779 2393 5264 3350 780 6863 2984 2988 6072 6077 4095 3727 939 6867 2989 6079 4097 6865 6868 2990 6081 4098 6869 6870 
1559 2393 5264 3350 780 2394 5265 3351 781 6867 2989 2993 6079 6084 4097 3730 940 6871 2994 6086 4099 6869 6872 2995 6088 4100 6873 6874 
1560 2394 5265 3351 781 2395 5266 3352 782 6871 2994 2998 6086 6091 4099 3733 941 6875 2999 6093 4101 6873 6876 3000 6095 4102 6877 6878 
1561 2395 5266 3352 782 2396 5267 3353 783 6875 2999 3003 6093 6098 4101 3736 942 6879 3004 6100 4103 6877 6880 3005 6102 4104 6881 6882 
1562 2396 5267 3353 783 2397 5268 3354 784 6879 3004 3008 6100 6105 4103 3739 943 6883 3009 6107 4105 6881 6884 3010 6109 4106 6885 6886 
1563 2397 5268 3354 784 2398 5269 3355 785 6883 3009 3013 6107 6112 4105 3742 944 6887 3014 6114 4107 6885 6888 3015 6116 4108 6889 6890 
1564 2398 5269 3355 785 2399 5270 3356 786 6887 3014 3018 6114 6119 4107 3745 945 6891 3019 6121 4109 6889 6892 3020 6123 4110 6893 6894 
1565 2399 5270 3356 786 2400 5271 3357 787 6891 3019 3023 6121 6126 4109 3748 946 6895 3024 6128 4111 6893 6896 3025 6130 4112 6897 6898 
1566 2400 5271 3357 787 2401 5272 3358 788 6895 3024 3028 6128 6133 4111 3751 947 6899 3029 6135 4113 6897 6900 3030 6137 4114 6901 6902 
1567 2401 5272 3358 788 2402 5273 3359 789 6899 3029 3033 6135 6140 4113 3754 948 6903 3034 6142 4115 6901 6904 3035 6144 4116 6905 6906 
1568 2402 5273 3359 789 2403 5274 3360 790 6903 3034 3038 6142 6147 4115 3757 949 6907 3039 6149 4117 6905 6908 3040 6151 4118 6909 6910 
1569 2403 5274 3360 790 2404 5275 3361 791 6907 3039 3043 6149 6154 4117 3760 950 6911 3044 6156 4119 6909 6912 3045 6158 4120 6913 6914 
1570 2404 5275 3361 791 2405 5276 3362 792 6911 3044 3048 6156 6161 4119 3763 951 6915 3049 6163 4121 6913 6916 3050 6165 4122 6917 6918 
1571 2405 5276 3362 792 2406 5277 3363 793 6915 3049 3053 6163 6168 4121 3766 952 6919 3054 6170 4123 6917 6920 3055 6172 4124 6921 6922 
1572 2406 5277 3363 793 2407 5278 3364 794 6919 3054 3058 6170 6175 4123 3769 953 6923 3059 6177 4125 6921 6924 3060 6179 4126 6925 6926 
1573 2407 5278 3364 794 2408 5279 3365 795 6923 3059 3063 6177 6182 4125 3772 954 6927 3064 6184 4127 6925 6928 3065 6186 4128 6929 6930 
1574 2408 5279 3365 795 2409 5280 3366 796 6927 3064 3068 6184 6189 4127 3775 955 6931 3069 6191 4129 6929 6932 3070 6193 4130 6933 6934 
1575 2409 5280 3366 796 2410 5281 3367 797 6931 3069 3073 6191 6196 4129 3778 956 6935 3074 6198 4131 6933 6936 3075 6200 4132 6937 6938 
1576 2410 5281 3367 797 2411 5282 3368 798 6935 3074 3078 6198 6203 4131 3781 957 6939 3079 6205 4133 6937 6940 3080 6207 4134 6941 6942 
1577 2411 5282 3368 798 2412 5283 3369 799 6939 3079 3083 6205 6210 4133 3784 958 6943 3084 6212 4135 6941 6944 3085 6214 4136 6945 6946 
1578 2412 5283 3369 799 2413 5284 3370 800 6943 3084 3088 6212 6217 4135 3787 959 6947 3089 6219 4137 6945 6948 3090 6221 4138 6949 6950 
1579 2413 5284 3370 800 2414 5285 3371 801 6947 3089 3093 6219 6224 4137 3790 960 6951 3094 6226 4139 6949 6952 3095 6228 4140 6953 6954 
1580 2414 5285 3371 801 2415 5286 3372 802 6951 3094 3098 6226 6231 4139 3793 961 6955 3099 6233 4141 6953 6956 3100 6235 4142 6957 6958 
1581 2415 5286 3372 802 2416 5287 3373 803 6955 3099 3103 6233 6238 4141 3796 962 6959 3104 6240 4143 6957 6960 3105 6242 4144 6961 6962 
1582 2416 5287 3373 803 2417 5288 3374 804 6959 3104 3108 6240 6245 4143 3799 963 6963 3109 6247 4145 6961 6964 3110 6249 4146 6965 6966 
1583 2417 5288 3374 804 2418 5289 3375 805 6963 3109 3113 6247 6252 4145 3802 964 6967 3114 6254 4147 6965 6968 3115 6256 4148 6969 6970 
1584 2418 5289 3375 805 2419 5290 3376 806 6967 3114 3118 6254 6259 4147 3805 965 6971 3119 6261 4149 6969 6972 3120 6263 4150 6973 6974 
1585 2419 5290 3376 806 2420 5291 3377 807 6971 3119 3123 6261 6266 4149 3808 966 6975 3124 6268 4151 6973 6976 3125 6270 4152 6977 6978 
1586 2420 5291 3377 807 2421 5292 3378 808 6975 3124 3128 6268 6273 4151 3811 967 6979 3129 6275 4153 6977 6980 3130 6277 4154 6981 6982 
1587 2421 5292 3378 808 2422 5293 3379 809 6979 3129 3133 6275 6280 4153 3814 968 6983 3134 6282 4155 6981 6984 3135 6284 4156 6985 6986 
1588 2422 5293 3379 809 2423 5294 3380 810 6983 3134 3138 6282 6287 4155 3817 969 6987 3139 6289 4157 6985 6988 3140 6291 4158 6989 6990 
1589 2423 5294 3380 810 2424 5295 3381 811 6987 3139 3143 6289 6294 4157 3820 970 6991 3144 6296 4159 6989 6992 3145 6298 4160 6993 6994 
1590 2424 5295 3381 811 2425 5296 3382 812 6991 3144 3148 6296 6301 4159 3823 971 6995 3149 6303 4161 6993 6996 3150 6305 4162 6997 6998 
1591 2425 5296 3382 812 2426 5297 3383 813 6995 3149 3153 6303 6308 4161 3826 972 6999 3154 6310 4163 6997 7000 3155 6312 4164 7001 7002 
1592 2426 5297 3383 813 2427 5298 3384 814 6999 3154 3158 6310 6315 4163 3829 973 7003 3159 6317 4165 7001 7004 3160 6319 4166 7005 7006 
1593 2427 5298 3384 814 2428 5299 3385 815 7003 3159 3163 6317 6322 4165 3832 974 7007 3164 6324 4167 7005 7008 3165 6326 4168 7009 7010 
1594 2428 5299 3385 815 2429 5300 3386 816 7007 3164 3168 6324 6329 4167 3835 975 7011 3169 6331 4169 7009 7012 3170 6333 4170 7013 7014 
1595 2429 5300 3386 816 2430 5301 3387 817 7011 3169 3173 6331 6336 4169 3838 976 7015 3174 6338 4171 7013 7016 3175 6340 4172 7017 7018 
1596 2430 5301 3387 817 2431 5302 3388 818 7015 3174 3178 6338 6343 4171 3841 977 7019 3179 6345 4173 7017 7020 3180 6347 4174 7021 7022 
1597 2431 5302 3388 818 2432 5303 3389 819 7019 3179 3183 6345 6350 4173 3844 978 7023 3184 6352 4175 7021 7024 3185 6354 4176 7025 7026 
1598 2432 5303 3389 819 2433 5304 3390 820 7023 3184 3188 6352 6357 4175 3847 979 7027 3189 6359 4177 7025 7028 3190 6361 4178 7029 7030 
1599 2433 5304 3390 820 2434 5305 3391 821 7027 3189 3193 6359 6364 4177 3850 980 7031 3194 6366 4179 7029 7032 3195 6368 4180 7033 7034 
1600 2434 5305 3391 821 2435 5306 3392 822 7031 3194 3198 6366 6371 4179 3853 981 7035 3199 6373 4181 7033 7036 3200 6375 4182 7037 7038 
1601 2435 5306 3392 822 2436 5307 3393 823 7035 3199 3203 6373 6378 4181 3856 982 7039 3204 6380 4183 7037 7040 3205 6382 4184 7041 7042 
1602 2436 5307 3393 823 2437 5308 3394 824 7039 3204 3208 6380 6385 4183 3859 983 7043 3209 6387 4185 7041 7044 3210 6389 4186 7045 7046 
1603 2437 5308 3394 824 2438 5309 3395 825 7043 3209 3213 6387 6392 4185 3862 984 7047 3214 6394 4187 7045 7048 3215 6396 4188 7049 7050 
1604 2438 5309 3395 825 2439 5310 3396 826 7047 3214 3218 6394 6399 4187 3865 985 7051 3219 6401 4189 7049 7052 3220 6403 4190 7053 7054 
1605 2439 5310 3396 826 2440 5311 3397 827 7051 3219 3223 6401 6406 4189 3868 986 7055 3224 6408 4191 7053 7056 3225 6410 4192 7057 7058 
1606 2440 5311 3397 827 2441 5312 3398 828 7055 3224 3228 6408 6413 4191 3871 987 7059 3229 6415 4193 7057 7060 3230 6417 4194 7061 7062 
1607 2441 5312 3398 828 2442 5313 3399 829 7059 3229 3233 6415 6420 4193 3874 988 7063 3234 6422 4195 7061 7064 3235 6424 4196 7065 7066 
1608 2442 5313 3399 829 27 1318 30 8 7063 3234 3238 6422 6427 4195 3877 989 1322 28 1319 32 7065 7067 3239 6429 4197 1323 7068 
1609 12 1 9 1309 4198 352 1327 5155 13 1315 4358 11 511 1310 1487 5314 4357 7069 1489 5315 1316 4359 7070 1490 5317 7071 7072 
1610 4198 352 1327 5155 4199 353 1328 5156 4357 7069 4361 1489 512 5315 1492 5321 4360 7073 1494 5322 7071 4362 7074 1495 5324 7075 7076 
1611 4199 353 1328 5156 4200 354 1329 5157 4360 7073 4364 1494 513 5322 1497 5328 4363 7077 1499 5329 7075 4365 7078 1500 5331 7079 7080 
1612 4200 354 1329 5157 4201 355 1330 5158 4363 7077 4367 1499 514 5329 1502 5335 4366 7081 1504 5336 7079 4368 7082 1505 5338 7083 7084 
1613 4201 355 1330 5158 4202 356 1331 5159 4366 7081 4370 1504 515 5336 1507 5342 4369 7085 1509 5343 7083 4371 7086 1510 5345 7087 7088 
1614 4202 356 1331 5159 4203 357 1332 5160 4369 7085 4373 1509 516 5343 1512 5349 4372 7089 1514 5350 7087 4374 7090 1515 5352 7091 7092 
1615 4203 357 1332 5160 4204 358 1333 5161 4372 7089 4376 1514 517 5350 1517 5356 4375 7093 1519 5357 7091 4377 7094 1520 5359 7095 7096 
1616 4204 358 1333 5161 4205 359 1334 5162 4375 7093 4379 1519 518 5357 1522 5363 4378 7097 1524 5364 7095 4380 7098 1525 5366 7099 7100 
1617 4205 359 1334 5162 4206 360 1335 5163 4378 7097 4382 1524 519 5364 1527 5370 4381 7101 1529 5371 7099 4383 7102 1530 5373 7103 7104 
1618 4206 360 1335 5163 4207 361 1336 5164 4381 7101 4385 1529 520 5371 1532 5377 4384 7105 1534 5378 7103 4386 7106 1535 5380 7107 7108 
1619 4207 361 1336 5164 4208 362 1337 5165 4384 7105 4388 1534 521 5378 1537 5384 4387 7109 1539 5385 7107 4389 7110 1540 5387 7111 7112 
1620 4208 362 1337 5165 4209 363 1338 5166 4387 7109 4391 1539 522 5385 1542 5391 4390 7113 1544 5392 7111 4392 7114 1545 5394 7115 7116 
1621 4209 363 1338 5166 4210 364 1339 5167 4390 7113 4394 1544 523 5392 1547 5398 4393 7117 1549 5399 7115 4395 7118 1550 5401 7119 7120 
1622 4210 364 1339 5167 4211 365 1340 5168 4393 7117 4397 1549 524 5399 1552 5405 4396 7121 1554 5406 7119 4398 7122 1555 5408 7123 7124 
1623 4211 365 1340 5168 4212 366 1341 5169 4396 7121 4400 1554 525 5406 1557 5412 4399 7125 1559 5413 7123 4401 7126 1560 5415 7127 7128 
1624 4212 366 1341 5169 4213 367 1342 5170 4399 7125 4403 1559 526 5413 1562 5419 4402 7129 1564 5420 7127 4404 7130 1565 5422 7131 7132 
1625 4213 367 1342 5170 4214 368 1343 5171 4402 7129 4406 1564 527 5420 1567 5426 4405 7133 1569 5427 7131 4407 7134 1570 5429 7135 7136 
1626 4214 368 1343 5171 4215 369 1344 5172 4405 7133 4409 1569 528 5427 1572 5433 4408 7137 1574 5434 7135 4410 7138 1575 5436 7139 7140 
1627 4215 369 1344 5172 4216 370 1345 5173 4408 7137 4412 1574 529 5434 1577 5440 4411 7141 1579 5441 7139 4413 7142 1580 5443 7143 7144 
1628 4216 370 1345 5173 4217 371 1346 5174 4411 7141 4415 1579 530 5441 1582 5447 4414 7145 1584 5448 7143 4416 7146 1585 5450 7147 7148 
1629 4217 371 1346 5174 4218 372 1347 5175 4414 7145 4418 1584 531 5448 1587 5454 4417 7149 1589 5455 7147 4419 7150 1590 5457 7151 7152 
1630 4218 372 1347 5175 4219 373 1348 5176 4417 7149 4421 1589 532 5455 1592 5461 4420 7153 1594 5462 7151 4422 7154 1595 5464 7155 7156 
1631 4219 373 1348 5176 4220 374 1349 5177 4420 7153 4424 1594 533 5462 1597 5468 4423 7157 1599 5469 7155 4425 7158 1600 5471 7159 7160 
1632 4220 374 1349 5177 4221 375 1350 5178 4423 7157 4427 1599 534 5469 1602 5475 4426 7161 1604 5476 7159 4428 7162 1605 5478 7163 7164 
1633 4221 375 1350 5178 4222 376 1351 5179 4426 7161 4430 1604 535 5476 1607 5482 4429 7165 1609 5483 7163 4431 7166 1610 5485 7167 7168 
1634 4222 376 1351 5179 4223 377 1352 5180 4429 7165 4433 1609 536 5483 1612 5489 4432 7169 1614 5490 7167 4434 7170 1615 5492 7171 7172 
1635 4223 377 1352 5180 4224 378 1353 5181 4432 7169 4436 1614 537 5490 1617 5496 4435 7173 1619 5497 7171 4437 7174 1620 5499 7175 7176 
1636 4224 378 1353 5181 4225 379 1354 5182 4435 7173 4439 1619 538 5497 1622 5503 4438 7177 1624 5504 7175 4440 7178 1625 5506 7179 7180 
1637 4225 379 1354 5182 4226 380 1355 5183 4438 7177 4442 1624 539 5504 1627 5510 4441 7181 1629 5511 7179 4443 7182 1630 5513 7183 7184 
1638 4226 380 1355 5183 4227 381 1356 5184 4441 7181 4445 1629 540 5511 1632 5517 4444 7185 1634 5518 7183 4446 7186 1635 5520 7187 7188 
1639 4227 381 1356 5184 4228 382 1357 5185 4444 7185 4448 1634 541 5518 1637 5524 4447 7189 1639 5525 7187 4449 7190 1640 5527 7191 7192 
1640 4228 382 1357 5185 4229 383 1358 5186 4447 7189 4451 1639 542 5525 1642 5531 4450 7193 1644 5532 7191 4452 7194 1645 5534 7195 7196 
1641 4229 383 1358 5186 4230 384 1359 5187 4450 7193 4454 1644 543 5532 1647 5538 4453 7197 1649 5539 7195 4455 7198 1650 5541 7199 7200 
1642 4230 384 1359 5187 4231 385 1360 5188 4453 7197 4457 1649 544 5539 1652 5545 4456 7201 1654 5546 7199 4458 7202 1655 5548 7203 7204 
1643 4231 385 1360 5188 4232 386 1361 5189 4456 7201 4460 1654 545 5546 1657 5552 4459 7205 1659 5553 7203 4461 7206 1660 5555 7207 7208 
1644 4232 386 1361 5189 4233 387 1362 5190 4459 7205 4463 1659 546 5553 1662 5559 4462 7209 1664 5560 7207 4464 7210 1665 5562 7211 7212 
1645 4233 387 1362 5190 4234 388 1363 5191 4462 7209 4466 1664 547 5560 1667 5566 4465 7213 1669 5567 7211 4467 7214 1670 5569 7215 7216 
1646 4234 388 1363 5191 4235 389 1364 5192 4465 7213 4469 1669 548 5567 1672 5573 4468 7217 1674 5574 7215 4470 7218 1675 5576 7219 7220 
1647 4235 389 1364 5192 4236 390 1365 5193 4468 7217 4472 1674 549 5574 1677 5580 4471 7221 1679 5581 7219 4473 7222 1680 5583 7223 7224 
1648 4236 390 1365 5193 4237 391 1366 5194 4471 7221 4475 1679 550 5581 1682 5587 4474 7225 1684 5588 7223 4476 7226 1685 5590 7227 7228 
1649 4237 391 1366 5194 4238 392 1367 5195 4474 7225 4478 1684 551 5588 1687 5594 4477 7229 1689 5595 7227 4479 7230 1690 5597 7231 7232 
1650 4238 392 1367 5195 4239 393 1368 5196 4477 7229 4481 1689 552 5595 1692 5601 4480 7233 1694 5602 7231 4482 7234 1695 5604 7235 7236 
1651 4239 393 1368 5196 4240 394 1369 5197 4480 7233 4484 1694 553 5602 1697 5608 4483 7237 1699 5609 7235 4485 7238 1700 5611 7239 7240 
1652 4240 394 1369 5197 4241 395 1370 5198 4483 7237 4487 1699 554 5609 1702 5615 4486 7241 1704 5616 7239 4488 7242 1705 5618 7243 7244 
1653 4241 395 1370 5198 4242 396 1371 5199 4486 7241 4490 1704 555 5616 1707 5622 4489 7245 1709 5623 7243 4491 7246 1710 5625 7247 7248 
1654 4242 396 1371 5199 4243 397 1372 5200 4489 7245 4493 1709 556 5623 1712 5629 4492 7249 1714 5630 7247 4494 7250 1715 5632 7251 7252 
1655 4243 397 1372 5200 4244 398 1373 5201 4492 7249 4496 1714 557 5630 1717 5636 4495 7253 1719 5637 7251 4497 7254 1720 5639 7255 7256 
1656 4244 398 1373 5201 4245 399 1374 5202 4495 7253 4499 1719 558 5637 1722 5643 4498 7257 1724 5644 7255 4500 7258 1725 5646 7259 7260 
1657 4245 399 1374 5202 4246 400 1375 5203 4498 7257 4502 1724 559 5644 1727 5650 4501 7261 1729 5651 7259 4503 7262 1730 5653 7263 7264 
1658 4246 400 1375 5203 4247 401 1376 5204 4501 7261 4505 1729 560 5651 1732 5657 4504 7265 1734 5658 7263 4506 7266 1735 5660 7267 7268 
1659 4247 401 1376 5204 4248 402 1377 5205 4504 7265 4508 1734 561 5658 1737 5664 4507 7269 1739 5665 7267 4509 7270 1740 5667 7271 7272 
1660 4248 402 1377 5205 4249 403 1378 5206 4507 7269 4511 1739 562 5665 1742 5671 4510 7273 1744 5672 7271 4512 7274 1745 5674 7275 7276 
1661 4249 403 1378 5206 4250 404 1379 5207 4510 7273 4514 1744 563 5672 1747 5678 4513 7277 1749 5679 7275 4515 7278 1750 5681 7279 7280 
1662 4250 404 1379 5207 4251 405 1380 5208 4513 7277 4517 1749 564 5679 1752 5685 4516 7281 1754 5686 7279 4518 7282 1755 5688 7283 7284 
1663 4251 405 1380 5208 4252 406 1381 5209 4516 7281 4520 1754 565 5686 1757 5692 4519 7285 1759 5693 7283 4521 7286 1760 5695 7287 7288 
1664 4252 406 1381 5209 4253 407 1382 5210 4519 7285 4523 1759 566 5693 1762 5699 4522 7289 1764 5700 7287 4524 7290 1765 5702 7291 7292 
1665 4253 407 1382 5210 4254 408 1383 5211 4522 7289 4526 1764 567 5700 1767 5706 4525 7293 1769 5707 7291 4527 7294 1770 5709 7295 7296 
1666 4254 408 1383 5211 4255 409 1384 5212 4525 7293 4529 1769 568 5707 1772 5713 4528 7297 1774 5714 7295 4530 7298 1775 5716 7299 7300 
1667 4255 409 1384 5212 4256 410 1385 5213 4528 7297 4532 1774 569 5714 1777 5720 4531 7301 1779 5721 7299 4533 7302 1780 5723 7303 7304 
1668 4256 410 1385 5213 4257 411 1386 5214 4531 7301 4535 1779 570 5721 1782 5727 4534 7305 1784 5728 7303 4536 7306 1785 5730 7307 7308 
1669 4257 411 1386 5214 4258 412 1387 5215 4534 7305 4538 1784 571 5728 1787 5734 4537 7309 1789 5735 7307 4539 7310 1790 5737 7311 7312 
1670 4258 412 1387 5215 4259 413 1388 5216 4537 7309 4541 1789 572 5735 1792 5741 4540 7313 1794 5742 7311 4542 7314 1795 5744 7315 7316 
1671 4259 413 1388 5216 4260 414 1389 5217 4540 7313 4544 1794 573 5742 1797 5748 4543 7317 1799 5749 7315 4545 7318 1800 5751 7319 7320 
1672 4260 414 1389 5217 4261 415 1390 5218 4543 7317 4547 1799 574 5749 1802 5755 4546 7321 1804 5756 7319 4548 7322 1805 5758 7323 7324 
1673 4261 415 1390 5218 4262 416 1391 5219 4546 7321 4550 1804 575 5756 1807 5762 4549 7325 1809 5763 7323 4551 7326 1810 5765 7327 7328 
1674 4262 416 1391 5219 4263 417 1392 5220 4549 7325 4553 1809 576 5763 1812 5769 4552 7329 1814 5770 7327 4554 7330 1815 5772 7331 7332 
1675 4263 417 1392 5220 4264 418 1393 5221 4552 7329 4556 1814 577 5770 1817 5776 4555 7333 1819 5777 7331 4557 7334 1820 5779 7335 7336 
1676 4264 418 1393 5221 4265 419 1394 5222 4555 7333 4559 1819 578 5777 1822 5783 4558 7337 1824 5784 7335 4560 7338 1825 5786 7339 7340 
1677 4265 419 1394 5222 4266 420 1395 5223 4558 7337 4562 1824 579 5784 1827 5790 4561 7341 1829 5791 7339 4563 7342 1830 5793 7343 7344 
1678 4266 420 1395 5223 4267 421 1396 5224 4561 7341 4565 1829 580 5791 1832 5797 4564 7345 1834 5798 7343 4566 7346 1835 5800 7347 7348 
1679 4267 421 1396 5224 4268 422 1397 5225 4564 7345 4568 1834 581 5798 1837 5804 4567 7349 1839 5805 7347 4569 7350 1840 5807 7351 7352 
1680 4268 422 1397 5225 4269 423 1398 5226 4567 7349 4571 1839 582 5805 1842 5811 4570 7353 1844 5812 7351 4572 7354 1845 5814 7355 7356 
1681 4269 423 1398 5226 4270 424 1399 5227 4570 7353 4574 1844 583 5812 1847 5818 4573 7357 1849 5819 7355 4575 7358 1850 5821 7359 7360 
1682 4270 424 1399 5227 4271 425 1400 5228 4573 7357 4577 1849 584 5819 1852 5825 4576 7361 1854 5826 7359 4578 7362 1855 5828 7363 7364 
1683 4271 425 1400 5228 4272 426 1401 5229 4576 7361 4580 1854 585 5826 1857 5832 4579 7365 1859 5833 7363 4581 7366 1860 5835 7367 7368 
1684 4272 426 1401 5229 4273 427 1402 5230 4579 7365 4583 1859 586 5833 1862 5839 4582 7369 1864 5840 7367 4584 7370 1865 5842 7371 7372 
1685 4273 427 1402 5230 4274 428 1403 5231 4582 7369 4586 1864 587 5840 1867 5846 4585 7373 1869 5847 7371 4587 7374 1870 5849 7375 7376 
1686 4274 428 1403 5231 4275 429 1404 5232 4585 7373 4589 1869 588 5847 1872 5853 4588 7377 1874 5854 7375 4590 7378 1875 5856 7379 7380 
1687 4275 429 1404 5232 4276 430 1405 5233 4588 7377 4592 1874 589 5854 1877 5860 4591 7381 1879 5861 7379 4593 7382 1880 5863 7383 7384 
1688 4276 430 1405 5233 4277 431 1406 5234 4591 7381 4595 1879 590 5861 1882 5867 4594 7385 1884 5868 7383 4596 7386 1885 5870 7387 7388 
1689 4277 431 1406 5234 4278 432 1407 5235 4594 7385 4598 1884 591 5868 1887 5874 4597 7389 1889 5875 7387 4599 7390 1890 5877 7391 7392 
1690 4278 432 1407 5235 4279 433 1408 5236 4597 7389 4601 1889 592 5875 1892 5881 4600 7393 1894 5882 7391 4602 7394 1895 5884 7395 7396 
1691 4279 433 1408 5236 4280 434 1409 5237 4600 7393 4604 1894 593 5882 1897 5888 4603 7397 1899 5889 7395 4605 7398 1900 5891 7399 7400 
1692 4280 434 1409 5237 4281 435 1410 5238 4603 7397 4607 1899 594 5889 1902 5895 4606 7401 1904 5896 7399 4608 7402 1905 5898 7403 7404 
1693 4281 435 1410 5238 4282 436 1411 5239 4606 7401 4610 1904 595 5896 1907 5902 4609 7405 1909 5903 7403 4611 7406 1910 5905 7407 7408 
1694 4282 436 1411 5239 4283 437 1412 5240 4609 7405 4613 1909 596 5903 1912 5909 4612 7409 1914 5910 7407 4614 7410 1915 5912 7411 7412 
1695 4283 437 1412 5240 4284 438 1413 5241 4612 7409 4616 1914 597 5910 1917 5916 4615 7413 1919 5917 7411 4617 7414 1920 5919 7415 7416 
1696 4284 438 1413 5241 4285 439 1414 5242 4615 7413 4619 1919 598 5917 1922 5923 4618 7417 1924 5924 7415 4620 7418 1925 5926 7419 7420 
1697 4285 439 1414 5242 4286 440 1415 5243 4618 7417 4622 1924 599 5924 1927 5930 4621 7421 1929 5931 7419 4623 7422 1930 5933 7423 7424 
1698 4286 440 1415 5243 4287 441 1416 5244 4621 7421 4625 1929 600 5931 1932 5937 4624 7425 1934 5938 7423 4626 7426 1935 5940 7427 7428 
1699 4287 441 1416 5244 4288 442 1417 5245 4624 7425 4628 1934 601 5938 1937 5944 4627 7429 1939 5945 7427 4629 7430 1940 5947 7431 7432 
1700 4288 442 1417 5245 4289 443 1418 5246 4627 7429 4631 1939 602 5945 1942 5951 4630 7433 1944 5952 7431 4632 7434 1945 5954 7435 7436 
1701 4289 443 1418 5246 4290 444 1419 5247 4630 7433 4634 1944 603 5952 1947 5958 4633 7437 1949 5959 7435 4635 7438 1950 5961 7439 7440 
1702 4290 444 1419 5247 4291 445 1420 5248 4633 7437 4637 1949 604 5959 1952 5965 4636 7441 1954 5966 7439 4638 7442 1955 5968 7443 7444 
1703 4291 445 1420 5248 4292 446 1421 5249 4636 7441 4640 1954 605 5966 1957 5972 4639 7445 1959 5973 7443 4641 7446 1960 5975 7447 7448 
1704 4292 446 1421 5249 4293 447 1422 5250 4639 7445 4643 1959 606 5973 1962 5979 4642 7449 1964 5980 7447 4644 7450 1965 5982 7451 7452 
1705 4293 447 1422 5250 4294 448 1423 5251 4642 7449 4646 1964 607 5980 1967 5986 4645 7453 1969 5987 7451 4647 7454 1970 5989 7455 7456 
1706 4294 448 1423 5251 4295 449 1424 5252 4645 7453 4649 1969 608 5987 1972 5993 4648 7457 1974 5994 7455 4650 7458 1975 5996 7459 7460 
1707 4295 449 1424 5252 4296 450 1425 5253 4648 7457 4652 1974 609 5994 1977 6000 4651 7461 1979 6001 7459 4653 7462 1980 6003 7463 7464 
1708 4296 450 1425 5253 4297 451 1426 5254 4651 7461 4655 1979 610 6001 1982 6007 4654 7465 1984 6008 7463 4656 7466 1985 6010 7467 7468 
1709 4297 451 1426 5254 4298 452 1427 5255 4654 7465 4658 1984 611 6008 1987 6014 4657 7469 1989 6015 7467 4659 7470 1990 6017 7471 7472 
1710 4298 452 1427 5255 4299 453 1428 5256 4657 7469 4661 1989 612 6015 1992 6021 4660 7473 1994 6022 7471 4662 7474 1995 6024 7475 7476 
1711 4299 453 1428 5256 4300 454 1429 5257 4660 7473 4664 1994 613 6022 1997 6028 4663 7477 1999 6029 7475 4665 7478 2000 6031 7479 7480 
1712 4300 454 1429 5257 4301 455 1430 5258 4663 7477 4667 1999 614 6029 2002 6035 4666 7481 2004 6036 7479 4668 7482 2005 6038 7483 7484 
1713 4301 455 1430 5258 4302 456 1431 5259 4666 7481 4670 2004 615 6036 2007 6042 4669 7485 2009 6043 7483 4671 7486 2010 6045 7487 7488 
1714 4302 456 1431 5259 4303 457 1432 5260 4669 7485 4673 2009 616 6043 2012 6049 4672 7489 2014 6050 7487 4674 7490 2015 6052 7491 7492 
1715 4303 457 1432 5260 4304 458 1433 5261 4672 7489 4676 2014 617 6050 2017 6056 4675 7493 2019 6057 7491 4677 7494 2020 6059 7495 7496 
1716 4304 458 1433 5261 4305 459 1434 5262 4675 7493 4679 2019 618 6057 2022 6063 4678 7497 2024 6064 7495 4680 7498 2025 6066 7499 7500 
1717 4305 459 1434 5262 4306 460 1435 5263 4678 7497 4682 2024 619 6064 2027 6070 4681 7501 2029 6071 7499 4683 7502 2030 6073 7503 7504 
1718 4306 460 1435 5263 4307 461 1436 5264 4681 7501 4685 2029 620 6071 2032 6077 4684 7505 2034 6078 7503 4686 7506 2035 6080 7507 7508 
1719 4307 461 1436 5264 4308 462 1437 5265 4684 7505 4688 2034 621 6078 2037 6084 4687 7509 2039 6085 7507 4689 7510 2040 6087 7511 7512 
1720 4308 462 1437 5265 4309 463 1438 5266 4687 7509 4691 2039 622 6085 2042 6091 4690 7513 2044 6092 7511 4692 7514 2045 6094 7515 7516 
1721 4309 463 1438 5266 4310 464 1439 5267 4690 7513 4694 2044 623 6092 2047 6098 4693 7517 2049 6099 7515 4695 7518 2050 6101 7519 7520 
1722 4310 464 1439 5267 4311 465 1440 5268 4693 7517 4697 2049 624 6099 2052 6105 4696 7521 2054 6106 7519 4698 7522 2055 6108 7523 7524 
1723 4311 465 1440 5268 4312 466 1441 5269 4696 7521 4700 2054 625 6106 2057 6112 4699 7525 2059 6113 7523 4701 7526 2060 6115 7527 7528 
1724 4312 466 1441 5269 4313 467 1442 5270 4699 7525 4703 2059 626 6113 2062 6119 4702 7529 2064 6120 7527 4704 7530 2065 6122 7531 7532 
1725 4313 467 1442 5270 4314 468 1443 5271 4702 7529 4706 2064 627 6120 2067 6126 4705 7533 2069 6127 7531 4707 7534 2070 6129 7535 7536 
1726 4314 468 1443 5271 4315 469 1444 5272 4705 7533 4709 2069 628 6127 2072 6133 4708 7537 2074 6134 7535 4710 7538 2075 6136 7539 7540 
1727 4315 469 1444 5272 4316 470 1445 5273 4708 7537 4712 2074 629 6134 2077 6140 4711 7541 2079 6141 7539 4713 7542 2080 6143 7543 7544 
1728 4316 470 1445 5273 4317 471 1446 5274 4711 7541 4715 2079 630 6141 2082 6147 4714 7545 2084 6148 7543 4716 7546 2085 6150 7547 7548 
1729 4317 471 1446 5274 4318 472 1447 5275 4714 7545 4718 2084 631 6148 2087 6154 4717 7549 2089 6155 7547 4719 7550 2090 6157 7551 7552 
1730 4318 472 1447 5275 4319 473 1448 5276 4717 7549 4721 2089 632 6155 2092 6161 4720 7553 2094 6162 7551 4722 7554 2095 6164 7555 7556 
1731 4319 473 1448 5276 4320 474 1449 5277 4720 7553 4724 2094 633 6162 2097 6168 4723 7557 2099 6169 7555 4725 7558 2100 6171 7559 7560 
1732 4320 474 1449 5277 4321 475 1450 5278 4723 7557 4727 2099 634 6169 2102 6175 4726 7561 2104 6176 7559 4728 7562 2105 6178 7563 7564 
1733 4321 475 1450 5278 4322 476 1451 5279 4726 7561 4730 2104 635 6176 2107 6182 4729 7565 2109 6183 7563 4731 7566 2110 6185 7567 7568 
1734 4322 476 1451 5279 4323 477 1452 5280 4729 7565 4733 2109 636 6183 2112 6189 4732 7569 2114 6190 7567 4734 7570 2115 6192 7571 7572 
1735 4323 477 1452 5280 4324 478 1453 5281 4732 7569 4736 2114 637 6190 2117 6196 4735 7573 2119 6197 7571 4737 7574 2120 6199 7575 7576 
1736 4324 478 1453 5281 4325 479 1454 5282 4735 7573 4739 2119 638 6197 2122 6203 4738 7577 2124 6204 7575 4740 7578 2125 6206 7579 7580 
1737 4325 479 1454 5282 4326 480 1455 5283 4738 7577 4742 2124 639 6204 2127 6210 4741 7581 2129 6211 7579 4743 7582 2130 6213 7583 7584 
1738 4326 480 1455 5283 4327 481 1456 5284 4741 7581 4745 2129 640 6211 2132 6217 4744 7585 2134 6218 7583 4746 7586 2135 6220 7587 7588 
1739 4327 481 1456 5284 4328 482 1457 5285 4744 7585 4748 2134 641 6218 2137 6224 4747 7589 2139 6225 7587 4749 7590 2140 6227 7591 7592 
1740 4328 482 1457 5285 4329 483 1458 5286 4747 7589 4751 2139 642 6225 2142 6231 4750 7593 2144 6232 7591 4752 7594 2145 6234 7595 7596 
1741 4329 483 1458 5286 4330 484 1459 5287 4750 7593 4754 2144 643 6232 2147 6238 4753 7597 2149 6239 7595 4755 7598 2150 6241 7599 7600 
1742 4330 484 1459 5287 4331 485 1460 5288 4753 7597 4757 2149 644 6239 2152 6245 4756 7601 2154 6246 7599 4758 7602 2155 6248 7603 7604 
1743 4331 485 1460 5288 4332 486 1461 5289 4756 7601 4760 2154 645 6246 2157 6252 4759 7605 2159 6253 7603 4761 7606 2160 6255 7607 7608 
1744 4332 486 1461 5289 4333 487 1462 5290 4759 7605 4763 2159 646 6253 2162 6259 4762 7609 2164 6260 7607 4764 7610 2165 6262 7611 7612 
1745 4333 487 1462 5290 4334 488 1463 5291 4762 7609 4766 2164 647 6260 2167 6266 4765 7613 2169 6267 7611 4767 7614 2170 6269 7615 7616 
1746 4334 488 1463 5291 4335 489 1464 5292 4765 7613 4769 2169 648 6267 2172 6273 4768 7617 2174 6274 7615 4770 7618 2175 6276 7619 7620 
1747 4335 489 1464 5292 4336 490 1465 5293 4768 7617 4772 2174 649 6274 2177 6280 4771 7621 2179 6281 7619 4773 7622 2180 6283 7623 7624 
1748 4336 490 1465 5293 4337 491 1466 5294 4771 7621 4775 2179 650 6281 2182 6287 4774 7625 2184 6288 7623 4776 7626 2185 6290 7627 7628 
1749 4337 491 1466 5294 4338 492 1467 5295 4774 7625 4778 2184 651 6288 2187 6294 4777 7629 2189 6295 7627 4779 7630 2190 6297 7631 7632 
1750 4338 492 1467 5295 4339 493 1468 5296 4777 7629 4781 2189 652 6295 2192 6301 4780 7633 2194 6302 7631 4782 7634 2195 6304 7635 7636 
1751 4339 493 1468 5296 4340 494 1469 5297 4780 7633 4784 2194 653 6302 2197 6308 4783 7637 2199 6309 7635 4785 7638 2200 6311 7639 7640 
1752 4340 494 1469 5297 4341 495 1470 5298 4783 7637 4787 2199 654 6309 2202 6315 4786 7641 2204 6316 7639 4788 7642 2205 6318 7643 7644 
1753 4341 495 1470 5298 4342 496 1471 5299 4786 7641 4790 2204 655 6316 2207 6322 4789 7645 2209 6323 7643 4791 7646 2210 6325 7647 7648 
1754 4342 496 1471 5299 4343 497 1472 5300 4789 7645 4793 2209 656 6323 2212 6329 4792 7649 2214 6330 7647 4794 7650 2215 6332 7651 7652 
1755 4343 497 1472 5300 4344 498 1473 5301 4792 7649 4796 2214 657 6330 2217 6336 4795 7653 2219 6337 7651 4797 7654 2220 6339 7655 7656 
1756 4344 498 1473 5301 4345 499 1474 5302 4795 7653 4799 2219 658 6337 2222 6343 4798 7657 2224 6344 7655 4800 7658 2225 6346 7659 7660 
1757 4345 499 1474 5302 4346 500 1475 5303 4798 7657 4802 2224 659 6344 2227 6350 4801 7661 2229 6351 7659 4803 7662 2230 6353 7663 7664 
1758 4346 500 1475 5303 4347 501 1476 5304 4801 7661 4805 2229 660 6351 2232 6357 4804 7665 2234 6358 7663 4806 7666 2235 6360 7667 7668 
1759 4347 501 1476 5304 4348 502 1477 5305 4804 7665 4808 2234 661 6358 2237 6364 4807 7669 2239 6365 7667 4809 7670 2240 6367 7671 7672 
1760 4348 502 1477 5305 4349 503 1478 5306 4807 7669 4811 2239 662 6365 2242 6371 4810 7673 2244 6372 7671 4812 7674 2245 6374 7675 7676 
1761 4349 503 1478 5306 4350 504 1479 5307 4810 7673 4814 2244 663 6372 2247 6378 4813 7677 2249 6379 7675 4815 7678 2250 6381 7679 7680 
1762 4350 504 1479 5307 4351 505 1480 5308 4813 7677 4817 2249 664 6379 2252 6385 4816 7681 2254 6386 7679 4818 7682 2255 6388 7683 7684 
1763 4351 505 1480 5308 4352 506 1481 5309 4816 7681 4820 2254 665 6386 2257 6392 4819 7685 2259 6393 7683 4821 7686 2260 6395 7687 7688 
1764 4352 506 1481 5309 4353 507 1482 5310 4819 7685 4823 2259 666 6393 2262 6399 4822 7689 2264 6400 7687 4824 7690 2265 6402 7691 7692 
1765 4353 507 1482 5310 4354 508 1483 5311 4822 7689 4826 2264 667 6400 2267 6406 4825 7693 2269 6407 7691 4827 7694 2270 6409 7695 7696 
1766 4354 508 1483 5311 4355 509 1484 5312 4825 7693 4829 2269 668 6407 2272 6413 4828 7697 2274 6414 7695 4830 7698 2275 6416 7699 7700 
1767 4355 509 1484 5312 4356 510 1485 5313 4828 7697 4832 2274 669 6414 2277 6420 4831 7701 2279 6421 7699 4833 7702 2280 6423 7703 7704 
1768 4356 510 1485 5313 24 5 21 1318 4831 7701 4834 2279 670 6421 2281 6427 25 1324 23 1320 7703 4835 7705 2283 6428 1325 7706 
1769 3 12 1309 15 990 4198 5155 2284 14 17 1149 1315 4358 1313 5314 2443 4836 2446 7069 6431 1317 4837 2447 7070 6432 7707 7708 
1770 990 4198 5155 2284 991 4199 5156 2285 4836 2446 1150 7069 4361 6431 5321 2448 4838 2451 7073 6435 7707 4839 2452 7074 6436 7709 7710 
1771 991 4199 5156 2285 992 4200 5157 2286 4838 2451 1151 7073 4364 6435 5328 2453 4840 2456 7077 6439 7709 4841 2457 7078 6440 7711 7712 
1772 992 4200 5157 2286 993 4201 5158 2287 4840 2456 1152 7077 4367 6439 5335 2458 4842 2461 7081 6443 7711 4843 2462 7082 6444 7713 7714 
1773 993 4201 5158 2287 994 4202 5159 2288 4842 2461 1153 7081 4370 6443 5342 2463 4844 2466 7085 6447 7713 4845 2467 7086 6448 7715 7716 
1774 994 4202 5159 2288 995 4203 5160 2289 4844 2466 1154 7085 4373 6447 5349 2468 4846 2471 7089 6451 7715 4847 2472 7090 6452 7717 7718 
1775 995 4203 5160 2289 996 4204 5161 2290 4846 2471 1155 7089 4376 6451 5356 2473 4848 2476 7093 6455 7717 4849 2477 7094 6456 7719 7720 
1776 996 4204 5161 2290 997 4205 5162 2291 4848 2476 1156 7093 4379 6455 5363 2478 4850 2481 7097 6459 7719 4851 2482 7098 6460 7721 7722 
1777 997 4205 5162 2291 998 4206 5163 2292 4850 2481 1157 7097 4382 6459 5370 2483 4852 2486 7101 6463 7721 4853 2487 7102 6464 7723 7724 
1778 998 4206 5163 2292 999 4207 5164 2293 4852 2486 1158 7101 4385 6463 5377 2488 4854 2491 7105 6467 7723 4855 2492 7106 6468 7725 7726 
1779 999 4207 5164 2293 1000 4208 5165 2294 4854 2491 1159 7105 4388 6467 5384 2493 4856 2496 7109 6471 7725 4857 2497 7110 6472 7727 7728 
1780 1000 4208 5165 2294 1001 4209 5166 2295 4856 2496 1160 7109 4391 6471 5391 2498 4858 2501 7113 6475 7727 4859 2502 7114 6476 7729 7730 
1781 1001 4209 5166 2295 1002 4210 5167 2296 4858 2501 1161 7113 4394 6475 5398 2503 4860 2506 7117 6479 7729 4861 2507 7118 6480 7731 7732 
1782 1002 4210 5167 2296 1003 4211 5168 2297 4860 2506 1162 7117 4397 6479 5405 2508 4862 2511 7121 6483 7731 4863 2512 7122 6484 7733 7734 
1783 1003 4211 5168 2297 1004 4212 5169 2298 4862 2511 1163 7121 4400 6483 5412 2513 4864 2516 7125 6487 7733 4865 2517 7126 6488 7735 7736 
1784 1004 4212 5169 2298 1005 4213 5170 2299 4864 2516 1164 7125 4403 6487 5419 2518 4866 2521 7129 6491 7735 4867 2522 7130 6492 7737 7738 
1785 1005 4213 5170 2299 1006 4214 5171 2300 4866 2521 1165 7129 4406 6491 5426 2523 4868 2526 7133 6495 7737 4869 2527 7134 6496 7739 7740 
1786 1006 4214 5171 2300 1007 4215 5172 2301 4868 2526 1166 7133 4409 6495 5433 2528 4870 2531 7137 6499 7739 4871 2532 7138 6500 7741 7742 
1787 1007 4215 5172 2301 1008 4216 5173 2302 4870 2531 1167 7137 4412 6499 5440 2533 4872 2536 7141 6503 7741 4873 2537 7142 6504 7743 7744 
1788 1008 4216 5173 2302 1009 4217 5174 2303 4872 2536 1168 7141 4415 6503 5447 2538 4874 2541 7145 6507 7743 4875 2542 7146 6508 7745 7746 
1789 1009 4217 5174 2303 1010 4218 5175 2304 4874 2541 1169 7145 4418 6507 5454 2543 4876 2546 7149 6511 7745 4877 2547 7150 6512 7747 7748 
1790 1010 4218 5175 2304 1011 4219 5176 2305 4876 2546 1170 7149 4421 6511 5461 2548 4878 2551 7153 6515 7747 4879 2552 7154 6516 7749 7750 
1791 1011 4219 5176 2305 1012 4220 5177 2306 4878 2551 1171 7153 4424 6515 5468 2553 4880 2556 7157 6519 7749 4881 2557 7158 6520 7751 7752 
1792 1012 4220 5177 2306 1013 4221 5178 2307 4880 2556 1172 7157 4427 6519 5475 2558 4882 2561 7161 6523 7751 4883 2562 7162 6524 7753 7754 
1793 1013 4221 5178 2307 1014 4222 5179 2308 4882 2561 1173 7161 4430 6523 5482 2563 4884 2566 7165 6527 7753 4885 2567 7166 6528 7755 7756 
1794 1014 4222 5179 2308 1015 4223 5180 2309 4884 2566 1174 7165 4433 6527 5489 2568 4886 2571 7169 6531 7755 4887 2572 7170 6532 7757 7758 
1795 1015 4223 5180 2309 1016 4224 5181 2310 4886 2571 1175 7169 4436 6531 5496 2573 4888 2576 7173 6535 7757 4889 2577 7174 6536 7759 7760 
1796 1016 4224 5181 2310 1017 4225 5182 2311 4888 2576 1176 7173 4439 6535 5503 2578 4890 2581 7177 6539 7759 4891 2582 7178 6540 7761 7762 
1797 1017 4225 5182 2311 1018 4226 5183 2312 4890 2581 1177 7177 4442 6539 5510 2583 4892 2586 7181 6543 7761 4893 2587 7182 6544 7763 7764 
1798 1018 4226 5183 2312 1019 4227 5184 2313 4892 2586 1178 7181 4445 6543 5517 2588 4894 2591 7185 6547 7763 4895 2592 7186 6548 7765 7766 
1799 1019 4227 5184 2313 1020 4228 5185 2314 4894 2591 1179 7185 4448 6547 5524 2593 4896 2596 7189 6551 7765 4897 2597 7190 6552 7767 7768 
1800 1020 4228 5185 2314 1021 4229 5186 2315 4896 2596 1180 7189 4451 6551 5531 2598 4898 2601 7193 6555 7767 4899 2602 7194 6556 7769 7770 
1801 1021 4229 5186 2315 1022 4230 5187 2316 4898 2601 1181 7193 4454 6555 5538 2603 4900 2606 7197 6559 7769 4901 2607 7198 6560 7771 7772 
1802 1022 4230 5187 2316 1023 4231 5188 2317 4900 2606 1182 7197 4457 6559 5545 2608 4902 2611 7201 6563 7771 4903 2612 7202 6564 7773 7774 
1803 1023 4231 5188 2317 1024 4232 5189 2318 4902 2611 1183 7201 4460 6563 5552 2613 4904 2616 7205 6567 7773 4905 2617 7206 6568 7775 7776 
1804 1024 4232 5189 2318 1025 4233 5190 2319 4904 2616 1184 7205 4463 6567 5559 2618 4906 2621 7209 6571 7775 4907 2622 7210 6572 7777 7778 
1805 1025 4233 5190 2319 1026 4234 5191 2320 4906 2621 1185 7209 4466 6571 5566 2623 4908 2626 7213 6575 7777 4909 2627 7214 6576 7779 7780 
1806 1026 4234 5191 2320 1027 4235 5192 2321 4908 2626 1186 7213 4469 6575 5573 2628 4910 2631 7217 6579 7779 4911 2632 7218 6580 7781 7782 
1807 1027 4235 5192 2321 1028 4236 5193 2322 4910 2631 1187 7217 4472 6579 5580 2633 4912 2636 7221 6583 7781 4913 2637 7222 6584 7783 7784 
1808 1028 4236 5193 2322 1029 4237 5194 2323 4912 2636 1188 7221 4475 6583 5587 2638 4914 2641 7225 6587 7783 4915 2642 7226 6588 7785 7786 
1809 1029 4237 5194 2323 1030 4238 5195 2324 4914 2641 1189 7225 4478 6587 5594 2643 4916 2646 7229 6591 7785 4917 2647 7230 6592 7787 7788 
1810 1030 4238 5195 2324 1031 4239 5196 2325 4916 2646 1190 7229 4481 6591 5601 2648 4918 2651 7233 6595 7787 4919 2652 7234 6596 7789 7790 
1811 1031 4239 5196 2325 1032 4240 5197 2326 4918 2651 1191 7233 4484 6595 5608 2653 4920 2656 7237 6599 7789 4921 2657 7238 6600 7791 7792 
1812 1032 4240 5197 2326 1033 4241 5198 2327 4920 2656 1192 7237 4487 6599 5615 2658 4922 2661 7241 6603 7791 4923 2662 7242 6604 7793 7794 
1813 1033 4241 5198 2327 1034 4242 5199 2328 4922 2661 1193 7241 4490 6603 5622 2663 4924 2666 7245 6607 7793 4925 2667 7246 6608 7795 7796 
1814 1034 4242 5199 2328 1035 4243 5200 2329 4924 2666 1194 7245 4493 6607 5629 2668 4926 2671 7249 6611 7795 4927 2672 7250 6612 7797 7798 
1815 1035 4243 5200 2329 1036 4244 5201 2330 4926 2671 1195 7249 4496 6611 5636 2673 4928 2676 7253 6615 7797 4929 2677 7254 6616 7799 7800 
1816 1036 4244 5201 2330 1037 4245 5202 2331 4928 2676 1196 7253 4499 6615 5643 2678 4930 2681 7257 6619 7799 4931 2682 7258 6620 7801 7802 
1817 1037 4245 5202 2331 1038 4246 5203 2332 4930 2681 1197 7257 4502 6619 5650 2683 4932 2686 7261 6623 7801 4933 2687 7262 6624 7803 7804 
1818 1038 4246 5203 2332 1039 4247 5204 2333 4932 2686 1198 7261 4505 6623 5657 2688 4934 2691 7265 6627 7803 4935 2692 7266 6628 7805 7806 
1819 1039 4247 5204 2333 1040 4248 5205 2334 4934 2691 1199 7265 4508 6627 5664 2693 4936 2696 7269 6631 7805 4937 2697 7270 6632 7807 7808 
1820 1040 4248 5205 2334 1041 4249 5206 2335 4936 2696 1200 7269 4511 6631 5671 2698 4938 2701 7273 6635 7807 4939 2702 7274 6636 7809 7810 
1821 1041 4249 5206 2335 1042 4250 5207 2336 4938 2701 1201 7273 4514 6635 5678 2703 4940 2706 7277 6639 7809 4941 2707 7278 6640 7811 7812 
1822 1042 4250 5207 2336 1043 4251 5208 2337 4940 2706 1202 7277 4517 6639 5685 2708 4942 2711 7281 6643 7811 4943 2712 7282 6644 7813 7814 
1823 1043 4251 5208 2337 1044 4252 5209 2338 4942 2711 1203 7281 4520 6643 5692 2713 4944 2716 7285 6647 7813 4945 2717 7286 6648 7815 7816 
1824 1044 4252 5209 2338 1045 4253 5210 2339 4944 2716 1204 7285 4523 6647 5699 2718 4946 2721 7289 6651 7815 4947 2722 7290 6652 7817 7818 
1825 1045 4253 5210 2339 1046 4254 5211 2340 4946 2721 1205 7289 4526 6651 5706 2723 4948 2726 7293 6655 7817 4949 2727 7294 6656 7819 7820 
1826 1046 4254 5211 2340 1047 4255 5212 2341 4948 2726 1206 7293 4529 6655 5713 2728 4950 2731 7297 6659 7819 4951 2732 7298 6660 7821 7822 
1827 1047 4255 5212 2341 1048 4256 5213 2342 4950 2731 1207 7297 4532 6659 5720 2733 4952 2736 7301 6663 7821 4953 2737 7302 6664 7823 7824 
1828 1048 4256 5213 2342 1049 4257 5214 2343 4952 2736 1208 7301 4535 6663 5727 2738 4954 2741 7305 6667 7823 4955 2742 7306 6668 7825 7826 
1829 1049 4257 5214 2343 1050 4258 5215 2344 4954 2741 1209 7305 4538 6667 5734 2743 4956 2746 7309 6671 7825 4957 2747 7310 6672 7827 7828 
1830 1050 4258 5215 2344 1051 4259 5216 2345 4956 2746 1210 7309 4541 6671 5741 2748 4958 2751 7313 6675 7827 4959 2752 7314 6676 7829 7830 
1831 1051 4259 5216 2345 1052 4260 5217 2346 4958 2751 1211 7313 4544 6675 5748 2753 4960 2756 7317 6679 7829 4961 2757 7318 6680 7831 7832 
1832 1052 4260 5217 2346 1053 4261 5218 2347 4960 2756 1212 7317 4547 6679 5755 2758 4962 2761 7321 6683 7831 4963 2762 7322 6684 7833 7834 
1833 1053 4261 5218 2347 1054 4262 5219 2348 4962 2761 1213 7321 4550 6683 5762 2763 4964 2766 7325 6687 7833 4965 2767 7326 6688 7835 7836 
1834 1054 4262 5219 2348 1055 4263 5220 2349 4964 2766 1214 7325 4553 6687 5769 2768 4966 2771 7329 6691 7835 4967 2772 7330 6692 7837 7838 
1835 1055 4263 5220 2349 1056 4264 5221 2350 4966 2771 1215 7329 4556 6691 5776 2773 4968 2776 7333 6695 7837 4969 2777 7334 6696 7839 7840 
1836 1056 4264 5221 2350 1057 4265 5222 2351 4968 2776 1216 7333 4559 6695 5783 2778 4970 2781 7337 6699 7839 4971 2782 7338 6700 7841 7842 
1837 1057 4265 5222 2351 1058 4266 5223 2352 4970 2781 1217 7337 4562 6699 5790 2783 4972 2786 7341 6703 7841 4973 2787 7342 6704 7843 7844 
1838 1058 4266 5223 2352 1059 4267 5224 2353 4972 2786 1218 7341 4565 6703 5797 2788 4974 2791 7345 6707 7843 4975 2792 7346 6708 7845 7846 
1839 1059 4267 5224 2353 1060 4268 5225 2354 4974 2791 1219 7345 4568 6707 5804 2793 4976 2796 7349 6711 7845 4977 2797 7350 6712 7847 7848 
1840 1060 4268 5225 2354 1061 4269 5226 2355 4976 2796 1220 7349 4571 6711 5811 2798 4978 2801 7353 6715 7847 4979 2802 7354 6716 7849 7850 
1841 1061 4269 5226 2355 1062 4270 5227 2356 4978 2801 1221 7353 4574 6715 5818 2803 4980 2806 7357 6719 7849 4981 2807 7358 6720 7851 7852 
1842 1062 4270 5227 2356 1063 4271 5228 2357 4980 2806 1222 7357 4577 6719 5825 2808 4982 2811 7361 6723 7851 4983 2812 7362 6724 7853 7854 
1843 1063 4271 5228 2357 1064 4272 5229 2358 4982 2811 1223 7361 4580 6723 5832 2813 4984 2816 7365 6727 7853 4985 2817 7366 6728 7855 7856 
1844 1064 4272 5229 2358 1065 4273 5230 2359 4984 2816 1224 7365 4583 6727 5839 2818 4986 2821 7369 6731 7855 4987 2822 7370 6732 7857 7858 
1845 1065 4273 5230 2359 1066 4274 5231 2360 4986 2821 1225 7369 4586 6731 5846 2823 4988 2826 7373 6735 7857 4989 2827 7374 6736 7859 7860 
1846 1066 4274 5231 2360 1067 4275 5232 2361 4988 2826 1226 7373 4589 6735 5853 2828 4990 2831 7377 6739 7859 4991 2832 7378 6740 7861 7862 
1847 1067 4275 5232 2361 1068 4276 5233 2362 4990 2831 1227 7377 4592 6739 5860 2833 4992 2836 7381 6743 7861 4993 2837 7382 6744 7863 7864 
1848 1068 4276 5233 2362 1069 4277 5234 2363 4992 2836 1228 7381 4595 6743 5867 2838 4994 2841 7385 6747 7863 4995 2842 7386 6748 7865 7866 
1849 1069 4277 5234 2363 1070 4278 5235 2364 4994 2841 1229 7385 4598 6747 5874 2843 4996 2846 7389 6751 7865 4997 2847 7390 6752 7867 7868 
1850 1070 4278 5235 2364 1071 4279 5236 2365 4996 2846 1230 7389 4601 6751 5881 2848 4998 2851 7393 6755 7867 4999 2852 7394 6756 7869 7870 
1851 1071 4279 5236 2365 1072 4280 5237 2366 4998 2851 1231 7393 4604 6755 5888 2853 5000 2856 7397 6759 7869 5001 2857 7398 6760 7871 7872 
1852 1072 4280 5237 2366 1073 4281 5238 2367 5000 2856 1232 7397 4607 6759 5895 2858 5002 2861 7401 6763 7871 5003 2862 7402 6764 7873 7874 
1853 1073 4281 5238 2367 1074 4282 5239 2368 5002 2861 1233 7401 4610 6763 5902 2863 5004 2866 7405 6767 7873 5005 2867 7406 6768 7875 7876 
1854 1074 4282 5239 2368 1075 4283 5240 2369 5004 2866 1234 7405 4613 6767 5909 2868 5006 2871 7409 6771 7875 5007 2872 7410 6772 7877 7878 
1855 1075 4283 5240 2369 1076 4284 5241 2370 5006 2871 1235 7409 4616 6771 5916 2873 5008 2876 7413 6775 7877 5009 2877 7414 6776 7879 7880 
1856 1076 4284 5241 2370 1077 4285 5242 2371 5008 2876 1236 7413 4619 6775 5923 2878 5010 2881 7417 6779 7879 5011 2882 7418 6780 7881 7882 
1857 1077 4285 5242 2371 1078 4286 5243 2372 5010 2881 1237 7417 4622 6779 5930 2883 5012 2886 7421 6783 7881 5013 2887 7422 6784 7883 7884 
1858 1078 4286 5243 2372 1079 4287 5244 2373 5012 2886 1238 7421 4625 6783 5937 2888 5014 2891 7425 6787 7883 5015 2892 7426 6788 7885 7886 
1859 1079 4287 5244 2373 1080 4288 5245 2374 5014 2891 1239 7425 4628 6787 5944 2893 5016 2896 7429 6791 7885 5017 2897 7430 6792 7887 7888 
1860 1080 4288 5245 2374 1081 4289 5246 2375 5016 2896 1240 7429 4631 6791 5951 2898 5018 2901 7433 6795 7887 5019 2902 7434 6796 7889 7890 
1861 1081 4289 5246 2375 1082 4290 5247 2376 5018 2901 1241 7433 4634 6795 5958 2903 5020 2906 7437 6799 7889 5021 2907 7438 6800 7891 7892 
1862 1082 4290 5247 2376 1083 4291 5248 2377 5020 2906 1242 7437 4637 6799 5965 2908 5022 2911 7441 6803 7891 5023 2912 7442 6804 7893 7894 
1863 1083 4291 5248 2377 1084 4292 5249 2378 5022 2911 1243 7441 4640 6803 5972 2913 5024 2916 7445 6807 7893 5025 2917 7446 6808 7895 7896 
1864 1084 4292 5249 2378 1085 4293 5250 2379 5024 2916 1244 7445 4643 6807 5979 2918 5026 2921 7449 6811 7895 5027 2922 7450 6812 7897 7898 
1865 1085 4293 5250 2379 1086 4294 5251 2380 5026 2921 1245 7449 4646 6811 5986 2923 5028 2926 7453 6815 7897 5029 2927 7454 6816 7899 7900 
1866 1086 4294 5251 2380 1087 4295 5252 2381 5028 2926 1246 7453 4649 6815 5993 2928 5030 2931 7457 6819 7899 5031 2932 7458 6820 7901 7902 
1867 1087 4295 5252 2381 1088 4296 5253 2382 5030 2931 1247 7457 4652 6819 6000 2933 5032 2936 7461 6823 7901 5033 2937 7462 6824 7903 7904 
1868 1088 4296 5253 2382 1089 4297 5254 2383 5032 2936 1248 7461 4655 6823 6007 2938 5034 2941 7465 6827 7903 5035 2942 7466 6828 7905 7906 
1869 1089 4297 5254 2383 1090 4298 5255 2384 5034 2941 1249 7465 4658 6827 6014 2943 5036 2946 7469 6831 7905 5037 2947 7470 6832 7907 7908 
1870 1090 4298 5255 2384 1091 4299 5256 2385 5036 2946 1250 7469 4661 6831 6021 2948 5038 2951 7473 6835 7907 5039 2952 7474 6836 7909 7910 
1871 1091 4299 5256 2385 1092 4300 5257 2386 5038 2951 1251 7473 4664 6835 6028 2953 5040 2956 7477 6839 7909 5041 2957 7478 6840 7911 7912 
1872 1092 4300 5257 2386 1093 4301 5258 2387 5040 2956 1252 7477 4667 6839 6035 2958 5042 2961 7481 6843 7911 5043 2962 7482 6844 7913 7914 
1873 1093 4301 5258 2387 1094 4302 5259 2388 5042 2961 1253 7481 4670 6843 6042 2963 5044 2966 7485 6847 7913 5045 2967 7486 6848 7915 7916 
1874 1094 4302 5259 2388 1095 4303 5260 2389 5044 2966 1254 7485 4673 6847 6049 2968 5046 2971 7489 6851 7915 5047 2972 7490 6852 7917 7918 
1875 1095 4303 5260 2389 1096 4304 5261 2390 5046 2971 1255 7489 4676 6851 6056 2973 5048 2976 7493 6855 7917 5049 2977 7494 6856 7919 7920 
1876 1096 4304 5261 2390 1097 4305 5262 2391 5048 2976 1256 7493 4679 6855 6063 2978 5050 2981 7497 6859 7919 5051 2982 7498 6860 7921 7922 
1877 1097 4305 5262 2391 1098 4306 5263 2392 5050 2981 1257 7497 4682 6859 6070 2983 5052 2986 7501 6863 7921 5053 2987 7502 6864 7923 7924 
1878 1098 4306 5263 2392 1099 4307 5264 2393 5052 2986 1258 7501 4685 6863 6077 2988 5054 2991 7505 6867 7923 5055 2992 7506 6868 7925 7926 
1879 1099 4307 5264 2393 1100 4308 5265 2394 5054 2991 1259 7505 4688 6867 6084 2993 5056 2996 7509 6871 7925 5057 2997 7510 6872 7927 7928 
1880 1100 4308 5265 2394 1101 4309 5266 2395 5056 2996 1260 7509 4691 6871 6091 2998 5058 3001 7513 6875 7927 5059 3002 7514 6876 7929 7930 
1881 1101 4309 5266 2395 1102 4310 5267 2396 5058 3001 1261 7513 4694 6875 6098 3003 5060 3006 7517 6879 7929 5061 3007 7518 6880 7931 7932 
1882 1102 4310 5267 2396 1103 4311 5268 2397 5060 3006 1262 7517 4697 6879 6105 3008 5062 3011 7521 6883 7931 5063 3012 7522 6884 7933 7934 
1883 1103 4311 5268 2397 1104 4312 5269 2398 5062 3011 1263 7521 4700 6883 6112 3013 5064 3016 7525 6887 7933 5065 3017 7526 6888 7935 7936 
1884 1104 4312 5269 2398 1105 4313 5270 2399 5064 3016 1264 7525 4703 6887 6119 3018 5066 3021 7529 6891 7935 5067 3022 7530 6892 7937 7938 
1885 1105 4313 5270 2399 1106 4314 5271 2400 5066 3021 1265 7529 4706 6891 6126 3023 5068 3026 7533 6895 7937 5069 3027 7534 6896 7939 7940 
1886 1106 4314 5271 2400 1107 4315 5272 2401 5068 3026 1266 7533 4709 6895 6133 3028 5070 3031 7537 6899 7939 5071 3032 7538 6900 7941 7942 
1887 1107 4315 5272 2401 1108 4316 5273 2402 5070 3031 1267 7537 4712 6899 6140 3033 5072 3036 7541 6903 7941 5073 3037 7542 6904 7943 7944 
1888 1108 4316 5273 2402 1109 4317 5274 2403 5072 3036 1268 7541 4715 6903 6147 3038 5074 3041 7545 6907 7943 5075 3042 7546 6908 7945 7946 
1889 1109 4317 5274 2403 1110 4318 5275 2404 5074 3041 1269 7545 4718 6907 6154 3043 5076 3046 7549 6911 7945 5077 3047 7550 6912 7947 7948 
1890 1110 4318 5275 2404 1111 4319 5276 2405 5076 3046 1270 7549 4721 6911 6161 3048 5078 3051 7553 6915 7947 5079 3052 7554 6916 7949 7950 
1891 1111 4319 5276 2405 1112 4320 5277 2406 5078 3051 1271 7553 4724 6915 6168 3053 5080 3056 7557 6919 7949 5081 3057 7558 6920 7951 7952 
1892 1112 4320 5277 2406 1113 4321 5278 2407 5080 3056 1272 7557 4727 6919 6175 3058 5082 3061 7561 6923 7951 5083 3062 7562 6924 7953 7954 
1893 1113 4321 5278 2407 1114 4322 5279 2408 5082 3061 1273 7561 4730 6923 6182 3063 5084 3066 7565 6927 7953 5085 3067 7566 6928 7955 7956 
1894 1114 4322 5279 2408 1115 4323 5280 2409 5084 3066 1274 7565 4733 6927 6189 3068 5086 3071 7569 6931 7955 5087 3072 7570 6932 7957 7958 
1895 1115 4323 5280 2409 1116 4324 5281 2410 5086 3071 1275 7569 4736 6931 6196 3073 5088 3076 7573 6935 7957 5089 3077 7574 6936 7959 7960 
1896 1116 4324 5281 2410 1117 4325 5282 2411 5088 3076 1276 7573 4739 6935 6203 3078 5090 3081 7577 6939 7959 5091 3082 7578 6940 7961 7962 
1897 1117 4325 5282 2411 1118 4326 5283 2412 5090 3081 1277 7577 4742 6939 6210 3083 5092 3086 7581 6943 7961 5093 3087 7582 6944 7963 7964 
1898 1118 4326 5283 2412 1119 4327 5284 2413 5092 3086 1278 7581 4745 6943 6217 3088 5094 3091 7585 6947 7963 5095 3092 7586 6948 7965 7966 
1899 1119 4327 5284 2413 1120 4328 5285 2414 5094 3091 1279 7585 4748 6947 6224 3093 5096 3096 7589 6951 7965 5097 3097 7590 6952 7967 7968 
1900 1120 4328 5285 2414 1121 4329 5286 2415 5096 3096 1280 7589 4751 6951 6231 3098 5098 3101 7593 6955 7967 5099 3102 7594 6956 7969 7970 
1901 1121 4329 5286 2415 1122 4330 5287 2416 5098 3101 1281 7593 4754 6955 6238 3103 5100 3106 7597 6959 7969 5101 3107 7598 6960 7971 7972 
1902 1122 4330 5287 2416 1123 4331 5288 2417 5100 3106 1282 7597 4757 6959 6245 3108 5102 3111 7601 6963 7971 5103 3112 7602 6964 7973 7974 
1903 1123 4331 5288 2417 1124 4332 5289 2418 5102 3111 1283 7601 4760 6963 6252 3113 5104 3116 7605 6967 7973 5105 3117 7606 6968 7975 7976 
1904 1124 4332 5289 2418 1125 4333 5290 2419 5104 3116 1284 7605 4763 6967 6259 3118 5106 3121 7609 6971 7975 5107 3122 7610 6972 7977 7978 
1905 1125 4333 5290 2419 1126 4334 5291 2420 5106 3121 1285 7609 4766 6971 6266 3123 5108 3126 7613 6975 7977 5109 3127 7614 6976 7979 7980 
1906 1126 4334 5291 2420 1127 4335 5292 2421 5108 3126 1286 7613 4769 6975 6273 3128 5110 3131 7617 6979 7979 5111 3132 7618 6980 7981 7982 
1907 1127 4335 5292 2421 1128 4336 5293 2422 5110 3131 1287 7617 4772 6979 6280 3133 5112 3136 7621 6983 7981 5113 3137 7622 6984 7983 7984 
1908 1128 4336 5293 2422 1129 4337 5294 2423 5112 3136 1288 7621 4775 6983 6287 3138 5114 3141 7625 6987 7983 5115 3142 7626 6988 7985 7986 
1909 1129 4337 5294 2423 1130 4338 5295 2424 5114 3141 1289 7625 4778 6987 6294 3143 5116 3146 7629 6991 7985 5117 3147 7630 6992 7987 7988 
1910 1130 4338 5295 2424 1131 4339 5296 2425 5116 3146 1290 7629 4781 6991 6301 3148 5118 3151 7633 6995 7987 5119 3152 7634 6996 7989 7990 
1911 1131 4339 5296 2425 1132 4340 5297 2426 5118 3151 1291 7633 4784 6995 6308 3153 5120 3156 7637 6999 7989 5121 3157 7638 7000 7991 7992 
1912 1132 4340 5297 2426 1133 4341 5298 2427 5120 3156 1292 7637 4787 6999 6315 3158 5122 3161 7641 7003 7991 5123 3162 7642 7004 7993 7994 
1913 1133 4341 5298 2427 1134 4342 5299 2428 5122 3161 1293 7641 4790 7003 6322 3163 5124 3166 7645 7007 7993 5125 3167 7646 7008 7995 7996 
1914 1134 4342 5299 2428 1135 4343 5300 2429 5124 3166 1294 7645 4793 7007 6329 3168 5126 3171 7649 7011 7995 5127 3172 7650 7012 7997 7998 
1915 1135 4343 5300 2429 1136 4344 5301 2430 5126 3171 1295 7649 4796 7011 6336 3173 5128 3176 7653 7015 7997 5129 3177 7654 7016 7999 8000 
1916 1136 4344 5301 2430 1137 4345 5302 2431 5128 3176 1296 7653 4799 7015 6343 3178 5130 3181 7657 7019 7999 5131 3182 7658 7020 8001 8002 
1917 1137 4345 5302 2431 1138 4346 5303 2432 5130 3181 1297 7657 4802 7019 6350 3183 5132 3186 7661 7023 8001 5133 3187 7662 7024 8003 8004 
1918 1138 4346 5303 2432 1139 4347 5304 2433 5132 3186 1298 7661 4805 7023 6357 3188 5134 3191 7665 7027 8003 5135 3192 7666 7028 8005 8006 
1919 1139 4347 5304 2433 1140 4348 5305 2434 5134 3191 1299 7665 4808 7027 6364 3193 5136 3196 7669 7031 8005 5137 3197 7670 7032 8007 8008 
1920 1140 4348 5305 2434 1141 4349 5306 2435 5136 3196 1300 7669 4811 7031 6371 3198 5138 3201 7673 7035 8007 5139 3202 7674 7036 8009 8010 
1921 1141 4349 5306 2435 1142 4350 5307 2436 5138 3201 1301 7673 4814 7035 6378 3203 5140 3206 7677 7039 8009 5141 3207 7678 7040 8011 8012 
1922 1142 4350 5307 2436 1143 4351 5308 2437 5140 3206 1302 7677 4817 7039 6385 3208 5142 3211 7681 7043 8011 5143 3212 7682 7044 8013 8014 
1923 1143 4351 5308 2437 1144 4352 5309 2438 5142 3211 1303 7681 4820 7043 6392 3213 5144 3216 7685 7047 8013 5145 3217 7686 7048 8015 8016 
1924 1144 4352 5309 2438 1145 4353 5310 2439 5144 3216 1304 7685 4823 7047 6399 3218 5146 3221 7689 7051 8015 5147 3222 7690 7052 8017 8018 
1925 1145 4353 5310 2439 1146 4354 5311 2440 5146 3221 1305 7689 4826 7051 6406 3223 5148 3226 7693 7055 8017 5149 3227 7694 7056 8019 8020 
1926 1146 4354 5311 2440 1147 4355 5312 2441 5148 3226 1306 7693 4829 7055 6413 3228 5150 3231 7697 7059 8019 5151 3232 7698 7060 8021 8022 
1927 1147 4355 5312 2441 1148 4356 5313 2442 5150 3231 1307 7697 4832 7059 6420 3233 5152 3236 7701 7063 8021 5153 3237 7702 7064 8023 8024 
1928 1148 4356 5313 2442 7 24 1318 27 5152 3236 1308 7701 4834 7063 6427 3238 26 29 1324 1322 8023 5154 3240 7705 7067 1326 8025 
$EndElements
