$MeshFormat
4.1 0 8
$EndMeshFormat
$PhysicalNames
3
2 2 "Dirichlet"
2 3 "FreeSurface"
3 1 "Volume"
$EndPhysicalNames
$Entities
8 12 6 1
1 0 0 24 0 
2 0 0 0 0 
3 0 10 24 0 
4 0 10 0 0 
5 1000 0 24 0 
6 1000 0 0 0 
7 1000 10 24 0 
8 1000 10 0 0 
1 -1e-07 -1e-07 -9.99999993922529e-08 1e-07 1e-07 24.0000001 0 2 2 -1 
2 -1e-07 -1.000000002804313e-07 23.9999999 1e-07 10.0000001 24.0000001 0 2 1 -3 
3 -1e-07 9.999999900000001 -9.99999993922529e-08 1e-07 10.0000001 24.0000001 0 2 4 -3 
4 -1e-07 -1.000000002804313e-07 -1e-07 1e-07 10.0000001 1e-07 0 2 2 -4 
5 999.9999999 -1e-07 -9.99999993922529e-08 1000.0000001 1e-07 24.0000001 0 2 6 -5 
6 999.9999999 -1.000000002804313e-07 23.9999999 1000.0000001 10.0000001 24.0000001 0 2 5 -7 
7 999.9999999 9.999999900000001 -9.99999993922529e-08 1000.0000001 10.0000001 24.0000001 0 2 8 -7 
8 999.9999999 -1.000000002804313e-07 -1e-07 1000.0000001 10.0000001 1e-07 0 2 6 -8 
9 -1.000000224848918e-07 -1e-07 -1e-07 1000.0000001 1e-07 1e-07 0 2 2 -6 
10 -1.000000224848918e-07 -1e-07 23.9999999 1000.0000001 1e-07 24.0000001 0 2 1 -5 
11 -1.000000224848918e-07 9.999999900000001 -1e-07 1000.0000001 10.0000001 1e-07 0 2 4 -8 
12 -1.000000224848918e-07 9.999999900000001 23.9999999 1000.0000001 10.0000001 24.0000001 0 2 3 -7 
1 -1e-07 -1.000000002804313e-07 -9.99999993922529e-08 1e-07 10.0000001 24.0000001 1 2 4 -1 4 3 -2 
2 999.9999999 -1.000000002804313e-07 -9.99999993922529e-08 1000.0000001 10.0000001 24.0000001 1 2 4 -5 8 7 -6 
3 -1.000000224848918e-07 -1e-07 -9.99999993922529e-08 1000.0000001 1e-07 24.0000001 1 3 4 -9 1 10 -5 
4 -1.000000224848918e-07 9.999999900000001 -9.99999993922529e-08 1000.0000001 10.0000001 24.0000001 1 3 4 -11 3 12 -7 
5 -1.000000224848918e-07 -1.000000002804313e-07 -1e-07 1000.0000001 10.0000001 1e-07 1 3 4 -4 9 8 -11 
6 -1.000000224848918e-07 -1.000000002804313e-07 23.9999999 1000.0000001 10.0000001 24.0000001 1 3 4 -2 10 6 -12 
1 -1.000000224848918e-07 -1.000000002804313e-07 -9.99999993922529e-08 1000.0000001 10.0000001 24.0000001 1 1 6 -1 2 -3 4 -5 6 
$EndEntities
$Nodes
27 13041 1 13041
0 1 0 1
1
0 0 24
0 2 0 1
2
0 0 0
0 3 0 1
3
0 10 24
0 4 0 1
4
0 10 0
0 5 0 1
5
1000 0 24
0 6 0 1
6
1000 0 0
0 7 0 1
7
1000 10 24
0 8 0 1
8
1000 10 0
1 1 0 7
9
10
11
12
13
14
15
0 0 6
0 0 12
0 0 18
0 0 3
0 0 9
0 0 15
0 0 21
1 2 0 7
16
17
18
19
20
21
22
0 2.5 24
0 5 24
0 7.5 24
0 1.25 24
0 3.75 24
0 6.25 24
0 8.75 24
1 3 0 7
23
24
25
26
27
28
29
0 10 6
0 10 12
0 10 18
0 10 3
0 10 9
0 10 15
0 10 21
1 4 0 7
30
31
32
33
34
35
36
0 2.5 0
0 5 0
0 7.5 0
0 1.25 0
0 3.75 0
0 6.25 0
0 8.75 0
1 5 0 7
37
38
39
40
41
42
43
1000 0 6
1000 0 12
1000 0 18
1000 0 3
1000 0 9
1000 0 15
1000 0 21
1 6 0 7
44
45
46
47
48
49
50
1000 2.5 24
1000 5 24
1000 7.5 24
1000 1.25 24
1000 3.75 24
1000 6.25 24
1000 8.75 24
1 7 0 7
51
52
53
54
55
56
57
1000 10 6
1000 10 12
1000 10 18
1000 10 3
1000 10 9
1000 10 15
1000 10 21
1 8 0 7
58
59
60
61
62
63
64
1000 2.5 0
1000 5 0
1000 7.5 0
1000 1.25 0
1000 3.75 0
1000 6.25 0
1000 8.75 0
1 9 0 159
65
66
67
68
69
70
71
72
73
74
75
76
77
78
79
80
81
82
83
84
85
86
87
88
89
90
91
92
93
94
95
96
97
98
99
100
101
102
103
104
105
106
107
108
109
110
111
112
113
114
115
116
117
118
119
120
121
122
123
124
125
126
127
128
129
130
131
132
133
134
135
136
137
138
139
140
141
142
143
144
145
146
147
148
149
150
151
152
153
154
155
156
157
158
159
160
161
162
163
164
165
166
167
168
169
170
171
172
173
174
175
176
177
178
179
180
181
182
183
184
185
186
187
188
189
190
191
192
193
194
195
196
197
198
199
200
201
202
203
204
205
206
207
208
209
210
211
212
213
214
215
216
217
218
219
220
221
222
223
12.5 0 0
25 0 0
37.50000000000001 0 0
50 0 0
62.5 0 0
75.00000000000001 0 0
87.50000000000001 0 0
100 0 0
112.5 0 0
125 0 0
137.5 0 0
150 0 0
162.5 0 0
175 0 0
187.5 0 0
200 0 0
212.5 0 0
225 0 0
237.5 0 0
250 0 0
262.5 0 0
275 0 0
287.5000000000001 0 0
300.0000000000001 0 0
312.5 0 0
325 0 0
337.5 0 0
350.0000000000001 0 0
362.5000000000001 0 0
375 0 0
387.5 0 0
400 0 0
412.5000000000001 0 0
425.0000000000001 0 0
437.5 0 0
450 0 0
462.5 0 0
475.0000000000001 0 0
487.5000000000001 0 0
500 0 0
512.5000000000001 0 0
525 0 0
537.5 0 0
550 0 0
562.5 0 0
575.0000000000001 0 0
587.5 0 0
600.0000000000001 0 0
612.5 0 0
625 0 0
637.5000000000001 0 0
650 0 0
662.5000000000001 0 0
675 0 0
687.5 0 0
700.0000000000001 0 0
712.5 0 0
725.0000000000001 0 0
737.5 0 0
750 0 0
762.5000000000001 0 0
775 0 0
787.5000000000001 0 0
800 0 0
812.5 0 0
825.0000000000001 0 0
837.5 0 0
850.0000000000001 0 0
862.5 0 0
875 0 0
887.5000000000001 0 0
900 0 0
912.5000000000001 0 0
925 0 0
937.5 0 0
950.0000000000001 0 0
962.5 0 0
975.0000000000001 0 0
987.5 0 0
6.25 0 0
18.75 0 0
31.25 0 0
43.75000000000001 0 0
56.25 0 0
68.75 0 0
81.25000000000001 0 0
93.75 0 0
106.25 0 0
118.75 0 0
131.25 0 0
143.75 0 0
156.25 0 0
168.75 0 0
181.25 0 0
193.75 0 0
206.25 0 0
218.75 0 0
231.25 0 0
243.75 0 0
256.25 0 0
268.75 0 0
281.25 0 0
293.7500000000001 0 0
306.25 0 0
318.75 0 0
331.25 0 0
343.75 0 0
356.2500000000001 0 0
368.75 0 0
381.25 0 0
393.75 0 0
406.25 0 0
418.7500000000001 0 0
431.25 0 0
443.75 0 0
456.25 0 0
468.75 0 0
481.2500000000001 0 0
493.75 0 0
506.2500000000001 0 0
518.75 0 0
531.25 0 0
543.75 0 0
556.25 0 0
568.75 0 0
581.25 0 0
593.75 0 0
606.25 0 0
618.75 0 0
631.25 0 0
643.75 0 0
656.25 0 0
668.75 0 0
681.25 0 0
693.75 0 0
706.25 0 0
718.75 0 0
731.25 0 0
743.75 0 0
756.25 0 0
768.75 0 0
781.25 0 0
793.75 0 0
806.25 0 0
818.75 0 0
831.25 0 0
843.75 0 0
856.25 0 0
868.75 0 0
881.25 0 0
893.75 0 0
906.25 0 0
918.75 0 0
931.25 0 0
943.75 0 0
956.25 0 0
968.75 0 0
981.25 0 0
993.75 0 0
1 10 0 159
224
225
226
227
228
229
230
231
232
233
234
235
236
237
238
239
240
241
242
243
244
245
246
247
248
249
250
251
252
253
254
255
256
257
258
259
260
261
262
263
264
265
266
267
268
269
270
271
272
273
274
275
276
277
278
279
280
281
282
283
284
285
286
287
288
289
290
291
292
293
294
295
296
297
298
299
300
301
302
303
304
305
306
307
308
309
310
311
312
313
314
315
316
317
318
319
320
321
322
323
324
325
326
327
328
329
330
331
332
333
334
335
336
337
338
339
340
341
342
343
344
345
346
347
348
349
350
351
352
353
354
355
356
357
358
359
360
361
362
363
364
365
366
367
368
369
370
371
372
373
374
375
376
377
378
379
380
381
382
12.5 0 24
25 0 24
37.50000000000001 0 24
50 0 24
62.5 0 24
75.00000000000001 0 24
87.50000000000001 0 24
100 0 24
112.5 0 24
125 0 24
137.5 0 24
150 0 24
162.5 0 24
175 0 24
187.5 0 24
200 0 24
212.5 0 24
225 0 24
237.5 0 24
250 0 24
262.5 0 24
275 0 24
287.5000000000001 0 24
300.0000000000001 0 24
312.5 0 24
325 0 24
337.5 0 24
350.0000000000001 0 24
362.5000000000001 0 24
375 0 24
387.5 0 24
400 0 24
412.5000000000001 0 24
425.0000000000001 0 24
437.5 0 24
450 0 24
462.5 0 24
475.0000000000001 0 24
487.5000000000001 0 24
500 0 24
512.5000000000001 0 24
525 0 24
537.5 0 24
550 0 24
562.5 0 24
575.0000000000001 0 24
587.5 0 24
600.0000000000001 0 24
612.5 0 24
625 0 24
637.5000000000001 0 24
650 0 24
662.5000000000001 0 24
675 0 24
687.5 0 24
700.0000000000001 0 24
712.5 0 24
725.0000000000001 0 24
737.5 0 24
750 0 24
762.5000000000001 0 24
775 0 24
787.5000000000001 0 24
800 0 24
812.5 0 24
825.0000000000001 0 24
837.5 0 24
850.0000000000001 0 24
862.5 0 24
875 0 24
887.5000000000001 0 24
900 0 24
912.5000000000001 0 24
925 0 24
937.5 0 24
950.0000000000001 0 24
962.5 0 24
975.0000000000001 0 24
987.5 0 24
6.25 0 24
18.75 0 24
31.25 0 24
43.75000000000001 0 24
56.25 0 24
68.75 0 24
81.25000000000001 0 24
93.75 0 24
106.25 0 24
118.75 0 24
131.25 0 24
143.75 0 24
156.25 0 24
168.75 0 24
181.25 0 24
193.75 0 24
206.25 0 24
218.75 0 24
231.25 0 24
243.75 0 24
256.25 0 24
268.75 0 24
281.25 0 24
293.7500000000001 0 24
306.25 0 24
318.75 0 24
331.25 0 24
343.75 0 24
356.2500000000001 0 24
368.75 0 24
381.25 0 24
393.75 0 24
406.25 0 24
418.7500000000001 0 24
431.25 0 24
443.75 0 24
456.25 0 24
468.75 0 24
481.2500000000001 0 24
493.75 0 24
506.2500000000001 0 24
518.75 0 24
531.25 0 24
543.75 0 24
556.25 0 24
568.75 0 24
581.25 0 24
593.75 0 24
606.25 0 24
618.75 0 24
631.25 0 24
643.75 0 24
656.25 0 24
668.75 0 24
681.25 0 24
693.75 0 24
706.25 0 24
718.75 0 24
731.25 0 24
743.75 0 24
756.25 0 24
768.75 0 24
781.25 0 24
793.75 0 24
806.25 0 24
818.75 0 24
831.25 0 24
843.75 0 24
856.25 0 24
868.75 0 24
881.25 0 24
893.75 0 24
906.25 0 24
918.75 0 24
931.25 0 24
943.75 0 24
956.25 0 24
968.75 0 24
981.25 0 24
993.75 0 24
1 11 0 159
383
384
385
386
387
388
389
390
391
392
393
394
395
396
397
398
399
400
401
402
403
404
405
406
407
408
409
410
411
412
413
414
415
416
417
418
419
420
421
422
423
424
425
426
427
428
429
430
431
432
433
434
435
436
437
438
439
440
441
442
443
444
445
446
447
448
449
450
451
452
453
454
455
456
457
458
459
460
461
462
463
464
465
466
467
468
469
470
471
472
473
474
475
476
477
478
479
480
481
482
483
484
485
486
487
488
489
490
491
492
493
494
495
496
497
498
499
500
501
502
503
504
505
506
507
508
509
510
511
512
513
514
515
516
517
518
519
520
521
522
523
524
525
526
527
528
529
530
531
532
533
534
535
536
537
538
539
540
541
12.5 10 0
25 10 0
37.50000000000001 10 0
50 10 0
62.5 10 0
75.00000000000001 10 0
87.50000000000001 10 0
100 10 0
112.5 10 0
125 10 0
137.5 10 0
150 10 0
162.5 10 0
175 10 0
187.5 10 0
200 10 0
212.5 10 0
225 10 0
237.5 10 0
250 10 0
262.5 10 0
275 10 0
287.5000000000001 10 0
300.0000000000001 10 0
312.5 10 0
325 10 0
337.5 10 0
350.0000000000001 10 0
362.5000000000001 10 0
375 10 0
387.5 10 0
400 10 0
412.5000000000001 10 0
425.0000000000001 10 0
437.5 10 0
450 10 0
462.5 10 0
475.0000000000001 10 0
487.5000000000001 10 0
500 10 0
512.5000000000001 10 0
525 10 0
537.5 10 0
550 10 0
562.5 10 0
575.0000000000001 10 0
587.5 10 0
600.0000000000001 10 0
612.5 10 0
625 10 0
637.5000000000001 10 0
650 10 0
662.5000000000001 10 0
675 10 0
687.5 10 0
700.0000000000001 10 0
712.5 10 0
725.0000000000001 10 0
737.5 10 0
750 10 0
762.5000000000001 10 0
775 10 0
787.5000000000001 10 0
800 10 0
812.5 10 0
825.0000000000001 10 0
837.5 10 0
850.0000000000001 10 0
862.5 10 0
875 10 0
887.5000000000001 10 0
900 10 0
912.5000000000001 10 0
925 10 0
937.5 10 0
950.0000000000001 10 0
962.5 10 0
975.0000000000001 10 0
987.5 10 0
6.25 10 0
18.75 10 0
31.25 10 0
43.75000000000001 10 0
56.25 10 0
68.75 10 0
81.25000000000001 10 0
93.75 10 0
106.25 10 0
118.75 10 0
131.25 10 0
143.75 10 0
156.25 10 0
168.75 10 0
181.25 10 0
193.75 10 0
206.25 10 0
218.75 10 0
231.25 10 0
243.75 10 0
256.25 10 0
268.75 10 0
281.25 10 0
293.7500000000001 10 0
306.25 10 0
318.75 10 0
331.25 10 0
343.75 10 0
356.2500000000001 10 0
368.75 10 0
381.25 10 0
393.75 10 0
406.25 10 0
418.7500000000001 10 0
431.25 10 0
443.75 10 0
456.25 10 0
468.75 10 0
481.2500000000001 10 0
493.75 10 0
506.2500000000001 10 0
518.75 10 0
531.25 10 0
543.75 10 0
556.25 10 0
568.75 10 0
581.25 10 0
593.75 10 0
606.25 10 0
618.75 10 0
631.25 10 0
643.75 10 0
656.25 10 0
668.75 10 0
681.25 10 0
693.75 10 0
706.25 10 0
718.75 10 0
731.25 10 0
743.75 10 0
756.25 10 0
768.75 10 0
781.25 10 0
793.75 10 0
806.25 10 0
818.75 10 0
831.25 10 0
843.75 10 0
856.25 10 0
868.75 10 0
881.25 10 0
893.75 10 0
906.25 10 0
918.75 10 0
931.25 10 0
943.75 10 0
956.25 10 0
968.75 10 0
981.25 10 0
993.75 10 0
1 12 0 159
542
543
544
545
546
547
548
549
550
551
552
553
554
555
556
557
558
559
560
561
562
563
564
565
566
567
568
569
570
571
572
573
574
575
576
577
578
579
580
581
582
583
584
585
586
587
588
589
590
591
592
593
594
595
596
597
598
599
600
601
602
603
604
605
606
607
608
609
610
611
612
613
614
615
616
617
618
619
620
621
622
623
624
625
626
627
628
629
630
631
632
633
634
635
636
637
638
639
640
641
642
643
644
645
646
647
648
649
650
651
652
653
654
655
656
657
658
659
660
661
662
663
664
665
666
667
668
669
670
671
672
673
674
675
676
677
678
679
680
681
682
683
684
685
686
687
688
689
690
691
692
693
694
695
696
697
698
699
700
12.5 10 24
25 10 24
37.50000000000001 10 24
50 10 24
62.5 10 24
75.00000000000001 10 24
87.50000000000001 10 24
100 10 24
112.5 10 24
125 10 24
137.5 10 24
150 10 24
162.5 10 24
175 10 24
187.5 10 24
200 10 24
212.5 10 24
225 10 24
237.5 10 24
250 10 24
262.5 10 24
275 10 24
287.5000000000001 10 24
300.0000000000001 10 24
312.5 10 24
325 10 24
337.5 10 24
350.0000000000001 10 24
362.5000000000001 10 24
375 10 24
387.5 10 24
400 10 24
412.5000000000001 10 24
425.0000000000001 10 24
437.5 10 24
450 10 24
462.5 10 24
475.0000000000001 10 24
487.5000000000001 10 24
500 10 24
512.5000000000001 10 24
525 10 24
537.5 10 24
550 10 24
562.5 10 24
575.0000000000001 10 24
587.5 10 24
600.0000000000001 10 24
612.5 10 24
625 10 24
637.5000000000001 10 24
650 10 24
662.5000000000001 10 24
675 10 24
687.5 10 24
700.0000000000001 10 24
712.5 10 24
725.0000000000001 10 24
737.5 10 24
750 10 24
762.5000000000001 10 24
775 10 24
787.5000000000001 10 24
800 10 24
812.5 10 24
825.0000000000001 10 24
837.5 10 24
850.0000000000001 10 24
862.5 10 24
875 10 24
887.5000000000001 10 24
900 10 24
912.5000000000001 10 24
925 10 24
937.5 10 24
950.0000000000001 10 24
962.5 10 24
975.0000000000001 10 24
987.5 10 24
6.25 10 24
18.75 10 24
31.25 10 24
43.75000000000001 10 24
56.25 10 24
68.75 10 24
81.25000000000001 10 24
93.75 10 24
106.25 10 24
118.75 10 24
131.25 10 24
143.75 10 24
156.25 10 24
168.75 10 24
181.25 10 24
193.75 10 24
206.25 10 24
218.75 10 24
231.25 10 24
243.75 10 24
256.25 10 24
268.75 10 24
281.25 10 24
293.7500000000001 10 24
306.25 10 24
318.75 10 24
331.25 10 24
343.75 10 24
356.2500000000001 10 24
368.75 10 24
381.25 10 24
393.75 10 24
406.25 10 24
418.7500000000001 10 24
431.25 10 24
443.75 10 24
456.25 10 24
468.75 10 24
481.2500000000001 10 24
493.75 10 24
506.2500000000001 10 24
518.75 10 24
531.25 10 24
543.75 10 24
556.25 10 24
568.75 10 24
581.25 10 24
593.75 10 24
606.25 10 24
618.75 10 24
631.25 10 24
643.75 10 24
656.25 10 24
668.75 10 24
681.25 10 24
693.75 10 24
706.25 10 24
718.75 10 24
731.25 10 24
743.75 10 24
756.25 10 24
768.75 10 24
781.25 10 24
793.75 10 24
806.25 10 24
818.75 10 24
831.25 10 24
843.75 10 24
856.25 10 24
868.75 10 24
881.25 10 24
893.75 10 24
906.25 10 24
918.75 10 24
931.25 10 24
943.75 10 24
956.25 10 24
968.75 10 24
981.25 10 24
993.75 10 24
2 1 0 49
701
702
703
704
705
706
707
708
709
710
711
712
713
714
715
716
717
718
719
720
721
722
723
724
725
726
727
728
729
730
731
732
733
734
735
736
737
738
739
740
741
742
743
744
745
746
747
748
749
0 2.5 6
0 5 6
0 7.5 6
0 2.5 12
0 5 12
0 7.5 12
0 2.5 18
0 5 18
0 7.5 18
0 1.25 6
0 2.5 3
0 1.25 3
0 3.75 6
0 5 3
0 3.75 3
0 6.25 6
0 7.5 3
0 6.25 3
0 8.75 6
0 8.75 3
0 1.25 12
0 2.5 9
0 1.25 9
0 3.75 12
0 5 9
0 3.75 9
0 6.25 12
0 7.5 9
0 6.25 9
0 8.75 12
0 8.75 9
0 1.25 18
0 2.5 15
0 1.25 15
0 3.75 18
0 5 15
0 3.75 15
0 6.25 18
0 7.5 15
0 6.25 15
0 8.75 18
0 8.75 15
0 2.5 21
0 1.25 21
0 5 21
0 3.75 21
0 7.5 21
0 6.25 21
0 8.75 21
2 2 0 49
750
751
752
753
754
755
756
757
758
759
760
761
762
763
764
765
766
767
768
769
770
771
772
773
774
775
776
777
778
779
780
781
782
783
784
785
786
787
788
789
790
791
792
793
794
795
796
797
798
1000 2.5 6
1000 5 6
1000 7.5 6
1000 2.5 12
1000 5 12
1000 7.5 12
1000 2.5 18
1000 5 18
1000 7.5 18
1000 2.5 3
1000 1.25 6
1000 1.25 3
1000 5 3
1000 3.75 6
1000 3.75 3
1000 7.5 3
1000 6.25 6
1000 6.25 3
1000 8.75 6
1000 8.75 3
1000 2.5 9
1000 1.25 12
1000 1.25 9
1000 5 9
1000 3.75 12
1000 3.75 9
1000 7.5 9
1000 6.25 12
1000 6.25 9
1000 8.75 12
1000 8.75 9
1000 2.5 15
1000 1.25 18
1000 1.25 15
1000 5 15
1000 3.75 18
1000 3.75 15
1000 7.5 15
1000 6.25 18
1000 6.25 15
1000 8.75 18
1000 8.75 15
1000 2.5 21
1000 1.25 21
1000 5 21
1000 3.75 21
1000 7.5 21
1000 6.25 21
1000 8.75 21
2 3 0 1113
799
800
801
802
803
804
805
806
807
808
809
810
811
812
813
814
815
816
817
818
819
820
821
822
823
824
825
826
827
828
829
830
831
832
833
834
835
836
837
838
839
840
841
842
843
844
845
846
847
848
849
850
851
852
853
854
855
856
857
858
859
860
861
862
863
864
865
866
867
868
869
870
871
872
873
874
875
876
877
878
879
880
881
882
883
884
885
886
887
888
889
890
891
892
893
894
895
896
897
898
899
900
901
902
903
904
905
906
907
908
909
910
911
912
913
914
915
916
917
918
919
920
921
922
923
924
925
926
927
928
929
930
931
932
933
934
935
936
937
938
939
940
941
942
943
944
945
946
947
948
949
950
951
952
953
954
955
956
957
958
959
960
961
962
963
964
965
966
967
968
969
970
971
972
973
974
975
976
977
978
979
980
981
982
983
984
985
986
987
988
989
990
991
992
993
994
995
996
997
998
999
1000
1001
1002
1003
1004
1005
1006
1007
1008
1009
1010
1011
1012
1013
1014
1015
1016
1017
1018
1019
1020
1021
1022
1023
1024
1025
1026
1027
1028
1029
1030
1031
1032
1033
1034
1035
1036
1037
1038
1039
1040
1041
1042
1043
1044
1045
1046
1047
1048
1049
1050
1051
1052
1053
1054
1055
1056
1057
1058
1059
1060
1061
1062
1063
1064
1065
1066
1067
1068
1069
1070
1071
1072
1073
1074
1075
1076
1077
1078
1079
1080
1081
1082
1083
1084
1085
1086
1087
1088
1089
1090
1091
1092
1093
1094
1095
1096
1097
1098
1099
1100
1101
1102
1103
1104
1105
1106
1107
1108
1109
1110
1111
1112
1113
1114
1115
1116
1117
1118
1119
1120
1121
1122
1123
1124
1125
1126
1127
1128
1129
1130
1131
1132
1133
1134
1135
1136
1137
1138
1139
1140
1141
1142
1143
1144
1145
1146
1147
1148
1149
1150
1151
1152
1153
1154
1155
1156
1157
1158
1159
1160
1161
1162
1163
1164
1165
1166
1167
1168
1169
1170
1171
1172
1173
1174
1175
1176
1177
1178
1179
1180
1181
1182
1183
1184
1185
1186
1187
1188
1189
1190
1191
1192
1193
1194
1195
1196
1197
1198
1199
1200
1201
1202
1203
1204
1205
1206
1207
1208
1209
1210
1211
1212
1213
1214
1215
1216
1217
1218
1219
1220
1221
1222
1223
1224
1225
1226
1227
1228
1229
1230
1231
1232
1233
1234
1235
1236
1237
1238
1239
1240
1241
1242
1243
1244
1245
1246
1247
1248
1249
1250
1251
1252
1253
1254
1255
1256
1257
1258
1259
1260
1261
1262
1263
1264
1265
1266
1267
1268
1269
1270
1271
1272
1273
1274
1275
1276
1277
1278
1279
1280
1281
1282
1283
1284
1285
1286
1287
1288
1289
1290
1291
1292
1293
1294
1295
1296
1297
1298
1299
1300
1301
1302
1303
1304
1305
1306
1307
1308
1309
1310
1311
1312
1313
1314
1315
1316
1317
1318
1319
1320
1321
1322
1323
1324
1325
1326
1327
1328
1329
1330
1331
1332
1333
1334
1335
1336
1337
1338
1339
1340
1341
1342
1343
1344
1345
1346
1347
1348
1349
1350
1351
1352
1353
1354
1355
1356
1357
1358
1359
1360
1361
1362
1363
1364
1365
1366
1367
1368
1369
1370
1371
1372
1373
1374
1375
1376
1377
1378
1379
1380
1381
1382
1383
1384
1385
1386
1387
1388
1389
1390
1391
1392
1393
1394
1395
1396
1397
1398
1399
1400
1401
1402
1403
1404
1405
1406
1407
1408
1409
1410
1411
1412
1413
1414
1415
1416
1417
1418
1419
1420
1421
1422
1423
1424
1425
1426
1427
1428
1429
1430
1431
1432
1433
1434
1435
1436
1437
1438
1439
1440
1441
1442
1443
1444
1445
1446
1447
1448
1449
1450
1451
1452
1453
1454
1455
1456
1457
1458
1459
1460
1461
1462
1463
1464
1465
1466
1467
1468
1469
1470
1471
1472
1473
1474
1475
1476
1477
1478
1479
1480
1481
1482
1483
1484
1485
1486
1487
1488
1489
1490
1491
1492
1493
1494
1495
1496
1497
1498
1499
1500
1501
1502
1503
1504
1505
1506
1507
1508
1509
1510
1511
1512
1513
1514
1515
1516
1517
1518
1519
1520
1521
1522
1523
1524
1525
1526
1527
1528
1529
1530
1531
1532
1533
1534
1535
1536
1537
1538
1539
1540
1541
1542
1543
1544
1545
1546
1547
1548
1549
1550
1551
1552
1553
1554
1555
1556
1557
1558
1559
1560
1561
1562
1563
1564
1565
1566
1567
1568
1569
1570
1571
1572
1573
1574
1575
1576
1577
1578
1579
1580
1581
1582
1583
1584
1585
1586
1587
1588
1589
1590
1591
1592
1593
1594
1595
1596
1597
1598
1599
1600
1601
1602
1603
1604
1605
1606
1607
1608
1609
1610
1611
1612
1613
1614
1615
1616
1617
1618
1619
1620
1621
1622
1623
1624
1625
1626
1627
1628
1629
1630
1631
1632
1633
1634
1635
1636
1637
1638
1639
1640
1641
1642
1643
1644
1645
1646
1647
1648
1649
1650
1651
1652
1653
1654
1655
1656
1657
1658
1659
1660
1661
1662
1663
1664
1665
1666
1667
1668
1669
1670
1671
1672
1673
1674
1675
1676
1677
1678
1679
1680
1681
1682
1683
1684
1685
1686
1687
1688
1689
1690
1691
1692
1693
1694
1695
1696
1697
1698
1699
1700
1701
1702
1703
1704
1705
1706
1707
1708
1709
1710
1711
1712
1713
1714
1715
1716
1717
1718
1719
1720
1721
1722
1723
1724
1725
1726
1727
1728
1729
1730
1731
1732
1733
1734
1735
1736
1737
1738
1739
1740
1741
1742
1743
1744
1745
1746
1747
1748
1749
1750
1751
1752
1753
1754
1755
1756
1757
1758
1759
1760
1761
1762
1763
1764
1765
1766
1767
1768
1769
1770
1771
1772
1773
1774
1775
1776
1777
1778
1779
1780
1781
1782
1783
1784
1785
1786
1787
1788
1789
1790
1791
1792
1793
1794
1795
1796
1797
1798
1799
1800
1801
1802
1803
1804
1805
1806
1807
1808
1809
1810
1811
1812
1813
1814
1815
1816
1817
1818
1819
1820
1821
1822
1823
1824
1825
1826
1827
1828
1829
1830
1831
1832
1833
1834
1835
1836
1837
1838
1839
1840
1841
1842
1843
1844
1845
1846
1847
1848
1849
1850
1851
1852
1853
1854
1855
1856
1857
1858
1859
1860
1861
1862
1863
1864
1865
1866
1867
1868
1869
1870
1871
1872
1873
1874
1875
1876
1877
1878
1879
1880
1881
1882
1883
1884
1885
1886
1887
1888
1889
1890
1891
1892
1893
1894
1895
1896
1897
1898
1899
1900
1901
1902
1903
1904
1905
1906
1907
1908
1909
1910
1911
12.5 0 6
12.5 0 12
12.5 0 18
25 0 6
25 0 12
25 0 18
37.50000000000001 0 6
37.50000000000001 0 12
37.50000000000001 0 18
49.99999999999999 0 6
50 0 12
49.99999999999999 0 18
62.5 0 6
62.5 0 12
62.5 0 18
75.00000000000001 0 6
75.00000000000001 0 12
75.00000000000001 0 18
87.50000000000003 0 6
87.50000000000001 0 12
87.50000000000003 0 18
99.99999999999999 0 6
100 0 12
99.99999999999999 0 18
112.5 0 6
112.5 0 12
112.5 0 18
125 0 6
125 0 12
125 0 18
137.5 0 6
137.5 0 12
137.5 0 18
150 0 6
150 0 12
150 0 18
162.5 0 6
162.5 0 12
162.5 0 18
175.0000000000001 0 6
175 0 12
175.0000000000001 0 18
187.5 0 6
187.5 0 12
187.5 0 18
200 0 6
200 0 12
200 0 18
212.5 0 6
212.5 0 12
212.5 0 18
225 0 6
225 0 12
225 0 18
237.5000000000001 0 6
237.5 0 12
237.5000000000001 0 18
250 0 6
250 0 12
250 0 18
262.4999999999999 0 6
262.5 0 12
262.5 0 18
274.9999999999999 0 6
275 0 12
275 0 18
287.5000000000001 0 6
287.5000000000001 0 12
287.5000000000001 0 18
300.0000000000001 0 6
300.0000000000001 0 12
300.0000000000001 0 18
312.5 0 6
312.5 0 12
312.5 0 18
324.9999999999999 0 6
325 0 12
325 0 18
337.4999999999999 0 6
337.5 0 12
337.4999999999999 0 18
350.0000000000001 0 6
350.0000000000001 0 12
350.0000000000001 0 18
362.5000000000001 0 6
362.5000000000001 0 12
362.5000000000001 0 18
375 0 6
375 0 12
375 0 18
387.5 0 6
387.5 0 12
387.5 0 18
399.9999999999999 0 6
400 0 12
399.9999999999999 0 18
412.5000000000001 0 6
412.5000000000001 0 12
412.5000000000001 0 18
425.0000000000001 0 6
425.0000000000001 0 12
425.0000000000001 0 18
437.5 0 6
437.5 0 12
437.5 0 18
450 0 6
450 0 12
450 0 18
462.4999999999999 0 6
462.5 0 12
462.4999999999999 0 18
475.0000000000001 0 6
475.0000000000001 0 12
475.0000000000001 0 18
487.5000000000001 0 6
487.5000000000001 0 12
487.5000000000001 0 18
500 0 6
500 0 12
500 0 18
512.5000000000002 0 6
512.5000000000001 0 12
512.5000000000002 0 18
524.9999999999999 0 6
525 0 12
525 0 18
537.5000000000001 0 6
537.5 0 12
537.5 0 18
549.9999999999999 0 6
550 0 12
550 0 18
562.5 0 6
562.5 0 12
562.5 0 18
575.0000000000002 0 6
575.0000000000001 0 12
575.0000000000002 0 18
587.4999999999999 0 6
587.5 0 12
587.5 0 18
600.0000000000001 0 6
600.0000000000001 0 12
600.0000000000001 0 18
612.4999999999999 0 6
612.5 0 12
612.5 0 18
625 0 6
625 0 12
625 0 18
637.5000000000002 0 6
637.5000000000001 0 12
637.5000000000002 0 18
649.9999999999999 0 6
650 0 12
650 0 18
662.5000000000001 0 6
662.5000000000001 0 12
662.5000000000001 0 18
674.9999999999999 0 6
675 0 12
674.9999999999999 0 18
687.5 0 6
687.5 0 12
687.5 0 18
700.0000000000002 0 6
700.0000000000001 0 12
700.0000000000002 0 18
712.5 0 6
712.5 0 12
712.5 0 18
725.0000000000001 0 6
725.0000000000001 0 12
725.0000000000001 0 18
737.4999999999999 0 6
737.5 0 12
737.4999999999999 0 18
750 0 6
750 0 12
750 0 18
762.5000000000002 0 6
762.5000000000001 0 12
762.5000000000002 0 18
775 0 6
775 0 12
775 0 18
787.5000000000001 0 6
787.5000000000001 0 12
787.5000000000001 0 18
799.9999999999999 0 6
800 0 12
799.9999999999999 0 18
812.5 0 6
812.5 0 12
812.5 0 18
825.0000000000002 0 6
825.0000000000001 0 12
825.0000000000002 0 18
837.5 0 6
837.5 0 12
837.5 0 18
850.0000000000001 0 6
850.0000000000001 0 12
850.0000000000001 0 18
862.4999999999999 0 6
862.5 0 12
862.4999999999999 0 18
875 0 6
875 0 12
875 0 18
887.5000000000002 0 6
887.5000000000001 0 12
887.5000000000002 0 18
900 0 6
900 0 12
900 0 18
912.5000000000001 0 6
912.5000000000001 0 12
912.5000000000001 0 18
924.9999999999999 0 6
925 0 12
924.9999999999999 0 18
937.5 0 6
937.5 0 12
937.5 0 18
950.0000000000002 0 6
950.0000000000001 0 12
950.0000000000002 0 18
962.5 0 6
962.5 0 12
962.5 0 18
975.0000000000001 0 6
975.0000000000001 0 12
975.0000000000001 0 18
987.4999999999999 0 6
987.5 0 12
987.4999999999999 0 18
12.5 0 3
6.249999999999999 0 6
6.25 0 3
12.5 0 9
6.25 0 12
6.25 0 9
12.5 0 15
6.249999999999999 0 18
6.25 0 15
12.5 0 21
6.25 0 21
25 0 3
18.75 0 6
18.75 0 3
25 0 9
18.75 0 12
18.75 0 9
25 0 15
18.75 0 18
18.75 0 15
25 0 21
18.75 0 21
37.50000000000001 0 3
31.25 0 6
31.25 0 3
37.50000000000001 0 9
31.25 0 12
31.25000000000001 0 9
37.50000000000001 0 15
31.25 0 18
31.25 0 15
37.50000000000001 0 21
31.25000000000001 0 21
50 0 3
43.75 0 6
43.75000000000001 0 3
50 0 9
43.75 0 12
43.75 0 9
50 0 15
43.75 0 18
43.75 0 15
50 0 21
43.75000000000001 0 21
62.5 0 3
56.25 0 6
56.25 0 3
62.5 0 9
56.25 0 12
56.25 0 9
62.5 0 15
56.25 0 18
56.25 0 15
62.5 0 21
56.25 0 21
75.00000000000001 0 3
68.75 0 6
68.75 0 3
75.00000000000001 0 9
68.75 0 12
68.75 0 9
75.00000000000001 0 15
68.75 0 18
68.75 0 15
75.00000000000001 0 21
68.75 0 21
87.50000000000003 0 3
81.25000000000003 0 6
81.25000000000003 0 3
87.50000000000003 0 9
81.25000000000001 0 12
81.25000000000003 0 9
87.50000000000003 0 15
81.25000000000003 0 18
81.25000000000003 0 15
87.50000000000003 0 21
81.25000000000003 0 21
100 0 3
93.75 0 6
93.75000000000001 0 3
100 0 9
93.75 0 12
93.75000000000001 0 9
100 0 15
93.75 0 18
93.75000000000001 0 15
100 0 21
93.75000000000001 0 21
112.5 0 3
106.25 0 6
106.25 0 3
112.5 0 9
106.25 0 12
106.25 0 9
112.5 0 15
106.25 0 18
106.25 0 15
112.5 0 21
106.25 0 21
125 0 3
118.75 0 6
118.75 0 3
125 0 9
118.75 0 12
118.75 0 9
125 0 15
118.75 0 18
118.75 0 15
125 0 21
118.75 0 21
137.5 0 3
131.25 0 6
131.25 0 3
137.5 0 9
131.25 0 12
131.25 0 9
137.5 0 15
131.25 0 18
131.25 0 15
137.5 0 21
131.25 0 21
150 0 3
143.75 0 6
143.75 0 3
150 0 9
143.75 0 12
143.75 0 9
150 0 15
143.75 0 18
143.75 0 15
150 0 21
143.75 0 21
162.5 0 3
156.25 0 6
156.25 0 3
162.5 0 9
156.25 0 12
156.25 0 9
162.5 0 15
156.25 0 18
156.25 0 15
162.5 0 21
156.25 0 21
175.0000000000001 0 3
168.75 0 6
168.75 0 3
175.0000000000001 0 9
168.75 0 12
168.75 0 9
175.0000000000001 0 15
168.75 0 18
168.7500000000001 0 15
175.0000000000001 0 21
168.75 0 21
187.5 0 3
181.25 0 6
181.2500000000001 0 3
187.5 0 9
181.25 0 12
181.2500000000001 0 9
187.5 0 15
181.25 0 18
181.2500000000001 0 15
187.5 0 21
181.2500000000001 0 21
200 0 3
193.75 0 6
193.75 0 3
200 0 9
193.75 0 12
193.75 0 9
200 0 15
193.75 0 18
193.75 0 15
200 0 21
193.75 0 21
212.5 0 3
206.25 0 6
206.25 0 3
212.5 0 9
206.25 0 12
206.25 0 9
212.5 0 15
206.25 0 18
206.25 0 15
212.5 0 21
206.25 0 21
225 0 3
218.75 0 6
218.75 0 3
225 0 9
218.75 0 12
218.75 0 9
225 0 15
218.75 0 18
218.75 0 15
225 0 21
218.75 0 21
237.5000000000001 0 3
231.25 0 6
231.2500000000001 0 3
237.5000000000001 0 9
231.25 0 12
231.25 0 9
237.5000000000001 0 15
231.25 0 18
231.2500000000001 0 15
237.5000000000001 0 21
231.25 0 21
250 0 3
243.75 0 6
243.7500000000001 0 3
250 0 9
243.75 0 12
243.7500000000001 0 9
250 0 15
243.75 0 18
243.7500000000001 0 15
250 0 21
243.7500000000001 0 21
262.5 0 3
256.25 0 6
256.25 0 3
262.5 0 9
256.25 0 12
256.25 0 9
262.5 0 15
256.25 0 18
256.25 0 15
262.5 0 21
256.25 0 21
275 0 3
268.7499999999999 0 6
268.75 0 3
275 0 9
268.75 0 12
268.75 0 9
275 0 15
268.75 0 18
268.75 0 15
275 0 21
268.75 0 21
287.5000000000001 0 3
281.25 0 6
281.2500000000001 0 3
287.5000000000001 0 9
281.25 0 12
281.2500000000001 0 9
287.5000000000001 0 15
281.2500000000001 0 18
281.2500000000001 0 15
287.5000000000001 0 21
281.25 0 21
300.0000000000001 0 3
293.7500000000001 0 6
293.7500000000001 0 3
300.0000000000001 0 9
293.7500000000001 0 12
293.7500000000001 0 9
300.0000000000001 0 15
293.7500000000001 0 18
293.7500000000001 0 15
300.0000000000001 0 21
293.7500000000001 0 21
312.5 0 3
306.25 0 6
306.25 0 3
312.5 0 9
306.25 0 12
306.25 0 9
312.5 0 15
306.25 0 18
306.25 0 15
312.5 0 21
306.25 0 21
325 0 3
318.75 0 6
318.75 0 3
325 0 9
318.75 0 12
318.75 0 9
325 0 15
318.75 0 18
318.75 0 15
325 0 21
318.75 0 21
337.5 0 3
331.2499999999999 0 6
331.25 0 3
337.5 0 9
331.25 0 12
331.25 0 9
337.5 0 15
331.25 0 18
331.25 0 15
337.5 0 21
331.25 0 21
350.0000000000001 0 3
343.75 0 6
343.7500000000001 0 3
350.0000000000001 0 9
343.75 0 12
343.7500000000001 0 9
350.0000000000001 0 15
343.75 0 18
343.7500000000001 0 15
350.0000000000001 0 21
343.7500000000001 0 21
362.5000000000001 0 3
356.2500000000001 0 6
356.2500000000001 0 3
362.5000000000001 0 9
356.2500000000001 0 12
356.2500000000001 0 9
362.5000000000001 0 15
356.2500000000001 0 18
356.2500000000001 0 15
362.5000000000001 0 21
356.2500000000001 0 21
375 0 3
368.75 0 6
368.75 0 3
375 0 9
368.75 0 12
368.75 0 9
375 0 15
368.75 0 18
368.75 0 15
375 0 21
368.75 0 21
387.5 0 3
381.25 0 6
381.25 0 3
387.5 0 9
381.25 0 12
381.25 0 9
387.5 0 15
381.25 0 18
381.25 0 15
387.5 0 21
381.25 0 21
400 0 3
393.75 0 6
393.75 0 3
400 0 9
393.75 0 12
393.75 0 9
400 0 15
393.75 0 18
393.75 0 15
400 0 21
393.75 0 21
412.5000000000001 0 3
406.25 0 6
406.2500000000001 0 3
412.5000000000001 0 9
406.25 0 12
406.2500000000001 0 9
412.5000000000001 0 15
406.25 0 18
406.2500000000001 0 15
412.5000000000001 0 21
406.2500000000001 0 21
425.0000000000001 0 3
418.7500000000001 0 6
418.7500000000001 0 3
425.0000000000001 0 9
418.7500000000001 0 12
418.7500000000001 0 9
425.0000000000001 0 15
418.7500000000001 0 18
418.7500000000001 0 15
425.0000000000001 0 21
418.7500000000001 0 21
437.5 0 3
431.25 0 6
431.25 0 3
437.5 0 9
431.25 0 12
431.25 0 9
437.5 0 15
431.25 0 18
431.25 0 15
437.5 0 21
431.25 0 21
450 0 3
443.75 0 6
443.75 0 3
450 0 9
443.75 0 12
443.75 0 9
450 0 15
443.75 0 18
443.75 0 15
450 0 21
443.75 0 21
462.5 0 3
456.25 0 6
456.25 0 3
462.5 0 9
456.25 0 12
456.25 0 9
462.5 0 15
456.25 0 18
456.25 0 15
462.5 0 21
456.25 0 21
475.0000000000001 0 3
468.75 0 6
468.7500000000001 0 3
475.0000000000001 0 9
468.75 0 12
468.7500000000001 0 9
475.0000000000001 0 15
468.75 0 18
468.7500000000001 0 15
475.0000000000001 0 21
468.7500000000001 0 21
487.5000000000001 0 3
481.2500000000001 0 6
481.2500000000001 0 3
487.5000000000001 0 9
481.2500000000001 0 12
481.2500000000001 0 9
487.5000000000001 0 15
481.2500000000001 0 18
481.2500000000001 0 15
487.5000000000001 0 21
481.2500000000001 0 21
500 0 3
493.75 0 6
493.75 0 3
500 0 9
493.75 0 12
493.75 0 9
500 0 15
493.75 0 18
493.75 0 15
500 0 21
493.75 0 21
512.5000000000002 0 3
506.2500000000001 0 6
506.2500000000001 0 3
512.5000000000002 0 9
506.2500000000001 0 12
506.2500000000001 0 9
512.5000000000002 0 15
506.2500000000001 0 18
506.2500000000001 0 15
512.5000000000002 0 21
506.2500000000001 0 21
525 0 3
518.75 0 6
518.7500000000001 0 3
525 0 9
518.75 0 12
518.7500000000001 0 9
525 0 15
518.7500000000001 0 18
518.7500000000002 0 15
525 0 21
518.75 0 21
537.5 0 3
531.25 0 6
531.25 0 3
537.5 0 9
531.25 0 12
531.25 0 9
537.5 0 15
531.25 0 18
531.25 0 15
537.5 0 21
531.25 0 21
550 0 3
543.75 0 6
543.75 0 3
550 0 9
543.75 0 12
543.75 0 9
550 0 15
543.75 0 18
543.75 0 15
550 0 21
543.75 0 21
562.5 0 3
556.25 0 6
556.25 0 3
562.5 0 9
556.25 0 12
556.25 0 9
562.5 0 15
556.25 0 18
556.25 0 15
562.5 0 21
556.25 0 21
575.0000000000002 0 3
568.7500000000001 0 6
568.7500000000002 0 3
575.0000000000002 0 9
568.75 0 12
568.75 0 9
575.0000000000002 0 15
568.7500000000001 0 18
568.7500000000002 0 15
575.0000000000002 0 21
568.75 0 21
587.5 0 3
581.25 0 6
581.2500000000001 0 3
587.5 0 9
581.25 0 12
581.2500000000001 0 9
587.5 0 15
581.2500000000001 0 18
581.2500000000002 0 15
587.5 0 21
581.25 0 21
600.0000000000001 0 3
593.75 0 6
593.75 0 3
600.0000000000001 0 9
593.75 0 12
593.75 0 9
600.0000000000001 0 15
593.75 0 18
593.75 0 15
600.0000000000001 0 21
593.75 0 21
612.5 0 3
606.25 0 6
606.25 0 3
612.5 0 9
606.25 0 12
606.25 0 9
612.5 0 15
606.25 0 18
606.25 0 15
612.5 0 21
606.25 0 21
625 0 3
618.75 0 6
618.75 0 3
625 0 9
618.75 0 12
618.75 0 9
625 0 15
618.75 0 18
618.75 0 15
625 0 21
618.75 0 21
637.5000000000002 0 3
631.2500000000001 0 6
631.2500000000002 0 3
637.5000000000002 0 9
631.25 0 12
631.25 0 9
637.5000000000002 0 15
631.2500000000001 0 18
631.2500000000002 0 15
637.5000000000002 0 21
631.25 0 21
650 0 3
643.75 0 6
643.7500000000001 0 3
650 0 9
643.75 0 12
643.7500000000001 0 9
650 0 15
643.7500000000001 0 18
643.7500000000002 0 15
650 0 21
643.75 0 21
662.5000000000001 0 3
656.25 0 6
656.25 0 3
662.5000000000001 0 9
656.25 0 12
656.25 0 9
662.5000000000001 0 15
656.25 0 18
656.25 0 15
662.5000000000001 0 21
656.25 0 21
675 0 3
668.75 0 6
668.75 0 3
675 0 9
668.75 0 12
668.75 0 9
675 0 15
668.75 0 18
668.75 0 15
675 0 21
668.75 0 21
687.5 0 3
681.25 0 6
681.25 0 3
687.5 0 9
681.25 0 12
681.25 0 9
687.5 0 15
681.25 0 18
681.25 0 15
687.5 0 21
681.25 0 21
700.0000000000002 0 3
693.7500000000001 0 6
693.7500000000002 0 3
700.0000000000002 0 9
693.75 0 12
693.75 0 9
700.0000000000002 0 15
693.7500000000001 0 18
693.7500000000002 0 15
700.0000000000002 0 21
693.75 0 21
712.5 0 3
706.2500000000001 0 6
706.2500000000002 0 3
712.5 0 9
706.25 0 12
706.2500000000002 0 9
712.5 0 15
706.2500000000001 0 18
706.2500000000002 0 15
712.5 0 21
706.2500000000002 0 21
725.0000000000001 0 3
718.75 0 6
718.75 0 3
725.0000000000001 0 9
718.75 0 12
718.75 0 9
725.0000000000001 0 15
718.75 0 18
718.75 0 15
725.0000000000001 0 21
718.75 0 21
737.5 0 3
731.25 0 6
731.25 0 3
737.5 0 9
731.25 0 12
731.25 0 9
737.5 0 15
731.25 0 18
731.25 0 15
737.5 0 21
731.25 0 21
750 0 3
743.75 0 6
743.75 0 3
750 0 9
743.75 0 12
743.75 0 9
750 0 15
743.75 0 18
743.75 0 15
750 0 21
743.75 0 21
762.5000000000002 0 3
756.2500000000001 0 6
756.2500000000002 0 3
762.5000000000002 0 9
756.25 0 12
756.25 0 9
762.5000000000002 0 15
756.2500000000001 0 18
756.2500000000002 0 15
762.5000000000002 0 21
756.25 0 21
775 0 3
768.7500000000001 0 6
768.7500000000002 0 3
775 0 9
768.75 0 12
768.7500000000002 0 9
775 0 15
768.7500000000001 0 18
768.7500000000002 0 15
775 0 21
768.7500000000002 0 21
787.5000000000001 0 3
781.25 0 6
781.25 0 3
787.5000000000001 0 9
781.25 0 12
781.25 0 9
787.5000000000001 0 15
781.25 0 18
781.25 0 15
787.5000000000001 0 21
781.25 0 21
800 0 3
793.75 0 6
793.75 0 3
800 0 9
793.75 0 12
793.75 0 9
800 0 15
793.75 0 18
793.75 0 15
800 0 21
793.75 0 21
812.5 0 3
806.25 0 6
806.25 0 3
812.5 0 9
806.25 0 12
806.25 0 9
812.5 0 15
806.25 0 18
806.25 0 15
812.5 0 21
806.25 0 21
825.0000000000002 0 3
818.7500000000001 0 6
818.7500000000002 0 3
825.0000000000002 0 9
818.75 0 12
818.75 0 9
825.0000000000002 0 15
818.7500000000001 0 18
818.7500000000002 0 15
825.0000000000002 0 21
818.75 0 21
837.5 0 3
831.2500000000001 0 6
831.2500000000002 0 3
837.5 0 9
831.25 0 12
831.2500000000002 0 9
837.5 0 15
831.2500000000001 0 18
831.2500000000002 0 15
837.5 0 21
831.2500000000002 0 21
850.0000000000001 0 3
843.75 0 6
843.75 0 3
850.0000000000001 0 9
843.75 0 12
843.75 0 9
850.0000000000001 0 15
843.75 0 18
843.75 0 15
850.0000000000001 0 21
843.75 0 21
862.5 0 3
856.25 0 6
856.25 0 3
862.5 0 9
856.25 0 12
856.25 0 9
862.5 0 15
856.25 0 18
856.25 0 15
862.5 0 21
856.25 0 21
875 0 3
868.75 0 6
868.75 0 3
875 0 9
868.75 0 12
868.75 0 9
875 0 15
868.75 0 18
868.75 0 15
875 0 21
868.75 0 21
887.5000000000002 0 3
881.2500000000001 0 6
881.2500000000002 0 3
887.5000000000002 0 9
881.25 0 12
881.25 0 9
887.5000000000002 0 15
881.2500000000001 0 18
881.2500000000002 0 15
887.5000000000002 0 21
881.25 0 21
900 0 3
893.7500000000001 0 6
893.7500000000002 0 3
900 0 9
893.75 0 12
893.7500000000002 0 9
900 0 15
893.7500000000001 0 18
893.7500000000002 0 15
900 0 21
893.7500000000002 0 21
912.5000000000001 0 3
906.25 0 6
906.25 0 3
912.5000000000001 0 9
906.25 0 12
906.25 0 9
912.5000000000001 0 15
906.25 0 18
906.25 0 15
912.5000000000001 0 21
906.25 0 21
925 0 3
918.75 0 6
918.75 0 3
925 0 9
918.75 0 12
918.75 0 9
925 0 15
918.75 0 18
918.75 0 15
925 0 21
918.75 0 21
937.5 0 3
931.25 0 6
931.25 0 3
937.5 0 9
931.25 0 12
931.25 0 9
937.5 0 15
931.25 0 18
931.25 0 15
937.5 0 21
931.25 0 21
950.0000000000002 0 3
943.7500000000001 0 6
943.7500000000002 0 3
950.0000000000002 0 9
943.75 0 12
943.75 0 9
950.0000000000002 0 15
943.7500000000001 0 18
943.7500000000002 0 15
950.0000000000002 0 21
943.75 0 21
962.5 0 3
956.2500000000001 0 6
956.2500000000002 0 3
962.5 0 9
956.25 0 12
956.2500000000002 0 9
962.5 0 15
956.2500000000001 0 18
956.2500000000002 0 15
962.5 0 21
956.2500000000002 0 21
975.0000000000001 0 3
968.75 0 6
968.75 0 3
975.0000000000001 0 9
968.75 0 12
968.75 0 9
975.0000000000001 0 15
968.75 0 18
968.75 0 15
975.0000000000001 0 21
968.75 0 21
987.5 0 3
981.25 0 6
981.25 0 3
987.5 0 9
981.25 0 12
981.25 0 9
987.5 0 15
981.25 0 18
981.25 0 15
987.5 0 21
981.25 0 21
993.75 0 6
993.75 0 3
993.75 0 12
993.75 0 9
993.75 0 18
993.75 0 15
993.75 0 21
2 4 0 1113
1912
1913
1914
1915
1916
1917
1918
1919
1920
1921
1922
1923
1924
1925
1926
1927
1928
1929
1930
1931
1932
1933
1934
1935
1936
1937
1938
1939
1940
1941
1942
1943
1944
1945
1946
1947
1948
1949
1950
1951
1952
1953
1954
1955
1956
1957
1958
1959
1960
1961
1962
1963
1964
1965
1966
1967
1968
1969
1970
1971
1972
1973
1974
1975
1976
1977
1978
1979
1980
1981
1982
1983
1984
1985
1986
1987
1988
1989
1990
1991
1992
1993
1994
1995
1996
1997
1998
1999
2000
2001
2002
2003
2004
2005
2006
2007
2008
2009
2010
2011
2012
2013
2014
2015
2016
2017
2018
2019
2020
2021
2022
2023
2024
2025
2026
2027
2028
2029
2030
2031
2032
2033
2034
2035
2036
2037
2038
2039
2040
2041
2042
2043
2044
2045
2046
2047
2048
2049
2050
2051
2052
2053
2054
2055
2056
2057
2058
2059
2060
2061
2062
2063
2064
2065
2066
2067
2068
2069
2070
2071
2072
2073
2074
2075
2076
2077
2078
2079
2080
2081
2082
2083
2084
2085
2086
2087
2088
2089
2090
2091
2092
2093
2094
2095
2096
2097
2098
2099
2100
2101
2102
2103
2104
2105
2106
2107
2108
2109
2110
2111
2112
2113
2114
2115
2116
2117
2118
2119
2120
2121
2122
2123
2124
2125
2126
2127
2128
2129
2130
2131
2132
2133
2134
2135
2136
2137
2138
2139
2140
2141
2142
2143
2144
2145
2146
2147
2148
2149
2150
2151
2152
2153
2154
2155
2156
2157
2158
2159
2160
2161
2162
2163
2164
2165
2166
2167
2168
2169
2170
2171
2172
2173
2174
2175
2176
2177
2178
2179
2180
2181
2182
2183
2184
2185
2186
2187
2188
2189
2190
2191
2192
2193
2194
2195
2196
2197
2198
2199
2200
2201
2202
2203
2204
2205
2206
2207
2208
2209
2210
2211
2212
2213
2214
2215
2216
2217
2218
2219
2220
2221
2222
2223
2224
2225
2226
2227
2228
2229
2230
2231
2232
2233
2234
2235
2236
2237
2238
2239
2240
2241
2242
2243
2244
2245
2246
2247
2248
2249
2250
2251
2252
2253
2254
2255
2256
2257
2258
2259
2260
2261
2262
2263
2264
2265
2266
2267
2268
2269
2270
2271
2272
2273
2274
2275
2276
2277
2278
2279
2280
2281
2282
2283
2284
2285
2286
2287
2288
2289
2290
2291
2292
2293
2294
2295
2296
2297
2298
2299
2300
2301
2302
2303
2304
2305
2306
2307
2308
2309
2310
2311
2312
2313
2314
2315
2316
2317
2318
2319
2320
2321
2322
2323
2324
2325
2326
2327
2328
2329
2330
2331
2332
2333
2334
2335
2336
2337
2338
2339
2340
2341
2342
2343
2344
2345
2346
2347
2348
2349
2350
2351
2352
2353
2354
2355
2356
2357
2358
2359
2360
2361
2362
2363
2364
2365
2366
2367
2368
2369
2370
2371
2372
2373
2374
2375
2376
2377
2378
2379
2380
2381
2382
2383
2384
2385
2386
2387
2388
2389
2390
2391
2392
2393
2394
2395
2396
2397
2398
2399
2400
2401
2402
2403
2404
2405
2406
2407
2408
2409
2410
2411
2412
2413
2414
2415
2416
2417
2418
2419
2420
2421
2422
2423
2424
2425
2426
2427
2428
2429
2430
2431
2432
2433
2434
2435
2436
2437
2438
2439
2440
2441
2442
2443
2444
2445
2446
2447
2448
2449
2450
2451
2452
2453
2454
2455
2456
2457
2458
2459
2460
2461
2462
2463
2464
2465
2466
2467
2468
2469
2470
2471
2472
2473
2474
2475
2476
2477
2478
2479
2480
2481
2482
2483
2484
2485
2486
2487
2488
2489
2490
2491
2492
2493
2494
2495
2496
2497
2498
2499
2500
2501
2502
2503
2504
2505
2506
2507
2508
2509
2510
2511
2512
2513
2514
2515
2516
2517
2518
2519
2520
2521
2522
2523
2524
2525
2526
2527
2528
2529
2530
2531
2532
2533
2534
2535
2536
2537
2538
2539
2540
2541
2542
2543
2544
2545
2546
2547
2548
2549
2550
2551
2552
2553
2554
2555
2556
2557
2558
2559
2560
2561
2562
2563
2564
2565
2566
2567
2568
2569
2570
2571
2572
2573
2574
2575
2576
2577
2578
2579
2580
2581
2582
2583
2584
2585
2586
2587
2588
2589
2590
2591
2592
2593
2594
2595
2596
2597
2598
2599
2600
2601
2602
2603
2604
2605
2606
2607
2608
2609
2610
2611
2612
2613
2614
2615
2616
2617
2618
2619
2620
2621
2622
2623
2624
2625
2626
2627
2628
2629
2630
2631
2632
2633
2634
2635
2636
2637
2638
2639
2640
2641
2642
2643
2644
2645
2646
2647
2648
2649
2650
2651
2652
2653
2654
2655
2656
2657
2658
2659
2660
2661
2662
2663
2664
2665
2666
2667
2668
2669
2670
2671
2672
2673
2674
2675
2676
2677
2678
2679
2680
2681
2682
2683
2684
2685
2686
2687
2688
2689
2690
2691
2692
2693
2694
2695
2696
2697
2698
2699
2700
2701
2702
2703
2704
2705
2706
2707
2708
2709
2710
2711
2712
2713
2714
2715
2716
2717
2718
2719
2720
2721
2722
2723
2724
2725
2726
2727
2728
2729
2730
2731
2732
2733
2734
2735
2736
2737
2738
2739
2740
2741
2742
2743
2744
2745
2746
2747
2748
2749
2750
2751
2752
2753
2754
2755
2756
2757
2758
2759
2760
2761
2762
2763
2764
2765
2766
2767
2768
2769
2770
2771
2772
2773
2774
2775
2776
2777
2778
2779
2780
2781
2782
2783
2784
2785
2786
2787
2788
2789
2790
2791
2792
2793
2794
2795
2796
2797
2798
2799
2800
2801
2802
2803
2804
2805
2806
2807
2808
2809
2810
2811
2812
2813
2814
2815
2816
2817
2818
2819
2820
2821
2822
2823
2824
2825
2826
2827
2828
2829
2830
2831
2832
2833
2834
2835
2836
2837
2838
2839
2840
2841
2842
2843
2844
2845
2846
2847
2848
2849
2850
2851
2852
2853
2854
2855
2856
2857
2858
2859
2860
2861
2862
2863
2864
2865
2866
2867
2868
2869
2870
2871
2872
2873
2874
2875
2876
2877
2878
2879
2880
2881
2882
2883
2884
2885
2886
2887
2888
2889
2890
2891
2892
2893
2894
2895
2896
2897
2898
2899
2900
2901
2902
2903
2904
2905
2906
2907
2908
2909
2910
2911
2912
2913
2914
2915
2916
2917
2918
2919
2920
2921
2922
2923
2924
2925
2926
2927
2928
2929
2930
2931
2932
2933
2934
2935
2936
2937
2938
2939
2940
2941
2942
2943
2944
2945
2946
2947
2948
2949
2950
2951
2952
2953
2954
2955
2956
2957
2958
2959
2960
2961
2962
2963
2964
2965
2966
2967
2968
2969
2970
2971
2972
2973
2974
2975
2976
2977
2978
2979
2980
2981
2982
2983
2984
2985
2986
2987
2988
2989
2990
2991
2992
2993
2994
2995
2996
2997
2998
2999
3000
3001
3002
3003
3004
3005
3006
3007
3008
3009
3010
3011
3012
3013
3014
3015
3016
3017
3018
3019
3020
3021
3022
3023
3024
12.5 10 6
12.5 10 12
12.5 10 18
25 10 6
25 10 12
25 10 18
37.50000000000001 10 6
37.50000000000001 10 12
37.50000000000001 10 18
49.99999999999999 10 6
50 10 12
49.99999999999999 10 18
62.5 10 6
62.5 10 12
62.5 10 18
75.00000000000001 10 6
75.00000000000001 10 12
75.00000000000001 10 18
87.50000000000003 10 6
87.50000000000001 10 12
87.50000000000003 10 18
99.99999999999999 10 6
100 10 12
99.99999999999999 10 18
112.5 10 6
112.5 10 12
112.5 10 18
125 10 6
125 10 12
125 10 18
137.5 10 6
137.5 10 12
137.5 10 18
150 10 6
150 10 12
150 10 18
162.5 10 6
162.5 10 12
162.5 10 18
175.0000000000001 10 6
175 10 12
175.0000000000001 10 18
187.5 10 6
187.5 10 12
187.5 10 18
200 10 6
200 10 12
200 10 18
212.5 10 6
212.5 10 12
212.5 10 18
225 10 6
225 10 12
225 10 18
237.5000000000001 10 6
237.5 10 12
237.5000000000001 10 18
250 10 6
250 10 12
250 10 18
262.4999999999999 10 6
262.5 10 12
262.5 10 18
274.9999999999999 10 6
275 10 12
275 10 18
287.5000000000001 10 6
287.5000000000001 10 12
287.5000000000001 10 18
300.0000000000001 10 6
300.0000000000001 10 12
300.0000000000001 10 18
312.5 10 6
312.5 10 12
312.5 10 18
324.9999999999999 10 6
325 10 12
325 10 18
337.4999999999999 10 6
337.5 10 12
337.4999999999999 10 18
350.0000000000001 10 6
350.0000000000001 10 12
350.0000000000001 10 18
362.5000000000001 10 6
362.5000000000001 10 12
362.5000000000001 10 18
375 10 6
375 10 12
375 10 18
387.5 10 6
387.5 10 12
387.5 10 18
399.9999999999999 10 6
400 10 12
399.9999999999999 10 18
412.5000000000001 10 6
412.5000000000001 10 12
412.5000000000001 10 18
425.0000000000001 10 6
425.0000000000001 10 12
425.0000000000001 10 18
437.5 10 6
437.5 10 12
437.5 10 18
450 10 6
450 10 12
450 10 18
462.4999999999999 10 6
462.5 10 12
462.4999999999999 10 18
475.0000000000001 10 6
475.0000000000001 10 12
475.0000000000001 10 18
487.5000000000001 10 6
487.5000000000001 10 12
487.5000000000001 10 18
500 10 6
500 10 12
500 10 18
512.5000000000002 10 6
512.5000000000001 10 12
512.5000000000002 10 18
524.9999999999999 10 6
525 10 12
525 10 18
537.5000000000001 10 6
537.5 10 12
537.5 10 18
549.9999999999999 10 6
550 10 12
550 10 18
562.5 10 6
562.5 10 12
562.5 10 18
575.0000000000002 10 6
575.0000000000001 10 12
575.0000000000002 10 18
587.4999999999999 10 6
587.5 10 12
587.5 10 18
600.0000000000001 10 6
600.0000000000001 10 12
600.0000000000001 10 18
612.4999999999999 10 6
612.5 10 12
612.5 10 18
625 10 6
625 10 12
625 10 18
637.5000000000002 10 6
637.5000000000001 10 12
637.5000000000002 10 18
649.9999999999999 10 6
650 10 12
650 10 18
662.5000000000001 10 6
662.5000000000001 10 12
662.5000000000001 10 18
674.9999999999999 10 6
675 10 12
674.9999999999999 10 18
687.5 10 6
687.5 10 12
687.5 10 18
700.0000000000002 10 6
700.0000000000001 10 12
700.0000000000002 10 18
712.5 10 6
712.5 10 12
712.5 10 18
725.0000000000001 10 6
725.0000000000001 10 12
725.0000000000001 10 18
737.4999999999999 10 6
737.5 10 12
737.4999999999999 10 18
750 10 6
750 10 12
750 10 18
762.5000000000002 10 6
762.5000000000001 10 12
762.5000000000002 10 18
775 10 6
775 10 12
775 10 18
787.5000000000001 10 6
787.5000000000001 10 12
787.5000000000001 10 18
799.9999999999999 10 6
800 10 12
799.9999999999999 10 18
812.5 10 6
812.5 10 12
812.5 10 18
825.0000000000002 10 6
825.0000000000001 10 12
825.0000000000002 10 18
837.5 10 6
837.5 10 12
837.5 10 18
850.0000000000001 10 6
850.0000000000001 10 12
850.0000000000001 10 18
862.4999999999999 10 6
862.5 10 12
862.4999999999999 10 18
875 10 6
875 10 12
875 10 18
887.5000000000002 10 6
887.5000000000001 10 12
887.5000000000002 10 18
900 10 6
900 10 12
900 10 18
912.5000000000001 10 6
912.5000000000001 10 12
912.5000000000001 10 18
924.9999999999999 10 6
925 10 12
924.9999999999999 10 18
937.5 10 6
937.5 10 12
937.5 10 18
950.0000000000002 10 6
950.0000000000001 10 12
950.0000000000002 10 18
962.5 10 6
962.5 10 12
962.5 10 18
975.0000000000001 10 6
975.0000000000001 10 12
975.0000000000001 10 18
987.4999999999999 10 6
987.5 10 12
987.4999999999999 10 18
6.249999999999999 10 6
12.5 10 3
6.25 10 3
6.25 10 12
12.5 10 9
6.25 10 9
6.249999999999999 10 18
12.5 10 15
6.25 10 15
12.5 10 21
6.25 10 21
18.75 10 6
25 10 3
18.75 10 3
18.75 10 12
25 10 9
18.75 10 9
18.75 10 18
25 10 15
18.75 10 15
25 10 21
18.75 10 21
31.25 10 6
37.50000000000001 10 3
31.25000000000001 10 3
31.25 10 12
37.50000000000001 10 9
31.25000000000001 10 9
31.25 10 18
37.50000000000001 10 15
31.25000000000001 10 15
37.50000000000001 10 21
31.25000000000001 10 21
43.75 10 6
50 10 3
43.75000000000001 10 3
43.75 10 12
50 10 9
43.75 10 9
43.75 10 18
50 10 15
43.75 10 15
50 10 21
43.75000000000001 10 21
56.25 10 6
62.5 10 3
56.25 10 3
56.25 10 12
62.5 10 9
56.25 10 9
56.25 10 18
62.5 10 15
56.25 10 15
62.5 10 21
56.25 10 21
68.75 10 6
75.00000000000001 10 3
68.75 10 3
68.75 10 12
75.00000000000001 10 9
68.75 10 9
68.75 10 18
75.00000000000001 10 15
68.75 10 15
75.00000000000001 10 21
68.75 10 21
81.25000000000003 10 6
87.50000000000003 10 3
81.25000000000003 10 3
81.25000000000001 10 12
87.50000000000003 10 9
81.25000000000001 10 9
81.25000000000003 10 18
87.50000000000003 10 15
81.25000000000003 10 15
87.50000000000003 10 21
81.25000000000001 10 21
93.75 10 6
100 10 3
93.75 10 3
93.75 10 12
100 10 9
93.75 10 9
93.75 10 18
100 10 15
93.75 10 15
100 10 21
93.75 10 21
106.25 10 6
112.5 10 3
106.25 10 3
106.25 10 12
112.5 10 9
106.25 10 9
106.25 10 18
112.5 10 15
106.25 10 15
112.5 10 21
106.25 10 21
118.75 10 6
125 10 3
118.75 10 3
118.75 10 12
125 10 9
118.75 10 9
118.75 10 18
125 10 15
118.75 10 15
125 10 21
118.75 10 21
131.25 10 6
137.5 10 3
131.25 10 3
131.25 10 12
137.5 10 9
131.25 10 9
131.25 10 18
137.5 10 15
131.25 10 15
137.5 10 21
131.25 10 21
143.75 10 6
150 10 3
143.75 10 3
143.75 10 12
150 10 9
143.75 10 9
143.75 10 18
150 10 15
143.75 10 15
150 10 21
143.75 10 21
156.25 10 6
162.5 10 3
156.25 10 3
156.25 10 12
162.5 10 9
156.25 10 9
156.25 10 18
162.5 10 15
156.25 10 15
162.5 10 21
156.25 10 21
168.75 10 6
175.0000000000001 10 3
168.75 10 3
168.75 10 12
175.0000000000001 10 9
168.75 10 9
168.75 10 18
175.0000000000001 10 15
168.75 10 15
175.0000000000001 10 21
168.7500000000001 10 21
181.25 10 6
187.5 10 3
181.25 10 3
181.25 10 12
187.5 10 9
181.25 10 9
181.25 10 18
187.5 10 15
181.25 10 15
187.5 10 21
181.25 10 21
193.75 10 6
200 10 3
193.75 10 3
193.75 10 12
200 10 9
193.75 10 9
193.75 10 18
200 10 15
193.75 10 15
200 10 21
193.75 10 21
206.25 10 6
212.5 10 3
206.25 10 3
206.25 10 12
212.5 10 9
206.25 10 9
206.25 10 18
212.5 10 15
206.25 10 15
212.5 10 21
206.25 10 21
218.75 10 6
225 10 3
218.75 10 3
218.75 10 12
225 10 9
218.75 10 9
218.75 10 18
225 10 15
218.75 10 15
225 10 21
218.75 10 21
231.25 10 6
237.5000000000001 10 3
231.2500000000001 10 3
231.25 10 12
237.5000000000001 10 9
231.2500000000001 10 9
231.25 10 18
237.5000000000001 10 15
231.2500000000001 10 15
237.5000000000001 10 21
231.2500000000001 10 21
243.75 10 6
250 10 3
243.75 10 3
243.75 10 12
250 10 9
243.75 10 9
243.75 10 18
250 10 15
243.75 10 15
250 10 21
243.75 10 21
256.25 10 6
262.5 10 3
256.25 10 3
256.25 10 12
262.5 10 9
256.25 10 9
256.25 10 18
262.5 10 15
256.25 10 15
262.5 10 21
256.25 10 21
268.7499999999999 10 6
275 10 3
268.75 10 3
268.75 10 12
275 10 9
268.75 10 9
268.75 10 18
275 10 15
268.75 10 15
275 10 21
268.75 10 21
281.25 10 6
287.5000000000001 10 3
281.25 10 3
281.25 10 12
287.5000000000001 10 9
281.2500000000001 10 9
281.2500000000001 10 18
287.5000000000001 10 15
281.25 10 15
287.5000000000001 10 21
281.2500000000001 10 21
293.7500000000001 10 6
300.0000000000001 10 3
293.7500000000001 10 3
293.7500000000001 10 12
300.0000000000001 10 9
293.7500000000001 10 9
293.7500000000001 10 18
300.0000000000001 10 15
293.7500000000001 10 15
300.0000000000001 10 21
293.7500000000001 10 21
306.25 10 6
312.5 10 3
306.25 10 3
306.25 10 12
312.5 10 9
306.25 10 9
306.25 10 18
312.5 10 15
306.25 10 15
312.5 10 21
306.25 10 21
318.75 10 6
325 10 3
318.75 10 3
318.75 10 12
325 10 9
318.75 10 9
318.75 10 18
325 10 15
318.75 10 15
325 10 21
318.75 10 21
331.2499999999999 10 6
337.5 10 3
331.25 10 3
331.25 10 12
337.5 10 9
331.25 10 9
331.25 10 18
337.5 10 15
331.25 10 15
337.5 10 21
331.25 10 21
343.75 10 6
350.0000000000001 10 3
343.7500000000001 10 3
343.75 10 12
350.0000000000001 10 9
343.7500000000001 10 9
343.75 10 18
350.0000000000001 10 15
343.7500000000001 10 15
350.0000000000001 10 21
343.7500000000001 10 21
356.2500000000001 10 6
362.5000000000001 10 3
356.2500000000001 10 3
356.2500000000001 10 12
362.5000000000001 10 9
356.2500000000001 10 9
356.2500000000001 10 18
362.5000000000001 10 15
356.2500000000001 10 15
362.5000000000001 10 21
356.2500000000001 10 21
368.75 10 6
375 10 3
368.75 10 3
368.75 10 12
375 10 9
368.75 10 9
368.75 10 18
375 10 15
368.75 10 15
375 10 21
368.75 10 21
381.25 10 6
387.5 10 3
381.25 10 3
381.25 10 12
387.5 10 9
381.25 10 9
381.25 10 18
387.5 10 15
381.25 10 15
387.5 10 21
381.25 10 21
393.75 10 6
400 10 3
393.75 10 3
393.75 10 12
400 10 9
393.75 10 9
393.75 10 18
400 10 15
393.75 10 15
400 10 21
393.75 10 21
406.25 10 6
412.5000000000001 10 3
406.2500000000001 10 3
406.25 10 12
412.5000000000001 10 9
406.2500000000001 10 9
406.25 10 18
412.5000000000001 10 15
406.2500000000001 10 15
412.5000000000001 10 21
406.2500000000001 10 21
418.7500000000001 10 6
425.0000000000001 10 3
418.7500000000001 10 3
418.7500000000001 10 12
425.0000000000001 10 9
418.7500000000001 10 9
418.7500000000001 10 18
425.0000000000001 10 15
418.7500000000001 10 15
425.0000000000001 10 21
418.7500000000001 10 21
431.25 10 6
437.5 10 3
431.25 10 3
431.25 10 12
437.5 10 9
431.25 10 9
431.25 10 18
437.5 10 15
431.25 10 15
437.5 10 21
431.25 10 21
443.75 10 6
450 10 3
443.75 10 3
443.75 10 12
450 10 9
443.75 10 9
443.75 10 18
450 10 15
443.75 10 15
450 10 21
443.75 10 21
456.25 10 6
462.5 10 3
456.25 10 3
456.25 10 12
462.5 10 9
456.25 10 9
456.25 10 18
462.5 10 15
456.25 10 15
462.5 10 21
456.25 10 21
468.75 10 6
475.0000000000001 10 3
468.7500000000001 10 3
468.75 10 12
475.0000000000001 10 9
468.7500000000001 10 9
468.75 10 18
475.0000000000001 10 15
468.7500000000001 10 15
475.0000000000001 10 21
468.7500000000001 10 21
481.2500000000001 10 6
487.5000000000001 10 3
481.2500000000001 10 3
481.2500000000001 10 12
487.5000000000001 10 9
481.2500000000001 10 9
481.2500000000001 10 18
487.5000000000001 10 15
481.2500000000001 10 15
487.5000000000001 10 21
481.2500000000001 10 21
493.75 10 6
500 10 3
493.75 10 3
493.75 10 12
500 10 9
493.75 10 9
493.75 10 18
500 10 15
493.75 10 15
500 10 21
493.75 10 21
506.2500000000001 10 6
512.5000000000002 10 3
506.2500000000001 10 3
506.2500000000001 10 12
512.5000000000002 10 9
506.2500000000001 10 9
506.2500000000001 10 18
512.5000000000002 10 15
506.2500000000001 10 15
512.5000000000002 10 21
506.2500000000001 10 21
518.75 10 6
525 10 3
518.75 10 3
518.75 10 12
525 10 9
518.75 10 9
518.7500000000001 10 18
525 10 15
518.75 10 15
525 10 21
518.75 10 21
531.25 10 6
537.5 10 3
531.25 10 3
531.25 10 12
537.5 10 9
531.25 10 9
531.25 10 18
537.5 10 15
531.25 10 15
537.5 10 21
531.25 10 21
543.75 10 6
550 10 3
543.75 10 3
543.75 10 12
550 10 9
543.75 10 9
543.75 10 18
550 10 15
543.75 10 15
550 10 21
543.75 10 21
556.25 10 6
562.5 10 3
556.25 10 3
556.25 10 12
562.5 10 9
556.25 10 9
556.25 10 18
562.5 10 15
556.25 10 15
562.5 10 21
556.25 10 21
568.7500000000001 10 6
575.0000000000002 10 3
568.75 10 3
568.75 10 12
575.0000000000002 10 9
568.7500000000002 10 9
568.7500000000001 10 18
575.0000000000002 10 15
568.75 10 15
575.0000000000002 10 21
568.7500000000002 10 21
581.25 10 6
587.5 10 3
581.25 10 3
581.25 10 12
587.5 10 9
581.25 10 9
581.2500000000001 10 18
587.5 10 15
581.25 10 15
587.5 10 21
581.25 10 21
593.75 10 6
600.0000000000001 10 3
593.75 10 3
593.75 10 12
600.0000000000001 10 9
593.75 10 9
593.75 10 18
600.0000000000001 10 15
593.75 10 15
600.0000000000001 10 21
593.75 10 21
606.25 10 6
612.5 10 3
606.25 10 3
606.25 10 12
612.5 10 9
606.25 10 9
606.25 10 18
612.5 10 15
606.25 10 15
612.5 10 21
606.25 10 21
618.75 10 6
625 10 3
618.75 10 3
618.75 10 12
625 10 9
618.75 10 9
618.75 10 18
625 10 15
618.75 10 15
625 10 21
618.75 10 21
631.2500000000001 10 6
637.5000000000002 10 3
631.25 10 3
631.25 10 12
637.5000000000002 10 9
631.2500000000002 10 9
631.2500000000001 10 18
637.5000000000002 10 15
631.25 10 15
637.5000000000002 10 21
631.2500000000002 10 21
643.75 10 6
650 10 3
643.75 10 3
643.75 10 12
650 10 9
643.75 10 9
643.7500000000001 10 18
650 10 15
643.75 10 15
650 10 21
643.75 10 21
656.25 10 6
662.5000000000001 10 3
656.25 10 3
656.25 10 12
662.5000000000001 10 9
656.25 10 9
656.25 10 18
662.5000000000001 10 15
656.25 10 15
662.5000000000001 10 21
656.25 10 21
668.75 10 6
675 10 3
668.75 10 3
668.75 10 12
675 10 9
668.75 10 9
668.75 10 18
675 10 15
668.75 10 15
675 10 21
668.75 10 21
681.25 10 6
687.5 10 3
681.25 10 3
681.25 10 12
687.5 10 9
681.25 10 9
681.25 10 18
687.5 10 15
681.25 10 15
687.5 10 21
681.25 10 21
693.7500000000001 10 6
700.0000000000002 10 3
693.7500000000002 10 3
693.75 10 12
700.0000000000002 10 9
693.7500000000002 10 9
693.7500000000001 10 18
700.0000000000002 10 15
693.7500000000002 10 15
700.0000000000002 10 21
693.7500000000002 10 21
706.2500000000001 10 6
712.5 10 3
706.25 10 3
706.25 10 12
712.5 10 9
706.25 10 9
706.2500000000001 10 18
712.5 10 15
706.25 10 15
712.5 10 21
706.25 10 21
718.75 10 6
725.0000000000001 10 3
718.75 10 3
718.75 10 12
725.0000000000001 10 9
718.75 10 9
718.75 10 18
725.0000000000001 10 15
718.75 10 15
725.0000000000001 10 21
718.75 10 21
731.25 10 6
737.5 10 3
731.25 10 3
731.25 10 12
737.5 10 9
731.25 10 9
731.25 10 18
737.5 10 15
731.25 10 15
737.5 10 21
731.25 10 21
743.75 10 6
750 10 3
743.75 10 3
743.75 10 12
750 10 9
743.75 10 9
743.75 10 18
750 10 15
743.75 10 15
750 10 21
743.75 10 21
756.2500000000001 10 6
762.5000000000002 10 3
756.2500000000002 10 3
756.25 10 12
762.5000000000002 10 9
756.2500000000002 10 9
756.2500000000001 10 18
762.5000000000002 10 15
756.2500000000002 10 15
762.5000000000002 10 21
756.2500000000002 10 21
768.7500000000001 10 6
775 10 3
768.75 10 3
768.75 10 12
775 10 9
768.75 10 9
768.7500000000001 10 18
775 10 15
768.75 10 15
775 10 21
768.75 10 21
781.25 10 6
787.5000000000001 10 3
781.25 10 3
781.25 10 12
787.5000000000001 10 9
781.25 10 9
781.25 10 18
787.5000000000001 10 15
781.25 10 15
787.5000000000001 10 21
781.25 10 21
793.75 10 6
800 10 3
793.75 10 3
793.75 10 12
800 10 9
793.75 10 9
793.75 10 18
800 10 15
793.75 10 15
800 10 21
793.75 10 21
806.25 10 6
812.5 10 3
806.25 10 3
806.25 10 12
812.5 10 9
806.25 10 9
806.25 10 18
812.5 10 15
806.25 10 15
812.5 10 21
806.25 10 21
818.7500000000001 10 6
825.0000000000002 10 3
818.7500000000002 10 3
818.75 10 12
825.0000000000002 10 9
818.7500000000002 10 9
818.7500000000001 10 18
825.0000000000002 10 15
818.7500000000002 10 15
825.0000000000002 10 21
818.7500000000002 10 21
831.2500000000001 10 6
837.5 10 3
831.25 10 3
831.25 10 12
837.5 10 9
831.25 10 9
831.2500000000001 10 18
837.5 10 15
831.25 10 15
837.5 10 21
831.25 10 21
843.75 10 6
850.0000000000001 10 3
843.75 10 3
843.75 10 12
850.0000000000001 10 9
843.75 10 9
843.75 10 18
850.0000000000001 10 15
843.75 10 15
850.0000000000001 10 21
843.75 10 21
856.25 10 6
862.5 10 3
856.25 10 3
856.25 10 12
862.5 10 9
856.25 10 9
856.25 10 18
862.5 10 15
856.25 10 15
862.5 10 21
856.25 10 21
868.75 10 6
875 10 3
868.75 10 3
868.75 10 12
875 10 9
868.75 10 9
868.75 10 18
875 10 15
868.75 10 15
875 10 21
868.75 10 21
881.2500000000001 10 6
887.5000000000002 10 3
881.2500000000002 10 3
881.25 10 12
887.5000000000002 10 9
881.2500000000002 10 9
881.2500000000001 10 18
887.5000000000002 10 15
881.2500000000002 10 15
887.5000000000002 10 21
881.2500000000002 10 21
893.7500000000001 10 6
900 10 3
893.75 10 3
893.75 10 12
900 10 9
893.75 10 9
893.7500000000001 10 18
900 10 15
893.75 10 15
900 10 21
893.75 10 21
906.25 10 6
912.5000000000001 10 3
906.25 10 3
906.25 10 12
912.5000000000001 10 9
906.25 10 9
906.25 10 18
912.5000000000001 10 15
906.25 10 15
912.5000000000001 10 21
906.25 10 21
918.75 10 6
925 10 3
918.75 10 3
918.75 10 12
925 10 9
918.75 10 9
918.75 10 18
925 10 15
918.75 10 15
925 10 21
918.75 10 21
931.25 10 6
937.5 10 3
931.25 10 3
931.25 10 12
937.5 10 9
931.25 10 9
931.25 10 18
937.5 10 15
931.25 10 15
937.5 10 21
931.25 10 21
943.7500000000001 10 6
950.0000000000002 10 3
943.7500000000002 10 3
943.75 10 12
950.0000000000002 10 9
943.7500000000002 10 9
943.7500000000001 10 18
950.0000000000002 10 15
943.7500000000002 10 15
950.0000000000002 10 21
943.7500000000002 10 21
956.2500000000001 10 6
962.5 10 3
956.25 10 3
956.25 10 12
962.5 10 9
956.25 10 9
956.2500000000001 10 18
962.5 10 15
956.25 10 15
962.5 10 21
956.25 10 21
968.75 10 6
975.0000000000001 10 3
968.75 10 3
968.75 10 12
975.0000000000001 10 9
968.75 10 9
968.75 10 18
975.0000000000001 10 15
968.75 10 15
975.0000000000001 10 21
968.75 10 21
981.25 10 6
987.5 10 3
981.25 10 3
981.25 10 12
987.5 10 9
981.25 10 9
981.25 10 18
987.5 10 15
981.25 10 15
987.5 10 21
981.25 10 21
993.75 10 6
993.75 10 3
993.75 10 12
993.75 10 9
993.75 10 18
993.75 10 15
993.75 10 21
2 5 0 1113
3025
3026
3027
3028
3029
3030
3031
3032
3033
3034
3035
3036
3037
3038
3039
3040
3041
3042
3043
3044
3045
3046
3047
3048
3049
3050
3051
3052
3053
3054
3055
3056
3057
3058
3059
3060
3061
3062
3063
3064
3065
3066
3067
3068
3069
3070
3071
3072
3073
3074
3075
3076
3077
3078
3079
3080
3081
3082
3083
3084
3085
3086
3087
3088
3089
3090
3091
3092
3093
3094
3095
3096
3097
3098
3099
3100
3101
3102
3103
3104
3105
3106
3107
3108
3109
3110
3111
3112
3113
3114
3115
3116
3117
3118
3119
3120
3121
3122
3123
3124
3125
3126
3127
3128
3129
3130
3131
3132
3133
3134
3135
3136
3137
3138
3139
3140
3141
3142
3143
3144
3145
3146
3147
3148
3149
3150
3151
3152
3153
3154
3155
3156
3157
3158
3159
3160
3161
3162
3163
3164
3165
3166
3167
3168
3169
3170
3171
3172
3173
3174
3175
3176
3177
3178
3179
3180
3181
3182
3183
3184
3185
3186
3187
3188
3189
3190
3191
3192
3193
3194
3195
3196
3197
3198
3199
3200
3201
3202
3203
3204
3205
3206
3207
3208
3209
3210
3211
3212
3213
3214
3215
3216
3217
3218
3219
3220
3221
3222
3223
3224
3225
3226
3227
3228
3229
3230
3231
3232
3233
3234
3235
3236
3237
3238
3239
3240
3241
3242
3243
3244
3245
3246
3247
3248
3249
3250
3251
3252
3253
3254
3255
3256
3257
3258
3259
3260
3261
3262
3263
3264
3265
3266
3267
3268
3269
3270
3271
3272
3273
3274
3275
3276
3277
3278
3279
3280
3281
3282
3283
3284
3285
3286
3287
3288
3289
3290
3291
3292
3293
3294
3295
3296
3297
3298
3299
3300
3301
3302
3303
3304
3305
3306
3307
3308
3309
3310
3311
3312
3313
3314
3315
3316
3317
3318
3319
3320
3321
3322
3323
3324
3325
3326
3327
3328
3329
3330
3331
3332
3333
3334
3335
3336
3337
3338
3339
3340
3341
3342
3343
3344
3345
3346
3347
3348
3349
3350
3351
3352
3353
3354
3355
3356
3357
3358
3359
3360
3361
3362
3363
3364
3365
3366
3367
3368
3369
3370
3371
3372
3373
3374
3375
3376
3377
3378
3379
3380
3381
3382
3383
3384
3385
3386
3387
3388
3389
3390
3391
3392
3393
3394
3395
3396
3397
3398
3399
3400
3401
3402
3403
3404
3405
3406
3407
3408
3409
3410
3411
3412
3413
3414
3415
3416
3417
3418
3419
3420
3421
3422
3423
3424
3425
3426
3427
3428
3429
3430
3431
3432
3433
3434
3435
3436
3437
3438
3439
3440
3441
3442
3443
3444
3445
3446
3447
3448
3449
3450
3451
3452
3453
3454
3455
3456
3457
3458
3459
3460
3461
3462
3463
3464
3465
3466
3467
3468
3469
3470
3471
3472
3473
3474
3475
3476
3477
3478
3479
3480
3481
3482
3483
3484
3485
3486
3487
3488
3489
3490
3491
3492
3493
3494
3495
3496
3497
3498
3499
3500
3501
3502
3503
3504
3505
3506
3507
3508
3509
3510
3511
3512
3513
3514
3515
3516
3517
3518
3519
3520
3521
3522
3523
3524
3525
3526
3527
3528
3529
3530
3531
3532
3533
3534
3535
3536
3537
3538
3539
3540
3541
3542
3543
3544
3545
3546
3547
3548
3549
3550
3551
3552
3553
3554
3555
3556
3557
3558
3559
3560
3561
3562
3563
3564
3565
3566
3567
3568
3569
3570
3571
3572
3573
3574
3575
3576
3577
3578
3579
3580
3581
3582
3583
3584
3585
3586
3587
3588
3589
3590
3591
3592
3593
3594
3595
3596
3597
3598
3599
3600
3601
3602
3603
3604
3605
3606
3607
3608
3609
3610
3611
3612
3613
3614
3615
3616
3617
3618
3619
3620
3621
3622
3623
3624
3625
3626
3627
3628
3629
3630
3631
3632
3633
3634
3635
3636
3637
3638
3639
3640
3641
3642
3643
3644
3645
3646
3647
3648
3649
3650
3651
3652
3653
3654
3655
3656
3657
3658
3659
3660
3661
3662
3663
3664
3665
3666
3667
3668
3669
3670
3671
3672
3673
3674
3675
3676
3677
3678
3679
3680
3681
3682
3683
3684
3685
3686
3687
3688
3689
3690
3691
3692
3693
3694
3695
3696
3697
3698
3699
3700
3701
3702
3703
3704
3705
3706
3707
3708
3709
3710
3711
3712
3713
3714
3715
3716
3717
3718
3719
3720
3721
3722
3723
3724
3725
3726
3727
3728
3729
3730
3731
3732
3733
3734
3735
3736
3737
3738
3739
3740
3741
3742
3743
3744
3745
3746
3747
3748
3749
3750
3751
3752
3753
3754
3755
3756
3757
3758
3759
3760
3761
3762
3763
3764
3765
3766
3767
3768
3769
3770
3771
3772
3773
3774
3775
3776
3777
3778
3779
3780
3781
3782
3783
3784
3785
3786
3787
3788
3789
3790
3791
3792
3793
3794
3795
3796
3797
3798
3799
3800
3801
3802
3803
3804
3805
3806
3807
3808
3809
3810
3811
3812
3813
3814
3815
3816
3817
3818
3819
3820
3821
3822
3823
3824
3825
3826
3827
3828
3829
3830
3831
3832
3833
3834
3835
3836
3837
3838
3839
3840
3841
3842
3843
3844
3845
3846
3847
3848
3849
3850
3851
3852
3853
3854
3855
3856
3857
3858
3859
3860
3861
3862
3863
3864
3865
3866
3867
3868
3869
3870
3871
3872
3873
3874
3875
3876
3877
3878
3879
3880
3881
3882
3883
3884
3885
3886
3887
3888
3889
3890
3891
3892
3893
3894
3895
3896
3897
3898
3899
3900
3901
3902
3903
3904
3905
3906
3907
3908
3909
3910
3911
3912
3913
3914
3915
3916
3917
3918
3919
3920
3921
3922
3923
3924
3925
3926
3927
3928
3929
3930
3931
3932
3933
3934
3935
3936
3937
3938
3939
3940
3941
3942
3943
3944
3945
3946
3947
3948
3949
3950
3951
3952
3953
3954
3955
3956
3957
3958
3959
3960
3961
3962
3963
3964
3965
3966
3967
3968
3969
3970
3971
3972
3973
3974
3975
3976
3977
3978
3979
3980
3981
3982
3983
3984
3985
3986
3987
3988
3989
3990
3991
3992
3993
3994
3995
3996
3997
3998
3999
4000
4001
4002
4003
4004
4005
4006
4007
4008
4009
4010
4011
4012
4013
4014
4015
4016
4017
4018
4019
4020
4021
4022
4023
4024
4025
4026
4027
4028
4029
4030
4031
4032
4033
4034
4035
4036
4037
4038
4039
4040
4041
4042
4043
4044
4045
4046
4047
4048
4049
4050
4051
4052
4053
4054
4055
4056
4057
4058
4059
4060
4061
4062
4063
4064
4065
4066
4067
4068
4069
4070
4071
4072
4073
4074
4075
4076
4077
4078
4079
4080
4081
4082
4083
4084
4085
4086
4087
4088
4089
4090
4091
4092
4093
4094
4095
4096
4097
4098
4099
4100
4101
4102
4103
4104
4105
4106
4107
4108
4109
4110
4111
4112
4113
4114
4115
4116
4117
4118
4119
4120
4121
4122
4123
4124
4125
4126
4127
4128
4129
4130
4131
4132
4133
4134
4135
4136
4137
12.5 2.5 0
25 2.5 0
37.50000000000001 2.5 0
49.99999999999999 2.5 0
62.5 2.5 0
75.00000000000001 2.5 0
87.50000000000003 2.5 0
99.99999999999999 2.5 0
112.5 2.5 0
125 2.5 0
137.5 2.5 0
150 2.5 0
162.5 2.5 0
175.0000000000001 2.5 0
187.5 2.5 0
200 2.5 0
212.5 2.5 0
225 2.5 0
237.5000000000001 2.5 0
250 2.5 0
262.5 2.5 0
275 2.5 0
287.5000000000001 2.5 0
300.0000000000001 2.5 0
312.5 2.5 0
325 2.5 0
337.4999999999999 2.5 0
350.0000000000001 2.5 0
362.5000000000001 2.5 0
375 2.5 0
387.5 2.5 0
399.9999999999999 2.5 0
412.5000000000001 2.5 0
425.0000000000001 2.5 0
437.5 2.5 0
450 2.5 0
462.4999999999999 2.5 0
475.0000000000001 2.5 0
487.5000000000001 2.5 0
500 2.5 0
512.5000000000002 2.5 0
525 2.5 0
537.5 2.5 0
550 2.5 0
562.5 2.5 0
575.0000000000002 2.5 0
587.5 2.5 0
600.0000000000001 2.5 0
612.5 2.5 0
625 2.5 0
637.5000000000002 2.5 0
650 2.5 0
662.5000000000001 2.5 0
674.9999999999999 2.5 0
687.5 2.5 0
700.0000000000002 2.5 0
712.5 2.5 0
725.0000000000001 2.5 0
737.4999999999999 2.5 0
750 2.5 0
762.5000000000002 2.5 0
775 2.5 0
787.5000000000001 2.5 0
799.9999999999999 2.5 0
812.5 2.5 0
825.0000000000002 2.5 0
837.5 2.5 0
850.0000000000001 2.5 0
862.4999999999999 2.5 0
875 2.5 0
887.5000000000002 2.5 0
900 2.5 0
912.5000000000001 2.5 0
924.9999999999999 2.5 0
937.5 2.5 0
950.0000000000002 2.5 0
962.5 2.5 0
975.0000000000001 2.5 0
987.4999999999999 2.5 0
12.5 5 0
25 5 0
37.50000000000001 5 0
50 5 0
62.5 5 0
75.00000000000001 5 0
87.50000000000001 5 0
100 5 0
112.5 5 0
125 5 0
137.5 5 0
150 5 0
162.5 5 0
175 5 0
187.5 5 0
200 5 0
212.5 5 0
225 5 0
237.5 5 0
250 5 0
262.5 5 0
275 5 0
287.5000000000001 5 0
300.0000000000001 5 0
312.5 5 0
325 5 0
337.5 5 0
350.0000000000001 5 0
362.5000000000001 5 0
375 5 0
387.5 5 0
400 5 0
412.5000000000001 5 0
425.0000000000001 5 0
437.5 5 0
450 5 0
462.5 5 0
475.0000000000001 5 0
487.5000000000001 5 0
500 5 0
512.5000000000001 5 0
525 5 0
537.5 5 0
550 5 0
562.5 5 0
575.0000000000001 5 0
587.5 5 0
600.0000000000001 5 0
612.5 5 0
625 5 0
637.5000000000001 5 0
650 5 0
662.5000000000001 5 0
675 5 0
687.5 5 0
700.0000000000001 5 0
712.5 5 0
725.0000000000001 5 0
737.5 5 0
750 5 0
762.5000000000001 5 0
775 5 0
787.5000000000001 5 0
800 5 0
812.5 5 0
825.0000000000001 5 0
837.5 5 0
850.0000000000001 5 0
862.5 5 0
875 5 0
887.5000000000001 5 0
900 5 0
912.5000000000001 5 0
925 5 0
937.5 5 0
950.0000000000001 5 0
962.5 5 0
975.0000000000001 5 0
987.5 5 0
12.5 7.499999999999999 0
25 7.5 0
37.50000000000001 7.5 0
49.99999999999999 7.500000000000001 0
62.5 7.5 0
75.00000000000001 7.499999999999999 0
87.50000000000003 7.5 0
99.99999999999999 7.5 0
112.5 7.500000000000001 0
125 7.5 0
137.5 7.499999999999999 0
150 7.5 0
162.5 7.5 0
175.0000000000001 7.500000000000001 0
187.5 7.5 0
200 7.499999999999999 0
212.5 7.5 0
225 7.5 0
237.5000000000001 7.500000000000001 0
250 7.5 0
262.4999999999999 7.499999999999999 0
274.9999999999999 7.5 0
287.5000000000001 7.500000000000001 0
300.0000000000001 7.500000000000001 0
312.5 7.5 0
324.9999999999999 7.499999999999999 0
337.4999999999999 7.5 0
350.0000000000001 7.500000000000001 0
362.5000000000001 7.5 0
375 7.5 0
387.5 7.5 0
399.9999999999999 7.5 0
412.5000000000001 7.500000000000001 0
425.0000000000001 7.5 0
437.5 7.5 0
450 7.5 0
462.4999999999999 7.5 0
475.0000000000001 7.500000000000001 0
487.5000000000001 7.5 0
500 7.5 0
512.5000000000002 7.5 0
524.9999999999999 7.5 0
537.5000000000001 7.5 0
549.9999999999999 7.5 0
562.5 7.5 0
575.0000000000002 7.5 0
587.4999999999999 7.5 0
600.0000000000001 7.5 0
612.4999999999999 7.5 0
625 7.5 0
637.5000000000002 7.5 0
649.9999999999999 7.5 0
662.5000000000001 7.5 0
674.9999999999999 7.5 0
687.5 7.5 0
700.0000000000002 7.5 0
712.5 7.5 0
725.0000000000001 7.5 0
737.4999999999999 7.5 0
750 7.5 0
762.5000000000002 7.5 0
775 7.5 0
787.5000000000001 7.5 0
799.9999999999999 7.5 0
812.5 7.5 0
825.0000000000002 7.5 0
837.5 7.5 0
850.0000000000001 7.5 0
862.4999999999999 7.5 0
875 7.5 0
887.5000000000002 7.5 0
900 7.5 0
912.5000000000001 7.5 0
924.9999999999999 7.499999999999999 0
937.5 7.5 0
950.0000000000002 7.5 0
962.5 7.5 0
975.0000000000001 7.5 0
987.4999999999999 7.499999999999999 0
6.249999999999999 2.5 0
12.5 1.25 0
6.25 1.25 0
18.75 2.5 0
25 1.25 0
18.75 1.25 0
31.25 2.5 0
37.50000000000001 1.25 0
31.25000000000001 1.25 0
43.75 2.5 0
50 1.25 0
43.75000000000001 1.25 0
56.25 2.5 0
62.5 1.25 0
56.25 1.25 0
68.75 2.5 0
75.00000000000001 1.25 0
68.75 1.25 0
81.25000000000003 2.5 0
87.50000000000003 1.25 0
81.25000000000003 1.25 0
93.75 2.5 0
100 1.25 0
93.75 1.25 0
106.25 2.5 0
112.5 1.25 0
106.25 1.25 0
118.75 2.5 0
125 1.25 0
118.75 1.25 0
131.25 2.5 0
137.5 1.25 0
131.25 1.25 0
143.75 2.5 0
150 1.25 0
143.75 1.25 0
156.25 2.5 0
162.5 1.25 0
156.25 1.25 0
168.75 2.5 0
175.0000000000001 1.25 0
168.75 1.25 0
181.25 2.5 0
187.5 1.25 0
181.25 1.25 0
193.75 2.5 0
200 1.25 0
193.75 1.25 0
206.25 2.5 0
212.5 1.25 0
206.25 1.25 0
218.75 2.5 0
225 1.25 0
218.75 1.25 0
231.25 2.5 0
237.5000000000001 1.25 0
231.2500000000001 1.25 0
243.75 2.5 0
250 1.25 0
243.75 1.25 0
256.25 2.5 0
262.5 1.25 0
256.25 1.25 0
268.75 2.5 0
275 1.25 0
268.75 1.25 0
281.2500000000001 2.5 0
287.5000000000001 1.25 0
281.25 1.25 0
293.7500000000001 2.5 0
300.0000000000001 1.25 0
293.7500000000001 1.25 0
306.25 2.5 0
312.5 1.25 0
306.25 1.25 0
318.75 2.5 0
325 1.25 0
318.75 1.25 0
331.25 2.5 0
337.5 1.25 0
331.25 1.25 0
343.75 2.5 0
350.0000000000001 1.25 0
343.7500000000001 1.25 0
356.2500000000001 2.5 0
362.5000000000001 1.25 0
356.2500000000001 1.25 0
368.75 2.5 0
375 1.25 0
368.75 1.25 0
381.25 2.5 0
387.5 1.25 0
381.25 1.25 0
393.75 2.5 0
400 1.25 0
393.75 1.25 0
406.25 2.5 0
412.5000000000001 1.25 0
406.2500000000001 1.25 0
418.7500000000001 2.5 0
425.0000000000001 1.25 0
418.7500000000001 1.25 0
431.25 2.5 0
437.5 1.25 0
431.25 1.25 0
443.75 2.5 0
450 1.25 0
443.75 1.25 0
456.25 2.5 0
462.5 1.25 0
456.25 1.25 0
468.75 2.5 0
475.0000000000001 1.25 0
468.7500000000001 1.25 0
481.2500000000001 2.5 0
487.5000000000001 1.25 0
481.2500000000001 1.25 0
493.75 2.5 0
500 1.25 0
493.75 1.25 0
506.2500000000001 2.5 0
512.5000000000002 1.25 0
506.2500000000001 1.25 0
518.7500000000001 2.5 0
525 1.25 0
518.75 1.25 0
531.25 2.5 0
537.5 1.25 0
531.25 1.25 0
543.75 2.5 0
550 1.25 0
543.75 1.25 0
556.25 2.5 0
562.5 1.25 0
556.25 1.25 0
568.7500000000001 2.5 0
575.0000000000002 1.25 0
568.75 1.25 0
581.2500000000001 2.5 0
587.5 1.25 0
581.25 1.25 0
593.75 2.5 0
600.0000000000001 1.25 0
593.75 1.25 0
606.25 2.5 0
612.5 1.25 0
606.25 1.25 0
618.75 2.5 0
625 1.25 0
618.75 1.25 0
631.2500000000001 2.5 0
637.5000000000002 1.25 0
631.25 1.25 0
643.7500000000001 2.5 0
650 1.25 0
643.75 1.25 0
656.25 2.5 0
662.5000000000001 1.25 0
656.25 1.25 0
668.75 2.5 0
675 1.25 0
668.75 1.25 0
681.25 2.5 0
687.5 1.25 0
681.25 1.25 0
693.7500000000001 2.5 0
700.0000000000002 1.25 0
693.7500000000002 1.25 0
706.2500000000001 2.5 0
712.5 1.25 0
706.25 1.25 0
718.75 2.5 0
725.0000000000001 1.25 0
718.75 1.25 0
731.25 2.5 0
737.5 1.25 0
731.25 1.25 0
743.75 2.5 0
750 1.25 0
743.75 1.25 0
756.2500000000001 2.5 0
762.5000000000002 1.25 0
756.2500000000002 1.25 0
768.7500000000001 2.5 0
775 1.25 0
768.75 1.25 0
781.25 2.5 0
787.5000000000001 1.25 0
781.25 1.25 0
793.75 2.5 0
800 1.25 0
793.75 1.25 0
806.25 2.5 0
812.5 1.25 0
806.25 1.25 0
818.7500000000001 2.5 0
825.0000000000002 1.25 0
818.7500000000002 1.25 0
831.2500000000001 2.5 0
837.5 1.25 0
831.25 1.25 0
843.75 2.5 0
850.0000000000001 1.25 0
843.75 1.25 0
856.25 2.5 0
862.5 1.25 0
856.25 1.25 0
868.75 2.5 0
875 1.25 0
868.75 1.25 0
881.2500000000001 2.5 0
887.5000000000002 1.25 0
881.2500000000002 1.25 0
893.7500000000001 2.5 0
900 1.25 0
893.75 1.25 0
906.25 2.5 0
912.5000000000001 1.25 0
906.25 1.25 0
918.75 2.5 0
925 1.25 0
918.75 1.25 0
931.25 2.5 0
937.5 1.25 0
931.25 1.25 0
943.7500000000001 2.5 0
950.0000000000002 1.25 0
943.7500000000002 1.25 0
956.2500000000001 2.5 0
962.5 1.25 0
956.25 1.25 0
968.75 2.5 0
975.0000000000001 1.25 0
968.75 1.25 0
981.25 2.5 0
987.5 1.25 0
981.25 1.25 0
993.75 2.5 0
993.75 1.25 0
6.25 5 0
12.5 3.75 0
6.25 3.75 0
18.75 5 0
25 3.75 0
18.75 3.75 0
31.25 5 0
37.50000000000001 3.75 0
31.25000000000001 3.75 0
43.75 5 0
50 3.75 0
43.75 3.75 0
56.25 5 0
62.5 3.75 0
56.25 3.75 0
68.75 5 0
75.00000000000001 3.75 0
68.75 3.75 0
81.25000000000001 5 0
87.50000000000003 3.75 0
81.25000000000001 3.75 0
93.75 5 0
100 3.75 0
93.75 3.75 0
106.25 5 0
112.5 3.75 0
106.25 3.75 0
118.75 5 0
125 3.75 0
118.75 3.75 0
131.25 5 0
137.5 3.75 0
131.25 3.75 0
143.75 5 0
150 3.75 0
143.75 3.75 0
156.25 5 0
162.5 3.75 0
156.25 3.75 0
168.75 5 0
175.0000000000001 3.75 0
168.7500000000001 3.75 0
181.25 5 0
187.5 3.75 0
181.25 3.75 0
193.75 5 0
200 3.75 0
193.75 3.75 0
206.25 5 0
212.5 3.75 0
206.25 3.75 0
218.75 5 0
225 3.75 0
218.75 3.75 0
231.25 5 0
237.5000000000001 3.75 0
231.2500000000001 3.75 0
243.75 5 0
250 3.75 0
243.75 3.75 0
256.25 5 0
262.5 3.75 0
256.25 3.75 0
268.75 5 0
275 3.75 0
268.75 3.75 0
281.25 5 0
287.5000000000001 3.75 0
281.2500000000001 3.75 0
293.7500000000001 5 0
300.0000000000001 3.75 0
293.7500000000001 3.75 0
306.25 5 0
312.5 3.75 0
306.25 3.75 0
318.75 5 0
325 3.75 0
318.75 3.75 0
331.25 5 0
337.5 3.75 0
331.25 3.75 0
343.75 5 0
350.0000000000001 3.75 0
343.7500000000001 3.75 0
356.2500000000001 5 0
362.5000000000001 3.75 0
356.2500000000001 3.75 0
368.75 5 0
375 3.75 0
368.75 3.75 0
381.25 5 0
387.5 3.75 0
381.25 3.75 0
393.75 5 0
400 3.75 0
393.75 3.75 0
406.25 5 0
412.5000000000001 3.75 0
406.2500000000001 3.75 0
418.7500000000001 5 0
425.0000000000001 3.75 0
418.7500000000001 3.75 0
431.25 5 0
437.5 3.75 0
431.25 3.75 0
443.75 5 0
450 3.75 0
443.75 3.75 0
456.25 5 0
462.5 3.75 0
456.25 3.75 0
468.75 5 0
475.0000000000001 3.75 0
468.7500000000001 3.75 0
481.2500000000001 5 0
487.5000000000001 3.75 0
481.2500000000001 3.75 0
493.75 5 0
500 3.75 0
493.75 3.75 0
506.2500000000001 5 0
512.5000000000002 3.75 0
506.2500000000001 3.75 0
518.75 5 0
525 3.75 0
518.75 3.75 0
531.25 5 0
537.5 3.75 0
531.25 3.75 0
543.75 5 0
550 3.75 0
543.75 3.75 0
556.25 5 0
562.5 3.75 0
556.25 3.75 0
568.75 5 0
575.0000000000002 3.75 0
568.7500000000002 3.75 0
581.25 5 0
587.5 3.75 0
581.25 3.75 0
593.75 5 0
600.0000000000001 3.75 0
593.75 3.75 0
606.25 5 0
612.5 3.75 0
606.25 3.75 0
618.75 5 0
625 3.75 0
618.75 3.75 0
631.25 5 0
637.5000000000002 3.75 0
631.2500000000002 3.75 0
643.75 5 0
650 3.75 0
643.75 3.75 0
656.25 5 0
662.5000000000001 3.75 0
656.25 3.75 0
668.75 5 0
675 3.75 0
668.75 3.75 0
681.25 5 0
687.5 3.75 0
681.25 3.75 0
693.75 5 0
700.0000000000002 3.75 0
693.7500000000002 3.75 0
706.25 5 0
712.5 3.75 0
706.25 3.75 0
718.75 5 0
725.0000000000001 3.75 0
718.75 3.75 0
731.25 5 0
737.5 3.75 0
731.25 3.75 0
743.75 5 0
750 3.75 0
743.75 3.75 0
756.25 5 0
762.5000000000002 3.75 0
756.2500000000002 3.75 0
768.75 5 0
775 3.75 0
768.75 3.75 0
781.25 5 0
787.5000000000001 3.75 0
781.25 3.75 0
793.75 5 0
800 3.75 0
793.75 3.75 0
806.25 5 0
812.5 3.75 0
806.25 3.75 0
818.75 5 0
825.0000000000002 3.75 0
818.7500000000002 3.75 0
831.25 5 0
837.5 3.75 0
831.25 3.75 0
843.75 5 0
850.0000000000001 3.75 0
843.75 3.75 0
856.25 5 0
862.5 3.75 0
856.25 3.75 0
868.75 5 0
875 3.75 0
868.75 3.75 0
881.25 5 0
887.5000000000002 3.75 0
881.2500000000002 3.75 0
893.75 5 0
900 3.75 0
893.75 3.75 0
906.25 5 0
912.5000000000001 3.75 0
906.25 3.75 0
918.75 5 0
925 3.75 0
918.75 3.75 0
931.25 5 0
937.5 3.75 0
931.25 3.75 0
943.75 5 0
950.0000000000002 3.75 0
943.7500000000002 3.75 0
956.25 5 0
962.5 3.75 0
956.25 3.75 0
968.75 5 0
975.0000000000001 3.75 0
968.75 3.75 0
981.25 5 0
987.5 3.75 0
981.25 3.75 0
993.75 5 0
993.75 3.75 0
6.249999999999999 7.5 0
12.5 6.25 0
6.25 6.25 0
18.75 7.5 0
25 6.25 0
18.75 6.25 0
31.25 7.5 0
37.50000000000001 6.25 0
31.25000000000001 6.25 0
43.75 7.5 0
50 6.25 0
43.75 6.25 0
56.25 7.5 0
62.5 6.25 0
56.25 6.25 0
68.75 7.5 0
75.00000000000001 6.25 0
68.75 6.25 0
81.25000000000003 7.5 0
87.50000000000003 6.25 0
81.25000000000003 6.25 0
93.75 7.5 0
100 6.25 0
93.75 6.25 0
106.25 7.5 0
112.5 6.25 0
106.25 6.25 0
118.75 7.5 0
125 6.25 0
118.75 6.25 0
131.25 7.5 0
137.5 6.25 0
131.25 6.25 0
143.75 7.5 0
150 6.25 0
143.75 6.25 0
156.25 7.5 0
162.5 6.25 0
156.25 6.25 0
168.75 7.5 0
175.0000000000001 6.25 0
168.75 6.25 0
181.25 7.5 0
187.5 6.25 0
181.25 6.25 0
193.75 7.5 0
200 6.25 0
193.75 6.25 0
206.25 7.5 0
212.5 6.25 0
206.25 6.25 0
218.75 7.5 0
225 6.25 0
218.75 6.25 0
231.25 7.5 0
237.5000000000001 6.25 0
231.2500000000001 6.25 0
243.75 7.5 0
250 6.25 0
243.75 6.25 0
256.25 7.5 0
262.5 6.25 0
256.25 6.25 0
268.7499999999999 7.5 0
275 6.25 0
268.75 6.25 0
281.25 7.5 0
287.5000000000001 6.25 0
281.25 6.25 0
293.7500000000001 7.500000000000001 0
300.0000000000001 6.25 0
293.7500000000001 6.25 0
306.25 7.5 0
312.5 6.25 0
306.25 6.25 0
318.75 7.5 0
325 6.25 0
318.75 6.25 0
331.2499999999999 7.5 0
337.5 6.25 0
331.25 6.25 0
343.75 7.5 0
350.0000000000001 6.25 0
343.7500000000001 6.25 0
356.2500000000001 7.5 0
362.5000000000001 6.25 0
356.2500000000001 6.25 0
368.75 7.5 0
375 6.25 0
368.75 6.25 0
381.25 7.5 0
387.5 6.25 0
381.25 6.25 0
393.75 7.5 0
400 6.25 0
393.75 6.25 0
406.25 7.5 0
412.5000000000001 6.25 0
406.2500000000001 6.25 0
418.7500000000001 7.5 0
425.0000000000001 6.25 0
418.7500000000001 6.25 0
431.25 7.5 0
437.5 6.25 0
431.25 6.25 0
443.75 7.5 0
450 6.25 0
443.75 6.25 0
456.25 7.5 0
462.5 6.25 0
456.25 6.25 0
468.75 7.5 0
475.0000000000001 6.25 0
468.7500000000001 6.25 0
481.2500000000001 7.5 0
487.5000000000001 6.25 0
481.2500000000001 6.25 0
493.75 7.5 0
500 6.25 0
493.75 6.25 0
506.2500000000001 7.5 0
512.5000000000002 6.25 0
506.2500000000001 6.25 0
518.75 7.5 0
525 6.25 0
518.75 6.25 0
531.25 7.5 0
537.5 6.25 0
531.25 6.25 0
543.75 7.5 0
550 6.25 0
543.75 6.25 0
556.25 7.5 0
562.5 6.25 0
556.25 6.25 0
568.7500000000001 7.5 0
575.0000000000002 6.25 0
568.75 6.25 0
581.25 7.5 0
587.5 6.25 0
581.25 6.25 0
593.75 7.5 0
600.0000000000001 6.25 0
593.75 6.25 0
606.25 7.5 0
612.5 6.25 0
606.25 6.25 0
618.75 7.5 0
625 6.25 0
618.75 6.25 0
631.2500000000001 7.5 0
637.5000000000002 6.25 0
631.25 6.25 0
643.75 7.5 0
650 6.25 0
643.75 6.25 0
656.25 7.5 0
662.5000000000001 6.25 0
656.25 6.25 0
668.75 7.5 0
675 6.25 0
668.75 6.25 0
681.25 7.5 0
687.5 6.25 0
681.25 6.25 0
693.7500000000001 7.5 0
700.0000000000002 6.25 0
693.7500000000002 6.25 0
706.2500000000001 7.5 0
712.5 6.25 0
706.25 6.25 0
718.75 7.5 0
725.0000000000001 6.25 0
718.75 6.25 0
731.25 7.5 0
737.5 6.25 0
731.25 6.25 0
743.75 7.5 0
750 6.25 0
743.75 6.25 0
756.2500000000001 7.5 0
762.5000000000002 6.25 0
756.2500000000002 6.25 0
768.7500000000001 7.5 0
775 6.25 0
768.75 6.25 0
781.25 7.5 0
787.5000000000001 6.25 0
781.25 6.25 0
793.75 7.5 0
800 6.25 0
793.75 6.25 0
806.25 7.5 0
812.5 6.25 0
806.25 6.25 0
818.7500000000001 7.5 0
825.0000000000002 6.25 0
818.7500000000002 6.25 0
831.2500000000001 7.5 0
837.5 6.25 0
831.25 6.25 0
843.75 7.5 0
850.0000000000001 6.25 0
843.75 6.25 0
856.25 7.5 0
862.5 6.25 0
856.25 6.25 0
868.75 7.5 0
875 6.25 0
868.75 6.25 0
881.2500000000001 7.5 0
887.5000000000002 6.25 0
881.2500000000002 6.25 0
893.7500000000001 7.5 0
900 6.25 0
893.75 6.25 0
906.25 7.5 0
912.5000000000001 6.25 0
906.25 6.25 0
918.75 7.5 0
925 6.25 0
918.75 6.25 0
931.25 7.5 0
937.5 6.25 0
931.25 6.25 0
943.7500000000001 7.5 0
950.0000000000002 6.25 0
943.7500000000002 6.25 0
956.2500000000001 7.5 0
962.5 6.25 0
956.25 6.25 0
968.75 7.5 0
975.0000000000001 6.25 0
968.75 6.25 0
981.25 7.5 0
987.5 6.25 0
981.25 6.25 0
993.75 7.5 0
993.75 6.25 0
12.5 8.75 0
6.25 8.75 0
25 8.75 0
18.75 8.75 0
37.50000000000001 8.75 0
31.25000000000001 8.75 0
50 8.75 0
43.75000000000001 8.75 0
62.5 8.75 0
56.25 8.75 0
75.00000000000001 8.75 0
68.75 8.75 0
87.50000000000003 8.75 0
81.25000000000001 8.75 0
100 8.75 0
93.75 8.75 0
112.5 8.75 0
106.25 8.75 0
125 8.75 0
118.75 8.75 0
137.5 8.75 0
131.25 8.75 0
150 8.75 0
143.75 8.75 0
162.5 8.75 0
156.25 8.75 0
175.0000000000001 8.75 0
168.75 8.75 0
187.5 8.75 0
181.25 8.75 0
200 8.75 0
193.75 8.75 0
212.5 8.75 0
206.25 8.75 0
225 8.75 0
218.75 8.75 0
237.5000000000001 8.75 0
231.2500000000001 8.75 0
250 8.75 0
243.75 8.75 0
262.5 8.75 0
256.25 8.75 0
275 8.75 0
268.75 8.75 0
287.5000000000001 8.75 0
281.2500000000001 8.75 0
300.0000000000001 8.75 0
293.7500000000001 8.75 0
312.5 8.75 0
306.25 8.75 0
325 8.75 0
318.75 8.75 0
337.5 8.75 0
331.25 8.75 0
350.0000000000001 8.75 0
343.7500000000001 8.75 0
362.5000000000001 8.75 0
356.2500000000001 8.75 0
375 8.75 0
368.75 8.75 0
387.5 8.75 0
381.25 8.75 0
400 8.75 0
393.75 8.75 0
412.5000000000001 8.75 0
406.2500000000001 8.75 0
425.0000000000001 8.75 0
418.7500000000001 8.75 0
437.5 8.75 0
431.25 8.75 0
450 8.75 0
443.75 8.75 0
462.5 8.75 0
456.25 8.75 0
475.0000000000001 8.75 0
468.7500000000001 8.75 0
487.5000000000001 8.75 0
481.2500000000001 8.75 0
500 8.75 0
493.75 8.75 0
512.5000000000002 8.75 0
506.2500000000001 8.75 0
525 8.75 0
518.75 8.75 0
537.5 8.75 0
531.25 8.75 0
550 8.75 0
543.75 8.75 0
562.5 8.75 0
556.25 8.75 0
575.0000000000002 8.75 0
568.7500000000002 8.75 0
587.5 8.75 0
581.25 8.75 0
600.0000000000001 8.75 0
593.75 8.75 0
612.5 8.75 0
606.25 8.75 0
625 8.75 0
618.75 8.75 0
637.5000000000002 8.75 0
631.2500000000002 8.75 0
650 8.75 0
643.75 8.75 0
662.5000000000001 8.75 0
656.25 8.75 0
675 8.75 0
668.75 8.75 0
687.5 8.75 0
681.25 8.75 0
700.0000000000002 8.75 0
693.7500000000002 8.75 0
712.5 8.75 0
706.25 8.75 0
725.0000000000001 8.75 0
718.75 8.75 0
737.5 8.75 0
731.25 8.75 0
750 8.75 0
743.75 8.75 0
762.5000000000002 8.75 0
756.2500000000002 8.75 0
775 8.75 0
768.75 8.75 0
787.5000000000001 8.75 0
781.25 8.75 0
800 8.75 0
793.75 8.75 0
812.5 8.75 0
806.25 8.75 0
825.0000000000002 8.75 0
818.7500000000002 8.75 0
837.5 8.75 0
831.25 8.75 0
850.0000000000001 8.75 0
843.75 8.75 0
862.5 8.75 0
856.25 8.75 0
875 8.75 0
868.75 8.75 0
887.5000000000002 8.75 0
881.2500000000002 8.75 0
900 8.75 0
893.75 8.75 0
912.5000000000001 8.75 0
906.25 8.75 0
925 8.75 0
918.75 8.75 0
937.5 8.75 0
931.25 8.75 0
950.0000000000002 8.75 0
943.7500000000002 8.75 0
962.5 8.75 0
956.25 8.75 0
975.0000000000001 8.75 0
968.75 8.75 0
987.5 8.75 0
981.25 8.75 0
993.75 8.75 0
2 6 0 1113
4138
4139
4140
4141
4142
4143
4144
4145
4146
4147
4148
4149
4150
4151
4152
4153
4154
4155
4156
4157
4158
4159
4160
4161
4162
4163
4164
4165
4166
4167
4168
4169
4170
4171
4172
4173
4174
4175
4176
4177
4178
4179
4180
4181
4182
4183
4184
4185
4186
4187
4188
4189
4190
4191
4192
4193
4194
4195
4196
4197
4198
4199
4200
4201
4202
4203
4204
4205
4206
4207
4208
4209
4210
4211
4212
4213
4214
4215
4216
4217
4218
4219
4220
4221
4222
4223
4224
4225
4226
4227
4228
4229
4230
4231
4232
4233
4234
4235
4236
4237
4238
4239
4240
4241
4242
4243
4244
4245
4246
4247
4248
4249
4250
4251
4252
4253
4254
4255
4256
4257
4258
4259
4260
4261
4262
4263
4264
4265
4266
4267
4268
4269
4270
4271
4272
4273
4274
4275
4276
4277
4278
4279
4280
4281
4282
4283
4284
4285
4286
4287
4288
4289
4290
4291
4292
4293
4294
4295
4296
4297
4298
4299
4300
4301
4302
4303
4304
4305
4306
4307
4308
4309
4310
4311
4312
4313
4314
4315
4316
4317
4318
4319
4320
4321
4322
4323
4324
4325
4326
4327
4328
4329
4330
4331
4332
4333
4334
4335
4336
4337
4338
4339
4340
4341
4342
4343
4344
4345
4346
4347
4348
4349
4350
4351
4352
4353
4354
4355
4356
4357
4358
4359
4360
4361
4362
4363
4364
4365
4366
4367
4368
4369
4370
4371
4372
4373
4374
4375
4376
4377
4378
4379
4380
4381
4382
4383
4384
4385
4386
4387
4388
4389
4390
4391
4392
4393
4394
4395
4396
4397
4398
4399
4400
4401
4402
4403
4404
4405
4406
4407
4408
4409
4410
4411
4412
4413
4414
4415
4416
4417
4418
4419
4420
4421
4422
4423
4424
4425
4426
4427
4428
4429
4430
4431
4432
4433
4434
4435
4436
4437
4438
4439
4440
4441
4442
4443
4444
4445
4446
4447
4448
4449
4450
4451
4452
4453
4454
4455
4456
4457
4458
4459
4460
4461
4462
4463
4464
4465
4466
4467
4468
4469
4470
4471
4472
4473
4474
4475
4476
4477
4478
4479
4480
4481
4482
4483
4484
4485
4486
4487
4488
4489
4490
4491
4492
4493
4494
4495
4496
4497
4498
4499
4500
4501
4502
4503
4504
4505
4506
4507
4508
4509
4510
4511
4512
4513
4514
4515
4516
4517
4518
4519
4520
4521
4522
4523
4524
4525
4526
4527
4528
4529
4530
4531
4532
4533
4534
4535
4536
4537
4538
4539
4540
4541
4542
4543
4544
4545
4546
4547
4548
4549
4550
4551
4552
4553
4554
4555
4556
4557
4558
4559
4560
4561
4562
4563
4564
4565
4566
4567
4568
4569
4570
4571
4572
4573
4574
4575
4576
4577
4578
4579
4580
4581
4582
4583
4584
4585
4586
4587
4588
4589
4590
4591
4592
4593
4594
4595
4596
4597
4598
4599
4600
4601
4602
4603
4604
4605
4606
4607
4608
4609
4610
4611
4612
4613
4614
4615
4616
4617
4618
4619
4620
4621
4622
4623
4624
4625
4626
4627
4628
4629
4630
4631
4632
4633
4634
4635
4636
4637
4638
4639
4640
4641
4642
4643
4644
4645
4646
4647
4648
4649
4650
4651
4652
4653
4654
4655
4656
4657
4658
4659
4660
4661
4662
4663
4664
4665
4666
4667
4668
4669
4670
4671
4672
4673
4674
4675
4676
4677
4678
4679
4680
4681
4682
4683
4684
4685
4686
4687
4688
4689
4690
4691
4692
4693
4694
4695
4696
4697
4698
4699
4700
4701
4702
4703
4704
4705
4706
4707
4708
4709
4710
4711
4712
4713
4714
4715
4716
4717
4718
4719
4720
4721
4722
4723
4724
4725
4726
4727
4728
4729
4730
4731
4732
4733
4734
4735
4736
4737
4738
4739
4740
4741
4742
4743
4744
4745
4746
4747
4748
4749
4750
4751
4752
4753
4754
4755
4756
4757
4758
4759
4760
4761
4762
4763
4764
4765
4766
4767
4768
4769
4770
4771
4772
4773
4774
4775
4776
4777
4778
4779
4780
4781
4782
4783
4784
4785
4786
4787
4788
4789
4790
4791
4792
4793
4794
4795
4796
4797
4798
4799
4800
4801
4802
4803
4804
4805
4806
4807
4808
4809
4810
4811
4812
4813
4814
4815
4816
4817
4818
4819
4820
4821
4822
4823
4824
4825
4826
4827
4828
4829
4830
4831
4832
4833
4834
4835
4836
4837
4838
4839
4840
4841
4842
4843
4844
4845
4846
4847
4848
4849
4850
4851
4852
4853
4854
4855
4856
4857
4858
4859
4860
4861
4862
4863
4864
4865
4866
4867
4868
4869
4870
4871
4872
4873
4874
4875
4876
4877
4878
4879
4880
4881
4882
4883
4884
4885
4886
4887
4888
4889
4890
4891
4892
4893
4894
4895
4896
4897
4898
4899
4900
4901
4902
4903
4904
4905
4906
4907
4908
4909
4910
4911
4912
4913
4914
4915
4916
4917
4918
4919
4920
4921
4922
4923
4924
4925
4926
4927
4928
4929
4930
4931
4932
4933
4934
4935
4936
4937
4938
4939
4940
4941
4942
4943
4944
4945
4946
4947
4948
4949
4950
4951
4952
4953
4954
4955
4956
4957
4958
4959
4960
4961
4962
4963
4964
4965
4966
4967
4968
4969
4970
4971
4972
4973
4974
4975
4976
4977
4978
4979
4980
4981
4982
4983
4984
4985
4986
4987
4988
4989
4990
4991
4992
4993
4994
4995
4996
4997
4998
4999
5000
5001
5002
5003
5004
5005
5006
5007
5008
5009
5010
5011
5012
5013
5014
5015
5016
5017
5018
5019
5020
5021
5022
5023
5024
5025
5026
5027
5028
5029
5030
5031
5032
5033
5034
5035
5036
5037
5038
5039
5040
5041
5042
5043
5044
5045
5046
5047
5048
5049
5050
5051
5052
5053
5054
5055
5056
5057
5058
5059
5060
5061
5062
5063
5064
5065
5066
5067
5068
5069
5070
5071
5072
5073
5074
5075
5076
5077
5078
5079
5080
5081
5082
5083
5084
5085
5086
5087
5088
5089
5090
5091
5092
5093
5094
5095
5096
5097
5098
5099
5100
5101
5102
5103
5104
5105
5106
5107
5108
5109
5110
5111
5112
5113
5114
5115
5116
5117
5118
5119
5120
5121
5122
5123
5124
5125
5126
5127
5128
5129
5130
5131
5132
5133
5134
5135
5136
5137
5138
5139
5140
5141
5142
5143
5144
5145
5146
5147
5148
5149
5150
5151
5152
5153
5154
5155
5156
5157
5158
5159
5160
5161
5162
5163
5164
5165
5166
5167
5168
5169
5170
5171
5172
5173
5174
5175
5176
5177
5178
5179
5180
5181
5182
5183
5184
5185
5186
5187
5188
5189
5190
5191
5192
5193
5194
5195
5196
5197
5198
5199
5200
5201
5202
5203
5204
5205
5206
5207
5208
5209
5210
5211
5212
5213
5214
5215
5216
5217
5218
5219
5220
5221
5222
5223
5224
5225
5226
5227
5228
5229
5230
5231
5232
5233
5234
5235
5236
5237
5238
5239
5240
5241
5242
5243
5244
5245
5246
5247
5248
5249
5250
12.5 2.5 24
25 2.5 24
37.50000000000001 2.5 24
49.99999999999999 2.5 24
62.5 2.5 24
75.00000000000001 2.5 24
87.50000000000003 2.5 24
99.99999999999999 2.5 24
112.5 2.5 24
125 2.5 24
137.5 2.5 24
150 2.5 24
162.5 2.5 24
175.0000000000001 2.5 24
187.5 2.5 24
200 2.5 24
212.5 2.5 24
225 2.5 24
237.5000000000001 2.5 24
250 2.5 24
262.5 2.5 24
275 2.5 24
287.5000000000001 2.5 24
300.0000000000001 2.5 24
312.5 2.5 24
325 2.5 24
337.4999999999999 2.5 24
350.0000000000001 2.5 24
362.5000000000001 2.5 24
375 2.5 24
387.5 2.5 24
399.9999999999999 2.5 24
412.5000000000001 2.5 24
425.0000000000001 2.5 24
437.5 2.5 24
450 2.5 24
462.4999999999999 2.5 24
475.0000000000001 2.5 24
487.5000000000001 2.5 24
500 2.5 24
512.5000000000002 2.5 24
525 2.5 24
537.5 2.5 24
550 2.5 24
562.5 2.5 24
575.0000000000002 2.5 24
587.5 2.5 24
600.0000000000001 2.5 24
612.5 2.5 24
625 2.5 24
637.5000000000002 2.5 24
650 2.5 24
662.5000000000001 2.5 24
674.9999999999999 2.5 24
687.5 2.5 24
700.0000000000002 2.5 24
712.5 2.5 24
725.0000000000001 2.5 24
737.4999999999999 2.5 24
750 2.5 24
762.5000000000002 2.5 24
775 2.5 24
787.5000000000001 2.5 24
799.9999999999999 2.5 24
812.5 2.5 24
825.0000000000002 2.5 24
837.5 2.5 24
850.0000000000001 2.5 24
862.4999999999999 2.5 24
875 2.5 24
887.5000000000002 2.5 24
900 2.5 24
912.5000000000001 2.5 24
924.9999999999999 2.5 24
937.5 2.5 24
950.0000000000002 2.5 24
962.5 2.5 24
975.0000000000001 2.5 24
987.4999999999999 2.5 24
12.5 5 24
25 5 24
37.50000000000001 5 24
50 5 24
62.5 5 24
75.00000000000001 5 24
87.50000000000001 5 24
100 5 24
112.5 5 24
125 5 24
137.5 5 24
150 5 24
162.5 5 24
175 5 24
187.5 5 24
200 5 24
212.5 5 24
225 5 24
237.5 5 24
250 5 24
262.5 5 24
275 5 24
287.5000000000001 5 24
300.0000000000001 5 24
312.5 5 24
325 5 24
337.5 5 24
350.0000000000001 5 24
362.5000000000001 5 24
375 5 24
387.5 5 24
400 5 24
412.5000000000001 5 24
425.0000000000001 5 24
437.5 5 24
450 5 24
462.5 5 24
475.0000000000001 5 24
487.5000000000001 5 24
500 5 24
512.5000000000001 5 24
525 5 24
537.5 5 24
550 5 24
562.5 5 24
575.0000000000001 5 24
587.5 5 24
600.0000000000001 5 24
612.5 5 24
625 5 24
637.5000000000001 5 24
650 5 24
662.5000000000001 5 24
675 5 24
687.5 5 24
700.0000000000001 5 24
712.5 5 24
725.0000000000001 5 24
737.5 5 24
750 5 24
762.5000000000001 5 24
775 5 24
787.5000000000001 5 24
800 5 24
812.5 5 24
825.0000000000001 5 24
837.5 5 24
850.0000000000001 5 24
862.5 5 24
875 5 24
887.5000000000001 5 24
900 5 24
912.5000000000001 5 24
925 5 24
937.5 5 24
950.0000000000001 5 24
962.5 5 24
975.0000000000001 5 24
987.5 5 24
12.5 7.499999999999999 24
25 7.5 24
37.50000000000001 7.5 24
49.99999999999999 7.500000000000001 24
62.5 7.5 24
75.00000000000001 7.499999999999999 24
87.50000000000003 7.5 24
99.99999999999999 7.5 24
112.5 7.500000000000001 24
125 7.5 24
137.5 7.499999999999999 24
150 7.5 24
162.5 7.5 24
175.0000000000001 7.500000000000001 24
187.5 7.5 24
200 7.499999999999999 24
212.5 7.5 24
225 7.5 24
237.5000000000001 7.500000000000001 24
250 7.5 24
262.4999999999999 7.499999999999999 24
274.9999999999999 7.5 24
287.5000000000001 7.500000000000001 24
300.0000000000001 7.500000000000001 24
312.5 7.5 24
324.9999999999999 7.499999999999999 24
337.4999999999999 7.5 24
350.0000000000001 7.500000000000001 24
362.5000000000001 7.5 24
375 7.5 24
387.5 7.5 24
399.9999999999999 7.5 24
412.5000000000001 7.500000000000001 24
425.0000000000001 7.5 24
437.5 7.5 24
450 7.5 24
462.4999999999999 7.5 24
475.0000000000001 7.500000000000001 24
487.5000000000001 7.5 24
500 7.5 24
512.5000000000002 7.5 24
524.9999999999999 7.5 24
537.5000000000001 7.5 24
549.9999999999999 7.5 24
562.5 7.5 24
575.0000000000002 7.5 24
587.4999999999999 7.5 24
600.0000000000001 7.5 24
612.4999999999999 7.5 24
625 7.5 24
637.5000000000002 7.5 24
649.9999999999999 7.5 24
662.5000000000001 7.5 24
674.9999999999999 7.5 24
687.5 7.5 24
700.0000000000002 7.5 24
712.5 7.5 24
725.0000000000001 7.5 24
737.4999999999999 7.5 24
750 7.5 24
762.5000000000002 7.5 24
775 7.5 24
787.5000000000001 7.5 24
799.9999999999999 7.5 24
812.5 7.5 24
825.0000000000002 7.5 24
837.5 7.5 24
850.0000000000001 7.5 24
862.4999999999999 7.5 24
875 7.5 24
887.5000000000002 7.5 24
900 7.5 24
912.5000000000001 7.5 24
924.9999999999999 7.499999999999999 24
937.5 7.5 24
950.0000000000002 7.5 24
962.5 7.5 24
975.0000000000001 7.5 24
987.4999999999999 7.499999999999999 24
12.5 1.25 24
6.249999999999999 2.5 24
6.25 1.25 24
25 1.25 24
18.75 2.5 24
18.75 1.25 24
37.50000000000001 1.25 24
31.25 2.5 24
31.25 1.25 24
50 1.25 24
43.75 2.5 24
43.75000000000001 1.25 24
62.5 1.25 24
56.25 2.5 24
56.25 1.25 24
75.00000000000001 1.25 24
68.75 2.5 24
68.75 1.25 24
87.50000000000003 1.25 24
81.25000000000003 2.5 24
81.25000000000003 1.25 24
100 1.25 24
93.75 2.5 24
93.75000000000001 1.25 24
112.5 1.25 24
106.25 2.5 24
106.25 1.25 24
125 1.25 24
118.75 2.5 24
118.75 1.25 24
137.5 1.25 24
131.25 2.5 24
131.25 1.25 24
150 1.25 24
143.75 2.5 24
143.75 1.25 24
162.5 1.25 24
156.25 2.5 24
156.25 1.25 24
175.0000000000001 1.25 24
168.75 2.5 24
168.7500000000001 1.25 24
187.5 1.25 24
181.25 2.5 24
181.2500000000001 1.25 24
200 1.25 24
193.75 2.5 24
193.75 1.25 24
212.5 1.25 24
206.25 2.5 24
206.25 1.25 24
225 1.25 24
218.75 2.5 24
218.75 1.25 24
237.5000000000001 1.25 24
231.25 2.5 24
231.2500000000001 1.25 24
250 1.25 24
243.75 2.5 24
243.7500000000001 1.25 24
262.5 1.25 24
256.25 2.5 24
256.25 1.25 24
275 1.25 24
268.75 2.5 24
268.75 1.25 24
287.5000000000001 1.25 24
281.2500000000001 2.5 24
281.2500000000001 1.25 24
300.0000000000001 1.25 24
293.7500000000001 2.5 24
293.7500000000001 1.25 24
312.5 1.25 24
306.25 2.5 24
306.25 1.25 24
325 1.25 24
318.75 2.5 24
318.75 1.25 24
337.5 1.25 24
331.25 2.5 24
331.25 1.25 24
350.0000000000001 1.25 24
343.75 2.5 24
343.7500000000001 1.25 24
362.5000000000001 1.25 24
356.2500000000001 2.5 24
356.2500000000001 1.25 24
375 1.25 24
368.75 2.5 24
368.75 1.25 24
387.5 1.25 24
381.25 2.5 24
381.25 1.25 24
400 1.25 24
393.75 2.5 24
393.75 1.25 24
412.5000000000001 1.25 24
406.25 2.5 24
406.2500000000001 1.25 24
425.0000000000001 1.25 24
418.7500000000001 2.5 24
418.7500000000001 1.25 24
437.5 1.25 24
431.25 2.5 24
431.25 1.25 24
450 1.25 24
443.75 2.5 24
443.75 1.25 24
462.5 1.25 24
456.25 2.5 24
456.25 1.25 24
475.0000000000001 1.25 24
468.75 2.5 24
468.7500000000001 1.25 24
487.5000000000001 1.25 24
481.2500000000001 2.5 24
481.2500000000001 1.25 24
500 1.25 24
493.75 2.5 24
493.75 1.25 24
512.5000000000002 1.25 24
506.2500000000001 2.5 24
506.2500000000001 1.25 24
525 1.25 24
518.7500000000001 2.5 24
518.7500000000002 1.25 24
537.5 1.25 24
531.25 2.5 24
531.25 1.25 24
550 1.25 24
543.75 2.5 24
543.75 1.25 24
562.5 1.25 24
556.25 2.5 24
556.25 1.25 24
575.0000000000002 1.25 24
568.7500000000001 2.5 24
568.7500000000002 1.25 24
587.5 1.25 24
581.2500000000001 2.5 24
581.2500000000002 1.25 24
600.0000000000001 1.25 24
593.75 2.5 24
593.75 1.25 24
612.5 1.25 24
606.25 2.5 24
606.25 1.25 24
625 1.25 24
618.75 2.5 24
618.75 1.25 24
637.5000000000002 1.25 24
631.2500000000001 2.5 24
631.2500000000002 1.25 24
650 1.25 24
643.7500000000001 2.5 24
643.7500000000002 1.25 24
662.5000000000001 1.25 24
656.25 2.5 24
656.25 1.25 24
675 1.25 24
668.75 2.5 24
668.75 1.25 24
687.5 1.25 24
681.25 2.5 24
681.25 1.25 24
700.0000000000002 1.25 24
693.7500000000001 2.5 24
693.7500000000002 1.25 24
712.5 1.25 24
706.2500000000001 2.5 24
706.2500000000002 1.25 24
725.0000000000001 1.25 24
718.75 2.5 24
718.75 1.25 24
737.5 1.25 24
731.25 2.5 24
731.25 1.25 24
750 1.25 24
743.75 2.5 24
743.75 1.25 24
762.5000000000002 1.25 24
756.2500000000001 2.5 24
756.2500000000002 1.25 24
775 1.25 24
768.7500000000001 2.5 24
768.7500000000002 1.25 24
787.5000000000001 1.25 24
781.25 2.5 24
781.25 1.25 24
800 1.25 24
793.75 2.5 24
793.75 1.25 24
812.5 1.25 24
806.25 2.5 24
806.25 1.25 24
825.0000000000002 1.25 24
818.7500000000001 2.5 24
818.7500000000002 1.25 24
837.5 1.25 24
831.2500000000001 2.5 24
831.2500000000002 1.25 24
850.0000000000001 1.25 24
843.75 2.5 24
843.75 1.25 24
862.5 1.25 24
856.25 2.5 24
856.25 1.25 24
875 1.25 24
868.75 2.5 24
868.75 1.25 24
887.5000000000002 1.25 24
881.2500000000001 2.5 24
881.2500000000002 1.25 24
900 1.25 24
893.7500000000001 2.5 24
893.7500000000002 1.25 24
912.5000000000001 1.25 24
906.25 2.5 24
906.25 1.25 24
925 1.25 24
918.75 2.5 24
918.75 1.25 24
937.5 1.25 24
931.25 2.5 24
931.25 1.25 24
950.0000000000002 1.25 24
943.7500000000001 2.5 24
943.7500000000002 1.25 24
962.5 1.25 24
956.2500000000001 2.5 24
956.2500000000002 1.25 24
975.0000000000001 1.25 24
968.75 2.5 24
968.75 1.25 24
987.5 1.25 24
981.25 2.5 24
981.25 1.25 24
993.75 2.5 24
993.75 1.25 24
12.5 3.75 24
6.25 5 24
6.25 3.75 24
25 3.75 24
18.75 5 24
18.75 3.75 24
37.50000000000001 3.75 24
31.25 5 24
31.25000000000001 3.75 24
50 3.75 24
43.75 5 24
43.75 3.75 24
62.5 3.75 24
56.25 5 24
56.25 3.75 24
75.00000000000001 3.75 24
68.75 5 24
68.75 3.75 24
87.50000000000003 3.75 24
81.25000000000001 5 24
81.25000000000003 3.75 24
100 3.75 24
93.75 5 24
93.75000000000001 3.75 24
112.5 3.75 24
106.25 5 24
106.25 3.75 24
125 3.75 24
118.75 5 24
118.75 3.75 24
137.5 3.75 24
131.25 5 24
131.25 3.75 24
150 3.75 24
143.75 5 24
143.75 3.75 24
162.5 3.75 24
156.25 5 24
156.25 3.75 24
175.0000000000001 3.75 24
168.75 5 24
168.75 3.75 24
187.5 3.75 24
181.25 5 24
181.2500000000001 3.75 24
200 3.75 24
193.75 5 24
193.75 3.75 24
212.5 3.75 24
206.25 5 24
206.25 3.75 24
225 3.75 24
218.75 5 24
218.75 3.75 24
237.5000000000001 3.75 24
231.25 5 24
231.25 3.75 24
250 3.75 24
243.75 5 24
243.7500000000001 3.75 24
262.5 3.75 24
256.25 5 24
256.25 3.75 24
275 3.75 24
268.75 5 24
268.75 3.75 24
287.5000000000001 3.75 24
281.25 5 24
281.25 3.75 24
300.0000000000001 3.75 24
293.7500000000001 5 24
293.7500000000001 3.75 24
312.5 3.75 24
306.25 5 24
306.25 3.75 24
325 3.75 24
318.75 5 24
318.75 3.75 24
337.5 3.75 24
331.25 5 24
331.25 3.75 24
350.0000000000001 3.75 24
343.75 5 24
343.7500000000001 3.75 24
362.5000000000001 3.75 24
356.2500000000001 5 24
356.2500000000001 3.75 24
375 3.75 24
368.75 5 24
368.75 3.75 24
387.5 3.75 24
381.25 5 24
381.25 3.75 24
400 3.75 24
393.75 5 24
393.75 3.75 24
412.5000000000001 3.75 24
406.25 5 24
406.2500000000001 3.75 24
425.0000000000001 3.75 24
418.7500000000001 5 24
418.7500000000001 3.75 24
437.5 3.75 24
431.25 5 24
431.25 3.75 24
450 3.75 24
443.75 5 24
443.75 3.75 24
462.5 3.75 24
456.25 5 24
456.25 3.75 24
475.0000000000001 3.75 24
468.75 5 24
468.7500000000001 3.75 24
487.5000000000001 3.75 24
481.2500000000001 5 24
481.2500000000001 3.75 24
500 3.75 24
493.75 5 24
493.75 3.75 24
512.5000000000002 3.75 24
506.2500000000001 5 24
506.2500000000001 3.75 24
525 3.75 24
518.75 5 24
518.75 3.75 24
537.5 3.75 24
531.25 5 24
531.25 3.75 24
550 3.75 24
543.75 5 24
543.75 3.75 24
562.5 3.75 24
556.25 5 24
556.25 3.75 24
575.0000000000002 3.75 24
568.75 5 24
568.75 3.75 24
587.5 3.75 24
581.25 5 24
581.25 3.75 24
600.0000000000001 3.75 24
593.75 5 24
593.75 3.75 24
612.5 3.75 24
606.25 5 24
606.25 3.75 24
625 3.75 24
618.75 5 24
618.75 3.75 24
637.5000000000002 3.75 24
631.25 5 24
631.25 3.75 24
650 3.75 24
643.75 5 24
643.75 3.75 24
662.5000000000001 3.75 24
656.25 5 24
656.25 3.75 24
675 3.75 24
668.75 5 24
668.75 3.75 24
687.5 3.75 24
681.25 5 24
681.25 3.75 24
700.0000000000002 3.75 24
693.75 5 24
693.75 3.75 24
712.5 3.75 24
706.25 5 24
706.2500000000002 3.75 24
725.0000000000001 3.75 24
718.75 5 24
718.75 3.75 24
737.5 3.75 24
731.25 5 24
731.25 3.75 24
750 3.75 24
743.75 5 24
743.75 3.75 24
762.5000000000002 3.75 24
756.25 5 24
756.25 3.75 24
775 3.75 24
768.75 5 24
768.7500000000002 3.75 24
787.5000000000001 3.75 24
781.25 5 24
781.25 3.75 24
800 3.75 24
793.75 5 24
793.75 3.75 24
812.5 3.75 24
806.25 5 24
806.25 3.75 24
825.0000000000002 3.75 24
818.75 5 24
818.75 3.75 24
837.5 3.75 24
831.25 5 24
831.2500000000002 3.75 24
850.0000000000001 3.75 24
843.75 5 24
843.75 3.75 24
862.5 3.75 24
856.25 5 24
856.25 3.75 24
875 3.75 24
868.75 5 24
868.75 3.75 24
887.5000000000002 3.75 24
881.25 5 24
881.25 3.75 24
900 3.75 24
893.75 5 24
893.7500000000002 3.75 24
912.5000000000001 3.75 24
906.25 5 24
906.25 3.75 24
925 3.75 24
918.75 5 24
918.75 3.75 24
937.5 3.75 24
931.25 5 24
931.25 3.75 24
950.0000000000002 3.75 24
943.75 5 24
943.75 3.75 24
962.5 3.75 24
956.25 5 24
956.2500000000002 3.75 24
975.0000000000001 3.75 24
968.75 5 24
968.75 3.75 24
987.5 3.75 24
981.25 5 24
981.25 3.75 24
993.75 5 24
993.75 3.75 24
12.5 6.25 24
6.249999999999999 7.5 24
6.25 6.25 24
25 6.25 24
18.75 7.5 24
18.75 6.25 24
37.50000000000001 6.25 24
31.25 7.5 24
31.25 6.25 24
50 6.25 24
43.75 7.5 24
43.75 6.25 24
62.5 6.25 24
56.25 7.5 24
56.25 6.25 24
75.00000000000001 6.25 24
68.75 7.5 24
68.75 6.25 24
87.50000000000003 6.25 24
81.25000000000003 7.5 24
81.25000000000003 6.25 24
100 6.25 24
93.75 7.5 24
93.75000000000001 6.25 24
112.5 6.25 24
106.25 7.5 24
106.25 6.25 24
125 6.25 24
118.75 7.5 24
118.75 6.25 24
137.5 6.25 24
131.25 7.5 24
131.25 6.25 24
150 6.25 24
143.75 7.5 24
143.75 6.25 24
162.5 6.25 24
156.25 7.5 24
156.25 6.25 24
175.0000000000001 6.25 24
168.75 7.5 24
168.75 6.25 24
187.5 6.25 24
181.25 7.5 24
181.2500000000001 6.25 24
200 6.25 24
193.75 7.5 24
193.75 6.25 24
212.5 6.25 24
206.25 7.5 24
206.25 6.25 24
225 6.25 24
218.75 7.5 24
218.75 6.25 24
237.5000000000001 6.25 24
231.25 7.5 24
231.2500000000001 6.25 24
250 6.25 24
243.75 7.5 24
243.7500000000001 6.25 24
262.5 6.25 24
256.25 7.5 24
256.25 6.25 24
275 6.25 24
268.7499999999999 7.5 24
268.75 6.25 24
287.5000000000001 6.25 24
281.25 7.5 24
281.2500000000001 6.25 24
300.0000000000001 6.25 24
293.7500000000001 7.500000000000001 24
293.7500000000001 6.25 24
312.5 6.25 24
306.25 7.5 24
306.25 6.25 24
325 6.25 24
318.75 7.5 24
318.75 6.25 24
337.5 6.25 24
331.2499999999999 7.5 24
331.25 6.25 24
350.0000000000001 6.25 24
343.75 7.5 24
343.7500000000001 6.25 24
362.5000000000001 6.25 24
356.2500000000001 7.5 24
356.2500000000001 6.25 24
375 6.25 24
368.75 7.5 24
368.75 6.25 24
387.5 6.25 24
381.25 7.5 24
381.25 6.25 24
400 6.25 24
393.75 7.5 24
393.75 6.25 24
412.5000000000001 6.25 24
406.25 7.5 24
406.2500000000001 6.25 24
425.0000000000001 6.25 24
418.7500000000001 7.5 24
418.7500000000001 6.25 24
437.5 6.25 24
431.25 7.5 24
431.25 6.25 24
450 6.25 24
443.75 7.5 24
443.75 6.25 24
462.5 6.25 24
456.25 7.5 24
456.25 6.25 24
475.0000000000001 6.25 24
468.75 7.5 24
468.7500000000001 6.25 24
487.5000000000001 6.25 24
481.2500000000001 7.5 24
481.2500000000001 6.25 24
500 6.25 24
493.75 7.5 24
493.75 6.25 24
512.5000000000002 6.25 24
506.2500000000001 7.5 24
506.2500000000001 6.25 24
525 6.25 24
518.75 7.5 24
518.7500000000001 6.25 24
537.5 6.25 24
531.25 7.5 24
531.25 6.25 24
550 6.25 24
543.75 7.5 24
543.75 6.25 24
562.5 6.25 24
556.25 7.5 24
556.25 6.25 24
575.0000000000002 6.25 24
568.7500000000001 7.5 24
568.7500000000002 6.25 24
587.5 6.25 24
581.25 7.5 24
581.2500000000001 6.25 24
600.0000000000001 6.25 24
593.75 7.5 24
593.75 6.25 24
612.5 6.25 24
606.25 7.5 24
606.25 6.25 24
625 6.25 24
618.75 7.5 24
618.75 6.25 24
637.5000000000002 6.25 24
631.2500000000001 7.5 24
631.2500000000002 6.25 24
650 6.25 24
643.75 7.5 24
643.7500000000001 6.25 24
662.5000000000001 6.25 24
656.25 7.5 24
656.25 6.25 24
675 6.25 24
668.75 7.5 24
668.75 6.25 24
687.5 6.25 24
681.25 7.5 24
681.25 6.25 24
700.0000000000002 6.25 24
693.7500000000001 7.5 24
693.7500000000002 6.25 24
712.5 6.25 24
706.2500000000001 7.5 24
706.2500000000002 6.25 24
725.0000000000001 6.25 24
718.75 7.5 24
718.75 6.25 24
737.5 6.25 24
731.25 7.5 24
731.25 6.25 24
750 6.25 24
743.75 7.5 24
743.75 6.25 24
762.5000000000002 6.25 24
756.2500000000001 7.5 24
756.2500000000002 6.25 24
775 6.25 24
768.7500000000001 7.5 24
768.7500000000002 6.25 24
787.5000000000001 6.25 24
781.25 7.5 24
781.25 6.25 24
800 6.25 24
793.75 7.5 24
793.75 6.25 24
812.5 6.25 24
806.25 7.5 24
806.25 6.25 24
825.0000000000002 6.25 24
818.7500000000001 7.5 24
818.7500000000002 6.25 24
837.5 6.25 24
831.2500000000001 7.5 24
831.2500000000002 6.25 24
850.0000000000001 6.25 24
843.75 7.5 24
843.75 6.25 24
862.5 6.25 24
856.25 7.5 24
856.25 6.25 24
875 6.25 24
868.75 7.5 24
868.75 6.25 24
887.5000000000002 6.25 24
881.2500000000001 7.5 24
881.2500000000002 6.25 24
900 6.25 24
893.7500000000001 7.5 24
893.7500000000002 6.25 24
912.5000000000001 6.25 24
906.25 7.5 24
906.25 6.25 24
925 6.25 24
918.75 7.5 24
918.75 6.25 24
937.5 6.25 24
931.25 7.5 24
931.25 6.25 24
950.0000000000002 6.25 24
943.7500000000001 7.5 24
943.7500000000002 6.25 24
962.5 6.25 24
956.2500000000001 7.5 24
956.2500000000002 6.25 24
975.0000000000001 6.25 24
968.75 7.5 24
968.75 6.25 24
987.5 6.25 24
981.25 7.5 24
981.25 6.25 24
993.75 7.5 24
993.75 6.25 24
12.5 8.75 24
6.25 8.75 24
25 8.75 24
18.75 8.75 24
37.50000000000001 8.75 24
31.25000000000001 8.75 24
50 8.75 24
43.75000000000001 8.75 24
62.5 8.75 24
56.25 8.75 24
75.00000000000001 8.75 24
68.75 8.75 24
87.50000000000003 8.75 24
81.25000000000003 8.75 24
100 8.75 24
93.75000000000001 8.75 24
112.5 8.75 24
106.25 8.75 24
125 8.75 24
118.75 8.75 24
137.5 8.75 24
131.25 8.75 24
150 8.75 24
143.75 8.75 24
162.5 8.75 24
156.25 8.75 24
175.0000000000001 8.75 24
168.75 8.75 24
187.5 8.75 24
181.2500000000001 8.75 24
200 8.75 24
193.75 8.75 24
212.5 8.75 24
206.25 8.75 24
225 8.75 24
218.75 8.75 24
237.5000000000001 8.75 24
231.25 8.75 24
250 8.75 24
243.7500000000001 8.75 24
262.5 8.75 24
256.25 8.75 24
275 8.75 24
268.75 8.75 24
287.5000000000001 8.75 24
281.2500000000001 8.75 24
300.0000000000001 8.75 24
293.7500000000001 8.75 24
312.5 8.75 24
306.25 8.75 24
325 8.75 24
318.75 8.75 24
337.5 8.75 24
331.25 8.75 24
350.0000000000001 8.75 24
343.7500000000001 8.75 24
362.5000000000001 8.75 24
356.2500000000001 8.75 24
375 8.75 24
368.75 8.75 24
387.5 8.75 24
381.25 8.75 24
400 8.75 24
393.75 8.75 24
412.5000000000001 8.75 24
406.2500000000001 8.75 24
425.0000000000001 8.75 24
418.7500000000001 8.75 24
437.5 8.75 24
431.25 8.75 24
450 8.75 24
443.75 8.75 24
462.5 8.75 24
456.25 8.75 24
475.0000000000001 8.75 24
468.7500000000001 8.75 24
487.5000000000001 8.75 24
481.2500000000001 8.75 24
500 8.75 24
493.75 8.75 24
512.5000000000002 8.75 24
506.2500000000001 8.75 24
525 8.75 24
518.7500000000001 8.75 24
537.5 8.75 24
531.25 8.75 24
550 8.75 24
543.75 8.75 24
562.5 8.75 24
556.25 8.75 24
575.0000000000002 8.75 24
568.75 8.75 24
587.5 8.75 24
581.2500000000001 8.75 24
600.0000000000001 8.75 24
593.75 8.75 24
612.5 8.75 24
606.25 8.75 24
625 8.75 24
618.75 8.75 24
637.5000000000002 8.75 24
631.25 8.75 24
650 8.75 24
643.7500000000001 8.75 24
662.5000000000001 8.75 24
656.25 8.75 24
675 8.75 24
668.75 8.75 24
687.5 8.75 24
681.25 8.75 24
700.0000000000002 8.75 24
693.75 8.75 24
712.5 8.75 24
706.2500000000002 8.75 24
725.0000000000001 8.75 24
718.75 8.75 24
737.5 8.75 24
731.25 8.75 24
750 8.75 24
743.75 8.75 24
762.5000000000002 8.75 24
756.25 8.75 24
775 8.75 24
768.7500000000002 8.75 24
787.5000000000001 8.75 24
781.25 8.75 24
800 8.75 24
793.75 8.75 24
812.5 8.75 24
806.25 8.75 24
825.0000000000002 8.75 24
818.75 8.75 24
837.5 8.75 24
831.2500000000002 8.75 24
850.0000000000001 8.75 24
843.75 8.75 24
862.5 8.75 24
856.25 8.75 24
875 8.75 24
868.75 8.75 24
887.5000000000002 8.75 24
881.25 8.75 24
900 8.75 24
893.7500000000002 8.75 24
912.5000000000001 8.75 24
906.25 8.75 24
925 8.75 24
918.75 8.75 24
937.5 8.75 24
931.25 8.75 24
950.0000000000002 8.75 24
943.75 8.75 24
962.5 8.75 24
956.2500000000002 8.75 24
975.0000000000001 8.75 24
968.75 8.75 24
987.5 8.75 24
981.25 8.75 24
993.75 8.75 24
3 1 0 7791
5251
5252
5253
5254
5255
5256
5257
5258
5259
5260
5261
5262
5263
5264
5265
5266
5267
5268
5269
5270
5271
5272
5273
5274
5275
5276
5277
5278
5279
5280
5281
5282
5283
5284
5285
5286
5287
5288
5289
5290
5291
5292
5293
5294
5295
5296
5297
5298
5299
5300
5301
5302
5303
5304
5305
5306
5307
5308
5309
5310
5311
5312
5313
5314
5315
5316
5317
5318
5319
5320
5321
5322
5323
5324
5325
5326
5327
5328
5329
5330
5331
5332
5333
5334
5335
5336
5337
5338
5339
5340
5341
5342
5343
5344
5345
5346
5347
5348
5349
5350
5351
5352
5353
5354
5355
5356
5357
5358
5359
5360
5361
5362
5363
5364
5365
5366
5367
5368
5369
5370
5371
5372
5373
5374
5375
5376
5377
5378
5379
5380
5381
5382
5383
5384
5385
5386
5387
5388
5389
5390
5391
5392
5393
5394
5395
5396
5397
5398
5399
5400
5401
5402
5403
5404
5405
5406
5407
5408
5409
5410
5411
5412
5413
5414
5415
5416
5417
5418
5419
5420
5421
5422
5423
5424
5425
5426
5427
5428
5429
5430
5431
5432
5433
5434
5435
5436
5437
5438
5439
5440
5441
5442
5443
5444
5445
5446
5447
5448
5449
5450
5451
5452
5453
5454
5455
5456
5457
5458
5459
5460
5461
5462
5463
5464
5465
5466
5467
5468
5469
5470
5471
5472
5473
5474
5475
5476
5477
5478
5479
5480
5481
5482
5483
5484
5485
5486
5487
5488
5489
5490
5491
5492
5493
5494
5495
5496
5497
5498
5499
5500
5501
5502
5503
5504
5505
5506
5507
5508
5509
5510
5511
5512
5513
5514
5515
5516
5517
5518
5519
5520
5521
5522
5523
5524
5525
5526
5527
5528
5529
5530
5531
5532
5533
5534
5535
5536
5537
5538
5539
5540
5541
5542
5543
5544
5545
5546
5547
5548
5549
5550
5551
5552
5553
5554
5555
5556
5557
5558
5559
5560
5561
5562
5563
5564
5565
5566
5567
5568
5569
5570
5571
5572
5573
5574
5575
5576
5577
5578
5579
5580
5581
5582
5583
5584
5585
5586
5587
5588
5589
5590
5591
5592
5593
5594
5595
5596
5597
5598
5599
5600
5601
5602
5603
5604
5605
5606
5607
5608
5609
5610
5611
5612
5613
5614
5615
5616
5617
5618
5619
5620
5621
5622
5623
5624
5625
5626
5627
5628
5629
5630
5631
5632
5633
5634
5635
5636
5637
5638
5639
5640
5641
5642
5643
5644
5645
5646
5647
5648
5649
5650
5651
5652
5653
5654
5655
5656
5657
5658
5659
5660
5661
5662
5663
5664
5665
5666
5667
5668
5669
5670
5671
5672
5673
5674
5675
5676
5677
5678
5679
5680
5681
5682
5683
5684
5685
5686
5687
5688
5689
5690
5691
5692
5693
5694
5695
5696
5697
5698
5699
5700
5701
5702
5703
5704
5705
5706
5707
5708
5709
5710
5711
5712
5713
5714
5715
5716
5717
5718
5719
5720
5721
5722
5723
5724
5725
5726
5727
5728
5729
5730
5731
5732
5733
5734
5735
5736
5737
5738
5739
5740
5741
5742
5743
5744
5745
5746
5747
5748
5749
5750
5751
5752
5753
5754
5755
5756
5757
5758
5759
5760
5761
5762
5763
5764
5765
5766
5767
5768
5769
5770
5771
5772
5773
5774
5775
5776
5777
5778
5779
5780
5781
5782
5783
5784
5785
5786
5787
5788
5789
5790
5791
5792
5793
5794
5795
5796
5797
5798
5799
5800
5801
5802
5803
5804
5805
5806
5807
5808
5809
5810
5811
5812
5813
5814
5815
5816
5817
5818
5819
5820
5821
5822
5823
5824
5825
5826
5827
5828
5829
5830
5831
5832
5833
5834
5835
5836
5837
5838
5839
5840
5841
5842
5843
5844
5845
5846
5847
5848
5849
5850
5851
5852
5853
5854
5855
5856
5857
5858
5859
5860
5861
5862
5863
5864
5865
5866
5867
5868
5869
5870
5871
5872
5873
5874
5875
5876
5877
5878
5879
5880
5881
5882
5883
5884
5885
5886
5887
5888
5889
5890
5891
5892
5893
5894
5895
5896
5897
5898
5899
5900
5901
5902
5903
5904
5905
5906
5907
5908
5909
5910
5911
5912
5913
5914
5915
5916
5917
5918
5919
5920
5921
5922
5923
5924
5925
5926
5927
5928
5929
5930
5931
5932
5933
5934
5935
5936
5937
5938
5939
5940
5941
5942
5943
5944
5945
5946
5947
5948
5949
5950
5951
5952
5953
5954
5955
5956
5957
5958
5959
5960
5961
5962
5963
5964
5965
5966
5967
5968
5969
5970
5971
5972
5973
5974
5975
5976
5977
5978
5979
5980
5981
5982
5983
5984
5985
5986
5987
5988
5989
5990
5991
5992
5993
5994
5995
5996
5997
5998
5999
6000
6001
6002
6003
6004
6005
6006
6007
6008
6009
6010
6011
6012
6013
6014
6015
6016
6017
6018
6019
6020
6021
6022
6023
6024
6025
6026
6027
6028
6029
6030
6031
6032
6033
6034
6035
6036
6037
6038
6039
6040
6041
6042
6043
6044
6045
6046
6047
6048
6049
6050
6051
6052
6053
6054
6055
6056
6057
6058
6059
6060
6061
6062
6063
6064
6065
6066
6067
6068
6069
6070
6071
6072
6073
6074
6075
6076
6077
6078
6079
6080
6081
6082
6083
6084
6085
6086
6087
6088
6089
6090
6091
6092
6093
6094
6095
6096
6097
6098
6099
6100
6101
6102
6103
6104
6105
6106
6107
6108
6109
6110
6111
6112
6113
6114
6115
6116
6117
6118
6119
6120
6121
6122
6123
6124
6125
6126
6127
6128
6129
6130
6131
6132
6133
6134
6135
6136
6137
6138
6139
6140
6141
6142
6143
6144
6145
6146
6147
6148
6149
6150
6151
6152
6153
6154
6155
6156
6157
6158
6159
6160
6161
6162
6163
6164
6165
6166
6167
6168
6169
6170
6171
6172
6173
6174
6175
6176
6177
6178
6179
6180
6181
6182
6183
6184
6185
6186
6187
6188
6189
6190
6191
6192
6193
6194
6195
6196
6197
6198
6199
6200
6201
6202
6203
6204
6205
6206
6207
6208
6209
6210
6211
6212
6213
6214
6215
6216
6217
6218
6219
6220
6221
6222
6223
6224
6225
6226
6227
6228
6229
6230
6231
6232
6233
6234
6235
6236
6237
6238
6239
6240
6241
6242
6243
6244
6245
6246
6247
6248
6249
6250
6251
6252
6253
6254
6255
6256
6257
6258
6259
6260
6261
6262
6263
6264
6265
6266
6267
6268
6269
6270
6271
6272
6273
6274
6275
6276
6277
6278
6279
6280
6281
6282
6283
6284
6285
6286
6287
6288
6289
6290
6291
6292
6293
6294
6295
6296
6297
6298
6299
6300
6301
6302
6303
6304
6305
6306
6307
6308
6309
6310
6311
6312
6313
6314
6315
6316
6317
6318
6319
6320
6321
6322
6323
6324
6325
6326
6327
6328
6329
6330
6331
6332
6333
6334
6335
6336
6337
6338
6339
6340
6341
6342
6343
6344
6345
6346
6347
6348
6349
6350
6351
6352
6353
6354
6355
6356
6357
6358
6359
6360
6361
6362
6363
6364
6365
6366
6367
6368
6369
6370
6371
6372
6373
6374
6375
6376
6377
6378
6379
6380
6381
6382
6383
6384
6385
6386
6387
6388
6389
6390
6391
6392
6393
6394
6395
6396
6397
6398
6399
6400
6401
6402
6403
6404
6405
6406
6407
6408
6409
6410
6411
6412
6413
6414
6415
6416
6417
6418
6419
6420
6421
6422
6423
6424
6425
6426
6427
6428
6429
6430
6431
6432
6433
6434
6435
6436
6437
6438
6439
6440
6441
6442
6443
6444
6445
6446
6447
6448
6449
6450
6451
6452
6453
6454
6455
6456
6457
6458
6459
6460
6461
6462
6463
6464
6465
6466
6467
6468
6469
6470
6471
6472
6473
6474
6475
6476
6477
6478
6479
6480
6481
6482
6483
6484
6485
6486
6487
6488
6489
6490
6491
6492
6493
6494
6495
6496
6497
6498
6499
6500
6501
6502
6503
6504
6505
6506
6507
6508
6509
6510
6511
6512
6513
6514
6515
6516
6517
6518
6519
6520
6521
6522
6523
6524
6525
6526
6527
6528
6529
6530
6531
6532
6533
6534
6535
6536
6537
6538
6539
6540
6541
6542
6543
6544
6545
6546
6547
6548
6549
6550
6551
6552
6553
6554
6555
6556
6557
6558
6559
6560
6561
6562
6563
6564
6565
6566
6567
6568
6569
6570
6571
6572
6573
6574
6575
6576
6577
6578
6579
6580
6581
6582
6583
6584
6585
6586
6587
6588
6589
6590
6591
6592
6593
6594
6595
6596
6597
6598
6599
6600
6601
6602
6603
6604
6605
6606
6607
6608
6609
6610
6611
6612
6613
6614
6615
6616
6617
6618
6619
6620
6621
6622
6623
6624
6625
6626
6627
6628
6629
6630
6631
6632
6633
6634
6635
6636
6637
6638
6639
6640
6641
6642
6643
6644
6645
6646
6647
6648
6649
6650
6651
6652
6653
6654
6655
6656
6657
6658
6659
6660
6661
6662
6663
6664
6665
6666
6667
6668
6669
6670
6671
6672
6673
6674
6675
6676
6677
6678
6679
6680
6681
6682
6683
6684
6685
6686
6687
6688
6689
6690
6691
6692
6693
6694
6695
6696
6697
6698
6699
6700
6701
6702
6703
6704
6705
6706
6707
6708
6709
6710
6711
6712
6713
6714
6715
6716
6717
6718
6719
6720
6721
6722
6723
6724
6725
6726
6727
6728
6729
6730
6731
6732
6733
6734
6735
6736
6737
6738
6739
6740
6741
6742
6743
6744
6745
6746
6747
6748
6749
6750
6751
6752
6753
6754
6755
6756
6757
6758
6759
6760
6761
6762
6763
6764
6765
6766
6767
6768
6769
6770
6771
6772
6773
6774
6775
6776
6777
6778
6779
6780
6781
6782
6783
6784
6785
6786
6787
6788
6789
6790
6791
6792
6793
6794
6795
6796
6797
6798
6799
6800
6801
6802
6803
6804
6805
6806
6807
6808
6809
6810
6811
6812
6813
6814
6815
6816
6817
6818
6819
6820
6821
6822
6823
6824
6825
6826
6827
6828
6829
6830
6831
6832
6833
6834
6835
6836
6837
6838
6839
6840
6841
6842
6843
6844
6845
6846
6847
6848
6849
6850
6851
6852
6853
6854
6855
6856
6857
6858
6859
6860
6861
6862
6863
6864
6865
6866
6867
6868
6869
6870
6871
6872
6873
6874
6875
6876
6877
6878
6879
6880
6881
6882
6883
6884
6885
6886
6887
6888
6889
6890
6891
6892
6893
6894
6895
6896
6897
6898
6899
6900
6901
6902
6903
6904
6905
6906
6907
6908
6909
6910
6911
6912
6913
6914
6915
6916
6917
6918
6919
6920
6921
6922
6923
6924
6925
6926
6927
6928
6929
6930
6931
6932
6933
6934
6935
6936
6937
6938
6939
6940
6941
6942
6943
6944
6945
6946
6947
6948
6949
6950
6951
6952
6953
6954
6955
6956
6957
6958
6959
6960
6961
6962
6963
6964
6965
6966
6967
6968
6969
6970
6971
6972
6973
6974
6975
6976
6977
6978
6979
6980
6981
6982
6983
6984
6985
6986
6987
6988
6989
6990
6991
6992
6993
6994
6995
6996
6997
6998
6999
7000
7001
7002
7003
7004
7005
7006
7007
7008
7009
7010
7011
7012
7013
7014
7015
7016
7017
7018
7019
7020
7021
7022
7023
7024
7025
7026
7027
7028
7029
7030
7031
7032
7033
7034
7035
7036
7037
7038
7039
7040
7041
7042
7043
7044
7045
7046
7047
7048
7049
7050
7051
7052
7053
7054
7055
7056
7057
7058
7059
7060
7061
7062
7063
7064
7065
7066
7067
7068
7069
7070
7071
7072
7073
7074
7075
7076
7077
7078
7079
7080
7081
7082
7083
7084
7085
7086
7087
7088
7089
7090
7091
7092
7093
7094
7095
7096
7097
7098
7099
7100
7101
7102
7103
7104
7105
7106
7107
7108
7109
7110
7111
7112
7113
7114
7115
7116
7117
7118
7119
7120
7121
7122
7123
7124
7125
7126
7127
7128
7129
7130
7131
7132
7133
7134
7135
7136
7137
7138
7139
7140
7141
7142
7143
7144
7145
7146
7147
7148
7149
7150
7151
7152
7153
7154
7155
7156
7157
7158
7159
7160
7161
7162
7163
7164
7165
7166
7167
7168
7169
7170
7171
7172
7173
7174
7175
7176
7177
7178
7179
7180
7181
7182
7183
7184
7185
7186
7187
7188
7189
7190
7191
7192
7193
7194
7195
7196
7197
7198
7199
7200
7201
7202
7203
7204
7205
7206
7207
7208
7209
7210
7211
7212
7213
7214
7215
7216
7217
7218
7219
7220
7221
7222
7223
7224
7225
7226
7227
7228
7229
7230
7231
7232
7233
7234
7235
7236
7237
7238
7239
7240
7241
7242
7243
7244
7245
7246
7247
7248
7249
7250
7251
7252
7253
7254
7255
7256
7257
7258
7259
7260
7261
7262
7263
7264
7265
7266
7267
7268
7269
7270
7271
7272
7273
7274
7275
7276
7277
7278
7279
7280
7281
7282
7283
7284
7285
7286
7287
7288
7289
7290
7291
7292
7293
7294
7295
7296
7297
7298
7299
7300
7301
7302
7303
7304
7305
7306
7307
7308
7309
7310
7311
7312
7313
7314
7315
7316
7317
7318
7319
7320
7321
7322
7323
7324
7325
7326
7327
7328
7329
7330
7331
7332
7333
7334
7335
7336
7337
7338
7339
7340
7341
7342
7343
7344
7345
7346
7347
7348
7349
7350
7351
7352
7353
7354
7355
7356
7357
7358
7359
7360
7361
7362
7363
7364
7365
7366
7367
7368
7369
7370
7371
7372
7373
7374
7375
7376
7377
7378
7379
7380
7381
7382
7383
7384
7385
7386
7387
7388
7389
7390
7391
7392
7393
7394
7395
7396
7397
7398
7399
7400
7401
7402
7403
7404
7405
7406
7407
7408
7409
7410
7411
7412
7413
7414
7415
7416
7417
7418
7419
7420
7421
7422
7423
7424
7425
7426
7427
7428
7429
7430
7431
7432
7433
7434
7435
7436
7437
7438
7439
7440
7441
7442
7443
7444
7445
7446
7447
7448
7449
7450
7451
7452
7453
7454
7455
7456
7457
7458
7459
7460
7461
7462
7463
7464
7465
7466
7467
7468
7469
7470
7471
7472
7473
7474
7475
7476
7477
7478
7479
7480
7481
7482
7483
7484
7485
7486
7487
7488
7489
7490
7491
7492
7493
7494
7495
7496
7497
7498
7499
7500
7501
7502
7503
7504
7505
7506
7507
7508
7509
7510
7511
7512
7513
7514
7515
7516
7517
7518
7519
7520
7521
7522
7523
7524
7525
7526
7527
7528
7529
7530
7531
7532
7533
7534
7535
7536
7537
7538
7539
7540
7541
7542
7543
7544
7545
7546
7547
7548
7549
7550
7551
7552
7553
7554
7555
7556
7557
7558
7559
7560
7561
7562
7563
7564
7565
7566
7567
7568
7569
7570
7571
7572
7573
7574
7575
7576
7577
7578
7579
7580
7581
7582
7583
7584
7585
7586
7587
7588
7589
7590
7591
7592
7593
7594
7595
7596
7597
7598
7599
7600
7601
7602
7603
7604
7605
7606
7607
7608
7609
7610
7611
7612
7613
7614
7615
7616
7617
7618
7619
7620
7621
7622
7623
7624
7625
7626
7627
7628
7629
7630
7631
7632
7633
7634
7635
7636
7637
7638
7639
7640
7641
7642
7643
7644
7645
7646
7647
7648
7649
7650
7651
7652
7653
7654
7655
7656
7657
7658
7659
7660
7661
7662
7663
7664
7665
7666
7667
7668
7669
7670
7671
7672
7673
7674
7675
7676
7677
7678
7679
7680
7681
7682
7683
7684
7685
7686
7687
7688
7689
7690
7691
7692
7693
7694
7695
7696
7697
7698
7699
7700
7701
7702
7703
7704
7705
7706
7707
7708
7709
7710
7711
7712
7713
7714
7715
7716
7717
7718
7719
7720
7721
7722
7723
7724
7725
7726
7727
7728
7729
7730
7731
7732
7733
7734
7735
7736
7737
7738
7739
7740
7741
7742
7743
7744
7745
7746
7747
7748
7749
7750
7751
7752
7753
7754
7755
7756
7757
7758
7759
7760
7761
7762
7763
7764
7765
7766
7767
7768
7769
7770
7771
7772
7773
7774
7775
7776
7777
7778
7779
7780
7781
7782
7783
7784
7785
7786
7787
7788
7789
7790
7791
7792
7793
7794
7795
7796
7797
7798
7799
7800
7801
7802
7803
7804
7805
7806
7807
7808
7809
7810
7811
7812
7813
7814
7815
7816
7817
7818
7819
7820
7821
7822
7823
7824
7825
7826
7827
7828
7829
7830
7831
7832
7833
7834
7835
7836
7837
7838
7839
7840
7841
7842
7843
7844
7845
7846
7847
7848
7849
7850
7851
7852
7853
7854
7855
7856
7857
7858
7859
7860
7861
7862
7863
7864
7865
7866
7867
7868
7869
7870
7871
7872
7873
7874
7875
7876
7877
7878
7879
7880
7881
7882
7883
7884
7885
7886
7887
7888
7889
7890
7891
7892
7893
7894
7895
7896
7897
7898
7899
7900
7901
7902
7903
7904
7905
7906
7907
7908
7909
7910
7911
7912
7913
7914
7915
7916
7917
7918
7919
7920
7921
7922
7923
7924
7925
7926
7927
7928
7929
7930
7931
7932
7933
7934
7935
7936
7937
7938
7939
7940
7941
7942
7943
7944
7945
7946
7947
7948
7949
7950
7951
7952
7953
7954
7955
7956
7957
7958
7959
7960
7961
7962
7963
7964
7965
7966
7967
7968
7969
7970
7971
7972
7973
7974
7975
7976
7977
7978
7979
7980
7981
7982
7983
7984
7985
7986
7987
7988
7989
7990
7991
7992
7993
7994
7995
7996
7997
7998
7999
8000
8001
8002
8003
8004
8005
8006
8007
8008
8009
8010
8011
8012
8013
8014
8015
8016
8017
8018
8019
8020
8021
8022
8023
8024
8025
8026
8027
8028
8029
8030
8031
8032
8033
8034
8035
8036
8037
8038
8039
8040
8041
8042
8043
8044
8045
8046
8047
8048
8049
8050
8051
8052
8053
8054
8055
8056
8057
8058
8059
8060
8061
8062
8063
8064
8065
8066
8067
8068
8069
8070
8071
8072
8073
8074
8075
8076
8077
8078
8079
8080
8081
8082
8083
8084
8085
8086
8087
8088
8089
8090
8091
8092
8093
8094
8095
8096
8097
8098
8099
8100
8101
8102
8103
8104
8105
8106
8107
8108
8109
8110
8111
8112
8113
8114
8115
8116
8117
8118
8119
8120
8121
8122
8123
8124
8125
8126
8127
8128
8129
8130
8131
8132
8133
8134
8135
8136
8137
8138
8139
8140
8141
8142
8143
8144
8145
8146
8147
8148
8149
8150
8151
8152
8153
8154
8155
8156
8157
8158
8159
8160
8161
8162
8163
8164
8165
8166
8167
8168
8169
8170
8171
8172
8173
8174
8175
8176
8177
8178
8179
8180
8181
8182
8183
8184
8185
8186
8187
8188
8189
8190
8191
8192
8193
8194
8195
8196
8197
8198
8199
8200
8201
8202
8203
8204
8205
8206
8207
8208
8209
8210
8211
8212
8213
8214
8215
8216
8217
8218
8219
8220
8221
8222
8223
8224
8225
8226
8227
8228
8229
8230
8231
8232
8233
8234
8235
8236
8237
8238
8239
8240
8241
8242
8243
8244
8245
8246
8247
8248
8249
8250
8251
8252
8253
8254
8255
8256
8257
8258
8259
8260
8261
8262
8263
8264
8265
8266
8267
8268
8269
8270
8271
8272
8273
8274
8275
8276
8277
8278
8279
8280
8281
8282
8283
8284
8285
8286
8287
8288
8289
8290
8291
8292
8293
8294
8295
8296
8297
8298
8299
8300
8301
8302
8303
8304
8305
8306
8307
8308
8309
8310
8311
8312
8313
8314
8315
8316
8317
8318
8319
8320
8321
8322
8323
8324
8325
8326
8327
8328
8329
8330
8331
8332
8333
8334
8335
8336
8337
8338
8339
8340
8341
8342
8343
8344
8345
8346
8347
8348
8349
8350
8351
8352
8353
8354
8355
8356
8357
8358
8359
8360
8361
8362
8363
8364
8365
8366
8367
8368
8369
8370
8371
8372
8373
8374
8375
8376
8377
8378
8379
8380
8381
8382
8383
8384
8385
8386
8387
8388
8389
8390
8391
8392
8393
8394
8395
8396
8397
8398
8399
8400
8401
8402
8403
8404
8405
8406
8407
8408
8409
8410
8411
8412
8413
8414
8415
8416
8417
8418
8419
8420
8421
8422
8423
8424
8425
8426
8427
8428
8429
8430
8431
8432
8433
8434
8435
8436
8437
8438
8439
8440
8441
8442
8443
8444
8445
8446
8447
8448
8449
8450
8451
8452
8453
8454
8455
8456
8457
8458
8459
8460
8461
8462
8463
8464
8465
8466
8467
8468
8469
8470
8471
8472
8473
8474
8475
8476
8477
8478
8479
8480
8481
8482
8483
8484
8485
8486
8487
8488
8489
8490
8491
8492
8493
8494
8495
8496
8497
8498
8499
8500
8501
8502
8503
8504
8505
8506
8507
8508
8509
8510
8511
8512
8513
8514
8515
8516
8517
8518
8519
8520
8521
8522
8523
8524
8525
8526
8527
8528
8529
8530
8531
8532
8533
8534
8535
8536
8537
8538
8539
8540
8541
8542
8543
8544
8545
8546
8547
8548
8549
8550
8551
8552
8553
8554
8555
8556
8557
8558
8559
8560
8561
8562
8563
8564
8565
8566
8567
8568
8569
8570
8571
8572
8573
8574
8575
8576
8577
8578
8579
8580
8581
8582
8583
8584
8585
8586
8587
8588
8589
8590
8591
8592
8593
8594
8595
8596
8597
8598
8599
8600
8601
8602
8603
8604
8605
8606
8607
8608
8609
8610
8611
8612
8613
8614
8615
8616
8617
8618
8619
8620
8621
8622
8623
8624
8625
8626
8627
8628
8629
8630
8631
8632
8633
8634
8635
8636
8637
8638
8639
8640
8641
8642
8643
8644
8645
8646
8647
8648
8649
8650
8651
8652
8653
8654
8655
8656
8657
8658
8659
8660
8661
8662
8663
8664
8665
8666
8667
8668
8669
8670
8671
8672
8673
8674
8675
8676
8677
8678
8679
8680
8681
8682
8683
8684
8685
8686
8687
8688
8689
8690
8691
8692
8693
8694
8695
8696
8697
8698
8699
8700
8701
8702
8703
8704
8705
8706
8707
8708
8709
8710
8711
8712
8713
8714
8715
8716
8717
8718
8719
8720
8721
8722
8723
8724
8725
8726
8727
8728
8729
8730
8731
8732
8733
8734
8735
8736
8737
8738
8739
8740
8741
8742
8743
8744
8745
8746
8747
8748
8749
8750
8751
8752
8753
8754
8755
8756
8757
8758
8759
8760
8761
8762
8763
8764
8765
8766
8767
8768
8769
8770
8771
8772
8773
8774
8775
8776
8777
8778
8779
8780
8781
8782
8783
8784
8785
8786
8787
8788
8789
8790
8791
8792
8793
8794
8795
8796
8797
8798
8799
8800
8801
8802
8803
8804
8805
8806
8807
8808
8809
8810
8811
8812
8813
8814
8815
8816
8817
8818
8819
8820
8821
8822
8823
8824
8825
8826
8827
8828
8829
8830
8831
8832
8833
8834
8835
8836
8837
8838
8839
8840
8841
8842
8843
8844
8845
8846
8847
8848
8849
8850
8851
8852
8853
8854
8855
8856
8857
8858
8859
8860
8861
8862
8863
8864
8865
8866
8867
8868
8869
8870
8871
8872
8873
8874
8875
8876
8877
8878
8879
8880
8881
8882
8883
8884
8885
8886
8887
8888
8889
8890
8891
8892
8893
8894
8895
8896
8897
8898
8899
8900
8901
8902
8903
8904
8905
8906
8907
8908
8909
8910
8911
8912
8913
8914
8915
8916
8917
8918
8919
8920
8921
8922
8923
8924
8925
8926
8927
8928
8929
8930
8931
8932
8933
8934
8935
8936
8937
8938
8939
8940
8941
8942
8943
8944
8945
8946
8947
8948
8949
8950
8951
8952
8953
8954
8955
8956
8957
8958
8959
8960
8961
8962
8963
8964
8965
8966
8967
8968
8969
8970
8971
8972
8973
8974
8975
8976
8977
8978
8979
8980
8981
8982
8983
8984
8985
8986
8987
8988
8989
8990
8991
8992
8993
8994
8995
8996
8997
8998
8999
9000
9001
9002
9003
9004
9005
9006
9007
9008
9009
9010
9011
9012
9013
9014
9015
9016
9017
9018
9019
9020
9021
9022
9023
9024
9025
9026
9027
9028
9029
9030
9031
9032
9033
9034
9035
9036
9037
9038
9039
9040
9041
9042
9043
9044
9045
9046
9047
9048
9049
9050
9051
9052
9053
9054
9055
9056
9057
9058
9059
9060
9061
9062
9063
9064
9065
9066
9067
9068
9069
9070
9071
9072
9073
9074
9075
9076
9077
9078
9079
9080
9081
9082
9083
9084
9085
9086
9087
9088
9089
9090
9091
9092
9093
9094
9095
9096
9097
9098
9099
9100
9101
9102
9103
9104
9105
9106
9107
9108
9109
9110
9111
9112
9113
9114
9115
9116
9117
9118
9119
9120
9121
9122
9123
9124
9125
9126
9127
9128
9129
9130
9131
9132
9133
9134
9135
9136
9137
9138
9139
9140
9141
9142
9143
9144
9145
9146
9147
9148
9149
9150
9151
9152
9153
9154
9155
9156
9157
9158
9159
9160
9161
9162
9163
9164
9165
9166
9167
9168
9169
9170
9171
9172
9173
9174
9175
9176
9177
9178
9179
9180
9181
9182
9183
9184
9185
9186
9187
9188
9189
9190
9191
9192
9193
9194
9195
9196
9197
9198
9199
9200
9201
9202
9203
9204
9205
9206
9207
9208
9209
9210
9211
9212
9213
9214
9215
9216
9217
9218
9219
9220
9221
9222
9223
9224
9225
9226
9227
9228
9229
9230
9231
9232
9233
9234
9235
9236
9237
9238
9239
9240
9241
9242
9243
9244
9245
9246
9247
9248
9249
9250
9251
9252
9253
9254
9255
9256
9257
9258
9259
9260
9261
9262
9263
9264
9265
9266
9267
9268
9269
9270
9271
9272
9273
9274
9275
9276
9277
9278
9279
9280
9281
9282
9283
9284
9285
9286
9287
9288
9289
9290
9291
9292
9293
9294
9295
9296
9297
9298
9299
9300
9301
9302
9303
9304
9305
9306
9307
9308
9309
9310
9311
9312
9313
9314
9315
9316
9317
9318
9319
9320
9321
9322
9323
9324
9325
9326
9327
9328
9329
9330
9331
9332
9333
9334
9335
9336
9337
9338
9339
9340
9341
9342
9343
9344
9345
9346
9347
9348
9349
9350
9351
9352
9353
9354
9355
9356
9357
9358
9359
9360
9361
9362
9363
9364
9365
9366
9367
9368
9369
9370
9371
9372
9373
9374
9375
9376
9377
9378
9379
9380
9381
9382
9383
9384
9385
9386
9387
9388
9389
9390
9391
9392
9393
9394
9395
9396
9397
9398
9399
9400
9401
9402
9403
9404
9405
9406
9407
9408
9409
9410
9411
9412
9413
9414
9415
9416
9417
9418
9419
9420
9421
9422
9423
9424
9425
9426
9427
9428
9429
9430
9431
9432
9433
9434
9435
9436
9437
9438
9439
9440
9441
9442
9443
9444
9445
9446
9447
9448
9449
9450
9451
9452
9453
9454
9455
9456
9457
9458
9459
9460
9461
9462
9463
9464
9465
9466
9467
9468
9469
9470
9471
9472
9473
9474
9475
9476
9477
9478
9479
9480
9481
9482
9483
9484
9485
9486
9487
9488
9489
9490
9491
9492
9493
9494
9495
9496
9497
9498
9499
9500
9501
9502
9503
9504
9505
9506
9507
9508
9509
9510
9511
9512
9513
9514
9515
9516
9517
9518
9519
9520
9521
9522
9523
9524
9525
9526
9527
9528
9529
9530
9531
9532
9533
9534
9535
9536
9537
9538
9539
9540
9541
9542
9543
9544
9545
9546
9547
9548
9549
9550
9551
9552
9553
9554
9555
9556
9557
9558
9559
9560
9561
9562
9563
9564
9565
9566
9567
9568
9569
9570
9571
9572
9573
9574
9575
9576
9577
9578
9579
9580
9581
9582
9583
9584
9585
9586
9587
9588
9589
9590
9591
9592
9593
9594
9595
9596
9597
9598
9599
9600
9601
9602
9603
9604
9605
9606
9607
9608
9609
9610
9611
9612
9613
9614
9615
9616
9617
9618
9619
9620
9621
9622
9623
9624
9625
9626
9627
9628
9629
9630
9631
9632
9633
9634
9635
9636
9637
9638
9639
9640
9641
9642
9643
9644
9645
9646
9647
9648
9649
9650
9651
9652
9653
9654
9655
9656
9657
9658
9659
9660
9661
9662
9663
9664
9665
9666
9667
9668
9669
9670
9671
9672
9673
9674
9675
9676
9677
9678
9679
9680
9681
9682
9683
9684
9685
9686
9687
9688
9689
9690
9691
9692
9693
9694
9695
9696
9697
9698
9699
9700
9701
9702
9703
9704
9705
9706
9707
9708
9709
9710
9711
9712
9713
9714
9715
9716
9717
9718
9719
9720
9721
9722
9723
9724
9725
9726
9727
9728
9729
9730
9731
9732
9733
9734
9735
9736
9737
9738
9739
9740
9741
9742
9743
9744
9745
9746
9747
9748
9749
9750
9751
9752
9753
9754
9755
9756
9757
9758
9759
9760
9761
9762
9763
9764
9765
9766
9767
9768
9769
9770
9771
9772
9773
9774
9775
9776
9777
9778
9779
9780
9781
9782
9783
9784
9785
9786
9787
9788
9789
9790
9791
9792
9793
9794
9795
9796
9797
9798
9799
9800
9801
9802
9803
9804
9805
9806
9807
9808
9809
9810
9811
9812
9813
9814
9815
9816
9817
9818
9819
9820
9821
9822
9823
9824
9825
9826
9827
9828
9829
9830
9831
9832
9833
9834
9835
9836
9837
9838
9839
9840
9841
9842
9843
9844
9845
9846
9847
9848
9849
9850
9851
9852
9853
9854
9855
9856
9857
9858
9859
9860
9861
9862
9863
9864
9865
9866
9867
9868
9869
9870
9871
9872
9873
9874
9875
9876
9877
9878
9879
9880
9881
9882
9883
9884
9885
9886
9887
9888
9889
9890
9891
9892
9893
9894
9895
9896
9897
9898
9899
9900
9901
9902
9903
9904
9905
9906
9907
9908
9909
9910
9911
9912
9913
9914
9915
9916
9917
9918
9919
9920
9921
9922
9923
9924
9925
9926
9927
9928
9929
9930
9931
9932
9933
9934
9935
9936
9937
9938
9939
9940
9941
9942
9943
9944
9945
9946
9947
9948
9949
9950
9951
9952
9953
9954
9955
9956
9957
9958
9959
9960
9961
9962
9963
9964
9965
9966
9967
9968
9969
9970
9971
9972
9973
9974
9975
9976
9977
9978
9979
9980
9981
9982
9983
9984
9985
9986
9987
9988
9989
9990
9991
9992
9993
9994
9995
9996
9997
9998
9999
10000
10001
10002
10003
10004
10005
10006
10007
10008
10009
10010
10011
10012
10013
10014
10015
10016
10017
10018
10019
10020
10021
10022
10023
10024
10025
10026
10027
10028
10029
10030
10031
10032
10033
10034
10035
10036
10037
10038
10039
10040
10041
10042
10043
10044
10045
10046
10047
10048
10049
10050
10051
10052
10053
10054
10055
10056
10057
10058
10059
10060
10061
10062
10063
10064
10065
10066
10067
10068
10069
10070
10071
10072
10073
10074
10075
10076
10077
10078
10079
10080
10081
10082
10083
10084
10085
10086
10087
10088
10089
10090
10091
10092
10093
10094
10095
10096
10097
10098
10099
10100
10101
10102
10103
10104
10105
10106
10107
10108
10109
10110
10111
10112
10113
10114
10115
10116
10117
10118
10119
10120
10121
10122
10123
10124
10125
10126
10127
10128
10129
10130
10131
10132
10133
10134
10135
10136
10137
10138
10139
10140
10141
10142
10143
10144
10145
10146
10147
10148
10149
10150
10151
10152
10153
10154
10155
10156
10157
10158
10159
10160
10161
10162
10163
10164
10165
10166
10167
10168
10169
10170
10171
10172
10173
10174
10175
10176
10177
10178
10179
10180
10181
10182
10183
10184
10185
10186
10187
10188
10189
10190
10191
10192
10193
10194
10195
10196
10197
10198
10199
10200
10201
10202
10203
10204
10205
10206
10207
10208
10209
10210
10211
10212
10213
10214
10215
10216
10217
10218
10219
10220
10221
10222
10223
10224
10225
10226
10227
10228
10229
10230
10231
10232
10233
10234
10235
10236
10237
10238
10239
10240
10241
10242
10243
10244
10245
10246
10247
10248
10249
10250
10251
10252
10253
10254
10255
10256
10257
10258
10259
10260
10261
10262
10263
10264
10265
10266
10267
10268
10269
10270
10271
10272
10273
10274
10275
10276
10277
10278
10279
10280
10281
10282
10283
10284
10285
10286
10287
10288
10289
10290
10291
10292
10293
10294
10295
10296
10297
10298
10299
10300
10301
10302
10303
10304
10305
10306
10307
10308
10309
10310
10311
10312
10313
10314
10315
10316
10317
10318
10319
10320
10321
10322
10323
10324
10325
10326
10327
10328
10329
10330
10331
10332
10333
10334
10335
10336
10337
10338
10339
10340
10341
10342
10343
10344
10345
10346
10347
10348
10349
10350
10351
10352
10353
10354
10355
10356
10357
10358
10359
10360
10361
10362
10363
10364
10365
10366
10367
10368
10369
10370
10371
10372
10373
10374
10375
10376
10377
10378
10379
10380
10381
10382
10383
10384
10385
10386
10387
10388
10389
10390
10391
10392
10393
10394
10395
10396
10397
10398
10399
10400
10401
10402
10403
10404
10405
10406
10407
10408
10409
10410
10411
10412
10413
10414
10415
10416
10417
10418
10419
10420
10421
10422
10423
10424
10425
10426
10427
10428
10429
10430
10431
10432
10433
10434
10435
10436
10437
10438
10439
10440
10441
10442
10443
10444
10445
10446
10447
10448
10449
10450
10451
10452
10453
10454
10455
10456
10457
10458
10459
10460
10461
10462
10463
10464
10465
10466
10467
10468
10469
10470
10471
10472
10473
10474
10475
10476
10477
10478
10479
10480
10481
10482
10483
10484
10485
10486
10487
10488
10489
10490
10491
10492
10493
10494
10495
10496
10497
10498
10499
10500
10501
10502
10503
10504
10505
10506
10507
10508
10509
10510
10511
10512
10513
10514
10515
10516
10517
10518
10519
10520
10521
10522
10523
10524
10525
10526
10527
10528
10529
10530
10531
10532
10533
10534
10535
10536
10537
10538
10539
10540
10541
10542
10543
10544
10545
10546
10547
10548
10549
10550
10551
10552
10553
10554
10555
10556
10557
10558
10559
10560
10561
10562
10563
10564
10565
10566
10567
10568
10569
10570
10571
10572
10573
10574
10575
10576
10577
10578
10579
10580
10581
10582
10583
10584
10585
10586
10587
10588
10589
10590
10591
10592
10593
10594
10595
10596
10597
10598
10599
10600
10601
10602
10603
10604
10605
10606
10607
10608
10609
10610
10611
10612
10613
10614
10615
10616
10617
10618
10619
10620
10621
10622
10623
10624
10625
10626
10627
10628
10629
10630
10631
10632
10633
10634
10635
10636
10637
10638
10639
10640
10641
10642
10643
10644
10645
10646
10647
10648
10649
10650
10651
10652
10653
10654
10655
10656
10657
10658
10659
10660
10661
10662
10663
10664
10665
10666
10667
10668
10669
10670
10671
10672
10673
10674
10675
10676
10677
10678
10679
10680
10681
10682
10683
10684
10685
10686
10687
10688
10689
10690
10691
10692
10693
10694
10695
10696
10697
10698
10699
10700
10701
10702
10703
10704
10705
10706
10707
10708
10709
10710
10711
10712
10713
10714
10715
10716
10717
10718
10719
10720
10721
10722
10723
10724
10725
10726
10727
10728
10729
10730
10731
10732
10733
10734
10735
10736
10737
10738
10739
10740
10741
10742
10743
10744
10745
10746
10747
10748
10749
10750
10751
10752
10753
10754
10755
10756
10757
10758
10759
10760
10761
10762
10763
10764
10765
10766
10767
10768
10769
10770
10771
10772
10773
10774
10775
10776
10777
10778
10779
10780
10781
10782
10783
10784
10785
10786
10787
10788
10789
10790
10791
10792
10793
10794
10795
10796
10797
10798
10799
10800
10801
10802
10803
10804
10805
10806
10807
10808
10809
10810
10811
10812
10813
10814
10815
10816
10817
10818
10819
10820
10821
10822
10823
10824
10825
10826
10827
10828
10829
10830
10831
10832
10833
10834
10835
10836
10837
10838
10839
10840
10841
10842
10843
10844
10845
10846
10847
10848
10849
10850
10851
10852
10853
10854
10855
10856
10857
10858
10859
10860
10861
10862
10863
10864
10865
10866
10867
10868
10869
10870
10871
10872
10873
10874
10875
10876
10877
10878
10879
10880
10881
10882
10883
10884
10885
10886
10887
10888
10889
10890
10891
10892
10893
10894
10895
10896
10897
10898
10899
10900
10901
10902
10903
10904
10905
10906
10907
10908
10909
10910
10911
10912
10913
10914
10915
10916
10917
10918
10919
10920
10921
10922
10923
10924
10925
10926
10927
10928
10929
10930
10931
10932
10933
10934
10935
10936
10937
10938
10939
10940
10941
10942
10943
10944
10945
10946
10947
10948
10949
10950
10951
10952
10953
10954
10955
10956
10957
10958
10959
10960
10961
10962
10963
10964
10965
10966
10967
10968
10969
10970
10971
10972
10973
10974
10975
10976
10977
10978
10979
10980
10981
10982
10983
10984
10985
10986
10987
10988
10989
10990
10991
10992
10993
10994
10995
10996
10997
10998
10999
11000
11001
11002
11003
11004
11005
11006
11007
11008
11009
11010
11011
11012
11013
11014
11015
11016
11017
11018
11019
11020
11021
11022
11023
11024
11025
11026
11027
11028
11029
11030
11031
11032
11033
11034
11035
11036
11037
11038
11039
11040
11041
11042
11043
11044
11045
11046
11047
11048
11049
11050
11051
11052
11053
11054
11055
11056
11057
11058
11059
11060
11061
11062
11063
11064
11065
11066
11067
11068
11069
11070
11071
11072
11073
11074
11075
11076
11077
11078
11079
11080
11081
11082
11083
11084
11085
11086
11087
11088
11089
11090
11091
11092
11093
11094
11095
11096
11097
11098
11099
11100
11101
11102
11103
11104
11105
11106
11107
11108
11109
11110
11111
11112
11113
11114
11115
11116
11117
11118
11119
11120
11121
11122
11123
11124
11125
11126
11127
11128
11129
11130
11131
11132
11133
11134
11135
11136
11137
11138
11139
11140
11141
11142
11143
11144
11145
11146
11147
11148
11149
11150
11151
11152
11153
11154
11155
11156
11157
11158
11159
11160
11161
11162
11163
11164
11165
11166
11167
11168
11169
11170
11171
11172
11173
11174
11175
11176
11177
11178
11179
11180
11181
11182
11183
11184
11185
11186
11187
11188
11189
11190
11191
11192
11193
11194
11195
11196
11197
11198
11199
11200
11201
11202
11203
11204
11205
11206
11207
11208
11209
11210
11211
11212
11213
11214
11215
11216
11217
11218
11219
11220
11221
11222
11223
11224
11225
11226
11227
11228
11229
11230
11231
11232
11233
11234
11235
11236
11237
11238
11239
11240
11241
11242
11243
11244
11245
11246
11247
11248
11249
11250
11251
11252
11253
11254
11255
11256
11257
11258
11259
11260
11261
11262
11263
11264
11265
11266
11267
11268
11269
11270
11271
11272
11273
11274
11275
11276
11277
11278
11279
11280
11281
11282
11283
11284
11285
11286
11287
11288
11289
11290
11291
11292
11293
11294
11295
11296
11297
11298
11299
11300
11301
11302
11303
11304
11305
11306
11307
11308
11309
11310
11311
11312
11313
11314
11315
11316
11317
11318
11319
11320
11321
11322
11323
11324
11325
11326
11327
11328
11329
11330
11331
11332
11333
11334
11335
11336
11337
11338
11339
11340
11341
11342
11343
11344
11345
11346
11347
11348
11349
11350
11351
11352
11353
11354
11355
11356
11357
11358
11359
11360
11361
11362
11363
11364
11365
11366
11367
11368
11369
11370
11371
11372
11373
11374
11375
11376
11377
11378
11379
11380
11381
11382
11383
11384
11385
11386
11387
11388
11389
11390
11391
11392
11393
11394
11395
11396
11397
11398
11399
11400
11401
11402
11403
11404
11405
11406
11407
11408
11409
11410
11411
11412
11413
11414
11415
11416
11417
11418
11419
11420
11421
11422
11423
11424
11425
11426
11427
11428
11429
11430
11431
11432
11433
11434
11435
11436
11437
11438
11439
11440
11441
11442
11443
11444
11445
11446
11447
11448
11449
11450
11451
11452
11453
11454
11455
11456
11457
11458
11459
11460
11461
11462
11463
11464
11465
11466
11467
11468
11469
11470
11471
11472
11473
11474
11475
11476
11477
11478
11479
11480
11481
11482
11483
11484
11485
11486
11487
11488
11489
11490
11491
11492
11493
11494
11495
11496
11497
11498
11499
11500
11501
11502
11503
11504
11505
11506
11507
11508
11509
11510
11511
11512
11513
11514
11515
11516
11517
11518
11519
11520
11521
11522
11523
11524
11525
11526
11527
11528
11529
11530
11531
11532
11533
11534
11535
11536
11537
11538
11539
11540
11541
11542
11543
11544
11545
11546
11547
11548
11549
11550
11551
11552
11553
11554
11555
11556
11557
11558
11559
11560
11561
11562
11563
11564
11565
11566
11567
11568
11569
11570
11571
11572
11573
11574
11575
11576
11577
11578
11579
11580
11581
11582
11583
11584
11585
11586
11587
11588
11589
11590
11591
11592
11593
11594
11595
11596
11597
11598
11599
11600
11601
11602
11603
11604
11605
11606
11607
11608
11609
11610
11611
11612
11613
11614
11615
11616
11617
11618
11619
11620
11621
11622
11623
11624
11625
11626
11627
11628
11629
11630
11631
11632
11633
11634
11635
11636
11637
11638
11639
11640
11641
11642
11643
11644
11645
11646
11647
11648
11649
11650
11651
11652
11653
11654
11655
11656
11657
11658
11659
11660
11661
11662
11663
11664
11665
11666
11667
11668
11669
11670
11671
11672
11673
11674
11675
11676
11677
11678
11679
11680
11681
11682
11683
11684
11685
11686
11687
11688
11689
11690
11691
11692
11693
11694
11695
11696
11697
11698
11699
11700
11701
11702
11703
11704
11705
11706
11707
11708
11709
11710
11711
11712
11713
11714
11715
11716
11717
11718
11719
11720
11721
11722
11723
11724
11725
11726
11727
11728
11729
11730
11731
11732
11733
11734
11735
11736
11737
11738
11739
11740
11741
11742
11743
11744
11745
11746
11747
11748
11749
11750
11751
11752
11753
11754
11755
11756
11757
11758
11759
11760
11761
11762
11763
11764
11765
11766
11767
11768
11769
11770
11771
11772
11773
11774
11775
11776
11777
11778
11779
11780
11781
11782
11783
11784
11785
11786
11787
11788
11789
11790
11791
11792
11793
11794
11795
11796
11797
11798
11799
11800
11801
11802
11803
11804
11805
11806
11807
11808
11809
11810
11811
11812
11813
11814
11815
11816
11817
11818
11819
11820
11821
11822
11823
11824
11825
11826
11827
11828
11829
11830
11831
11832
11833
11834
11835
11836
11837
11838
11839
11840
11841
11842
11843
11844
11845
11846
11847
11848
11849
11850
11851
11852
11853
11854
11855
11856
11857
11858
11859
11860
11861
11862
11863
11864
11865
11866
11867
11868
11869
11870
11871
11872
11873
11874
11875
11876
11877
11878
11879
11880
11881
11882
11883
11884
11885
11886
11887
11888
11889
11890
11891
11892
11893
11894
11895
11896
11897
11898
11899
11900
11901
11902
11903
11904
11905
11906
11907
11908
11909
11910
11911
11912
11913
11914
11915
11916
11917
11918
11919
11920
11921
11922
11923
11924
11925
11926
11927
11928
11929
11930
11931
11932
11933
11934
11935
11936
11937
11938
11939
11940
11941
11942
11943
11944
11945
11946
11947
11948
11949
11950
11951
11952
11953
11954
11955
11956
11957
11958
11959
11960
11961
11962
11963
11964
11965
11966
11967
11968
11969
11970
11971
11972
11973
11974
11975
11976
11977
11978
11979
11980
11981
11982
11983
11984
11985
11986
11987
11988
11989
11990
11991
11992
11993
11994
11995
11996
11997
11998
11999
12000
12001
12002
12003
12004
12005
12006
12007
12008
12009
12010
12011
12012
12013
12014
12015
12016
12017
12018
12019
12020
12021
12022
12023
12024
12025
12026
12027
12028
12029
12030
12031
12032
12033
12034
12035
12036
12037
12038
12039
12040
12041
12042
12043
12044
12045
12046
12047
12048
12049
12050
12051
12052
12053
12054
12055
12056
12057
12058
12059
12060
12061
12062
12063
12064
12065
12066
12067
12068
12069
12070
12071
12072
12073
12074
12075
12076
12077
12078
12079
12080
12081
12082
12083
12084
12085
12086
12087
12088
12089
12090
12091
12092
12093
12094
12095
12096
12097
12098
12099
12100
12101
12102
12103
12104
12105
12106
12107
12108
12109
12110
12111
12112
12113
12114
12115
12116
12117
12118
12119
12120
12121
12122
12123
12124
12125
12126
12127
12128
12129
12130
12131
12132
12133
12134
12135
12136
12137
12138
12139
12140
12141
12142
12143
12144
12145
12146
12147
12148
12149
12150
12151
12152
12153
12154
12155
12156
12157
12158
12159
12160
12161
12162
12163
12164
12165
12166
12167
12168
12169
12170
12171
12172
12173
12174
12175
12176
12177
12178
12179
12180
12181
12182
12183
12184
12185
12186
12187
12188
12189
12190
12191
12192
12193
12194
12195
12196
12197
12198
12199
12200
12201
12202
12203
12204
12205
12206
12207
12208
12209
12210
12211
12212
12213
12214
12215
12216
12217
12218
12219
12220
12221
12222
12223
12224
12225
12226
12227
12228
12229
12230
12231
12232
12233
12234
12235
12236
12237
12238
12239
12240
12241
12242
12243
12244
12245
12246
12247
12248
12249
12250
12251
12252
12253
12254
12255
12256
12257
12258
12259
12260
12261
12262
12263
12264
12265
12266
12267
12268
12269
12270
12271
12272
12273
12274
12275
12276
12277
12278
12279
12280
12281
12282
12283
12284
12285
12286
12287
12288
12289
12290
12291
12292
12293
12294
12295
12296
12297
12298
12299
12300
12301
12302
12303
12304
12305
12306
12307
12308
12309
12310
12311
12312
12313
12314
12315
12316
12317
12318
12319
12320
12321
12322
12323
12324
12325
12326
12327
12328
12329
12330
12331
12332
12333
12334
12335
12336
12337
12338
12339
12340
12341
12342
12343
12344
12345
12346
12347
12348
12349
12350
12351
12352
12353
12354
12355
12356
12357
12358
12359
12360
12361
12362
12363
12364
12365
12366
12367
12368
12369
12370
12371
12372
12373
12374
12375
12376
12377
12378
12379
12380
12381
12382
12383
12384
12385
12386
12387
12388
12389
12390
12391
12392
12393
12394
12395
12396
12397
12398
12399
12400
12401
12402
12403
12404
12405
12406
12407
12408
12409
12410
12411
12412
12413
12414
12415
12416
12417
12418
12419
12420
12421
12422
12423
12424
12425
12426
12427
12428
12429
12430
12431
12432
12433
12434
12435
12436
12437
12438
12439
12440
12441
12442
12443
12444
12445
12446
12447
12448
12449
12450
12451
12452
12453
12454
12455
12456
12457
12458
12459
12460
12461
12462
12463
12464
12465
12466
12467
12468
12469
12470
12471
12472
12473
12474
12475
12476
12477
12478
12479
12480
12481
12482
12483
12484
12485
12486
12487
12488
12489
12490
12491
12492
12493
12494
12495
12496
12497
12498
12499
12500
12501
12502
12503
12504
12505
12506
12507
12508
12509
12510
12511
12512
12513
12514
12515
12516
12517
12518
12519
12520
12521
12522
12523
12524
12525
12526
12527
12528
12529
12530
12531
12532
12533
12534
12535
12536
12537
12538
12539
12540
12541
12542
12543
12544
12545
12546
12547
12548
12549
12550
12551
12552
12553
12554
12555
12556
12557
12558
12559
12560
12561
12562
12563
12564
12565
12566
12567
12568
12569
12570
12571
12572
12573
12574
12575
12576
12577
12578
12579
12580
12581
12582
12583
12584
12585
12586
12587
12588
12589
12590
12591
12592
12593
12594
12595
12596
12597
12598
12599
12600
12601
12602
12603
12604
12605
12606
12607
12608
12609
12610
12611
12612
12613
12614
12615
12616
12617
12618
12619
12620
12621
12622
12623
12624
12625
12626
12627
12628
12629
12630
12631
12632
12633
12634
12635
12636
12637
12638
12639
12640
12641
12642
12643
12644
12645
12646
12647
12648
12649
12650
12651
12652
12653
12654
12655
12656
12657
12658
12659
12660
12661
12662
12663
12664
12665
12666
12667
12668
12669
12670
12671
12672
12673
12674
12675
12676
12677
12678
12679
12680
12681
12682
12683
12684
12685
12686
12687
12688
12689
12690
12691
12692
12693
12694
12695
12696
12697
12698
12699
12700
12701
12702
12703
12704
12705
12706
12707
12708
12709
12710
12711
12712
12713
12714
12715
12716
12717
12718
12719
12720
12721
12722
12723
12724
12725
12726
12727
12728
12729
12730
12731
12732
12733
12734
12735
12736
12737
12738
12739
12740
12741
12742
12743
12744
12745
12746
12747
12748
12749
12750
12751
12752
12753
12754
12755
12756
12757
12758
12759
12760
12761
12762
12763
12764
12765
12766
12767
12768
12769
12770
12771
12772
12773
12774
12775
12776
12777
12778
12779
12780
12781
12782
12783
12784
12785
12786
12787
12788
12789
12790
12791
12792
12793
12794
12795
12796
12797
12798
12799
12800
12801
12802
12803
12804
12805
12806
12807
12808
12809
12810
12811
12812
12813
12814
12815
12816
12817
12818
12819
12820
12821
12822
12823
12824
12825
12826
12827
12828
12829
12830
12831
12832
12833
12834
12835
12836
12837
12838
12839
12840
12841
12842
12843
12844
12845
12846
12847
12848
12849
12850
12851
12852
12853
12854
12855
12856
12857
12858
12859
12860
12861
12862
12863
12864
12865
12866
12867
12868
12869
12870
12871
12872
12873
12874
12875
12876
12877
12878
12879
12880
12881
12882
12883
12884
12885
12886
12887
12888
12889
12890
12891
12892
12893
12894
12895
12896
12897
12898
12899
12900
12901
12902
12903
12904
12905
12906
12907
12908
12909
12910
12911
12912
12913
12914
12915
12916
12917
12918
12919
12920
12921
12922
12923
12924
12925
12926
12927
12928
12929
12930
12931
12932
12933
12934
12935
12936
12937
12938
12939
12940
12941
12942
12943
12944
12945
12946
12947
12948
12949
12950
12951
12952
12953
12954
12955
12956
12957
12958
12959
12960
12961
12962
12963
12964
12965
12966
12967
12968
12969
12970
12971
12972
12973
12974
12975
12976
12977
12978
12979
12980
12981
12982
12983
12984
12985
12986
12987
12988
12989
12990
12991
12992
12993
12994
12995
12996
12997
12998
12999
13000
13001
13002
13003
13004
13005
13006
13007
13008
13009
13010
13011
13012
13013
13014
13015
13016
13017
13018
13019
13020
13021
13022
13023
13024
13025
13026
13027
13028
13029
13030
13031
13032
13033
13034
13035
13036
13037
13038
13039
13040
13041
12.5 2.5 5.999999999999999
24.99999999999999 2.5 5.999999999999999
37.49999999999999 2.5 6.000000000000001
49.99999999999999 2.5 6.000000000000001
62.5 2.5 6
74.99999999999997 2.5 5.999999999999999
87.50000000000007 2.5 5.999999999999999
99.99999999999997 2.5 6.000000000000001
112.5 2.5 6
125 2.5 6
137.4999999999999 2.5 5.999999999999999
149.9999999999999 2.5 5.999999999999999
162.5 2.5 6.000000000000001
175.0000000000001 2.5 6
187.5 2.5 6
199.9999999999999 2.5 5.999999999999999
212.5000000000001 2.5 5.999999999999999
225 2.5 6.000000000000001
237.5000000000001 2.5 6
250 2.5 6
262.4999999999998 2.5 5.999999999999999
274.9999999999998 2.5 5.999999999999999
287.5000000000003 2.5 6
299.9999999999999 2.5 6
312.5 2.5 6
324.9999999999999 2.5 5.999999999999999
337.4999999999998 2.5 6
350.0000000000003 2.5 6
362.5000000000001 2.5 6
375 2.5 6
387.5000000000001 2.5 6
399.9999999999999 2.5 6
412.5000000000003 2.5 6
425.0000000000001 2.5 6
437.5 2.5 6
450 2.5 5.999999999999999
462.4999999999999 2.5 6
475.0000000000002 2.5 6
487.5000000000001 2.5 6
500 2.5 6
512.5000000000006 2.5 5.999999999999999
524.9999999999997 2.5 6
537.5000000000003 2.5 6
549.9999999999995 2.5 6
562.5 2.5 6
575.0000000000006 2.5 6
587.4999999999999 2.5 6
599.9999999999998 2.5 6
612.4999999999998 2.5 6
625 2.5 6
637.5000000000006 2.5 6
649.9999999999999 2.5 6
662.4999999999998 2.5 6
674.9999999999995 2.5 6.000000000000001
687.5 2.5 6
700.0000000000006 2.5 5.999999999999999
712.5000000000001 2.5 6
725.0000000000002 2.5 6
737.4999999999998 2.5 6.000000000000001
750 2.5 6
762.5000000000006 2.5 5.999999999999999
775.0000000000001 2.5 6
787.5000000000002 2.5 6
799.9999999999998 2.5 6.000000000000001
812.5 2.5 6
825.0000000000006 2.5 5.999999999999999
837.5000000000001 2.5 6
850.0000000000002 2.5 6
862.4999999999998 2.5 6.000000000000001
875 2.5 6
887.5000000000006 2.5 5.999999999999999
900 2.5 5.999999999999999
912.5000000000002 2.5 6
924.9999999999999 2.5 6.000000000000001
937.5 2.5 6
950.0000000000005 2.5 5.999999999999999
962.5 2.5 5.999999999999999
975.0000000000002 2.5 6
987.4999999999999 2.5 6.000000000000001
12.5 5 5.999999999999999
25 5 6
37.49999999999999 5 6
50 5 6.000000000000001
62.5 5 6
74.99999999999999 5 5.999999999999999
87.50000000000004 5 6
100 5 6
112.5 5 6.000000000000001
125 5 6
137.5 5 5.999999999999999
150 5 6
162.5 5 6
175.0000000000001 5 6.000000000000001
187.5 5 6
200 5 5.999999999999999
212.5000000000001 5 6
225 5 6
237.5000000000001 5 6.000000000000001
250 5 6
262.5 5 5.999999999999999
275 5 6
287.5000000000002 5 6
299.9999999999999 5 6
312.5 5 6
325 5 5.999999999999999
337.5 5 6
350.0000000000002 5 6
362.5000000000002 5 6
375 5 6
387.5 5 6
400 5 6
412.5000000000002 5 6
425.0000000000002 5 6
437.5 5 6
450 5 6
462.5 5 6
475.0000000000002 5 6
487.5000000000002 5 6
500 5 6
512.5000000000003 5 6.000000000000001
525 5 6
537.5 5 6
550 5 6
562.5 5 6
575.0000000000003 5 6.000000000000001
587.5 5 6
599.9999999999999 5 6
612.5 5 6
625 5 6
637.5000000000003 5 6.000000000000001
650 5 6
662.4999999999999 5 6
675 5 6
687.5 5 6
700.0000000000003 5 6
712.5 5 6
725.0000000000003 5 6
737.5 5 6
750 5 6
762.5000000000003 5 6
775 5 6
787.5000000000003 5 6
800 5 6
812.5 5 6
825.0000000000003 5 6
837.5 5 6
850.0000000000003 5 6
862.5 5 6
875 5 6
887.5000000000003 5 6
900 5 6
912.5000000000003 5 6
925 5 6
937.5 5 6
950.0000000000003 5 6
962.5 5 6
975.0000000000003 5 6
987.5 5 6
12.5 7.499999999999999 5.999999999999999
25 7.5 6
37.49999999999999 7.5 6
49.99999999999999 7.500000000000001 6.000000000000001
62.5 7.5 6
74.99999999999999 7.499999999999999 5.999999999999999
87.50000000000006 7.5 6
99.99999999999999 7.5 6
112.5 7.500000000000002 6.000000000000001
125 7.5 6
137.4999999999999 7.499999999999998 5.999999999999999
150 7.5 6
162.4999999999999 7.5 6
175.0000000000001 7.500000000000002 6.000000000000001
187.5 7.5 6
200 7.499999999999998 5.999999999999999
212.5000000000001 7.5 6
225 7.5 6
237.5000000000001 7.500000000000002 6.000000000000001
250 7.5 6
262.4999999999999 7.499999999999998 5.999999999999999
274.9999999999998 7.5 6
287.5000000000002 7.500000000000002 6
299.9999999999999 7.500000000000002 6
312.5 7.5 6
324.9999999999999 7.499999999999998 5.999999999999999
337.4999999999998 7.5 6
350.0000000000002 7.500000000000002 6
362.5000000000002 7.5 6
375 7.5 6
387.5 7.5 6
399.9999999999999 7.5 6
412.5000000000002 7.500000000000002 6
425.0000000000002 7.5 6
437.5 7.5 6
450 7.5 6
462.4999999999999 7.5 6
475.0000000000002 7.500000000000002 5.999999999999999
487.5000000000002 7.5 6
500 7.5 6
512.5000000000005 7.5 6
524.9999999999998 7.5 6
537.5000000000002 7.5 6
549.9999999999997 7.5 6
562.5 7.5 6
575.0000000000005 7.5 6
587.4999999999998 7.5 6
599.9999999999999 7.499999999999999 6
612.4999999999998 7.5 6
625 7.5 6
637.5000000000005 7.5 6
649.9999999999998 7.5 6
662.4999999999999 7.499999999999999 6
674.9999999999997 7.5 6
687.5 7.5 6
700.0000000000005 7.5 6
712.5 7.5 6
725.0000000000003 7.499999999999999 6
737.4999999999999 7.5 6
750 7.5 6
762.5000000000005 7.5 6
775 7.5 6
787.5000000000003 7.5 6
799.9999999999999 7.5 6
812.5 7.5 6
825.0000000000005 7.5 6
837.5 7.5 6
850.0000000000003 7.5 6
862.4999999999999 7.5 6
875 7.5 6
887.5000000000005 7.5 6
900 7.5 6
912.5000000000003 7.5 6
924.9999999999999 7.5 6
937.5 7.5 6
950.0000000000005 7.5 6
962.5 7.5 6
975.0000000000003 7.5 6
987.4999999999999 7.5 6
12.5 2.5 12
25 2.5 12
37.49999999999999 2.5 12
50 2.5 12
62.5 2.5 12
74.99999999999999 2.5 12
87.50000000000004 2.5 12
100 2.5 12
112.5 2.5 12
125 2.5 12
137.5 2.5 12
150 2.5 12
162.5 2.5 12
175.0000000000001 2.5 12
187.5 2.5 12
200 2.5 12
212.5000000000001 2.5 12
225 2.5 12
237.5000000000001 2.5 12
250 2.5 12
262.5 2.5 12
275 2.5 12
287.5000000000002 2.5 12
299.9999999999999 2.5 12
312.5 2.5 12
325 2.5 12
337.5 2.5 12
350.0000000000002 2.5 12
362.5000000000002 2.5 12
375 2.5 12
387.5 2.5 12
400 2.5 12
412.5000000000002 2.5 12
425.0000000000002 2.5 12
437.5 2.5 12
450 2.5 12
462.5 2.5 12
475.0000000000002 2.5 12
487.5000000000002 2.5 12
500 2.5 12
512.5000000000003 2.5 12
525 2.5 12
537.5 2.5 12
550 2.5 12
562.5 2.5 12
575.0000000000003 2.5 12
587.5 2.5 12
599.9999999999999 2.5 12
612.5 2.5 12
625 2.5 12
637.4999999999999 2.5 12
650 2.5 12
662.4999999999999 2.5 12
675 2.5 12
687.5 2.5 12
700.0000000000003 2.5 12
712.5 2.5 12
725.0000000000003 2.5 12
737.5 2.5 12
750 2.5 12
762.5000000000003 2.5 12
775 2.5 12
787.5000000000003 2.5 12
800 2.5 12
812.5 2.5 12
825.0000000000003 2.5 12
837.5 2.5 12
850.0000000000003 2.5 12
862.5 2.5 12
875 2.5 12
887.5000000000003 2.5 12
900 2.5 12
912.5000000000003 2.5 12
925 2.5 12
937.5 2.5 12
950.0000000000003 2.5 12
962.5 2.5 12
975.0000000000003 2.5 12
987.5 2.5 12
12.5 5 12
25 5 12
37.49999999999999 5 12
50 5 12
62.5 5 12
74.99999999999999 5 12
87.50000000000004 5 12
100 5 12
112.5 5 12
125 5 12
137.5 5 12
150 5 12
162.5 5 12
175.0000000000001 5 12
187.5 5 12
200 5 12
212.5000000000001 5 12
225 5 12
237.5000000000001 5 12
250 5 12
262.5 5 12
275 5 12
287.4999999999999 5 12
299.9999999999999 5 12
312.5 5 12
325 5 12
337.5 5 12
350.0000000000002 5 12
362.5000000000002 5 12
375 5 12
387.5 5 12
400 5 12
412.5000000000002 5 12
425.0000000000002 5 12
437.5 5 12
450 5 12
462.5 5 12
475.0000000000002 5 12
487.5000000000002 5 12
500 5 12
512.4999999999999 5 12
525 5 12
537.5 5 12
550 5 12
562.5 5 12
574.9999999999999 5 12
587.5 5 12
599.9999999999999 5 12
612.5 5 12
625 5 12
637.4999999999999 5 12
650 5 12
662.4999999999999 5 12
675 5 12
687.5 5 12
700.0000000000003 5 12
712.5 5 12
725.0000000000003 5 12
737.5 5 12
750 5 12
762.5000000000003 5 12
775 5 12
787.5000000000003 5 12
800 5 12
812.5 5 12
825.0000000000003 5 12
837.5 5 12
850.0000000000003 5 12
862.5 5 12
875 5 12
887.5000000000003 5 12
900 5 12
912.5000000000003 5 12
925 5 12
937.5 5 12
950.0000000000003 5 12
962.5 5 12
975.0000000000003 5 12
987.5 5 12
12.5 7.5 12
25 7.5 12
37.49999999999999 7.5 12
50 7.5 12
62.5 7.5 12
74.99999999999999 7.5 12
87.50000000000006 7.5 12
100 7.5 12
112.5 7.5 12
125 7.5 12
137.5 7.5 12
150 7.5 12
162.5 7.5 12
175.0000000000001 7.5 12
187.5 7.5 12
200 7.5 12
212.5000000000001 7.5 12
225 7.5 12
237.5000000000001 7.5 12
250 7.5 12
262.5 7.5 12
275 7.5 12
287.5 7.500000000000001 12
299.9999999999999 7.5 12
312.5 7.5 12
325 7.5 12
337.5 7.5 12
350.0000000000002 7.500000000000001 12
362.5000000000002 7.5 12
375 7.5 12
387.5 7.5 12
400 7.5 12
412.5000000000002 7.500000000000001 12
425.0000000000002 7.5 12
437.5 7.5 12
450 7.5 12
462.4999999999999 7.5 12
475.0000000000002 7.500000000000001 12
487.5000000000002 7.5 12
500 7.5 12
512.5 7.5 12
525 7.5 12
537.5 7.5 12
550 7.5 12
562.5 7.5 12
575 7.5 12
587.5 7.5 12
599.9999999999999 7.5 12
612.5 7.5 12
625 7.5 12
637.5 7.5 12
650 7.5 12
662.4999999999999 7.5 12
675 7.5 12
687.5 7.5 12
700.0000000000005 7.5 12
712.5 7.5 12
725.0000000000003 7.5 12
737.5 7.5 12
750 7.5 12
762.5000000000005 7.5 12
775 7.5 12
787.5000000000003 7.5 12
800 7.5 12
812.5 7.5 12
825.0000000000003 7.5 12
837.5 7.5 12
850.0000000000003 7.5 12
862.4999999999999 7.5 12
875 7.5 12
887.5000000000003 7.5 12
900 7.5 12
912.5000000000003 7.5 12
924.9999999999999 7.5 12
937.5 7.5 12
950.0000000000003 7.5 12
962.5 7.5 12
975.0000000000003 7.5 12
987.4999999999999 7.5 12
12.5 2.5 17.99999999999999
24.99999999999999 2.5 18
37.49999999999999 2.5 18
49.99999999999999 2.5 18.00000000000001
62.5 2.5 18
74.99999999999999 2.5 17.99999999999999
87.50000000000006 2.5 18
99.99999999999997 2.5 18
112.5 2.5 18
125 2.5 18
137.5 2.5 17.99999999999999
150 2.5 18
162.5 2.5 18
175.0000000000001 2.5 18
187.5 2.5 18
199.9999999999999 2.5 17.99999999999999
212.5000000000001 2.5 18
225 2.5 18
237.5000000000001 2.5 18
250 2.5 18
262.5 2.5 17.99999999999999
274.9999999999999 2.5 18
287.5000000000003 2.5 17.99999999999999
299.9999999999999 2.5 18
312.5 2.5 18
325 2.5 17.99999999999999
337.4999999999998 2.5 18
350.0000000000002 2.5 17.99999999999999
362.5000000000001 2.5 18
375 2.5 18
387.5 2.5 18
399.9999999999999 2.5 18
412.5000000000002 2.5 17.99999999999999
425.0000000000001 2.5 18
437.5 2.5 18
450 2.5 17.99999999999999
462.4999999999999 2.5 18
475.0000000000002 2.5 17.99999999999999
487.5000000000001 2.5 18
500 2.5 18
512.5000000000006 2.5 18
525 2.5 18
537.5 2.5 18
549.9999999999999 2.5 18
562.5 2.5 18
575.0000000000006 2.5 18
587.5 2.5 18
599.9999999999999 2.5 18
612.4999999999999 2.5 18
625 2.5 18
637.5000000000006 2.5 18
650 2.5 18
662.4999999999999 2.5 18
674.9999999999997 2.5 18
687.5 2.5 18
700.0000000000005 2.5 18
712.5 2.5 18
725.0000000000002 2.5 18
737.4999999999998 2.5 18
750 2.5 18
762.5000000000005 2.5 18
775 2.5 18
787.5000000000002 2.5 18
799.9999999999998 2.5 18
812.5 2.5 18
825.0000000000005 2.5 18
837.5 2.5 18
850.0000000000002 2.5 18
862.4999999999998 2.5 18
875 2.5 18
887.5000000000005 2.5 18
900 2.5 17.99999999999999
912.5000000000002 2.5 18
924.9999999999999 2.5 18
937.5 2.5 18
950.0000000000005 2.5 18
962.5 2.5 17.99999999999999
975.0000000000002 2.5 18
987.4999999999999 2.5 18
12.5 5 18
25 5 18
37.49999999999999 5 18
50 5 18
62.5 5 18
74.99999999999999 5 18
87.50000000000004 5 18
100 5 18
112.5 5 18
125 5 18
137.5 5 18
150 5 18
162.5 5 18
175.0000000000001 5 18
187.5 5 18
200 5 18
212.5000000000001 5 18
225 5 18
237.5000000000001 5 18
250 5 18
262.5 5 18
275 5 18
287.5000000000002 5 17.99999999999999
299.9999999999999 5 18
312.5 5 18
325 5 18
337.5 5 18
350.0000000000002 5 17.99999999999999
362.5000000000002 5 18
375 5 18
387.5 5 18
400 5 18
412.5000000000002 5 17.99999999999999
425.0000000000002 5 18
437.5 5 18
450 5 18
462.5 5 18
475.0000000000002 5 17.99999999999999
487.5000000000002 5 18
500 5 18
512.5000000000003 5 18
525 5 18
537.5 5 18
550 5 18
562.5 5 18
575.0000000000003 5 18
587.5 5 18
599.9999999999999 5 18
612.5 5 18
625 5 18
637.5000000000003 5 18
650 5 18
662.4999999999999 5 18
675 5 18
687.5 5 18
700.0000000000003 5 18
712.5 5 18
725.0000000000003 5 18
737.5 5 18
750 5 18
762.5000000000003 5 18
775 5 18
787.5000000000003 5 18
800 5 18
812.5 5 18
825.0000000000003 5 18
837.5 5 18
850.0000000000003 5 18
862.5 5 18
875 5 18
887.5000000000003 5 18
900 5 18
912.5000000000003 5 18
925 5 18
937.5 5 18
950.0000000000003 5 18
962.5 5 18
975.0000000000003 5 18
987.5 5 18
12.5 7.499999999999999 18
24.99999999999999 7.5 18.00000000000001
37.49999999999999 7.5 17.99999999999999
49.99999999999999 7.500000000000001 18
62.5 7.5 18
74.99999999999999 7.499999999999999 18
87.50000000000006 7.5 18.00000000000001
99.99999999999997 7.5 17.99999999999999
112.5 7.500000000000002 18
125 7.5 18
137.5 7.499999999999998 18
150 7.5 18
162.5 7.5 18
175.0000000000001 7.500000000000002 18
187.5 7.5 18
199.9999999999999 7.499999999999998 18
212.5000000000001 7.5 18
225 7.5 18
237.5000000000001 7.500000000000002 18
250 7.5 18
262.5000000000001 7.499999999999998 18
275 7.5 18
287.5000000000003 7.500000000000002 17.99999999999999
299.9999999999999 7.500000000000002 18
312.5 7.5 18
325 7.499999999999998 18
337.4999999999998 7.5 18
350.0000000000002 7.500000000000002 17.99999999999999
362.5000000000001 7.500000000000001 18
375 7.5 18
387.5 7.499999999999999 18
399.9999999999999 7.5 18
412.5000000000002 7.500000000000002 17.99999999999999
425.0000000000001 7.500000000000001 18
437.5 7.5 18
450 7.499999999999999 18
462.4999999999999 7.5 18
475.0000000000002 7.500000000000001 17.99999999999999
487.5000000000001 7.5 18
500 7.5 18
512.5000000000006 7.5 18
525.0000000000001 7.5 18
537.4999999999999 7.5 18
550 7.5 18
562.5 7.5 18
575.0000000000006 7.5 18
587.5000000000001 7.5 18
599.9999999999999 7.499999999999999 18
612.5 7.5 18
625 7.5 18
637.5000000000005 7.5 18
650 7.5 18
662.4999999999998 7.5 18
674.9999999999995 7.5 18
687.5 7.5 18
700.0000000000005 7.5 18
712.5 7.5 18
725.0000000000002 7.5 18
737.4999999999998 7.499999999999999 18
750 7.5 18
762.5000000000005 7.5 18
775 7.5 18
787.5000000000002 7.5 18
799.9999999999998 7.499999999999999 18
812.5 7.5 18
825.0000000000005 7.5 18
837.5 7.5 18
850.0000000000002 7.5 18
862.4999999999998 7.499999999999999 18
875 7.5 18
887.5000000000005 7.5 18
900 7.5 18
912.5000000000002 7.5 18
924.9999999999999 7.499999999999999 18
937.5 7.5 18
950.0000000000005 7.5 18
962.5 7.5 18
975.0000000000002 7.5 18
987.4999999999999 7.499999999999999 18
6.249999999999998 2.5 6
12.5 1.25 6
12.5 2.5 3
6.249999999999998 1.25 6
6.249999999999998 2.5 3
12.5 1.25 3
6.249999999999998 1.25 3
18.74999999999999 2.5 5.999999999999999
24.99999999999999 1.25 6
24.99999999999999 2.5 3
18.75 1.25 6
18.74999999999999 2.5 3
25 1.25 3
18.74999999999999 1.25 3
31.24999999999999 2.5 6
37.5 1.25 6
37.5 2.5 3
31.24999999999999 1.25 6
31.25 2.5 3
37.50000000000001 1.25 3
31.25000000000001 1.25 3
43.74999999999999 2.5 6.000000000000001
49.99999999999999 1.25 6
49.99999999999999 2.5 3
43.74999999999999 1.25 6
43.74999999999999 2.5 3
49.99999999999999 1.25 3
43.74999999999999 1.25 3
56.24999999999999 2.5 6
62.5 1.25 6
62.5 2.5 3
56.25 1.25 6
56.24999999999999 2.5 3
62.5 1.25 3
56.24999999999999 1.25 3
68.74999999999999 2.5 6
75 1.25 6
75 2.5 3
68.75 1.25 6
68.75 2.5 3
75.00000000000001 1.25 3
68.75 1.25 3
81.25000000000003 2.5 5.999999999999999
87.50000000000006 1.25 6
87.50000000000006 2.5 3
81.25000000000003 1.25 6
81.25000000000003 2.5 3
87.50000000000006 1.25 3
81.25000000000003 1.25 3
93.75000000000003 2.5 6
99.99999999999997 1.25 6
99.99999999999997 2.5 3
93.75 1.25 6
93.75 2.5 3
99.99999999999999 1.25 3
93.75 1.25 3
106.25 2.5 6
112.5 1.25 6
112.5 2.5 3
106.25 1.25 6
106.25 2.5 3
112.5 1.25 3
106.25 1.25 3
118.75 2.5 6
125 1.25 6
125 2.5 3
118.75 1.25 6
118.75 2.5 3
125 1.25 3
118.75 1.25 3
131.2499999999999 2.5 6
137.4999999999999 1.25 6
137.4999999999999 2.5 3
131.25 1.25 6
131.25 2.5 3
137.5 1.25 3
131.25 1.25 3
143.7499999999999 2.5 5.999999999999999
150 1.25 6
150 2.5 3
143.75 1.25 6
143.7499999999999 2.5 3
150 1.25 3
143.75 1.25 3
156.2499999999999 2.5 6
162.5 1.25 6
162.5 2.5 3
156.2499999999999 1.25 6
156.25 2.5 3
162.5 1.25 3
156.25 1.25 3
168.7500000000001 2.5 6
175.0000000000001 1.25 6
175.0000000000001 2.5 3
168.7500000000001 1.25 6
168.7500000000001 2.5 3
175.0000000000001 1.25 3
168.7500000000001 1.25 3
181.2500000000001 2.5 6
187.5 1.25 6
187.5 2.5 3
181.2500000000001 1.25 6
181.2500000000001 2.5 3
187.5 1.25 3
181.25 1.25 3
193.75 2.5 6
199.9999999999999 1.25 6
199.9999999999999 2.5 3
193.7499999999999 1.25 6
193.75 2.5 3
200 1.25 3
193.7499999999999 1.25 3
206.25 2.5 5.999999999999999
212.5000000000001 1.25 6
212.5000000000001 2.5 3
206.25 1.25 6
206.25 2.5 3
212.5000000000001 1.25 3
206.25 1.25 3
218.75 2.5 6
225 1.25 6
225 2.5 3
218.75 1.25 6
218.7500000000001 2.5 3
225 1.25 3
218.75 1.25 3
231.2500000000001 2.5 6
237.5000000000001 1.25 6
237.5000000000001 2.5 3
231.2500000000001 1.25 6
231.25 2.5 3
237.5000000000001 1.25 3
231.2500000000001 1.25 3
243.7500000000001 2.5 6
250 1.25 6
250 2.5 3
243.75 1.25 6
243.75 2.5 3
250 1.25 3
243.75 1.25 3
256.2499999999999 2.5 6
262.4999999999999 1.25 6
262.4999999999999 2.5 3
256.2499999999999 1.25 6
256.2499999999999 2.5 3
262.4999999999999 1.25 3
256.2500000000001 1.25 3
268.7499999999998 2.5 5.999999999999999
274.9999999999999 1.25 6
274.9999999999999 2.5 3
268.7499999999999 1.25 6
268.7499999999999 2.5 3
274.9999999999999 1.25 3
268.75 1.25 3
281.25 2.5 6
287.5000000000002 1.25 6
287.5000000000002 2.5 3
281.25 1.25 6
281.2500000000001 2.5 3
287.5000000000002 1.25 3
281.2500000000001 1.25 3
293.7500000000001 2.5 6
300 1.25 6
300 2.5 3
293.7500000000001 1.25 6
293.7500000000001 2.5 3
300.0000000000001 1.25 3
293.7500000000001 1.25 3
306.2499999999999 2.5 6
312.5 1.25 6
312.5 2.5 3
306.25 1.25 6
306.25 2.5 3
312.5 1.25 3
306.25 1.25 3
318.75 2.5 6
324.9999999999999 1.25 6
325 2.5 3
318.75 1.25 6
318.75 2.5 3
325 1.25 3
318.75 1.25 3
331.2499999999999 2.5 6
337.4999999999999 1.25 6
337.4999999999999 2.5 3
331.2499999999999 1.25 6
331.2499999999999 2.5 3
337.4999999999999 1.25 3
331.2500000000001 1.25 3
343.75 2.5 6
350.0000000000002 1.25 6
350.0000000000002 2.5 3
343.75 1.25 6
343.7500000000001 2.5 3
350.0000000000002 1.25 3
343.7500000000001 1.25 3
356.2500000000002 2.5 6
362.5000000000001 1.25 6
362.5000000000001 2.5 3
356.2500000000002 1.25 6
356.2500000000002 2.5 3
362.5000000000001 1.25 3
356.2500000000002 1.25 3
368.7500000000001 2.5 6
375 1.25 6
375 2.5 3
368.75 1.25 6
368.7500000000001 2.5 3
375 1.25 3
368.7500000000001 1.25 3
381.25 2.5 6
387.5 1.25 6
387.5 2.5 3
381.25 1.25 6
381.25 2.5 3
387.5 1.25 3
381.25 1.25 3
393.75 2.5 6
399.9999999999999 1.25 6
399.9999999999999 2.5 3
393.7499999999999 1.25 6
393.7499999999999 2.5 3
399.9999999999999 1.25 3
393.7499999999999 1.25 3
406.2500000000001 2.5 6
412.5000000000002 1.25 6
412.5000000000002 2.5 3
406.2500000000001 1.25 6
406.25 2.5 3
412.5000000000002 1.25 3
406.2500000000001 1.25 3
418.7500000000002 2.5 6
425.0000000000001 1.25 6
425.0000000000001 2.5 3
418.7500000000002 1.25 6
418.7500000000002 2.5 3
425.0000000000001 1.25 3
418.7500000000002 1.25 3
431.2500000000001 2.5 6
437.5 1.25 6
437.5 2.5 3
431.25 1.25 6
431.2500000000001 2.5 3
437.5 1.25 3
431.2500000000001 1.25 3
443.75 2.5 6
450 1.25 6
450 2.5 3
443.75 1.25 6
443.75 2.5 3
450 1.25 3
443.75 1.25 3
456.25 2.5 6
462.4999999999999 1.25 6
462.4999999999999 2.5 3
456.25 1.25 6
456.25 2.5 3
462.4999999999999 1.25 3
456.25 1.25 3
468.7500000000001 2.5 6
475.0000000000002 1.25 6
475.0000000000002 2.5 3
468.7500000000001 1.25 6
468.75 2.5 3
475.0000000000002 1.25 3
468.7500000000001 1.25 3
481.2500000000002 2.5 6
487.5000000000001 1.25 6
487.5000000000001 2.5 3
481.2500000000002 1.25 6
481.2500000000002 2.5 3
487.5000000000001 1.25 3
481.2500000000002 1.25 3
493.7500000000001 2.5 6
500 1.25 6
500 2.5 3
493.75 1.25 6
493.7500000000001 2.5 3
500 1.25 3
493.7500000000001 1.25 3
506.2500000000003 2.5 6
512.5000000000005 1.25 6
512.5000000000005 2.5 3
506.2500000000002 1.25 6
506.2500000000002 2.5 3
512.5000000000005 1.25 3
506.2500000000003 1.25 3
518.7500000000001 2.5 6
524.9999999999998 1.25 6
524.9999999999998 2.5 3
518.75 1.25 6
518.7500000000001 2.5 3
524.9999999999999 1.25 3
518.75 1.25 3
531.25 2.5 6
537.5000000000002 1.25 6
537.5000000000002 2.5 3
531.25 1.25 6
531.25 2.5 3
537.5000000000001 1.25 3
531.25 1.25 3
543.75 2.5 6
549.9999999999998 1.25 6
549.9999999999998 2.5 3
543.75 1.25 6
543.75 2.5 3
549.9999999999999 1.25 3
543.75 1.25 3
556.2499999999998 2.5 6
562.5 1.25 6
562.5 2.5 3
556.2499999999999 1.25 6
556.2499999999999 2.5 3
562.5 1.25 3
556.2500000000002 1.25 3
568.7500000000002 2.5 6
575.0000000000005 1.25 6
575.0000000000005 2.5 3
568.7500000000002 1.25 6
568.7500000000002 2.5 3
575.0000000000005 1.25 3
568.7500000000003 1.25 3
581.2500000000002 2.5 6
587.4999999999999 1.25 6
587.5 2.5 3
581.25 1.25 6
581.2500000000002 2.5 3
587.5 1.25 3
581.25 1.25 3
593.7499999999998 2.5 6
600 1.25 6
600 2.5 3
593.7499999999998 1.25 6
593.75 2.5 3
600.0000000000001 1.25 3
593.75 1.25 3
606.2499999999998 2.5 6
612.4999999999998 1.25 6
612.4999999999999 2.5 3
606.2499999999998 1.25 6
606.25 2.5 3
612.5 1.25 3
606.2499999999999 1.25 3
618.7499999999999 2.5 6
625 1.25 6
625 2.5 3
618.75 1.25 6
618.7499999999999 2.5 3
625 1.25 3
618.75 1.25 3
631.2500000000002 2.5 6
637.5000000000005 1.25 6
637.5000000000005 2.5 3
631.2500000000002 1.25 6
631.2500000000002 2.5 3
637.5000000000005 1.25 3
631.2500000000003 1.25 3
643.7500000000002 2.5 6
649.9999999999999 1.25 6
650 2.5 3
643.75 1.25 6
643.7500000000002 2.5 3
650 1.25 3
643.75 1.25 3
656.2499999999998 2.5 6
662.5 1.25 6
662.5 2.5 3
656.2499999999998 1.25 6
656.25 2.5 3
662.5000000000001 1.25 3
656.25 1.25 3
668.7499999999997 2.5 6
674.9999999999998 1.25 6
674.9999999999998 2.5 3
668.7499999999998 1.25 6
668.75 2.5 3
674.9999999999999 1.25 3
668.7499999999998 1.25 3
681.2499999999998 2.5 6
687.5 1.25 6
687.5 2.5 3
681.2499999999999 1.25 6
681.2499999999999 2.5 3
687.5 1.25 3
681.25 1.25 3
693.7500000000002 2.5 6
700.0000000000005 1.25 6
700.0000000000005 2.5 3
693.7500000000002 1.25 6
693.7500000000002 2.5 3
700.0000000000005 1.25 3
693.7500000000005 1.25 3
706.2500000000003 2.5 6
712.5 1.25 6
712.5 2.5 3
706.2500000000002 1.25 6
706.2500000000002 2.5 3
712.5 1.25 3
706.2500000000001 1.25 3
718.7500000000002 2.5 6
725.0000000000002 1.25 6
725.0000000000002 2.5 3
718.7500000000002 1.25 6
718.7500000000001 2.5 3
725.0000000000002 1.25 3
718.7500000000002 1.25 3
731.25 2.5 6
737.4999999999998 1.25 6
737.4999999999998 2.5 3
731.25 1.25 6
731.25 2.5 3
737.4999999999999 1.25 3
731.25 1.25 3
743.7499999999999 2.5 6
750 1.25 6
750 2.5 3
743.75 1.25 6
743.7499999999998 2.5 3
750 1.25 3
743.7499999999999 1.25 3
756.2500000000002 2.5 6
762.5000000000005 1.25 6
762.5000000000005 2.5 3
756.2500000000002 1.25 6
756.2500000000002 2.5 3
762.5000000000005 1.25 3
756.2500000000005 1.25 3
768.7500000000003 2.5 6
775 1.25 6
775 2.5 3
768.7500000000002 1.25 6
768.7500000000002 2.5 3
775 1.25 3
768.7500000000001 1.25 3
781.2500000000002 2.5 6
787.5000000000002 1.25 6
787.5000000000002 2.5 3
781.2500000000002 1.25 6
781.2500000000001 2.5 3
787.5000000000002 1.25 3
781.2500000000002 1.25 3
793.75 2.5 6
799.9999999999998 1.25 6
799.9999999999998 2.5 3
793.75 1.25 6
793.75 2.5 3
799.9999999999999 1.25 3
793.75 1.25 3
806.2499999999999 2.5 6
812.5 1.25 6
812.5 2.5 3
806.25 1.25 6
806.2499999999998 2.5 3
812.5 1.25 3
806.2499999999999 1.25 3
818.7500000000002 2.5 6
825.0000000000005 1.25 6
825.0000000000005 2.5 3
818.7500000000002 1.25 6
818.7500000000002 2.5 3
825.0000000000005 1.25 3
818.7500000000005 1.25 3
831.2500000000003 2.5 6
837.5 1.25 6
837.5 2.5 3
831.2500000000002 1.25 6
831.2500000000002 2.5 3
837.5 1.25 3
831.2500000000001 1.25 3
843.7500000000002 2.5 6
850.0000000000002 1.25 6
850.0000000000002 2.5 3
843.7500000000002 1.25 6
843.7500000000001 2.5 3
850.0000000000002 1.25 3
843.7500000000002 1.25 3
856.25 2.5 6
862.4999999999998 1.25 6
862.4999999999998 2.5 3
856.25 1.25 6
856.25 2.5 3
862.4999999999999 1.25 3
856.25 1.25 3
868.7499999999999 2.5 6
875 1.25 6
875 2.5 3
868.75 1.25 6
868.7499999999998 2.5 3
875 1.25 3
868.7499999999999 1.25 3
881.2500000000002 2.5 6
887.5000000000005 1.25 6
887.5000000000005 2.5 3
881.2500000000002 1.25 6
881.2500000000002 2.5 3
887.5000000000005 1.25 3
881.2500000000007 1.25 3
893.7500000000002 2.5 5.999999999999999
900 1.25 6
900 2.5 3
893.7500000000002 1.25 6
893.7500000000002 2.5 3
900 1.25 3
893.7500000000001 1.25 3
906.2500000000001 2.5 6
912.5000000000002 1.25 6
912.5000000000002 2.5 3
906.2500000000002 1.25 6
906.25 2.5 3
912.5000000000002 1.25 3
906.2500000000002 1.25 3
918.75 2.5 6
924.9999999999999 1.25 6
924.9999999999999 2.5 3
918.75 1.25 6
918.75 2.5 3
924.9999999999999 1.25 3
918.75 1.25 3
931.25 2.5 6
937.5 1.25 6
937.5 2.5 3
931.25 1.25 6
931.25 2.5 3
937.5 1.25 3
931.25 1.25 3
943.7500000000002 2.5 6
950.0000000000003 1.25 6
950.0000000000003 2.5 3
943.7500000000002 1.25 6
943.7500000000001 2.5 3
950.0000000000003 1.25 3
943.7500000000003 1.25 3
956.2500000000002 2.5 5.999999999999999
962.5 1.25 6
962.5 2.5 3
956.2500000000001 1.25 6
956.2500000000001 2.5 3
962.5 1.25 3
956.25 1.25 3
968.7500000000001 2.5 6
975.0000000000002 1.25 6
975.0000000000002 2.5 3
968.7500000000002 1.25 6
968.75 2.5 3
975.0000000000002 1.25 3
968.7500000000002 1.25 3
981.25 2.5 6
987.4999999999999 1.25 6
987.4999999999999 2.5 3
981.25 1.25 6
981.25 2.5 3
987.4999999999999 1.25 3
981.25 1.25 3
993.75 2.5 6
993.75 1.25 6
993.75 2.5 3
993.75 1.25 3
6.25 5 6
12.5 3.75 5.999999999999999
12.5 5 3
6.249999999999999 3.75 6
6.25 5 3
12.5 3.75 3
6.249999999999999 3.75 3
18.75 5 6
25 3.75 6
25 5 3
18.75 3.75 6
18.75 5 3
25 3.75 3
18.75 3.75 3.000000000000001
31.25 5 6
37.49999999999999 3.75 6
37.5 5 3
31.24999999999999 3.75 6
31.25 5 3
37.5 3.75 3
31.25 3.75 3
43.75 5 6
49.99999999999999 3.75 6.000000000000001
50 5 3
43.75 3.75 6.000000000000001
43.75 5 3
50 3.75 3
43.75 3.75 3.000000000000001
56.25 5 6
62.5 3.75 6
62.5 5 3
56.24999999999999 3.75 6
56.25 5 3
62.5 3.75 3
56.24999999999999 3.75 3
68.75 5 6
74.99999999999997 3.75 5.999999999999999
75 5 3
68.75 3.75 6
68.75 5 3
75 3.75 3
68.75 3.75 3
81.25000000000001 5 6
87.50000000000006 3.75 6
87.50000000000003 5 3
81.25000000000003 3.75 6
81.25000000000001 5 3
87.50000000000006 3.75 3
81.25000000000001 3.75 3.000000000000001
93.75000000000003 5 6
99.99999999999999 3.75 6
100 5 3
93.75000000000003 3.75 6
93.75000000000001 5 3
100 3.75 3
93.75 3.75 3
106.25 5 6
112.5 3.75 6
112.5 5 3
106.25 3.75 6
106.25 5 3
112.5 3.75 3
106.25 3.75 3
118.75 5 6
125 3.75 6
125 5 3
118.75 3.75 6
118.75 5 3
125 3.75 3
118.75 3.75 3
131.25 5 6
137.4999999999999 3.75 5.999999999999999
137.5 5 3
131.25 3.75 6
131.25 5 3
137.5 3.75 3
131.25 3.75 3
143.75 5 6
149.9999999999999 3.75 6
150 5 3
143.7499999999999 3.75 6
143.75 5 3
150 3.75 3
143.75 3.75 3.000000000000001
156.25 5 6
162.5 3.75 6
162.5 5 3
156.25 3.75 6
156.25 5 3
162.5 3.75 3
156.25 3.75 3
168.7500000000001 5 6
175.0000000000001 3.75 6
175.0000000000001 5 3
168.7500000000001 3.75 6
168.75 5 3
175.0000000000001 3.75 3
168.7500000000001 3.75 3
181.2500000000001 5 6
187.5 3.75 6
187.5 5 3
181.2500000000001 3.75 6
181.25 5 3
187.5 3.75 3
181.25 3.75 3
193.75 5 6
200 3.75 5.999999999999999
200 5 3
193.75 3.75 6
193.75 5 3
200 3.75 3
193.75 3.75 3
206.2500000000001 5 6
212.5000000000001 3.75 6
212.5000000000001 5 3
206.25 3.75 6
206.25 5 3
212.5000000000001 3.75 3
206.2500000000001 3.75 3.000000000000001
218.7500000000001 5 6
225 3.75 6
225 5 3
218.7500000000001 3.75 6
218.75 5 3
225 3.75 3
218.7500000000001 3.75 3
231.2500000000001 5 6
237.5000000000001 3.75 6
237.5000000000001 5 3
231.2500000000001 3.75 6
231.25 5 3
237.5000000000001 3.75 3
231.2500000000001 3.75 3
243.7500000000001 5 6
250 3.75 6
250 5 3
243.7500000000001 3.75 6
243.75 5 3
250 3.75 3
243.75 3.75 3
256.25 5 6
262.4999999999999 3.75 5.999999999999999
262.5 5 3
256.2499999999999 3.75 6
256.25 5 3
262.4999999999999 3.75 3
256.2500000000001 3.75 3
268.75 5 6
274.9999999999999 3.75 6
275 5 3
268.7499999999999 3.75 6
268.75 5 3
274.9999999999999 3.75 3
268.75 3.75 3.000000000000001
281.2500000000001 5 6
287.5000000000002 3.75 6
287.5000000000001 5 3
281.2500000000001 3.75 6
281.2500000000001 5 3
287.5000000000002 3.75 3
281.2500000000001 3.75 3
293.7500000000001 5 6
299.9999999999999 3.75 6
300 5 3
293.7500000000001 3.75 6
293.7500000000001 5 3
300 3.75 3
293.7500000000001 3.75 3
306.25 5 6
312.5 3.75 6
312.5 5 3
306.25 3.75 6
306.25 5 3
312.5 3.75 3
306.25 3.75 3
318.75 5 6
325 3.75 5.999999999999999
325 5 3
318.75 3.75 6
318.75 5 3
325 3.75 3
318.75 3.75 3
331.25 5 6
337.4999999999999 3.75 6
337.5 5 3
331.2499999999999 3.75 6
331.25 5 3
337.4999999999999 3.75 3
331.2499999999999 3.75 3
343.7500000000001 5 6
350.0000000000002 3.75 6
350.0000000000001 5 3
343.7500000000001 3.75 6
343.7500000000001 5 3
350.0000000000002 3.75 3
343.7500000000002 3.75 3
356.2500000000002 5 6
362.5000000000001 3.75 6
362.5000000000001 5 3
356.2500000000002 3.75 6
356.2500000000001 5 3
362.5000000000001 3.75 3
356.2500000000003 3.75 3
368.7500000000001 5 6
375 3.75 6
375 5 3
368.7500000000001 3.75 6
368.7500000000001 5 3
375 3.75 3
368.7500000000001 3.75 3
381.25 5 6
387.5 3.75 6
387.5 5 3
381.25 3.75 6
381.25 5 3
387.5 3.75 3
381.25 3.75 3
393.75 5 6
399.9999999999999 3.75 6
400 5 3
393.75 3.75 6
393.75 5 3
400 3.75 3
393.75 3.75 3
406.2500000000001 5 6
412.5000000000002 3.75 6
412.5000000000001 5 3
406.2500000000001 3.75 6
406.2500000000001 5 3
412.5000000000002 3.75 3
406.25 3.75 3
418.7500000000002 5 6
425.0000000000001 3.75 6
425.0000000000001 5 3
418.7500000000002 3.75 6
418.7500000000001 5 3
425.0000000000001 3.75 3
418.7500000000003 3.75 3
431.2500000000001 5 6
437.5 3.75 6
437.5 5 3
431.2500000000001 3.75 6
431.2500000000001 5 3
437.5 3.75 3
431.2500000000001 3.75 3
443.75 5 6
450 3.75 6
450 5 3
443.75 3.75 6
443.75 5 3
450 3.75 3
443.75 3.75 3
456.25 5 6
462.5 3.75 6
462.5 5 3
456.25 3.75 6
456.25 5 3
462.5 3.75 3
456.25 3.75 3
468.7500000000001 5 6
475.0000000000002 3.75 6
475.0000000000001 5 3
468.7500000000001 3.75 6
468.7500000000001 5 3
475.0000000000002 3.75 3
468.7500000000001 3.75 3
481.2500000000002 5 6
487.5000000000001 3.75 6
487.5000000000001 5 3
481.2500000000002 3.75 6
481.2500000000001 5 3
487.5000000000001 3.75 3
481.2500000000002 3.75 3
493.7500000000001 5 6
500 3.75 6
500 5 3
493.7500000000001 3.75 6
493.7500000000001 5 3
500 3.75 3
493.7500000000001 3.75 3
506.2500000000002 5 6
512.5000000000005 3.75 6
512.5000000000002 5 3
506.2500000000002 3.75 6
506.2500000000001 5 3
512.5000000000003 3.75 3
506.2500000000001 3.75 3
518.7500000000002 5 6
524.9999999999998 3.75 6
525 5 3
518.7500000000002 3.75 6
518.7500000000001 5 3
524.9999999999999 3.75 3
518.7500000000002 3.75 3
531.25 5 6
537.5000000000002 3.75 6
537.5 5 3
531.25 3.75 6
531.25 5 3
537.5000000000001 3.75 3
531.25 3.75 3
543.75 5 6
549.9999999999998 3.75 6
550 5 3
543.75 3.75 6
543.75 5 3
549.9999999999999 3.75 3
543.75 3.75 3
556.25 5 6
562.5 3.75 6
562.5 5 3
556.2499999999999 3.75 6
556.25 5 3
562.5 3.75 3
556.2500000000002 3.75 3
568.7500000000002 5 6
575.0000000000005 3.75 6
575.0000000000002 5 3
568.7500000000002 3.75 6
568.7500000000001 5 3
575.0000000000003 3.75 3
568.7500000000001 3.75 3
581.2500000000002 5 6
587.5 3.75 6
587.5 5 3
581.2500000000002 3.75 6
581.2500000000001 5 3
587.5 3.75 3
581.2500000000002 3.75 3
593.75 5 6
599.9999999999998 3.75 6
600 5 3
593.7499999999999 3.75 6
593.75 5 3
600 3.75 3
593.75 3.75 3
606.25 5 6
612.4999999999999 3.75 6
612.5 5 3
606.25 3.75 6
606.25 5 3
612.4999999999999 3.75 3
606.25 3.75 3
618.75 5 6
625 3.75 6
625 5 3
618.7499999999999 3.75 6
618.75 5 3
625 3.75 3
618.75 3.75 3
631.2500000000002 5 6
637.5000000000005 3.75 6
637.5000000000002 5 3
631.2500000000002 3.75 6
631.2500000000001 5 3
637.5000000000003 3.75 3
631.2500000000001 3.75 3
643.7500000000002 5 6
650 3.75 6
650 5 3
643.7500000000002 3.75 6
643.7500000000001 5 3
650 3.75 3
643.7500000000002 3.75 3
656.25 5 6
662.4999999999998 3.75 6
662.5 5 3
656.2499999999999 3.75 6
656.25 5 3
662.5 3.75 3
656.25 3.75 3
668.75 5 6
674.9999999999998 3.75 6
675 5 3
668.7499999999998 3.75 6
668.75 5 3
674.9999999999999 3.75 3
668.7499999999998 3.75 3
681.25 5 6
687.5 3.75 6
687.5 5 3
681.2499999999999 3.75 6
681.25 5 3
687.5 3.75 3
681.25 3.75 3
693.7500000000002 5 6
700.0000000000005 3.75 6
700.0000000000002 5 3
693.7500000000002 3.75 6
693.7500000000001 5 3
700.0000000000005 3.75 3
693.7500000000002 3.75 3
706.2500000000002 5 6
712.5 3.75 6
712.5 5 3
706.2500000000002 3.75 6
706.2500000000001 5 3
712.5 3.75 3
706.25 3.75 3
718.7500000000002 5 6
725.0000000000002 3.75 6
725.0000000000002 5 3
718.7500000000002 3.75 6
718.7500000000001 5 3
725.0000000000002 3.75 3
718.7500000000003 3.75 3
731.2500000000002 5 6
737.4999999999999 3.75 6
737.5 5 3
731.2500000000002 3.75 6
731.2500000000001 5 3
737.5 3.75 3
731.2500000000002 3.75 3
743.75 5 6
750 3.75 6
750 5 3
743.7499999999999 3.75 6
743.75 5 3
750 3.75 3
743.7499999999999 3.75 3
756.2500000000002 5 6
762.5000000000005 3.75 6
762.5000000000002 5 3
756.2500000000002 3.75 6
756.2500000000001 5 3
762.5000000000005 3.75 3
756.2500000000002 3.75 3
768.7500000000002 5 6
775 3.75 6
775 5 3
768.7500000000002 3.75 6
768.7500000000001 5 3
775 3.75 3
768.75 3.75 3
781.2500000000002 5 6
787.5000000000002 3.75 6
787.5000000000002 5 3
781.2500000000002 3.75 6
781.2500000000001 5 3
787.5000000000002 3.75 3
781.2500000000003 3.75 3
793.7500000000002 5 6
799.9999999999999 3.75 6
800 5 3
793.7500000000002 3.75 6
793.7500000000001 5 3
800 3.75 3
793.7500000000002 3.75 3
806.25 5 6
812.5 3.75 6
812.5 5 3
806.2499999999999 3.75 6
806.25 5 3
812.5 3.75 3
806.2499999999999 3.75 3
818.7500000000002 5 6
825.0000000000005 3.75 6
825.0000000000002 5 3
818.7500000000002 3.75 6
818.7500000000001 5 3
825.0000000000005 3.75 3
818.7500000000002 3.75 3
831.2500000000002 5 6
837.5 3.75 6
837.5 5 3
831.2500000000002 3.75 6
831.2500000000001 5 3
837.5 3.75 3
831.25 3.75 3
843.7500000000002 5 6
850.0000000000002 3.75 6
850.0000000000002 5 3
843.7500000000002 3.75 6
843.7500000000001 5 3
850.0000000000002 3.75 3
843.7500000000001 3.75 3
856.2500000000002 5 6
862.4999999999999 3.75 6
862.5 5 3
856.2500000000002 3.75 6
856.2500000000001 5 3
862.5 3.75 3
856.2500000000002 3.75 3
868.75 5 6
875 3.75 6
875 5 3
868.7499999999999 3.75 6
868.75 5 3
875 3.75 3
868.7499999999999 3.75 3
881.2500000000002 5 6
887.5000000000005 3.75 6
887.5000000000002 5 3
881.2500000000002 3.75 6
881.2500000000001 5 3
887.5000000000005 3.75 3
881.2500000000007 3.75 3
893.7500000000002 5 6
900 3.75 6
900 5 3
893.7500000000002 3.75 6
893.7500000000001 5 3
900 3.75 3
893.75 3.75 3
906.2500000000002 5 6
912.5000000000002 3.75 6
912.5000000000002 5 3
906.2500000000002 3.75 6
906.2500000000001 5 3
912.5000000000002 3.75 3
906.25 3.75 3
918.7500000000002 5 6
925 3.75 6
925 5 3
918.7500000000001 3.75 6
918.7500000000001 5 3
925 3.75 3
918.75 3.75 3
931.25 5 6
937.5 3.75 6
937.5 5 3
931.25 3.75 6
931.25 5 3
937.5 3.75 3
931.25 3.75 3
943.7500000000002 5 6
950.0000000000005 3.75 6
950.0000000000002 5 3
943.7500000000002 3.75 6
943.7500000000001 5 3
950.0000000000005 3.75 3
943.7500000000003 3.75 3
956.2500000000002 5 6
962.5 3.75 6
962.5 5 3
956.2500000000002 3.75 6
956.2500000000001 5 3
962.5 3.75 3
956.25 3.75 3
968.7500000000002 5 6
975.0000000000002 3.75 6
975.0000000000002 5 3
968.7500000000002 3.75 6
968.7500000000001 5 3
975.0000000000002 3.75 3
968.75 3.75 3
981.2500000000002 5 6
987.5 3.75 6
987.5 5 3
981.2500000000001 3.75 6
981.2500000000001 5 3
987.5 3.75 3
981.25 3.75 3
993.75 5 6
993.75 3.75 6
993.75 5 3
993.75 3.75 3
6.249999999999999 7.5 6
12.5 6.25 5.999999999999999
12.5 7.499999999999999 3
6.25 6.25 6
6.249999999999999 7.5 3
12.5 6.25 3
6.25 6.25 3
18.75 7.5 6
25 6.25 6
25 7.5 3
18.75 6.25 6
18.75 7.5 3
25 6.25 3
18.75 6.25 3
31.24999999999999 7.5 6
37.49999999999999 6.25 6
37.5 7.5 3
31.24999999999999 6.25 6
31.24999999999999 7.5 3
37.5 6.25 3
31.25 6.25 3
43.74999999999999 7.5 6
50 6.25 6.000000000000001
49.99999999999999 7.500000000000001 3
43.75 6.25 6
43.75 7.5 3
50 6.25 3
43.75 6.25 3
56.25 7.5 6
62.5 6.25 6
62.5 7.5 3
56.25 6.25 6
56.25 7.5 3
62.5 6.25 3
56.25 6.25 3
68.75 7.5 6
74.99999999999999 6.25 5.999999999999999
75 7.499999999999999 3
68.75 6.25 6
68.75 7.5 3
75 6.25 3
68.75 6.25 3
81.25000000000003 7.5 6
87.50000000000006 6.25 6
87.50000000000004 7.5 3
81.25000000000003 6.25 6
81.25000000000003 7.5 3
87.50000000000006 6.25 3
81.25000000000006 6.25 3
93.75000000000003 7.5 6
100 6.25 6
99.99999999999999 7.5 3
93.75000000000003 6.25 6
93.75 7.5 3
100 6.25 3
93.75000000000003 6.25 3
106.25 7.500000000000001 6
112.5 6.250000000000001 6.000000000000001
112.5 7.500000000000002 3
106.25 6.250000000000001 6
106.25 7.5 3
112.5 6.250000000000002 3
106.25 6.250000000000001 3
118.75 7.500000000000001 6
125 6.25 6
125 7.5 3
118.75 6.250000000000001 6
118.75 7.500000000000002 3
125 6.25 3
118.75 6.250000000000001 3
131.2499999999999 7.499999999999999 6
137.4999999999999 6.249999999999999 5.999999999999999
137.4999999999999 7.499999999999998 3
131.25 6.249999999999999 6
131.25 7.5 3
137.5 6.249999999999998 3
131.25 6.249999999999999 3
143.7499999999999 7.499999999999999 6
150 6.25 6
150 7.5 3
143.7499999999999 6.249999999999999 6
143.75 7.499999999999998 3
150 6.25 3
143.75 6.249999999999999 3
156.2499999999999 7.5 6
162.5 6.25 6
162.4999999999999 7.5 3
156.25 6.25 6
156.25 7.5 3
162.5 6.25 3
156.25 6.25 3
168.75 7.500000000000001 6
175.0000000000001 6.250000000000001 6.000000000000001
175.0000000000001 7.500000000000002 3
168.7500000000001 6.250000000000001 6
168.75 7.5 3
175.0000000000001 6.250000000000002 3
168.7500000000001 6.250000000000001 3
181.2500000000001 7.500000000000001 6
187.5 6.25 6
187.5 7.5 3
181.2500000000001 6.250000000000001 6
181.25 7.500000000000002 3
187.5 6.25 3
181.25 6.250000000000001 3
193.75 7.499999999999999 6
200 6.249999999999999 5.999999999999999
200 7.499999999999998 3
193.75 6.249999999999999 6
193.75 7.5 3
200 6.249999999999998 3
193.75 6.249999999999999 3
206.25 7.499999999999999 6
212.5000000000001 6.25 6
212.5000000000001 7.5 3
206.25 6.249999999999999 6
206.25 7.499999999999998 3
212.5000000000001 6.25 3
206.25 6.249999999999999 3
218.7500000000001 7.5 6
225 6.25 6
225 7.5 3
218.7500000000001 6.25 6
218.75 7.5 3
225 6.25 3
218.7500000000001 6.25 3
231.2500000000001 7.500000000000001 6
237.5000000000001 6.250000000000001 6.000000000000001
237.5000000000001 7.500000000000002 3
231.2500000000001 6.250000000000001 6
231.25 7.5 3
237.5000000000001 6.250000000000002 3
231.2500000000001 6.250000000000001 3
243.7500000000001 7.500000000000001 6
250 6.25 6
250 7.5 3
243.7500000000001 6.250000000000001 6
243.75 7.500000000000002 3
250 6.25 3
243.75 6.250000000000001 3
256.2499999999999 7.499999999999999 6
262.4999999999999 6.249999999999999 5.999999999999999
262.4999999999999 7.499999999999998 3
256.2499999999999 6.249999999999999 6
256.25 7.5 3
262.5 6.249999999999998 3
256.25 6.249999999999999 3
268.7499999999999 7.499999999999999 6
274.9999999999999 6.25 6
274.9999999999999 7.5 3
268.7499999999999 6.249999999999999 6
268.7499999999999 7.499999999999998 3
274.9999999999999 6.25 3
268.7499999999999 6.249999999999999 3
281.25 7.500000000000001 6
287.5000000000002 6.250000000000001 6
287.5000000000002 7.500000000000002 3
281.2500000000001 6.250000000000001 6
281.25 7.5 3
287.5000000000002 6.250000000000002 3
281.2500000000001 6.250000000000001 3
293.7500000000001 7.500000000000002 6
299.9999999999999 6.250000000000001 6
300 7.500000000000002 3
293.7500000000001 6.250000000000002 6
293.7500000000001 7.500000000000002 3
300 6.250000000000002 3
293.75 6.250000000000003 3
306.25 7.500000000000001 6
312.5 6.25 6
312.5 7.5 3
306.25 6.250000000000001 6
306.25 7.500000000000002 3
312.5 6.25 3
306.25 6.250000000000001 3
318.7499999999999 7.499999999999999 6
324.9999999999999 6.249999999999999 5.999999999999999
324.9999999999999 7.499999999999998 3
318.7499999999999 6.249999999999999 6
318.75 7.5 3
325 6.249999999999998 3
318.75 6.249999999999999 3
331.2499999999999 7.499999999999999 6
337.4999999999999 6.25 6
337.4999999999999 7.5 3
331.2499999999999 6.249999999999999 6
331.2499999999999 7.499999999999998 3
337.4999999999999 6.25 3
331.2499999999999 6.249999999999999 3
343.75 7.500000000000001 6
350.0000000000002 6.250000000000001 6
350.0000000000002 7.500000000000002 3
343.7500000000001 6.250000000000001 6
343.75 7.5 3
350.0000000000002 6.250000000000002 3
343.7500000000001 6.250000000000001 3
356.2500000000002 7.500000000000001 6
362.5000000000002 6.25 6
362.5000000000001 7.5 3
356.2500000000002 6.250000000000001 6
356.2500000000002 7.500000000000002 3
362.5000000000001 6.25 3
356.2500000000002 6.250000000000001 3
368.7500000000001 7.5 6
375 6.25 6
375 7.5 3
368.7500000000001 6.25 6
368.7500000000001 7.5 3
375 6.25 3
368.7500000000001 6.25 3
381.25 7.5 6
387.5 6.25 6
387.5 7.5 3
381.25 6.25 6
381.25 7.5 3
387.5 6.25 3
381.25 6.25 3
393.75 7.5 6
400 6.25 6
399.9999999999999 7.5 3
393.75 6.25 6
393.75 7.5 3
400 6.25 3
393.75 6.25 3
406.2500000000001 7.500000000000001 6
412.5000000000002 6.250000000000001 6
412.5000000000002 7.500000000000002 3
406.2500000000001 6.250000000000001 6
406.25 7.5 3
412.5000000000002 6.250000000000002 3
406.2500000000001 6.250000000000001 3
418.7500000000002 7.500000000000001 6
425.0000000000002 6.25 6
425.0000000000001 7.5 3
418.7500000000002 6.250000000000001 6
418.7500000000002 7.500000000000002 3
425.0000000000001 6.25 3
418.7500000000003 6.250000000000001 3
431.2500000000001 7.5 6
437.5 6.25 6
437.5 7.5 3
431.2500000000001 6.25 6
431.2500000000001 7.5 3
437.5 6.25 3
431.2500000000001 6.25 3
443.75 7.5 6
450 6.25 6
450 7.5 3
443.75 6.25 6
443.75 7.5 3
450 6.25 3
443.75 6.25 3
456.25 7.5 6
462.5 6.25 6
462.4999999999999 7.5 3
456.25 6.25 6
456.25 7.5 3
462.5 6.25 3
456.25 6.25 3
468.7500000000001 7.500000000000001 6
475.0000000000002 6.250000000000001 6
475.0000000000002 7.500000000000002 3
468.7500000000001 6.250000000000001 6
468.75 7.5 3
475.0000000000002 6.250000000000002 3
468.7500000000001 6.250000000000001 3
481.2500000000002 7.500000000000001 6
487.5000000000002 6.25 6
487.5000000000001 7.5 3
481.2500000000002 6.250000000000001 6
481.2500000000002 7.500000000000002 3
487.5000000000001 6.25 3
481.2500000000003 6.250000000000001 3
493.7500000000001 7.5 6
500 6.25 6
500 7.5 3
493.7500000000001 6.25 6
493.7500000000001 7.5 3
500 6.25 3
493.7500000000001 6.25 3
506.2500000000002 7.5 6
512.5000000000005 6.25 6
512.5000000000003 7.5 3
506.2500000000002 6.25 6
506.2500000000002 7.5 3
512.5000000000005 6.25 3
506.2500000000003 6.25 3
518.7500000000001 7.5 6
524.9999999999999 6.25 6
524.9999999999998 7.5 3
518.7500000000001 6.25 6
518.7500000000001 7.5 3
525 6.25 3
518.7500000000001 6.25 3
531.25 7.5 6
537.5000000000001 6.25 6
537.5000000000002 7.5 3
531.25 6.25 6
531.25 7.5 3
537.5 6.25 3
531.25 6.25 3
543.75 7.5 6
549.9999999999998 6.25 6
549.9999999999998 7.5 3
543.75 6.25 6
543.75 7.5 3
549.9999999999999 6.25 3
543.75 6.25 3
556.2499999999998 7.5 6
562.5 6.25 6
562.5 7.5 3
556.2499999999999 6.25 6
556.2499999999999 7.5 3
562.5 6.25 3
556.2500000000002 6.25 3
568.7500000000002 7.5 6
575.0000000000005 6.25 6
575.0000000000003 7.5 3
568.7500000000002 6.25 6
568.7500000000001 7.5 3
575.0000000000005 6.25 3
568.7500000000002 6.25 3
581.2500000000001 7.5 6
587.4999999999999 6.25 6
587.4999999999998 7.5 3
581.2500000000001 6.25 6
581.2500000000001 7.5 3
587.5 6.25 3
581.2500000000001 6.25 3
593.7499999999998 7.5 6
599.9999999999999 6.25 6
600 7.5 3
593.7499999999999 6.25 6
593.7499999999999 7.5 3
600 6.25 3
593.75 6.25 3
606.2499999999998 7.5 6
612.4999999999999 6.25 6
612.4999999999998 7.5 3
606.2499999999999 6.25 6
606.2499999999999 7.5 3
612.5 6.25 3
606.25 6.25 3
618.7499999999999 7.5 6
625 6.25 6
625 7.5 3
618.7499999999999 6.25 6
618.75 7.5 3
625 6.25 3
618.75 6.25 3
631.2500000000002 7.5 6
637.5000000000005 6.25 6
637.5000000000003 7.5 3
631.2500000000002 6.25 6
631.2500000000001 7.5 3
637.5000000000005 6.25 3
631.2500000000002 6.25 3
643.7500000000001 7.5 6
649.9999999999999 6.25 6
649.9999999999998 7.5 3
643.7500000000001 6.25 6
643.7500000000001 7.5 3
650 6.25 3
643.7500000000001 6.25 3
656.2499999999998 7.5 6
662.4999999999999 6.25 6
662.5 7.5 3
656.2499999999999 6.25 6
656.2499999999999 7.5 3
662.5 6.25 3
656.25 6.25 3
668.7499999999998 7.5 6
674.9999999999998 6.25 6
674.9999999999998 7.5 3
668.7499999999998 6.25 6
668.7499999999999 7.5 3
674.9999999999999 6.25 3
668.7499999999998 6.25 3
681.2499999999998 7.5 6
687.5 6.25 6
687.5 7.5 3
681.2499999999999 6.25 6
681.2499999999999 7.5 3
687.5 6.25 3
681.25 6.25 3
693.7500000000002 7.5 6
700.0000000000005 6.25 6
700.0000000000003 7.5 3
693.7500000000002 6.25 6
693.7500000000001 7.5 3
700.0000000000005 6.25 3
693.7500000000003 6.25 3
706.2500000000002 7.5 6
712.5 6.25 6
712.5 7.5 3
706.2500000000002 6.25 6
706.2500000000001 7.5 3
712.5 6.25 3
706.25 6.25 3
718.7500000000002 7.5 6
725.0000000000003 6.25 6
725.0000000000002 7.5 3
718.7500000000002 6.25 6
718.7500000000001 7.5 3
725.0000000000002 6.25 3
718.7500000000001 6.25 3
731.2500000000001 7.5 6
737.5 6.25 6
737.4999999999999 7.5 3
731.2500000000001 6.25 6
731.2500000000001 7.5 3
737.5 6.25 3
731.2500000000001 6.25 3
743.75 7.5 6
750 6.25 6
750 7.5 3
743.75 6.25 6
743.75 7.5 3
750 6.25 3
743.75 6.25 3
756.2500000000002 7.5 6
762.5000000000005 6.25 6
762.5000000000003 7.5 3
756.2500000000002 6.25 6
756.2500000000001 7.5 3
762.5000000000005 6.25 3
756.2500000000003 6.25 3
768.7500000000002 7.5 6
775 6.25 6
775 7.5 3
768.7500000000002 6.25 6
768.7500000000001 7.5 3
775 6.25 3
768.75 6.25 3
781.2500000000002 7.5 6
787.5000000000003 6.25 6
787.5000000000002 7.5 3
781.2500000000002 6.25 6
781.2500000000001 7.5 3
787.5000000000002 6.25 3
781.2500000000001 6.25 3
793.7500000000001 7.5 6
800 6.25 6
799.9999999999999 7.5 3
793.7500000000001 6.25 6
793.7500000000001 7.5 3
800 6.25 3
793.7500000000001 6.25 3
806.25 7.5 6
812.5 6.25 6
812.5 7.5 3
806.25 6.25 6
806.25 7.5 3
812.5 6.25 3
806.25 6.25 3
818.7500000000002 7.5 6
825.0000000000005 6.25 6
825.0000000000003 7.5 3
818.7500000000002 6.25 6
818.7500000000001 7.5 3
825.0000000000005 6.25 3
818.7500000000003 6.25 3
831.2500000000002 7.5 6
837.5 6.25 6
837.5 7.5 3
831.2500000000002 6.25 6
831.2500000000001 7.5 3
837.5 6.25 3
831.25 6.25 3
843.7500000000002 7.5 6
850.0000000000003 6.25 6
850.0000000000002 7.5 3
843.7500000000002 6.25 6
843.7500000000001 7.5 3
850.0000000000002 6.25 3
843.7500000000001 6.25 3
856.2500000000001 7.5 6
862.5 6.25 6
862.4999999999999 7.5 3
856.2500000000001 6.25 6
856.2500000000001 7.5 3
862.5 6.25 3
856.2500000000001 6.25 3
868.75 7.5 6
875 6.25 6
875 7.5 3
868.75 6.25 6
868.75 7.5 3
875 6.25 3
868.75 6.25 3
881.2500000000002 7.5 6
887.5000000000005 6.25 6
887.5000000000003 7.5 3
881.2500000000002 6.25 6
881.2500000000001 7.5 3
887.5000000000005 6.25 3
881.2500000000003 6.25 3
893.7500000000002 7.5 6
900 6.25 6
900 7.5 3
893.7500000000002 6.25 6
893.7500000000001 7.5 3
900 6.25 3
893.75 6.25 3
906.2500000000002 7.5 6
912.5000000000003 6.25 6
912.5000000000002 7.5 3
906.2500000000002 6.25 6
906.2500000000001 7.5 3
912.5000000000002 6.25 3
906.2500000000001 6.25 3
918.7500000000001 7.5 6
925 6.25 6
924.9999999999999 7.5 3
918.7500000000001 6.25 6
918.7500000000001 7.5 3
925 6.25 3
918.7500000000001 6.25 3
931.25 7.5 6
937.5 6.25 6
937.5 7.5 3
931.25 6.25 6
931.25 7.5 3
937.5 6.25 3
931.25 6.25 3
943.7500000000002 7.5 6
950.0000000000005 6.25 6
950.0000000000003 7.5 3
943.7500000000002 6.25 6
943.7500000000001 7.5 3
950.0000000000005 6.25 3
943.7500000000003 6.25 3
956.2500000000002 7.5 6
962.5 6.25 6
962.5 7.5 3
956.2500000000002 6.25 6
956.2500000000001 7.5 3
962.5 6.25 3
956.25 6.25 3
968.7500000000002 7.5 6
975.0000000000003 6.25 6
975.0000000000002 7.5 3
968.7500000000002 6.25 6
968.7500000000001 7.5 3
975.0000000000002 6.25 3
968.7500000000001 6.25 3
981.2500000000001 7.5 6
987.5 6.25 6
987.4999999999999 7.5 3
981.2500000000001 6.25 6
981.2500000000001 7.5 3
987.5 6.25 3
981.2500000000001 6.25 3
993.75 7.5 6
993.75 6.25 6
993.75 7.5 3
993.75 6.25 3
12.5 8.75 6
6.249999999999999 8.75 6
12.5 8.75 3
6.25 8.75 3
25 8.75 6
18.75 8.75 6
25 8.75 3
18.75 8.75 3
37.5 8.75 6
31.25 8.75 6
37.50000000000001 8.75 3
31.25000000000001 8.75 3
49.99999999999999 8.75 6
43.74999999999999 8.75 6
50 8.75 3
43.75000000000001 8.75 3
62.5 8.75 6
56.25 8.75 6
62.5 8.75 3
56.25 8.75 3
75 8.75 6
68.75 8.75 6
75.00000000000001 8.75 3
68.75 8.75 3
87.50000000000004 8.75 6
81.25000000000003 8.75 6
87.50000000000004 8.75 3
81.25000000000004 8.75 3
99.99999999999999 8.75 6
93.75000000000001 8.75 6
100 8.75 3
93.75 8.75 3
112.5 8.75 6
106.25 8.75 6
112.5 8.75 3
106.25 8.75 3
125 8.75 6
118.75 8.75 6
125 8.75 3
118.75 8.75 3
137.4999999999999 8.75 6
131.25 8.75 6
137.5 8.75 3
131.25 8.75 3
150 8.75 6
143.75 8.75 6
150 8.75 3
143.7500000000001 8.75 3
162.4999999999999 8.75 6
156.25 8.75 6
162.5 8.75 3
156.25 8.75 3
175.0000000000001 8.75 6
168.75 8.75 6
175.0000000000001 8.75 3
168.7500000000001 8.75 3
187.5 8.75 6
181.25 8.75 6
187.5 8.75 3
181.2499999999999 8.75 3
200 8.75 6
193.75 8.75 6
200 8.75 3
193.75 8.75 3
212.5000000000001 8.75 6
206.25 8.75 6
212.5000000000001 8.75 3
206.25 8.75 3
225 8.75 6
218.75 8.75 6
225 8.75 3
218.75 8.75 3
237.5000000000001 8.75 6
231.25 8.75 6
237.5000000000001 8.75 3
231.2500000000001 8.75 3
250 8.75 6
243.75 8.75 6
250 8.75 3
243.7499999999999 8.75 3
262.4999999999999 8.75 6
256.25 8.75 6
262.4999999999999 8.75 3
256.25 8.75 3
274.9999999999999 8.75 6
268.7499999999999 8.75 6
274.9999999999999 8.75 3
268.75 8.75 3
287.5000000000002 8.75 6
281.25 8.75 6
287.5000000000002 8.75 3
281.25 8.75 3
300 8.75 6
293.7500000000001 8.75 6
300.0000000000001 8.75 3
293.7500000000001 8.75 3
312.5 8.75 6
306.25 8.75 6
312.5 8.75 3
306.25 8.75 3
324.9999999999999 8.75 6
318.75 8.75 6
324.9999999999999 8.75 3
318.75 8.75 3
337.4999999999999 8.75 6
331.2499999999999 8.75 6
337.4999999999999 8.75 3
331.25 8.75 3
350.0000000000002 8.75 6
343.75 8.75 6
350.0000000000002 8.75 3
343.75 8.75 3
362.5000000000001 8.75 6
356.2500000000002 8.75 6
362.5000000000001 8.75 3
356.2500000000003 8.75 3
375 8.75 6
368.7500000000001 8.75 6
375 8.75 3
368.75 8.75 3
387.5 8.75 6
381.25 8.75 6
387.5 8.75 3
381.25 8.75 3
399.9999999999999 8.75 6
393.75 8.75 6
400 8.75 3
393.75 8.75 3
412.5000000000002 8.75 6
406.2500000000001 8.75 6
412.5000000000002 8.75 3
406.2500000000001 8.75 3
425.0000000000001 8.75 6
418.7500000000002 8.75 6
425.0000000000001 8.75 3
418.7500000000003 8.75 3
437.5 8.75 6
431.2500000000001 8.75 6
437.5 8.75 3
431.25 8.75 3
450 8.75 6
443.75 8.75 6
450 8.75 3
443.75 8.75 3
462.4999999999999 8.75 6
456.25 8.75 6
462.5 8.75 3
456.25 8.75 3
475.0000000000002 8.75 6
468.7500000000001 8.75 6
475.0000000000002 8.75 3
468.7500000000002 8.75 3
487.5000000000001 8.75 6
481.2500000000002 8.75 6
487.5000000000001 8.75 3
481.2500000000003 8.75 3
500 8.75 6
493.7500000000001 8.75 6
500 8.75 3
493.75 8.75 3
512.5000000000003 8.75 6
506.2500000000002 8.75 6
512.5000000000003 8.75 3
506.25 8.75 3
524.9999999999998 8.75 6
518.75 8.75 6
524.9999999999999 8.75 3
518.75 8.75 3
537.5000000000002 8.75 6
531.25 8.75 6
537.5000000000001 8.75 3
531.25 8.75 3
549.9999999999998 8.75 6
543.75 8.75 6
549.9999999999999 8.75 3
543.75 8.75 3
562.5 8.75 6
556.2499999999999 8.75 6
562.5 8.75 3
556.2500000000002 8.75 3
575.0000000000003 8.75 6
568.7500000000001 8.75 6
575.0000000000003 8.75 3
568.7499999999999 8.75 3
587.4999999999998 8.75 6
581.25 8.75 6
587.4999999999999 8.75 3
581.25 8.75 3
600 8.75 6
593.7499999999999 8.75 6
600.0000000000001 8.75 3
593.7500000000002 8.75 3
612.4999999999998 8.75 6
606.2499999999999 8.75 6
612.4999999999999 8.75 3
606.2499999999999 8.75 3
625 8.75 6
618.75 8.75 6
625 8.75 3
618.75 8.75 3
637.5000000000003 8.75 6
631.2500000000001 8.75 6
637.5000000000003 8.75 3
631.2500000000001 8.75 3
649.9999999999998 8.75 6
643.75 8.75 6
649.9999999999999 8.75 3
643.75 8.75 3
662.5 8.75 6
656.2499999999999 8.75 6
662.5000000000001 8.75 3
656.2500000000002 8.75 3
674.9999999999998 8.75 6
668.7499999999999 8.75 6
674.9999999999999 8.75 3
668.7499999999999 8.75 3
687.5 8.75 6
681.2499999999999 8.75 6
687.5 8.75 3
681.25 8.75 3
700.0000000000003 8.75 6
693.7500000000001 8.75 6
700.0000000000003 8.75 3
693.7500000000002 8.75 3
712.5 8.75 6
706.2500000000001 8.75 6
712.5 8.75 3
706.2499999999998 8.75 3
725.0000000000002 8.75 6
718.7500000000001 8.75 6
725.0000000000002 8.75 3
718.7500000000002 8.75 3
737.4999999999999 8.75 6
731.25 8.75 6
737.5 8.75 3
731.25 8.75 3
750 8.75 6
743.75 8.75 6
750 8.75 3
743.75 8.75 3
762.5000000000003 8.75 6
756.2500000000001 8.75 6
762.5000000000003 8.75 3
756.2500000000002 8.75 3
775 8.75 6
768.7500000000001 8.75 6
775 8.75 3
768.7499999999998 8.75 3
787.5000000000002 8.75 6
781.2500000000001 8.75 6
787.5000000000002 8.75 3
781.2500000000002 8.75 3
799.9999999999999 8.75 6
793.75 8.75 6
800 8.75 3
793.75 8.75 3
812.5 8.75 6
806.25 8.75 6
812.5 8.75 3
806.25 8.75 3
825.0000000000003 8.75 6
818.7500000000001 8.75 6
825.0000000000003 8.75 3
818.7500000000002 8.75 3
837.5 8.75 6
831.2500000000001 8.75 6
837.5 8.75 3
831.2499999999998 8.75 3
850.0000000000002 8.75 6
843.7500000000001 8.75 6
850.0000000000002 8.75 3
843.7500000000002 8.75 3
862.4999999999999 8.75 6
856.25 8.75 6
862.5 8.75 3
856.25 8.75 3
875 8.75 6
868.75 8.75 6
875 8.75 3
868.75 8.75 3
887.5000000000003 8.75 6
881.2500000000001 8.75 6
887.5000000000003 8.75 3
881.2500000000002 8.75 3
900 8.75 6
893.7500000000001 8.75 6
900 8.75 3
893.7499999999998 8.75 3
912.5000000000002 8.75 6
906.2500000000001 8.75 6
912.5000000000002 8.75 3
906.2500000000002 8.75 3
924.9999999999999 8.75 6
918.75 8.75 6
925 8.75 3
918.75 8.75 3
937.5 8.75 6
931.25 8.75 6
937.5 8.75 3
931.25 8.75 3
950.0000000000003 8.75 6
943.7500000000001 8.75 6
950.0000000000003 8.75 3
943.7500000000002 8.75 3
962.5 8.75 6
956.2500000000001 8.75 6
962.5 8.75 3
956.2499999999998 8.75 3
975.0000000000002 8.75 6
968.7500000000001 8.75 6
975.0000000000002 8.75 3
968.7500000000002 8.75 3
987.4999999999999 8.75 6
981.25 8.75 6
987.5 8.75 3
981.25 8.75 3
993.75 8.75 6
993.75 8.75 3
6.25 2.5 12
12.5 1.25 12
12.5 2.5 8.999999999999998
6.25 1.25 12
6.249999999999999 2.5 9
12.5 1.25 9
6.250000000000001 1.25 9
18.75 2.5 12
25 1.25 12
25 2.5 8.999999999999998
18.75 1.25 12
18.75 2.5 9
24.99999999999999 1.25 9
18.75 1.25 9
31.25 2.5 12
37.5 1.25 12
37.49999999999999 2.5 9.000000000000002
31.25 1.25 12
31.24999999999999 2.5 9
37.5 1.25 9
31.25 1.25 9
43.75 2.5 12
50 1.25 12
49.99999999999999 2.5 9.000000000000002
43.75 1.25 12
43.74999999999999 2.5 9
49.99999999999999 1.25 9
43.74999999999998 1.25 9
56.25 2.5 12
62.5 1.25 12
62.5 2.5 9
56.25 1.25 12
56.24999999999999 2.5 9
62.5 1.25 9
56.25 1.25 9
68.75 2.5 12
75 1.25 12
74.99999999999997 2.5 8.999999999999998
68.75 1.25 12
68.74999999999997 2.5 9
75 1.25 9
68.74999999999999 1.25 9
81.25000000000001 2.5 12
87.50000000000003 1.25 12
87.50000000000006 2.5 8.999999999999998
81.25000000000001 1.25 12
81.25 2.5 9
87.50000000000004 1.25 9
81.25 1.25 9
93.75000000000003 2.5 12
100 1.25 12
99.99999999999999 2.5 9.000000000000002
93.75000000000001 1.25 12
93.75000000000003 2.5 9
99.99999999999997 1.25 9
93.75 1.25 9
106.25 2.5 12
112.5 1.25 12
112.5 2.5 9
106.25 1.25 12
106.25 2.5 9
112.5 1.25 9
106.25 1.25 9
118.75 2.5 12
125 1.25 12
125 2.5 9
118.75 1.25 12
118.75 2.5 9
125 1.25 9
118.75 1.25 9
131.25 2.5 12
137.5 1.25 12
137.4999999999999 2.5 8.999999999999998
131.25 1.25 12
131.25 2.5 9
137.5 1.25 9
131.2499999999999 1.25 9
143.75 2.5 12
150 1.25 12
149.9999999999999 2.5 8.999999999999998
143.75 1.25 12
143.7499999999999 2.5 9
150 1.25 9
143.75 1.25 9
156.25 2.5 12
162.5 1.25 12
162.5 2.5 9.000000000000002
156.25 1.25 12
156.2499999999999 2.5 9
162.5 1.25 9
156.2499999999999 1.25 9
168.7500000000001 2.5 12
175.0000000000001 1.25 12
175.0000000000001 2.5 9
168.75 1.25 12
168.7500000000001 2.5 9
175.0000000000001 1.25 9
168.7500000000001 1.25 9
181.2500000000001 2.5 12
187.5 1.25 12
187.5 2.5 9
181.25 1.25 12
181.2500000000001 2.5 9
187.5 1.25 9
181.2500000000001 1.25 9
193.75 2.5 12
200 1.25 12
200 2.5 8.999999999999998
193.75 1.25 12
193.75 2.5 9
199.9999999999999 1.25 9
193.7499999999999 1.25 9
206.2500000000001 2.5 12
212.5000000000001 1.25 12
212.5000000000001 2.5 8.999999999999998
206.25 1.25 12
206.25 2.5 9
212.5000000000001 1.25 9
206.25 1.25 9
218.7500000000001 2.5 12
225 1.25 12
225 2.5 9.000000000000002
218.75 1.25 12
218.75 2.5 9
225 1.25 9
218.75 1.25 9
231.2500000000001 2.5 12
237.5000000000001 1.25 12
237.5000000000001 2.5 9
231.25 1.25 12
231.2500000000001 2.5 9
237.5000000000001 1.25 9
231.25 1.25 9
243.7500000000001 2.5 12
250 1.25 12
250 2.5 9
243.75 1.25 12
243.7500000000001 2.5 9
250 1.25 9
243.7500000000001 1.25 9
256.25 2.5 12
262.5 1.25 12
262.4999999999999 2.5 8.999999999999998
256.25 1.25 12
256.2499999999999 2.5 9
262.4999999999999 1.25 9
256.2499999999999 1.25 9
268.75 2.5 12
275 1.25 12
274.9999999999999 2.5 8.999999999999998
268.75 1.25 12
268.7499999999999 2.5 9
274.9999999999999 1.25 9
268.75 1.25 9
281.2500000000001 2.5 12
287.5000000000001 1.25 12
287.5000000000002 2.5 9
281.2500000000001 1.25 12
281.2500000000001 2.5 9
287.5000000000002 1.25 9
281.2500000000001 1.25 9
293.7500000000001 2.5 12
300 1.25 12
299.9999999999999 2.5 9
293.7500000000001 1.25 12
293.7500000000001 2.5 9
300 1.25 9
293.7500000000002 1.25 9
306.25 2.5 12
312.5 1.25 12
312.5 2.5 9
306.25 1.25 12
306.2499999999999 2.5 9
312.5 1.25 9
306.2499999999999 1.25 9
318.75 2.5 12
325 1.25 12
325 2.5 8.999999999999998
318.75 1.25 12
318.75 2.5 9
325 1.25 9
318.75 1.25 9
331.25 2.5 12
337.5 1.25 12
337.4999999999999 2.5 9
331.25 1.25 12
331.2499999999999 2.5 9
337.4999999999999 1.25 9
331.2499999999999 1.25 9
343.7500000000001 2.5 12
350.0000000000001 1.25 12
350.0000000000002 2.5 9
343.7500000000001 1.25 12
343.7500000000001 2.5 9
350.0000000000002 1.25 9
343.7500000000001 1.25 9
356.2500000000002 2.5 12
362.5000000000001 1.25 12
362.5000000000001 2.5 9
356.2500000000001 1.25 12
356.2500000000002 2.5 9
362.5000000000001 1.25 9
356.2500000000003 1.25 9
368.7500000000001 2.5 12
375 1.25 12
375 2.5 9
368.7500000000001 1.25 12
368.75 2.5 9
375 1.25 9
368.75 1.25 9
381.25 2.5 12
387.5 1.25 12
387.5 2.5 9
381.25 1.25 12
381.25 2.5 9
387.5 1.25 9
381.25 1.25 9
393.75 2.5 12
400 1.25 12
399.9999999999999 2.5 9
393.75 1.25 12
393.75 2.5 9
399.9999999999999 1.25 9
393.7499999999999 1.25 9
406.2500000000001 2.5 12
412.5000000000001 1.25 12
412.5000000000002 2.5 9
406.2500000000001 1.25 12
406.2500000000001 2.5 9
412.5000000000002 1.25 9
406.2500000000002 1.25 9
418.7500000000002 2.5 12
425.0000000000001 1.25 12
425.0000000000001 2.5 9
418.7500000000001 1.25 12
418.7500000000002 2.5 9
425.0000000000001 1.25 9
418.7500000000003 1.25 9
431.2500000000001 2.5 12
437.5 1.25 12
437.5 2.5 9
431.2500000000001 1.25 12
431.25 2.5 9
437.5 1.25 9
431.25 1.25 9
443.75 2.5 12
450 1.25 12
450 2.5 8.999999999999998
443.75 1.25 12
443.75 2.5 9
450 1.25 9
443.75 1.25 9
456.25 2.5 12
462.5 1.25 12
462.5 2.5 9
456.25 1.25 12
456.25 2.5 9
462.5 1.25 9
456.25 1.25 9
468.7500000000001 2.5 12
475.0000000000001 1.25 12
475.0000000000002 2.5 9
468.7500000000001 1.25 12
468.7500000000001 2.5 9
475.0000000000001 1.25 9
468.7500000000002 1.25 9
481.2500000000002 2.5 12
487.5000000000001 1.25 12
487.5000000000001 2.5 9
481.2500000000001 1.25 12
481.2500000000002 2.5 9
487.5000000000001 1.25 9
481.2500000000001 1.25 9
493.7500000000001 2.5 12
500 1.25 12
500 2.5 9
493.7500000000001 1.25 12
493.75 2.5 9
500 1.25 9
493.75 1.25 9
506.2500000000002 2.5 12
512.5000000000002 1.25 12
512.5000000000005 2.5 8.999999999999998
506.2500000000001 1.25 12
506.2500000000002 2.5 9
512.5000000000003 1.25 9
506.2500000000002 1.25 9
518.7500000000002 2.5 12
525 1.25 12
524.9999999999998 2.5 9
518.7500000000001 1.25 12
518.7500000000002 2.5 9
524.9999999999999 1.25 9
518.7500000000001 1.25 9
531.25 2.5 12
537.5 1.25 12
537.5000000000002 2.5 9
531.25 1.25 12
531.25 2.5 9
537.5000000000001 1.25 9
531.25 1.25 9
543.75 2.5 12
550 1.25 12
549.9999999999998 2.5 9
543.75 1.25 12
543.75 2.5 9
549.9999999999999 1.25 9
543.75 1.25 9
556.25 2.5 12
562.5 1.25 12
562.5 2.5 9
556.25 1.25 12
556.2499999999999 2.5 9
562.5 1.25 9
556.2500000000001 1.25 9
568.7500000000002 2.5 12
575.0000000000002 1.25 12
575.0000000000005 2.5 9
568.7500000000001 1.25 12
568.7500000000002 2.5 9
575.0000000000003 1.25 9
568.75 1.25 9
581.2500000000002 2.5 12
587.5 1.25 12
587.5 2.5 9
581.2500000000001 1.25 12
581.2500000000002 2.5 9
587.5 1.25 9
581.2500000000002 1.25 9
593.75 2.5 12
600 1.25 12
599.9999999999998 2.5 9
593.75 1.25 12
593.7499999999999 2.5 9
600 1.25 9
593.7499999999998 1.25 9
606.25 2.5 12
612.5 1.25 12
612.4999999999999 2.5 9
606.25 1.25 12
606.2499999999998 2.5 9
612.4999999999998 1.25 9
606.2499999999997 1.25 9
618.75 2.5 12
625 1.25 12
625 2.5 9
618.75 1.25 12
618.7499999999999 2.5 9
625 1.25 9
618.7499999999998 1.25 9
631.25 2.5 12
637.5 1.25 12
637.5000000000002 2.5 9
631.25 1.25 12
631.2500000000001 2.5 9
637.5000000000002 1.25 9
631.2500000000002 1.25 9
643.75 2.5 12
650 1.25 12
650 2.5 9
643.75 1.25 12
643.7500000000001 2.5 9
650 1.25 9
643.75 1.25 9
656.25 2.5 12
662.5 1.25 12
662.4999999999998 2.5 9
656.25 1.25 12
656.2499999999999 2.5 9
662.5 1.25 9
656.2499999999998 1.25 9
668.75 2.5 12
675 1.25 12
674.9999999999998 2.5 9.000000000000002
668.75 1.25 12
668.7499999999998 2.5 9
674.9999999999999 1.25 9
668.75 1.25 9
681.25 2.5 12
687.5 1.25 12
687.5 2.5 9
681.25 1.25 12
681.2499999999999 2.5 9
687.5 1.25 9
681.2500000000001 1.25 9
693.7500000000002 2.5 12
700.0000000000002 1.25 12
700.0000000000005 2.5 8.999999999999998
693.7500000000001 1.25 12
693.7500000000002 2.5 9
700.0000000000003 1.25 9
693.7500000000005 1.25 9
706.2500000000002 2.5 12
712.5 1.25 12
712.5 2.5 9
706.2500000000001 1.25 12
706.2500000000002 2.5 9
712.5 1.25 9
706.2500000000003 1.25 9
718.7500000000002 2.5 12
725.0000000000002 1.25 12
725.0000000000002 2.5 9
718.7500000000001 1.25 12
718.7500000000001 2.5 9
725.0000000000002 1.25 9
718.7500000000002 1.25 9
731.2500000000002 2.5 12
737.5 1.25 12
737.4999999999999 2.5 9.000000000000002
731.2500000000001 1.25 12
731.2500000000002 2.5 9
737.4999999999998 1.25 9
731.25 1.25 9
743.75 2.5 12
750 1.25 12
750 2.5 9
743.75 1.25 12
743.7499999999999 2.5 9
750 1.25 9
743.75 1.25 9
756.2500000000002 2.5 12
762.5000000000002 1.25 12
762.5000000000005 2.5 8.999999999999998
756.2500000000001 1.25 12
756.2500000000002 2.5 9
762.5000000000003 1.25 9
756.2500000000005 1.25 9
768.7500000000002 2.5 12
775 1.25 12
775 2.5 9
768.7500000000001 1.25 12
768.7500000000002 2.5 9
775 1.25 9
768.7500000000003 1.25 9
781.2500000000002 2.5 12
787.5000000000002 1.25 12
787.5000000000002 2.5 9
781.2500000000001 1.25 12
781.2500000000001 2.5 9
787.5000000000002 1.25 9
781.2500000000002 1.25 9
793.7500000000002 2.5 12
800 1.25 12
799.9999999999999 2.5 9.000000000000002
793.7500000000001 1.25 12
793.7500000000002 2.5 9
799.9999999999998 1.25 9
793.75 1.25 9
806.25 2.5 12
812.5 1.25 12
812.5 2.5 9
806.25 1.25 12
806.2499999999999 2.5 9
812.5 1.25 9
806.25 1.25 9
818.7500000000002 2.5 12
825.0000000000002 1.25 12
825.0000000000005 2.5 8.999999999999998
818.7500000000001 1.25 12
818.7500000000002 2.5 9
825.0000000000003 1.25 9
818.7500000000005 1.25 9
831.2500000000002 2.5 12
837.5 1.25 12
837.5 2.5 9
831.2500000000001 1.25 12
831.2500000000002 2.5 9
837.5 1.25 9
831.2500000000003 1.25 9
843.7500000000002 2.5 12
850.0000000000002 1.25 12
850.0000000000002 2.5 9
843.7500000000001 1.25 12
843.7500000000001 2.5 9
850.0000000000002 1.25 9
843.7500000000002 1.25 9
856.2500000000002 2.5 12
862.5 1.25 12
862.4999999999999 2.5 9.000000000000002
856.2500000000001 1.25 12
856.2500000000002 2.5 9
862.4999999999998 1.25 9
856.25 1.25 9
868.75 2.5 12
875 1.25 12
875 2.5 9
868.75 1.25 12
868.7499999999999 2.5 9
875 1.25 9
868.75 1.25 9
881.2500000000002 2.5 12
887.5000000000002 1.25 12
887.5000000000005 2.5 8.999999999999998
881.2500000000001 1.25 12
881.2500000000002 2.5 9
887.5000000000003 1.25 9
881.2500000000005 1.25 9
893.7500000000002 2.5 12
900 1.25 12
900 2.5 8.999999999999998
893.7500000000001 1.25 12
893.7500000000002 2.5 9
900 1.25 9
893.7500000000003 1.25 9
906.2500000000002 2.5 12
912.5000000000002 1.25 12
912.5000000000002 2.5 9
906.2500000000001 1.25 12
906.25 2.5 9
912.5000000000002 1.25 9
906.2500000000002 1.25 9
918.7500000000002 2.5 12
925 1.25 12
925 2.5 9.000000000000002
918.7500000000001 1.25 12
918.75 2.5 9
925 1.25 9
918.75 1.25 9
931.25 2.5 12
937.5 1.25 12
937.5 2.5 9
931.25 1.25 12
931.25 2.5 9
937.5 1.25 9
931.25 1.25 9
943.7500000000002 2.5 12
950.0000000000002 1.25 12
950.0000000000005 2.5 8.999999999999998
943.7500000000001 1.25 12
943.7500000000002 2.5 9
950.0000000000002 1.25 9
943.7499999999999 1.25 9
956.2500000000002 2.5 12
962.5 1.25 12
962.5 2.5 8.999999999999998
956.2500000000001 1.25 12
956.2500000000002 2.5 9
962.5 1.25 9
956.2500000000002 1.25 9
968.7500000000002 2.5 12
975.0000000000002 1.25 12
975.0000000000002 2.5 9
968.7500000000001 1.25 12
968.75 2.5 9
975.0000000000002 1.25 9
968.7500000000002 1.25 9
981.2500000000002 2.5 12
987.5 1.25 12
987.5 2.5 9.000000000000002
981.2500000000001 1.25 12
981.25 2.5 9
987.5 1.25 9
981.25 1.25 9
993.75 2.5 12
993.75 1.25 12
993.75 2.5 9
993.75 1.25 9
6.25 5 12
12.5 3.75 12
12.5 5 8.999999999999998
6.25 3.75 12
6.25 5 9
12.5 3.75 9
6.249999999999998 3.75 9
18.75 5 12
25 3.75 12
25 5 9
18.75 3.75 12
18.75 5 9
25 3.75 9
18.75 3.75 9
31.25 5 12
37.49999999999999 3.75 12
37.49999999999999 5 9
31.24999999999999 3.75 12
31.25 5 9
37.49999999999999 3.75 9
31.25 3.75 9
43.75 5 12
50 3.75 12
50 5 9.000000000000002
43.75 3.75 12
43.75 5 9
49.99999999999999 3.75 9
43.74999999999999 3.75 9.000000000000002
56.25 5 12
62.5 3.75 12
62.5 5 9
56.25 3.75 12
56.25 5 9
62.5 3.75 9
56.24999999999999 3.75 9
68.75 5 12
74.99999999999999 3.75 12
74.99999999999999 5 8.999999999999998
68.75 3.75 12
68.75 5 9
74.99999999999997 3.75 9
68.74999999999997 3.75 9
81.25000000000001 5 12
87.50000000000004 3.75 12
87.50000000000004 5 9
81.25000000000001 3.75 12
81.25000000000001 5 9
87.50000000000004 3.75 9
81.24999999999999 3.75 9
93.75000000000003 5 12
100 3.75 12
100 5 9
93.75000000000003 3.75 12
93.75000000000003 5 9
99.99999999999999 3.75 9
93.75000000000003 3.75 9
106.25 5 12
112.5 3.75 12
112.5 5 9.000000000000002
106.25 3.75 12
106.25 5 9
112.5 3.75 9
106.25 3.75 9
118.75 5 12
125 3.75 12
125 5 9
118.75 3.75 12
118.75 5 9
125 3.75 9
118.75 3.75 9
131.25 5 12
137.5 3.75 12
137.5 5 8.999999999999998
131.25 3.75 12
131.25 5 9
137.5 3.75 9
131.2499999999999 3.75 9
143.75 5 12
150 3.75 12
150 5 9
143.75 3.75 12
143.75 5 9
149.9999999999999 3.75 9
143.75 3.75 9
156.25 5 12
162.5 3.75 12
162.5 5 9
156.25 3.75 12
156.25 5 9
162.5 3.75 9
156.2499999999999 3.75 9
168.7500000000001 5 12
175.0000000000001 3.75 12
175.0000000000001 5 9.000000000000002
168.7500000000001 3.75 12
168.7500000000001 5 9
175.0000000000001 3.75 9
168.7500000000001 3.75 9
181.2500000000001 5 12
187.5 3.75 12
187.5 5 9
181.2500000000001 3.75 12
181.2500000000001 5 9
187.5 3.75 9
181.2500000000001 3.75 9
193.75 5 12
200 3.75 12
200 5 8.999999999999998
193.75 3.75 12
193.75 5 9
200 3.75 9
193.7499999999999 3.75 9
206.2500000000001 5 12
212.5000000000001 3.75 12
212.5000000000001 5 9
206.2500000000001 3.75 12
206.2500000000001 5 9
212.5000000000001 3.75 9
206.25 3.75 9
218.7500000000001 5 12
225 3.75 12
225 5 9
218.7500000000001 3.75 12
218.7500000000001 5 9
225 3.75 9
218.7500000000001 3.75 9
231.2500000000001 5 12
237.5000000000001 3.75 12
237.5000000000001 5 9.000000000000002
231.2500000000001 3.75 12
231.2500000000001 5 9
237.5000000000001 3.75 9
231.2500000000001 3.75 9
243.7500000000001 5 12
250 3.75 12
250 5 9
243.7500000000001 3.75 12
243.7500000000001 5 9
250 3.75 9
243.7500000000001 3.75 9
256.25 5 12
262.5 3.75 12
262.5 5 8.999999999999998
256.25 3.75 12
256.25 5 9
262.4999999999999 3.75 9
256.2499999999999 3.75 9
268.75 5 12
275 3.75 12
275 5 9
268.75 3.75 12
268.75 5 9
274.9999999999999 3.75 9
268.75 3.75 9
281.25 5 12
287.5000000000001 3.75 12
287.5000000000001 5 9
281.25 3.75 12
281.25 5 9
287.5000000000001 3.75 9
281.2500000000001 3.75 9
293.7499999999999 5 12
299.9999999999999 3.75 12
299.9999999999999 5 9
293.75 3.75 12
293.75 5 9
299.9999999999999 3.75 9
293.75 3.75 9
306.25 5 12
312.5 3.75 12
312.5 5 9
306.25 3.75 12
306.25 5 9
312.5 3.75 9
306.2499999999999 3.75 9
318.75 5 12
325 3.75 12
325 5 8.999999999999998
318.75 3.75 12
318.75 5 9
325 3.75 9
318.75 3.75 9
331.25 5 12
337.5 3.75 12
337.5 5 9
331.25 3.75 12
331.25 5 9
337.4999999999999 3.75 9
331.2499999999999 3.75 9
343.7500000000001 5 12
350.0000000000002 3.75 12
350.0000000000002 5 9
343.7500000000001 3.75 12
343.7500000000001 5 9
350.0000000000002 3.75 9
343.75 3.75 9
356.2500000000002 5 12
362.5000000000002 3.75 12
362.5000000000002 5 9
356.2500000000002 3.75 12
356.2500000000002 5 9
362.5000000000001 3.75 9
356.2500000000002 3.75 9
368.7500000000001 5 12
375 3.75 12
375 5 9
368.7500000000001 3.75 12
368.7500000000001 5 9
375 3.75 9
368.7500000000002 3.75 9
381.25 5 12
387.5 3.75 12
387.5 5 9
381.25 3.75 12
381.25 5 9
387.5 3.75 9
381.25 3.75 9
393.75 5 12
400 3.75 12
400 5 9
393.75 3.75 12
393.75 5 9
399.9999999999999 3.75 9
393.75 3.75 9
406.2500000000001 5 12
412.5000000000002 3.75 12
412.5000000000002 5 9
406.2500000000001 3.75 12
406.2500000000001 5 9
412.5000000000002 3.75 9
406.2500000000001 3.75 9
418.7500000000002 5 12
425.0000000000002 3.75 12
425.0000000000002 5 9
418.7500000000002 3.75 12
418.7500000000002 5 9
425.0000000000001 3.75 9
418.7500000000002 3.75 9
431.2500000000001 5 12
437.5 3.75 12
437.5 5 9
431.2500000000001 3.75 12
431.2500000000001 5 9
437.5 3.75 9
431.2500000000002 3.75 9
443.75 5 12
450 3.75 12
450 5 9
443.75 3.75 12
443.75 5 9
450 3.75 9
443.75 3.75 9
456.25 5 12
462.5 3.75 12
462.5 5 9
456.25 3.75 12
456.25 5 9
462.5 3.75 9
456.25 3.75 9
468.7500000000001 5 12
475.0000000000002 3.75 12
475.0000000000002 5 9
468.7500000000001 3.75 12
468.7500000000001 5 9
475.0000000000002 3.75 9
468.7500000000001 3.75 9
481.2500000000002 5 12
487.5000000000002 3.75 12
487.5000000000002 5 9
481.2500000000002 3.75 12
481.2500000000002 5 9
487.5000000000001 3.75 9
481.2500000000002 3.75 9
493.7500000000001 5 12
500 3.75 12
500 5 9
493.7500000000001 3.75 12
493.7500000000001 5 9
500 3.75 9
493.7500000000002 3.75 9
506.2499999999999 5 12
512.5000000000001 3.75 12
512.5000000000001 5 9.000000000000002
506.25 3.75 12
506.2500000000001 5 9
512.5000000000002 3.75 9
506.2500000000001 3.75 9
518.75 5 12
525 3.75 12
525 5 9
518.7500000000002 3.75 12
518.75 5 9
524.9999999999999 3.75 9
518.7500000000002 3.75 9
531.25 5 12
537.5 3.75 12
537.5 5 9
531.25 3.75 12
531.25 5 9
537.5000000000001 3.75 9
531.25 3.75 9
543.75 5 12
550 3.75 12
550 5 9
543.75 3.75 12
543.75 5 9
549.9999999999999 3.75 9
543.75 3.75 9
556.25 5 12
562.5 3.75 12
562.5 5 9
556.25 3.75 12
556.25 5 9
562.5 3.75 9
556.2500000000001 3.75 9
568.75 5 12
575.0000000000001 3.75 12
575.0000000000001 5 9.000000000000002
568.75 3.75 12
568.75 5 9
575.0000000000002 3.75 9
568.7500000000001 3.75 9
581.25 5 12
587.5 3.75 12
587.5 5 9
581.2500000000002 3.75 12
581.25 5 9
587.5 3.75 9
581.2500000000002 3.75 9
593.75 5 12
599.9999999999999 3.75 12
599.9999999999999 5 9
593.75 3.75 12
593.75 5 9
599.9999999999998 3.75 9
593.7499999999998 3.75 9
606.25 5 12
612.5 3.75 12
612.5 5 9
606.25 3.75 12
606.25 5 9
612.4999999999999 3.75 9
606.2499999999998 3.75 9
618.75 5 12
625 3.75 12
625 5 9
618.75 3.75 12
618.75 5 9
625 3.75 9
618.7499999999999 3.75 9
631.25 5 12
637.4999999999999 3.75 12
637.5000000000001 5 9.000000000000002
631.25 3.75 12
631.25 5 9
637.5000000000001 3.75 9
631.2500000000002 3.75 9
643.75 5 12
650 3.75 12
650 5 9
643.75 3.75 12
643.75 5 9
650 3.75 9
643.75 3.75 9
656.25 5 12
662.4999999999999 3.75 12
662.4999999999999 5 9
656.25 3.75 12
656.25 5 9
662.4999999999998 3.75 9
656.2499999999998 3.75 9
668.75 5 12
675 3.75 12
675 5 9
668.75 3.75 12
668.75 5 9
674.9999999999999 3.75 9
668.7499999999998 3.75 9
681.25 5 12
687.5 3.75 12
687.5 5 9
681.25 3.75 12
681.25 5 9
687.5 3.75 9
681.2500000000001 3.75 9
693.7500000000002 5 12
700.0000000000003 3.75 12
700.0000000000003 5 9
693.7500000000002 3.75 12
693.7500000000002 5 9
700.0000000000003 3.75 9
693.7500000000002 3.75 9
706.2500000000002 5 12
712.5 3.75 12
712.5 5 9
706.2500000000002 3.75 12
706.2500000000002 5 9
712.5 3.75 9
706.2500000000002 3.75 9
718.7500000000002 5 12
725.0000000000003 3.75 12
725.0000000000003 5 9
718.7500000000002 3.75 12
718.7500000000002 5 9
725.0000000000002 3.75 9
718.7500000000002 3.75 9
731.2500000000002 5 12
737.5 3.75 12
737.5 5 9
731.2500000000002 3.75 12
731.2500000000002 5 9
737.4999999999999 3.75 9
731.2500000000005 3.75 9
743.75 5 12
750 3.75 12
750 5 9
743.75 3.75 12
743.75 5 9
750 3.75 9
743.7499999999999 3.75 9
756.2500000000002 5 12
762.5000000000003 3.75 12
762.5000000000003 5 9
756.2500000000002 3.75 12
756.2500000000002 5 9
762.5000000000003 3.75 9
756.2500000000002 3.75 9
768.7500000000002 5 12
775 3.75 12
775 5 9
768.7500000000002 3.75 12
768.7500000000002 5 9
775 3.75 9
768.7500000000002 3.75 9
781.2500000000002 5 12
787.5000000000003 3.75 12
787.5000000000003 5 9
781.2500000000002 3.75 12
781.2500000000002 5 9
787.5000000000002 3.75 9
781.2500000000002 3.75 9
793.7500000000002 5 12
800 3.75 12
800 5 9
793.7500000000002 3.75 12
793.7500000000002 5 9
799.9999999999999 3.75 9
793.7500000000005 3.75 9
806.25 5 12
812.5 3.75 12
812.5 5 9
806.25 3.75 12
806.25 5 9
812.5 3.75 9
806.2499999999999 3.75 9
818.7500000000002 5 12
825.0000000000003 3.75 12
825.0000000000003 5 9
818.7500000000002 3.75 12
818.7500000000002 5 9
825.0000000000003 3.75 9
818.7500000000002 3.75 9
831.2500000000002 5 12
837.5 3.75 12
837.5 5 9
831.2500000000002 3.75 12
831.2500000000002 5 9
837.5 3.75 9
831.2500000000002 3.75 9
843.7500000000002 5 12
850.0000000000003 3.75 12
850.0000000000003 5 9
843.7500000000002 3.75 12
843.7500000000002 5 9
850.0000000000002 3.75 9
843.7500000000002 3.75 9
856.2500000000002 5 12
862.5 3.75 12
862.5 5 9
856.2500000000002 3.75 12
856.2500000000002 5 9
862.4999999999999 3.75 9
856.2500000000005 3.75 9
868.75 5 12
875 3.75 12
875 5 9
868.75 3.75 12
868.75 5 9
875 3.75 9
868.7499999999999 3.75 9
881.2500000000002 5 12
887.5000000000003 3.75 12
887.5000000000003 5 9
881.2500000000002 3.75 12
881.2500000000002 5 9
887.5000000000003 3.75 9
881.2500000000007 3.75 9
893.7500000000002 5 12
900 3.75 12
900 5 9
893.7500000000002 3.75 12
893.7500000000002 5 9
900 3.75 9
893.7500000000002 3.75 9
906.2500000000002 5 12
912.5000000000003 3.75 12
912.5000000000003 5 9
906.2500000000002 3.75 12
906.2500000000002 5 9
912.5000000000002 3.75 9
906.2500000000002 3.75 9
918.7500000000002 5 12
925 3.75 12
925 5 9
918.7500000000002 3.75 12
918.7500000000002 5 9
925 3.75 9
918.7500000000002 3.75 9
931.25 5 12
937.5 3.75 12
937.5 5 9
931.25 3.75 12
931.25 5 9
937.5 3.75 9
931.25 3.75 9
943.7500000000002 5 12
950.0000000000003 3.75 12
950.0000000000003 5 9
943.7500000000002 3.75 12
943.7500000000002 5 9
950.0000000000005 3.75 9
943.7500000000002 3.75 9
956.2500000000002 5 12
962.5 3.75 12
962.5 5 9
956.2500000000002 3.75 12
956.2500000000002 5 9
962.5 3.75 9
956.2500000000002 3.75 9
968.7500000000002 5 12
975.0000000000003 3.75 12
975.0000000000003 5 9
968.7500000000002 3.75 12
968.7500000000002 5 9
975.0000000000002 3.75 9
968.7500000000002 3.75 9
981.2500000000002 5 12
987.5 3.75 12
987.5 5 9
981.2500000000002 3.75 12
981.2500000000002 5 9
987.5 3.75 9
981.2500000000002 3.75 9
993.75 5 12
993.75 3.75 12
993.75 5 9
993.75 3.75 9
6.25 7.5 12
12.5 6.25 12
12.5 7.5 8.999999999999998
6.25 6.25 12
6.25 7.5 9
12.5 6.25 9
6.25 6.25 9
18.75 7.5 12
25 6.25 12
25 7.5 9
18.75 6.25 12
18.75 7.5 9
25 6.25 9
18.75 6.25 9
31.25 7.5 12
37.49999999999999 6.25 12
37.49999999999999 7.5 9
31.24999999999999 6.25 12
31.24999999999999 7.5 9
37.49999999999999 6.25 9
31.24999999999999 6.25 9
43.75 7.5 12
50 6.25 12
50 7.5 9.000000000000002
43.75 6.25 12
43.74999999999999 7.5 9
50 6.25 9
43.75 6.25 9
56.25 7.5 12
62.5 6.25 12
62.5 7.5 9
56.25 6.25 12
56.25 7.5 9
62.5 6.25 9
56.25 6.25 9
68.75 7.5 12
74.99999999999999 6.25 12
74.99999999999999 7.5 8.999999999999998
68.75 6.25 12
68.75 7.5 9
74.99999999999999 6.25 9
68.75 6.25 9
81.25000000000003 7.5 12
87.50000000000006 6.25 12
87.50000000000006 7.5 9
81.25000000000003 6.25 12
81.25000000000003 7.5 9
87.50000000000006 6.25 9
81.25000000000009 6.25 9
93.75000000000003 7.5 12
100 6.25 12
100 7.5 9
93.75000000000003 6.25 12
93.75000000000003 7.5 9
100 6.25 9
93.75000000000003 6.25 9
106.25 7.5 12
112.5 6.25 12
112.5 7.500000000000001 9.000000000000002
106.25 6.25 12
106.25 7.500000000000001 9
112.5 6.250000000000001 9
106.25 6.250000000000002 9
118.75 7.5 12
125 6.25 12
125 7.5 9
118.75 6.25 12
118.75 7.500000000000001 9
125 6.25 9
118.75 6.250000000000001 9
131.25 7.5 12
137.5 6.25 12
137.4999999999999 7.499999999999999 8.999999999999998
131.25 6.25 12
131.25 7.499999999999999 9
137.5 6.249999999999999 9
131.2499999999999 6.249999999999998 9
143.75 7.5 12
150 6.25 12
150 7.5 9
143.75 6.25 12
143.7499999999999 7.499999999999999 9
150 6.25 9
143.7499999999999 6.249999999999999 9
156.25 7.5 12
162.5 6.25 12
162.5 7.5 9
156.25 6.25 12
156.25 7.5 9
162.5 6.25 9
156.2499999999999 6.25 9
168.7500000000001 7.5 12
175.0000000000001 6.25 12
175.0000000000001 7.500000000000001 9.000000000000002
168.7500000000001 6.25 12
168.75 7.500000000000001 9
175.0000000000001 6.250000000000001 9
168.7500000000001 6.250000000000002 9
181.2500000000001 7.5 12
187.5 6.25 12
187.5 7.5 9
181.2500000000001 6.25 12
181.2500000000001 7.500000000000001 9
187.5 6.25 9
181.2500000000001 6.250000000000001 9
193.75 7.5 12
200 6.25 12
200 7.499999999999999 8.999999999999998
193.75 6.25 12
193.75 7.499999999999999 9
200 6.249999999999999 9
193.75 6.249999999999998 9
206.2500000000001 7.5 12
212.5000000000001 6.25 12
212.5000000000001 7.5 9
206.2500000000001 6.25 12
206.25 7.499999999999999 9
212.5000000000001 6.25 9
206.2500000000001 6.249999999999999 9
218.7500000000001 7.5 12
225 6.25 12
225 7.5 9
218.7500000000001 6.25 12
218.7500000000001 7.5 9
225 6.25 9
218.7500000000001 6.25 9
231.2500000000001 7.5 12
237.5000000000001 6.25 12
237.5000000000001 7.500000000000001 9.000000000000002
231.2500000000001 6.25 12
231.2500000000001 7.500000000000001 9
237.5000000000001 6.250000000000001 9
231.2500000000001 6.250000000000002 9
243.7500000000001 7.5 12
250 6.25 12
250 7.5 9
243.7500000000001 6.25 12
243.7500000000001 7.500000000000001 9
250 6.25 9
243.7500000000001 6.250000000000001 9
256.25 7.5 12
262.5 6.25 12
262.4999999999999 7.499999999999999 8.999999999999998
256.25 6.25 12
256.2499999999999 7.499999999999999 9
262.4999999999999 6.249999999999999 9
256.2499999999999 6.249999999999998 9
268.75 7.5 12
275 6.25 12
274.9999999999999 7.5 9
268.75 6.25 12
268.75 7.499999999999999 9
274.9999999999999 6.25 9
268.7499999999999 6.249999999999999 9
281.25 7.5 12
287.5 6.25 12
287.5000000000001 7.500000000000002 9
281.25 6.25 12
281.25 7.500000000000002 9
287.5000000000001 6.250000000000002 9
281.2500000000001 6.250000000000002 9
293.75 7.5 12
299.9999999999999 6.25 12
299.9999999999999 7.500000000000001 9
293.7499999999999 6.25 12
293.75 7.500000000000002 9
299.9999999999999 6.250000000000001 9
293.7499999999999 6.250000000000002 9
306.25 7.5 12
312.5 6.25 12
312.5 7.5 9
306.25 6.25 12
306.25 7.500000000000001 9
312.5 6.25 9
306.25 6.250000000000001 9
318.75 7.5 12
325 6.25 12
324.9999999999999 7.499999999999999 8.999999999999998
318.75 6.25 12
318.7499999999999 7.499999999999999 9
324.9999999999999 6.249999999999999 9
318.7499999999999 6.249999999999998 9
331.25 7.5 12
337.5 6.25 12
337.4999999999999 7.5 9
331.25 6.25 12
331.25 7.499999999999999 9
337.4999999999999 6.25 9
331.2499999999999 6.249999999999999 9
343.7500000000001 7.5 12
350.0000000000002 6.25 12
350.0000000000002 7.500000000000002 9
343.7500000000001 6.25 12
343.7500000000001 7.500000000000002 9
350.0000000000002 6.250000000000002 9
343.7500000000001 6.250000000000002 9
356.2500000000002 7.5 12
362.5000000000002 6.25 12
362.5000000000002 7.5 9
356.2500000000002 6.25 12
356.2500000000002 7.500000000000002 9
362.5000000000002 6.25 9
356.2500000000002 6.250000000000002 9
368.7500000000001 7.5 12
375 6.25 12
375 7.5 9
368.7500000000001 6.25 12
368.7500000000001 7.5 9
375 6.25 9
368.7500000000001 6.25 9
381.25 7.5 12
387.5 6.25 12
387.5 7.5 9
381.25 6.25 12
381.25 7.5 9
387.5 6.25 9
381.25 6.25 9
393.75 7.5 12
400 6.25 12
400 7.5 9
393.75 6.25 12
393.75 7.5 9
400 6.25 9
393.75 6.25 9
406.2500000000001 7.5 12
412.5000000000002 6.25 12
412.5000000000002 7.500000000000002 9
406.2500000000001 6.25 12
406.2500000000001 7.500000000000002 9
412.5000000000002 6.250000000000002 9
406.2500000000001 6.250000000000002 9
418.7500000000002 7.5 12
425.0000000000002 6.25 12
425.0000000000002 7.5 9
418.7500000000002 6.25 12
418.7500000000002 7.500000000000002 9
425.0000000000002 6.25 9
418.7500000000002 6.250000000000002 9
431.2500000000001 7.5 12
437.5 6.25 12
437.5 7.5 9
431.2500000000001 6.25 12
431.2500000000001 7.5 9
437.5 6.25 9
431.2500000000001 6.25 9
443.75 7.5 12
450 6.25 12
450 7.5 9
443.75 6.25 12
443.75 7.5 9
450 6.25 9
443.75 6.25 9
456.25 7.5 12
462.5 6.25 12
462.4999999999999 7.5 9
456.25 6.25 12
456.25 7.5 9
462.5 6.25 9
456.25 6.25 9
468.7500000000001 7.5 12
475.0000000000002 6.25 12
475.0000000000002 7.500000000000002 8.999999999999998
468.7500000000001 6.25 12
468.7500000000001 7.500000000000002 9
475.0000000000002 6.250000000000002 9
468.75 6.250000000000002 9
481.2500000000002 7.5 12
487.5000000000002 6.25 12
487.5000000000002 7.5 9
481.2500000000002 6.25 12
481.2500000000002 7.500000000000002 9
487.5000000000002 6.25 9
481.2500000000002 6.250000000000002 9
493.7500000000001 7.5 12
500 6.25 12
500 7.5 9
493.7500000000001 6.25 12
493.7500000000001 7.5 9
500 6.25 9
493.7500000000001 6.25 9
506.25 7.5 12
512.5 6.25 12
512.5000000000002 7.5 9
506.25 6.25 12
506.2500000000001 7.5 9
512.5000000000002 6.25 9
506.2500000000002 6.25 9
518.75 7.5 12
525 6.25 12
524.9999999999999 7.5 9
518.75 6.25 12
518.7500000000001 7.5 9
524.9999999999999 6.25 9
518.7500000000002 6.25 9
531.25 7.5 12
537.5 6.25 12
537.5000000000001 7.5 9
531.25 6.25 12
531.25 7.5 9
537.5000000000001 6.25 9
531.25 6.25 9
543.75 7.5 12
550 6.25 12
549.9999999999998 7.5 9
543.75 6.25 12
543.75 7.5 9
549.9999999999999 6.25 9
543.75 6.25 9
556.25 7.5 12
562.5 6.25 12
562.5 7.5 9
556.25 6.25 12
556.2499999999999 7.5 9
562.5 6.25 9
556.2500000000001 6.25 9
568.75 7.5 12
575 6.25 12
575.0000000000002 7.5 9
568.75 6.25 12
568.7500000000001 7.5 9
575.0000000000002 6.25 9
568.7500000000002 6.25 9
581.25 7.5 12
587.5 6.25 12
587.4999999999999 7.5 9
581.25 6.25 12
581.2500000000001 7.5 9
587.4999999999999 6.25 9
581.25 6.25 9
593.75 7.5 12
599.9999999999999 6.25 12
599.9999999999999 7.5 9
593.75 6.25 12
593.7499999999998 7.5 9
599.9999999999999 6.25 9
593.7499999999998 6.25 9
606.25 7.5 12
612.5 6.25 12
612.4999999999999 7.5 9
606.25 6.25 12
606.2499999999999 7.5 9
612.4999999999999 6.25 9
606.2499999999998 6.25 9
618.75 7.5 12
625 6.25 12
625 7.5 9
618.75 6.25 12
618.7499999999999 7.5 9
625 6.25 9
618.7499999999999 6.25 9
631.25 7.5 12
637.5 6.25 12
637.5000000000002 7.5 9
631.25 6.25 12
631.2500000000001 7.5 9
637.5000000000002 6.25 9
631.2499999999998 6.25 9
643.75 7.5 12
650 6.25 12
649.9999999999999 7.5 9
643.75 6.25 12
643.7500000000001 7.5 9
649.9999999999999 6.25 9
643.75 6.25 9
656.25 7.5 12
662.4999999999999 6.25 12
662.4999999999999 7.5 9
656.25 6.25 12
656.2499999999998 7.5 9
662.4999999999999 6.25 9
656.2499999999998 6.25 9
668.75 7.5 12
675 6.25 12
674.9999999999998 7.5 9
668.75 6.25 12
668.7499999999998 7.5 9
674.9999999999999 6.25 9
668.75 6.25 9
681.25 7.5 12
687.5 6.25 12
687.5 7.5 9
681.25 6.25 12
681.2499999999999 7.5 9
687.5 6.25 9
681.2500000000001 6.25 9
693.7500000000002 7.5 12
700.0000000000005 6.25 12
700.0000000000005 7.5 9
693.7500000000002 6.25 12
693.7500000000002 7.5 9
700.0000000000005 6.25 9
693.7500000000002 6.25 9
706.2500000000002 7.5 12
712.5 6.25 12
712.5 7.5 9
706.2500000000002 6.25 12
706.2500000000002 7.5 9
712.5 6.25 9
706.2500000000002 6.25 9
718.7500000000002 7.5 12
725.0000000000003 6.25 12
725.0000000000003 7.5 9
718.7500000000002 6.25 12
718.7500000000002 7.5 9
725.0000000000003 6.25 9
718.7500000000005 6.25 9
731.2500000000002 7.5 12
737.5 6.25 12
737.5 7.5 9
731.2500000000002 6.25 12
731.2500000000001 7.5 9
737.5 6.25 9
731.2500000000001 6.25 9
743.75 7.5 12
750 6.25 12
750 7.5 9
743.75 6.25 12
743.75 7.5 9
750 6.25 9
743.75 6.25 9
756.2500000000002 7.5 12
762.5000000000005 6.25 12
762.5000000000005 7.5 9
756.2500000000002 6.25 12
756.2500000000002 7.5 9
762.5000000000005 6.25 9
756.2500000000002 6.25 9
768.7500000000002 7.5 12
775 6.25 12
775 7.5 9
768.7500000000002 6.25 12
768.7500000000002 7.5 9
775 6.25 9
768.7500000000002 6.25 9
781.2500000000002 7.5 12
787.5000000000003 6.25 12
787.5000000000003 7.5 9
781.2500000000002 6.25 12
781.2500000000002 7.5 9
787.5000000000003 6.25 9
781.2500000000005 6.25 9
793.7500000000002 7.5 12
800 6.25 12
800 7.5 9
793.7500000000002 6.25 12
793.7500000000001 7.5 9
800 6.25 9
793.7500000000001 6.25 9
806.25 7.5 12
812.5 6.25 12
812.5 7.5 9
806.25 6.25 12
806.25 7.5 9
812.5 6.25 9
806.25 6.25 9
818.7500000000002 7.5 12
825.0000000000003 6.25 12
825.0000000000005 7.5 9
818.7500000000002 6.25 12
818.7500000000002 7.5 9
825.0000000000005 6.25 9
818.7500000000002 6.25 9
831.2500000000002 7.5 12
837.5 6.25 12
837.5 7.5 9
831.2500000000002 6.25 12
831.2500000000002 7.5 9
837.5 6.25 9
831.2500000000002 6.25 9
843.7500000000002 7.5 12
850.0000000000003 6.25 12
850.0000000000003 7.5 9
843.7500000000002 6.25 12
843.7500000000002 7.5 9
850.0000000000003 6.25 9
843.7500000000005 6.25 9
856.2500000000001 7.5 12
862.5 6.25 12
862.4999999999999 7.5 9
856.2500000000001 6.25 12
856.2500000000001 7.5 9
862.5 6.25 9
856.25 6.25 9
868.75 7.5 12
875 6.25 12
875 7.5 9
868.75 6.25 12
868.75 7.5 9
875 6.25 9
868.75 6.25 9
881.2500000000002 7.5 12
887.5000000000003 6.25 12
887.5000000000005 7.5 9
881.2500000000002 6.25 12
881.2500000000002 7.5 9
887.5000000000005 6.25 9
881.2500000000002 6.25 9
893.7500000000002 7.5 12
900 6.25 12
900 7.5 9
893.7500000000002 6.25 12
893.7500000000002 7.5 9
900 6.25 9
893.7500000000002 6.25 9
906.2500000000002 7.5 12
912.5000000000003 6.25 12
912.5000000000003 7.5 9
906.2500000000002 6.25 12
906.2500000000002 7.5 9
912.5000000000003 6.25 9
906.2500000000005 6.25 9
918.7500000000001 7.5 12
925 6.25 12
924.9999999999999 7.5 9
918.7500000000001 6.25 12
918.7500000000001 7.5 9
925 6.25 9
918.75 6.25 9
931.25 7.5 12
937.5 6.25 12
937.5 7.5 9
931.25 6.25 12
931.25 7.5 9
937.5 6.25 9
931.25 6.25 9
943.7500000000002 7.5 12
950.0000000000003 6.25 12
950.0000000000005 7.5 9
943.7500000000002 6.25 12
943.7500000000002 7.5 9
950.0000000000005 6.25 9
943.7500000000002 6.25 9
956.2500000000002 7.5 12
962.5 6.25 12
962.5 7.5 9
956.2500000000002 6.25 12
956.2500000000002 7.5 9
962.5 6.25 9
956.2500000000002 6.25 9
968.7500000000002 7.5 12
975.0000000000003 6.25 12
975.0000000000003 7.5 9
968.7500000000002 6.25 12
968.7500000000002 7.5 9
975.0000000000003 6.25 9
968.7500000000005 6.25 9
981.2500000000001 7.5 12
987.5 6.25 12
987.4999999999999 7.5 9
981.2500000000001 6.25 12
981.2500000000001 7.5 9
987.5 6.25 9
981.25 6.25 9
993.75 7.5 12
993.75 6.25 12
993.75 7.5 9
993.75 6.25 9
12.5 8.75 12
6.25 8.75 12
12.5 8.75 9
6.25 8.75 9
25 8.75 12
18.75 8.75 12
25 8.75 9
18.75000000000001 8.75 9
37.5 8.75 12
31.25 8.75 12
37.5 8.75 9
31.25 8.75 9
50 8.75 12
43.75 8.75 12
50 8.75 9
43.74999999999999 8.75 9
62.5 8.75 12
56.25 8.75 12
62.5 8.75 9
56.25 8.75 9
75 8.75 12
68.75 8.75 12
75 8.75 9
68.75 8.75 9
87.50000000000003 8.75 12
81.25000000000003 8.75 12
87.50000000000006 8.75 9
81.25000000000009 8.75 9
100 8.75 12
93.75000000000001 8.75 12
100 8.75 9
93.75 8.75 9
112.5 8.75 12
106.25 8.75 12
112.5 8.75 9
106.25 8.75 9
125 8.75 12
118.75 8.75 12
125 8.75 9
118.75 8.75 9
137.5 8.75 12
131.25 8.75 12
137.5 8.75 9
131.2499999999999 8.75 9
150 8.75 12
143.75 8.75 12
150 8.75 9
143.75 8.75 9
162.5 8.75 12
156.25 8.75 12
162.5 8.75 9
156.25 8.75 9
175.0000000000001 8.75 12
168.75 8.75 12
175.0000000000001 8.75 9
168.7500000000001 8.75 9
187.5 8.75 12
181.25 8.75 12
187.5 8.75 9
181.25 8.75 9
200 8.75 12
193.75 8.75 12
200 8.75 9
193.75 8.75 9
212.5000000000001 8.75 12
206.25 8.75 12
212.5000000000001 8.75 9
206.2500000000001 8.75 9
225 8.75 12
218.75 8.75 12
225 8.75 9
218.7500000000001 8.75 9
237.5000000000001 8.75 12
231.25 8.75 12
237.5000000000001 8.75 9
231.25 8.75 9
250 8.75 12
243.75 8.75 12
250 8.75 9
243.75 8.75 9
262.5 8.75 12
256.25 8.75 12
262.5 8.75 9
256.25 8.75 9
275 8.75 12
268.75 8.75 12
274.9999999999999 8.75 9
268.75 8.75 9
287.5 8.75 12
281.25 8.75 12
287.5000000000001 8.75 9
281.2500000000001 8.75 9
300 8.75 12
293.75 8.75 12
300 8.75 9
293.7500000000001 8.75 9
312.5 8.75 12
306.25 8.75 12
312.5 8.75 9
306.25 8.75 9
325 8.75 12
318.75 8.75 12
325 8.75 9
318.75 8.75 9
337.5 8.75 12
331.25 8.75 12
337.4999999999999 8.75 9
331.25 8.75 9
350.0000000000001 8.75 12
343.7500000000001 8.75 12
350.0000000000002 8.75 9
343.7500000000002 8.75 9
362.5000000000001 8.75 12
356.2500000000001 8.75 12
362.5000000000001 8.75 9
356.2500000000003 8.75 9
375 8.75 12
368.7500000000001 8.75 12
375 8.75 9
368.7500000000001 8.75 9
387.5 8.75 12
381.25 8.75 12
387.5 8.75 9
381.25 8.75 9
400 8.75 12
393.75 8.75 12
400 8.75 9
393.75 8.75 9
412.5000000000001 8.75 12
406.2500000000001 8.75 12
412.5000000000002 8.75 9
406.2500000000002 8.75 9
425.0000000000001 8.75 12
418.7500000000001 8.75 12
425.0000000000001 8.75 9
418.7500000000003 8.75 9
437.5 8.75 12
431.2500000000001 8.75 12
437.5 8.75 9
431.2500000000001 8.75 9
450 8.75 12
443.75 8.75 12
450 8.75 9
443.75 8.75 9
462.5 8.75 12
456.25 8.75 12
462.4999999999999 8.75 9
456.25 8.75 9
475.0000000000001 8.75 12
468.75 8.75 12
475.0000000000002 8.75 9
468.7500000000002 8.75 9
487.5000000000001 8.75 12
481.2500000000001 8.75 12
487.5000000000001 8.75 9
481.2500000000003 8.75 9
500 8.75 12
493.7500000000001 8.75 12
500 8.75 9
493.7500000000001 8.75 9
512.5 8.75 12
506.25 8.75 12
512.5000000000002 8.75 9
506.2500000000002 8.75 9
525 8.75 12
518.75 8.75 12
525 8.75 9
518.7500000000002 8.75 9
537.5 8.75 12
531.25 8.75 12
537.5 8.75 9
531.25 8.75 9
550 8.75 12
543.75 8.75 12
549.9999999999999 8.75 9
543.75 8.75 9
562.5 8.75 12
556.25 8.75 12
562.5 8.75 9
556.2500000000001 8.75 9
575 8.75 12
568.75 8.75 12
575.0000000000002 8.75 9
568.7500000000003 8.75 9
587.5 8.75 12
581.25 8.75 12
587.5 8.75 9
581.2500000000002 8.75 9
600 8.75 12
593.75 8.75 12
600 8.75 9
593.7499999999998 8.75 9
612.5 8.75 12
606.25 8.75 12
612.5 8.75 9
606.2499999999999 8.75 9
625 8.75 12
618.75 8.75 12
625 8.75 9
618.75 8.75 9
637.5 8.75 12
631.25 8.75 12
637.5000000000002 8.75 9
631.2500000000001 8.75 9
650 8.75 12
643.75 8.75 12
650 8.75 9
643.7500000000002 8.75 9
662.5 8.75 12
656.25 8.75 12
662.5 8.75 9
656.2499999999998 8.75 9
675 8.75 12
668.75 8.75 12
674.9999999999999 8.75 9
668.7499999999998 8.75 9
687.5 8.75 12
681.25 8.75 12
687.5 8.75 9
681.2500000000001 8.75 9
700.0000000000002 8.75 12
693.7500000000001 8.75 12
700.0000000000005 8.75 9
693.75 8.75 9
712.5 8.75 12
706.2500000000001 8.75 12
712.5 8.75 9
706.25 8.75 9
725.0000000000002 8.75 12
718.7500000000001 8.75 12
725.0000000000002 8.75 9
718.75 8.75 9
737.5 8.75 12
731.2500000000001 8.75 12
737.5 8.75 9
731.25 8.75 9
750 8.75 12
743.75 8.75 12
750 8.75 9
743.75 8.75 9
762.5000000000002 8.75 12
756.2500000000001 8.75 12
762.5000000000005 8.75 9
756.25 8.75 9
775 8.75 12
768.7500000000001 8.75 12
775 8.75 9
768.75 8.75 9
787.5000000000002 8.75 12
781.2500000000001 8.75 12
787.5000000000002 8.75 9
781.25 8.75 9
800 8.75 12
793.7500000000001 8.75 12
800 8.75 9
793.75 8.75 9
812.5 8.75 12
806.25 8.75 12
812.5 8.75 9
806.25 8.75 9
825.0000000000002 8.75 12
818.7500000000001 8.75 12
825.0000000000005 8.75 9
818.75 8.75 9
837.5 8.75 12
831.2500000000001 8.75 12
837.5 8.75 9
831.25 8.75 9
850.0000000000002 8.75 12
843.7500000000001 8.75 12
850.0000000000002 8.75 9
843.75 8.75 9
862.5 8.75 12
856.25 8.75 12
862.4999999999999 8.75 9
856.25 8.75 9
875 8.75 12
868.75 8.75 12
875 8.75 9
868.75 8.75 9
887.5000000000002 8.75 12
881.2500000000001 8.75 12
887.5000000000005 8.75 9
881.25 8.75 9
900 8.75 12
893.7500000000001 8.75 12
900 8.75 9
893.75 8.75 9
912.5000000000002 8.75 12
906.2500000000001 8.75 12
912.5000000000002 8.75 9
906.25 8.75 9
925 8.75 12
918.75 8.75 12
924.9999999999999 8.75 9
918.75 8.75 9
937.5 8.75 12
931.25 8.75 12
937.5 8.75 9
931.25 8.75 9
950.0000000000002 8.75 12
943.7500000000001 8.75 12
950.0000000000005 8.75 9
943.75 8.75 9
962.5 8.75 12
956.2500000000001 8.75 12
962.5 8.75 9
956.25 8.75 9
975.0000000000002 8.75 12
968.7500000000001 8.75 12
975.0000000000002 8.75 9
968.75 8.75 9
987.5 8.75 12
981.25 8.75 12
987.4999999999999 8.75 9
981.25 8.75 9
993.75 8.75 12
993.75 8.75 9
6.249999999999998 2.5 17.99999999999999
12.5 1.25 17.99999999999999
12.5 2.5 14.99999999999999
6.249999999999998 1.25 18
6.249999999999999 2.5 15
12.5 1.25 15
6.25 1.25 14.99999999999999
18.74999999999999 2.5 18
24.99999999999999 1.25 18
25 2.5 15
18.75 1.25 18
18.75 2.5 15
25 1.25 15
18.75000000000001 1.25 15
31.24999999999999 2.5 18
37.5 1.25 18
37.49999999999999 2.5 15
31.24999999999999 1.25 18
31.25 2.5 15
37.5 1.25 15
31.25 1.25 15
43.74999999999999 2.5 18
49.99999999999999 1.25 18.00000000000001
49.99999999999999 2.5 15.00000000000001
43.74999999999999 1.25 18
43.74999999999999 2.5 15
50 1.25 15
43.74999999999999 1.25 15
56.24999999999999 2.5 18.00000000000001
62.5 1.25 18
62.5 2.5 15
56.25 1.25 18
56.24999999999999 2.5 15
62.5 1.25 15
56.25 1.25 15
68.75 2.5 17.99999999999999
75 1.25 17.99999999999999
74.99999999999999 2.5 14.99999999999999
68.75 1.25 18
68.75 2.5 15
75 1.25 15
68.75 1.25 14.99999999999999
81.25000000000003 2.5 18
87.50000000000004 1.25 18
87.50000000000006 2.5 15
81.25000000000003 1.25 18
81.25000000000001 2.5 15
87.50000000000003 1.25 15
81.25000000000003 1.25 15
93.75000000000001 2.5 18
99.99999999999997 1.25 18
99.99999999999999 2.5 15
93.75000000000001 1.25 18
93.75000000000003 2.5 15
100 1.25 15
93.75000000000003 1.25 15
106.25 2.5 18
112.5 1.25 18
112.5 2.5 15
106.25 1.25 18
106.25 2.5 15
112.5 1.25 15
106.25 1.25 15
118.75 2.5 18
125 1.25 18
125 2.5 15
118.75 1.25 18
118.75 2.5 15
125 1.25 15
118.75 1.25 15
131.25 2.5 17.99999999999999
137.5 1.25 17.99999999999999
137.5 2.5 14.99999999999999
131.25 1.25 18
131.25 2.5 15
137.5 1.25 15
131.25 1.25 14.99999999999999
143.75 2.5 17.99999999999999
150 1.25 18
150 2.5 15
143.75 1.25 18
143.75 2.5 15
150 1.25 15
143.75 1.25 15
156.25 2.5 18
162.5 1.25 18
162.5 2.5 15
156.25 1.25 18
156.25 2.5 15
162.5 1.25 15
156.25 1.25 15
168.7500000000001 2.5 18
175.0000000000001 1.25 18
175.0000000000001 2.5 15
168.75 1.25 18
168.7500000000001 2.5 15
175.0000000000001 1.25 15
168.7500000000001 1.25 15
181.2500000000001 2.5 18
187.5 1.25 18
187.5 2.5 15
181.25 1.25 18
181.2500000000001 2.5 15
187.5 1.25 15
181.2500000000001 1.25 15
193.75 2.5 17.99999999999999
199.9999999999999 1.25 17.99999999999999
200 2.5 14.99999999999999
193.7499999999999 1.25 18
193.75 2.5 15
200 1.25 15
193.7499999999999 1.25 14.99999999999999
206.25 2.5 17.99999999999999
212.5000000000001 1.25 18
212.5000000000001 2.5 15
206.25 1.25 18
206.25 2.5 15
212.5000000000001 1.25 15
206.2500000000001 1.25 15
218.75 2.5 18
225 1.25 18
225 2.5 15
218.75 1.25 18
218.7500000000001 2.5 15
225 1.25 15
218.7500000000001 1.25 15
231.2500000000001 2.5 18
237.5000000000001 1.25 18
237.5000000000001 2.5 15
231.2500000000001 1.25 18
231.2500000000001 2.5 15
237.5000000000001 1.25 15
231.25 1.25 15
243.7500000000001 2.5 18
250 1.25 18
250 2.5 15
243.75 1.25 18
243.7500000000001 2.5 15
250 1.25 15
243.7500000000001 1.25 15
256.25 2.5 17.99999999999999
262.5 1.25 17.99999999999999
262.5 2.5 14.99999999999999
256.25 1.25 18
256.25 2.5 15
262.5 1.25 15
256.25 1.25 14.99999999999999
268.75 2.5 17.99999999999999
275 1.25 18
275 2.5 15
268.75 1.25 18
268.75 2.5 15
275 1.25 15
268.75 1.25 15
281.2500000000001 2.5 18
287.5000000000002 1.25 18
287.5000000000002 2.5 15
281.2500000000001 1.25 18
281.2500000000001 2.5 15
287.5000000000002 1.25 15
281.2500000000002 1.25 15
293.7500000000001 2.5 18
300 1.25 18
299.9999999999999 2.5 15
293.7500000000001 1.25 18
293.7500000000001 2.5 15
300 1.25 15
293.7500000000001 1.25 15
306.25 2.5 18
312.5 1.25 18
312.5 2.5 15
306.25 1.25 18
306.25 2.5 15
312.5 1.25 15
306.25 1.25 15
318.75 2.5 17.99999999999999
325 1.25 17.99999999999999
325 2.5 14.99999999999999
318.75 1.25 18
318.75 2.5 15
325 1.25 15
318.75 1.25 14.99999999999999
331.2499999999999 2.5 17.99999999999999
337.4999999999999 1.25 18
337.4999999999999 2.5 15
331.2499999999999 1.25 18
331.2499999999999 2.5 15
337.4999999999999 1.25 15
331.2499999999999 1.25 15
343.75 2.5 17.99999999999999
350.0000000000002 1.25 17.99999999999999
350.0000000000002 2.5 14.99999999999999
343.75 1.25 18
343.7500000000001 2.5 15
350.0000000000001 1.25 15
343.75 1.25 14.99999999999999
356.2500000000002 2.5 17.99999999999999
362.5000000000001 1.25 18
362.5000000000001 2.5 15
356.2500000000002 1.25 18
356.2500000000002 2.5 15
362.5000000000001 1.25 15
356.2500000000001 1.25 15
368.7500000000001 2.5 18
375 1.25 18
375 2.5 15
368.75 1.25 18
368.7500000000001 2.5 15
375 1.25 15
368.7500000000001 1.25 15
381.25 2.5 18
387.5 1.25 18
387.5 2.5 15
381.25 1.25 18
381.25 2.5 15
387.5 1.25 15
381.25 1.25 15
393.7499999999999 2.5 18
399.9999999999999 1.25 18
399.9999999999999 2.5 15
393.7499999999999 1.25 18
393.7499999999999 2.5 15
400 1.25 15
393.7499999999999 1.25 15
406.2500000000001 2.5 18
412.5000000000002 1.25 18
412.5000000000002 2.5 15
406.25 1.25 18
406.2500000000001 2.5 15
412.5000000000001 1.25 15
406.2500000000001 1.25 15
418.7500000000002 2.5 18
425.0000000000001 1.25 18
425.0000000000001 2.5 15
418.7500000000002 1.25 18
418.7500000000002 2.5 15
425.0000000000001 1.25 15
418.7500000000001 1.25 15
431.2500000000001 2.5 18
437.5 1.25 18
437.5 2.5 15
431.25 1.25 18
431.2500000000001 2.5 15
437.5 1.25 15
431.2500000000001 1.25 15
443.75 2.5 18
450 1.25 17.99999999999999
450 2.5 15
443.75 1.25 17.99999999999999
443.75 2.5 15
450 1.25 15
443.75 1.25 14.99999999999999
456.25 2.5 18
462.4999999999999 1.25 18
462.5 2.5 15
456.25 1.25 18
456.25 2.5 15
462.5 1.25 15
456.25 1.25 15
468.7500000000001 2.5 18
475.0000000000002 1.25 18
475.0000000000002 2.5 15
468.7500000000001 1.25 18
468.7500000000001 2.5 15
475.0000000000001 1.25 15
468.7500000000002 1.25 15
481.2500000000002 2.5 18
487.5000000000001 1.25 18
487.5000000000001 2.5 15
481.2500000000002 1.25 18
481.2500000000002 2.5 15
487.5000000000001 1.25 15
481.2500000000001 1.25 15
493.7500000000001 2.5 18
500 1.25 18
500 2.5 15
493.75 1.25 18
493.7500000000001 2.5 15
500 1.25 15
493.7500000000001 1.25 15
506.2500000000003 2.5 18
512.5000000000005 1.25 18
512.5000000000005 2.5 15
506.2500000000002 1.25 18
506.2500000000002 2.5 15
512.5000000000003 1.25 15
506.2500000000003 1.25 15
518.7500000000002 2.5 18
525 1.25 18
525 2.5 15
518.7500000000002 1.25 18
518.7500000000002 2.5 15
525 1.25 15
518.7500000000005 1.25 15
531.25 2.5 18
537.5 1.25 18
537.5 2.5 15
531.25 1.25 18
531.25 2.5 15
537.5 1.25 15
531.25 1.25 15
543.75 2.5 18
550 1.25 18
550 2.5 15
543.75 1.25 18
543.75 2.5 15
550 1.25 15
543.75 1.25 15
556.25 2.5 18
562.5 1.25 18
562.5 2.5 15
556.25 1.25 18
556.25 2.5 15
562.5 1.25 15
556.25 1.25 15
568.7500000000002 2.5 18
575.0000000000005 1.25 18
575.0000000000005 2.5 15
568.7500000000002 1.25 18
568.7500000000002 2.5 15
575.0000000000003 1.25 15
568.7500000000003 1.25 15
581.2500000000002 2.5 18
587.5 1.25 18
587.5 2.5 15
581.2500000000002 1.25 18
581.2500000000002 2.5 15
587.5 1.25 15
581.2500000000005 1.25 15
593.75 2.5 18
600 1.25 18
599.9999999999999 2.5 15
593.75 1.25 18
593.75 2.5 15
600 1.25 15
593.75 1.25 15
606.2499999999999 2.5 18
612.5 1.25 18
612.5 2.5 15
606.25 1.25 18
606.25 2.5 15
612.5 1.25 15
606.25 1.25 15
618.75 2.5 18
625 1.25 18
625 2.5 15
618.75 1.25 18
618.75 2.5 15
625 1.25 15
618.75 1.25 15
631.2500000000002 2.5 18
637.5000000000005 1.25 18
637.5000000000002 2.5 15
631.2500000000002 1.25 18
631.2500000000001 2.5 15
637.5000000000002 1.25 15
631.2500000000002 1.25 15
643.7500000000002 2.5 18
650 1.25 18
650 2.5 15
643.7500000000002 1.25 18
643.7500000000001 2.5 15
650 1.25 15
643.7500000000002 1.25 15
656.25 2.5 18
662.5 1.25 18
662.4999999999999 2.5 15
656.25 1.25 18
656.25 2.5 15
662.5 1.25 15
656.25 1.25 15
668.7499999999998 2.5 18
674.9999999999998 1.25 18
674.9999999999998 2.5 15
668.7499999999999 1.25 18
668.7499999999998 2.5 15
674.9999999999999 1.25 15
668.7499999999998 1.25 15
681.2499999999998 2.5 18
687.5 1.25 18
687.5 2.5 15
681.2499999999999 1.25 18
681.2499999999999 2.5 15
687.5 1.25 15
681.25 1.25 15
693.7500000000002 2.5 18
700.0000000000003 1.25 18
700.0000000000005 2.5 15
693.7500000000002 1.25 18
693.7500000000002 2.5 15
700.0000000000002 1.25 15
693.7500000000002 1.25 15
706.2500000000002 2.5 18
712.5 1.25 18
712.5 2.5 15
706.2500000000001 1.25 18
706.2500000000002 2.5 15
712.5 1.25 15
706.2500000000002 1.25 15
718.7500000000001 2.5 18
725.0000000000002 1.25 18
725.0000000000002 2.5 15
718.7500000000002 1.25 18
718.7500000000002 2.5 15
725.0000000000002 1.25 15
718.7500000000005 1.25 15
731.25 2.5 18
737.4999999999998 1.25 18
737.4999999999999 2.5 15
731.25 1.25 18
731.25 2.5 15
737.5 1.25 15
731.25 1.25 15
743.7499999999999 2.5 18
750 1.25 18
750 2.5 15
743.75 1.25 18
743.7499999999999 2.5 15
750 1.25 15
743.75 1.25 15
756.2500000000002 2.5 18
762.5000000000003 1.25 18
762.5000000000005 2.5 15
756.2500000000002 1.25 18
756.2500000000002 2.5 15
762.5000000000002 1.25 15
756.2500000000002 1.25 15
768.7500000000002 2.5 18
775 1.25 18
775 2.5 15
768.7500000000001 1.25 18
768.7500000000002 2.5 15
775 1.25 15
768.7500000000002 1.25 15
781.2500000000001 2.5 18
787.5000000000002 1.25 18
787.5000000000002 2.5 15
781.2500000000002 1.25 18
781.2500000000002 2.5 15
787.5000000000002 1.25 15
781.2500000000005 1.25 15
793.75 2.5 18
799.9999999999998 1.25 18
799.9999999999999 2.5 15
793.75 1.25 18
793.75 2.5 15
800 1.25 15
793.75 1.25 15
806.2499999999999 2.5 18
812.5 1.25 18
812.5 2.5 15
806.25 1.25 18
806.2499999999999 2.5 15
812.5 1.25 15
806.25 1.25 15
818.7500000000002 2.5 18
825.0000000000003 1.25 18
825.0000000000005 2.5 15
818.7500000000002 1.25 18
818.7500000000002 2.5 15
825.0000000000002 1.25 15
818.7500000000002 1.25 15
831.2500000000002 2.5 18
837.5 1.25 18
837.5 2.5 15
831.2500000000001 1.25 18
831.2500000000002 2.5 15
837.5 1.25 15
831.2500000000002 1.25 15
843.7500000000001 2.5 18
850.0000000000002 1.25 18
850.0000000000002 2.5 15
843.7500000000002 1.25 18
843.7500000000002 2.5 15
850.0000000000002 1.25 15
843.7500000000005 1.25 15
856.25 2.5 18
862.4999999999998 1.25 18
862.4999999999999 2.5 15
856.25 1.25 18
856.25 2.5 15
862.5 1.25 15
856.25 1.25 15
868.7499999999999 2.5 18
875 1.25 18
875 2.5 15
868.75 1.25 18
868.7499999999999 2.5 15
875 1.25 15
868.75 1.25 15
881.2500000000002 2.5 18
887.5000000000003 1.25 18
887.5000000000005 2.5 15
881.2500000000002 1.25 18
881.2500000000002 2.5 15
887.5000000000002 1.25 15
881.25 1.25 15
893.7500000000002 2.5 18
900 1.25 17.99999999999999
900 2.5 15
893.7500000000001 1.25 17.99999999999999
893.7500000000002 2.5 15
900 1.25 15
893.7500000000002 1.25 14.99999999999999
906.2500000000001 2.5 18
912.5000000000002 1.25 18
912.5000000000002 2.5 15
906.2500000000002 1.25 18
906.2500000000002 2.5 15
912.5000000000002 1.25 15
906.2500000000005 1.25 15
918.75 2.5 18
924.9999999999999 1.25 18
925 2.5 15
918.75 1.25 18
918.7500000000001 2.5 15
925 1.25 15
918.7500000000001 1.25 15
931.25 2.5 18
937.5 1.25 18
937.5 2.5 15
931.25 1.25 18
931.25 2.5 15
937.5 1.25 15
931.25 1.25 15
943.7500000000002 2.5 18
950.0000000000003 1.25 18
950.0000000000005 2.5 15
943.7500000000002 1.25 18
943.7500000000002 2.5 15
950.0000000000002 1.25 15
943.75 1.25 15
956.2500000000002 2.5 18
962.5 1.25 17.99999999999999
962.5 2.5 15
956.2500000000001 1.25 17.99999999999999
956.2500000000002 2.5 15
962.5 1.25 15
956.2500000000002 1.25 14.99999999999999
968.7500000000001 2.5 18
975.0000000000002 1.25 18
975.0000000000002 2.5 15
968.7500000000002 1.25 18
968.7500000000002 2.5 15
975.0000000000002 1.25 15
968.7500000000005 1.25 15
981.25 2.5 18
987.4999999999999 1.25 18
987.5 2.5 15
981.25 1.25 18
981.2500000000001 2.5 15
987.5 1.25 15
981.2500000000001 1.25 15
993.75 2.5 18
993.75 1.25 18
993.75 2.5 15
993.75 1.25 15
6.25 5 18
12.5 3.75 17.99999999999999
12.5 5 15
6.249999999999999 3.75 18
6.25 5 15
12.5 3.75 15
6.25 3.75 14.99999999999999
18.75 5 18
25 3.75 18
25 5 15
18.75 3.75 18
18.75 5 15
25 3.75 15
18.75 3.75 15
31.25 5 18
37.49999999999999 3.75 18
37.49999999999999 5 15
31.25 3.75 18
31.25 5 15
37.49999999999999 3.75 15
31.25 3.75 15
43.75 5 18
49.99999999999999 3.75 18.00000000000001
50 5 15
43.74999999999999 3.75 18
43.75 5 15
49.99999999999999 3.75 15
43.74999999999999 3.75 15.00000000000001
56.25 5 18
62.5 3.75 18
62.5 5 15
56.24999999999999 3.75 18
56.25 5 15
62.5 3.75 15
56.25 3.75 15
68.75 5 18
74.99999999999999 3.75 17.99999999999999
74.99999999999999 5 15
68.75 3.75 18
68.75 5 15
74.99999999999999 3.75 15
68.75 3.75 14.99999999999999
81.25000000000001 5 18
87.50000000000006 3.75 18
87.50000000000004 5 15
81.25000000000003 3.75 18
81.25000000000001 5 15
87.50000000000004 3.75 15
81.25000000000003 3.75 15
93.75000000000003 5 18
99.99999999999999 3.75 18
100 5 15
93.75000000000001 3.75 18
93.75000000000003 5 15
99.99999999999999 3.75 15
93.75 3.75 15
106.25 5 18
112.5 3.75 18
112.5 5 15
106.25 3.75 18
106.25 5 15
112.5 3.75 15
106.25 3.75 15
118.75 5 18
125 3.75 18
125 5 15
118.75 3.75 18
118.75 5 15
125 3.75 15
118.75 3.75 15
131.25 5 18
137.5 3.75 17.99999999999999
137.5 5 15
131.25 3.75 18
131.25 5 15
137.5 3.75 15
131.25 3.75 14.99999999999999
143.75 5 18
150 3.75 18
150 5 15
143.75 3.75 18
143.75 5 15
150 3.75 15
143.75 3.75 15
156.25 5 18
162.5 3.75 18
162.5 5 15
156.25 3.75 18
156.25 5 15
162.5 3.75 15
156.25 3.75 15
168.7500000000001 5 18
175.0000000000001 3.75 18
175.0000000000001 5 15
168.7500000000001 3.75 18
168.7500000000001 5 15
175.0000000000001 3.75 15
168.7500000000001 3.75 15
181.2500000000001 5 18
187.5 3.75 18
187.5 5 15
181.2500000000001 3.75 18
181.2500000000001 5 15
187.5 3.75 15
181.2500000000001 3.75 15
193.75 5 18
200 3.75 17.99999999999999
200 5 15
193.75 3.75 18
193.75 5 15
200 3.75 15
193.75 3.75 14.99999999999999
206.2500000000001 5 18
212.5000000000001 3.75 18
212.5000000000001 5 15
206.25 3.75 18
206.2500000000001 5 15
212.5000000000001 3.75 15
206.2500000000001 3.75 15
218.7500000000001 5 18
225 3.75 18
225 5 15
218.7500000000001 3.75 18
218.7500000000001 5 15
225 3.75 15
218.7500000000001 3.75 15
231.2500000000001 5 18
237.5000000000001 3.75 18
237.5000000000001 5 15
231.2500000000001 3.75 18
231.2500000000001 5 15
237.5000000000001 3.75 15
231.2500000000001 3.75 15
243.7500000000001 5 18
250 3.75 18
250 5 15
243.7500000000001 3.75 18
243.7500000000001 5 15
250 3.75 15
243.7500000000001 3.75 15
256.25 5 18
262.5 3.75 17.99999999999999
262.5 5 15
256.25 3.75 18
256.25 5 15
262.5 3.75 15
256.25 3.75 14.99999999999999
268.75 5 18
275 3.75 18
275 5 15
268.75 3.75 18
268.75 5 15
275 3.75 15
268.75 3.75 15
281.2500000000001 5 18
287.5000000000002 3.75 17.99999999999999
287.5000000000001 5 15
281.2500000000001 3.75 18
281.25 5 15
287.5000000000001 3.75 15
281.2500000000001 3.75 15
293.7500000000001 5 18
299.9999999999999 3.75 18
299.9999999999999 5 15
293.7500000000001 3.75 18
293.75 5 15
299.9999999999999 3.75 15
293.75 3.75 15
306.25 5 18
312.5 3.75 18
312.5 5 15
306.25 3.75 18
306.25 5 15
312.5 3.75 15
306.25 3.75 15
318.75 5 18
325 3.75 17.99999999999999
325 5 15
318.75 3.75 18
318.75 5 15
325 3.75 15
318.75 3.75 14.99999999999999
331.25 5 18
337.4999999999999 3.75 18
337.5 5 15
331.2499999999999 3.75 18
331.25 5 15
337.4999999999999 3.75 15
331.2499999999999 3.75 15
343.7500000000001 5 18
350.0000000000002 3.75 17.99999999999999
350.0000000000002 5 15
343.7500000000001 3.75 18
343.7500000000001 5 15
350.0000000000002 3.75 15
343.75 3.75 15
356.2500000000002 5 18
362.5000000000001 3.75 18
362.5000000000002 5 15
356.2500000000002 3.75 17.99999999999999
356.2500000000002 5 15
362.5000000000001 3.75 15
356.2500000000003 3.75 15
368.7500000000001 5 18
375 3.75 18
375 5 15
368.7500000000001 3.75 18
368.7500000000001 5 15
375 3.75 15
368.7500000000002 3.75 15
381.25 5 18
387.5 3.75 18
387.5 5 15
381.25 3.75 18
381.25 5 15
387.5 3.75 15
381.25 3.75 15
393.75 5 18
399.9999999999999 3.75 18
400 5 15
393.7499999999999 3.75 18
393.75 5 15
399.9999999999999 3.75 15
393.7499999999999 3.75 15
406.2500000000001 5 18
412.5000000000002 3.75 17.99999999999999
412.5000000000002 5 15
406.2500000000001 3.75 18
406.2500000000001 5 15
412.5000000000002 3.75 15
406.2500000000001 3.75 15
418.7500000000002 5 18
425.0000000000001 3.75 18
425.0000000000002 5 15
418.7500000000002 3.75 18
418.7500000000002 5 15
425.0000000000001 3.75 15
418.7500000000002 3.75 15
431.2500000000001 5 18
437.5 3.75 18
437.5 5 15
431.2500000000001 3.75 18
431.2500000000001 5 15
437.5 3.75 15
431.2500000000002 3.75 15
443.75 5 18
450 3.75 18
450 5 15
443.75 3.75 18
443.75 5 15
450 3.75 15
443.75 3.75 15
456.25 5 18
462.5 3.75 18
462.5 5 15
456.25 3.75 18
456.25 5 15
462.5 3.75 15
456.25 3.75 15
468.7500000000001 5 18
475.0000000000002 3.75 17.99999999999999
475.0000000000002 5 15
468.7500000000001 3.75 18
468.7500000000001 5 15
475.0000000000002 3.75 15
468.7500000000001 3.75 15
481.2500000000002 5 18
487.5000000000001 3.75 18
487.5000000000002 5 15
481.2500000000002 3.75 18
481.2500000000002 5 15
487.5000000000001 3.75 15
481.2500000000002 3.75 15
493.7500000000001 5 18
500 3.75 18
500 5 15
493.7500000000001 3.75 18
493.7500000000001 5 15
500 3.75 15
493.7500000000002 3.75 15
506.2500000000002 5 18
512.5000000000005 3.75 18
512.5000000000001 5 15
506.2500000000002 3.75 18
506.2500000000001 5 15
512.5000000000002 3.75 15
506.2500000000001 3.75 15
518.7500000000002 5 18
525 3.75 18
525 5 15
518.7500000000002 3.75 18
518.75 5 15
525 3.75 15
518.7500000000002 3.75 15
531.25 5 18
537.5 3.75 18
537.5 5 15
531.25 3.75 18
531.25 5 15
537.5 3.75 15
531.25 3.75 15
543.75 5 18
550 3.75 18
550 5 15
543.75 3.75 18
543.75 5 15
550 3.75 15
543.75 3.75 15
556.25 5 18
562.5 3.75 18
562.5 5 15
556.25 3.75 18
556.25 5 15
562.5 3.75 15
556.25 3.75 15
568.7500000000002 5 18
575.0000000000005 3.75 18
575.0000000000001 5 15
568.7500000000002 3.75 18
568.75 5 15
575.0000000000002 3.75 15
568.7500000000001 3.75 15
581.2500000000002 5 18
587.5 3.75 18
587.5 5 15
581.2500000000002 3.75 18
581.25 5 15
587.5 3.75 15
581.2500000000002 3.75 15
593.75 5 18
599.9999999999999 3.75 18
599.9999999999999 5 15
593.75 3.75 18
593.75 5 15
599.9999999999999 3.75 15
593.75 3.75 15
606.25 5 18
612.5 3.75 18
612.5 5 15
606.25 3.75 18
606.25 5 15
612.5 3.75 15
606.25 3.75 15
618.75 5 18
625 3.75 18
625 5 15
618.75 3.75 18
618.75 5 15
625 3.75 15
618.75 3.75 15
631.2500000000002 5 18
637.5000000000005 3.75 18
637.5000000000001 5 15
631.2500000000002 3.75 18
631.25 5 15
637.5000000000001 3.75 15
631.25 3.75 15
643.7500000000002 5 18
650 3.75 18
650 5 15
643.7500000000002 3.75 18
643.75 5 15
650 3.75 15
643.7500000000002 3.75 15
656.25 5 18
662.4999999999999 3.75 18
662.4999999999999 5 15
656.25 3.75 18
656.25 5 15
662.4999999999999 3.75 15
656.25 3.75 15
668.75 5 18
674.9999999999998 3.75 18
675 5 15
668.7499999999998 3.75 18
668.75 5 15
674.9999999999999 3.75 15
668.7499999999998 3.75 15
681.25 5 18
687.5 3.75 18
687.5 5 15
681.2499999999999 3.75 18
681.25 5 15
687.5 3.75 15
681.25 3.75 15
693.7500000000002 5 18
700.0000000000005 3.75 18
700.0000000000003 5 15
693.7500000000002 3.75 18
693.7500000000002 5 15
700.0000000000003 3.75 15
693.7500000000002 3.75 15
706.2500000000002 5 18
712.5 3.75 18
712.5 5 15
706.2500000000002 3.75 18
706.2500000000002 5 15
712.5 3.75 15
706.2500000000002 3.75 15
718.7500000000002 5 18
725.0000000000002 3.75 18
725.0000000000003 5 15
718.7500000000002 3.75 18
718.7500000000002 5 15
725.0000000000002 3.75 15
718.7500000000006 3.75 15
731.2500000000002 5 18
737.4999999999999 3.75 18
737.5 5 15
731.2500000000002 3.75 18
731.2500000000002 5 15
737.4999999999999 3.75 15
731.2499999999998 3.75 15
743.75 5 18
750 3.75 18
750 5 15
743.7499999999999 3.75 18
743.75 5 15
750 3.75 15
743.75 3.75 15
756.2500000000002 5 18
762.5000000000005 3.75 18
762.5000000000003 5 15
756.2500000000002 3.75 18
756.2500000000002 5 15
762.5000000000003 3.75 15
756.2500000000002 3.75 15
768.7500000000002 5 18
775 3.75 18
775 5 15
768.7500000000002 3.75 18
768.7500000000002 5 15
775 3.75 15
768.7500000000002 3.75 15
781.2500000000002 5 18
787.5000000000002 3.75 18
787.5000000000003 5 15
781.2500000000002 3.75 18
781.2500000000002 5 15
787.5000000000002 3.75 15
781.2500000000006 3.75 15
793.7500000000002 5 18
799.9999999999999 3.75 18
800 5 15
793.7500000000002 3.75 18
793.7500000000002 5 15
799.9999999999999 3.75 15
793.7499999999998 3.75 15
806.25 5 18
812.5 3.75 18
812.5 5 15
806.2499999999999 3.75 18
806.25 5 15
812.5 3.75 15
806.25 3.75 15
818.7500000000002 5 18
825.0000000000005 3.75 18
825.0000000000003 5 15
818.7500000000002 3.75 18
818.7500000000002 5 15
825.0000000000003 3.75 15
818.7500000000002 3.75 15
831.2500000000002 5 18
837.5 3.75 18
837.5 5 15
831.2500000000002 3.75 18
831.2500000000002 5 15
837.5 3.75 15
831.2500000000002 3.75 15
843.7500000000002 5 18
850.0000000000002 3.75 18
850.0000000000003 5 15
843.7500000000002 3.75 18
843.7500000000002 5 15
850.0000000000002 3.75 15
843.7500000000003 3.75 15
856.2500000000002 5 18
862.4999999999999 3.75 18
862.5 5 15
856.2500000000002 3.75 18
856.2500000000002 5 15
862.4999999999999 3.75 15
856.2500000000002 3.75 15
868.75 5 18
875 3.75 18
875 5 15
868.7499999999999 3.75 18
868.75 5 15
875 3.75 15
868.75 3.75 15
881.2500000000002 5 18
887.5000000000005 3.75 18
887.5000000000003 5 15
881.2500000000002 3.75 18
881.2500000000002 5 15
887.5000000000003 3.75 15
881.2500000000002 3.75 15
893.7500000000002 5 18
900 3.75 18
900 5 15
893.7500000000002 3.75 18
893.7500000000002 5 15
900 3.75 15
893.7500000000002 3.75 15
906.2500000000002 5 18
912.5000000000002 3.75 18
912.5000000000003 5 15
906.2500000000002 3.75 18
906.2500000000002 5 15
912.5000000000002 3.75 15
906.2500000000003 3.75 15
918.7500000000002 5 18
925 3.75 18
925 5 15
918.7500000000001 3.75 18
918.7500000000002 5 15
925 3.75 15
918.7500000000002 3.75 15
931.25 5 18
937.5 3.75 18
937.5 5 15
931.25 3.75 18
931.25 5 15
937.5 3.75 15
931.25 3.75 15
943.7500000000002 5 18
950.0000000000005 3.75 18
950.0000000000003 5 15
943.7500000000002 3.75 18
943.7500000000002 5 15
950.0000000000003 3.75 15
943.7500000000002 3.75 15
956.2500000000002 5 18
962.5 3.75 18
962.5 5 15
956.2500000000002 3.75 18
956.2500000000002 5 15
962.5 3.75 15
956.2500000000002 3.75 15
968.7500000000002 5 18
975.0000000000002 3.75 18
975.0000000000003 5 15
968.7500000000002 3.75 18
968.7500000000002 5 15
975.0000000000002 3.75 15
968.7500000000003 3.75 15
981.2500000000002 5 18
987.5 3.75 18
987.5 5 15
981.2500000000001 3.75 18
981.2500000000002 5 15
987.5 3.75 15
981.2500000000002 3.75 15
993.75 5 18
993.75 3.75 18
993.75 5 15
993.75 3.75 15
6.249999999999998 7.5 18
12.5 6.25 18
12.5 7.5 15
6.249999999999999 6.25 18
6.249999999999999 7.5 15
12.5 6.25 15
6.249999999999999 6.25 15
18.74999999999999 7.5 18
25 6.25 18.00000000000001
25 7.5 15
18.74999999999999 6.25 18
18.75 7.5 15
25 6.25 15
18.74999999999999 6.25 15
31.24999999999999 7.5 18
37.49999999999999 6.25 17.99999999999999
37.49999999999999 7.5 15
31.25 6.25 18
31.25 7.5 15
37.49999999999999 6.25 15
31.25 6.25 15
43.74999999999999 7.5 18
49.99999999999999 6.25 18
49.99999999999999 7.5 15
43.74999999999999 6.25 18
43.74999999999999 7.5 15
49.99999999999999 6.25 15
43.74999999999999 6.25 15
56.24999999999999 7.5 18
62.5 6.25 18
62.5 7.5 15
56.24999999999999 6.25 18
56.24999999999999 7.5 15
62.5 6.25 15
56.25 6.25 15
68.75 7.5 18
74.99999999999999 6.25 18
74.99999999999999 7.5 15
68.75 6.25 18
68.75 7.5 15
74.99999999999999 6.25 15
68.75 6.25 15
81.25000000000003 7.5 18
87.50000000000006 6.25 18.00000000000001
87.50000000000006 7.5 15
81.25000000000003 6.25 18
81.25000000000003 7.5 15
87.50000000000006 6.25 15
81.25000000000009 6.25 15
93.75000000000001 7.5 18
99.99999999999999 6.25 17.99999999999999
99.99999999999999 7.5 15
93.75000000000001 6.25 18
93.75000000000003 7.5 15
99.99999999999999 6.25 15
93.75 6.25 15
106.25 7.500000000000001 18
112.5 6.250000000000001 18
112.5 7.500000000000001 15
106.25 6.250000000000001 18
106.25 7.500000000000001 15
112.5 6.250000000000001 15
106.25 6.250000000000001 15
118.75 7.500000000000001 18
125 6.25 18
125 7.5 15
118.75 6.250000000000001 18
118.75 7.500000000000001 15
125 6.25 15
118.75 6.25 15
131.25 7.499999999999999 18
137.5 6.249999999999999 18
137.5 7.499999999999999 15
131.25 6.249999999999999 18
131.25 7.499999999999999 15
137.5 6.249999999999999 15
131.25 6.249999999999999 15
143.75 7.499999999999999 18
150 6.25 18
150 7.5 15
143.75 6.249999999999999 18
143.75 7.499999999999999 15
150 6.25 15
143.75 6.25 15
156.25 7.5 18
162.5 6.25 18
162.5 7.5 15
156.25 6.25 18
156.25 7.5 15
162.5 6.25 15
156.25 6.25 15
168.7500000000001 7.500000000000001 18
175.0000000000001 6.250000000000001 18
175.0000000000001 7.500000000000001 15
168.7500000000001 6.250000000000001 18
168.7500000000001 7.500000000000001 15
175.0000000000001 6.250000000000001 15
168.7500000000001 6.250000000000001 15
181.2500000000001 7.500000000000001 18
187.5 6.25 18
187.5 7.5 15
181.2500000000001 6.250000000000001 18
181.2500000000001 7.500000000000001 15
187.5 6.25 15
181.2500000000001 6.25 15
193.75 7.499999999999999 18
200 6.249999999999999 18
200 7.499999999999999 15
193.75 6.249999999999999 18
193.75 7.499999999999999 15
200 6.249999999999999 15
193.75 6.249999999999999 15
206.25 7.499999999999999 18
212.5000000000001 6.25 18
212.5000000000001 7.5 15
206.2500000000001 6.249999999999999 18
206.25 7.499999999999999 15
212.5000000000001 6.25 15
206.2500000000001 6.25 15
218.75 7.5 18
225 6.25 18
225 7.5 15
218.7500000000001 6.25 18
218.7500000000001 7.5 15
225 6.25 15
218.7500000000001 6.25 15
231.2500000000001 7.500000000000001 18
237.5000000000001 6.250000000000001 18
237.5000000000001 7.500000000000001 15
231.2500000000001 6.250000000000001 18
231.2500000000001 7.500000000000001 15
237.5000000000001 6.250000000000001 15
231.2500000000001 6.250000000000001 15
243.7500000000001 7.500000000000001 18
250 6.25 18
250 7.5 15
243.7500000000001 6.250000000000001 18
243.7500000000001 7.500000000000001 15
250 6.25 15
243.7500000000001 6.25 15
256.25 7.499999999999999 18
262.5 6.249999999999999 18
262.5 7.499999999999999 15
256.25 6.249999999999999 18
256.25 7.499999999999999 15
262.5 6.249999999999999 15
256.25 6.249999999999999 15
268.75 7.499999999999999 18
275 6.25 18
275 7.5 15
268.75 6.249999999999999 18
268.75 7.499999999999999 15
275 6.25 15
268.75 6.25 15
281.2500000000001 7.500000000000001 18
287.5000000000002 6.250000000000001 17.99999999999999
287.5000000000001 7.500000000000002 15
281.2500000000001 6.250000000000001 18
281.2500000000001 7.5 15
287.5000000000001 6.250000000000002 15
281.25 6.250000000000001 15
293.7500000000001 7.500000000000002 18
299.9999999999999 6.250000000000001 18
299.9999999999999 7.500000000000001 15
293.7500000000001 6.250000000000002 18
293.75 7.500000000000002 15
299.9999999999999 6.250000000000001 15
293.7500000000001 6.250000000000002 15
306.25 7.500000000000001 18
312.5 6.25 18
312.5 7.5 15
306.25 6.250000000000001 18
306.25 7.500000000000001 15
312.5 6.25 15
306.25 6.25 15
318.75 7.499999999999999 18
325 6.249999999999999 18
325 7.499999999999999 15
318.75 6.249999999999999 18
318.75 7.499999999999999 15
325 6.249999999999999 15
318.75 6.249999999999999 15
331.2499999999999 7.499999999999999 18
337.4999999999999 6.25 18
337.4999999999999 7.5 15
331.2499999999999 6.249999999999999 18
331.2499999999999 7.499999999999999 15
337.4999999999999 6.25 15
331.2499999999999 6.25 15
343.75 7.500000000000001 18
350.0000000000002 6.250000000000001 17.99999999999999
350.0000000000002 7.500000000000002 15
343.7500000000001 6.250000000000001 18
343.7500000000001 7.5 15
350.0000000000002 6.250000000000002 15
343.75 6.250000000000001 15
356.2500000000002 7.500000000000002 18
362.5000000000001 6.25 18
362.5000000000001 7.5 15
356.2500000000001 6.250000000000002 18
356.2500000000002 7.500000000000001 15
362.5000000000001 6.25 15
356.2500000000002 6.250000000000002 15
368.7500000000001 7.5 18
375 6.25 18
375 7.5 15
368.7500000000001 6.25 18
368.7500000000001 7.5 15
375 6.25 15
368.7500000000002 6.25 15
381.25 7.5 18
387.5 6.25 18
387.5 7.5 15
381.25 6.25 18
381.25 7.5 15
387.5 6.25 15
381.25 6.25 15
393.7499999999999 7.5 18
399.9999999999999 6.25 18
399.9999999999999 7.5 15
393.7499999999999 6.25 18
393.7499999999999 7.5 15
399.9999999999999 6.25 15
393.7499999999999 6.25 15
406.2500000000001 7.500000000000001 18
412.5000000000002 6.250000000000001 17.99999999999999
412.5000000000002 7.500000000000002 15
406.2500000000001 6.250000000000001 18
406.2500000000001 7.5 15
412.5000000000002 6.250000000000002 15
406.2500000000002 6.250000000000001 15
418.7500000000002 7.500000000000002 18
425.0000000000001 6.25 18
425.0000000000001 7.5 15
418.7500000000001 6.250000000000002 18
418.7500000000002 7.500000000000001 15
425.0000000000001 6.25 15
418.7500000000001 6.250000000000002 15
431.2500000000001 7.5 18
437.5 6.25 18
437.5 7.5 15
431.2500000000001 6.25 18
431.2500000000001 7.5 15
437.5 6.25 15
431.2500000000002 6.25 15
443.75 7.5 18
450 6.25 18
450 7.5 15
443.75 6.25 18
443.75 7.5 15
450 6.25 15
443.75 6.25 15
456.25 7.5 18
462.5 6.25 18
462.4999999999999 7.5 15
456.25 6.25 18
456.25 7.5 15
462.5 6.25 15
456.25 6.25 15
468.7500000000001 7.5 18
475.0000000000002 6.25 17.99999999999999
475.0000000000002 7.500000000000001 15
468.7500000000001 6.25 18
468.7500000000001 7.5 15
475.0000000000002 6.25 15
468.75 6.25 15
481.2500000000002 7.5 18
487.5000000000001 6.25 18
487.5000000000001 7.5 15
481.2500000000001 6.25 18
481.2500000000002 7.5 15
487.5000000000001 6.25 15
481.2500000000001 6.25 15
493.7500000000001 7.5 18
500 6.25 18
500 7.5 15
493.7500000000001 6.25 18
493.7500000000001 7.5 15
500 6.25 15
493.7500000000002 6.25 15
506.2500000000003 7.5 18
512.5000000000005 6.25 18
512.5000000000002 7.5 15
506.2500000000002 6.25 18
506.2500000000001 7.5 15
512.5000000000002 6.25 15
506.2500000000001 6.25 15
518.7500000000003 7.5 18
525 6.25 18
525 7.5 15
518.7500000000002 6.25 18
518.75 7.5 15
525 6.25 15
518.75 6.25 15
531.25 7.5 18
537.5 6.25 18
537.5 7.5 15
531.25 6.25 18
531.25 7.5 15
537.5 6.25 15
531.25 6.25 15
543.75 7.5 18
550 6.25 18
550 7.5 15
543.75 6.25 18
543.75 7.5 15
550 6.25 15
543.75 6.25 15
556.25 7.5 18
562.5 6.25 18
562.5 7.5 15
556.25 6.25 18
556.25 7.5 15
562.5 6.25 15
556.25 6.25 15
568.7500000000002 7.5 18
575.0000000000005 6.25 18
575.0000000000002 7.5 15
568.7500000000002 6.25 18
568.7500000000001 7.5 15
575.0000000000002 6.25 15
568.75 6.25 15
581.2500000000003 7.5 18
587.5 6.25 18
587.5 7.5 15
581.2500000000002 6.25 18
581.25 7.5 15
587.5 6.25 15
581.25 6.25 15
593.75 7.5 18
599.9999999999999 6.25 18
599.9999999999999 7.5 15
593.75 6.25 18
593.75 7.5 15
599.9999999999999 6.25 15
593.75 6.25 15
606.25 7.5 18
612.5 6.25 18
612.5 7.5 15
606.25 6.25 18
606.25 7.5 15
612.5 6.25 15
606.25 6.25 15
618.75 7.5 18
625 6.25 18
625 7.5 15
618.75 6.25 18
618.75 7.5 15
625 6.25 15
618.75 6.25 15
631.2500000000002 7.5 18
637.5000000000005 6.25 18
637.5000000000002 7.5 15
631.2500000000002 6.25 18
631.2500000000001 7.5 15
637.5000000000002 6.25 15
631.25 6.25 15
643.7500000000002 7.5 18
650 6.25 18
650 7.5 15
643.7500000000002 6.25 18
643.7500000000001 7.5 15
650 6.25 15
643.75 6.25 15
656.2499999999999 7.5 18
662.4999999999998 6.25 18
662.4999999999998 7.5 15
656.2499999999998 6.25 18
656.25 7.5 15
662.4999999999998 6.25 15
656.2499999999998 6.25 15
668.7499999999997 7.5 18
674.9999999999998 6.25 18
674.9999999999998 7.5 15
668.7499999999998 6.25 18
668.7499999999998 7.5 15
674.9999999999999 6.25 15
668.7499999999998 6.25 15
681.2499999999998 7.5 18
687.5 6.25 18
687.5 7.5 15
681.2499999999999 6.25 18
681.2499999999999 7.5 15
687.5 6.25 15
681.25 6.25 15
693.7500000000002 7.5 18
700.0000000000005 6.25 18
700.0000000000005 7.5 15
693.7500000000002 6.25 18
693.7500000000002 7.5 15
700.0000000000005 6.25 15
693.7500000000002 6.25 15
706.2500000000002 7.5 18
712.5 6.25 18
712.5 7.5 15
706.2500000000002 6.25 18
706.2500000000002 7.5 15
712.5 6.25 15
706.2500000000002 6.25 15
718.7500000000001 7.5 18
725.0000000000002 6.25 18
725.0000000000002 7.5 15
718.75 6.25 18
718.7500000000002 7.5 15
725.0000000000002 6.25 15
718.7500000000002 6.25 15
731.25 7.5 18
737.4999999999999 6.25 18
737.4999999999999 7.5 15
731.2500000000002 6.25 18
731.25 7.5 15
737.4999999999999 6.25 15
731.2499999999998 6.25 15
743.7499999999999 7.5 18
750 6.25 18
750 7.5 15
743.7499999999999 6.25 18
743.7499999999999 7.5 15
750 6.25 15
743.75 6.25 15
756.2500000000002 7.5 18
762.5000000000005 6.25 18
762.5000000000005 7.5 15
756.2500000000002 6.25 18
756.2500000000002 7.5 15
762.5000000000005 6.25 15
756.2500000000002 6.25 15
768.7500000000002 7.5 18
775 6.25 18
775 7.5 15
768.7500000000002 6.25 18
768.7500000000002 7.5 15
775 6.25 15
768.7500000000002 6.25 15
781.2500000000001 7.5 18
787.5000000000002 6.25 18
787.5000000000002 7.5 15
781.25 6.25 18
781.2500000000002 7.5 15
787.5000000000002 6.25 15
781.2500000000002 6.25 15
793.75 7.5 18
799.9999999999999 6.25 18
799.9999999999999 7.5 15
793.7500000000002 6.25 18
793.75 7.5 15
799.9999999999999 6.25 15
793.7499999999998 6.25 15
806.2499999999999 7.5 18
812.5 6.25 18
812.5 7.5 15
806.2499999999999 6.25 18
806.2499999999999 7.5 15
812.5 6.25 15
806.25 6.25 15
818.7500000000002 7.5 18
825.0000000000005 6.25 18
825.0000000000005 7.5 15
818.7500000000002 6.25 18
818.7500000000002 7.5 15
825.0000000000003 6.25 15
818.7500000000005 6.25 15
831.2500000000002 7.5 18
837.5 6.25 18
837.5 7.5 15
831.2500000000002 6.25 18
831.2500000000002 7.5 15
837.5 6.25 15
831.2500000000002 6.25 15
843.7500000000001 7.5 18
850.0000000000002 6.25 18
850.0000000000002 7.5 15
843.75 6.25 18
843.7500000000002 7.5 15
850.0000000000002 6.25 15
843.7500000000002 6.25 15
856.25 7.5 18
862.4999999999999 6.25 18
862.4999999999998 7.5 15
856.2500000000002 6.25 18
856.25 7.5 15
862.4999999999998 6.25 15
856.2500000000002 6.25 15
868.7499999999999 7.5 18
875 6.25 18
875 7.5 15
868.7499999999999 6.25 18
868.7499999999998 7.5 15
875 6.25 15
868.7499999999999 6.25 15
881.2500000000002 7.5 18
887.5000000000005 6.25 18
887.5000000000005 7.5 15
881.2500000000002 6.25 18
881.2500000000002 7.5 15
887.5000000000003 6.25 15
881.2500000000002 6.25 15
893.7500000000002 7.5 18
900 6.25 18
900 7.5 15
893.7500000000002 6.25 18
893.7500000000002 7.5 15
900 6.25 15
893.7500000000002 6.25 15
906.2500000000001 7.5 18
912.5000000000002 6.25 18
912.5000000000002 7.5 15
906.25 6.25 18
906.2500000000002 7.5 15
912.5000000000002 6.25 15
906.2500000000002 6.25 15
918.75 7.5 18
925 6.25 18
924.9999999999999 7.5 15
918.7500000000001 6.25 18
918.75 7.5 15
925 6.25 15
918.7499999999998 6.25 15
931.25 7.5 18
937.5 6.25 18
937.5 7.5 15
931.25 6.25 18
931.25 7.5 15
937.5 6.25 15
931.25 6.25 15
943.7500000000002 7.5 18
950.0000000000005 6.25 18
950.0000000000005 7.5 15
943.7500000000002 6.25 18
943.7500000000002 7.5 15
950.0000000000003 6.25 15
943.7500000000002 6.25 15
956.2500000000002 7.5 18
962.5 6.25 18
962.5 7.5 15
956.2500000000002 6.25 18
956.2500000000002 7.5 15
962.5 6.25 15
956.2500000000002 6.25 15
968.7500000000001 7.5 18
975.0000000000002 6.25 18
975.0000000000002 7.5 15
968.75 6.25 18
968.7500000000002 7.5 15
975.0000000000002 6.25 15
968.7500000000002 6.25 15
981.25 7.5 18
987.5 6.25 18
987.4999999999999 7.5 15
981.2500000000001 6.25 18
981.25 7.5 15
987.5 6.25 15
981.2499999999998 6.25 15
993.75 7.5 18
993.75 6.25 18
993.75 7.5 15
993.75 6.25 15
12.5 8.75 18
6.249999999999998 8.75 18
12.5 8.75 15
6.25 8.75 15
24.99999999999999 8.75 18
18.74999999999999 8.75 18
25 8.75 15
18.74999999999999 8.75 15
37.5 8.75 18
31.25 8.75 18
37.5 8.75 15
31.25 8.75 15
49.99999999999999 8.75 18
43.74999999999999 8.75 18
50 8.75 15
43.75000000000001 8.75 15
62.5 8.75 18
56.25 8.75 18
62.5 8.75 15
56.25 8.75 15
75 8.75 18
68.75 8.75 18
75 8.75 15
68.75 8.75 15
87.50000000000004 8.75 18
81.25000000000003 8.75 18
87.50000000000006 8.75 15
81.25000000000003 8.75 15
99.99999999999997 8.75 18
93.75 8.75 18
100 8.75 15
93.75000000000003 8.75 15
112.5 8.75 18
106.25 8.75 18
112.5 8.75 15
106.25 8.75 15
125 8.75 18
118.75 8.75 18
125 8.75 15
118.75 8.75 15
137.5 8.75 18
131.25 8.75 18
137.5 8.75 15
131.25 8.75 15
150 8.75 18
143.75 8.75 18
150 8.75 15
143.75 8.75 15
162.5 8.75 18
156.25 8.75 18
162.5 8.75 15
156.25 8.75 15
175.0000000000001 8.75 18
168.75 8.75 18
175.0000000000001 8.75 15
168.75 8.75 15
187.5 8.75 18
181.25 8.75 18
187.5 8.75 15
181.25 8.75 15
199.9999999999999 8.75 18
193.7499999999999 8.75 18
200 8.75 15
193.7499999999999 8.75 15
212.5000000000001 8.75 18
206.25 8.75 18
212.5000000000001 8.75 15
206.2500000000001 8.75 15
225 8.75 18
218.75 8.75 18
225 8.75 15
218.7500000000001 8.75 15
237.5000000000001 8.75 18
231.25 8.75 18
237.5000000000001 8.75 15
231.25 8.75 15
250 8.75 18
243.75 8.75 18
250 8.75 15
243.75 8.75 15
262.5 8.75 18
256.25 8.75 18
262.5 8.75 15
256.25 8.75 15
275 8.75 18
268.75 8.75 18
275 8.75 15
268.75 8.75 15
287.5000000000002 8.75 18
281.2500000000001 8.75 18
287.5000000000001 8.75 15
281.25 8.75 15
300 8.75 18
293.7500000000001 8.75 18
300 8.75 15
293.7500000000001 8.75 15
312.5 8.75 18
306.25 8.75 18
312.5 8.75 15
306.25 8.75 15
325 8.75 18
318.75 8.75 18
325 8.75 15
318.75 8.75 15
337.4999999999999 8.75 18
331.2499999999999 8.75 18
337.4999999999999 8.75 15
331.2499999999999 8.75 15
350.0000000000002 8.75 18
343.75 8.75 18
350.0000000000002 8.75 15
343.75 8.75 15
362.5000000000001 8.75 18
356.2500000000002 8.75 18
362.5000000000001 8.75 15
356.2500000000003 8.75 15
375 8.75 18
368.75 8.75 18
375 8.75 15
368.7500000000001 8.75 15
387.5 8.75 18
381.25 8.75 18
387.5 8.75 15
381.25 8.75 15
399.9999999999999 8.75 18
393.7499999999999 8.75 18
400 8.75 15
393.7499999999999 8.75 15
412.5000000000002 8.75 18
406.2500000000001 8.75 18
412.5000000000002 8.75 15
406.25 8.75 15
425.0000000000001 8.75 18
418.7500000000002 8.75 18
425.0000000000001 8.75 15
418.7500000000002 8.75 15
437.5 8.75 18
431.25 8.75 18
437.5 8.75 15
431.2500000000001 8.75 15
450 8.75 18
443.75 8.75 18
450 8.75 15
443.75 8.75 15
462.4999999999999 8.75 18
456.25 8.75 18
462.5 8.75 15
456.25 8.75 15
475.0000000000002 8.75 18
468.7500000000001 8.75 18
475.0000000000002 8.75 15
468.7500000000002 8.75 15
487.5000000000001 8.75 18
481.2500000000002 8.75 18
487.5000000000001 8.75 15
481.2500000000002 8.75 15
500 8.75 18
493.75 8.75 18
500 8.75 15
493.7500000000001 8.75 15
512.5000000000005 8.75 18
506.2500000000002 8.75 18
512.5000000000002 8.75 15
506.2500000000001 8.75 15
525 8.75 18
518.7500000000002 8.75 18
525 8.75 15
518.75 8.75 15
537.5 8.75 18
531.25 8.75 18
537.5 8.75 15
531.25 8.75 15
550 8.75 18
543.75 8.75 18
550 8.75 15
543.75 8.75 15
562.5 8.75 18
556.25 8.75 18
562.5 8.75 15
556.25 8.75 15
575.0000000000005 8.75 18
568.7500000000002 8.75 18
575.0000000000002 8.75 15
568.75 8.75 15
587.5 8.75 18
581.2500000000002 8.75 18
587.5 8.75 15
581.25 8.75 15
600 8.75 18
593.75 8.75 18
600 8.75 15
593.75 8.75 15
612.5 8.75 18
606.25 8.75 18
612.5 8.75 15
606.25 8.75 15
625 8.75 18
618.75 8.75 18
625 8.75 15
618.75 8.75 15
637.5000000000003 8.75 18
631.2500000000001 8.75 18
637.5000000000002 8.75 15
631.25 8.75 15
650 8.75 18
643.7500000000001 8.75 18
650 8.75 15
643.75 8.75 15
662.5 8.75 18
656.25 8.75 18
662.5 8.75 15
656.25 8.75 15
674.9999999999998 8.75 18
668.7499999999998 8.75 18
674.9999999999999 8.75 15
668.75 8.75 15
687.5 8.75 18
681.2499999999999 8.75 18
687.5 8.75 15
681.25 8.75 15
700.0000000000003 8.75 18
693.7500000000001 8.75 18
700.0000000000005 8.75 15
693.75 8.75 15
712.5 8.75 18
706.2500000000001 8.75 18
712.5 8.75 15
706.25 8.75 15
725.0000000000002 8.75 18
718.7500000000002 8.75 18
725.0000000000002 8.75 15
718.7500000000005 8.75 15
737.4999999999998 8.75 18
731.25 8.75 18
737.5 8.75 15
731.25 8.75 15
750 8.75 18
743.75 8.75 18
750 8.75 15
743.75 8.75 15
762.5000000000003 8.75 18
756.2500000000001 8.75 18
762.5000000000005 8.75 15
756.25 8.75 15
775 8.75 18
768.7500000000001 8.75 18
775 8.75 15
768.75 8.75 15
787.5000000000002 8.75 18
781.2500000000002 8.75 18
787.5000000000002 8.75 15
781.2500000000005 8.75 15
799.9999999999998 8.75 18
793.75 8.75 18
800 8.75 15
793.75 8.75 15
812.5 8.75 18
806.25 8.75 18
812.5 8.75 15
806.25 8.75 15
825.0000000000003 8.75 18
818.7500000000001 8.75 18
825.0000000000005 8.75 15
818.75 8.75 15
837.5 8.75 18
831.2500000000001 8.75 18
837.5 8.75 15
831.25 8.75 15
850.0000000000002 8.75 18
843.7500000000002 8.75 18
850.0000000000002 8.75 15
843.7500000000005 8.75 15
862.4999999999998 8.75 18
856.25 8.75 18
862.4999999999999 8.75 15
856.25 8.75 15
875 8.75 18
868.75 8.75 18
875 8.75 15
868.7499999999999 8.75 15
887.5000000000003 8.75 18
881.2500000000001 8.75 18
887.5000000000005 8.75 15
881.25 8.75 15
900 8.75 18
893.7500000000001 8.75 18
900 8.75 15
893.75 8.75 15
912.5000000000002 8.75 18
906.2500000000002 8.75 18
912.5000000000002 8.75 15
906.2500000000005 8.75 15
924.9999999999999 8.75 18
918.75 8.75 18
925 8.75 15
918.75 8.75 15
937.5 8.75 18
931.25 8.75 18
937.5 8.75 15
931.25 8.75 15
950.0000000000003 8.75 18
943.7500000000001 8.75 18
950.0000000000005 8.75 15
943.75 8.75 15
962.5 8.75 18
956.2500000000001 8.75 18
962.5 8.75 15
956.25 8.75 15
975.0000000000002 8.75 18
968.7500000000002 8.75 18
975.0000000000002 8.75 15
968.7500000000005 8.75 15
987.4999999999999 8.75 18
981.25 8.75 18
987.5 8.75 15
981.25 8.75 15
993.75 8.75 18
993.75 8.75 15
12.5 2.5 20.99999999999999
6.249999999999998 2.5 21
12.5 1.25 21
6.25 1.25 20.99999999999999
24.99999999999999 2.5 21
18.74999999999999 2.5 21
24.99999999999999 1.25 21
18.75 1.25 21
37.5 2.5 21
31.24999999999999 2.5 21
37.5 1.25 21
31.25 1.25 21
49.99999999999999 2.5 21.00000000000001
43.74999999999999 2.5 21
49.99999999999999 1.25 21
43.74999999999999 1.25 21
62.5 2.5 21
56.24999999999999 2.5 21
62.5 1.25 21
56.24999999999999 1.25 21
75 2.5 20.99999999999999
68.75 2.5 21
75 1.25 21
68.75 1.25 20.99999999999999
87.50000000000004 2.5 21
81.25000000000003 2.5 21
87.50000000000003 1.25 21
81.25000000000004 1.25 21
99.99999999999997 2.5 21
93.75 2.5 21
99.99999999999997 1.25 21
93.75 1.25 21
112.5 2.5 21
106.25 2.5 21
112.5 1.25 21
106.25 1.25 21
125 2.5 21
118.75 2.5 21
125 1.25 21
118.75 1.25 21
137.5 2.5 20.99999999999999
131.25 2.5 21
137.5 1.25 21
131.25 1.25 20.99999999999999
150 2.5 21
143.75 2.5 21
150 1.25 21
143.75 1.25 21
162.5 2.5 21
156.25 2.5 21
162.5 1.25 21
156.25 1.25 21
175.0000000000001 2.5 21
168.75 2.5 21
175.0000000000001 1.25 21
168.75 1.25 21
187.5 2.5 21
181.2500000000001 2.5 21
187.5 1.25 21
181.2500000000001 1.25 21
199.9999999999999 2.5 20.99999999999999
193.7499999999999 2.5 21
199.9999999999999 1.25 21
193.7499999999999 1.25 20.99999999999999
212.5000000000001 2.5 21
206.25 2.5 21
212.5 1.25 21
206.25 1.25 21
225 2.5 21
218.7500000000001 2.5 21
225 1.25 21
218.75 1.25 21
237.5000000000001 2.5 21
231.25 2.5 21
237.5000000000001 1.25 21
231.2500000000001 1.25 21
250 2.5 21
243.7500000000001 2.5 21
250 1.25 21
243.7500000000001 1.25 21
262.5 2.5 20.99999999999999
256.25 2.5 21
262.5 1.25 21
256.25 1.25 20.99999999999999
275 2.5 21
268.75 2.5 21
275 1.25 21
268.75 1.25 21
287.5000000000002 2.5 21
281.2500000000001 2.5 21
287.5000000000002 1.25 21
281.25 1.25 20.99999999999999
300 2.5 21
293.7500000000001 2.5 21
300 1.25 21
293.7500000000001 1.25 21
312.5 2.5 21
306.25 2.5 21
312.5 1.25 21
306.25 1.25 21
325 2.5 20.99999999999999
318.75 2.5 21
325 1.25 21
318.75 1.25 20.99999999999999
337.4999999999999 2.5 21
331.2499999999999 2.5 21
337.4999999999999 1.25 21
331.2499999999999 1.25 21
350.0000000000002 2.5 20.99999999999999
343.75 2.5 21
350.0000000000001 1.25 21
343.7500000000001 1.25 20.99999999999999
362.5000000000001 2.5 21
356.2500000000001 2.5 21
362.5000000000001 1.25 21
356.25 1.25 21
375 2.5 21
368.7500000000001 2.5 21
375 1.25 21
368.7500000000001 1.25 21
387.5 2.5 21
381.25 2.5 21
387.5 1.25 21
381.25 1.25 21
399.9999999999999 2.5 21
393.7499999999999 2.5 21
399.9999999999999 1.25 21
393.7499999999998 1.25 21
412.5000000000002 2.5 21
406.2500000000001 2.5 21
412.5000000000001 1.25 21
406.2500000000001 1.25 20.99999999999999
425.0000000000001 2.5 21
418.7500000000001 2.5 21
425.0000000000001 1.25 21
418.75 1.25 21
437.5 2.5 21
431.2500000000001 2.5 21
437.5 1.25 21
431.2500000000001 1.25 21
450 2.5 21
443.75 2.5 21
450 1.25 20.99999999999999
443.75 1.25 20.99999999999999
462.4999999999999 2.5 21
456.25 2.5 21
462.4999999999999 1.25 21
456.25 1.25 20.99999999999999
475.0000000000002 2.5 21
468.7500000000001 2.5 21
475.0000000000001 1.25 21
468.7500000000001 1.25 20.99999999999999
487.5000000000001 2.5 21
481.2500000000001 2.5 21
487.5000000000001 1.25 21
481.25 1.25 21
500 2.5 21
493.7500000000001 2.5 21
500 1.25 21
493.7500000000001 1.25 21
512.5000000000005 2.5 21
506.2500000000002 2.5 21
512.5000000000003 1.25 21
506.2500000000002 1.25 21
525 2.5 21
518.7500000000002 2.5 21
525 1.25 21
518.7500000000003 1.25 21
537.5 2.5 21
531.25 2.5 21
537.5 1.25 21
531.25 1.25 21
550 2.5 21
543.75 2.5 21
550 1.25 21
543.75 1.25 21
562.5 2.5 21
556.25 2.5 21
562.5 1.25 21
556.25 1.25 21
575.0000000000005 2.5 21
568.7500000000002 2.5 21
575.0000000000003 1.25 21
568.75 1.25 21
587.5 2.5 21
581.2500000000002 2.5 21
587.5 1.25 21
581.2500000000003 1.25 21
600 2.5 21
593.75 2.5 21
600 1.25 21
593.75 1.25 21
612.5 2.5 21
606.25 2.5 21
612.5 1.25 21
606.25 1.25 21
625 2.5 21
618.75 2.5 21
625 1.25 21
618.75 1.25 21
637.5000000000005 2.5 21
631.2500000000002 2.5 21
637.5000000000003 1.25 21
631.25 1.25 21
650 2.5 21
643.7500000000002 2.5 21
650 1.25 21
643.7500000000003 1.25 21
662.5 2.5 21
656.25 2.5 21
662.5 1.25 21
656.25 1.25 21
674.9999999999998 2.5 21
668.7499999999999 2.5 21
674.9999999999999 1.25 21
668.7499999999998 1.25 21
687.5 2.5 21
681.2499999999999 2.5 21
687.5 1.25 21
681.2500000000001 1.25 21
700.0000000000003 2.5 21
693.7500000000001 2.5 21
700.0000000000002 1.25 21
693.7500000000005 1.25 21
712.5 2.5 21
706.2500000000002 2.5 21
712.5 1.25 21
706.2500000000005 1.25 21
725.0000000000002 2.5 21
718.7500000000002 2.5 21
725.0000000000001 1.25 21
718.7500000000002 1.25 21
737.4999999999998 2.5 21
731.25 2.5 21
737.4999999999998 1.25 21
731.2499999999999 1.25 21
750 2.5 21
743.7499999999998 2.5 21
750 1.25 21
743.7499999999999 1.25 21
762.5000000000003 2.5 21
756.2500000000001 2.5 21
762.5000000000002 1.25 21
756.2500000000005 1.25 21
775 2.5 21
768.7500000000002 2.5 21
775 1.25 21
768.7500000000005 1.25 21
787.5000000000002 2.5 21
781.2500000000002 2.5 21
787.5000000000001 1.25 21
781.2500000000002 1.25 21
799.9999999999998 2.5 21
793.75 2.5 21
799.9999999999998 1.25 21
793.7499999999999 1.25 21
812.5 2.5 21
806.2499999999998 2.5 21
812.5 1.25 21
806.2499999999999 1.25 21
825.0000000000003 2.5 21
818.7500000000001 2.5 21
825.0000000000002 1.25 21
818.7500000000005 1.25 21
837.5 2.5 21
831.2500000000002 2.5 21
837.5 1.25 21
831.2500000000005 1.25 21
850.0000000000002 2.5 21
843.7500000000002 2.5 21
850.0000000000001 1.25 21
843.7500000000002 1.25 21
862.4999999999998 2.5 21
856.25 2.5 21
862.4999999999998 1.25 21
856.2499999999999 1.25 21
875 2.5 21
868.7499999999998 2.5 21
875 1.25 21
868.7499999999999 1.25 21
887.5000000000003 2.5 21
881.2500000000001 2.5 21
887.5000000000002 1.25 21
881.2500000000005 1.25 21
900 2.5 21
893.7500000000002 2.5 21
900 1.25 20.99999999999999
893.7500000000005 1.25 20.99999999999999
912.5000000000002 2.5 21
906.2500000000002 2.5 21
912.5000000000001 1.25 21
906.2500000000002 1.25 20.99999999999999
924.9999999999999 2.5 21
918.75 2.5 21
924.9999999999999 1.25 21
918.75 1.25 21
937.5 2.5 21
931.25 2.5 21
937.5 1.25 21
931.25 1.25 21
950.0000000000003 2.5 21
943.7500000000001 2.5 21
950.0000000000002 1.25 21
943.7500000000005 1.25 21
962.5 2.5 21
956.2500000000002 2.5 21
962.5 1.25 20.99999999999999
956.2500000000005 1.25 20.99999999999999
975.0000000000002 2.5 21
968.7500000000002 2.5 21
975.0000000000001 1.25 21
968.7500000000002 1.25 20.99999999999999
987.4999999999999 2.5 21
981.25 2.5 21
987.4999999999999 1.25 21
981.25 1.25 21
993.75 2.5 21
993.75 1.25 21
12.5 5 21
6.25 5 21
12.5 3.75 21
6.249999999999996 3.75 20.99999999999999
25 5 21
18.75 5 21
24.99999999999999 3.75 21
18.75 3.75 21
37.5 5 21
31.25 5 21
37.5 3.75 21
31.25 3.75 21
50 5 21
43.75 5 21
49.99999999999999 3.75 21
43.75 3.75 21
62.5 5 21
56.25 5 21
62.5 3.75 21
56.24999999999999 3.75 21
75 5 21
68.75 5 21
75 3.75 21
68.75 3.75 20.99999999999999
87.50000000000003 5 21
81.25000000000001 5 21
87.50000000000003 3.75 21
81.25 3.75 21
100 5 21
93.75000000000001 5 21
99.99999999999997 3.75 21
93.75 3.75 21
112.5 5 21
106.25 5 21
112.5 3.75 21
106.25 3.75 21
125 5 21
118.75 5 21
125 3.75 21
118.75 3.75 21
137.5 5 21
131.25 5 21
137.5 3.75 21
131.25 3.75 20.99999999999999
150 5 21
143.75 5 21
150 3.75 21
143.75 3.75 21
162.5 5 21
156.25 5 21
162.5 3.75 21
156.25 3.75 21
175.0000000000001 5 21
168.75 5 21
175.0000000000001 3.75 21
168.75 3.75 21
187.5 5 21
181.25 5 21
187.5 3.75 21
181.2500000000001 3.75 21
200 5 21
193.75 5 21
199.9999999999999 3.75 21
193.7499999999999 3.75 20.99999999999999
212.5000000000001 5 21
206.25 5 21
212.5000000000001 3.75 21
206.2500000000001 3.75 21
225 5 21
218.75 5 21
225 3.75 21
218.7500000000001 3.75 21
237.5000000000001 5 21
231.25 5 21
237.5000000000001 3.75 21
231.2500000000001 3.75 21
250 5 21
243.75 5 21
250 3.75 21
243.7500000000001 3.75 21
262.5 5 21
256.25 5 21
262.5 3.75 21
256.25 3.75 20.99999999999999
275 5 21
268.75 5 21
275 3.75 21
268.75 3.75 21
287.5000000000001 5 21
281.2500000000001 5 21
287.5000000000002 3.75 20.99999999999999
281.2500000000001 3.75 20.99999999999999
300 5 21
293.7500000000001 5 21
300 3.75 21
293.7500000000001 3.75 20.99999999999999
312.5 5 21
306.25 5 21
312.5 3.75 21
306.25 3.75 21
325 5 21
318.75 5 21
325 3.75 21
318.75 3.75 20.99999999999999
337.5 5 21
331.25 5 21
337.4999999999999 3.75 21
331.2499999999999 3.75 21
350.0000000000001 5 21
343.7500000000001 5 21
350.0000000000001 3.75 21
343.7500000000001 3.75 21
362.5000000000001 5 21
356.2500000000001 5 21
362.5000000000001 3.75 21
356.2500000000001 3.75 20.99999999999999
375 5 21
368.7500000000001 5 21
375 3.75 21
368.7500000000001 3.75 21
387.5 5 21
381.25 5 21
387.5 3.75 21
381.25 3.75 21
400 5 21
393.75 5 21
399.9999999999999 3.75 21
393.7499999999999 3.75 21
412.5000000000001 5 21
406.2500000000001 5 21
412.5000000000001 3.75 20.99999999999999
406.2500000000002 3.75 20.99999999999999
425.0000000000001 5 21
418.7500000000001 5 21
425.0000000000001 3.75 21
418.7500000000001 3.75 20.99999999999999
437.5 5 21
431.2500000000001 5 21
437.5 3.75 21
431.2500000000001 3.75 21
450 5 21
443.75 5 21
450 3.75 21
443.75 3.75 20.99999999999999
462.5 5 21
456.25 5 21
462.5 3.75 21
456.25 3.75 21
475.0000000000001 5 21
468.7500000000001 5 21
475.0000000000001 3.75 20.99999999999999
468.7500000000002 3.75 20.99999999999999
487.5000000000001 5 21
481.2500000000001 5 21
487.5000000000001 3.75 21
481.2500000000001 3.75 20.99999999999999
500 5 21
493.7500000000001 5 21
500 3.75 21
493.7500000000001 3.75 21
512.5000000000002 5 21
506.2500000000001 5 21
512.5000000000003 3.75 21
506.2500000000001 3.75 21
525 5 21
518.7500000000001 5 21
525 3.75 21
518.7500000000002 3.75 21
537.5 5 21
531.25 5 21
537.5 3.75 21
531.25 3.75 21
550 5 21
543.75 5 21
550 3.75 21
543.75 3.75 21
562.5 5 21
556.25 5 21
562.5 3.75 21
556.25 3.75 21
575.0000000000002 5 21
568.7500000000001 5 21
575.0000000000003 3.75 21
568.7500000000002 3.75 21
587.5 5 21
581.2500000000001 5 21
587.5 3.75 21
581.2500000000002 3.75 21
600 5 21
593.75 5 21
600 3.75 21
593.75 3.75 21
612.5 5 21
606.25 5 21
612.5 3.75 21
606.25 3.75 21
625 5 21
618.75 5 21
625 3.75 21
618.75 3.75 21
637.5000000000002 5 21
631.2500000000001 5 21
637.5000000000003 3.75 21
631.2500000000005 3.75 21
650 5 21
643.7500000000001 5 21
650 3.75 21
643.7500000000002 3.75 21
662.5 5 21
656.25 5 21
662.5 3.75 21
656.25 3.75 21
675 5 21
668.75 5 21
674.9999999999999 3.75 21
668.7499999999998 3.75 21
687.5 5 21
681.25 5 21
687.5 3.75 21
681.2500000000001 3.75 21
700.0000000000002 5 21
693.7500000000001 5 21
700.0000000000002 3.75 21
693.7500000000003 3.75 21
712.5 5 21
706.2500000000001 5 21
712.5 3.75 21
706.2500000000005 3.75 21
725.0000000000002 5 21
718.7500000000001 5 21
725.0000000000002 3.75 21
718.7500000000005 3.75 21
737.5 5 21
731.2500000000001 5 21
737.4999999999998 3.75 21
731.25 3.75 21
750 5 21
743.75 5 21
750 3.75 21
743.7499999999998 3.75 21
762.5000000000002 5 21
756.2500000000001 5 21
762.5000000000002 3.75 21
756.2500000000003 3.75 21
775 5 21
768.7500000000001 5 21
775 3.75 21
768.7500000000005 3.75 21
787.5000000000002 5 21
781.2500000000001 5 21
787.5000000000002 3.75 21
781.2500000000005 3.75 21
800 5 21
793.7500000000001 5 21
799.9999999999998 3.75 21
793.75 3.75 21
812.5 5 21
806.25 5 21
812.5 3.75 21
806.2499999999998 3.75 21
825.0000000000002 5 21
818.7500000000001 5 21
825.0000000000002 3.75 21
818.7500000000003 3.75 21
837.5 5 21
831.2500000000001 5 21
837.5 3.75 21
831.2500000000005 3.75 21
850.0000000000002 5 21
843.7500000000001 5 21
850.0000000000002 3.75 21
843.7500000000005 3.75 21
862.5 5 21
856.2500000000001 5 21
862.4999999999998 3.75 21
856.25 3.75 21
875 5 21
868.75 5 21
875 3.75 21
868.7499999999998 3.75 21
887.5000000000002 5 21
881.2500000000001 5 21
887.5000000000002 3.75 21
881.2500000000003 3.75 21
900 5 21
893.7500000000001 5 21
900 3.75 21
893.7500000000005 3.75 20.99999999999999
912.5000000000002 5 21
906.2500000000001 5 21
912.5000000000002 3.75 21
906.2500000000005 3.75 21
925 5 21
918.7500000000001 5 21
925 3.75 21
918.7500000000001 3.75 21
937.5 5 21
931.25 5 21
937.5 3.75 21
931.25 3.75 21
950.0000000000002 5 21
943.7500000000001 5 21
950.0000000000002 3.75 21
943.7500000000003 3.75 21
962.5 5 21
956.2500000000001 5 21
962.5 3.75 21
956.2500000000005 3.75 20.99999999999999
975.0000000000002 5 21
968.7500000000001 5 21
975.0000000000002 3.75 21
968.7500000000005 3.75 21
987.5 5 21
981.2500000000001 5 21
987.5 3.75 21
981.2500000000001 3.75 21
993.75 5 21
993.75 3.75 21
12.5 7.499999999999999 21
6.249999999999998 7.5 21
12.5 6.25 21
6.249999999999998 6.25 21
24.99999999999999 7.5 21
18.74999999999999 7.5 21
24.99999999999999 6.25 21.00000000000001
18.75 6.25 21.00000000000001
37.5 7.5 21
31.24999999999999 7.5 21
37.5 6.25 20.99999999999999
31.25 6.25 21
49.99999999999999 7.500000000000001 21
43.74999999999999 7.5 21
49.99999999999999 6.25 21
43.74999999999999 6.25 21
62.5 7.5 21
56.24999999999999 7.5 21
62.5 6.25 21
56.24999999999999 6.25 21
75 7.499999999999999 21
68.75 7.5 21
75 6.25 21
68.75 6.25 21
87.50000000000004 7.5 21
81.25000000000003 7.5 21
87.50000000000003 6.25 21.00000000000001
81.25 6.25 21.00000000000001
99.99999999999997 7.5 21
93.75 7.5 21
99.99999999999997 6.25 20.99999999999999
93.75 6.25 21
112.5 7.500000000000002 21
106.25 7.500000000000002 21
112.5 6.250000000000002 21
106.25 6.250000000000002 21
125 7.5 21
118.75 7.500000000000002 21
125 6.25 21
118.75 6.250000000000002 21
137.5 7.499999999999998 21
131.25 7.499999999999998 21
137.5 6.249999999999998 21
131.25 6.249999999999998 21
150 7.5 21
143.75 7.499999999999998 21
150 6.25 21
143.75 6.249999999999998 21
162.5 7.5 21
156.25 7.5 21
162.5 6.25 21
156.25 6.25 21
175.0000000000001 7.500000000000002 21
168.7500000000001 7.500000000000002 21
175.0000000000001 6.250000000000002 21
168.75 6.250000000000002 21
187.5 7.5 21
181.2500000000001 7.500000000000002 21
187.5 6.25 21
181.2500000000001 6.250000000000002 21
199.9999999999999 7.499999999999998 21
193.7499999999999 7.499999999999998 21
199.9999999999999 6.249999999999998 21
193.7499999999999 6.249999999999998 21
212.5000000000001 7.5 21
206.25 7.499999999999998 21
212.5000000000001 6.25 21
206.2500000000001 6.249999999999998 21
225 7.5 21
218.7500000000001 7.5 21
225 6.25 21
218.7500000000001 6.25 21
237.5000000000001 7.500000000000002 21
231.25 7.500000000000002 21
237.5000000000001 6.250000000000002 21
231.2500000000001 6.250000000000002 21
250 7.5 21
243.7500000000001 7.500000000000002 21
250 6.25 21
243.7500000000001 6.250000000000002 21
262.5 7.499999999999998 21
256.25 7.499999999999998 21
262.5 6.249999999999998 21
256.25 6.249999999999998 21
275 7.5 21
268.75 7.499999999999998 21
275 6.25 21
268.75 6.249999999999998 21
287.5000000000002 7.500000000000002 21
281.2500000000001 7.500000000000002 21
287.5000000000002 6.250000000000002 20.99999999999999
281.25 6.250000000000002 20.99999999999999
300 7.500000000000002 21
293.7500000000001 7.500000000000002 21
300 6.250000000000002 21
293.75 6.250000000000003 20.99999999999999
312.5 7.5 21
306.25 7.500000000000002 21
312.5 6.25 21
306.25 6.250000000000002 21
325 7.499999999999998 21
318.75 7.499999999999998 21
325 6.249999999999998 21
318.75 6.249999999999998 21
337.4999999999999 7.5 21
331.25 7.499999999999998 21
337.4999999999999 6.25 21
331.2499999999999 6.249999999999998 21
350.0000000000002 7.500000000000002 21
343.75 7.500000000000002 21
350.0000000000001 6.250000000000002 20.99999999999999
343.7500000000001 6.250000000000002 20.99999999999999
362.5000000000001 7.5 21
356.2500000000001 7.500000000000002 21
362.5000000000001 6.25 21
356.25 6.250000000000002 20.99999999999999
375 7.5 21
368.7500000000001 7.5 21
375 6.25 21
368.7500000000001 6.25 21
387.5 7.5 21
381.25 7.5 21
387.5 6.25 21
381.25 6.25 21
399.9999999999999 7.5 21
393.7499999999999 7.5 21
399.9999999999999 6.25 21
393.7499999999999 6.25 21
412.5000000000002 7.500000000000002 21
406.2500000000001 7.500000000000002 21
412.5000000000001 6.250000000000002 20.99999999999999
406.2500000000002 6.250000000000002 20.99999999999999
425.0000000000001 7.5 21
418.7500000000001 7.500000000000002 21
425.0000000000001 6.25 21
418.75 6.250000000000002 20.99999999999999
437.5 7.5 21
431.2500000000001 7.5 21
437.5 6.25 21
431.2500000000001 6.25 21
450 7.5 21
443.75 7.5 21
450 6.25 21
443.75 6.25 21
462.4999999999999 7.5 21
456.25 7.5 21
462.5 6.25 21
456.25 6.25 21
475.0000000000002 7.500000000000001 21
468.7500000000001 7.5 21
475.0000000000001 6.25 20.99999999999999
468.7500000000002 6.25 20.99999999999999
487.5000000000001 7.5 21
481.2500000000001 7.5 21
487.5000000000001 6.25 21
481.25 6.25 20.99999999999999
500 7.5 21
493.7500000000001 7.5 21
500 6.25 21
493.7500000000001 6.25 21
512.5000000000005 7.5 21
506.2500000000002 7.5 21
512.5000000000003 6.25 21
506.2500000000002 6.25 21
525 7.5 21
518.7500000000002 7.5 21
525 6.25 21
518.7500000000002 6.25 21
537.5 7.5 21
531.25 7.5 21
537.5 6.25 21
531.25 6.25 21
550 7.5 21
543.75 7.5 21
550 6.25 21
543.75 6.25 21
562.5 7.5 21
556.25 7.5 21
562.5 6.25 21
556.25 6.25 21
575.0000000000005 7.5 21
568.7500000000002 7.5 21
575.0000000000003 6.25 21
568.7500000000001 6.25 21
587.5 7.5 21
581.2500000000002 7.5 21
587.5 6.25 21
581.2500000000002 6.25 21
600 7.5 21
593.75 7.5 21
600 6.25 21
593.75 6.25 21
612.5 7.5 21
606.25 7.5 21
612.5 6.25 21
606.25 6.25 21
625 7.5 21
618.75 7.5 21
625 6.25 21
618.75 6.25 21
637.5000000000003 7.5 21
631.2500000000001 7.5 21
637.5000000000002 6.25 21
631.25 6.25 21
650 7.5 21
643.7500000000002 7.5 21
650 6.25 21
643.7500000000002 6.25 21
662.5 7.5 21
656.25 7.5 21
662.5 6.25 21
656.2499999999999 6.25 21
674.9999999999998 7.5 21
668.75 7.5 21
674.9999999999999 6.25 21
668.75 6.25 21
687.5 7.5 21
681.2499999999999 7.5 21
687.5 6.25 21
681.2500000000001 6.25 21
700.0000000000003 7.5 21
693.7500000000001 7.5 21
700.0000000000002 6.25 21
693.7500000000005 6.25 21
712.5 7.5 21
706.2500000000002 7.5 21
712.5 6.25 21
706.2500000000005 6.25 21
725.0000000000002 7.5 21
718.7500000000002 7.5 21
725.0000000000002 6.25 21
718.7500000000002 6.25 21
737.4999999999998 7.5 21
731.25 7.5 21
737.4999999999998 6.25 21
731.25 6.25 21
750 7.5 21
743.7499999999998 7.5 21
750 6.25 21
743.7499999999998 6.25 21
762.5000000000003 7.5 21
756.2500000000001 7.5 21
762.5000000000002 6.25 21
756.2500000000005 6.25 21
775 7.5 21
768.7500000000002 7.5 21
775 6.25 21
768.7500000000005 6.25 21
787.5000000000002 7.5 21
781.2500000000002 7.5 21
787.5000000000002 6.25 21
781.2500000000002 6.25 21
799.9999999999998 7.5 21
793.75 7.5 21
799.9999999999998 6.25 21
793.75 6.25 21
812.5 7.5 21
806.2499999999998 7.5 21
812.5 6.25 21
806.2499999999998 6.25 21
825.0000000000003 7.5 21
818.7500000000001 7.5 21
825.0000000000002 6.25 21
818.7500000000005 6.25 21
837.5 7.5 21
831.2500000000002 7.5 21
837.5 6.25 21
831.2500000000005 6.25 21
850.0000000000002 7.5 21
843.7500000000002 7.5 21
850.0000000000002 6.25 21
843.7500000000002 6.25 21
862.4999999999998 7.5 21
856.25 7.5 21
862.4999999999998 6.25 21
856.25 6.25 21
875 7.5 21
868.7499999999998 7.5 21
875 6.25 21
868.7499999999998 6.25 21
887.5000000000003 7.5 21
881.2500000000001 7.5 21
887.5000000000002 6.25 21
881.2500000000005 6.25 21
900 7.5 21
893.7500000000002 7.5 21
900 6.25 21
893.7500000000005 6.25 21
912.5000000000002 7.5 21
906.2500000000002 7.5 21
912.5000000000002 6.25 21
906.2500000000002 6.25 21
924.9999999999999 7.499999999999999 21
918.75 7.5 21
925 6.25 21
918.7500000000001 6.25 21
937.5 7.5 21
931.25 7.5 21
937.5 6.25 21
931.25 6.25 21
950.0000000000003 7.5 21
943.7500000000001 7.5 21
950.0000000000002 6.25 21
943.7500000000005 6.25 21
962.5 7.5 21
956.2500000000002 7.5 21
962.5 6.25 21
956.2500000000005 6.25 21
975.0000000000002 7.5 21
968.7500000000002 7.5 21
975.0000000000002 6.25 21
968.7500000000002 6.25 21
987.4999999999999 7.499999999999999 21
981.25 7.5 21
987.5 6.25 21
981.2500000000001 6.25 21
993.75 7.5 21
993.75 6.25 21
12.5 8.75 21
6.25 8.75 21
24.99999999999999 8.75 21
18.75 8.75 21
37.50000000000001 8.75 21
31.25 8.75 21
49.99999999999999 8.75 21
43.74999999999999 8.75 21
62.5 8.75 21
56.24999999999999 8.75 21
75.00000000000001 8.75 21
68.75 8.75 21
87.50000000000004 8.75 21
81.25000000000004 8.75 21
99.99999999999997 8.75 21
93.74999999999999 8.75 21
112.5 8.75 21
106.25 8.75 21
125 8.75 21
118.75 8.75 21
137.5 8.75 21
131.25 8.75 21
150 8.75 21
143.75 8.75 21
162.5 8.75 21
156.25 8.75 21
175.0000000000001 8.75 21
168.7500000000001 8.75 21
187.5 8.75 21
181.2500000000001 8.75 21
199.9999999999999 8.75 21
193.7499999999999 8.75 21
212.5000000000001 8.75 21
206.25 8.75 21
225 8.75 21
218.75 8.75 21
237.5000000000001 8.75 21
231.2500000000001 8.75 21
250 8.75 21
243.7500000000001 8.75 21
262.5 8.75 21
256.25 8.75 21
275 8.75 21
268.75 8.75 21
287.5000000000002 8.75 21
281.2500000000002 8.75 20.99999999999999
300.0000000000001 8.75 21
293.7500000000001 8.75 21
312.5 8.75 21
306.25 8.75 21
325 8.75 21
318.75 8.75 21
337.4999999999999 8.75 21
331.2499999999999 8.75 21
350.0000000000002 8.75 21
343.7500000000001 8.75 20.99999999999999
362.5000000000001 8.75 21
356.2500000000002 8.75 21
375 8.75 21
368.7500000000001 8.75 21
387.5 8.75 21
381.25 8.75 21
399.9999999999999 8.75 21
393.7499999999998 8.75 21
412.5000000000002 8.75 21
406.2500000000002 8.75 20.99999999999999
425.0000000000001 8.75 21
418.7500000000002 8.75 21
437.5 8.75 21
431.2500000000001 8.75 21
450 8.75 21
443.75 8.75 21
462.4999999999999 8.75 21
456.25 8.75 21
475.0000000000002 8.75 21
468.7500000000002 8.75 20.99999999999999
487.5000000000001 8.75 21
481.2500000000002 8.75 21
500 8.75 21
493.7500000000001 8.75 21
512.5000000000005 8.75 21
506.2500000000003 8.75 21
525 8.75 21
518.75 8.75 21
537.5 8.75 21
531.25 8.75 21
550 8.75 21
543.75 8.75 21
562.5 8.75 21
556.25 8.75 21
575.0000000000005 8.75 21
568.7500000000003 8.75 21
587.5 8.75 21
581.25 8.75 21
600.0000000000001 8.75 21
593.75 8.75 21
612.5 8.75 21
606.25 8.75 21
625 8.75 21
618.75 8.75 21
637.5000000000003 8.75 21
631.2500000000002 8.75 21
650 8.75 21
643.7500000000002 8.75 21
662.5000000000001 8.75 21
656.25 8.75 21
674.9999999999999 8.75 21
668.75 8.75 21
687.5 8.75 21
681.2500000000001 8.75 21
700.0000000000003 8.75 21
693.7500000000005 8.75 21
712.5 8.75 21
706.2500000000002 8.75 21
725.0000000000002 8.75 21
718.7500000000003 8.75 21
737.4999999999998 8.75 21
731.2499999999999 8.75 21
750 8.75 21
743.7499999999999 8.75 21
762.5000000000003 8.75 21
756.2500000000005 8.75 21
775 8.75 21
768.7500000000002 8.75 21
787.5000000000002 8.75 21
781.2500000000003 8.75 21
799.9999999999998 8.75 21
793.7499999999999 8.75 21
812.5 8.75 21
806.2499999999999 8.75 21
825.0000000000003 8.75 21
818.7500000000005 8.75 21
837.5 8.75 21
831.2500000000002 8.75 21
850.0000000000002 8.75 21
843.7500000000003 8.75 21
862.4999999999998 8.75 21
856.2499999999999 8.75 21
875 8.75 21
868.7499999999999 8.75 21
887.5000000000003 8.75 21
881.2500000000005 8.75 21
900 8.75 21
893.7500000000002 8.75 21
912.5000000000002 8.75 21
906.2500000000003 8.75 21
924.9999999999999 8.75 21
918.75 8.75 21
937.5 8.75 21
931.25 8.75 21
950.0000000000003 8.75 21
943.7500000000005 8.75 21
962.5 8.75 21
956.2500000000002 8.75 21
975.0000000000002 8.75 21
968.7500000000003 8.75 21
987.4999999999999 8.75 21
981.25 8.75 21
993.75 8.75 21
$EndNodes
$Elements
7 2592 1 2592
2 1 10 16
1 2 9 701 30 12 710 711 33 712 
2 30 701 702 31 711 713 714 34 715 
3 31 702 703 32 714 716 717 35 718 
4 32 703 23 4 717 719 26 36 720 
5 9 10 704 701 13 721 722 710 723 
6 701 704 705 702 722 724 725 713 726 
7 702 705 706 703 725 727 728 716 729 
8 703 706 24 23 728 730 27 719 731 
9 10 11 707 704 14 732 733 721 734 
10 704 707 708 705 733 735 736 724 737 
11 705 708 709 706 736 738 739 727 740 
12 706 709 25 24 739 741 28 730 742 
13 11 1 16 707 15 19 743 732 744 
14 707 16 17 708 743 20 745 735 746 
15 708 17 18 709 745 21 747 738 748 
16 709 18 3 25 747 22 29 741 749 
2 2 10 16
17 6 58 750 37 61 759 760 40 761 
18 58 59 751 750 62 762 763 759 764 
19 59 60 752 751 63 765 766 762 767 
20 60 8 51 752 64 54 768 765 769 
21 37 750 753 38 760 770 771 41 772 
22 750 751 754 753 763 773 774 770 775 
23 751 752 755 754 766 776 777 773 778 
24 752 51 52 755 768 55 779 776 780 
25 38 753 756 39 771 781 782 42 783 
26 753 754 757 756 774 784 785 781 786 
27 754 755 758 757 777 787 788 784 789 
28 755 52 53 758 779 56 790 787 791 
29 39 756 44 5 782 792 47 43 793 
30 756 757 45 44 785 794 48 792 795 
31 757 758 46 45 788 796 49 794 797 
32 758 53 7 46 790 57 50 796 798 
2 3 10 320
33 2 65 799 9 144 1036 1037 12 1038 
34 9 799 800 10 1037 1039 1040 13 1041 
35 10 800 801 11 1040 1042 1043 14 1044 
36 11 801 224 1 1043 1045 303 15 1046 
37 65 66 802 799 145 1047 1048 1036 1049 
38 799 802 803 800 1048 1050 1051 1039 1052 
39 800 803 804 801 1051 1053 1054 1042 1055 
40 801 804 225 224 1054 1056 304 1045 1057 
41 66 67 805 802 146 1058 1059 1047 1060 
42 802 805 806 803 1059 1061 1062 1050 1063 
43 803 806 807 804 1062 1064 1065 1053 1066 
44 804 807 226 225 1065 1067 305 1056 1068 
45 67 68 808 805 147 1069 1070 1058 1071 
46 805 808 809 806 1070 1072 1073 1061 1074 
47 806 809 810 807 1073 1075 1076 1064 1077 
48 807 810 227 226 1076 1078 306 1067 1079 
49 68 69 811 808 148 1080 1081 1069 1082 
50 808 811 812 809 1081 1083 1084 1072 1085 
51 809 812 813 810 1084 1086 1087 1075 1088 
52 810 813 228 227 1087 1089 307 1078 1090 
53 69 70 814 811 149 1091 1092 1080 1093 
54 811 814 815 812 1092 1094 1095 1083 1096 
55 812 815 816 813 1095 1097 1098 1086 1099 
56 813 816 229 228 1098 1100 308 1089 1101 
57 70 71 817 814 150 1102 1103 1091 1104 
58 814 817 818 815 1103 1105 1106 1094 1107 
59 815 818 819 816 1106 1108 1109 1097 1110 
60 816 819 230 229 1109 1111 309 1100 1112 
61 71 72 820 817 151 1113 1114 1102 1115 
62 817 820 821 818 1114 1116 1117 1105 1118 
63 818 821 822 819 1117 1119 1120 1108 1121 
64 819 822 231 230 1120 1122 310 1111 1123 
65 72 73 823 820 152 1124 1125 1113 1126 
66 820 823 824 821 1125 1127 1128 1116 1129 
67 821 824 825 822 1128 1130 1131 1119 1132 
68 822 825 232 231 1131 1133 311 1122 1134 
69 73 74 826 823 153 1135 1136 1124 1137 
70 823 826 827 824 1136 1138 1139 1127 1140 
71 824 827 828 825 1139 1141 1142 1130 1143 
72 825 828 233 232 1142 1144 312 1133 1145 
73 74 75 829 826 154 1146 1147 1135 1148 
74 826 829 830 827 1147 1149 1150 1138 1151 
75 827 830 831 828 1150 1152 1153 1141 1154 
76 828 831 234 233 1153 1155 313 1144 1156 
77 75 76 832 829 155 1157 1158 1146 1159 
78 829 832 833 830 1158 1160 1161 1149 1162 
79 830 833 834 831 1161 1163 1164 1152 1165 
80 831 834 235 234 1164 1166 314 1155 1167 
81 76 77 835 832 156 1168 1169 1157 1170 
82 832 835 836 833 1169 1171 1172 1160 1173 
83 833 836 837 834 1172 1174 1175 1163 1176 
84 834 837 236 235 1175 1177 315 1166 1178 
85 77 78 838 835 157 1179 1180 1168 1181 
86 835 838 839 836 1180 1182 1183 1171 1184 
87 836 839 840 837 1183 1185 1186 1174 1187 
88 837 840 237 236 1186 1188 316 1177 1189 
89 78 79 841 838 158 1190 1191 1179 1192 
90 838 841 842 839 1191 1193 1194 1182 1195 
91 839 842 843 840 1194 1196 1197 1185 1198 
92 840 843 238 237 1197 1199 317 1188 1200 
93 79 80 844 841 159 1201 1202 1190 1203 
94 841 844 845 842 1202 1204 1205 1193 1206 
95 842 845 846 843 1205 1207 1208 1196 1209 
96 843 846 239 238 1208 1210 318 1199 1211 
97 80 81 847 844 160 1212 1213 1201 1214 
98 844 847 848 845 1213 1215 1216 1204 1217 
99 845 848 849 846 1216 1218 1219 1207 1220 
100 846 849 240 239 1219 1221 319 1210 1222 
101 81 82 850 847 161 1223 1224 1212 1225 
102 847 850 851 848 1224 1226 1227 1215 1228 
103 848 851 852 849 1227 1229 1230 1218 1231 
104 849 852 241 240 1230 1232 320 1221 1233 
105 82 83 853 850 162 1234 1235 1223 1236 
106 850 853 854 851 1235 1237 1238 1226 1239 
107 851 854 855 852 1238 1240 1241 1229 1242 
108 852 855 242 241 1241 1243 321 1232 1244 
109 83 84 856 853 163 1245 1246 1234 1247 
110 853 856 857 854 1246 1248 1249 1237 1250 
111 854 857 858 855 1249 1251 1252 1240 1253 
112 855 858 243 242 1252 1254 322 1243 1255 
113 84 85 859 856 164 1256 1257 1245 1258 
114 856 859 860 857 1257 1259 1260 1248 1261 
115 857 860 861 858 1260 1262 1263 1251 1264 
116 858 861 244 243 1263 1265 323 1254 1266 
117 85 86 862 859 165 1267 1268 1256 1269 
118 859 862 863 860 1268 1270 1271 1259 1272 
119 860 863 864 861 1271 1273 1274 1262 1275 
120 861 864 245 244 1274 1276 324 1265 1277 
121 86 87 865 862 166 1278 1279 1267 1280 
122 862 865 866 863 1279 1281 1282 1270 1283 
123 863 866 867 864 1282 1284 1285 1273 1286 
124 864 867 246 245 1285 1287 325 1276 1288 
125 87 88 868 865 167 1289 1290 1278 1291 
126 865 868 869 866 1290 1292 1293 1281 1294 
127 866 869 870 867 1293 1295 1296 1284 1297 
128 867 870 247 246 1296 1298 326 1287 1299 
129 88 89 871 868 168 1300 1301 1289 1302 
130 868 871 872 869 1301 1303 1304 1292 1305 
131 869 872 873 870 1304 1306 1307 1295 1308 
132 870 873 248 247 1307 1309 327 1298 1310 
133 89 90 874 871 169 1311 1312 1300 1313 
134 871 874 875 872 1312 1314 1315 1303 1316 
135 872 875 876 873 1315 1317 1318 1306 1319 
136 873 876 249 248 1318 1320 328 1309 1321 
137 90 91 877 874 170 1322 1323 1311 1324 
138 874 877 878 875 1323 1325 1326 1314 1327 
139 875 878 879 876 1326 1328 1329 1317 1330 
140 876 879 250 249 1329 1331 329 1320 1332 
141 91 92 880 877 171 1333 1334 1322 1335 
142 877 880 881 878 1334 1336 1337 1325 1338 
143 878 881 882 879 1337 1339 1340 1328 1341 
144 879 882 251 250 1340 1342 330 1331 1343 
145 92 93 883 880 172 1344 1345 1333 1346 
146 880 883 884 881 1345 1347 1348 1336 1349 
147 881 884 885 882 1348 1350 1351 1339 1352 
148 882 885 252 251 1351 1353 331 1342 1354 
149 93 94 886 883 173 1355 1356 1344 1357 
150 883 886 887 884 1356 1358 1359 1347 1360 
151 884 887 888 885 1359 1361 1362 1350 1363 
152 885 888 253 252 1362 1364 332 1353 1365 
153 94 95 889 886 174 1366 1367 1355 1368 
154 886 889 890 887 1367 1369 1370 1358 1371 
155 887 890 891 888 1370 1372 1373 1361 1374 
156 888 891 254 253 1373 1375 333 1364 1376 
157 95 96 892 889 175 1377 1378 1366 1379 
158 889 892 893 890 1378 1380 1381 1369 1382 
159 890 893 894 891 1381 1383 1384 1372 1385 
160 891 894 255 254 1384 1386 334 1375 1387 
161 96 97 895 892 176 1388 1389 1377 1390 
162 892 895 896 893 1389 1391 1392 1380 1393 
163 893 896 897 894 1392 1394 1395 1383 1396 
164 894 897 256 255 1395 1397 335 1386 1398 
165 97 98 898 895 177 1399 1400 1388 1401 
166 895 898 899 896 1400 1402 1403 1391 1404 
167 896 899 900 897 1403 1405 1406 1394 1407 
168 897 900 257 256 1406 1408 336 1397 1409 
169 98 99 901 898 178 1410 1411 1399 1412 
170 898 901 902 899 1411 1413 1414 1402 1415 
171 899 902 903 900 1414 1416 1417 1405 1418 
172 900 903 258 257 1417 1419 337 1408 1420 
173 99 100 904 901 179 1421 1422 1410 1423 
174 901 904 905 902 1422 1424 1425 1413 1426 
175 902 905 906 903 1425 1427 1428 1416 1429 
176 903 906 259 258 1428 1430 338 1419 1431 
177 100 101 907 904 180 1432 1433 1421 1434 
178 904 907 908 905 1433 1435 1436 1424 1437 
179 905 908 909 906 1436 1438 1439 1427 1440 
180 906 909 260 259 1439 1441 339 1430 1442 
181 101 102 910 907 181 1443 1444 1432 1445 
182 907 910 911 908 1444 1446 1447 1435 1448 
183 908 911 912 909 1447 1449 1450 1438 1451 
184 909 912 261 260 1450 1452 340 1441 1453 
185 102 103 913 910 182 1454 1455 1443 1456 
186 910 913 914 911 1455 1457 1458 1446 1459 
187 911 914 915 912 1458 1460 1461 1449 1462 
188 912 915 262 261 1461 1463 341 1452 1464 
189 103 104 916 913 183 1465 1466 1454 1467 
190 913 916 917 914 1466 1468 1469 1457 1470 
191 914 917 918 915 1469 1471 1472 1460 1473 
192 915 918 263 262 1472 1474 342 1463 1475 
193 104 105 919 916 184 1476 1477 1465 1478 
194 916 919 920 917 1477 1479 1480 1468 1481 
195 917 920 921 918 1480 1482 1483 1471 1484 
196 918 921 264 263 1483 1485 343 1474 1486 
197 105 106 922 919 185 1487 1488 1476 1489 
198 919 922 923 920 1488 1490 1491 1479 1492 
199 920 923 924 921 1491 1493 1494 1482 1495 
200 921 924 265 264 1494 1496 344 1485 1497 
201 106 107 925 922 186 1498 1499 1487 1500 
202 922 925 926 923 1499 1501 1502 1490 1503 
203 923 926 927 924 1502 1504 1505 1493 1506 
204 924 927 266 265 1505 1507 345 1496 1508 
205 107 108 928 925 187 1509 1510 1498 1511 
206 925 928 929 926 1510 1512 1513 1501 1514 
207 926 929 930 927 1513 1515 1516 1504 1517 
208 927 930 267 266 1516 1518 346 1507 1519 
209 108 109 931 928 188 1520 1521 1509 1522 
210 928 931 932 929 1521 1523 1524 1512 1525 
211 929 932 933 930 1524 1526 1527 1515 1528 
212 930 933 268 267 1527 1529 347 1518 1530 
213 109 110 934 931 189 1531 1532 1520 1533 
214 931 934 935 932 1532 1534 1535 1523 1536 
215 932 935 936 933 1535 1537 1538 1526 1539 
216 933 936 269 268 1538 1540 348 1529 1541 
217 110 111 937 934 190 1542 1543 1531 1544 
218 934 937 938 935 1543 1545 1546 1534 1547 
219 935 938 939 936 1546 1548 1549 1537 1550 
220 936 939 270 269 1549 1551 349 1540 1552 
221 111 112 940 937 191 1553 1554 1542 1555 
222 937 940 941 938 1554 1556 1557 1545 1558 
223 938 941 942 939 1557 1559 1560 1548 1561 
224 939 942 271 270 1560 1562 350 1551 1563 
225 112 113 943 940 192 1564 1565 1553 1566 
226 940 943 944 941 1565 1567 1568 1556 1569 
227 941 944 945 942 1568 1570 1571 1559 1572 
228 942 945 272 271 1571 1573 351 1562 1574 
229 113 114 946 943 193 1575 1576 1564 1577 
230 943 946 947 944 1576 1578 1579 1567 1580 
231 944 947 948 945 1579 1581 1582 1570 1583 
232 945 948 273 272 1582 1584 352 1573 1585 
233 114 115 949 946 194 1586 1587 1575 1588 
234 946 949 950 947 1587 1589 1590 1578 1591 
235 947 950 951 948 1590 1592 1593 1581 1594 
236 948 951 274 273 1593 1595 353 1584 1596 
237 115 116 952 949 195 1597 1598 1586 1599 
238 949 952 953 950 1598 1600 1601 1589 1602 
239 950 953 954 951 1601 1603 1604 1592 1605 
240 951 954 275 274 1604 1606 354 1595 1607 
241 116 117 955 952 196 1608 1609 1597 1610 
242 952 955 956 953 1609 1611 1612 1600 1613 
243 953 956 957 954 1612 1614 1615 1603 1616 
244 954 957 276 275 1615 1617 355 1606 1618 
245 117 118 958 955 197 1619 1620 1608 1621 
246 955 958 959 956 1620 1622 1623 1611 1624 
247 956 959 960 957 1623 1625 1626 1614 1627 
248 957 960 277 276 1626 1628 356 1617 1629 
249 118 119 961 958 198 1630 1631 1619 1632 
250 958 961 962 959 1631 1633 1634 1622 1635 
251 959 962 963 960 1634 1636 1637 1625 1638 
252 960 963 278 277 1637 1639 357 1628 1640 
253 119 120 964 961 199 1641 1642 1630 1643 
254 961 964 965 962 1642 1644 1645 1633 1646 
255 962 965 966 963 1645 1647 1648 1636 1649 
256 963 966 279 278 1648 1650 358 1639 1651 
257 120 121 967 964 200 1652 1653 1641 1654 
258 964 967 968 965 1653 1655 1656 1644 1657 
259 965 968 969 966 1656 1658 1659 1647 1660 
260 966 969 280 279 1659 1661 359 1650 1662 
261 121 122 970 967 201 1663 1664 1652 1665 
262 967 970 971 968 1664 1666 1667 1655 1668 
263 968 971 972 969 1667 1669 1670 1658 1671 
264 969 972 281 280 1670 1672 360 1661 1673 
265 122 123 973 970 202 1674 1675 1663 1676 
266 970 973 974 971 1675 1677 1678 1666 1679 
267 971 974 975 972 1678 1680 1681 1669 1682 
268 972 975 282 281 1681 1683 361 1672 1684 
269 123 124 976 973 203 1685 1686 1674 1687 
270 973 976 977 974 1686 1688 1689 1677 1690 
271 974 977 978 975 1689 1691 1692 1680 1693 
272 975 978 283 282 1692 1694 362 1683 1695 
273 124 125 979 976 204 1696 1697 1685 1698 
274 976 979 980 977 1697 1699 1700 1688 1701 
275 977 980 981 978 1700 1702 1703 1691 1704 
276 978 981 284 283 1703 1705 363 1694 1706 
277 125 126 982 979 205 1707 1708 1696 1709 
278 979 982 983 980 1708 1710 1711 1699 1712 
279 980 983 984 981 1711 1713 1714 1702 1715 
280 981 984 285 284 1714 1716 364 1705 1717 
281 126 127 985 982 206 1718 1719 1707 1720 
282 982 985 986 983 1719 1721 1722 1710 1723 
283 983 986 987 984 1722 1724 1725 1713 1726 
284 984 987 286 285 1725 1727 365 1716 1728 
285 127 128 988 985 207 1729 1730 1718 1731 
286 985 988 989 986 1730 1732 1733 1721 1734 
287 986 989 990 987 1733 1735 1736 1724 1737 
288 987 990 287 286 1736 1738 366 1727 1739 
289 128 129 991 988 208 1740 1741 1729 1742 
290 988 991 992 989 1741 1743 1744 1732 1745 
291 989 992 993 990 1744 1746 1747 1735 1748 
292 990 993 288 287 1747 1749 367 1738 1750 
293 129 130 994 991 209 1751 1752 1740 1753 
294 991 994 995 992 1752 1754 1755 1743 1756 
295 992 995 996 993 1755 1757 1758 1746 1759 
296 993 996 289 288 1758 1760 368 1749 1761 
297 130 131 997 994 210 1762 1763 1751 1764 
298 994 997 998 995 1763 1765 1766 1754 1767 
299 995 998 999 996 1766 1768 1769 1757 1770 
300 996 999 290 289 1769 1771 369 1760 1772 
301 131 132 1000 997 211 1773 1774 1762 1775 
302 997 1000 1001 998 1774 1776 1777 1765 1778 
303 998 1001 1002 999 1777 1779 1780 1768 1781 
304 999 1002 291 290 1780 1782 370 1771 1783 
305 132 133 1003 1000 212 1784 1785 1773 1786 
306 1000 1003 1004 1001 1785 1787 1788 1776 1789 
307 1001 1004 1005 1002 1788 1790 1791 1779 1792 
308 1002 1005 292 291 1791 1793 371 1782 1794 
309 133 134 1006 1003 213 1795 1796 1784 1797 
310 1003 1006 1007 1004 1796 1798 1799 1787 1800 
311 1004 1007 1008 1005 1799 1801 1802 1790 1803 
312 1005 1008 293 292 1802 1804 372 1793 1805 
313 134 135 1009 1006 214 1806 1807 1795 1808 
314 1006 1009 1010 1007 1807 1809 1810 1798 1811 
315 1007 1010 1011 1008 1810 1812 1813 1801 1814 
316 1008 1011 294 293 1813 1815 373 1804 1816 
317 135 136 1012 1009 215 1817 1818 1806 1819 
318 1009 1012 1013 1010 1818 1820 1821 1809 1822 
319 1010 1013 1014 1011 1821 1823 1824 1812 1825 
320 1011 1014 295 294 1824 1826 374 1815 1827 
321 136 137 1015 1012 216 1828 1829 1817 1830 
322 1012 1015 1016 1013 1829 1831 1832 1820 1833 
323 1013 1016 1017 1014 1832 1834 1835 1823 1836 
324 1014 1017 296 295 1835 1837 375 1826 1838 
325 137 138 1018 1015 217 1839 1840 1828 1841 
326 1015 1018 1019 1016 1840 1842 1843 1831 1844 
327 1016 1019 1020 1017 1843 1845 1846 1834 1847 
328 1017 1020 297 296 1846 1848 376 1837 1849 
329 138 139 1021 1018 218 1850 1851 1839 1852 
330 1018 1021 1022 1019 1851 1853 1854 1842 1855 
331 1019 1022 1023 1020 1854 1856 1857 1845 1858 
332 1020 1023 298 297 1857 1859 377 1848 1860 
333 139 140 1024 1021 219 1861 1862 1850 1863 
334 1021 1024 1025 1022 1862 1864 1865 1853 1866 
335 1022 1025 1026 1023 1865 1867 1868 1856 1869 
336 1023 1026 299 298 1868 1870 378 1859 1871 
337 140 141 1027 1024 220 1872 1873 1861 1874 
338 1024 1027 1028 1025 1873 1875 1876 1864 1877 
339 1025 1028 1029 1026 1876 1878 1879 1867 1880 
340 1026 1029 300 299 1879 1881 379 1870 1882 
341 141 142 1030 1027 221 1883 1884 1872 1885 
342 1027 1030 1031 1028 1884 1886 1887 1875 1888 
343 1028 1031 1032 1029 1887 1889 1890 1878 1891 
344 1029 1032 301 300 1890 1892 380 1881 1893 
345 142 143 1033 1030 222 1894 1895 1883 1896 
346 1030 1033 1034 1031 1895 1897 1898 1886 1899 
347 1031 1034 1035 1032 1898 1900 1901 1889 1902 
348 1032 1035 302 301 1901 1903 381 1892 1904 
349 143 6 37 1033 223 40 1905 1894 1906 
350 1033 37 38 1034 1905 41 1907 1897 1908 
351 1034 38 39 1035 1907 42 1909 1900 1910 
352 1035 39 5 302 1909 43 382 1903 1911 
2 4 10 320
353 4 23 1912 383 26 2149 2150 462 2151 
354 23 24 1913 1912 27 2152 2153 2149 2154 
355 24 25 1914 1913 28 2155 2156 2152 2157 
356 25 3 542 1914 29 621 2158 2155 2159 
357 383 1912 1915 384 2150 2160 2161 463 2162 
358 1912 1913 1916 1915 2153 2163 2164 2160 2165 
359 1913 1914 1917 1916 2156 2166 2167 2163 2168 
360 1914 542 543 1917 2158 622 2169 2166 2170 
361 384 1915 1918 385 2161 2171 2172 464 2173 
362 1915 1916 1919 1918 2164 2174 2175 2171 2176 
363 1916 1917 1920 1919 2167 2177 2178 2174 2179 
364 1917 543 544 1920 2169 623 2180 2177 2181 
365 385 1918 1921 386 2172 2182 2183 465 2184 
366 1918 1919 1922 1921 2175 2185 2186 2182 2187 
367 1919 1920 1923 1922 2178 2188 2189 2185 2190 
368 1920 544 545 1923 2180 624 2191 2188 2192 
369 386 1921 1924 387 2183 2193 2194 466 2195 
370 1921 1922 1925 1924 2186 2196 2197 2193 2198 
371 1922 1923 1926 1925 2189 2199 2200 2196 2201 
372 1923 545 546 1926 2191 625 2202 2199 2203 
373 387 1924 1927 388 2194 2204 2205 467 2206 
374 1924 1925 1928 1927 2197 2207 2208 2204 2209 
375 1925 1926 1929 1928 2200 2210 2211 2207 2212 
376 1926 546 547 1929 2202 626 2213 2210 2214 
377 388 1927 1930 389 2205 2215 2216 468 2217 
378 1927 1928 1931 1930 2208 2218 2219 2215 2220 
379 1928 1929 1932 1931 2211 2221 2222 2218 2223 
380 1929 547 548 1932 2213 627 2224 2221 2225 
381 389 1930 1933 390 2216 2226 2227 469 2228 
382 1930 1931 1934 1933 2219 2229 2230 2226 2231 
383 1931 1932 1935 1934 2222 2232 2233 2229 2234 
384 1932 548 549 1935 2224 628 2235 2232 2236 
385 390 1933 1936 391 2227 2237 2238 470 2239 
386 1933 1934 1937 1936 2230 2240 2241 2237 2242 
387 1934 1935 1938 1937 2233 2243 2244 2240 2245 
388 1935 549 550 1938 2235 629 2246 2243 2247 
389 391 1936 1939 392 2238 2248 2249 471 2250 
390 1936 1937 1940 1939 2241 2251 2252 2248 2253 
391 1937 1938 1941 1940 2244 2254 2255 2251 2256 
392 1938 550 551 1941 2246 630 2257 2254 2258 
393 392 1939 1942 393 2249 2259 2260 472 2261 
394 1939 1940 1943 1942 2252 2262 2263 2259 2264 
395 1940 1941 1944 1943 2255 2265 2266 2262 2267 
396 1941 551 552 1944 2257 631 2268 2265 2269 
397 393 1942 1945 394 2260 2270 2271 473 2272 
398 1942 1943 1946 1945 2263 2273 2274 2270 2275 
399 1943 1944 1947 1946 2266 2276 2277 2273 2278 
400 1944 552 553 1947 2268 632 2279 2276 2280 
401 394 1945 1948 395 2271 2281 2282 474 2283 
402 1945 1946 1949 1948 2274 2284 2285 2281 2286 
403 1946 1947 1950 1949 2277 2287 2288 2284 2289 
404 1947 553 554 1950 2279 633 2290 2287 2291 
405 395 1948 1951 396 2282 2292 2293 475 2294 
406 1948 1949 1952 1951 2285 2295 2296 2292 2297 
407 1949 1950 1953 1952 2288 2298 2299 2295 2300 
408 1950 554 555 1953 2290 634 2301 2298 2302 
409 396 1951 1954 397 2293 2303 2304 476 2305 
410 1951 1952 1955 1954 2296 2306 2307 2303 2308 
411 1952 1953 1956 1955 2299 2309 2310 2306 2311 
412 1953 555 556 1956 2301 635 2312 2309 2313 
413 397 1954 1957 398 2304 2314 2315 477 2316 
414 1954 1955 1958 1957 2307 2317 2318 2314 2319 
415 1955 1956 1959 1958 2310 2320 2321 2317 2322 
416 1956 556 557 1959 2312 636 2323 2320 2324 
417 398 1957 1960 399 2315 2325 2326 478 2327 
418 1957 1958 1961 1960 2318 2328 2329 2325 2330 
419 1958 1959 1962 1961 2321 2331 2332 2328 2333 
420 1959 557 558 1962 2323 637 2334 2331 2335 
421 399 1960 1963 400 2326 2336 2337 479 2338 
422 1960 1961 1964 1963 2329 2339 2340 2336 2341 
423 1961 1962 1965 1964 2332 2342 2343 2339 2344 
424 1962 558 559 1965 2334 638 2345 2342 2346 
425 400 1963 1966 401 2337 2347 2348 480 2349 
426 1963 1964 1967 1966 2340 2350 2351 2347 2352 
427 1964 1965 1968 1967 2343 2353 2354 2350 2355 
428 1965 559 560 1968 2345 639 2356 2353 2357 
429 401 1966 1969 402 2348 2358 2359 481 2360 
430 1966 1967 1970 1969 2351 2361 2362 2358 2363 
431 1967 1968 1971 1970 2354 2364 2365 2361 2366 
432 1968 560 561 1971 2356 640 2367 2364 2368 
433 402 1969 1972 403 2359 2369 2370 482 2371 
434 1969 1970 1973 1972 2362 2372 2373 2369 2374 
435 1970 1971 1974 1973 2365 2375 2376 2372 2377 
436 1971 561 562 1974 2367 641 2378 2375 2379 
437 403 1972 1975 404 2370 2380 2381 483 2382 
438 1972 1973 1976 1975 2373 2383 2384 2380 2385 
439 1973 1974 1977 1976 2376 2386 2387 2383 2388 
440 1974 562 563 1977 2378 642 2389 2386 2390 
441 404 1975 1978 405 2381 2391 2392 484 2393 
442 1975 1976 1979 1978 2384 2394 2395 2391 2396 
443 1976 1977 1980 1979 2387 2397 2398 2394 2399 
444 1977 563 564 1980 2389 643 2400 2397 2401 
445 405 1978 1981 406 2392 2402 2403 485 2404 
446 1978 1979 1982 1981 2395 2405 2406 2402 2407 
447 1979 1980 1983 1982 2398 2408 2409 2405 2410 
448 1980 564 565 1983 2400 644 2411 2408 2412 
449 406 1981 1984 407 2403 2413 2414 486 2415 
450 1981 1982 1985 1984 2406 2416 2417 2413 2418 
451 1982 1983 1986 1985 2409 2419 2420 2416 2421 
452 1983 565 566 1986 2411 645 2422 2419 2423 
453 407 1984 1987 408 2414 2424 2425 487 2426 
454 1984 1985 1988 1987 2417 2427 2428 2424 2429 
455 1985 1986 1989 1988 2420 2430 2431 2427 2432 
456 1986 566 567 1989 2422 646 2433 2430 2434 
457 408 1987 1990 409 2425 2435 2436 488 2437 
458 1987 1988 1991 1990 2428 2438 2439 2435 2440 
459 1988 1989 1992 1991 2431 2441 2442 2438 2443 
460 1989 567 568 1992 2433 647 2444 2441 2445 
461 409 1990 1993 410 2436 2446 2447 489 2448 
462 1990 1991 1994 1993 2439 2449 2450 2446 2451 
463 1991 1992 1995 1994 2442 2452 2453 2449 2454 
464 1992 568 569 1995 2444 648 2455 2452 2456 
465 410 1993 1996 411 2447 2457 2458 490 2459 
466 1993 1994 1997 1996 2450 2460 2461 2457 2462 
467 1994 1995 1998 1997 2453 2463 2464 2460 2465 
468 1995 569 570 1998 2455 649 2466 2463 2467 
469 411 1996 1999 412 2458 2468 2469 491 2470 
470 1996 1997 2000 1999 2461 2471 2472 2468 2473 
471 1997 1998 2001 2000 2464 2474 2475 2471 2476 
472 1998 570 571 2001 2466 650 2477 2474 2478 
473 412 1999 2002 413 2469 2479 2480 492 2481 
474 1999 2000 2003 2002 2472 2482 2483 2479 2484 
475 2000 2001 2004 2003 2475 2485 2486 2482 2487 
476 2001 571 572 2004 2477 651 2488 2485 2489 
477 413 2002 2005 414 2480 2490 2491 493 2492 
478 2002 2003 2006 2005 2483 2493 2494 2490 2495 
479 2003 2004 2007 2006 2486 2496 2497 2493 2498 
480 2004 572 573 2007 2488 652 2499 2496 2500 
481 414 2005 2008 415 2491 2501 2502 494 2503 
482 2005 2006 2009 2008 2494 2504 2505 2501 2506 
483 2006 2007 2010 2009 2497 2507 2508 2504 2509 
484 2007 573 574 2010 2499 653 2510 2507 2511 
485 415 2008 2011 416 2502 2512 2513 495 2514 
486 2008 2009 2012 2011 2505 2515 2516 2512 2517 
487 2009 2010 2013 2012 2508 2518 2519 2515 2520 
488 2010 574 575 2013 2510 654 2521 2518 2522 
489 416 2011 2014 417 2513 2523 2524 496 2525 
490 2011 2012 2015 2014 2516 2526 2527 2523 2528 
491 2012 2013 2016 2015 2519 2529 2530 2526 2531 
492 2013 575 576 2016 2521 655 2532 2529 2533 
493 417 2014 2017 418 2524 2534 2535 497 2536 
494 2014 2015 2018 2017 2527 2537 2538 2534 2539 
495 2015 2016 2019 2018 2530 2540 2541 2537 2542 
496 2016 576 577 2019 2532 656 2543 2540 2544 
497 418 2017 2020 419 2535 2545 2546 498 2547 
498 2017 2018 2021 2020 2538 2548 2549 2545 2550 
499 2018 2019 2022 2021 2541 2551 2552 2548 2553 
500 2019 577 578 2022 2543 657 2554 2551 2555 
501 419 2020 2023 420 2546 2556 2557 499 2558 
502 2020 2021 2024 2023 2549 2559 2560 2556 2561 
503 2021 2022 2025 2024 2552 2562 2563 2559 2564 
504 2022 578 579 2025 2554 658 2565 2562 2566 
505 420 2023 2026 421 2557 2567 2568 500 2569 
506 2023 2024 2027 2026 2560 2570 2571 2567 2572 
507 2024 2025 2028 2027 2563 2573 2574 2570 2575 
508 2025 579 580 2028 2565 659 2576 2573 2577 
509 421 2026 2029 422 2568 2578 2579 501 2580 
510 2026 2027 2030 2029 2571 2581 2582 2578 2583 
511 2027 2028 2031 2030 2574 2584 2585 2581 2586 
512 2028 580 581 2031 2576 660 2587 2584 2588 
513 422 2029 2032 423 2579 2589 2590 502 2591 
514 2029 2030 2033 2032 2582 2592 2593 2589 2594 
515 2030 2031 2034 2033 2585 2595 2596 2592 2597 
516 2031 581 582 2034 2587 661 2598 2595 2599 
517 423 2032 2035 424 2590 2600 2601 503 2602 
518 2032 2033 2036 2035 2593 2603 2604 2600 2605 
519 2033 2034 2037 2036 2596 2606 2607 2603 2608 
520 2034 582 583 2037 2598 662 2609 2606 2610 
521 424 2035 2038 425 2601 2611 2612 504 2613 
522 2035 2036 2039 2038 2604 2614 2615 2611 2616 
523 2036 2037 2040 2039 2607 2617 2618 2614 2619 
524 2037 583 584 2040 2609 663 2620 2617 2621 
525 425 2038 2041 426 2612 2622 2623 505 2624 
526 2038 2039 2042 2041 2615 2625 2626 2622 2627 
527 2039 2040 2043 2042 2618 2628 2629 2625 2630 
528 2040 584 585 2043 2620 664 2631 2628 2632 
529 426 2041 2044 427 2623 2633 2634 506 2635 
530 2041 2042 2045 2044 2626 2636 2637 2633 2638 
531 2042 2043 2046 2045 2629 2639 2640 2636 2641 
532 2043 585 586 2046 2631 665 2642 2639 2643 
533 427 2044 2047 428 2634 2644 2645 507 2646 
534 2044 2045 2048 2047 2637 2647 2648 2644 2649 
535 2045 2046 2049 2048 2640 2650 2651 2647 2652 
536 2046 586 587 2049 2642 666 2653 2650 2654 
537 428 2047 2050 429 2645 2655 2656 508 2657 
538 2047 2048 2051 2050 2648 2658 2659 2655 2660 
539 2048 2049 2052 2051 2651 2661 2662 2658 2663 
540 2049 587 588 2052 2653 667 2664 2661 2665 
541 429 2050 2053 430 2656 2666 2667 509 2668 
542 2050 2051 2054 2053 2659 2669 2670 2666 2671 
543 2051 2052 2055 2054 2662 2672 2673 2669 2674 
544 2052 588 589 2055 2664 668 2675 2672 2676 
545 430 2053 2056 431 2667 2677 2678 510 2679 
546 2053 2054 2057 2056 2670 2680 2681 2677 2682 
547 2054 2055 2058 2057 2673 2683 2684 2680 2685 
548 2055 589 590 2058 2675 669 2686 2683 2687 
549 431 2056 2059 432 2678 2688 2689 511 2690 
550 2056 2057 2060 2059 2681 2691 2692 2688 2693 
551 2057 2058 2061 2060 2684 2694 2695 2691 2696 
552 2058 590 591 2061 2686 670 2697 2694 2698 
553 432 2059 2062 433 2689 2699 2700 512 2701 
554 2059 2060 2063 2062 2692 2702 2703 2699 2704 
555 2060 2061 2064 2063 2695 2705 2706 2702 2707 
556 2061 591 592 2064 2697 671 2708 2705 2709 
557 433 2062 2065 434 2700 2710 2711 513 2712 
558 2062 2063 2066 2065 2703 2713 2714 2710 2715 
559 2063 2064 2067 2066 2706 2716 2717 2713 2718 
560 2064 592 593 2067 2708 672 2719 2716 2720 
561 434 2065 2068 435 2711 2721 2722 514 2723 
562 2065 2066 2069 2068 2714 2724 2725 2721 2726 
563 2066 2067 2070 2069 2717 2727 2728 2724 2729 
564 2067 593 594 2070 2719 673 2730 2727 2731 
565 435 2068 2071 436 2722 2732 2733 515 2734 
566 2068 2069 2072 2071 2725 2735 2736 2732 2737 
567 2069 2070 2073 2072 2728 2738 2739 2735 2740 
568 2070 594 595 2073 2730 674 2741 2738 2742 
569 436 2071 2074 437 2733 2743 2744 516 2745 
570 2071 2072 2075 2074 2736 2746 2747 2743 2748 
571 2072 2073 2076 2075 2739 2749 2750 2746 2751 
572 2073 595 596 2076 2741 675 2752 2749 2753 
573 437 2074 2077 438 2744 2754 2755 517 2756 
574 2074 2075 2078 2077 2747 2757 2758 2754 2759 
575 2075 2076 2079 2078 2750 2760 2761 2757 2762 
576 2076 596 597 2079 2752 676 2763 2760 2764 
577 438 2077 2080 439 2755 2765 2766 518 2767 
578 2077 2078 2081 2080 2758 2768 2769 2765 2770 
579 2078 2079 2082 2081 2761 2771 2772 2768 2773 
580 2079 597 598 2082 2763 677 2774 2771 2775 
581 439 2080 2083 440 2766 2776 2777 519 2778 
582 2080 2081 2084 2083 2769 2779 2780 2776 2781 
583 2081 2082 2085 2084 2772 2782 2783 2779 2784 
584 2082 598 599 2085 2774 678 2785 2782 2786 
585 440 2083 2086 441 2777 2787 2788 520 2789 
586 2083 2084 2087 2086 2780 2790 2791 2787 2792 
587 2084 2085 2088 2087 2783 2793 2794 2790 2795 
588 2085 599 600 2088 2785 679 2796 2793 2797 
589 441 2086 2089 442 2788 2798 2799 521 2800 
590 2086 2087 2090 2089 2791 2801 2802 2798 2803 
591 2087 2088 2091 2090 2794 2804 2805 2801 2806 
592 2088 600 601 2091 2796 680 2807 2804 2808 
593 442 2089 2092 443 2799 2809 2810 522 2811 
594 2089 2090 2093 2092 2802 2812 2813 2809 2814 
595 2090 2091 2094 2093 2805 2815 2816 2812 2817 
596 2091 601 602 2094 2807 681 2818 2815 2819 
597 443 2092 2095 444 2810 2820 2821 523 2822 
598 2092 2093 2096 2095 2813 2823 2824 2820 2825 
599 2093 2094 2097 2096 2816 2826 2827 2823 2828 
600 2094 602 603 2097 2818 682 2829 2826 2830 
601 444 2095 2098 445 2821 2831 2832 524 2833 
602 2095 2096 2099 2098 2824 2834 2835 2831 2836 
603 2096 2097 2100 2099 2827 2837 2838 2834 2839 
604 2097 603 604 2100 2829 683 2840 2837 2841 
605 445 2098 2101 446 2832 2842 2843 525 2844 
606 2098 2099 2102 2101 2835 2845 2846 2842 2847 
607 2099 2100 2103 2102 2838 2848 2849 2845 2850 
608 2100 604 605 2103 2840 684 2851 2848 2852 
609 446 2101 2104 447 2843 2853 2854 526 2855 
610 2101 2102 2105 2104 2846 2856 2857 2853 2858 
611 2102 2103 2106 2105 2849 2859 2860 2856 2861 
612 2103 605 606 2106 2851 685 2862 2859 2863 
613 447 2104 2107 448 2854 2864 2865 527 2866 
614 2104 2105 2108 2107 2857 2867 2868 2864 2869 
615 2105 2106 2109 2108 2860 2870 2871 2867 2872 
616 2106 606 607 2109 2862 686 2873 2870 2874 
617 448 2107 2110 449 2865 2875 2876 528 2877 
618 2107 2108 2111 2110 2868 2878 2879 2875 2880 
619 2108 2109 2112 2111 2871 2881 2882 2878 2883 
620 2109 607 608 2112 2873 687 2884 2881 2885 
621 449 2110 2113 450 2876 2886 2887 529 2888 
622 2110 2111 2114 2113 2879 2889 2890 2886 2891 
623 2111 2112 2115 2114 2882 2892 2893 2889 2894 
624 2112 608 609 2115 2884 688 2895 2892 2896 
625 450 2113 2116 451 2887 2897 2898 530 2899 
626 2113 2114 2117 2116 2890 2900 2901 2897 2902 
627 2114 2115 2118 2117 2893 2903 2904 2900 2905 
628 2115 609 610 2118 2895 689 2906 2903 2907 
629 451 2116 2119 452 2898 2908 2909 531 2910 
630 2116 2117 2120 2119 2901 2911 2912 2908 2913 
631 2117 2118 2121 2120 2904 2914 2915 2911 2916 
632 2118 610 611 2121 2906 690 2917 2914 2918 
633 452 2119 2122 453 2909 2919 2920 532 2921 
634 2119 2120 2123 2122 2912 2922 2923 2919 2924 
635 2120 2121 2124 2123 2915 2925 2926 2922 2927 
636 2121 611 612 2124 2917 691 2928 2925 2929 
637 453 2122 2125 454 2920 2930 2931 533 2932 
638 2122 2123 2126 2125 2923 2933 2934 2930 2935 
639 2123 2124 2127 2126 2926 2936 2937 2933 2938 
640 2124 612 613 2127 2928 692 2939 2936 2940 
641 454 2125 2128 455 2931 2941 2942 534 2943 
642 2125 2126 2129 2128 2934 2944 2945 2941 2946 
643 2126 2127 2130 2129 2937 2947 2948 2944 2949 
644 2127 613 614 2130 2939 693 2950 2947 2951 
645 455 2128 2131 456 2942 2952 2953 535 2954 
646 2128 2129 2132 2131 2945 2955 2956 2952 2957 
647 2129 2130 2133 2132 2948 2958 2959 2955 2960 
648 2130 614 615 2133 2950 694 2961 2958 2962 
649 456 2131 2134 457 2953 2963 2964 536 2965 
650 2131 2132 2135 2134 2956 2966 2967 2963 2968 
651 2132 2133 2136 2135 2959 2969 2970 2966 2971 
652 2133 615 616 2136 2961 695 2972 2969 2973 
653 457 2134 2137 458 2964 2974 2975 537 2976 
654 2134 2135 2138 2137 2967 2977 2978 2974 2979 
655 2135 2136 2139 2138 2970 2980 2981 2977 2982 
656 2136 616 617 2139 2972 696 2983 2980 2984 
657 458 2137 2140 459 2975 2985 2986 538 2987 
658 2137 2138 2141 2140 2978 2988 2989 2985 2990 
659 2138 2139 2142 2141 2981 2991 2992 2988 2993 
660 2139 617 618 2142 2983 697 2994 2991 2995 
661 459 2140 2143 460 2986 2996 2997 539 2998 
662 2140 2141 2144 2143 2989 2999 3000 2996 3001 
663 2141 2142 2145 2144 2992 3002 3003 2999 3004 
664 2142 618 619 2145 2994 698 3005 3002 3006 
665 460 2143 2146 461 2997 3007 3008 540 3009 
666 2143 2144 2147 2146 3000 3010 3011 3007 3012 
667 2144 2145 2148 2147 3003 3013 3014 3010 3015 
668 2145 619 620 2148 3005 699 3016 3013 3017 
669 461 2146 51 8 3008 3018 54 541 3019 
670 2146 2147 52 51 3011 3020 55 3018 3021 
671 2147 2148 53 52 3014 3022 56 3020 3023 
672 2148 620 7 53 3016 700 57 3022 3024 
2 5 10 320
673 2 30 3025 65 33 3262 3263 144 3264 
674 65 3025 3026 66 3263 3265 3266 145 3267 
675 66 3026 3027 67 3266 3268 3269 146 3270 
676 67 3027 3028 68 3269 3271 3272 147 3273 
677 68 3028 3029 69 3272 3274 3275 148 3276 
678 69 3029 3030 70 3275 3277 3278 149 3279 
679 70 3030 3031 71 3278 3280 3281 150 3282 
680 71 3031 3032 72 3281 3283 3284 151 3285 
681 72 3032 3033 73 3284 3286 3287 152 3288 
682 73 3033 3034 74 3287 3289 3290 153 3291 
683 74 3034 3035 75 3290 3292 3293 154 3294 
684 75 3035 3036 76 3293 3295 3296 155 3297 
685 76 3036 3037 77 3296 3298 3299 156 3300 
686 77 3037 3038 78 3299 3301 3302 157 3303 
687 78 3038 3039 79 3302 3304 3305 158 3306 
688 79 3039 3040 80 3305 3307 3308 159 3309 
689 80 3040 3041 81 3308 3310 3311 160 3312 
690 81 3041 3042 82 3311 3313 3314 161 3315 
691 82 3042 3043 83 3314 3316 3317 162 3318 
692 83 3043 3044 84 3317 3319 3320 163 3321 
693 84 3044 3045 85 3320 3322 3323 164 3324 
694 85 3045 3046 86 3323 3325 3326 165 3327 
695 86 3046 3047 87 3326 3328 3329 166 3330 
696 87 3047 3048 88 3329 3331 3332 167 3333 
697 88 3048 3049 89 3332 3334 3335 168 3336 
698 89 3049 3050 90 3335 3337 3338 169 3339 
699 90 3050 3051 91 3338 3340 3341 170 3342 
700 91 3051 3052 92 3341 3343 3344 171 3345 
701 92 3052 3053 93 3344 3346 3347 172 3348 
702 93 3053 3054 94 3347 3349 3350 173 3351 
703 94 3054 3055 95 3350 3352 3353 174 3354 
704 95 3055 3056 96 3353 3355 3356 175 3357 
705 96 3056 3057 97 3356 3358 3359 176 3360 
706 97 3057 3058 98 3359 3361 3362 177 3363 
707 98 3058 3059 99 3362 3364 3365 178 3366 
708 99 3059 3060 100 3365 3367 3368 179 3369 
709 100 3060 3061 101 3368 3370 3371 180 3372 
710 101 3061 3062 102 3371 3373 3374 181 3375 
711 102 3062 3063 103 3374 3376 3377 182 3378 
712 103 3063 3064 104 3377 3379 3380 183 3381 
713 104 3064 3065 105 3380 3382 3383 184 3384 
714 105 3065 3066 106 3383 3385 3386 185 3387 
715 106 3066 3067 107 3386 3388 3389 186 3390 
716 107 3067 3068 108 3389 3391 3392 187 3393 
717 108 3068 3069 109 3392 3394 3395 188 3396 
718 109 3069 3070 110 3395 3397 3398 189 3399 
719 110 3070 3071 111 3398 3400 3401 190 3402 
720 111 3071 3072 112 3401 3403 3404 191 3405 
721 112 3072 3073 113 3404 3406 3407 192 3408 
722 113 3073 3074 114 3407 3409 3410 193 3411 
723 114 3074 3075 115 3410 3412 3413 194 3414 
724 115 3075 3076 116 3413 3415 3416 195 3417 
725 116 3076 3077 117 3416 3418 3419 196 3420 
726 117 3077 3078 118 3419 3421 3422 197 3423 
727 118 3078 3079 119 3422 3424 3425 198 3426 
728 119 3079 3080 120 3425 3427 3428 199 3429 
729 120 3080 3081 121 3428 3430 3431 200 3432 
730 121 3081 3082 122 3431 3433 3434 201 3435 
731 122 3082 3083 123 3434 3436 3437 202 3438 
732 123 3083 3084 124 3437 3439 3440 203 3441 
733 124 3084 3085 125 3440 3442 3443 204 3444 
734 125 3085 3086 126 3443 3445 3446 205 3447 
735 126 3086 3087 127 3446 3448 3449 206 3450 
736 127 3087 3088 128 3449 3451 3452 207 3453 
737 128 3088 3089 129 3452 3454 3455 208 3456 
738 129 3089 3090 130 3455 3457 3458 209 3459 
739 130 3090 3091 131 3458 3460 3461 210 3462 
740 131 3091 3092 132 3461 3463 3464 211 3465 
741 132 3092 3093 133 3464 3466 3467 212 3468 
742 133 3093 3094 134 3467 3469 3470 213 3471 
743 134 3094 3095 135 3470 3472 3473 214 3474 
744 135 3095 3096 136 3473 3475 3476 215 3477 
745 136 3096 3097 137 3476 3478 3479 216 3480 
746 137 3097 3098 138 3479 3481 3482 217 3483 
747 138 3098 3099 139 3482 3484 3485 218 3486 
748 139 3099 3100 140 3485 3487 3488 219 3489 
749 140 3100 3101 141 3488 3490 3491 220 3492 
750 141 3101 3102 142 3491 3493 3494 221 3495 
751 142 3102 3103 143 3494 3496 3497 222 3498 
752 143 3103 58 6 3497 3499 61 223 3500 
753 30 31 3104 3025 34 3501 3502 3262 3503 
754 3025 3104 3105 3026 3502 3504 3505 3265 3506 
755 3026 3105 3106 3027 3505 3507 3508 3268 3509 
756 3027 3106 3107 3028 3508 3510 3511 3271 3512 
757 3028 3107 3108 3029 3511 3513 3514 3274 3515 
758 3029 3108 3109 3030 3514 3516 3517 3277 3518 
759 3030 3109 3110 3031 3517 3519 3520 3280 3521 
760 3031 3110 3111 3032 3520 3522 3523 3283 3524 
761 3032 3111 3112 3033 3523 3525 3526 3286 3527 
762 3033 3112 3113 3034 3526 3528 3529 3289 3530 
763 3034 3113 3114 3035 3529 3531 3532 3292 3533 
764 3035 3114 3115 3036 3532 3534 3535 3295 3536 
765 3036 3115 3116 3037 3535 3537 3538 3298 3539 
766 3037 3116 3117 3038 3538 3540 3541 3301 3542 
767 3038 3117 3118 3039 3541 3543 3544 3304 3545 
768 3039 3118 3119 3040 3544 3546 3547 3307 3548 
769 3040 3119 3120 3041 3547 3549 3550 3310 3551 
770 3041 3120 3121 3042 3550 3552 3553 3313 3554 
771 3042 3121 3122 3043 3553 3555 3556 3316 3557 
772 3043 3122 3123 3044 3556 3558 3559 3319 3560 
773 3044 3123 3124 3045 3559 3561 3562 3322 3563 
774 3045 3124 3125 3046 3562 3564 3565 3325 3566 
775 3046 3125 3126 3047 3565 3567 3568 3328 3569 
776 3047 3126 3127 3048 3568 3570 3571 3331 3572 
777 3048 3127 3128 3049 3571 3573 3574 3334 3575 
778 3049 3128 3129 3050 3574 3576 3577 3337 3578 
779 3050 3129 3130 3051 3577 3579 3580 3340 3581 
780 3051 3130 3131 3052 3580 3582 3583 3343 3584 
781 3052 3131 3132 3053 3583 3585 3586 3346 3587 
782 3053 3132 3133 3054 3586 3588 3589 3349 3590 
783 3054 3133 3134 3055 3589 3591 3592 3352 3593 
784 3055 3134 3135 3056 3592 3594 3595 3355 3596 
785 3056 3135 3136 3057 3595 3597 3598 3358 3599 
786 3057 3136 3137 3058 3598 3600 3601 3361 3602 
787 3058 3137 3138 3059 3601 3603 3604 3364 3605 
788 3059 3138 3139 3060 3604 3606 3607 3367 3608 
789 3060 3139 3140 3061 3607 3609 3610 3370 3611 
790 3061 3140 3141 3062 3610 3612 3613 3373 3614 
791 3062 3141 3142 3063 3613 3615 3616 3376 3617 
792 3063 3142 3143 3064 3616 3618 3619 3379 3620 
793 3064 3143 3144 3065 3619 3621 3622 3382 3623 
794 3065 3144 3145 3066 3622 3624 3625 3385 3626 
795 3066 3145 3146 3067 3625 3627 3628 3388 3629 
796 3067 3146 3147 3068 3628 3630 3631 3391 3632 
797 3068 3147 3148 3069 3631 3633 3634 3394 3635 
798 3069 3148 3149 3070 3634 3636 3637 3397 3638 
799 3070 3149 3150 3071 3637 3639 3640 3400 3641 
800 3071 3150 3151 3072 3640 3642 3643 3403 3644 
801 3072 3151 3152 3073 3643 3645 3646 3406 3647 
802 3073 3152 3153 3074 3646 3648 3649 3409 3650 
803 3074 3153 3154 3075 3649 3651 3652 3412 3653 
804 3075 3154 3155 3076 3652 3654 3655 3415 3656 
805 3076 3155 3156 3077 3655 3657 3658 3418 3659 
806 3077 3156 3157 3078 3658 3660 3661 3421 3662 
807 3078 3157 3158 3079 3661 3663 3664 3424 3665 
808 3079 3158 3159 3080 3664 3666 3667 3427 3668 
809 3080 3159 3160 3081 3667 3669 3670 3430 3671 
810 3081 3160 3161 3082 3670 3672 3673 3433 3674 
811 3082 3161 3162 3083 3673 3675 3676 3436 3677 
812 3083 3162 3163 3084 3676 3678 3679 3439 3680 
813 3084 3163 3164 3085 3679 3681 3682 3442 3683 
814 3085 3164 3165 3086 3682 3684 3685 3445 3686 
815 3086 3165 3166 3087 3685 3687 3688 3448 3689 
816 3087 3166 3167 3088 3688 3690 3691 3451 3692 
817 3088 3167 3168 3089 3691 3693 3694 3454 3695 
818 3089 3168 3169 3090 3694 3696 3697 3457 3698 
819 3090 3169 3170 3091 3697 3699 3700 3460 3701 
820 3091 3170 3171 3092 3700 3702 3703 3463 3704 
821 3092 3171 3172 3093 3703 3705 3706 3466 3707 
822 3093 3172 3173 3094 3706 3708 3709 3469 3710 
823 3094 3173 3174 3095 3709 3711 3712 3472 3713 
824 3095 3174 3175 3096 3712 3714 3715 3475 3716 
825 3096 3175 3176 3097 3715 3717 3718 3478 3719 
826 3097 3176 3177 3098 3718 3720 3721 3481 3722 
827 3098 3177 3178 3099 3721 3723 3724 3484 3725 
828 3099 3178 3179 3100 3724 3726 3727 3487 3728 
829 3100 3179 3180 3101 3727 3729 3730 3490 3731 
830 3101 3180 3181 3102 3730 3732 3733 3493 3734 
831 3102 3181 3182 3103 3733 3735 3736 3496 3737 
832 3103 3182 59 58 3736 3738 62 3499 3739 
833 31 32 3183 3104 35 3740 3741 3501 3742 
834 3104 3183 3184 3105 3741 3743 3744 3504 3745 
835 3105 3184 3185 3106 3744 3746 3747 3507 3748 
836 3106 3185 3186 3107 3747 3749 3750 3510 3751 
837 3107 3186 3187 3108 3750 3752 3753 3513 3754 
838 3108 3187 3188 3109 3753 3755 3756 3516 3757 
839 3109 3188 3189 3110 3756 3758 3759 3519 3760 
840 3110 3189 3190 3111 3759 3761 3762 3522 3763 
841 3111 3190 3191 3112 3762 3764 3765 3525 3766 
842 3112 3191 3192 3113 3765 3767 3768 3528 3769 
843 3113 3192 3193 3114 3768 3770 3771 3531 3772 
844 3114 3193 3194 3115 3771 3773 3774 3534 3775 
845 3115 3194 3195 3116 3774 3776 3777 3537 3778 
846 3116 3195 3196 3117 3777 3779 3780 3540 3781 
847 3117 3196 3197 3118 3780 3782 3783 3543 3784 
848 3118 3197 3198 3119 3783 3785 3786 3546 3787 
849 3119 3198 3199 3120 3786 3788 3789 3549 3790 
850 3120 3199 3200 3121 3789 3791 3792 3552 3793 
851 3121 3200 3201 3122 3792 3794 3795 3555 3796 
852 3122 3201 3202 3123 3795 3797 3798 3558 3799 
853 3123 3202 3203 3124 3798 3800 3801 3561 3802 
854 3124 3203 3204 3125 3801 3803 3804 3564 3805 
855 3125 3204 3205 3126 3804 3806 3807 3567 3808 
856 3126 3205 3206 3127 3807 3809 3810 3570 3811 
857 3127 3206 3207 3128 3810 3812 3813 3573 3814 
858 3128 3207 3208 3129 3813 3815 3816 3576 3817 
859 3129 3208 3209 3130 3816 3818 3819 3579 3820 
860 3130 3209 3210 3131 3819 3821 3822 3582 3823 
861 3131 3210 3211 3132 3822 3824 3825 3585 3826 
862 3132 3211 3212 3133 3825 3827 3828 3588 3829 
863 3133 3212 3213 3134 3828 3830 3831 3591 3832 
864 3134 3213 3214 3135 3831 3833 3834 3594 3835 
865 3135 3214 3215 3136 3834 3836 3837 3597 3838 
866 3136 3215 3216 3137 3837 3839 3840 3600 3841 
867 3137 3216 3217 3138 3840 3842 3843 3603 3844 
868 3138 3217 3218 3139 3843 3845 3846 3606 3847 
869 3139 3218 3219 3140 3846 3848 3849 3609 3850 
870 3140 3219 3220 3141 3849 3851 3852 3612 3853 
871 3141 3220 3221 3142 3852 3854 3855 3615 3856 
872 3142 3221 3222 3143 3855 3857 3858 3618 3859 
873 3143 3222 3223 3144 3858 3860 3861 3621 3862 
874 3144 3223 3224 3145 3861 3863 3864 3624 3865 
875 3145 3224 3225 3146 3864 3866 3867 3627 3868 
876 3146 3225 3226 3147 3867 3869 3870 3630 3871 
877 3147 3226 3227 3148 3870 3872 3873 3633 3874 
878 3148 3227 3228 3149 3873 3875 3876 3636 3877 
879 3149 3228 3229 3150 3876 3878 3879 3639 3880 
880 3150 3229 3230 3151 3879 3881 3882 3642 3883 
881 3151 3230 3231 3152 3882 3884 3885 3645 3886 
882 3152 3231 3232 3153 3885 3887 3888 3648 3889 
883 3153 3232 3233 3154 3888 3890 3891 3651 3892 
884 3154 3233 3234 3155 3891 3893 3894 3654 3895 
885 3155 3234 3235 3156 3894 3896 3897 3657 3898 
886 3156 3235 3236 3157 3897 3899 3900 3660 3901 
887 3157 3236 3237 3158 3900 3902 3903 3663 3904 
888 3158 3237 3238 3159 3903 3905 3906 3666 3907 
889 3159 3238 3239 3160 3906 3908 3909 3669 3910 
890 3160 3239 3240 3161 3909 3911 3912 3672 3913 
891 3161 3240 3241 3162 3912 3914 3915 3675 3916 
892 3162 3241 3242 3163 3915 3917 3918 3678 3919 
893 3163 3242 3243 3164 3918 3920 3921 3681 3922 
894 3164 3243 3244 3165 3921 3923 3924 3684 3925 
895 3165 3244 3245 3166 3924 3926 3927 3687 3928 
896 3166 3245 3246 3167 3927 3929 3930 3690 3931 
897 3167 3246 3247 3168 3930 3932 3933 3693 3934 
898 3168 3247 3248 3169 3933 3935 3936 3696 3937 
899 3169 3248 3249 3170 3936 3938 3939 3699 3940 
900 3170 3249 3250 3171 3939 3941 3942 3702 3943 
901 3171 3250 3251 3172 3942 3944 3945 3705 3946 
902 3172 3251 3252 3173 3945 3947 3948 3708 3949 
903 3173 3252 3253 3174 3948 3950 3951 3711 3952 
904 3174 3253 3254 3175 3951 3953 3954 3714 3955 
905 3175 3254 3255 3176 3954 3956 3957 3717 3958 
906 3176 3255 3256 3177 3957 3959 3960 3720 3961 
907 3177 3256 3257 3178 3960 3962 3963 3723 3964 
908 3178 3257 3258 3179 3963 3965 3966 3726 3967 
909 3179 3258 3259 3180 3966 3968 3969 3729 3970 
910 3180 3259 3260 3181 3969 3971 3972 3732 3973 
911 3181 3260 3261 3182 3972 3974 3975 3735 3976 
912 3182 3261 60 59 3975 3977 63 3738 3978 
913 32 4 383 3183 36 462 3979 3740 3980 
914 3183 383 384 3184 3979 463 3981 3743 3982 
915 3184 384 385 3185 3981 464 3983 3746 3984 
916 3185 385 386 3186 3983 465 3985 3749 3986 
917 3186 386 387 3187 3985 466 3987 3752 3988 
918 3187 387 388 3188 3987 467 3989 3755 3990 
919 3188 388 389 3189 3989 468 3991 3758 3992 
920 3189 389 390 3190 3991 469 3993 3761 3994 
921 3190 390 391 3191 3993 470 3995 3764 3996 
922 3191 391 392 3192 3995 471 3997 3767 3998 
923 3192 392 393 3193 3997 472 3999 3770 4000 
924 3193 393 394 3194 3999 473 4001 3773 4002 
925 3194 394 395 3195 4001 474 4003 3776 4004 
926 3195 395 396 3196 4003 475 4005 3779 4006 
927 3196 396 397 3197 4005 476 4007 3782 4008 
928 3197 397 398 3198 4007 477 4009 3785 4010 
929 3198 398 399 3199 4009 478 4011 3788 4012 
930 3199 399 400 3200 4011 479 4013 3791 4014 
931 3200 400 401 3201 4013 480 4015 3794 4016 
932 3201 401 402 3202 4015 481 4017 3797 4018 
933 3202 402 403 3203 4017 482 4019 3800 4020 
934 3203 403 404 3204 4019 483 4021 3803 4022 
935 3204 404 405 3205 4021 484 4023 3806 4024 
936 3205 405 406 3206 4023 485 4025 3809 4026 
937 3206 406 407 3207 4025 486 4027 3812 4028 
938 3207 407 408 3208 4027 487 4029 3815 4030 
939 3208 408 409 3209 4029 488 4031 3818 4032 
940 3209 409 410 3210 4031 489 4033 3821 4034 
941 3210 410 411 3211 4033 490 4035 3824 4036 
942 3211 411 412 3212 4035 491 4037 3827 4038 
943 3212 412 413 3213 4037 492 4039 3830 4040 
944 3213 413 414 3214 4039 493 4041 3833 4042 
945 3214 414 415 3215 4041 494 4043 3836 4044 
946 3215 415 416 3216 4043 495 4045 3839 4046 
947 3216 416 417 3217 4045 496 4047 3842 4048 
948 3217 417 418 3218 4047 497 4049 3845 4050 
949 3218 418 419 3219 4049 498 4051 3848 4052 
950 3219 419 420 3220 4051 499 4053 3851 4054 
951 3220 420 421 3221 4053 500 4055 3854 4056 
952 3221 421 422 3222 4055 501 4057 3857 4058 
953 3222 422 423 3223 4057 502 4059 3860 4060 
954 3223 423 424 3224 4059 503 4061 3863 4062 
955 3224 424 425 3225 4061 504 4063 3866 4064 
956 3225 425 426 3226 4063 505 4065 3869 4066 
957 3226 426 427 3227 4065 506 4067 3872 4068 
958 3227 427 428 3228 4067 507 4069 3875 4070 
959 3228 428 429 3229 4069 508 4071 3878 4072 
960 3229 429 430 3230 4071 509 4073 3881 4074 
961 3230 430 431 3231 4073 510 4075 3884 4076 
962 3231 431 432 3232 4075 511 4077 3887 4078 
963 3232 432 433 3233 4077 512 4079 3890 4080 
964 3233 433 434 3234 4079 513 4081 3893 4082 
965 3234 434 435 3235 4081 514 4083 3896 4084 
966 3235 435 436 3236 4083 515 4085 3899 4086 
967 3236 436 437 3237 4085 516 4087 3902 4088 
968 3237 437 438 3238 4087 517 4089 3905 4090 
969 3238 438 439 3239 4089 518 4091 3908 4092 
970 3239 439 440 3240 4091 519 4093 3911 4094 
971 3240 440 441 3241 4093 520 4095 3914 4096 
972 3241 441 442 3242 4095 521 4097 3917 4098 
973 3242 442 443 3243 4097 522 4099 3920 4100 
974 3243 443 444 3244 4099 523 4101 3923 4102 
975 3244 444 445 3245 4101 524 4103 3926 4104 
976 3245 445 446 3246 4103 525 4105 3929 4106 
977 3246 446 447 3247 4105 526 4107 3932 4108 
978 3247 447 448 3248 4107 527 4109 3935 4110 
979 3248 448 449 3249 4109 528 4111 3938 4112 
980 3249 449 450 3250 4111 529 4113 3941 4114 
981 3250 450 451 3251 4113 530 4115 3944 4116 
982 3251 451 452 3252 4115 531 4117 3947 4118 
983 3252 452 453 3253 4117 532 4119 3950 4120 
984 3253 453 454 3254 4119 533 4121 3953 4122 
985 3254 454 455 3255 4121 534 4123 3956 4124 
986 3255 455 456 3256 4123 535 4125 3959 4126 
987 3256 456 457 3257 4125 536 4127 3962 4128 
988 3257 457 458 3258 4127 537 4129 3965 4130 
989 3258 458 459 3259 4129 538 4131 3968 4132 
990 3259 459 460 3260 4131 539 4133 3971 4134 
991 3260 460 461 3261 4133 540 4135 3974 4136 
992 3261 461 8 60 4135 541 64 3977 4137 
2 6 10 320
993 1 224 4138 16 303 4375 4376 19 4377 
994 224 225 4139 4138 304 4378 4379 4375 4380 
995 225 226 4140 4139 305 4381 4382 4378 4383 
996 226 227 4141 4140 306 4384 4385 4381 4386 
997 227 228 4142 4141 307 4387 4388 4384 4389 
998 228 229 4143 4142 308 4390 4391 4387 4392 
999 229 230 4144 4143 309 4393 4394 4390 4395 
1000 230 231 4145 4144 310 4396 4397 4393 4398 
1001 231 232 4146 4145 311 4399 4400 4396 4401 
1002 232 233 4147 4146 312 4402 4403 4399 4404 
1003 233 234 4148 4147 313 4405 4406 4402 4407 
1004 234 235 4149 4148 314 4408 4409 4405 4410 
1005 235 236 4150 4149 315 4411 4412 4408 4413 
1006 236 237 4151 4150 316 4414 4415 4411 4416 
1007 237 238 4152 4151 317 4417 4418 4414 4419 
1008 238 239 4153 4152 318 4420 4421 4417 4422 
1009 239 240 4154 4153 319 4423 4424 4420 4425 
1010 240 241 4155 4154 320 4426 4427 4423 4428 
1011 241 242 4156 4155 321 4429 4430 4426 4431 
1012 242 243 4157 4156 322 4432 4433 4429 4434 
1013 243 244 4158 4157 323 4435 4436 4432 4437 
1014 244 245 4159 4158 324 4438 4439 4435 4440 
1015 245 246 4160 4159 325 4441 4442 4438 4443 
1016 246 247 4161 4160 326 4444 4445 4441 4446 
1017 247 248 4162 4161 327 4447 4448 4444 4449 
1018 248 249 4163 4162 328 4450 4451 4447 4452 
1019 249 250 4164 4163 329 4453 4454 4450 4455 
1020 250 251 4165 4164 330 4456 4457 4453 4458 
1021 251 252 4166 4165 331 4459 4460 4456 4461 
1022 252 253 4167 4166 332 4462 4463 4459 4464 
1023 253 254 4168 4167 333 4465 4466 4462 4467 
1024 254 255 4169 4168 334 4468 4469 4465 4470 
1025 255 256 4170 4169 335 4471 4472 4468 4473 
1026 256 257 4171 4170 336 4474 4475 4471 4476 
1027 257 258 4172 4171 337 4477 4478 4474 4479 
1028 258 259 4173 4172 338 4480 4481 4477 4482 
1029 259 260 4174 4173 339 4483 4484 4480 4485 
1030 260 261 4175 4174 340 4486 4487 4483 4488 
1031 261 262 4176 4175 341 4489 4490 4486 4491 
1032 262 263 4177 4176 342 4492 4493 4489 4494 
1033 263 264 4178 4177 343 4495 4496 4492 4497 
1034 264 265 4179 4178 344 4498 4499 4495 4500 
1035 265 266 4180 4179 345 4501 4502 4498 4503 
1036 266 267 4181 4180 346 4504 4505 4501 4506 
1037 267 268 4182 4181 347 4507 4508 4504 4509 
1038 268 269 4183 4182 348 4510 4511 4507 4512 
1039 269 270 4184 4183 349 4513 4514 4510 4515 
1040 270 271 4185 4184 350 4516 4517 4513 4518 
1041 271 272 4186 4185 351 4519 4520 4516 4521 
1042 272 273 4187 4186 352 4522 4523 4519 4524 
1043 273 274 4188 4187 353 4525 4526 4522 4527 
1044 274 275 4189 4188 354 4528 4529 4525 4530 
1045 275 276 4190 4189 355 4531 4532 4528 4533 
1046 276 277 4191 4190 356 4534 4535 4531 4536 
1047 277 278 4192 4191 357 4537 4538 4534 4539 
1048 278 279 4193 4192 358 4540 4541 4537 4542 
1049 279 280 4194 4193 359 4543 4544 4540 4545 
1050 280 281 4195 4194 360 4546 4547 4543 4548 
1051 281 282 4196 4195 361 4549 4550 4546 4551 
1052 282 283 4197 4196 362 4552 4553 4549 4554 
1053 283 284 4198 4197 363 4555 4556 4552 4557 
1054 284 285 4199 4198 364 4558 4559 4555 4560 
1055 285 286 4200 4199 365 4561 4562 4558 4563 
1056 286 287 4201 4200 366 4564 4565 4561 4566 
1057 287 288 4202 4201 367 4567 4568 4564 4569 
1058 288 289 4203 4202 368 4570 4571 4567 4572 
1059 289 290 4204 4203 369 4573 4574 4570 4575 
1060 290 291 4205 4204 370 4576 4577 4573 4578 
1061 291 292 4206 4205 371 4579 4580 4576 4581 
1062 292 293 4207 4206 372 4582 4583 4579 4584 
1063 293 294 4208 4207 373 4585 4586 4582 4587 
1064 294 295 4209 4208 374 4588 4589 4585 4590 
1065 295 296 4210 4209 375 4591 4592 4588 4593 
1066 296 297 4211 4210 376 4594 4595 4591 4596 
1067 297 298 4212 4211 377 4597 4598 4594 4599 
1068 298 299 4213 4212 378 4600 4601 4597 4602 
1069 299 300 4214 4213 379 4603 4604 4600 4605 
1070 300 301 4215 4214 380 4606 4607 4603 4608 
1071 301 302 4216 4215 381 4609 4610 4606 4611 
1072 302 5 44 4216 382 47 4612 4609 4613 
1073 16 4138 4217 17 4376 4614 4615 20 4616 
1074 4138 4139 4218 4217 4379 4617 4618 4614 4619 
1075 4139 4140 4219 4218 4382 4620 4621 4617 4622 
1076 4140 4141 4220 4219 4385 4623 4624 4620 4625 
1077 4141 4142 4221 4220 4388 4626 4627 4623 4628 
1078 4142 4143 4222 4221 4391 4629 4630 4626 4631 
1079 4143 4144 4223 4222 4394 4632 4633 4629 4634 
1080 4144 4145 4224 4223 4397 4635 4636 4632 4637 
1081 4145 4146 4225 4224 4400 4638 4639 4635 4640 
1082 4146 4147 4226 4225 4403 4641 4642 4638 4643 
1083 4147 4148 4227 4226 4406 4644 4645 4641 4646 
1084 4148 4149 4228 4227 4409 4647 4648 4644 4649 
1085 4149 4150 4229 4228 4412 4650 4651 4647 4652 
1086 4150 4151 4230 4229 4415 4653 4654 4650 4655 
1087 4151 4152 4231 4230 4418 4656 4657 4653 4658 
1088 4152 4153 4232 4231 4421 4659 4660 4656 4661 
1089 4153 4154 4233 4232 4424 4662 4663 4659 4664 
1090 4154 4155 4234 4233 4427 4665 4666 4662 4667 
1091 4155 4156 4235 4234 4430 4668 4669 4665 4670 
1092 4156 4157 4236 4235 4433 4671 4672 4668 4673 
1093 4157 4158 4237 4236 4436 4674 4675 4671 4676 
1094 4158 4159 4238 4237 4439 4677 4678 4674 4679 
1095 4159 4160 4239 4238 4442 4680 4681 4677 4682 
1096 4160 4161 4240 4239 4445 4683 4684 4680 4685 
1097 4161 4162 4241 4240 4448 4686 4687 4683 4688 
1098 4162 4163 4242 4241 4451 4689 4690 4686 4691 
1099 4163 4164 4243 4242 4454 4692 4693 4689 4694 
1100 4164 4165 4244 4243 4457 4695 4696 4692 4697 
1101 4165 4166 4245 4244 4460 4698 4699 4695 4700 
1102 4166 4167 4246 4245 4463 4701 4702 4698 4703 
1103 4167 4168 4247 4246 4466 4704 4705 4701 4706 
1104 4168 4169 4248 4247 4469 4707 4708 4704 4709 
1105 4169 4170 4249 4248 4472 4710 4711 4707 4712 
1106 4170 4171 4250 4249 4475 4713 4714 4710 4715 
1107 4171 4172 4251 4250 4478 4716 4717 4713 4718 
1108 4172 4173 4252 4251 4481 4719 4720 4716 4721 
1109 4173 4174 4253 4252 4484 4722 4723 4719 4724 
1110 4174 4175 4254 4253 4487 4725 4726 4722 4727 
1111 4175 4176 4255 4254 4490 4728 4729 4725 4730 
1112 4176 4177 4256 4255 4493 4731 4732 4728 4733 
1113 4177 4178 4257 4256 4496 4734 4735 4731 4736 
1114 4178 4179 4258 4257 4499 4737 4738 4734 4739 
1115 4179 4180 4259 4258 4502 4740 4741 4737 4742 
1116 4180 4181 4260 4259 4505 4743 4744 4740 4745 
1117 4181 4182 4261 4260 4508 4746 4747 4743 4748 
1118 4182 4183 4262 4261 4511 4749 4750 4746 4751 
1119 4183 4184 4263 4262 4514 4752 4753 4749 4754 
1120 4184 4185 4264 4263 4517 4755 4756 4752 4757 
1121 4185 4186 4265 4264 4520 4758 4759 4755 4760 
1122 4186 4187 4266 4265 4523 4761 4762 4758 4763 
1123 4187 4188 4267 4266 4526 4764 4765 4761 4766 
1124 4188 4189 4268 4267 4529 4767 4768 4764 4769 
1125 4189 4190 4269 4268 4532 4770 4771 4767 4772 
1126 4190 4191 4270 4269 4535 4773 4774 4770 4775 
1127 4191 4192 4271 4270 4538 4776 4777 4773 4778 
1128 4192 4193 4272 4271 4541 4779 4780 4776 4781 
1129 4193 4194 4273 4272 4544 4782 4783 4779 4784 
1130 4194 4195 4274 4273 4547 4785 4786 4782 4787 
1131 4195 4196 4275 4274 4550 4788 4789 4785 4790 
1132 4196 4197 4276 4275 4553 4791 4792 4788 4793 
1133 4197 4198 4277 4276 4556 4794 4795 4791 4796 
1134 4198 4199 4278 4277 4559 4797 4798 4794 4799 
1135 4199 4200 4279 4278 4562 4800 4801 4797 4802 
1136 4200 4201 4280 4279 4565 4803 4804 4800 4805 
1137 4201 4202 4281 4280 4568 4806 4807 4803 4808 
1138 4202 4203 4282 4281 4571 4809 4810 4806 4811 
1139 4203 4204 4283 4282 4574 4812 4813 4809 4814 
1140 4204 4205 4284 4283 4577 4815 4816 4812 4817 
1141 4205 4206 4285 4284 4580 4818 4819 4815 4820 
1142 4206 4207 4286 4285 4583 4821 4822 4818 4823 
1143 4207 4208 4287 4286 4586 4824 4825 4821 4826 
1144 4208 4209 4288 4287 4589 4827 4828 4824 4829 
1145 4209 4210 4289 4288 4592 4830 4831 4827 4832 
1146 4210 4211 4290 4289 4595 4833 4834 4830 4835 
1147 4211 4212 4291 4290 4598 4836 4837 4833 4838 
1148 4212 4213 4292 4291 4601 4839 4840 4836 4841 
1149 4213 4214 4293 4292 4604 4842 4843 4839 4844 
1150 4214 4215 4294 4293 4607 4845 4846 4842 4847 
1151 4215 4216 4295 4294 4610 4848 4849 4845 4850 
1152 4216 44 45 4295 4612 48 4851 4848 4852 
1153 17 4217 4296 18 4615 4853 4854 21 4855 
1154 4217 4218 4297 4296 4618 4856 4857 4853 4858 
1155 4218 4219 4298 4297 4621 4859 4860 4856 4861 
1156 4219 4220 4299 4298 4624 4862 4863 4859 4864 
1157 4220 4221 4300 4299 4627 4865 4866 4862 4867 
1158 4221 4222 4301 4300 4630 4868 4869 4865 4870 
1159 4222 4223 4302 4301 4633 4871 4872 4868 4873 
1160 4223 4224 4303 4302 4636 4874 4875 4871 4876 
1161 4224 4225 4304 4303 4639 4877 4878 4874 4879 
1162 4225 4226 4305 4304 4642 4880 4881 4877 4882 
1163 4226 4227 4306 4305 4645 4883 4884 4880 4885 
1164 4227 4228 4307 4306 4648 4886 4887 4883 4888 
1165 4228 4229 4308 4307 4651 4889 4890 4886 4891 
1166 4229 4230 4309 4308 4654 4892 4893 4889 4894 
1167 4230 4231 4310 4309 4657 4895 4896 4892 4897 
1168 4231 4232 4311 4310 4660 4898 4899 4895 4900 
1169 4232 4233 4312 4311 4663 4901 4902 4898 4903 
1170 4233 4234 4313 4312 4666 4904 4905 4901 4906 
1171 4234 4235 4314 4313 4669 4907 4908 4904 4909 
1172 4235 4236 4315 4314 4672 4910 4911 4907 4912 
1173 4236 4237 4316 4315 4675 4913 4914 4910 4915 
1174 4237 4238 4317 4316 4678 4916 4917 4913 4918 
1175 4238 4239 4318 4317 4681 4919 4920 4916 4921 
1176 4239 4240 4319 4318 4684 4922 4923 4919 4924 
1177 4240 4241 4320 4319 4687 4925 4926 4922 4927 
1178 4241 4242 4321 4320 4690 4928 4929 4925 4930 
1179 4242 4243 4322 4321 4693 4931 4932 4928 4933 
1180 4243 4244 4323 4322 4696 4934 4935 4931 4936 
1181 4244 4245 4324 4323 4699 4937 4938 4934 4939 
1182 4245 4246 4325 4324 4702 4940 4941 4937 4942 
1183 4246 4247 4326 4325 4705 4943 4944 4940 4945 
1184 4247 4248 4327 4326 4708 4946 4947 4943 4948 
1185 4248 4249 4328 4327 4711 4949 4950 4946 4951 
1186 4249 4250 4329 4328 4714 4952 4953 4949 4954 
1187 4250 4251 4330 4329 4717 4955 4956 4952 4957 
1188 4251 4252 4331 4330 4720 4958 4959 4955 4960 
1189 4252 4253 4332 4331 4723 4961 4962 4958 4963 
1190 4253 4254 4333 4332 4726 4964 4965 4961 4966 
1191 4254 4255 4334 4333 4729 4967 4968 4964 4969 
1192 4255 4256 4335 4334 4732 4970 4971 4967 4972 
1193 4256 4257 4336 4335 4735 4973 4974 4970 4975 
1194 4257 4258 4337 4336 4738 4976 4977 4973 4978 
1195 4258 4259 4338 4337 4741 4979 4980 4976 4981 
1196 4259 4260 4339 4338 4744 4982 4983 4979 4984 
1197 4260 4261 4340 4339 4747 4985 4986 4982 4987 
1198 4261 4262 4341 4340 4750 4988 4989 4985 4990 
1199 4262 4263 4342 4341 4753 4991 4992 4988 4993 
1200 4263 4264 4343 4342 4756 4994 4995 4991 4996 
1201 4264 4265 4344 4343 4759 4997 4998 4994 4999 
1202 4265 4266 4345 4344 4762 5000 5001 4997 5002 
1203 4266 4267 4346 4345 4765 5003 5004 5000 5005 
1204 4267 4268 4347 4346 4768 5006 5007 5003 5008 
1205 4268 4269 4348 4347 4771 5009 5010 5006 5011 
1206 4269 4270 4349 4348 4774 5012 5013 5009 5014 
1207 4270 4271 4350 4349 4777 5015 5016 5012 5017 
1208 4271 4272 4351 4350 4780 5018 5019 5015 5020 
1209 4272 4273 4352 4351 4783 5021 5022 5018 5023 
1210 4273 4274 4353 4352 4786 5024 5025 5021 5026 
1211 4274 4275 4354 4353 4789 5027 5028 5024 5029 
1212 4275 4276 4355 4354 4792 5030 5031 5027 5032 
1213 4276 4277 4356 4355 4795 5033 5034 5030 5035 
1214 4277 4278 4357 4356 4798 5036 5037 5033 5038 
1215 4278 4279 4358 4357 4801 5039 5040 5036 5041 
1216 4279 4280 4359 4358 4804 5042 5043 5039 5044 
1217 4280 4281 4360 4359 4807 5045 5046 5042 5047 
1218 4281 4282 4361 4360 4810 5048 5049 5045 5050 
1219 4282 4283 4362 4361 4813 5051 5052 5048 5053 
1220 4283 4284 4363 4362 4816 5054 5055 5051 5056 
1221 4284 4285 4364 4363 4819 5057 5058 5054 5059 
1222 4285 4286 4365 4364 4822 5060 5061 5057 5062 
1223 4286 4287 4366 4365 4825 5063 5064 5060 5065 
1224 4287 4288 4367 4366 4828 5066 5067 5063 5068 
1225 4288 4289 4368 4367 4831 5069 5070 5066 5071 
1226 4289 4290 4369 4368 4834 5072 5073 5069 5074 
1227 4290 4291 4370 4369 4837 5075 5076 5072 5077 
1228 4291 4292 4371 4370 4840 5078 5079 5075 5080 
1229 4292 4293 4372 4371 4843 5081 5082 5078 5083 
1230 4293 4294 4373 4372 4846 5084 5085 5081 5086 
1231 4294 4295 4374 4373 4849 5087 5088 5084 5089 
1232 4295 45 46 4374 4851 49 5090 5087 5091 
1233 18 4296 542 3 4854 5092 621 22 5093 
1234 4296 4297 543 542 4857 5094 622 5092 5095 
1235 4297 4298 544 543 4860 5096 623 5094 5097 
1236 4298 4299 545 544 4863 5098 624 5096 5099 
1237 4299 4300 546 545 4866 5100 625 5098 5101 
1238 4300 4301 547 546 4869 5102 626 5100 5103 
1239 4301 4302 548 547 4872 5104 627 5102 5105 
1240 4302 4303 549 548 4875 5106 628 5104 5107 
1241 4303 4304 550 549 4878 5108 629 5106 5109 
1242 4304 4305 551 550 4881 5110 630 5108 5111 
1243 4305 4306 552 551 4884 5112 631 5110 5113 
1244 4306 4307 553 552 4887 5114 632 5112 5115 
1245 4307 4308 554 553 4890 5116 633 5114 5117 
1246 4308 4309 555 554 4893 5118 634 5116 5119 
1247 4309 4310 556 555 4896 5120 635 5118 5121 
1248 4310 4311 557 556 4899 5122 636 5120 5123 
1249 4311 4312 558 557 4902 5124 637 5122 5125 
1250 4312 4313 559 558 4905 5126 638 5124 5127 
1251 4313 4314 560 559 4908 5128 639 5126 5129 
1252 4314 4315 561 560 4911 5130 640 5128 5131 
1253 4315 4316 562 561 4914 5132 641 5130 5133 
1254 4316 4317 563 562 4917 5134 642 5132 5135 
1255 4317 4318 564 563 4920 5136 643 5134 5137 
1256 4318 4319 565 564 4923 5138 644 5136 5139 
1257 4319 4320 566 565 4926 5140 645 5138 5141 
1258 4320 4321 567 566 4929 5142 646 5140 5143 
1259 4321 4322 568 567 4932 5144 647 5142 5145 
1260 4322 4323 569 568 4935 5146 648 5144 5147 
1261 4323 4324 570 569 4938 5148 649 5146 5149 
1262 4324 4325 571 570 4941 5150 650 5148 5151 
1263 4325 4326 572 571 4944 5152 651 5150 5153 
1264 4326 4327 573 572 4947 5154 652 5152 5155 
1265 4327 4328 574 573 4950 5156 653 5154 5157 
1266 4328 4329 575 574 4953 5158 654 5156 5159 
1267 4329 4330 576 575 4956 5160 655 5158 5161 
1268 4330 4331 577 576 4959 5162 656 5160 5163 
1269 4331 4332 578 577 4962 5164 657 5162 5165 
1270 4332 4333 579 578 4965 5166 658 5164 5167 
1271 4333 4334 580 579 4968 5168 659 5166 5169 
1272 4334 4335 581 580 4971 5170 660 5168 5171 
1273 4335 4336 582 581 4974 5172 661 5170 5173 
1274 4336 4337 583 582 4977 5174 662 5172 5175 
1275 4337 4338 584 583 4980 5176 663 5174 5177 
1276 4338 4339 585 584 4983 5178 664 5176 5179 
1277 4339 4340 586 585 4986 5180 665 5178 5181 
1278 4340 4341 587 586 4989 5182 666 5180 5183 
1279 4341 4342 588 587 4992 5184 667 5182 5185 
1280 4342 4343 589 588 4995 5186 668 5184 5187 
1281 4343 4344 590 589 4998 5188 669 5186 5189 
1282 4344 4345 591 590 5001 5190 670 5188 5191 
1283 4345 4346 592 591 5004 5192 671 5190 5193 
1284 4346 4347 593 592 5007 5194 672 5192 5195 
1285 4347 4348 594 593 5010 5196 673 5194 5197 
1286 4348 4349 595 594 5013 5198 674 5196 5199 
1287 4349 4350 596 595 5016 5200 675 5198 5201 
1288 4350 4351 597 596 5019 5202 676 5200 5203 
1289 4351 4352 598 597 5022 5204 677 5202 5205 
1290 4352 4353 599 598 5025 5206 678 5204 5207 
1291 4353 4354 600 599 5028 5208 679 5206 5209 
1292 4354 4355 601 600 5031 5210 680 5208 5211 
1293 4355 4356 602 601 5034 5212 681 5210 5213 
1294 4356 4357 603 602 5037 5214 682 5212 5215 
1295 4357 4358 604 603 5040 5216 683 5214 5217 
1296 4358 4359 605 604 5043 5218 684 5216 5219 
1297 4359 4360 606 605 5046 5220 685 5218 5221 
1298 4360 4361 607 606 5049 5222 686 5220 5223 
1299 4361 4362 608 607 5052 5224 687 5222 5225 
1300 4362 4363 609 608 5055 5226 688 5224 5227 
1301 4363 4364 610 609 5058 5228 689 5226 5229 
1302 4364 4365 611 610 5061 5230 690 5228 5231 
1303 4365 4366 612 611 5064 5232 691 5230 5233 
1304 4366 4367 613 612 5067 5234 692 5232 5235 
1305 4367 4368 614 613 5070 5236 693 5234 5237 
1306 4368 4369 615 614 5073 5238 694 5236 5239 
1307 4369 4370 616 615 5076 5240 695 5238 5241 
1308 4370 4371 617 616 5079 5242 696 5240 5243 
1309 4371 4372 618 617 5082 5244 697 5242 5245 
1310 4372 4373 619 618 5085 5246 698 5244 5247 
1311 4373 4374 620 619 5088 5248 699 5246 5249 
1312 4374 46 7 620 5090 50 700 5248 5250 
3 1 12 1280
1313 701 9 2 30 5251 799 65 3025 710 711 5962 12 1037 33 144 3262 5963 5964 1036 3263 712 5965 5966 1038 3264 5967 5968 
1314 5251 799 65 3025 5252 802 66 3026 5963 5964 5969 1036 1048 3263 145 3265 5970 5971 1047 3266 5967 5972 5973 1049 3267 5974 5975 
1315 5252 802 66 3026 5253 805 67 3027 5970 5971 5976 1047 1059 3266 146 3268 5977 5978 1058 3269 5974 5979 5980 1060 3270 5981 5982 
1316 5253 805 67 3027 5254 808 68 3028 5977 5978 5983 1058 1070 3269 147 3271 5984 5985 1069 3272 5981 5986 5987 1071 3273 5988 5989 
1317 5254 808 68 3028 5255 811 69 3029 5984 5985 5990 1069 1081 3272 148 3274 5991 5992 1080 3275 5988 5993 5994 1082 3276 5995 5996 
1318 5255 811 69 3029 5256 814 70 3030 5991 5992 5997 1080 1092 3275 149 3277 5998 5999 1091 3278 5995 6000 6001 1093 3279 6002 6003 
1319 5256 814 70 3030 5257 817 71 3031 5998 5999 6004 1091 1103 3278 150 3280 6005 6006 1102 3281 6002 6007 6008 1104 3282 6009 6010 
1320 5257 817 71 3031 5258 820 72 3032 6005 6006 6011 1102 1114 3281 151 3283 6012 6013 1113 3284 6009 6014 6015 1115 3285 6016 6017 
1321 5258 820 72 3032 5259 823 73 3033 6012 6013 6018 1113 1125 3284 152 3286 6019 6020 1124 3287 6016 6021 6022 1126 3288 6023 6024 
1322 5259 823 73 3033 5260 826 74 3034 6019 6020 6025 1124 1136 3287 153 3289 6026 6027 1135 3290 6023 6028 6029 1137 3291 6030 6031 
1323 5260 826 74 3034 5261 829 75 3035 6026 6027 6032 1135 1147 3290 154 3292 6033 6034 1146 3293 6030 6035 6036 1148 3294 6037 6038 
1324 5261 829 75 3035 5262 832 76 3036 6033 6034 6039 1146 1158 3293 155 3295 6040 6041 1157 3296 6037 6042 6043 1159 3297 6044 6045 
1325 5262 832 76 3036 5263 835 77 3037 6040 6041 6046 1157 1169 3296 156 3298 6047 6048 1168 3299 6044 6049 6050 1170 3300 6051 6052 
1326 5263 835 77 3037 5264 838 78 3038 6047 6048 6053 1168 1180 3299 157 3301 6054 6055 1179 3302 6051 6056 6057 1181 3303 6058 6059 
1327 5264 838 78 3038 5265 841 79 3039 6054 6055 6060 1179 1191 3302 158 3304 6061 6062 1190 3305 6058 6063 6064 1192 3306 6065 6066 
1328 5265 841 79 3039 5266 844 80 3040 6061 6062 6067 1190 1202 3305 159 3307 6068 6069 1201 3308 6065 6070 6071 1203 3309 6072 6073 
1329 5266 844 80 3040 5267 847 81 3041 6068 6069 6074 1201 1213 3308 160 3310 6075 6076 1212 3311 6072 6077 6078 1214 3312 6079 6080 
1330 5267 847 81 3041 5268 850 82 3042 6075 6076 6081 1212 1224 3311 161 3313 6082 6083 1223 3314 6079 6084 6085 1225 3315 6086 6087 
1331 5268 850 82 3042 5269 853 83 3043 6082 6083 6088 1223 1235 3314 162 3316 6089 6090 1234 3317 6086 6091 6092 1236 3318 6093 6094 
1332 5269 853 83 3043 5270 856 84 3044 6089 6090 6095 1234 1246 3317 163 3319 6096 6097 1245 3320 6093 6098 6099 1247 3321 6100 6101 
1333 5270 856 84 3044 5271 859 85 3045 6096 6097 6102 1245 1257 3320 164 3322 6103 6104 1256 3323 6100 6105 6106 1258 3324 6107 6108 
1334 5271 859 85 3045 5272 862 86 3046 6103 6104 6109 1256 1268 3323 165 3325 6110 6111 1267 3326 6107 6112 6113 1269 3327 6114 6115 
1335 5272 862 86 3046 5273 865 87 3047 6110 6111 6116 1267 1279 3326 166 3328 6117 6118 1278 3329 6114 6119 6120 1280 3330 6121 6122 
1336 5273 865 87 3047 5274 868 88 3048 6117 6118 6123 1278 1290 3329 167 3331 6124 6125 1289 3332 6121 6126 6127 1291 3333 6128 6129 
1337 5274 868 88 3048 5275 871 89 3049 6124 6125 6130 1289 1301 3332 168 3334 6131 6132 1300 3335 6128 6133 6134 1302 3336 6135 6136 
1338 5275 871 89 3049 5276 874 90 3050 6131 6132 6137 1300 1312 3335 169 3337 6138 6139 1311 3338 6135 6140 6141 1313 3339 6142 6143 
1339 5276 874 90 3050 5277 877 91 3051 6138 6139 6144 1311 1323 3338 170 3340 6145 6146 1322 3341 6142 6147 6148 1324 3342 6149 6150 
1340 5277 877 91 3051 5278 880 92 3052 6145 6146 6151 1322 1334 3341 171 3343 6152 6153 1333 3344 6149 6154 6155 1335 3345 6156 6157 
1341 5278 880 92 3052 5279 883 93 3053 6152 6153 6158 1333 1345 3344 172 3346 6159 6160 1344 3347 6156 6161 6162 1346 3348 6163 6164 
1342 5279 883 93 3053 5280 886 94 3054 6159 6160 6165 1344 1356 3347 173 3349 6166 6167 1355 3350 6163 6168 6169 1357 3351 6170 6171 
1343 5280 886 94 3054 5281 889 95 3055 6166 6167 6172 1355 1367 3350 174 3352 6173 6174 1366 3353 6170 6175 6176 1368 3354 6177 6178 
1344 5281 889 95 3055 5282 892 96 3056 6173 6174 6179 1366 1378 3353 175 3355 6180 6181 1377 3356 6177 6182 6183 1379 3357 6184 6185 
1345 5282 892 96 3056 5283 895 97 3057 6180 6181 6186 1377 1389 3356 176 3358 6187 6188 1388 3359 6184 6189 6190 1390 3360 6191 6192 
1346 5283 895 97 3057 5284 898 98 3058 6187 6188 6193 1388 1400 3359 177 3361 6194 6195 1399 3362 6191 6196 6197 1401 3363 6198 6199 
1347 5284 898 98 3058 5285 901 99 3059 6194 6195 6200 1399 1411 3362 178 3364 6201 6202 1410 3365 6198 6203 6204 1412 3366 6205 6206 
1348 5285 901 99 3059 5286 904 100 3060 6201 6202 6207 1410 1422 3365 179 3367 6208 6209 1421 3368 6205 6210 6211 1423 3369 6212 6213 
1349 5286 904 100 3060 5287 907 101 3061 6208 6209 6214 1421 1433 3368 180 3370 6215 6216 1432 3371 6212 6217 6218 1434 3372 6219 6220 
1350 5287 907 101 3061 5288 910 102 3062 6215 6216 6221 1432 1444 3371 181 3373 6222 6223 1443 3374 6219 6224 6225 1445 3375 6226 6227 
1351 5288 910 102 3062 5289 913 103 3063 6222 6223 6228 1443 1455 3374 182 3376 6229 6230 1454 3377 6226 6231 6232 1456 3378 6233 6234 
1352 5289 913 103 3063 5290 916 104 3064 6229 6230 6235 1454 1466 3377 183 3379 6236 6237 1465 3380 6233 6238 6239 1467 3381 6240 6241 
1353 5290 916 104 3064 5291 919 105 3065 6236 6237 6242 1465 1477 3380 184 3382 6243 6244 1476 3383 6240 6245 6246 1478 3384 6247 6248 
1354 5291 919 105 3065 5292 922 106 3066 6243 6244 6249 1476 1488 3383 185 3385 6250 6251 1487 3386 6247 6252 6253 1489 3387 6254 6255 
1355 5292 922 106 3066 5293 925 107 3067 6250 6251 6256 1487 1499 3386 186 3388 6257 6258 1498 3389 6254 6259 6260 1500 3390 6261 6262 
1356 5293 925 107 3067 5294 928 108 3068 6257 6258 6263 1498 1510 3389 187 3391 6264 6265 1509 3392 6261 6266 6267 1511 3393 6268 6269 
1357 5294 928 108 3068 5295 931 109 3069 6264 6265 6270 1509 1521 3392 188 3394 6271 6272 1520 3395 6268 6273 6274 1522 3396 6275 6276 
1358 5295 931 109 3069 5296 934 110 3070 6271 6272 6277 1520 1532 3395 189 3397 6278 6279 1531 3398 6275 6280 6281 1533 3399 6282 6283 
1359 5296 934 110 3070 5297 937 111 3071 6278 6279 6284 1531 1543 3398 190 3400 6285 6286 1542 3401 6282 6287 6288 1544 3402 6289 6290 
1360 5297 937 111 3071 5298 940 112 3072 6285 6286 6291 1542 1554 3401 191 3403 6292 6293 1553 3404 6289 6294 6295 1555 3405 6296 6297 
1361 5298 940 112 3072 5299 943 113 3073 6292 6293 6298 1553 1565 3404 192 3406 6299 6300 1564 3407 6296 6301 6302 1566 3408 6303 6304 
1362 5299 943 113 3073 5300 946 114 3074 6299 6300 6305 1564 1576 3407 193 3409 6306 6307 1575 3410 6303 6308 6309 1577 3411 6310 6311 
1363 5300 946 114 3074 5301 949 115 3075 6306 6307 6312 1575 1587 3410 194 3412 6313 6314 1586 3413 6310 6315 6316 1588 3414 6317 6318 
1364 5301 949 115 3075 5302 952 116 3076 6313 6314 6319 1586 1598 3413 195 3415 6320 6321 1597 3416 6317 6322 6323 1599 3417 6324 6325 
1365 5302 952 116 3076 5303 955 117 3077 6320 6321 6326 1597 1609 3416 196 3418 6327 6328 1608 3419 6324 6329 6330 1610 3420 6331 6332 
1366 5303 955 117 3077 5304 958 118 3078 6327 6328 6333 1608 1620 3419 197 3421 6334 6335 1619 3422 6331 6336 6337 1621 3423 6338 6339 
1367 5304 958 118 3078 5305 961 119 3079 6334 6335 6340 1619 1631 3422 198 3424 6341 6342 1630 3425 6338 6343 6344 1632 3426 6345 6346 
1368 5305 961 119 3079 5306 964 120 3080 6341 6342 6347 1630 1642 3425 199 3427 6348 6349 1641 3428 6345 6350 6351 1643 3429 6352 6353 
1369 5306 964 120 3080 5307 967 121 3081 6348 6349 6354 1641 1653 3428 200 3430 6355 6356 1652 3431 6352 6357 6358 1654 3432 6359 6360 
1370 5307 967 121 3081 5308 970 122 3082 6355 6356 6361 1652 1664 3431 201 3433 6362 6363 1663 3434 6359 6364 6365 1665 3435 6366 6367 
1371 5308 970 122 3082 5309 973 123 3083 6362 6363 6368 1663 1675 3434 202 3436 6369 6370 1674 3437 6366 6371 6372 1676 3438 6373 6374 
1372 5309 973 123 3083 5310 976 124 3084 6369 6370 6375 1674 1686 3437 203 3439 6376 6377 1685 3440 6373 6378 6379 1687 3441 6380 6381 
1373 5310 976 124 3084 5311 979 125 3085 6376 6377 6382 1685 1697 3440 204 3442 6383 6384 1696 3443 6380 6385 6386 1698 3444 6387 6388 
1374 5311 979 125 3085 5312 982 126 3086 6383 6384 6389 1696 1708 3443 205 3445 6390 6391 1707 3446 6387 6392 6393 1709 3447 6394 6395 
1375 5312 982 126 3086 5313 985 127 3087 6390 6391 6396 1707 1719 3446 206 3448 6397 6398 1718 3449 6394 6399 6400 1720 3450 6401 6402 
1376 5313 985 127 3087 5314 988 128 3088 6397 6398 6403 1718 1730 3449 207 3451 6404 6405 1729 3452 6401 6406 6407 1731 3453 6408 6409 
1377 5314 988 128 3088 5315 991 129 3089 6404 6405 6410 1729 1741 3452 208 3454 6411 6412 1740 3455 6408 6413 6414 1742 3456 6415 6416 
1378 5315 991 129 3089 5316 994 130 3090 6411 6412 6417 1740 1752 3455 209 3457 6418 6419 1751 3458 6415 6420 6421 1753 3459 6422 6423 
1379 5316 994 130 3090 5317 997 131 3091 6418 6419 6424 1751 1763 3458 210 3460 6425 6426 1762 3461 6422 6427 6428 1764 3462 6429 6430 
1380 5317 997 131 3091 5318 1000 132 3092 6425 6426 6431 1762 1774 3461 211 3463 6432 6433 1773 3464 6429 6434 6435 1775 3465 6436 6437 
1381 5318 1000 132 3092 5319 1003 133 3093 6432 6433 6438 1773 1785 3464 212 3466 6439 6440 1784 3467 6436 6441 6442 1786 3468 6443 6444 
1382 5319 1003 133 3093 5320 1006 134 3094 6439 6440 6445 1784 1796 3467 213 3469 6446 6447 1795 3470 6443 6448 6449 1797 3471 6450 6451 
1383 5320 1006 134 3094 5321 1009 135 3095 6446 6447 6452 1795 1807 3470 214 3472 6453 6454 1806 3473 6450 6455 6456 1808 3474 6457 6458 
1384 5321 1009 135 3095 5322 1012 136 3096 6453 6454 6459 1806 1818 3473 215 3475 6460 6461 1817 3476 6457 6462 6463 1819 3477 6464 6465 
1385 5322 1012 136 3096 5323 1015 137 3097 6460 6461 6466 1817 1829 3476 216 3478 6467 6468 1828 3479 6464 6469 6470 1830 3480 6471 6472 
1386 5323 1015 137 3097 5324 1018 138 3098 6467 6468 6473 1828 1840 3479 217 3481 6474 6475 1839 3482 6471 6476 6477 1841 3483 6478 6479 
1387 5324 1018 138 3098 5325 1021 139 3099 6474 6475 6480 1839 1851 3482 218 3484 6481 6482 1850 3485 6478 6483 6484 1852 3486 6485 6486 
1388 5325 1021 139 3099 5326 1024 140 3100 6481 6482 6487 1850 1862 3485 219 3487 6488 6489 1861 3488 6485 6490 6491 1863 3489 6492 6493 
1389 5326 1024 140 3100 5327 1027 141 3101 6488 6489 6494 1861 1873 3488 220 3490 6495 6496 1872 3491 6492 6497 6498 1874 3492 6499 6500 
1390 5327 1027 141 3101 5328 1030 142 3102 6495 6496 6501 1872 1884 3491 221 3493 6502 6503 1883 3494 6499 6504 6505 1885 3495 6506 6507 
1391 5328 1030 142 3102 5329 1033 143 3103 6502 6503 6508 1883 1895 3494 222 3496 6509 6510 1894 3497 6506 6511 6512 1896 3498 6513 6514 
1392 5329 1033 143 3103 750 37 6 58 6509 6510 6515 1894 1905 3497 223 3499 760 759 40 61 6513 6516 6517 1906 3500 761 6518 
1393 702 701 30 31 5330 5251 3025 3104 713 714 6519 711 5962 34 3262 3501 6520 6521 5964 3502 715 6522 6523 5966 3503 6524 6525 
1394 5330 5251 3025 3104 5331 5252 3026 3105 6520 6521 6526 5964 5969 3502 3265 3504 6527 6528 5971 3505 6524 6529 6530 5973 3506 6531 6532 
1395 5331 5252 3026 3105 5332 5253 3027 3106 6527 6528 6533 5971 5976 3505 3268 3507 6534 6535 5978 3508 6531 6536 6537 5980 3509 6538 6539 
1396 5332 5253 3027 3106 5333 5254 3028 3107 6534 6535 6540 5978 5983 3508 3271 3510 6541 6542 5985 3511 6538 6543 6544 5987 3512 6545 6546 
1397 5333 5254 3028 3107 5334 5255 3029 3108 6541 6542 6547 5985 5990 3511 3274 3513 6548 6549 5992 3514 6545 6550 6551 5994 3515 6552 6553 
1398 5334 5255 3029 3108 5335 5256 3030 3109 6548 6549 6554 5992 5997 3514 3277 3516 6555 6556 5999 3517 6552 6557 6558 6001 3518 6559 6560 
1399 5335 5256 3030 3109 5336 5257 3031 3110 6555 6556 6561 5999 6004 3517 3280 3519 6562 6563 6006 3520 6559 6564 6565 6008 3521 6566 6567 
1400 5336 5257 3031 3110 5337 5258 3032 3111 6562 6563 6568 6006 6011 3520 3283 3522 6569 6570 6013 3523 6566 6571 6572 6015 3524 6573 6574 
1401 5337 5258 3032 3111 5338 5259 3033 3112 6569 6570 6575 6013 6018 3523 3286 3525 6576 6577 6020 3526 6573 6578 6579 6022 3527 6580 6581 
1402 5338 5259 3033 3112 5339 5260 3034 3113 6576 6577 6582 6020 6025 3526 3289 3528 6583 6584 6027 3529 6580 6585 6586 6029 3530 6587 6588 
1403 5339 5260 3034 3113 5340 5261 3035 3114 6583 6584 6589 6027 6032 3529 3292 3531 6590 6591 6034 3532 6587 6592 6593 6036 3533 6594 6595 
1404 5340 5261 3035 3114 5341 5262 3036 3115 6590 6591 6596 6034 6039 3532 3295 3534 6597 6598 6041 3535 6594 6599 6600 6043 3536 6601 6602 
1405 5341 5262 3036 3115 5342 5263 3037 3116 6597 6598 6603 6041 6046 3535 3298 3537 6604 6605 6048 3538 6601 6606 6607 6050 3539 6608 6609 
1406 5342 5263 3037 3116 5343 5264 3038 3117 6604 6605 6610 6048 6053 3538 3301 3540 6611 6612 6055 3541 6608 6613 6614 6057 3542 6615 6616 
1407 5343 5264 3038 3117 5344 5265 3039 3118 6611 6612 6617 6055 6060 3541 3304 3543 6618 6619 6062 3544 6615 6620 6621 6064 3545 6622 6623 
1408 5344 5265 3039 3118 5345 5266 3040 3119 6618 6619 6624 6062 6067 3544 3307 3546 6625 6626 6069 3547 6622 6627 6628 6071 3548 6629 6630 
1409 5345 5266 3040 3119 5346 5267 3041 3120 6625 6626 6631 6069 6074 3547 3310 3549 6632 6633 6076 3550 6629 6634 6635 6078 3551 6636 6637 
1410 5346 5267 3041 3120 5347 5268 3042 3121 6632 6633 6638 6076 6081 3550 3313 3552 6639 6640 6083 3553 6636 6641 6642 6085 3554 6643 6644 
1411 5347 5268 3042 3121 5348 5269 3043 3122 6639 6640 6645 6083 6088 3553 3316 3555 6646 6647 6090 3556 6643 6648 6649 6092 3557 6650 6651 
1412 5348 5269 3043 3122 5349 5270 3044 3123 6646 6647 6652 6090 6095 3556 3319 3558 6653 6654 6097 3559 6650 6655 6656 6099 3560 6657 6658 
1413 5349 5270 3044 3123 5350 5271 3045 3124 6653 6654 6659 6097 6102 3559 3322 3561 6660 6661 6104 3562 6657 6662 6663 6106 3563 6664 6665 
1414 5350 5271 3045 3124 5351 5272 3046 3125 6660 6661 6666 6104 6109 3562 3325 3564 6667 6668 6111 3565 6664 6669 6670 6113 3566 6671 6672 
1415 5351 5272 3046 3125 5352 5273 3047 3126 6667 6668 6673 6111 6116 3565 3328 3567 6674 6675 6118 3568 6671 6676 6677 6120 3569 6678 6679 
1416 5352 5273 3047 3126 5353 5274 3048 3127 6674 6675 6680 6118 6123 3568 3331 3570 6681 6682 6125 3571 6678 6683 6684 6127 3572 6685 6686 
1417 5353 5274 3048 3127 5354 5275 3049 3128 6681 6682 6687 6125 6130 3571 3334 3573 6688 6689 6132 3574 6685 6690 6691 6134 3575 6692 6693 
1418 5354 5275 3049 3128 5355 5276 3050 3129 6688 6689 6694 6132 6137 3574 3337 3576 6695 6696 6139 3577 6692 6697 6698 6141 3578 6699 6700 
1419 5355 5276 3050 3129 5356 5277 3051 3130 6695 6696 6701 6139 6144 3577 3340 3579 6702 6703 6146 3580 6699 6704 6705 6148 3581 6706 6707 
1420 5356 5277 3051 3130 5357 5278 3052 3131 6702 6703 6708 6146 6151 3580 3343 3582 6709 6710 6153 3583 6706 6711 6712 6155 3584 6713 6714 
1421 5357 5278 3052 3131 5358 5279 3053 3132 6709 6710 6715 6153 6158 3583 3346 3585 6716 6717 6160 3586 6713 6718 6719 6162 3587 6720 6721 
1422 5358 5279 3053 3132 5359 5280 3054 3133 6716 6717 6722 6160 6165 3586 3349 3588 6723 6724 6167 3589 6720 6725 6726 6169 3590 6727 6728 
1423 5359 5280 3054 3133 5360 5281 3055 3134 6723 6724 6729 6167 6172 3589 3352 3591 6730 6731 6174 3592 6727 6732 6733 6176 3593 6734 6735 
1424 5360 5281 3055 3134 5361 5282 3056 3135 6730 6731 6736 6174 6179 3592 3355 3594 6737 6738 6181 3595 6734 6739 6740 6183 3596 6741 6742 
1425 5361 5282 3056 3135 5362 5283 3057 3136 6737 6738 6743 6181 6186 3595 3358 3597 6744 6745 6188 3598 6741 6746 6747 6190 3599 6748 6749 
1426 5362 5283 3057 3136 5363 5284 3058 3137 6744 6745 6750 6188 6193 3598 3361 3600 6751 6752 6195 3601 6748 6753 6754 6197 3602 6755 6756 
1427 5363 5284 3058 3137 5364 5285 3059 3138 6751 6752 6757 6195 6200 3601 3364 3603 6758 6759 6202 3604 6755 6760 6761 6204 3605 6762 6763 
1428 5364 5285 3059 3138 5365 5286 3060 3139 6758 6759 6764 6202 6207 3604 3367 3606 6765 6766 6209 3607 6762 6767 6768 6211 3608 6769 6770 
1429 5365 5286 3060 3139 5366 5287 3061 3140 6765 6766 6771 6209 6214 3607 3370 3609 6772 6773 6216 3610 6769 6774 6775 6218 3611 6776 6777 
1430 5366 5287 3061 3140 5367 5288 3062 3141 6772 6773 6778 6216 6221 3610 3373 3612 6779 6780 6223 3613 6776 6781 6782 6225 3614 6783 6784 
1431 5367 5288 3062 3141 5368 5289 3063 3142 6779 6780 6785 6223 6228 3613 3376 3615 6786 6787 6230 3616 6783 6788 6789 6232 3617 6790 6791 
1432 5368 5289 3063 3142 5369 5290 3064 3143 6786 6787 6792 6230 6235 3616 3379 3618 6793 6794 6237 3619 6790 6795 6796 6239 3620 6797 6798 
1433 5369 5290 3064 3143 5370 5291 3065 3144 6793 6794 6799 6237 6242 3619 3382 3621 6800 6801 6244 3622 6797 6802 6803 6246 3623 6804 6805 
1434 5370 5291 3065 3144 5371 5292 3066 3145 6800 6801 6806 6244 6249 3622 3385 3624 6807 6808 6251 3625 6804 6809 6810 6253 3626 6811 6812 
1435 5371 5292 3066 3145 5372 5293 3067 3146 6807 6808 6813 6251 6256 3625 3388 3627 6814 6815 6258 3628 6811 6816 6817 6260 3629 6818 6819 
1436 5372 5293 3067 3146 5373 5294 3068 3147 6814 6815 6820 6258 6263 3628 3391 3630 6821 6822 6265 3631 6818 6823 6824 6267 3632 6825 6826 
1437 5373 5294 3068 3147 5374 5295 3069 3148 6821 6822 6827 6265 6270 3631 3394 3633 6828 6829 6272 3634 6825 6830 6831 6274 3635 6832 6833 
1438 5374 5295 3069 3148 5375 5296 3070 3149 6828 6829 6834 6272 6277 3634 3397 3636 6835 6836 6279 3637 6832 6837 6838 6281 3638 6839 6840 
1439 5375 5296 3070 3149 5376 5297 3071 3150 6835 6836 6841 6279 6284 3637 3400 3639 6842 6843 6286 3640 6839 6844 6845 6288 3641 6846 6847 
1440 5376 5297 3071 3150 5377 5298 3072 3151 6842 6843 6848 6286 6291 3640 3403 3642 6849 6850 6293 3643 6846 6851 6852 6295 3644 6853 6854 
1441 5377 5298 3072 3151 5378 5299 3073 3152 6849 6850 6855 6293 6298 3643 3406 3645 6856 6857 6300 3646 6853 6858 6859 6302 3647 6860 6861 
1442 5378 5299 3073 3152 5379 5300 3074 3153 6856 6857 6862 6300 6305 3646 3409 3648 6863 6864 6307 3649 6860 6865 6866 6309 3650 6867 6868 
1443 5379 5300 3074 3153 5380 5301 3075 3154 6863 6864 6869 6307 6312 3649 3412 3651 6870 6871 6314 3652 6867 6872 6873 6316 3653 6874 6875 
1444 5380 5301 3075 3154 5381 5302 3076 3155 6870 6871 6876 6314 6319 3652 3415 3654 6877 6878 6321 3655 6874 6879 6880 6323 3656 6881 6882 
1445 5381 5302 3076 3155 5382 5303 3077 3156 6877 6878 6883 6321 6326 3655 3418 3657 6884 6885 6328 3658 6881 6886 6887 6330 3659 6888 6889 
1446 5382 5303 3077 3156 5383 5304 3078 3157 6884 6885 6890 6328 6333 3658 3421 3660 6891 6892 6335 3661 6888 6893 6894 6337 3662 6895 6896 
1447 5383 5304 3078 3157 5384 5305 3079 3158 6891 6892 6897 6335 6340 3661 3424 3663 6898 6899 6342 3664 6895 6900 6901 6344 3665 6902 6903 
1448 5384 5305 3079 3158 5385 5306 3080 3159 6898 6899 6904 6342 6347 3664 3427 3666 6905 6906 6349 3667 6902 6907 6908 6351 3668 6909 6910 
1449 5385 5306 3080 3159 5386 5307 3081 3160 6905 6906 6911 6349 6354 3667 3430 3669 6912 6913 6356 3670 6909 6914 6915 6358 3671 6916 6917 
1450 5386 5307 3081 3160 5387 5308 3082 3161 6912 6913 6918 6356 6361 3670 3433 3672 6919 6920 6363 3673 6916 6921 6922 6365 3674 6923 6924 
1451 5387 5308 3082 3161 5388 5309 3083 3162 6919 6920 6925 6363 6368 3673 3436 3675 6926 6927 6370 3676 6923 6928 6929 6372 3677 6930 6931 
1452 5388 5309 3083 3162 5389 5310 3084 3163 6926 6927 6932 6370 6375 3676 3439 3678 6933 6934 6377 3679 6930 6935 6936 6379 3680 6937 6938 
1453 5389 5310 3084 3163 5390 5311 3085 3164 6933 6934 6939 6377 6382 3679 3442 3681 6940 6941 6384 3682 6937 6942 6943 6386 3683 6944 6945 
1454 5390 5311 3085 3164 5391 5312 3086 3165 6940 6941 6946 6384 6389 3682 3445 3684 6947 6948 6391 3685 6944 6949 6950 6393 3686 6951 6952 
1455 5391 5312 3086 3165 5392 5313 3087 3166 6947 6948 6953 6391 6396 3685 3448 3687 6954 6955 6398 3688 6951 6956 6957 6400 3689 6958 6959 
1456 5392 5313 3087 3166 5393 5314 3088 3167 6954 6955 6960 6398 6403 3688 3451 3690 6961 6962 6405 3691 6958 6963 6964 6407 3692 6965 6966 
1457 5393 5314 3088 3167 5394 5315 3089 3168 6961 6962 6967 6405 6410 3691 3454 3693 6968 6969 6412 3694 6965 6970 6971 6414 3695 6972 6973 
1458 5394 5315 3089 3168 5395 5316 3090 3169 6968 6969 6974 6412 6417 3694 3457 3696 6975 6976 6419 3697 6972 6977 6978 6421 3698 6979 6980 
1459 5395 5316 3090 3169 5396 5317 3091 3170 6975 6976 6981 6419 6424 3697 3460 3699 6982 6983 6426 3700 6979 6984 6985 6428 3701 6986 6987 
1460 5396 5317 3091 3170 5397 5318 3092 3171 6982 6983 6988 6426 6431 3700 3463 3702 6989 6990 6433 3703 6986 6991 6992 6435 3704 6993 6994 
1461 5397 5318 3092 3171 5398 5319 3093 3172 6989 6990 6995 6433 6438 3703 3466 3705 6996 6997 6440 3706 6993 6998 6999 6442 3707 7000 7001 
1462 5398 5319 3093 3172 5399 5320 3094 3173 6996 6997 7002 6440 6445 3706 3469 3708 7003 7004 6447 3709 7000 7005 7006 6449 3710 7007 7008 
1463 5399 5320 3094 3173 5400 5321 3095 3174 7003 7004 7009 6447 6452 3709 3472 3711 7010 7011 6454 3712 7007 7012 7013 6456 3713 7014 7015 
1464 5400 5321 3095 3174 5401 5322 3096 3175 7010 7011 7016 6454 6459 3712 3475 3714 7017 7018 6461 3715 7014 7019 7020 6463 3716 7021 7022 
1465 5401 5322 3096 3175 5402 5323 3097 3176 7017 7018 7023 6461 6466 3715 3478 3717 7024 7025 6468 3718 7021 7026 7027 6470 3719 7028 7029 
1466 5402 5323 3097 3176 5403 5324 3098 3177 7024 7025 7030 6468 6473 3718 3481 3720 7031 7032 6475 3721 7028 7033 7034 6477 3722 7035 7036 
1467 5403 5324 3098 3177 5404 5325 3099 3178 7031 7032 7037 6475 6480 3721 3484 3723 7038 7039 6482 3724 7035 7040 7041 6484 3725 7042 7043 
1468 5404 5325 3099 3178 5405 5326 3100 3179 7038 7039 7044 6482 6487 3724 3487 3726 7045 7046 6489 3727 7042 7047 7048 6491 3728 7049 7050 
1469 5405 5326 3100 3179 5406 5327 3101 3180 7045 7046 7051 6489 6494 3727 3490 3729 7052 7053 6496 3730 7049 7054 7055 6498 3731 7056 7057 
1470 5406 5327 3101 3180 5407 5328 3102 3181 7052 7053 7058 6496 6501 3730 3493 3732 7059 7060 6503 3733 7056 7061 7062 6505 3734 7063 7064 
1471 5407 5328 3102 3181 5408 5329 3103 3182 7059 7060 7065 6503 6508 3733 3496 3735 7066 7067 6510 3736 7063 7068 7069 6512 3737 7070 7071 
1472 5408 5329 3103 3182 751 750 58 59 7066 7067 7072 6510 6515 3736 3499 3738 763 762 759 62 7070 7073 7074 6517 3739 764 7075 
1473 703 702 31 32 5409 5330 3104 3183 716 717 7076 714 6519 35 3501 3740 7077 7078 6521 3741 718 7079 7080 6523 3742 7081 7082 
1474 5409 5330 3104 3183 5410 5331 3105 3184 7077 7078 7083 6521 6526 3741 3504 3743 7084 7085 6528 3744 7081 7086 7087 6530 3745 7088 7089 
1475 5410 5331 3105 3184 5411 5332 3106 3185 7084 7085 7090 6528 6533 3744 3507 3746 7091 7092 6535 3747 7088 7093 7094 6537 3748 7095 7096 
1476 5411 5332 3106 3185 5412 5333 3107 3186 7091 7092 7097 6535 6540 3747 3510 3749 7098 7099 6542 3750 7095 7100 7101 6544 3751 7102 7103 
1477 5412 5333 3107 3186 5413 5334 3108 3187 7098 7099 7104 6542 6547 3750 3513 3752 7105 7106 6549 3753 7102 7107 7108 6551 3754 7109 7110 
1478 5413 5334 3108 3187 5414 5335 3109 3188 7105 7106 7111 6549 6554 3753 3516 3755 7112 7113 6556 3756 7109 7114 7115 6558 3757 7116 7117 
1479 5414 5335 3109 3188 5415 5336 3110 3189 7112 7113 7118 6556 6561 3756 3519 3758 7119 7120 6563 3759 7116 7121 7122 6565 3760 7123 7124 
1480 5415 5336 3110 3189 5416 5337 3111 3190 7119 7120 7125 6563 6568 3759 3522 3761 7126 7127 6570 3762 7123 7128 7129 6572 3763 7130 7131 
1481 5416 5337 3111 3190 5417 5338 3112 3191 7126 7127 7132 6570 6575 3762 3525 3764 7133 7134 6577 3765 7130 7135 7136 6579 3766 7137 7138 
1482 5417 5338 3112 3191 5418 5339 3113 3192 7133 7134 7139 6577 6582 3765 3528 3767 7140 7141 6584 3768 7137 7142 7143 6586 3769 7144 7145 
1483 5418 5339 3113 3192 5419 5340 3114 3193 7140 7141 7146 6584 6589 3768 3531 3770 7147 7148 6591 3771 7144 7149 7150 6593 3772 7151 7152 
1484 5419 5340 3114 3193 5420 5341 3115 3194 7147 7148 7153 6591 6596 3771 3534 3773 7154 7155 6598 3774 7151 7156 7157 6600 3775 7158 7159 
1485 5420 5341 3115 3194 5421 5342 3116 3195 7154 7155 7160 6598 6603 3774 3537 3776 7161 7162 6605 3777 7158 7163 7164 6607 3778 7165 7166 
1486 5421 5342 3116 3195 5422 5343 3117 3196 7161 7162 7167 6605 6610 3777 3540 3779 7168 7169 6612 3780 7165 7170 7171 6614 3781 7172 7173 
1487 5422 5343 3117 3196 5423 5344 3118 3197 7168 7169 7174 6612 6617 3780 3543 3782 7175 7176 6619 3783 7172 7177 7178 6621 3784 7179 7180 
1488 5423 5344 3118 3197 5424 5345 3119 3198 7175 7176 7181 6619 6624 3783 3546 3785 7182 7183 6626 3786 7179 7184 7185 6628 3787 7186 7187 
1489 5424 5345 3119 3198 5425 5346 3120 3199 7182 7183 7188 6626 6631 3786 3549 3788 7189 7190 6633 3789 7186 7191 7192 6635 3790 7193 7194 
1490 5425 5346 3120 3199 5426 5347 3121 3200 7189 7190 7195 6633 6638 3789 3552 3791 7196 7197 6640 3792 7193 7198 7199 6642 3793 7200 7201 
1491 5426 5347 3121 3200 5427 5348 3122 3201 7196 7197 7202 6640 6645 3792 3555 3794 7203 7204 6647 3795 7200 7205 7206 6649 3796 7207 7208 
1492 5427 5348 3122 3201 5428 5349 3123 3202 7203 7204 7209 6647 6652 3795 3558 3797 7210 7211 6654 3798 7207 7212 7213 6656 3799 7214 7215 
1493 5428 5349 3123 3202 5429 5350 3124 3203 7210 7211 7216 6654 6659 3798 3561 3800 7217 7218 6661 3801 7214 7219 7220 6663 3802 7221 7222 
1494 5429 5350 3124 3203 5430 5351 3125 3204 7217 7218 7223 6661 6666 3801 3564 3803 7224 7225 6668 3804 7221 7226 7227 6670 3805 7228 7229 
1495 5430 5351 3125 3204 5431 5352 3126 3205 7224 7225 7230 6668 6673 3804 3567 3806 7231 7232 6675 3807 7228 7233 7234 6677 3808 7235 7236 
1496 5431 5352 3126 3205 5432 5353 3127 3206 7231 7232 7237 6675 6680 3807 3570 3809 7238 7239 6682 3810 7235 7240 7241 6684 3811 7242 7243 
1497 5432 5353 3127 3206 5433 5354 3128 3207 7238 7239 7244 6682 6687 3810 3573 3812 7245 7246 6689 3813 7242 7247 7248 6691 3814 7249 7250 
1498 5433 5354 3128 3207 5434 5355 3129 3208 7245 7246 7251 6689 6694 3813 3576 3815 7252 7253 6696 3816 7249 7254 7255 6698 3817 7256 7257 
1499 5434 5355 3129 3208 5435 5356 3130 3209 7252 7253 7258 6696 6701 3816 3579 3818 7259 7260 6703 3819 7256 7261 7262 6705 3820 7263 7264 
1500 5435 5356 3130 3209 5436 5357 3131 3210 7259 7260 7265 6703 6708 3819 3582 3821 7266 7267 6710 3822 7263 7268 7269 6712 3823 7270 7271 
1501 5436 5357 3131 3210 5437 5358 3132 3211 7266 7267 7272 6710 6715 3822 3585 3824 7273 7274 6717 3825 7270 7275 7276 6719 3826 7277 7278 
1502 5437 5358 3132 3211 5438 5359 3133 3212 7273 7274 7279 6717 6722 3825 3588 3827 7280 7281 6724 3828 7277 7282 7283 6726 3829 7284 7285 
1503 5438 5359 3133 3212 5439 5360 3134 3213 7280 7281 7286 6724 6729 3828 3591 3830 7287 7288 6731 3831 7284 7289 7290 6733 3832 7291 7292 
1504 5439 5360 3134 3213 5440 5361 3135 3214 7287 7288 7293 6731 6736 3831 3594 3833 7294 7295 6738 3834 7291 7296 7297 6740 3835 7298 7299 
1505 5440 5361 3135 3214 5441 5362 3136 3215 7294 7295 7300 6738 6743 3834 3597 3836 7301 7302 6745 3837 7298 7303 7304 6747 3838 7305 7306 
1506 5441 5362 3136 3215 5442 5363 3137 3216 7301 7302 7307 6745 6750 3837 3600 3839 7308 7309 6752 3840 7305 7310 7311 6754 3841 7312 7313 
1507 5442 5363 3137 3216 5443 5364 3138 3217 7308 7309 7314 6752 6757 3840 3603 3842 7315 7316 6759 3843 7312 7317 7318 6761 3844 7319 7320 
1508 5443 5364 3138 3217 5444 5365 3139 3218 7315 7316 7321 6759 6764 3843 3606 3845 7322 7323 6766 3846 7319 7324 7325 6768 3847 7326 7327 
1509 5444 5365 3139 3218 5445 5366 3140 3219 7322 7323 7328 6766 6771 3846 3609 3848 7329 7330 6773 3849 7326 7331 7332 6775 3850 7333 7334 
1510 5445 5366 3140 3219 5446 5367 3141 3220 7329 7330 7335 6773 6778 3849 3612 3851 7336 7337 6780 3852 7333 7338 7339 6782 3853 7340 7341 
1511 5446 5367 3141 3220 5447 5368 3142 3221 7336 7337 7342 6780 6785 3852 3615 3854 7343 7344 6787 3855 7340 7345 7346 6789 3856 7347 7348 
1512 5447 5368 3142 3221 5448 5369 3143 3222 7343 7344 7349 6787 6792 3855 3618 3857 7350 7351 6794 3858 7347 7352 7353 6796 3859 7354 7355 
1513 5448 5369 3143 3222 5449 5370 3144 3223 7350 7351 7356 6794 6799 3858 3621 3860 7357 7358 6801 3861 7354 7359 7360 6803 3862 7361 7362 
1514 5449 5370 3144 3223 5450 5371 3145 3224 7357 7358 7363 6801 6806 3861 3624 3863 7364 7365 6808 3864 7361 7366 7367 6810 3865 7368 7369 
1515 5450 5371 3145 3224 5451 5372 3146 3225 7364 7365 7370 6808 6813 3864 3627 3866 7371 7372 6815 3867 7368 7373 7374 6817 3868 7375 7376 
1516 5451 5372 3146 3225 5452 5373 3147 3226 7371 7372 7377 6815 6820 3867 3630 3869 7378 7379 6822 3870 7375 7380 7381 6824 3871 7382 7383 
1517 5452 5373 3147 3226 5453 5374 3148 3227 7378 7379 7384 6822 6827 3870 3633 3872 7385 7386 6829 3873 7382 7387 7388 6831 3874 7389 7390 
1518 5453 5374 3148 3227 5454 5375 3149 3228 7385 7386 7391 6829 6834 3873 3636 3875 7392 7393 6836 3876 7389 7394 7395 6838 3877 7396 7397 
1519 5454 5375 3149 3228 5455 5376 3150 3229 7392 7393 7398 6836 6841 3876 3639 3878 7399 7400 6843 3879 7396 7401 7402 6845 3880 7403 7404 
1520 5455 5376 3150 3229 5456 5377 3151 3230 7399 7400 7405 6843 6848 3879 3642 3881 7406 7407 6850 3882 7403 7408 7409 6852 3883 7410 7411 
1521 5456 5377 3151 3230 5457 5378 3152 3231 7406 7407 7412 6850 6855 3882 3645 3884 7413 7414 6857 3885 7410 7415 7416 6859 3886 7417 7418 
1522 5457 5378 3152 3231 5458 5379 3153 3232 7413 7414 7419 6857 6862 3885 3648 3887 7420 7421 6864 3888 7417 7422 7423 6866 3889 7424 7425 
1523 5458 5379 3153 3232 5459 5380 3154 3233 7420 7421 7426 6864 6869 3888 3651 3890 7427 7428 6871 3891 7424 7429 7430 6873 3892 7431 7432 
1524 5459 5380 3154 3233 5460 5381 3155 3234 7427 7428 7433 6871 6876 3891 3654 3893 7434 7435 6878 3894 7431 7436 7437 6880 3895 7438 7439 
1525 5460 5381 3155 3234 5461 5382 3156 3235 7434 7435 7440 6878 6883 3894 3657 3896 7441 7442 6885 3897 7438 7443 7444 6887 3898 7445 7446 
1526 5461 5382 3156 3235 5462 5383 3157 3236 7441 7442 7447 6885 6890 3897 3660 3899 7448 7449 6892 3900 7445 7450 7451 6894 3901 7452 7453 
1527 5462 5383 3157 3236 5463 5384 3158 3237 7448 7449 7454 6892 6897 3900 3663 3902 7455 7456 6899 3903 7452 7457 7458 6901 3904 7459 7460 
1528 5463 5384 3158 3237 5464 5385 3159 3238 7455 7456 7461 6899 6904 3903 3666 3905 7462 7463 6906 3906 7459 7464 7465 6908 3907 7466 7467 
1529 5464 5385 3159 3238 5465 5386 3160 3239 7462 7463 7468 6906 6911 3906 3669 3908 7469 7470 6913 3909 7466 7471 7472 6915 3910 7473 7474 
1530 5465 5386 3160 3239 5466 5387 3161 3240 7469 7470 7475 6913 6918 3909 3672 3911 7476 7477 6920 3912 7473 7478 7479 6922 3913 7480 7481 
1531 5466 5387 3161 3240 5467 5388 3162 3241 7476 7477 7482 6920 6925 3912 3675 3914 7483 7484 6927 3915 7480 7485 7486 6929 3916 7487 7488 
1532 5467 5388 3162 3241 5468 5389 3163 3242 7483 7484 7489 6927 6932 3915 3678 3917 7490 7491 6934 3918 7487 7492 7493 6936 3919 7494 7495 
1533 5468 5389 3163 3242 5469 5390 3164 3243 7490 7491 7496 6934 6939 3918 3681 3920 7497 7498 6941 3921 7494 7499 7500 6943 3922 7501 7502 
1534 5469 5390 3164 3243 5470 5391 3165 3244 7497 7498 7503 6941 6946 3921 3684 3923 7504 7505 6948 3924 7501 7506 7507 6950 3925 7508 7509 
1535 5470 5391 3165 3244 5471 5392 3166 3245 7504 7505 7510 6948 6953 3924 3687 3926 7511 7512 6955 3927 7508 7513 7514 6957 3928 7515 7516 
1536 5471 5392 3166 3245 5472 5393 3167 3246 7511 7512 7517 6955 6960 3927 3690 3929 7518 7519 6962 3930 7515 7520 7521 6964 3931 7522 7523 
1537 5472 5393 3167 3246 5473 5394 3168 3247 7518 7519 7524 6962 6967 3930 3693 3932 7525 7526 6969 3933 7522 7527 7528 6971 3934 7529 7530 
1538 5473 5394 3168 3247 5474 5395 3169 3248 7525 7526 7531 6969 6974 3933 3696 3935 7532 7533 6976 3936 7529 7534 7535 6978 3937 7536 7537 
1539 5474 5395 3169 3248 5475 5396 3170 3249 7532 7533 7538 6976 6981 3936 3699 3938 7539 7540 6983 3939 7536 7541 7542 6985 3940 7543 7544 
1540 5475 5396 3170 3249 5476 5397 3171 3250 7539 7540 7545 6983 6988 3939 3702 3941 7546 7547 6990 3942 7543 7548 7549 6992 3943 7550 7551 
1541 5476 5397 3171 3250 5477 5398 3172 3251 7546 7547 7552 6990 6995 3942 3705 3944 7553 7554 6997 3945 7550 7555 7556 6999 3946 7557 7558 
1542 5477 5398 3172 3251 5478 5399 3173 3252 7553 7554 7559 6997 7002 3945 3708 3947 7560 7561 7004 3948 7557 7562 7563 7006 3949 7564 7565 
1543 5478 5399 3173 3252 5479 5400 3174 3253 7560 7561 7566 7004 7009 3948 3711 3950 7567 7568 7011 3951 7564 7569 7570 7013 3952 7571 7572 
1544 5479 5400 3174 3253 5480 5401 3175 3254 7567 7568 7573 7011 7016 3951 3714 3953 7574 7575 7018 3954 7571 7576 7577 7020 3955 7578 7579 
1545 5480 5401 3175 3254 5481 5402 3176 3255 7574 7575 7580 7018 7023 3954 3717 3956 7581 7582 7025 3957 7578 7583 7584 7027 3958 7585 7586 
1546 5481 5402 3176 3255 5482 5403 3177 3256 7581 7582 7587 7025 7030 3957 3720 3959 7588 7589 7032 3960 7585 7590 7591 7034 3961 7592 7593 
1547 5482 5403 3177 3256 5483 5404 3178 3257 7588 7589 7594 7032 7037 3960 3723 3962 7595 7596 7039 3963 7592 7597 7598 7041 3964 7599 7600 
1548 5483 5404 3178 3257 5484 5405 3179 3258 7595 7596 7601 7039 7044 3963 3726 3965 7602 7603 7046 3966 7599 7604 7605 7048 3967 7606 7607 
1549 5484 5405 3179 3258 5485 5406 3180 3259 7602 7603 7608 7046 7051 3966 3729 3968 7609 7610 7053 3969 7606 7611 7612 7055 3970 7613 7614 
1550 5485 5406 3180 3259 5486 5407 3181 3260 7609 7610 7615 7053 7058 3969 3732 3971 7616 7617 7060 3972 7613 7618 7619 7062 3973 7620 7621 
1551 5486 5407 3181 3260 5487 5408 3182 3261 7616 7617 7622 7060 7065 3972 3735 3974 7623 7624 7067 3975 7620 7625 7626 7069 3976 7627 7628 
1552 5487 5408 3182 3261 752 751 59 60 7623 7624 7629 7067 7072 3975 3738 3977 766 765 762 63 7627 7630 7631 7074 3978 767 7632 
1553 23 703 32 4 1912 5409 3183 383 719 26 2149 717 7076 36 3740 462 7633 2150 7078 3979 720 7634 2151 7080 3980 7635 7636 
1554 1912 5409 3183 383 1915 5410 3184 384 7633 2150 2160 7078 7083 3979 3743 463 7637 2161 7085 3981 7635 7638 2162 7087 3982 7639 7640 
1555 1915 5410 3184 384 1918 5411 3185 385 7637 2161 2171 7085 7090 3981 3746 464 7641 2172 7092 3983 7639 7642 2173 7094 3984 7643 7644 
1556 1918 5411 3185 385 1921 5412 3186 386 7641 2172 2182 7092 7097 3983 3749 465 7645 2183 7099 3985 7643 7646 2184 7101 3986 7647 7648 
1557 1921 5412 3186 386 1924 5413 3187 387 7645 2183 2193 7099 7104 3985 3752 466 7649 2194 7106 3987 7647 7650 2195 7108 3988 7651 7652 
1558 1924 5413 3187 387 1927 5414 3188 388 7649 2194 2204 7106 7111 3987 3755 467 7653 2205 7113 3989 7651 7654 2206 7115 3990 7655 7656 
1559 1927 5414 3188 388 1930 5415 3189 389 7653 2205 2215 7113 7118 3989 3758 468 7657 2216 7120 3991 7655 7658 2217 7122 3992 7659 7660 
1560 1930 5415 3189 389 1933 5416 3190 390 7657 2216 2226 7120 7125 3991 3761 469 7661 2227 7127 3993 7659 7662 2228 7129 3994 7663 7664 
1561 1933 5416 3190 390 1936 5417 3191 391 7661 2227 2237 7127 7132 3993 3764 470 7665 2238 7134 3995 7663 7666 2239 7136 3996 7667 7668 
1562 1936 5417 3191 391 1939 5418 3192 392 7665 2238 2248 7134 7139 3995 3767 471 7669 2249 7141 3997 7667 7670 2250 7143 3998 7671 7672 
1563 1939 5418 3192 392 1942 5419 3193 393 7669 2249 2259 7141 7146 3997 3770 472 7673 2260 7148 3999 7671 7674 2261 7150 4000 7675 7676 
1564 1942 5419 3193 393 1945 5420 3194 394 7673 2260 2270 7148 7153 3999 3773 473 7677 2271 7155 4001 7675 7678 2272 7157 4002 7679 7680 
1565 1945 5420 3194 394 1948 5421 3195 395 7677 2271 2281 7155 7160 4001 3776 474 7681 2282 7162 4003 7679 7682 2283 7164 4004 7683 7684 
1566 1948 5421 3195 395 1951 5422 3196 396 7681 2282 2292 7162 7167 4003 3779 475 7685 2293 7169 4005 7683 7686 2294 7171 4006 7687 7688 
1567 1951 5422 3196 396 1954 5423 3197 397 7685 2293 2303 7169 7174 4005 3782 476 7689 2304 7176 4007 7687 7690 2305 7178 4008 7691 7692 
1568 1954 5423 3197 397 1957 5424 3198 398 7689 2304 2314 7176 7181 4007 3785 477 7693 2315 7183 4009 7691 7694 2316 7185 4010 7695 7696 
1569 1957 5424 3198 398 1960 5425 3199 399 7693 2315 2325 7183 7188 4009 3788 478 7697 2326 7190 4011 7695 7698 2327 7192 4012 7699 7700 
1570 1960 5425 3199 399 1963 5426 3200 400 7697 2326 2336 7190 7195 4011 3791 479 7701 2337 7197 4013 7699 7702 2338 7199 4014 7703 7704 
1571 1963 5426 3200 400 1966 5427 3201 401 7701 2337 2347 7197 7202 4013 3794 480 7705 2348 7204 4015 7703 7706 2349 7206 4016 7707 7708 
1572 1966 5427 3201 401 1969 5428 3202 402 7705 2348 2358 7204 7209 4015 3797 481 7709 2359 7211 4017 7707 7710 2360 7213 4018 7711 7712 
1573 1969 5428 3202 402 1972 5429 3203 403 7709 2359 2369 7211 7216 4017 3800 482 7713 2370 7218 4019 7711 7714 2371 7220 4020 7715 7716 
1574 1972 5429 3203 403 1975 5430 3204 404 7713 2370 2380 7218 7223 4019 3803 483 7717 2381 7225 4021 7715 7718 2382 7227 4022 7719 7720 
1575 1975 5430 3204 404 1978 5431 3205 405 7717 2381 2391 7225 7230 4021 3806 484 7721 2392 7232 4023 7719 7722 2393 7234 4024 7723 7724 
1576 1978 5431 3205 405 1981 5432 3206 406 7721 2392 2402 7232 7237 4023 3809 485 7725 2403 7239 4025 7723 7726 2404 7241 4026 7727 7728 
1577 1981 5432 3206 406 1984 5433 3207 407 7725 2403 2413 7239 7244 4025 3812 486 7729 2414 7246 4027 7727 7730 2415 7248 4028 7731 7732 
1578 1984 5433 3207 407 1987 5434 3208 408 7729 2414 2424 7246 7251 4027 3815 487 7733 2425 7253 4029 7731 7734 2426 7255 4030 7735 7736 
1579 1987 5434 3208 408 1990 5435 3209 409 7733 2425 2435 7253 7258 4029 3818 488 7737 2436 7260 4031 7735 7738 2437 7262 4032 7739 7740 
1580 1990 5435 3209 409 1993 5436 3210 410 7737 2436 2446 7260 7265 4031 3821 489 7741 2447 7267 4033 7739 7742 2448 7269 4034 7743 7744 
1581 1993 5436 3210 410 1996 5437 3211 411 7741 2447 2457 7267 7272 4033 3824 490 7745 2458 7274 4035 7743 7746 2459 7276 4036 7747 7748 
1582 1996 5437 3211 411 1999 5438 3212 412 7745 2458 2468 7274 7279 4035 3827 491 7749 2469 7281 4037 7747 7750 2470 7283 4038 7751 7752 
1583 1999 5438 3212 412 2002 5439 3213 413 7749 2469 2479 7281 7286 4037 3830 492 7753 2480 7288 4039 7751 7754 2481 7290 4040 7755 7756 
1584 2002 5439 3213 413 2005 5440 3214 414 7753 2480 2490 7288 7293 4039 3833 493 7757 2491 7295 4041 7755 7758 2492 7297 4042 7759 7760 
1585 2005 5440 3214 414 2008 5441 3215 415 7757 2491 2501 7295 7300 4041 3836 494 7761 2502 7302 4043 7759 7762 2503 7304 4044 7763 7764 
1586 2008 5441 3215 415 2011 5442 3216 416 7761 2502 2512 7302 7307 4043 3839 495 7765 2513 7309 4045 7763 7766 2514 7311 4046 7767 7768 
1587 2011 5442 3216 416 2014 5443 3217 417 7765 2513 2523 7309 7314 4045 3842 496 7769 2524 7316 4047 7767 7770 2525 7318 4048 7771 7772 
1588 2014 5443 3217 417 2017 5444 3218 418 7769 2524 2534 7316 7321 4047 3845 497 7773 2535 7323 4049 7771 7774 2536 7325 4050 7775 7776 
1589 2017 5444 3218 418 2020 5445 3219 419 7773 2535 2545 7323 7328 4049 3848 498 7777 2546 7330 4051 7775 7778 2547 7332 4052 7779 7780 
1590 2020 5445 3219 419 2023 5446 3220 420 7777 2546 2556 7330 7335 4051 3851 499 7781 2557 7337 4053 7779 7782 2558 7339 4054 7783 7784 
1591 2023 5446 3220 420 2026 5447 3221 421 7781 2557 2567 7337 7342 4053 3854 500 7785 2568 7344 4055 7783 7786 2569 7346 4056 7787 7788 
1592 2026 5447 3221 421 2029 5448 3222 422 7785 2568 2578 7344 7349 4055 3857 501 7789 2579 7351 4057 7787 7790 2580 7353 4058 7791 7792 
1593 2029 5448 3222 422 2032 5449 3223 423 7789 2579 2589 7351 7356 4057 3860 502 7793 2590 7358 4059 7791 7794 2591 7360 4060 7795 7796 
1594 2032 5449 3223 423 2035 5450 3224 424 7793 2590 2600 7358 7363 4059 3863 503 7797 2601 7365 4061 7795 7798 2602 7367 4062 7799 7800 
1595 2035 5450 3224 424 2038 5451 3225 425 7797 2601 2611 7365 7370 4061 3866 504 7801 2612 7372 4063 7799 7802 2613 7374 4064 7803 7804 
1596 2038 5451 3225 425 2041 5452 3226 426 7801 2612 2622 7372 7377 4063 3869 505 7805 2623 7379 4065 7803 7806 2624 7381 4066 7807 7808 
1597 2041 5452 3226 426 2044 5453 3227 427 7805 2623 2633 7379 7384 4065 3872 506 7809 2634 7386 4067 7807 7810 2635 7388 4068 7811 7812 
1598 2044 5453 3227 427 2047 5454 3228 428 7809 2634 2644 7386 7391 4067 3875 507 7813 2645 7393 4069 7811 7814 2646 7395 4070 7815 7816 
1599 2047 5454 3228 428 2050 5455 3229 429 7813 2645 2655 7393 7398 4069 3878 508 7817 2656 7400 4071 7815 7818 2657 7402 4072 7819 7820 
1600 2050 5455 3229 429 2053 5456 3230 430 7817 2656 2666 7400 7405 4071 3881 509 7821 2667 7407 4073 7819 7822 2668 7409 4074 7823 7824 
1601 2053 5456 3230 430 2056 5457 3231 431 7821 2667 2677 7407 7412 4073 3884 510 7825 2678 7414 4075 7823 7826 2679 7416 4076 7827 7828 
1602 2056 5457 3231 431 2059 5458 3232 432 7825 2678 2688 7414 7419 4075 3887 511 7829 2689 7421 4077 7827 7830 2690 7423 4078 7831 7832 
1603 2059 5458 3232 432 2062 5459 3233 433 7829 2689 2699 7421 7426 4077 3890 512 7833 2700 7428 4079 7831 7834 2701 7430 4080 7835 7836 
1604 2062 5459 3233 433 2065 5460 3234 434 7833 2700 2710 7428 7433 4079 3893 513 7837 2711 7435 4081 7835 7838 2712 7437 4082 7839 7840 
1605 2065 5460 3234 434 2068 5461 3235 435 7837 2711 2721 7435 7440 4081 3896 514 7841 2722 7442 4083 7839 7842 2723 7444 4084 7843 7844 
1606 2068 5461 3235 435 2071 5462 3236 436 7841 2722 2732 7442 7447 4083 3899 515 7845 2733 7449 4085 7843 7846 2734 7451 4086 7847 7848 
1607 2071 5462 3236 436 2074 5463 3237 437 7845 2733 2743 7449 7454 4085 3902 516 7849 2744 7456 4087 7847 7850 2745 7458 4088 7851 7852 
1608 2074 5463 3237 437 2077 5464 3238 438 7849 2744 2754 7456 7461 4087 3905 517 7853 2755 7463 4089 7851 7854 2756 7465 4090 7855 7856 
1609 2077 5464 3238 438 2080 5465 3239 439 7853 2755 2765 7463 7468 4089 3908 518 7857 2766 7470 4091 7855 7858 2767 7472 4092 7859 7860 
1610 2080 5465 3239 439 2083 5466 3240 440 7857 2766 2776 7470 7475 4091 3911 519 7861 2777 7477 4093 7859 7862 2778 7479 4094 7863 7864 
1611 2083 5466 3240 440 2086 5467 3241 441 7861 2777 2787 7477 7482 4093 3914 520 7865 2788 7484 4095 7863 7866 2789 7486 4096 7867 7868 
1612 2086 5467 3241 441 2089 5468 3242 442 7865 2788 2798 7484 7489 4095 3917 521 7869 2799 7491 4097 7867 7870 2800 7493 4098 7871 7872 
1613 2089 5468 3242 442 2092 5469 3243 443 7869 2799 2809 7491 7496 4097 3920 522 7873 2810 7498 4099 7871 7874 2811 7500 4100 7875 7876 
1614 2092 5469 3243 443 2095 5470 3244 444 7873 2810 2820 7498 7503 4099 3923 523 7877 2821 7505 4101 7875 7878 2822 7507 4102 7879 7880 
1615 2095 5470 3244 444 2098 5471 3245 445 7877 2821 2831 7505 7510 4101 3926 524 7881 2832 7512 4103 7879 7882 2833 7514 4104 7883 7884 
1616 2098 5471 3245 445 2101 5472 3246 446 7881 2832 2842 7512 7517 4103 3929 525 7885 2843 7519 4105 7883 7886 2844 7521 4106 7887 7888 
1617 2101 5472 3246 446 2104 5473 3247 447 7885 2843 2853 7519 7524 4105 3932 526 7889 2854 7526 4107 7887 7890 2855 7528 4108 7891 7892 
1618 2104 5473 3247 447 2107 5474 3248 448 7889 2854 2864 7526 7531 4107 3935 527 7893 2865 7533 4109 7891 7894 2866 7535 4110 7895 7896 
1619 2107 5474 3248 448 2110 5475 3249 449 7893 2865 2875 7533 7538 4109 3938 528 7897 2876 7540 4111 7895 7898 2877 7542 4112 7899 7900 
1620 2110 5475 3249 449 2113 5476 3250 450 7897 2876 2886 7540 7545 4111 3941 529 7901 2887 7547 4113 7899 7902 2888 7549 4114 7903 7904 
1621 2113 5476 3250 450 2116 5477 3251 451 7901 2887 2897 7547 7552 4113 3944 530 7905 2898 7554 4115 7903 7906 2899 7556 4116 7907 7908 
1622 2116 5477 3251 451 2119 5478 3252 452 7905 2898 2908 7554 7559 4115 3947 531 7909 2909 7561 4117 7907 7910 2910 7563 4118 7911 7912 
1623 2119 5478 3252 452 2122 5479 3253 453 7909 2909 2919 7561 7566 4117 3950 532 7913 2920 7568 4119 7911 7914 2921 7570 4120 7915 7916 
1624 2122 5479 3253 453 2125 5480 3254 454 7913 2920 2930 7568 7573 4119 3953 533 7917 2931 7575 4121 7915 7918 2932 7577 4122 7919 7920 
1625 2125 5480 3254 454 2128 5481 3255 455 7917 2931 2941 7575 7580 4121 3956 534 7921 2942 7582 4123 7919 7922 2943 7584 4124 7923 7924 
1626 2128 5481 3255 455 2131 5482 3256 456 7921 2942 2952 7582 7587 4123 3959 535 7925 2953 7589 4125 7923 7926 2954 7591 4126 7927 7928 
1627 2131 5482 3256 456 2134 5483 3257 457 7925 2953 2963 7589 7594 4125 3962 536 7929 2964 7596 4127 7927 7930 2965 7598 4128 7931 7932 
1628 2134 5483 3257 457 2137 5484 3258 458 7929 2964 2974 7596 7601 4127 3965 537 7933 2975 7603 4129 7931 7934 2976 7605 4130 7935 7936 
1629 2137 5484 3258 458 2140 5485 3259 459 7933 2975 2985 7603 7608 4129 3968 538 7937 2986 7610 4131 7935 7938 2987 7612 4132 7939 7940 
1630 2140 5485 3259 459 2143 5486 3260 460 7937 2986 2996 7610 7615 4131 3971 539 7941 2997 7617 4133 7939 7942 2998 7619 4134 7943 7944 
1631 2143 5486 3260 460 2146 5487 3261 461 7941 2997 3007 7617 7622 4133 3974 540 7945 3008 7624 4135 7943 7946 3009 7626 4136 7947 7948 
1632 2146 5487 3261 461 51 752 60 8 7945 3008 3018 7624 7629 4135 3977 541 768 54 765 64 7947 7949 3019 7631 4137 769 7950 
1633 704 10 9 701 5488 800 799 5251 721 722 7951 13 1040 710 1037 5962 7952 7953 1039 5963 723 7954 7955 1041 5965 7956 7957 
1634 5488 800 799 5251 5489 803 802 5252 7952 7953 7958 1039 1051 5963 1048 5969 7959 7960 1050 5970 7956 7961 7962 1052 5972 7963 7964 
1635 5489 803 802 5252 5490 806 805 5253 7959 7960 7965 1050 1062 5970 1059 5976 7966 7967 1061 5977 7963 7968 7969 1063 5979 7970 7971 
1636 5490 806 805 5253 5491 809 808 5254 7966 7967 7972 1061 1073 5977 1070 5983 7973 7974 1072 5984 7970 7975 7976 1074 5986 7977 7978 
1637 5491 809 808 5254 5492 812 811 5255 7973 7974 7979 1072 1084 5984 1081 5990 7980 7981 1083 5991 7977 7982 7983 1085 5993 7984 7985 
1638 5492 812 811 5255 5493 815 814 5256 7980 7981 7986 1083 1095 5991 1092 5997 7987 7988 1094 5998 7984 7989 7990 1096 6000 7991 7992 
1639 5493 815 814 5256 5494 818 817 5257 7987 7988 7993 1094 1106 5998 1103 6004 7994 7995 1105 6005 7991 7996 7997 1107 6007 7998 7999 
1640 5494 818 817 5257 5495 821 820 5258 7994 7995 8000 1105 1117 6005 1114 6011 8001 8002 1116 6012 7998 8003 8004 1118 6014 8005 8006 
1641 5495 821 820 5258 5496 824 823 5259 8001 8002 8007 1116 1128 6012 1125 6018 8008 8009 1127 6019 8005 8010 8011 1129 6021 8012 8013 
1642 5496 824 823 5259 5497 827 826 5260 8008 8009 8014 1127 1139 6019 1136 6025 8015 8016 1138 6026 8012 8017 8018 1140 6028 8019 8020 
1643 5497 827 826 5260 5498 830 829 5261 8015 8016 8021 1138 1150 6026 1147 6032 8022 8023 1149 6033 8019 8024 8025 1151 6035 8026 8027 
1644 5498 830 829 5261 5499 833 832 5262 8022 8023 8028 1149 1161 6033 1158 6039 8029 8030 1160 6040 8026 8031 8032 1162 6042 8033 8034 
1645 5499 833 832 5262 5500 836 835 5263 8029 8030 8035 1160 1172 6040 1169 6046 8036 8037 1171 6047 8033 8038 8039 1173 6049 8040 8041 
1646 5500 836 835 5263 5501 839 838 5264 8036 8037 8042 1171 1183 6047 1180 6053 8043 8044 1182 6054 8040 8045 8046 1184 6056 8047 8048 
1647 5501 839 838 5264 5502 842 841 5265 8043 8044 8049 1182 1194 6054 1191 6060 8050 8051 1193 6061 8047 8052 8053 1195 6063 8054 8055 
1648 5502 842 841 5265 5503 845 844 5266 8050 8051 8056 1193 1205 6061 1202 6067 8057 8058 1204 6068 8054 8059 8060 1206 6070 8061 8062 
1649 5503 845 844 5266 5504 848 847 5267 8057 8058 8063 1204 1216 6068 1213 6074 8064 8065 1215 6075 8061 8066 8067 1217 6077 8068 8069 
1650 5504 848 847 5267 5505 851 850 5268 8064 8065 8070 1215 1227 6075 1224 6081 8071 8072 1226 6082 8068 8073 8074 1228 6084 8075 8076 
1651 5505 851 850 5268 5506 854 853 5269 8071 8072 8077 1226 1238 6082 1235 6088 8078 8079 1237 6089 8075 8080 8081 1239 6091 8082 8083 
1652 5506 854 853 5269 5507 857 856 5270 8078 8079 8084 1237 1249 6089 1246 6095 8085 8086 1248 6096 8082 8087 8088 1250 6098 8089 8090 
1653 5507 857 856 5270 5508 860 859 5271 8085 8086 8091 1248 1260 6096 1257 6102 8092 8093 1259 6103 8089 8094 8095 1261 6105 8096 8097 
1654 5508 860 859 5271 5509 863 862 5272 8092 8093 8098 1259 1271 6103 1268 6109 8099 8100 1270 6110 8096 8101 8102 1272 6112 8103 8104 
1655 5509 863 862 5272 5510 866 865 5273 8099 8100 8105 1270 1282 6110 1279 6116 8106 8107 1281 6117 8103 8108 8109 1283 6119 8110 8111 
1656 5510 866 865 5273 5511 869 868 5274 8106 8107 8112 1281 1293 6117 1290 6123 8113 8114 1292 6124 8110 8115 8116 1294 6126 8117 8118 
1657 5511 869 868 5274 5512 872 871 5275 8113 8114 8119 1292 1304 6124 1301 6130 8120 8121 1303 6131 8117 8122 8123 1305 6133 8124 8125 
1658 5512 872 871 5275 5513 875 874 5276 8120 8121 8126 1303 1315 6131 1312 6137 8127 8128 1314 6138 8124 8129 8130 1316 6140 8131 8132 
1659 5513 875 874 5276 5514 878 877 5277 8127 8128 8133 1314 1326 6138 1323 6144 8134 8135 1325 6145 8131 8136 8137 1327 6147 8138 8139 
1660 5514 878 877 5277 5515 881 880 5278 8134 8135 8140 1325 1337 6145 1334 6151 8141 8142 1336 6152 8138 8143 8144 1338 6154 8145 8146 
1661 5515 881 880 5278 5516 884 883 5279 8141 8142 8147 1336 1348 6152 1345 6158 8148 8149 1347 6159 8145 8150 8151 1349 6161 8152 8153 
1662 5516 884 883 5279 5517 887 886 5280 8148 8149 8154 1347 1359 6159 1356 6165 8155 8156 1358 6166 8152 8157 8158 1360 6168 8159 8160 
1663 5517 887 886 5280 5518 890 889 5281 8155 8156 8161 1358 1370 6166 1367 6172 8162 8163 1369 6173 8159 8164 8165 1371 6175 8166 8167 
1664 5518 890 889 5281 5519 893 892 5282 8162 8163 8168 1369 1381 6173 1378 6179 8169 8170 1380 6180 8166 8171 8172 1382 6182 8173 8174 
1665 5519 893 892 5282 5520 896 895 5283 8169 8170 8175 1380 1392 6180 1389 6186 8176 8177 1391 6187 8173 8178 8179 1393 6189 8180 8181 
1666 5520 896 895 5283 5521 899 898 5284 8176 8177 8182 1391 1403 6187 1400 6193 8183 8184 1402 6194 8180 8185 8186 1404 6196 8187 8188 
1667 5521 899 898 5284 5522 902 901 5285 8183 8184 8189 1402 1414 6194 1411 6200 8190 8191 1413 6201 8187 8192 8193 1415 6203 8194 8195 
1668 5522 902 901 5285 5523 905 904 5286 8190 8191 8196 1413 1425 6201 1422 6207 8197 8198 1424 6208 8194 8199 8200 1426 6210 8201 8202 
1669 5523 905 904 5286 5524 908 907 5287 8197 8198 8203 1424 1436 6208 1433 6214 8204 8205 1435 6215 8201 8206 8207 1437 6217 8208 8209 
1670 5524 908 907 5287 5525 911 910 5288 8204 8205 8210 1435 1447 6215 1444 6221 8211 8212 1446 6222 8208 8213 8214 1448 6224 8215 8216 
1671 5525 911 910 5288 5526 914 913 5289 8211 8212 8217 1446 1458 6222 1455 6228 8218 8219 1457 6229 8215 8220 8221 1459 6231 8222 8223 
1672 5526 914 913 5289 5527 917 916 5290 8218 8219 8224 1457 1469 6229 1466 6235 8225 8226 1468 6236 8222 8227 8228 1470 6238 8229 8230 
1673 5527 917 916 5290 5528 920 919 5291 8225 8226 8231 1468 1480 6236 1477 6242 8232 8233 1479 6243 8229 8234 8235 1481 6245 8236 8237 
1674 5528 920 919 5291 5529 923 922 5292 8232 8233 8238 1479 1491 6243 1488 6249 8239 8240 1490 6250 8236 8241 8242 1492 6252 8243 8244 
1675 5529 923 922 5292 5530 926 925 5293 8239 8240 8245 1490 1502 6250 1499 6256 8246 8247 1501 6257 8243 8248 8249 1503 6259 8250 8251 
1676 5530 926 925 5293 5531 929 928 5294 8246 8247 8252 1501 1513 6257 1510 6263 8253 8254 1512 6264 8250 8255 8256 1514 6266 8257 8258 
1677 5531 929 928 5294 5532 932 931 5295 8253 8254 8259 1512 1524 6264 1521 6270 8260 8261 1523 6271 8257 8262 8263 1525 6273 8264 8265 
1678 5532 932 931 5295 5533 935 934 5296 8260 8261 8266 1523 1535 6271 1532 6277 8267 8268 1534 6278 8264 8269 8270 1536 6280 8271 8272 
1679 5533 935 934 5296 5534 938 937 5297 8267 8268 8273 1534 1546 6278 1543 6284 8274 8275 1545 6285 8271 8276 8277 1547 6287 8278 8279 
1680 5534 938 937 5297 5535 941 940 5298 8274 8275 8280 1545 1557 6285 1554 6291 8281 8282 1556 6292 8278 8283 8284 1558 6294 8285 8286 
1681 5535 941 940 5298 5536 944 943 5299 8281 8282 8287 1556 1568 6292 1565 6298 8288 8289 1567 6299 8285 8290 8291 1569 6301 8292 8293 
1682 5536 944 943 5299 5537 947 946 5300 8288 8289 8294 1567 1579 6299 1576 6305 8295 8296 1578 6306 8292 8297 8298 1580 6308 8299 8300 
1683 5537 947 946 5300 5538 950 949 5301 8295 8296 8301 1578 1590 6306 1587 6312 8302 8303 1589 6313 8299 8304 8305 1591 6315 8306 8307 
1684 5538 950 949 5301 5539 953 952 5302 8302 8303 8308 1589 1601 6313 1598 6319 8309 8310 1600 6320 8306 8311 8312 1602 6322 8313 8314 
1685 5539 953 952 5302 5540 956 955 5303 8309 8310 8315 1600 1612 6320 1609 6326 8316 8317 1611 6327 8313 8318 8319 1613 6329 8320 8321 
1686 5540 956 955 5303 5541 959 958 5304 8316 8317 8322 1611 1623 6327 1620 6333 8323 8324 1622 6334 8320 8325 8326 1624 6336 8327 8328 
1687 5541 959 958 5304 5542 962 961 5305 8323 8324 8329 1622 1634 6334 1631 6340 8330 8331 1633 6341 8327 8332 8333 1635 6343 8334 8335 
1688 5542 962 961 5305 5543 965 964 5306 8330 8331 8336 1633 1645 6341 1642 6347 8337 8338 1644 6348 8334 8339 8340 1646 6350 8341 8342 
1689 5543 965 964 5306 5544 968 967 5307 8337 8338 8343 1644 1656 6348 1653 6354 8344 8345 1655 6355 8341 8346 8347 1657 6357 8348 8349 
1690 5544 968 967 5307 5545 971 970 5308 8344 8345 8350 1655 1667 6355 1664 6361 8351 8352 1666 6362 8348 8353 8354 1668 6364 8355 8356 
1691 5545 971 970 5308 5546 974 973 5309 8351 8352 8357 1666 1678 6362 1675 6368 8358 8359 1677 6369 8355 8360 8361 1679 6371 8362 8363 
1692 5546 974 973 5309 5547 977 976 5310 8358 8359 8364 1677 1689 6369 1686 6375 8365 8366 1688 6376 8362 8367 8368 1690 6378 8369 8370 
1693 5547 977 976 5310 5548 980 979 5311 8365 8366 8371 1688 1700 6376 1697 6382 8372 8373 1699 6383 8369 8374 8375 1701 6385 8376 8377 
1694 5548 980 979 5311 5549 983 982 5312 8372 8373 8378 1699 1711 6383 1708 6389 8379 8380 1710 6390 8376 8381 8382 1712 6392 8383 8384 
1695 5549 983 982 5312 5550 986 985 5313 8379 8380 8385 1710 1722 6390 1719 6396 8386 8387 1721 6397 8383 8388 8389 1723 6399 8390 8391 
1696 5550 986 985 5313 5551 989 988 5314 8386 8387 8392 1721 1733 6397 1730 6403 8393 8394 1732 6404 8390 8395 8396 1734 6406 8397 8398 
1697 5551 989 988 5314 5552 992 991 5315 8393 8394 8399 1732 1744 6404 1741 6410 8400 8401 1743 6411 8397 8402 8403 1745 6413 8404 8405 
1698 5552 992 991 5315 5553 995 994 5316 8400 8401 8406 1743 1755 6411 1752 6417 8407 8408 1754 6418 8404 8409 8410 1756 6420 8411 8412 
1699 5553 995 994 5316 5554 998 997 5317 8407 8408 8413 1754 1766 6418 1763 6424 8414 8415 1765 6425 8411 8416 8417 1767 6427 8418 8419 
1700 5554 998 997 5317 5555 1001 1000 5318 8414 8415 8420 1765 1777 6425 1774 6431 8421 8422 1776 6432 8418 8423 8424 1778 6434 8425 8426 
1701 5555 1001 1000 5318 5556 1004 1003 5319 8421 8422 8427 1776 1788 6432 1785 6438 8428 8429 1787 6439 8425 8430 8431 1789 6441 8432 8433 
1702 5556 1004 1003 5319 5557 1007 1006 5320 8428 8429 8434 1787 1799 6439 1796 6445 8435 8436 1798 6446 8432 8437 8438 1800 6448 8439 8440 
1703 5557 1007 1006 5320 5558 1010 1009 5321 8435 8436 8441 1798 1810 6446 1807 6452 8442 8443 1809 6453 8439 8444 8445 1811 6455 8446 8447 
1704 5558 1010 1009 5321 5559 1013 1012 5322 8442 8443 8448 1809 1821 6453 1818 6459 8449 8450 1820 6460 8446 8451 8452 1822 6462 8453 8454 
1705 5559 1013 1012 5322 5560 1016 1015 5323 8449 8450 8455 1820 1832 6460 1829 6466 8456 8457 1831 6467 8453 8458 8459 1833 6469 8460 8461 
1706 5560 1016 1015 5323 5561 1019 1018 5324 8456 8457 8462 1831 1843 6467 1840 6473 8463 8464 1842 6474 8460 8465 8466 1844 6476 8467 8468 
1707 5561 1019 1018 5324 5562 1022 1021 5325 8463 8464 8469 1842 1854 6474 1851 6480 8470 8471 1853 6481 8467 8472 8473 1855 6483 8474 8475 
1708 5562 1022 1021 5325 5563 1025 1024 5326 8470 8471 8476 1853 1865 6481 1862 6487 8477 8478 1864 6488 8474 8479 8480 1866 6490 8481 8482 
1709 5563 1025 1024 5326 5564 1028 1027 5327 8477 8478 8483 1864 1876 6488 1873 6494 8484 8485 1875 6495 8481 8486 8487 1877 6497 8488 8489 
1710 5564 1028 1027 5327 5565 1031 1030 5328 8484 8485 8490 1875 1887 6495 1884 6501 8491 8492 1886 6502 8488 8493 8494 1888 6504 8495 8496 
1711 5565 1031 1030 5328 5566 1034 1033 5329 8491 8492 8497 1886 1898 6502 1895 6508 8498 8499 1897 6509 8495 8500 8501 1899 6511 8502 8503 
1712 5566 1034 1033 5329 753 38 37 750 8498 8499 8504 1897 1907 6509 1905 6515 771 770 41 760 8502 8505 8506 1908 6516 772 8507 
1713 705 704 701 702 5567 5488 5251 5330 724 725 8508 722 7951 713 5962 6519 8509 8510 7953 6520 726 8511 8512 7955 6522 8513 8514 
1714 5567 5488 5251 5330 5568 5489 5252 5331 8509 8510 8515 7953 7958 6520 5969 6526 8516 8517 7960 6527 8513 8518 8519 7962 6529 8520 8521 
1715 5568 5489 5252 5331 5569 5490 5253 5332 8516 8517 8522 7960 7965 6527 5976 6533 8523 8524 7967 6534 8520 8525 8526 7969 6536 8527 8528 
1716 5569 5490 5253 5332 5570 5491 5254 5333 8523 8524 8529 7967 7972 6534 5983 6540 8530 8531 7974 6541 8527 8532 8533 7976 6543 8534 8535 
1717 5570 5491 5254 5333 5571 5492 5255 5334 8530 8531 8536 7974 7979 6541 5990 6547 8537 8538 7981 6548 8534 8539 8540 7983 6550 8541 8542 
1718 5571 5492 5255 5334 5572 5493 5256 5335 8537 8538 8543 7981 7986 6548 5997 6554 8544 8545 7988 6555 8541 8546 8547 7990 6557 8548 8549 
1719 5572 5493 5256 5335 5573 5494 5257 5336 8544 8545 8550 7988 7993 6555 6004 6561 8551 8552 7995 6562 8548 8553 8554 7997 6564 8555 8556 
1720 5573 5494 5257 5336 5574 5495 5258 5337 8551 8552 8557 7995 8000 6562 6011 6568 8558 8559 8002 6569 8555 8560 8561 8004 6571 8562 8563 
1721 5574 5495 5258 5337 5575 5496 5259 5338 8558 8559 8564 8002 8007 6569 6018 6575 8565 8566 8009 6576 8562 8567 8568 8011 6578 8569 8570 
1722 5575 5496 5259 5338 5576 5497 5260 5339 8565 8566 8571 8009 8014 6576 6025 6582 8572 8573 8016 6583 8569 8574 8575 8018 6585 8576 8577 
1723 5576 5497 5260 5339 5577 5498 5261 5340 8572 8573 8578 8016 8021 6583 6032 6589 8579 8580 8023 6590 8576 8581 8582 8025 6592 8583 8584 
1724 5577 5498 5261 5340 5578 5499 5262 5341 8579 8580 8585 8023 8028 6590 6039 6596 8586 8587 8030 6597 8583 8588 8589 8032 6599 8590 8591 
1725 5578 5499 5262 5341 5579 5500 5263 5342 8586 8587 8592 8030 8035 6597 6046 6603 8593 8594 8037 6604 8590 8595 8596 8039 6606 8597 8598 
1726 5579 5500 5263 5342 5580 5501 5264 5343 8593 8594 8599 8037 8042 6604 6053 6610 8600 8601 8044 6611 8597 8602 8603 8046 6613 8604 8605 
1727 5580 5501 5264 5343 5581 5502 5265 5344 8600 8601 8606 8044 8049 6611 6060 6617 8607 8608 8051 6618 8604 8609 8610 8053 6620 8611 8612 
1728 5581 5502 5265 5344 5582 5503 5266 5345 8607 8608 8613 8051 8056 6618 6067 6624 8614 8615 8058 6625 8611 8616 8617 8060 6627 8618 8619 
1729 5582 5503 5266 5345 5583 5504 5267 5346 8614 8615 8620 8058 8063 6625 6074 6631 8621 8622 8065 6632 8618 8623 8624 8067 6634 8625 8626 
1730 5583 5504 5267 5346 5584 5505 5268 5347 8621 8622 8627 8065 8070 6632 6081 6638 8628 8629 8072 6639 8625 8630 8631 8074 6641 8632 8633 
1731 5584 5505 5268 5347 5585 5506 5269 5348 8628 8629 8634 8072 8077 6639 6088 6645 8635 8636 8079 6646 8632 8637 8638 8081 6648 8639 8640 
1732 5585 5506 5269 5348 5586 5507 5270 5349 8635 8636 8641 8079 8084 6646 6095 6652 8642 8643 8086 6653 8639 8644 8645 8088 6655 8646 8647 
1733 5586 5507 5270 5349 5587 5508 5271 5350 8642 8643 8648 8086 8091 6653 6102 6659 8649 8650 8093 6660 8646 8651 8652 8095 6662 8653 8654 
1734 5587 5508 5271 5350 5588 5509 5272 5351 8649 8650 8655 8093 8098 6660 6109 6666 8656 8657 8100 6667 8653 8658 8659 8102 6669 8660 8661 
1735 5588 5509 5272 5351 5589 5510 5273 5352 8656 8657 8662 8100 8105 6667 6116 6673 8663 8664 8107 6674 8660 8665 8666 8109 6676 8667 8668 
1736 5589 5510 5273 5352 5590 5511 5274 5353 8663 8664 8669 8107 8112 6674 6123 6680 8670 8671 8114 6681 8667 8672 8673 8116 6683 8674 8675 
1737 5590 5511 5274 5353 5591 5512 5275 5354 8670 8671 8676 8114 8119 6681 6130 6687 8677 8678 8121 6688 8674 8679 8680 8123 6690 8681 8682 
1738 5591 5512 5275 5354 5592 5513 5276 5355 8677 8678 8683 8121 8126 6688 6137 6694 8684 8685 8128 6695 8681 8686 8687 8130 6697 8688 8689 
1739 5592 5513 5276 5355 5593 5514 5277 5356 8684 8685 8690 8128 8133 6695 6144 6701 8691 8692 8135 6702 8688 8693 8694 8137 6704 8695 8696 
1740 5593 5514 5277 5356 5594 5515 5278 5357 8691 8692 8697 8135 8140 6702 6151 6708 8698 8699 8142 6709 8695 8700 8701 8144 6711 8702 8703 
1741 5594 5515 5278 5357 5595 5516 5279 5358 8698 8699 8704 8142 8147 6709 6158 6715 8705 8706 8149 6716 8702 8707 8708 8151 6718 8709 8710 
1742 5595 5516 5279 5358 5596 5517 5280 5359 8705 8706 8711 8149 8154 6716 6165 6722 8712 8713 8156 6723 8709 8714 8715 8158 6725 8716 8717 
1743 5596 5517 5280 5359 5597 5518 5281 5360 8712 8713 8718 8156 8161 6723 6172 6729 8719 8720 8163 6730 8716 8721 8722 8165 6732 8723 8724 
1744 5597 5518 5281 5360 5598 5519 5282 5361 8719 8720 8725 8163 8168 6730 6179 6736 8726 8727 8170 6737 8723 8728 8729 8172 6739 8730 8731 
1745 5598 5519 5282 5361 5599 5520 5283 5362 8726 8727 8732 8170 8175 6737 6186 6743 8733 8734 8177 6744 8730 8735 8736 8179 6746 8737 8738 
1746 5599 5520 5283 5362 5600 5521 5284 5363 8733 8734 8739 8177 8182 6744 6193 6750 8740 8741 8184 6751 8737 8742 8743 8186 6753 8744 8745 
1747 5600 5521 5284 5363 5601 5522 5285 5364 8740 8741 8746 8184 8189 6751 6200 6757 8747 8748 8191 6758 8744 8749 8750 8193 6760 8751 8752 
1748 5601 5522 5285 5364 5602 5523 5286 5365 8747 8748 8753 8191 8196 6758 6207 6764 8754 8755 8198 6765 8751 8756 8757 8200 6767 8758 8759 
1749 5602 5523 5286 5365 5603 5524 5287 5366 8754 8755 8760 8198 8203 6765 6214 6771 8761 8762 8205 6772 8758 8763 8764 8207 6774 8765 8766 
1750 5603 5524 5287 5366 5604 5525 5288 5367 8761 8762 8767 8205 8210 6772 6221 6778 8768 8769 8212 6779 8765 8770 8771 8214 6781 8772 8773 
1751 5604 5525 5288 5367 5605 5526 5289 5368 8768 8769 8774 8212 8217 6779 6228 6785 8775 8776 8219 6786 8772 8777 8778 8221 6788 8779 8780 
1752 5605 5526 5289 5368 5606 5527 5290 5369 8775 8776 8781 8219 8224 6786 6235 6792 8782 8783 8226 6793 8779 8784 8785 8228 6795 8786 8787 
1753 5606 5527 5290 5369 5607 5528 5291 5370 8782 8783 8788 8226 8231 6793 6242 6799 8789 8790 8233 6800 8786 8791 8792 8235 6802 8793 8794 
1754 5607 5528 5291 5370 5608 5529 5292 5371 8789 8790 8795 8233 8238 6800 6249 6806 8796 8797 8240 6807 8793 8798 8799 8242 6809 8800 8801 
1755 5608 5529 5292 5371 5609 5530 5293 5372 8796 8797 8802 8240 8245 6807 6256 6813 8803 8804 8247 6814 8800 8805 8806 8249 6816 8807 8808 
1756 5609 5530 5293 5372 5610 5531 5294 5373 8803 8804 8809 8247 8252 6814 6263 6820 8810 8811 8254 6821 8807 8812 8813 8256 6823 8814 8815 
1757 5610 5531 5294 5373 5611 5532 5295 5374 8810 8811 8816 8254 8259 6821 6270 6827 8817 8818 8261 6828 8814 8819 8820 8263 6830 8821 8822 
1758 5611 5532 5295 5374 5612 5533 5296 5375 8817 8818 8823 8261 8266 6828 6277 6834 8824 8825 8268 6835 8821 8826 8827 8270 6837 8828 8829 
1759 5612 5533 5296 5375 5613 5534 5297 5376 8824 8825 8830 8268 8273 6835 6284 6841 8831 8832 8275 6842 8828 8833 8834 8277 6844 8835 8836 
1760 5613 5534 5297 5376 5614 5535 5298 5377 8831 8832 8837 8275 8280 6842 6291 6848 8838 8839 8282 6849 8835 8840 8841 8284 6851 8842 8843 
1761 5614 5535 5298 5377 5615 5536 5299 5378 8838 8839 8844 8282 8287 6849 6298 6855 8845 8846 8289 6856 8842 8847 8848 8291 6858 8849 8850 
1762 5615 5536 5299 5378 5616 5537 5300 5379 8845 8846 8851 8289 8294 6856 6305 6862 8852 8853 8296 6863 8849 8854 8855 8298 6865 8856 8857 
1763 5616 5537 5300 5379 5617 5538 5301 5380 8852 8853 8858 8296 8301 6863 6312 6869 8859 8860 8303 6870 8856 8861 8862 8305 6872 8863 8864 
1764 5617 5538 5301 5380 5618 5539 5302 5381 8859 8860 8865 8303 8308 6870 6319 6876 8866 8867 8310 6877 8863 8868 8869 8312 6879 8870 8871 
1765 5618 5539 5302 5381 5619 5540 5303 5382 8866 8867 8872 8310 8315 6877 6326 6883 8873 8874 8317 6884 8870 8875 8876 8319 6886 8877 8878 
1766 5619 5540 5303 5382 5620 5541 5304 5383 8873 8874 8879 8317 8322 6884 6333 6890 8880 8881 8324 6891 8877 8882 8883 8326 6893 8884 8885 
1767 5620 5541 5304 5383 5621 5542 5305 5384 8880 8881 8886 8324 8329 6891 6340 6897 8887 8888 8331 6898 8884 8889 8890 8333 6900 8891 8892 
1768 5621 5542 5305 5384 5622 5543 5306 5385 8887 8888 8893 8331 8336 6898 6347 6904 8894 8895 8338 6905 8891 8896 8897 8340 6907 8898 8899 
1769 5622 5543 5306 5385 5623 5544 5307 5386 8894 8895 8900 8338 8343 6905 6354 6911 8901 8902 8345 6912 8898 8903 8904 8347 6914 8905 8906 
1770 5623 5544 5307 5386 5624 5545 5308 5387 8901 8902 8907 8345 8350 6912 6361 6918 8908 8909 8352 6919 8905 8910 8911 8354 6921 8912 8913 
1771 5624 5545 5308 5387 5625 5546 5309 5388 8908 8909 8914 8352 8357 6919 6368 6925 8915 8916 8359 6926 8912 8917 8918 8361 6928 8919 8920 
1772 5625 5546 5309 5388 5626 5547 5310 5389 8915 8916 8921 8359 8364 6926 6375 6932 8922 8923 8366 6933 8919 8924 8925 8368 6935 8926 8927 
1773 5626 5547 5310 5389 5627 5548 5311 5390 8922 8923 8928 8366 8371 6933 6382 6939 8929 8930 8373 6940 8926 8931 8932 8375 6942 8933 8934 
1774 5627 5548 5311 5390 5628 5549 5312 5391 8929 8930 8935 8373 8378 6940 6389 6946 8936 8937 8380 6947 8933 8938 8939 8382 6949 8940 8941 
1775 5628 5549 5312 5391 5629 5550 5313 5392 8936 8937 8942 8380 8385 6947 6396 6953 8943 8944 8387 6954 8940 8945 8946 8389 6956 8947 8948 
1776 5629 5550 5313 5392 5630 5551 5314 5393 8943 8944 8949 8387 8392 6954 6403 6960 8950 8951 8394 6961 8947 8952 8953 8396 6963 8954 8955 
1777 5630 5551 5314 5393 5631 5552 5315 5394 8950 8951 8956 8394 8399 6961 6410 6967 8957 8958 8401 6968 8954 8959 8960 8403 6970 8961 8962 
1778 5631 5552 5315 5394 5632 5553 5316 5395 8957 8958 8963 8401 8406 6968 6417 6974 8964 8965 8408 6975 8961 8966 8967 8410 6977 8968 8969 
1779 5632 5553 5316 5395 5633 5554 5317 5396 8964 8965 8970 8408 8413 6975 6424 6981 8971 8972 8415 6982 8968 8973 8974 8417 6984 8975 8976 
1780 5633 5554 5317 5396 5634 5555 5318 5397 8971 8972 8977 8415 8420 6982 6431 6988 8978 8979 8422 6989 8975 8980 8981 8424 6991 8982 8983 
1781 5634 5555 5318 5397 5635 5556 5319 5398 8978 8979 8984 8422 8427 6989 6438 6995 8985 8986 8429 6996 8982 8987 8988 8431 6998 8989 8990 
1782 5635 5556 5319 5398 5636 5557 5320 5399 8985 8986 8991 8429 8434 6996 6445 7002 8992 8993 8436 7003 8989 8994 8995 8438 7005 8996 8997 
1783 5636 5557 5320 5399 5637 5558 5321 5400 8992 8993 8998 8436 8441 7003 6452 7009 8999 9000 8443 7010 8996 9001 9002 8445 7012 9003 9004 
1784 5637 5558 5321 5400 5638 5559 5322 5401 8999 9000 9005 8443 8448 7010 6459 7016 9006 9007 8450 7017 9003 9008 9009 8452 7019 9010 9011 
1785 5638 5559 5322 5401 5639 5560 5323 5402 9006 9007 9012 8450 8455 7017 6466 7023 9013 9014 8457 7024 9010 9015 9016 8459 7026 9017 9018 
1786 5639 5560 5323 5402 5640 5561 5324 5403 9013 9014 9019 8457 8462 7024 6473 7030 9020 9021 8464 7031 9017 9022 9023 8466 7033 9024 9025 
1787 5640 5561 5324 5403 5641 5562 5325 5404 9020 9021 9026 8464 8469 7031 6480 7037 9027 9028 8471 7038 9024 9029 9030 8473 7040 9031 9032 
1788 5641 5562 5325 5404 5642 5563 5326 5405 9027 9028 9033 8471 8476 7038 6487 7044 9034 9035 8478 7045 9031 9036 9037 8480 7047 9038 9039 
1789 5642 5563 5326 5405 5643 5564 5327 5406 9034 9035 9040 8478 8483 7045 6494 7051 9041 9042 8485 7052 9038 9043 9044 8487 7054 9045 9046 
1790 5643 5564 5327 5406 5644 5565 5328 5407 9041 9042 9047 8485 8490 7052 6501 7058 9048 9049 8492 7059 9045 9050 9051 8494 7061 9052 9053 
1791 5644 5565 5328 5407 5645 5566 5329 5408 9048 9049 9054 8492 8497 7059 6508 7065 9055 9056 8499 7066 9052 9057 9058 8501 7068 9059 9060 
1792 5645 5566 5329 5408 754 753 750 751 9055 9056 9061 8499 8504 7066 6515 7072 774 773 770 763 9059 9062 9063 8506 7073 775 9064 
1793 706 705 702 703 5646 5567 5330 5409 727 728 9065 725 8508 716 6519 7076 9066 9067 8510 7077 729 9068 9069 8512 7079 9070 9071 
1794 5646 5567 5330 5409 5647 5568 5331 5410 9066 9067 9072 8510 8515 7077 6526 7083 9073 9074 8517 7084 9070 9075 9076 8519 7086 9077 9078 
1795 5647 5568 5331 5410 5648 5569 5332 5411 9073 9074 9079 8517 8522 7084 6533 7090 9080 9081 8524 7091 9077 9082 9083 8526 7093 9084 9085 
1796 5648 5569 5332 5411 5649 5570 5333 5412 9080 9081 9086 8524 8529 7091 6540 7097 9087 9088 8531 7098 9084 9089 9090 8533 7100 9091 9092 
1797 5649 5570 5333 5412 5650 5571 5334 5413 9087 9088 9093 8531 8536 7098 6547 7104 9094 9095 8538 7105 9091 9096 9097 8540 7107 9098 9099 
1798 5650 5571 5334 5413 5651 5572 5335 5414 9094 9095 9100 8538 8543 7105 6554 7111 9101 9102 8545 7112 9098 9103 9104 8547 7114 9105 9106 
1799 5651 5572 5335 5414 5652 5573 5336 5415 9101 9102 9107 8545 8550 7112 6561 7118 9108 9109 8552 7119 9105 9110 9111 8554 7121 9112 9113 
1800 5652 5573 5336 5415 5653 5574 5337 5416 9108 9109 9114 8552 8557 7119 6568 7125 9115 9116 8559 7126 9112 9117 9118 8561 7128 9119 9120 
1801 5653 5574 5337 5416 5654 5575 5338 5417 9115 9116 9121 8559 8564 7126 6575 7132 9122 9123 8566 7133 9119 9124 9125 8568 7135 9126 9127 
1802 5654 5575 5338 5417 5655 5576 5339 5418 9122 9123 9128 8566 8571 7133 6582 7139 9129 9130 8573 7140 9126 9131 9132 8575 7142 9133 9134 
1803 5655 5576 5339 5418 5656 5577 5340 5419 9129 9130 9135 8573 8578 7140 6589 7146 9136 9137 8580 7147 9133 9138 9139 8582 7149 9140 9141 
1804 5656 5577 5340 5419 5657 5578 5341 5420 9136 9137 9142 8580 8585 7147 6596 7153 9143 9144 8587 7154 9140 9145 9146 8589 7156 9147 9148 
1805 5657 5578 5341 5420 5658 5579 5342 5421 9143 9144 9149 8587 8592 7154 6603 7160 9150 9151 8594 7161 9147 9152 9153 8596 7163 9154 9155 
1806 5658 5579 5342 5421 5659 5580 5343 5422 9150 9151 9156 8594 8599 7161 6610 7167 9157 9158 8601 7168 9154 9159 9160 8603 7170 9161 9162 
1807 5659 5580 5343 5422 5660 5581 5344 5423 9157 9158 9163 8601 8606 7168 6617 7174 9164 9165 8608 7175 9161 9166 9167 8610 7177 9168 9169 
1808 5660 5581 5344 5423 5661 5582 5345 5424 9164 9165 9170 8608 8613 7175 6624 7181 9171 9172 8615 7182 9168 9173 9174 8617 7184 9175 9176 
1809 5661 5582 5345 5424 5662 5583 5346 5425 9171 9172 9177 8615 8620 7182 6631 7188 9178 9179 8622 7189 9175 9180 9181 8624 7191 9182 9183 
1810 5662 5583 5346 5425 5663 5584 5347 5426 9178 9179 9184 8622 8627 7189 6638 7195 9185 9186 8629 7196 9182 9187 9188 8631 7198 9189 9190 
1811 5663 5584 5347 5426 5664 5585 5348 5427 9185 9186 9191 8629 8634 7196 6645 7202 9192 9193 8636 7203 9189 9194 9195 8638 7205 9196 9197 
1812 5664 5585 5348 5427 5665 5586 5349 5428 9192 9193 9198 8636 8641 7203 6652 7209 9199 9200 8643 7210 9196 9201 9202 8645 7212 9203 9204 
1813 5665 5586 5349 5428 5666 5587 5350 5429 9199 9200 9205 8643 8648 7210 6659 7216 9206 9207 8650 7217 9203 9208 9209 8652 7219 9210 9211 
1814 5666 5587 5350 5429 5667 5588 5351 5430 9206 9207 9212 8650 8655 7217 6666 7223 9213 9214 8657 7224 9210 9215 9216 8659 7226 9217 9218 
1815 5667 5588 5351 5430 5668 5589 5352 5431 9213 9214 9219 8657 8662 7224 6673 7230 9220 9221 8664 7231 9217 9222 9223 8666 7233 9224 9225 
1816 5668 5589 5352 5431 5669 5590 5353 5432 9220 9221 9226 8664 8669 7231 6680 7237 9227 9228 8671 7238 9224 9229 9230 8673 7240 9231 9232 
1817 5669 5590 5353 5432 5670 5591 5354 5433 9227 9228 9233 8671 8676 7238 6687 7244 9234 9235 8678 7245 9231 9236 9237 8680 7247 9238 9239 
1818 5670 5591 5354 5433 5671 5592 5355 5434 9234 9235 9240 8678 8683 7245 6694 7251 9241 9242 8685 7252 9238 9243 9244 8687 7254 9245 9246 
1819 5671 5592 5355 5434 5672 5593 5356 5435 9241 9242 9247 8685 8690 7252 6701 7258 9248 9249 8692 7259 9245 9250 9251 8694 7261 9252 9253 
1820 5672 5593 5356 5435 5673 5594 5357 5436 9248 9249 9254 8692 8697 7259 6708 7265 9255 9256 8699 7266 9252 9257 9258 8701 7268 9259 9260 
1821 5673 5594 5357 5436 5674 5595 5358 5437 9255 9256 9261 8699 8704 7266 6715 7272 9262 9263 8706 7273 9259 9264 9265 8708 7275 9266 9267 
1822 5674 5595 5358 5437 5675 5596 5359 5438 9262 9263 9268 8706 8711 7273 6722 7279 9269 9270 8713 7280 9266 9271 9272 8715 7282 9273 9274 
1823 5675 5596 5359 5438 5676 5597 5360 5439 9269 9270 9275 8713 8718 7280 6729 7286 9276 9277 8720 7287 9273 9278 9279 8722 7289 9280 9281 
1824 5676 5597 5360 5439 5677 5598 5361 5440 9276 9277 9282 8720 8725 7287 6736 7293 9283 9284 8727 7294 9280 9285 9286 8729 7296 9287 9288 
1825 5677 5598 5361 5440 5678 5599 5362 5441 9283 9284 9289 8727 8732 7294 6743 7300 9290 9291 8734 7301 9287 9292 9293 8736 7303 9294 9295 
1826 5678 5599 5362 5441 5679 5600 5363 5442 9290 9291 9296 8734 8739 7301 6750 7307 9297 9298 8741 7308 9294 9299 9300 8743 7310 9301 9302 
1827 5679 5600 5363 5442 5680 5601 5364 5443 9297 9298 9303 8741 8746 7308 6757 7314 9304 9305 8748 7315 9301 9306 9307 8750 7317 9308 9309 
1828 5680 5601 5364 5443 5681 5602 5365 5444 9304 9305 9310 8748 8753 7315 6764 7321 9311 9312 8755 7322 9308 9313 9314 8757 7324 9315 9316 
1829 5681 5602 5365 5444 5682 5603 5366 5445 9311 9312 9317 8755 8760 7322 6771 7328 9318 9319 8762 7329 9315 9320 9321 8764 7331 9322 9323 
1830 5682 5603 5366 5445 5683 5604 5367 5446 9318 9319 9324 8762 8767 7329 6778 7335 9325 9326 8769 7336 9322 9327 9328 8771 7338 9329 9330 
1831 5683 5604 5367 5446 5684 5605 5368 5447 9325 9326 9331 8769 8774 7336 6785 7342 9332 9333 8776 7343 9329 9334 9335 8778 7345 9336 9337 
1832 5684 5605 5368 5447 5685 5606 5369 5448 9332 9333 9338 8776 8781 7343 6792 7349 9339 9340 8783 7350 9336 9341 9342 8785 7352 9343 9344 
1833 5685 5606 5369 5448 5686 5607 5370 5449 9339 9340 9345 8783 8788 7350 6799 7356 9346 9347 8790 7357 9343 9348 9349 8792 7359 9350 9351 
1834 5686 5607 5370 5449 5687 5608 5371 5450 9346 9347 9352 8790 8795 7357 6806 7363 9353 9354 8797 7364 9350 9355 9356 8799 7366 9357 9358 
1835 5687 5608 5371 5450 5688 5609 5372 5451 9353 9354 9359 8797 8802 7364 6813 7370 9360 9361 8804 7371 9357 9362 9363 8806 7373 9364 9365 
1836 5688 5609 5372 5451 5689 5610 5373 5452 9360 9361 9366 8804 8809 7371 6820 7377 9367 9368 8811 7378 9364 9369 9370 8813 7380 9371 9372 
1837 5689 5610 5373 5452 5690 5611 5374 5453 9367 9368 9373 8811 8816 7378 6827 7384 9374 9375 8818 7385 9371 9376 9377 8820 7387 9378 9379 
1838 5690 5611 5374 5453 5691 5612 5375 5454 9374 9375 9380 8818 8823 7385 6834 7391 9381 9382 8825 7392 9378 9383 9384 8827 7394 9385 9386 
1839 5691 5612 5375 5454 5692 5613 5376 5455 9381 9382 9387 8825 8830 7392 6841 7398 9388 9389 8832 7399 9385 9390 9391 8834 7401 9392 9393 
1840 5692 5613 5376 5455 5693 5614 5377 5456 9388 9389 9394 8832 8837 7399 6848 7405 9395 9396 8839 7406 9392 9397 9398 8841 7408 9399 9400 
1841 5693 5614 5377 5456 5694 5615 5378 5457 9395 9396 9401 8839 8844 7406 6855 7412 9402 9403 8846 7413 9399 9404 9405 8848 7415 9406 9407 
1842 5694 5615 5378 5457 5695 5616 5379 5458 9402 9403 9408 8846 8851 7413 6862 7419 9409 9410 8853 7420 9406 9411 9412 8855 7422 9413 9414 
1843 5695 5616 5379 5458 5696 5617 5380 5459 9409 9410 9415 8853 8858 7420 6869 7426 9416 9417 8860 7427 9413 9418 9419 8862 7429 9420 9421 
1844 5696 5617 5380 5459 5697 5618 5381 5460 9416 9417 9422 8860 8865 7427 6876 7433 9423 9424 8867 7434 9420 9425 9426 8869 7436 9427 9428 
1845 5697 5618 5381 5460 5698 5619 5382 5461 9423 9424 9429 8867 8872 7434 6883 7440 9430 9431 8874 7441 9427 9432 9433 8876 7443 9434 9435 
1846 5698 5619 5382 5461 5699 5620 5383 5462 9430 9431 9436 8874 8879 7441 6890 7447 9437 9438 8881 7448 9434 9439 9440 8883 7450 9441 9442 
1847 5699 5620 5383 5462 5700 5621 5384 5463 9437 9438 9443 8881 8886 7448 6897 7454 9444 9445 8888 7455 9441 9446 9447 8890 7457 9448 9449 
1848 5700 5621 5384 5463 5701 5622 5385 5464 9444 9445 9450 8888 8893 7455 6904 7461 9451 9452 8895 7462 9448 9453 9454 8897 7464 9455 9456 
1849 5701 5622 5385 5464 5702 5623 5386 5465 9451 9452 9457 8895 8900 7462 6911 7468 9458 9459 8902 7469 9455 9460 9461 8904 7471 9462 9463 
1850 5702 5623 5386 5465 5703 5624 5387 5466 9458 9459 9464 8902 8907 7469 6918 7475 9465 9466 8909 7476 9462 9467 9468 8911 7478 9469 9470 
1851 5703 5624 5387 5466 5704 5625 5388 5467 9465 9466 9471 8909 8914 7476 6925 7482 9472 9473 8916 7483 9469 9474 9475 8918 7485 9476 9477 
1852 5704 5625 5388 5467 5705 5626 5389 5468 9472 9473 9478 8916 8921 7483 6932 7489 9479 9480 8923 7490 9476 9481 9482 8925 7492 9483 9484 
1853 5705 5626 5389 5468 5706 5627 5390 5469 9479 9480 9485 8923 8928 7490 6939 7496 9486 9487 8930 7497 9483 9488 9489 8932 7499 9490 9491 
1854 5706 5627 5390 5469 5707 5628 5391 5470 9486 9487 9492 8930 8935 7497 6946 7503 9493 9494 8937 7504 9490 9495 9496 8939 7506 9497 9498 
1855 5707 5628 5391 5470 5708 5629 5392 5471 9493 9494 9499 8937 8942 7504 6953 7510 9500 9501 8944 7511 9497 9502 9503 8946 7513 9504 9505 
1856 5708 5629 5392 5471 5709 5630 5393 5472 9500 9501 9506 8944 8949 7511 6960 7517 9507 9508 8951 7518 9504 9509 9510 8953 7520 9511 9512 
1857 5709 5630 5393 5472 5710 5631 5394 5473 9507 9508 9513 8951 8956 7518 6967 7524 9514 9515 8958 7525 9511 9516 9517 8960 7527 9518 9519 
1858 5710 5631 5394 5473 5711 5632 5395 5474 9514 9515 9520 8958 8963 7525 6974 7531 9521 9522 8965 7532 9518 9523 9524 8967 7534 9525 9526 
1859 5711 5632 5395 5474 5712 5633 5396 5475 9521 9522 9527 8965 8970 7532 6981 7538 9528 9529 8972 7539 9525 9530 9531 8974 7541 9532 9533 
1860 5712 5633 5396 5475 5713 5634 5397 5476 9528 9529 9534 8972 8977 7539 6988 7545 9535 9536 8979 7546 9532 9537 9538 8981 7548 9539 9540 
1861 5713 5634 5397 5476 5714 5635 5398 5477 9535 9536 9541 8979 8984 7546 6995 7552 9542 9543 8986 7553 9539 9544 9545 8988 7555 9546 9547 
1862 5714 5635 5398 5477 5715 5636 5399 5478 9542 9543 9548 8986 8991 7553 7002 7559 9549 9550 8993 7560 9546 9551 9552 8995 7562 9553 9554 
1863 5715 5636 5399 5478 5716 5637 5400 5479 9549 9550 9555 8993 8998 7560 7009 7566 9556 9557 9000 7567 9553 9558 9559 9002 7569 9560 9561 
1864 5716 5637 5400 5479 5717 5638 5401 5480 9556 9557 9562 9000 9005 7567 7016 7573 9563 9564 9007 7574 9560 9565 9566 9009 7576 9567 9568 
1865 5717 5638 5401 5480 5718 5639 5402 5481 9563 9564 9569 9007 9012 7574 7023 7580 9570 9571 9014 7581 9567 9572 9573 9016 7583 9574 9575 
1866 5718 5639 5402 5481 5719 5640 5403 5482 9570 9571 9576 9014 9019 7581 7030 7587 9577 9578 9021 7588 9574 9579 9580 9023 7590 9581 9582 
1867 5719 5640 5403 5482 5720 5641 5404 5483 9577 9578 9583 9021 9026 7588 7037 7594 9584 9585 9028 7595 9581 9586 9587 9030 7597 9588 9589 
1868 5720 5641 5404 5483 5721 5642 5405 5484 9584 9585 9590 9028 9033 7595 7044 7601 9591 9592 9035 7602 9588 9593 9594 9037 7604 9595 9596 
1869 5721 5642 5405 5484 5722 5643 5406 5485 9591 9592 9597 9035 9040 7602 7051 7608 9598 9599 9042 7609 9595 9600 9601 9044 7611 9602 9603 
1870 5722 5643 5406 5485 5723 5644 5407 5486 9598 9599 9604 9042 9047 7609 7058 7615 9605 9606 9049 7616 9602 9607 9608 9051 7618 9609 9610 
1871 5723 5644 5407 5486 5724 5645 5408 5487 9605 9606 9611 9049 9054 7616 7065 7622 9612 9613 9056 7623 9609 9614 9615 9058 7625 9616 9617 
1872 5724 5645 5408 5487 755 754 751 752 9612 9613 9618 9056 9061 7623 7072 7629 777 776 773 766 9616 9619 9620 9063 7630 778 9621 
1873 24 706 703 23 1913 5646 5409 1912 730 27 2152 728 9065 719 7076 2149 9622 2153 9067 7633 731 9623 2154 9069 7634 9624 9625 
1874 1913 5646 5409 1912 1916 5647 5410 1915 9622 2153 2163 9067 9072 7633 7083 2160 9626 2164 9074 7637 9624 9627 2165 9076 7638 9628 9629 
1875 1916 5647 5410 1915 1919 5648 5411 1918 9626 2164 2174 9074 9079 7637 7090 2171 9630 2175 9081 7641 9628 9631 2176 9083 7642 9632 9633 
1876 1919 5648 5411 1918 1922 5649 5412 1921 9630 2175 2185 9081 9086 7641 7097 2182 9634 2186 9088 7645 9632 9635 2187 9090 7646 9636 9637 
1877 1922 5649 5412 1921 1925 5650 5413 1924 9634 2186 2196 9088 9093 7645 7104 2193 9638 2197 9095 7649 9636 9639 2198 9097 7650 9640 9641 
1878 1925 5650 5413 1924 1928 5651 5414 1927 9638 2197 2207 9095 9100 7649 7111 2204 9642 2208 9102 7653 9640 9643 2209 9104 7654 9644 9645 
1879 1928 5651 5414 1927 1931 5652 5415 1930 9642 2208 2218 9102 9107 7653 7118 2215 9646 2219 9109 7657 9644 9647 2220 9111 7658 9648 9649 
1880 1931 5652 5415 1930 1934 5653 5416 1933 9646 2219 2229 9109 9114 7657 7125 2226 9650 2230 9116 7661 9648 9651 2231 9118 7662 9652 9653 
1881 1934 5653 5416 1933 1937 5654 5417 1936 9650 2230 2240 9116 9121 7661 7132 2237 9654 2241 9123 7665 9652 9655 2242 9125 7666 9656 9657 
1882 1937 5654 5417 1936 1940 5655 5418 1939 9654 2241 2251 9123 9128 7665 7139 2248 9658 2252 9130 7669 9656 9659 2253 9132 7670 9660 9661 
1883 1940 5655 5418 1939 1943 5656 5419 1942 9658 2252 2262 9130 9135 7669 7146 2259 9662 2263 9137 7673 9660 9663 2264 9139 7674 9664 9665 
1884 1943 5656 5419 1942 1946 5657 5420 1945 9662 2263 2273 9137 9142 7673 7153 2270 9666 2274 9144 7677 9664 9667 2275 9146 7678 9668 9669 
1885 1946 5657 5420 1945 1949 5658 5421 1948 9666 2274 2284 9144 9149 7677 7160 2281 9670 2285 9151 7681 9668 9671 2286 9153 7682 9672 9673 
1886 1949 5658 5421 1948 1952 5659 5422 1951 9670 2285 2295 9151 9156 7681 7167 2292 9674 2296 9158 7685 9672 9675 2297 9160 7686 9676 9677 
1887 1952 5659 5422 1951 1955 5660 5423 1954 9674 2296 2306 9158 9163 7685 7174 2303 9678 2307 9165 7689 9676 9679 2308 9167 7690 9680 9681 
1888 1955 5660 5423 1954 1958 5661 5424 1957 9678 2307 2317 9165 9170 7689 7181 2314 9682 2318 9172 7693 9680 9683 2319 9174 7694 9684 9685 
1889 1958 5661 5424 1957 1961 5662 5425 1960 9682 2318 2328 9172 9177 7693 7188 2325 9686 2329 9179 7697 9684 9687 2330 9181 7698 9688 9689 
1890 1961 5662 5425 1960 1964 5663 5426 1963 9686 2329 2339 9179 9184 7697 7195 2336 9690 2340 9186 7701 9688 9691 2341 9188 7702 9692 9693 
1891 1964 5663 5426 1963 1967 5664 5427 1966 9690 2340 2350 9186 9191 7701 7202 2347 9694 2351 9193 7705 9692 9695 2352 9195 7706 9696 9697 
1892 1967 5664 5427 1966 1970 5665 5428 1969 9694 2351 2361 9193 9198 7705 7209 2358 9698 2362 9200 7709 9696 9699 2363 9202 7710 9700 9701 
1893 1970 5665 5428 1969 1973 5666 5429 1972 9698 2362 2372 9200 9205 7709 7216 2369 9702 2373 9207 7713 9700 9703 2374 9209 7714 9704 9705 
1894 1973 5666 5429 1972 1976 5667 5430 1975 9702 2373 2383 9207 9212 7713 7223 2380 9706 2384 9214 7717 9704 9707 2385 9216 7718 9708 9709 
1895 1976 5667 5430 1975 1979 5668 5431 1978 9706 2384 2394 9214 9219 7717 7230 2391 9710 2395 9221 7721 9708 9711 2396 9223 7722 9712 9713 
1896 1979 5668 5431 1978 1982 5669 5432 1981 9710 2395 2405 9221 9226 7721 7237 2402 9714 2406 9228 7725 9712 9715 2407 9230 7726 9716 9717 
1897 1982 5669 5432 1981 1985 5670 5433 1984 9714 2406 2416 9228 9233 7725 7244 2413 9718 2417 9235 7729 9716 9719 2418 9237 7730 9720 9721 
1898 1985 5670 5433 1984 1988 5671 5434 1987 9718 2417 2427 9235 9240 7729 7251 2424 9722 2428 9242 7733 9720 9723 2429 9244 7734 9724 9725 
1899 1988 5671 5434 1987 1991 5672 5435 1990 9722 2428 2438 9242 9247 7733 7258 2435 9726 2439 9249 7737 9724 9727 2440 9251 7738 9728 9729 
1900 1991 5672 5435 1990 1994 5673 5436 1993 9726 2439 2449 9249 9254 7737 7265 2446 9730 2450 9256 7741 9728 9731 2451 9258 7742 9732 9733 
1901 1994 5673 5436 1993 1997 5674 5437 1996 9730 2450 2460 9256 9261 7741 7272 2457 9734 2461 9263 7745 9732 9735 2462 9265 7746 9736 9737 
1902 1997 5674 5437 1996 2000 5675 5438 1999 9734 2461 2471 9263 9268 7745 7279 2468 9738 2472 9270 7749 9736 9739 2473 9272 7750 9740 9741 
1903 2000 5675 5438 1999 2003 5676 5439 2002 9738 2472 2482 9270 9275 7749 7286 2479 9742 2483 9277 7753 9740 9743 2484 9279 7754 9744 9745 
1904 2003 5676 5439 2002 2006 5677 5440 2005 9742 2483 2493 9277 9282 7753 7293 2490 9746 2494 9284 7757 9744 9747 2495 9286 7758 9748 9749 
1905 2006 5677 5440 2005 2009 5678 5441 2008 9746 2494 2504 9284 9289 7757 7300 2501 9750 2505 9291 7761 9748 9751 2506 9293 7762 9752 9753 
1906 2009 5678 5441 2008 2012 5679 5442 2011 9750 2505 2515 9291 9296 7761 7307 2512 9754 2516 9298 7765 9752 9755 2517 9300 7766 9756 9757 
1907 2012 5679 5442 2011 2015 5680 5443 2014 9754 2516 2526 9298 9303 7765 7314 2523 9758 2527 9305 7769 9756 9759 2528 9307 7770 9760 9761 
1908 2015 5680 5443 2014 2018 5681 5444 2017 9758 2527 2537 9305 9310 7769 7321 2534 9762 2538 9312 7773 9760 9763 2539 9314 7774 9764 9765 
1909 2018 5681 5444 2017 2021 5682 5445 2020 9762 2538 2548 9312 9317 7773 7328 2545 9766 2549 9319 7777 9764 9767 2550 9321 7778 9768 9769 
1910 2021 5682 5445 2020 2024 5683 5446 2023 9766 2549 2559 9319 9324 7777 7335 2556 9770 2560 9326 7781 9768 9771 2561 9328 7782 9772 9773 
1911 2024 5683 5446 2023 2027 5684 5447 2026 9770 2560 2570 9326 9331 7781 7342 2567 9774 2571 9333 7785 9772 9775 2572 9335 7786 9776 9777 
1912 2027 5684 5447 2026 2030 5685 5448 2029 9774 2571 2581 9333 9338 7785 7349 2578 9778 2582 9340 7789 9776 9779 2583 9342 7790 9780 9781 
1913 2030 5685 5448 2029 2033 5686 5449 2032 9778 2582 2592 9340 9345 7789 7356 2589 9782 2593 9347 7793 9780 9783 2594 9349 7794 9784 9785 
1914 2033 5686 5449 2032 2036 5687 5450 2035 9782 2593 2603 9347 9352 7793 7363 2600 9786 2604 9354 7797 9784 9787 2605 9356 7798 9788 9789 
1915 2036 5687 5450 2035 2039 5688 5451 2038 9786 2604 2614 9354 9359 7797 7370 2611 9790 2615 9361 7801 9788 9791 2616 9363 7802 9792 9793 
1916 2039 5688 5451 2038 2042 5689 5452 2041 9790 2615 2625 9361 9366 7801 7377 2622 9794 2626 9368 7805 9792 9795 2627 9370 7806 9796 9797 
1917 2042 5689 5452 2041 2045 5690 5453 2044 9794 2626 2636 9368 9373 7805 7384 2633 9798 2637 9375 7809 9796 9799 2638 9377 7810 9800 9801 
1918 2045 5690 5453 2044 2048 5691 5454 2047 9798 2637 2647 9375 9380 7809 7391 2644 9802 2648 9382 7813 9800 9803 2649 9384 7814 9804 9805 
1919 2048 5691 5454 2047 2051 5692 5455 2050 9802 2648 2658 9382 9387 7813 7398 2655 9806 2659 9389 7817 9804 9807 2660 9391 7818 9808 9809 
1920 2051 5692 5455 2050 2054 5693 5456 2053 9806 2659 2669 9389 9394 7817 7405 2666 9810 2670 9396 7821 9808 9811 2671 9398 7822 9812 9813 
1921 2054 5693 5456 2053 2057 5694 5457 2056 9810 2670 2680 9396 9401 7821 7412 2677 9814 2681 9403 7825 9812 9815 2682 9405 7826 9816 9817 
1922 2057 5694 5457 2056 2060 5695 5458 2059 9814 2681 2691 9403 9408 7825 7419 2688 9818 2692 9410 7829 9816 9819 2693 9412 7830 9820 9821 
1923 2060 5695 5458 2059 2063 5696 5459 2062 9818 2692 2702 9410 9415 7829 7426 2699 9822 2703 9417 7833 9820 9823 2704 9419 7834 9824 9825 
1924 2063 5696 5459 2062 2066 5697 5460 2065 9822 2703 2713 9417 9422 7833 7433 2710 9826 2714 9424 7837 9824 9827 2715 9426 7838 9828 9829 
1925 2066 5697 5460 2065 2069 5698 5461 2068 9826 2714 2724 9424 9429 7837 7440 2721 9830 2725 9431 7841 9828 9831 2726 9433 7842 9832 9833 
1926 2069 5698 5461 2068 2072 5699 5462 2071 9830 2725 2735 9431 9436 7841 7447 2732 9834 2736 9438 7845 9832 9835 2737 9440 7846 9836 9837 
1927 2072 5699 5462 2071 2075 5700 5463 2074 9834 2736 2746 9438 9443 7845 7454 2743 9838 2747 9445 7849 9836 9839 2748 9447 7850 9840 9841 
1928 2075 5700 5463 2074 2078 5701 5464 2077 9838 2747 2757 9445 9450 7849 7461 2754 9842 2758 9452 7853 9840 9843 2759 9454 7854 9844 9845 
1929 2078 5701 5464 2077 2081 5702 5465 2080 9842 2758 2768 9452 9457 7853 7468 2765 9846 2769 9459 7857 9844 9847 2770 9461 7858 9848 9849 
1930 2081 5702 5465 2080 2084 5703 5466 2083 9846 2769 2779 9459 9464 7857 7475 2776 9850 2780 9466 7861 9848 9851 2781 9468 7862 9852 9853 
1931 2084 5703 5466 2083 2087 5704 5467 2086 9850 2780 2790 9466 9471 7861 7482 2787 9854 2791 9473 7865 9852 9855 2792 9475 7866 9856 9857 
1932 2087 5704 5467 2086 2090 5705 5468 2089 9854 2791 2801 9473 9478 7865 7489 2798 9858 2802 9480 7869 9856 9859 2803 9482 7870 9860 9861 
1933 2090 5705 5468 2089 2093 5706 5469 2092 9858 2802 2812 9480 9485 7869 7496 2809 9862 2813 9487 7873 9860 9863 2814 9489 7874 9864 9865 
1934 2093 5706 5469 2092 2096 5707 5470 2095 9862 2813 2823 9487 9492 7873 7503 2820 9866 2824 9494 7877 9864 9867 2825 9496 7878 9868 9869 
1935 2096 5707 5470 2095 2099 5708 5471 2098 9866 2824 2834 9494 9499 7877 7510 2831 9870 2835 9501 7881 9868 9871 2836 9503 7882 9872 9873 
1936 2099 5708 5471 2098 2102 5709 5472 2101 9870 2835 2845 9501 9506 7881 7517 2842 9874 2846 9508 7885 9872 9875 2847 9510 7886 9876 9877 
1937 2102 5709 5472 2101 2105 5710 5473 2104 9874 2846 2856 9508 9513 7885 7524 2853 9878 2857 9515 7889 9876 9879 2858 9517 7890 9880 9881 
1938 2105 5710 5473 2104 2108 5711 5474 2107 9878 2857 2867 9515 9520 7889 7531 2864 9882 2868 9522 7893 9880 9883 2869 9524 7894 9884 9885 
1939 2108 5711 5474 2107 2111 5712 5475 2110 9882 2868 2878 9522 9527 7893 7538 2875 9886 2879 9529 7897 9884 9887 2880 9531 7898 9888 9889 
1940 2111 5712 5475 2110 2114 5713 5476 2113 9886 2879 2889 9529 9534 7897 7545 2886 9890 2890 9536 7901 9888 9891 2891 9538 7902 9892 9893 
1941 2114 5713 5476 2113 2117 5714 5477 2116 9890 2890 2900 9536 9541 7901 7552 2897 9894 2901 9543 7905 9892 9895 2902 9545 7906 9896 9897 
1942 2117 5714 5477 2116 2120 5715 5478 2119 9894 2901 2911 9543 9548 7905 7559 2908 9898 2912 9550 7909 9896 9899 2913 9552 7910 9900 9901 
1943 2120 5715 5478 2119 2123 5716 5479 2122 9898 2912 2922 9550 9555 7909 7566 2919 9902 2923 9557 7913 9900 9903 2924 9559 7914 9904 9905 
1944 2123 5716 5479 2122 2126 5717 5480 2125 9902 2923 2933 9557 9562 7913 7573 2930 9906 2934 9564 7917 9904 9907 2935 9566 7918 9908 9909 
1945 2126 5717 5480 2125 2129 5718 5481 2128 9906 2934 2944 9564 9569 7917 7580 2941 9910 2945 9571 7921 9908 9911 2946 9573 7922 9912 9913 
1946 2129 5718 5481 2128 2132 5719 5482 2131 9910 2945 2955 9571 9576 7921 7587 2952 9914 2956 9578 7925 9912 9915 2957 9580 7926 9916 9917 
1947 2132 5719 5482 2131 2135 5720 5483 2134 9914 2956 2966 9578 9583 7925 7594 2963 9918 2967 9585 7929 9916 9919 2968 9587 7930 9920 9921 
1948 2135 5720 5483 2134 2138 5721 5484 2137 9918 2967 2977 9585 9590 7929 7601 2974 9922 2978 9592 7933 9920 9923 2979 9594 7934 9924 9925 
1949 2138 5721 5484 2137 2141 5722 5485 2140 9922 2978 2988 9592 9597 7933 7608 2985 9926 2989 9599 7937 9924 9927 2990 9601 7938 9928 9929 
1950 2141 5722 5485 2140 2144 5723 5486 2143 9926 2989 2999 9599 9604 7937 7615 2996 9930 3000 9606 7941 9928 9931 3001 9608 7942 9932 9933 
1951 2144 5723 5486 2143 2147 5724 5487 2146 9930 3000 3010 9606 9611 7941 7622 3007 9934 3011 9613 7945 9932 9935 3012 9615 7946 9936 9937 
1952 2147 5724 5487 2146 52 755 752 51 9934 3011 3020 9613 9618 7945 7629 3018 779 55 776 768 9936 9938 3021 9620 7949 780 9939 
1953 707 11 10 704 5725 801 800 5488 732 733 9940 14 1043 721 1040 7951 9941 9942 1042 7952 734 9943 9944 1044 7954 9945 9946 
1954 5725 801 800 5488 5726 804 803 5489 9941 9942 9947 1042 1054 7952 1051 7958 9948 9949 1053 7959 9945 9950 9951 1055 7961 9952 9953 
1955 5726 804 803 5489 5727 807 806 5490 9948 9949 9954 1053 1065 7959 1062 7965 9955 9956 1064 7966 9952 9957 9958 1066 7968 9959 9960 
1956 5727 807 806 5490 5728 810 809 5491 9955 9956 9961 1064 1076 7966 1073 7972 9962 9963 1075 7973 9959 9964 9965 1077 7975 9966 9967 
1957 5728 810 809 5491 5729 813 812 5492 9962 9963 9968 1075 1087 7973 1084 7979 9969 9970 1086 7980 9966 9971 9972 1088 7982 9973 9974 
1958 5729 813 812 5492 5730 816 815 5493 9969 9970 9975 1086 1098 7980 1095 7986 9976 9977 1097 7987 9973 9978 9979 1099 7989 9980 9981 
1959 5730 816 815 5493 5731 819 818 5494 9976 9977 9982 1097 1109 7987 1106 7993 9983 9984 1108 7994 9980 9985 9986 1110 7996 9987 9988 
1960 5731 819 818 5494 5732 822 821 5495 9983 9984 9989 1108 1120 7994 1117 8000 9990 9991 1119 8001 9987 9992 9993 1121 8003 9994 9995 
1961 5732 822 821 5495 5733 825 824 5496 9990 9991 9996 1119 1131 8001 1128 8007 9997 9998 1130 8008 9994 9999 10000 1132 8010 10001 10002 
1962 5733 825 824 5496 5734 828 827 5497 9997 9998 10003 1130 1142 8008 1139 8014 10004 10005 1141 8015 10001 10006 10007 1143 8017 10008 10009 
1963 5734 828 827 5497 5735 831 830 5498 10004 10005 10010 1141 1153 8015 1150 8021 10011 10012 1152 8022 10008 10013 10014 1154 8024 10015 10016 
1964 5735 831 830 5498 5736 834 833 5499 10011 10012 10017 1152 1164 8022 1161 8028 10018 10019 1163 8029 10015 10020 10021 1165 8031 10022 10023 
1965 5736 834 833 5499 5737 837 836 5500 10018 10019 10024 1163 1175 8029 1172 8035 10025 10026 1174 8036 10022 10027 10028 1176 8038 10029 10030 
1966 5737 837 836 5500 5738 840 839 5501 10025 10026 10031 1174 1186 8036 1183 8042 10032 10033 1185 8043 10029 10034 10035 1187 8045 10036 10037 
1967 5738 840 839 5501 5739 843 842 5502 10032 10033 10038 1185 1197 8043 1194 8049 10039 10040 1196 8050 10036 10041 10042 1198 8052 10043 10044 
1968 5739 843 842 5502 5740 846 845 5503 10039 10040 10045 1196 1208 8050 1205 8056 10046 10047 1207 8057 10043 10048 10049 1209 8059 10050 10051 
1969 5740 846 845 5503 5741 849 848 5504 10046 10047 10052 1207 1219 8057 1216 8063 10053 10054 1218 8064 10050 10055 10056 1220 8066 10057 10058 
1970 5741 849 848 5504 5742 852 851 5505 10053 10054 10059 1218 1230 8064 1227 8070 10060 10061 1229 8071 10057 10062 10063 1231 8073 10064 10065 
1971 5742 852 851 5505 5743 855 854 5506 10060 10061 10066 1229 1241 8071 1238 8077 10067 10068 1240 8078 10064 10069 10070 1242 8080 10071 10072 
1972 5743 855 854 5506 5744 858 857 5507 10067 10068 10073 1240 1252 8078 1249 8084 10074 10075 1251 8085 10071 10076 10077 1253 8087 10078 10079 
1973 5744 858 857 5507 5745 861 860 5508 10074 10075 10080 1251 1263 8085 1260 8091 10081 10082 1262 8092 10078 10083 10084 1264 8094 10085 10086 
1974 5745 861 860 5508 5746 864 863 5509 10081 10082 10087 1262 1274 8092 1271 8098 10088 10089 1273 8099 10085 10090 10091 1275 8101 10092 10093 
1975 5746 864 863 5509 5747 867 866 5510 10088 10089 10094 1273 1285 8099 1282 8105 10095 10096 1284 8106 10092 10097 10098 1286 8108 10099 10100 
1976 5747 867 866 5510 5748 870 869 5511 10095 10096 10101 1284 1296 8106 1293 8112 10102 10103 1295 8113 10099 10104 10105 1297 8115 10106 10107 
1977 5748 870 869 5511 5749 873 872 5512 10102 10103 10108 1295 1307 8113 1304 8119 10109 10110 1306 8120 10106 10111 10112 1308 8122 10113 10114 
1978 5749 873 872 5512 5750 876 875 5513 10109 10110 10115 1306 1318 8120 1315 8126 10116 10117 1317 8127 10113 10118 10119 1319 8129 10120 10121 
1979 5750 876 875 5513 5751 879 878 5514 10116 10117 10122 1317 1329 8127 1326 8133 10123 10124 1328 8134 10120 10125 10126 1330 8136 10127 10128 
1980 5751 879 878 5514 5752 882 881 5515 10123 10124 10129 1328 1340 8134 1337 8140 10130 10131 1339 8141 10127 10132 10133 1341 8143 10134 10135 
1981 5752 882 881 5515 5753 885 884 5516 10130 10131 10136 1339 1351 8141 1348 8147 10137 10138 1350 8148 10134 10139 10140 1352 8150 10141 10142 
1982 5753 885 884 5516 5754 888 887 5517 10137 10138 10143 1350 1362 8148 1359 8154 10144 10145 1361 8155 10141 10146 10147 1363 8157 10148 10149 
1983 5754 888 887 5517 5755 891 890 5518 10144 10145 10150 1361 1373 8155 1370 8161 10151 10152 1372 8162 10148 10153 10154 1374 8164 10155 10156 
1984 5755 891 890 5518 5756 894 893 5519 10151 10152 10157 1372 1384 8162 1381 8168 10158 10159 1383 8169 10155 10160 10161 1385 8171 10162 10163 
1985 5756 894 893 5519 5757 897 896 5520 10158 10159 10164 1383 1395 8169 1392 8175 10165 10166 1394 8176 10162 10167 10168 1396 8178 10169 10170 
1986 5757 897 896 5520 5758 900 899 5521 10165 10166 10171 1394 1406 8176 1403 8182 10172 10173 1405 8183 10169 10174 10175 1407 8185 10176 10177 
1987 5758 900 899 5521 5759 903 902 5522 10172 10173 10178 1405 1417 8183 1414 8189 10179 10180 1416 8190 10176 10181 10182 1418 8192 10183 10184 
1988 5759 903 902 5522 5760 906 905 5523 10179 10180 10185 1416 1428 8190 1425 8196 10186 10187 1427 8197 10183 10188 10189 1429 8199 10190 10191 
1989 5760 906 905 5523 5761 909 908 5524 10186 10187 10192 1427 1439 8197 1436 8203 10193 10194 1438 8204 10190 10195 10196 1440 8206 10197 10198 
1990 5761 909 908 5524 5762 912 911 5525 10193 10194 10199 1438 1450 8204 1447 8210 10200 10201 1449 8211 10197 10202 10203 1451 8213 10204 10205 
1991 5762 912 911 5525 5763 915 914 5526 10200 10201 10206 1449 1461 8211 1458 8217 10207 10208 1460 8218 10204 10209 10210 1462 8220 10211 10212 
1992 5763 915 914 5526 5764 918 917 5527 10207 10208 10213 1460 1472 8218 1469 8224 10214 10215 1471 8225 10211 10216 10217 1473 8227 10218 10219 
1993 5764 918 917 5527 5765 921 920 5528 10214 10215 10220 1471 1483 8225 1480 8231 10221 10222 1482 8232 10218 10223 10224 1484 8234 10225 10226 
1994 5765 921 920 5528 5766 924 923 5529 10221 10222 10227 1482 1494 8232 1491 8238 10228 10229 1493 8239 10225 10230 10231 1495 8241 10232 10233 
1995 5766 924 923 5529 5767 927 926 5530 10228 10229 10234 1493 1505 8239 1502 8245 10235 10236 1504 8246 10232 10237 10238 1506 8248 10239 10240 
1996 5767 927 926 5530 5768 930 929 5531 10235 10236 10241 1504 1516 8246 1513 8252 10242 10243 1515 8253 10239 10244 10245 1517 8255 10246 10247 
1997 5768 930 929 5531 5769 933 932 5532 10242 10243 10248 1515 1527 8253 1524 8259 10249 10250 1526 8260 10246 10251 10252 1528 8262 10253 10254 
1998 5769 933 932 5532 5770 936 935 5533 10249 10250 10255 1526 1538 8260 1535 8266 10256 10257 1537 8267 10253 10258 10259 1539 8269 10260 10261 
1999 5770 936 935 5533 5771 939 938 5534 10256 10257 10262 1537 1549 8267 1546 8273 10263 10264 1548 8274 10260 10265 10266 1550 8276 10267 10268 
2000 5771 939 938 5534 5772 942 941 5535 10263 10264 10269 1548 1560 8274 1557 8280 10270 10271 1559 8281 10267 10272 10273 1561 8283 10274 10275 
2001 5772 942 941 5535 5773 945 944 5536 10270 10271 10276 1559 1571 8281 1568 8287 10277 10278 1570 8288 10274 10279 10280 1572 8290 10281 10282 
2002 5773 945 944 5536 5774 948 947 5537 10277 10278 10283 1570 1582 8288 1579 8294 10284 10285 1581 8295 10281 10286 10287 1583 8297 10288 10289 
2003 5774 948 947 5537 5775 951 950 5538 10284 10285 10290 1581 1593 8295 1590 8301 10291 10292 1592 8302 10288 10293 10294 1594 8304 10295 10296 
2004 5775 951 950 5538 5776 954 953 5539 10291 10292 10297 1592 1604 8302 1601 8308 10298 10299 1603 8309 10295 10300 10301 1605 8311 10302 10303 
2005 5776 954 953 5539 5777 957 956 5540 10298 10299 10304 1603 1615 8309 1612 8315 10305 10306 1614 8316 10302 10307 10308 1616 8318 10309 10310 
2006 5777 957 956 5540 5778 960 959 5541 10305 10306 10311 1614 1626 8316 1623 8322 10312 10313 1625 8323 10309 10314 10315 1627 8325 10316 10317 
2007 5778 960 959 5541 5779 963 962 5542 10312 10313 10318 1625 1637 8323 1634 8329 10319 10320 1636 8330 10316 10321 10322 1638 8332 10323 10324 
2008 5779 963 962 5542 5780 966 965 5543 10319 10320 10325 1636 1648 8330 1645 8336 10326 10327 1647 8337 10323 10328 10329 1649 8339 10330 10331 
2009 5780 966 965 5543 5781 969 968 5544 10326 10327 10332 1647 1659 8337 1656 8343 10333 10334 1658 8344 10330 10335 10336 1660 8346 10337 10338 
2010 5781 969 968 5544 5782 972 971 5545 10333 10334 10339 1658 1670 8344 1667 8350 10340 10341 1669 8351 10337 10342 10343 1671 8353 10344 10345 
2011 5782 972 971 5545 5783 975 974 5546 10340 10341 10346 1669 1681 8351 1678 8357 10347 10348 1680 8358 10344 10349 10350 1682 8360 10351 10352 
2012 5783 975 974 5546 5784 978 977 5547 10347 10348 10353 1680 1692 8358 1689 8364 10354 10355 1691 8365 10351 10356 10357 1693 8367 10358 10359 
2013 5784 978 977 5547 5785 981 980 5548 10354 10355 10360 1691 1703 8365 1700 8371 10361 10362 1702 8372 10358 10363 10364 1704 8374 10365 10366 
2014 5785 981 980 5548 5786 984 983 5549 10361 10362 10367 1702 1714 8372 1711 8378 10368 10369 1713 8379 10365 10370 10371 1715 8381 10372 10373 
2015 5786 984 983 5549 5787 987 986 5550 10368 10369 10374 1713 1725 8379 1722 8385 10375 10376 1724 8386 10372 10377 10378 1726 8388 10379 10380 
2016 5787 987 986 5550 5788 990 989 5551 10375 10376 10381 1724 1736 8386 1733 8392 10382 10383 1735 8393 10379 10384 10385 1737 8395 10386 10387 
2017 5788 990 989 5551 5789 993 992 5552 10382 10383 10388 1735 1747 8393 1744 8399 10389 10390 1746 8400 10386 10391 10392 1748 8402 10393 10394 
2018 5789 993 992 5552 5790 996 995 5553 10389 10390 10395 1746 1758 8400 1755 8406 10396 10397 1757 8407 10393 10398 10399 1759 8409 10400 10401 
2019 5790 996 995 5553 5791 999 998 5554 10396 10397 10402 1757 1769 8407 1766 8413 10403 10404 1768 8414 10400 10405 10406 1770 8416 10407 10408 
2020 5791 999 998 5554 5792 1002 1001 5555 10403 10404 10409 1768 1780 8414 1777 8420 10410 10411 1779 8421 10407 10412 10413 1781 8423 10414 10415 
2021 5792 1002 1001 5555 5793 1005 1004 5556 10410 10411 10416 1779 1791 8421 1788 8427 10417 10418 1790 8428 10414 10419 10420 1792 8430 10421 10422 
2022 5793 1005 1004 5556 5794 1008 1007 5557 10417 10418 10423 1790 1802 8428 1799 8434 10424 10425 1801 8435 10421 10426 10427 1803 8437 10428 10429 
2023 5794 1008 1007 5557 5795 1011 1010 5558 10424 10425 10430 1801 1813 8435 1810 8441 10431 10432 1812 8442 10428 10433 10434 1814 8444 10435 10436 
2024 5795 1011 1010 5558 5796 1014 1013 5559 10431 10432 10437 1812 1824 8442 1821 8448 10438 10439 1823 8449 10435 10440 10441 1825 8451 10442 10443 
2025 5796 1014 1013 5559 5797 1017 1016 5560 10438 10439 10444 1823 1835 8449 1832 8455 10445 10446 1834 8456 10442 10447 10448 1836 8458 10449 10450 
2026 5797 1017 1016 5560 5798 1020 1019 5561 10445 10446 10451 1834 1846 8456 1843 8462 10452 10453 1845 8463 10449 10454 10455 1847 8465 10456 10457 
2027 5798 1020 1019 5561 5799 1023 1022 5562 10452 10453 10458 1845 1857 8463 1854 8469 10459 10460 1856 8470 10456 10461 10462 1858 8472 10463 10464 
2028 5799 1023 1022 5562 5800 1026 1025 5563 10459 10460 10465 1856 1868 8470 1865 8476 10466 10467 1867 8477 10463 10468 10469 1869 8479 10470 10471 
2029 5800 1026 1025 5563 5801 1029 1028 5564 10466 10467 10472 1867 1879 8477 1876 8483 10473 10474 1878 8484 10470 10475 10476 1880 8486 10477 10478 
2030 5801 1029 1028 5564 5802 1032 1031 5565 10473 10474 10479 1878 1890 8484 1887 8490 10480 10481 1889 8491 10477 10482 10483 1891 8493 10484 10485 
2031 5802 1032 1031 5565 5803 1035 1034 5566 10480 10481 10486 1889 1901 8491 1898 8497 10487 10488 1900 8498 10484 10489 10490 1902 8500 10491 10492 
2032 5803 1035 1034 5566 756 39 38 753 10487 10488 10493 1900 1909 8498 1907 8504 782 781 42 771 10491 10494 10495 1910 8505 783 10496 
2033 708 707 704 705 5804 5725 5488 5567 735 736 10497 733 9940 724 7951 8508 10498 10499 9942 8509 737 10500 10501 9944 8511 10502 10503 
2034 5804 5725 5488 5567 5805 5726 5489 5568 10498 10499 10504 9942 9947 8509 7958 8515 10505 10506 9949 8516 10502 10507 10508 9951 8518 10509 10510 
2035 5805 5726 5489 5568 5806 5727 5490 5569 10505 10506 10511 9949 9954 8516 7965 8522 10512 10513 9956 8523 10509 10514 10515 9958 8525 10516 10517 
2036 5806 5727 5490 5569 5807 5728 5491 5570 10512 10513 10518 9956 9961 8523 7972 8529 10519 10520 9963 8530 10516 10521 10522 9965 8532 10523 10524 
2037 5807 5728 5491 5570 5808 5729 5492 5571 10519 10520 10525 9963 9968 8530 7979 8536 10526 10527 9970 8537 10523 10528 10529 9972 8539 10530 10531 
2038 5808 5729 5492 5571 5809 5730 5493 5572 10526 10527 10532 9970 9975 8537 7986 8543 10533 10534 9977 8544 10530 10535 10536 9979 8546 10537 10538 
2039 5809 5730 5493 5572 5810 5731 5494 5573 10533 10534 10539 9977 9982 8544 7993 8550 10540 10541 9984 8551 10537 10542 10543 9986 8553 10544 10545 
2040 5810 5731 5494 5573 5811 5732 5495 5574 10540 10541 10546 9984 9989 8551 8000 8557 10547 10548 9991 8558 10544 10549 10550 9993 8560 10551 10552 
2041 5811 5732 5495 5574 5812 5733 5496 5575 10547 10548 10553 9991 9996 8558 8007 8564 10554 10555 9998 8565 10551 10556 10557 10000 8567 10558 10559 
2042 5812 5733 5496 5575 5813 5734 5497 5576 10554 10555 10560 9998 10003 8565 8014 8571 10561 10562 10005 8572 10558 10563 10564 10007 8574 10565 10566 
2043 5813 5734 5497 5576 5814 5735 5498 5577 10561 10562 10567 10005 10010 8572 8021 8578 10568 10569 10012 8579 10565 10570 10571 10014 8581 10572 10573 
2044 5814 5735 5498 5577 5815 5736 5499 5578 10568 10569 10574 10012 10017 8579 8028 8585 10575 10576 10019 8586 10572 10577 10578 10021 8588 10579 10580 
2045 5815 5736 5499 5578 5816 5737 5500 5579 10575 10576 10581 10019 10024 8586 8035 8592 10582 10583 10026 8593 10579 10584 10585 10028 8595 10586 10587 
2046 5816 5737 5500 5579 5817 5738 5501 5580 10582 10583 10588 10026 10031 8593 8042 8599 10589 10590 10033 8600 10586 10591 10592 10035 8602 10593 10594 
2047 5817 5738 5501 5580 5818 5739 5502 5581 10589 10590 10595 10033 10038 8600 8049 8606 10596 10597 10040 8607 10593 10598 10599 10042 8609 10600 10601 
2048 5818 5739 5502 5581 5819 5740 5503 5582 10596 10597 10602 10040 10045 8607 8056 8613 10603 10604 10047 8614 10600 10605 10606 10049 8616 10607 10608 
2049 5819 5740 5503 5582 5820 5741 5504 5583 10603 10604 10609 10047 10052 8614 8063 8620 10610 10611 10054 8621 10607 10612 10613 10056 8623 10614 10615 
2050 5820 5741 5504 5583 5821 5742 5505 5584 10610 10611 10616 10054 10059 8621 8070 8627 10617 10618 10061 8628 10614 10619 10620 10063 8630 10621 10622 
2051 5821 5742 5505 5584 5822 5743 5506 5585 10617 10618 10623 10061 10066 8628 8077 8634 10624 10625 10068 8635 10621 10626 10627 10070 8637 10628 10629 
2052 5822 5743 5506 5585 5823 5744 5507 5586 10624 10625 10630 10068 10073 8635 8084 8641 10631 10632 10075 8642 10628 10633 10634 10077 8644 10635 10636 
2053 5823 5744 5507 5586 5824 5745 5508 5587 10631 10632 10637 10075 10080 8642 8091 8648 10638 10639 10082 8649 10635 10640 10641 10084 8651 10642 10643 
2054 5824 5745 5508 5587 5825 5746 5509 5588 10638 10639 10644 10082 10087 8649 8098 8655 10645 10646 10089 8656 10642 10647 10648 10091 8658 10649 10650 
2055 5825 5746 5509 5588 5826 5747 5510 5589 10645 10646 10651 10089 10094 8656 8105 8662 10652 10653 10096 8663 10649 10654 10655 10098 8665 10656 10657 
2056 5826 5747 5510 5589 5827 5748 5511 5590 10652 10653 10658 10096 10101 8663 8112 8669 10659 10660 10103 8670 10656 10661 10662 10105 8672 10663 10664 
2057 5827 5748 5511 5590 5828 5749 5512 5591 10659 10660 10665 10103 10108 8670 8119 8676 10666 10667 10110 8677 10663 10668 10669 10112 8679 10670 10671 
2058 5828 5749 5512 5591 5829 5750 5513 5592 10666 10667 10672 10110 10115 8677 8126 8683 10673 10674 10117 8684 10670 10675 10676 10119 8686 10677 10678 
2059 5829 5750 5513 5592 5830 5751 5514 5593 10673 10674 10679 10117 10122 8684 8133 8690 10680 10681 10124 8691 10677 10682 10683 10126 8693 10684 10685 
2060 5830 5751 5514 5593 5831 5752 5515 5594 10680 10681 10686 10124 10129 8691 8140 8697 10687 10688 10131 8698 10684 10689 10690 10133 8700 10691 10692 
2061 5831 5752 5515 5594 5832 5753 5516 5595 10687 10688 10693 10131 10136 8698 8147 8704 10694 10695 10138 8705 10691 10696 10697 10140 8707 10698 10699 
2062 5832 5753 5516 5595 5833 5754 5517 5596 10694 10695 10700 10138 10143 8705 8154 8711 10701 10702 10145 8712 10698 10703 10704 10147 8714 10705 10706 
2063 5833 5754 5517 5596 5834 5755 5518 5597 10701 10702 10707 10145 10150 8712 8161 8718 10708 10709 10152 8719 10705 10710 10711 10154 8721 10712 10713 
2064 5834 5755 5518 5597 5835 5756 5519 5598 10708 10709 10714 10152 10157 8719 8168 8725 10715 10716 10159 8726 10712 10717 10718 10161 8728 10719 10720 
2065 5835 5756 5519 5598 5836 5757 5520 5599 10715 10716 10721 10159 10164 8726 8175 8732 10722 10723 10166 8733 10719 10724 10725 10168 8735 10726 10727 
2066 5836 5757 5520 5599 5837 5758 5521 5600 10722 10723 10728 10166 10171 8733 8182 8739 10729 10730 10173 8740 10726 10731 10732 10175 8742 10733 10734 
2067 5837 5758 5521 5600 5838 5759 5522 5601 10729 10730 10735 10173 10178 8740 8189 8746 10736 10737 10180 8747 10733 10738 10739 10182 8749 10740 10741 
2068 5838 5759 5522 5601 5839 5760 5523 5602 10736 10737 10742 10180 10185 8747 8196 8753 10743 10744 10187 8754 10740 10745 10746 10189 8756 10747 10748 
2069 5839 5760 5523 5602 5840 5761 5524 5603 10743 10744 10749 10187 10192 8754 8203 8760 10750 10751 10194 8761 10747 10752 10753 10196 8763 10754 10755 
2070 5840 5761 5524 5603 5841 5762 5525 5604 10750 10751 10756 10194 10199 8761 8210 8767 10757 10758 10201 8768 10754 10759 10760 10203 8770 10761 10762 
2071 5841 5762 5525 5604 5842 5763 5526 5605 10757 10758 10763 10201 10206 8768 8217 8774 10764 10765 10208 8775 10761 10766 10767 10210 8777 10768 10769 
2072 5842 5763 5526 5605 5843 5764 5527 5606 10764 10765 10770 10208 10213 8775 8224 8781 10771 10772 10215 8782 10768 10773 10774 10217 8784 10775 10776 
2073 5843 5764 5527 5606 5844 5765 5528 5607 10771 10772 10777 10215 10220 8782 8231 8788 10778 10779 10222 8789 10775 10780 10781 10224 8791 10782 10783 
2074 5844 5765 5528 5607 5845 5766 5529 5608 10778 10779 10784 10222 10227 8789 8238 8795 10785 10786 10229 8796 10782 10787 10788 10231 8798 10789 10790 
2075 5845 5766 5529 5608 5846 5767 5530 5609 10785 10786 10791 10229 10234 8796 8245 8802 10792 10793 10236 8803 10789 10794 10795 10238 8805 10796 10797 
2076 5846 5767 5530 5609 5847 5768 5531 5610 10792 10793 10798 10236 10241 8803 8252 8809 10799 10800 10243 8810 10796 10801 10802 10245 8812 10803 10804 
2077 5847 5768 5531 5610 5848 5769 5532 5611 10799 10800 10805 10243 10248 8810 8259 8816 10806 10807 10250 8817 10803 10808 10809 10252 8819 10810 10811 
2078 5848 5769 5532 5611 5849 5770 5533 5612 10806 10807 10812 10250 10255 8817 8266 8823 10813 10814 10257 8824 10810 10815 10816 10259 8826 10817 10818 
2079 5849 5770 5533 5612 5850 5771 5534 5613 10813 10814 10819 10257 10262 8824 8273 8830 10820 10821 10264 8831 10817 10822 10823 10266 8833 10824 10825 
2080 5850 5771 5534 5613 5851 5772 5535 5614 10820 10821 10826 10264 10269 8831 8280 8837 10827 10828 10271 8838 10824 10829 10830 10273 8840 10831 10832 
2081 5851 5772 5535 5614 5852 5773 5536 5615 10827 10828 10833 10271 10276 8838 8287 8844 10834 10835 10278 8845 10831 10836 10837 10280 8847 10838 10839 
2082 5852 5773 5536 5615 5853 5774 5537 5616 10834 10835 10840 10278 10283 8845 8294 8851 10841 10842 10285 8852 10838 10843 10844 10287 8854 10845 10846 
2083 5853 5774 5537 5616 5854 5775 5538 5617 10841 10842 10847 10285 10290 8852 8301 8858 10848 10849 10292 8859 10845 10850 10851 10294 8861 10852 10853 
2084 5854 5775 5538 5617 5855 5776 5539 5618 10848 10849 10854 10292 10297 8859 8308 8865 10855 10856 10299 8866 10852 10857 10858 10301 8868 10859 10860 
2085 5855 5776 5539 5618 5856 5777 5540 5619 10855 10856 10861 10299 10304 8866 8315 8872 10862 10863 10306 8873 10859 10864 10865 10308 8875 10866 10867 
2086 5856 5777 5540 5619 5857 5778 5541 5620 10862 10863 10868 10306 10311 8873 8322 8879 10869 10870 10313 8880 10866 10871 10872 10315 8882 10873 10874 
2087 5857 5778 5541 5620 5858 5779 5542 5621 10869 10870 10875 10313 10318 8880 8329 8886 10876 10877 10320 8887 10873 10878 10879 10322 8889 10880 10881 
2088 5858 5779 5542 5621 5859 5780 5543 5622 10876 10877 10882 10320 10325 8887 8336 8893 10883 10884 10327 8894 10880 10885 10886 10329 8896 10887 10888 
2089 5859 5780 5543 5622 5860 5781 5544 5623 10883 10884 10889 10327 10332 8894 8343 8900 10890 10891 10334 8901 10887 10892 10893 10336 8903 10894 10895 
2090 5860 5781 5544 5623 5861 5782 5545 5624 10890 10891 10896 10334 10339 8901 8350 8907 10897 10898 10341 8908 10894 10899 10900 10343 8910 10901 10902 
2091 5861 5782 5545 5624 5862 5783 5546 5625 10897 10898 10903 10341 10346 8908 8357 8914 10904 10905 10348 8915 10901 10906 10907 10350 8917 10908 10909 
2092 5862 5783 5546 5625 5863 5784 5547 5626 10904 10905 10910 10348 10353 8915 8364 8921 10911 10912 10355 8922 10908 10913 10914 10357 8924 10915 10916 
2093 5863 5784 5547 5626 5864 5785 5548 5627 10911 10912 10917 10355 10360 8922 8371 8928 10918 10919 10362 8929 10915 10920 10921 10364 8931 10922 10923 
2094 5864 5785 5548 5627 5865 5786 5549 5628 10918 10919 10924 10362 10367 8929 8378 8935 10925 10926 10369 8936 10922 10927 10928 10371 8938 10929 10930 
2095 5865 5786 5549 5628 5866 5787 5550 5629 10925 10926 10931 10369 10374 8936 8385 8942 10932 10933 10376 8943 10929 10934 10935 10378 8945 10936 10937 
2096 5866 5787 5550 5629 5867 5788 5551 5630 10932 10933 10938 10376 10381 8943 8392 8949 10939 10940 10383 8950 10936 10941 10942 10385 8952 10943 10944 
2097 5867 5788 5551 5630 5868 5789 5552 5631 10939 10940 10945 10383 10388 8950 8399 8956 10946 10947 10390 8957 10943 10948 10949 10392 8959 10950 10951 
2098 5868 5789 5552 5631 5869 5790 5553 5632 10946 10947 10952 10390 10395 8957 8406 8963 10953 10954 10397 8964 10950 10955 10956 10399 8966 10957 10958 
2099 5869 5790 5553 5632 5870 5791 5554 5633 10953 10954 10959 10397 10402 8964 8413 8970 10960 10961 10404 8971 10957 10962 10963 10406 8973 10964 10965 
2100 5870 5791 5554 5633 5871 5792 5555 5634 10960 10961 10966 10404 10409 8971 8420 8977 10967 10968 10411 8978 10964 10969 10970 10413 8980 10971 10972 
2101 5871 5792 5555 5634 5872 5793 5556 5635 10967 10968 10973 10411 10416 8978 8427 8984 10974 10975 10418 8985 10971 10976 10977 10420 8987 10978 10979 
2102 5872 5793 5556 5635 5873 5794 5557 5636 10974 10975 10980 10418 10423 8985 8434 8991 10981 10982 10425 8992 10978 10983 10984 10427 8994 10985 10986 
2103 5873 5794 5557 5636 5874 5795 5558 5637 10981 10982 10987 10425 10430 8992 8441 8998 10988 10989 10432 8999 10985 10990 10991 10434 9001 10992 10993 
2104 5874 5795 5558 5637 5875 5796 5559 5638 10988 10989 10994 10432 10437 8999 8448 9005 10995 10996 10439 9006 10992 10997 10998 10441 9008 10999 11000 
2105 5875 5796 5559 5638 5876 5797 5560 5639 10995 10996 11001 10439 10444 9006 8455 9012 11002 11003 10446 9013 10999 11004 11005 10448 9015 11006 11007 
2106 5876 5797 5560 5639 5877 5798 5561 5640 11002 11003 11008 10446 10451 9013 8462 9019 11009 11010 10453 9020 11006 11011 11012 10455 9022 11013 11014 
2107 5877 5798 5561 5640 5878 5799 5562 5641 11009 11010 11015 10453 10458 9020 8469 9026 11016 11017 10460 9027 11013 11018 11019 10462 9029 11020 11021 
2108 5878 5799 5562 5641 5879 5800 5563 5642 11016 11017 11022 10460 10465 9027 8476 9033 11023 11024 10467 9034 11020 11025 11026 10469 9036 11027 11028 
2109 5879 5800 5563 5642 5880 5801 5564 5643 11023 11024 11029 10467 10472 9034 8483 9040 11030 11031 10474 9041 11027 11032 11033 10476 9043 11034 11035 
2110 5880 5801 5564 5643 5881 5802 5565 5644 11030 11031 11036 10474 10479 9041 8490 9047 11037 11038 10481 9048 11034 11039 11040 10483 9050 11041 11042 
2111 5881 5802 5565 5644 5882 5803 5566 5645 11037 11038 11043 10481 10486 9048 8497 9054 11044 11045 10488 9055 11041 11046 11047 10490 9057 11048 11049 
2112 5882 5803 5566 5645 757 756 753 754 11044 11045 11050 10488 10493 9055 8504 9061 785 784 781 774 11048 11051 11052 10495 9062 786 11053 
2113 709 708 705 706 5883 5804 5567 5646 738 739 11054 736 10497 727 8508 9065 11055 11056 10499 9066 740 11057 11058 10501 9068 11059 11060 
2114 5883 5804 5567 5646 5884 5805 5568 5647 11055 11056 11061 10499 10504 9066 8515 9072 11062 11063 10506 9073 11059 11064 11065 10508 9075 11066 11067 
2115 5884 5805 5568 5647 5885 5806 5569 5648 11062 11063 11068 10506 10511 9073 8522 9079 11069 11070 10513 9080 11066 11071 11072 10515 9082 11073 11074 
2116 5885 5806 5569 5648 5886 5807 5570 5649 11069 11070 11075 10513 10518 9080 8529 9086 11076 11077 10520 9087 11073 11078 11079 10522 9089 11080 11081 
2117 5886 5807 5570 5649 5887 5808 5571 5650 11076 11077 11082 10520 10525 9087 8536 9093 11083 11084 10527 9094 11080 11085 11086 10529 9096 11087 11088 
2118 5887 5808 5571 5650 5888 5809 5572 5651 11083 11084 11089 10527 10532 9094 8543 9100 11090 11091 10534 9101 11087 11092 11093 10536 9103 11094 11095 
2119 5888 5809 5572 5651 5889 5810 5573 5652 11090 11091 11096 10534 10539 9101 8550 9107 11097 11098 10541 9108 11094 11099 11100 10543 9110 11101 11102 
2120 5889 5810 5573 5652 5890 5811 5574 5653 11097 11098 11103 10541 10546 9108 8557 9114 11104 11105 10548 9115 11101 11106 11107 10550 9117 11108 11109 
2121 5890 5811 5574 5653 5891 5812 5575 5654 11104 11105 11110 10548 10553 9115 8564 9121 11111 11112 10555 9122 11108 11113 11114 10557 9124 11115 11116 
2122 5891 5812 5575 5654 5892 5813 5576 5655 11111 11112 11117 10555 10560 9122 8571 9128 11118 11119 10562 9129 11115 11120 11121 10564 9131 11122 11123 
2123 5892 5813 5576 5655 5893 5814 5577 5656 11118 11119 11124 10562 10567 9129 8578 9135 11125 11126 10569 9136 11122 11127 11128 10571 9138 11129 11130 
2124 5893 5814 5577 5656 5894 5815 5578 5657 11125 11126 11131 10569 10574 9136 8585 9142 11132 11133 10576 9143 11129 11134 11135 10578 9145 11136 11137 
2125 5894 5815 5578 5657 5895 5816 5579 5658 11132 11133 11138 10576 10581 9143 8592 9149 11139 11140 10583 9150 11136 11141 11142 10585 9152 11143 11144 
2126 5895 5816 5579 5658 5896 5817 5580 5659 11139 11140 11145 10583 10588 9150 8599 9156 11146 11147 10590 9157 11143 11148 11149 10592 9159 11150 11151 
2127 5896 5817 5580 5659 5897 5818 5581 5660 11146 11147 11152 10590 10595 9157 8606 9163 11153 11154 10597 9164 11150 11155 11156 10599 9166 11157 11158 
2128 5897 5818 5581 5660 5898 5819 5582 5661 11153 11154 11159 10597 10602 9164 8613 9170 11160 11161 10604 9171 11157 11162 11163 10606 9173 11164 11165 
2129 5898 5819 5582 5661 5899 5820 5583 5662 11160 11161 11166 10604 10609 9171 8620 9177 11167 11168 10611 9178 11164 11169 11170 10613 9180 11171 11172 
2130 5899 5820 5583 5662 5900 5821 5584 5663 11167 11168 11173 10611 10616 9178 8627 9184 11174 11175 10618 9185 11171 11176 11177 10620 9187 11178 11179 
2131 5900 5821 5584 5663 5901 5822 5585 5664 11174 11175 11180 10618 10623 9185 8634 9191 11181 11182 10625 9192 11178 11183 11184 10627 9194 11185 11186 
2132 5901 5822 5585 5664 5902 5823 5586 5665 11181 11182 11187 10625 10630 9192 8641 9198 11188 11189 10632 9199 11185 11190 11191 10634 9201 11192 11193 
2133 5902 5823 5586 5665 5903 5824 5587 5666 11188 11189 11194 10632 10637 9199 8648 9205 11195 11196 10639 9206 11192 11197 11198 10641 9208 11199 11200 
2134 5903 5824 5587 5666 5904 5825 5588 5667 11195 11196 11201 10639 10644 9206 8655 9212 11202 11203 10646 9213 11199 11204 11205 10648 9215 11206 11207 
2135 5904 5825 5588 5667 5905 5826 5589 5668 11202 11203 11208 10646 10651 9213 8662 9219 11209 11210 10653 9220 11206 11211 11212 10655 9222 11213 11214 
2136 5905 5826 5589 5668 5906 5827 5590 5669 11209 11210 11215 10653 10658 9220 8669 9226 11216 11217 10660 9227 11213 11218 11219 10662 9229 11220 11221 
2137 5906 5827 5590 5669 5907 5828 5591 5670 11216 11217 11222 10660 10665 9227 8676 9233 11223 11224 10667 9234 11220 11225 11226 10669 9236 11227 11228 
2138 5907 5828 5591 5670 5908 5829 5592 5671 11223 11224 11229 10667 10672 9234 8683 9240 11230 11231 10674 9241 11227 11232 11233 10676 9243 11234 11235 
2139 5908 5829 5592 5671 5909 5830 5593 5672 11230 11231 11236 10674 10679 9241 8690 9247 11237 11238 10681 9248 11234 11239 11240 10683 9250 11241 11242 
2140 5909 5830 5593 5672 5910 5831 5594 5673 11237 11238 11243 10681 10686 9248 8697 9254 11244 11245 10688 9255 11241 11246 11247 10690 9257 11248 11249 
2141 5910 5831 5594 5673 5911 5832 5595 5674 11244 11245 11250 10688 10693 9255 8704 9261 11251 11252 10695 9262 11248 11253 11254 10697 9264 11255 11256 
2142 5911 5832 5595 5674 5912 5833 5596 5675 11251 11252 11257 10695 10700 9262 8711 9268 11258 11259 10702 9269 11255 11260 11261 10704 9271 11262 11263 
2143 5912 5833 5596 5675 5913 5834 5597 5676 11258 11259 11264 10702 10707 9269 8718 9275 11265 11266 10709 9276 11262 11267 11268 10711 9278 11269 11270 
2144 5913 5834 5597 5676 5914 5835 5598 5677 11265 11266 11271 10709 10714 9276 8725 9282 11272 11273 10716 9283 11269 11274 11275 10718 9285 11276 11277 
2145 5914 5835 5598 5677 5915 5836 5599 5678 11272 11273 11278 10716 10721 9283 8732 9289 11279 11280 10723 9290 11276 11281 11282 10725 9292 11283 11284 
2146 5915 5836 5599 5678 5916 5837 5600 5679 11279 11280 11285 10723 10728 9290 8739 9296 11286 11287 10730 9297 11283 11288 11289 10732 9299 11290 11291 
2147 5916 5837 5600 5679 5917 5838 5601 5680 11286 11287 11292 10730 10735 9297 8746 9303 11293 11294 10737 9304 11290 11295 11296 10739 9306 11297 11298 
2148 5917 5838 5601 5680 5918 5839 5602 5681 11293 11294 11299 10737 10742 9304 8753 9310 11300 11301 10744 9311 11297 11302 11303 10746 9313 11304 11305 
2149 5918 5839 5602 5681 5919 5840 5603 5682 11300 11301 11306 10744 10749 9311 8760 9317 11307 11308 10751 9318 11304 11309 11310 10753 9320 11311 11312 
2150 5919 5840 5603 5682 5920 5841 5604 5683 11307 11308 11313 10751 10756 9318 8767 9324 11314 11315 10758 9325 11311 11316 11317 10760 9327 11318 11319 
2151 5920 5841 5604 5683 5921 5842 5605 5684 11314 11315 11320 10758 10763 9325 8774 9331 11321 11322 10765 9332 11318 11323 11324 10767 9334 11325 11326 
2152 5921 5842 5605 5684 5922 5843 5606 5685 11321 11322 11327 10765 10770 9332 8781 9338 11328 11329 10772 9339 11325 11330 11331 10774 9341 11332 11333 
2153 5922 5843 5606 5685 5923 5844 5607 5686 11328 11329 11334 10772 10777 9339 8788 9345 11335 11336 10779 9346 11332 11337 11338 10781 9348 11339 11340 
2154 5923 5844 5607 5686 5924 5845 5608 5687 11335 11336 11341 10779 10784 9346 8795 9352 11342 11343 10786 9353 11339 11344 11345 10788 9355 11346 11347 
2155 5924 5845 5608 5687 5925 5846 5609 5688 11342 11343 11348 10786 10791 9353 8802 9359 11349 11350 10793 9360 11346 11351 11352 10795 9362 11353 11354 
2156 5925 5846 5609 5688 5926 5847 5610 5689 11349 11350 11355 10793 10798 9360 8809 9366 11356 11357 10800 9367 11353 11358 11359 10802 9369 11360 11361 
2157 5926 5847 5610 5689 5927 5848 5611 5690 11356 11357 11362 10800 10805 9367 8816 9373 11363 11364 10807 9374 11360 11365 11366 10809 9376 11367 11368 
2158 5927 5848 5611 5690 5928 5849 5612 5691 11363 11364 11369 10807 10812 9374 8823 9380 11370 11371 10814 9381 11367 11372 11373 10816 9383 11374 11375 
2159 5928 5849 5612 5691 5929 5850 5613 5692 11370 11371 11376 10814 10819 9381 8830 9387 11377 11378 10821 9388 11374 11379 11380 10823 9390 11381 11382 
2160 5929 5850 5613 5692 5930 5851 5614 5693 11377 11378 11383 10821 10826 9388 8837 9394 11384 11385 10828 9395 11381 11386 11387 10830 9397 11388 11389 
2161 5930 5851 5614 5693 5931 5852 5615 5694 11384 11385 11390 10828 10833 9395 8844 9401 11391 11392 10835 9402 11388 11393 11394 10837 9404 11395 11396 
2162 5931 5852 5615 5694 5932 5853 5616 5695 11391 11392 11397 10835 10840 9402 8851 9408 11398 11399 10842 9409 11395 11400 11401 10844 9411 11402 11403 
2163 5932 5853 5616 5695 5933 5854 5617 5696 11398 11399 11404 10842 10847 9409 8858 9415 11405 11406 10849 9416 11402 11407 11408 10851 9418 11409 11410 
2164 5933 5854 5617 5696 5934 5855 5618 5697 11405 11406 11411 10849 10854 9416 8865 9422 11412 11413 10856 9423 11409 11414 11415 10858 9425 11416 11417 
2165 5934 5855 5618 5697 5935 5856 5619 5698 11412 11413 11418 10856 10861 9423 8872 9429 11419 11420 10863 9430 11416 11421 11422 10865 9432 11423 11424 
2166 5935 5856 5619 5698 5936 5857 5620 5699 11419 11420 11425 10863 10868 9430 8879 9436 11426 11427 10870 9437 11423 11428 11429 10872 9439 11430 11431 
2167 5936 5857 5620 5699 5937 5858 5621 5700 11426 11427 11432 10870 10875 9437 8886 9443 11433 11434 10877 9444 11430 11435 11436 10879 9446 11437 11438 
2168 5937 5858 5621 5700 5938 5859 5622 5701 11433 11434 11439 10877 10882 9444 8893 9450 11440 11441 10884 9451 11437 11442 11443 10886 9453 11444 11445 
2169 5938 5859 5622 5701 5939 5860 5623 5702 11440 11441 11446 10884 10889 9451 8900 9457 11447 11448 10891 9458 11444 11449 11450 10893 9460 11451 11452 
2170 5939 5860 5623 5702 5940 5861 5624 5703 11447 11448 11453 10891 10896 9458 8907 9464 11454 11455 10898 9465 11451 11456 11457 10900 9467 11458 11459 
2171 5940 5861 5624 5703 5941 5862 5625 5704 11454 11455 11460 10898 10903 9465 8914 9471 11461 11462 10905 9472 11458 11463 11464 10907 9474 11465 11466 
2172 5941 5862 5625 5704 5942 5863 5626 5705 11461 11462 11467 10905 10910 9472 8921 9478 11468 11469 10912 9479 11465 11470 11471 10914 9481 11472 11473 
2173 5942 5863 5626 5705 5943 5864 5627 5706 11468 11469 11474 10912 10917 9479 8928 9485 11475 11476 10919 9486 11472 11477 11478 10921 9488 11479 11480 
2174 5943 5864 5627 5706 5944 5865 5628 5707 11475 11476 11481 10919 10924 9486 8935 9492 11482 11483 10926 9493 11479 11484 11485 10928 9495 11486 11487 
2175 5944 5865 5628 5707 5945 5866 5629 5708 11482 11483 11488 10926 10931 9493 8942 9499 11489 11490 10933 9500 11486 11491 11492 10935 9502 11493 11494 
2176 5945 5866 5629 5708 5946 5867 5630 5709 11489 11490 11495 10933 10938 9500 8949 9506 11496 11497 10940 9507 11493 11498 11499 10942 9509 11500 11501 
2177 5946 5867 5630 5709 5947 5868 5631 5710 11496 11497 11502 10940 10945 9507 8956 9513 11503 11504 10947 9514 11500 11505 11506 10949 9516 11507 11508 
2178 5947 5868 5631 5710 5948 5869 5632 5711 11503 11504 11509 10947 10952 9514 8963 9520 11510 11511 10954 9521 11507 11512 11513 10956 9523 11514 11515 
2179 5948 5869 5632 5711 5949 5870 5633 5712 11510 11511 11516 10954 10959 9521 8970 9527 11517 11518 10961 9528 11514 11519 11520 10963 9530 11521 11522 
2180 5949 5870 5633 5712 5950 5871 5634 5713 11517 11518 11523 10961 10966 9528 8977 9534 11524 11525 10968 9535 11521 11526 11527 10970 9537 11528 11529 
2181 5950 5871 5634 5713 5951 5872 5635 5714 11524 11525 11530 10968 10973 9535 8984 9541 11531 11532 10975 9542 11528 11533 11534 10977 9544 11535 11536 
2182 5951 5872 5635 5714 5952 5873 5636 5715 11531 11532 11537 10975 10980 9542 8991 9548 11538 11539 10982 9549 11535 11540 11541 10984 9551 11542 11543 
2183 5952 5873 5636 5715 5953 5874 5637 5716 11538 11539 11544 10982 10987 9549 8998 9555 11545 11546 10989 9556 11542 11547 11548 10991 9558 11549 11550 
2184 5953 5874 5637 5716 5954 5875 5638 5717 11545 11546 11551 10989 10994 9556 9005 9562 11552 11553 10996 9563 11549 11554 11555 10998 9565 11556 11557 
2185 5954 5875 5638 5717 5955 5876 5639 5718 11552 11553 11558 10996 11001 9563 9012 9569 11559 11560 11003 9570 11556 11561 11562 11005 9572 11563 11564 
2186 5955 5876 5639 5718 5956 5877 5640 5719 11559 11560 11565 11003 11008 9570 9019 9576 11566 11567 11010 9577 11563 11568 11569 11012 9579 11570 11571 
2187 5956 5877 5640 5719 5957 5878 5641 5720 11566 11567 11572 11010 11015 9577 9026 9583 11573 11574 11017 9584 11570 11575 11576 11019 9586 11577 11578 
2188 5957 5878 5641 5720 5958 5879 5642 5721 11573 11574 11579 11017 11022 9584 9033 9590 11580 11581 11024 9591 11577 11582 11583 11026 9593 11584 11585 
2189 5958 5879 5642 5721 5959 5880 5643 5722 11580 11581 11586 11024 11029 9591 9040 9597 11587 11588 11031 9598 11584 11589 11590 11033 9600 11591 11592 
2190 5959 5880 5643 5722 5960 5881 5644 5723 11587 11588 11593 11031 11036 9598 9047 9604 11594 11595 11038 9605 11591 11596 11597 11040 9607 11598 11599 
2191 5960 5881 5644 5723 5961 5882 5645 5724 11594 11595 11600 11038 11043 9605 9054 9611 11601 11602 11045 9612 11598 11603 11604 11047 9614 11605 11606 
2192 5961 5882 5645 5724 758 757 754 755 11601 11602 11607 11045 11050 9612 9061 9618 788 787 784 777 11605 11608 11609 11052 9619 789 11610 
2193 25 709 706 24 1914 5883 5646 1913 741 28 2155 739 11054 730 9065 2152 11611 2156 11056 9622 742 11612 2157 11058 9623 11613 11614 
2194 1914 5883 5646 1913 1917 5884 5647 1916 11611 2156 2166 11056 11061 9622 9072 2163 11615 2167 11063 9626 11613 11616 2168 11065 9627 11617 11618 
2195 1917 5884 5647 1916 1920 5885 5648 1919 11615 2167 2177 11063 11068 9626 9079 2174 11619 2178 11070 9630 11617 11620 2179 11072 9631 11621 11622 
2196 1920 5885 5648 1919 1923 5886 5649 1922 11619 2178 2188 11070 11075 9630 9086 2185 11623 2189 11077 9634 11621 11624 2190 11079 9635 11625 11626 
2197 1923 5886 5649 1922 1926 5887 5650 1925 11623 2189 2199 11077 11082 9634 9093 2196 11627 2200 11084 9638 11625 11628 2201 11086 9639 11629 11630 
2198 1926 5887 5650 1925 1929 5888 5651 1928 11627 2200 2210 11084 11089 9638 9100 2207 11631 2211 11091 9642 11629 11632 2212 11093 9643 11633 11634 
2199 1929 5888 5651 1928 1932 5889 5652 1931 11631 2211 2221 11091 11096 9642 9107 2218 11635 2222 11098 9646 11633 11636 2223 11100 9647 11637 11638 
2200 1932 5889 5652 1931 1935 5890 5653 1934 11635 2222 2232 11098 11103 9646 9114 2229 11639 2233 11105 9650 11637 11640 2234 11107 9651 11641 11642 
2201 1935 5890 5653 1934 1938 5891 5654 1937 11639 2233 2243 11105 11110 9650 9121 2240 11643 2244 11112 9654 11641 11644 2245 11114 9655 11645 11646 
2202 1938 5891 5654 1937 1941 5892 5655 1940 11643 2244 2254 11112 11117 9654 9128 2251 11647 2255 11119 9658 11645 11648 2256 11121 9659 11649 11650 
2203 1941 5892 5655 1940 1944 5893 5656 1943 11647 2255 2265 11119 11124 9658 9135 2262 11651 2266 11126 9662 11649 11652 2267 11128 9663 11653 11654 
2204 1944 5893 5656 1943 1947 5894 5657 1946 11651 2266 2276 11126 11131 9662 9142 2273 11655 2277 11133 9666 11653 11656 2278 11135 9667 11657 11658 
2205 1947 5894 5657 1946 1950 5895 5658 1949 11655 2277 2287 11133 11138 9666 9149 2284 11659 2288 11140 9670 11657 11660 2289 11142 9671 11661 11662 
2206 1950 5895 5658 1949 1953 5896 5659 1952 11659 2288 2298 11140 11145 9670 9156 2295 11663 2299 11147 9674 11661 11664 2300 11149 9675 11665 11666 
2207 1953 5896 5659 1952 1956 5897 5660 1955 11663 2299 2309 11147 11152 9674 9163 2306 11667 2310 11154 9678 11665 11668 2311 11156 9679 11669 11670 
2208 1956 5897 5660 1955 1959 5898 5661 1958 11667 2310 2320 11154 11159 9678 9170 2317 11671 2321 11161 9682 11669 11672 2322 11163 9683 11673 11674 
2209 1959 5898 5661 1958 1962 5899 5662 1961 11671 2321 2331 11161 11166 9682 9177 2328 11675 2332 11168 9686 11673 11676 2333 11170 9687 11677 11678 
2210 1962 5899 5662 1961 1965 5900 5663 1964 11675 2332 2342 11168 11173 9686 9184 2339 11679 2343 11175 9690 11677 11680 2344 11177 9691 11681 11682 
2211 1965 5900 5663 1964 1968 5901 5664 1967 11679 2343 2353 11175 11180 9690 9191 2350 11683 2354 11182 9694 11681 11684 2355 11184 9695 11685 11686 
2212 1968 5901 5664 1967 1971 5902 5665 1970 11683 2354 2364 11182 11187 9694 9198 2361 11687 2365 11189 9698 11685 11688 2366 11191 9699 11689 11690 
2213 1971 5902 5665 1970 1974 5903 5666 1973 11687 2365 2375 11189 11194 9698 9205 2372 11691 2376 11196 9702 11689 11692 2377 11198 9703 11693 11694 
2214 1974 5903 5666 1973 1977 5904 5667 1976 11691 2376 2386 11196 11201 9702 9212 2383 11695 2387 11203 9706 11693 11696 2388 11205 9707 11697 11698 
2215 1977 5904 5667 1976 1980 5905 5668 1979 11695 2387 2397 11203 11208 9706 9219 2394 11699 2398 11210 9710 11697 11700 2399 11212 9711 11701 11702 
2216 1980 5905 5668 1979 1983 5906 5669 1982 11699 2398 2408 11210 11215 9710 9226 2405 11703 2409 11217 9714 11701 11704 2410 11219 9715 11705 11706 
2217 1983 5906 5669 1982 1986 5907 5670 1985 11703 2409 2419 11217 11222 9714 9233 2416 11707 2420 11224 9718 11705 11708 2421 11226 9719 11709 11710 
2218 1986 5907 5670 1985 1989 5908 5671 1988 11707 2420 2430 11224 11229 9718 9240 2427 11711 2431 11231 9722 11709 11712 2432 11233 9723 11713 11714 
2219 1989 5908 5671 1988 1992 5909 5672 1991 11711 2431 2441 11231 11236 9722 9247 2438 11715 2442 11238 9726 11713 11716 2443 11240 9727 11717 11718 
2220 1992 5909 5672 1991 1995 5910 5673 1994 11715 2442 2452 11238 11243 9726 9254 2449 11719 2453 11245 9730 11717 11720 2454 11247 9731 11721 11722 
2221 1995 5910 5673 1994 1998 5911 5674 1997 11719 2453 2463 11245 11250 9730 9261 2460 11723 2464 11252 9734 11721 11724 2465 11254 9735 11725 11726 
2222 1998 5911 5674 1997 2001 5912 5675 2000 11723 2464 2474 11252 11257 9734 9268 2471 11727 2475 11259 9738 11725 11728 2476 11261 9739 11729 11730 
2223 2001 5912 5675 2000 2004 5913 5676 2003 11727 2475 2485 11259 11264 9738 9275 2482 11731 2486 11266 9742 11729 11732 2487 11268 9743 11733 11734 
2224 2004 5913 5676 2003 2007 5914 5677 2006 11731 2486 2496 11266 11271 9742 9282 2493 11735 2497 11273 9746 11733 11736 2498 11275 9747 11737 11738 
2225 2007 5914 5677 2006 2010 5915 5678 2009 11735 2497 2507 11273 11278 9746 9289 2504 11739 2508 11280 9750 11737 11740 2509 11282 9751 11741 11742 
2226 2010 5915 5678 2009 2013 5916 5679 2012 11739 2508 2518 11280 11285 9750 9296 2515 11743 2519 11287 9754 11741 11744 2520 11289 9755 11745 11746 
2227 2013 5916 5679 2012 2016 5917 5680 2015 11743 2519 2529 11287 11292 9754 9303 2526 11747 2530 11294 9758 11745 11748 2531 11296 9759 11749 11750 
2228 2016 5917 5680 2015 2019 5918 5681 2018 11747 2530 2540 11294 11299 9758 9310 2537 11751 2541 11301 9762 11749 11752 2542 11303 9763 11753 11754 
2229 2019 5918 5681 2018 2022 5919 5682 2021 11751 2541 2551 11301 11306 9762 9317 2548 11755 2552 11308 9766 11753 11756 2553 11310 9767 11757 11758 
2230 2022 5919 5682 2021 2025 5920 5683 2024 11755 2552 2562 11308 11313 9766 9324 2559 11759 2563 11315 9770 11757 11760 2564 11317 9771 11761 11762 
2231 2025 5920 5683 2024 2028 5921 5684 2027 11759 2563 2573 11315 11320 9770 9331 2570 11763 2574 11322 9774 11761 11764 2575 11324 9775 11765 11766 
2232 2028 5921 5684 2027 2031 5922 5685 2030 11763 2574 2584 11322 11327 9774 9338 2581 11767 2585 11329 9778 11765 11768 2586 11331 9779 11769 11770 
2233 2031 5922 5685 2030 2034 5923 5686 2033 11767 2585 2595 11329 11334 9778 9345 2592 11771 2596 11336 9782 11769 11772 2597 11338 9783 11773 11774 
2234 2034 5923 5686 2033 2037 5924 5687 2036 11771 2596 2606 11336 11341 9782 9352 2603 11775 2607 11343 9786 11773 11776 2608 11345 9787 11777 11778 
2235 2037 5924 5687 2036 2040 5925 5688 2039 11775 2607 2617 11343 11348 9786 9359 2614 11779 2618 11350 9790 11777 11780 2619 11352 9791 11781 11782 
2236 2040 5925 5688 2039 2043 5926 5689 2042 11779 2618 2628 11350 11355 9790 9366 2625 11783 2629 11357 9794 11781 11784 2630 11359 9795 11785 11786 
2237 2043 5926 5689 2042 2046 5927 5690 2045 11783 2629 2639 11357 11362 9794 9373 2636 11787 2640 11364 9798 11785 11788 2641 11366 9799 11789 11790 
2238 2046 5927 5690 2045 2049 5928 5691 2048 11787 2640 2650 11364 11369 9798 9380 2647 11791 2651 11371 9802 11789 11792 2652 11373 9803 11793 11794 
2239 2049 5928 5691 2048 2052 5929 5692 2051 11791 2651 2661 11371 11376 9802 9387 2658 11795 2662 11378 9806 11793 11796 2663 11380 9807 11797 11798 
2240 2052 5929 5692 2051 2055 5930 5693 2054 11795 2662 2672 11378 11383 9806 9394 2669 11799 2673 11385 9810 11797 11800 2674 11387 9811 11801 11802 
2241 2055 5930 5693 2054 2058 5931 5694 2057 11799 2673 2683 11385 11390 9810 9401 2680 11803 2684 11392 9814 11801 11804 2685 11394 9815 11805 11806 
2242 2058 5931 5694 2057 2061 5932 5695 2060 11803 2684 2694 11392 11397 9814 9408 2691 11807 2695 11399 9818 11805 11808 2696 11401 9819 11809 11810 
2243 2061 5932 5695 2060 2064 5933 5696 2063 11807 2695 2705 11399 11404 9818 9415 2702 11811 2706 11406 9822 11809 11812 2707 11408 9823 11813 11814 
2244 2064 5933 5696 2063 2067 5934 5697 2066 11811 2706 2716 11406 11411 9822 9422 2713 11815 2717 11413 9826 11813 11816 2718 11415 9827 11817 11818 
2245 2067 5934 5697 2066 2070 5935 5698 2069 11815 2717 2727 11413 11418 9826 9429 2724 11819 2728 11420 9830 11817 11820 2729 11422 9831 11821 11822 
2246 2070 5935 5698 2069 2073 5936 5699 2072 11819 2728 2738 11420 11425 9830 9436 2735 11823 2739 11427 9834 11821 11824 2740 11429 9835 11825 11826 
2247 2073 5936 5699 2072 2076 5937 5700 2075 11823 2739 2749 11427 11432 9834 9443 2746 11827 2750 11434 9838 11825 11828 2751 11436 9839 11829 11830 
2248 2076 5937 5700 2075 2079 5938 5701 2078 11827 2750 2760 11434 11439 9838 9450 2757 11831 2761 11441 9842 11829 11832 2762 11443 9843 11833 11834 
2249 2079 5938 5701 2078 2082 5939 5702 2081 11831 2761 2771 11441 11446 9842 9457 2768 11835 2772 11448 9846 11833 11836 2773 11450 9847 11837 11838 
2250 2082 5939 5702 2081 2085 5940 5703 2084 11835 2772 2782 11448 11453 9846 9464 2779 11839 2783 11455 9850 11837 11840 2784 11457 9851 11841 11842 
2251 2085 5940 5703 2084 2088 5941 5704 2087 11839 2783 2793 11455 11460 9850 9471 2790 11843 2794 11462 9854 11841 11844 2795 11464 9855 11845 11846 
2252 2088 5941 5704 2087 2091 5942 5705 2090 11843 2794 2804 11462 11467 9854 9478 2801 11847 2805 11469 9858 11845 11848 2806 11471 9859 11849 11850 
2253 2091 5942 5705 2090 2094 5943 5706 2093 11847 2805 2815 11469 11474 9858 9485 2812 11851 2816 11476 9862 11849 11852 2817 11478 9863 11853 11854 
2254 2094 5943 5706 2093 2097 5944 5707 2096 11851 2816 2826 11476 11481 9862 9492 2823 11855 2827 11483 9866 11853 11856 2828 11485 9867 11857 11858 
2255 2097 5944 5707 2096 2100 5945 5708 2099 11855 2827 2837 11483 11488 9866 9499 2834 11859 2838 11490 9870 11857 11860 2839 11492 9871 11861 11862 
2256 2100 5945 5708 2099 2103 5946 5709 2102 11859 2838 2848 11490 11495 9870 9506 2845 11863 2849 11497 9874 11861 11864 2850 11499 9875 11865 11866 
2257 2103 5946 5709 2102 2106 5947 5710 2105 11863 2849 2859 11497 11502 9874 9513 2856 11867 2860 11504 9878 11865 11868 2861 11506 9879 11869 11870 
2258 2106 5947 5710 2105 2109 5948 5711 2108 11867 2860 2870 11504 11509 9878 9520 2867 11871 2871 11511 9882 11869 11872 2872 11513 9883 11873 11874 
2259 2109 5948 5711 2108 2112 5949 5712 2111 11871 2871 2881 11511 11516 9882 9527 2878 11875 2882 11518 9886 11873 11876 2883 11520 9887 11877 11878 
2260 2112 5949 5712 2111 2115 5950 5713 2114 11875 2882 2892 11518 11523 9886 9534 2889 11879 2893 11525 9890 11877 11880 2894 11527 9891 11881 11882 
2261 2115 5950 5713 2114 2118 5951 5714 2117 11879 2893 2903 11525 11530 9890 9541 2900 11883 2904 11532 9894 11881 11884 2905 11534 9895 11885 11886 
2262 2118 5951 5714 2117 2121 5952 5715 2120 11883 2904 2914 11532 11537 9894 9548 2911 11887 2915 11539 9898 11885 11888 2916 11541 9899 11889 11890 
2263 2121 5952 5715 2120 2124 5953 5716 2123 11887 2915 2925 11539 11544 9898 9555 2922 11891 2926 11546 9902 11889 11892 2927 11548 9903 11893 11894 
2264 2124 5953 5716 2123 2127 5954 5717 2126 11891 2926 2936 11546 11551 9902 9562 2933 11895 2937 11553 9906 11893 11896 2938 11555 9907 11897 11898 
2265 2127 5954 5717 2126 2130 5955 5718 2129 11895 2937 2947 11553 11558 9906 9569 2944 11899 2948 11560 9910 11897 11900 2949 11562 9911 11901 11902 
2266 2130 5955 5718 2129 2133 5956 5719 2132 11899 2948 2958 11560 11565 9910 9576 2955 11903 2959 11567 9914 11901 11904 2960 11569 9915 11905 11906 
2267 2133 5956 5719 2132 2136 5957 5720 2135 11903 2959 2969 11567 11572 9914 9583 2966 11907 2970 11574 9918 11905 11908 2971 11576 9919 11909 11910 
2268 2136 5957 5720 2135 2139 5958 5721 2138 11907 2970 2980 11574 11579 9918 9590 2977 11911 2981 11581 9922 11909 11912 2982 11583 9923 11913 11914 
2269 2139 5958 5721 2138 2142 5959 5722 2141 11911 2981 2991 11581 11586 9922 9597 2988 11915 2992 11588 9926 11913 11916 2993 11590 9927 11917 11918 
2270 2142 5959 5722 2141 2145 5960 5723 2144 11915 2992 3002 11588 11593 9926 9604 2999 11919 3003 11595 9930 11917 11920 3004 11597 9931 11921 11922 
2271 2145 5960 5723 2144 2148 5961 5724 2147 11919 3003 3013 11595 11600 9930 9611 3010 11923 3014 11602 9934 11921 11924 3015 11604 9935 11925 11926 
2272 2148 5961 5724 2147 53 758 755 52 11923 3014 3022 11602 11607 9934 9618 3020 790 56 787 779 11925 11927 3023 11609 9938 791 11928 
2273 16 1 11 707 4138 224 801 5725 19 743 4376 15 303 732 1043 9940 4375 11929 1045 9941 744 4377 11930 1046 9943 11931 11932 
2274 4138 224 801 5725 4139 225 804 5726 4375 11929 4379 1045 304 9941 1054 9947 4378 11933 1056 9948 11931 4380 11934 1057 9950 11935 11936 
2275 4139 225 804 5726 4140 226 807 5727 4378 11933 4382 1056 305 9948 1065 9954 4381 11937 1067 9955 11935 4383 11938 1068 9957 11939 11940 
2276 4140 226 807 5727 4141 227 810 5728 4381 11937 4385 1067 306 9955 1076 9961 4384 11941 1078 9962 11939 4386 11942 1079 9964 11943 11944 
2277 4141 227 810 5728 4142 228 813 5729 4384 11941 4388 1078 307 9962 1087 9968 4387 11945 1089 9969 11943 4389 11946 1090 9971 11947 11948 
2278 4142 228 813 5729 4143 229 816 5730 4387 11945 4391 1089 308 9969 1098 9975 4390 11949 1100 9976 11947 4392 11950 1101 9978 11951 11952 
2279 4143 229 816 5730 4144 230 819 5731 4390 11949 4394 1100 309 9976 1109 9982 4393 11953 1111 9983 11951 4395 11954 1112 9985 11955 11956 
2280 4144 230 819 5731 4145 231 822 5732 4393 11953 4397 1111 310 9983 1120 9989 4396 11957 1122 9990 11955 4398 11958 1123 9992 11959 11960 
2281 4145 231 822 5732 4146 232 825 5733 4396 11957 4400 1122 311 9990 1131 9996 4399 11961 1133 9997 11959 4401 11962 1134 9999 11963 11964 
2282 4146 232 825 5733 4147 233 828 5734 4399 11961 4403 1133 312 9997 1142 10003 4402 11965 1144 10004 11963 4404 11966 1145 10006 11967 11968 
2283 4147 233 828 5734 4148 234 831 5735 4402 11965 4406 1144 313 10004 1153 10010 4405 11969 1155 10011 11967 4407 11970 1156 10013 11971 11972 
2284 4148 234 831 5735 4149 235 834 5736 4405 11969 4409 1155 314 10011 1164 10017 4408 11973 1166 10018 11971 4410 11974 1167 10020 11975 11976 
2285 4149 235 834 5736 4150 236 837 5737 4408 11973 4412 1166 315 10018 1175 10024 4411 11977 1177 10025 11975 4413 11978 1178 10027 11979 11980 
2286 4150 236 837 5737 4151 237 840 5738 4411 11977 4415 1177 316 10025 1186 10031 4414 11981 1188 10032 11979 4416 11982 1189 10034 11983 11984 
2287 4151 237 840 5738 4152 238 843 5739 4414 11981 4418 1188 317 10032 1197 10038 4417 11985 1199 10039 11983 4419 11986 1200 10041 11987 11988 
2288 4152 238 843 5739 4153 239 846 5740 4417 11985 4421 1199 318 10039 1208 10045 4420 11989 1210 10046 11987 4422 11990 1211 10048 11991 11992 
2289 4153 239 846 5740 4154 240 849 5741 4420 11989 4424 1210 319 10046 1219 10052 4423 11993 1221 10053 11991 4425 11994 1222 10055 11995 11996 
2290 4154 240 849 5741 4155 241 852 5742 4423 11993 4427 1221 320 10053 1230 10059 4426 11997 1232 10060 11995 4428 11998 1233 10062 11999 12000 
2291 4155 241 852 5742 4156 242 855 5743 4426 11997 4430 1232 321 10060 1241 10066 4429 12001 1243 10067 11999 4431 12002 1244 10069 12003 12004 
2292 4156 242 855 5743 4157 243 858 5744 4429 12001 4433 1243 322 10067 1252 10073 4432 12005 1254 10074 12003 4434 12006 1255 10076 12007 12008 
2293 4157 243 858 5744 4158 244 861 5745 4432 12005 4436 1254 323 10074 1263 10080 4435 12009 1265 10081 12007 4437 12010 1266 10083 12011 12012 
2294 4158 244 861 5745 4159 245 864 5746 4435 12009 4439 1265 324 10081 1274 10087 4438 12013 1276 10088 12011 4440 12014 1277 10090 12015 12016 
2295 4159 245 864 5746 4160 246 867 5747 4438 12013 4442 1276 325 10088 1285 10094 4441 12017 1287 10095 12015 4443 12018 1288 10097 12019 12020 
2296 4160 246 867 5747 4161 247 870 5748 4441 12017 4445 1287 326 10095 1296 10101 4444 12021 1298 10102 12019 4446 12022 1299 10104 12023 12024 
2297 4161 247 870 5748 4162 248 873 5749 4444 12021 4448 1298 327 10102 1307 10108 4447 12025 1309 10109 12023 4449 12026 1310 10111 12027 12028 
2298 4162 248 873 5749 4163 249 876 5750 4447 12025 4451 1309 328 10109 1318 10115 4450 12029 1320 10116 12027 4452 12030 1321 10118 12031 12032 
2299 4163 249 876 5750 4164 250 879 5751 4450 12029 4454 1320 329 10116 1329 10122 4453 12033 1331 10123 12031 4455 12034 1332 10125 12035 12036 
2300 4164 250 879 5751 4165 251 882 5752 4453 12033 4457 1331 330 10123 1340 10129 4456 12037 1342 10130 12035 4458 12038 1343 10132 12039 12040 
2301 4165 251 882 5752 4166 252 885 5753 4456 12037 4460 1342 331 10130 1351 10136 4459 12041 1353 10137 12039 4461 12042 1354 10139 12043 12044 
2302 4166 252 885 5753 4167 253 888 5754 4459 12041 4463 1353 332 10137 1362 10143 4462 12045 1364 10144 12043 4464 12046 1365 10146 12047 12048 
2303 4167 253 888 5754 4168 254 891 5755 4462 12045 4466 1364 333 10144 1373 10150 4465 12049 1375 10151 12047 4467 12050 1376 10153 12051 12052 
2304 4168 254 891 5755 4169 255 894 5756 4465 12049 4469 1375 334 10151 1384 10157 4468 12053 1386 10158 12051 4470 12054 1387 10160 12055 12056 
2305 4169 255 894 5756 4170 256 897 5757 4468 12053 4472 1386 335 10158 1395 10164 4471 12057 1397 10165 12055 4473 12058 1398 10167 12059 12060 
2306 4170 256 897 5757 4171 257 900 5758 4471 12057 4475 1397 336 10165 1406 10171 4474 12061 1408 10172 12059 4476 12062 1409 10174 12063 12064 
2307 4171 257 900 5758 4172 258 903 5759 4474 12061 4478 1408 337 10172 1417 10178 4477 12065 1419 10179 12063 4479 12066 1420 10181 12067 12068 
2308 4172 258 903 5759 4173 259 906 5760 4477 12065 4481 1419 338 10179 1428 10185 4480 12069 1430 10186 12067 4482 12070 1431 10188 12071 12072 
2309 4173 259 906 5760 4174 260 909 5761 4480 12069 4484 1430 339 10186 1439 10192 4483 12073 1441 10193 12071 4485 12074 1442 10195 12075 12076 
2310 4174 260 909 5761 4175 261 912 5762 4483 12073 4487 1441 340 10193 1450 10199 4486 12077 1452 10200 12075 4488 12078 1453 10202 12079 12080 
2311 4175 261 912 5762 4176 262 915 5763 4486 12077 4490 1452 341 10200 1461 10206 4489 12081 1463 10207 12079 4491 12082 1464 10209 12083 12084 
2312 4176 262 915 5763 4177 263 918 5764 4489 12081 4493 1463 342 10207 1472 10213 4492 12085 1474 10214 12083 4494 12086 1475 10216 12087 12088 
2313 4177 263 918 5764 4178 264 921 5765 4492 12085 4496 1474 343 10214 1483 10220 4495 12089 1485 10221 12087 4497 12090 1486 10223 12091 12092 
2314 4178 264 921 5765 4179 265 924 5766 4495 12089 4499 1485 344 10221 1494 10227 4498 12093 1496 10228 12091 4500 12094 1497 10230 12095 12096 
2315 4179 265 924 5766 4180 266 927 5767 4498 12093 4502 1496 345 10228 1505 10234 4501 12097 1507 10235 12095 4503 12098 1508 10237 12099 12100 
2316 4180 266 927 5767 4181 267 930 5768 4501 12097 4505 1507 346 10235 1516 10241 4504 12101 1518 10242 12099 4506 12102 1519 10244 12103 12104 
2317 4181 267 930 5768 4182 268 933 5769 4504 12101 4508 1518 347 10242 1527 10248 4507 12105 1529 10249 12103 4509 12106 1530 10251 12107 12108 
2318 4182 268 933 5769 4183 269 936 5770 4507 12105 4511 1529 348 10249 1538 10255 4510 12109 1540 10256 12107 4512 12110 1541 10258 12111 12112 
2319 4183 269 936 5770 4184 270 939 5771 4510 12109 4514 1540 349 10256 1549 10262 4513 12113 1551 10263 12111 4515 12114 1552 10265 12115 12116 
2320 4184 270 939 5771 4185 271 942 5772 4513 12113 4517 1551 350 10263 1560 10269 4516 12117 1562 10270 12115 4518 12118 1563 10272 12119 12120 
2321 4185 271 942 5772 4186 272 945 5773 4516 12117 4520 1562 351 10270 1571 10276 4519 12121 1573 10277 12119 4521 12122 1574 10279 12123 12124 
2322 4186 272 945 5773 4187 273 948 5774 4519 12121 4523 1573 352 10277 1582 10283 4522 12125 1584 10284 12123 4524 12126 1585 10286 12127 12128 
2323 4187 273 948 5774 4188 274 951 5775 4522 12125 4526 1584 353 10284 1593 10290 4525 12129 1595 10291 12127 4527 12130 1596 10293 12131 12132 
2324 4188 274 951 5775 4189 275 954 5776 4525 12129 4529 1595 354 10291 1604 10297 4528 12133 1606 10298 12131 4530 12134 1607 10300 12135 12136 
2325 4189 275 954 5776 4190 276 957 5777 4528 12133 4532 1606 355 10298 1615 10304 4531 12137 1617 10305 12135 4533 12138 1618 10307 12139 12140 
2326 4190 276 957 5777 4191 277 960 5778 4531 12137 4535 1617 356 10305 1626 10311 4534 12141 1628 10312 12139 4536 12142 1629 10314 12143 12144 
2327 4191 277 960 5778 4192 278 963 5779 4534 12141 4538 1628 357 10312 1637 10318 4537 12145 1639 10319 12143 4539 12146 1640 10321 12147 12148 
2328 4192 278 963 5779 4193 279 966 5780 4537 12145 4541 1639 358 10319 1648 10325 4540 12149 1650 10326 12147 4542 12150 1651 10328 12151 12152 
2329 4193 279 966 5780 4194 280 969 5781 4540 12149 4544 1650 359 10326 1659 10332 4543 12153 1661 10333 12151 4545 12154 1662 10335 12155 12156 
2330 4194 280 969 5781 4195 281 972 5782 4543 12153 4547 1661 360 10333 1670 10339 4546 12157 1672 10340 12155 4548 12158 1673 10342 12159 12160 
2331 4195 281 972 5782 4196 282 975 5783 4546 12157 4550 1672 361 10340 1681 10346 4549 12161 1683 10347 12159 4551 12162 1684 10349 12163 12164 
2332 4196 282 975 5783 4197 283 978 5784 4549 12161 4553 1683 362 10347 1692 10353 4552 12165 1694 10354 12163 4554 12166 1695 10356 12167 12168 
2333 4197 283 978 5784 4198 284 981 5785 4552 12165 4556 1694 363 10354 1703 10360 4555 12169 1705 10361 12167 4557 12170 1706 10363 12171 12172 
2334 4198 284 981 5785 4199 285 984 5786 4555 12169 4559 1705 364 10361 1714 10367 4558 12173 1716 10368 12171 4560 12174 1717 10370 12175 12176 
2335 4199 285 984 5786 4200 286 987 5787 4558 12173 4562 1716 365 10368 1725 10374 4561 12177 1727 10375 12175 4563 12178 1728 10377 12179 12180 
2336 4200 286 987 5787 4201 287 990 5788 4561 12177 4565 1727 366 10375 1736 10381 4564 12181 1738 10382 12179 4566 12182 1739 10384 12183 12184 
2337 4201 287 990 5788 4202 288 993 5789 4564 12181 4568 1738 367 10382 1747 10388 4567 12185 1749 10389 12183 4569 12186 1750 10391 12187 12188 
2338 4202 288 993 5789 4203 289 996 5790 4567 12185 4571 1749 368 10389 1758 10395 4570 12189 1760 10396 12187 4572 12190 1761 10398 12191 12192 
2339 4203 289 996 5790 4204 290 999 5791 4570 12189 4574 1760 369 10396 1769 10402 4573 12193 1771 10403 12191 4575 12194 1772 10405 12195 12196 
2340 4204 290 999 5791 4205 291 1002 5792 4573 12193 4577 1771 370 10403 1780 10409 4576 12197 1782 10410 12195 4578 12198 1783 10412 12199 12200 
2341 4205 291 1002 5792 4206 292 1005 5793 4576 12197 4580 1782 371 10410 1791 10416 4579 12201 1793 10417 12199 4581 12202 1794 10419 12203 12204 
2342 4206 292 1005 5793 4207 293 1008 5794 4579 12201 4583 1793 372 10417 1802 10423 4582 12205 1804 10424 12203 4584 12206 1805 10426 12207 12208 
2343 4207 293 1008 5794 4208 294 1011 5795 4582 12205 4586 1804 373 10424 1813 10430 4585 12209 1815 10431 12207 4587 12210 1816 10433 12211 12212 
2344 4208 294 1011 5795 4209 295 1014 5796 4585 12209 4589 1815 374 10431 1824 10437 4588 12213 1826 10438 12211 4590 12214 1827 10440 12215 12216 
2345 4209 295 1014 5796 4210 296 1017 5797 4588 12213 4592 1826 375 10438 1835 10444 4591 12217 1837 10445 12215 4593 12218 1838 10447 12219 12220 
2346 4210 296 1017 5797 4211 297 1020 5798 4591 12217 4595 1837 376 10445 1846 10451 4594 12221 1848 10452 12219 4596 12222 1849 10454 12223 12224 
2347 4211 297 1020 5798 4212 298 1023 5799 4594 12221 4598 1848 377 10452 1857 10458 4597 12225 1859 10459 12223 4599 12226 1860 10461 12227 12228 
2348 4212 298 1023 5799 4213 299 1026 5800 4597 12225 4601 1859 378 10459 1868 10465 4600 12229 1870 10466 12227 4602 12230 1871 10468 12231 12232 
2349 4213 299 1026 5800 4214 300 1029 5801 4600 12229 4604 1870 379 10466 1879 10472 4603 12233 1881 10473 12231 4605 12234 1882 10475 12235 12236 
2350 4214 300 1029 5801 4215 301 1032 5802 4603 12233 4607 1881 380 10473 1890 10479 4606 12237 1892 10480 12235 4608 12238 1893 10482 12239 12240 
2351 4215 301 1032 5802 4216 302 1035 5803 4606 12237 4610 1892 381 10480 1901 10486 4609 12241 1903 10487 12239 4611 12242 1904 10489 12243 12244 
2352 4216 302 1035 5803 44 5 39 756 4609 12241 4612 1903 382 10487 1909 10493 47 792 43 782 12243 4613 12245 1911 10494 793 12246 
2353 17 16 707 708 4217 4138 5725 5804 20 745 4615 743 4376 735 9940 10497 4614 12247 11929 10498 746 4616 12248 11930 10500 12249 12250 
2354 4217 4138 5725 5804 4218 4139 5726 5805 4614 12247 4618 11929 4379 10498 9947 10504 4617 12251 11933 10505 12249 4619 12252 11934 10507 12253 12254 
2355 4218 4139 5726 5805 4219 4140 5727 5806 4617 12251 4621 11933 4382 10505 9954 10511 4620 12255 11937 10512 12253 4622 12256 11938 10514 12257 12258 
2356 4219 4140 5727 5806 4220 4141 5728 5807 4620 12255 4624 11937 4385 10512 9961 10518 4623 12259 11941 10519 12257 4625 12260 11942 10521 12261 12262 
2357 4220 4141 5728 5807 4221 4142 5729 5808 4623 12259 4627 11941 4388 10519 9968 10525 4626 12263 11945 10526 12261 4628 12264 11946 10528 12265 12266 
2358 4221 4142 5729 5808 4222 4143 5730 5809 4626 12263 4630 11945 4391 10526 9975 10532 4629 12267 11949 10533 12265 4631 12268 11950 10535 12269 12270 
2359 4222 4143 5730 5809 4223 4144 5731 5810 4629 12267 4633 11949 4394 10533 9982 10539 4632 12271 11953 10540 12269 4634 12272 11954 10542 12273 12274 
2360 4223 4144 5731 5810 4224 4145 5732 5811 4632 12271 4636 11953 4397 10540 9989 10546 4635 12275 11957 10547 12273 4637 12276 11958 10549 12277 12278 
2361 4224 4145 5732 5811 4225 4146 5733 5812 4635 12275 4639 11957 4400 10547 9996 10553 4638 12279 11961 10554 12277 4640 12280 11962 10556 12281 12282 
2362 4225 4146 5733 5812 4226 4147 5734 5813 4638 12279 4642 11961 4403 10554 10003 10560 4641 12283 11965 10561 12281 4643 12284 11966 10563 12285 12286 
2363 4226 4147 5734 5813 4227 4148 5735 5814 4641 12283 4645 11965 4406 10561 10010 10567 4644 12287 11969 10568 12285 4646 12288 11970 10570 12289 12290 
2364 4227 4148 5735 5814 4228 4149 5736 5815 4644 12287 4648 11969 4409 10568 10017 10574 4647 12291 11973 10575 12289 4649 12292 11974 10577 12293 12294 
2365 4228 4149 5736 5815 4229 4150 5737 5816 4647 12291 4651 11973 4412 10575 10024 10581 4650 12295 11977 10582 12293 4652 12296 11978 10584 12297 12298 
2366 4229 4150 5737 5816 4230 4151 5738 5817 4650 12295 4654 11977 4415 10582 10031 10588 4653 12299 11981 10589 12297 4655 12300 11982 10591 12301 12302 
2367 4230 4151 5738 5817 4231 4152 5739 5818 4653 12299 4657 11981 4418 10589 10038 10595 4656 12303 11985 10596 12301 4658 12304 11986 10598 12305 12306 
2368 4231 4152 5739 5818 4232 4153 5740 5819 4656 12303 4660 11985 4421 10596 10045 10602 4659 12307 11989 10603 12305 4661 12308 11990 10605 12309 12310 
2369 4232 4153 5740 5819 4233 4154 5741 5820 4659 12307 4663 11989 4424 10603 10052 10609 4662 12311 11993 10610 12309 4664 12312 11994 10612 12313 12314 
2370 4233 4154 5741 5820 4234 4155 5742 5821 4662 12311 4666 11993 4427 10610 10059 10616 4665 12315 11997 10617 12313 4667 12316 11998 10619 12317 12318 
2371 4234 4155 5742 5821 4235 4156 5743 5822 4665 12315 4669 11997 4430 10617 10066 10623 4668 12319 12001 10624 12317 4670 12320 12002 10626 12321 12322 
2372 4235 4156 5743 5822 4236 4157 5744 5823 4668 12319 4672 12001 4433 10624 10073 10630 4671 12323 12005 10631 12321 4673 12324 12006 10633 12325 12326 
2373 4236 4157 5744 5823 4237 4158 5745 5824 4671 12323 4675 12005 4436 10631 10080 10637 4674 12327 12009 10638 12325 4676 12328 12010 10640 12329 12330 
2374 4237 4158 5745 5824 4238 4159 5746 5825 4674 12327 4678 12009 4439 10638 10087 10644 4677 12331 12013 10645 12329 4679 12332 12014 10647 12333 12334 
2375 4238 4159 5746 5825 4239 4160 5747 5826 4677 12331 4681 12013 4442 10645 10094 10651 4680 12335 12017 10652 12333 4682 12336 12018 10654 12337 12338 
2376 4239 4160 5747 5826 4240 4161 5748 5827 4680 12335 4684 12017 4445 10652 10101 10658 4683 12339 12021 10659 12337 4685 12340 12022 10661 12341 12342 
2377 4240 4161 5748 5827 4241 4162 5749 5828 4683 12339 4687 12021 4448 10659 10108 10665 4686 12343 12025 10666 12341 4688 12344 12026 10668 12345 12346 
2378 4241 4162 5749 5828 4242 4163 5750 5829 4686 12343 4690 12025 4451 10666 10115 10672 4689 12347 12029 10673 12345 4691 12348 12030 10675 12349 12350 
2379 4242 4163 5750 5829 4243 4164 5751 5830 4689 12347 4693 12029 4454 10673 10122 10679 4692 12351 12033 10680 12349 4694 12352 12034 10682 12353 12354 
2380 4243 4164 5751 5830 4244 4165 5752 5831 4692 12351 4696 12033 4457 10680 10129 10686 4695 12355 12037 10687 12353 4697 12356 12038 10689 12357 12358 
2381 4244 4165 5752 5831 4245 4166 5753 5832 4695 12355 4699 12037 4460 10687 10136 10693 4698 12359 12041 10694 12357 4700 12360 12042 10696 12361 12362 
2382 4245 4166 5753 5832 4246 4167 5754 5833 4698 12359 4702 12041 4463 10694 10143 10700 4701 12363 12045 10701 12361 4703 12364 12046 10703 12365 12366 
2383 4246 4167 5754 5833 4247 4168 5755 5834 4701 12363 4705 12045 4466 10701 10150 10707 4704 12367 12049 10708 12365 4706 12368 12050 10710 12369 12370 
2384 4247 4168 5755 5834 4248 4169 5756 5835 4704 12367 4708 12049 4469 10708 10157 10714 4707 12371 12053 10715 12369 4709 12372 12054 10717 12373 12374 
2385 4248 4169 5756 5835 4249 4170 5757 5836 4707 12371 4711 12053 4472 10715 10164 10721 4710 12375 12057 10722 12373 4712 12376 12058 10724 12377 12378 
2386 4249 4170 5757 5836 4250 4171 5758 5837 4710 12375 4714 12057 4475 10722 10171 10728 4713 12379 12061 10729 12377 4715 12380 12062 10731 12381 12382 
2387 4250 4171 5758 5837 4251 4172 5759 5838 4713 12379 4717 12061 4478 10729 10178 10735 4716 12383 12065 10736 12381 4718 12384 12066 10738 12385 12386 
2388 4251 4172 5759 5838 4252 4173 5760 5839 4716 12383 4720 12065 4481 10736 10185 10742 4719 12387 12069 10743 12385 4721 12388 12070 10745 12389 12390 
2389 4252 4173 5760 5839 4253 4174 5761 5840 4719 12387 4723 12069 4484 10743 10192 10749 4722 12391 12073 10750 12389 4724 12392 12074 10752 12393 12394 
2390 4253 4174 5761 5840 4254 4175 5762 5841 4722 12391 4726 12073 4487 10750 10199 10756 4725 12395 12077 10757 12393 4727 12396 12078 10759 12397 12398 
2391 4254 4175 5762 5841 4255 4176 5763 5842 4725 12395 4729 12077 4490 10757 10206 10763 4728 12399 12081 10764 12397 4730 12400 12082 10766 12401 12402 
2392 4255 4176 5763 5842 4256 4177 5764 5843 4728 12399 4732 12081 4493 10764 10213 10770 4731 12403 12085 10771 12401 4733 12404 12086 10773 12405 12406 
2393 4256 4177 5764 5843 4257 4178 5765 5844 4731 12403 4735 12085 4496 10771 10220 10777 4734 12407 12089 10778 12405 4736 12408 12090 10780 12409 12410 
2394 4257 4178 5765 5844 4258 4179 5766 5845 4734 12407 4738 12089 4499 10778 10227 10784 4737 12411 12093 10785 12409 4739 12412 12094 10787 12413 12414 
2395 4258 4179 5766 5845 4259 4180 5767 5846 4737 12411 4741 12093 4502 10785 10234 10791 4740 12415 12097 10792 12413 4742 12416 12098 10794 12417 12418 
2396 4259 4180 5767 5846 4260 4181 5768 5847 4740 12415 4744 12097 4505 10792 10241 10798 4743 12419 12101 10799 12417 4745 12420 12102 10801 12421 12422 
2397 4260 4181 5768 5847 4261 4182 5769 5848 4743 12419 4747 12101 4508 10799 10248 10805 4746 12423 12105 10806 12421 4748 12424 12106 10808 12425 12426 
2398 4261 4182 5769 5848 4262 4183 5770 5849 4746 12423 4750 12105 4511 10806 10255 10812 4749 12427 12109 10813 12425 4751 12428 12110 10815 12429 12430 
2399 4262 4183 5770 5849 4263 4184 5771 5850 4749 12427 4753 12109 4514 10813 10262 10819 4752 12431 12113 10820 12429 4754 12432 12114 10822 12433 12434 
2400 4263 4184 5771 5850 4264 4185 5772 5851 4752 12431 4756 12113 4517 10820 10269 10826 4755 12435 12117 10827 12433 4757 12436 12118 10829 12437 12438 
2401 4264 4185 5772 5851 4265 4186 5773 5852 4755 12435 4759 12117 4520 10827 10276 10833 4758 12439 12121 10834 12437 4760 12440 12122 10836 12441 12442 
2402 4265 4186 5773 5852 4266 4187 5774 5853 4758 12439 4762 12121 4523 10834 10283 10840 4761 12443 12125 10841 12441 4763 12444 12126 10843 12445 12446 
2403 4266 4187 5774 5853 4267 4188 5775 5854 4761 12443 4765 12125 4526 10841 10290 10847 4764 12447 12129 10848 12445 4766 12448 12130 10850 12449 12450 
2404 4267 4188 5775 5854 4268 4189 5776 5855 4764 12447 4768 12129 4529 10848 10297 10854 4767 12451 12133 10855 12449 4769 12452 12134 10857 12453 12454 
2405 4268 4189 5776 5855 4269 4190 5777 5856 4767 12451 4771 12133 4532 10855 10304 10861 4770 12455 12137 10862 12453 4772 12456 12138 10864 12457 12458 
2406 4269 4190 5777 5856 4270 4191 5778 5857 4770 12455 4774 12137 4535 10862 10311 10868 4773 12459 12141 10869 12457 4775 12460 12142 10871 12461 12462 
2407 4270 4191 5778 5857 4271 4192 5779 5858 4773 12459 4777 12141 4538 10869 10318 10875 4776 12463 12145 10876 12461 4778 12464 12146 10878 12465 12466 
2408 4271 4192 5779 5858 4272 4193 5780 5859 4776 12463 4780 12145 4541 10876 10325 10882 4779 12467 12149 10883 12465 4781 12468 12150 10885 12469 12470 
2409 4272 4193 5780 5859 4273 4194 5781 5860 4779 12467 4783 12149 4544 10883 10332 10889 4782 12471 12153 10890 12469 4784 12472 12154 10892 12473 12474 
2410 4273 4194 5781 5860 4274 4195 5782 5861 4782 12471 4786 12153 4547 10890 10339 10896 4785 12475 12157 10897 12473 4787 12476 12158 10899 12477 12478 
2411 4274 4195 5782 5861 4275 4196 5783 5862 4785 12475 4789 12157 4550 10897 10346 10903 4788 12479 12161 10904 12477 4790 12480 12162 10906 12481 12482 
2412 4275 4196 5783 5862 4276 4197 5784 5863 4788 12479 4792 12161 4553 10904 10353 10910 4791 12483 12165 10911 12481 4793 12484 12166 10913 12485 12486 
2413 4276 4197 5784 5863 4277 4198 5785 5864 4791 12483 4795 12165 4556 10911 10360 10917 4794 12487 12169 10918 12485 4796 12488 12170 10920 12489 12490 
2414 4277 4198 5785 5864 4278 4199 5786 5865 4794 12487 4798 12169 4559 10918 10367 10924 4797 12491 12173 10925 12489 4799 12492 12174 10927 12493 12494 
2415 4278 4199 5786 5865 4279 4200 5787 5866 4797 12491 4801 12173 4562 10925 10374 10931 4800 12495 12177 10932 12493 4802 12496 12178 10934 12497 12498 
2416 4279 4200 5787 5866 4280 4201 5788 5867 4800 12495 4804 12177 4565 10932 10381 10938 4803 12499 12181 10939 12497 4805 12500 12182 10941 12501 12502 
2417 4280 4201 5788 5867 4281 4202 5789 5868 4803 12499 4807 12181 4568 10939 10388 10945 4806 12503 12185 10946 12501 4808 12504 12186 10948 12505 12506 
2418 4281 4202 5789 5868 4282 4203 5790 5869 4806 12503 4810 12185 4571 10946 10395 10952 4809 12507 12189 10953 12505 4811 12508 12190 10955 12509 12510 
2419 4282 4203 5790 5869 4283 4204 5791 5870 4809 12507 4813 12189 4574 10953 10402 10959 4812 12511 12193 10960 12509 4814 12512 12194 10962 12513 12514 
2420 4283 4204 5791 5870 4284 4205 5792 5871 4812 12511 4816 12193 4577 10960 10409 10966 4815 12515 12197 10967 12513 4817 12516 12198 10969 12517 12518 
2421 4284 4205 5792 5871 4285 4206 5793 5872 4815 12515 4819 12197 4580 10967 10416 10973 4818 12519 12201 10974 12517 4820 12520 12202 10976 12521 12522 
2422 4285 4206 5793 5872 4286 4207 5794 5873 4818 12519 4822 12201 4583 10974 10423 10980 4821 12523 12205 10981 12521 4823 12524 12206 10983 12525 12526 
2423 4286 4207 5794 5873 4287 4208 5795 5874 4821 12523 4825 12205 4586 10981 10430 10987 4824 12527 12209 10988 12525 4826 12528 12210 10990 12529 12530 
2424 4287 4208 5795 5874 4288 4209 5796 5875 4824 12527 4828 12209 4589 10988 10437 10994 4827 12531 12213 10995 12529 4829 12532 12214 10997 12533 12534 
2425 4288 4209 5796 5875 4289 4210 5797 5876 4827 12531 4831 12213 4592 10995 10444 11001 4830 12535 12217 11002 12533 4832 12536 12218 11004 12537 12538 
2426 4289 4210 5797 5876 4290 4211 5798 5877 4830 12535 4834 12217 4595 11002 10451 11008 4833 12539 12221 11009 12537 4835 12540 12222 11011 12541 12542 
2427 4290 4211 5798 5877 4291 4212 5799 5878 4833 12539 4837 12221 4598 11009 10458 11015 4836 12543 12225 11016 12541 4838 12544 12226 11018 12545 12546 
2428 4291 4212 5799 5878 4292 4213 5800 5879 4836 12543 4840 12225 4601 11016 10465 11022 4839 12547 12229 11023 12545 4841 12548 12230 11025 12549 12550 
2429 4292 4213 5800 5879 4293 4214 5801 5880 4839 12547 4843 12229 4604 11023 10472 11029 4842 12551 12233 11030 12549 4844 12552 12234 11032 12553 12554 
2430 4293 4214 5801 5880 4294 4215 5802 5881 4842 12551 4846 12233 4607 11030 10479 11036 4845 12555 12237 11037 12553 4847 12556 12238 11039 12557 12558 
2431 4294 4215 5802 5881 4295 4216 5803 5882 4845 12555 4849 12237 4610 11037 10486 11043 4848 12559 12241 11044 12557 4850 12560 12242 11046 12561 12562 
2432 4295 4216 5803 5882 45 44 756 757 4848 12559 4851 12241 4612 11044 10493 11050 48 794 792 785 12561 4852 12563 12245 11051 795 12564 
2433 18 17 708 709 4296 4217 5804 5883 21 747 4854 745 4615 738 10497 11054 4853 12565 12247 11055 748 4855 12566 12248 11057 12567 12568 
2434 4296 4217 5804 5883 4297 4218 5805 5884 4853 12565 4857 12247 4618 11055 10504 11061 4856 12569 12251 11062 12567 4858 12570 12252 11064 12571 12572 
2435 4297 4218 5805 5884 4298 4219 5806 5885 4856 12569 4860 12251 4621 11062 10511 11068 4859 12573 12255 11069 12571 4861 12574 12256 11071 12575 12576 
2436 4298 4219 5806 5885 4299 4220 5807 5886 4859 12573 4863 12255 4624 11069 10518 11075 4862 12577 12259 11076 12575 4864 12578 12260 11078 12579 12580 
2437 4299 4220 5807 5886 4300 4221 5808 5887 4862 12577 4866 12259 4627 11076 10525 11082 4865 12581 12263 11083 12579 4867 12582 12264 11085 12583 12584 
2438 4300 4221 5808 5887 4301 4222 5809 5888 4865 12581 4869 12263 4630 11083 10532 11089 4868 12585 12267 11090 12583 4870 12586 12268 11092 12587 12588 
2439 4301 4222 5809 5888 4302 4223 5810 5889 4868 12585 4872 12267 4633 11090 10539 11096 4871 12589 12271 11097 12587 4873 12590 12272 11099 12591 12592 
2440 4302 4223 5810 5889 4303 4224 5811 5890 4871 12589 4875 12271 4636 11097 10546 11103 4874 12593 12275 11104 12591 4876 12594 12276 11106 12595 12596 
2441 4303 4224 5811 5890 4304 4225 5812 5891 4874 12593 4878 12275 4639 11104 10553 11110 4877 12597 12279 11111 12595 4879 12598 12280 11113 12599 12600 
2442 4304 4225 5812 5891 4305 4226 5813 5892 4877 12597 4881 12279 4642 11111 10560 11117 4880 12601 12283 11118 12599 4882 12602 12284 11120 12603 12604 
2443 4305 4226 5813 5892 4306 4227 5814 5893 4880 12601 4884 12283 4645 11118 10567 11124 4883 12605 12287 11125 12603 4885 12606 12288 11127 12607 12608 
2444 4306 4227 5814 5893 4307 4228 5815 5894 4883 12605 4887 12287 4648 11125 10574 11131 4886 12609 12291 11132 12607 4888 12610 12292 11134 12611 12612 
2445 4307 4228 5815 5894 4308 4229 5816 5895 4886 12609 4890 12291 4651 11132 10581 11138 4889 12613 12295 11139 12611 4891 12614 12296 11141 12615 12616 
2446 4308 4229 5816 5895 4309 4230 5817 5896 4889 12613 4893 12295 4654 11139 10588 11145 4892 12617 12299 11146 12615 4894 12618 12300 11148 12619 12620 
2447 4309 4230 5817 5896 4310 4231 5818 5897 4892 12617 4896 12299 4657 11146 10595 11152 4895 12621 12303 11153 12619 4897 12622 12304 11155 12623 12624 
2448 4310 4231 5818 5897 4311 4232 5819 5898 4895 12621 4899 12303 4660 11153 10602 11159 4898 12625 12307 11160 12623 4900 12626 12308 11162 12627 12628 
2449 4311 4232 5819 5898 4312 4233 5820 5899 4898 12625 4902 12307 4663 11160 10609 11166 4901 12629 12311 11167 12627 4903 12630 12312 11169 12631 12632 
2450 4312 4233 5820 5899 4313 4234 5821 5900 4901 12629 4905 12311 4666 11167 10616 11173 4904 12633 12315 11174 12631 4906 12634 12316 11176 12635 12636 
2451 4313 4234 5821 5900 4314 4235 5822 5901 4904 12633 4908 12315 4669 11174 10623 11180 4907 12637 12319 11181 12635 4909 12638 12320 11183 12639 12640 
2452 4314 4235 5822 5901 4315 4236 5823 5902 4907 12637 4911 12319 4672 11181 10630 11187 4910 12641 12323 11188 12639 4912 12642 12324 11190 12643 12644 
2453 4315 4236 5823 5902 4316 4237 5824 5903 4910 12641 4914 12323 4675 11188 10637 11194 4913 12645 12327 11195 12643 4915 12646 12328 11197 12647 12648 
2454 4316 4237 5824 5903 4317 4238 5825 5904 4913 12645 4917 12327 4678 11195 10644 11201 4916 12649 12331 11202 12647 4918 12650 12332 11204 12651 12652 
2455 4317 4238 5825 5904 4318 4239 5826 5905 4916 12649 4920 12331 4681 11202 10651 11208 4919 12653 12335 11209 12651 4921 12654 12336 11211 12655 12656 
2456 4318 4239 5826 5905 4319 4240 5827 5906 4919 12653 4923 12335 4684 11209 10658 11215 4922 12657 12339 11216 12655 4924 12658 12340 11218 12659 12660 
2457 4319 4240 5827 5906 4320 4241 5828 5907 4922 12657 4926 12339 4687 11216 10665 11222 4925 12661 12343 11223 12659 4927 12662 12344 11225 12663 12664 
2458 4320 4241 5828 5907 4321 4242 5829 5908 4925 12661 4929 12343 4690 11223 10672 11229 4928 12665 12347 11230 12663 4930 12666 12348 11232 12667 12668 
2459 4321 4242 5829 5908 4322 4243 5830 5909 4928 12665 4932 12347 4693 11230 10679 11236 4931 12669 12351 11237 12667 4933 12670 12352 11239 12671 12672 
2460 4322 4243 5830 5909 4323 4244 5831 5910 4931 12669 4935 12351 4696 11237 10686 11243 4934 12673 12355 11244 12671 4936 12674 12356 11246 12675 12676 
2461 4323 4244 5831 5910 4324 4245 5832 5911 4934 12673 4938 12355 4699 11244 10693 11250 4937 12677 12359 11251 12675 4939 12678 12360 11253 12679 12680 
2462 4324 4245 5832 5911 4325 4246 5833 5912 4937 12677 4941 12359 4702 11251 10700 11257 4940 12681 12363 11258 12679 4942 12682 12364 11260 12683 12684 
2463 4325 4246 5833 5912 4326 4247 5834 5913 4940 12681 4944 12363 4705 11258 10707 11264 4943 12685 12367 11265 12683 4945 12686 12368 11267 12687 12688 
2464 4326 4247 5834 5913 4327 4248 5835 5914 4943 12685 4947 12367 4708 11265 10714 11271 4946 12689 12371 11272 12687 4948 12690 12372 11274 12691 12692 
2465 4327 4248 5835 5914 4328 4249 5836 5915 4946 12689 4950 12371 4711 11272 10721 11278 4949 12693 12375 11279 12691 4951 12694 12376 11281 12695 12696 
2466 4328 4249 5836 5915 4329 4250 5837 5916 4949 12693 4953 12375 4714 11279 10728 11285 4952 12697 12379 11286 12695 4954 12698 12380 11288 12699 12700 
2467 4329 4250 5837 5916 4330 4251 5838 5917 4952 12697 4956 12379 4717 11286 10735 11292 4955 12701 12383 11293 12699 4957 12702 12384 11295 12703 12704 
2468 4330 4251 5838 5917 4331 4252 5839 5918 4955 12701 4959 12383 4720 11293 10742 11299 4958 12705 12387 11300 12703 4960 12706 12388 11302 12707 12708 
2469 4331 4252 5839 5918 4332 4253 5840 5919 4958 12705 4962 12387 4723 11300 10749 11306 4961 12709 12391 11307 12707 4963 12710 12392 11309 12711 12712 
2470 4332 4253 5840 5919 4333 4254 5841 5920 4961 12709 4965 12391 4726 11307 10756 11313 4964 12713 12395 11314 12711 4966 12714 12396 11316 12715 12716 
2471 4333 4254 5841 5920 4334 4255 5842 5921 4964 12713 4968 12395 4729 11314 10763 11320 4967 12717 12399 11321 12715 4969 12718 12400 11323 12719 12720 
2472 4334 4255 5842 5921 4335 4256 5843 5922 4967 12717 4971 12399 4732 11321 10770 11327 4970 12721 12403 11328 12719 4972 12722 12404 11330 12723 12724 
2473 4335 4256 5843 5922 4336 4257 5844 5923 4970 12721 4974 12403 4735 11328 10777 11334 4973 12725 12407 11335 12723 4975 12726 12408 11337 12727 12728 
2474 4336 4257 5844 5923 4337 4258 5845 5924 4973 12725 4977 12407 4738 11335 10784 11341 4976 12729 12411 11342 12727 4978 12730 12412 11344 12731 12732 
2475 4337 4258 5845 5924 4338 4259 5846 5925 4976 12729 4980 12411 4741 11342 10791 11348 4979 12733 12415 11349 12731 4981 12734 12416 11351 12735 12736 
2476 4338 4259 5846 5925 4339 4260 5847 5926 4979 12733 4983 12415 4744 11349 10798 11355 4982 12737 12419 11356 12735 4984 12738 12420 11358 12739 12740 
2477 4339 4260 5847 5926 4340 4261 5848 5927 4982 12737 4986 12419 4747 11356 10805 11362 4985 12741 12423 11363 12739 4987 12742 12424 11365 12743 12744 
2478 4340 4261 5848 5927 4341 4262 5849 5928 4985 12741 4989 12423 4750 11363 10812 11369 4988 12745 12427 11370 12743 4990 12746 12428 11372 12747 12748 
2479 4341 4262 5849 5928 4342 4263 5850 5929 4988 12745 4992 12427 4753 11370 10819 11376 4991 12749 12431 11377 12747 4993 12750 12432 11379 12751 12752 
2480 4342 4263 5850 5929 4343 4264 5851 5930 4991 12749 4995 12431 4756 11377 10826 11383 4994 12753 12435 11384 12751 4996 12754 12436 11386 12755 12756 
2481 4343 4264 5851 5930 4344 4265 5852 5931 4994 12753 4998 12435 4759 11384 10833 11390 4997 12757 12439 11391 12755 4999 12758 12440 11393 12759 12760 
2482 4344 4265 5852 5931 4345 4266 5853 5932 4997 12757 5001 12439 4762 11391 10840 11397 5000 12761 12443 11398 12759 5002 12762 12444 11400 12763 12764 
2483 4345 4266 5853 5932 4346 4267 5854 5933 5000 12761 5004 12443 4765 11398 10847 11404 5003 12765 12447 11405 12763 5005 12766 12448 11407 12767 12768 
2484 4346 4267 5854 5933 4347 4268 5855 5934 5003 12765 5007 12447 4768 11405 10854 11411 5006 12769 12451 11412 12767 5008 12770 12452 11414 12771 12772 
2485 4347 4268 5855 5934 4348 4269 5856 5935 5006 12769 5010 12451 4771 11412 10861 11418 5009 12773 12455 11419 12771 5011 12774 12456 11421 12775 12776 
2486 4348 4269 5856 5935 4349 4270 5857 5936 5009 12773 5013 12455 4774 11419 10868 11425 5012 12777 12459 11426 12775 5014 12778 12460 11428 12779 12780 
2487 4349 4270 5857 5936 4350 4271 5858 5937 5012 12777 5016 12459 4777 11426 10875 11432 5015 12781 12463 11433 12779 5017 12782 12464 11435 12783 12784 
2488 4350 4271 5858 5937 4351 4272 5859 5938 5015 12781 5019 12463 4780 11433 10882 11439 5018 12785 12467 11440 12783 5020 12786 12468 11442 12787 12788 
2489 4351 4272 5859 5938 4352 4273 5860 5939 5018 12785 5022 12467 4783 11440 10889 11446 5021 12789 12471 11447 12787 5023 12790 12472 11449 12791 12792 
2490 4352 4273 5860 5939 4353 4274 5861 5940 5021 12789 5025 12471 4786 11447 10896 11453 5024 12793 12475 11454 12791 5026 12794 12476 11456 12795 12796 
2491 4353 4274 5861 5940 4354 4275 5862 5941 5024 12793 5028 12475 4789 11454 10903 11460 5027 12797 12479 11461 12795 5029 12798 12480 11463 12799 12800 
2492 4354 4275 5862 5941 4355 4276 5863 5942 5027 12797 5031 12479 4792 11461 10910 11467 5030 12801 12483 11468 12799 5032 12802 12484 11470 12803 12804 
2493 4355 4276 5863 5942 4356 4277 5864 5943 5030 12801 5034 12483 4795 11468 10917 11474 5033 12805 12487 11475 12803 5035 12806 12488 11477 12807 12808 
2494 4356 4277 5864 5943 4357 4278 5865 5944 5033 12805 5037 12487 4798 11475 10924 11481 5036 12809 12491 11482 12807 5038 12810 12492 11484 12811 12812 
2495 4357 4278 5865 5944 4358 4279 5866 5945 5036 12809 5040 12491 4801 11482 10931 11488 5039 12813 12495 11489 12811 5041 12814 12496 11491 12815 12816 
2496 4358 4279 5866 5945 4359 4280 5867 5946 5039 12813 5043 12495 4804 11489 10938 11495 5042 12817 12499 11496 12815 5044 12818 12500 11498 12819 12820 
2497 4359 4280 5867 5946 4360 4281 5868 5947 5042 12817 5046 12499 4807 11496 10945 11502 5045 12821 12503 11503 12819 5047 12822 12504 11505 12823 12824 
2498 4360 4281 5868 5947 4361 4282 5869 5948 5045 12821 5049 12503 4810 11503 10952 11509 5048 12825 12507 11510 12823 5050 12826 12508 11512 12827 12828 
2499 4361 4282 5869 5948 4362 4283 5870 5949 5048 12825 5052 12507 4813 11510 10959 11516 5051 12829 12511 11517 12827 5053 12830 12512 11519 12831 12832 
2500 4362 4283 5870 5949 4363 4284 5871 5950 5051 12829 5055 12511 4816 11517 10966 11523 5054 12833 12515 11524 12831 5056 12834 12516 11526 12835 12836 
2501 4363 4284 5871 5950 4364 4285 5872 5951 5054 12833 5058 12515 4819 11524 10973 11530 5057 12837 12519 11531 12835 5059 12838 12520 11533 12839 12840 
2502 4364 4285 5872 5951 4365 4286 5873 5952 5057 12837 5061 12519 4822 11531 10980 11537 5060 12841 12523 11538 12839 5062 12842 12524 11540 12843 12844 
2503 4365 4286 5873 5952 4366 4287 5874 5953 5060 12841 5064 12523 4825 11538 10987 11544 5063 12845 12527 11545 12843 5065 12846 12528 11547 12847 12848 
2504 4366 4287 5874 5953 4367 4288 5875 5954 5063 12845 5067 12527 4828 11545 10994 11551 5066 12849 12531 11552 12847 5068 12850 12532 11554 12851 12852 
2505 4367 4288 5875 5954 4368 4289 5876 5955 5066 12849 5070 12531 4831 11552 11001 11558 5069 12853 12535 11559 12851 5071 12854 12536 11561 12855 12856 
2506 4368 4289 5876 5955 4369 4290 5877 5956 5069 12853 5073 12535 4834 11559 11008 11565 5072 12857 12539 11566 12855 5074 12858 12540 11568 12859 12860 
2507 4369 4290 5877 5956 4370 4291 5878 5957 5072 12857 5076 12539 4837 11566 11015 11572 5075 12861 12543 11573 12859 5077 12862 12544 11575 12863 12864 
2508 4370 4291 5878 5957 4371 4292 5879 5958 5075 12861 5079 12543 4840 11573 11022 11579 5078 12865 12547 11580 12863 5080 12866 12548 11582 12867 12868 
2509 4371 4292 5879 5958 4372 4293 5880 5959 5078 12865 5082 12547 4843 11580 11029 11586 5081 12869 12551 11587 12867 5083 12870 12552 11589 12871 12872 
2510 4372 4293 5880 5959 4373 4294 5881 5960 5081 12869 5085 12551 4846 11587 11036 11593 5084 12873 12555 11594 12871 5086 12874 12556 11596 12875 12876 
2511 4373 4294 5881 5960 4374 4295 5882 5961 5084 12873 5088 12555 4849 11594 11043 11600 5087 12877 12559 11601 12875 5089 12878 12560 11603 12879 12880 
2512 4374 4295 5882 5961 46 45 757 758 5087 12877 5090 12559 4851 11601 11050 11607 49 796 794 788 12879 5091 12881 12563 11608 797 12882 
2513 3 18 709 25 542 4296 5883 1914 22 29 621 747 4854 741 11054 2155 5092 2158 12565 11611 749 5093 2159 12566 11612 12883 12884 
2514 542 4296 5883 1914 543 4297 5884 1917 5092 2158 622 12565 4857 11611 11061 2166 5094 2169 12569 11615 12883 5095 2170 12570 11616 12885 12886 
2515 543 4297 5884 1917 544 4298 5885 1920 5094 2169 623 12569 4860 11615 11068 2177 5096 2180 12573 11619 12885 5097 2181 12574 11620 12887 12888 
2516 544 4298 5885 1920 545 4299 5886 1923 5096 2180 624 12573 4863 11619 11075 2188 5098 2191 12577 11623 12887 5099 2192 12578 11624 12889 12890 
2517 545 4299 5886 1923 546 4300 5887 1926 5098 2191 625 12577 4866 11623 11082 2199 5100 2202 12581 11627 12889 5101 2203 12582 11628 12891 12892 
2518 546 4300 5887 1926 547 4301 5888 1929 5100 2202 626 12581 4869 11627 11089 2210 5102 2213 12585 11631 12891 5103 2214 12586 11632 12893 12894 
2519 547 4301 5888 1929 548 4302 5889 1932 5102 2213 627 12585 4872 11631 11096 2221 5104 2224 12589 11635 12893 5105 2225 12590 11636 12895 12896 
2520 548 4302 5889 1932 549 4303 5890 1935 5104 2224 628 12589 4875 11635 11103 2232 5106 2235 12593 11639 12895 5107 2236 12594 11640 12897 12898 
2521 549 4303 5890 1935 550 4304 5891 1938 5106 2235 629 12593 4878 11639 11110 2243 5108 2246 12597 11643 12897 5109 2247 12598 11644 12899 12900 
2522 550 4304 5891 1938 551 4305 5892 1941 5108 2246 630 12597 4881 11643 11117 2254 5110 2257 12601 11647 12899 5111 2258 12602 11648 12901 12902 
2523 551 4305 5892 1941 552 4306 5893 1944 5110 2257 631 12601 4884 11647 11124 2265 5112 2268 12605 11651 12901 5113 2269 12606 11652 12903 12904 
2524 552 4306 5893 1944 553 4307 5894 1947 5112 2268 632 12605 4887 11651 11131 2276 5114 2279 12609 11655 12903 5115 2280 12610 11656 12905 12906 
2525 553 4307 5894 1947 554 4308 5895 1950 5114 2279 633 12609 4890 11655 11138 2287 5116 2290 12613 11659 12905 5117 2291 12614 11660 12907 12908 
2526 554 4308 5895 1950 555 4309 5896 1953 5116 2290 634 12613 4893 11659 11145 2298 5118 2301 12617 11663 12907 5119 2302 12618 11664 12909 12910 
2527 555 4309 5896 1953 556 4310 5897 1956 5118 2301 635 12617 4896 11663 11152 2309 5120 2312 12621 11667 12909 5121 2313 12622 11668 12911 12912 
2528 556 4310 5897 1956 557 4311 5898 1959 5120 2312 636 12621 4899 11667 11159 2320 5122 2323 12625 11671 12911 5123 2324 12626 11672 12913 12914 
2529 557 4311 5898 1959 558 4312 5899 1962 5122 2323 637 12625 4902 11671 11166 2331 5124 2334 12629 11675 12913 5125 2335 12630 11676 12915 12916 
2530 558 4312 5899 1962 559 4313 5900 1965 5124 2334 638 12629 4905 11675 11173 2342 5126 2345 12633 11679 12915 5127 2346 12634 11680 12917 12918 
2531 559 4313 5900 1965 560 4314 5901 1968 5126 2345 639 12633 4908 11679 11180 2353 5128 2356 12637 11683 12917 5129 2357 12638 11684 12919 12920 
2532 560 4314 5901 1968 561 4315 5902 1971 5128 2356 640 12637 4911 11683 11187 2364 5130 2367 12641 11687 12919 5131 2368 12642 11688 12921 12922 
2533 561 4315 5902 1971 562 4316 5903 1974 5130 2367 641 12641 4914 11687 11194 2375 5132 2378 12645 11691 12921 5133 2379 12646 11692 12923 12924 
2534 562 4316 5903 1974 563 4317 5904 1977 5132 2378 642 12645 4917 11691 11201 2386 5134 2389 12649 11695 12923 5135 2390 12650 11696 12925 12926 
2535 563 4317 5904 1977 564 4318 5905 1980 5134 2389 643 12649 4920 11695 11208 2397 5136 2400 12653 11699 12925 5137 2401 12654 11700 12927 12928 
2536 564 4318 5905 1980 565 4319 5906 1983 5136 2400 644 12653 4923 11699 11215 2408 5138 2411 12657 11703 12927 5139 2412 12658 11704 12929 12930 
2537 565 4319 5906 1983 566 4320 5907 1986 5138 2411 645 12657 4926 11703 11222 2419 5140 2422 12661 11707 12929 5141 2423 12662 11708 12931 12932 
2538 566 4320 5907 1986 567 4321 5908 1989 5140 2422 646 12661 4929 11707 11229 2430 5142 2433 12665 11711 12931 5143 2434 12666 11712 12933 12934 
2539 567 4321 5908 1989 568 4322 5909 1992 5142 2433 647 12665 4932 11711 11236 2441 5144 2444 12669 11715 12933 5145 2445 12670 11716 12935 12936 
2540 568 4322 5909 1992 569 4323 5910 1995 5144 2444 648 12669 4935 11715 11243 2452 5146 2455 12673 11719 12935 5147 2456 12674 11720 12937 12938 
2541 569 4323 5910 1995 570 4324 5911 1998 5146 2455 649 12673 4938 11719 11250 2463 5148 2466 12677 11723 12937 5149 2467 12678 11724 12939 12940 
2542 570 4324 5911 1998 571 4325 5912 2001 5148 2466 650 12677 4941 11723 11257 2474 5150 2477 12681 11727 12939 5151 2478 12682 11728 12941 12942 
2543 571 4325 5912 2001 572 4326 5913 2004 5150 2477 651 12681 4944 11727 11264 2485 5152 2488 12685 11731 12941 5153 2489 12686 11732 12943 12944 
2544 572 4326 5913 2004 573 4327 5914 2007 5152 2488 652 12685 4947 11731 11271 2496 5154 2499 12689 11735 12943 5155 2500 12690 11736 12945 12946 
2545 573 4327 5914 2007 574 4328 5915 2010 5154 2499 653 12689 4950 11735 11278 2507 5156 2510 12693 11739 12945 5157 2511 12694 11740 12947 12948 
2546 574 4328 5915 2010 575 4329 5916 2013 5156 2510 654 12693 4953 11739 11285 2518 5158 2521 12697 11743 12947 5159 2522 12698 11744 12949 12950 
2547 575 4329 5916 2013 576 4330 5917 2016 5158 2521 655 12697 4956 11743 11292 2529 5160 2532 12701 11747 12949 5161 2533 12702 11748 12951 12952 
2548 576 4330 5917 2016 577 4331 5918 2019 5160 2532 656 12701 4959 11747 11299 2540 5162 2543 12705 11751 12951 5163 2544 12706 11752 12953 12954 
2549 577 4331 5918 2019 578 4332 5919 2022 5162 2543 657 12705 4962 11751 11306 2551 5164 2554 12709 11755 12953 5165 2555 12710 11756 12955 12956 
2550 578 4332 5919 2022 579 4333 5920 2025 5164 2554 658 12709 4965 11755 11313 2562 5166 2565 12713 11759 12955 5167 2566 12714 11760 12957 12958 
2551 579 4333 5920 2025 580 4334 5921 2028 5166 2565 659 12713 4968 11759 11320 2573 5168 2576 12717 11763 12957 5169 2577 12718 11764 12959 12960 
2552 580 4334 5921 2028 581 4335 5922 2031 5168 2576 660 12717 4971 11763 11327 2584 5170 2587 12721 11767 12959 5171 2588 12722 11768 12961 12962 
2553 581 4335 5922 2031 582 4336 5923 2034 5170 2587 661 12721 4974 11767 11334 2595 5172 2598 12725 11771 12961 5173 2599 12726 11772 12963 12964 
2554 582 4336 5923 2034 583 4337 5924 2037 5172 2598 662 12725 4977 11771 11341 2606 5174 2609 12729 11775 12963 5175 2610 12730 11776 12965 12966 
2555 583 4337 5924 2037 584 4338 5925 2040 5174 2609 663 12729 4980 11775 11348 2617 5176 2620 12733 11779 12965 5177 2621 12734 11780 12967 12968 
2556 584 4338 5925 2040 585 4339 5926 2043 5176 2620 664 12733 4983 11779 11355 2628 5178 2631 12737 11783 12967 5179 2632 12738 11784 12969 12970 
2557 585 4339 5926 2043 586 4340 5927 2046 5178 2631 665 12737 4986 11783 11362 2639 5180 2642 12741 11787 12969 5181 2643 12742 11788 12971 12972 
2558 586 4340 5927 2046 587 4341 5928 2049 5180 2642 666 12741 4989 11787 11369 2650 5182 2653 12745 11791 12971 5183 2654 12746 11792 12973 12974 
2559 587 4341 5928 2049 588 4342 5929 2052 5182 2653 667 12745 4992 11791 11376 2661 5184 2664 12749 11795 12973 5185 2665 12750 11796 12975 12976 
2560 588 4342 5929 2052 589 4343 5930 2055 5184 2664 668 12749 4995 11795 11383 2672 5186 2675 12753 11799 12975 5187 2676 12754 11800 12977 12978 
2561 589 4343 5930 2055 590 4344 5931 2058 5186 2675 669 12753 4998 11799 11390 2683 5188 2686 12757 11803 12977 5189 2687 12758 11804 12979 12980 
2562 590 4344 5931 2058 591 4345 5932 2061 5188 2686 670 12757 5001 11803 11397 2694 5190 2697 12761 11807 12979 5191 2698 12762 11808 12981 12982 
2563 591 4345 5932 2061 592 4346 5933 2064 5190 2697 671 12761 5004 11807 11404 2705 5192 2708 12765 11811 12981 5193 2709 12766 11812 12983 12984 
2564 592 4346 5933 2064 593 4347 5934 2067 5192 2708 672 12765 5007 11811 11411 2716 5194 2719 12769 11815 12983 5195 2720 12770 11816 12985 12986 
2565 593 4347 5934 2067 594 4348 5935 2070 5194 2719 673 12769 5010 11815 11418 2727 5196 2730 12773 11819 12985 5197 2731 12774 11820 12987 12988 
2566 594 4348 5935 2070 595 4349 5936 2073 5196 2730 674 12773 5013 11819 11425 2738 5198 2741 12777 11823 12987 5199 2742 12778 11824 12989 12990 
2567 595 4349 5936 2073 596 4350 5937 2076 5198 2741 675 12777 5016 11823 11432 2749 5200 2752 12781 11827 12989 5201 2753 12782 11828 12991 12992 
2568 596 4350 5937 2076 597 4351 5938 2079 5200 2752 676 12781 5019 11827 11439 2760 5202 2763 12785 11831 12991 5203 2764 12786 11832 12993 12994 
2569 597 4351 5938 2079 598 4352 5939 2082 5202 2763 677 12785 5022 11831 11446 2771 5204 2774 12789 11835 12993 5205 2775 12790 11836 12995 12996 
2570 598 4352 5939 2082 599 4353 5940 2085 5204 2774 678 12789 5025 11835 11453 2782 5206 2785 12793 11839 12995 5207 2786 12794 11840 12997 12998 
2571 599 4353 5940 2085 600 4354 5941 2088 5206 2785 679 12793 5028 11839 11460 2793 5208 2796 12797 11843 12997 5209 2797 12798 11844 12999 13000 
2572 600 4354 5941 2088 601 4355 5942 2091 5208 2796 680 12797 5031 11843 11467 2804 5210 2807 12801 11847 12999 5211 2808 12802 11848 13001 13002 
2573 601 4355 5942 2091 602 4356 5943 2094 5210 2807 681 12801 5034 11847 11474 2815 5212 2818 12805 11851 13001 5213 2819 12806 11852 13003 13004 
2574 602 4356 5943 2094 603 4357 5944 2097 5212 2818 682 12805 5037 11851 11481 2826 5214 2829 12809 11855 13003 5215 2830 12810 11856 13005 13006 
2575 603 4357 5944 2097 604 4358 5945 2100 5214 2829 683 12809 5040 11855 11488 2837 5216 2840 12813 11859 13005 5217 2841 12814 11860 13007 13008 
2576 604 4358 5945 2100 605 4359 5946 2103 5216 2840 684 12813 5043 11859 11495 2848 5218 2851 12817 11863 13007 5219 2852 12818 11864 13009 13010 
2577 605 4359 5946 2103 606 4360 5947 2106 5218 2851 685 12817 5046 11863 11502 2859 5220 2862 12821 11867 13009 5221 2863 12822 11868 13011 13012 
2578 606 4360 5947 2106 607 4361 5948 2109 5220 2862 686 12821 5049 11867 11509 2870 5222 2873 12825 11871 13011 5223 2874 12826 11872 13013 13014 
2579 607 4361 5948 2109 608 4362 5949 2112 5222 2873 687 12825 5052 11871 11516 2881 5224 2884 12829 11875 13013 5225 2885 12830 11876 13015 13016 
2580 608 4362 5949 2112 609 4363 5950 2115 5224 2884 688 12829 5055 11875 11523 2892 5226 2895 12833 11879 13015 5227 2896 12834 11880 13017 13018 
2581 609 4363 5950 2115 610 4364 5951 2118 5226 2895 689 12833 5058 11879 11530 2903 5228 2906 12837 11883 13017 5229 2907 12838 11884 13019 13020 
2582 610 4364 5951 2118 611 4365 5952 2121 5228 2906 690 12837 5061 11883 11537 2914 5230 2917 12841 11887 13019 5231 2918 12842 11888 13021 13022 
2583 611 4365 5952 2121 612 4366 5953 2124 5230 2917 691 12841 5064 11887 11544 2925 5232 2928 12845 11891 13021 5233 2929 12846 11892 13023 13024 
2584 612 4366 5953 2124 613 4367 5954 2127 5232 2928 692 12845 5067 11891 11551 2936 5234 2939 12849 11895 13023 5235 2940 12850 11896 13025 13026 
2585 613 4367 5954 2127 614 4368 5955 2130 5234 2939 693 12849 5070 11895 11558 2947 5236 2950 12853 11899 13025 5237 2951 12854 11900 13027 13028 
2586 614 4368 5955 2130 615 4369 5956 2133 5236 2950 694 12853 5073 11899 11565 2958 5238 2961 12857 11903 13027 5239 2962 12858 11904 13029 13030 
2587 615 4369 5956 2133 616 4370 5957 2136 5238 2961 695 12857 5076 11903 11572 2969 5240 2972 12861 11907 13029 5241 2973 12862 11908 13031 13032 
2588 616 4370 5957 2136 617 4371 5958 2139 5240 2972 696 12861 5079 11907 11579 2980 5242 2983 12865 11911 13031 5243 2984 12866 11912 13033 13034 
2589 617 4371 5958 2139 618 4372 5959 2142 5242 2983 697 12865 5082 11911 11586 2991 5244 2994 12869 11915 13033 5245 2995 12870 11916 13035 13036 
2590 618 4372 5959 2142 619 4373 5960 2145 5244 2994 698 12869 5085 11915 11593 3002 5246 3005 12873 11919 13035 5247 3006 12874 11920 13037 13038 
2591 619 4373 5960 2145 620 4374 5961 2148 5246 3005 699 12873 5088 11919 11600 3013 5248 3016 12877 11923 13037 5249 3017 12878 11924 13039 13040 
2592 620 4374 5961 2148 7 46 758 53 5248 3016 700 12877 5090 11923 11607 3022 50 57 796 790 13039 5250 3024 12881 11927 798 13041 
$EndElements
