$MeshFormat
4.1 0 8
$EndMeshFormat
$PhysicalNames
3
2 2 "Dirichlet"
2 3 "FreeSurface"
3 1 "Volume"
$EndPhysicalNames
$Entities
8 12 6 1
1 0 0 24 0 
2 0 0 0 0 
3 0 10 24 0 
4 0 10 0 0 
5 1000 0 24 0 
6 1000 0 0 0 
7 1000 10 24 0 
8 1000 10 0 0 
1 -1e-07 -1e-07 -9.99999993922529e-08 1e-07 1e-07 24.0000001 0 2 2 -1 
2 -1e-07 -1.000000002804313e-07 23.9999999 1e-07 10.0000001 24.0000001 0 2 1 -3 
3 -1e-07 9.999999900000001 -9.99999993922529e-08 1e-07 10.0000001 24.0000001 0 2 4 -3 
4 -1e-07 -1.000000002804313e-07 -1e-07 1e-07 10.0000001 1e-07 0 2 2 -4 
5 999.9999999 -1e-07 -9.99999993922529e-08 1000.0000001 1e-07 24.0000001 0 2 6 -5 
6 999.9999999 -1.000000002804313e-07 23.9999999 1000.0000001 10.0000001 24.0000001 0 2 5 -7 
7 999.9999999 9.999999900000001 -9.99999993922529e-08 1000.0000001 10.0000001 24.0000001 0 2 8 -7 
8 999.9999999 -1.000000002804313e-07 -1e-07 1000.0000001 10.0000001 1e-07 0 2 6 -8 
9 -1.000000224848918e-07 -1e-07 -1e-07 1000.0000001 1e-07 1e-07 0 2 2 -6 
10 -1.000000224848918e-07 -1e-07 23.9999999 1000.0000001 1e-07 24.0000001 0 2 1 -5 
11 -1.000000224848918e-07 9.999999900000001 -1e-07 1000.0000001 10.0000001 1e-07 0 2 4 -8 
12 -1.000000224848918e-07 9.999999900000001 23.9999999 1000.0000001 10.0000001 24.0000001 0 2 3 -7 
1 -1e-07 -1.000000002804313e-07 -9.99999993922529e-08 1e-07 10.0000001 24.0000001 1 2 4 -1 4 3 -2 
2 999.9999999 -1.000000002804313e-07 -9.99999993922529e-08 1000.0000001 10.0000001 24.0000001 1 2 4 -5 8 7 -6 
3 -1.000000224848918e-07 -1e-07 -9.99999993922529e-08 1000.0000001 1e-07 24.0000001 1 3 4 -9 1 10 -5 
4 -1.000000224848918e-07 9.999999900000001 -9.99999993922529e-08 1000.0000001 10.0000001 24.0000001 1 3 4 -11 3 12 -7 
5 -1.000000224848918e-07 -1.000000002804313e-07 -1e-07 1000.0000001 10.0000001 1e-07 1 3 4 -4 9 8 -11 
6 -1.000000224848918e-07 -1.000000002804313e-07 23.9999999 1000.0000001 10.0000001 24.0000001 1 3 4 -2 10 6 -12 
1 -1.000000224848918e-07 -1.000000002804313e-07 -9.99999993922529e-08 1000.0000001 10.0000001 24.0000001 1 1 6 -1 2 -3 4 -5 6 
$EndEntities
$Nodes
27 3321 1 3321
0 1 0 1
1
0 0 24
0 2 0 1
2
0 0 0
0 3 0 1
3
0 10 24
0 4 0 1
4
0 10 0
0 5 0 1
5
1000 0 24
0 6 0 1
6
1000 0 0
0 7 0 1
7
1000 10 24
0 8 0 1
8
1000 10 0
1 1 0 7
9
10
11
12
13
14
15
0 0 6
0 0 12
0 0 18
0 0 3
0 0 9
0 0 15
0 0 21
1 2 0 7
16
17
18
19
20
21
22
0 2.5 24
0 5 24
0 7.5 24
0 1.25 24
0 3.75 24
0 6.25 24
0 8.75 24
1 3 0 7
23
24
25
26
27
28
29
0 10 6
0 10 12
0 10 18
0 10 3
0 10 9
0 10 15
0 10 21
1 4 0 7
30
31
32
33
34
35
36
0 2.5 0
0 5 0
0 7.5 0
0 1.25 0
0 3.75 0
0 6.25 0
0 8.75 0
1 5 0 7
37
38
39
40
41
42
43
1000 0 6
1000 0 12
1000 0 18
1000 0 3
1000 0 9
1000 0 15
1000 0 21
1 6 0 7
44
45
46
47
48
49
50
1000 2.5 24
1000 5 24
1000 7.5 24
1000 1.25 24
1000 3.75 24
1000 6.25 24
1000 8.75 24
1 7 0 7
51
52
53
54
55
56
57
1000 10 6
1000 10 12
1000 10 18
1000 10 3
1000 10 9
1000 10 15
1000 10 21
1 8 0 7
58
59
60
61
62
63
64
1000 2.5 0
1000 5 0
1000 7.5 0
1000 1.25 0
1000 3.75 0
1000 6.25 0
1000 8.75 0
1 9 0 39
65
66
67
68
69
70
71
72
73
74
75
76
77
78
79
80
81
82
83
84
85
86
87
88
89
90
91
92
93
94
95
96
97
98
99
100
101
102
103
50 0 0
100 0 0
150 0 0
200 0 0
250 0 0
300.0000000000001 0 0
350.0000000000001 0 0
400 0 0
450 0 0
500 0 0
550 0 0
600.0000000000001 0 0
650 0 0
700.0000000000001 0 0
750 0 0
800 0 0
850.0000000000001 0 0
900 0 0
950.0000000000001 0 0
25 0 0
75 0 0
125 0 0
175 0 0
225 0 0
275 0 0
325.0000000000001 0 0
375 0 0
425 0 0
475 0 0
525 0 0
575 0 0
625 0 0
675 0 0
725 0 0
775 0 0
825 0 0
875 0 0
925 0 0
975 0 0
1 10 0 39
104
105
106
107
108
109
110
111
112
113
114
115
116
117
118
119
120
121
122
123
124
125
126
127
128
129
130
131
132
133
134
135
136
137
138
139
140
141
142
50 0 24
100 0 24
150 0 24
200 0 24
250 0 24
300.0000000000001 0 24
350.0000000000001 0 24
400 0 24
450 0 24
500 0 24
550 0 24
600.0000000000001 0 24
650 0 24
700.0000000000001 0 24
750 0 24
800 0 24
850.0000000000001 0 24
900 0 24
950.0000000000001 0 24
25 0 24
75 0 24
125 0 24
175 0 24
225 0 24
275 0 24
325.0000000000001 0 24
375 0 24
425 0 24
475 0 24
525 0 24
575 0 24
625 0 24
675 0 24
725 0 24
775 0 24
825 0 24
875 0 24
925 0 24
975 0 24
1 11 0 39
143
144
145
146
147
148
149
150
151
152
153
154
155
156
157
158
159
160
161
162
163
164
165
166
167
168
169
170
171
172
173
174
175
176
177
178
179
180
181
50 10 0
100 10 0
150 10 0
200 10 0
250 10 0
300.0000000000001 10 0
350.0000000000001 10 0
400 10 0
450 10 0
500 10 0
550 10 0
600.0000000000001 10 0
650 10 0
700.0000000000001 10 0
750 10 0
800 10 0
850.0000000000001 10 0
900 10 0
950.0000000000001 10 0
25 10 0
75 10 0
125 10 0
175 10 0
225 10 0
275 10 0
325.0000000000001 10 0
375 10 0
425 10 0
475 10 0
525 10 0
575 10 0
625 10 0
675 10 0
725 10 0
775 10 0
825 10 0
875 10 0
925 10 0
975 10 0
1 12 0 39
182
183
184
185
186
187
188
189
190
191
192
193
194
195
196
197
198
199
200
201
202
203
204
205
206
207
208
209
210
211
212
213
214
215
216
217
218
219
220
50 10 24
100 10 24
150 10 24
200 10 24
250 10 24
300.0000000000001 10 24
350.0000000000001 10 24
400 10 24
450 10 24
500 10 24
550 10 24
600.0000000000001 10 24
650 10 24
700.0000000000001 10 24
750 10 24
800 10 24
850.0000000000001 10 24
900 10 24
950.0000000000001 10 24
25 10 24
75 10 24
125 10 24
175 10 24
225 10 24
275 10 24
325.0000000000001 10 24
375 10 24
425 10 24
475 10 24
525 10 24
575 10 24
625 10 24
675 10 24
725 10 24
775 10 24
825 10 24
875 10 24
925 10 24
975 10 24
2 1 0 49
221
222
223
224
225
226
227
228
229
230
231
232
233
234
235
236
237
238
239
240
241
242
243
244
245
246
247
248
249
250
251
252
253
254
255
256
257
258
259
260
261
262
263
264
265
266
267
268
269
0 2.5 6
0 5 6
0 7.5 6
0 2.5 12
0 5 12
0 7.5 12
0 2.5 18
0 5 18
0 7.5 18
0 1.25 6
0 2.5 3
0 1.25 3
0 3.75 6
0 5 3
0 3.75 3
0 6.25 6
0 7.5 3
0 6.25 3
0 8.75 6
0 8.75 3
0 1.25 12
0 2.5 9
0 1.25 9
0 3.75 12
0 5 9
0 3.75 9
0 6.25 12
0 7.5 9
0 6.25 9
0 8.75 12
0 8.75 9
0 1.25 18
0 2.5 15
0 1.25 15
0 3.75 18
0 5 15
0 3.75 15
0 6.25 18
0 7.5 15
0 6.25 15
0 8.75 18
0 8.75 15
0 2.5 21
0 1.25 21
0 5 21
0 3.75 21
0 7.5 21
0 6.25 21
0 8.75 21
2 2 0 49
270
271
272
273
274
275
276
277
278
279
280
281
282
283
284
285
286
287
288
289
290
291
292
293
294
295
296
297
298
299
300
301
302
303
304
305
306
307
308
309
310
311
312
313
314
315
316
317
318
1000 2.5 6
1000 5 6
1000 7.5 6
1000 2.5 12
1000 5 12
1000 7.5 12
1000 2.5 18
1000 5 18
1000 7.5 18
1000 2.5 3
1000 1.25 6
1000 1.25 3
1000 5 3
1000 3.75 6
1000 3.75 3
1000 7.5 3
1000 6.25 6
1000 6.25 3
1000 8.75 6
1000 8.75 3
1000 2.5 9
1000 1.25 12
1000 1.25 9
1000 5 9
1000 3.75 12
1000 3.75 9
1000 7.5 9
1000 6.25 12
1000 6.25 9
1000 8.75 12
1000 8.75 9
1000 2.5 15
1000 1.25 18
1000 1.25 15
1000 5 15
1000 3.75 18
1000 3.75 15
1000 7.5 15
1000 6.25 18
1000 6.25 15
1000 8.75 18
1000 8.75 15
1000 2.5 21
1000 1.25 21
1000 5 21
1000 3.75 21
1000 7.5 21
1000 6.25 21
1000 8.75 21
2 3 0 273
319
320
321
322
323
324
325
326
327
328
329
330
331
332
333
334
335
336
337
338
339
340
341
342
343
344
345
346
347
348
349
350
351
352
353
354
355
356
357
358
359
360
361
362
363
364
365
366
367
368
369
370
371
372
373
374
375
376
377
378
379
380
381
382
383
384
385
386
387
388
389
390
391
392
393
394
395
396
397
398
399
400
401
402
403
404
405
406
407
408
409
410
411
412
413
414
415
416
417
418
419
420
421
422
423
424
425
426
427
428
429
430
431
432
433
434
435
436
437
438
439
440
441
442
443
444
445
446
447
448
449
450
451
452
453
454
455
456
457
458
459
460
461
462
463
464
465
466
467
468
469
470
471
472
473
474
475
476
477
478
479
480
481
482
483
484
485
486
487
488
489
490
491
492
493
494
495
496
497
498
499
500
501
502
503
504
505
506
507
508
509
510
511
512
513
514
515
516
517
518
519
520
521
522
523
524
525
526
527
528
529
530
531
532
533
534
535
536
537
538
539
540
541
542
543
544
545
546
547
548
549
550
551
552
553
554
555
556
557
558
559
560
561
562
563
564
565
566
567
568
569
570
571
572
573
574
575
576
577
578
579
580
581
582
583
584
585
586
587
588
589
590
591
49.99999999999999 0 6
50 0 12
49.99999999999999 0 18
99.99999999999999 0 6
100 0 12
99.99999999999999 0 18
150 0 6
150 0 12
150 0 18
200 0 6
200 0 12
200 0 18
250 0 6
250 0 12
250 0 18
300.0000000000001 0 6
300.0000000000001 0 12
300.0000000000001 0 18
350.0000000000001 0 6
350.0000000000001 0 12
350.0000000000001 0 18
399.9999999999999 0 6
400 0 12
399.9999999999999 0 18
450 0 6
450 0 12
450 0 18
500 0 6
500 0 12
500 0 18
549.9999999999999 0 6
550 0 12
550 0 18
600.0000000000001 0 6
600.0000000000001 0 12
600.0000000000001 0 18
649.9999999999999 0 6
650 0 12
650 0 18
700.0000000000002 0 6
700.0000000000001 0 12
700.0000000000002 0 18
750 0 6
750 0 12
750 0 18
799.9999999999999 0 6
800 0 12
799.9999999999999 0 18
850.0000000000001 0 6
850.0000000000001 0 12
850.0000000000001 0 18
900 0 6
900 0 12
900 0 18
950.0000000000002 0 6
950.0000000000001 0 12
950.0000000000002 0 18
50 0 3
25 0 6
25 0 3
50 0 9
25 0 12
25 0 9
50 0 15
25 0 18
25 0 15
50 0 21
25 0 21
100 0 3
74.99999999999999 0 6
75 0 3
100 0 9
75 0 12
75 0 9
100 0 15
74.99999999999999 0 18
75 0 15
100 0 21
75 0 21
150 0 3
125 0 6
125 0 3
150 0 9
125 0 12
125 0 9
150 0 15
125 0 18
125 0 15
150 0 21
125 0 21
200 0 3
175 0 6
175 0 3
200 0 9
175 0 12
175 0 9
200 0 15
175 0 18
175 0 15
200 0 21
175 0 21
250 0 3
225 0 6
225 0 3
250 0 9
225 0 12
225 0 9
250 0 15
225 0 18
225 0 15
250 0 21
225 0 21
300.0000000000001 0 3
275 0 6
275 0 3
300.0000000000001 0 9
275 0 12
275 0 9
300.0000000000001 0 15
275 0 18
275 0 15
300.0000000000001 0 21
275 0 21
350.0000000000001 0 3
325.0000000000001 0 6
325.0000000000001 0 3
350.0000000000001 0 9
325.0000000000001 0 12
325.0000000000001 0 9
350.0000000000001 0 15
325.0000000000001 0 18
325.0000000000001 0 15
350.0000000000001 0 21
325.0000000000001 0 21
400 0 3
375 0 6
375.0000000000001 0 3
400 0 9
375 0 12
375.0000000000001 0 9
400 0 15
375 0 18
375.0000000000001 0 15
400 0 21
375.0000000000001 0 21
450 0 3
425 0 6
425 0 3
450 0 9
425 0 12
425 0 9
450 0 15
425 0 18
425 0 15
450 0 21
425 0 21
500 0 3
475 0 6
475 0 3
500 0 9
475 0 12
475 0 9
500 0 15
475 0 18
475 0 15
500 0 21
475 0 21
550 0 3
525 0 6
525 0 3
550 0 9
525 0 12
525 0 9
550 0 15
525 0 18
525 0 15
550 0 21
525 0 21
600.0000000000001 0 3
575 0 6
575 0 3
600.0000000000001 0 9
575 0 12
575 0 9
600.0000000000001 0 15
575 0 18
575 0 15
600.0000000000001 0 21
575 0 21
650 0 3
625 0 6
625 0 3
650 0 9
625 0 12
625 0 9
650 0 15
625 0 18
625 0 15
650 0 21
625 0 21
700.0000000000002 0 3
675 0 6
675.0000000000001 0 3
700.0000000000002 0 9
675 0 12
675.0000000000001 0 9
700.0000000000002 0 15
675.0000000000001 0 18
675.0000000000002 0 15
700.0000000000002 0 21
675 0 21
750 0 3
725.0000000000001 0 6
725.0000000000002 0 3
750 0 9
725 0 12
725.0000000000002 0 9
750 0 15
725.0000000000001 0 18
725.0000000000002 0 15
750 0 21
725.0000000000002 0 21
800 0 3
775 0 6
775 0 3
800 0 9
775 0 12
775 0 9
800 0 15
775 0 18
775 0 15
800 0 21
775 0 21
850.0000000000001 0 3
825 0 6
825 0 3
850.0000000000001 0 9
825 0 12
825 0 9
850.0000000000001 0 15
825 0 18
825 0 15
850.0000000000001 0 21
825 0 21
900 0 3
875 0 6
875 0 3
900 0 9
875 0 12
875 0 9
900 0 15
875 0 18
875 0 15
900 0 21
875 0 21
950.0000000000002 0 3
925.0000000000001 0 6
925.0000000000002 0 3
950.0000000000002 0 9
925 0 12
925 0 9
950.0000000000002 0 15
925.0000000000001 0 18
925.0000000000002 0 15
950.0000000000002 0 21
925 0 21
975.0000000000001 0 6
975.0000000000002 0 3
975 0 12
975.0000000000002 0 9
975.0000000000001 0 18
975.0000000000002 0 15
975.0000000000002 0 21
2 4 0 273
592
593
594
595
596
597
598
599
600
601
602
603
604
605
606
607
608
609
610
611
612
613
614
615
616
617
618
619
620
621
622
623
624
625
626
627
628
629
630
631
632
633
634
635
636
637
638
639
640
641
642
643
644
645
646
647
648
649
650
651
652
653
654
655
656
657
658
659
660
661
662
663
664
665
666
667
668
669
670
671
672
673
674
675
676
677
678
679
680
681
682
683
684
685
686
687
688
689
690
691
692
693
694
695
696
697
698
699
700
701
702
703
704
705
706
707
708
709
710
711
712
713
714
715
716
717
718
719
720
721
722
723
724
725
726
727
728
729
730
731
732
733
734
735
736
737
738
739
740
741
742
743
744
745
746
747
748
749
750
751
752
753
754
755
756
757
758
759
760
761
762
763
764
765
766
767
768
769
770
771
772
773
774
775
776
777
778
779
780
781
782
783
784
785
786
787
788
789
790
791
792
793
794
795
796
797
798
799
800
801
802
803
804
805
806
807
808
809
810
811
812
813
814
815
816
817
818
819
820
821
822
823
824
825
826
827
828
829
830
831
832
833
834
835
836
837
838
839
840
841
842
843
844
845
846
847
848
849
850
851
852
853
854
855
856
857
858
859
860
861
862
863
864
49.99999999999999 10 6
50 10 12
49.99999999999999 10 18
99.99999999999999 10 6
100 10 12
99.99999999999999 10 18
150 10 6
150 10 12
150 10 18
200 10 6
200 10 12
200 10 18
250 10 6
250 10 12
250 10 18
300.0000000000001 10 6
300.0000000000001 10 12
300.0000000000001 10 18
350.0000000000001 10 6
350.0000000000001 10 12
350.0000000000001 10 18
399.9999999999999 10 6
400 10 12
399.9999999999999 10 18
450 10 6
450 10 12
450 10 18
500 10 6
500 10 12
500 10 18
549.9999999999999 10 6
550 10 12
550 10 18
600.0000000000001 10 6
600.0000000000001 10 12
600.0000000000001 10 18
649.9999999999999 10 6
650 10 12
650 10 18
700.0000000000002 10 6
700.0000000000001 10 12
700.0000000000002 10 18
750 10 6
750 10 12
750 10 18
799.9999999999999 10 6
800 10 12
799.9999999999999 10 18
850.0000000000001 10 6
850.0000000000001 10 12
850.0000000000001 10 18
900 10 6
900 10 12
900 10 18
950.0000000000002 10 6
950.0000000000001 10 12
950.0000000000002 10 18
25 10 6
50 10 3
25 10 3
25 10 12
50 10 9
25 10 9
25 10 18
50 10 15
25 10 15
50 10 21
25 10 21
74.99999999999999 10 6
100 10 3
75 10 3
75 10 12
100 10 9
75 10 9
74.99999999999999 10 18
100 10 15
75 10 15
100 10 21
75 10 21
125 10 6
150 10 3
125 10 3
125 10 12
150 10 9
125 10 9
125 10 18
150 10 15
125 10 15
150 10 21
125 10 21
175 10 6
200 10 3
175 10 3
175 10 12
200 10 9
175 10 9
175 10 18
200 10 15
175 10 15
200 10 21
175 10 21
225 10 6
250 10 3
225 10 3
225 10 12
250 10 9
225 10 9
225 10 18
250 10 15
225 10 15
250 10 21
225 10 21
275 10 6
300.0000000000001 10 3
275 10 3
275 10 12
300.0000000000001 10 9
275 10 9
275 10 18
300.0000000000001 10 15
275 10 15
300.0000000000001 10 21
275 10 21
325.0000000000001 10 6
350.0000000000001 10 3
325.0000000000001 10 3
325.0000000000001 10 12
350.0000000000001 10 9
325.0000000000001 10 9
325.0000000000001 10 18
350.0000000000001 10 15
325.0000000000001 10 15
350.0000000000001 10 21
325.0000000000001 10 21
375 10 6
400 10 3
375 10 3
375 10 12
400 10 9
375 10 9
375 10 18
400 10 15
375 10 15
400 10 21
375 10 21
425 10 6
450 10 3
425 10 3
425 10 12
450 10 9
425 10 9
425 10 18
450 10 15
425 10 15
450 10 21
425 10 21
475 10 6
500 10 3
475 10 3
475 10 12
500 10 9
475 10 9
475 10 18
500 10 15
475 10 15
500 10 21
475 10 21
525 10 6
550 10 3
525 10 3
525 10 12
550 10 9
525 10 9
525 10 18
550 10 15
525 10 15
550 10 21
525 10 21
575 10 6
600.0000000000001 10 3
575 10 3
575 10 12
600.0000000000001 10 9
575 10 9
575 10 18
600.0000000000001 10 15
575 10 15
600.0000000000001 10 21
575 10 21
625 10 6
650 10 3
625 10 3
625 10 12
650 10 9
625 10 9
625 10 18
650 10 15
625 10 15
650 10 21
625 10 21
675 10 6
700.0000000000002 10 3
675 10 3
675 10 12
700.0000000000002 10 9
675.0000000000001 10 9
675.0000000000001 10 18
700.0000000000002 10 15
675 10 15
700.0000000000002 10 21
675.0000000000002 10 21
725.0000000000001 10 6
750 10 3
725 10 3
725 10 12
750 10 9
725 10 9
725.0000000000001 10 18
750 10 15
725 10 15
750 10 21
725 10 21
775 10 6
800 10 3
775 10 3
775 10 12
800 10 9
775 10 9
775 10 18
800 10 15
775 10 15
800 10 21
775 10 21
825 10 6
850.0000000000001 10 3
825 10 3
825 10 12
850.0000000000001 10 9
825 10 9
825 10 18
850.0000000000001 10 15
825 10 15
850.0000000000001 10 21
825 10 21
875 10 6
900 10 3
875 10 3
875 10 12
900 10 9
875 10 9
875 10 18
900 10 15
875 10 15
900 10 21
875 10 21
925.0000000000001 10 6
950.0000000000002 10 3
925.0000000000002 10 3
925 10 12
950.0000000000002 10 9
925.0000000000002 10 9
925.0000000000001 10 18
950.0000000000002 10 15
925.0000000000002 10 15
950.0000000000002 10 21
925.0000000000002 10 21
975.0000000000001 10 6
975 10 3
975 10 12
975 10 9
975.0000000000001 10 18
975 10 15
975 10 21
2 5 0 273
865
866
867
868
869
870
871
872
873
874
875
876
877
878
879
880
881
882
883
884
885
886
887
888
889
890
891
892
893
894
895
896
897
898
899
900
901
902
903
904
905
906
907
908
909
910
911
912
913
914
915
916
917
918
919
920
921
922
923
924
925
926
927
928
929
930
931
932
933
934
935
936
937
938
939
940
941
942
943
944
945
946
947
948
949
950
951
952
953
954
955
956
957
958
959
960
961
962
963
964
965
966
967
968
969
970
971
972
973
974
975
976
977
978
979
980
981
982
983
984
985
986
987
988
989
990
991
992
993
994
995
996
997
998
999
1000
1001
1002
1003
1004
1005
1006
1007
1008
1009
1010
1011
1012
1013
1014
1015
1016
1017
1018
1019
1020
1021
1022
1023
1024
1025
1026
1027
1028
1029
1030
1031
1032
1033
1034
1035
1036
1037
1038
1039
1040
1041
1042
1043
1044
1045
1046
1047
1048
1049
1050
1051
1052
1053
1054
1055
1056
1057
1058
1059
1060
1061
1062
1063
1064
1065
1066
1067
1068
1069
1070
1071
1072
1073
1074
1075
1076
1077
1078
1079
1080
1081
1082
1083
1084
1085
1086
1087
1088
1089
1090
1091
1092
1093
1094
1095
1096
1097
1098
1099
1100
1101
1102
1103
1104
1105
1106
1107
1108
1109
1110
1111
1112
1113
1114
1115
1116
1117
1118
1119
1120
1121
1122
1123
1124
1125
1126
1127
1128
1129
1130
1131
1132
1133
1134
1135
1136
1137
49.99999999999999 2.5 0
99.99999999999999 2.5 0
150 2.5 0
200 2.5 0
250 2.5 0
300.0000000000001 2.5 0
350.0000000000001 2.5 0
399.9999999999999 2.5 0
450 2.5 0
500 2.5 0
550 2.5 0
600.0000000000001 2.5 0
650 2.5 0
700.0000000000002 2.5 0
750 2.5 0
799.9999999999999 2.5 0
850.0000000000001 2.5 0
900 2.5 0
950.0000000000002 2.5 0
50 5 0
100 5 0
150 5 0
200 5 0
250 5 0
300.0000000000001 5 0
350.0000000000001 5 0
400 5 0
450 5 0
500 5 0
550 5 0
600.0000000000001 5 0
650 5 0
700.0000000000001 5 0
750 5 0
800 5 0
850.0000000000001 5 0
900 5 0
950.0000000000001 5 0
49.99999999999999 7.500000000000001 0
99.99999999999999 7.5 0
150 7.5 0
200 7.499999999999999 0
250 7.5 0
300.0000000000001 7.500000000000001 0
350.0000000000001 7.500000000000001 0
399.9999999999999 7.5 0
450 7.5 0
500 7.5 0
549.9999999999999 7.5 0
600.0000000000001 7.5 0
649.9999999999999 7.5 0
700.0000000000002 7.5 0
750 7.5 0
799.9999999999999 7.5 0
850.0000000000001 7.5 0
900 7.5 0
950.0000000000002 7.5 0
25 2.5 0
50 1.25 0
25 1.25 0
74.99999999999999 2.5 0
100 1.25 0
75 1.25 0
125 2.5 0
150 1.25 0
125 1.25 0
175 2.5 0
200 1.25 0
175 1.25 0
225 2.5 0
250 1.25 0
225 1.25 0
275 2.5 0
300.0000000000001 1.25 0
275 1.25 0
325.0000000000001 2.5 0
350.0000000000001 1.25 0
325.0000000000001 1.25 0
375 2.5 0
400 1.25 0
375 1.25 0
425 2.5 0
450 1.25 0
425 1.25 0
475 2.5 0
500 1.25 0
475 1.25 0
525 2.5 0
550 1.25 0
525 1.25 0
575 2.5 0
600.0000000000001 1.25 0
575 1.25 0
625 2.5 0
650 1.25 0
625 1.25 0
675.0000000000001 2.5 0
700.0000000000002 1.25 0
675 1.25 0
725.0000000000001 2.5 0
750 1.25 0
725 1.25 0
775 2.5 0
800 1.25 0
775 1.25 0
825 2.5 0
850.0000000000001 1.25 0
825 1.25 0
875 2.5 0
900 1.25 0
875 1.25 0
925.0000000000001 2.5 0
950.0000000000002 1.25 0
925.0000000000002 1.25 0
975.0000000000001 2.5 0
975 1.25 0
25 5 0
50 3.75 0
25 3.75 0
75 5 0
100 3.75 0
75 3.75 0
125 5 0
150 3.75 0
125 3.75 0
175 5 0
200 3.75 0
175 3.75 0
225 5 0
250 3.75 0
225 3.75 0
275 5 0
300.0000000000001 3.75 0
275 3.75 0
325.0000000000001 5 0
350.0000000000001 3.75 0
325.0000000000001 3.75 0
375 5 0
400 3.75 0
375 3.75 0
425 5 0
450 3.75 0
425 3.75 0
475 5 0
500 3.75 0
475 3.75 0
525 5 0
550 3.75 0
525 3.75 0
575 5 0
600.0000000000001 3.75 0
575 3.75 0
625 5 0
650 3.75 0
625 3.75 0
675 5 0
700.0000000000002 3.75 0
675.0000000000002 3.75 0
725 5 0
750 3.75 0
725 3.75 0
775 5 0
800 3.75 0
775 3.75 0
825 5 0
850.0000000000001 3.75 0
825 3.75 0
875 5 0
900 3.75 0
875 3.75 0
925 5 0
950.0000000000002 3.75 0
925.0000000000002 3.75 0
975 5 0
975 3.75 0
25 7.5 0
50 6.25 0
25 6.25 0
74.99999999999999 7.5 0
100 6.25 0
75 6.25 0
125 7.5 0
150 6.25 0
125 6.25 0
175 7.5 0
200 6.25 0
175 6.25 0
225 7.5 0
250 6.25 0
225 6.25 0
275 7.5 0
300.0000000000001 6.25 0
275 6.25 0
325.0000000000001 7.500000000000001 0
350.0000000000001 6.25 0
325.0000000000001 6.25 0
375 7.5 0
400 6.25 0
375 6.25 0
425 7.5 0
450 6.25 0
425 6.25 0
475 7.5 0
500 6.25 0
475 6.25 0
525 7.5 0
550 6.25 0
525 6.25 0
575 7.5 0
600.0000000000001 6.25 0
575 6.25 0
625 7.5 0
650 6.25 0
625 6.25 0
675 7.5 0
700.0000000000002 6.25 0
675 6.25 0
725.0000000000001 7.5 0
750 6.25 0
725 6.25 0
775 7.5 0
800 6.25 0
775 6.25 0
825 7.5 0
850.0000000000001 6.25 0
825 6.25 0
875 7.5 0
900 6.25 0
875 6.25 0
925.0000000000001 7.5 0
950.0000000000002 6.25 0
925.0000000000002 6.25 0
975.0000000000001 7.5 0
975 6.25 0
50 8.75 0
25 8.75 0
100 8.75 0
75 8.75 0
150 8.75 0
125 8.75 0
200 8.75 0
175 8.75 0
250 8.75 0
225 8.75 0
300.0000000000001 8.75 0
275 8.75 0
350.0000000000001 8.75 0
325.0000000000001 8.75 0
400 8.75 0
375 8.75 0
450 8.75 0
425 8.75 0
500 8.75 0
475 8.75 0
550 8.75 0
525 8.75 0
600.0000000000001 8.75 0
575 8.75 0
650 8.75 0
625 8.75 0
700.0000000000002 8.75 0
675.0000000000001 8.75 0
750 8.75 0
725 8.75 0
800 8.75 0
775 8.75 0
850.0000000000001 8.75 0
825 8.75 0
900 8.75 0
875 8.75 0
950.0000000000002 8.75 0
925.0000000000002 8.75 0
975 8.75 0
2 6 0 273
1138
1139
1140
1141
1142
1143
1144
1145
1146
1147
1148
1149
1150
1151
1152
1153
1154
1155
1156
1157
1158
1159
1160
1161
1162
1163
1164
1165
1166
1167
1168
1169
1170
1171
1172
1173
1174
1175
1176
1177
1178
1179
1180
1181
1182
1183
1184
1185
1186
1187
1188
1189
1190
1191
1192
1193
1194
1195
1196
1197
1198
1199
1200
1201
1202
1203
1204
1205
1206
1207
1208
1209
1210
1211
1212
1213
1214
1215
1216
1217
1218
1219
1220
1221
1222
1223
1224
1225
1226
1227
1228
1229
1230
1231
1232
1233
1234
1235
1236
1237
1238
1239
1240
1241
1242
1243
1244
1245
1246
1247
1248
1249
1250
1251
1252
1253
1254
1255
1256
1257
1258
1259
1260
1261
1262
1263
1264
1265
1266
1267
1268
1269
1270
1271
1272
1273
1274
1275
1276
1277
1278
1279
1280
1281
1282
1283
1284
1285
1286
1287
1288
1289
1290
1291
1292
1293
1294
1295
1296
1297
1298
1299
1300
1301
1302
1303
1304
1305
1306
1307
1308
1309
1310
1311
1312
1313
1314
1315
1316
1317
1318
1319
1320
1321
1322
1323
1324
1325
1326
1327
1328
1329
1330
1331
1332
1333
1334
1335
1336
1337
1338
1339
1340
1341
1342
1343
1344
1345
1346
1347
1348
1349
1350
1351
1352
1353
1354
1355
1356
1357
1358
1359
1360
1361
1362
1363
1364
1365
1366
1367
1368
1369
1370
1371
1372
1373
1374
1375
1376
1377
1378
1379
1380
1381
1382
1383
1384
1385
1386
1387
1388
1389
1390
1391
1392
1393
1394
1395
1396
1397
1398
1399
1400
1401
1402
1403
1404
1405
1406
1407
1408
1409
1410
49.99999999999999 2.5 24
99.99999999999999 2.5 24
150 2.5 24
200 2.5 24
250 2.5 24
300.0000000000001 2.5 24
350.0000000000001 2.5 24
399.9999999999999 2.5 24
450 2.5 24
500 2.5 24
550 2.5 24
600.0000000000001 2.5 24
650 2.5 24
700.0000000000002 2.5 24
750 2.5 24
799.9999999999999 2.5 24
850.0000000000001 2.5 24
900 2.5 24
950.0000000000002 2.5 24
50 5 24
100 5 24
150 5 24
200 5 24
250 5 24
300.0000000000001 5 24
350.0000000000001 5 24
400 5 24
450 5 24
500 5 24
550 5 24
600.0000000000001 5 24
650 5 24
700.0000000000001 5 24
750 5 24
800 5 24
850.0000000000001 5 24
900 5 24
950.0000000000001 5 24
49.99999999999999 7.500000000000001 24
99.99999999999999 7.5 24
150 7.5 24
200 7.499999999999999 24
250 7.5 24
300.0000000000001 7.500000000000001 24
350.0000000000001 7.500000000000001 24
399.9999999999999 7.5 24
450 7.5 24
500 7.5 24
549.9999999999999 7.5 24
600.0000000000001 7.5 24
649.9999999999999 7.5 24
700.0000000000002 7.5 24
750 7.5 24
799.9999999999999 7.5 24
850.0000000000001 7.5 24
900 7.5 24
950.0000000000002 7.5 24
50 1.25 24
25 2.5 24
25 1.25 24
100 1.25 24
74.99999999999999 2.5 24
75 1.25 24
150 1.25 24
125 2.5 24
125 1.25 24
200 1.25 24
175 2.5 24
175 1.25 24
250 1.25 24
225 2.5 24
225 1.25 24
300.0000000000001 1.25 24
275 2.5 24
275 1.25 24
350.0000000000001 1.25 24
325.0000000000001 2.5 24
325.0000000000001 1.25 24
400 1.25 24
375 2.5 24
375.0000000000001 1.25 24
450 1.25 24
425 2.5 24
425 1.25 24
500 1.25 24
475 2.5 24
475 1.25 24
550 1.25 24
525 2.5 24
525 1.25 24
600.0000000000001 1.25 24
575 2.5 24
575 1.25 24
650 1.25 24
625 2.5 24
625 1.25 24
700.0000000000002 1.25 24
675.0000000000001 2.5 24
675.0000000000002 1.25 24
750 1.25 24
725.0000000000001 2.5 24
725.0000000000002 1.25 24
800 1.25 24
775 2.5 24
775 1.25 24
850.0000000000001 1.25 24
825 2.5 24
825 1.25 24
900 1.25 24
875 2.5 24
875 1.25 24
950.0000000000002 1.25 24
925.0000000000001 2.5 24
925.0000000000002 1.25 24
975.0000000000001 2.5 24
975.0000000000002 1.25 24
50 3.75 24
25 5 24
25 3.75 24
100 3.75 24
75 5 24
75 3.75 24
150 3.75 24
125 5 24
125 3.75 24
200 3.75 24
175 5 24
175 3.75 24
250 3.75 24
225 5 24
225 3.75 24
300.0000000000001 3.75 24
275 5 24
275 3.75 24
350.0000000000001 3.75 24
325.0000000000001 5 24
325.0000000000001 3.75 24
400 3.75 24
375 5 24
375.0000000000001 3.75 24
450 3.75 24
425 5 24
425 3.75 24
500 3.75 24
475 5 24
475 3.75 24
550 3.75 24
525 5 24
525 3.75 24
600.0000000000001 3.75 24
575 5 24
575 3.75 24
650 3.75 24
625 5 24
625 3.75 24
700.0000000000002 3.75 24
675 5 24
675 3.75 24
750 3.75 24
725 5 24
725.0000000000002 3.75 24
800 3.75 24
775 5 24
775 3.75 24
850.0000000000001 3.75 24
825 5 24
825 3.75 24
900 3.75 24
875 5 24
875 3.75 24
950.0000000000002 3.75 24
925 5 24
925 3.75 24
975 5 24
975.0000000000002 3.75 24
50 6.25 24
25 7.5 24
25 6.25 24
100 6.25 24
74.99999999999999 7.5 24
75 6.25 24
150 6.25 24
125 7.5 24
125 6.25 24
200 6.25 24
175 7.5 24
175 6.25 24
250 6.25 24
225 7.5 24
225 6.25 24
300.0000000000001 6.25 24
275 7.5 24
275 6.25 24
350.0000000000001 6.25 24
325.0000000000001 7.500000000000001 24
325.0000000000001 6.25 24
400 6.25 24
375 7.5 24
375.0000000000001 6.25 24
450 6.25 24
425 7.5 24
425 6.25 24
500 6.25 24
475 7.5 24
475 6.25 24
550 6.25 24
525 7.5 24
525 6.25 24
600.0000000000001 6.25 24
575 7.5 24
575 6.25 24
650 6.25 24
625 7.5 24
625 6.25 24
700.0000000000002 6.25 24
675 7.5 24
675.0000000000001 6.25 24
750 6.25 24
725.0000000000001 7.5 24
725.0000000000002 6.25 24
800 6.25 24
775 7.5 24
775 6.25 24
850.0000000000001 6.25 24
825 7.5 24
825 6.25 24
900 6.25 24
875 7.5 24
875 6.25 24
950.0000000000002 6.25 24
925.0000000000001 7.5 24
925.0000000000002 6.25 24
975.0000000000001 7.5 24
975.0000000000002 6.25 24
50 8.75 24
25 8.75 24
100 8.75 24
75 8.75 24
150 8.75 24
125 8.75 24
200 8.75 24
175 8.75 24
250 8.75 24
225 8.75 24
300.0000000000001 8.75 24
275 8.75 24
350.0000000000001 8.75 24
325.0000000000001 8.75 24
400 8.75 24
375.0000000000001 8.75 24
450 8.75 24
425 8.75 24
500 8.75 24
475 8.75 24
550 8.75 24
525 8.75 24
600.0000000000001 8.75 24
575 8.75 24
650 8.75 24
625 8.75 24
700.0000000000002 8.75 24
675.0000000000001 8.75 24
750 8.75 24
725.0000000000002 8.75 24
800 8.75 24
775 8.75 24
850.0000000000001 8.75 24
825 8.75 24
900 8.75 24
875 8.75 24
950.0000000000002 8.75 24
925 8.75 24
975.0000000000002 8.75 24
3 1 0 1911
1411
1412
1413
1414
1415
1416
1417
1418
1419
1420
1421
1422
1423
1424
1425
1426
1427
1428
1429
1430
1431
1432
1433
1434
1435
1436
1437
1438
1439
1440
1441
1442
1443
1444
1445
1446
1447
1448
1449
1450
1451
1452
1453
1454
1455
1456
1457
1458
1459
1460
1461
1462
1463
1464
1465
1466
1467
1468
1469
1470
1471
1472
1473
1474
1475
1476
1477
1478
1479
1480
1481
1482
1483
1484
1485
1486
1487
1488
1489
1490
1491
1492
1493
1494
1495
1496
1497
1498
1499
1500
1501
1502
1503
1504
1505
1506
1507
1508
1509
1510
1511
1512
1513
1514
1515
1516
1517
1518
1519
1520
1521
1522
1523
1524
1525
1526
1527
1528
1529
1530
1531
1532
1533
1534
1535
1536
1537
1538
1539
1540
1541
1542
1543
1544
1545
1546
1547
1548
1549
1550
1551
1552
1553
1554
1555
1556
1557
1558
1559
1560
1561
1562
1563
1564
1565
1566
1567
1568
1569
1570
1571
1572
1573
1574
1575
1576
1577
1578
1579
1580
1581
1582
1583
1584
1585
1586
1587
1588
1589
1590
1591
1592
1593
1594
1595
1596
1597
1598
1599
1600
1601
1602
1603
1604
1605
1606
1607
1608
1609
1610
1611
1612
1613
1614
1615
1616
1617
1618
1619
1620
1621
1622
1623
1624
1625
1626
1627
1628
1629
1630
1631
1632
1633
1634
1635
1636
1637
1638
1639
1640
1641
1642
1643
1644
1645
1646
1647
1648
1649
1650
1651
1652
1653
1654
1655
1656
1657
1658
1659
1660
1661
1662
1663
1664
1665
1666
1667
1668
1669
1670
1671
1672
1673
1674
1675
1676
1677
1678
1679
1680
1681
1682
1683
1684
1685
1686
1687
1688
1689
1690
1691
1692
1693
1694
1695
1696
1697
1698
1699
1700
1701
1702
1703
1704
1705
1706
1707
1708
1709
1710
1711
1712
1713
1714
1715
1716
1717
1718
1719
1720
1721
1722
1723
1724
1725
1726
1727
1728
1729
1730
1731
1732
1733
1734
1735
1736
1737
1738
1739
1740
1741
1742
1743
1744
1745
1746
1747
1748
1749
1750
1751
1752
1753
1754
1755
1756
1757
1758
1759
1760
1761
1762
1763
1764
1765
1766
1767
1768
1769
1770
1771
1772
1773
1774
1775
1776
1777
1778
1779
1780
1781
1782
1783
1784
1785
1786
1787
1788
1789
1790
1791
1792
1793
1794
1795
1796
1797
1798
1799
1800
1801
1802
1803
1804
1805
1806
1807
1808
1809
1810
1811
1812
1813
1814
1815
1816
1817
1818
1819
1820
1821
1822
1823
1824
1825
1826
1827
1828
1829
1830
1831
1832
1833
1834
1835
1836
1837
1838
1839
1840
1841
1842
1843
1844
1845
1846
1847
1848
1849
1850
1851
1852
1853
1854
1855
1856
1857
1858
1859
1860
1861
1862
1863
1864
1865
1866
1867
1868
1869
1870
1871
1872
1873
1874
1875
1876
1877
1878
1879
1880
1881
1882
1883
1884
1885
1886
1887
1888
1889
1890
1891
1892
1893
1894
1895
1896
1897
1898
1899
1900
1901
1902
1903
1904
1905
1906
1907
1908
1909
1910
1911
1912
1913
1914
1915
1916
1917
1918
1919
1920
1921
1922
1923
1924
1925
1926
1927
1928
1929
1930
1931
1932
1933
1934
1935
1936
1937
1938
1939
1940
1941
1942
1943
1944
1945
1946
1947
1948
1949
1950
1951
1952
1953
1954
1955
1956
1957
1958
1959
1960
1961
1962
1963
1964
1965
1966
1967
1968
1969
1970
1971
1972
1973
1974
1975
1976
1977
1978
1979
1980
1981
1982
1983
1984
1985
1986
1987
1988
1989
1990
1991
1992
1993
1994
1995
1996
1997
1998
1999
2000
2001
2002
2003
2004
2005
2006
2007
2008
2009
2010
2011
2012
2013
2014
2015
2016
2017
2018
2019
2020
2021
2022
2023
2024
2025
2026
2027
2028
2029
2030
2031
2032
2033
2034
2035
2036
2037
2038
2039
2040
2041
2042
2043
2044
2045
2046
2047
2048
2049
2050
2051
2052
2053
2054
2055
2056
2057
2058
2059
2060
2061
2062
2063
2064
2065
2066
2067
2068
2069
2070
2071
2072
2073
2074
2075
2076
2077
2078
2079
2080
2081
2082
2083
2084
2085
2086
2087
2088
2089
2090
2091
2092
2093
2094
2095
2096
2097
2098
2099
2100
2101
2102
2103
2104
2105
2106
2107
2108
2109
2110
2111
2112
2113
2114
2115
2116
2117
2118
2119
2120
2121
2122
2123
2124
2125
2126
2127
2128
2129
2130
2131
2132
2133
2134
2135
2136
2137
2138
2139
2140
2141
2142
2143
2144
2145
2146
2147
2148
2149
2150
2151
2152
2153
2154
2155
2156
2157
2158
2159
2160
2161
2162
2163
2164
2165
2166
2167
2168
2169
2170
2171
2172
2173
2174
2175
2176
2177
2178
2179
2180
2181
2182
2183
2184
2185
2186
2187
2188
2189
2190
2191
2192
2193
2194
2195
2196
2197
2198
2199
2200
2201
2202
2203
2204
2205
2206
2207
2208
2209
2210
2211
2212
2213
2214
2215
2216
2217
2218
2219
2220
2221
2222
2223
2224
2225
2226
2227
2228
2229
2230
2231
2232
2233
2234
2235
2236
2237
2238
2239
2240
2241
2242
2243
2244
2245
2246
2247
2248
2249
2250
2251
2252
2253
2254
2255
2256
2257
2258
2259
2260
2261
2262
2263
2264
2265
2266
2267
2268
2269
2270
2271
2272
2273
2274
2275
2276
2277
2278
2279
2280
2281
2282
2283
2284
2285
2286
2287
2288
2289
2290
2291
2292
2293
2294
2295
2296
2297
2298
2299
2300
2301
2302
2303
2304
2305
2306
2307
2308
2309
2310
2311
2312
2313
2314
2315
2316
2317
2318
2319
2320
2321
2322
2323
2324
2325
2326
2327
2328
2329
2330
2331
2332
2333
2334
2335
2336
2337
2338
2339
2340
2341
2342
2343
2344
2345
2346
2347
2348
2349
2350
2351
2352
2353
2354
2355
2356
2357
2358
2359
2360
2361
2362
2363
2364
2365
2366
2367
2368
2369
2370
2371
2372
2373
2374
2375
2376
2377
2378
2379
2380
2381
2382
2383
2384
2385
2386
2387
2388
2389
2390
2391
2392
2393
2394
2395
2396
2397
2398
2399
2400
2401
2402
2403
2404
2405
2406
2407
2408
2409
2410
2411
2412
2413
2414
2415
2416
2417
2418
2419
2420
2421
2422
2423
2424
2425
2426
2427
2428
2429
2430
2431
2432
2433
2434
2435
2436
2437
2438
2439
2440
2441
2442
2443
2444
2445
2446
2447
2448
2449
2450
2451
2452
2453
2454
2455
2456
2457
2458
2459
2460
2461
2462
2463
2464
2465
2466
2467
2468
2469
2470
2471
2472
2473
2474
2475
2476
2477
2478
2479
2480
2481
2482
2483
2484
2485
2486
2487
2488
2489
2490
2491
2492
2493
2494
2495
2496
2497
2498
2499
2500
2501
2502
2503
2504
2505
2506
2507
2508
2509
2510
2511
2512
2513
2514
2515
2516
2517
2518
2519
2520
2521
2522
2523
2524
2525
2526
2527
2528
2529
2530
2531
2532
2533
2534
2535
2536
2537
2538
2539
2540
2541
2542
2543
2544
2545
2546
2547
2548
2549
2550
2551
2552
2553
2554
2555
2556
2557
2558
2559
2560
2561
2562
2563
2564
2565
2566
2567
2568
2569
2570
2571
2572
2573
2574
2575
2576
2577
2578
2579
2580
2581
2582
2583
2584
2585
2586
2587
2588
2589
2590
2591
2592
2593
2594
2595
2596
2597
2598
2599
2600
2601
2602
2603
2604
2605
2606
2607
2608
2609
2610
2611
2612
2613
2614
2615
2616
2617
2618
2619
2620
2621
2622
2623
2624
2625
2626
2627
2628
2629
2630
2631
2632
2633
2634
2635
2636
2637
2638
2639
2640
2641
2642
2643
2644
2645
2646
2647
2648
2649
2650
2651
2652
2653
2654
2655
2656
2657
2658
2659
2660
2661
2662
2663
2664
2665
2666
2667
2668
2669
2670
2671
2672
2673
2674
2675
2676
2677
2678
2679
2680
2681
2682
2683
2684
2685
2686
2687
2688
2689
2690
2691
2692
2693
2694
2695
2696
2697
2698
2699
2700
2701
2702
2703
2704
2705
2706
2707
2708
2709
2710
2711
2712
2713
2714
2715
2716
2717
2718
2719
2720
2721
2722
2723
2724
2725
2726
2727
2728
2729
2730
2731
2732
2733
2734
2735
2736
2737
2738
2739
2740
2741
2742
2743
2744
2745
2746
2747
2748
2749
2750
2751
2752
2753
2754
2755
2756
2757
2758
2759
2760
2761
2762
2763
2764
2765
2766
2767
2768
2769
2770
2771
2772
2773
2774
2775
2776
2777
2778
2779
2780
2781
2782
2783
2784
2785
2786
2787
2788
2789
2790
2791
2792
2793
2794
2795
2796
2797
2798
2799
2800
2801
2802
2803
2804
2805
2806
2807
2808
2809
2810
2811
2812
2813
2814
2815
2816
2817
2818
2819
2820
2821
2822
2823
2824
2825
2826
2827
2828
2829
2830
2831
2832
2833
2834
2835
2836
2837
2838
2839
2840
2841
2842
2843
2844
2845
2846
2847
2848
2849
2850
2851
2852
2853
2854
2855
2856
2857
2858
2859
2860
2861
2862
2863
2864
2865
2866
2867
2868
2869
2870
2871
2872
2873
2874
2875
2876
2877
2878
2879
2880
2881
2882
2883
2884
2885
2886
2887
2888
2889
2890
2891
2892
2893
2894
2895
2896
2897
2898
2899
2900
2901
2902
2903
2904
2905
2906
2907
2908
2909
2910
2911
2912
2913
2914
2915
2916
2917
2918
2919
2920
2921
2922
2923
2924
2925
2926
2927
2928
2929
2930
2931
2932
2933
2934
2935
2936
2937
2938
2939
2940
2941
2942
2943
2944
2945
2946
2947
2948
2949
2950
2951
2952
2953
2954
2955
2956
2957
2958
2959
2960
2961
2962
2963
2964
2965
2966
2967
2968
2969
2970
2971
2972
2973
2974
2975
2976
2977
2978
2979
2980
2981
2982
2983
2984
2985
2986
2987
2988
2989
2990
2991
2992
2993
2994
2995
2996
2997
2998
2999
3000
3001
3002
3003
3004
3005
3006
3007
3008
3009
3010
3011
3012
3013
3014
3015
3016
3017
3018
3019
3020
3021
3022
3023
3024
3025
3026
3027
3028
3029
3030
3031
3032
3033
3034
3035
3036
3037
3038
3039
3040
3041
3042
3043
3044
3045
3046
3047
3048
3049
3050
3051
3052
3053
3054
3055
3056
3057
3058
3059
3060
3061
3062
3063
3064
3065
3066
3067
3068
3069
3070
3071
3072
3073
3074
3075
3076
3077
3078
3079
3080
3081
3082
3083
3084
3085
3086
3087
3088
3089
3090
3091
3092
3093
3094
3095
3096
3097
3098
3099
3100
3101
3102
3103
3104
3105
3106
3107
3108
3109
3110
3111
3112
3113
3114
3115
3116
3117
3118
3119
3120
3121
3122
3123
3124
3125
3126
3127
3128
3129
3130
3131
3132
3133
3134
3135
3136
3137
3138
3139
3140
3141
3142
3143
3144
3145
3146
3147
3148
3149
3150
3151
3152
3153
3154
3155
3156
3157
3158
3159
3160
3161
3162
3163
3164
3165
3166
3167
3168
3169
3170
3171
3172
3173
3174
3175
3176
3177
3178
3179
3180
3181
3182
3183
3184
3185
3186
3187
3188
3189
3190
3191
3192
3193
3194
3195
3196
3197
3198
3199
3200
3201
3202
3203
3204
3205
3206
3207
3208
3209
3210
3211
3212
3213
3214
3215
3216
3217
3218
3219
3220
3221
3222
3223
3224
3225
3226
3227
3228
3229
3230
3231
3232
3233
3234
3235
3236
3237
3238
3239
3240
3241
3242
3243
3244
3245
3246
3247
3248
3249
3250
3251
3252
3253
3254
3255
3256
3257
3258
3259
3260
3261
3262
3263
3264
3265
3266
3267
3268
3269
3270
3271
3272
3273
3274
3275
3276
3277
3278
3279
3280
3281
3282
3283
3284
3285
3286
3287
3288
3289
3290
3291
3292
3293
3294
3295
3296
3297
3298
3299
3300
3301
3302
3303
3304
3305
3306
3307
3308
3309
3310
3311
3312
3313
3314
3315
3316
3317
3318
3319
3320
3321
49.99999999999999 2.5 6.000000000000001
99.99999999999997 2.5 6.000000000000001
149.9999999999999 2.5 5.999999999999999
199.9999999999999 2.5 5.999999999999999
250 2.5 6
299.9999999999999 2.5 6
350.0000000000003 2.5 6
399.9999999999999 2.5 6
450 2.5 5.999999999999999
500 2.5 6
549.9999999999995 2.5 6
599.9999999999998 2.5 6
649.9999999999999 2.5 6
700.0000000000006 2.5 5.999999999999999
750 2.5 6
799.9999999999998 2.5 6.000000000000001
850.0000000000002 2.5 6
900 2.5 5.999999999999999
950.0000000000005 2.5 5.999999999999999
50 5 6.000000000000001
100 5 6
150 5 6
200 5 5.999999999999999
250 5 6
299.9999999999999 5 6
350.0000000000002 5 6
400 5 6
450 5 6
500 5 6
550 5 6
599.9999999999999 5 6
650 5 6
700.0000000000003 5 6
750 5 6
800 5 6
850.0000000000003 5 6
900 5 6
950.0000000000003 5 6
49.99999999999999 7.500000000000001 6.000000000000001
99.99999999999999 7.5 6
150 7.5 6
200 7.499999999999998 5.999999999999999
250 7.5 6
299.9999999999999 7.500000000000002 6
350.0000000000002 7.500000000000002 6
399.9999999999999 7.5 6
450 7.5 6
500 7.5 6
549.9999999999997 7.5 6
599.9999999999999 7.499999999999999 6
649.9999999999998 7.5 6
700.0000000000005 7.5 6
750 7.5 6
799.9999999999999 7.5 6
850.0000000000003 7.5 6
900 7.5 6
950.0000000000005 7.5 6
50 2.5 12
100 2.5 12
150 2.5 12
200 2.5 12
250 2.5 12
299.9999999999999 2.5 12
350.0000000000002 2.5 12
400 2.5 12
450 2.5 12
500 2.5 12
550 2.5 12
599.9999999999999 2.5 12
650 2.5 12
700.0000000000003 2.5 12
750 2.5 12
800 2.5 12
850.0000000000003 2.5 12
900 2.5 12
950.0000000000003 2.5 12
50 5 12
100 5 12
150 5 12
200 5 12
250 5 12
299.9999999999999 5 12
350.0000000000002 5 12
400 5 12
450 5 12
500 5 12
550 5 12
599.9999999999999 5 12
650 5 12
700.0000000000003 5 12
750 5 12
800 5 12
850.0000000000003 5 12
900 5 12
950.0000000000003 5 12
50 7.5 12
100 7.5 12
150 7.5 12
200 7.5 12
250 7.5 12
299.9999999999999 7.5 12
350.0000000000002 7.500000000000001 12
400 7.5 12
450 7.5 12
500 7.5 12
550 7.5 12
599.9999999999999 7.5 12
650 7.5 12
700.0000000000005 7.5 12
750 7.5 12
800 7.5 12
850.0000000000003 7.5 12
900 7.5 12
950.0000000000003 7.5 12
49.99999999999999 2.5 18.00000000000001
99.99999999999997 2.5 18
150 2.5 18
199.9999999999999 2.5 17.99999999999999
250 2.5 18
299.9999999999999 2.5 18
350.0000000000002 2.5 17.99999999999999
399.9999999999999 2.5 18
450 2.5 17.99999999999999
500 2.5 18
549.9999999999999 2.5 18
599.9999999999999 2.5 18
650 2.5 18
700.0000000000005 2.5 18
750 2.5 18
799.9999999999998 2.5 18
850.0000000000002 2.5 18
900 2.5 17.99999999999999
950.0000000000005 2.5 18
50 5 18
100 5 18
150 5 18
200 5 18
250 5 18
299.9999999999999 5 18
350.0000000000002 5 17.99999999999999
400 5 18
450 5 18
500 5 18
550 5 18
599.9999999999999 5 18
650 5 18
700.0000000000003 5 18
750 5 18
800 5 18
850.0000000000003 5 18
900 5 18
950.0000000000003 5 18
49.99999999999999 7.500000000000001 18
99.99999999999997 7.5 17.99999999999999
150 7.5 18
199.9999999999999 7.499999999999998 18
250 7.5 18
299.9999999999999 7.500000000000002 18
350.0000000000002 7.500000000000002 17.99999999999999
399.9999999999999 7.5 18
450 7.499999999999999 18
500 7.5 18
550 7.5 18
599.9999999999999 7.499999999999999 18
650 7.5 18
700.0000000000005 7.5 18
750 7.5 18
799.9999999999998 7.499999999999999 18
850.0000000000002 7.5 18
900 7.5 18
950.0000000000005 7.5 18
24.99999999999999 2.5 6
49.99999999999999 1.25 6
49.99999999999999 2.5 3
24.99999999999999 1.25 6
24.99999999999999 2.5 3
49.99999999999999 1.25 3
24.99999999999999 1.25 3
74.99999999999997 2.5 6.000000000000001
99.99999999999997 1.25 6
99.99999999999997 2.5 3
74.99999999999999 1.25 6
74.99999999999997 2.5 3
99.99999999999999 1.25 3
74.99999999999997 1.25 3
125 2.5 6
150 1.25 6
150 2.5 3
125 1.25 6
125 2.5 3
150 1.25 3
125 1.25 3
174.9999999999999 2.5 5.999999999999999
199.9999999999999 1.25 6
199.9999999999999 2.5 3
174.9999999999999 1.25 6
175 2.5 3
200 1.25 3
175 1.25 3
225 2.5 6
250 1.25 6
250 2.5 3
225 1.25 6
224.9999999999999 2.5 3
250 1.25 3
225 1.25 3
274.9999999999999 2.5 6
300 1.25 6
300 2.5 3
275 1.25 6
275 2.5 3
300.0000000000001 1.25 3
275 1.25 3
325.0000000000001 2.5 6
350.0000000000002 1.25 6
350.0000000000002 2.5 3
325.0000000000001 1.25 6
325.0000000000001 2.5 3
350.0000000000002 1.25 3
325.0000000000001 1.25 3
375.0000000000001 2.5 6
399.9999999999999 1.25 6
399.9999999999999 2.5 3
375 1.25 6
375 2.5 3
399.9999999999999 1.25 3
375 1.25 3
424.9999999999999 2.5 6
450 1.25 6
450 2.5 3
425 1.25 6
424.9999999999999 2.5 3
450 1.25 3
424.9999999999999 1.25 3
475 2.5 6
500 1.25 6
500 2.5 3
475 1.25 6
475 2.5 3
500 1.25 3
475 1.25 3
524.9999999999998 2.5 6
549.9999999999998 1.25 6
549.9999999999998 2.5 3
524.9999999999999 1.25 6
524.9999999999999 2.5 3
549.9999999999999 1.25 3
525.0000000000001 1.25 3
574.9999999999997 2.5 6
600 1.25 6
600 2.5 3
575 1.25 6
574.9999999999998 2.5 3
600.0000000000001 1.25 3
575 1.25 3
624.9999999999998 2.5 6
649.9999999999999 1.25 6
650 2.5 3
624.9999999999998 1.25 6
625 2.5 3
650 1.25 3
624.9999999999999 1.25 3
675.0000000000002 2.5 6
700.0000000000005 1.25 6
700.0000000000005 2.5 3
675.0000000000002 1.25 6
675.0000000000002 2.5 3
700.0000000000005 1.25 3
675.0000000000002 1.25 3
725.0000000000002 2.5 6
750 1.25 6
750 2.5 3
725.0000000000002 1.25 6
725.0000000000002 2.5 3
750 1.25 3
725.0000000000001 1.25 3
774.9999999999999 2.5 6
799.9999999999998 1.25 6
799.9999999999998 2.5 3
774.9999999999998 1.25 6
775 2.5 3
799.9999999999999 1.25 3
774.9999999999998 1.25 3
825 2.5 6
850.0000000000002 1.25 6
850.0000000000002 2.5 3
825 1.25 6
825 2.5 3
850.0000000000002 1.25 3
825.0000000000001 1.25 3
875.0000000000001 2.5 6
900 1.25 6
900 2.5 3
875 1.25 6
875.0000000000002 2.5 3
900 1.25 3
875.0000000000001 1.25 3
925.0000000000002 2.5 5.999999999999999
950.0000000000003 1.25 6
950.0000000000003 2.5 3
925.0000000000002 1.25 6
925.0000000000001 2.5 3
950.0000000000003 1.25 3
925.0000000000003 1.25 3
975.0000000000002 2.5 6
975.0000000000001 1.25 6
975.0000000000001 2.5 3
975 1.25 3
25 5 6
49.99999999999999 3.75 6.000000000000001
50 5 3
25 3.75 6
25 5 3
50 3.75 3
25 3.75 3
75 5 6
99.99999999999999 3.75 6
100 5 3
75 3.75 6
75 5 3
100 3.75 3
75.00000000000001 3.75 2.999999999999999
125 5 6
149.9999999999999 3.75 6
150 5 3
125 3.75 6
125 5 3
150 3.75 3
125 3.75 3
175 5 6
200 3.75 5.999999999999999
200 5 3
175 3.75 5.999999999999999
175 5 3
200 3.75 3
175 3.75 2.999999999999999
225 5 6
250 3.75 6
250 5 3
225 3.75 6
225 5 3
250 3.75 3
225 3.75 3
275 5 6
299.9999999999999 3.75 6
300 5 3
275 3.75 6
275 5 3
300 3.75 3
275 3.75 3
325.0000000000001 5 6
350.0000000000002 3.75 6
350.0000000000001 5 3
325.0000000000001 3.75 6
325.0000000000001 5 3
350.0000000000002 3.75 3
325.0000000000001 3.75 3
375.0000000000001 5 6
399.9999999999999 3.75 6
400 5 3
375.0000000000001 3.75 6
375.0000000000001 5 3
400 3.75 3
375 3.75 3
425 5 6
450 3.75 6
450 5 3
424.9999999999999 3.75 6
425 5 3
450 3.75 3
424.9999999999999 3.75 3
475 5 6
500 3.75 6
500 5 3
475 3.75 6
475 5 3
500 3.75 3
475 3.75 3
525 5 6
549.9999999999998 3.75 6
550 5 3
524.9999999999999 3.75 6
525 5 3
549.9999999999999 3.75 3
525.0000000000001 3.75 3
575 5 6
599.9999999999998 3.75 6
600 5 3
574.9999999999998 3.75 6
575 5 3
600 3.75 3
575 3.75 3
625 5 6
650 3.75 6
650 5 3
624.9999999999999 3.75 6
625 5 3
650 3.75 3
625 3.75 3
675.0000000000002 5 6
700.0000000000005 3.75 6
700.0000000000002 5 3
675.0000000000002 3.75 6
675.0000000000001 5 3
700.0000000000005 3.75 3
675.0000000000002 3.75 3
725.0000000000002 5 6
750 3.75 6
750 5 3
725.0000000000002 3.75 6
725.0000000000001 5 3
750 3.75 3
725 3.75 3
775 5 6
799.9999999999999 3.75 6
800 5 3
774.9999999999999 3.75 6
775 5 3
800 3.75 3
775 3.75 3
825.0000000000002 5 6
850.0000000000002 3.75 6
850.0000000000002 5 3
825 3.75 6
825.0000000000001 5 3
850.0000000000002 3.75 3
825.0000000000002 3.75 3
875.0000000000002 5 6
900 3.75 6
900 5 3
875.0000000000002 3.75 6
875.0000000000001 5 3
900 3.75 3
875.0000000000002 3.75 3
925.0000000000002 5 6
950.0000000000005 3.75 6
950.0000000000002 5 3
925.0000000000002 3.75 6
925.0000000000001 5 3
950.0000000000005 3.75 3
925.0000000000003 3.75 3
975.0000000000002 5 6
975.0000000000002 3.75 6
975.0000000000001 5 3
975 3.75 3
25 7.5 6
50 6.25 6.000000000000001
49.99999999999999 7.500000000000001 3
25 6.25 6
25 7.5 3
50 6.25 3
25 6.25 3
74.99999999999999 7.5 6
100 6.25 6
99.99999999999999 7.5 3
75 6.25 6
74.99999999999999 7.5 3
100 6.25 3
75 6.25 3
125 7.5 6
150 6.25 6
150 7.5 3
125 6.25 6
125 7.5 3
150 6.25 3
125 6.25 3
175 7.499999999999999 6
200 6.249999999999999 5.999999999999999
200 7.499999999999998 3
175 6.249999999999999 6
175 7.5 3
200 6.249999999999998 3
175 6.249999999999999 3
225 7.499999999999999 6
250 6.25 6
250 7.5 3
225 6.249999999999999 6
225 7.499999999999998 3
250 6.25 3
225 6.249999999999999 3
275 7.500000000000001 6
299.9999999999999 6.250000000000001 6
300 7.500000000000002 3
275 6.250000000000001 6
275 7.5 3
300 6.250000000000002 3
275 6.250000000000001 3
325.0000000000001 7.500000000000002 6
350.0000000000002 6.250000000000001 6
350.0000000000002 7.500000000000002 3
325.0000000000001 6.250000000000002 6
325.0000000000001 7.500000000000002 3
350.0000000000002 6.250000000000002 3
325.0000000000002 6.250000000000003 3
375.0000000000001 7.500000000000001 6
400 6.25 6
399.9999999999999 7.5 3
375.0000000000001 6.250000000000001 6
375 7.500000000000002 3
400 6.25 3
375.0000000000001 6.250000000000001 3
425 7.5 6
450 6.25 6
450 7.5 3
425 6.25 6
425 7.5 3
450 6.25 3
425 6.25 3
475 7.5 6
500 6.25 6
500 7.5 3
475 6.25 6
475 7.5 3
500 6.25 3
475 6.25 3
524.9999999999998 7.5 6
549.9999999999998 6.25 6
549.9999999999998 7.5 3
524.9999999999999 6.25 6
524.9999999999999 7.5 3
549.9999999999999 6.25 3
524.9999999999999 6.25 3
574.9999999999998 7.5 6
599.9999999999999 6.25 6
600 7.5 3
574.9999999999998 6.25 6
574.9999999999999 7.5 3
600 6.25 3
575 6.25 3
624.9999999999998 7.5 6
649.9999999999999 6.25 6
649.9999999999998 7.5 3
624.9999999999999 6.25 6
624.9999999999999 7.5 3
650 6.25 3
625 6.25 3
675.0000000000001 7.5 6
700.0000000000005 6.25 6
700.0000000000003 7.5 3
675.0000000000002 6.25 6
675 7.5 3
700.0000000000005 6.25 3
675.0000000000002 6.25 3
725.0000000000002 7.5 6
750 6.25 6
750 7.5 3
725.0000000000002 6.25 6
725.0000000000001 7.5 3
750 6.25 3
725 6.25 3
775 7.5 6
800 6.25 6
799.9999999999999 7.5 3
775 6.25 6
775 7.5 3
800 6.25 3
775 6.25 3
825.0000000000001 7.5 6
850.0000000000003 6.25 6
850.0000000000002 7.5 3
825.0000000000001 6.25 6
825 7.5 3
850.0000000000002 6.25 3
825 6.25 3
875.0000000000002 7.5 6
900 6.25 6
900 7.5 3
875.0000000000002 6.25 6
875.0000000000001 7.5 3
900 6.25 3
875.0000000000002 6.25 3
925.0000000000002 7.5 6
950.0000000000005 6.25 6
950.0000000000003 7.5 3
925.0000000000002 6.25 6
925.0000000000001 7.5 3
950.0000000000005 6.25 3
925.0000000000003 6.25 3
975.0000000000002 7.5 6
975.0000000000002 6.25 6
975.0000000000001 7.5 3
975 6.25 3
49.99999999999999 8.75 6
25 8.75 6
50 8.75 3
25 8.75 3
99.99999999999999 8.75 6
75 8.75 6
100 8.75 3
75 8.75 3
150 8.75 6
125 8.75 6
150 8.75 3
125 8.75 3
200 8.75 6
175 8.75 6
200 8.75 3
175 8.75 3
250 8.75 6
225 8.75 6
250 8.75 3
225 8.75 3
300 8.75 6
275 8.75 6
300.0000000000001 8.75 3
275 8.75 3
350.0000000000002 8.75 6
325.0000000000001 8.75 6
350.0000000000002 8.75 3
325.0000000000002 8.75 3
399.9999999999999 8.75 6
375.0000000000001 8.75 6
400 8.75 3
375 8.75 3
450 8.75 6
425 8.75 6
450 8.75 3
425 8.75 3
500 8.75 6
475 8.75 6
500 8.75 3
475 8.75 3
549.9999999999998 8.75 6
524.9999999999999 8.75 6
549.9999999999999 8.75 3
525.0000000000001 8.75 3
600 8.75 6
574.9999999999999 8.75 6
600.0000000000001 8.75 3
575.0000000000002 8.75 3
649.9999999999998 8.75 6
624.9999999999999 8.75 6
649.9999999999999 8.75 3
624.9999999999999 8.75 3
700.0000000000003 8.75 6
675.0000000000001 8.75 6
700.0000000000003 8.75 3
675.0000000000002 8.75 3
750 8.75 6
725.0000000000001 8.75 6
750 8.75 3
724.9999999999998 8.75 3
799.9999999999999 8.75 6
775 8.75 6
800 8.75 3
775 8.75 3
850.0000000000002 8.75 6
825.0000000000001 8.75 6
850.0000000000002 8.75 3
825.0000000000001 8.75 3
900 8.75 6
875.0000000000001 8.75 6
900 8.75 3
875 8.75 3
950.0000000000003 8.75 6
925.0000000000001 8.75 6
950.0000000000003 8.75 3
925.0000000000002 8.75 3
975.0000000000001 8.75 6
974.9999999999998 8.75 3
25 2.5 12
50 1.25 12
49.99999999999999 2.5 9.000000000000002
25 1.25 12
25 2.5 9
49.99999999999999 1.25 9
25 1.25 9
75 2.5 12
100 1.25 12
99.99999999999999 2.5 9.000000000000002
75 1.25 12
74.99999999999999 2.5 9
99.99999999999997 1.25 9
75 1.25 9
125 2.5 12
150 1.25 12
149.9999999999999 2.5 8.999999999999998
125 1.25 12
125 2.5 9
150 1.25 9
125 1.25 9
175 2.5 12
200 1.25 12
200 2.5 8.999999999999998
175 1.25 12
174.9999999999999 2.5 9
199.9999999999999 1.25 9
174.9999999999999 1.25 9
225 2.5 12
250 1.25 12
250 2.5 9
225 1.25 12
225 2.5 9
250 1.25 9
225 1.25 9
275 2.5 12
300 1.25 12
299.9999999999999 2.5 9
275 1.25 12
274.9999999999999 2.5 9
300 1.25 9
274.9999999999999 1.25 9
325.0000000000001 2.5 12
350.0000000000001 1.25 12
350.0000000000002 2.5 9
325.0000000000001 1.25 12
325 2.5 9
350.0000000000002 1.25 9
325 1.25 9
375.0000000000001 2.5 12
400 1.25 12
399.9999999999999 2.5 9
375.0000000000001 1.25 12
375.0000000000001 2.5 9
399.9999999999999 1.25 9
375 1.25 9
425 2.5 12
450 1.25 12
450 2.5 8.999999999999998
425 1.25 12
424.9999999999999 2.5 9
450 1.25 9
425 1.25 9
475 2.5 12
500 1.25 12
500 2.5 9
475 1.25 12
475 2.5 9
500 1.25 9
475 1.25 9
525 2.5 12
550 1.25 12
549.9999999999998 2.5 9
525 1.25 12
524.9999999999999 2.5 9
549.9999999999999 1.25 9
524.9999999999998 1.25 9
575 2.5 12
600 1.25 12
599.9999999999998 2.5 9
575 1.25 12
574.9999999999998 2.5 9
600 1.25 9
575.0000000000001 1.25 9
625 2.5 12
650 1.25 12
650 2.5 9
625 1.25 12
624.9999999999998 2.5 9
650 1.25 9
624.9999999999998 1.25 9
675.0000000000002 2.5 12
700.0000000000002 1.25 12
700.0000000000005 2.5 8.999999999999998
675.0000000000001 1.25 12
675.0000000000002 2.5 9
700.0000000000003 1.25 9
675.0000000000005 1.25 9
725.0000000000002 2.5 12
750 1.25 12
750 2.5 9
725.0000000000001 1.25 12
725.0000000000002 2.5 9
750 1.25 9
725.0000000000003 1.25 9
775 2.5 12
800 1.25 12
799.9999999999999 2.5 9.000000000000002
775 1.25 12
774.9999999999999 2.5 9
799.9999999999998 1.25 9
774.9999999999998 1.25 9
825.0000000000002 2.5 12
850.0000000000002 1.25 12
850.0000000000002 2.5 9
825.0000000000001 1.25 12
825 2.5 9
850.0000000000002 1.25 9
825.0000000000001 1.25 9
875.0000000000002 2.5 12
900 1.25 12
900 2.5 8.999999999999998
875.0000000000001 1.25 12
875 2.5 9
900 1.25 9
875 1.25 9
925.0000000000002 2.5 12
950.0000000000002 1.25 12
950.0000000000005 2.5 8.999999999999998
925.0000000000001 1.25 12
925.0000000000002 2.5 9
950.0000000000002 1.25 9
924.9999999999999 1.25 9
975.0000000000002 2.5 12
975.0000000000001 1.25 12
975.0000000000002 2.5 9
975.0000000000002 1.25 9
25 5 12
50 3.75 12
50 5 9.000000000000002
25 3.75 12
25 5 9
49.99999999999999 3.75 9
24.99999999999999 3.75 9
75 5 12
100 3.75 12
100 5 9
75 3.75 12
75 5 9
99.99999999999999 3.75 9
74.99999999999999 3.75 9
125 5 12
150 3.75 12
150 5 9
125 3.75 12
125 5 9
149.9999999999999 3.75 9
125 3.75 9
175 5 12
200 3.75 12
200 5 8.999999999999998
175 3.75 12
175 5 9
200 3.75 9
174.9999999999999 3.75 8.999999999999998
225 5 12
250 3.75 12
250 5 9
225 3.75 12
225 5 9
250 3.75 9
225 3.75 9
275 5 12
299.9999999999999 3.75 12
299.9999999999999 5 9
275 3.75 12
275 5 9
299.9999999999999 3.75 9
274.9999999999999 3.75 9
325.0000000000001 5 12
350.0000000000002 3.75 12
350.0000000000002 5 9
325.0000000000001 3.75 12
325.0000000000001 5 9
350.0000000000002 3.75 9
324.9999999999999 3.75 9
375.0000000000001 5 12
400 3.75 12
400 5 9
375.0000000000001 3.75 12
375.0000000000001 5 9
399.9999999999999 3.75 9
375.0000000000001 3.75 9
425 5 12
450 3.75 12
450 5 9
425 3.75 12
425 5 9
450 3.75 9
424.9999999999999 3.75 9
475 5 12
500 3.75 12
500 5 9
475 3.75 12
475 5 9
500 3.75 9
475 3.75 9
525 5 12
550 3.75 12
550 5 9
525 3.75 12
525 5 9
549.9999999999999 3.75 9
524.9999999999998 3.75 9
575 5 12
599.9999999999999 3.75 12
599.9999999999999 5 9
575 3.75 12
575 5 9
599.9999999999998 3.75 9
574.9999999999999 3.75 9
625 5 12
650 3.75 12
650 5 9
625 3.75 12
625 5 9
650 3.75 9
624.9999999999998 3.75 9
675.0000000000002 5 12
700.0000000000003 3.75 12
700.0000000000003 5 9
675.0000000000002 3.75 12
675.0000000000002 5 9
700.0000000000003 3.75 9
675.0000000000002 3.75 9
725.0000000000002 5 12
750 3.75 12
750 5 9
725.0000000000002 3.75 12
725.0000000000002 5 9
750 3.75 9
725.0000000000002 3.75 9
775 5 12
800 3.75 12
800 5 9
775 3.75 12
775 5 9
799.9999999999999 3.75 9
774.9999999999998 3.75 9
825.0000000000002 5 12
850.0000000000003 3.75 12
850.0000000000003 5 9
825.0000000000002 3.75 12
825.0000000000002 5 9
850.0000000000002 3.75 9
825.0000000000001 3.75 9
875.0000000000002 5 12
900 3.75 12
900 5 9
875.0000000000002 3.75 12
875.0000000000002 5 9
900 3.75 9
875.0000000000003 3.75 9
925.0000000000002 5 12
950.0000000000003 3.75 12
950.0000000000003 5 9
925.0000000000002 3.75 12
925.0000000000002 5 9
950.0000000000005 3.75 9
925.0000000000002 3.75 9
975.0000000000002 5 12
975.0000000000002 3.75 12
975.0000000000002 5 9
975.0000000000002 3.75 9
25 7.5 12
50 6.25 12
50 7.5 9.000000000000002
25 6.25 12
25 7.5 9
50 6.25 9
25 6.25 9
75 7.5 12
100 6.25 12
100 7.5 9
75 6.25 12
75 7.5 9
100 6.25 9
75 6.25 9
125 7.5 12
150 6.25 12
150 7.5 9
125 6.25 12
125 7.5 9
150 6.25 9
124.9999999999999 6.25 9
175 7.5 12
200 6.25 12
200 7.499999999999999 8.999999999999998
175 6.25 12
175 7.499999999999999 9
200 6.249999999999999 9
175 6.249999999999998 9
225 7.5 12
250 6.25 12
250 7.5 9
225 6.25 12
225 7.499999999999999 9
250 6.25 9
225 6.249999999999999 9
275 7.5 12
299.9999999999999 6.25 12
299.9999999999999 7.500000000000001 9
275 6.25 12
275 7.500000000000001 9
299.9999999999999 6.250000000000001 9
275 6.250000000000002 9
325.0000000000001 7.5 12
350.0000000000002 6.25 12
350.0000000000002 7.500000000000002 9
325.0000000000001 6.25 12
325.0000000000001 7.500000000000002 9
350.0000000000002 6.250000000000002 9
325.0000000000003 6.250000000000003 9
375.0000000000001 7.5 12
400 6.25 12
400 7.5 9
375.0000000000001 6.25 12
375.0000000000001 7.500000000000002 9
400 6.25 9
375.0000000000001 6.250000000000002 9
425 7.5 12
450 6.25 12
450 7.5 9
425 6.25 12
425 7.5 9
450 6.25 9
425 6.25 9
475 7.5 12
500 6.25 12
500 7.5 9
475 6.25 12
475 7.5 9
500 6.25 9
475 6.25 9
525 7.5 12
550 6.25 12
549.9999999999998 7.5 9
525 6.25 12
524.9999999999999 7.5 9
549.9999999999999 6.25 9
524.9999999999998 6.25 9
575 7.5 12
599.9999999999999 6.25 12
599.9999999999999 7.5 9
575 6.25 12
574.9999999999998 7.5 9
599.9999999999999 6.25 9
574.9999999999998 6.25 9
625 7.5 12
650 6.25 12
649.9999999999999 7.5 9
625 6.25 12
624.9999999999999 7.5 9
649.9999999999999 6.25 9
624.9999999999998 6.25 9
675.0000000000002 7.5 12
700.0000000000005 6.25 12
700.0000000000005 7.5 9
675.0000000000002 6.25 12
675.0000000000001 7.5 9
700.0000000000005 6.25 9
675.0000000000002 6.25 9
725.0000000000002 7.5 12
750 6.25 12
750 7.5 9
725.0000000000002 6.25 12
725.0000000000002 7.5 9
750 6.25 9
725.0000000000002 6.25 9
775 7.5 12
800 6.25 12
800 7.5 9
775 6.25 12
775 7.5 9
800 6.25 9
775 6.25 9
825.0000000000002 7.5 12
850.0000000000003 6.25 12
850.0000000000003 7.5 9
825.0000000000002 6.25 12
825.0000000000001 7.5 9
850.0000000000003 6.25 9
825.0000000000002 6.25 9
875.0000000000002 7.5 12
900 6.25 12
900 7.5 9
875.0000000000002 6.25 12
875.0000000000002 7.5 9
900 6.25 9
875.0000000000002 6.25 9
925.0000000000002 7.5 12
950.0000000000003 6.25 12
950.0000000000005 7.5 9
925.0000000000002 6.25 12
925.0000000000002 7.5 9
950.0000000000005 6.25 9
925.0000000000002 6.25 9
975.0000000000002 7.5 12
975.0000000000002 6.25 12
975.0000000000002 7.5 9
975.0000000000002 6.25 9
50 8.75 12
25 8.75 12
50 8.75 9
25 8.75 9
100 8.75 12
75 8.75 12
100 8.75 9
75.00000000000003 8.75 9
150 8.75 12
125 8.75 12
150 8.75 9
125 8.75 9
200 8.75 12
175 8.75 12
200 8.75 9
175 8.75 9
250 8.75 12
225 8.75 12
250 8.75 9
225 8.75 9
300 8.75 12
275 8.75 12
300 8.75 9
275 8.75 9
350.0000000000001 8.75 12
325.0000000000001 8.75 12
350.0000000000002 8.75 9
325.0000000000003 8.75 9
400 8.75 12
375.0000000000001 8.75 12
400 8.75 9
375 8.75 9
450 8.75 12
425 8.75 12
450 8.75 9
425 8.75 9
500 8.75 12
475 8.75 12
500 8.75 9
475 8.75 9
550 8.75 12
525 8.75 12
549.9999999999999 8.75 9
524.9999999999998 8.75 9
600 8.75 12
575 8.75 12
600 8.75 9
575 8.75 9
650 8.75 12
625 8.75 12
650 8.75 9
624.9999999999999 8.75 9
700.0000000000002 8.75 12
675.0000000000001 8.75 12
700.0000000000005 8.75 9
675.0000000000005 8.75 9
750 8.75 12
725.0000000000001 8.75 12
750 8.75 9
725 8.75 9
800 8.75 12
775 8.75 12
800 8.75 9
775 8.75 9
850.0000000000002 8.75 12
825.0000000000001 8.75 12
850.0000000000002 8.75 9
825.0000000000002 8.75 9
900 8.75 12
875.0000000000001 8.75 12
900 8.75 9
875.0000000000002 8.75 9
950.0000000000002 8.75 12
925.0000000000001 8.75 12
950.0000000000005 8.75 9
925 8.75 9
975.0000000000001 8.75 12
975 8.75 9
24.99999999999999 2.5 18.00000000000001
49.99999999999999 1.25 18.00000000000001
49.99999999999999 2.5 15.00000000000001
24.99999999999999 1.25 18
25 2.5 15
50 1.25 15
25 1.25 15.00000000000001
74.99999999999997 2.5 18
99.99999999999997 1.25 18
99.99999999999999 2.5 15
74.99999999999999 1.25 18
74.99999999999999 2.5 15
100 1.25 15
75.00000000000003 1.25 15
125 2.5 18
150 1.25 18
150 2.5 15
125 1.25 18
125 2.5 15
150 1.25 15
125 1.25 15
174.9999999999999 2.5 17.99999999999999
199.9999999999999 1.25 17.99999999999999
200 2.5 14.99999999999999
174.9999999999999 1.25 18
175 2.5 15
200 1.25 15
174.9999999999999 1.25 14.99999999999999
225 2.5 17.99999999999999
250 1.25 18
250 2.5 15
225 1.25 18
225 2.5 15
250 1.25 15
225 1.25 15
275 2.5 18
300 1.25 18
299.9999999999999 2.5 15
275 1.25 18
275 2.5 15
300 1.25 15
275 1.25 15
325.0000000000001 2.5 17.99999999999999
350.0000000000002 1.25 17.99999999999999
350.0000000000002 2.5 14.99999999999999
325.0000000000001 1.25 18
325.0000000000001 2.5 15
350.0000000000001 1.25 15
325.0000000000001 1.25 14.99999999999999
375.0000000000001 2.5 17.99999999999999
399.9999999999999 1.25 18
399.9999999999999 2.5 15
375.0000000000001 1.25 18
375.0000000000001 2.5 15
400 1.25 15
375.0000000000001 1.25 15
424.9999999999999 2.5 18
450 1.25 17.99999999999999
450 2.5 15
425 1.25 17.99999999999999
424.9999999999999 2.5 15
450 1.25 15
425 1.25 14.99999999999999
475 2.5 18
500 1.25 18
500 2.5 15
475 1.25 18
475 2.5 15
500 1.25 15
475 1.25 15
525 2.5 18
550 1.25 18
550 2.5 15
525 1.25 18
525 2.5 15
550 1.25 15
525 1.25 15
574.9999999999999 2.5 18
600 1.25 18
599.9999999999999 2.5 15
575 1.25 18
575 2.5 15
600 1.25 15
575 1.25 15
625 2.5 18
650 1.25 18
650 2.5 15
625 1.25 18
625 2.5 15
650 1.25 15
625 1.25 15
675.0000000000002 2.5 18
700.0000000000003 1.25 18
700.0000000000005 2.5 15
675.0000000000001 1.25 18
675.0000000000002 2.5 15
700.0000000000002 1.25 15
675.0000000000002 1.25 15
725.0000000000002 2.5 18
750 1.25 18
750 2.5 15
725.0000000000001 1.25 18
725.0000000000002 2.5 15
750 1.25 15
725.0000000000002 1.25 15
774.9999999999999 2.5 18
799.9999999999998 1.25 18
799.9999999999999 2.5 15
774.9999999999998 1.25 18
774.9999999999999 2.5 15
800 1.25 15
774.9999999999998 1.25 15
825 2.5 18
850.0000000000002 1.25 18
850.0000000000002 2.5 15
825 1.25 18
825 2.5 15
850.0000000000002 1.25 15
825.0000000000002 1.25 15
875.0000000000001 2.5 18
900 1.25 17.99999999999999
900 2.5 15
875 1.25 17.99999999999999
875.0000000000002 2.5 15
900 1.25 15
875.0000000000002 1.25 14.99999999999999
925.0000000000002 2.5 18
950.0000000000003 1.25 18
950.0000000000005 2.5 15
925.0000000000002 1.25 18
925.0000000000002 2.5 15
950.0000000000002 1.25 15
925 1.25 15
975.0000000000002 2.5 18
975.0000000000001 1.25 18
975.0000000000002 2.5 15
975.0000000000002 1.25 15
25 5 18
49.99999999999999 3.75 18.00000000000001
50 5 15
25 3.75 18
25 5 15
49.99999999999999 3.75 15
25 3.75 15.00000000000001
75 5 18
99.99999999999999 3.75 18
100 5 15
75 3.75 18
75 5 15
99.99999999999999 3.75 15
74.99999999999999 3.75 15
125 5 18
150 3.75 18
150 5 15
125 3.75 18
125 5 15
150 3.75 15
125 3.75 15
175 5 18
200 3.75 17.99999999999999
200 5 15
175 3.75 18
175 5 15
200 3.75 15
175 3.75 14.99999999999999
225 5 18
250 3.75 18
250 5 15
225 3.75 18
225 5 15
250 3.75 15
225 3.75 15
275 5 18
299.9999999999999 3.75 18
299.9999999999999 5 15
275 3.75 18
275 5 15
299.9999999999999 3.75 15
275 3.75 15
325.0000000000001 5 18
350.0000000000002 3.75 17.99999999999999
350.0000000000002 5 15
325.0000000000001 3.75 18
325.0000000000001 5 15
350.0000000000002 3.75 15
325.0000000000001 3.75 15
375.0000000000001 5 18
399.9999999999999 3.75 18
400 5 15
375.0000000000001 3.75 17.99999999999999
375.0000000000001 5 15
399.9999999999999 3.75 15
375 3.75 15
425 5 18
450 3.75 18
450 5 15
424.9999999999999 3.75 18
425 5 15
450 3.75 15
425 3.75 15
475 5 18
500 3.75 18
500 5 15
475 3.75 18
475 5 15
500 3.75 15
475 3.75 15
525 5 18
550 3.75 18
550 5 15
525 3.75 18
525 5 15
550 3.75 15
525 3.75 15
575 5 18
599.9999999999999 3.75 18
599.9999999999999 5 15
574.9999999999999 3.75 18
575 5 15
599.9999999999999 3.75 15
575 3.75 15
625 5 18
650 3.75 18
650 5 15
625 3.75 18
625 5 15
650 3.75 15
625 3.75 15
675.0000000000002 5 18
700.0000000000005 3.75 18
700.0000000000003 5 15
675.0000000000002 3.75 18
675.0000000000002 5 15
700.0000000000003 3.75 15
675.0000000000002 3.75 15
725.0000000000002 5 18
750 3.75 18
750 5 15
725.0000000000002 3.75 18
725.0000000000002 5 15
750 3.75 15
725.0000000000002 3.75 15
775 5 18
799.9999999999999 3.75 18
800 5 15
774.9999999999999 3.75 18
775 5 15
799.9999999999999 3.75 15
774.9999999999999 3.75 15
825.0000000000002 5 18
850.0000000000002 3.75 18
850.0000000000003 5 15
825 3.75 18
825.0000000000002 5 15
850.0000000000002 3.75 15
825.0000000000003 3.75 15
875.0000000000002 5 18
900 3.75 18
900 5 15
875.0000000000002 3.75 18
875.0000000000002 5 15
900 3.75 15
875.0000000000005 3.75 15
925.0000000000002 5 18
950.0000000000005 3.75 18
950.0000000000003 5 15
925.0000000000002 3.75 18
925.0000000000002 5 15
950.0000000000003 3.75 15
925.0000000000002 3.75 15
975.0000000000002 5 18
975.0000000000002 3.75 18
975.0000000000002 5 15
975.0000000000002 3.75 15
24.99999999999999 7.5 18
49.99999999999999 6.25 18
49.99999999999999 7.5 15
25 6.25 18
25 7.5 15
49.99999999999999 6.25 15
25 6.25 15
74.99999999999997 7.5 18
99.99999999999999 6.25 17.99999999999999
99.99999999999999 7.5 15
74.99999999999997 6.25 18
74.99999999999999 7.5 15
99.99999999999999 6.25 15
74.99999999999997 6.25 15
125 7.5 18
150 6.25 18
150 7.5 15
125 6.25 18
125 7.5 15
150 6.25 15
125 6.25 15
174.9999999999999 7.499999999999999 18
200 6.249999999999999 18
200 7.499999999999999 15
175 6.249999999999999 18
175 7.499999999999999 15
200 6.249999999999999 15
175 6.249999999999999 15
225 7.499999999999999 18
250 6.25 18
250 7.5 15
225 6.249999999999999 18
225 7.499999999999999 15
250 6.25 15
225 6.25 15
275 7.500000000000001 18
299.9999999999999 6.250000000000001 18
299.9999999999999 7.500000000000001 15
275 6.250000000000001 18
275 7.500000000000001 15
299.9999999999999 6.250000000000001 15
275 6.250000000000001 15
325.0000000000001 7.500000000000002 18
350.0000000000002 6.250000000000001 17.99999999999999
350.0000000000002 7.500000000000002 15
325.0000000000001 6.250000000000002 18
325.0000000000001 7.500000000000002 15
350.0000000000002 6.250000000000002 15
325.0000000000003 6.250000000000003 15
375.0000000000001 7.500000000000001 18
399.9999999999999 6.25 18
399.9999999999999 7.5 15
375.0000000000001 6.250000000000001 18
375.0000000000001 7.500000000000002 15
399.9999999999999 6.25 15
375 6.250000000000001 15
424.9999999999999 7.5 18
450 6.25 18
450 7.5 15
424.9999999999999 6.25 18
424.9999999999999 7.5 15
450 6.25 15
425 6.25 15
475 7.5 18
500 6.25 18
500 7.5 15
475 6.25 18
475 7.5 15
500 6.25 15
475 6.25 15
525 7.5 18
550 6.25 18
550 7.5 15
525 6.25 18
525 7.5 15
550 6.25 15
525 6.25 15
575 7.5 18
599.9999999999999 6.25 18
599.9999999999999 7.5 15
575 6.25 18
575 7.5 15
599.9999999999999 6.25 15
575 6.25 15
625 7.5 18
650 6.25 18
650 7.5 15
625 6.25 18
625 7.5 15
650 6.25 15
625 6.25 15
675.0000000000002 7.5 18
700.0000000000005 6.25 18
700.0000000000005 7.5 15
675.0000000000002 6.25 18
675.0000000000002 7.5 15
700.0000000000005 6.25 15
675.0000000000002 6.25 15
725.0000000000002 7.5 18
750 6.25 18
750 7.5 15
725.0000000000002 6.25 18
725.0000000000002 7.5 15
750 6.25 15
725.0000000000002 6.25 15
774.9999999999999 7.5 18
799.9999999999999 6.25 18
799.9999999999999 7.5 15
774.9999999999999 6.25 18
774.9999999999999 7.5 15
799.9999999999999 6.25 15
774.9999999999999 6.25 15
825 7.5 18
850.0000000000002 6.25 18
850.0000000000002 7.5 15
825.0000000000002 6.25 18
825 7.5 15
850.0000000000002 6.25 15
825.0000000000002 6.25 15
875.0000000000001 7.5 18
900 6.25 18
900 7.5 15
875.0000000000002 6.25 18
875.0000000000002 7.5 15
900 6.25 15
875.0000000000005 6.25 15
925.0000000000002 7.5 18
950.0000000000005 6.25 18
950.0000000000005 7.5 15
925.0000000000002 6.25 18
925.0000000000002 7.5 15
950.0000000000003 6.25 15
925.0000000000002 6.25 15
975.0000000000002 7.5 18
975.0000000000002 6.25 18
975.0000000000002 7.5 15
975.0000000000002 6.25 15
49.99999999999999 8.75 18
24.99999999999999 8.75 18
50 8.75 15
25 8.75 15
99.99999999999997 8.75 18
74.99999999999997 8.75 18
100 8.75 15
74.99999999999997 8.75 15
150 8.75 18
125 8.75 18
150 8.75 15
125 8.75 15
199.9999999999999 8.75 18
175 8.75 18
200 8.75 15
175.0000000000001 8.75 15
250 8.75 18
225 8.75 18
250 8.75 15
225 8.75 15
300 8.75 18
275 8.75 18
300 8.75 15
275 8.75 15
350.0000000000002 8.75 18
325.0000000000001 8.75 18
350.0000000000002 8.75 15
325.0000000000001 8.75 15
399.9999999999999 8.75 18
375 8.75 18
400 8.75 15
375.0000000000001 8.75 15
450 8.75 18
425 8.75 18
450 8.75 15
425 8.75 15
500 8.75 18
475 8.75 18
500 8.75 15
475 8.75 15
550 8.75 18
525 8.75 18
550 8.75 15
525 8.75 15
600 8.75 18
575 8.75 18
600 8.75 15
575 8.75 15
650 8.75 18
625 8.75 18
650 8.75 15
625 8.75 15
700.0000000000003 8.75 18
675.0000000000001 8.75 18
700.0000000000005 8.75 15
675 8.75 15
750 8.75 18
725.0000000000001 8.75 18
750 8.75 15
725 8.75 15
799.9999999999998 8.75 18
774.9999999999998 8.75 18
800 8.75 15
774.9999999999998 8.75 15
850.0000000000002 8.75 18
825 8.75 18
850.0000000000002 8.75 15
825.0000000000002 8.75 15
900 8.75 18
875 8.75 18
900 8.75 15
875.0000000000002 8.75 15
950.0000000000003 8.75 18
925.0000000000001 8.75 18
950.0000000000005 8.75 15
925 8.75 15
975.0000000000001 8.75 18
975 8.75 15
49.99999999999999 2.5 21.00000000000001
24.99999999999999 2.5 21
49.99999999999999 1.25 21
25 1.25 21.00000000000001
99.99999999999997 2.5 21
74.99999999999997 2.5 21
99.99999999999997 1.25 21
75 1.25 21
150 2.5 21
125 2.5 21
150 1.25 21
125 1.25 21
199.9999999999999 2.5 20.99999999999999
174.9999999999999 2.5 21
199.9999999999999 1.25 21
174.9999999999999 1.25 20.99999999999999
250 2.5 21
224.9999999999999 2.5 21
250 1.25 21
225 1.25 21
300 2.5 21
275 2.5 21
300 1.25 21
275 1.25 21
350.0000000000002 2.5 20.99999999999999
325.0000000000001 2.5 21
350.0000000000001 1.25 21
325.0000000000002 1.25 20.99999999999999
399.9999999999999 2.5 21
375 2.5 21
399.9999999999999 1.25 21
375 1.25 21
450 2.5 21
424.9999999999999 2.5 21
450 1.25 20.99999999999999
424.9999999999999 1.25 20.99999999999999
500 2.5 21
475 2.5 21
500 1.25 21
475 1.25 20.99999999999999
550 2.5 21
525 2.5 21
550 1.25 21
525 1.25 21
600 2.5 21
575 2.5 21
600 1.25 21
575 1.25 21
650 2.5 21
625 2.5 21
650 1.25 21
625 1.25 21
700.0000000000003 2.5 21
675.0000000000001 2.5 21
700.0000000000002 1.25 21
675.0000000000001 1.25 21
750 2.5 21
725.0000000000002 2.5 21
750 1.25 21
725.0000000000005 1.25 21
799.9999999999998 2.5 21
774.9999999999998 2.5 21
799.9999999999998 1.25 21
774.9999999999997 1.25 21
850.0000000000002 2.5 21
825 2.5 21
850.0000000000001 1.25 21
825 1.25 21
900 2.5 21
875.0000000000002 2.5 21
900 1.25 20.99999999999999
875.0000000000001 1.25 20.99999999999999
950.0000000000003 2.5 21
925.0000000000001 2.5 21
950.0000000000002 1.25 21
925.0000000000005 1.25 20.99999999999999
975.0000000000002 2.5 21
975.0000000000005 1.25 21
50 5 21
25 5 21
49.99999999999999 3.75 21
24.99999999999999 3.75 21.00000000000001
100 5 21
75 5 21
99.99999999999997 3.75 21
75 3.75 21
150 5 21
125 5 21
150 3.75 21
125 3.75 21
200 5 21
175 5 21
199.9999999999999 3.75 21
175 3.75 20.99999999999999
250 5 21
225 5 21
250 3.75 21
224.9999999999999 3.75 21
300 5 21
275 5 21
300 3.75 21
275 3.75 21
350.0000000000001 5 21
325.0000000000001 5 21
350.0000000000001 3.75 21
325 3.75 21
400 5 21
375.0000000000001 5 21
399.9999999999999 3.75 21
375 3.75 20.99999999999999
450 5 21
425 5 21
450 3.75 21
424.9999999999999 3.75 20.99999999999999
500 5 21
475 5 21
500 3.75 21
475 3.75 21
550 5 21
525 5 21
550 3.75 21
525 3.75 21
600 5 21
575 5 21
600 3.75 21
575 3.75 21
650 5 21
625 5 21
650 3.75 21
625 3.75 21
700.0000000000002 5 21
675.0000000000001 5 21
700.0000000000002 3.75 21
674.9999999999999 3.75 21
750 5 21
725.0000000000001 5 21
750 3.75 21
725.0000000000005 3.75 21
800 5 21
775 5 21
799.9999999999998 3.75 21
774.9999999999998 3.75 21
850.0000000000002 5 21
825.0000000000001 5 21
850.0000000000002 3.75 21
825.0000000000002 3.75 21
900 5 21
875.0000000000001 5 21
900 3.75 21
875.0000000000002 3.75 20.99999999999999
950.0000000000002 5 21
925.0000000000001 5 21
950.0000000000002 3.75 21
925.0000000000003 3.75 21
975.0000000000001 5 21
975.0000000000005 3.75 21
49.99999999999999 7.500000000000001 21
24.99999999999999 7.5 21
49.99999999999999 6.25 21
24.99999999999999 6.25 21
99.99999999999997 7.5 21
74.99999999999997 7.5 21
99.99999999999997 6.25 20.99999999999999
74.99999999999999 6.25 20.99999999999999
150 7.5 21
125 7.5 21
150 6.25 21
125 6.25 20.99999999999999
199.9999999999999 7.499999999999998 21
174.9999999999999 7.499999999999998 21
199.9999999999999 6.249999999999998 21
174.9999999999999 6.249999999999998 21
250 7.5 21
224.9999999999999 7.499999999999998 21
250 6.25 21
224.9999999999999 6.249999999999998 21
300 7.500000000000002 21
275 7.500000000000002 21
300 6.250000000000002 21
275 6.250000000000002 21
350.0000000000002 7.500000000000002 21
325.0000000000001 7.500000000000002 21
350.0000000000001 6.250000000000002 20.99999999999999
325 6.250000000000003 20.99999999999999
399.9999999999999 7.5 21
375 7.500000000000002 21
399.9999999999999 6.25 21
375 6.250000000000002 20.99999999999999
450 7.5 21
424.9999999999999 7.5 21
450 6.25 21
424.9999999999999 6.25 21
500 7.5 21
475 7.5 21
500 6.25 21
475 6.25 21
550 7.5 21
525 7.5 21
550 6.25 21
525 6.25 21
600 7.5 21
575 7.5 21
600 6.25 21
575 6.25 21
650 7.5 21
625 7.5 21
650 6.25 21
625 6.25 21
700.0000000000003 7.5 21
675.0000000000002 7.5 21
700.0000000000002 6.25 21
675 6.25 21
750 7.5 21
725.0000000000002 7.5 21
750 6.25 21
725.0000000000005 6.25 21
799.9999999999998 7.5 21
774.9999999999998 7.5 21
799.9999999999998 6.25 21
774.9999999999998 6.25 21
850.0000000000002 7.5 21
825 7.5 21
850.0000000000002 6.25 21
825.0000000000002 6.25 21
900 7.5 21
875.0000000000002 7.5 21
900 6.25 21
875.0000000000002 6.25 21
950.0000000000003 7.5 21
925.0000000000001 7.5 21
950.0000000000002 6.25 21
925.0000000000005 6.25 21
975.0000000000002 7.5 21
975.0000000000005 6.25 21
49.99999999999999 8.75 21
25 8.75 21
99.99999999999997 8.75 21
74.99999999999999 8.75 21
150 8.75 21
125 8.75 21
199.9999999999999 8.75 21
174.9999999999999 8.75 21
250 8.75 21
225 8.75 21
300.0000000000001 8.75 21
275 8.75 21
350.0000000000002 8.75 21
325.0000000000002 8.75 20.99999999999999
399.9999999999999 8.75 21
374.9999999999999 8.75 21
450 8.75 21
424.9999999999999 8.75 21
500 8.75 21
475 8.75 21
550 8.75 21
525 8.75 21
600.0000000000001 8.75 21
575 8.75 21
650 8.75 21
625 8.75 21
700.0000000000003 8.75 21
675.0000000000002 8.75 21
750 8.75 21
725.0000000000002 8.75 21
799.9999999999998 8.75 21
774.9999999999997 8.75 21
850.0000000000002 8.75 21
825.0000000000001 8.75 21
900 8.75 21
875.0000000000001 8.75 21
950.0000000000003 8.75 21
925.0000000000005 8.75 21
975.0000000000002 8.75 21
$EndNodes
$Elements
7 672 1 672
2 1 10 16
1 2 9 221 30 12 230 231 33 232 
2 30 221 222 31 231 233 234 34 235 
3 31 222 223 32 234 236 237 35 238 
4 32 223 23 4 237 239 26 36 240 
5 9 10 224 221 13 241 242 230 243 
6 221 224 225 222 242 244 245 233 246 
7 222 225 226 223 245 247 248 236 249 
8 223 226 24 23 248 250 27 239 251 
9 10 11 227 224 14 252 253 241 254 
10 224 227 228 225 253 255 256 244 257 
11 225 228 229 226 256 258 259 247 260 
12 226 229 25 24 259 261 28 250 262 
13 11 1 16 227 15 19 263 252 264 
14 227 16 17 228 263 20 265 255 266 
15 228 17 18 229 265 21 267 258 268 
16 229 18 3 25 267 22 29 261 269 
2 2 10 16
17 6 58 270 37 61 279 280 40 281 
18 58 59 271 270 62 282 283 279 284 
19 59 60 272 271 63 285 286 282 287 
20 60 8 51 272 64 54 288 285 289 
21 37 270 273 38 280 290 291 41 292 
22 270 271 274 273 283 293 294 290 295 
23 271 272 275 274 286 296 297 293 298 
24 272 51 52 275 288 55 299 296 300 
25 38 273 276 39 291 301 302 42 303 
26 273 274 277 276 294 304 305 301 306 
27 274 275 278 277 297 307 308 304 309 
28 275 52 53 278 299 56 310 307 311 
29 39 276 44 5 302 312 47 43 313 
30 276 277 45 44 305 314 48 312 315 
31 277 278 46 45 308 316 49 314 317 
32 278 53 7 46 310 57 50 316 318 
2 3 10 80
33 2 65 319 9 84 376 377 12 378 
34 9 319 320 10 377 379 380 13 381 
35 10 320 321 11 380 382 383 14 384 
36 11 321 104 1 383 385 123 15 386 
37 65 66 322 319 85 387 388 376 389 
38 319 322 323 320 388 390 391 379 392 
39 320 323 324 321 391 393 394 382 395 
40 321 324 105 104 394 396 124 385 397 
41 66 67 325 322 86 398 399 387 400 
42 322 325 326 323 399 401 402 390 403 
43 323 326 327 324 402 404 405 393 406 
44 324 327 106 105 405 407 125 396 408 
45 67 68 328 325 87 409 410 398 411 
46 325 328 329 326 410 412 413 401 414 
47 326 329 330 327 413 415 416 404 417 
48 327 330 107 106 416 418 126 407 419 
49 68 69 331 328 88 420 421 409 422 
50 328 331 332 329 421 423 424 412 425 
51 329 332 333 330 424 426 427 415 428 
52 330 333 108 107 427 429 127 418 430 
53 69 70 334 331 89 431 432 420 433 
54 331 334 335 332 432 434 435 423 436 
55 332 335 336 333 435 437 438 426 439 
56 333 336 109 108 438 440 128 429 441 
57 70 71 337 334 90 442 443 431 444 
58 334 337 338 335 443 445 446 434 447 
59 335 338 339 336 446 448 449 437 450 
60 336 339 110 109 449 451 129 440 452 
61 71 72 340 337 91 453 454 442 455 
62 337 340 341 338 454 456 457 445 458 
63 338 341 342 339 457 459 460 448 461 
64 339 342 111 110 460 462 130 451 463 
65 72 73 343 340 92 464 465 453 466 
66 340 343 344 341 465 467 468 456 469 
67 341 344 345 342 468 470 471 459 472 
68 342 345 112 111 471 473 131 462 474 
69 73 74 346 343 93 475 476 464 477 
70 343 346 347 344 476 478 479 467 480 
71 344 347 348 345 479 481 482 470 483 
72 345 348 113 112 482 484 132 473 485 
73 74 75 349 346 94 486 487 475 488 
74 346 349 350 347 487 489 490 478 491 
75 347 350 351 348 490 492 493 481 494 
76 348 351 114 113 493 495 133 484 496 
77 75 76 352 349 95 497 498 486 499 
78 349 352 353 350 498 500 501 489 502 
79 350 353 354 351 501 503 504 492 505 
80 351 354 115 114 504 506 134 495 507 
81 76 77 355 352 96 508 509 497 510 
82 352 355 356 353 509 511 512 500 513 
83 353 356 357 354 512 514 515 503 516 
84 354 357 116 115 515 517 135 506 518 
85 77 78 358 355 97 519 520 508 521 
86 355 358 359 356 520 522 523 511 524 
87 356 359 360 357 523 525 526 514 527 
88 357 360 117 116 526 528 136 517 529 
89 78 79 361 358 98 530 531 519 532 
90 358 361 362 359 531 533 534 522 535 
91 359 362 363 360 534 536 537 525 538 
92 360 363 118 117 537 539 137 528 540 
93 79 80 364 361 99 541 542 530 543 
94 361 364 365 362 542 544 545 533 546 
95 362 365 366 363 545 547 548 536 549 
96 363 366 119 118 548 550 138 539 551 
97 80 81 367 364 100 552 553 541 554 
98 364 367 368 365 553 555 556 544 557 
99 365 368 369 366 556 558 559 547 560 
100 366 369 120 119 559 561 139 550 562 
101 81 82 370 367 101 563 564 552 565 
102 367 370 371 368 564 566 567 555 568 
103 368 371 372 369 567 569 570 558 571 
104 369 372 121 120 570 572 140 561 573 
105 82 83 373 370 102 574 575 563 576 
106 370 373 374 371 575 577 578 566 579 
107 371 374 375 372 578 580 581 569 582 
108 372 375 122 121 581 583 141 572 584 
109 83 6 37 373 103 40 585 574 586 
110 373 37 38 374 585 41 587 577 588 
111 374 38 39 375 587 42 589 580 590 
112 375 39 5 122 589 43 142 583 591 
2 4 10 80
113 4 23 592 143 26 649 650 162 651 
114 23 24 593 592 27 652 653 649 654 
115 24 25 594 593 28 655 656 652 657 
116 25 3 182 594 29 201 658 655 659 
117 143 592 595 144 650 660 661 163 662 
118 592 593 596 595 653 663 664 660 665 
119 593 594 597 596 656 666 667 663 668 
120 594 182 183 597 658 202 669 666 670 
121 144 595 598 145 661 671 672 164 673 
122 595 596 599 598 664 674 675 671 676 
123 596 597 600 599 667 677 678 674 679 
124 597 183 184 600 669 203 680 677 681 
125 145 598 601 146 672 682 683 165 684 
126 598 599 602 601 675 685 686 682 687 
127 599 600 603 602 678 688 689 685 690 
128 600 184 185 603 680 204 691 688 692 
129 146 601 604 147 683 693 694 166 695 
130 601 602 605 604 686 696 697 693 698 
131 602 603 606 605 689 699 700 696 701 
132 603 185 186 606 691 205 702 699 703 
133 147 604 607 148 694 704 705 167 706 
134 604 605 608 607 697 707 708 704 709 
135 605 606 609 608 700 710 711 707 712 
136 606 186 187 609 702 206 713 710 714 
137 148 607 610 149 705 715 716 168 717 
138 607 608 611 610 708 718 719 715 720 
139 608 609 612 611 711 721 722 718 723 
140 609 187 188 612 713 207 724 721 725 
141 149 610 613 150 716 726 727 169 728 
142 610 611 614 613 719 729 730 726 731 
143 611 612 615 614 722 732 733 729 734 
144 612 188 189 615 724 208 735 732 736 
145 150 613 616 151 727 737 738 170 739 
146 613 614 617 616 730 740 741 737 742 
147 614 615 618 617 733 743 744 740 745 
148 615 189 190 618 735 209 746 743 747 
149 151 616 619 152 738 748 749 171 750 
150 616 617 620 619 741 751 752 748 753 
151 617 618 621 620 744 754 755 751 756 
152 618 190 191 621 746 210 757 754 758 
153 152 619 622 153 749 759 760 172 761 
154 619 620 623 622 752 762 763 759 764 
155 620 621 624 623 755 765 766 762 767 
156 621 191 192 624 757 211 768 765 769 
157 153 622 625 154 760 770 771 173 772 
158 622 623 626 625 763 773 774 770 775 
159 623 624 627 626 766 776 777 773 778 
160 624 192 193 627 768 212 779 776 780 
161 154 625 628 155 771 781 782 174 783 
162 625 626 629 628 774 784 785 781 786 
163 626 627 630 629 777 787 788 784 789 
164 627 193 194 630 779 213 790 787 791 
165 155 628 631 156 782 792 793 175 794 
166 628 629 632 631 785 795 796 792 797 
167 629 630 633 632 788 798 799 795 800 
168 630 194 195 633 790 214 801 798 802 
169 156 631 634 157 793 803 804 176 805 
170 631 632 635 634 796 806 807 803 808 
171 632 633 636 635 799 809 810 806 811 
172 633 195 196 636 801 215 812 809 813 
173 157 634 637 158 804 814 815 177 816 
174 634 635 638 637 807 817 818 814 819 
175 635 636 639 638 810 820 821 817 822 
176 636 196 197 639 812 216 823 820 824 
177 158 637 640 159 815 825 826 178 827 
178 637 638 641 640 818 828 829 825 830 
179 638 639 642 641 821 831 832 828 833 
180 639 197 198 642 823 217 834 831 835 
181 159 640 643 160 826 836 837 179 838 
182 640 641 644 643 829 839 840 836 841 
183 641 642 645 644 832 842 843 839 844 
184 642 198 199 645 834 218 845 842 846 
185 160 643 646 161 837 847 848 180 849 
186 643 644 647 646 840 850 851 847 852 
187 644 645 648 647 843 853 854 850 855 
188 645 199 200 648 845 219 856 853 857 
189 161 646 51 8 848 858 54 181 859 
190 646 647 52 51 851 860 55 858 861 
191 647 648 53 52 854 862 56 860 863 
192 648 200 7 53 856 220 57 862 864 
2 5 10 80
193 2 30 865 65 33 922 923 84 924 
194 65 865 866 66 923 925 926 85 927 
195 66 866 867 67 926 928 929 86 930 
196 67 867 868 68 929 931 932 87 933 
197 68 868 869 69 932 934 935 88 936 
198 69 869 870 70 935 937 938 89 939 
199 70 870 871 71 938 940 941 90 942 
200 71 871 872 72 941 943 944 91 945 
201 72 872 873 73 944 946 947 92 948 
202 73 873 874 74 947 949 950 93 951 
203 74 874 875 75 950 952 953 94 954 
204 75 875 876 76 953 955 956 95 957 
205 76 876 877 77 956 958 959 96 960 
206 77 877 878 78 959 961 962 97 963 
207 78 878 879 79 962 964 965 98 966 
208 79 879 880 80 965 967 968 99 969 
209 80 880 881 81 968 970 971 100 972 
210 81 881 882 82 971 973 974 101 975 
211 82 882 883 83 974 976 977 102 978 
212 83 883 58 6 977 979 61 103 980 
213 30 31 884 865 34 981 982 922 983 
214 865 884 885 866 982 984 985 925 986 
215 866 885 886 867 985 987 988 928 989 
216 867 886 887 868 988 990 991 931 992 
217 868 887 888 869 991 993 994 934 995 
218 869 888 889 870 994 996 997 937 998 
219 870 889 890 871 997 999 1000 940 1001 
220 871 890 891 872 1000 1002 1003 943 1004 
221 872 891 892 873 1003 1005 1006 946 1007 
222 873 892 893 874 1006 1008 1009 949 1010 
223 874 893 894 875 1009 1011 1012 952 1013 
224 875 894 895 876 1012 1014 1015 955 1016 
225 876 895 896 877 1015 1017 1018 958 1019 
226 877 896 897 878 1018 1020 1021 961 1022 
227 878 897 898 879 1021 1023 1024 964 1025 
228 879 898 899 880 1024 1026 1027 967 1028 
229 880 899 900 881 1027 1029 1030 970 1031 
230 881 900 901 882 1030 1032 1033 973 1034 
231 882 901 902 883 1033 1035 1036 976 1037 
232 883 902 59 58 1036 1038 62 979 1039 
233 31 32 903 884 35 1040 1041 981 1042 
234 884 903 904 885 1041 1043 1044 984 1045 
235 885 904 905 886 1044 1046 1047 987 1048 
236 886 905 906 887 1047 1049 1050 990 1051 
237 887 906 907 888 1050 1052 1053 993 1054 
238 888 907 908 889 1053 1055 1056 996 1057 
239 889 908 909 890 1056 1058 1059 999 1060 
240 890 909 910 891 1059 1061 1062 1002 1063 
241 891 910 911 892 1062 1064 1065 1005 1066 
242 892 911 912 893 1065 1067 1068 1008 1069 
243 893 912 913 894 1068 1070 1071 1011 1072 
244 894 913 914 895 1071 1073 1074 1014 1075 
245 895 914 915 896 1074 1076 1077 1017 1078 
246 896 915 916 897 1077 1079 1080 1020 1081 
247 897 916 917 898 1080 1082 1083 1023 1084 
248 898 917 918 899 1083 1085 1086 1026 1087 
249 899 918 919 900 1086 1088 1089 1029 1090 
250 900 919 920 901 1089 1091 1092 1032 1093 
251 901 920 921 902 1092 1094 1095 1035 1096 
252 902 921 60 59 1095 1097 63 1038 1098 
253 32 4 143 903 36 162 1099 1040 1100 
254 903 143 144 904 1099 163 1101 1043 1102 
255 904 144 145 905 1101 164 1103 1046 1104 
256 905 145 146 906 1103 165 1105 1049 1106 
257 906 146 147 907 1105 166 1107 1052 1108 
258 907 147 148 908 1107 167 1109 1055 1110 
259 908 148 149 909 1109 168 1111 1058 1112 
260 909 149 150 910 1111 169 1113 1061 1114 
261 910 150 151 911 1113 170 1115 1064 1116 
262 911 151 152 912 1115 171 1117 1067 1118 
263 912 152 153 913 1117 172 1119 1070 1120 
264 913 153 154 914 1119 173 1121 1073 1122 
265 914 154 155 915 1121 174 1123 1076 1124 
266 915 155 156 916 1123 175 1125 1079 1126 
267 916 156 157 917 1125 176 1127 1082 1128 
268 917 157 158 918 1127 177 1129 1085 1130 
269 918 158 159 919 1129 178 1131 1088 1132 
270 919 159 160 920 1131 179 1133 1091 1134 
271 920 160 161 921 1133 180 1135 1094 1136 
272 921 161 8 60 1135 181 64 1097 1137 
2 6 10 80
273 1 104 1138 16 123 1195 1196 19 1197 
274 104 105 1139 1138 124 1198 1199 1195 1200 
275 105 106 1140 1139 125 1201 1202 1198 1203 
276 106 107 1141 1140 126 1204 1205 1201 1206 
277 107 108 1142 1141 127 1207 1208 1204 1209 
278 108 109 1143 1142 128 1210 1211 1207 1212 
279 109 110 1144 1143 129 1213 1214 1210 1215 
280 110 111 1145 1144 130 1216 1217 1213 1218 
281 111 112 1146 1145 131 1219 1220 1216 1221 
282 112 113 1147 1146 132 1222 1223 1219 1224 
283 113 114 1148 1147 133 1225 1226 1222 1227 
284 114 115 1149 1148 134 1228 1229 1225 1230 
285 115 116 1150 1149 135 1231 1232 1228 1233 
286 116 117 1151 1150 136 1234 1235 1231 1236 
287 117 118 1152 1151 137 1237 1238 1234 1239 
288 118 119 1153 1152 138 1240 1241 1237 1242 
289 119 120 1154 1153 139 1243 1244 1240 1245 
290 120 121 1155 1154 140 1246 1247 1243 1248 
291 121 122 1156 1155 141 1249 1250 1246 1251 
292 122 5 44 1156 142 47 1252 1249 1253 
293 16 1138 1157 17 1196 1254 1255 20 1256 
294 1138 1139 1158 1157 1199 1257 1258 1254 1259 
295 1139 1140 1159 1158 1202 1260 1261 1257 1262 
296 1140 1141 1160 1159 1205 1263 1264 1260 1265 
297 1141 1142 1161 1160 1208 1266 1267 1263 1268 
298 1142 1143 1162 1161 1211 1269 1270 1266 1271 
299 1143 1144 1163 1162 1214 1272 1273 1269 1274 
300 1144 1145 1164 1163 1217 1275 1276 1272 1277 
301 1145 1146 1165 1164 1220 1278 1279 1275 1280 
302 1146 1147 1166 1165 1223 1281 1282 1278 1283 
303 1147 1148 1167 1166 1226 1284 1285 1281 1286 
304 1148 1149 1168 1167 1229 1287 1288 1284 1289 
305 1149 1150 1169 1168 1232 1290 1291 1287 1292 
306 1150 1151 1170 1169 1235 1293 1294 1290 1295 
307 1151 1152 1171 1170 1238 1296 1297 1293 1298 
308 1152 1153 1172 1171 1241 1299 1300 1296 1301 
309 1153 1154 1173 1172 1244 1302 1303 1299 1304 
310 1154 1155 1174 1173 1247 1305 1306 1302 1307 
311 1155 1156 1175 1174 1250 1308 1309 1305 1310 
312 1156 44 45 1175 1252 48 1311 1308 1312 
313 17 1157 1176 18 1255 1313 1314 21 1315 
314 1157 1158 1177 1176 1258 1316 1317 1313 1318 
315 1158 1159 1178 1177 1261 1319 1320 1316 1321 
316 1159 1160 1179 1178 1264 1322 1323 1319 1324 
317 1160 1161 1180 1179 1267 1325 1326 1322 1327 
318 1161 1162 1181 1180 1270 1328 1329 1325 1330 
319 1162 1163 1182 1181 1273 1331 1332 1328 1333 
320 1163 1164 1183 1182 1276 1334 1335 1331 1336 
321 1164 1165 1184 1183 1279 1337 1338 1334 1339 
322 1165 1166 1185 1184 1282 1340 1341 1337 1342 
323 1166 1167 1186 1185 1285 1343 1344 1340 1345 
324 1167 1168 1187 1186 1288 1346 1347 1343 1348 
325 1168 1169 1188 1187 1291 1349 1350 1346 1351 
326 1169 1170 1189 1188 1294 1352 1353 1349 1354 
327 1170 1171 1190 1189 1297 1355 1356 1352 1357 
328 1171 1172 1191 1190 1300 1358 1359 1355 1360 
329 1172 1173 1192 1191 1303 1361 1362 1358 1363 
330 1173 1174 1193 1192 1306 1364 1365 1361 1366 
331 1174 1175 1194 1193 1309 1367 1368 1364 1369 
332 1175 45 46 1194 1311 49 1370 1367 1371 
333 18 1176 182 3 1314 1372 201 22 1373 
334 1176 1177 183 182 1317 1374 202 1372 1375 
335 1177 1178 184 183 1320 1376 203 1374 1377 
336 1178 1179 185 184 1323 1378 204 1376 1379 
337 1179 1180 186 185 1326 1380 205 1378 1381 
338 1180 1181 187 186 1329 1382 206 1380 1383 
339 1181 1182 188 187 1332 1384 207 1382 1385 
340 1182 1183 189 188 1335 1386 208 1384 1387 
341 1183 1184 190 189 1338 1388 209 1386 1389 
342 1184 1185 191 190 1341 1390 210 1388 1391 
343 1185 1186 192 191 1344 1392 211 1390 1393 
344 1186 1187 193 192 1347 1394 212 1392 1395 
345 1187 1188 194 193 1350 1396 213 1394 1397 
346 1188 1189 195 194 1353 1398 214 1396 1399 
347 1189 1190 196 195 1356 1400 215 1398 1401 
348 1190 1191 197 196 1359 1402 216 1400 1403 
349 1191 1192 198 197 1362 1404 217 1402 1405 
350 1192 1193 199 198 1365 1406 218 1404 1407 
351 1193 1194 200 199 1368 1408 219 1406 1409 
352 1194 46 7 200 1370 50 220 1408 1410 
3 1 12 320
353 221 9 2 30 1411 319 65 865 230 231 1582 12 377 33 84 922 1583 1584 376 923 232 1585 1586 378 924 1587 1588 
354 1411 319 65 865 1412 322 66 866 1583 1584 1589 376 388 923 85 925 1590 1591 387 926 1587 1592 1593 389 927 1594 1595 
355 1412 322 66 866 1413 325 67 867 1590 1591 1596 387 399 926 86 928 1597 1598 398 929 1594 1599 1600 400 930 1601 1602 
356 1413 325 67 867 1414 328 68 868 1597 1598 1603 398 410 929 87 931 1604 1605 409 932 1601 1606 1607 411 933 1608 1609 
357 1414 328 68 868 1415 331 69 869 1604 1605 1610 409 421 932 88 934 1611 1612 420 935 1608 1613 1614 422 936 1615 1616 
358 1415 331 69 869 1416 334 70 870 1611 1612 1617 420 432 935 89 937 1618 1619 431 938 1615 1620 1621 433 939 1622 1623 
359 1416 334 70 870 1417 337 71 871 1618 1619 1624 431 443 938 90 940 1625 1626 442 941 1622 1627 1628 444 942 1629 1630 
360 1417 337 71 871 1418 340 72 872 1625 1626 1631 442 454 941 91 943 1632 1633 453 944 1629 1634 1635 455 945 1636 1637 
361 1418 340 72 872 1419 343 73 873 1632 1633 1638 453 465 944 92 946 1639 1640 464 947 1636 1641 1642 466 948 1643 1644 
362 1419 343 73 873 1420 346 74 874 1639 1640 1645 464 476 947 93 949 1646 1647 475 950 1643 1648 1649 477 951 1650 1651 
363 1420 346 74 874 1421 349 75 875 1646 1647 1652 475 487 950 94 952 1653 1654 486 953 1650 1655 1656 488 954 1657 1658 
364 1421 349 75 875 1422 352 76 876 1653 1654 1659 486 498 953 95 955 1660 1661 497 956 1657 1662 1663 499 957 1664 1665 
365 1422 352 76 876 1423 355 77 877 1660 1661 1666 497 509 956 96 958 1667 1668 508 959 1664 1669 1670 510 960 1671 1672 
366 1423 355 77 877 1424 358 78 878 1667 1668 1673 508 520 959 97 961 1674 1675 519 962 1671 1676 1677 521 963 1678 1679 
367 1424 358 78 878 1425 361 79 879 1674 1675 1680 519 531 962 98 964 1681 1682 530 965 1678 1683 1684 532 966 1685 1686 
368 1425 361 79 879 1426 364 80 880 1681 1682 1687 530 542 965 99 967 1688 1689 541 968 1685 1690 1691 543 969 1692 1693 
369 1426 364 80 880 1427 367 81 881 1688 1689 1694 541 553 968 100 970 1695 1696 552 971 1692 1697 1698 554 972 1699 1700 
370 1427 367 81 881 1428 370 82 882 1695 1696 1701 552 564 971 101 973 1702 1703 563 974 1699 1704 1705 565 975 1706 1707 
371 1428 370 82 882 1429 373 83 883 1702 1703 1708 563 575 974 102 976 1709 1710 574 977 1706 1711 1712 576 978 1713 1714 
372 1429 373 83 883 270 37 6 58 1709 1710 1715 574 585 977 103 979 280 279 40 61 1713 1716 1717 586 980 281 1718 
373 222 221 30 31 1430 1411 865 884 233 234 1719 231 1582 34 922 981 1720 1721 1584 982 235 1722 1723 1586 983 1724 1725 
374 1430 1411 865 884 1431 1412 866 885 1720 1721 1726 1584 1589 982 925 984 1727 1728 1591 985 1724 1729 1730 1593 986 1731 1732 
375 1431 1412 866 885 1432 1413 867 886 1727 1728 1733 1591 1596 985 928 987 1734 1735 1598 988 1731 1736 1737 1600 989 1738 1739 
376 1432 1413 867 886 1433 1414 868 887 1734 1735 1740 1598 1603 988 931 990 1741 1742 1605 991 1738 1743 1744 1607 992 1745 1746 
377 1433 1414 868 887 1434 1415 869 888 1741 1742 1747 1605 1610 991 934 993 1748 1749 1612 994 1745 1750 1751 1614 995 1752 1753 
378 1434 1415 869 888 1435 1416 870 889 1748 1749 1754 1612 1617 994 937 996 1755 1756 1619 997 1752 1757 1758 1621 998 1759 1760 
379 1435 1416 870 889 1436 1417 871 890 1755 1756 1761 1619 1624 997 940 999 1762 1763 1626 1000 1759 1764 1765 1628 1001 1766 1767 
380 1436 1417 871 890 1437 1418 872 891 1762 1763 1768 1626 1631 1000 943 1002 1769 1770 1633 1003 1766 1771 1772 1635 1004 1773 1774 
381 1437 1418 872 891 1438 1419 873 892 1769 1770 1775 1633 1638 1003 946 1005 1776 1777 1640 1006 1773 1778 1779 1642 1007 1780 1781 
382 1438 1419 873 892 1439 1420 874 893 1776 1777 1782 1640 1645 1006 949 1008 1783 1784 1647 1009 1780 1785 1786 1649 1010 1787 1788 
383 1439 1420 874 893 1440 1421 875 894 1783 1784 1789 1647 1652 1009 952 1011 1790 1791 1654 1012 1787 1792 1793 1656 1013 1794 1795 
384 1440 1421 875 894 1441 1422 876 895 1790 1791 1796 1654 1659 1012 955 1014 1797 1798 1661 1015 1794 1799 1800 1663 1016 1801 1802 
385 1441 1422 876 895 1442 1423 877 896 1797 1798 1803 1661 1666 1015 958 1017 1804 1805 1668 1018 1801 1806 1807 1670 1019 1808 1809 
386 1442 1423 877 896 1443 1424 878 897 1804 1805 1810 1668 1673 1018 961 1020 1811 1812 1675 1021 1808 1813 1814 1677 1022 1815 1816 
387 1443 1424 878 897 1444 1425 879 898 1811 1812 1817 1675 1680 1021 964 1023 1818 1819 1682 1024 1815 1820 1821 1684 1025 1822 1823 
388 1444 1425 879 898 1445 1426 880 899 1818 1819 1824 1682 1687 1024 967 1026 1825 1826 1689 1027 1822 1827 1828 1691 1028 1829 1830 
389 1445 1426 880 899 1446 1427 881 900 1825 1826 1831 1689 1694 1027 970 1029 1832 1833 1696 1030 1829 1834 1835 1698 1031 1836 1837 
390 1446 1427 881 900 1447 1428 882 901 1832 1833 1838 1696 1701 1030 973 1032 1839 1840 1703 1033 1836 1841 1842 1705 1034 1843 1844 
391 1447 1428 882 901 1448 1429 883 902 1839 1840 1845 1703 1708 1033 976 1035 1846 1847 1710 1036 1843 1848 1849 1712 1037 1850 1851 
392 1448 1429 883 902 271 270 58 59 1846 1847 1852 1710 1715 1036 979 1038 283 282 279 62 1850 1853 1854 1717 1039 284 1855 
393 223 222 31 32 1449 1430 884 903 236 237 1856 234 1719 35 981 1040 1857 1858 1721 1041 238 1859 1860 1723 1042 1861 1862 
394 1449 1430 884 903 1450 1431 885 904 1857 1858 1863 1721 1726 1041 984 1043 1864 1865 1728 1044 1861 1866 1867 1730 1045 1868 1869 
395 1450 1431 885 904 1451 1432 886 905 1864 1865 1870 1728 1733 1044 987 1046 1871 1872 1735 1047 1868 1873 1874 1737 1048 1875 1876 
396 1451 1432 886 905 1452 1433 887 906 1871 1872 1877 1735 1740 1047 990 1049 1878 1879 1742 1050 1875 1880 1881 1744 1051 1882 1883 
397 1452 1433 887 906 1453 1434 888 907 1878 1879 1884 1742 1747 1050 993 1052 1885 1886 1749 1053 1882 1887 1888 1751 1054 1889 1890 
398 1453 1434 888 907 1454 1435 889 908 1885 1886 1891 1749 1754 1053 996 1055 1892 1893 1756 1056 1889 1894 1895 1758 1057 1896 1897 
399 1454 1435 889 908 1455 1436 890 909 1892 1893 1898 1756 1761 1056 999 1058 1899 1900 1763 1059 1896 1901 1902 1765 1060 1903 1904 
400 1455 1436 890 909 1456 1437 891 910 1899 1900 1905 1763 1768 1059 1002 1061 1906 1907 1770 1062 1903 1908 1909 1772 1063 1910 1911 
401 1456 1437 891 910 1457 1438 892 911 1906 1907 1912 1770 1775 1062 1005 1064 1913 1914 1777 1065 1910 1915 1916 1779 1066 1917 1918 
402 1457 1438 892 911 1458 1439 893 912 1913 1914 1919 1777 1782 1065 1008 1067 1920 1921 1784 1068 1917 1922 1923 1786 1069 1924 1925 
403 1458 1439 893 912 1459 1440 894 913 1920 1921 1926 1784 1789 1068 1011 1070 1927 1928 1791 1071 1924 1929 1930 1793 1072 1931 1932 
404 1459 1440 894 913 1460 1441 895 914 1927 1928 1933 1791 1796 1071 1014 1073 1934 1935 1798 1074 1931 1936 1937 1800 1075 1938 1939 
405 1460 1441 895 914 1461 1442 896 915 1934 1935 1940 1798 1803 1074 1017 1076 1941 1942 1805 1077 1938 1943 1944 1807 1078 1945 1946 
406 1461 1442 896 915 1462 1443 897 916 1941 1942 1947 1805 1810 1077 1020 1079 1948 1949 1812 1080 1945 1950 1951 1814 1081 1952 1953 
407 1462 1443 897 916 1463 1444 898 917 1948 1949 1954 1812 1817 1080 1023 1082 1955 1956 1819 1083 1952 1957 1958 1821 1084 1959 1960 
408 1463 1444 898 917 1464 1445 899 918 1955 1956 1961 1819 1824 1083 1026 1085 1962 1963 1826 1086 1959 1964 1965 1828 1087 1966 1967 
409 1464 1445 899 918 1465 1446 900 919 1962 1963 1968 1826 1831 1086 1029 1088 1969 1970 1833 1089 1966 1971 1972 1835 1090 1973 1974 
410 1465 1446 900 919 1466 1447 901 920 1969 1970 1975 1833 1838 1089 1032 1091 1976 1977 1840 1092 1973 1978 1979 1842 1093 1980 1981 
411 1466 1447 901 920 1467 1448 902 921 1976 1977 1982 1840 1845 1092 1035 1094 1983 1984 1847 1095 1980 1985 1986 1849 1096 1987 1988 
412 1467 1448 902 921 272 271 59 60 1983 1984 1989 1847 1852 1095 1038 1097 286 285 282 63 1987 1990 1991 1854 1098 287 1992 
413 23 223 32 4 592 1449 903 143 239 26 649 237 1856 36 1040 162 1993 650 1858 1099 240 1994 651 1860 1100 1995 1996 
414 592 1449 903 143 595 1450 904 144 1993 650 660 1858 1863 1099 1043 163 1997 661 1865 1101 1995 1998 662 1867 1102 1999 2000 
415 595 1450 904 144 598 1451 905 145 1997 661 671 1865 1870 1101 1046 164 2001 672 1872 1103 1999 2002 673 1874 1104 2003 2004 
416 598 1451 905 145 601 1452 906 146 2001 672 682 1872 1877 1103 1049 165 2005 683 1879 1105 2003 2006 684 1881 1106 2007 2008 
417 601 1452 906 146 604 1453 907 147 2005 683 693 1879 1884 1105 1052 166 2009 694 1886 1107 2007 2010 695 1888 1108 2011 2012 
418 604 1453 907 147 607 1454 908 148 2009 694 704 1886 1891 1107 1055 167 2013 705 1893 1109 2011 2014 706 1895 1110 2015 2016 
419 607 1454 908 148 610 1455 909 149 2013 705 715 1893 1898 1109 1058 168 2017 716 1900 1111 2015 2018 717 1902 1112 2019 2020 
420 610 1455 909 149 613 1456 910 150 2017 716 726 1900 1905 1111 1061 169 2021 727 1907 1113 2019 2022 728 1909 1114 2023 2024 
421 613 1456 910 150 616 1457 911 151 2021 727 737 1907 1912 1113 1064 170 2025 738 1914 1115 2023 2026 739 1916 1116 2027 2028 
422 616 1457 911 151 619 1458 912 152 2025 738 748 1914 1919 1115 1067 171 2029 749 1921 1117 2027 2030 750 1923 1118 2031 2032 
423 619 1458 912 152 622 1459 913 153 2029 749 759 1921 1926 1117 1070 172 2033 760 1928 1119 2031 2034 761 1930 1120 2035 2036 
424 622 1459 913 153 625 1460 914 154 2033 760 770 1928 1933 1119 1073 173 2037 771 1935 1121 2035 2038 772 1937 1122 2039 2040 
425 625 1460 914 154 628 1461 915 155 2037 771 781 1935 1940 1121 1076 174 2041 782 1942 1123 2039 2042 783 1944 1124 2043 2044 
426 628 1461 915 155 631 1462 916 156 2041 782 792 1942 1947 1123 1079 175 2045 793 1949 1125 2043 2046 794 1951 1126 2047 2048 
427 631 1462 916 156 634 1463 917 157 2045 793 803 1949 1954 1125 1082 176 2049 804 1956 1127 2047 2050 805 1958 1128 2051 2052 
428 634 1463 917 157 637 1464 918 158 2049 804 814 1956 1961 1127 1085 177 2053 815 1963 1129 2051 2054 816 1965 1130 2055 2056 
429 637 1464 918 158 640 1465 919 159 2053 815 825 1963 1968 1129 1088 178 2057 826 1970 1131 2055 2058 827 1972 1132 2059 2060 
430 640 1465 919 159 643 1466 920 160 2057 826 836 1970 1975 1131 1091 179 2061 837 1977 1133 2059 2062 838 1979 1134 2063 2064 
431 643 1466 920 160 646 1467 921 161 2061 837 847 1977 1982 1133 1094 180 2065 848 1984 1135 2063 2066 849 1986 1136 2067 2068 
432 646 1467 921 161 51 272 60 8 2065 848 858 1984 1989 1135 1097 181 288 54 285 64 2067 2069 859 1991 1137 289 2070 
433 224 10 9 221 1468 320 319 1411 241 242 2071 13 380 230 377 1582 2072 2073 379 1583 243 2074 2075 381 1585 2076 2077 
434 1468 320 319 1411 1469 323 322 1412 2072 2073 2078 379 391 1583 388 1589 2079 2080 390 1590 2076 2081 2082 392 1592 2083 2084 
435 1469 323 322 1412 1470 326 325 1413 2079 2080 2085 390 402 1590 399 1596 2086 2087 401 1597 2083 2088 2089 403 1599 2090 2091 
436 1470 326 325 1413 1471 329 328 1414 2086 2087 2092 401 413 1597 410 1603 2093 2094 412 1604 2090 2095 2096 414 1606 2097 2098 
437 1471 329 328 1414 1472 332 331 1415 2093 2094 2099 412 424 1604 421 1610 2100 2101 423 1611 2097 2102 2103 425 1613 2104 2105 
438 1472 332 331 1415 1473 335 334 1416 2100 2101 2106 423 435 1611 432 1617 2107 2108 434 1618 2104 2109 2110 436 1620 2111 2112 
439 1473 335 334 1416 1474 338 337 1417 2107 2108 2113 434 446 1618 443 1624 2114 2115 445 1625 2111 2116 2117 447 1627 2118 2119 
440 1474 338 337 1417 1475 341 340 1418 2114 2115 2120 445 457 1625 454 1631 2121 2122 456 1632 2118 2123 2124 458 1634 2125 2126 
441 1475 341 340 1418 1476 344 343 1419 2121 2122 2127 456 468 1632 465 1638 2128 2129 467 1639 2125 2130 2131 469 1641 2132 2133 
442 1476 344 343 1419 1477 347 346 1420 2128 2129 2134 467 479 1639 476 1645 2135 2136 478 1646 2132 2137 2138 480 1648 2139 2140 
443 1477 347 346 1420 1478 350 349 1421 2135 2136 2141 478 490 1646 487 1652 2142 2143 489 1653 2139 2144 2145 491 1655 2146 2147 
444 1478 350 349 1421 1479 353 352 1422 2142 2143 2148 489 501 1653 498 1659 2149 2150 500 1660 2146 2151 2152 502 1662 2153 2154 
445 1479 353 352 1422 1480 356 355 1423 2149 2150 2155 500 512 1660 509 1666 2156 2157 511 1667 2153 2158 2159 513 1669 2160 2161 
446 1480 356 355 1423 1481 359 358 1424 2156 2157 2162 511 523 1667 520 1673 2163 2164 522 1674 2160 2165 2166 524 1676 2167 2168 
447 1481 359 358 1424 1482 362 361 1425 2163 2164 2169 522 534 1674 531 1680 2170 2171 533 1681 2167 2172 2173 535 1683 2174 2175 
448 1482 362 361 1425 1483 365 364 1426 2170 2171 2176 533 545 1681 542 1687 2177 2178 544 1688 2174 2179 2180 546 1690 2181 2182 
449 1483 365 364 1426 1484 368 367 1427 2177 2178 2183 544 556 1688 553 1694 2184 2185 555 1695 2181 2186 2187 557 1697 2188 2189 
450 1484 368 367 1427 1485 371 370 1428 2184 2185 2190 555 567 1695 564 1701 2191 2192 566 1702 2188 2193 2194 568 1704 2195 2196 
451 1485 371 370 1428 1486 374 373 1429 2191 2192 2197 566 578 1702 575 1708 2198 2199 577 1709 2195 2200 2201 579 1711 2202 2203 
452 1486 374 373 1429 273 38 37 270 2198 2199 2204 577 587 1709 585 1715 291 290 41 280 2202 2205 2206 588 1716 292 2207 
453 225 224 221 222 1487 1468 1411 1430 244 245 2208 242 2071 233 1582 1719 2209 2210 2073 1720 246 2211 2212 2075 1722 2213 2214 
454 1487 1468 1411 1430 1488 1469 1412 1431 2209 2210 2215 2073 2078 1720 1589 1726 2216 2217 2080 1727 2213 2218 2219 2082 1729 2220 2221 
455 1488 1469 1412 1431 1489 1470 1413 1432 2216 2217 2222 2080 2085 1727 1596 1733 2223 2224 2087 1734 2220 2225 2226 2089 1736 2227 2228 
456 1489 1470 1413 1432 1490 1471 1414 1433 2223 2224 2229 2087 2092 1734 1603 1740 2230 2231 2094 1741 2227 2232 2233 2096 1743 2234 2235 
457 1490 1471 1414 1433 1491 1472 1415 1434 2230 2231 2236 2094 2099 1741 1610 1747 2237 2238 2101 1748 2234 2239 2240 2103 1750 2241 2242 
458 1491 1472 1415 1434 1492 1473 1416 1435 2237 2238 2243 2101 2106 1748 1617 1754 2244 2245 2108 1755 2241 2246 2247 2110 1757 2248 2249 
459 1492 1473 1416 1435 1493 1474 1417 1436 2244 2245 2250 2108 2113 1755 1624 1761 2251 2252 2115 1762 2248 2253 2254 2117 1764 2255 2256 
460 1493 1474 1417 1436 1494 1475 1418 1437 2251 2252 2257 2115 2120 1762 1631 1768 2258 2259 2122 1769 2255 2260 2261 2124 1771 2262 2263 
461 1494 1475 1418 1437 1495 1476 1419 1438 2258 2259 2264 2122 2127 1769 1638 1775 2265 2266 2129 1776 2262 2267 2268 2131 1778 2269 2270 
462 1495 1476 1419 1438 1496 1477 1420 1439 2265 2266 2271 2129 2134 1776 1645 1782 2272 2273 2136 1783 2269 2274 2275 2138 1785 2276 2277 
463 1496 1477 1420 1439 1497 1478 1421 1440 2272 2273 2278 2136 2141 1783 1652 1789 2279 2280 2143 1790 2276 2281 2282 2145 1792 2283 2284 
464 1497 1478 1421 1440 1498 1479 1422 1441 2279 2280 2285 2143 2148 1790 1659 1796 2286 2287 2150 1797 2283 2288 2289 2152 1799 2290 2291 
465 1498 1479 1422 1441 1499 1480 1423 1442 2286 2287 2292 2150 2155 1797 1666 1803 2293 2294 2157 1804 2290 2295 2296 2159 1806 2297 2298 
466 1499 1480 1423 1442 1500 1481 1424 1443 2293 2294 2299 2157 2162 1804 1673 1810 2300 2301 2164 1811 2297 2302 2303 2166 1813 2304 2305 
467 1500 1481 1424 1443 1501 1482 1425 1444 2300 2301 2306 2164 2169 1811 1680 1817 2307 2308 2171 1818 2304 2309 2310 2173 1820 2311 2312 
468 1501 1482 1425 1444 1502 1483 1426 1445 2307 2308 2313 2171 2176 1818 1687 1824 2314 2315 2178 1825 2311 2316 2317 2180 1827 2318 2319 
469 1502 1483 1426 1445 1503 1484 1427 1446 2314 2315 2320 2178 2183 1825 1694 1831 2321 2322 2185 1832 2318 2323 2324 2187 1834 2325 2326 
470 1503 1484 1427 1446 1504 1485 1428 1447 2321 2322 2327 2185 2190 1832 1701 1838 2328 2329 2192 1839 2325 2330 2331 2194 1841 2332 2333 
471 1504 1485 1428 1447 1505 1486 1429 1448 2328 2329 2334 2192 2197 1839 1708 1845 2335 2336 2199 1846 2332 2337 2338 2201 1848 2339 2340 
472 1505 1486 1429 1448 274 273 270 271 2335 2336 2341 2199 2204 1846 1715 1852 294 293 290 283 2339 2342 2343 2206 1853 295 2344 
473 226 225 222 223 1506 1487 1430 1449 247 248 2345 245 2208 236 1719 1856 2346 2347 2210 1857 249 2348 2349 2212 1859 2350 2351 
474 1506 1487 1430 1449 1507 1488 1431 1450 2346 2347 2352 2210 2215 1857 1726 1863 2353 2354 2217 1864 2350 2355 2356 2219 1866 2357 2358 
475 1507 1488 1431 1450 1508 1489 1432 1451 2353 2354 2359 2217 2222 1864 1733 1870 2360 2361 2224 1871 2357 2362 2363 2226 1873 2364 2365 
476 1508 1489 1432 1451 1509 1490 1433 1452 2360 2361 2366 2224 2229 1871 1740 1877 2367 2368 2231 1878 2364 2369 2370 2233 1880 2371 2372 
477 1509 1490 1433 1452 1510 1491 1434 1453 2367 2368 2373 2231 2236 1878 1747 1884 2374 2375 2238 1885 2371 2376 2377 2240 1887 2378 2379 
478 1510 1491 1434 1453 1511 1492 1435 1454 2374 2375 2380 2238 2243 1885 1754 1891 2381 2382 2245 1892 2378 2383 2384 2247 1894 2385 2386 
479 1511 1492 1435 1454 1512 1493 1436 1455 2381 2382 2387 2245 2250 1892 1761 1898 2388 2389 2252 1899 2385 2390 2391 2254 1901 2392 2393 
480 1512 1493 1436 1455 1513 1494 1437 1456 2388 2389 2394 2252 2257 1899 1768 1905 2395 2396 2259 1906 2392 2397 2398 2261 1908 2399 2400 
481 1513 1494 1437 1456 1514 1495 1438 1457 2395 2396 2401 2259 2264 1906 1775 1912 2402 2403 2266 1913 2399 2404 2405 2268 1915 2406 2407 
482 1514 1495 1438 1457 1515 1496 1439 1458 2402 2403 2408 2266 2271 1913 1782 1919 2409 2410 2273 1920 2406 2411 2412 2275 1922 2413 2414 
483 1515 1496 1439 1458 1516 1497 1440 1459 2409 2410 2415 2273 2278 1920 1789 1926 2416 2417 2280 1927 2413 2418 2419 2282 1929 2420 2421 
484 1516 1497 1440 1459 1517 1498 1441 1460 2416 2417 2422 2280 2285 1927 1796 1933 2423 2424 2287 1934 2420 2425 2426 2289 1936 2427 2428 
485 1517 1498 1441 1460 1518 1499 1442 1461 2423 2424 2429 2287 2292 1934 1803 1940 2430 2431 2294 1941 2427 2432 2433 2296 1943 2434 2435 
486 1518 1499 1442 1461 1519 1500 1443 1462 2430 2431 2436 2294 2299 1941 1810 1947 2437 2438 2301 1948 2434 2439 2440 2303 1950 2441 2442 
487 1519 1500 1443 1462 1520 1501 1444 1463 2437 2438 2443 2301 2306 1948 1817 1954 2444 2445 2308 1955 2441 2446 2447 2310 1957 2448 2449 
488 1520 1501 1444 1463 1521 1502 1445 1464 2444 2445 2450 2308 2313 1955 1824 1961 2451 2452 2315 1962 2448 2453 2454 2317 1964 2455 2456 
489 1521 1502 1445 1464 1522 1503 1446 1465 2451 2452 2457 2315 2320 1962 1831 1968 2458 2459 2322 1969 2455 2460 2461 2324 1971 2462 2463 
490 1522 1503 1446 1465 1523 1504 1447 1466 2458 2459 2464 2322 2327 1969 1838 1975 2465 2466 2329 1976 2462 2467 2468 2331 1978 2469 2470 
491 1523 1504 1447 1466 1524 1505 1448 1467 2465 2466 2471 2329 2334 1976 1845 1982 2472 2473 2336 1983 2469 2474 2475 2338 1985 2476 2477 
492 1524 1505 1448 1467 275 274 271 272 2472 2473 2478 2336 2341 1983 1852 1989 297 296 293 286 2476 2479 2480 2343 1990 298 2481 
493 24 226 223 23 593 1506 1449 592 250 27 652 248 2345 239 1856 649 2482 653 2347 1993 251 2483 654 2349 1994 2484 2485 
494 593 1506 1449 592 596 1507 1450 595 2482 653 663 2347 2352 1993 1863 660 2486 664 2354 1997 2484 2487 665 2356 1998 2488 2489 
495 596 1507 1450 595 599 1508 1451 598 2486 664 674 2354 2359 1997 1870 671 2490 675 2361 2001 2488 2491 676 2363 2002 2492 2493 
496 599 1508 1451 598 602 1509 1452 601 2490 675 685 2361 2366 2001 1877 682 2494 686 2368 2005 2492 2495 687 2370 2006 2496 2497 
497 602 1509 1452 601 605 1510 1453 604 2494 686 696 2368 2373 2005 1884 693 2498 697 2375 2009 2496 2499 698 2377 2010 2500 2501 
498 605 1510 1453 604 608 1511 1454 607 2498 697 707 2375 2380 2009 1891 704 2502 708 2382 2013 2500 2503 709 2384 2014 2504 2505 
499 608 1511 1454 607 611 1512 1455 610 2502 708 718 2382 2387 2013 1898 715 2506 719 2389 2017 2504 2507 720 2391 2018 2508 2509 
500 611 1512 1455 610 614 1513 1456 613 2506 719 729 2389 2394 2017 1905 726 2510 730 2396 2021 2508 2511 731 2398 2022 2512 2513 
501 614 1513 1456 613 617 1514 1457 616 2510 730 740 2396 2401 2021 1912 737 2514 741 2403 2025 2512 2515 742 2405 2026 2516 2517 
502 617 1514 1457 616 620 1515 1458 619 2514 741 751 2403 2408 2025 1919 748 2518 752 2410 2029 2516 2519 753 2412 2030 2520 2521 
503 620 1515 1458 619 623 1516 1459 622 2518 752 762 2410 2415 2029 1926 759 2522 763 2417 2033 2520 2523 764 2419 2034 2524 2525 
504 623 1516 1459 622 626 1517 1460 625 2522 763 773 2417 2422 2033 1933 770 2526 774 2424 2037 2524 2527 775 2426 2038 2528 2529 
505 626 1517 1460 625 629 1518 1461 628 2526 774 784 2424 2429 2037 1940 781 2530 785 2431 2041 2528 2531 786 2433 2042 2532 2533 
506 629 1518 1461 628 632 1519 1462 631 2530 785 795 2431 2436 2041 1947 792 2534 796 2438 2045 2532 2535 797 2440 2046 2536 2537 
507 632 1519 1462 631 635 1520 1463 634 2534 796 806 2438 2443 2045 1954 803 2538 807 2445 2049 2536 2539 808 2447 2050 2540 2541 
508 635 1520 1463 634 638 1521 1464 637 2538 807 817 2445 2450 2049 1961 814 2542 818 2452 2053 2540 2543 819 2454 2054 2544 2545 
509 638 1521 1464 637 641 1522 1465 640 2542 818 828 2452 2457 2053 1968 825 2546 829 2459 2057 2544 2547 830 2461 2058 2548 2549 
510 641 1522 1465 640 644 1523 1466 643 2546 829 839 2459 2464 2057 1975 836 2550 840 2466 2061 2548 2551 841 2468 2062 2552 2553 
511 644 1523 1466 643 647 1524 1467 646 2550 840 850 2466 2471 2061 1982 847 2554 851 2473 2065 2552 2555 852 2475 2066 2556 2557 
512 647 1524 1467 646 52 275 272 51 2554 851 860 2473 2478 2065 1989 858 299 55 296 288 2556 2558 861 2480 2069 300 2559 
513 227 11 10 224 1525 321 320 1468 252 253 2560 14 383 241 380 2071 2561 2562 382 2072 254 2563 2564 384 2074 2565 2566 
514 1525 321 320 1468 1526 324 323 1469 2561 2562 2567 382 394 2072 391 2078 2568 2569 393 2079 2565 2570 2571 395 2081 2572 2573 
515 1526 324 323 1469 1527 327 326 1470 2568 2569 2574 393 405 2079 402 2085 2575 2576 404 2086 2572 2577 2578 406 2088 2579 2580 
516 1527 327 326 1470 1528 330 329 1471 2575 2576 2581 404 416 2086 413 2092 2582 2583 415 2093 2579 2584 2585 417 2095 2586 2587 
517 1528 330 329 1471 1529 333 332 1472 2582 2583 2588 415 427 2093 424 2099 2589 2590 426 2100 2586 2591 2592 428 2102 2593 2594 
518 1529 333 332 1472 1530 336 335 1473 2589 2590 2595 426 438 2100 435 2106 2596 2597 437 2107 2593 2598 2599 439 2109 2600 2601 
519 1530 336 335 1473 1531 339 338 1474 2596 2597 2602 437 449 2107 446 2113 2603 2604 448 2114 2600 2605 2606 450 2116 2607 2608 
520 1531 339 338 1474 1532 342 341 1475 2603 2604 2609 448 460 2114 457 2120 2610 2611 459 2121 2607 2612 2613 461 2123 2614 2615 
521 1532 342 341 1475 1533 345 344 1476 2610 2611 2616 459 471 2121 468 2127 2617 2618 470 2128 2614 2619 2620 472 2130 2621 2622 
522 1533 345 344 1476 1534 348 347 1477 2617 2618 2623 470 482 2128 479 2134 2624 2625 481 2135 2621 2626 2627 483 2137 2628 2629 
523 1534 348 347 1477 1535 351 350 1478 2624 2625 2630 481 493 2135 490 2141 2631 2632 492 2142 2628 2633 2634 494 2144 2635 2636 
524 1535 351 350 1478 1536 354 353 1479 2631 2632 2637 492 504 2142 501 2148 2638 2639 503 2149 2635 2640 2641 505 2151 2642 2643 
525 1536 354 353 1479 1537 357 356 1480 2638 2639 2644 503 515 2149 512 2155 2645 2646 514 2156 2642 2647 2648 516 2158 2649 2650 
526 1537 357 356 1480 1538 360 359 1481 2645 2646 2651 514 526 2156 523 2162 2652 2653 525 2163 2649 2654 2655 527 2165 2656 2657 
527 1538 360 359 1481 1539 363 362 1482 2652 2653 2658 525 537 2163 534 2169 2659 2660 536 2170 2656 2661 2662 538 2172 2663 2664 
528 1539 363 362 1482 1540 366 365 1483 2659 2660 2665 536 548 2170 545 2176 2666 2667 547 2177 2663 2668 2669 549 2179 2670 2671 
529 1540 366 365 1483 1541 369 368 1484 2666 2667 2672 547 559 2177 556 2183 2673 2674 558 2184 2670 2675 2676 560 2186 2677 2678 
530 1541 369 368 1484 1542 372 371 1485 2673 2674 2679 558 570 2184 567 2190 2680 2681 569 2191 2677 2682 2683 571 2193 2684 2685 
531 1542 372 371 1485 1543 375 374 1486 2680 2681 2686 569 581 2191 578 2197 2687 2688 580 2198 2684 2689 2690 582 2200 2691 2692 
532 1543 375 374 1486 276 39 38 273 2687 2688 2693 580 589 2198 587 2204 302 301 42 291 2691 2694 2695 590 2205 303 2696 
533 228 227 224 225 1544 1525 1468 1487 255 256 2697 253 2560 244 2071 2208 2698 2699 2562 2209 257 2700 2701 2564 2211 2702 2703 
534 1544 1525 1468 1487 1545 1526 1469 1488 2698 2699 2704 2562 2567 2209 2078 2215 2705 2706 2569 2216 2702 2707 2708 2571 2218 2709 2710 
535 1545 1526 1469 1488 1546 1527 1470 1489 2705 2706 2711 2569 2574 2216 2085 2222 2712 2713 2576 2223 2709 2714 2715 2578 2225 2716 2717 
536 1546 1527 1470 1489 1547 1528 1471 1490 2712 2713 2718 2576 2581 2223 2092 2229 2719 2720 2583 2230 2716 2721 2722 2585 2232 2723 2724 
537 1547 1528 1471 1490 1548 1529 1472 1491 2719 2720 2725 2583 2588 2230 2099 2236 2726 2727 2590 2237 2723 2728 2729 2592 2239 2730 2731 
538 1548 1529 1472 1491 1549 1530 1473 1492 2726 2727 2732 2590 2595 2237 2106 2243 2733 2734 2597 2244 2730 2735 2736 2599 2246 2737 2738 
539 1549 1530 1473 1492 1550 1531 1474 1493 2733 2734 2739 2597 2602 2244 2113 2250 2740 2741 2604 2251 2737 2742 2743 2606 2253 2744 2745 
540 1550 1531 1474 1493 1551 1532 1475 1494 2740 2741 2746 2604 2609 2251 2120 2257 2747 2748 2611 2258 2744 2749 2750 2613 2260 2751 2752 
541 1551 1532 1475 1494 1552 1533 1476 1495 2747 2748 2753 2611 2616 2258 2127 2264 2754 2755 2618 2265 2751 2756 2757 2620 2267 2758 2759 
542 1552 1533 1476 1495 1553 1534 1477 1496 2754 2755 2760 2618 2623 2265 2134 2271 2761 2762 2625 2272 2758 2763 2764 2627 2274 2765 2766 
543 1553 1534 1477 1496 1554 1535 1478 1497 2761 2762 2767 2625 2630 2272 2141 2278 2768 2769 2632 2279 2765 2770 2771 2634 2281 2772 2773 
544 1554 1535 1478 1497 1555 1536 1479 1498 2768 2769 2774 2632 2637 2279 2148 2285 2775 2776 2639 2286 2772 2777 2778 2641 2288 2779 2780 
545 1555 1536 1479 1498 1556 1537 1480 1499 2775 2776 2781 2639 2644 2286 2155 2292 2782 2783 2646 2293 2779 2784 2785 2648 2295 2786 2787 
546 1556 1537 1480 1499 1557 1538 1481 1500 2782 2783 2788 2646 2651 2293 2162 2299 2789 2790 2653 2300 2786 2791 2792 2655 2302 2793 2794 
547 1557 1538 1481 1500 1558 1539 1482 1501 2789 2790 2795 2653 2658 2300 2169 2306 2796 2797 2660 2307 2793 2798 2799 2662 2309 2800 2801 
548 1558 1539 1482 1501 1559 1540 1483 1502 2796 2797 2802 2660 2665 2307 2176 2313 2803 2804 2667 2314 2800 2805 2806 2669 2316 2807 2808 
549 1559 1540 1483 1502 1560 1541 1484 1503 2803 2804 2809 2667 2672 2314 2183 2320 2810 2811 2674 2321 2807 2812 2813 2676 2323 2814 2815 
550 1560 1541 1484 1503 1561 1542 1485 1504 2810 2811 2816 2674 2679 2321 2190 2327 2817 2818 2681 2328 2814 2819 2820 2683 2330 2821 2822 
551 1561 1542 1485 1504 1562 1543 1486 1505 2817 2818 2823 2681 2686 2328 2197 2334 2824 2825 2688 2335 2821 2826 2827 2690 2337 2828 2829 
552 1562 1543 1486 1505 277 276 273 274 2824 2825 2830 2688 2693 2335 2204 2341 305 304 301 294 2828 2831 2832 2695 2342 306 2833 
553 229 228 225 226 1563 1544 1487 1506 258 259 2834 256 2697 247 2208 2345 2835 2836 2699 2346 260 2837 2838 2701 2348 2839 2840 
554 1563 1544 1487 1506 1564 1545 1488 1507 2835 2836 2841 2699 2704 2346 2215 2352 2842 2843 2706 2353 2839 2844 2845 2708 2355 2846 2847 
555 1564 1545 1488 1507 1565 1546 1489 1508 2842 2843 2848 2706 2711 2353 2222 2359 2849 2850 2713 2360 2846 2851 2852 2715 2362 2853 2854 
556 1565 1546 1489 1508 1566 1547 1490 1509 2849 2850 2855 2713 2718 2360 2229 2366 2856 2857 2720 2367 2853 2858 2859 2722 2369 2860 2861 
557 1566 1547 1490 1509 1567 1548 1491 1510 2856 2857 2862 2720 2725 2367 2236 2373 2863 2864 2727 2374 2860 2865 2866 2729 2376 2867 2868 
558 1567 1548 1491 1510 1568 1549 1492 1511 2863 2864 2869 2727 2732 2374 2243 2380 2870 2871 2734 2381 2867 2872 2873 2736 2383 2874 2875 
559 1568 1549 1492 1511 1569 1550 1493 1512 2870 2871 2876 2734 2739 2381 2250 2387 2877 2878 2741 2388 2874 2879 2880 2743 2390 2881 2882 
560 1569 1550 1493 1512 1570 1551 1494 1513 2877 2878 2883 2741 2746 2388 2257 2394 2884 2885 2748 2395 2881 2886 2887 2750 2397 2888 2889 
561 1570 1551 1494 1513 1571 1552 1495 1514 2884 2885 2890 2748 2753 2395 2264 2401 2891 2892 2755 2402 2888 2893 2894 2757 2404 2895 2896 
562 1571 1552 1495 1514 1572 1553 1496 1515 2891 2892 2897 2755 2760 2402 2271 2408 2898 2899 2762 2409 2895 2900 2901 2764 2411 2902 2903 
563 1572 1553 1496 1515 1573 1554 1497 1516 2898 2899 2904 2762 2767 2409 2278 2415 2905 2906 2769 2416 2902 2907 2908 2771 2418 2909 2910 
564 1573 1554 1497 1516 1574 1555 1498 1517 2905 2906 2911 2769 2774 2416 2285 2422 2912 2913 2776 2423 2909 2914 2915 2778 2425 2916 2917 
565 1574 1555 1498 1517 1575 1556 1499 1518 2912 2913 2918 2776 2781 2423 2292 2429 2919 2920 2783 2430 2916 2921 2922 2785 2432 2923 2924 
566 1575 1556 1499 1518 1576 1557 1500 1519 2919 2920 2925 2783 2788 2430 2299 2436 2926 2927 2790 2437 2923 2928 2929 2792 2439 2930 2931 
567 1576 1557 1500 1519 1577 1558 1501 1520 2926 2927 2932 2790 2795 2437 2306 2443 2933 2934 2797 2444 2930 2935 2936 2799 2446 2937 2938 
568 1577 1558 1501 1520 1578 1559 1502 1521 2933 2934 2939 2797 2802 2444 2313 2450 2940 2941 2804 2451 2937 2942 2943 2806 2453 2944 2945 
569 1578 1559 1502 1521 1579 1560 1503 1522 2940 2941 2946 2804 2809 2451 2320 2457 2947 2948 2811 2458 2944 2949 2950 2813 2460 2951 2952 
570 1579 1560 1503 1522 1580 1561 1504 1523 2947 2948 2953 2811 2816 2458 2327 2464 2954 2955 2818 2465 2951 2956 2957 2820 2467 2958 2959 
571 1580 1561 1504 1523 1581 1562 1505 1524 2954 2955 2960 2818 2823 2465 2334 2471 2961 2962 2825 2472 2958 2963 2964 2827 2474 2965 2966 
572 1581 1562 1505 1524 278 277 274 275 2961 2962 2967 2825 2830 2472 2341 2478 308 307 304 297 2965 2968 2969 2832 2479 309 2970 
573 25 229 226 24 594 1563 1506 593 261 28 655 259 2834 250 2345 652 2971 656 2836 2482 262 2972 657 2838 2483 2973 2974 
574 594 1563 1506 593 597 1564 1507 596 2971 656 666 2836 2841 2482 2352 663 2975 667 2843 2486 2973 2976 668 2845 2487 2977 2978 
575 597 1564 1507 596 600 1565 1508 599 2975 667 677 2843 2848 2486 2359 674 2979 678 2850 2490 2977 2980 679 2852 2491 2981 2982 
576 600 1565 1508 599 603 1566 1509 602 2979 678 688 2850 2855 2490 2366 685 2983 689 2857 2494 2981 2984 690 2859 2495 2985 2986 
577 603 1566 1509 602 606 1567 1510 605 2983 689 699 2857 2862 2494 2373 696 2987 700 2864 2498 2985 2988 701 2866 2499 2989 2990 
578 606 1567 1510 605 609 1568 1511 608 2987 700 710 2864 2869 2498 2380 707 2991 711 2871 2502 2989 2992 712 2873 2503 2993 2994 
579 609 1568 1511 608 612 1569 1512 611 2991 711 721 2871 2876 2502 2387 718 2995 722 2878 2506 2993 2996 723 2880 2507 2997 2998 
580 612 1569 1512 611 615 1570 1513 614 2995 722 732 2878 2883 2506 2394 729 2999 733 2885 2510 2997 3000 734 2887 2511 3001 3002 
581 615 1570 1513 614 618 1571 1514 617 2999 733 743 2885 2890 2510 2401 740 3003 744 2892 2514 3001 3004 745 2894 2515 3005 3006 
582 618 1571 1514 617 621 1572 1515 620 3003 744 754 2892 2897 2514 2408 751 3007 755 2899 2518 3005 3008 756 2901 2519 3009 3010 
583 621 1572 1515 620 624 1573 1516 623 3007 755 765 2899 2904 2518 2415 762 3011 766 2906 2522 3009 3012 767 2908 2523 3013 3014 
584 624 1573 1516 623 627 1574 1517 626 3011 766 776 2906 2911 2522 2422 773 3015 777 2913 2526 3013 3016 778 2915 2527 3017 3018 
585 627 1574 1517 626 630 1575 1518 629 3015 777 787 2913 2918 2526 2429 784 3019 788 2920 2530 3017 3020 789 2922 2531 3021 3022 
586 630 1575 1518 629 633 1576 1519 632 3019 788 798 2920 2925 2530 2436 795 3023 799 2927 2534 3021 3024 800 2929 2535 3025 3026 
587 633 1576 1519 632 636 1577 1520 635 3023 799 809 2927 2932 2534 2443 806 3027 810 2934 2538 3025 3028 811 2936 2539 3029 3030 
588 636 1577 1520 635 639 1578 1521 638 3027 810 820 2934 2939 2538 2450 817 3031 821 2941 2542 3029 3032 822 2943 2543 3033 3034 
589 639 1578 1521 638 642 1579 1522 641 3031 821 831 2941 2946 2542 2457 828 3035 832 2948 2546 3033 3036 833 2950 2547 3037 3038 
590 642 1579 1522 641 645 1580 1523 644 3035 832 842 2948 2953 2546 2464 839 3039 843 2955 2550 3037 3040 844 2957 2551 3041 3042 
591 645 1580 1523 644 648 1581 1524 647 3039 843 853 2955 2960 2550 2471 850 3043 854 2962 2554 3041 3044 855 2964 2555 3045 3046 
592 648 1581 1524 647 53 278 275 52 3043 854 862 2962 2967 2554 2478 860 310 56 307 299 3045 3047 863 2969 2558 311 3048 
593 16 1 11 227 1138 104 321 1525 19 263 1196 15 123 252 383 2560 1195 3049 385 2561 264 1197 3050 386 2563 3051 3052 
594 1138 104 321 1525 1139 105 324 1526 1195 3049 1199 385 124 2561 394 2567 1198 3053 396 2568 3051 1200 3054 397 2570 3055 3056 
595 1139 105 324 1526 1140 106 327 1527 1198 3053 1202 396 125 2568 405 2574 1201 3057 407 2575 3055 1203 3058 408 2577 3059 3060 
596 1140 106 327 1527 1141 107 330 1528 1201 3057 1205 407 126 2575 416 2581 1204 3061 418 2582 3059 1206 3062 419 2584 3063 3064 
597 1141 107 330 1528 1142 108 333 1529 1204 3061 1208 418 127 2582 427 2588 1207 3065 429 2589 3063 1209 3066 430 2591 3067 3068 
598 1142 108 333 1529 1143 109 336 1530 1207 3065 1211 429 128 2589 438 2595 1210 3069 440 2596 3067 1212 3070 441 2598 3071 3072 
599 1143 109 336 1530 1144 110 339 1531 1210 3069 1214 440 129 2596 449 2602 1213 3073 451 2603 3071 1215 3074 452 2605 3075 3076 
600 1144 110 339 1531 1145 111 342 1532 1213 3073 1217 451 130 2603 460 2609 1216 3077 462 2610 3075 1218 3078 463 2612 3079 3080 
601 1145 111 342 1532 1146 112 345 1533 1216 3077 1220 462 131 2610 471 2616 1219 3081 473 2617 3079 1221 3082 474 2619 3083 3084 
602 1146 112 345 1533 1147 113 348 1534 1219 3081 1223 473 132 2617 482 2623 1222 3085 484 2624 3083 1224 3086 485 2626 3087 3088 
603 1147 113 348 1534 1148 114 351 1535 1222 3085 1226 484 133 2624 493 2630 1225 3089 495 2631 3087 1227 3090 496 2633 3091 3092 
604 1148 114 351 1535 1149 115 354 1536 1225 3089 1229 495 134 2631 504 2637 1228 3093 506 2638 3091 1230 3094 507 2640 3095 3096 
605 1149 115 354 1536 1150 116 357 1537 1228 3093 1232 506 135 2638 515 2644 1231 3097 517 2645 3095 1233 3098 518 2647 3099 3100 
606 1150 116 357 1537 1151 117 360 1538 1231 3097 1235 517 136 2645 526 2651 1234 3101 528 2652 3099 1236 3102 529 2654 3103 3104 
607 1151 117 360 1538 1152 118 363 1539 1234 3101 1238 528 137 2652 537 2658 1237 3105 539 2659 3103 1239 3106 540 2661 3107 3108 
608 1152 118 363 1539 1153 119 366 1540 1237 3105 1241 539 138 2659 548 2665 1240 3109 550 2666 3107 1242 3110 551 2668 3111 3112 
609 1153 119 366 1540 1154 120 369 1541 1240 3109 1244 550 139 2666 559 2672 1243 3113 561 2673 3111 1245 3114 562 2675 3115 3116 
610 1154 120 369 1541 1155 121 372 1542 1243 3113 1247 561 140 2673 570 2679 1246 3117 572 2680 3115 1248 3118 573 2682 3119 3120 
611 1155 121 372 1542 1156 122 375 1543 1246 3117 1250 572 141 2680 581 2686 1249 3121 583 2687 3119 1251 3122 584 2689 3123 3124 
612 1156 122 375 1543 44 5 39 276 1249 3121 1252 583 142 2687 589 2693 47 312 43 302 3123 1253 3125 591 2694 313 3126 
613 17 16 227 228 1157 1138 1525 1544 20 265 1255 263 1196 255 2560 2697 1254 3127 3049 2698 266 1256 3128 3050 2700 3129 3130 
614 1157 1138 1525 1544 1158 1139 1526 1545 1254 3127 1258 3049 1199 2698 2567 2704 1257 3131 3053 2705 3129 1259 3132 3054 2707 3133 3134 
615 1158 1139 1526 1545 1159 1140 1527 1546 1257 3131 1261 3053 1202 2705 2574 2711 1260 3135 3057 2712 3133 1262 3136 3058 2714 3137 3138 
616 1159 1140 1527 1546 1160 1141 1528 1547 1260 3135 1264 3057 1205 2712 2581 2718 1263 3139 3061 2719 3137 1265 3140 3062 2721 3141 3142 
617 1160 1141 1528 1547 1161 1142 1529 1548 1263 3139 1267 3061 1208 2719 2588 2725 1266 3143 3065 2726 3141 1268 3144 3066 2728 3145 3146 
618 1161 1142 1529 1548 1162 1143 1530 1549 1266 3143 1270 3065 1211 2726 2595 2732 1269 3147 3069 2733 3145 1271 3148 3070 2735 3149 3150 
619 1162 1143 1530 1549 1163 1144 1531 1550 1269 3147 1273 3069 1214 2733 2602 2739 1272 3151 3073 2740 3149 1274 3152 3074 2742 3153 3154 
620 1163 1144 1531 1550 1164 1145 1532 1551 1272 3151 1276 3073 1217 2740 2609 2746 1275 3155 3077 2747 3153 1277 3156 3078 2749 3157 3158 
621 1164 1145 1532 1551 1165 1146 1533 1552 1275 3155 1279 3077 1220 2747 2616 2753 1278 3159 3081 2754 3157 1280 3160 3082 2756 3161 3162 
622 1165 1146 1533 1552 1166 1147 1534 1553 1278 3159 1282 3081 1223 2754 2623 2760 1281 3163 3085 2761 3161 1283 3164 3086 2763 3165 3166 
623 1166 1147 1534 1553 1167 1148 1535 1554 1281 3163 1285 3085 1226 2761 2630 2767 1284 3167 3089 2768 3165 1286 3168 3090 2770 3169 3170 
624 1167 1148 1535 1554 1168 1149 1536 1555 1284 3167 1288 3089 1229 2768 2637 2774 1287 3171 3093 2775 3169 1289 3172 3094 2777 3173 3174 
625 1168 1149 1536 1555 1169 1150 1537 1556 1287 3171 1291 3093 1232 2775 2644 2781 1290 3175 3097 2782 3173 1292 3176 3098 2784 3177 3178 
626 1169 1150 1537 1556 1170 1151 1538 1557 1290 3175 1294 3097 1235 2782 2651 2788 1293 3179 3101 2789 3177 1295 3180 3102 2791 3181 3182 
627 1170 1151 1538 1557 1171 1152 1539 1558 1293 3179 1297 3101 1238 2789 2658 2795 1296 3183 3105 2796 3181 1298 3184 3106 2798 3185 3186 
628 1171 1152 1539 1558 1172 1153 1540 1559 1296 3183 1300 3105 1241 2796 2665 2802 1299 3187 3109 2803 3185 1301 3188 3110 2805 3189 3190 
629 1172 1153 1540 1559 1173 1154 1541 1560 1299 3187 1303 3109 1244 2803 2672 2809 1302 3191 3113 2810 3189 1304 3192 3114 2812 3193 3194 
630 1173 1154 1541 1560 1174 1155 1542 1561 1302 3191 1306 3113 1247 2810 2679 2816 1305 3195 3117 2817 3193 1307 3196 3118 2819 3197 3198 
631 1174 1155 1542 1561 1175 1156 1543 1562 1305 3195 1309 3117 1250 2817 2686 2823 1308 3199 3121 2824 3197 1310 3200 3122 2826 3201 3202 
632 1175 1156 1543 1562 45 44 276 277 1308 3199 1311 3121 1252 2824 2693 2830 48 314 312 305 3201 1312 3203 3125 2831 315 3204 
633 18 17 228 229 1176 1157 1544 1563 21 267 1314 265 1255 258 2697 2834 1313 3205 3127 2835 268 1315 3206 3128 2837 3207 3208 
634 1176 1157 1544 1563 1177 1158 1545 1564 1313 3205 1317 3127 1258 2835 2704 2841 1316 3209 3131 2842 3207 1318 3210 3132 2844 3211 3212 
635 1177 1158 1545 1564 1178 1159 1546 1565 1316 3209 1320 3131 1261 2842 2711 2848 1319 3213 3135 2849 3211 1321 3214 3136 2851 3215 3216 
636 1178 1159 1546 1565 1179 1160 1547 1566 1319 3213 1323 3135 1264 2849 2718 2855 1322 3217 3139 2856 3215 1324 3218 3140 2858 3219 3220 
637 1179 1160 1547 1566 1180 1161 1548 1567 1322 3217 1326 3139 1267 2856 2725 2862 1325 3221 3143 2863 3219 1327 3222 3144 2865 3223 3224 
638 1180 1161 1548 1567 1181 1162 1549 1568 1325 3221 1329 3143 1270 2863 2732 2869 1328 3225 3147 2870 3223 1330 3226 3148 2872 3227 3228 
639 1181 1162 1549 1568 1182 1163 1550 1569 1328 3225 1332 3147 1273 2870 2739 2876 1331 3229 3151 2877 3227 1333 3230 3152 2879 3231 3232 
640 1182 1163 1550 1569 1183 1164 1551 1570 1331 3229 1335 3151 1276 2877 2746 2883 1334 3233 3155 2884 3231 1336 3234 3156 2886 3235 3236 
641 1183 1164 1551 1570 1184 1165 1552 1571 1334 3233 1338 3155 1279 2884 2753 2890 1337 3237 3159 2891 3235 1339 3238 3160 2893 3239 3240 
642 1184 1165 1552 1571 1185 1166 1553 1572 1337 3237 1341 3159 1282 2891 2760 2897 1340 3241 3163 2898 3239 1342 3242 3164 2900 3243 3244 
643 1185 1166 1553 1572 1186 1167 1554 1573 1340 3241 1344 3163 1285 2898 2767 2904 1343 3245 3167 2905 3243 1345 3246 3168 2907 3247 3248 
644 1186 1167 1554 1573 1187 1168 1555 1574 1343 3245 1347 3167 1288 2905 2774 2911 1346 3249 3171 2912 3247 1348 3250 3172 2914 3251 3252 
645 1187 1168 1555 1574 1188 1169 1556 1575 1346 3249 1350 3171 1291 2912 2781 2918 1349 3253 3175 2919 3251 1351 3254 3176 2921 3255 3256 
646 1188 1169 1556 1575 1189 1170 1557 1576 1349 3253 1353 3175 1294 2919 2788 2925 1352 3257 3179 2926 3255 1354 3258 3180 2928 3259 3260 
647 1189 1170 1557 1576 1190 1171 1558 1577 1352 3257 1356 3179 1297 2926 2795 2932 1355 3261 3183 2933 3259 1357 3262 3184 2935 3263 3264 
648 1190 1171 1558 1577 1191 1172 1559 1578 1355 3261 1359 3183 1300 2933 2802 2939 1358 3265 3187 2940 3263 1360 3266 3188 2942 3267 3268 
649 1191 1172 1559 1578 1192 1173 1560 1579 1358 3265 1362 3187 1303 2940 2809 2946 1361 3269 3191 2947 3267 1363 3270 3192 2949 3271 3272 
650 1192 1173 1560 1579 1193 1174 1561 1580 1361 3269 1365 3191 1306 2947 2816 2953 1364 3273 3195 2954 3271 1366 3274 3196 2956 3275 3276 
651 1193 1174 1561 1580 1194 1175 1562 1581 1364 3273 1368 3195 1309 2954 2823 2960 1367 3277 3199 2961 3275 1369 3278 3200 2963 3279 3280 
652 1194 1175 1562 1581 46 45 277 278 1367 3277 1370 3199 1311 2961 2830 2967 49 316 314 308 3279 1371 3281 3203 2968 317 3282 
653 3 18 229 25 182 1176 1563 594 22 29 201 267 1314 261 2834 655 1372 658 3205 2971 269 1373 659 3206 2972 3283 3284 
654 182 1176 1563 594 183 1177 1564 597 1372 658 202 3205 1317 2971 2841 666 1374 669 3209 2975 3283 1375 670 3210 2976 3285 3286 
655 183 1177 1564 597 184 1178 1565 600 1374 669 203 3209 1320 2975 2848 677 1376 680 3213 2979 3285 1377 681 3214 2980 3287 3288 
656 184 1178 1565 600 185 1179 1566 603 1376 680 204 3213 1323 2979 2855 688 1378 691 3217 2983 3287 1379 692 3218 2984 3289 3290 
657 185 1179 1566 603 186 1180 1567 606 1378 691 205 3217 1326 2983 2862 699 1380 702 3221 2987 3289 1381 703 3222 2988 3291 3292 
658 186 1180 1567 606 187 1181 1568 609 1380 702 206 3221 1329 2987 2869 710 1382 713 3225 2991 3291 1383 714 3226 2992 3293 3294 
659 187 1181 1568 609 188 1182 1569 612 1382 713 207 3225 1332 2991 2876 721 1384 724 3229 2995 3293 1385 725 3230 2996 3295 3296 
660 188 1182 1569 612 189 1183 1570 615 1384 724 208 3229 1335 2995 2883 732 1386 735 3233 2999 3295 1387 736 3234 3000 3297 3298 
661 189 1183 1570 615 190 1184 1571 618 1386 735 209 3233 1338 2999 2890 743 1388 746 3237 3003 3297 1389 747 3238 3004 3299 3300 
662 190 1184 1571 618 191 1185 1572 621 1388 746 210 3237 1341 3003 2897 754 1390 757 3241 3007 3299 1391 758 3242 3008 3301 3302 
663 191 1185 1572 621 192 1186 1573 624 1390 757 211 3241 1344 3007 2904 765 1392 768 3245 3011 3301 1393 769 3246 3012 3303 3304 
664 192 1186 1573 624 193 1187 1574 627 1392 768 212 3245 1347 3011 2911 776 1394 779 3249 3015 3303 1395 780 3250 3016 3305 3306 
665 193 1187 1574 627 194 1188 1575 630 1394 779 213 3249 1350 3015 2918 787 1396 790 3253 3019 3305 1397 791 3254 3020 3307 3308 
666 194 1188 1575 630 195 1189 1576 633 1396 790 214 3253 1353 3019 2925 798 1398 801 3257 3023 3307 1399 802 3258 3024 3309 3310 
667 195 1189 1576 633 196 1190 1577 636 1398 801 215 3257 1356 3023 2932 809 1400 812 3261 3027 3309 1401 813 3262 3028 3311 3312 
668 196 1190 1577 636 197 1191 1578 639 1400 812 216 3261 1359 3027 2939 820 1402 823 3265 3031 3311 1403 824 3266 3032 3313 3314 
669 197 1191 1578 639 198 1192 1579 642 1402 823 217 3265 1362 3031 2946 831 1404 834 3269 3035 3313 1405 835 3270 3036 3315 3316 
670 198 1192 1579 642 199 1193 1580 645 1404 834 218 3269 1365 3035 2953 842 1406 845 3273 3039 3315 1407 846 3274 3040 3317 3318 
671 199 1193 1580 645 200 1194 1581 648 1406 845 219 3273 1368 3039 2960 853 1408 856 3277 3043 3317 1409 857 3278 3044 3319 3320 
672 200 1194 1581 648 7 46 278 53 1408 856 220 3277 1370 3043 2967 862 50 57 316 310 3319 1410 864 3281 3047 318 3321 
$EndElements
