$MeshFormat
4.1 0 8
$EndMeshFormat
$PhysicalNames
3
2 2 "Dirichlet"
2 3 "FreeSurface"
3 1 "Volume"
$EndPhysicalNames
$Entities
8 12 6 1
1 0 0 24 0 
2 0 0 0 0 
3 0 10 24 0 
4 0 10 0 0 
5 1000 0 24 0 
6 1000 0 0 0 
7 1000 10 24 0 
8 1000 10 0 0 
1 -1e-07 -1e-07 -9.99999993922529e-08 1e-07 1e-07 24.0000001 0 2 2 -1 
2 -1e-07 -1.000000002804313e-07 23.9999999 1e-07 10.0000001 24.0000001 0 2 1 -3 
3 -1e-07 9.999999900000001 -9.99999993922529e-08 1e-07 10.0000001 24.0000001 0 2 4 -3 
4 -1e-07 -1.000000002804313e-07 -1e-07 1e-07 10.0000001 1e-07 0 2 2 -4 
5 999.9999999 -1e-07 -9.99999993922529e-08 1000.0000001 1e-07 24.0000001 0 2 6 -5 
6 999.9999999 -1.000000002804313e-07 23.9999999 1000.0000001 10.0000001 24.0000001 0 2 5 -7 
7 999.9999999 9.999999900000001 -9.99999993922529e-08 1000.0000001 10.0000001 24.0000001 0 2 8 -7 
8 999.9999999 -1.000000002804313e-07 -1e-07 1000.0000001 10.0000001 1e-07 0 2 6 -8 
9 -1.000000224848918e-07 -1e-07 -1e-07 1000.0000001 1e-07 1e-07 0 2 2 -6 
10 -1.000000224848918e-07 -1e-07 23.9999999 1000.0000001 1e-07 24.0000001 0 2 1 -5 
11 -1.000000224848918e-07 9.999999900000001 -1e-07 1000.0000001 10.0000001 1e-07 0 2 4 -8 
12 -1.000000224848918e-07 9.999999900000001 23.9999999 1000.0000001 10.0000001 24.0000001 0 2 3 -7 
1 -1e-07 -1.000000002804313e-07 -9.99999993922529e-08 1e-07 10.0000001 24.0000001 1 2 4 -1 4 3 -2 
2 999.9999999 -1.000000002804313e-07 -9.99999993922529e-08 1000.0000001 10.0000001 24.0000001 1 2 4 -5 8 7 -6 
3 -1.000000224848918e-07 -1e-07 -9.99999993922529e-08 1000.0000001 1e-07 24.0000001 1 3 4 -9 1 10 -5 
4 -1.000000224848918e-07 9.999999900000001 -9.99999993922529e-08 1000.0000001 10.0000001 24.0000001 1 3 4 -11 3 12 -7 
5 -1.000000224848918e-07 -1.000000002804313e-07 -1e-07 1000.0000001 10.0000001 1e-07 1 3 4 -4 9 8 -11 
6 -1.000000224848918e-07 -1.000000002804313e-07 23.9999999 1000.0000001 10.0000001 24.0000001 1 3 4 -2 10 6 -12 
1 -1.000000224848918e-07 -1.000000002804313e-07 -9.99999993922529e-08 1000.0000001 10.0000001 24.0000001 1 1 6 -1 2 -3 4 -5 6 
$EndEntities
$Nodes
27 4025 1 4025
0 1 0 1
1
0 0 24
0 2 0 1
2
0 0 0
0 3 0 1
3
0 10 24
0 4 0 1
4
0 10 0
0 5 0 1
5
1000 0 24
0 6 0 1
6
1000 0 0
0 7 0 1
7
1000 10 24
0 8 0 1
8
1000 10 0
1 1 0 3
9
10
11
0 0 12
0 0 6
0 0 18
1 2 0 3
12
13
14
0 5 24
0 2.5 24
0 7.5 24
1 3 0 3
15
16
17
0 10 12
0 10 6
0 10 18
1 4 0 3
18
19
20
0 5 0
0 2.5 0
0 7.5 0
1 5 0 3
21
22
23
1000 0 12
1000 0 6
1000 0 18
1 6 0 3
24
25
26
1000 5 24
1000 2.5 24
1000 7.5 24
1 7 0 3
27
28
29
1000 10 12
1000 10 6
1000 10 18
1 8 0 3
30
31
32
1000 5 0
1000 2.5 0
1000 7.5 0
1 9 0 159
33
34
35
36
37
38
39
40
41
42
43
44
45
46
47
48
49
50
51
52
53
54
55
56
57
58
59
60
61
62
63
64
65
66
67
68
69
70
71
72
73
74
75
76
77
78
79
80
81
82
83
84
85
86
87
88
89
90
91
92
93
94
95
96
97
98
99
100
101
102
103
104
105
106
107
108
109
110
111
112
113
114
115
116
117
118
119
120
121
122
123
124
125
126
127
128
129
130
131
132
133
134
135
136
137
138
139
140
141
142
143
144
145
146
147
148
149
150
151
152
153
154
155
156
157
158
159
160
161
162
163
164
165
166
167
168
169
170
171
172
173
174
175
176
177
178
179
180
181
182
183
184
185
186
187
188
189
190
191
12.5 0 0
25 0 0
37.50000000000001 0 0
50 0 0
62.5 0 0
75.00000000000001 0 0
87.50000000000001 0 0
100 0 0
112.5 0 0
125 0 0
137.5 0 0
150 0 0
162.5 0 0
175 0 0
187.5 0 0
200 0 0
212.5 0 0
225 0 0
237.5 0 0
250 0 0
262.5 0 0
275 0 0
287.5000000000001 0 0
300.0000000000001 0 0
312.5 0 0
325 0 0
337.5 0 0
350.0000000000001 0 0
362.5000000000001 0 0
375 0 0
387.5 0 0
400 0 0
412.5000000000001 0 0
425.0000000000001 0 0
437.5 0 0
450 0 0
462.5 0 0
475.0000000000001 0 0
487.5000000000001 0 0
500 0 0
512.5000000000001 0 0
525 0 0
537.5 0 0
550 0 0
562.5 0 0
575.0000000000001 0 0
587.5 0 0
600.0000000000001 0 0
612.5 0 0
625 0 0
637.5000000000001 0 0
650 0 0
662.5000000000001 0 0
675 0 0
687.5 0 0
700.0000000000001 0 0
712.5 0 0
725.0000000000001 0 0
737.5 0 0
750 0 0
762.5000000000001 0 0
775 0 0
787.5000000000001 0 0
800 0 0
812.5 0 0
825.0000000000001 0 0
837.5 0 0
850.0000000000001 0 0
862.5 0 0
875 0 0
887.5000000000001 0 0
900 0 0
912.5000000000001 0 0
925 0 0
937.5 0 0
950.0000000000001 0 0
962.5 0 0
975.0000000000001 0 0
987.5 0 0
6.25 0 0
18.75 0 0
31.25 0 0
43.75000000000001 0 0
56.25 0 0
68.75 0 0
81.25000000000001 0 0
93.75 0 0
106.25 0 0
118.75 0 0
131.25 0 0
143.75 0 0
156.25 0 0
168.75 0 0
181.25 0 0
193.75 0 0
206.25 0 0
218.75 0 0
231.25 0 0
243.75 0 0
256.25 0 0
268.75 0 0
281.25 0 0
293.7500000000001 0 0
306.25 0 0
318.75 0 0
331.25 0 0
343.75 0 0
356.2500000000001 0 0
368.75 0 0
381.25 0 0
393.75 0 0
406.25 0 0
418.7500000000001 0 0
431.25 0 0
443.75 0 0
456.25 0 0
468.75 0 0
481.2500000000001 0 0
493.75 0 0
506.2500000000001 0 0
518.75 0 0
531.25 0 0
543.75 0 0
556.25 0 0
568.75 0 0
581.25 0 0
593.75 0 0
606.25 0 0
618.75 0 0
631.25 0 0
643.75 0 0
656.25 0 0
668.75 0 0
681.25 0 0
693.75 0 0
706.25 0 0
718.75 0 0
731.25 0 0
743.75 0 0
756.25 0 0
768.75 0 0
781.25 0 0
793.75 0 0
806.25 0 0
818.75 0 0
831.25 0 0
843.75 0 0
856.25 0 0
868.75 0 0
881.25 0 0
893.75 0 0
906.25 0 0
918.75 0 0
931.25 0 0
943.75 0 0
956.25 0 0
968.75 0 0
981.25 0 0
993.75 0 0
1 10 0 159
192
193
194
195
196
197
198
199
200
201
202
203
204
205
206
207
208
209
210
211
212
213
214
215
216
217
218
219
220
221
222
223
224
225
226
227
228
229
230
231
232
233
234
235
236
237
238
239
240
241
242
243
244
245
246
247
248
249
250
251
252
253
254
255
256
257
258
259
260
261
262
263
264
265
266
267
268
269
270
271
272
273
274
275
276
277
278
279
280
281
282
283
284
285
286
287
288
289
290
291
292
293
294
295
296
297
298
299
300
301
302
303
304
305
306
307
308
309
310
311
312
313
314
315
316
317
318
319
320
321
322
323
324
325
326
327
328
329
330
331
332
333
334
335
336
337
338
339
340
341
342
343
344
345
346
347
348
349
350
12.5 0 24
25 0 24
37.50000000000001 0 24
50 0 24
62.5 0 24
75.00000000000001 0 24
87.50000000000001 0 24
100 0 24
112.5 0 24
125 0 24
137.5 0 24
150 0 24
162.5 0 24
175 0 24
187.5 0 24
200 0 24
212.5 0 24
225 0 24
237.5 0 24
250 0 24
262.5 0 24
275 0 24
287.5000000000001 0 24
300.0000000000001 0 24
312.5 0 24
325 0 24
337.5 0 24
350.0000000000001 0 24
362.5000000000001 0 24
375 0 24
387.5 0 24
400 0 24
412.5000000000001 0 24
425.0000000000001 0 24
437.5 0 24
450 0 24
462.5 0 24
475.0000000000001 0 24
487.5000000000001 0 24
500 0 24
512.5000000000001 0 24
525 0 24
537.5 0 24
550 0 24
562.5 0 24
575.0000000000001 0 24
587.5 0 24
600.0000000000001 0 24
612.5 0 24
625 0 24
637.5000000000001 0 24
650 0 24
662.5000000000001 0 24
675 0 24
687.5 0 24
700.0000000000001 0 24
712.5 0 24
725.0000000000001 0 24
737.5 0 24
750 0 24
762.5000000000001 0 24
775 0 24
787.5000000000001 0 24
800 0 24
812.5 0 24
825.0000000000001 0 24
837.5 0 24
850.0000000000001 0 24
862.5 0 24
875 0 24
887.5000000000001 0 24
900 0 24
912.5000000000001 0 24
925 0 24
937.5 0 24
950.0000000000001 0 24
962.5 0 24
975.0000000000001 0 24
987.5 0 24
6.25 0 24
18.75 0 24
31.25 0 24
43.75000000000001 0 24
56.25 0 24
68.75 0 24
81.25000000000001 0 24
93.75 0 24
106.25 0 24
118.75 0 24
131.25 0 24
143.75 0 24
156.25 0 24
168.75 0 24
181.25 0 24
193.75 0 24
206.25 0 24
218.75 0 24
231.25 0 24
243.75 0 24
256.25 0 24
268.75 0 24
281.25 0 24
293.7500000000001 0 24
306.25 0 24
318.75 0 24
331.25 0 24
343.75 0 24
356.2500000000001 0 24
368.75 0 24
381.25 0 24
393.75 0 24
406.25 0 24
418.7500000000001 0 24
431.25 0 24
443.75 0 24
456.25 0 24
468.75 0 24
481.2500000000001 0 24
493.75 0 24
506.2500000000001 0 24
518.75 0 24
531.25 0 24
543.75 0 24
556.25 0 24
568.75 0 24
581.25 0 24
593.75 0 24
606.25 0 24
618.75 0 24
631.25 0 24
643.75 0 24
656.25 0 24
668.75 0 24
681.25 0 24
693.75 0 24
706.25 0 24
718.75 0 24
731.25 0 24
743.75 0 24
756.25 0 24
768.75 0 24
781.25 0 24
793.75 0 24
806.25 0 24
818.75 0 24
831.25 0 24
843.75 0 24
856.25 0 24
868.75 0 24
881.25 0 24
893.75 0 24
906.25 0 24
918.75 0 24
931.25 0 24
943.75 0 24
956.25 0 24
968.75 0 24
981.25 0 24
993.75 0 24
1 11 0 159
351
352
353
354
355
356
357
358
359
360
361
362
363
364
365
366
367
368
369
370
371
372
373
374
375
376
377
378
379
380
381
382
383
384
385
386
387
388
389
390
391
392
393
394
395
396
397
398
399
400
401
402
403
404
405
406
407
408
409
410
411
412
413
414
415
416
417
418
419
420
421
422
423
424
425
426
427
428
429
430
431
432
433
434
435
436
437
438
439
440
441
442
443
444
445
446
447
448
449
450
451
452
453
454
455
456
457
458
459
460
461
462
463
464
465
466
467
468
469
470
471
472
473
474
475
476
477
478
479
480
481
482
483
484
485
486
487
488
489
490
491
492
493
494
495
496
497
498
499
500
501
502
503
504
505
506
507
508
509
12.5 10 0
25 10 0
37.50000000000001 10 0
50 10 0
62.5 10 0
75.00000000000001 10 0
87.50000000000001 10 0
100 10 0
112.5 10 0
125 10 0
137.5 10 0
150 10 0
162.5 10 0
175 10 0
187.5 10 0
200 10 0
212.5 10 0
225 10 0
237.5 10 0
250 10 0
262.5 10 0
275 10 0
287.5000000000001 10 0
300.0000000000001 10 0
312.5 10 0
325 10 0
337.5 10 0
350.0000000000001 10 0
362.5000000000001 10 0
375 10 0
387.5 10 0
400 10 0
412.5000000000001 10 0
425.0000000000001 10 0
437.5 10 0
450 10 0
462.5 10 0
475.0000000000001 10 0
487.5000000000001 10 0
500 10 0
512.5000000000001 10 0
525 10 0
537.5 10 0
550 10 0
562.5 10 0
575.0000000000001 10 0
587.5 10 0
600.0000000000001 10 0
612.5 10 0
625 10 0
637.5000000000001 10 0
650 10 0
662.5000000000001 10 0
675 10 0
687.5 10 0
700.0000000000001 10 0
712.5 10 0
725.0000000000001 10 0
737.5 10 0
750 10 0
762.5000000000001 10 0
775 10 0
787.5000000000001 10 0
800 10 0
812.5 10 0
825.0000000000001 10 0
837.5 10 0
850.0000000000001 10 0
862.5 10 0
875 10 0
887.5000000000001 10 0
900 10 0
912.5000000000001 10 0
925 10 0
937.5 10 0
950.0000000000001 10 0
962.5 10 0
975.0000000000001 10 0
987.5 10 0
6.25 10 0
18.75 10 0
31.25 10 0
43.75000000000001 10 0
56.25 10 0
68.75 10 0
81.25000000000001 10 0
93.75 10 0
106.25 10 0
118.75 10 0
131.25 10 0
143.75 10 0
156.25 10 0
168.75 10 0
181.25 10 0
193.75 10 0
206.25 10 0
218.75 10 0
231.25 10 0
243.75 10 0
256.25 10 0
268.75 10 0
281.25 10 0
293.7500000000001 10 0
306.25 10 0
318.75 10 0
331.25 10 0
343.75 10 0
356.2500000000001 10 0
368.75 10 0
381.25 10 0
393.75 10 0
406.25 10 0
418.7500000000001 10 0
431.25 10 0
443.75 10 0
456.25 10 0
468.75 10 0
481.2500000000001 10 0
493.75 10 0
506.2500000000001 10 0
518.75 10 0
531.25 10 0
543.75 10 0
556.25 10 0
568.75 10 0
581.25 10 0
593.75 10 0
606.25 10 0
618.75 10 0
631.25 10 0
643.75 10 0
656.25 10 0
668.75 10 0
681.25 10 0
693.75 10 0
706.25 10 0
718.75 10 0
731.25 10 0
743.75 10 0
756.25 10 0
768.75 10 0
781.25 10 0
793.75 10 0
806.25 10 0
818.75 10 0
831.25 10 0
843.75 10 0
856.25 10 0
868.75 10 0
881.25 10 0
893.75 10 0
906.25 10 0
918.75 10 0
931.25 10 0
943.75 10 0
956.25 10 0
968.75 10 0
981.25 10 0
993.75 10 0
1 12 0 159
510
511
512
513
514
515
516
517
518
519
520
521
522
523
524
525
526
527
528
529
530
531
532
533
534
535
536
537
538
539
540
541
542
543
544
545
546
547
548
549
550
551
552
553
554
555
556
557
558
559
560
561
562
563
564
565
566
567
568
569
570
571
572
573
574
575
576
577
578
579
580
581
582
583
584
585
586
587
588
589
590
591
592
593
594
595
596
597
598
599
600
601
602
603
604
605
606
607
608
609
610
611
612
613
614
615
616
617
618
619
620
621
622
623
624
625
626
627
628
629
630
631
632
633
634
635
636
637
638
639
640
641
642
643
644
645
646
647
648
649
650
651
652
653
654
655
656
657
658
659
660
661
662
663
664
665
666
667
668
12.5 10 24
25 10 24
37.50000000000001 10 24
50 10 24
62.5 10 24
75.00000000000001 10 24
87.50000000000001 10 24
100 10 24
112.5 10 24
125 10 24
137.5 10 24
150 10 24
162.5 10 24
175 10 24
187.5 10 24
200 10 24
212.5 10 24
225 10 24
237.5 10 24
250 10 24
262.5 10 24
275 10 24
287.5000000000001 10 24
300.0000000000001 10 24
312.5 10 24
325 10 24
337.5 10 24
350.0000000000001 10 24
362.5000000000001 10 24
375 10 24
387.5 10 24
400 10 24
412.5000000000001 10 24
425.0000000000001 10 24
437.5 10 24
450 10 24
462.5 10 24
475.0000000000001 10 24
487.5000000000001 10 24
500 10 24
512.5000000000001 10 24
525 10 24
537.5 10 24
550 10 24
562.5 10 24
575.0000000000001 10 24
587.5 10 24
600.0000000000001 10 24
612.5 10 24
625 10 24
637.5000000000001 10 24
650 10 24
662.5000000000001 10 24
675 10 24
687.5 10 24
700.0000000000001 10 24
712.5 10 24
725.0000000000001 10 24
737.5 10 24
750 10 24
762.5000000000001 10 24
775 10 24
787.5000000000001 10 24
800 10 24
812.5 10 24
825.0000000000001 10 24
837.5 10 24
850.0000000000001 10 24
862.5 10 24
875 10 24
887.5000000000001 10 24
900 10 24
912.5000000000001 10 24
925 10 24
937.5 10 24
950.0000000000001 10 24
962.5 10 24
975.0000000000001 10 24
987.5 10 24
6.25 10 24
18.75 10 24
31.25 10 24
43.75000000000001 10 24
56.25 10 24
68.75 10 24
81.25000000000001 10 24
93.75 10 24
106.25 10 24
118.75 10 24
131.25 10 24
143.75 10 24
156.25 10 24
168.75 10 24
181.25 10 24
193.75 10 24
206.25 10 24
218.75 10 24
231.25 10 24
243.75 10 24
256.25 10 24
268.75 10 24
281.25 10 24
293.7500000000001 10 24
306.25 10 24
318.75 10 24
331.25 10 24
343.75 10 24
356.2500000000001 10 24
368.75 10 24
381.25 10 24
393.75 10 24
406.25 10 24
418.7500000000001 10 24
431.25 10 24
443.75 10 24
456.25 10 24
468.75 10 24
481.2500000000001 10 24
493.75 10 24
506.2500000000001 10 24
518.75 10 24
531.25 10 24
543.75 10 24
556.25 10 24
568.75 10 24
581.25 10 24
593.75 10 24
606.25 10 24
618.75 10 24
631.25 10 24
643.75 10 24
656.25 10 24
668.75 10 24
681.25 10 24
693.75 10 24
706.25 10 24
718.75 10 24
731.25 10 24
743.75 10 24
756.25 10 24
768.75 10 24
781.25 10 24
793.75 10 24
806.25 10 24
818.75 10 24
831.25 10 24
843.75 10 24
856.25 10 24
868.75 10 24
881.25 10 24
893.75 10 24
906.25 10 24
918.75 10 24
931.25 10 24
943.75 10 24
956.25 10 24
968.75 10 24
981.25 10 24
993.75 10 24
2 1 0 9
669
670
671
672
673
674
675
676
677
0 5 12
0 2.5 12
0 5 6
0 2.5 6
0 7.5 12
0 7.5 6
0 5 18
0 2.5 18
0 7.5 18
2 2 0 9
678
679
680
681
682
683
684
685
686
1000 5 12
1000 5 6
1000 2.5 12
1000 2.5 6
1000 7.5 12
1000 7.5 6
1000 5 18
1000 2.5 18
1000 7.5 18
2 3 0 477
687
688
689
690
691
692
693
694
695
696
697
698
699
700
701
702
703
704
705
706
707
708
709
710
711
712
713
714
715
716
717
718
719
720
721
722
723
724
725
726
727
728
729
730
731
732
733
734
735
736
737
738
739
740
741
742
743
744
745
746
747
748
749
750
751
752
753
754
755
756
757
758
759
760
761
762
763
764
765
766
767
768
769
770
771
772
773
774
775
776
777
778
779
780
781
782
783
784
785
786
787
788
789
790
791
792
793
794
795
796
797
798
799
800
801
802
803
804
805
806
807
808
809
810
811
812
813
814
815
816
817
818
819
820
821
822
823
824
825
826
827
828
829
830
831
832
833
834
835
836
837
838
839
840
841
842
843
844
845
846
847
848
849
850
851
852
853
854
855
856
857
858
859
860
861
862
863
864
865
866
867
868
869
870
871
872
873
874
875
876
877
878
879
880
881
882
883
884
885
886
887
888
889
890
891
892
893
894
895
896
897
898
899
900
901
902
903
904
905
906
907
908
909
910
911
912
913
914
915
916
917
918
919
920
921
922
923
924
925
926
927
928
929
930
931
932
933
934
935
936
937
938
939
940
941
942
943
944
945
946
947
948
949
950
951
952
953
954
955
956
957
958
959
960
961
962
963
964
965
966
967
968
969
970
971
972
973
974
975
976
977
978
979
980
981
982
983
984
985
986
987
988
989
990
991
992
993
994
995
996
997
998
999
1000
1001
1002
1003
1004
1005
1006
1007
1008
1009
1010
1011
1012
1013
1014
1015
1016
1017
1018
1019
1020
1021
1022
1023
1024
1025
1026
1027
1028
1029
1030
1031
1032
1033
1034
1035
1036
1037
1038
1039
1040
1041
1042
1043
1044
1045
1046
1047
1048
1049
1050
1051
1052
1053
1054
1055
1056
1057
1058
1059
1060
1061
1062
1063
1064
1065
1066
1067
1068
1069
1070
1071
1072
1073
1074
1075
1076
1077
1078
1079
1080
1081
1082
1083
1084
1085
1086
1087
1088
1089
1090
1091
1092
1093
1094
1095
1096
1097
1098
1099
1100
1101
1102
1103
1104
1105
1106
1107
1108
1109
1110
1111
1112
1113
1114
1115
1116
1117
1118
1119
1120
1121
1122
1123
1124
1125
1126
1127
1128
1129
1130
1131
1132
1133
1134
1135
1136
1137
1138
1139
1140
1141
1142
1143
1144
1145
1146
1147
1148
1149
1150
1151
1152
1153
1154
1155
1156
1157
1158
1159
1160
1161
1162
1163
12.5 0 12
25 0 12
37.50000000000001 0 12
50 0 12
62.5 0 12
75.00000000000001 0 12
87.50000000000001 0 12
100 0 12
112.5 0 12
125 0 12
137.5 0 12
150 0 12
162.5 0 12
175 0 12
187.5 0 12
200 0 12
212.5 0 12
225 0 12
237.5 0 12
250 0 12
262.5 0 12
275 0 12
287.5000000000001 0 12
300.0000000000001 0 12
312.5 0 12
325 0 12
337.5 0 12
350.0000000000001 0 12
362.5000000000001 0 12
375 0 12
387.5 0 12
400 0 12
412.5000000000001 0 12
425.0000000000001 0 12
437.5 0 12
450 0 12
462.5 0 12
475.0000000000001 0 12
487.5000000000001 0 12
500 0 12
512.5000000000001 0 12
525 0 12
537.5 0 12
550 0 12
562.5 0 12
575.0000000000001 0 12
587.5 0 12
600.0000000000001 0 12
612.5 0 12
625 0 12
637.5000000000001 0 12
650 0 12
662.5000000000001 0 12
675 0 12
687.5 0 12
700.0000000000001 0 12
712.5 0 12
725.0000000000001 0 12
737.5 0 12
750 0 12
762.5000000000001 0 12
775 0 12
787.5000000000001 0 12
800 0 12
812.5 0 12
825.0000000000001 0 12
837.5 0 12
850.0000000000001 0 12
862.5 0 12
875 0 12
887.5000000000001 0 12
900 0 12
912.5000000000001 0 12
925 0 12
937.5 0 12
950.0000000000001 0 12
962.5 0 12
975.0000000000001 0 12
987.5 0 12
12.5 0 6
6.25 0 12
6.25 0 6
12.5 0 18
6.25 0 18
25 0 6
18.75 0 12
18.75 0 6
25 0 18
18.75 0 18
37.50000000000001 0 6
31.25 0 12
31.25 0 6
37.50000000000001 0 18
31.25 0 18
50 0 6
43.75 0 12
43.75000000000001 0 6
50 0 18
43.75000000000001 0 18
62.5 0 6
56.25 0 12
56.25 0 6
62.5 0 18
56.25 0 18
75.00000000000001 0 6
68.75 0 12
68.75 0 6
75.00000000000001 0 18
68.75 0 18
87.50000000000001 0 6
81.25000000000001 0 12
81.25000000000001 0 6
87.50000000000001 0 18
81.25000000000001 0 18
100 0 6
93.75 0 12
93.75 0 6
100 0 18
93.75 0 18
112.5 0 6
106.25 0 12
106.25 0 6
112.5 0 18
106.25 0 18
125 0 6
118.75 0 12
118.75 0 6
125 0 18
118.75 0 18
137.5 0 6
131.25 0 12
131.25 0 6
137.5 0 18
131.25 0 18
150 0 6
143.75 0 12
143.75 0 6
150 0 18
143.75 0 18
162.5 0 6
156.25 0 12
156.25 0 6
162.5 0 18
156.25 0 18
175 0 6
168.75 0 12
168.75 0 6
175 0 18
168.75 0 18
187.5 0 6
181.25 0 12
181.25 0 6
187.5 0 18
181.25 0 18
200 0 6
193.75 0 12
193.75 0 6
200 0 18
193.75 0 18
212.5 0 6
206.25 0 12
206.25 0 6
212.5 0 18
206.25 0 18
225 0 6
218.75 0 12
218.75 0 6
225 0 18
218.75 0 18
237.5 0 6
231.25 0 12
231.25 0 6
237.5 0 18
231.25 0 18
250 0 6
243.75 0 12
243.75 0 6
250 0 18
243.75 0 18
262.5 0 6
256.25 0 12
256.25 0 6
262.5 0 18
256.25 0 18
275 0 6
268.75 0 12
268.75 0 6
275 0 18
268.75 0 18
287.5000000000001 0 6
281.25 0 12
281.25 0 6
287.5000000000001 0 18
281.25 0 18
300.0000000000001 0 6
293.7500000000001 0 12
293.7500000000001 0 6
300.0000000000001 0 18
293.7500000000001 0 18
312.5 0 6
306.25 0 12
306.25 0 6
312.5 0 18
306.25 0 18
325 0 6
318.75 0 12
318.75 0 6
325 0 18
318.75 0 18
337.5 0 6
331.25 0 12
331.25 0 6
337.5 0 18
331.25 0 18
350.0000000000001 0 6
343.75 0 12
343.75 0 6
350.0000000000001 0 18
343.75 0 18
362.5000000000001 0 6
356.2500000000001 0 12
356.2500000000001 0 6
362.5000000000001 0 18
356.2500000000001 0 18
375 0 6
368.75 0 12
368.75 0 6
375 0 18
368.75 0 18
387.5 0 6
381.25 0 12
381.25 0 6
387.5 0 18
381.25 0 18
400 0 6
393.75 0 12
393.75 0 6
400 0 18
393.75 0 18
412.5000000000001 0 6
406.25 0 12
406.25 0 6
412.5000000000001 0 18
406.25 0 18
425.0000000000001 0 6
418.7500000000001 0 12
418.7500000000001 0 6
425.0000000000001 0 18
418.7500000000001 0 18
437.5 0 6
431.25 0 12
431.25 0 6
437.5 0 18
431.25 0 18
450 0 6
443.75 0 12
443.75 0 6
450 0 18
443.75 0 18
462.5 0 6
456.25 0 12
456.25 0 6
462.5 0 18
456.25 0 18
475.0000000000001 0 6
468.75 0 12
468.75 0 6
475.0000000000001 0 18
468.75 0 18
487.5000000000001 0 6
481.2500000000001 0 12
481.2500000000001 0 6
487.5000000000001 0 18
481.2500000000001 0 18
500 0 6
493.75 0 12
493.75 0 6
500 0 18
493.75 0 18
512.5000000000001 0 6
506.2500000000001 0 12
506.2500000000001 0 6
512.5000000000001 0 18
506.2500000000001 0 18
525 0 6
518.75 0 12
518.75 0 6
525 0 18
518.75 0 18
537.5 0 6
531.25 0 12
531.25 0 6
537.5 0 18
531.25 0 18
550 0 6
543.75 0 12
543.75 0 6
550 0 18
543.75 0 18
562.5 0 6
556.25 0 12
556.25 0 6
562.5 0 18
556.25 0 18
575.0000000000001 0 6
568.75 0 12
568.75 0 6
575.0000000000001 0 18
568.75 0 18
587.5 0 6
581.25 0 12
581.25 0 6
587.5 0 18
581.25 0 18
600.0000000000001 0 6
593.75 0 12
593.75 0 6
600.0000000000001 0 18
593.75 0 18
612.5 0 6
606.25 0 12
606.25 0 6
612.5 0 18
606.25 0 18
625 0 6
618.75 0 12
618.75 0 6
625 0 18
618.75 0 18
637.5000000000001 0 6
631.25 0 12
631.25 0 6
637.5000000000001 0 18
631.25 0 18
650 0 6
643.75 0 12
643.75 0 6
650 0 18
643.75 0 18
662.5000000000001 0 6
656.25 0 12
656.25 0 6
662.5000000000001 0 18
656.25 0 18
675 0 6
668.75 0 12
668.75 0 6
675 0 18
668.75 0 18
687.5 0 6
681.25 0 12
681.25 0 6
687.5 0 18
681.25 0 18
700.0000000000001 0 6
693.75 0 12
693.75 0 6
700.0000000000001 0 18
693.75 0 18
712.5 0 6
706.25 0 12
706.25 0 6
712.5 0 18
706.25 0 18
725.0000000000001 0 6
718.75 0 12
718.75 0 6
725.0000000000001 0 18
718.75 0 18
737.5 0 6
731.25 0 12
731.25 0 6
737.5 0 18
731.25 0 18
750 0 6
743.75 0 12
743.75 0 6
750 0 18
743.75 0 18
762.5000000000001 0 6
756.25 0 12
756.25 0 6
762.5000000000001 0 18
756.25 0 18
775 0 6
768.75 0 12
768.75 0 6
775 0 18
768.75 0 18
787.5000000000001 0 6
781.25 0 12
781.25 0 6
787.5000000000001 0 18
781.25 0 18
800 0 6
793.75 0 12
793.75 0 6
800 0 18
793.75 0 18
812.5 0 6
806.25 0 12
806.25 0 6
812.5 0 18
806.25 0 18
825.0000000000001 0 6
818.75 0 12
818.75 0 6
825.0000000000001 0 18
818.75 0 18
837.5 0 6
831.25 0 12
831.25 0 6
837.5 0 18
831.25 0 18
850.0000000000001 0 6
843.75 0 12
843.75 0 6
850.0000000000001 0 18
843.75 0 18
862.5 0 6
856.25 0 12
856.25 0 6
862.5 0 18
856.25 0 18
875 0 6
868.75 0 12
868.75 0 6
875 0 18
868.75 0 18
887.5000000000001 0 6
881.25 0 12
881.25 0 6
887.5000000000001 0 18
881.25 0 18
900 0 6
893.75 0 12
893.75 0 6
900 0 18
893.75 0 18
912.5000000000001 0 6
906.25 0 12
906.25 0 6
912.5000000000001 0 18
906.25 0 18
925 0 6
918.75 0 12
918.75 0 6
925 0 18
918.75 0 18
937.5 0 6
931.25 0 12
931.25 0 6
937.5 0 18
931.25 0 18
950.0000000000001 0 6
943.75 0 12
943.75 0 6
950.0000000000001 0 18
943.75 0 18
962.5 0 6
956.25 0 12
956.25 0 6
962.5 0 18
956.25 0 18
975.0000000000001 0 6
968.75 0 12
968.75 0 6
975.0000000000001 0 18
968.75 0 18
987.5 0 6
981.25 0 12
981.25 0 6
987.5 0 18
981.25 0 18
993.75 0 12
993.75 0 6
993.75 0 18
2 4 0 477
1164
1165
1166
1167
1168
1169
1170
1171
1172
1173
1174
1175
1176
1177
1178
1179
1180
1181
1182
1183
1184
1185
1186
1187
1188
1189
1190
1191
1192
1193
1194
1195
1196
1197
1198
1199
1200
1201
1202
1203
1204
1205
1206
1207
1208
1209
1210
1211
1212
1213
1214
1215
1216
1217
1218
1219
1220
1221
1222
1223
1224
1225
1226
1227
1228
1229
1230
1231
1232
1233
1234
1235
1236
1237
1238
1239
1240
1241
1242
1243
1244
1245
1246
1247
1248
1249
1250
1251
1252
1253
1254
1255
1256
1257
1258
1259
1260
1261
1262
1263
1264
1265
1266
1267
1268
1269
1270
1271
1272
1273
1274
1275
1276
1277
1278
1279
1280
1281
1282
1283
1284
1285
1286
1287
1288
1289
1290
1291
1292
1293
1294
1295
1296
1297
1298
1299
1300
1301
1302
1303
1304
1305
1306
1307
1308
1309
1310
1311
1312
1313
1314
1315
1316
1317
1318
1319
1320
1321
1322
1323
1324
1325
1326
1327
1328
1329
1330
1331
1332
1333
1334
1335
1336
1337
1338
1339
1340
1341
1342
1343
1344
1345
1346
1347
1348
1349
1350
1351
1352
1353
1354
1355
1356
1357
1358
1359
1360
1361
1362
1363
1364
1365
1366
1367
1368
1369
1370
1371
1372
1373
1374
1375
1376
1377
1378
1379
1380
1381
1382
1383
1384
1385
1386
1387
1388
1389
1390
1391
1392
1393
1394
1395
1396
1397
1398
1399
1400
1401
1402
1403
1404
1405
1406
1407
1408
1409
1410
1411
1412
1413
1414
1415
1416
1417
1418
1419
1420
1421
1422
1423
1424
1425
1426
1427
1428
1429
1430
1431
1432
1433
1434
1435
1436
1437
1438
1439
1440
1441
1442
1443
1444
1445
1446
1447
1448
1449
1450
1451
1452
1453
1454
1455
1456
1457
1458
1459
1460
1461
1462
1463
1464
1465
1466
1467
1468
1469
1470
1471
1472
1473
1474
1475
1476
1477
1478
1479
1480
1481
1482
1483
1484
1485
1486
1487
1488
1489
1490
1491
1492
1493
1494
1495
1496
1497
1498
1499
1500
1501
1502
1503
1504
1505
1506
1507
1508
1509
1510
1511
1512
1513
1514
1515
1516
1517
1518
1519
1520
1521
1522
1523
1524
1525
1526
1527
1528
1529
1530
1531
1532
1533
1534
1535
1536
1537
1538
1539
1540
1541
1542
1543
1544
1545
1546
1547
1548
1549
1550
1551
1552
1553
1554
1555
1556
1557
1558
1559
1560
1561
1562
1563
1564
1565
1566
1567
1568
1569
1570
1571
1572
1573
1574
1575
1576
1577
1578
1579
1580
1581
1582
1583
1584
1585
1586
1587
1588
1589
1590
1591
1592
1593
1594
1595
1596
1597
1598
1599
1600
1601
1602
1603
1604
1605
1606
1607
1608
1609
1610
1611
1612
1613
1614
1615
1616
1617
1618
1619
1620
1621
1622
1623
1624
1625
1626
1627
1628
1629
1630
1631
1632
1633
1634
1635
1636
1637
1638
1639
1640
12.5 10 12
25 10 12
37.50000000000001 10 12
50 10 12
62.5 10 12
75.00000000000001 10 12
87.50000000000001 10 12
100 10 12
112.5 10 12
125 10 12
137.5 10 12
150 10 12
162.5 10 12
175 10 12
187.5 10 12
200 10 12
212.5 10 12
225 10 12
237.5 10 12
250 10 12
262.5 10 12
275 10 12
287.5000000000001 10 12
300.0000000000001 10 12
312.5 10 12
325 10 12
337.5 10 12
350.0000000000001 10 12
362.5000000000001 10 12
375 10 12
387.5 10 12
400 10 12
412.5000000000001 10 12
425.0000000000001 10 12
437.5 10 12
450 10 12
462.5 10 12
475.0000000000001 10 12
487.5000000000001 10 12
500 10 12
512.5000000000001 10 12
525 10 12
537.5 10 12
550 10 12
562.5 10 12
575.0000000000001 10 12
587.5 10 12
600.0000000000001 10 12
612.5 10 12
625 10 12
637.5000000000001 10 12
650 10 12
662.5000000000001 10 12
675 10 12
687.5 10 12
700.0000000000001 10 12
712.5 10 12
725.0000000000001 10 12
737.5 10 12
750 10 12
762.5000000000001 10 12
775 10 12
787.5000000000001 10 12
800 10 12
812.5 10 12
825.0000000000001 10 12
837.5 10 12
850.0000000000001 10 12
862.5 10 12
875 10 12
887.5000000000001 10 12
900 10 12
912.5000000000001 10 12
925 10 12
937.5 10 12
950.0000000000001 10 12
962.5 10 12
975.0000000000001 10 12
987.5 10 12
6.25 10 12
12.5 10 6
6.25 10 6
12.5 10 18
6.25 10 18
18.75 10 12
25 10 6
18.75 10 6
25 10 18
18.75 10 18
31.25 10 12
37.50000000000001 10 6
31.25000000000001 10 6
37.50000000000001 10 18
31.25000000000001 10 18
43.75 10 12
50 10 6
43.75000000000001 10 6
50 10 18
43.75000000000001 10 18
56.25 10 12
62.5 10 6
56.25 10 6
62.5 10 18
56.25 10 18
68.75 10 12
75.00000000000001 10 6
68.75 10 6
75.00000000000001 10 18
68.75 10 18
81.25000000000001 10 12
87.50000000000001 10 6
81.25000000000001 10 6
87.50000000000001 10 18
81.25000000000001 10 18
93.75 10 12
100 10 6
93.75 10 6
100 10 18
93.75 10 18
106.25 10 12
112.5 10 6
106.25 10 6
112.5 10 18
106.25 10 18
118.75 10 12
125 10 6
118.75 10 6
125 10 18
118.75 10 18
131.25 10 12
137.5 10 6
131.25 10 6
137.5 10 18
131.25 10 18
143.75 10 12
150 10 6
143.75 10 6
150 10 18
143.75 10 18
156.25 10 12
162.5 10 6
156.25 10 6
162.5 10 18
156.25 10 18
168.75 10 12
175 10 6
168.75 10 6
175 10 18
168.75 10 18
181.25 10 12
187.5 10 6
181.25 10 6
187.5 10 18
181.25 10 18
193.75 10 12
200 10 6
193.75 10 6
200 10 18
193.75 10 18
206.25 10 12
212.5 10 6
206.25 10 6
212.5 10 18
206.25 10 18
218.75 10 12
225 10 6
218.75 10 6
225 10 18
218.75 10 18
231.25 10 12
237.5 10 6
231.25 10 6
237.5 10 18
231.25 10 18
243.75 10 12
250 10 6
243.75 10 6
250 10 18
243.75 10 18
256.25 10 12
262.5 10 6
256.25 10 6
262.5 10 18
256.25 10 18
268.75 10 12
275 10 6
268.75 10 6
275 10 18
268.75 10 18
281.25 10 12
287.5000000000001 10 6
281.25 10 6
287.5000000000001 10 18
281.25 10 18
293.7500000000001 10 12
300.0000000000001 10 6
293.7500000000001 10 6
300.0000000000001 10 18
293.7500000000001 10 18
306.25 10 12
312.5 10 6
306.25 10 6
312.5 10 18
306.25 10 18
318.75 10 12
325 10 6
318.75 10 6
325 10 18
318.75 10 18
331.25 10 12
337.5 10 6
331.25 10 6
337.5 10 18
331.25 10 18
343.75 10 12
350.0000000000001 10 6
343.75 10 6
350.0000000000001 10 18
343.75 10 18
356.2500000000001 10 12
362.5000000000001 10 6
356.2500000000001 10 6
362.5000000000001 10 18
356.2500000000001 10 18
368.75 10 12
375 10 6
368.75 10 6
375 10 18
368.75 10 18
381.25 10 12
387.5 10 6
381.25 10 6
387.5 10 18
381.25 10 18
393.75 10 12
400 10 6
393.75 10 6
400 10 18
393.75 10 18
406.25 10 12
412.5000000000001 10 6
406.25 10 6
412.5000000000001 10 18
406.25 10 18
418.7500000000001 10 12
425.0000000000001 10 6
418.7500000000001 10 6
425.0000000000001 10 18
418.7500000000001 10 18
431.25 10 12
437.5 10 6
431.25 10 6
437.5 10 18
431.25 10 18
443.75 10 12
450 10 6
443.75 10 6
450 10 18
443.75 10 18
456.25 10 12
462.5 10 6
456.25 10 6
462.5 10 18
456.25 10 18
468.75 10 12
475.0000000000001 10 6
468.75 10 6
475.0000000000001 10 18
468.75 10 18
481.2500000000001 10 12
487.5000000000001 10 6
481.2500000000001 10 6
487.5000000000001 10 18
481.2500000000001 10 18
493.75 10 12
500 10 6
493.75 10 6
500 10 18
493.75 10 18
506.2500000000001 10 12
512.5000000000001 10 6
506.2500000000001 10 6
512.5000000000001 10 18
506.2500000000001 10 18
518.75 10 12
525 10 6
518.75 10 6
525 10 18
518.75 10 18
531.25 10 12
537.5 10 6
531.25 10 6
537.5 10 18
531.25 10 18
543.75 10 12
550 10 6
543.75 10 6
550 10 18
543.75 10 18
556.25 10 12
562.5 10 6
556.25 10 6
562.5 10 18
556.25 10 18
568.75 10 12
575.0000000000001 10 6
568.75 10 6
575.0000000000001 10 18
568.75 10 18
581.25 10 12
587.5 10 6
581.25 10 6
587.5 10 18
581.25 10 18
593.75 10 12
600.0000000000001 10 6
593.75 10 6
600.0000000000001 10 18
593.75 10 18
606.25 10 12
612.5 10 6
606.25 10 6
612.5 10 18
606.25 10 18
618.75 10 12
625 10 6
618.75 10 6
625 10 18
618.75 10 18
631.25 10 12
637.5000000000001 10 6
631.25 10 6
637.5000000000001 10 18
631.25 10 18
643.75 10 12
650 10 6
643.75 10 6
650 10 18
643.75 10 18
656.25 10 12
662.5000000000001 10 6
656.25 10 6
662.5000000000001 10 18
656.25 10 18
668.75 10 12
675 10 6
668.75 10 6
675 10 18
668.75 10 18
681.25 10 12
687.5 10 6
681.25 10 6
687.5 10 18
681.25 10 18
693.75 10 12
700.0000000000001 10 6
693.75 10 6
700.0000000000001 10 18
693.75 10 18
706.25 10 12
712.5 10 6
706.25 10 6
712.5 10 18
706.25 10 18
718.75 10 12
725.0000000000001 10 6
718.75 10 6
725.0000000000001 10 18
718.75 10 18
731.25 10 12
737.5 10 6
731.25 10 6
737.5 10 18
731.25 10 18
743.75 10 12
750 10 6
743.75 10 6
750 10 18
743.75 10 18
756.25 10 12
762.5000000000001 10 6
756.25 10 6
762.5000000000001 10 18
756.25 10 18
768.75 10 12
775 10 6
768.75 10 6
775 10 18
768.75 10 18
781.25 10 12
787.5000000000001 10 6
781.25 10 6
787.5000000000001 10 18
781.25 10 18
793.75 10 12
800 10 6
793.75 10 6
800 10 18
793.75 10 18
806.25 10 12
812.5 10 6
806.25 10 6
812.5 10 18
806.25 10 18
818.75 10 12
825.0000000000001 10 6
818.75 10 6
825.0000000000001 10 18
818.75 10 18
831.25 10 12
837.5 10 6
831.25 10 6
837.5 10 18
831.25 10 18
843.75 10 12
850.0000000000001 10 6
843.75 10 6
850.0000000000001 10 18
843.75 10 18
856.25 10 12
862.5 10 6
856.25 10 6
862.5 10 18
856.25 10 18
868.75 10 12
875 10 6
868.75 10 6
875 10 18
868.75 10 18
881.25 10 12
887.5000000000001 10 6
881.25 10 6
887.5000000000001 10 18
881.25 10 18
893.75 10 12
900 10 6
893.75 10 6
900 10 18
893.75 10 18
906.25 10 12
912.5000000000001 10 6
906.25 10 6
912.5000000000001 10 18
906.25 10 18
918.75 10 12
925 10 6
918.75 10 6
925 10 18
918.75 10 18
931.25 10 12
937.5 10 6
931.25 10 6
937.5 10 18
931.25 10 18
943.75 10 12
950.0000000000001 10 6
943.75 10 6
950.0000000000001 10 18
943.75 10 18
956.25 10 12
962.5 10 6
956.25 10 6
962.5 10 18
956.25 10 18
968.75 10 12
975.0000000000001 10 6
968.75 10 6
975.0000000000001 10 18
968.75 10 18
981.25 10 12
987.5 10 6
981.25 10 6
987.5 10 18
981.25 10 18
993.75 10 12
993.75 10 6
993.75 10 18
2 5 0 477
1641
1642
1643
1644
1645
1646
1647
1648
1649
1650
1651
1652
1653
1654
1655
1656
1657
1658
1659
1660
1661
1662
1663
1664
1665
1666
1667
1668
1669
1670
1671
1672
1673
1674
1675
1676
1677
1678
1679
1680
1681
1682
1683
1684
1685
1686
1687
1688
1689
1690
1691
1692
1693
1694
1695
1696
1697
1698
1699
1700
1701
1702
1703
1704
1705
1706
1707
1708
1709
1710
1711
1712
1713
1714
1715
1716
1717
1718
1719
1720
1721
1722
1723
1724
1725
1726
1727
1728
1729
1730
1731
1732
1733
1734
1735
1736
1737
1738
1739
1740
1741
1742
1743
1744
1745
1746
1747
1748
1749
1750
1751
1752
1753
1754
1755
1756
1757
1758
1759
1760
1761
1762
1763
1764
1765
1766
1767
1768
1769
1770
1771
1772
1773
1774
1775
1776
1777
1778
1779
1780
1781
1782
1783
1784
1785
1786
1787
1788
1789
1790
1791
1792
1793
1794
1795
1796
1797
1798
1799
1800
1801
1802
1803
1804
1805
1806
1807
1808
1809
1810
1811
1812
1813
1814
1815
1816
1817
1818
1819
1820
1821
1822
1823
1824
1825
1826
1827
1828
1829
1830
1831
1832
1833
1834
1835
1836
1837
1838
1839
1840
1841
1842
1843
1844
1845
1846
1847
1848
1849
1850
1851
1852
1853
1854
1855
1856
1857
1858
1859
1860
1861
1862
1863
1864
1865
1866
1867
1868
1869
1870
1871
1872
1873
1874
1875
1876
1877
1878
1879
1880
1881
1882
1883
1884
1885
1886
1887
1888
1889
1890
1891
1892
1893
1894
1895
1896
1897
1898
1899
1900
1901
1902
1903
1904
1905
1906
1907
1908
1909
1910
1911
1912
1913
1914
1915
1916
1917
1918
1919
1920
1921
1922
1923
1924
1925
1926
1927
1928
1929
1930
1931
1932
1933
1934
1935
1936
1937
1938
1939
1940
1941
1942
1943
1944
1945
1946
1947
1948
1949
1950
1951
1952
1953
1954
1955
1956
1957
1958
1959
1960
1961
1962
1963
1964
1965
1966
1967
1968
1969
1970
1971
1972
1973
1974
1975
1976
1977
1978
1979
1980
1981
1982
1983
1984
1985
1986
1987
1988
1989
1990
1991
1992
1993
1994
1995
1996
1997
1998
1999
2000
2001
2002
2003
2004
2005
2006
2007
2008
2009
2010
2011
2012
2013
2014
2015
2016
2017
2018
2019
2020
2021
2022
2023
2024
2025
2026
2027
2028
2029
2030
2031
2032
2033
2034
2035
2036
2037
2038
2039
2040
2041
2042
2043
2044
2045
2046
2047
2048
2049
2050
2051
2052
2053
2054
2055
2056
2057
2058
2059
2060
2061
2062
2063
2064
2065
2066
2067
2068
2069
2070
2071
2072
2073
2074
2075
2076
2077
2078
2079
2080
2081
2082
2083
2084
2085
2086
2087
2088
2089
2090
2091
2092
2093
2094
2095
2096
2097
2098
2099
2100
2101
2102
2103
2104
2105
2106
2107
2108
2109
2110
2111
2112
2113
2114
2115
2116
2117
12.5 5 0
25 5 0
37.50000000000001 5 0
50 5 0
62.5 5 0
75.00000000000001 5 0
87.50000000000001 5 0
100 5 0
112.5 5 0
125 5 0
137.5 5 0
150 5 0
162.5 5 0
175 5 0
187.5 5 0
200 5 0
212.5 5 0
225 5 0
237.5 5 0
250 5 0
262.5 5 0
275 5 0
287.5000000000001 5 0
300.0000000000001 5 0
312.5 5 0
325 5 0
337.5 5 0
350.0000000000001 5 0
362.5000000000001 5 0
375 5 0
387.5 5 0
400 5 0
412.5000000000001 5 0
425.0000000000001 5 0
437.5 5 0
450 5 0
462.5 5 0
475.0000000000001 5 0
487.5000000000001 5 0
500 5 0
512.5000000000001 5 0
525 5 0
537.5 5 0
550 5 0
562.5 5 0
575.0000000000001 5 0
587.5 5 0
600.0000000000001 5 0
612.5 5 0
625 5 0
637.5000000000001 5 0
650 5 0
662.5000000000001 5 0
675 5 0
687.5 5 0
700.0000000000001 5 0
712.5 5 0
725.0000000000001 5 0
737.5 5 0
750 5 0
762.5000000000001 5 0
775 5 0
787.5000000000001 5 0
800 5 0
812.5 5 0
825.0000000000001 5 0
837.5 5 0
850.0000000000001 5 0
862.5 5 0
875 5 0
887.5000000000001 5 0
900 5 0
912.5000000000001 5 0
925 5 0
937.5 5 0
950.0000000000001 5 0
962.5 5 0
975.0000000000001 5 0
987.5 5 0
6.25 5 0
12.5 2.5 0
6.25 2.5 0
18.75 5 0
25 2.5 0
18.75 2.5 0
31.25 5 0
37.50000000000001 2.5 0
31.25000000000001 2.5 0
43.75 5 0
50 2.5 0
43.75000000000001 2.5 0
56.25 5 0
62.5 2.5 0
56.25 2.5 0
68.75 5 0
75.00000000000001 2.5 0
68.75 2.5 0
81.25000000000001 5 0
87.50000000000001 2.5 0
81.25000000000001 2.5 0
93.75 5 0
100 2.5 0
93.75 2.5 0
106.25 5 0
112.5 2.5 0
106.25 2.5 0
118.75 5 0
125 2.5 0
118.75 2.5 0
131.25 5 0
137.5 2.5 0
131.25 2.5 0
143.75 5 0
150 2.5 0
143.75 2.5 0
156.25 5 0
162.5 2.5 0
156.25 2.5 0
168.75 5 0
175 2.5 0
168.75 2.5 0
181.25 5 0
187.5 2.5 0
181.25 2.5 0
193.75 5 0
200 2.5 0
193.75 2.5 0
206.25 5 0
212.5 2.5 0
206.25 2.5 0
218.75 5 0
225 2.5 0
218.75 2.5 0
231.25 5 0
237.5 2.5 0
231.25 2.5 0
243.75 5 0
250 2.5 0
243.75 2.5 0
256.25 5 0
262.5 2.5 0
256.25 2.5 0
268.75 5 0
275 2.5 0
268.75 2.5 0
281.25 5 0
287.5000000000001 2.5 0
281.25 2.5 0
293.7500000000001 5 0
300.0000000000001 2.5 0
293.7500000000001 2.5 0
306.25 5 0
312.5 2.5 0
306.25 2.5 0
318.75 5 0
325 2.5 0
318.75 2.5 0
331.25 5 0
337.5 2.5 0
331.25 2.5 0
343.75 5 0
350.0000000000001 2.5 0
343.75 2.5 0
356.2500000000001 5 0
362.5000000000001 2.5 0
356.2500000000001 2.5 0
368.75 5 0
375 2.5 0
368.75 2.5 0
381.25 5 0
387.5 2.5 0
381.25 2.5 0
393.75 5 0
400 2.5 0
393.75 2.5 0
406.25 5 0
412.5000000000001 2.5 0
406.25 2.5 0
418.7500000000001 5 0
425.0000000000001 2.5 0
418.7500000000001 2.5 0
431.25 5 0
437.5 2.5 0
431.25 2.5 0
443.75 5 0
450 2.5 0
443.75 2.5 0
456.25 5 0
462.5 2.5 0
456.25 2.5 0
468.75 5 0
475.0000000000001 2.5 0
468.75 2.5 0
481.2500000000001 5 0
487.5000000000001 2.5 0
481.2500000000001 2.5 0
493.75 5 0
500 2.5 0
493.75 2.5 0
506.2500000000001 5 0
512.5000000000001 2.5 0
506.2500000000001 2.5 0
518.75 5 0
525 2.5 0
518.75 2.5 0
531.25 5 0
537.5 2.5 0
531.25 2.5 0
543.75 5 0
550 2.5 0
543.75 2.5 0
556.25 5 0
562.5 2.5 0
556.25 2.5 0
568.75 5 0
575.0000000000001 2.5 0
568.75 2.5 0
581.25 5 0
587.5 2.5 0
581.25 2.5 0
593.75 5 0
600.0000000000001 2.5 0
593.75 2.5 0
606.25 5 0
612.5 2.5 0
606.25 2.5 0
618.75 5 0
625 2.5 0
618.75 2.5 0
631.25 5 0
637.5000000000001 2.5 0
631.25 2.5 0
643.75 5 0
650 2.5 0
643.75 2.5 0
656.25 5 0
662.5000000000001 2.5 0
656.25 2.5 0
668.75 5 0
675 2.5 0
668.75 2.5 0
681.25 5 0
687.5 2.5 0
681.25 2.5 0
693.75 5 0
700.0000000000001 2.5 0
693.75 2.5 0
706.25 5 0
712.5 2.5 0
706.25 2.5 0
718.75 5 0
725.0000000000001 2.5 0
718.75 2.5 0
731.25 5 0
737.5 2.5 0
731.25 2.5 0
743.75 5 0
750 2.5 0
743.75 2.5 0
756.25 5 0
762.5000000000001 2.5 0
756.25 2.5 0
768.75 5 0
775 2.5 0
768.75 2.5 0
781.25 5 0
787.5000000000001 2.5 0
781.25 2.5 0
793.75 5 0
800 2.5 0
793.75 2.5 0
806.25 5 0
812.5 2.5 0
806.25 2.5 0
818.75 5 0
825.0000000000001 2.5 0
818.75 2.5 0
831.25 5 0
837.5 2.5 0
831.25 2.5 0
843.75 5 0
850.0000000000001 2.5 0
843.75 2.5 0
856.25 5 0
862.5 2.5 0
856.25 2.5 0
868.75 5 0
875 2.5 0
868.75 2.5 0
881.25 5 0
887.5000000000001 2.5 0
881.25 2.5 0
893.75 5 0
900 2.5 0
893.75 2.5 0
906.25 5 0
912.5000000000001 2.5 0
906.25 2.5 0
918.75 5 0
925 2.5 0
918.75 2.5 0
931.25 5 0
937.5 2.5 0
931.25 2.5 0
943.75 5 0
950.0000000000001 2.5 0
943.75 2.5 0
956.25 5 0
962.5 2.5 0
956.25 2.5 0
968.75 5 0
975.0000000000001 2.5 0
968.75 2.5 0
981.25 5 0
987.5 2.5 0
981.25 2.5 0
993.75 5 0
993.75 2.5 0
12.5 7.5 0
6.25 7.5 0
25 7.5 0
18.75 7.5 0
37.50000000000001 7.5 0
31.25000000000001 7.5 0
50 7.5 0
43.75000000000001 7.5 0
62.5 7.5 0
56.25 7.5 0
75.00000000000001 7.5 0
68.75 7.5 0
87.50000000000001 7.5 0
81.25000000000001 7.5 0
100 7.5 0
93.75 7.5 0
112.5 7.5 0
106.25 7.5 0
125 7.5 0
118.75 7.5 0
137.5 7.5 0
131.25 7.5 0
150 7.5 0
143.75 7.5 0
162.5 7.5 0
156.25 7.5 0
175 7.5 0
168.75 7.5 0
187.5 7.5 0
181.25 7.5 0
200 7.5 0
193.75 7.5 0
212.5 7.5 0
206.25 7.5 0
225 7.5 0
218.75 7.5 0
237.5 7.5 0
231.25 7.5 0
250 7.5 0
243.75 7.5 0
262.5 7.5 0
256.25 7.5 0
275 7.5 0
268.75 7.5 0
287.5000000000001 7.5 0
281.25 7.5 0
300.0000000000001 7.5 0
293.7500000000001 7.5 0
312.5 7.5 0
306.25 7.5 0
325 7.5 0
318.75 7.5 0
337.5 7.5 0
331.25 7.5 0
350.0000000000001 7.5 0
343.75 7.5 0
362.5000000000001 7.5 0
356.2500000000001 7.5 0
375 7.5 0
368.75 7.5 0
387.5 7.5 0
381.25 7.5 0
400 7.5 0
393.75 7.5 0
412.5000000000001 7.5 0
406.25 7.5 0
425.0000000000001 7.5 0
418.7500000000001 7.5 0
437.5 7.5 0
431.25 7.5 0
450 7.5 0
443.75 7.5 0
462.5 7.5 0
456.25 7.5 0
475.0000000000001 7.5 0
468.75 7.5 0
487.5000000000001 7.5 0
481.2500000000001 7.5 0
500 7.5 0
493.75 7.5 0
512.5000000000001 7.5 0
506.2500000000001 7.5 0
525 7.5 0
518.75 7.5 0
537.5 7.5 0
531.25 7.5 0
550 7.5 0
543.75 7.5 0
562.5 7.5 0
556.25 7.5 0
575.0000000000001 7.5 0
568.75 7.5 0
587.5 7.5 0
581.25 7.5 0
600.0000000000001 7.5 0
593.75 7.5 0
612.5 7.5 0
606.25 7.5 0
625 7.5 0
618.75 7.5 0
637.5000000000001 7.5 0
631.25 7.5 0
650 7.5 0
643.75 7.5 0
662.5000000000001 7.5 0
656.25 7.5 0
675 7.5 0
668.75 7.5 0
687.5 7.5 0
681.25 7.5 0
700.0000000000001 7.5 0
693.75 7.5 0
712.5 7.5 0
706.25 7.5 0
725.0000000000001 7.5 0
718.75 7.5 0
737.5 7.5 0
731.25 7.5 0
750 7.5 0
743.75 7.5 0
762.5000000000001 7.5 0
756.25 7.5 0
775 7.5 0
768.75 7.5 0
787.5000000000001 7.5 0
781.25 7.5 0
800 7.5 0
793.75 7.5 0
812.5 7.5 0
806.25 7.5 0
825.0000000000001 7.5 0
818.75 7.5 0
837.5 7.5 0
831.25 7.5 0
850.0000000000001 7.5 0
843.75 7.5 0
862.5 7.5 0
856.25 7.5 0
875 7.5 0
868.75 7.5 0
887.5000000000001 7.5 0
881.25 7.5 0
900 7.5 0
893.75 7.5 0
912.5000000000001 7.5 0
906.25 7.5 0
925 7.5 0
918.75 7.5 0
937.5 7.5 0
931.25 7.5 0
950.0000000000001 7.5 0
943.75 7.5 0
962.5 7.5 0
956.25 7.5 0
975.0000000000001 7.5 0
968.75 7.5 0
987.5 7.5 0
981.25 7.5 0
993.75 7.5 0
2 6 0 477
2118
2119
2120
2121
2122
2123
2124
2125
2126
2127
2128
2129
2130
2131
2132
2133
2134
2135
2136
2137
2138
2139
2140
2141
2142
2143
2144
2145
2146
2147
2148
2149
2150
2151
2152
2153
2154
2155
2156
2157
2158
2159
2160
2161
2162
2163
2164
2165
2166
2167
2168
2169
2170
2171
2172
2173
2174
2175
2176
2177
2178
2179
2180
2181
2182
2183
2184
2185
2186
2187
2188
2189
2190
2191
2192
2193
2194
2195
2196
2197
2198
2199
2200
2201
2202
2203
2204
2205
2206
2207
2208
2209
2210
2211
2212
2213
2214
2215
2216
2217
2218
2219
2220
2221
2222
2223
2224
2225
2226
2227
2228
2229
2230
2231
2232
2233
2234
2235
2236
2237
2238
2239
2240
2241
2242
2243
2244
2245
2246
2247
2248
2249
2250
2251
2252
2253
2254
2255
2256
2257
2258
2259
2260
2261
2262
2263
2264
2265
2266
2267
2268
2269
2270
2271
2272
2273
2274
2275
2276
2277
2278
2279
2280
2281
2282
2283
2284
2285
2286
2287
2288
2289
2290
2291
2292
2293
2294
2295
2296
2297
2298
2299
2300
2301
2302
2303
2304
2305
2306
2307
2308
2309
2310
2311
2312
2313
2314
2315
2316
2317
2318
2319
2320
2321
2322
2323
2324
2325
2326
2327
2328
2329
2330
2331
2332
2333
2334
2335
2336
2337
2338
2339
2340
2341
2342
2343
2344
2345
2346
2347
2348
2349
2350
2351
2352
2353
2354
2355
2356
2357
2358
2359
2360
2361
2362
2363
2364
2365
2366
2367
2368
2369
2370
2371
2372
2373
2374
2375
2376
2377
2378
2379
2380
2381
2382
2383
2384
2385
2386
2387
2388
2389
2390
2391
2392
2393
2394
2395
2396
2397
2398
2399
2400
2401
2402
2403
2404
2405
2406
2407
2408
2409
2410
2411
2412
2413
2414
2415
2416
2417
2418
2419
2420
2421
2422
2423
2424
2425
2426
2427
2428
2429
2430
2431
2432
2433
2434
2435
2436
2437
2438
2439
2440
2441
2442
2443
2444
2445
2446
2447
2448
2449
2450
2451
2452
2453
2454
2455
2456
2457
2458
2459
2460
2461
2462
2463
2464
2465
2466
2467
2468
2469
2470
2471
2472
2473
2474
2475
2476
2477
2478
2479
2480
2481
2482
2483
2484
2485
2486
2487
2488
2489
2490
2491
2492
2493
2494
2495
2496
2497
2498
2499
2500
2501
2502
2503
2504
2505
2506
2507
2508
2509
2510
2511
2512
2513
2514
2515
2516
2517
2518
2519
2520
2521
2522
2523
2524
2525
2526
2527
2528
2529
2530
2531
2532
2533
2534
2535
2536
2537
2538
2539
2540
2541
2542
2543
2544
2545
2546
2547
2548
2549
2550
2551
2552
2553
2554
2555
2556
2557
2558
2559
2560
2561
2562
2563
2564
2565
2566
2567
2568
2569
2570
2571
2572
2573
2574
2575
2576
2577
2578
2579
2580
2581
2582
2583
2584
2585
2586
2587
2588
2589
2590
2591
2592
2593
2594
12.5 5 24
25 5 24
37.50000000000001 5 24
50 5 24
62.5 5 24
75.00000000000001 5 24
87.50000000000001 5 24
100 5 24
112.5 5 24
125 5 24
137.5 5 24
150 5 24
162.5 5 24
175 5 24
187.5 5 24
200 5 24
212.5 5 24
225 5 24
237.5 5 24
250 5 24
262.5 5 24
275 5 24
287.5000000000001 5 24
300.0000000000001 5 24
312.5 5 24
325 5 24
337.5 5 24
350.0000000000001 5 24
362.5000000000001 5 24
375 5 24
387.5 5 24
400 5 24
412.5000000000001 5 24
425.0000000000001 5 24
437.5 5 24
450 5 24
462.5 5 24
475.0000000000001 5 24
487.5000000000001 5 24
500 5 24
512.5000000000001 5 24
525 5 24
537.5 5 24
550 5 24
562.5 5 24
575.0000000000001 5 24
587.5 5 24
600.0000000000001 5 24
612.5 5 24
625 5 24
637.5000000000001 5 24
650 5 24
662.5000000000001 5 24
675 5 24
687.5 5 24
700.0000000000001 5 24
712.5 5 24
725.0000000000001 5 24
737.5 5 24
750 5 24
762.5000000000001 5 24
775 5 24
787.5000000000001 5 24
800 5 24
812.5 5 24
825.0000000000001 5 24
837.5 5 24
850.0000000000001 5 24
862.5 5 24
875 5 24
887.5000000000001 5 24
900 5 24
912.5000000000001 5 24
925 5 24
937.5 5 24
950.0000000000001 5 24
962.5 5 24
975.0000000000001 5 24
987.5 5 24
12.5 2.5 24
6.25 5 24
6.25 2.5 24
25 2.5 24
18.75 5 24
18.75 2.5 24
37.50000000000001 2.5 24
31.25 5 24
31.25 2.5 24
50 2.5 24
43.75 5 24
43.75000000000001 2.5 24
62.5 2.5 24
56.25 5 24
56.25 2.5 24
75.00000000000001 2.5 24
68.75 5 24
68.75 2.5 24
87.50000000000001 2.5 24
81.25000000000001 5 24
81.25000000000001 2.5 24
100 2.5 24
93.75 5 24
93.75 2.5 24
112.5 2.5 24
106.25 5 24
106.25 2.5 24
125 2.5 24
118.75 5 24
118.75 2.5 24
137.5 2.5 24
131.25 5 24
131.25 2.5 24
150 2.5 24
143.75 5 24
143.75 2.5 24
162.5 2.5 24
156.25 5 24
156.25 2.5 24
175 2.5 24
168.75 5 24
168.75 2.5 24
187.5 2.5 24
181.25 5 24
181.25 2.5 24
200 2.5 24
193.75 5 24
193.75 2.5 24
212.5 2.5 24
206.25 5 24
206.25 2.5 24
225 2.5 24
218.75 5 24
218.75 2.5 24
237.5 2.5 24
231.25 5 24
231.25 2.5 24
250 2.5 24
243.75 5 24
243.75 2.5 24
262.5 2.5 24
256.25 5 24
256.25 2.5 24
275 2.5 24
268.75 5 24
268.75 2.5 24
287.5000000000001 2.5 24
281.25 5 24
281.25 2.5 24
300.0000000000001 2.5 24
293.7500000000001 5 24
293.7500000000001 2.5 24
312.5 2.5 24
306.25 5 24
306.25 2.5 24
325 2.5 24
318.75 5 24
318.75 2.5 24
337.5 2.5 24
331.25 5 24
331.25 2.5 24
350.0000000000001 2.5 24
343.75 5 24
343.75 2.5 24
362.5000000000001 2.5 24
356.2500000000001 5 24
356.2500000000001 2.5 24
375 2.5 24
368.75 5 24
368.75 2.5 24
387.5 2.5 24
381.25 5 24
381.25 2.5 24
400 2.5 24
393.75 5 24
393.75 2.5 24
412.5000000000001 2.5 24
406.25 5 24
406.25 2.5 24
425.0000000000001 2.5 24
418.7500000000001 5 24
418.7500000000001 2.5 24
437.5 2.5 24
431.25 5 24
431.25 2.5 24
450 2.5 24
443.75 5 24
443.75 2.5 24
462.5 2.5 24
456.25 5 24
456.25 2.5 24
475.0000000000001 2.5 24
468.75 5 24
468.75 2.5 24
487.5000000000001 2.5 24
481.2500000000001 5 24
481.2500000000001 2.5 24
500 2.5 24
493.75 5 24
493.75 2.5 24
512.5000000000001 2.5 24
506.2500000000001 5 24
506.2500000000001 2.5 24
525 2.5 24
518.75 5 24
518.75 2.5 24
537.5 2.5 24
531.25 5 24
531.25 2.5 24
550 2.5 24
543.75 5 24
543.75 2.5 24
562.5 2.5 24
556.25 5 24
556.25 2.5 24
575.0000000000001 2.5 24
568.75 5 24
568.75 2.5 24
587.5 2.5 24
581.25 5 24
581.25 2.5 24
600.0000000000001 2.5 24
593.75 5 24
593.75 2.5 24
612.5 2.5 24
606.25 5 24
606.25 2.5 24
625 2.5 24
618.75 5 24
618.75 2.5 24
637.5000000000001 2.5 24
631.25 5 24
631.25 2.5 24
650 2.5 24
643.75 5 24
643.75 2.5 24
662.5000000000001 2.5 24
656.25 5 24
656.25 2.5 24
675 2.5 24
668.75 5 24
668.75 2.5 24
687.5 2.5 24
681.25 5 24
681.25 2.5 24
700.0000000000001 2.5 24
693.75 5 24
693.75 2.5 24
712.5 2.5 24
706.25 5 24
706.25 2.5 24
725.0000000000001 2.5 24
718.75 5 24
718.75 2.5 24
737.5 2.5 24
731.25 5 24
731.25 2.5 24
750 2.5 24
743.75 5 24
743.75 2.5 24
762.5000000000001 2.5 24
756.25 5 24
756.25 2.5 24
775 2.5 24
768.75 5 24
768.75 2.5 24
787.5000000000001 2.5 24
781.25 5 24
781.25 2.5 24
800 2.5 24
793.75 5 24
793.75 2.5 24
812.5 2.5 24
806.25 5 24
806.25 2.5 24
825.0000000000001 2.5 24
818.75 5 24
818.75 2.5 24
837.5 2.5 24
831.25 5 24
831.25 2.5 24
850.0000000000001 2.5 24
843.75 5 24
843.75 2.5 24
862.5 2.5 24
856.25 5 24
856.25 2.5 24
875 2.5 24
868.75 5 24
868.75 2.5 24
887.5000000000001 2.5 24
881.25 5 24
881.25 2.5 24
900 2.5 24
893.75 5 24
893.75 2.5 24
912.5000000000001 2.5 24
906.25 5 24
906.25 2.5 24
925 2.5 24
918.75 5 24
918.75 2.5 24
937.5 2.5 24
931.25 5 24
931.25 2.5 24
950.0000000000001 2.5 24
943.75 5 24
943.75 2.5 24
962.5 2.5 24
956.25 5 24
956.25 2.5 24
975.0000000000001 2.5 24
968.75 5 24
968.75 2.5 24
987.5 2.5 24
981.25 5 24
981.25 2.5 24
993.75 5 24
993.75 2.5 24
12.5 7.5 24
6.25 7.5 24
25 7.5 24
18.75 7.5 24
37.50000000000001 7.5 24
31.25 7.5 24
50 7.5 24
43.75000000000001 7.5 24
62.5 7.5 24
56.25 7.5 24
75.00000000000001 7.5 24
68.75 7.5 24
87.50000000000001 7.5 24
81.25000000000001 7.5 24
100 7.5 24
93.75 7.5 24
112.5 7.5 24
106.25 7.5 24
125 7.5 24
118.75 7.5 24
137.5 7.5 24
131.25 7.5 24
150 7.5 24
143.75 7.5 24
162.5 7.5 24
156.25 7.5 24
175 7.5 24
168.75 7.5 24
187.5 7.5 24
181.25 7.5 24
200 7.5 24
193.75 7.5 24
212.5 7.5 24
206.25 7.5 24
225 7.5 24
218.75 7.5 24
237.5 7.5 24
231.25 7.5 24
250 7.5 24
243.75 7.5 24
262.5 7.5 24
256.25 7.5 24
275 7.5 24
268.75 7.5 24
287.5000000000001 7.5 24
281.25 7.5 24
300.0000000000001 7.5 24
293.7500000000001 7.5 24
312.5 7.5 24
306.25 7.5 24
325 7.5 24
318.75 7.5 24
337.5 7.5 24
331.25 7.5 24
350.0000000000001 7.5 24
343.75 7.5 24
362.5000000000001 7.5 24
356.2500000000001 7.5 24
375 7.5 24
368.75 7.5 24
387.5 7.5 24
381.25 7.5 24
400 7.5 24
393.75 7.5 24
412.5000000000001 7.5 24
406.25 7.5 24
425.0000000000001 7.5 24
418.7500000000001 7.5 24
437.5 7.5 24
431.25 7.5 24
450 7.5 24
443.75 7.5 24
462.5 7.5 24
456.25 7.5 24
475.0000000000001 7.5 24
468.75 7.5 24
487.5000000000001 7.5 24
481.2500000000001 7.5 24
500 7.5 24
493.75 7.5 24
512.5000000000001 7.5 24
506.2500000000001 7.5 24
525 7.5 24
518.75 7.5 24
537.5 7.5 24
531.25 7.5 24
550 7.5 24
543.75 7.5 24
562.5 7.5 24
556.25 7.5 24
575.0000000000001 7.5 24
568.75 7.5 24
587.5 7.5 24
581.25 7.5 24
600.0000000000001 7.5 24
593.75 7.5 24
612.5 7.5 24
606.25 7.5 24
625 7.5 24
618.75 7.5 24
637.5000000000001 7.5 24
631.25 7.5 24
650 7.5 24
643.75 7.5 24
662.5000000000001 7.5 24
656.25 7.5 24
675 7.5 24
668.75 7.5 24
687.5 7.5 24
681.25 7.5 24
700.0000000000001 7.5 24
693.75 7.5 24
712.5 7.5 24
706.25 7.5 24
725.0000000000001 7.5 24
718.75 7.5 24
737.5 7.5 24
731.25 7.5 24
750 7.5 24
743.75 7.5 24
762.5000000000001 7.5 24
756.25 7.5 24
775 7.5 24
768.75 7.5 24
787.5000000000001 7.5 24
781.25 7.5 24
800 7.5 24
793.75 7.5 24
812.5 7.5 24
806.25 7.5 24
825.0000000000001 7.5 24
818.75 7.5 24
837.5 7.5 24
831.25 7.5 24
850.0000000000001 7.5 24
843.75 7.5 24
862.5 7.5 24
856.25 7.5 24
875 7.5 24
868.75 7.5 24
887.5000000000001 7.5 24
881.25 7.5 24
900 7.5 24
893.75 7.5 24
912.5000000000001 7.5 24
906.25 7.5 24
925 7.5 24
918.75 7.5 24
937.5 7.5 24
931.25 7.5 24
950.0000000000001 7.5 24
943.75 7.5 24
962.5 7.5 24
956.25 7.5 24
975.0000000000001 7.5 24
968.75 7.5 24
987.5 7.5 24
981.25 7.5 24
993.75 7.5 24
3 1 0 1431
2595
2596
2597
2598
2599
2600
2601
2602
2603
2604
2605
2606
2607
2608
2609
2610
2611
2612
2613
2614
2615
2616
2617
2618
2619
2620
2621
2622
2623
2624
2625
2626
2627
2628
2629
2630
2631
2632
2633
2634
2635
2636
2637
2638
2639
2640
2641
2642
2643
2644
2645
2646
2647
2648
2649
2650
2651
2652
2653
2654
2655
2656
2657
2658
2659
2660
2661
2662
2663
2664
2665
2666
2667
2668
2669
2670
2671
2672
2673
2674
2675
2676
2677
2678
2679
2680
2681
2682
2683
2684
2685
2686
2687
2688
2689
2690
2691
2692
2693
2694
2695
2696
2697
2698
2699
2700
2701
2702
2703
2704
2705
2706
2707
2708
2709
2710
2711
2712
2713
2714
2715
2716
2717
2718
2719
2720
2721
2722
2723
2724
2725
2726
2727
2728
2729
2730
2731
2732
2733
2734
2735
2736
2737
2738
2739
2740
2741
2742
2743
2744
2745
2746
2747
2748
2749
2750
2751
2752
2753
2754
2755
2756
2757
2758
2759
2760
2761
2762
2763
2764
2765
2766
2767
2768
2769
2770
2771
2772
2773
2774
2775
2776
2777
2778
2779
2780
2781
2782
2783
2784
2785
2786
2787
2788
2789
2790
2791
2792
2793
2794
2795
2796
2797
2798
2799
2800
2801
2802
2803
2804
2805
2806
2807
2808
2809
2810
2811
2812
2813
2814
2815
2816
2817
2818
2819
2820
2821
2822
2823
2824
2825
2826
2827
2828
2829
2830
2831
2832
2833
2834
2835
2836
2837
2838
2839
2840
2841
2842
2843
2844
2845
2846
2847
2848
2849
2850
2851
2852
2853
2854
2855
2856
2857
2858
2859
2860
2861
2862
2863
2864
2865
2866
2867
2868
2869
2870
2871
2872
2873
2874
2875
2876
2877
2878
2879
2880
2881
2882
2883
2884
2885
2886
2887
2888
2889
2890
2891
2892
2893
2894
2895
2896
2897
2898
2899
2900
2901
2902
2903
2904
2905
2906
2907
2908
2909
2910
2911
2912
2913
2914
2915
2916
2917
2918
2919
2920
2921
2922
2923
2924
2925
2926
2927
2928
2929
2930
2931
2932
2933
2934
2935
2936
2937
2938
2939
2940
2941
2942
2943
2944
2945
2946
2947
2948
2949
2950
2951
2952
2953
2954
2955
2956
2957
2958
2959
2960
2961
2962
2963
2964
2965
2966
2967
2968
2969
2970
2971
2972
2973
2974
2975
2976
2977
2978
2979
2980
2981
2982
2983
2984
2985
2986
2987
2988
2989
2990
2991
2992
2993
2994
2995
2996
2997
2998
2999
3000
3001
3002
3003
3004
3005
3006
3007
3008
3009
3010
3011
3012
3013
3014
3015
3016
3017
3018
3019
3020
3021
3022
3023
3024
3025
3026
3027
3028
3029
3030
3031
3032
3033
3034
3035
3036
3037
3038
3039
3040
3041
3042
3043
3044
3045
3046
3047
3048
3049
3050
3051
3052
3053
3054
3055
3056
3057
3058
3059
3060
3061
3062
3063
3064
3065
3066
3067
3068
3069
3070
3071
3072
3073
3074
3075
3076
3077
3078
3079
3080
3081
3082
3083
3084
3085
3086
3087
3088
3089
3090
3091
3092
3093
3094
3095
3096
3097
3098
3099
3100
3101
3102
3103
3104
3105
3106
3107
3108
3109
3110
3111
3112
3113
3114
3115
3116
3117
3118
3119
3120
3121
3122
3123
3124
3125
3126
3127
3128
3129
3130
3131
3132
3133
3134
3135
3136
3137
3138
3139
3140
3141
3142
3143
3144
3145
3146
3147
3148
3149
3150
3151
3152
3153
3154
3155
3156
3157
3158
3159
3160
3161
3162
3163
3164
3165
3166
3167
3168
3169
3170
3171
3172
3173
3174
3175
3176
3177
3178
3179
3180
3181
3182
3183
3184
3185
3186
3187
3188
3189
3190
3191
3192
3193
3194
3195
3196
3197
3198
3199
3200
3201
3202
3203
3204
3205
3206
3207
3208
3209
3210
3211
3212
3213
3214
3215
3216
3217
3218
3219
3220
3221
3222
3223
3224
3225
3226
3227
3228
3229
3230
3231
3232
3233
3234
3235
3236
3237
3238
3239
3240
3241
3242
3243
3244
3245
3246
3247
3248
3249
3250
3251
3252
3253
3254
3255
3256
3257
3258
3259
3260
3261
3262
3263
3264
3265
3266
3267
3268
3269
3270
3271
3272
3273
3274
3275
3276
3277
3278
3279
3280
3281
3282
3283
3284
3285
3286
3287
3288
3289
3290
3291
3292
3293
3294
3295
3296
3297
3298
3299
3300
3301
3302
3303
3304
3305
3306
3307
3308
3309
3310
3311
3312
3313
3314
3315
3316
3317
3318
3319
3320
3321
3322
3323
3324
3325
3326
3327
3328
3329
3330
3331
3332
3333
3334
3335
3336
3337
3338
3339
3340
3341
3342
3343
3344
3345
3346
3347
3348
3349
3350
3351
3352
3353
3354
3355
3356
3357
3358
3359
3360
3361
3362
3363
3364
3365
3366
3367
3368
3369
3370
3371
3372
3373
3374
3375
3376
3377
3378
3379
3380
3381
3382
3383
3384
3385
3386
3387
3388
3389
3390
3391
3392
3393
3394
3395
3396
3397
3398
3399
3400
3401
3402
3403
3404
3405
3406
3407
3408
3409
3410
3411
3412
3413
3414
3415
3416
3417
3418
3419
3420
3421
3422
3423
3424
3425
3426
3427
3428
3429
3430
3431
3432
3433
3434
3435
3436
3437
3438
3439
3440
3441
3442
3443
3444
3445
3446
3447
3448
3449
3450
3451
3452
3453
3454
3455
3456
3457
3458
3459
3460
3461
3462
3463
3464
3465
3466
3467
3468
3469
3470
3471
3472
3473
3474
3475
3476
3477
3478
3479
3480
3481
3482
3483
3484
3485
3486
3487
3488
3489
3490
3491
3492
3493
3494
3495
3496
3497
3498
3499
3500
3501
3502
3503
3504
3505
3506
3507
3508
3509
3510
3511
3512
3513
3514
3515
3516
3517
3518
3519
3520
3521
3522
3523
3524
3525
3526
3527
3528
3529
3530
3531
3532
3533
3534
3535
3536
3537
3538
3539
3540
3541
3542
3543
3544
3545
3546
3547
3548
3549
3550
3551
3552
3553
3554
3555
3556
3557
3558
3559
3560
3561
3562
3563
3564
3565
3566
3567
3568
3569
3570
3571
3572
3573
3574
3575
3576
3577
3578
3579
3580
3581
3582
3583
3584
3585
3586
3587
3588
3589
3590
3591
3592
3593
3594
3595
3596
3597
3598
3599
3600
3601
3602
3603
3604
3605
3606
3607
3608
3609
3610
3611
3612
3613
3614
3615
3616
3617
3618
3619
3620
3621
3622
3623
3624
3625
3626
3627
3628
3629
3630
3631
3632
3633
3634
3635
3636
3637
3638
3639
3640
3641
3642
3643
3644
3645
3646
3647
3648
3649
3650
3651
3652
3653
3654
3655
3656
3657
3658
3659
3660
3661
3662
3663
3664
3665
3666
3667
3668
3669
3670
3671
3672
3673
3674
3675
3676
3677
3678
3679
3680
3681
3682
3683
3684
3685
3686
3687
3688
3689
3690
3691
3692
3693
3694
3695
3696
3697
3698
3699
3700
3701
3702
3703
3704
3705
3706
3707
3708
3709
3710
3711
3712
3713
3714
3715
3716
3717
3718
3719
3720
3721
3722
3723
3724
3725
3726
3727
3728
3729
3730
3731
3732
3733
3734
3735
3736
3737
3738
3739
3740
3741
3742
3743
3744
3745
3746
3747
3748
3749
3750
3751
3752
3753
3754
3755
3756
3757
3758
3759
3760
3761
3762
3763
3764
3765
3766
3767
3768
3769
3770
3771
3772
3773
3774
3775
3776
3777
3778
3779
3780
3781
3782
3783
3784
3785
3786
3787
3788
3789
3790
3791
3792
3793
3794
3795
3796
3797
3798
3799
3800
3801
3802
3803
3804
3805
3806
3807
3808
3809
3810
3811
3812
3813
3814
3815
3816
3817
3818
3819
3820
3821
3822
3823
3824
3825
3826
3827
3828
3829
3830
3831
3832
3833
3834
3835
3836
3837
3838
3839
3840
3841
3842
3843
3844
3845
3846
3847
3848
3849
3850
3851
3852
3853
3854
3855
3856
3857
3858
3859
3860
3861
3862
3863
3864
3865
3866
3867
3868
3869
3870
3871
3872
3873
3874
3875
3876
3877
3878
3879
3880
3881
3882
3883
3884
3885
3886
3887
3888
3889
3890
3891
3892
3893
3894
3895
3896
3897
3898
3899
3900
3901
3902
3903
3904
3905
3906
3907
3908
3909
3910
3911
3912
3913
3914
3915
3916
3917
3918
3919
3920
3921
3922
3923
3924
3925
3926
3927
3928
3929
3930
3931
3932
3933
3934
3935
3936
3937
3938
3939
3940
3941
3942
3943
3944
3945
3946
3947
3948
3949
3950
3951
3952
3953
3954
3955
3956
3957
3958
3959
3960
3961
3962
3963
3964
3965
3966
3967
3968
3969
3970
3971
3972
3973
3974
3975
3976
3977
3978
3979
3980
3981
3982
3983
3984
3985
3986
3987
3988
3989
3990
3991
3992
3993
3994
3995
3996
3997
3998
3999
4000
4001
4002
4003
4004
4005
4006
4007
4008
4009
4010
4011
4012
4013
4014
4015
4016
4017
4018
4019
4020
4021
4022
4023
4024
4025
12.5 5 12
25 5 12
37.49999999999999 5 12
50 5 12
62.5 5 12
74.99999999999999 5 12
87.50000000000004 5 12
100 5 12
112.5 5 12
125 5 12
137.5 5 12
150 5 12
162.5 5 12
175.0000000000001 5 12
187.5 5 12
200 5 12
212.5000000000001 5 12
225 5 12
237.5000000000001 5 12
250 5 12
262.5 5 12
275 5 12
287.4999999999999 5 12
299.9999999999999 5 12
312.5 5 12
325 5 12
337.5 5 12
350.0000000000002 5 12
362.5000000000002 5 12
375 5 12
387.5 5 12
400 5 12
412.5000000000002 5 12
425.0000000000002 5 12
437.5 5 12
450 5 12
462.5 5 12
475.0000000000002 5 12
487.5000000000002 5 12
500 5 12
512.4999999999999 5 12
525 5 12
537.5 5 12
550 5 12
562.5 5 12
574.9999999999999 5 12
587.5 5 12
599.9999999999999 5 12
612.5 5 12
625 5 12
637.4999999999999 5 12
650 5 12
662.4999999999999 5 12
675 5 12
687.5 5 12
700.0000000000003 5 12
712.5 5 12
725.0000000000003 5 12
737.5 5 12
750 5 12
762.5000000000003 5 12
775 5 12
787.5000000000003 5 12
800 5 12
812.5 5 12
825.0000000000003 5 12
837.5 5 12
850.0000000000003 5 12
862.5 5 12
875 5 12
887.5000000000003 5 12
900 5 12
912.5000000000003 5 12
925 5 12
937.5 5 12
950.0000000000003 5 12
962.5 5 12
975.0000000000003 5 12
987.5 5 12
6.25 5 12
12.5 2.5 12
12.5 5 5.999999999999999
6.25 2.5 12
6.25 5 6
12.5 2.5 6
6.25 2.5 6
18.75 5 12
25 2.5 12
25 5 6
18.75 2.5 12
18.75 5 6
25 2.5 6
18.75 2.5 6
31.25 5 12
37.5 2.5 12
37.5 5 6
31.25 2.5 12
31.25 5 6
37.50000000000001 2.5 6
31.25000000000001 2.5 6
43.75 5 12
50 2.5 12
50 5 6.000000000000001
43.75 2.5 12
43.75 5 6
50 2.5 6
43.75000000000001 2.5 6
56.25 5 12
62.5 2.5 12
62.5 5 6
56.25 2.5 12
56.25 5 6
62.5 2.5 6
56.25 2.5 6
68.75 5 12
75 2.5 12
75 5 5.999999999999999
68.75 2.5 12
68.75 5 6
75.00000000000001 2.5 6
68.75 2.5 6
81.25000000000001 5 12
87.50000000000003 2.5 12
87.50000000000003 5 6
81.25000000000001 2.5 12
81.25000000000001 5 6
87.50000000000003 2.5 6
81.25000000000003 2.5 6
93.75000000000003 5 12
100 2.5 12
100 5 6
93.75000000000001 2.5 12
93.75000000000001 5 6
100 2.5 6
93.75 2.5 6
106.25 5 12
112.5 2.5 12
112.5 5 6.000000000000001
106.25 2.5 12
106.25 5 6
112.5 2.5 6
106.25 2.5 6
118.75 5 12
125 2.5 12
125 5 6
118.75 2.5 12
118.75 5 6
125 2.5 6
118.75 2.5 6
131.25 5 12
137.5 2.5 12
137.5 5 5.999999999999999
131.25 2.5 12
131.25 5 6
137.5 2.5 6
131.25 2.5 6
143.75 5 12
150 2.5 12
150 5 6
143.75 2.5 12
143.75 5 6
150 2.5 6
143.75 2.5 6
156.25 5 12
162.5 2.5 12
162.5 5 6
156.25 2.5 12
156.25 5 6
162.5 2.5 6
156.25 2.5 6
168.7500000000001 5 12
175.0000000000001 2.5 12
175.0000000000001 5 6.000000000000001
168.75 2.5 12
168.75 5 6
175.0000000000001 2.5 6
168.7500000000001 2.5 6
181.2500000000001 5 12
187.5 2.5 12
187.5 5 6
181.25 2.5 12
181.25 5 6
187.5 2.5 6
181.25 2.5 6
193.75 5 12
200 2.5 12
200 5 5.999999999999999
193.75 2.5 12
193.75 5 6
200 2.5 6
193.75 2.5 6
206.2500000000001 5 12
212.5000000000001 2.5 12
212.5000000000001 5 6
206.25 2.5 12
206.25 5 6
212.5000000000001 2.5 6
206.2500000000001 2.5 6
218.7500000000001 5 12
225 2.5 12
225 5 6
218.75 2.5 12
218.75 5 6
225 2.5 6
218.75 2.5 6
231.2500000000001 5 12
237.5000000000001 2.5 12
237.5000000000001 5 6.000000000000001
231.25 2.5 12
231.25 5 6
237.5000000000001 2.5 6
231.2500000000001 2.5 6
243.7500000000001 5 12
250 2.5 12
250 5 6
243.75 2.5 12
243.75 5 6
250 2.5 6
243.75 2.5 6
256.25 5 12
262.5 2.5 12
262.5 5 5.999999999999999
256.25 2.5 12
256.25 5 6
262.5 2.5 6
256.25 2.5 6
268.75 5 12
275 2.5 12
275 5 6
268.75 2.5 12
268.75 5 6
275 2.5 6
268.75 2.5 6
281.25 5 12
287.5 2.5 12
287.5 5 6
281.25 2.5 12
281.25 5 6
287.5000000000001 2.5 6
281.25 2.5 6
293.7499999999999 5 12
300 2.5 12
300 5 6
293.75 2.5 12
293.75 5 6
300.0000000000001 2.5 6
293.75 2.5 6
306.25 5 12
312.5 2.5 12
312.5 5 6
306.25 2.5 12
306.25 5 6
312.5 2.5 6
306.25 2.5 6
318.75 5 12
325 2.5 12
325 5 5.999999999999999
318.75 2.5 12
318.75 5 6
325 2.5 6
318.75 2.5 6
331.25 5 12
337.5 2.5 12
337.5 5 6
331.25 2.5 12
331.25 5 6
337.5 2.5 6
331.25 2.5 6
343.7500000000001 5 12
350.0000000000001 2.5 12
350.0000000000001 5 6
343.7500000000001 2.5 12
343.7500000000001 5 6
350.0000000000001 2.5 6
343.7500000000001 2.5 6
356.2500000000002 5 12
362.5000000000001 2.5 12
362.5000000000001 5 6
356.2500000000001 2.5 12
356.2500000000001 5 6
362.5000000000001 2.5 6
356.2500000000002 2.5 6
368.7500000000001 5 12
375 2.5 12
375 5 6
368.7500000000001 2.5 12
368.7500000000001 5 6
375 2.5 6
368.75 2.5 6
381.25 5 12
387.5 2.5 12
387.5 5 6
381.25 2.5 12
381.25 5 6
387.5 2.5 6
381.25 2.5 6
393.75 5 12
400 2.5 12
400 5 6
393.75 2.5 12
393.75 5 6
400 2.5 6
393.75 2.5 6
406.2500000000001 5 12
412.5000000000001 2.5 12
412.5000000000001 5 6
406.2500000000001 2.5 12
406.2500000000001 5 6
412.5000000000001 2.5 6
406.2500000000001 2.5 6
418.7500000000002 5 12
425.0000000000001 2.5 12
425.0000000000001 5 6
418.7500000000001 2.5 12
418.7500000000001 5 6
425.0000000000001 2.5 6
418.7500000000002 2.5 6
431.2500000000001 5 12
437.5 2.5 12
437.5 5 6
431.2500000000001 2.5 12
431.2500000000001 5 6
437.5 2.5 6
431.25 2.5 6
443.75 5 12
450 2.5 12
450 5 6
443.75 2.5 12
443.75 5 6
450 2.5 6
443.75 2.5 6
456.25 5 12
462.5 2.5 12
462.5 5 6
456.25 2.5 12
456.25 5 6
462.5 2.5 6
456.25 2.5 6
468.7500000000001 5 12
475.0000000000001 2.5 12
475.0000000000001 5 6
468.7500000000001 2.5 12
468.7500000000001 5 6
475.0000000000001 2.5 6
468.7500000000001 2.5 6
481.2500000000002 5 12
487.5000000000001 2.5 12
487.5000000000001 5 6
481.2500000000001 2.5 12
481.2500000000001 5 6
487.5000000000001 2.5 6
481.2500000000002 2.5 6
493.7500000000001 5 12
500 2.5 12
500 5 6
493.7500000000001 2.5 12
493.7500000000001 5 6
500 2.5 6
493.75 2.5 6
506.2499999999999 5 12
512.5 2.5 12
512.5 5 6.000000000000001
506.25 2.5 12
506.25 5 6
512.5000000000001 2.5 6
506.2500000000001 2.5 6
518.75 5 12
525 2.5 12
525 5 6
518.75 2.5 12
518.75 5 6
525 2.5 6
518.75 2.5 6
531.25 5 12
537.5 2.5 12
537.5 5 6
531.25 2.5 12
531.25 5 6
537.5 2.5 6
531.25 2.5 6
543.75 5 12
550 2.5 12
550 5 6
543.75 2.5 12
543.75 5 6
550 2.5 6
543.75 2.5 6
556.25 5 12
562.5 2.5 12
562.5 5 6
556.25 2.5 12
556.25 5 6
562.5 2.5 6
556.25 2.5 6
568.75 5 12
575 2.5 12
575 5 6.000000000000001
568.75 2.5 12
568.75 5 6
575.0000000000001 2.5 6
568.75 2.5 6
581.25 5 12
587.5 2.5 12
587.5 5 6
581.25 2.5 12
581.25 5 6
587.5 2.5 6
581.25 2.5 6
593.75 5 12
600 2.5 12
600 5 6
593.75 2.5 12
593.75 5 6
600.0000000000001 2.5 6
593.75 2.5 6
606.25 5 12
612.5 2.5 12
612.5 5 6
606.25 2.5 12
606.25 5 6
612.5 2.5 6
606.25 2.5 6
618.75 5 12
625 2.5 12
625 5 6
618.75 2.5 12
618.75 5 6
625 2.5 6
618.75 2.5 6
631.25 5 12
637.5 2.5 12
637.5 5 6.000000000000001
631.25 2.5 12
631.25 5 6
637.5000000000001 2.5 6
631.25 2.5 6
643.75 5 12
650 2.5 12
650 5 6
643.75 2.5 12
643.75 5 6
650 2.5 6
643.75 2.5 6
656.25 5 12
662.5 2.5 12
662.5 5 6
656.25 2.5 12
656.25 5 6
662.5000000000001 2.5 6
656.25 2.5 6
668.75 5 12
675 2.5 12
675 5 6
668.75 2.5 12
668.75 5 6
675 2.5 6
668.75 2.5 6
681.25 5 12
687.5 2.5 12
687.5 5 6
681.25 2.5 12
681.25 5 6
687.5 2.5 6
681.25 2.5 6
693.7500000000002 5 12
700.0000000000002 2.5 12
700.0000000000002 5 6
693.7500000000001 2.5 12
693.7500000000001 5 6
700.0000000000002 2.5 6
693.7500000000002 2.5 6
706.2500000000002 5 12
712.5 2.5 12
712.5 5 6
706.2500000000001 2.5 12
706.2500000000001 5 6
712.5 2.5 6
706.25 2.5 6
718.7500000000002 5 12
725.0000000000002 2.5 12
725.0000000000002 5 6
718.7500000000001 2.5 12
718.7500000000001 5 6
725.0000000000002 2.5 6
718.7500000000002 2.5 6
731.2500000000002 5 12
737.5 2.5 12
737.5 5 6
731.2500000000001 2.5 12
731.2500000000001 5 6
737.5 2.5 6
731.25 2.5 6
743.75 5 12
750 2.5 12
750 5 6
743.75 2.5 12
743.75 5 6
750 2.5 6
743.75 2.5 6
756.2500000000002 5 12
762.5000000000002 2.5 12
762.5000000000002 5 6
756.2500000000001 2.5 12
756.2500000000001 5 6
762.5000000000002 2.5 6
756.2500000000002 2.5 6
768.7500000000002 5 12
775 2.5 12
775 5 6
768.7500000000001 2.5 12
768.7500000000001 5 6
775 2.5 6
768.75 2.5 6
781.2500000000002 5 12
787.5000000000002 2.5 12
787.5000000000002 5 6
781.2500000000001 2.5 12
781.2500000000001 5 6
787.5000000000002 2.5 6
781.2500000000002 2.5 6
793.7500000000002 5 12
800 2.5 12
800 5 6
793.7500000000001 2.5 12
793.7500000000001 5 6
800 2.5 6
793.75 2.5 6
806.25 5 12
812.5 2.5 12
812.5 5 6
806.25 2.5 12
806.25 5 6
812.5 2.5 6
806.25 2.5 6
818.7500000000002 5 12
825.0000000000002 2.5 12
825.0000000000002 5 6
818.7500000000001 2.5 12
818.7500000000001 5 6
825.0000000000002 2.5 6
818.7500000000002 2.5 6
831.2500000000002 5 12
837.5 2.5 12
837.5 5 6
831.2500000000001 2.5 12
831.2500000000001 5 6
837.5 2.5 6
831.25 2.5 6
843.7500000000002 5 12
850.0000000000002 2.5 12
850.0000000000002 5 6
843.7500000000001 2.5 12
843.7500000000001 5 6
850.0000000000002 2.5 6
843.7500000000002 2.5 6
856.2500000000002 5 12
862.5 2.5 12
862.5 5 6
856.2500000000001 2.5 12
856.2500000000001 5 6
862.5 2.5 6
856.25 2.5 6
868.75 5 12
875 2.5 12
875 5 6
868.75 2.5 12
868.75 5 6
875 2.5 6
868.75 2.5 6
881.2500000000002 5 12
887.5000000000002 2.5 12
887.5000000000002 5 6
881.2500000000001 2.5 12
881.2500000000001 5 6
887.5000000000002 2.5 6
881.2500000000002 2.5 6
893.7500000000002 5 12
900 2.5 12
900 5 6
893.7500000000001 2.5 12
893.7500000000001 5 6
900 2.5 6
893.75 2.5 6
906.2500000000002 5 12
912.5000000000002 2.5 12
912.5000000000002 5 6
906.2500000000001 2.5 12
906.2500000000001 5 6
912.5000000000002 2.5 6
906.2500000000002 2.5 6
918.7500000000002 5 12
925 2.5 12
925 5 6
918.7500000000001 2.5 12
918.7500000000001 5 6
925 2.5 6
918.75 2.5 6
931.25 5 12
937.5 2.5 12
937.5 5 6
931.25 2.5 12
931.25 5 6
937.5 2.5 6
931.25 2.5 6
943.7500000000002 5 12
950.0000000000002 2.5 12
950.0000000000002 5 6
943.7500000000001 2.5 12
943.7500000000001 5 6
950.0000000000002 2.5 6
943.7500000000002 2.5 6
956.2500000000002 5 12
962.5 2.5 12
962.5 5 6
956.2500000000001 2.5 12
956.2500000000001 5 6
962.5 2.5 6
956.25 2.5 6
968.7500000000002 5 12
975.0000000000002 2.5 12
975.0000000000002 5 6
968.7500000000001 2.5 12
968.7500000000001 5 6
975.0000000000002 2.5 6
968.7500000000002 2.5 6
981.2500000000002 5 12
987.5 2.5 12
987.5 5 6
981.2500000000001 2.5 12
981.2500000000001 5 6
987.5 2.5 6
981.25 2.5 6
993.75 5 12
993.75 2.5 12
993.75 5 6
993.75 2.5 6
12.5 7.5 12
6.25 7.5 12
12.5 7.5 6
6.25 7.5 6
25 7.5 12
18.75 7.5 12
25 7.5 6
18.75 7.5 6
37.5 7.5 12
31.25 7.5 12
37.50000000000001 7.5 6
31.25000000000001 7.5 6
50 7.5 12
43.75 7.5 12
50 7.5 6
43.75000000000001 7.5 6
62.5 7.5 12
56.25 7.5 12
62.5 7.5 6
56.25 7.5 6
75 7.5 12
68.75 7.5 12
75.00000000000001 7.5 6
68.75 7.5 6
87.50000000000003 7.5 12
81.25000000000001 7.5 12
87.50000000000003 7.5 6
81.25000000000003 7.5 6
100 7.5 12
93.75000000000001 7.5 12
100 7.5 6
93.75 7.5 6
112.5 7.5 12
106.25 7.5 12
112.5 7.5 6
106.25 7.5 6
125 7.5 12
118.75 7.5 12
125 7.5 6
118.75 7.5 6
137.5 7.5 12
131.25 7.5 12
137.5 7.5 6
131.25 7.5 6
150 7.5 12
143.75 7.5 12
150 7.5 6
143.75 7.5 6
162.5 7.5 12
156.25 7.5 12
162.5 7.5 6
156.25 7.5 6
175.0000000000001 7.5 12
168.75 7.5 12
175.0000000000001 7.5 6
168.7500000000001 7.5 6
187.5 7.5 12
181.25 7.5 12
187.5 7.5 6
181.25 7.5 6
200 7.5 12
193.75 7.5 12
200 7.5 6
193.75 7.5 6
212.5000000000001 7.5 12
206.25 7.5 12
212.5000000000001 7.5 6
206.2500000000001 7.5 6
225 7.5 12
218.75 7.5 12
225 7.5 6
218.75 7.5 6
237.5000000000001 7.5 12
231.25 7.5 12
237.5000000000001 7.5 6
231.2500000000001 7.5 6
250 7.5 12
243.75 7.5 12
250 7.5 6
243.75 7.5 6
262.5 7.5 12
256.25 7.5 12
262.5 7.5 6
256.25 7.5 6
275 7.5 12
268.75 7.5 12
275 7.5 6
268.75 7.5 6
287.5 7.5 12
281.25 7.5 12
287.5000000000001 7.5 6
281.25 7.5 6
300 7.5 12
293.75 7.5 12
300.0000000000001 7.5 6
293.7500000000001 7.5 6
312.5 7.5 12
306.25 7.5 12
312.5 7.5 6
306.25 7.5 6
325 7.5 12
318.75 7.5 12
325 7.5 6
318.75 7.5 6
337.5 7.5 12
331.25 7.5 12
337.5 7.5 6
331.25 7.5 6
350.0000000000001 7.5 12
343.7500000000001 7.5 12
350.0000000000001 7.5 6
343.7500000000001 7.5 6
362.5000000000001 7.5 12
356.2500000000001 7.5 12
362.5000000000001 7.5 6
356.2500000000002 7.5 6
375 7.5 12
368.7500000000001 7.5 12
375 7.5 6
368.75 7.5 6
387.5 7.5 12
381.25 7.5 12
387.5 7.5 6
381.25 7.5 6
400 7.5 12
393.75 7.5 12
400 7.5 6
393.75 7.5 6
412.5000000000001 7.5 12
406.2500000000001 7.5 12
412.5000000000001 7.5 6
406.2500000000001 7.5 6
425.0000000000001 7.5 12
418.7500000000001 7.5 12
425.0000000000001 7.5 6
418.7500000000002 7.5 6
437.5 7.5 12
431.2500000000001 7.5 12
437.5 7.5 6
431.25 7.5 6
450 7.5 12
443.75 7.5 12
450 7.5 6
443.75 7.5 6
462.5 7.5 12
456.25 7.5 12
462.5 7.5 6
456.25 7.5 6
475.0000000000001 7.5 12
468.7500000000001 7.5 12
475.0000000000001 7.5 6
468.7500000000001 7.5 6
487.5000000000001 7.5 12
481.2500000000001 7.5 12
487.5000000000001 7.5 6
481.2500000000002 7.5 6
500 7.5 12
493.7500000000001 7.5 12
500 7.5 6
493.75 7.5 6
512.5 7.5 12
506.25 7.5 12
512.5000000000001 7.5 6
506.2500000000002 7.5 6
525 7.5 12
518.75 7.5 12
525 7.5 6
518.75 7.5 6
537.5 7.5 12
531.25 7.5 12
537.5 7.5 6
531.25 7.5 6
550 7.5 12
543.75 7.5 12
550 7.5 6
543.75 7.5 6
562.5 7.5 12
556.25 7.5 12
562.5 7.5 6
556.25 7.5 6
575 7.5 12
568.75 7.5 12
575.0000000000001 7.5 6
568.75 7.5 6
587.5 7.5 12
581.25 7.5 12
587.5 7.5 6
581.25 7.5 6
600 7.5 12
593.75 7.5 12
600.0000000000001 7.5 6
593.75 7.5 6
612.5 7.5 12
606.25 7.5 12
612.5 7.5 6
606.25 7.5 6
625 7.5 12
618.75 7.5 12
625 7.5 6
618.75 7.5 6
637.5 7.5 12
631.25 7.5 12
637.5000000000001 7.5 6
631.25 7.5 6
650 7.5 12
643.75 7.5 12
650 7.5 6
643.75 7.5 6
662.5 7.5 12
656.25 7.5 12
662.5000000000001 7.5 6
656.25 7.5 6
675 7.5 12
668.75 7.5 12
675 7.5 6
668.75 7.5 6
687.5 7.5 12
681.25 7.5 12
687.5 7.5 6
681.25 7.5 6
700.0000000000002 7.5 12
693.7500000000001 7.5 12
700.0000000000002 7.5 6
693.7500000000002 7.5 6
712.5 7.5 12
706.2500000000001 7.5 12
712.5 7.5 6
706.25 7.5 6
725.0000000000002 7.5 12
718.7500000000001 7.5 12
725.0000000000002 7.5 6
718.7500000000002 7.5 6
737.5 7.5 12
731.2500000000001 7.5 12
737.5 7.5 6
731.25 7.5 6
750 7.5 12
743.75 7.5 12
750 7.5 6
743.75 7.5 6
762.5000000000002 7.5 12
756.2500000000001 7.5 12
762.5000000000002 7.5 6
756.2500000000002 7.5 6
775 7.5 12
768.7500000000001 7.5 12
775 7.5 6
768.75 7.5 6
787.5000000000002 7.5 12
781.2500000000001 7.5 12
787.5000000000002 7.5 6
781.2500000000002 7.5 6
800 7.5 12
793.7500000000001 7.5 12
800 7.5 6
793.75 7.5 6
812.5 7.5 12
806.25 7.5 12
812.5 7.5 6
806.25 7.5 6
825.0000000000002 7.5 12
818.7500000000001 7.5 12
825.0000000000002 7.5 6
818.7500000000002 7.5 6
837.5 7.5 12
831.2500000000001 7.5 12
837.5 7.5 6
831.25 7.5 6
850.0000000000002 7.5 12
843.7500000000001 7.5 12
850.0000000000002 7.5 6
843.7500000000002 7.5 6
862.5 7.5 12
856.2500000000001 7.5 12
862.5 7.5 6
856.25 7.5 6
875 7.5 12
868.75 7.5 12
875 7.5 6
868.75 7.5 6
887.5000000000002 7.5 12
881.2500000000001 7.5 12
887.5000000000002 7.5 6
881.2500000000002 7.5 6
900 7.5 12
893.7500000000001 7.5 12
900 7.5 6
893.75 7.5 6
912.5000000000002 7.5 12
906.2500000000001 7.5 12
912.5000000000002 7.5 6
906.2500000000002 7.5 6
925 7.5 12
918.7500000000001 7.5 12
925 7.5 6
918.75 7.5 6
937.5 7.5 12
931.25 7.5 12
937.5 7.5 6
931.25 7.5 6
950.0000000000002 7.5 12
943.7500000000001 7.5 12
950.0000000000002 7.5 6
943.7500000000002 7.5 6
962.5 7.5 12
956.2500000000001 7.5 12
962.5 7.5 6
956.25 7.5 6
975.0000000000002 7.5 12
968.7500000000001 7.5 12
975.0000000000002 7.5 6
968.7500000000002 7.5 6
987.5 7.5 12
981.2500000000001 7.5 12
987.5 7.5 6
981.25 7.5 6
993.75 7.5 12
993.75 7.5 6
12.5 5 18
6.25 5 18
12.5 2.5 18
6.25 2.5 18
25 5 18
18.75 5 18
25 2.5 18
18.75 2.5 18
37.5 5 18
31.25 5 18
37.5 2.5 18
31.25 2.5 18
50 5 18
43.75 5 18
50 2.5 18
43.75 2.5 18
62.5 5 18
56.25 5 18
62.5 2.5 18
56.25 2.5 18
75 5 18
68.75 5 18
75 2.5 18
68.75 2.5 18
87.50000000000003 5 18
81.25000000000001 5 18
87.50000000000001 2.5 18
81.25000000000003 2.5 18
100 5 18
93.75000000000001 5 18
100 2.5 18
93.75000000000001 2.5 18
112.5 5 18
106.25 5 18
112.5 2.5 18
106.25 2.5 18
125 5 18
118.75 5 18
125 2.5 18
118.75 2.5 18
137.5 5 18
131.25 5 18
137.5 2.5 18
131.25 2.5 18
150 5 18
143.75 5 18
150 2.5 18
143.75 2.5 18
162.5 5 18
156.25 5 18
162.5 2.5 18
156.25 2.5 18
175.0000000000001 5 18
168.75 5 18
175 2.5 18
168.7500000000001 2.5 18
187.5 5 18
181.25 5 18
187.5 2.5 18
181.25 2.5 18
200 5 18
193.75 5 18
200 2.5 18
193.75 2.5 18
212.5000000000001 5 18
206.25 5 18
212.5 2.5 18
206.2500000000001 2.5 18
225 5 18
218.75 5 18
225 2.5 18
218.75 2.5 18
237.5000000000001 5 18
231.25 5 18
237.5 2.5 18
231.2500000000001 2.5 18
250 5 18
243.75 5 18
250 2.5 18
243.75 2.5 18
262.5 5 18
256.25 5 18
262.5 2.5 18
256.25 2.5 18
275 5 18
268.75 5 18
275 2.5 18
268.75 2.5 18
287.5 5 18
281.25 5 18
287.5 2.5 18
281.25 2.5 18
300 5 18
293.75 5 18
300 2.5 18
293.75 2.5 18
312.5 5 18
306.25 5 18
312.5 2.5 18
306.25 2.5 18
325 5 18
318.75 5 18
325 2.5 18
318.75 2.5 18
337.5 5 18
331.25 5 18
337.5 2.5 18
331.25 2.5 18
350.0000000000001 5 18
343.7500000000001 5 18
350.0000000000001 2.5 18
343.7500000000001 2.5 18
362.5000000000001 5 18
356.2500000000001 5 18
362.5000000000001 2.5 18
356.2500000000001 2.5 18
375 5 18
368.7500000000001 5 18
375 2.5 18
368.7500000000001 2.5 18
387.5 5 18
381.25 5 18
387.5 2.5 18
381.25 2.5 18
400 5 18
393.75 5 18
400 2.5 18
393.75 2.5 18
412.5000000000001 5 18
406.2500000000001 5 18
412.5000000000001 2.5 18
406.2500000000001 2.5 18
425.0000000000001 5 18
418.7500000000001 5 18
425.0000000000001 2.5 18
418.7500000000001 2.5 18
437.5 5 18
431.2500000000001 5 18
437.5 2.5 18
431.2500000000001 2.5 18
450 5 18
443.75 5 18
450 2.5 18
443.75 2.5 18
462.5 5 18
456.25 5 18
462.5 2.5 18
456.25 2.5 18
475.0000000000001 5 18
468.7500000000001 5 18
475.0000000000001 2.5 18
468.7500000000001 2.5 18
487.5000000000001 5 18
481.2500000000001 5 18
487.5000000000001 2.5 18
481.2500000000001 2.5 18
500 5 18
493.7500000000001 5 18
500 2.5 18
493.7500000000001 2.5 18
512.5 5 18
506.25 5 18
512.5 2.5 18
506.25 2.5 18
525 5 18
518.75 5 18
525 2.5 18
518.75 2.5 18
537.5 5 18
531.25 5 18
537.5 2.5 18
531.25 2.5 18
550 5 18
543.75 5 18
550 2.5 18
543.75 2.5 18
562.5 5 18
556.25 5 18
562.5 2.5 18
556.25 2.5 18
575 5 18
568.75 5 18
575 2.5 18
568.75 2.5 18
587.5 5 18
581.25 5 18
587.5 2.5 18
581.25 2.5 18
600 5 18
593.75 5 18
600 2.5 18
593.75 2.5 18
612.5 5 18
606.25 5 18
612.5 2.5 18
606.25 2.5 18
625 5 18
618.75 5 18
625 2.5 18
618.75 2.5 18
637.5 5 18
631.25 5 18
637.5 2.5 18
631.25 2.5 18
650 5 18
643.75 5 18
650 2.5 18
643.75 2.5 18
662.5 5 18
656.25 5 18
662.5 2.5 18
656.25 2.5 18
675 5 18
668.75 5 18
675 2.5 18
668.75 2.5 18
687.5 5 18
681.25 5 18
687.5 2.5 18
681.25 2.5 18
700.0000000000002 5 18
693.7500000000001 5 18
700.0000000000001 2.5 18
693.7500000000002 2.5 18
712.5 5 18
706.2500000000001 5 18
712.5 2.5 18
706.2500000000001 2.5 18
725.0000000000002 5 18
718.7500000000001 5 18
725.0000000000001 2.5 18
718.7500000000002 2.5 18
737.5 5 18
731.2500000000001 5 18
737.5 2.5 18
731.2500000000001 2.5 18
750 5 18
743.75 5 18
750 2.5 18
743.75 2.5 18
762.5000000000002 5 18
756.2500000000001 5 18
762.5000000000001 2.5 18
756.2500000000002 2.5 18
775 5 18
768.7500000000001 5 18
775 2.5 18
768.7500000000001 2.5 18
787.5000000000002 5 18
781.2500000000001 5 18
787.5000000000001 2.5 18
781.2500000000002 2.5 18
800 5 18
793.7500000000001 5 18
800 2.5 18
793.7500000000001 2.5 18
812.5 5 18
806.25 5 18
812.5 2.5 18
806.25 2.5 18
825.0000000000002 5 18
818.7500000000001 5 18
825.0000000000001 2.5 18
818.7500000000002 2.5 18
837.5 5 18
831.2500000000001 5 18
837.5 2.5 18
831.2500000000001 2.5 18
850.0000000000002 5 18
843.7500000000001 5 18
850.0000000000001 2.5 18
843.7500000000002 2.5 18
862.5 5 18
856.2500000000001 5 18
862.5 2.5 18
856.2500000000001 2.5 18
875 5 18
868.75 5 18
875 2.5 18
868.75 2.5 18
887.5000000000002 5 18
881.2500000000001 5 18
887.5000000000001 2.5 18
881.2500000000002 2.5 18
900 5 18
893.7500000000001 5 18
900 2.5 18
893.7500000000001 2.5 18
912.5000000000002 5 18
906.2500000000001 5 18
912.5000000000001 2.5 18
906.2500000000002 2.5 18
925 5 18
918.7500000000001 5 18
925 2.5 18
918.7500000000001 2.5 18
937.5 5 18
931.25 5 18
937.5 2.5 18
931.25 2.5 18
950.0000000000002 5 18
943.7500000000001 5 18
950.0000000000001 2.5 18
943.7500000000002 2.5 18
962.5 5 18
956.2500000000001 5 18
962.5 2.5 18
956.2500000000001 2.5 18
975.0000000000002 5 18
968.7500000000001 5 18
975.0000000000001 2.5 18
968.7500000000002 2.5 18
987.5 5 18
981.2500000000001 5 18
987.5 2.5 18
981.2500000000001 2.5 18
993.75 5 18
993.75 2.5 18
12.5 7.5 18
6.25 7.5 18
25 7.5 18
18.75 7.5 18
37.50000000000001 7.5 18
31.25000000000001 7.5 18
50 7.5 18
43.75 7.5 18
62.5 7.5 18
56.25 7.5 18
75.00000000000001 7.5 18
68.75 7.5 18
87.50000000000003 7.5 18
81.25 7.5 18
100 7.5 18
93.75000000000001 7.5 18
112.5 7.5 18
106.25 7.5 18
125 7.5 18
118.75 7.5 18
137.5 7.5 18
131.25 7.5 18
150 7.5 18
143.75 7.5 18
162.5 7.5 18
156.25 7.5 18
175.0000000000001 7.5 18
168.7500000000001 7.5 18
187.5 7.5 18
181.25 7.5 18
200 7.5 18
193.75 7.5 18
212.5000000000001 7.5 18
206.2500000000001 7.5 18
225 7.5 18
218.75 7.5 18
237.5000000000001 7.5 18
231.2500000000001 7.5 18
250 7.5 18
243.75 7.5 18
262.5 7.5 18
256.25 7.5 18
275 7.5 18
268.75 7.5 18
287.5000000000001 7.5 18
281.25 7.5 18
300.0000000000001 7.5 18
293.7500000000001 7.5 18
312.5 7.5 18
306.25 7.5 18
325 7.5 18
318.75 7.5 18
337.5 7.5 18
331.25 7.5 18
350.0000000000001 7.5 18
343.7500000000001 7.5 18
362.5000000000001 7.5 18
356.2500000000002 7.5 18
375 7.5 18
368.7500000000001 7.5 18
387.5 7.5 18
381.25 7.5 18
400 7.5 18
393.75 7.5 18
412.5000000000001 7.5 18
406.2500000000001 7.5 18
425.0000000000001 7.5 18
418.7500000000002 7.5 18
437.5 7.5 18
431.2500000000001 7.5 18
450 7.5 18
443.75 7.5 18
462.5 7.5 18
456.25 7.5 18
475.0000000000001 7.5 18
468.7500000000001 7.5 18
487.5000000000001 7.5 18
481.2500000000002 7.5 18
500 7.5 18
493.7500000000001 7.5 18
512.5000000000001 7.5 18
506.2500000000001 7.5 18
525 7.5 18
518.75 7.5 18
537.5 7.5 18
531.25 7.5 18
550 7.5 18
543.75 7.5 18
562.5 7.5 18
556.25 7.5 18
575.0000000000001 7.5 18
568.75 7.5 18
587.5 7.5 18
581.25 7.5 18
600.0000000000001 7.5 18
593.75 7.5 18
612.5 7.5 18
606.25 7.5 18
625 7.5 18
618.75 7.5 18
637.5000000000001 7.5 18
631.25 7.5 18
650 7.5 18
643.75 7.5 18
662.5000000000001 7.5 18
656.25 7.5 18
675 7.5 18
668.75 7.5 18
687.5 7.5 18
681.25 7.5 18
700.0000000000002 7.5 18
693.7500000000002 7.5 18
712.5 7.5 18
706.2500000000001 7.5 18
725.0000000000002 7.5 18
718.7500000000002 7.5 18
737.5 7.5 18
731.2500000000001 7.5 18
750 7.5 18
743.75 7.5 18
762.5000000000002 7.5 18
756.2500000000002 7.5 18
775 7.5 18
768.7500000000001 7.5 18
787.5000000000002 7.5 18
781.2500000000002 7.5 18
800 7.5 18
793.7500000000001 7.5 18
812.5 7.5 18
806.25 7.5 18
825.0000000000002 7.5 18
818.7500000000002 7.5 18
837.5 7.5 18
831.2500000000001 7.5 18
850.0000000000002 7.5 18
843.7500000000002 7.5 18
862.5 7.5 18
856.2500000000001 7.5 18
875 7.5 18
868.75 7.5 18
887.5000000000002 7.5 18
881.2500000000002 7.5 18
900 7.5 18
893.7500000000001 7.5 18
912.5000000000002 7.5 18
906.2500000000002 7.5 18
925 7.5 18
918.7500000000001 7.5 18
937.5 7.5 18
931.25 7.5 18
950.0000000000002 7.5 18
943.7500000000002 7.5 18
962.5 7.5 18
956.2500000000001 7.5 18
975.0000000000002 7.5 18
968.7500000000002 7.5 18
987.5 7.5 18
981.2500000000001 7.5 18
993.75 7.5 18
$EndNodes
$Elements
7 968 1 968
2 1 10 4
1 2 9 669 18 10 670 671 19 672 
2 18 669 15 4 671 673 16 20 674 
3 9 1 12 669 11 13 675 670 676 
4 669 12 3 15 675 14 17 673 677 
2 2 10 4
5 6 30 678 21 31 679 680 22 681 
6 30 8 27 678 32 28 682 679 683 
7 21 678 24 5 680 684 25 23 685 
8 678 27 7 24 682 29 26 684 686 
2 3 10 160
9 2 33 687 9 112 766 767 10 768 
10 9 687 192 1 767 769 271 11 770 
11 33 34 688 687 113 771 772 766 773 
12 687 688 193 192 772 774 272 769 775 
13 34 35 689 688 114 776 777 771 778 
14 688 689 194 193 777 779 273 774 780 
15 35 36 690 689 115 781 782 776 783 
16 689 690 195 194 782 784 274 779 785 
17 36 37 691 690 116 786 787 781 788 
18 690 691 196 195 787 789 275 784 790 
19 37 38 692 691 117 791 792 786 793 
20 691 692 197 196 792 794 276 789 795 
21 38 39 693 692 118 796 797 791 798 
22 692 693 198 197 797 799 277 794 800 
23 39 40 694 693 119 801 802 796 803 
24 693 694 199 198 802 804 278 799 805 
25 40 41 695 694 120 806 807 801 808 
26 694 695 200 199 807 809 279 804 810 
27 41 42 696 695 121 811 812 806 813 
28 695 696 201 200 812 814 280 809 815 
29 42 43 697 696 122 816 817 811 818 
30 696 697 202 201 817 819 281 814 820 
31 43 44 698 697 123 821 822 816 823 
32 697 698 203 202 822 824 282 819 825 
33 44 45 699 698 124 826 827 821 828 
34 698 699 204 203 827 829 283 824 830 
35 45 46 700 699 125 831 832 826 833 
36 699 700 205 204 832 834 284 829 835 
37 46 47 701 700 126 836 837 831 838 
38 700 701 206 205 837 839 285 834 840 
39 47 48 702 701 127 841 842 836 843 
40 701 702 207 206 842 844 286 839 845 
41 48 49 703 702 128 846 847 841 848 
42 702 703 208 207 847 849 287 844 850 
43 49 50 704 703 129 851 852 846 853 
44 703 704 209 208 852 854 288 849 855 
45 50 51 705 704 130 856 857 851 858 
46 704 705 210 209 857 859 289 854 860 
47 51 52 706 705 131 861 862 856 863 
48 705 706 211 210 862 864 290 859 865 
49 52 53 707 706 132 866 867 861 868 
50 706 707 212 211 867 869 291 864 870 
51 53 54 708 707 133 871 872 866 873 
52 707 708 213 212 872 874 292 869 875 
53 54 55 709 708 134 876 877 871 878 
54 708 709 214 213 877 879 293 874 880 
55 55 56 710 709 135 881 882 876 883 
56 709 710 215 214 882 884 294 879 885 
57 56 57 711 710 136 886 887 881 888 
58 710 711 216 215 887 889 295 884 890 
59 57 58 712 711 137 891 892 886 893 
60 711 712 217 216 892 894 296 889 895 
61 58 59 713 712 138 896 897 891 898 
62 712 713 218 217 897 899 297 894 900 
63 59 60 714 713 139 901 902 896 903 
64 713 714 219 218 902 904 298 899 905 
65 60 61 715 714 140 906 907 901 908 
66 714 715 220 219 907 909 299 904 910 
67 61 62 716 715 141 911 912 906 913 
68 715 716 221 220 912 914 300 909 915 
69 62 63 717 716 142 916 917 911 918 
70 716 717 222 221 917 919 301 914 920 
71 63 64 718 717 143 921 922 916 923 
72 717 718 223 222 922 924 302 919 925 
73 64 65 719 718 144 926 927 921 928 
74 718 719 224 223 927 929 303 924 930 
75 65 66 720 719 145 931 932 926 933 
76 719 720 225 224 932 934 304 929 935 
77 66 67 721 720 146 936 937 931 938 
78 720 721 226 225 937 939 305 934 940 
79 67 68 722 721 147 941 942 936 943 
80 721 722 227 226 942 944 306 939 945 
81 68 69 723 722 148 946 947 941 948 
82 722 723 228 227 947 949 307 944 950 
83 69 70 724 723 149 951 952 946 953 
84 723 724 229 228 952 954 308 949 955 
85 70 71 725 724 150 956 957 951 958 
86 724 725 230 229 957 959 309 954 960 
87 71 72 726 725 151 961 962 956 963 
88 725 726 231 230 962 964 310 959 965 
89 72 73 727 726 152 966 967 961 968 
90 726 727 232 231 967 969 311 964 970 
91 73 74 728 727 153 971 972 966 973 
92 727 728 233 232 972 974 312 969 975 
93 74 75 729 728 154 976 977 971 978 
94 728 729 234 233 977 979 313 974 980 
95 75 76 730 729 155 981 982 976 983 
96 729 730 235 234 982 984 314 979 985 
97 76 77 731 730 156 986 987 981 988 
98 730 731 236 235 987 989 315 984 990 
99 77 78 732 731 157 991 992 986 993 
100 731 732 237 236 992 994 316 989 995 
101 78 79 733 732 158 996 997 991 998 
102 732 733 238 237 997 999 317 994 1000 
103 79 80 734 733 159 1001 1002 996 1003 
104 733 734 239 238 1002 1004 318 999 1005 
105 80 81 735 734 160 1006 1007 1001 1008 
106 734 735 240 239 1007 1009 319 1004 1010 
107 81 82 736 735 161 1011 1012 1006 1013 
108 735 736 241 240 1012 1014 320 1009 1015 
109 82 83 737 736 162 1016 1017 1011 1018 
110 736 737 242 241 1017 1019 321 1014 1020 
111 83 84 738 737 163 1021 1022 1016 1023 
112 737 738 243 242 1022 1024 322 1019 1025 
113 84 85 739 738 164 1026 1027 1021 1028 
114 738 739 244 243 1027 1029 323 1024 1030 
115 85 86 740 739 165 1031 1032 1026 1033 
116 739 740 245 244 1032 1034 324 1029 1035 
117 86 87 741 740 166 1036 1037 1031 1038 
118 740 741 246 245 1037 1039 325 1034 1040 
119 87 88 742 741 167 1041 1042 1036 1043 
120 741 742 247 246 1042 1044 326 1039 1045 
121 88 89 743 742 168 1046 1047 1041 1048 
122 742 743 248 247 1047 1049 327 1044 1050 
123 89 90 744 743 169 1051 1052 1046 1053 
124 743 744 249 248 1052 1054 328 1049 1055 
125 90 91 745 744 170 1056 1057 1051 1058 
126 744 745 250 249 1057 1059 329 1054 1060 
127 91 92 746 745 171 1061 1062 1056 1063 
128 745 746 251 250 1062 1064 330 1059 1065 
129 92 93 747 746 172 1066 1067 1061 1068 
130 746 747 252 251 1067 1069 331 1064 1070 
131 93 94 748 747 173 1071 1072 1066 1073 
132 747 748 253 252 1072 1074 332 1069 1075 
133 94 95 749 748 174 1076 1077 1071 1078 
134 748 749 254 253 1077 1079 333 1074 1080 
135 95 96 750 749 175 1081 1082 1076 1083 
136 749 750 255 254 1082 1084 334 1079 1085 
137 96 97 751 750 176 1086 1087 1081 1088 
138 750 751 256 255 1087 1089 335 1084 1090 
139 97 98 752 751 177 1091 1092 1086 1093 
140 751 752 257 256 1092 1094 336 1089 1095 
141 98 99 753 752 178 1096 1097 1091 1098 
142 752 753 258 257 1097 1099 337 1094 1100 
143 99 100 754 753 179 1101 1102 1096 1103 
144 753 754 259 258 1102 1104 338 1099 1105 
145 100 101 755 754 180 1106 1107 1101 1108 
146 754 755 260 259 1107 1109 339 1104 1110 
147 101 102 756 755 181 1111 1112 1106 1113 
148 755 756 261 260 1112 1114 340 1109 1115 
149 102 103 757 756 182 1116 1117 1111 1118 
150 756 757 262 261 1117 1119 341 1114 1120 
151 103 104 758 757 183 1121 1122 1116 1123 
152 757 758 263 262 1122 1124 342 1119 1125 
153 104 105 759 758 184 1126 1127 1121 1128 
154 758 759 264 263 1127 1129 343 1124 1130 
155 105 106 760 759 185 1131 1132 1126 1133 
156 759 760 265 264 1132 1134 344 1129 1135 
157 106 107 761 760 186 1136 1137 1131 1138 
158 760 761 266 265 1137 1139 345 1134 1140 
159 107 108 762 761 187 1141 1142 1136 1143 
160 761 762 267 266 1142 1144 346 1139 1145 
161 108 109 763 762 188 1146 1147 1141 1148 
162 762 763 268 267 1147 1149 347 1144 1150 
163 109 110 764 763 189 1151 1152 1146 1153 
164 763 764 269 268 1152 1154 348 1149 1155 
165 110 111 765 764 190 1156 1157 1151 1158 
166 764 765 270 269 1157 1159 349 1154 1160 
167 111 6 21 765 191 22 1161 1156 1162 
168 765 21 5 270 1161 23 350 1159 1163 
2 4 10 160
169 4 15 1164 351 16 1243 1244 430 1245 
170 15 3 510 1164 17 589 1246 1243 1247 
171 351 1164 1165 352 1244 1248 1249 431 1250 
172 1164 510 511 1165 1246 590 1251 1248 1252 
173 352 1165 1166 353 1249 1253 1254 432 1255 
174 1165 511 512 1166 1251 591 1256 1253 1257 
175 353 1166 1167 354 1254 1258 1259 433 1260 
176 1166 512 513 1167 1256 592 1261 1258 1262 
177 354 1167 1168 355 1259 1263 1264 434 1265 
178 1167 513 514 1168 1261 593 1266 1263 1267 
179 355 1168 1169 356 1264 1268 1269 435 1270 
180 1168 514 515 1169 1266 594 1271 1268 1272 
181 356 1169 1170 357 1269 1273 1274 436 1275 
182 1169 515 516 1170 1271 595 1276 1273 1277 
183 357 1170 1171 358 1274 1278 1279 437 1280 
184 1170 516 517 1171 1276 596 1281 1278 1282 
185 358 1171 1172 359 1279 1283 1284 438 1285 
186 1171 517 518 1172 1281 597 1286 1283 1287 
187 359 1172 1173 360 1284 1288 1289 439 1290 
188 1172 518 519 1173 1286 598 1291 1288 1292 
189 360 1173 1174 361 1289 1293 1294 440 1295 
190 1173 519 520 1174 1291 599 1296 1293 1297 
191 361 1174 1175 362 1294 1298 1299 441 1300 
192 1174 520 521 1175 1296 600 1301 1298 1302 
193 362 1175 1176 363 1299 1303 1304 442 1305 
194 1175 521 522 1176 1301 601 1306 1303 1307 
195 363 1176 1177 364 1304 1308 1309 443 1310 
196 1176 522 523 1177 1306 602 1311 1308 1312 
197 364 1177 1178 365 1309 1313 1314 444 1315 
198 1177 523 524 1178 1311 603 1316 1313 1317 
199 365 1178 1179 366 1314 1318 1319 445 1320 
200 1178 524 525 1179 1316 604 1321 1318 1322 
201 366 1179 1180 367 1319 1323 1324 446 1325 
202 1179 525 526 1180 1321 605 1326 1323 1327 
203 367 1180 1181 368 1324 1328 1329 447 1330 
204 1180 526 527 1181 1326 606 1331 1328 1332 
205 368 1181 1182 369 1329 1333 1334 448 1335 
206 1181 527 528 1182 1331 607 1336 1333 1337 
207 369 1182 1183 370 1334 1338 1339 449 1340 
208 1182 528 529 1183 1336 608 1341 1338 1342 
209 370 1183 1184 371 1339 1343 1344 450 1345 
210 1183 529 530 1184 1341 609 1346 1343 1347 
211 371 1184 1185 372 1344 1348 1349 451 1350 
212 1184 530 531 1185 1346 610 1351 1348 1352 
213 372 1185 1186 373 1349 1353 1354 452 1355 
214 1185 531 532 1186 1351 611 1356 1353 1357 
215 373 1186 1187 374 1354 1358 1359 453 1360 
216 1186 532 533 1187 1356 612 1361 1358 1362 
217 374 1187 1188 375 1359 1363 1364 454 1365 
218 1187 533 534 1188 1361 613 1366 1363 1367 
219 375 1188 1189 376 1364 1368 1369 455 1370 
220 1188 534 535 1189 1366 614 1371 1368 1372 
221 376 1189 1190 377 1369 1373 1374 456 1375 
222 1189 535 536 1190 1371 615 1376 1373 1377 
223 377 1190 1191 378 1374 1378 1379 457 1380 
224 1190 536 537 1191 1376 616 1381 1378 1382 
225 378 1191 1192 379 1379 1383 1384 458 1385 
226 1191 537 538 1192 1381 617 1386 1383 1387 
227 379 1192 1193 380 1384 1388 1389 459 1390 
228 1192 538 539 1193 1386 618 1391 1388 1392 
229 380 1193 1194 381 1389 1393 1394 460 1395 
230 1193 539 540 1194 1391 619 1396 1393 1397 
231 381 1194 1195 382 1394 1398 1399 461 1400 
232 1194 540 541 1195 1396 620 1401 1398 1402 
233 382 1195 1196 383 1399 1403 1404 462 1405 
234 1195 541 542 1196 1401 621 1406 1403 1407 
235 383 1196 1197 384 1404 1408 1409 463 1410 
236 1196 542 543 1197 1406 622 1411 1408 1412 
237 384 1197 1198 385 1409 1413 1414 464 1415 
238 1197 543 544 1198 1411 623 1416 1413 1417 
239 385 1198 1199 386 1414 1418 1419 465 1420 
240 1198 544 545 1199 1416 624 1421 1418 1422 
241 386 1199 1200 387 1419 1423 1424 466 1425 
242 1199 545 546 1200 1421 625 1426 1423 1427 
243 387 1200 1201 388 1424 1428 1429 467 1430 
244 1200 546 547 1201 1426 626 1431 1428 1432 
245 388 1201 1202 389 1429 1433 1434 468 1435 
246 1201 547 548 1202 1431 627 1436 1433 1437 
247 389 1202 1203 390 1434 1438 1439 469 1440 
248 1202 548 549 1203 1436 628 1441 1438 1442 
249 390 1203 1204 391 1439 1443 1444 470 1445 
250 1203 549 550 1204 1441 629 1446 1443 1447 
251 391 1204 1205 392 1444 1448 1449 471 1450 
252 1204 550 551 1205 1446 630 1451 1448 1452 
253 392 1205 1206 393 1449 1453 1454 472 1455 
254 1205 551 552 1206 1451 631 1456 1453 1457 
255 393 1206 1207 394 1454 1458 1459 473 1460 
256 1206 552 553 1207 1456 632 1461 1458 1462 
257 394 1207 1208 395 1459 1463 1464 474 1465 
258 1207 553 554 1208 1461 633 1466 1463 1467 
259 395 1208 1209 396 1464 1468 1469 475 1470 
260 1208 554 555 1209 1466 634 1471 1468 1472 
261 396 1209 1210 397 1469 1473 1474 476 1475 
262 1209 555 556 1210 1471 635 1476 1473 1477 
263 397 1210 1211 398 1474 1478 1479 477 1480 
264 1210 556 557 1211 1476 636 1481 1478 1482 
265 398 1211 1212 399 1479 1483 1484 478 1485 
266 1211 557 558 1212 1481 637 1486 1483 1487 
267 399 1212 1213 400 1484 1488 1489 479 1490 
268 1212 558 559 1213 1486 638 1491 1488 1492 
269 400 1213 1214 401 1489 1493 1494 480 1495 
270 1213 559 560 1214 1491 639 1496 1493 1497 
271 401 1214 1215 402 1494 1498 1499 481 1500 
272 1214 560 561 1215 1496 640 1501 1498 1502 
273 402 1215 1216 403 1499 1503 1504 482 1505 
274 1215 561 562 1216 1501 641 1506 1503 1507 
275 403 1216 1217 404 1504 1508 1509 483 1510 
276 1216 562 563 1217 1506 642 1511 1508 1512 
277 404 1217 1218 405 1509 1513 1514 484 1515 
278 1217 563 564 1218 1511 643 1516 1513 1517 
279 405 1218 1219 406 1514 1518 1519 485 1520 
280 1218 564 565 1219 1516 644 1521 1518 1522 
281 406 1219 1220 407 1519 1523 1524 486 1525 
282 1219 565 566 1220 1521 645 1526 1523 1527 
283 407 1220 1221 408 1524 1528 1529 487 1530 
284 1220 566 567 1221 1526 646 1531 1528 1532 
285 408 1221 1222 409 1529 1533 1534 488 1535 
286 1221 567 568 1222 1531 647 1536 1533 1537 
287 409 1222 1223 410 1534 1538 1539 489 1540 
288 1222 568 569 1223 1536 648 1541 1538 1542 
289 410 1223 1224 411 1539 1543 1544 490 1545 
290 1223 569 570 1224 1541 649 1546 1543 1547 
291 411 1224 1225 412 1544 1548 1549 491 1550 
292 1224 570 571 1225 1546 650 1551 1548 1552 
293 412 1225 1226 413 1549 1553 1554 492 1555 
294 1225 571 572 1226 1551 651 1556 1553 1557 
295 413 1226 1227 414 1554 1558 1559 493 1560 
296 1226 572 573 1227 1556 652 1561 1558 1562 
297 414 1227 1228 415 1559 1563 1564 494 1565 
298 1227 573 574 1228 1561 653 1566 1563 1567 
299 415 1228 1229 416 1564 1568 1569 495 1570 
300 1228 574 575 1229 1566 654 1571 1568 1572 
301 416 1229 1230 417 1569 1573 1574 496 1575 
302 1229 575 576 1230 1571 655 1576 1573 1577 
303 417 1230 1231 418 1574 1578 1579 497 1580 
304 1230 576 577 1231 1576 656 1581 1578 1582 
305 418 1231 1232 419 1579 1583 1584 498 1585 
306 1231 577 578 1232 1581 657 1586 1583 1587 
307 419 1232 1233 420 1584 1588 1589 499 1590 
308 1232 578 579 1233 1586 658 1591 1588 1592 
309 420 1233 1234 421 1589 1593 1594 500 1595 
310 1233 579 580 1234 1591 659 1596 1593 1597 
311 421 1234 1235 422 1594 1598 1599 501 1600 
312 1234 580 581 1235 1596 660 1601 1598 1602 
313 422 1235 1236 423 1599 1603 1604 502 1605 
314 1235 581 582 1236 1601 661 1606 1603 1607 
315 423 1236 1237 424 1604 1608 1609 503 1610 
316 1236 582 583 1237 1606 662 1611 1608 1612 
317 424 1237 1238 425 1609 1613 1614 504 1615 
318 1237 583 584 1238 1611 663 1616 1613 1617 
319 425 1238 1239 426 1614 1618 1619 505 1620 
320 1238 584 585 1239 1616 664 1621 1618 1622 
321 426 1239 1240 427 1619 1623 1624 506 1625 
322 1239 585 586 1240 1621 665 1626 1623 1627 
323 427 1240 1241 428 1624 1628 1629 507 1630 
324 1240 586 587 1241 1626 666 1631 1628 1632 
325 428 1241 1242 429 1629 1633 1634 508 1635 
326 1241 587 588 1242 1631 667 1636 1633 1637 
327 429 1242 27 8 1634 1638 28 509 1639 
328 1242 588 7 27 1636 668 29 1638 1640 
2 5 10 160
329 2 18 1641 33 19 1720 1721 112 1722 
330 33 1641 1642 34 1721 1723 1724 113 1725 
331 34 1642 1643 35 1724 1726 1727 114 1728 
332 35 1643 1644 36 1727 1729 1730 115 1731 
333 36 1644 1645 37 1730 1732 1733 116 1734 
334 37 1645 1646 38 1733 1735 1736 117 1737 
335 38 1646 1647 39 1736 1738 1739 118 1740 
336 39 1647 1648 40 1739 1741 1742 119 1743 
337 40 1648 1649 41 1742 1744 1745 120 1746 
338 41 1649 1650 42 1745 1747 1748 121 1749 
339 42 1650 1651 43 1748 1750 1751 122 1752 
340 43 1651 1652 44 1751 1753 1754 123 1755 
341 44 1652 1653 45 1754 1756 1757 124 1758 
342 45 1653 1654 46 1757 1759 1760 125 1761 
343 46 1654 1655 47 1760 1762 1763 126 1764 
344 47 1655 1656 48 1763 1765 1766 127 1767 
345 48 1656 1657 49 1766 1768 1769 128 1770 
346 49 1657 1658 50 1769 1771 1772 129 1773 
347 50 1658 1659 51 1772 1774 1775 130 1776 
348 51 1659 1660 52 1775 1777 1778 131 1779 
349 52 1660 1661 53 1778 1780 1781 132 1782 
350 53 1661 1662 54 1781 1783 1784 133 1785 
351 54 1662 1663 55 1784 1786 1787 134 1788 
352 55 1663 1664 56 1787 1789 1790 135 1791 
353 56 1664 1665 57 1790 1792 1793 136 1794 
354 57 1665 1666 58 1793 1795 1796 137 1797 
355 58 1666 1667 59 1796 1798 1799 138 1800 
356 59 1667 1668 60 1799 1801 1802 139 1803 
357 60 1668 1669 61 1802 1804 1805 140 1806 
358 61 1669 1670 62 1805 1807 1808 141 1809 
359 62 1670 1671 63 1808 1810 1811 142 1812 
360 63 1671 1672 64 1811 1813 1814 143 1815 
361 64 1672 1673 65 1814 1816 1817 144 1818 
362 65 1673 1674 66 1817 1819 1820 145 1821 
363 66 1674 1675 67 1820 1822 1823 146 1824 
364 67 1675 1676 68 1823 1825 1826 147 1827 
365 68 1676 1677 69 1826 1828 1829 148 1830 
366 69 1677 1678 70 1829 1831 1832 149 1833 
367 70 1678 1679 71 1832 1834 1835 150 1836 
368 71 1679 1680 72 1835 1837 1838 151 1839 
369 72 1680 1681 73 1838 1840 1841 152 1842 
370 73 1681 1682 74 1841 1843 1844 153 1845 
371 74 1682 1683 75 1844 1846 1847 154 1848 
372 75 1683 1684 76 1847 1849 1850 155 1851 
373 76 1684 1685 77 1850 1852 1853 156 1854 
374 77 1685 1686 78 1853 1855 1856 157 1857 
375 78 1686 1687 79 1856 1858 1859 158 1860 
376 79 1687 1688 80 1859 1861 1862 159 1863 
377 80 1688 1689 81 1862 1864 1865 160 1866 
378 81 1689 1690 82 1865 1867 1868 161 1869 
379 82 1690 1691 83 1868 1870 1871 162 1872 
380 83 1691 1692 84 1871 1873 1874 163 1875 
381 84 1692 1693 85 1874 1876 1877 164 1878 
382 85 1693 1694 86 1877 1879 1880 165 1881 
383 86 1694 1695 87 1880 1882 1883 166 1884 
384 87 1695 1696 88 1883 1885 1886 167 1887 
385 88 1696 1697 89 1886 1888 1889 168 1890 
386 89 1697 1698 90 1889 1891 1892 169 1893 
387 90 1698 1699 91 1892 1894 1895 170 1896 
388 91 1699 1700 92 1895 1897 1898 171 1899 
389 92 1700 1701 93 1898 1900 1901 172 1902 
390 93 1701 1702 94 1901 1903 1904 173 1905 
391 94 1702 1703 95 1904 1906 1907 174 1908 
392 95 1703 1704 96 1907 1909 1910 175 1911 
393 96 1704 1705 97 1910 1912 1913 176 1914 
394 97 1705 1706 98 1913 1915 1916 177 1917 
395 98 1706 1707 99 1916 1918 1919 178 1920 
396 99 1707 1708 100 1919 1921 1922 179 1923 
397 100 1708 1709 101 1922 1924 1925 180 1926 
398 101 1709 1710 102 1925 1927 1928 181 1929 
399 102 1710 1711 103 1928 1930 1931 182 1932 
400 103 1711 1712 104 1931 1933 1934 183 1935 
401 104 1712 1713 105 1934 1936 1937 184 1938 
402 105 1713 1714 106 1937 1939 1940 185 1941 
403 106 1714 1715 107 1940 1942 1943 186 1944 
404 107 1715 1716 108 1943 1945 1946 187 1947 
405 108 1716 1717 109 1946 1948 1949 188 1950 
406 109 1717 1718 110 1949 1951 1952 189 1953 
407 110 1718 1719 111 1952 1954 1955 190 1956 
408 111 1719 30 6 1955 1957 31 191 1958 
409 18 4 351 1641 20 430 1959 1720 1960 
410 1641 351 352 1642 1959 431 1961 1723 1962 
411 1642 352 353 1643 1961 432 1963 1726 1964 
412 1643 353 354 1644 1963 433 1965 1729 1966 
413 1644 354 355 1645 1965 434 1967 1732 1968 
414 1645 355 356 1646 1967 435 1969 1735 1970 
415 1646 356 357 1647 1969 436 1971 1738 1972 
416 1647 357 358 1648 1971 437 1973 1741 1974 
417 1648 358 359 1649 1973 438 1975 1744 1976 
418 1649 359 360 1650 1975 439 1977 1747 1978 
419 1650 360 361 1651 1977 440 1979 1750 1980 
420 1651 361 362 1652 1979 441 1981 1753 1982 
421 1652 362 363 1653 1981 442 1983 1756 1984 
422 1653 363 364 1654 1983 443 1985 1759 1986 
423 1654 364 365 1655 1985 444 1987 1762 1988 
424 1655 365 366 1656 1987 445 1989 1765 1990 
425 1656 366 367 1657 1989 446 1991 1768 1992 
426 1657 367 368 1658 1991 447 1993 1771 1994 
427 1658 368 369 1659 1993 448 1995 1774 1996 
428 1659 369 370 1660 1995 449 1997 1777 1998 
429 1660 370 371 1661 1997 450 1999 1780 2000 
430 1661 371 372 1662 1999 451 2001 1783 2002 
431 1662 372 373 1663 2001 452 2003 1786 2004 
432 1663 373 374 1664 2003 453 2005 1789 2006 
433 1664 374 375 1665 2005 454 2007 1792 2008 
434 1665 375 376 1666 2007 455 2009 1795 2010 
435 1666 376 377 1667 2009 456 2011 1798 2012 
436 1667 377 378 1668 2011 457 2013 1801 2014 
437 1668 378 379 1669 2013 458 2015 1804 2016 
438 1669 379 380 1670 2015 459 2017 1807 2018 
439 1670 380 381 1671 2017 460 2019 1810 2020 
440 1671 381 382 1672 2019 461 2021 1813 2022 
441 1672 382 383 1673 2021 462 2023 1816 2024 
442 1673 383 384 1674 2023 463 2025 1819 2026 
443 1674 384 385 1675 2025 464 2027 1822 2028 
444 1675 385 386 1676 2027 465 2029 1825 2030 
445 1676 386 387 1677 2029 466 2031 1828 2032 
446 1677 387 388 1678 2031 467 2033 1831 2034 
447 1678 388 389 1679 2033 468 2035 1834 2036 
448 1679 389 390 1680 2035 469 2037 1837 2038 
449 1680 390 391 1681 2037 470 2039 1840 2040 
450 1681 391 392 1682 2039 471 2041 1843 2042 
451 1682 392 393 1683 2041 472 2043 1846 2044 
452 1683 393 394 1684 2043 473 2045 1849 2046 
453 1684 394 395 1685 2045 474 2047 1852 2048 
454 1685 395 396 1686 2047 475 2049 1855 2050 
455 1686 396 397 1687 2049 476 2051 1858 2052 
456 1687 397 398 1688 2051 477 2053 1861 2054 
457 1688 398 399 1689 2053 478 2055 1864 2056 
458 1689 399 400 1690 2055 479 2057 1867 2058 
459 1690 400 401 1691 2057 480 2059 1870 2060 
460 1691 401 402 1692 2059 481 2061 1873 2062 
461 1692 402 403 1693 2061 482 2063 1876 2064 
462 1693 403 404 1694 2063 483 2065 1879 2066 
463 1694 404 405 1695 2065 484 2067 1882 2068 
464 1695 405 406 1696 2067 485 2069 1885 2070 
465 1696 406 407 1697 2069 486 2071 1888 2072 
466 1697 407 408 1698 2071 487 2073 1891 2074 
467 1698 408 409 1699 2073 488 2075 1894 2076 
468 1699 409 410 1700 2075 489 2077 1897 2078 
469 1700 410 411 1701 2077 490 2079 1900 2080 
470 1701 411 412 1702 2079 491 2081 1903 2082 
471 1702 412 413 1703 2081 492 2083 1906 2084 
472 1703 413 414 1704 2083 493 2085 1909 2086 
473 1704 414 415 1705 2085 494 2087 1912 2088 
474 1705 415 416 1706 2087 495 2089 1915 2090 
475 1706 416 417 1707 2089 496 2091 1918 2092 
476 1707 417 418 1708 2091 497 2093 1921 2094 
477 1708 418 419 1709 2093 498 2095 1924 2096 
478 1709 419 420 1710 2095 499 2097 1927 2098 
479 1710 420 421 1711 2097 500 2099 1930 2100 
480 1711 421 422 1712 2099 501 2101 1933 2102 
481 1712 422 423 1713 2101 502 2103 1936 2104 
482 1713 423 424 1714 2103 503 2105 1939 2106 
483 1714 424 425 1715 2105 504 2107 1942 2108 
484 1715 425 426 1716 2107 505 2109 1945 2110 
485 1716 426 427 1717 2109 506 2111 1948 2112 
486 1717 427 428 1718 2111 507 2113 1951 2114 
487 1718 428 429 1719 2113 508 2115 1954 2116 
488 1719 429 8 30 2115 509 32 1957 2117 
2 6 10 160
489 1 192 2118 12 271 2197 2198 13 2199 
490 192 193 2119 2118 272 2200 2201 2197 2202 
491 193 194 2120 2119 273 2203 2204 2200 2205 
492 194 195 2121 2120 274 2206 2207 2203 2208 
493 195 196 2122 2121 275 2209 2210 2206 2211 
494 196 197 2123 2122 276 2212 2213 2209 2214 
495 197 198 2124 2123 277 2215 2216 2212 2217 
496 198 199 2125 2124 278 2218 2219 2215 2220 
497 199 200 2126 2125 279 2221 2222 2218 2223 
498 200 201 2127 2126 280 2224 2225 2221 2226 
499 201 202 2128 2127 281 2227 2228 2224 2229 
500 202 203 2129 2128 282 2230 2231 2227 2232 
501 203 204 2130 2129 283 2233 2234 2230 2235 
502 204 205 2131 2130 284 2236 2237 2233 2238 
503 205 206 2132 2131 285 2239 2240 2236 2241 
504 206 207 2133 2132 286 2242 2243 2239 2244 
505 207 208 2134 2133 287 2245 2246 2242 2247 
506 208 209 2135 2134 288 2248 2249 2245 2250 
507 209 210 2136 2135 289 2251 2252 2248 2253 
508 210 211 2137 2136 290 2254 2255 2251 2256 
509 211 212 2138 2137 291 2257 2258 2254 2259 
510 212 213 2139 2138 292 2260 2261 2257 2262 
511 213 214 2140 2139 293 2263 2264 2260 2265 
512 214 215 2141 2140 294 2266 2267 2263 2268 
513 215 216 2142 2141 295 2269 2270 2266 2271 
514 216 217 2143 2142 296 2272 2273 2269 2274 
515 217 218 2144 2143 297 2275 2276 2272 2277 
516 218 219 2145 2144 298 2278 2279 2275 2280 
517 219 220 2146 2145 299 2281 2282 2278 2283 
518 220 221 2147 2146 300 2284 2285 2281 2286 
519 221 222 2148 2147 301 2287 2288 2284 2289 
520 222 223 2149 2148 302 2290 2291 2287 2292 
521 223 224 2150 2149 303 2293 2294 2290 2295 
522 224 225 2151 2150 304 2296 2297 2293 2298 
523 225 226 2152 2151 305 2299 2300 2296 2301 
524 226 227 2153 2152 306 2302 2303 2299 2304 
525 227 228 2154 2153 307 2305 2306 2302 2307 
526 228 229 2155 2154 308 2308 2309 2305 2310 
527 229 230 2156 2155 309 2311 2312 2308 2313 
528 230 231 2157 2156 310 2314 2315 2311 2316 
529 231 232 2158 2157 311 2317 2318 2314 2319 
530 232 233 2159 2158 312 2320 2321 2317 2322 
531 233 234 2160 2159 313 2323 2324 2320 2325 
532 234 235 2161 2160 314 2326 2327 2323 2328 
533 235 236 2162 2161 315 2329 2330 2326 2331 
534 236 237 2163 2162 316 2332 2333 2329 2334 
535 237 238 2164 2163 317 2335 2336 2332 2337 
536 238 239 2165 2164 318 2338 2339 2335 2340 
537 239 240 2166 2165 319 2341 2342 2338 2343 
538 240 241 2167 2166 320 2344 2345 2341 2346 
539 241 242 2168 2167 321 2347 2348 2344 2349 
540 242 243 2169 2168 322 2350 2351 2347 2352 
541 243 244 2170 2169 323 2353 2354 2350 2355 
542 244 245 2171 2170 324 2356 2357 2353 2358 
543 245 246 2172 2171 325 2359 2360 2356 2361 
544 246 247 2173 2172 326 2362 2363 2359 2364 
545 247 248 2174 2173 327 2365 2366 2362 2367 
546 248 249 2175 2174 328 2368 2369 2365 2370 
547 249 250 2176 2175 329 2371 2372 2368 2373 
548 250 251 2177 2176 330 2374 2375 2371 2376 
549 251 252 2178 2177 331 2377 2378 2374 2379 
550 252 253 2179 2178 332 2380 2381 2377 2382 
551 253 254 2180 2179 333 2383 2384 2380 2385 
552 254 255 2181 2180 334 2386 2387 2383 2388 
553 255 256 2182 2181 335 2389 2390 2386 2391 
554 256 257 2183 2182 336 2392 2393 2389 2394 
555 257 258 2184 2183 337 2395 2396 2392 2397 
556 258 259 2185 2184 338 2398 2399 2395 2400 
557 259 260 2186 2185 339 2401 2402 2398 2403 
558 260 261 2187 2186 340 2404 2405 2401 2406 
559 261 262 2188 2187 341 2407 2408 2404 2409 
560 262 263 2189 2188 342 2410 2411 2407 2412 
561 263 264 2190 2189 343 2413 2414 2410 2415 
562 264 265 2191 2190 344 2416 2417 2413 2418 
563 265 266 2192 2191 345 2419 2420 2416 2421 
564 266 267 2193 2192 346 2422 2423 2419 2424 
565 267 268 2194 2193 347 2425 2426 2422 2427 
566 268 269 2195 2194 348 2428 2429 2425 2430 
567 269 270 2196 2195 349 2431 2432 2428 2433 
568 270 5 24 2196 350 25 2434 2431 2435 
569 12 2118 510 3 2198 2436 589 14 2437 
570 2118 2119 511 510 2201 2438 590 2436 2439 
571 2119 2120 512 511 2204 2440 591 2438 2441 
572 2120 2121 513 512 2207 2442 592 2440 2443 
573 2121 2122 514 513 2210 2444 593 2442 2445 
574 2122 2123 515 514 2213 2446 594 2444 2447 
575 2123 2124 516 515 2216 2448 595 2446 2449 
576 2124 2125 517 516 2219 2450 596 2448 2451 
577 2125 2126 518 517 2222 2452 597 2450 2453 
578 2126 2127 519 518 2225 2454 598 2452 2455 
579 2127 2128 520 519 2228 2456 599 2454 2457 
580 2128 2129 521 520 2231 2458 600 2456 2459 
581 2129 2130 522 521 2234 2460 601 2458 2461 
582 2130 2131 523 522 2237 2462 602 2460 2463 
583 2131 2132 524 523 2240 2464 603 2462 2465 
584 2132 2133 525 524 2243 2466 604 2464 2467 
585 2133 2134 526 525 2246 2468 605 2466 2469 
586 2134 2135 527 526 2249 2470 606 2468 2471 
587 2135 2136 528 527 2252 2472 607 2470 2473 
588 2136 2137 529 528 2255 2474 608 2472 2475 
589 2137 2138 530 529 2258 2476 609 2474 2477 
590 2138 2139 531 530 2261 2478 610 2476 2479 
591 2139 2140 532 531 2264 2480 611 2478 2481 
592 2140 2141 533 532 2267 2482 612 2480 2483 
593 2141 2142 534 533 2270 2484 613 2482 2485 
594 2142 2143 535 534 2273 2486 614 2484 2487 
595 2143 2144 536 535 2276 2488 615 2486 2489 
596 2144 2145 537 536 2279 2490 616 2488 2491 
597 2145 2146 538 537 2282 2492 617 2490 2493 
598 2146 2147 539 538 2285 2494 618 2492 2495 
599 2147 2148 540 539 2288 2496 619 2494 2497 
600 2148 2149 541 540 2291 2498 620 2496 2499 
601 2149 2150 542 541 2294 2500 621 2498 2501 
602 2150 2151 543 542 2297 2502 622 2500 2503 
603 2151 2152 544 543 2300 2504 623 2502 2505 
604 2152 2153 545 544 2303 2506 624 2504 2507 
605 2153 2154 546 545 2306 2508 625 2506 2509 
606 2154 2155 547 546 2309 2510 626 2508 2511 
607 2155 2156 548 547 2312 2512 627 2510 2513 
608 2156 2157 549 548 2315 2514 628 2512 2515 
609 2157 2158 550 549 2318 2516 629 2514 2517 
610 2158 2159 551 550 2321 2518 630 2516 2519 
611 2159 2160 552 551 2324 2520 631 2518 2521 
612 2160 2161 553 552 2327 2522 632 2520 2523 
613 2161 2162 554 553 2330 2524 633 2522 2525 
614 2162 2163 555 554 2333 2526 634 2524 2527 
615 2163 2164 556 555 2336 2528 635 2526 2529 
616 2164 2165 557 556 2339 2530 636 2528 2531 
617 2165 2166 558 557 2342 2532 637 2530 2533 
618 2166 2167 559 558 2345 2534 638 2532 2535 
619 2167 2168 560 559 2348 2536 639 2534 2537 
620 2168 2169 561 560 2351 2538 640 2536 2539 
621 2169 2170 562 561 2354 2540 641 2538 2541 
622 2170 2171 563 562 2357 2542 642 2540 2543 
623 2171 2172 564 563 2360 2544 643 2542 2545 
624 2172 2173 565 564 2363 2546 644 2544 2547 
625 2173 2174 566 565 2366 2548 645 2546 2549 
626 2174 2175 567 566 2369 2550 646 2548 2551 
627 2175 2176 568 567 2372 2552 647 2550 2553 
628 2176 2177 569 568 2375 2554 648 2552 2555 
629 2177 2178 570 569 2378 2556 649 2554 2557 
630 2178 2179 571 570 2381 2558 650 2556 2559 
631 2179 2180 572 571 2384 2560 651 2558 2561 
632 2180 2181 573 572 2387 2562 652 2560 2563 
633 2181 2182 574 573 2390 2564 653 2562 2565 
634 2182 2183 575 574 2393 2566 654 2564 2567 
635 2183 2184 576 575 2396 2568 655 2566 2569 
636 2184 2185 577 576 2399 2570 656 2568 2571 
637 2185 2186 578 577 2402 2572 657 2570 2573 
638 2186 2187 579 578 2405 2574 658 2572 2575 
639 2187 2188 580 579 2408 2576 659 2574 2577 
640 2188 2189 581 580 2411 2578 660 2576 2579 
641 2189 2190 582 581 2414 2580 661 2578 2581 
642 2190 2191 583 582 2417 2582 662 2580 2583 
643 2191 2192 584 583 2420 2584 663 2582 2585 
644 2192 2193 585 584 2423 2586 664 2584 2587 
645 2193 2194 586 585 2426 2588 665 2586 2589 
646 2194 2195 587 586 2429 2590 666 2588 2591 
647 2195 2196 588 587 2432 2592 667 2590 2593 
648 2196 24 7 588 2434 26 668 2592 2594 
3 1 12 320
649 669 9 2 18 2595 687 33 1641 670 671 2674 10 767 19 112 1720 2675 2676 766 1721 672 2677 2678 768 1722 2679 2680 
650 2595 687 33 1641 2596 688 34 1642 2675 2676 2681 766 772 1721 113 1723 2682 2683 771 1724 2679 2684 2685 773 1725 2686 2687 
651 2596 688 34 1642 2597 689 35 1643 2682 2683 2688 771 777 1724 114 1726 2689 2690 776 1727 2686 2691 2692 778 1728 2693 2694 
652 2597 689 35 1643 2598 690 36 1644 2689 2690 2695 776 782 1727 115 1729 2696 2697 781 1730 2693 2698 2699 783 1731 2700 2701 
653 2598 690 36 1644 2599 691 37 1645 2696 2697 2702 781 787 1730 116 1732 2703 2704 786 1733 2700 2705 2706 788 1734 2707 2708 
654 2599 691 37 1645 2600 692 38 1646 2703 2704 2709 786 792 1733 117 1735 2710 2711 791 1736 2707 2712 2713 793 1737 2714 2715 
655 2600 692 38 1646 2601 693 39 1647 2710 2711 2716 791 797 1736 118 1738 2717 2718 796 1739 2714 2719 2720 798 1740 2721 2722 
656 2601 693 39 1647 2602 694 40 1648 2717 2718 2723 796 802 1739 119 1741 2724 2725 801 1742 2721 2726 2727 803 1743 2728 2729 
657 2602 694 40 1648 2603 695 41 1649 2724 2725 2730 801 807 1742 120 1744 2731 2732 806 1745 2728 2733 2734 808 1746 2735 2736 
658 2603 695 41 1649 2604 696 42 1650 2731 2732 2737 806 812 1745 121 1747 2738 2739 811 1748 2735 2740 2741 813 1749 2742 2743 
659 2604 696 42 1650 2605 697 43 1651 2738 2739 2744 811 817 1748 122 1750 2745 2746 816 1751 2742 2747 2748 818 1752 2749 2750 
660 2605 697 43 1651 2606 698 44 1652 2745 2746 2751 816 822 1751 123 1753 2752 2753 821 1754 2749 2754 2755 823 1755 2756 2757 
661 2606 698 44 1652 2607 699 45 1653 2752 2753 2758 821 827 1754 124 1756 2759 2760 826 1757 2756 2761 2762 828 1758 2763 2764 
662 2607 699 45 1653 2608 700 46 1654 2759 2760 2765 826 832 1757 125 1759 2766 2767 831 1760 2763 2768 2769 833 1761 2770 2771 
663 2608 700 46 1654 2609 701 47 1655 2766 2767 2772 831 837 1760 126 1762 2773 2774 836 1763 2770 2775 2776 838 1764 2777 2778 
664 2609 701 47 1655 2610 702 48 1656 2773 2774 2779 836 842 1763 127 1765 2780 2781 841 1766 2777 2782 2783 843 1767 2784 2785 
665 2610 702 48 1656 2611 703 49 1657 2780 2781 2786 841 847 1766 128 1768 2787 2788 846 1769 2784 2789 2790 848 1770 2791 2792 
666 2611 703 49 1657 2612 704 50 1658 2787 2788 2793 846 852 1769 129 1771 2794 2795 851 1772 2791 2796 2797 853 1773 2798 2799 
667 2612 704 50 1658 2613 705 51 1659 2794 2795 2800 851 857 1772 130 1774 2801 2802 856 1775 2798 2803 2804 858 1776 2805 2806 
668 2613 705 51 1659 2614 706 52 1660 2801 2802 2807 856 862 1775 131 1777 2808 2809 861 1778 2805 2810 2811 863 1779 2812 2813 
669 2614 706 52 1660 2615 707 53 1661 2808 2809 2814 861 867 1778 132 1780 2815 2816 866 1781 2812 2817 2818 868 1782 2819 2820 
670 2615 707 53 1661 2616 708 54 1662 2815 2816 2821 866 872 1781 133 1783 2822 2823 871 1784 2819 2824 2825 873 1785 2826 2827 
671 2616 708 54 1662 2617 709 55 1663 2822 2823 2828 871 877 1784 134 1786 2829 2830 876 1787 2826 2831 2832 878 1788 2833 2834 
672 2617 709 55 1663 2618 710 56 1664 2829 2830 2835 876 882 1787 135 1789 2836 2837 881 1790 2833 2838 2839 883 1791 2840 2841 
673 2618 710 56 1664 2619 711 57 1665 2836 2837 2842 881 887 1790 136 1792 2843 2844 886 1793 2840 2845 2846 888 1794 2847 2848 
674 2619 711 57 1665 2620 712 58 1666 2843 2844 2849 886 892 1793 137 1795 2850 2851 891 1796 2847 2852 2853 893 1797 2854 2855 
675 2620 712 58 1666 2621 713 59 1667 2850 2851 2856 891 897 1796 138 1798 2857 2858 896 1799 2854 2859 2860 898 1800 2861 2862 
676 2621 713 59 1667 2622 714 60 1668 2857 2858 2863 896 902 1799 139 1801 2864 2865 901 1802 2861 2866 2867 903 1803 2868 2869 
677 2622 714 60 1668 2623 715 61 1669 2864 2865 2870 901 907 1802 140 1804 2871 2872 906 1805 2868 2873 2874 908 1806 2875 2876 
678 2623 715 61 1669 2624 716 62 1670 2871 2872 2877 906 912 1805 141 1807 2878 2879 911 1808 2875 2880 2881 913 1809 2882 2883 
679 2624 716 62 1670 2625 717 63 1671 2878 2879 2884 911 917 1808 142 1810 2885 2886 916 1811 2882 2887 2888 918 1812 2889 2890 
680 2625 717 63 1671 2626 718 64 1672 2885 2886 2891 916 922 1811 143 1813 2892 2893 921 1814 2889 2894 2895 923 1815 2896 2897 
681 2626 718 64 1672 2627 719 65 1673 2892 2893 2898 921 927 1814 144 1816 2899 2900 926 1817 2896 2901 2902 928 1818 2903 2904 
682 2627 719 65 1673 2628 720 66 1674 2899 2900 2905 926 932 1817 145 1819 2906 2907 931 1820 2903 2908 2909 933 1821 2910 2911 
683 2628 720 66 1674 2629 721 67 1675 2906 2907 2912 931 937 1820 146 1822 2913 2914 936 1823 2910 2915 2916 938 1824 2917 2918 
684 2629 721 67 1675 2630 722 68 1676 2913 2914 2919 936 942 1823 147 1825 2920 2921 941 1826 2917 2922 2923 943 1827 2924 2925 
685 2630 722 68 1676 2631 723 69 1677 2920 2921 2926 941 947 1826 148 1828 2927 2928 946 1829 2924 2929 2930 948 1830 2931 2932 
686 2631 723 69 1677 2632 724 70 1678 2927 2928 2933 946 952 1829 149 1831 2934 2935 951 1832 2931 2936 2937 953 1833 2938 2939 
687 2632 724 70 1678 2633 725 71 1679 2934 2935 2940 951 957 1832 150 1834 2941 2942 956 1835 2938 2943 2944 958 1836 2945 2946 
688 2633 725 71 1679 2634 726 72 1680 2941 2942 2947 956 962 1835 151 1837 2948 2949 961 1838 2945 2950 2951 963 1839 2952 2953 
689 2634 726 72 1680 2635 727 73 1681 2948 2949 2954 961 967 1838 152 1840 2955 2956 966 1841 2952 2957 2958 968 1842 2959 2960 
690 2635 727 73 1681 2636 728 74 1682 2955 2956 2961 966 972 1841 153 1843 2962 2963 971 1844 2959 2964 2965 973 1845 2966 2967 
691 2636 728 74 1682 2637 729 75 1683 2962 2963 2968 971 977 1844 154 1846 2969 2970 976 1847 2966 2971 2972 978 1848 2973 2974 
692 2637 729 75 1683 2638 730 76 1684 2969 2970 2975 976 982 1847 155 1849 2976 2977 981 1850 2973 2978 2979 983 1851 2980 2981 
693 2638 730 76 1684 2639 731 77 1685 2976 2977 2982 981 987 1850 156 1852 2983 2984 986 1853 2980 2985 2986 988 1854 2987 2988 
694 2639 731 77 1685 2640 732 78 1686 2983 2984 2989 986 992 1853 157 1855 2990 2991 991 1856 2987 2992 2993 993 1857 2994 2995 
695 2640 732 78 1686 2641 733 79 1687 2990 2991 2996 991 997 1856 158 1858 2997 2998 996 1859 2994 2999 3000 998 1860 3001 3002 
696 2641 733 79 1687 2642 734 80 1688 2997 2998 3003 996 1002 1859 159 1861 3004 3005 1001 1862 3001 3006 3007 1003 1863 3008 3009 
697 2642 734 80 1688 2643 735 81 1689 3004 3005 3010 1001 1007 1862 160 1864 3011 3012 1006 1865 3008 3013 3014 1008 1866 3015 3016 
698 2643 735 81 1689 2644 736 82 1690 3011 3012 3017 1006 1012 1865 161 1867 3018 3019 1011 1868 3015 3020 3021 1013 1869 3022 3023 
699 2644 736 82 1690 2645 737 83 1691 3018 3019 3024 1011 1017 1868 162 1870 3025 3026 1016 1871 3022 3027 3028 1018 1872 3029 3030 
700 2645 737 83 1691 2646 738 84 1692 3025 3026 3031 1016 1022 1871 163 1873 3032 3033 1021 1874 3029 3034 3035 1023 1875 3036 3037 
701 2646 738 84 1692 2647 739 85 1693 3032 3033 3038 1021 1027 1874 164 1876 3039 3040 1026 1877 3036 3041 3042 1028 1878 3043 3044 
702 2647 739 85 1693 2648 740 86 1694 3039 3040 3045 1026 1032 1877 165 1879 3046 3047 1031 1880 3043 3048 3049 1033 1881 3050 3051 
703 2648 740 86 1694 2649 741 87 1695 3046 3047 3052 1031 1037 1880 166 1882 3053 3054 1036 1883 3050 3055 3056 1038 1884 3057 3058 
704 2649 741 87 1695 2650 742 88 1696 3053 3054 3059 1036 1042 1883 167 1885 3060 3061 1041 1886 3057 3062 3063 1043 1887 3064 3065 
705 2650 742 88 1696 2651 743 89 1697 3060 3061 3066 1041 1047 1886 168 1888 3067 3068 1046 1889 3064 3069 3070 1048 1890 3071 3072 
706 2651 743 89 1697 2652 744 90 1698 3067 3068 3073 1046 1052 1889 169 1891 3074 3075 1051 1892 3071 3076 3077 1053 1893 3078 3079 
707 2652 744 90 1698 2653 745 91 1699 3074 3075 3080 1051 1057 1892 170 1894 3081 3082 1056 1895 3078 3083 3084 1058 1896 3085 3086 
708 2653 745 91 1699 2654 746 92 1700 3081 3082 3087 1056 1062 1895 171 1897 3088 3089 1061 1898 3085 3090 3091 1063 1899 3092 3093 
709 2654 746 92 1700 2655 747 93 1701 3088 3089 3094 1061 1067 1898 172 1900 3095 3096 1066 1901 3092 3097 3098 1068 1902 3099 3100 
710 2655 747 93 1701 2656 748 94 1702 3095 3096 3101 1066 1072 1901 173 1903 3102 3103 1071 1904 3099 3104 3105 1073 1905 3106 3107 
711 2656 748 94 1702 2657 749 95 1703 3102 3103 3108 1071 1077 1904 174 1906 3109 3110 1076 1907 3106 3111 3112 1078 1908 3113 3114 
712 2657 749 95 1703 2658 750 96 1704 3109 3110 3115 1076 1082 1907 175 1909 3116 3117 1081 1910 3113 3118 3119 1083 1911 3120 3121 
713 2658 750 96 1704 2659 751 97 1705 3116 3117 3122 1081 1087 1910 176 1912 3123 3124 1086 1913 3120 3125 3126 1088 1914 3127 3128 
714 2659 751 97 1705 2660 752 98 1706 3123 3124 3129 1086 1092 1913 177 1915 3130 3131 1091 1916 3127 3132 3133 1093 1917 3134 3135 
715 2660 752 98 1706 2661 753 99 1707 3130 3131 3136 1091 1097 1916 178 1918 3137 3138 1096 1919 3134 3139 3140 1098 1920 3141 3142 
716 2661 753 99 1707 2662 754 100 1708 3137 3138 3143 1096 1102 1919 179 1921 3144 3145 1101 1922 3141 3146 3147 1103 1923 3148 3149 
717 2662 754 100 1708 2663 755 101 1709 3144 3145 3150 1101 1107 1922 180 1924 3151 3152 1106 1925 3148 3153 3154 1108 1926 3155 3156 
718 2663 755 101 1709 2664 756 102 1710 3151 3152 3157 1106 1112 1925 181 1927 3158 3159 1111 1928 3155 3160 3161 1113 1929 3162 3163 
719 2664 756 102 1710 2665 757 103 1711 3158 3159 3164 1111 1117 1928 182 1930 3165 3166 1116 1931 3162 3167 3168 1118 1932 3169 3170 
720 2665 757 103 1711 2666 758 104 1712 3165 3166 3171 1116 1122 1931 183 1933 3172 3173 1121 1934 3169 3174 3175 1123 1935 3176 3177 
721 2666 758 104 1712 2667 759 105 1713 3172 3173 3178 1121 1127 1934 184 1936 3179 3180 1126 1937 3176 3181 3182 1128 1938 3183 3184 
722 2667 759 105 1713 2668 760 106 1714 3179 3180 3185 1126 1132 1937 185 1939 3186 3187 1131 1940 3183 3188 3189 1133 1941 3190 3191 
723 2668 760 106 1714 2669 761 107 1715 3186 3187 3192 1131 1137 1940 186 1942 3193 3194 1136 1943 3190 3195 3196 1138 1944 3197 3198 
724 2669 761 107 1715 2670 762 108 1716 3193 3194 3199 1136 1142 1943 187 1945 3200 3201 1141 1946 3197 3202 3203 1143 1947 3204 3205 
725 2670 762 108 1716 2671 763 109 1717 3200 3201 3206 1141 1147 1946 188 1948 3207 3208 1146 1949 3204 3209 3210 1148 1950 3211 3212 
726 2671 763 109 1717 2672 764 110 1718 3207 3208 3213 1146 1152 1949 189 1951 3214 3215 1151 1952 3211 3216 3217 1153 1953 3218 3219 
727 2672 764 110 1718 2673 765 111 1719 3214 3215 3220 1151 1157 1952 190 1954 3221 3222 1156 1955 3218 3223 3224 1158 1956 3225 3226 
728 2673 765 111 1719 678 21 6 30 3221 3222 3227 1156 1161 1955 191 1957 680 679 22 31 3225 3228 3229 1162 1958 681 3230 
729 15 669 18 4 1164 2595 1641 351 673 16 1243 671 2674 20 1720 430 3231 1244 2676 1959 674 3232 1245 2678 1960 3233 3234 
730 1164 2595 1641 351 1165 2596 1642 352 3231 1244 1248 2676 2681 1959 1723 431 3235 1249 2683 1961 3233 3236 1250 2685 1962 3237 3238 
731 1165 2596 1642 352 1166 2597 1643 353 3235 1249 1253 2683 2688 1961 1726 432 3239 1254 2690 1963 3237 3240 1255 2692 1964 3241 3242 
732 1166 2597 1643 353 1167 2598 1644 354 3239 1254 1258 2690 2695 1963 1729 433 3243 1259 2697 1965 3241 3244 1260 2699 1966 3245 3246 
733 1167 2598 1644 354 1168 2599 1645 355 3243 1259 1263 2697 2702 1965 1732 434 3247 1264 2704 1967 3245 3248 1265 2706 1968 3249 3250 
734 1168 2599 1645 355 1169 2600 1646 356 3247 1264 1268 2704 2709 1967 1735 435 3251 1269 2711 1969 3249 3252 1270 2713 1970 3253 3254 
735 1169 2600 1646 356 1170 2601 1647 357 3251 1269 1273 2711 2716 1969 1738 436 3255 1274 2718 1971 3253 3256 1275 2720 1972 3257 3258 
736 1170 2601 1647 357 1171 2602 1648 358 3255 1274 1278 2718 2723 1971 1741 437 3259 1279 2725 1973 3257 3260 1280 2727 1974 3261 3262 
737 1171 2602 1648 358 1172 2603 1649 359 3259 1279 1283 2725 2730 1973 1744 438 3263 1284 2732 1975 3261 3264 1285 2734 1976 3265 3266 
738 1172 2603 1649 359 1173 2604 1650 360 3263 1284 1288 2732 2737 1975 1747 439 3267 1289 2739 1977 3265 3268 1290 2741 1978 3269 3270 
739 1173 2604 1650 360 1174 2605 1651 361 3267 1289 1293 2739 2744 1977 1750 440 3271 1294 2746 1979 3269 3272 1295 2748 1980 3273 3274 
740 1174 2605 1651 361 1175 2606 1652 362 3271 1294 1298 2746 2751 1979 1753 441 3275 1299 2753 1981 3273 3276 1300 2755 1982 3277 3278 
741 1175 2606 1652 362 1176 2607 1653 363 3275 1299 1303 2753 2758 1981 1756 442 3279 1304 2760 1983 3277 3280 1305 2762 1984 3281 3282 
742 1176 2607 1653 363 1177 2608 1654 364 3279 1304 1308 2760 2765 1983 1759 443 3283 1309 2767 1985 3281 3284 1310 2769 1986 3285 3286 
743 1177 2608 1654 364 1178 2609 1655 365 3283 1309 1313 2767 2772 1985 1762 444 3287 1314 2774 1987 3285 3288 1315 2776 1988 3289 3290 
744 1178 2609 1655 365 1179 2610 1656 366 3287 1314 1318 2774 2779 1987 1765 445 3291 1319 2781 1989 3289 3292 1320 2783 1990 3293 3294 
745 1179 2610 1656 366 1180 2611 1657 367 3291 1319 1323 2781 2786 1989 1768 446 3295 1324 2788 1991 3293 3296 1325 2790 1992 3297 3298 
746 1180 2611 1657 367 1181 2612 1658 368 3295 1324 1328 2788 2793 1991 1771 447 3299 1329 2795 1993 3297 3300 1330 2797 1994 3301 3302 
747 1181 2612 1658 368 1182 2613 1659 369 3299 1329 1333 2795 2800 1993 1774 448 3303 1334 2802 1995 3301 3304 1335 2804 1996 3305 3306 
748 1182 2613 1659 369 1183 2614 1660 370 3303 1334 1338 2802 2807 1995 1777 449 3307 1339 2809 1997 3305 3308 1340 2811 1998 3309 3310 
749 1183 2614 1660 370 1184 2615 1661 371 3307 1339 1343 2809 2814 1997 1780 450 3311 1344 2816 1999 3309 3312 1345 2818 2000 3313 3314 
750 1184 2615 1661 371 1185 2616 1662 372 3311 1344 1348 2816 2821 1999 1783 451 3315 1349 2823 2001 3313 3316 1350 2825 2002 3317 3318 
751 1185 2616 1662 372 1186 2617 1663 373 3315 1349 1353 2823 2828 2001 1786 452 3319 1354 2830 2003 3317 3320 1355 2832 2004 3321 3322 
752 1186 2617 1663 373 1187 2618 1664 374 3319 1354 1358 2830 2835 2003 1789 453 3323 1359 2837 2005 3321 3324 1360 2839 2006 3325 3326 
753 1187 2618 1664 374 1188 2619 1665 375 3323 1359 1363 2837 2842 2005 1792 454 3327 1364 2844 2007 3325 3328 1365 2846 2008 3329 3330 
754 1188 2619 1665 375 1189 2620 1666 376 3327 1364 1368 2844 2849 2007 1795 455 3331 1369 2851 2009 3329 3332 1370 2853 2010 3333 3334 
755 1189 2620 1666 376 1190 2621 1667 377 3331 1369 1373 2851 2856 2009 1798 456 3335 1374 2858 2011 3333 3336 1375 2860 2012 3337 3338 
756 1190 2621 1667 377 1191 2622 1668 378 3335 1374 1378 2858 2863 2011 1801 457 3339 1379 2865 2013 3337 3340 1380 2867 2014 3341 3342 
757 1191 2622 1668 378 1192 2623 1669 379 3339 1379 1383 2865 2870 2013 1804 458 3343 1384 2872 2015 3341 3344 1385 2874 2016 3345 3346 
758 1192 2623 1669 379 1193 2624 1670 380 3343 1384 1388 2872 2877 2015 1807 459 3347 1389 2879 2017 3345 3348 1390 2881 2018 3349 3350 
759 1193 2624 1670 380 1194 2625 1671 381 3347 1389 1393 2879 2884 2017 1810 460 3351 1394 2886 2019 3349 3352 1395 2888 2020 3353 3354 
760 1194 2625 1671 381 1195 2626 1672 382 3351 1394 1398 2886 2891 2019 1813 461 3355 1399 2893 2021 3353 3356 1400 2895 2022 3357 3358 
761 1195 2626 1672 382 1196 2627 1673 383 3355 1399 1403 2893 2898 2021 1816 462 3359 1404 2900 2023 3357 3360 1405 2902 2024 3361 3362 
762 1196 2627 1673 383 1197 2628 1674 384 3359 1404 1408 2900 2905 2023 1819 463 3363 1409 2907 2025 3361 3364 1410 2909 2026 3365 3366 
763 1197 2628 1674 384 1198 2629 1675 385 3363 1409 1413 2907 2912 2025 1822 464 3367 1414 2914 2027 3365 3368 1415 2916 2028 3369 3370 
764 1198 2629 1675 385 1199 2630 1676 386 3367 1414 1418 2914 2919 2027 1825 465 3371 1419 2921 2029 3369 3372 1420 2923 2030 3373 3374 
765 1199 2630 1676 386 1200 2631 1677 387 3371 1419 1423 2921 2926 2029 1828 466 3375 1424 2928 2031 3373 3376 1425 2930 2032 3377 3378 
766 1200 2631 1677 387 1201 2632 1678 388 3375 1424 1428 2928 2933 2031 1831 467 3379 1429 2935 2033 3377 3380 1430 2937 2034 3381 3382 
767 1201 2632 1678 388 1202 2633 1679 389 3379 1429 1433 2935 2940 2033 1834 468 3383 1434 2942 2035 3381 3384 1435 2944 2036 3385 3386 
768 1202 2633 1679 389 1203 2634 1680 390 3383 1434 1438 2942 2947 2035 1837 469 3387 1439 2949 2037 3385 3388 1440 2951 2038 3389 3390 
769 1203 2634 1680 390 1204 2635 1681 391 3387 1439 1443 2949 2954 2037 1840 470 3391 1444 2956 2039 3389 3392 1445 2958 2040 3393 3394 
770 1204 2635 1681 391 1205 2636 1682 392 3391 1444 1448 2956 2961 2039 1843 471 3395 1449 2963 2041 3393 3396 1450 2965 2042 3397 3398 
771 1205 2636 1682 392 1206 2637 1683 393 3395 1449 1453 2963 2968 2041 1846 472 3399 1454 2970 2043 3397 3400 1455 2972 2044 3401 3402 
772 1206 2637 1683 393 1207 2638 1684 394 3399 1454 1458 2970 2975 2043 1849 473 3403 1459 2977 2045 3401 3404 1460 2979 2046 3405 3406 
773 1207 2638 1684 394 1208 2639 1685 395 3403 1459 1463 2977 2982 2045 1852 474 3407 1464 2984 2047 3405 3408 1465 2986 2048 3409 3410 
774 1208 2639 1685 395 1209 2640 1686 396 3407 1464 1468 2984 2989 2047 1855 475 3411 1469 2991 2049 3409 3412 1470 2993 2050 3413 3414 
775 1209 2640 1686 396 1210 2641 1687 397 3411 1469 1473 2991 2996 2049 1858 476 3415 1474 2998 2051 3413 3416 1475 3000 2052 3417 3418 
776 1210 2641 1687 397 1211 2642 1688 398 3415 1474 1478 2998 3003 2051 1861 477 3419 1479 3005 2053 3417 3420 1480 3007 2054 3421 3422 
777 1211 2642 1688 398 1212 2643 1689 399 3419 1479 1483 3005 3010 2053 1864 478 3423 1484 3012 2055 3421 3424 1485 3014 2056 3425 3426 
778 1212 2643 1689 399 1213 2644 1690 400 3423 1484 1488 3012 3017 2055 1867 479 3427 1489 3019 2057 3425 3428 1490 3021 2058 3429 3430 
779 1213 2644 1690 400 1214 2645 1691 401 3427 1489 1493 3019 3024 2057 1870 480 3431 1494 3026 2059 3429 3432 1495 3028 2060 3433 3434 
780 1214 2645 1691 401 1215 2646 1692 402 3431 1494 1498 3026 3031 2059 1873 481 3435 1499 3033 2061 3433 3436 1500 3035 2062 3437 3438 
781 1215 2646 1692 402 1216 2647 1693 403 3435 1499 1503 3033 3038 2061 1876 482 3439 1504 3040 2063 3437 3440 1505 3042 2064 3441 3442 
782 1216 2647 1693 403 1217 2648 1694 404 3439 1504 1508 3040 3045 2063 1879 483 3443 1509 3047 2065 3441 3444 1510 3049 2066 3445 3446 
783 1217 2648 1694 404 1218 2649 1695 405 3443 1509 1513 3047 3052 2065 1882 484 3447 1514 3054 2067 3445 3448 1515 3056 2068 3449 3450 
784 1218 2649 1695 405 1219 2650 1696 406 3447 1514 1518 3054 3059 2067 1885 485 3451 1519 3061 2069 3449 3452 1520 3063 2070 3453 3454 
785 1219 2650 1696 406 1220 2651 1697 407 3451 1519 1523 3061 3066 2069 1888 486 3455 1524 3068 2071 3453 3456 1525 3070 2072 3457 3458 
786 1220 2651 1697 407 1221 2652 1698 408 3455 1524 1528 3068 3073 2071 1891 487 3459 1529 3075 2073 3457 3460 1530 3077 2074 3461 3462 
787 1221 2652 1698 408 1222 2653 1699 409 3459 1529 1533 3075 3080 2073 1894 488 3463 1534 3082 2075 3461 3464 1535 3084 2076 3465 3466 
788 1222 2653 1699 409 1223 2654 1700 410 3463 1534 1538 3082 3087 2075 1897 489 3467 1539 3089 2077 3465 3468 1540 3091 2078 3469 3470 
789 1223 2654 1700 410 1224 2655 1701 411 3467 1539 1543 3089 3094 2077 1900 490 3471 1544 3096 2079 3469 3472 1545 3098 2080 3473 3474 
790 1224 2655 1701 411 1225 2656 1702 412 3471 1544 1548 3096 3101 2079 1903 491 3475 1549 3103 2081 3473 3476 1550 3105 2082 3477 3478 
791 1225 2656 1702 412 1226 2657 1703 413 3475 1549 1553 3103 3108 2081 1906 492 3479 1554 3110 2083 3477 3480 1555 3112 2084 3481 3482 
792 1226 2657 1703 413 1227 2658 1704 414 3479 1554 1558 3110 3115 2083 1909 493 3483 1559 3117 2085 3481 3484 1560 3119 2086 3485 3486 
793 1227 2658 1704 414 1228 2659 1705 415 3483 1559 1563 3117 3122 2085 1912 494 3487 1564 3124 2087 3485 3488 1565 3126 2088 3489 3490 
794 1228 2659 1705 415 1229 2660 1706 416 3487 1564 1568 3124 3129 2087 1915 495 3491 1569 3131 2089 3489 3492 1570 3133 2090 3493 3494 
795 1229 2660 1706 416 1230 2661 1707 417 3491 1569 1573 3131 3136 2089 1918 496 3495 1574 3138 2091 3493 3496 1575 3140 2092 3497 3498 
796 1230 2661 1707 417 1231 2662 1708 418 3495 1574 1578 3138 3143 2091 1921 497 3499 1579 3145 2093 3497 3500 1580 3147 2094 3501 3502 
797 1231 2662 1708 418 1232 2663 1709 419 3499 1579 1583 3145 3150 2093 1924 498 3503 1584 3152 2095 3501 3504 1585 3154 2096 3505 3506 
798 1232 2663 1709 419 1233 2664 1710 420 3503 1584 1588 3152 3157 2095 1927 499 3507 1589 3159 2097 3505 3508 1590 3161 2098 3509 3510 
799 1233 2664 1710 420 1234 2665 1711 421 3507 1589 1593 3159 3164 2097 1930 500 3511 1594 3166 2099 3509 3512 1595 3168 2100 3513 3514 
800 1234 2665 1711 421 1235 2666 1712 422 3511 1594 1598 3166 3171 2099 1933 501 3515 1599 3173 2101 3513 3516 1600 3175 2102 3517 3518 
801 1235 2666 1712 422 1236 2667 1713 423 3515 1599 1603 3173 3178 2101 1936 502 3519 1604 3180 2103 3517 3520 1605 3182 2104 3521 3522 
802 1236 2667 1713 423 1237 2668 1714 424 3519 1604 1608 3180 3185 2103 1939 503 3523 1609 3187 2105 3521 3524 1610 3189 2106 3525 3526 
803 1237 2668 1714 424 1238 2669 1715 425 3523 1609 1613 3187 3192 2105 1942 504 3527 1614 3194 2107 3525 3528 1615 3196 2108 3529 3530 
804 1238 2669 1715 425 1239 2670 1716 426 3527 1614 1618 3194 3199 2107 1945 505 3531 1619 3201 2109 3529 3532 1620 3203 2110 3533 3534 
805 1239 2670 1716 426 1240 2671 1717 427 3531 1619 1623 3201 3206 2109 1948 506 3535 1624 3208 2111 3533 3536 1625 3210 2112 3537 3538 
806 1240 2671 1717 427 1241 2672 1718 428 3535 1624 1628 3208 3213 2111 1951 507 3539 1629 3215 2113 3537 3540 1630 3217 2114 3541 3542 
807 1241 2672 1718 428 1242 2673 1719 429 3539 1629 1633 3215 3220 2113 1954 508 3543 1634 3222 2115 3541 3544 1635 3224 2116 3545 3546 
808 1242 2673 1719 429 27 678 30 8 3543 1634 1638 3222 3227 2115 1957 509 682 28 679 32 3545 3547 1639 3229 2117 683 3548 
809 12 1 9 669 2118 192 687 2595 13 675 2198 11 271 670 767 2674 2197 3549 769 2675 676 2199 3550 770 2677 3551 3552 
810 2118 192 687 2595 2119 193 688 2596 2197 3549 2201 769 272 2675 772 2681 2200 3553 774 2682 3551 2202 3554 775 2684 3555 3556 
811 2119 193 688 2596 2120 194 689 2597 2200 3553 2204 774 273 2682 777 2688 2203 3557 779 2689 3555 2205 3558 780 2691 3559 3560 
812 2120 194 689 2597 2121 195 690 2598 2203 3557 2207 779 274 2689 782 2695 2206 3561 784 2696 3559 2208 3562 785 2698 3563 3564 
813 2121 195 690 2598 2122 196 691 2599 2206 3561 2210 784 275 2696 787 2702 2209 3565 789 2703 3563 2211 3566 790 2705 3567 3568 
814 2122 196 691 2599 2123 197 692 2600 2209 3565 2213 789 276 2703 792 2709 2212 3569 794 2710 3567 2214 3570 795 2712 3571 3572 
815 2123 197 692 2600 2124 198 693 2601 2212 3569 2216 794 277 2710 797 2716 2215 3573 799 2717 3571 2217 3574 800 2719 3575 3576 
816 2124 198 693 2601 2125 199 694 2602 2215 3573 2219 799 278 2717 802 2723 2218 3577 804 2724 3575 2220 3578 805 2726 3579 3580 
817 2125 199 694 2602 2126 200 695 2603 2218 3577 2222 804 279 2724 807 2730 2221 3581 809 2731 3579 2223 3582 810 2733 3583 3584 
818 2126 200 695 2603 2127 201 696 2604 2221 3581 2225 809 280 2731 812 2737 2224 3585 814 2738 3583 2226 3586 815 2740 3587 3588 
819 2127 201 696 2604 2128 202 697 2605 2224 3585 2228 814 281 2738 817 2744 2227 3589 819 2745 3587 2229 3590 820 2747 3591 3592 
820 2128 202 697 2605 2129 203 698 2606 2227 3589 2231 819 282 2745 822 2751 2230 3593 824 2752 3591 2232 3594 825 2754 3595 3596 
821 2129 203 698 2606 2130 204 699 2607 2230 3593 2234 824 283 2752 827 2758 2233 3597 829 2759 3595 2235 3598 830 2761 3599 3600 
822 2130 204 699 2607 2131 205 700 2608 2233 3597 2237 829 284 2759 832 2765 2236 3601 834 2766 3599 2238 3602 835 2768 3603 3604 
823 2131 205 700 2608 2132 206 701 2609 2236 3601 2240 834 285 2766 837 2772 2239 3605 839 2773 3603 2241 3606 840 2775 3607 3608 
824 2132 206 701 2609 2133 207 702 2610 2239 3605 2243 839 286 2773 842 2779 2242 3609 844 2780 3607 2244 3610 845 2782 3611 3612 
825 2133 207 702 2610 2134 208 703 2611 2242 3609 2246 844 287 2780 847 2786 2245 3613 849 2787 3611 2247 3614 850 2789 3615 3616 
826 2134 208 703 2611 2135 209 704 2612 2245 3613 2249 849 288 2787 852 2793 2248 3617 854 2794 3615 2250 3618 855 2796 3619 3620 
827 2135 209 704 2612 2136 210 705 2613 2248 3617 2252 854 289 2794 857 2800 2251 3621 859 2801 3619 2253 3622 860 2803 3623 3624 
828 2136 210 705 2613 2137 211 706 2614 2251 3621 2255 859 290 2801 862 2807 2254 3625 864 2808 3623 2256 3626 865 2810 3627 3628 
829 2137 211 706 2614 2138 212 707 2615 2254 3625 2258 864 291 2808 867 2814 2257 3629 869 2815 3627 2259 3630 870 2817 3631 3632 
830 2138 212 707 2615 2139 213 708 2616 2257 3629 2261 869 292 2815 872 2821 2260 3633 874 2822 3631 2262 3634 875 2824 3635 3636 
831 2139 213 708 2616 2140 214 709 2617 2260 3633 2264 874 293 2822 877 2828 2263 3637 879 2829 3635 2265 3638 880 2831 3639 3640 
832 2140 214 709 2617 2141 215 710 2618 2263 3637 2267 879 294 2829 882 2835 2266 3641 884 2836 3639 2268 3642 885 2838 3643 3644 
833 2141 215 710 2618 2142 216 711 2619 2266 3641 2270 884 295 2836 887 2842 2269 3645 889 2843 3643 2271 3646 890 2845 3647 3648 
834 2142 216 711 2619 2143 217 712 2620 2269 3645 2273 889 296 2843 892 2849 2272 3649 894 2850 3647 2274 3650 895 2852 3651 3652 
835 2143 217 712 2620 2144 218 713 2621 2272 3649 2276 894 297 2850 897 2856 2275 3653 899 2857 3651 2277 3654 900 2859 3655 3656 
836 2144 218 713 2621 2145 219 714 2622 2275 3653 2279 899 298 2857 902 2863 2278 3657 904 2864 3655 2280 3658 905 2866 3659 3660 
837 2145 219 714 2622 2146 220 715 2623 2278 3657 2282 904 299 2864 907 2870 2281 3661 909 2871 3659 2283 3662 910 2873 3663 3664 
838 2146 220 715 2623 2147 221 716 2624 2281 3661 2285 909 300 2871 912 2877 2284 3665 914 2878 3663 2286 3666 915 2880 3667 3668 
839 2147 221 716 2624 2148 222 717 2625 2284 3665 2288 914 301 2878 917 2884 2287 3669 919 2885 3667 2289 3670 920 2887 3671 3672 
840 2148 222 717 2625 2149 223 718 2626 2287 3669 2291 919 302 2885 922 2891 2290 3673 924 2892 3671 2292 3674 925 2894 3675 3676 
841 2149 223 718 2626 2150 224 719 2627 2290 3673 2294 924 303 2892 927 2898 2293 3677 929 2899 3675 2295 3678 930 2901 3679 3680 
842 2150 224 719 2627 2151 225 720 2628 2293 3677 2297 929 304 2899 932 2905 2296 3681 934 2906 3679 2298 3682 935 2908 3683 3684 
843 2151 225 720 2628 2152 226 721 2629 2296 3681 2300 934 305 2906 937 2912 2299 3685 939 2913 3683 2301 3686 940 2915 3687 3688 
844 2152 226 721 2629 2153 227 722 2630 2299 3685 2303 939 306 2913 942 2919 2302 3689 944 2920 3687 2304 3690 945 2922 3691 3692 
845 2153 227 722 2630 2154 228 723 2631 2302 3689 2306 944 307 2920 947 2926 2305 3693 949 2927 3691 2307 3694 950 2929 3695 3696 
846 2154 228 723 2631 2155 229 724 2632 2305 3693 2309 949 308 2927 952 2933 2308 3697 954 2934 3695 2310 3698 955 2936 3699 3700 
847 2155 229 724 2632 2156 230 725 2633 2308 3697 2312 954 309 2934 957 2940 2311 3701 959 2941 3699 2313 3702 960 2943 3703 3704 
848 2156 230 725 2633 2157 231 726 2634 2311 3701 2315 959 310 2941 962 2947 2314 3705 964 2948 3703 2316 3706 965 2950 3707 3708 
849 2157 231 726 2634 2158 232 727 2635 2314 3705 2318 964 311 2948 967 2954 2317 3709 969 2955 3707 2319 3710 970 2957 3711 3712 
850 2158 232 727 2635 2159 233 728 2636 2317 3709 2321 969 312 2955 972 2961 2320 3713 974 2962 3711 2322 3714 975 2964 3715 3716 
851 2159 233 728 2636 2160 234 729 2637 2320 3713 2324 974 313 2962 977 2968 2323 3717 979 2969 3715 2325 3718 980 2971 3719 3720 
852 2160 234 729 2637 2161 235 730 2638 2323 3717 2327 979 314 2969 982 2975 2326 3721 984 2976 3719 2328 3722 985 2978 3723 3724 
853 2161 235 730 2638 2162 236 731 2639 2326 3721 2330 984 315 2976 987 2982 2329 3725 989 2983 3723 2331 3726 990 2985 3727 3728 
854 2162 236 731 2639 2163 237 732 2640 2329 3725 2333 989 316 2983 992 2989 2332 3729 994 2990 3727 2334 3730 995 2992 3731 3732 
855 2163 237 732 2640 2164 238 733 2641 2332 3729 2336 994 317 2990 997 2996 2335 3733 999 2997 3731 2337 3734 1000 2999 3735 3736 
856 2164 238 733 2641 2165 239 734 2642 2335 3733 2339 999 318 2997 1002 3003 2338 3737 1004 3004 3735 2340 3738 1005 3006 3739 3740 
857 2165 239 734 2642 2166 240 735 2643 2338 3737 2342 1004 319 3004 1007 3010 2341 3741 1009 3011 3739 2343 3742 1010 3013 3743 3744 
858 2166 240 735 2643 2167 241 736 2644 2341 3741 2345 1009 320 3011 1012 3017 2344 3745 1014 3018 3743 2346 3746 1015 3020 3747 3748 
859 2167 241 736 2644 2168 242 737 2645 2344 3745 2348 1014 321 3018 1017 3024 2347 3749 1019 3025 3747 2349 3750 1020 3027 3751 3752 
860 2168 242 737 2645 2169 243 738 2646 2347 3749 2351 1019 322 3025 1022 3031 2350 3753 1024 3032 3751 2352 3754 1025 3034 3755 3756 
861 2169 243 738 2646 2170 244 739 2647 2350 3753 2354 1024 323 3032 1027 3038 2353 3757 1029 3039 3755 2355 3758 1030 3041 3759 3760 
862 2170 244 739 2647 2171 245 740 2648 2353 3757 2357 1029 324 3039 1032 3045 2356 3761 1034 3046 3759 2358 3762 1035 3048 3763 3764 
863 2171 245 740 2648 2172 246 741 2649 2356 3761 2360 1034 325 3046 1037 3052 2359 3765 1039 3053 3763 2361 3766 1040 3055 3767 3768 
864 2172 246 741 2649 2173 247 742 2650 2359 3765 2363 1039 326 3053 1042 3059 2362 3769 1044 3060 3767 2364 3770 1045 3062 3771 3772 
865 2173 247 742 2650 2174 248 743 2651 2362 3769 2366 1044 327 3060 1047 3066 2365 3773 1049 3067 3771 2367 3774 1050 3069 3775 3776 
866 2174 248 743 2651 2175 249 744 2652 2365 3773 2369 1049 328 3067 1052 3073 2368 3777 1054 3074 3775 2370 3778 1055 3076 3779 3780 
867 2175 249 744 2652 2176 250 745 2653 2368 3777 2372 1054 329 3074 1057 3080 2371 3781 1059 3081 3779 2373 3782 1060 3083 3783 3784 
868 2176 250 745 2653 2177 251 746 2654 2371 3781 2375 1059 330 3081 1062 3087 2374 3785 1064 3088 3783 2376 3786 1065 3090 3787 3788 
869 2177 251 746 2654 2178 252 747 2655 2374 3785 2378 1064 331 3088 1067 3094 2377 3789 1069 3095 3787 2379 3790 1070 3097 3791 3792 
870 2178 252 747 2655 2179 253 748 2656 2377 3789 2381 1069 332 3095 1072 3101 2380 3793 1074 3102 3791 2382 3794 1075 3104 3795 3796 
871 2179 253 748 2656 2180 254 749 2657 2380 3793 2384 1074 333 3102 1077 3108 2383 3797 1079 3109 3795 2385 3798 1080 3111 3799 3800 
872 2180 254 749 2657 2181 255 750 2658 2383 3797 2387 1079 334 3109 1082 3115 2386 3801 1084 3116 3799 2388 3802 1085 3118 3803 3804 
873 2181 255 750 2658 2182 256 751 2659 2386 3801 2390 1084 335 3116 1087 3122 2389 3805 1089 3123 3803 2391 3806 1090 3125 3807 3808 
874 2182 256 751 2659 2183 257 752 2660 2389 3805 2393 1089 336 3123 1092 3129 2392 3809 1094 3130 3807 2394 3810 1095 3132 3811 3812 
875 2183 257 752 2660 2184 258 753 2661 2392 3809 2396 1094 337 3130 1097 3136 2395 3813 1099 3137 3811 2397 3814 1100 3139 3815 3816 
876 2184 258 753 2661 2185 259 754 2662 2395 3813 2399 1099 338 3137 1102 3143 2398 3817 1104 3144 3815 2400 3818 1105 3146 3819 3820 
877 2185 259 754 2662 2186 260 755 2663 2398 3817 2402 1104 339 3144 1107 3150 2401 3821 1109 3151 3819 2403 3822 1110 3153 3823 3824 
878 2186 260 755 2663 2187 261 756 2664 2401 3821 2405 1109 340 3151 1112 3157 2404 3825 1114 3158 3823 2406 3826 1115 3160 3827 3828 
879 2187 261 756 2664 2188 262 757 2665 2404 3825 2408 1114 341 3158 1117 3164 2407 3829 1119 3165 3827 2409 3830 1120 3167 3831 3832 
880 2188 262 757 2665 2189 263 758 2666 2407 3829 2411 1119 342 3165 1122 3171 2410 3833 1124 3172 3831 2412 3834 1125 3174 3835 3836 
881 2189 263 758 2666 2190 264 759 2667 2410 3833 2414 1124 343 3172 1127 3178 2413 3837 1129 3179 3835 2415 3838 1130 3181 3839 3840 
882 2190 264 759 2667 2191 265 760 2668 2413 3837 2417 1129 344 3179 1132 3185 2416 3841 1134 3186 3839 2418 3842 1135 3188 3843 3844 
883 2191 265 760 2668 2192 266 761 2669 2416 3841 2420 1134 345 3186 1137 3192 2419 3845 1139 3193 3843 2421 3846 1140 3195 3847 3848 
884 2192 266 761 2669 2193 267 762 2670 2419 3845 2423 1139 346 3193 1142 3199 2422 3849 1144 3200 3847 2424 3850 1145 3202 3851 3852 
885 2193 267 762 2670 2194 268 763 2671 2422 3849 2426 1144 347 3200 1147 3206 2425 3853 1149 3207 3851 2427 3854 1150 3209 3855 3856 
886 2194 268 763 2671 2195 269 764 2672 2425 3853 2429 1149 348 3207 1152 3213 2428 3857 1154 3214 3855 2430 3858 1155 3216 3859 3860 
887 2195 269 764 2672 2196 270 765 2673 2428 3857 2432 1154 349 3214 1157 3220 2431 3861 1159 3221 3859 2433 3862 1160 3223 3863 3864 
888 2196 270 765 2673 24 5 21 678 2431 3861 2434 1159 350 3221 1161 3227 25 684 23 680 3863 2435 3865 1163 3228 685 3866 
889 3 12 669 15 510 2118 2595 1164 14 17 589 675 2198 673 2674 1243 2436 1246 3549 3231 677 2437 1247 3550 3232 3867 3868 
890 510 2118 2595 1164 511 2119 2596 1165 2436 1246 590 3549 2201 3231 2681 1248 2438 1251 3553 3235 3867 2439 1252 3554 3236 3869 3870 
891 511 2119 2596 1165 512 2120 2597 1166 2438 1251 591 3553 2204 3235 2688 1253 2440 1256 3557 3239 3869 2441 1257 3558 3240 3871 3872 
892 512 2120 2597 1166 513 2121 2598 1167 2440 1256 592 3557 2207 3239 2695 1258 2442 1261 3561 3243 3871 2443 1262 3562 3244 3873 3874 
893 513 2121 2598 1167 514 2122 2599 1168 2442 1261 593 3561 2210 3243 2702 1263 2444 1266 3565 3247 3873 2445 1267 3566 3248 3875 3876 
894 514 2122 2599 1168 515 2123 2600 1169 2444 1266 594 3565 2213 3247 2709 1268 2446 1271 3569 3251 3875 2447 1272 3570 3252 3877 3878 
895 515 2123 2600 1169 516 2124 2601 1170 2446 1271 595 3569 2216 3251 2716 1273 2448 1276 3573 3255 3877 2449 1277 3574 3256 3879 3880 
896 516 2124 2601 1170 517 2125 2602 1171 2448 1276 596 3573 2219 3255 2723 1278 2450 1281 3577 3259 3879 2451 1282 3578 3260 3881 3882 
897 517 2125 2602 1171 518 2126 2603 1172 2450 1281 597 3577 2222 3259 2730 1283 2452 1286 3581 3263 3881 2453 1287 3582 3264 3883 3884 
898 518 2126 2603 1172 519 2127 2604 1173 2452 1286 598 3581 2225 3263 2737 1288 2454 1291 3585 3267 3883 2455 1292 3586 3268 3885 3886 
899 519 2127 2604 1173 520 2128 2605 1174 2454 1291 599 3585 2228 3267 2744 1293 2456 1296 3589 3271 3885 2457 1297 3590 3272 3887 3888 
900 520 2128 2605 1174 521 2129 2606 1175 2456 1296 600 3589 2231 3271 2751 1298 2458 1301 3593 3275 3887 2459 1302 3594 3276 3889 3890 
901 521 2129 2606 1175 522 2130 2607 1176 2458 1301 601 3593 2234 3275 2758 1303 2460 1306 3597 3279 3889 2461 1307 3598 3280 3891 3892 
902 522 2130 2607 1176 523 2131 2608 1177 2460 1306 602 3597 2237 3279 2765 1308 2462 1311 3601 3283 3891 2463 1312 3602 3284 3893 3894 
903 523 2131 2608 1177 524 2132 2609 1178 2462 1311 603 3601 2240 3283 2772 1313 2464 1316 3605 3287 3893 2465 1317 3606 3288 3895 3896 
904 524 2132 2609 1178 525 2133 2610 1179 2464 1316 604 3605 2243 3287 2779 1318 2466 1321 3609 3291 3895 2467 1322 3610 3292 3897 3898 
905 525 2133 2610 1179 526 2134 2611 1180 2466 1321 605 3609 2246 3291 2786 1323 2468 1326 3613 3295 3897 2469 1327 3614 3296 3899 3900 
906 526 2134 2611 1180 527 2135 2612 1181 2468 1326 606 3613 2249 3295 2793 1328 2470 1331 3617 3299 3899 2471 1332 3618 3300 3901 3902 
907 527 2135 2612 1181 528 2136 2613 1182 2470 1331 607 3617 2252 3299 2800 1333 2472 1336 3621 3303 3901 2473 1337 3622 3304 3903 3904 
908 528 2136 2613 1182 529 2137 2614 1183 2472 1336 608 3621 2255 3303 2807 1338 2474 1341 3625 3307 3903 2475 1342 3626 3308 3905 3906 
909 529 2137 2614 1183 530 2138 2615 1184 2474 1341 609 3625 2258 3307 2814 1343 2476 1346 3629 3311 3905 2477 1347 3630 3312 3907 3908 
910 530 2138 2615 1184 531 2139 2616 1185 2476 1346 610 3629 2261 3311 2821 1348 2478 1351 3633 3315 3907 2479 1352 3634 3316 3909 3910 
911 531 2139 2616 1185 532 2140 2617 1186 2478 1351 611 3633 2264 3315 2828 1353 2480 1356 3637 3319 3909 2481 1357 3638 3320 3911 3912 
912 532 2140 2617 1186 533 2141 2618 1187 2480 1356 612 3637 2267 3319 2835 1358 2482 1361 3641 3323 3911 2483 1362 3642 3324 3913 3914 
913 533 2141 2618 1187 534 2142 2619 1188 2482 1361 613 3641 2270 3323 2842 1363 2484 1366 3645 3327 3913 2485 1367 3646 3328 3915 3916 
914 534 2142 2619 1188 535 2143 2620 1189 2484 1366 614 3645 2273 3327 2849 1368 2486 1371 3649 3331 3915 2487 1372 3650 3332 3917 3918 
915 535 2143 2620 1189 536 2144 2621 1190 2486 1371 615 3649 2276 3331 2856 1373 2488 1376 3653 3335 3917 2489 1377 3654 3336 3919 3920 
916 536 2144 2621 1190 537 2145 2622 1191 2488 1376 616 3653 2279 3335 2863 1378 2490 1381 3657 3339 3919 2491 1382 3658 3340 3921 3922 
917 537 2145 2622 1191 538 2146 2623 1192 2490 1381 617 3657 2282 3339 2870 1383 2492 1386 3661 3343 3921 2493 1387 3662 3344 3923 3924 
918 538 2146 2623 1192 539 2147 2624 1193 2492 1386 618 3661 2285 3343 2877 1388 2494 1391 3665 3347 3923 2495 1392 3666 3348 3925 3926 
919 539 2147 2624 1193 540 2148 2625 1194 2494 1391 619 3665 2288 3347 2884 1393 2496 1396 3669 3351 3925 2497 1397 3670 3352 3927 3928 
920 540 2148 2625 1194 541 2149 2626 1195 2496 1396 620 3669 2291 3351 2891 1398 2498 1401 3673 3355 3927 2499 1402 3674 3356 3929 3930 
921 541 2149 2626 1195 542 2150 2627 1196 2498 1401 621 3673 2294 3355 2898 1403 2500 1406 3677 3359 3929 2501 1407 3678 3360 3931 3932 
922 542 2150 2627 1196 543 2151 2628 1197 2500 1406 622 3677 2297 3359 2905 1408 2502 1411 3681 3363 3931 2503 1412 3682 3364 3933 3934 
923 543 2151 2628 1197 544 2152 2629 1198 2502 1411 623 3681 2300 3363 2912 1413 2504 1416 3685 3367 3933 2505 1417 3686 3368 3935 3936 
924 544 2152 2629 1198 545 2153 2630 1199 2504 1416 624 3685 2303 3367 2919 1418 2506 1421 3689 3371 3935 2507 1422 3690 3372 3937 3938 
925 545 2153 2630 1199 546 2154 2631 1200 2506 1421 625 3689 2306 3371 2926 1423 2508 1426 3693 3375 3937 2509 1427 3694 3376 3939 3940 
926 546 2154 2631 1200 547 2155 2632 1201 2508 1426 626 3693 2309 3375 2933 1428 2510 1431 3697 3379 3939 2511 1432 3698 3380 3941 3942 
927 547 2155 2632 1201 548 2156 2633 1202 2510 1431 627 3697 2312 3379 2940 1433 2512 1436 3701 3383 3941 2513 1437 3702 3384 3943 3944 
928 548 2156 2633 1202 549 2157 2634 1203 2512 1436 628 3701 2315 3383 2947 1438 2514 1441 3705 3387 3943 2515 1442 3706 3388 3945 3946 
929 549 2157 2634 1203 550 2158 2635 1204 2514 1441 629 3705 2318 3387 2954 1443 2516 1446 3709 3391 3945 2517 1447 3710 3392 3947 3948 
930 550 2158 2635 1204 551 2159 2636 1205 2516 1446 630 3709 2321 3391 2961 1448 2518 1451 3713 3395 3947 2519 1452 3714 3396 3949 3950 
931 551 2159 2636 1205 552 2160 2637 1206 2518 1451 631 3713 2324 3395 2968 1453 2520 1456 3717 3399 3949 2521 1457 3718 3400 3951 3952 
932 552 2160 2637 1206 553 2161 2638 1207 2520 1456 632 3717 2327 3399 2975 1458 2522 1461 3721 3403 3951 2523 1462 3722 3404 3953 3954 
933 553 2161 2638 1207 554 2162 2639 1208 2522 1461 633 3721 2330 3403 2982 1463 2524 1466 3725 3407 3953 2525 1467 3726 3408 3955 3956 
934 554 2162 2639 1208 555 2163 2640 1209 2524 1466 634 3725 2333 3407 2989 1468 2526 1471 3729 3411 3955 2527 1472 3730 3412 3957 3958 
935 555 2163 2640 1209 556 2164 2641 1210 2526 1471 635 3729 2336 3411 2996 1473 2528 1476 3733 3415 3957 2529 1477 3734 3416 3959 3960 
936 556 2164 2641 1210 557 2165 2642 1211 2528 1476 636 3733 2339 3415 3003 1478 2530 1481 3737 3419 3959 2531 1482 3738 3420 3961 3962 
937 557 2165 2642 1211 558 2166 2643 1212 2530 1481 637 3737 2342 3419 3010 1483 2532 1486 3741 3423 3961 2533 1487 3742 3424 3963 3964 
938 558 2166 2643 1212 559 2167 2644 1213 2532 1486 638 3741 2345 3423 3017 1488 2534 1491 3745 3427 3963 2535 1492 3746 3428 3965 3966 
939 559 2167 2644 1213 560 2168 2645 1214 2534 1491 639 3745 2348 3427 3024 1493 2536 1496 3749 3431 3965 2537 1497 3750 3432 3967 3968 
940 560 2168 2645 1214 561 2169 2646 1215 2536 1496 640 3749 2351 3431 3031 1498 2538 1501 3753 3435 3967 2539 1502 3754 3436 3969 3970 
941 561 2169 2646 1215 562 2170 2647 1216 2538 1501 641 3753 2354 3435 3038 1503 2540 1506 3757 3439 3969 2541 1507 3758 3440 3971 3972 
942 562 2170 2647 1216 563 2171 2648 1217 2540 1506 642 3757 2357 3439 3045 1508 2542 1511 3761 3443 3971 2543 1512 3762 3444 3973 3974 
943 563 2171 2648 1217 564 2172 2649 1218 2542 1511 643 3761 2360 3443 3052 1513 2544 1516 3765 3447 3973 2545 1517 3766 3448 3975 3976 
944 564 2172 2649 1218 565 2173 2650 1219 2544 1516 644 3765 2363 3447 3059 1518 2546 1521 3769 3451 3975 2547 1522 3770 3452 3977 3978 
945 565 2173 2650 1219 566 2174 2651 1220 2546 1521 645 3769 2366 3451 3066 1523 2548 1526 3773 3455 3977 2549 1527 3774 3456 3979 3980 
946 566 2174 2651 1220 567 2175 2652 1221 2548 1526 646 3773 2369 3455 3073 1528 2550 1531 3777 3459 3979 2551 1532 3778 3460 3981 3982 
947 567 2175 2652 1221 568 2176 2653 1222 2550 1531 647 3777 2372 3459 3080 1533 2552 1536 3781 3463 3981 2553 1537 3782 3464 3983 3984 
948 568 2176 2653 1222 569 2177 2654 1223 2552 1536 648 3781 2375 3463 3087 1538 2554 1541 3785 3467 3983 2555 1542 3786 3468 3985 3986 
949 569 2177 2654 1223 570 2178 2655 1224 2554 1541 649 3785 2378 3467 3094 1543 2556 1546 3789 3471 3985 2557 1547 3790 3472 3987 3988 
950 570 2178 2655 1224 571 2179 2656 1225 2556 1546 650 3789 2381 3471 3101 1548 2558 1551 3793 3475 3987 2559 1552 3794 3476 3989 3990 
951 571 2179 2656 1225 572 2180 2657 1226 2558 1551 651 3793 2384 3475 3108 1553 2560 1556 3797 3479 3989 2561 1557 3798 3480 3991 3992 
952 572 2180 2657 1226 573 2181 2658 1227 2560 1556 652 3797 2387 3479 3115 1558 2562 1561 3801 3483 3991 2563 1562 3802 3484 3993 3994 
953 573 2181 2658 1227 574 2182 2659 1228 2562 1561 653 3801 2390 3483 3122 1563 2564 1566 3805 3487 3993 2565 1567 3806 3488 3995 3996 
954 574 2182 2659 1228 575 2183 2660 1229 2564 1566 654 3805 2393 3487 3129 1568 2566 1571 3809 3491 3995 2567 1572 3810 3492 3997 3998 
955 575 2183 2660 1229 576 2184 2661 1230 2566 1571 655 3809 2396 3491 3136 1573 2568 1576 3813 3495 3997 2569 1577 3814 3496 3999 4000 
956 576 2184 2661 1230 577 2185 2662 1231 2568 1576 656 3813 2399 3495 3143 1578 2570 1581 3817 3499 3999 2571 1582 3818 3500 4001 4002 
957 577 2185 2662 1231 578 2186 2663 1232 2570 1581 657 3817 2402 3499 3150 1583 2572 1586 3821 3503 4001 2573 1587 3822 3504 4003 4004 
958 578 2186 2663 1232 579 2187 2664 1233 2572 1586 658 3821 2405 3503 3157 1588 2574 1591 3825 3507 4003 2575 1592 3826 3508 4005 4006 
959 579 2187 2664 1233 580 2188 2665 1234 2574 1591 659 3825 2408 3507 3164 1593 2576 1596 3829 3511 4005 2577 1597 3830 3512 4007 4008 
960 580 2188 2665 1234 581 2189 2666 1235 2576 1596 660 3829 2411 3511 3171 1598 2578 1601 3833 3515 4007 2579 1602 3834 3516 4009 4010 
961 581 2189 2666 1235 582 2190 2667 1236 2578 1601 661 3833 2414 3515 3178 1603 2580 1606 3837 3519 4009 2581 1607 3838 3520 4011 4012 
962 582 2190 2667 1236 583 2191 2668 1237 2580 1606 662 3837 2417 3519 3185 1608 2582 1611 3841 3523 4011 2583 1612 3842 3524 4013 4014 
963 583 2191 2668 1237 584 2192 2669 1238 2582 1611 663 3841 2420 3523 3192 1613 2584 1616 3845 3527 4013 2585 1617 3846 3528 4015 4016 
964 584 2192 2669 1238 585 2193 2670 1239 2584 1616 664 3845 2423 3527 3199 1618 2586 1621 3849 3531 4015 2587 1622 3850 3532 4017 4018 
965 585 2193 2670 1239 586 2194 2671 1240 2586 1621 665 3849 2426 3531 3206 1623 2588 1626 3853 3535 4017 2589 1627 3854 3536 4019 4020 
966 586 2194 2671 1240 587 2195 2672 1241 2588 1626 666 3853 2429 3535 3213 1628 2590 1631 3857 3539 4019 2591 1632 3858 3540 4021 4022 
967 587 2195 2672 1241 588 2196 2673 1242 2590 1631 667 3857 2432 3539 3220 1633 2592 1636 3861 3543 4021 2593 1637 3862 3544 4023 4024 
968 588 2196 2673 1242 7 24 678 27 2592 1636 668 3861 2434 3543 3227 1638 26 29 684 682 4023 2594 1640 3865 3547 686 4025 
$EndElements
