order,monomial_idx,exponents,rhs_time_s,rhs_alloc_bytes,solve_time_s,solve_alloc_bytes,monomial_total_time_s,cumul_time_s
2,5,2_0_0_0,0.2584365,51861856,0.088809792,9697792,0.347246292,0.347246292
2,6,1_1_0_0,0.003162958,1168608,0.019608166,25136,0.022771124,0.370017416
2,7,1_0_1_0,0.003156083,1168736,0.019316417,25136,0.0224725,0.392489916
2,8,1_0_0_1,0.003132792,1168736,0.019480584,25136,0.022613375999999998,0.415103292
2,12,0_0_2_0,0.002962875,989536,0.019338291,25136,0.022301166,0.437404458
2,13,0_0_1_1,0.003230125,1168864,0.01940875,25136,0.022638875,0.460043333
3,15,3_0_0_0,0.231034917,47521056,0.019015959,25136,0.250050876,0.710094209
3,16,2_1_0_0,0.009089167,2813552,0.019492625,75584,0.028581792,0.738676001
3,17,2_0_1_0,0.008746292,2813680,0.019362667,25136,0.028108959,0.76678496
3,18,2_0_0_1,0.008757417,2813680,0.019648167,75584,0.028405584,0.795190544
3,20,1_1_1_0,0.011520542,3725040,0.019409541,75584,0.030930082999999997,0.826120627
3,22,1_0_2_0,0.008779334,2813680,0.019272791,25136,0.028052125,0.854172752
3,23,1_0_1_1,0.011617375,3725168,0.019389083,75584,0.031006458,0.88517921
3,24,1_0_0_2,0.008749792,2813680,0.0194275,75584,0.028177292,0.913356502
3,31,0_0_3_0,0.005984208,1902320,0.019209083,25136,0.025193291,0.938549793
3,32,0_0_2_1,0.008913875,2813808,0.019397791,75584,0.028311666,0.966861459
4,35,4_0_0_0,0.008623,2634352,0.0193985,25136,0.028021499999999998,0.994882959
4,36,3_1_0_0,0.014348459,4433392,0.019345125,25136,0.033693584,1.028576543
4,37,3_0_1_0,0.014349167,4433520,0.019390709,25136,0.033739876,1.062316419
4,38,3_0_0_1,0.014284167,4433520,0.019383625,25136,0.033667792,1.095984211
4,39,2_2_0_0,0.019772875,5874032,0.019116,25136,0.038888875,1.134873086
4,40,2_1_1_0,0.025510292,7673200,0.019210125,25136,0.044720417,1.179593503
4,41,2_1_0_1,0.02617725,7673200,0.019220583,25136,0.045397833,1.224991336
4,42,2_0_2_0,0.020234666,5874160,0.019099083,25136,0.039333749,1.264325085
4,43,2_0_1_1,0.025910125,7673328,0.019256375,25136,0.0451665,1.309491585
4,44,2_0_0_2,0.020140791,5874160,0.019132709,25136,0.0392735,1.348765085
4,48,1_1_2_0,0.026014292,7673200,0.019308917,25136,0.045323209,1.394088294
4,49,1_1_1_1,0.037181834,10913008,0.019035792,25136,0.05621762599999999,1.45030592
4,51,1_0_3_0,0.028769209,4433520,0.019218125,25136,0.047987334,1.498293254
4,52,1_0_2_1,0.025547292,7673328,0.019164291,25136,0.044711583,1.543004837
4,53,1_0_1_2,0.025421708,7673328,0.019101792,25136,0.0445235,1.587528337
4,54,1_0_0_3,0.014368209,4433520,0.019211,25136,0.033579209,1.621107546
4,65,0_0_4_0,0.008605292,2634480,0.019386459,25136,0.027991751000000002,1.649099297
4,66,0_0_3_1,0.014407375,4433648,0.019176375,25136,0.033583749999999996,1.682683047
4,67,0_0_2_2,0.019739291,5874288,0.019089792,25136,0.038829083,1.72151213
5,70,5_0_0_0,0.011640458,3522032,0.019211417,25136,0.030851875,1.752364005
5,71,4_1_0_0,0.022848875,6761712,0.019066792,25136,0.041915667000000004,1.794279672
5,72,4_0_1_0,0.022887209,6761840,0.019007083,25136,0.041894292,1.836173964
5,73,4_0_0_1,0.022737667,6761840,0.019302208,25136,0.042039875000000004,1.878213839
5,74,3_2_0_0,0.031441875,9090032,0.019175,75584,0.050616875000000006,1.928830714
5,75,3_1_1_0,0.042785041,12329840,0.019241041,25136,0.062026082,1.990856796
5,76,3_1_0_1,0.043177042,12329840,0.019390083,75584,0.062567125,2.0534239210000003
5,77,3_0_2_0,0.031849417,9090160,0.019144292,25136,0.050993709,2.1044176300000004
5,78,3_0_1_1,0.043049625,12329968,0.019218375,25136,0.062268000000000004,2.1666856300000004
5,79,3_0_0_2,0.039644708,9090160,0.019407458,75584,0.059052166,2.225737796
5,81,2_2_1_0,0.053941875,15366640,0.019187917,75584,0.073129792,2.2988675880000002
5,83,2_1_2_0,0.053825417,15366640,0.01917725,25136,0.073002667,2.371870255
5,84,2_1_1_1,0.075866625,21643248,0.019238709,75584,0.09510533399999999,2.466975589
5,85,2_1_0_2,0.053502208,15366640,0.0199595,75584,0.073461708,2.540437297
5,86,2_0_3_0,0.032114709,9090160,0.020208459,25136,0.052323168,2.592760465
5,87,2_0_2_1,0.054465625,15366768,0.019251208,25136,0.073716833,2.666477298
5,88,2_0_1_2,0.058560084,15366768,0.019336542,75584,0.077896626,2.744373924
5,89,2_0_0_3,0.031141209,9090160,0.0192435,75584,0.050384709,2.794758633
5,96,1_1_3_0,0.042585542,12329840,0.019148083,25136,0.061733625,2.856492258
5,97,1_1_2_1,0.075632625,21643248,0.019221292,75584,0.094853917,2.951346175
5,100,1_0_4_0,0.02278875,6761840,0.019151,25136,0.04193975,2.993285925
5,101,1_0_3_1,0.042494834,12329968,0.019216084,25136,0.061710918000000003,3.054996843
5,102,1_0_2_2,0.058148917,15366768,0.019354958,75584,0.077503875,3.132500718
5,103,1_0_1_3,0.042413917,12329968,0.019077416,75584,0.061491333,3.1939920510000004
5,104,1_0_0_4,0.022862083,6761840,0.01908725,25136,0.041949333,3.235941384
5,120,0_0_5_0,0.011765791,3522160,0.019181833,25136,0.030947624,3.266889008
5,121,0_0_4_1,0.022864458,6761968,0.019262375,25136,0.042126833,3.3090158410000003
5,122,0_0_3_2,0.031304917,9090288,0.019359083,75584,0.050664,3.359679841
6,126,6_0_0_0,0.017113958,4962672,0.019184333,25136,0.036298290999999996,3.395978132
6,127,5_1_0_0,0.031398708,9090032,0.019162083,25136,0.050560790999999994,3.4465389230000003
6,128,5_0_1_0,0.031426125,9090160,0.019149208,25136,0.050575333,3.497114256
6,129,5_0_0_1,0.034391375,9090160,0.019232916,25136,0.053624291000000004,3.5507385470000004
6,130,4_2_0_0,0.048046917,13567472,0.019283875,25136,0.067330792,3.6180693390000003
6,131,4_1_1_0,0.065013167,18403440,0.01907025,25136,0.084083417,3.7021527560000003
6,132,4_1_0_1,0.065070208,18403440,0.019212458,25136,0.084282666,3.7864354220000003
6,133,4_0_2_0,0.048018875,13567600,0.019235167,25136,0.067254042,3.8536894640000003
6,134,4_0_1_1,0.068020459,18403568,0.019839375,25136,0.087859834,3.9415492980000004
6,135,4_0_0_2,0.048572666,13567600,0.020176125,25136,0.068748791,4.010298089000001
6,136,3_3_0_0,0.051502,14455152,0.01909575,25136,0.07059775,4.080895839000001
6,137,3_2_1_0,0.088196958,24477040,0.019024042,25136,0.10722100000000001,4.188116839000001
6,138,3_2_0_1,0.090695917,24477040,0.01903675,25136,0.109732667,4.297849506000001
6,139,3_1_2_0,0.087172083,24477040,0.019086333,25136,0.106258416,4.4041079220000015
6,140,3_1_1_1,0.13000825,35207408,0.019182625,25136,0.149190875,4.553298797000002
6,141,3_1_0_2,0.087143541,24477040,0.019165292,25136,0.106308833,4.659607630000002
6,142,3_0_3_0,0.050734125,14455280,0.0191965,25136,0.069930625,4.729538255000001
6,143,3_0_2_1,0.087425916,24477168,0.019074917,25136,0.106500833,4.8360390880000015
6,144,3_0_1_2,0.090467833,24477168,0.018953375,25136,0.10942120799999999,4.945460296000001
6,145,3_0_0_3,0.050867625,14455280,0.019083583,25136,0.069951208,5.015411504000001
6,149,2_2_2_0,0.109547041,30371440,0.018928541,25136,0.128475582,5.143887086000001
6,150,2_2_1_1,0.157654792,42697968,0.018833709,25136,0.176488501,5.320375587000001
6,152,2_1_3_0,0.08636025,24477040,0.018925791,25136,0.105286041,5.425661628000001
6,153,2_1_2_1,0.157539625,42697968,0.018990792,25136,0.176530417,5.602192045000002
6,154,2_1_1_2,0.157972542,42697968,0.019190542,25136,0.177163084,5.779355129000002
6,155,2_1_0_3,0.087709292,24477040,0.019149917,25136,0.106859209,5.886214338000001
6,156,2_0_4_0,0.047735333,13567600,0.019118875,25136,0.066854208,5.953068546000001
6,157,2_0_3_1,0.090587584,24477168,0.01906275,25136,0.109650334,6.062718880000001
6,158,2_0_2_2,0.109741375,30371568,0.019059666,25136,0.128801041,6.191519921000001
6,159,2_0_1_3,0.087400875,24477168,0.019180542,25136,0.106581417,6.298101338000001
6,160,2_0_0_4,0.04790825,13567600,0.019166417,25136,0.067074667,6.365176005000001
6,171,1_1_4_0,0.068049792,18403440,0.019245875,25136,0.087295667,6.4524716720000015
6,172,1_1_3_1,0.129827667,35207408,0.019129584,25136,0.148957251,6.601428923000001
6,173,1_1_2_2,0.158087083,42697968,0.0192525,25136,0.177339583,6.778768506000001
6,176,1_0_5_0,0.03106725,9090160,0.01896075,25136,0.050028,6.8287965060000015
6,177,1_0_4_1,0.064923083,18403568,0.019058292,25136,0.08398137500000001,6.912777881000001
6,178,1_0_3_2,0.090336542,24477168,0.01892275,25136,0.10925929200000001,7.022037173000001
6,179,1_0_2_3,0.087281584,24477168,0.019154208,25136,0.106435792,7.128472965000001
6,180,1_0_1_4,0.065007458,18403568,0.019145375,25136,0.08415283300000001,7.212625798000001
6,181,1_0_0_5,0.031320042,9090160,0.019046125,25136,0.050366167,7.262991965000001
6,203,0_0_6_0,0.0171715,4962800,0.019168959,25136,0.036340459,7.299332424000001
6,204,0_0_5_1,0.034437,9090288,0.019267417,25136,0.053704417000000004,7.353036841000001
6,205,0_0_4_2,0.047884666,13567728,0.019105667,25136,0.066990333,7.420027174
6,206,0_0_3_3,0.050755375,14455408,0.019038292,25136,0.069793667,7.489820841
7,210,7_0_0_0,0.020228416,5850352,0.019257375,25136,0.039485791,7.529306632
7,211,6_1_0_0,0.04255575,12126832,0.019133459,25136,0.061689209,7.590995841
7,212,6_0_1_0,0.042722375,12126960,0.01915375,25136,0.061876125000000004,7.652871966
7,213,6_0_0_1,0.045896583,12126960,0.019198083,25136,0.065094666,7.717966632
7,214,5_2_0_0,0.065189458,18200432,0.019285458,25136,0.08447491600000001,7.802441548000001
7,215,5_1_1_0,0.090427333,25185520,0.019091166,25136,0.10951849899999999,7.911960047000001
7,216,5_1_0_1,0.090271333,25185520,0.019177084,25136,0.10944841699999999,8.021408464
7,217,5_0_2_0,0.068145459,18200560,0.019169959,25136,0.087315418,8.108723882
7,218,5_0_1_1,0.090441584,25185648,0.019164,25136,0.109605584,8.218329466
7,219,5_0_0_2,0.065261041,18200560,0.019274583,25136,0.084535624,8.302865090000001
7,220,4_3_0_0,0.079259958,21237232,0.019448458,75584,0.09870841600000001,8.401573506
7,221,4_2_1_0,0.13244975,36421360,0.019148042,25136,0.151597792,8.553171298
7,222,4_2_0_1,0.135581916,36421360,0.019247792,75584,0.154829708,8.708001006
7,223,4_1_2_0,0.132937083,36421360,0.018937667,25136,0.15187475,8.859875756
7,224,4_1_1_1,0.193845625,52313968,0.018931292,25136,0.21277691699999998,9.072652672999999
7,225,4_1_0_2,0.135157459,36421360,0.01905725,75584,0.154214709,9.226867381999998
7,226,4_0_3_0,0.07604925,21237360,0.01925375,25136,0.095303,9.322170381999998
7,227,4_0_2_1,0.132875,36421488,0.019311917,25136,0.152186917,9.474357298999998
7,228,4_0_1_2,0.135421333,36421488,0.019114083,25136,0.154535416,9.628892714999997
7,229,4_0_0_3,0.076321917,21237360,0.019200291,75584,0.095522208,9.724414922999998
7,231,3_3_1_0,0.1464485,39458160,0.019071916,75584,0.165520416,9.889935338999997
7,233,3_2_2_0,0.178263167,48365680,0.019092166,25136,0.197355333,10.087290671999998
7,234,3_2_1_1,0.259400458,69420528,0.019075083,75584,0.278475541,10.365766212999999
7,235,3_2_0_2,0.181711333,48365680,0.019214042,75584,0.20092537500000002,10.566691588
7,236,3_1_3_0,0.1464735,39458160,0.018989041,25136,0.16546254100000002,10.732154129
7,237,3_1_2_1,0.258763333,69420528,0.019026666,25136,0.277789999,11.009944127999999
7,238,3_1_1_2,0.258711375,69420528,0.019129209,75584,0.277840584,11.287784711999999
7,239,3_1_0_3,0.144169542,39458160,0.019054916,75584,0.16322445800000002,11.451009169999999
7,240,3_0_4_0,0.078991708,21237360,0.019199708,25136,0.09819141599999999,11.549200586
7,241,3_0_3_1,0.144432166,39458288,0.019128084,25136,0.16356025,11.712760836
7,242,3_0_2_2,0.18119925,48365808,0.019014292,25136,0.200213542,11.912974378
7,243,3_0_1_3,0.14719975,39458288,0.019295459,75584,0.16649520899999998,12.079469587
7,244,3_0_0_4,0.076424625,21237360,0.019357542,75584,0.095782167,12.175251754
7,251,2_2_3_0,0.180804166,48365680,0.019174417,25136,0.199978583,12.375230337
7,252,2_2_2_1,0.316248333,84198768,0.019089875,75584,0.33533820799999997,12.710568545
7,255,2_1_4_0,0.132919958,36421360,0.019188875,25136,0.152108833,12.862677377999999
7,256,2_1_3_1,0.259676833,69420528,0.019214875,25136,0.278891708,13.141569085999999
7,257,2_1_2_2,0.31891375,84198768,0.019017416,75584,0.337931166,13.479500252
7,258,2_1_1_3,0.260057917,69420528,0.019244417,75584,0.27930233400000004,13.758802586
7,259,2_1_0_4,0.132657459,36421360,0.019164084,25136,0.151821543,13.910624129
7,260,2_0_5_0,0.065575167,18200560,0.018997459,25136,0.08457262600000001,13.995196755
7,261,2_0_4_1,0.13580975,36421488,0.019218291,25136,0.155028041,14.150224796
7,262,2_0_3_2,0.180976417,48365808,0.019091333,25136,0.20006775,14.350292546
7,263,2_0_2_3,0.178493416,48365808,0.019409833,75584,0.197903249,14.548195795
7,264,2_0_1_4,0.135981291,36421488,0.019267,75584,0.155248291,14.703444086
7,265,2_0_0_5,0.064748333,18200560,0.01889475,25136,0.08364308300000001,14.787087169
7,281,1_1_5_0,0.093609291,25185520,0.019046708,25136,0.11265599899999999,14.899743167999999
7,282,1_1_4_1,0.1919755,52313968,0.018915917,25136,0.210891417,15.110634584999998
7,283,1_1_3_2,0.258714167,69420528,0.019151791,75584,0.277865958,15.388500542999997
7,287,1_0_6_0,0.045439959,12126960,0.019113917,25136,0.06455387600000001,15.453054418999997
7,288,1_0_5_1,0.090521416,25185648,0.019007625,25136,0.109529041,15.562583459999997
7,289,1_0_4_2,0.13322525,36421488,0.019262583,25136,0.152487833,15.715071292999998
7,290,1_0_3_3,0.146630167,39458288,0.019045916,75584,0.165676083,15.880747375999997
7,291,1_0_2_4,0.135177042,36421488,0.018998709,75584,0.154175751,16.034923126999995
7,292,1_0_1_5,0.09043025,25185648,0.018958708,25136,0.10938895800000001,16.144312084999996
7,293,1_0_0_6,0.04268175,12126960,0.019039458,25136,0.061721208,16.206033292999997
7,322,0_0_7_0,0.020471709,5850480,0.019147167,25136,0.039618876,16.245652168999996
7,323,0_0_6_1,0.042566334,12127088,0.019089333,25136,0.061655667,16.307307835999996
7,324,0_0_5_2,0.068232208,18200688,0.01922,25136,0.087452208,16.394760043999995
7,325,0_0_4_3,0.100525542,21237488,0.0194245,75584,0.11995004199999999,16.514710085999994
8,330,8_0_0_0,0.025740333,7290992,0.01916875,25136,0.044909083,16.559619168999994
8,331,7_1_0_0,0.05461975,15163632,0.01916225,25136,0.073782,16.633401168999995
8,332,7_0_1_0,0.057558,15163760,0.019044083,25136,0.076602083,16.710003251999996
8,333,7_0_0_1,0.054340417,15163760,0.01914,25136,0.073480417,16.783483668999995
8,334,6_2_0_0,0.087553833,24094832,0.019199666,25136,0.106753499,16.890237167999995
8,335,6_1_1_0,0.124887833,33384560,0.019220334,25136,0.144108167,17.034345334999994
8,336,6_1_0_1,0.122962625,33384560,0.019753875,25136,0.1427165,17.177061834999993
8,337,6_0_2_0,0.088459541,24094960,0.019841042,25136,0.108300583,17.28536241799999
8,338,6_0_1_1,0.126712458,33384688,0.019257625,25136,0.145970083,17.431332500999993
8,339,6_0_0_2,0.088555875,24094960,0.019460417,25136,0.10801629200000001,17.53934879299999
8,340,5_3_0_0,0.109001667,28727792,0.020112917,25136,0.129114584,17.66846337699999
8,341,5_2_1_0,0.188653166,49782640,0.01931975,25136,0.207972916,17.87643629299999
8,342,5_2_0_1,0.185341625,49782640,0.019193625,25136,0.20453525,18.08097154299999
8,343,5_1_2_0,0.187133375,49782640,0.019007708,25136,0.206141083,18.28711262599999
8,344,5_1_1_1,0.273917125,72254448,0.018978541,25136,0.292895666,18.580008291999988
8,345,5_1_0_2,0.187671541,49782640,0.018988917,25136,0.206660458,18.78666874999999
8,346,5_0_3_0,0.10457075,28727920,0.018979125,25136,0.123549875,18.910218624999988
8,347,5_0_2_1,0.186339875,49782768,0.01900725,25136,0.205347125,19.115565749999988
8,348,5_0_1_2,0.186241791,49782768,0.018946084,25136,0.205187875,19.320753624999988
8,349,5_0_0_3,0.104845917,28727920,0.019176917,25136,0.124022834,19.44477645899999
8,350,4_4_0_0,0.118845125,31585392,0.019135542,25136,0.137980667,19.58275712599999
8,351,4_3_1_0,0.218169708,58690160,0.019169667,25136,0.237339375,19.82009650099999
8,352,4_3_0_1,0.220377583,58690160,0.0189265,25136,0.239304083,20.05940058399999
8,353,4_2_2_0,0.271027375,71872240,0.018962458,25136,0.28998983300000003,20.34939041699999
8,354,4_2_1_1,0.391785334,103227888,0.018985667,25136,0.41077100099999997,20.760161417999992
8,355,4_2_0_2,0.271337792,71872240,0.019035958,25136,0.29037375000000004,21.050535167999993
8,356,4_1_3_0,0.220551375,58690160,0.019068291,25136,0.239619666,21.290154833999992
8,357,4_1_2_1,0.392657167,103227888,0.019164958,25136,0.411822125,21.701976958999992
8,358,4_1_1_2,0.38978575,103227888,0.019278583,25136,0.409064333,22.111041291999992
8,359,4_1_0_3,0.221351959,58690160,0.018970542,25136,0.240322501,22.351363792999994
8,360,4_0_4_0,0.115708417,31585520,0.019068458,25136,0.134776875,22.486140667999994
8,361,4_0_3_1,0.221301708,58690288,0.019240291,25136,0.240541999,22.726682666999995
8,362,4_0_2_2,0.271679042,71872368,0.019239458,25136,0.29091849999999997,23.017601166999995
8,363,4_0_1_3,0.234803625,58690288,0.019185625,25136,0.25398925,23.271590416999995
8,364,4_0_0_4,0.1188855,31585520,0.019166416,25136,0.138051916,23.409642332999994
8,368,3_3_2_0,0.292878375,77922160,0.019235542,25136,0.312113917,23.721756249999995
8,369,3_3_1_1,0.432207458,113552368,0.018967833,25136,0.451175291,24.172931540999993
8,371,3_2_3_0,0.294298667,77922160,0.019213333,25136,0.313512,24.486443540999993
8,372,3_2_2_1,0.524350792,137035248,0.019320708,25136,0.5436715,25.03011504099999
8,373,3_2_1_2,0.525168834,137035248,0.0190225,25136,0.5441913340000001,25.574306374999992
8,374,3_2_0_3,0.2951495,77922160,0.019059625,25136,0.31420912500000003,25.888515499999993
8,375,3_1_4_0,0.221037667,58690160,0.018952584,25136,0.239990251,26.12850575099999
8,376,3_1_3_1,0.433148959,113552368,0.018981667,25136,0.452130626,26.58063637699999
8,377,3_1_2_2,0.522425042,137035248,0.018912334,25136,0.541337376,27.121973752999992
8,378,3_1_1_3,0.431416,113552368,0.019031667,25136,0.450447667,27.57242141999999
8,379,3_1_0_4,0.2208625,58690160,0.019145625,25136,0.240008125,27.81242954499999
8,380,3_0_5_0,0.1051045,28727920,0.019109834,25136,0.12421433400000001,27.93664387899999
8,381,3_0_4_1,0.21995775,58690288,0.018995417,25136,0.23895316700000002,28.175597045999993
8,382,3_0_3_2,0.293173375,77922288,0.01904175,25136,0.31221512500000004,28.487812170999995
8,383,3_0_2_3,0.294743417,77922288,0.019220209,25136,0.313963626,28.801775796999994
8,384,3_0_1_4,0.224121625,58690288,0.019445875,25136,0.2435675,29.045343296999995
8,385,3_0_0_5,0.108402459,28727920,0.019579292,25136,0.127981751,29.173325047999995
8,396,2_2_4_0,0.270980625,71872240,0.019113125,25136,0.29009375,29.463418797999996
8,397,2_2_3_1,0.522815833,137035248,0.019051625,25136,0.541867458,30.005286255999994
8,398,2_2_2_2,0.63698025,166209648,0.018867875,25136,0.655848125,30.661134380999993
8,401,2_1_5_0,0.183350917,49782640,0.018946375,25136,0.20229729200000002,30.863431672999994
8,402,2_1_4_1,0.391155667,103227888,0.018947167,25136,0.41010283399999997,31.273534506999994
8,403,2_1_3_2,0.527678834,137035248,0.01920575,25136,0.5468845840000001,31.820419090999994
8,404,2_1_2_3,0.525043666,137035248,0.019195833,25136,0.544239499,32.36465859
8,405,2_1_1_4,0.39562275,103227888,0.019293166,25136,0.414915916,32.779574505999996
8,406,2_1_0_5,0.185545292,49782640,0.019202958,25136,0.20474825,32.984322756
8,407,2_0_6_0,0.091298625,24094960,0.019051333,25136,0.110349958,33.094672714
8,408,2_0_5_1,0.186978792,49782768,0.019229708,25136,0.20620850000000002,33.300881214
8,409,2_0_4_2,0.272634,71872368,0.019300334,25136,0.29193433399999996,33.592815548
8,410,2_0_3_3,0.295972875,77922288,0.019191875,25136,0.31516475000000005,33.907980298
8,411,2_0_2_4,0.272603042,71872368,0.018880125,25136,0.29148316700000004,34.199463465
8,412,2_0_1_5,0.186037542,49782768,0.01901225,25136,0.205049792,34.404513257
8,413,2_0_0_6,0.087589167,24094960,0.019274084,25136,0.10686325099999999,34.511376508
8,435,1_1_6_0,0.124181833,33384560,0.019157708,25136,0.14333954100000001,34.654716049
8,436,1_1_5_1,0.271404959,72254448,0.018948875,25136,0.290353834,34.945069883
8,437,1_1_4_2,0.388855042,103227888,0.018888625,25136,0.407743667,35.35281355
8,438,1_1_3_3,0.430956875,113552368,0.019104,25136,0.450060875,35.802874425
8,442,1_0_7_0,0.054059333,15163760,0.018947542,25136,0.073006875,35.875881299999996
8,443,1_0_6_1,0.124039167,33384688,0.01915325,25136,0.14319241700000002,36.019073717
8,444,1_0_5_2,0.186712667,49782768,0.018868125,25136,0.205580792,36.224654509
8,445,1_0_4_3,0.220896458,58690288,0.019065667,25136,0.239962125,36.464616633999995
8,446,1_0_3_4,0.220515875,58690288,0.018945209,25136,0.239461084,36.70407771799999
8,447,1_0_2_5,0.183976583,49782768,0.018855708,25136,0.202832291,36.90691000899999
8,448,1_0_1_6,0.1244665,33384688,0.019201208,25136,0.143667708,37.050577716999996
8,449,1_0_0_7,0.05422575,15163760,0.019061042,25136,0.073286792,37.12386450899999
8,486,0_0_8_0,0.026042667,7291120,0.019209292,25136,0.045251958999999994,37.16911646799999
8,487,0_0_7_1,0.054086792,15163888,0.019296666,25136,0.073383458,37.242499925999994
8,488,0_0_6_2,0.090204042,24095088,0.019210916,25136,0.109414958,37.351914883999996
8,489,0_0_5_3,0.105018834,28728048,0.019140459,25136,0.124159293,37.476074176999994
8,490,0_0_4_4,0.118717959,31585648,0.018941792,25136,0.137659751,37.613733927999995
9,495,9_0_0_0,0.031795292,8887152,0.019135292,25136,0.050930584,37.664664511999995
9,496,8_1_0_0,0.068314042,18908912,0.01893075,25136,0.087244792,37.751909303999994
9,497,8_0_1_0,0.068209084,18909040,0.019325667,25136,0.08753475100000001,37.839444054999994
9,498,8_0_0_1,0.070892041,18909040,0.01916725,25136,0.090059291,37.929503346
9,499,7_2_0_0,0.110409208,30144752,0.019164958,25136,0.129574166,38.059077511999995
9,500,7_1_1_0,0.158653375,42292080,0.019256458,25136,0.17790983300000002,38.236987344999996
9,501,7_1_0_1,0.158642958,42292080,0.019167125,25136,0.177810083,38.41479742799999
9,502,7_0_2_0,0.110872208,30144880,0.019103042,25136,0.12997525,38.544772677999994
9,503,7_0_1_1,0.158486084,42292208,0.018942792,25136,0.177428876,38.722201553999994
9,504,7_0_0_2,0.110268458,30144880,0.018985917,25136,0.129254375,38.851455929
9,505,6_3_0_0,0.144043625,38343792,0.019037125,25136,0.16308075,39.014536678999995
9,506,6_2_1_0,0.24830925,65977840,0.019025875,25136,0.267335125,39.281871804
9,507,6_2_0_1,0.249221666,65977840,0.019246625,25136,0.268468291,39.550340094999996
9,508,6_1_2_0,0.249806583,65977840,0.019070875,25136,0.268877458,39.819217552999994
9,509,6_1_1_1,0.361404708,95737328,0.01896475,25136,0.380369458,40.19958701099999
9,510,6_1_0_2,0.247883875,65977840,0.019092458,25136,0.266976333,40.466563343999994
9,511,6_0_3_0,0.144268125,38343920,0.018980542,25136,0.163248667,40.62981201099999
9,512,6_0_2_1,0.248753,65978016,0.018944667,25136,0.267697667,40.89750967799999
9,513,6_0_1_2,0.248414917,65978016,0.018935625,25136,0.267350542,41.164860219999994
9,514,6_0_0_3,0.142111958,38343968,0.018945917,25136,0.16105787500000002,41.32591809499999
9,515,5_4_0_0,0.160714541,42797600,0.019176541,75584,0.17989108199999998,41.50580917699999
9,516,5_3_1_0,0.305633208,80756128,0.018905625,25136,0.32453883299999997,41.83034800999999
9,517,5_3_0_1,0.306956791,80756128,0.0190235,75584,0.32598029100000003,42.15632830099999
9,518,5_2_2_0,0.372132083,98368288,0.018965416,25136,0.391097499,42.547425799999985
9,519,5_2_1_1,0.545522541,142703136,0.018967084,25136,0.564489625,43.111915424999985
9,520,5_2_0_2,0.375157167,98368288,0.019038542,75584,0.394195709,43.50611113399999
9,521,5_1_3_0,0.304500542,80756128,0.018966375,25136,0.32346691699999996,43.829578050999984
9,522,5_1_2_1,0.54312025,142703136,0.019008875,25136,0.562129125,44.39170717599998
9,523,5_1_1_2,0.547455084,142703136,0.018984875,25136,0.566439959,44.95814713499998
9,524,5_1_0_3,0.305592625,80756128,0.019118334,75584,0.324710959,45.282858093999984
9,525,5_0_4_0,0.161427833,42797728,0.019319625,25136,0.180747458,45.46360555199998
9,526,5_0_3_1,0.306007541,80756256,0.018942334,25136,0.324949875,45.788555426999984
9,527,5_0_2_2,0.372339625,98368416,0.019263125,25136,0.39160275,46.18015817699998
9,528,5_0_1_3,0.308665625,80756256,0.018924208,25136,0.327589833,46.50774800999998
9,529,5_0_0_4,0.158640833,42797728,0.01906075,75584,0.177701583,46.68544959299998
9,531,4_4_1_0,0.332597875,87335328,0.019114959,75584,0.351712834,47.03716242699998
9,533,4_3_2_0,0.441907375,115980448,0.018955666,25136,0.460863041,47.49802546799998
9,534,4_3_1_1,0.65018,169019936,0.019116833,75584,0.669296833,48.16732230099998
9,535,4_3_0_2,0.444449916,115980448,0.019031125,75584,0.463481041,48.63080334199998
9,536,4_2_3_0,0.443758958,115980448,0.018922333,25136,0.462681291,49.09348463299998
9,537,4_2_2_1,0.786822584,204041376,0.019033958,25136,0.805856542,49.89934117499998
9,538,4_2_1_2,0.786326333,204041376,0.019019958,75584,0.805346291,50.70468746599998
9,539,4_2_0_3,0.448398375,115980448,0.019238083,75584,0.46763645800000003,51.17232392399998
9,540,4_1_4_0,0.332829583,87335328,0.019051,25136,0.35188058299999997,51.524204506999986
9,541,4_1_3_1,0.656515333,169019936,0.019370667,25136,0.675886,52.200090506999985
9,542,4_1_2_2,0.786140958,204041376,0.018964375,25136,0.805105333,53.005195839999985
9,543,4_1_1_3,0.650831,169019936,0.019185083,75584,0.670016083,53.675211922999985
9,544,4_1_0_4,0.330580625,87335328,0.019166292,75584,0.34974691700000005,54.02495883999998
9,545,4_0_5_0,0.161874917,42797728,0.019205708,25136,0.181080625,54.20603946499998
9,546,4_0_4_1,0.331323709,87335456,0.019185542,25136,0.350509251,54.55654871599998
9,547,4_0_3_2,0.443743625,115980576,0.019080792,25136,0.462824417,55.01937313299998
9,548,4_0_2_3,0.443980042,115980576,0.018947375,25136,0.462927417,55.482300549999984
9,549,4_0_1_4,0.330577667,87335456,0.01903575,75584,0.34961341700000004,55.831913966999984
9,550,4_0_0_5,0.161514041,42797728,0.019336292,75584,0.180850333,56.012764299999986
9,557,3_3_3_0,0.486167042,127013408,0.018941709,25136,0.505108751,56.51787305099999
9,558,3_3_2_1,0.861402917,224487456,0.01909375,75584,0.8804966670000001,57.39836971799999
9,561,3_2_4_0,0.44321625,115980448,0.018935333,25136,0.462151583,57.86052130099999
9,562,3_2_3_1,1.228323833,224487456,0.020207375,25136,1.248531208,59.109052508999994
9,563,3_2_2_2,1.050013875,271047456,0.019187,75584,1.0692008750000002,60.178253383999994
9,564,3_2_1_3,0.886134125,224487456,0.01907,75584,0.905204125,61.08345750899999
9,565,3_2_0_4,0.451910834,115980448,0.018984084,25136,0.470894918,61.55435242699999
9,566,3_1_5_0,0.303606208,80756128,0.018970833,25136,0.322577041,61.87692946799999
9,567,3_1_4_1,0.651408583,169019936,0.018941084,25136,0.6703496670000001,62.547279135
9,568,3_1_3_2,0.871365792,224487456,0.019034166,25136,0.8903999579999999,63.437679093
9,569,3_1_2_3,0.863042875,224487456,0.0190545,75584,0.882097375,64.319776468
9,570,3_1_1_4,0.647392916,169019936,0.019013792,75584,0.666406708,64.986183176
9,571,3_1_0_5,0.304673667,80756128,0.018854625,25136,0.323528292,65.309711468
9,572,3_0_6_0,0.143053459,38343968,0.018940708,25136,0.161994167,65.471705635
9,573,3_0_5_1,0.304302375,80756256,0.018936,25136,0.323238375,65.79494401000001
9,574,3_0_4_2,0.441798125,115980576,0.018922833,25136,0.460720958,66.255664968
9,575,3_0_3_3,0.488837458,127013536,0.018955792,25136,0.50779325,66.76345821800001
9,576,3_0_2_4,0.442339125,115980576,0.019053583,75584,0.461392708,67.22485092600002
9,577,3_0_1_5,0.303857875,80756256,0.01899075,75584,0.322848625,67.54769955100002
9,578,3_0_0_6,0.141435959,38343968,0.018926917,25136,0.160362876,67.70806242700002
9,594,2_2_5_0,0.374042,98368288,0.018941417,25136,0.392983417,68.10104584400001
9,595,2_2_4_1,0.782286417,204041376,0.018969833,25136,0.80125625,68.902302094
9,596,2_2_3_2,1.045410166,271047456,0.019026625,75584,1.0644367909999999,69.96673888500001
9,600,2_1_6_0,0.247685708,65977888,0.018971541,25136,0.266657249,70.23339613400002
9,601,2_1_5_1,0.545391125,142703136,0.018999833,25136,0.5643909579999999,70.79778709200002
9,602,2_1_4_2,0.782837958,204041376,0.019043708,25136,0.801881666,71.59966875800002
9,603,2_1_3_3,0.86211375,224487456,0.019047041,75584,0.881160791,72.48082954900002
9,604,2_1_2_4,0.784069209,204041376,0.019189042,75584,0.803258251,73.28408780000002
9,605,2_1_1_5,0.543963083,142703136,0.018978458,25136,0.5629415409999999,73.84702934100002
9,606,2_1_0_6,0.248589,65977888,0.01909775,25136,0.26768675000000003,74.11471609100002
9,607,2_0_7_0,0.110827375,30144928,0.019015083,25136,0.129842458,74.24455854900002
9,608,2_0_6_1,0.249119625,65978016,0.019163709,25136,0.26828333400000004,74.51284188300002
9,609,2_0_5_2,0.374397375,98368416,0.019028833,25136,0.393426208,74.90626809100002
9,610,2_0_4_3,0.442773667,115980576,0.018929583,25136,0.46170325,75.36797134100001
9,611,2_0_3_4,0.441676416,115980576,0.019026917,75584,0.460703333,75.82867467400001
9,612,2_0_2_5,0.3723875,98368416,0.019059334,75584,0.39144683399999997,76.22012150800002
9,613,2_0_1_6,0.271503708,65978016,0.019062125,25136,0.290565833,76.51068734100002
9,614,2_0_0_7,0.113525167,30144928,0.019225166,25136,0.132750333,76.64343767400003
9,643,1_1_7_0,0.155861,42292128,0.018992125,25136,0.174853125,76.81829079900002
9,644,1_1_6_1,0.364282792,95737376,0.018988042,25136,0.383270834,77.20156163300003
9,645,1_1_5_2,0.542649583,142703136,0.018946125,25136,0.561595708,77.76315734100002
9,646,1_1_4_3,0.646419083,169019936,0.019041875,75584,0.6654609579999999,78.42861829900002
9,651,1_0_8_0,0.068086208,18909088,0.019030833,25136,0.08711704099999999,78.51573534000002
9,652,1_0_7_1,0.158213875,42292256,0.019084958,25136,0.177298833,78.69303417300002
9,653,1_0_6_2,0.249002708,65978016,0.019040667,25136,0.268043375,78.96107754800002
9,654,1_0_5_3,0.304203375,80756256,0.018889041,25136,0.323092416,79.28416996400001
9,655,1_0_4_4,0.333728125,87335456,0.018971583,75584,0.352699708,79.63686967200002
9,656,1_0_3_5,0.304576292,80756256,0.01900675,75584,0.32358304200000004,79.96045271400001
9,657,1_0_2_6,0.2485715,65978016,0.018895958,25136,0.267467458,80.22792017200001
9,658,1_0_1_7,0.157711958,42292256,0.018954833,25136,0.17666679100000002,80.40458696300001
9,659,1_0_0_8,0.068182583,18909088,0.019213459,25136,0.08739604200000001,80.49198300500001
9,705,0_0_9_0,0.031721916,8887328,0.019150125,25136,0.05087204100000001,80.54285504600001
9,706,0_0_8_1,0.06827875,18909216,0.019129375,25136,0.087408125,80.63026317100001
9,707,0_0_7_2,0.113593542,30145056,0.019181833,25136,0.132775375,80.763038546
9,708,0_0_6_3,0.142173625,38344096,0.0189235,25136,0.161097125,80.924135671
9,709,0_0_5_4,0.160669958,42797856,0.019094833,75584,0.179764791,81.103900462
10,715,10_0_0_0,0.0369585,10327840,0.019178125,25136,0.056136624999999996,81.16003708699999
10,716,9_1_0_0,0.085207833,22654240,0.019153084,25136,0.104360917,81.26439800399999
10,717,9_0_1_0,0.082207333,22654368,0.01926075,25136,0.10146808299999999,81.36586608699999
10,718,9_0_0_1,0.081781666,22654368,0.019123416,25136,0.10090508200000001,81.46677116899998
10,719,8_2_0_0,0.140771166,37456160,0.018929916,25136,0.159701082,81.62647225099998
10,720,8_1_1_0,0.197092667,52616608,0.018984917,25136,0.216077584,81.84254983499999
10,721,8_1_0_1,0.198358833,52616608,0.018974583,25136,0.217333416,82.05988325099999
10,722,8_0_2_0,0.138144375,37456288,0.018995625,25136,0.15714,82.21702325099999
10,723,8_0_1_1,0.198083292,52616736,0.018952084,25136,0.217035376,82.43405862699998
10,724,8_0_0_2,0.14128975,37456288,0.019255542,25136,0.160545292,82.59460391899998
10,725,7_3_0_0,0.177118167,47959840,0.018948542,25136,0.196066709,82.79067062799997
10,726,7_2_1_0,0.31940675,83590048,0.018914,25136,0.33832075,83.12899137799997
10,727,7_2_0_1,0.316002,83590048,0.0189785,25136,0.3349805,83.46397187799997
10,728,7_1_2_0,0.315947958,83590048,0.018941458,25136,0.334889416,83.79886129399996
10,729,7_1_1_1,0.464794583,122054176,0.0189975,25136,0.483792083,84.28265337699996
10,730,7_1_0_2,0.319027667,83590048,0.018952083,25136,0.33797975,84.62063312699996
10,731,7_0_3_0,0.178659083,47959968,0.019122666,25136,0.197781749,84.81841487599996
10,732,7_0_2_1,0.319778791,83590176,0.018945042,25136,0.33872383300000003,85.15713870899997
10,733,7_0_1_2,0.315314459,83590176,0.018905875,25136,0.334220334,85.49135904299996
10,734,7_0_0_3,0.181667042,47959968,0.019089958,25136,0.200757,85.69211604299996
10,735,6_4_0_0,0.214568875,56688160,0.018935833,25136,0.233504708,85.92562075099995
10,736,6_3_1_0,0.406788541,107072928,0.018914625,25136,0.425703166,86.35132391699996
10,737,6_3_0_1,0.409755833,107072928,0.018925917,25136,0.42868175000000003,86.78000566699995
10,738,6_2_2_0,0.499360583,130376608,0.018938958,25136,0.518299541,87.29830520799996
10,739,6_2_1_1,0.726226083,189263136,0.019016625,25136,0.745242708,88.04354791599997
10,740,6_2_0_2,0.498893,130376608,0.018959375,25136,0.5178523749999999,88.56140029099997
10,741,6_1_3_0,0.408282125,107072928,0.018975208,25136,0.427257333,88.98865762399997
10,742,6_1_2_1,0.727386167,189263136,0.01896925,25136,0.7463554170000001,89.73501304099997
10,743,6_1_1_2,0.726561167,189263136,0.018985292,25136,0.7455464589999999,90.48055949999997
10,744,6_1_0_3,0.407917458,107072928,0.018947916,25136,0.426865374,90.90742487399997
10,745,6_0_4_0,0.215556833,56688288,0.018992833,25136,0.234549666,91.14197453999998
10,746,6_0_3_1,0.405689333,107073056,0.01892975,25136,0.424619083,91.56659362299997
10,747,6_0_2_2,0.498933666,130376736,0.0189775,25136,0.517911166,92.08450478899998
10,748,6_0_1_3,0.409830666,107073056,0.018957291,25136,0.428787957,92.51329274599998
10,749,6_0_0_4,0.214876334,56688288,0.01900175,25136,0.233878084,92.74717082999997
10,750,5_5_0_0,0.219828042,58284320,0.018827375,25136,0.238655417,92.98582624699998
10,751,5_4_1_0,0.458362167,120231328,0.018945708,25136,0.477307875,93.46313412199997
10,752,5_4_0_1,0.458719042,120231328,0.018998458,25136,0.4777175,93.94085162199997
10,753,5_3_2_0,0.612406,159706528,0.01895625,25136,0.63136225,94.57221387199996
10,754,5_3_1_1,0.902783958,234406176,0.01899,25136,0.921773958,95.49398782999997
10,755,5_3_0_2,0.612614459,159706528,0.018995666,25136,0.631610125,96.12559795499996
10,756,5_2_3_0,0.613464958,159706528,0.019038834,25136,0.632503792,96.75810174699996
10,757,5_2_2_1,1.09336175,282383136,0.018994333,25136,1.1123560829999999,97.87045782999995
10,758,5_2_1_2,1.0894055,282383136,0.019013833,25136,1.108419333,98.97887716299995
10,759,5_2_0_3,0.614028917,159706528,0.019045125,25136,0.633074042,99.61195120499995
10,760,5_1_4_0,0.45688675,120231328,0.018897833,25136,0.475784583,100.08773578799996
10,761,5_1_3_1,0.903436833,234406176,0.019026834,25136,0.922463667,101.01019945499996
10,762,5_1_2_2,1.093147417,282383136,0.019015375,25136,1.112162792,102.12236224699997
10,763,5_1_1_3,0.90203425,234406176,0.018979875,25136,0.921014125,103.04337637199997
10,764,5_1_0_4,0.460585334,120231328,0.019040417,25136,0.479625751,103.52300212299997
10,765,5_0_5_0,0.220824,58284448,0.018931625,25136,0.239755625,103.76275774799997
10,766,5_0_4_1,0.458729792,120231456,0.019053083,25136,0.47778287500000005,104.24054062299997
10,767,5_0_3_2,0.614786166,159706656,0.018991875,25136,0.633778041,104.87431866399997
10,768,5_0_2_3,0.612143041,159706656,0.018946458,25136,0.631089499,105.50540816299997
10,769,5_0_1_4,0.458215917,120231456,0.019003209,25136,0.477219126,105.98262728899996
10,770,5_0_0_5,0.220602041,58284448,0.019240916,25136,0.239842957,106.22247024599996
10,774,4_4_2_0,0.665584125,172685728,0.018971542,25136,0.6845556669999999,106.90702591299996
10,775,4_4_1_1,0.972174208,251815456,0.018861583,25136,0.9910357909999999,107.89806170399996
10,777,4_3_3_0,0.726558833,188857248,0.018926917,25136,0.7454857500000001,108.64354745399996
10,778,4_3_2_1,1.295836291,334610976,0.018998708,25136,1.3148349990000001,109.95838245299996
10,779,4_3_1_2,1.296879709,334610976,0.019091583,25136,1.315971292,111.27435374499996
10,780,4_3_0_3,0.726709667,188857248,0.019328583,25136,0.7460382499999999,112.02039199499995
10,781,4_2_4_0,0.665270708,172685728,0.019025167,25136,0.684295875,112.70468786999996
10,782,4_2_3_1,1.296998791,334610976,0.019304583,25136,1.316303374,114.02099124399996
10,783,4_2_2_2,1.5745585,404068896,0.018991542,25136,1.593550042,115.61454128599996
10,784,4_2_1_3,1.297118125,334610976,0.019178042,25136,1.316296167,116.93083745299997
10,785,4_2_0_4,0.665289375,172685728,0.019010583,25136,0.684299958,117.61513741099996
10,786,4_1_5_0,0.459797333,120231328,0.0189625,25136,0.47875983299999997,118.09389724399996
10,787,4_1_4_1,0.971966625,251815456,0.019006708,25136,0.990973333,119.08487057699996
10,788,4_1_3_2,1.297307958,334610976,0.018982291,25136,1.316290249,120.40116082599997
10,789,4_1_2_3,1.296768542,334610976,0.019098042,25136,1.315866584,121.71702740999997
10,790,4_1_1_4,0.970711875,251815456,0.019177375,25136,0.98988925,122.70691665999998
10,791,4_1_0_5,0.458522959,120231328,0.019012542,25136,0.47753550100000003,123.18445216099998
10,792,4_0_6_0,0.214403042,56688288,0.019027,25136,0.23343004199999998,123.41788220299998
10,793,4_0_5_1,0.459183375,120231456,0.018935375,25136,0.47811875,123.89600095299997
10,794,4_0_4_2,0.663935,172685856,0.019172583,25136,0.6831075830000001,124.57910853599996
10,795,4_0_3_3,0.727785042,188857376,0.018936083,25136,0.7467211250000001,125.32582966099996
10,796,4_0_2_4,0.665501291,172685856,0.018964084,25136,0.684465375,126.01029503599996
10,797,4_0_1_5,0.459565417,120231456,0.020657208,25136,0.48022262499999996,126.49051766099996
10,798,4_0_0_6,0.21500975,56688288,0.018957125,25136,0.233966875,126.72448453599995
10,809,3_3_4_0,0.726214125,188857248,0.018986667,25136,0.745200792,127.46968532799995
10,810,3_3_3_1,1.435038166,369429536,0.019022916,25136,1.454061082,128.92374640999995
10,811,3_3_2_2,1.732803583,444734496,0.019065083,25136,1.751868666,130.67561507599996
10,814,3_2_5_0,0.613326834,159706528,0.018992459,25136,0.632319293,131.30793436899995
10,815,3_2_4_1,1.296784417,334610976,0.019164916,25136,1.315949333,132.62388370199994
10,816,3_2_3_2,1.731452625,444734496,0.018986209,25136,1.7504388339999999,134.37432253599994
10,817,3_2_2_3,1.732751,444734496,0.018976125,25136,1.751727125,136.12604966099994
10,818,3_2_1_4,1.298593,334610976,0.018986291,25136,1.3175792910000002,137.44362895199993
10,819,3_2_0_5,0.611427709,159706528,0.01897175,25136,0.6303994589999999,138.07402841099992
10,820,3_1_6_0,0.409786459,107072928,0.018921041,25136,0.4287075,138.50273591099992
10,821,3_1_5_1,0.904612542,234406176,0.018977584,25136,0.923590126,139.4263260369999
10,822,3_1_4_2,1.295370209,334610976,0.019004958,25136,1.3143751670000001,140.74070120399992
10,823,3_1_3_3,1.435379667,369429536,0.01899425,25136,1.454373917,142.19507512099992
10,824,3_1_2_4,1.297254291,334610976,0.019043667,25136,1.316297958,143.51137307899992
10,825,3_1_1_5,0.904353958,234406176,0.018973125,25136,0.923327083,144.43470016199993
10,826,3_1_0_6,0.407709083,107072928,0.018947708,25136,0.42665679100000004,144.86135695299993
10,827,3_0_7_0,0.180496833,47959968,0.018914125,25136,0.199410958,145.0607679109999
10,828,3_0_6_1,0.408928166,107073056,0.018952833,25136,0.427880999,145.4886489099999
10,829,3_0_5_2,0.612777042,159706656,0.018937125,25136,0.631714167,146.12036307699992
10,830,3_0_4_3,0.726746917,188857376,0.019070958,25136,0.7458178750000001,146.86618095199992
10,831,3_0_3_4,0.727314083,188857376,0.019071417,25136,0.7463855,147.61256645199992
10,832,3_0_2_5,0.614669916,159706656,0.018980958,25136,0.633650874,148.24621732599994
10,833,3_0_1_6,0.40777575,107073056,0.019000833,25136,0.426776583,148.67299390899993
10,834,3_0_0_7,0.178950333,47959968,0.018935583,25136,0.197885916,148.87087982499992
10,856,2_2_6_0,0.4985465,130376608,0.019013292,25136,0.517559792,149.3884396169999
10,857,2_2_5_1,1.094815334,282383136,0.018978375,25136,1.113793709,150.5022333259999
10,858,2_2_4_2,1.571015625,404068896,0.019083,25136,1.590098625,152.0923319509999
10,859,2_2_3_3,2.0983325,444734496,0.018896041,25136,2.1172285410000002,154.2095604919999
10,863,2_1_7_0,0.318944125,83590048,0.018931458,25136,0.33787558300000003,154.5474360749999
10,864,2_1_6_1,0.731265125,189263136,0.018861542,25136,0.750126667,155.29756274199988
10,865,2_1_5_2,1.113060458,282383136,0.018953958,25136,1.132014416,156.4295771579999
10,866,2_1_4_3,1.314832375,334610976,0.01904375,25136,1.333876125,157.76345328299988
10,867,2_1_3_4,1.301987375,334610976,0.018997292,25136,1.3209846669999998,159.08443794999988
10,868,2_1_2_5,1.090456166,282383136,0.018958833,25136,1.109414999,160.19385294899988
10,869,2_1_1_6,0.72795025,189263136,0.0189425,25136,0.74689275,160.94074569899988
10,870,2_1_0_7,0.317953917,83590048,0.018995667,25136,0.33694958399999997,161.27769528299987
10,871,2_0_8_0,0.1384555,37456288,0.019239125,25136,0.157694625,161.43538990799988
10,872,2_0_7_1,0.31936225,83590176,0.018946042,25136,0.338308292,161.77369819999987
10,873,2_0_6_2,0.498086208,130376736,0.018958375,25136,0.517044583,162.29074278299987
10,874,2_0_5_3,0.611386792,159706656,0.018954583,25136,0.630341375,162.92108415799987
10,875,2_0_4_4,0.6643565,172685856,0.018998834,25136,0.683355334,163.60443949199987
10,876,2_0_3_5,0.611609875,159706656,0.018940333,25136,0.630550208,164.23498969999986
10,877,2_0_2_6,0.499720625,130376736,0.018937083,25136,0.518657708,164.75364740799986
10,878,2_0_1_7,0.318624458,83590176,0.018972667,25136,0.337597125,165.09124453299987
10,879,2_0_0_8,0.138348084,37456288,0.019039292,25136,0.15738737600000002,165.24863190899987
10,916,1_1_8_0,0.197477458,52616608,0.018940125,25136,0.216417583,165.46504949199988
10,917,1_1_7_1,0.464061584,122054176,0.018900417,25136,0.48296200100000003,165.94801149299988
10,918,1_1_6_2,0.725763875,189263136,0.0189525,25136,0.744716375,166.69272786799988
10,919,1_1_5_3,0.902786333,234406176,0.018977,25136,0.921763333,167.61449120099988
10,920,1_1_4_4,0.972759666,251815456,0.018908834,25136,0.9916685,168.60615970099988
10,925,1_0_9_0,0.082009,22654368,0.018864916,25136,0.100873916,168.7070336169999
10,926,1_0_8_1,0.196282042,52616736,0.019326708,25136,0.21560875,168.9226423669999
10,927,1_0_7_2,0.317156542,83590176,0.018928958,25136,0.3360855,169.2587278669999
10,928,1_0_6_3,0.409557125,107073056,0.018871542,25136,0.42842866700000004,169.68715653399988
10,929,1_0_5_4,0.460604666,120231456,0.018925959,25136,0.479530625,170.16668715899988
10,930,1_0_4_5,0.460694209,120231456,0.018907417,25136,0.479601626,170.64628878499988
10,931,1_0_3_6,0.406454583,107073056,0.018871042,25136,0.425325625,171.07161440999988
10,932,1_0_2_7,0.319271875,83590176,0.018887334,25136,0.33815920899999996,171.40977361899988
10,933,1_0_1_8,0.195301791,52616736,0.019026875,25136,0.214328666,171.62410228499988
10,934,1_0_0_9,0.084997416,22654368,0.01909125,25136,0.10408866600000001,171.72819095099987
10,990,0_0_10_0,0.036869542,10327968,0.019025416,25136,0.055894957999999995,171.78408590899988
10,991,0_0_9_1,0.082429583,22654496,0.019246,25136,0.101675583,171.8857614919999
10,992,0_0_8_2,0.141467333,37456416,0.018932916,25136,0.160400249,172.04616174099988
10,993,0_0_7_3,0.1812735,47960096,0.018961791,25136,0.200235291,172.2463970319999
10,994,0_0_6_4,0.211516958,56688416,0.018971458,25136,0.230488416,172.47688544799988
10,995,0_0_5_5,0.220701875,58284576,0.018862375,25136,0.23956424999999998,172.71644969799988
11,1001,11_0_0_0,0.045597208,11924000,0.019213625,25136,0.064810833,172.78126053099987
11,1002,10_1_0_0,0.099221,27108000,0.0191995,25136,0.11842050000000001,172.8996810309999
11,1003,10_0_1_0,0.099308291,27108128,0.018930834,25136,0.118239125,173.0179201559999
11,1004,10_0_0_1,0.102039042,27108128,0.019040459,25136,0.12107950099999999,173.13899965699989
11,1005,9_2_0_0,0.1698385,44923040,0.01907525,25136,0.18891375,173.3279134069999
11,1006,9_1_1_0,0.240236959,63649568,0.018984792,25136,0.259221751,173.5871351579999
11,1007,9_1_0_1,0.239729125,63649568,0.018956583,25136,0.258685708,173.8458208659999
11,1008,9_0_2_0,0.167589583,44923168,0.019207458,25136,0.186797041,174.03261790699992
11,1009,9_0_1_1,0.240891375,63649696,0.019183375,25136,0.26007474999999997,174.29269265699992
11,1010,9_0_0_2,0.169960417,44923168,0.019148292,25136,0.189108709,174.48180136599993
11,1011,8_3_0_0,0.227290041,59701280,0.018959792,25136,0.246249833,174.72805119899994
11,1012,8_2_1_0,0.422301709,104036128,0.018940417,25136,0.441242126,175.16929332499993
11,1013,8_2_0_1,0.394963167,104036128,0.018925417,25136,0.413888584,175.58318190899993
11,1014,8_1_2_0,0.397032458,104036128,0.018929583,25136,0.415962041,175.99914394999993
11,1015,8_1_1_1,0.580498125,151913376,0.018934917,25136,0.599433042,176.59857699199992
11,1016,8_1_0_2,0.397880125,104036128,0.018942666,25136,0.41682279099999997,177.0153997829999
11,1017,8_0_3_0,0.225653792,59701408,0.018978,25136,0.244631792,177.2600315749999
11,1018,8_0_2_1,0.394641125,104036256,0.01903325,25136,0.413674375,177.6737059499999
11,1019,8_0_1_2,0.39861175,104036256,0.018958083,25136,0.417569833,178.0912757829999
11,1020,8_0_0_3,0.226405209,59701408,0.018947792,25136,0.245353001,178.3366287839999
11,1021,7_4_0_0,0.270745292,71442720,0.01892025,25136,0.28966554200000005,178.6262943259999
11,1022,7_3_1_0,0.520830625,136223648,0.018937084,25136,0.539767709,179.1660620349999
11,1023,7_3_0_1,0.521622209,136223648,0.018935375,25136,0.540557584,179.7066196189999
11,1024,7_2_2_0,0.637746459,165374368,0.018965042,25136,0.6567115010000001,180.36333111999988
11,1025,7_2_1_1,0.932576208,241490976,0.019002375,25136,0.951578583,181.3149097029999
11,1026,7_2_0_2,0.633415083,165374368,0.019084541,25136,0.6524996240000001,181.9674093269999
11,1027,7_1_3_0,0.524714291,136223648,0.018995375,25136,0.543709666,182.5111189929999
11,1028,7_1_2_1,0.929732,241490976,0.019182959,25136,0.948914959,183.46003395199992
11,1029,7_1_1_2,0.933159417,241490976,0.019007291,25136,0.952166708,184.4122006599999
11,1030,7_1_0_3,0.522167666,136223648,0.018966792,25136,0.5411344579999999,184.9533351179999
11,1031,7_0_4_0,0.273801042,71442848,0.018938708,25136,0.29273974999999997,185.2460748679999
11,1032,7_0_3_1,0.519803375,136223776,0.018916416,25136,0.538719791,185.7847946589999
11,1033,7_0_2_2,0.633542958,165374496,0.01899275,25136,0.652535708,186.4373303669999
11,1034,7_0_1_3,0.523435417,136223776,0.01918775,25136,0.5426231669999999,186.9799535339999
11,1035,7_0_0_4,0.273396667,71442848,0.018988541,25136,0.292385208,187.2723387419999
11,1036,6_5_0_0,0.293532916,77313440,0.019073542,75584,0.312606458,187.5849451999999
11,1037,6_4_1_0,0.612424917,159503648,0.018972416,25136,0.631397333,188.2163425329999
11,1038,6_4_0_1,0.613880916,159503648,0.019057333,75584,0.6329382490000001,188.8492807819999
11,1039,6_3_2_0,0.819790625,211934368,0.018959292,25136,0.838749917,189.6880306989999
11,1040,6_3_1_1,1.207319791,311128096,0.019221167,25136,1.226540958,190.9145716569999
11,1041,6_3_0_2,0.8174965,211934368,0.019067834,75584,0.836564334,191.7511359909999
11,1042,6_2_3_0,0.81963725,211934368,0.018988541,25136,0.838625791,192.5897617819999
11,1043,6_2_2_1,1.460364458,374894496,0.019135917,25136,1.479500375,194.06926215699988
11,1044,6_2_1_2,1.462029959,374894496,0.018981708,25136,1.4810116670000002,195.55027382399987
11,1045,6_2_0_3,0.818569458,211934368,0.019053458,75584,0.837622916,196.38789673999986
11,1046,6_1_4_0,0.613563125,159503648,0.018977708,25136,0.632540833,197.02043757299987
11,1047,6_1_3_1,1.206859375,311128096,0.019055166,25136,1.225914541,198.24635211399988
11,1048,6_1_2_2,1.457967291,374894496,0.018953667,25136,1.476920958,199.72327307199987
11,1049,6_1_1_3,1.205064208,311128096,0.019011209,25136,1.224075417,200.94734848899986
11,1050,6_1_0_4,0.612320417,159503648,0.019137084,75584,0.631457501,201.57880598999986
11,1051,6_0_5_0,0.294462333,77313568,0.018985458,25136,0.31344779100000003,201.89225378099985
11,1052,6_0_4_1,0.613787417,159503776,0.018965875,25136,0.632753292,202.52500707299984
11,1053,6_0_3_2,0.816645958,211934496,0.0189645,25136,0.835610458,203.36061753099983
11,1054,6_0_2_3,0.819956208,211934496,0.018977917,25136,0.838934125,204.19955165599984
11,1055,6_0_1_4,0.611562167,159503776,0.018972875,25136,0.630535042,204.83008669799983
11,1056,6_0_0_5,0.2936555,77313568,0.019131041,75584,0.31278654100000003,205.14287323899984
11,1058,5_5_1_0,0.638826708,166082848,0.01909875,75584,0.657925458,205.80079869699983
11,1060,5_4_2_0,0.922328833,238048288,0.018948,25136,0.941276833,206.74207552999982
11,1061,5_4_1_1,1.356592416,349489056,0.019179542,75584,1.375771958,208.11784748799982
11,1062,5_4_0_2,0.9208655,238048288,0.019127375,75584,0.939992875,209.05784036299983
11,1063,5_3_3_0,1.012625167,261328288,0.019234375,25136,1.0318595419999999,210.08969990499983
11,1064,5_3_2_1,1.81385,464571936,0.019055666,25136,1.832905666,211.92260557099982
11,1065,5_3_1_2,1.810343667,464571936,0.019107542,75584,1.829451209,213.75205677999983
11,1066,5_3_0_3,1.012617625,261328288,0.019062875,75584,1.0316805,214.78373727999983
11,1067,5_2_4_0,0.92138625,238048288,0.018945834,25136,0.940332084,215.72406936399983
11,1068,5_2_3_1,1.8132965,464571936,0.019016084,25136,1.832312584,217.55638194799982
11,1069,5_2_2_2,2.188277917,559917216,0.019035166,25136,2.2073130830000003,219.76369503099983
11,1070,5_2_1_3,1.810359666,464571936,0.019065084,75584,1.82942475,221.5931197809998
11,1071,5_2_0_4,0.921337708,238048288,0.019059125,75584,0.940396833,222.5335166139998
11,1072,5_1_5_0,0.639848333,166082848,0.018960834,25136,0.658809167,223.1923257809998
11,1073,5_1_4_1,1.356403958,349489056,0.019004459,25136,1.375408417,224.56773419799978
11,1074,5_1_3_2,1.813403,464571936,0.019001084,25136,1.8324040840000002,226.40013828199977
11,1075,5_1_2_3,1.812292458,464571936,0.018955208,25136,1.8312476659999999,228.23138594799977
11,1076,5_1_1_4,1.361083958,349489056,0.019086958,75584,1.380170916,229.61155686399977
11,1077,5_1_0_5,0.637222708,166082848,0.019025667,75584,0.656248375,230.26780523899976
11,1078,5_0_6_0,0.296975792,77313568,0.018947417,25136,0.31592320900000004,230.58372844799976
11,1079,5_0_5_1,0.637199208,166082976,0.01899225,25136,0.656191458,231.23991990599976
11,1080,5_0_4_2,0.922473292,238048416,0.019003792,25136,0.941477084,232.18139698999977
11,1081,5_0_3_3,1.012576,261328416,0.018957917,25136,1.031533917,233.21293090699976
11,1082,5_0_2_4,0.922873292,238048416,0.01902575,25136,0.941899042,234.15482994899975
11,1083,5_0_1_5,0.640321167,166082976,0.019063083,75584,0.65938425,234.81421419899974
11,1084,5_0_0_6,0.294094584,77313568,0.018976667,75584,0.313071251,235.12728544999973
11,1091,4_4_3_0,1.093343667,281571488,0.018977,25136,1.112320667,236.23960611699974
11,1092,4_4_2_1,1.948881083,499187616,0.019069917,75584,1.967951,238.20755711699974
11,1095,4_3_4_0,1.091932833,281571488,0.019017125,25136,1.110949958,239.31850707499973
11,1096,4_3_3_1,2.52576975,551212576,0.018953959,25136,2.544723709,241.86323078399974
11,1097,4_3_2_2,2.642637583,663764256,0.019066041,75584,2.661703624,244.52493440799975
11,1098,4_3_1_3,2.167220625,551212576,0.019085375,75584,2.186306,246.71124040799975
11,1099,4_3_0_4,1.092043667,281571488,0.018949167,25136,1.110992834,247.82223324199975
11,1100,4_2_5_0,0.922253208,238048288,0.018980042,25136,0.94123325,248.76346649199976
11,1101,4_2_4_1,1.950852208,499187616,0.019014041,25136,1.9698662489999998,250.73333274099977
11,1102,4_2_3_2,2.601353,663764256,0.019133958,25136,2.620486958,253.35381969899976
11,1103,4_2_2_3,2.60311675,663764256,0.019106791,75584,2.622223541,255.97604323999977
11,1104,4_2_1_4,1.949929667,499187616,0.019032041,75584,1.968961708,257.9450049479998
11,1105,4_2_0_5,0.92274025,238048288,0.0189455,25136,0.94168575,258.88669069799977
11,1106,4_1_6_0,0.611205042,159503648,0.018918584,25136,0.630123626,259.51681432399977
11,1107,4_1_5_1,1.358134375,349489056,0.019,25136,1.3771343749999998,260.8939486989998
11,1108,4_1_4_2,1.950592583,499187616,0.019121584,25136,1.969714167,262.8636628659998
11,1109,4_1_3_3,2.155342167,551212576,0.018945334,25136,2.1742875010000002,265.0379503669998
11,1110,4_1_2_4,1.952850917,499187616,0.019103167,75584,1.9719540839999998,267.0099044509998
11,1111,4_1_1_5,1.356341208,349489056,0.019029208,75584,1.375370416,268.3852748669998
11,1112,4_1_0_6,0.614542375,159503648,0.018939792,25136,0.6334821669999999,269.0187570339998
11,1113,4_0_7_0,0.271967084,71442848,0.019005583,25136,0.290972667,269.3097297009998
11,1114,4_0_6_1,0.614199333,159503776,0.018960083,25136,0.6331594159999999,269.9428891169998
11,1115,4_0_5_2,0.920932167,238048416,0.018984625,25136,0.939916792,270.88280590899984
11,1116,4_0_4_3,1.090704417,281571616,0.019043209,25136,1.1097476259999999,271.99255353499984
11,1117,4_0_3_4,1.093450083,281571616,0.018949625,25136,1.112399708,273.10495324299984
11,1118,4_0_2_5,0.921424791,238048416,0.019040458,75584,0.940465249,274.04541849199984
11,1119,4_0_1_6,0.612154542,159503776,0.019581791,75584,0.631736333,274.67715482499983
11,1120,4_0_0_7,0.274350666,71442848,0.018944166,25136,0.293294832,274.97044965699985
11,1136,3_3_5_0,1.012236792,261328288,0.019057875,25136,1.0312946669999998,276.00174432399984
11,1137,3_3_4_1,2.167591833,551212576,0.018998042,25136,2.186589875,278.1883341989998
11,1138,3_3_3_2,2.874898167,732995616,0.01910075,75584,2.8939989170000002,281.0823331159998
11,1142,3_2_6_0,0.817727875,211934368,0.019081084,25136,0.836808959,281.9191420749998
11,1143,3_2_5_1,1.813343833,464571936,0.019009459,25136,1.832353292,283.7514953669998
11,1144,3_2_4_2,2.601584584,663764256,0.01899225,25136,2.620576834,286.3720722009998
11,1145,3_2_3_3,2.877573292,732995616,0.019048042,75584,2.896621334,289.2686935349998
11,1146,3_2_2_4,2.603813042,663764256,0.019039125,75584,2.622852167,291.8915457019998
11,1147,3_2_1_5,1.815075375,464571936,0.018979917,25136,1.834055292,293.7256009939998
11,1148,3_2_0_6,0.8176135,211934368,0.01893475,25136,0.83654825,294.56214924399984
11,1149,3_1_7_0,0.523308292,136223648,0.018973583,25136,0.5422818749999999,295.10443111899986
11,1150,3_1_6_1,1.205761625,311128096,0.018937291,25136,1.2246989160000001,296.3291300349999
11,1151,3_1_5_2,1.811599042,464571936,0.01904275,25136,1.8306417920000002,298.1597718269999
11,1152,3_1_4_3,2.492617209,551212576,0.018900166,25136,2.511517375,300.67128920199985
11,1153,3_1_3_4,2.184681209,551212576,0.019045458,75584,2.2037266669999998,302.87501586899987
11,1154,3_1_2_5,1.826721417,464571936,0.019457584,75584,1.8461790009999999,304.72119486999986
11,1155,3_1_1_6,1.206489625,311128096,0.018968084,25136,1.2254577089999998,305.9466525789999
11,1156,3_1_0_7,0.524646792,136223648,0.021067208,25136,0.5457139999999999,306.49236657899985
11,1157,3_0_8_0,0.226204042,59701408,0.018979084,25136,0.245183126,306.7375497049998
11,1158,3_0_7_1,0.521893709,136223776,0.018957667,25136,0.540851376,307.2784010809998
11,1159,3_0_6_2,0.816983541,211934496,0.019206542,25136,0.8361900830000001,308.1145911639998
11,1160,3_0_5_3,1.01426425,261328416,0.019050542,25136,1.033314792,309.1479059559998
11,1161,3_0_4_4,1.092078291,281571616,0.018951875,25136,1.111030166,310.2589361219998
11,1162,3_0_3_5,1.012984916,261328416,0.019057625,75584,1.032042541,311.2909786629998
11,1163,3_0_2_6,0.821094667,211934496,0.019098,75584,0.840192667,312.1311713299998
11,1164,3_0_1_7,0.521475625,136223776,0.018989917,25136,0.540465542,312.6716368719998
11,1165,3_0_0_8,0.226056583,59701408,0.01896125,25136,0.24501783300000002,312.9166547049998
11,1194,2_2_7_0,0.634946958,165374368,0.018986791,25136,0.653933749,313.5705884539998
11,1195,2_2_6_1,1.460949958,374894496,0.019245625,25136,1.480195583,315.0507840369998
11,1196,2_2_5_2,2.194807709,559917216,0.0190405,25136,2.213848209,317.2646322459998
11,1197,2_2_4_3,2.600622625,663764256,0.019071459,75584,2.6196940840000003,319.8843263299998
11,1202,2_1_8_0,0.397549042,104036128,0.018988791,25136,0.416537833,320.3008641629998
11,1203,2_1_7_1,0.932932125,241490976,0.019013792,25136,0.951945917,321.2528100799998
11,1204,2_1_6_2,1.458298584,374894496,0.018969875,25136,1.477268459,322.7300785389998
11,1205,2_1_5_3,1.813905083,464571936,0.018957292,25136,1.8328623750000002,324.5629409139998
11,1206,2_1_4_4,1.949828667,499187616,0.019063792,75584,1.968892459,326.5318333729998
11,1207,2_1_3_5,1.810529708,464571936,0.019148875,75584,1.829678583,328.3615119559998
11,1208,2_1_2_6,1.462892625,374894496,0.018906208,25136,1.481798833,329.8433107889998
11,1209,2_1_1_7,0.929260083,241490976,0.0189675,25136,0.948227583,330.7915383719998
11,1210,2_1_0_8,0.398082792,104036128,0.018932667,25136,0.41701545900000003,331.20855383099985
11,1211,2_0_9_0,0.170393417,44923168,0.019122041,25136,0.189515458,331.39806928899986
11,1212,2_0_8_1,0.397457917,104036256,0.018969209,25136,0.416427126,331.81449641499984
11,1213,2_0_7_2,0.633848959,165374496,0.019025042,25136,0.652874001,332.4673704159998
11,1214,2_0_6_3,0.820342875,211934496,0.018984417,25136,0.839327292,333.30669770799983
11,1215,2_0_5_4,0.922900708,238048416,0.018960167,25136,0.941860875,334.2485585829998
11,1216,2_0_4_5,0.919983958,238048416,0.019351666,75584,0.939335624,335.18789420699983
11,1217,2_0_3_6,0.819511666,211934496,0.019062208,75584,0.838573874,336.02646808099985
11,1218,2_0_2_7,0.637170875,165374496,0.018988833,25136,0.656159708,336.68262778899987
11,1219,2_0_1_8,0.394832458,104036256,0.018933583,25136,0.413766041,337.09639382999984
11,1220,2_0_0_9,0.170260208,44923168,0.019290459,25136,0.189550667,337.28594449699983
11,1266,1_1_9_0,0.241063292,63649568,0.018938833,25136,0.26000212500000003,337.54594662199986
11,1267,1_1_8_1,0.584204375,151913376,0.018991667,25136,0.603196042,338.14914266399984
11,1268,1_1_7_2,0.930277459,241490976,0.019050125,25136,0.9493275840000001,339.09847024799984
11,1269,1_1_6_3,1.208712041,311128096,0.019025416,25136,1.2277374570000001,340.32620770499983
11,1270,1_1_5_4,1.35616625,349489056,0.019087416,75584,1.375253666,341.7014613709998
11,1276,1_0_10_0,0.101610541,27108128,0.018888416,25136,0.120498957,341.8219603279998
11,1277,1_0_9_1,0.238975791,63649696,0.018859042,25136,0.257834833,342.0797951609998
11,1278,1_0_8_2,0.395132083,104036256,0.018876875,25136,0.41400895800000004,342.49380411899983
11,1279,1_0_7_3,0.523970625,136223776,0.018864417,25136,0.542835042,343.0366391609998
11,1280,1_0_6_4,0.611422375,159503776,0.018870167,25136,0.630292542,343.6669317029998
11,1281,1_0_5_5,0.639986917,166082976,0.019017708,75584,0.659004625,344.32593632799984
11,1282,1_0_4_6,0.612229792,159503776,0.018934166,75584,0.631163958,344.95710028599984
11,1283,1_0_3_7,0.524927667,136223776,0.018858958,25136,0.5437866250000001,345.50088691099984
11,1284,1_0_2_8,0.395897209,104036256,0.018890375,25136,0.41478758400000004,345.91567449499985
11,1285,1_0_1_9,0.239346708,63649696,0.01889825,25136,0.25824495799999997,346.1739194529998
11,1286,1_0_0_10,0.102111292,27108128,0.019135083,25136,0.121246375,346.2951658279998
11,1353,0_0_11_0,0.042812708,11924128,0.019195291,25136,0.062007998999999994,346.3571738269998
11,1354,0_0_10_1,0.099569041,27108256,0.018970208,25136,0.118539249,346.4757130759998
11,1355,0_0_9_2,0.169912125,44923296,0.019076791,25136,0.188988916,346.66470199199983
11,1356,0_0_8_3,0.226115875,59701536,0.018948292,25136,0.245064167,346.90976615899984
11,1357,0_0_7_4,0.27143125,71442976,0.019099458,25136,0.290530708,347.20029686699985
11,1358,0_0_6_5,0.296829208,77313696,0.019006041,75584,0.31583524900000004,347.5161321159998
12,1365,12_0_0_0,0.050925916,14073120,0.019109042,25136,0.07003495800000001,347.58616707399983
12,1366,11_1_0_0,0.116307209,31561760,0.019122084,25136,0.135429293,347.72159636699985
12,1367,11_0_1_0,0.118543,31561888,0.0191975,25136,0.1377405,347.85933686699985
12,1368,11_0_0_1,0.116217958,31561888,0.019317333,25136,0.135535291,347.99487215799985
12,1369,10_2_0_0,0.226448583,53651360,0.019051708,25136,0.245500291,348.24037244899984
12,1370,10_1_1_0,0.288129833,76099488,0.018975625,25136,0.307105458,348.54747790699986
12,1371,10_1_0_1,0.291008791,76099488,0.018955708,25136,0.309964499,348.85744240599985
12,1372,10_0_2_0,0.204033541,53651488,0.019220167,25136,0.22325370800000002,349.08069611399986
12,1373,10_0_1_1,0.28888325,76099616,0.018962083,25136,0.307845333,349.38854144699985
12,1374,10_0_0_2,0.203753167,53651488,0.01902925,25136,0.222782417,349.61132386399987
12,1375,9_3_0_0,0.2753475,72151200,0.018926958,25136,0.294274458,349.9055983219999
12,1376,9_2_1_0,0.481673,125899168,0.018974375,25136,0.500647375,350.4062456969999
12,1377,9_2_0_1,0.494168,125899168,0.018975917,25136,0.513143917,350.9193896139999
12,1378,9_1_2_0,0.482305916,125899168,0.018986709,25136,0.501292625,351.4206822389999
12,1379,9_1_1_1,0.710872625,184606496,0.018958666,25136,0.729831291,352.1505135299999
12,1380,9_1_0_2,0.481988833,125899168,0.018937834,25136,0.500926667,352.6514401969999
12,1381,9_0_3_0,0.273521125,72151328,0.018946375,25136,0.2924675,352.9439076969999
12,1382,9_0_2_1,0.481837792,125899296,0.01896575,25136,0.500803542,353.4447112389999
12,1383,9_0_1_2,0.483142125,125899296,0.018918958,25136,0.502061083,353.9467723219999
12,1384,9_0_0_3,0.275262583,72151328,0.018980916,25136,0.294243499,354.2410158209999
12,1385,8_4_0_0,0.341438375,88875680,0.018946958,25136,0.36038533300000003,354.6014011539999
12,1386,8_3_1_0,0.653661125,169625248,0.018957584,25136,0.672618709,355.2740198629999
12,1387,8_3_0_1,0.650528041,169625248,0.018910208,25136,0.6694382489999999,355.9434581119999
12,1388,8_2_2_0,0.795798417,205884448,0.018901875,25136,0.8147002919999999,356.7581584039999
12,1389,8_2_1_1,1.161698958,300803616,0.018936416,25136,1.180635374,357.93879377799993
12,1390,8_2_0_2,0.797641833,205884448,0.018972208,25136,0.816614041,358.7554078189999
12,1391,8_1_3_0,0.654235709,169625248,0.018999375,25136,0.6732350840000001,359.4286429029999
12,1392,8_1_2_1,1.164573625,300803616,0.019375875,25136,1.1839495,360.6125924029999
12,1393,8_1_1_2,1.167277541,300803616,0.01907375,25136,1.186351291,361.7989436939999
12,1394,8_1_0_3,0.65388475,169625248,0.018995417,25136,0.672880167,362.4718238609999
12,1395,8_0_4_0,0.338184708,88875808,0.018961917,25136,0.357146625,362.8289704859999
12,1396,8_0_3_1,0.654398166,169625376,0.018945125,25136,0.673343291,363.50231377699987
12,1397,8_0_2_2,0.796276167,205884576,0.018975167,25136,0.815251334,364.31756511099985
12,1398,8_0_1_3,0.654785584,169625376,0.018991834,25136,0.673777418,364.99134252899984
12,1399,8_0_0_4,0.342124,88875808,0.018924208,25136,0.361048208,365.35239073699984
12,1400,7_5_0_0,0.372827584,97759520,0.018938667,25136,0.391766251,365.7441569879998
12,1401,7_4_1_0,0.786234708,203026848,0.019003708,25136,0.8052384159999999,366.5493954039998
12,1402,7_4_0_1,0.786992083,203026848,0.019047833,25136,0.806039916,367.3554353199998
12,1403,7_3_2_0,1.046125083,269830048,0.01899325,25136,1.065118333,368.4205536529998
12,1404,7_3_1_1,1.548748,397768736,0.019072333,25136,1.567820333,369.9883739859998
12,1405,7_3_0_2,1.050859042,269830048,0.018946,25136,1.0698050419999998,371.05817902799976
12,1406,7_2_3_0,1.045766083,269830048,0.019004583,25136,1.064770666,372.1229496939998
12,1407,7_2_2_1,1.869953625,478741536,0.019024541,25136,1.888978166,374.0119278599998
12,1408,7_2_1_2,1.869513333,478741536,0.018950375,25136,1.888463708,375.9003915679998
12,1409,7_2_0_3,1.047371375,269830048,0.019003459,25136,1.0663748339999999,376.9667664019998
12,1410,7_1_4_0,0.782223292,203026848,0.0189375,25136,0.801160792,377.7679271939998
12,1411,7_1_3_1,1.547091083,397768736,0.018927583,25136,1.566018666,379.3339458599998
12,1412,7_1_2_2,1.873183,478741536,0.018944625,25136,1.892127625,381.2260734849998
12,1413,7_1_1_3,1.917187791,397768736,0.019004125,25136,1.9361919159999998,383.1622654009998
12,1414,7_1_0_4,0.787504333,203026848,0.01892225,25136,0.806426583,383.9686919839998
12,1415,7_0_5_0,0.376876209,97759648,0.01893625,25136,0.395812459,384.3645044429998
12,1416,7_0_4_1,0.803929584,203026976,0.019021334,25136,0.8229509180000001,385.1874553609998
12,1417,7_0_3_2,1.061459792,269830176,0.018987333,25136,1.080447125,386.2679024859998
12,1418,7_0_2_3,1.055138917,269830176,0.019019791,25136,1.0741587080000001,387.3420611939998
12,1419,7_0_1_4,0.784208541,203026976,0.018961583,25136,0.803170124,388.14523131799984
12,1420,7_0_0_5,0.37636325,97759648,0.018997542,25136,0.39536079199999996,388.54059210999986
12,1421,6_6_0_0,0.392077333,102742560,0.018886542,25136,0.410963875,388.95155598499986
12,1422,6_5_1_0,0.854048,220436128,0.019014459,25136,0.873062459,389.82461844399984
12,1423,6_5_0_1,0.850809458,220436128,0.018997667,25136,0.869807125,390.69442556899986
12,1424,6_4_2_0,1.230859917,316007968,0.018939292,25136,1.249799209,391.94422477799986
12,1425,6_4_1_1,1.812829,464166176,0.018969792,25136,1.831798792,393.77602356999984
12,1426,6_4_0_2,1.229240916,316007968,0.0189835,25136,1.248224416,395.02424798599986
12,1427,6_3_3_0,1.352644583,347260448,0.019023208,25136,1.371667791,396.39591577699986
12,1428,6_3_2_1,2.421450375,617204256,0.018976666,25136,2.440427041,398.8363428179999
12,1429,6_3_1_2,2.418979583,617204256,0.018997541,25136,2.437977124,401.27431994199986
12,1430,6_3_0_3,1.352081041,347260448,0.019037916,25136,1.371118957,402.6454388989999
12,1431,6_2_4_0,1.229451375,316007968,0.0190735,25136,1.248524875,403.8939637739999
12,1432,6_2_3_1,2.421210542,617204256,0.01900425,25136,2.440214792,406.3341785659999
12,1433,6_2_2_2,2.920664375,743949216,0.0189205,25136,2.939584875,409.27376344099986
12,1434,6_2_1_3,2.422560125,617204256,0.018986709,25136,2.441546834,411.71531027499987
12,1435,6_2_0_4,1.2281435,316007968,0.019045792,25136,1.247189292,412.96249956699984
12,1436,6_1_5_0,0.850831792,220436128,0.018950542,25136,0.869782334,413.8322819009998
12,1437,6_1_4_1,1.813837833,464166176,0.019047625,25136,1.832885458,415.66516735899984
12,1438,6_1_3_2,2.417729958,617204256,0.019057625,25136,2.4367875829999996,418.10195494199985
12,1439,6_1_2_3,2.418415708,617204256,0.018968334,25136,2.437384042,420.53933898399987
12,1440,6_1_1_4,1.814777,464166176,0.019000166,25136,1.8337771660000002,422.3731161499999
12,1441,6_1_0_5,0.852738208,220436128,0.018997833,25136,0.871736041,423.2448521909999
12,1442,6_0_6_0,0.394733083,102742688,0.0189555,25136,0.413688583,423.6585407739999
12,1443,6_0_5_1,0.852351083,220436256,0.018948375,25136,0.871299458,424.5298402319999
12,1444,6_0_4_2,1.231671125,316008096,0.018989917,25136,1.2506610420000002,425.7805012739999
12,1445,6_0_3_3,1.35729675,347260576,0.018955041,25136,1.3762517909999998,427.1567530649999
12,1446,6_0_2_4,1.229653666,316008096,0.019001375,25136,1.248655041,428.4054081059999
12,1447,6_0_1_5,0.853874333,220436256,0.018918875,25136,0.872793208,429.27820131399994
12,1448,6_0_0_6,0.394382542,102742688,0.019025833,25136,0.413408375,429.69160968899996
12,1452,5_5_2_0,1.280774166,329142688,0.018977833,25136,1.2997519990000002,430.991361688
12,1453,5_5_1_1,1.90009625,485826336,0.018909875,25136,1.9190061250000001,432.910367813
12,1455,5_4_3_0,1.522992125,389872288,0.019134125,25136,1.54212625,434.452494063
12,1456,5_4_2_1,2.726996209,693520416,0.019001125,25136,2.745997334,437.198491397
12,1457,5_4_1_2,2.721691583,693520416,0.01903625,25136,2.7407278330000002,439.93921923
12,1458,5_4_0_3,1.523114167,389872288,0.019144,25136,1.542258167,441.481477397
12,1459,5_3_4_0,1.523163917,389872288,0.018955709,25136,1.542119626,443.023597023
12,1460,5_3_3_1,3.38136075,767002656,0.018987791,25136,3.4003485409999996,446.42394556399995
12,1461,5_3_2_2,3.677962375,922468896,0.018939917,25136,3.696902292,450.12084785599995
12,1462,5_3_1_3,3.014066375,767002656,0.01906175,25136,3.033128125,453.153975981
12,1463,5_3_0_4,1.519982,389872288,0.01896825,25136,1.5389502499999999,454.692926231
12,1464,5_2_5_0,1.281247125,329142688,0.018963917,25136,1.300211042,455.993137273
12,1465,5_2_4_1,2.726746291,693520416,0.018995125,25136,2.745741416,458.738878689
12,1466,5_2_3_2,3.631549458,922468896,0.01897975,25136,3.650529208,462.389407897
12,1467,5_2_2_3,3.631074334,922468896,0.018908791,25136,3.649983125,466.039391022
12,1468,5_2_1_4,2.723621541,693520416,0.01905275,25136,2.742674291,468.78206531300003
12,1469,5_2_0_5,1.281855041,329142688,0.019122458,25136,1.300977499,470.08304281200003
12,1470,5_1_6_0,0.856073792,220436128,0.018919667,25136,0.874993459,470.958036271
12,1471,5_1_5_1,1.898305041,485826336,0.018938792,25136,1.917243833,472.875280104
12,1472,5_1_4_2,2.722829042,693520416,0.01893775,25136,2.741766792,475.61704689600003
12,1473,5_1_3_3,3.013264042,767002656,0.019007334,25136,3.0322713759999997,478.649318272
12,1474,5_1_2_4,2.7213205,693520416,0.019002459,25136,2.7403229590000002,481.38964123100004
12,1475,5_1_1_5,1.900127125,485826336,0.019030084,25136,1.919157209,483.30879844000003
12,1476,5_1_0_6,0.85434875,220436128,0.018991125,25136,0.873339875,484.18213831500003
12,1477,5_0_7_0,0.374608417,97759648,0.018953125,25136,0.39356154200000004,484.575699857
12,1478,5_0_6_1,0.851800166,220436256,0.018924458,25136,0.870724624,485.446424481
12,1479,5_0_5_2,1.285778041,329142816,0.018879583,25136,1.3046576239999998,486.751082105
12,1480,5_0_4_3,1.52277475,389872416,0.018979125,25136,1.541753875,488.29283598
12,1481,5_0_3_4,1.522915833,389872416,0.019062375,25136,1.5419782080000002,489.834814188
12,1482,5_0_2_5,1.28122,329142816,0.018978125,25136,1.300198125,491.135012313
12,1483,5_0_1_6,0.8539165,220436256,0.018988958,25136,0.872905458,492.007917771
12,1484,5_0_0_7,0.372793208,97759648,0.018991708,25136,0.391784916,492.399702687
12,1495,4_4_4_0,1.642611334,420057888,0.01897075,25136,1.661582084,494.061284771
12,1496,4_4_3_1,3.607325458,823075616,0.018960917,25136,3.626286375,497.687571146
12,1497,4_4_2_2,3.959122708,991318176,0.018875792,25136,3.9779985,501.665569646
12,1500,4_3_5_0,1.521953542,389872288,0.019001875,25136,1.5409554170000002,503.206525063
12,1501,4_3_4_1,3.236558708,823075616,0.019127709,25136,3.255686417,506.46221148
12,1502,4_3_3_2,4.3229835,1094938656,0.018961792,25136,4.341945292,510.804156772
12,1503,4_3_2_3,4.31611,1094938656,0.019008709,25136,4.3351187090000005,515.139275481
12,1504,4_3_1_4,3.235534209,823075616,0.019052958,25136,3.254587167,518.393862648
12,1505,4_3_0_5,1.525205209,389872288,0.018969459,25136,1.544174668,519.938037316
12,1506,4_2_6_0,1.229656625,316007968,0.018983625,25136,1.24864025,521.186677566
12,1507,4_2_5_1,2.720118,693520416,0.018987666,25136,2.739105666,523.925783232
12,1508,4_2_4_2,3.908781333,991318176,0.018973625,25136,3.927754958,527.85353819
12,1509,4_2_3_3,4.318603959,1094938656,0.018963417,25136,4.337567376,532.191105566
12,1510,4_2_2_4,3.906319041,991318176,0.018996417,25136,3.925315458,536.116421024
12,1511,4_2_1_5,3.08464375,693520416,0.018981625,25136,3.103625375,539.220046399
12,1512,4_2_0_6,1.253450459,316007968,0.018993958,25136,1.272444417,540.492490816
12,1513,4_1_7_0,0.794391291,203026848,0.018969125,25136,0.8133604160000001,541.305851232
12,1514,4_1_6_1,1.829232416,464166176,0.018905083,25136,1.848137499,543.153988731
12,1515,4_1_5_2,2.724053958,693520416,0.018985083,25136,2.743039041,545.897027772
12,1516,4_1_4_3,3.239478,823075616,0.018974791,25136,3.2584527910000003,549.155480563
12,1517,4_1_3_4,3.237400167,823075616,0.01898475,25136,3.256384917,552.41186548
12,1518,4_1_2_5,2.726055292,693520416,0.01907225,25136,2.7451275419999996,555.1569930219999
12,1519,4_1_1_6,1.81211975,464166176,0.018954916,25136,1.831074666,556.9880676879999
12,1520,4_1_0_7,0.786360875,203026848,0.018991792,25136,0.805352667,557.7934203549999
12,1521,4_0_8_0,0.339438833,88875808,0.018996375,25136,0.358435208,558.1518555629998
12,1522,4_0_7_1,0.783348916,203026976,0.018952375,25136,0.802301291,558.9541568539998
12,1523,4_0_6_2,1.232777083,316008096,0.018999875,25136,1.251776958,560.2059338119999
12,1524,4_0_5_3,1.523035125,389872416,0.018921042,25136,1.541956167,561.7478899789999
12,1525,4_0_4_4,1.642327875,420058016,0.018945667,25136,1.661273542,563.4091635209999
12,1526,4_0_3_5,1.521474708,389872416,0.018982916,25136,1.5404576239999999,564.9496211449999
12,1527,4_0_2_6,1.23275475,316008096,0.019057166,25136,1.251811916,566.2014330609999
12,1528,4_0_1_7,0.784582917,203026976,0.018990833,25136,0.8035737500000001,567.0050068109999
12,1529,4_0_0_8,0.339355458,88875808,0.018943625,25136,0.358299083,567.363305894
12,1551,3_3_6_0,1.352361833,347260448,0.019076542,25136,1.371438375,568.734744269
12,1552,3_3_5_1,3.018045125,767002656,0.019007041,25136,3.037052166,571.7717964349999
12,1553,3_3_4_2,4.317379,1094938656,0.018966542,25136,4.336345542,576.108141977
12,1554,3_3_3_3,4.782999333,1212043936,0.018872792,25136,4.801872125,580.910014102
12,1558,3_2_7_0,1.046887041,269830048,0.018976792,25136,1.0658638329999999,581.975877935
12,1559,3_2_6_1,2.4233915,617204256,0.018994291,25136,2.442385791,584.418263726
12,1560,3_2_5_2,3.998173125,922468896,0.018918583,25136,4.017091708,588.4353554339999
12,1561,3_2_4_3,4.363988666,1094938656,0.01899825,25136,4.382986916,592.81834235
12,1562,3_2_3_4,4.319745834,1094938656,0.019076667,25136,4.338822501,597.157164851
12,1563,3_2_2_5,3.6322545,922468896,0.018939542,25136,3.651194042,600.808358893
12,1564,3_2_1_6,2.420858458,617204256,0.019025125,25136,2.4398835830000003,603.248242476
12,1565,3_2_0_7,1.048279708,269830048,0.019020625,25136,1.067300333,604.315542809
12,1566,3_1_8_0,0.651983958,169625248,0.018944292,25136,0.67092825,604.986471059
12,1567,3_1_7_1,1.554082542,397768736,0.019006375,25136,1.573088917,606.559559976
12,1568,3_1_6_2,2.4206955,617204256,0.018985417,25136,2.439680917,608.999240893
12,1569,3_1_5_3,3.017135375,767002656,0.018954583,25136,3.0360899580000003,612.035330851
12,1570,3_1_4_4,3.2433575,823075616,0.019004708,25136,3.2623622080000003,615.297693059
12,1571,3_1_3_5,3.018769583,767002656,0.019069458,25136,3.0378390410000002,618.3355321
12,1572,3_1_2_6,2.418396458,617204256,0.018941958,25136,2.4373384160000002,620.772870516
12,1573,3_1_1_7,1.54899425,397768736,0.018953458,25136,1.567947708,622.340818224
12,1574,3_1_0_8,0.653971292,169625248,0.018995792,25136,0.672967084,623.013785308
12,1575,3_0_9_0,0.273567458,72151328,0.018908542,25136,0.29247599999999996,623.306261308
12,1576,3_0_8_1,0.653248084,169625376,0.018952459,25136,0.672200543,623.978461851
12,1577,3_0_7_2,1.045707084,269830176,0.018994417,25136,1.064701501,625.043163352
12,1578,3_0_6_3,1.351463125,347260576,0.018971416,25136,1.370434541,626.413597893
12,1579,3_0_5_4,1.524142833,389872416,0.019060667,25136,1.5432035,627.956801393
12,1580,3_0_4_5,1.518622708,389872416,0.019079,25136,1.5377017080000002,629.494503101
12,1581,3_0_3_6,1.3535485,347260576,0.018943333,25136,1.372491833,630.866994934
12,1582,3_0_2_7,1.048049417,269830176,0.018970166,25136,1.067019583,631.934014517
12,1583,3_0_1_8,0.651106125,169625376,0.0191005,25136,0.670206625,632.604221142
12,1584,3_0_0_9,0.275730458,72151328,0.018950917,25136,0.294681375,632.898902517
12,1621,2_2_8_0,0.794369458,205884448,0.01897025,25136,0.813339708,633.712242225
12,1622,2_2_7_1,1.872800041,478741536,0.018990333,25136,1.8917903740000002,635.604032599
12,1623,2_2_6_2,3.30597225,743949216,0.018937375,25136,3.324909625,638.928942224
12,1624,2_2_5_3,3.678152334,922468896,0.019220459,25136,3.697372793,642.626315017
12,1625,2_2_4_4,3.908357625,991318176,0.018943167,25136,3.927300792,646.553615809
12,1630,2_1_9_0,0.484970709,125899168,0.018946292,25136,0.503917001,647.05753281
12,1631,2_1_8_1,1.169441709,300803616,0.019160375,25136,1.188602084,648.246134894
12,1632,2_1_7_2,1.8685495,478741536,0.018988167,25136,1.8875376670000001,650.1336725609999
12,1633,2_1_6_3,2.420253958,617204256,0.018981917,25136,2.439235875,652.5729084359999
12,1634,2_1_5_4,2.722823167,693520416,0.0190215,25136,2.741844667,655.3147531029999
12,1635,2_1_4_5,2.725046042,693520416,0.01898275,25136,2.744028792,658.0587818949999
12,1636,2_1_3_6,2.420324834,617204256,0.018975,25136,2.4392998340000003,660.498081729
12,1637,2_1_2_7,1.869217083,478741536,0.019025458,25136,1.8882425409999999,662.3863242699999
12,1638,2_1_1_8,1.1676225,300803616,0.018994542,25136,1.186617042,663.5729413119999
12,1639,2_1_0_9,0.481628583,125899168,0.018964834,25136,0.500593417,664.0735347289999
12,1640,2_0_10_0,0.203866,53651488,0.018984958,25136,0.222850958,664.2963856869999
12,1641,2_0_9_1,0.481761125,125899296,0.018947334,25136,0.500708459,664.7970941459998
12,1642,2_0_8_2,0.795797375,205884576,0.01895475,25136,0.814752125,665.6118462709999
12,1643,2_0_7_3,1.0521505,269830176,0.018930916,25136,1.071081416,666.6829276869998
12,1644,2_0_6_4,1.229219875,316008096,0.018946417,25136,1.248166292,667.9310939789998
12,1645,2_0_5_5,1.281876625,329142816,0.018942583,25136,1.300819208,669.2319131869998
12,1646,2_0_4_6,1.232052167,316008096,0.018912417,25136,1.2509645839999999,670.4828777709998
12,1647,2_0_3_7,1.046627167,269830176,0.018976625,25136,1.065603792,671.5484815629999
12,1648,2_0_2_8,0.797146167,205884576,0.019011,25136,0.816157167,672.3646387299999
12,1649,2_0_1_9,0.482447667,125899296,0.018929125,25136,0.5013767920000001,672.8660155219999
12,1650,2_0_0_10,0.203912709,53651488,0.018963875,25136,0.222876584,673.0888921059999
12,1706,1_1_10_0,0.287183458,76099488,0.019011833,25136,0.306195291,673.3950873969999
12,1707,1_1_9_1,0.710520416,184606496,0.018892542,25136,0.7294129580000001,674.1245003549999
12,1708,1_1_8_2,1.169042375,300803616,0.019192042,25136,1.188234417,675.3127347719999
12,1709,1_1_7_3,1.550116959,397768736,0.019074167,25136,1.569191126,676.8819258979998
12,1710,1_1_6_4,1.81533625,464166176,0.019009542,25136,1.8343457920000001,678.7162716899999
12,1711,1_1_5_5,1.899067084,485826336,0.018907125,25136,1.9179742089999998,680.6342458989999
12,1717,1_0_11_0,0.118738042,31561888,0.019184459,25136,0.137922501,680.7721683999999
12,1718,1_0_10_1,0.289312083,76099616,0.018895458,25136,0.308207541,681.0803759409999
12,1719,1_0_9_2,0.482653833,125899296,0.018853042,25136,0.501506875,681.581882816
12,1720,1_0_8_3,0.653126208,169625376,0.01890575,25136,0.672031958,682.253914774
12,1721,1_0_7_4,0.783134042,203026976,0.018960417,25136,0.802094459,683.056009233
12,1722,1_0_6_5,0.855201541,220436256,0.018849333,25136,0.874050874,683.930060107
12,1723,1_0_5_6,0.851588042,220436256,0.018915459,25136,0.8705035010000001,684.8005636080001
12,1724,1_0_4_7,0.786459875,203026976,0.018920792,25136,0.805380667,685.6059442750001
12,1725,1_0_3_8,0.654838834,169625376,0.018871625,25136,0.6737104589999999,686.279654734
12,1726,1_0_2_9,0.482907583,125899296,0.018875709,25136,0.5017832919999999,686.781438026
12,1727,1_0_1_10,0.287672083,76099616,0.018954667,25136,0.30662675,687.088064776
12,1728,1_0_0_11,0.116317,31561888,0.019043708,25136,0.135360708,687.223425484
12,1807,0_0_12_0,0.053858709,14073248,0.018940083,25136,0.072798792,687.296224276
12,1808,0_0_11_1,0.115974375,31562016,0.019009792,25136,0.13498416700000002,687.431208443
12,1809,0_0_10_2,0.203055208,53651616,0.018850208,25136,0.221905416,687.653113859
12,1810,0_0_9_3,0.273581334,72151456,0.018944167,25136,0.292525501,687.94563936
12,1811,0_0_8_4,0.341186875,88875936,0.018983458,25136,0.360170333,688.305809693
12,1812,0_0_7_5,0.372527,97759776,0.019021709,25136,0.391548709,688.697358402
12,1813,0_0_6_6,0.395824542,102742816,0.018836667,25136,0.41466120900000003,689.1120196109999
13,1820,13_0_0_0,0.056913458,15669280,0.019296708,25136,0.076210166,689.188229777
13,1821,12_1_0_0,0.13935425,36724000,0.019137667,25136,0.158491917,689.3467216939999
13,1822,12_0_1_0,0.136195209,36724128,0.019163083,25136,0.155358292,689.5020799859999
13,1823,12_0_0_1,0.139128708,36724128,0.018938583,25136,0.158067291,689.6601472769999
13,1824,11_2_0_0,0.237549792,62535200,0.018930042,25136,0.256479834,689.9166271109998
13,1825,11_1_1_0,0.342542958,89257888,0.018931041,25136,0.361473999,690.2781011099999
13,1826,11_1_0_1,0.339746167,89257888,0.018971792,25136,0.358717959,690.6368190689999
13,1827,11_0_2_0,0.237736333,62535328,0.019207666,25136,0.256943999,690.8937630679999
13,1828,11_0_1_1,0.34018925,89258016,0.01905325,25136,0.3592425,691.2530055679999
13,1829,11_0_0_2,0.240131041,62535328,0.018971917,25136,0.259102958,691.5121085259999
13,1830,10_3_0_0,0.327891458,86018080,0.018910667,25136,0.346802125,691.8589106509999
13,1831,10_2_1_0,0.578160459,150596128,0.018994167,25136,0.597154626,692.4560652769999
13,1832,10_2_0_1,0.581241417,150596128,0.018987333,25136,0.60022875,693.0562940269999
13,1833,10_1_2_0,0.578169208,150596128,0.018922541,25136,0.5970917490000001,693.6533857759999
13,1834,10_1_1_1,0.852725875,220842016,0.018995,25136,0.871720875,694.525106651
13,1835,10_1_0_2,0.577484292,150596128,0.018973458,25136,0.5964577499999999,695.121564401
13,1836,10_0_3_0,0.33064125,86018208,0.018923166,25136,0.349564416,695.471128817
13,1837,10_0_2_1,0.577554833,150596256,0.019188709,25136,0.596743542,696.067872359
13,1838,10_0_1_2,0.580815458,150596256,0.01893175,25136,0.599747208,696.6676195670001
13,1839,10_0_0_3,0.3288335,86018208,0.018955625,25136,0.347789125,697.015408692
13,1840,9_4_0_0,0.413612375,107172640,0.018988083,25136,0.43260045799999997,697.4480091500001
13,1841,9_3_1_0,0.795953084,205860768,0.018967208,25136,0.8149202919999999,698.2629294420001
13,1842,9_3_0_1,0.799106583,205860768,0.019044916,25136,0.8181514990000001,699.0810809410001
13,1843,9_2_2_0,0.969718125,249383968,0.019060041,25136,0.988778166,700.0698591070001
13,1844,9_2_1_1,1.425607209,365784096,0.01899975,25136,1.4446069590000001,701.5144660660001
13,1845,9_2_0_2,0.968446042,249383968,0.0189835,25136,0.987429542,702.501895608
13,1846,9_1_3_0,0.795065,205860768,0.018962167,25136,0.814027167,703.315922775
13,1847,9_1_2_1,1.424345958,365784096,0.018950042,25136,1.443296,704.759218775
13,1848,9_1_1_2,1.42584425,365784096,0.019137417,25136,1.444981667,706.204200442
13,1849,9_1_0_3,0.794893625,205860768,0.019021334,25136,0.8139149590000001,707.018115401
13,1850,9_0_4_0,0.412858208,107172768,0.019022125,25136,0.431880333,707.449995734
13,1851,9_0_3_1,0.79852,205860896,0.018998125,25136,0.817518125,708.267513859
13,1852,9_0_2_2,0.968093417,249384096,0.018961834,25136,0.9870552509999999,709.25456911
13,1853,9_0_1_3,1.162368625,205860896,0.019341833,25136,1.181710458,710.436279568
13,1854,9_0_0_4,0.410364333,107172768,0.018981125,25136,0.429345458,710.865625026
13,1855,8_5_0_0,0.471454167,121748000,0.01900425,25136,0.490458417,711.356083443
13,1856,8_4_1_0,1.004021583,252926368,0.018930417,25136,1.022952,712.379035443
13,1857,8_4_0_1,0.991572084,252926368,0.018941125,25136,1.010513209,713.389548652
13,1858,8_3_2_0,1.325385584,336227488,0.019085625,25136,1.344471209,714.734019861
13,1859,8_3_1_1,1.940426458,495745056,0.018948667,25136,1.959375125,716.6933949859999
13,1860,8_3_0_2,1.309992375,336227488,0.018960666,25136,1.328953041,718.0223480269999
13,1861,8_2_3_0,1.312679791,336227488,0.018986459,25136,1.33166625,719.3540142769999
13,1862,8_2_2_1,2.339538791,596758176,0.019096542,25136,2.358635333,721.71264961
13,1863,8_2_1_2,2.340382125,596758176,0.019024083,25136,2.3594062080000002,724.072055818
13,1864,8_2_0_3,1.311011542,336227488,0.018990875,25136,1.330002417,725.4020582349999
13,1865,8_1_4_0,0.981452333,252926368,0.020557875,25136,1.002010208,726.4040684429999
13,1866,8_1_3_1,1.942686917,495745056,0.018976583,25136,1.9616635,728.3657319429999
13,1867,8_1_2_2,2.340590667,596758176,0.018972792,25136,2.359563459,730.7252954019999
13,1868,8_1_1_3,1.940081292,495745056,0.018991459,25136,1.959072751,732.6843681529999
13,1869,8_1_0_4,0.980982167,252926368,0.018980042,25136,0.999962209,733.684330362
13,1870,8_0_5_0,0.467781417,121748128,0.018938708,25136,0.48672012499999995,734.171050487
13,1871,8_0_4_1,0.981799833,252926496,0.018962917,25136,1.00076275,735.171813237
13,1872,8_0_3_2,1.311186542,336227616,0.019011625,25136,1.330198167,736.5020114040001
13,1873,8_0_2_3,1.313178125,336227616,0.019008459,25136,1.332186584,737.8341979880001
13,1874,8_0_1_4,0.980780541,252926496,0.018978292,25136,0.999758833,738.8339568210001
13,1875,8_0_0_5,0.469718708,121748128,0.018949292,25136,0.488668,739.3226248210001
13,1876,7_6_0_0,0.4992595,129744160,0.019078375,75584,0.5183378750000001,739.8409626960001
13,1877,7_5_1_0,1.095547667,281165728,0.018998042,25136,1.114545709,740.9555084050002
13,1878,7_5_0_1,1.092076458,281165728,0.019097833,75584,1.111174291,742.0666826960002
13,1879,7_4_2_0,1.575523125,402624928,0.019038917,25136,1.594562042,743.6612447380002
13,1880,7_4_1_1,2.329371875,593721376,0.018951292,25136,2.348323167,746.0095679050002
13,1881,7_4_0_2,1.573456833,402624928,0.019331167,75584,1.592788,747.6023559050002
13,1882,7_3_3_0,1.732608917,443111328,0.019068125,25136,1.751677042,749.3540329470002
13,1883,7_3_2_1,3.109832,789674016,0.019007875,25136,3.1288398749999997,752.4828728220002
13,1884,7_3_1_2,3.107933541,789674016,0.01897,25136,3.126903541,755.6097763630003
13,1885,7_3_0_3,1.735700041,443111328,0.019080625,75584,1.754780666,757.3645570290003
13,1886,7_2_4_0,1.574969625,402624928,0.019123917,25136,1.594093542,758.9586505710002
13,1887,7_2_3_1,3.109194,789674016,0.018976584,25136,3.128170584,762.0868211550003
13,1888,7_2_2_2,3.745997542,950808096,0.019034917,25136,3.765032459,765.8518536140003
13,1889,7_2_1_3,3.470431958,789674016,0.019000541,25136,3.489432499,769.3412861130004
13,1890,7_2_0_4,1.595450625,402624928,0.01909025,75584,1.614540875,770.9558269880004
13,1891,7_1_5_0,1.1099105,281165728,0.018930459,25136,1.128840959,772.0846679470003
13,1892,7_1_4_1,2.336759917,593721376,0.019006167,25136,2.3557660840000003,774.4404340310003
13,1893,7_1_3_2,3.108417,789674016,0.018968459,25136,3.127385459,777.5678194900004
13,1894,7_1_2_3,3.106770292,789674016,0.0190385,25136,3.1258087920000004,780.6936282820004
13,1895,7_1_1_4,2.326731417,593721376,0.0192405,25136,2.345971917,783.0396001990005
13,1896,7_1_0_5,1.094178291,281165728,0.019022208,75584,1.113200499,784.1528006980004
13,1897,7_0_6_0,0.49890925,129744288,0.018961542,25136,0.5178707920000001,784.6706714900005
13,1898,7_0_5_1,1.095217583,281165856,0.018921916,25136,1.114139499,785.7848109890004
13,1899,7_0_4_2,1.575720375,402625056,0.018952209,25136,1.594672584,787.3794835730005
13,1900,7_0_3_3,1.735940084,443111456,0.018992708,25136,1.7549327920000002,789.1344163650004
13,1901,7_0_2_4,1.571829333,402625056,0.019002334,25136,1.590831667,790.7252480320004
13,1902,7_0_1_5,1.094361417,281165856,0.018987291,25136,1.113348708,791.8385967400004
13,1903,7_0_0_6,0.499779875,129744288,0.019048166,75584,0.518828041,792.3574247810004
13,1905,6_6_1_0,1.139783833,292704288,0.019106792,75584,1.1588906250000002,793.5163154060004
13,1907,6_5_2_0,1.714445041,437240608,0.019037333,25136,1.733482374,795.2497977800004
13,1908,6_5_1_1,2.534296125,645543456,0.019108208,75584,2.553404333,797.8032021130005
13,1909,6_5_0_2,1.713127958,437240608,0.019062958,75584,1.732190916,799.5353930290005
13,1910,6_4_3_0,2.029452375,518010528,0.019005958,25136,2.048458333,801.5838513620005
13,1911,6_4_2_1,3.633380334,921860256,0.018945042,25136,3.652325376,805.2361767380005
13,1912,6_4_1_2,3.636201958,921860256,0.019088375,75584,3.655290333,808.8914670710005
13,1913,6_4_0_3,2.030995583,518010528,0.019067416,75584,2.050062999,810.9415300700006
13,1914,6_3_4_0,2.035221834,518010528,0.019062292,25136,2.054284126,812.9958141960005
13,1915,6_3_3_1,4.02232025,1019633696,0.018974875,25136,4.0412951249999995,817.0371093210006
13,1916,6_3_2_2,5.234114875,1226516256,0.018926041,25136,5.253040916000001,822.2901502370006
13,1917,6_3_1_3,4.044465042,1019633696,0.019140916,75584,4.063605957999999,826.3537561950006
13,1918,6_3_0_4,2.03371725,518010528,0.019063709,75584,2.052780959,828.4065371540006
13,1919,6_2_5_0,1.712040458,437240608,0.019153542,25136,1.731194,830.1377311540006
13,1920,6_2_4_1,3.634725625,921860256,0.019049208,25136,3.6537748330000004,833.7915059870006
13,1921,6_2_3_2,4.8457215,1226516256,0.018983334,25136,4.864704833999999,838.6562108210006
13,1922,6_2_2_3,4.847318417,1226516256,0.01898075,25136,4.866299167,843.5225099880006
13,1923,6_2_1_4,3.635302167,921860256,0.01913475,75584,3.654436917,847.1769469050006
13,1924,6_2_0_5,1.7108225,437240608,0.019178042,75584,1.730000542,848.9069474470006
13,1925,6_1_6_0,1.140904167,292704288,0.018946875,25136,1.1598510419999999,850.0667984890006
13,1926,6_1_5_1,2.534261667,645543456,0.018975,25136,2.553236667,852.6200351560005
13,1927,6_1_4_2,3.634303541,921860256,0.018981208,25136,3.653284749,856.2733199050006
13,1928,6_1_3_3,4.019947,1019633696,0.018970375,25136,4.0389173750000005,860.3122372800005
13,1929,6_1_2_4,4.031545666,921860256,0.018945834,25136,4.050491500000001,864.3627287800006
13,1930,6_1_1_5,2.547692625,645543456,0.019040917,75584,2.5667335419999997,866.9294623220005
13,1931,6_1_0_6,1.139979167,292704288,0.019163458,75584,1.1591426249999999,868.0886049470005
13,1932,6_0_7_0,0.500427542,129744288,0.019014542,25136,0.5194420839999999,868.6080470310005
13,1933,6_0_6_1,1.139683084,292704416,0.018974625,25136,1.158657709,869.7667047400005
13,1934,6_0_5_2,1.713557125,437240736,0.01898125,25136,1.7325383749999999,871.4992431150005
13,1935,6_0_4_3,2.031529458,518010656,0.018976375,25136,2.050505833,873.5497489480005
13,1936,6_0_3_4,2.032783709,518010656,0.01902375,25136,2.051807459,875.6015564070004
13,1937,6_0_2_5,1.715599166,437240736,0.020738042,25136,1.7363372080000001,877.3378936150004
13,1938,6_0_1_6,1.14473025,292704416,0.019096708,75584,1.163826958,878.5017205730004
13,1939,6_0_0_7,0.499140833,129744288,0.019036208,75584,0.518177041,879.0198976140003
13,1946,5_5_3_0,2.12595975,541087648,0.01896175,25136,2.1449214999999997,881.1648191140004
13,1947,5_5_2_1,3.80331425,964977696,0.01919,75584,3.82250425,884.9873233640003
13,1950,5_4_4_0,2.289232084,582079648,0.019038417,25136,2.308270501,887.2955938650003
13,1951,5_4_3_1,4.527424333,1145949216,0.018988333,25136,4.546412666,891.8420065310004
13,1952,5_4_2_2,5.451461334,1378539936,0.019153458,75584,5.470614792,897.3126213230004
13,1953,5_4_1_3,4.52683125,1145949216,0.019007125,75584,4.545838375,901.8584596980004
13,1954,5_4_0_4,2.2824075,582079648,0.019260834,25136,2.301668334,904.1601280320004
13,1955,5_3_5_0,2.127583166,541087648,0.01899875,25136,2.146581916,906.3067099480004
13,1956,5_3_4_1,4.935498709,1145949216,0.018989042,25136,4.954487751,911.2611976990004
13,1957,5_3_3_2,6.07603375,1524895776,0.0189475,25136,6.09498125,917.3561789490004
13,1958,5_3_2_3,6.037563208,1524895776,0.019122458,75584,6.056685666,923.4128646150004
13,1959,5_3_1_4,4.526391459,1145949216,0.019030125,75584,4.545421584,927.9582861990004
13,1960,5_3_0_5,2.121756708,541087648,0.019011209,25136,2.140767917,930.0990541160004
13,1961,5_2_6_0,1.714323041,437240608,0.01898725,25136,1.733310291,931.8323644070003
13,1962,5_2_5_1,3.803422208,964977696,0.019239291,25136,3.822661499,935.6550259060003
13,1963,5_2_4_2,5.453434708,1378539936,0.018961,25136,5.472395708,941.1274216140004
13,1964,5_2_3_3,6.45144225,1524895776,0.019020583,25136,6.470462833,947.5978844470004
13,1965,5_2_2_4,5.455262666,1378539936,0.019076708,75584,5.474339374,953.0722238210004
13,1966,5_2_1_5,3.804417208,964977696,0.0190475,75584,3.823464708,956.8956885290004
13,1967,5_2_0_6,1.711813208,437240608,0.018988333,25136,1.730801541,958.6264900700004
13,1968,5_1_7_0,1.094667167,281165728,0.019004459,25136,1.1136716260000001,959.7401616960004
13,1969,5_1_6_1,2.535243208,645543456,0.0189335,25136,2.554176708,962.2943384040004
13,1970,5_1_5_2,3.80453775,964977696,0.018940375,25136,3.8234781250000003,966.1178165290004
13,1971,5_1_4_3,4.527206292,1145949216,0.018912833,25136,4.546119125,970.6639356540004
13,1972,5_1_3_4,4.5318915,1145949216,0.0189565,25136,4.550848,975.2147836540004
13,1973,5_1_2_5,3.805208333,964977696,0.019096083,75584,3.824304416,979.0390880700004
13,1974,5_1_1_6,2.897726167,645543456,0.019041458,75584,2.916767625,981.9558556950004
13,1975,5_1_0_7,1.117105333,281165728,0.018919,25136,1.136024333,983.0918800280004
13,1976,5_0_8_0,0.469331458,121748128,0.018977208,25136,0.488308666,983.5801886940004
13,1977,5_0_7_1,1.108411167,281165856,0.018972583,25136,1.1273837500000001,984.7075724440004
13,1978,5_0_6_2,1.719586334,437240736,0.019005667,25136,1.738592001,986.4461644450005
13,1979,5_0_5_3,2.122101541,541087776,0.01905925,25136,2.1411607910000003,988.5873252360004
13,1980,5_0_4_4,2.288271875,582079776,0.018996667,25136,2.307268542,990.8945937780004
13,1981,5_0_3_5,2.122754834,541087776,0.019061666,25136,2.1418165,993.0364102780004
13,1982,5_0_2_6,1.711807584,437240736,0.019023333,75584,1.730830917,994.7672411950005
13,1983,5_0_1_7,1.092638125,281165856,0.019108917,75584,1.111747042,995.8789882370005
13,1984,5_0_0_8,0.468086542,121748128,0.018969792,25136,0.487056334,996.3660445710005
13,2000,4_4_5_0,2.288934125,582079648,0.0189735,25136,2.307907625,998.6739521960005
13,2001,4_4_4_1,4.861208875,1229855776,0.018946542,25136,4.880155417,1003.5541076130005
13,2002,4_4_3_2,6.489646458,1636635936,0.019083084,75584,6.508729542,1010.0628371550005
13,2006,4_3_6_0,2.032740458,518010528,0.018951417,25136,2.051691875,1012.1145290300004
13,2007,4_3_5_1,4.524188583,1145949216,0.018974375,25136,4.543162958,1016.6576919880005
13,2008,4_3_4_2,6.879718708,1636635936,0.018965458,25136,6.898684166000001,1023.5563761540004
13,2009,4_3_3_3,7.214045167,1811533856,0.019169584,75584,7.233214751,1030.7895909050005
13,2010,4_3_2_4,6.491316625,1636635936,0.019125292,75584,6.510441917,1037.3000328220005
13,2011,4_3_1_5,4.525644167,1145949216,0.018959208,25136,4.544603375,1041.8446361970005
13,2012,4_3_0_6,2.033561625,518010528,0.018949375,25136,2.052511,1043.8971471970005
13,2013,4_2_7_0,1.574592125,402624928,0.018998125,25136,1.5935902499999999,1045.4907374470006
13,2014,4_2_6_1,3.633831833,921860256,0.01894475,25136,3.652776583,1049.1435140300007
13,2015,4_2_5_2,5.453096167,1378539936,0.019003584,25136,5.472099751,1054.6156137810008
13,2016,4_2_4_3,6.896834667,1636635936,0.019018875,25136,6.915853542000001,1061.5314673230007
13,2017,4_2_3_4,6.485460667,1636635936,0.019078041,75584,6.504538708,1068.0360060310006
13,2018,4_2_2_5,5.45210225,1378539936,0.019126666,75584,5.471228916,1073.5072349470006
13,2019,4_2_1_6,3.635692875,921860256,0.019001958,25136,3.654694833,1077.1619297800005
13,2020,4_2_0_7,1.575234542,402624928,0.018954792,25136,1.594189334,1078.7561191140005
13,2021,4_1_8_0,0.983287083,252926368,0.018933,25136,1.002220083,1079.7583391970006
13,2022,4_1_7_1,2.330777583,593721376,0.018975167,25136,2.34975275,1082.1080919470007
13,2023,4_1_6_2,3.636546041,921860256,0.019020708,25136,3.655566749,1085.7636586960007
13,2024,4_1_5_3,4.568465708,1145949216,0.018968875,25136,4.587434582999999,1090.3510932790007
13,2025,4_1_4_4,5.23784175,1229855776,0.018947875,25136,5.256789625000001,1095.6078829040007
13,2026,4_1_3_5,4.528281958,1145949216,0.0190835,75584,4.547365458,1100.1552483620007
13,2027,4_1_2_6,3.63178725,921860256,0.0191105,75584,3.65089775,1103.8061461120008
13,2028,4_1_1_7,2.329445791,593721376,0.0190045,25136,2.348450291,1106.1545964030008
13,2029,4_1_0_8,0.980823416,252926368,0.019098167,25136,0.999921583,1107.1545179860009
13,2030,4_0_9_0,0.411262541,107172768,0.018976625,25136,0.430239166,1107.584757152001
13,2031,4_0_8_1,0.982360458,252926496,0.018985042,25136,1.0013455,1108.586102652001
13,2032,4_0_7_2,1.574450916,402625056,0.019038917,25136,1.593489833,1110.179592485001
13,2033,4_0_6_3,2.034733125,518010656,0.019030792,25136,2.053763917,1112.233356402001
13,2034,4_0_5_4,2.284649541,582079776,0.018999542,25136,2.303649083,1114.537005485001
13,2035,4_0_4_5,2.288004375,582079776,0.0189685,25136,2.306972875,1116.8439783600008
13,2036,4_0_3_6,2.032404875,518010656,0.019157,75584,2.051561875,1118.895540235001
13,2037,4_0_2_7,1.575160917,402625056,0.019070167,75584,1.594231084,1120.489771319001
13,2038,4_0_1_8,0.981009333,252926496,0.019026667,25136,1.0000360000000001,1121.4898073190009
13,2039,4_0_0_9,0.411288708,107172768,0.018958833,25136,0.430247541,1121.9200548600008
13,2068,3_3_7_0,1.736719875,443111328,0.019213417,25136,1.755933292,1123.6759881520009
13,2069,3_3_6_1,4.020961416,1019633696,0.019002792,25136,4.039964208,1127.7159523600008
13,2070,3_3_5_2,6.040503042,1524895776,0.018971958,25136,6.059475,1133.7754273600008
13,2071,3_3_4_3,7.59771625,1811533856,0.019071375,75584,7.616787625000001,1141.3922149850007
13,2076,3_2_8_0,1.31167725,336227488,0.01898475,25136,1.330662,1142.7228769850008
13,2077,3_2_7_1,3.106206583,789674016,0.019002541,25136,3.125209124,1145.8480861090009
13,2078,3_2_6_2,4.847845875,1226516256,0.018989708,25136,4.866835583,1150.7149216920009
13,2079,3_2_5_3,6.042548333,1524895776,0.019009042,25136,6.0615573750000005,1156.7764790670008
13,2080,3_2_4_4,6.482867417,1636635936,0.019119542,75584,6.501986959,1163.2784660260008
13,2081,3_2_3_5,6.434816,1524895776,0.019032875,75584,6.453848874999999,1169.7323149010008
13,2082,3_2_2_6,4.870566125,1226516256,0.018999916,25136,4.889566041,1174.6218809420009
13,2083,3_2_1_7,3.106861875,789674016,0.019018583,25136,3.1258804579999997,1177.7477614000009
13,2084,3_2_0_8,1.310009375,336227488,0.018963958,25136,1.328973333,1179.0767347330009
13,2085,3_1_9_0,0.794773125,205860768,0.018977458,25136,0.8137505829999999,1179.8904853160009
13,2086,3_1_8_1,1.937404166,495745056,0.018964125,25136,1.956368291,1181.8468536070009
13,2087,3_1_7_2,3.105016791,789674016,0.019052666,25136,3.124069457,1184.9709230640008
13,2088,3_1_6_3,4.026820417,1019633696,0.019061833,25136,4.04588225,1189.0168053140007
13,2089,3_1_5_4,4.525946208,1145949216,0.018944292,25136,4.544890499999999,1193.5616958140008
13,2090,3_1_4_5,4.5264625,1145949216,0.019172417,75584,4.545634917,1198.1073307310007
13,2091,3_1_3_6,4.02414575,1019633696,0.019044792,75584,4.043190542,1202.1505212730008
13,2092,3_1_2_7,3.107649542,789674016,0.018982125,25136,3.126631667,1205.2771529400009
13,2093,3_1_1_8,1.940632834,495745056,0.018977125,25136,1.959609959,1207.236762899001
13,2094,3_1_0_9,0.79860325,205860768,0.019073,25136,0.81767625,1208.054439149001
13,2095,3_0_10_0,0.366976291,86018208,0.018955125,25136,0.385931416,1208.4403705650009
13,2096,3_0_9_1,1.12022625,205860896,0.019001833,25136,1.139228083,1209.579598648001
13,2097,3_0_8_2,1.333311458,336227616,0.019010833,25136,1.3523222910000001,1210.931920939001
13,2098,3_0_7_3,1.755119166,443111456,0.019231042,25136,1.774350208,1212.706271147001
13,2099,3_0_6_4,2.037178375,518010656,0.018940083,25136,2.056118458,1214.7623896050009
13,2100,3_0_5_5,2.123609167,541087776,0.019024084,25136,2.1426332510000003,1216.9050228560009
13,2101,3_0_4_6,2.03085125,518010656,0.019083916,75584,2.049935166,1218.954958022001
13,2102,3_0_3_7,1.735820708,443111456,0.019133583,75584,1.754954291,1220.709912313001
13,2103,3_0_2_8,1.307966584,336227616,0.018980875,25136,1.326947459,1222.036859772001
13,2104,3_0_1_9,0.7974875,205860896,0.01896425,25136,0.81645175,1222.853311522001
13,2105,3_0_0_10,0.328440459,86018208,0.018934291,25136,0.34737475,1223.200686272001
13,2151,2_2_9_0,0.968739917,249383968,0.01896275,25136,0.987702667,1224.1883889390008
13,2152,2_2_8_1,2.342241083,596758176,0.018943334,25136,2.3611844169999996,1226.5495733560008
13,2153,2_2_7_2,3.745281542,950808096,0.019010375,25136,3.764291917,1230.3138652730008
13,2154,2_2_6_3,4.850550583,1226516256,0.01902775,25136,4.869578333000001,1235.1834436060008
13,2155,2_2_5_4,5.452964166,1378539936,0.019128958,75584,5.472093124,1240.6555367300007
13,2161,2_1_10_0,0.582430792,150596128,0.018960916,25136,0.6013917080000001,1241.2569284380006
13,2162,2_1_9_1,1.424350708,365784096,0.0189515,25136,1.443302208,1242.7002306460006
13,2163,2_1_8_2,2.3407565,596758176,0.018930084,25136,2.359686584,1245.0599172300006
13,2164,2_1_7_3,3.107589084,789674016,0.018990416,25136,3.1265794999999996,1248.1864967300005
13,2165,2_1_6_4,3.634612208,921860256,0.019016833,25136,3.653629041,1251.8401257710004
13,2166,2_1_5_5,4.173073125,964977696,0.01902225,75584,4.192095375,1256.0322211460004
13,2167,2_1_4_6,3.677444416,921860256,0.019057333,75584,3.6965017490000003,1259.7287228950004
13,2168,2_1_3_7,3.106512083,789674016,0.019,25136,3.1255120830000003,1262.8542349780005
13,2169,2_1_2_8,2.338497084,596758176,0.0189975,25136,2.3574945840000003,1265.2117295620005
13,2170,2_1_1_9,1.427171,365784096,0.018997584,25136,1.446168584,1266.6578981460004
13,2171,2_1_0_10,0.579844708,150596128,0.018986541,25136,0.598831249,1267.2567293950005
13,2172,2_0_11_0,0.238384458,62535328,0.019043458,25136,0.257427916,1267.5141573110006
13,2173,2_0_10_1,0.578231333,150596256,0.018948833,25136,0.597180166,1268.1113374770007
13,2174,2_0_9_2,0.968600333,249384096,0.019009542,25136,0.9876098750000001,1269.0989473520008
13,2175,2_0_8_3,1.311378792,336227616,0.018962792,25136,1.330341584,1270.4292889360008
13,2176,2_0_7_4,1.572710583,402625056,0.01922075,25136,1.591931333,1272.0212202690009
13,2177,2_0_6_5,1.713674792,437240736,0.018964625,25136,1.732639417,1273.7538596860009
13,2178,2_0_5_6,1.711869958,437240736,0.019096416,75584,1.730966374,1275.4848260600008
13,2179,2_0_4_7,1.573853125,402625056,0.019358709,75584,1.593211834,1277.0780378940008
13,2180,2_0_3_8,1.311236833,336227616,0.018998667,25136,1.3302355,1278.4082733940008
13,2181,2_0_2_9,0.967798375,249384096,0.019044208,25136,0.9868425829999999,1279.3951159770008
13,2182,2_0_1_10,0.578783084,150596256,0.019082666,25136,0.59786575,1279.9929817270008
13,2183,2_0_0_11,0.238288833,62535328,0.018923083,25136,0.257211916,1280.2501936430008
13,2250,1_1_11_0,0.343354916,89257888,0.018980583,25136,0.362335499,1280.6125291420008
13,2251,1_1_10_1,0.85350375,220842016,0.019028042,25136,0.872531792,1281.4850609340008
13,2252,1_1_9_2,1.423699334,365784096,0.019028709,25136,1.442728043,1282.9277889770008
13,2253,1_1_8_3,1.93895075,495745056,0.018957583,25136,1.957908333,1284.8856973100008
13,2254,1_1_7_4,2.326989875,593721376,0.018948792,25136,2.3459386670000004,1287.2316359770007
13,2255,1_1_6_5,2.536573208,645543456,0.019094208,75584,2.555667416,1289.7873033930007
13,2262,1_0_12_0,0.138649541,36724128,0.018978792,25136,0.15762833299999998,1289.9449317260007
13,2263,1_0_11_1,0.338714083,89258016,0.018866375,25136,0.357580458,1290.3025121840008
13,2264,1_0_10_2,0.591425459,150596256,0.018912167,25136,0.610337626,1290.9128498100008
13,2265,1_0_9_3,0.795677958,205860896,0.01888625,25136,0.814564208,1291.727414018001
13,2266,1_0_8_4,0.982310333,252926496,0.0188705,25136,1.001180833,1292.728594851001
13,2267,1_0_7_5,1.093345334,281165856,0.0188415,25136,1.1121868339999998,1293.840781685001
13,2268,1_0_6_6,1.137510542,292704416,0.019036833,75584,1.156547375,1294.997329060001
13,2269,1_0_5_7,1.088735833,281165856,0.018962791,75584,1.1076986240000002,1296.105027684001
13,2270,1_0_4_8,0.978858417,252926496,0.018846709,25136,0.9977051259999999,1297.102732810001
13,2271,1_0_3_9,0.795418792,205860896,0.018868292,25136,0.8142870839999999,1297.917019894001
13,2272,1_0_2_10,0.575991208,150596256,0.01895825,25136,0.594949458,1298.511969352001
13,2273,1_0_1_11,0.339417583,89258016,0.0188855,25136,0.358303083,1298.870272435001
13,2274,1_0_0_12,0.134960666,36724128,0.018880833,25136,0.153841499,1299.024113934001
13,2366,0_0_13_0,0.059147958,15669408,0.01893625,25136,0.078084208,1299.102198142001
13,2367,0_0_12_1,0.135113709,36724256,0.018918084,25136,0.154031793,1299.256229935001
13,2368,0_0_11_2,0.235826708,62535456,0.018951708,25136,0.254778416,1299.511008351001
13,2369,0_0_10_3,0.328244375,86018336,0.018951792,25136,0.347196167,1299.858204518001
13,2370,0_0_9_4,0.407613583,107172896,0.018957917,25136,0.4265715,1300.284776018001
13,2371,0_0_8_5,0.467376458,121748256,0.018902,25136,0.48627845799999997,1300.771054476001
13,2372,0_0_7_6,0.501256625,129744416,0.019019208,75584,0.520275833,1301.2913303090008
