sample,radii_r1,radii_master_r1,force_errors_r1,state_errors_r1,radii_r2,radii_master_r2,force_errors_r2,state_errors_r2,radii_r3,radii_master_r3,force_errors_r3,state_errors_r3,radii_r4,radii_master_r4,force_errors_r4,state_errors_r4,radii_r5,radii_master_r5,force_errors_r5,state_errors_r5,radii_r6,radii_master_r6,force_errors_r6,state_errors_r6,radii_r7,radii_master_r7,force_errors_r7,state_errors_r7,radii_r8,radii_master_r8,force_errors_r8,state_errors_r8,radii_r9,radii_master_r9,force_errors_r9,state_errors_r9,radii_r10,radii_master_r10,force_errors_r10,state_errors_r10,radii_r11,radii_master_r11,force_errors_r11,state_errors_r11
1,0.757448464294081,0.7574482803292603,8.348858013657613e-5,5.505778490610877,1.6552938995120023,1.6552938461927298,0.04008885696300593,2549.2767642746,1.3943544951298639,1.3943544598908728,0.0028378210650140934,145.6295927096149,0.9083016729788463,0.9083016491818641,2.1924292560248128e-5,0.9094381310597196,1.2893769681543148,1.28937696400599,0.00023200627785954756,9.207634114785673,0.6326235009824355,0.6326235009824355,8.155284648366353e-8,0.0017185151252225783,0.5810863512413614,0.5810863422214805,2.7755756332088774e-7,0.0015598262264331453,1.5728536461249203,1.5728536329289644,0.001304318955328031,17.922866525657383,2.465065724128446,2.465065705372768,0.9325684994061518,32358.752495442408,1.4068631671543166,1.4068631093103345,0.00150026813845831,9.032883981633775,0.895933580258199,0.8959334397353251,0.00012241102328396043,2.284994792803957
2,0.4650423409899736,0.46504204135295857,4.281162205405481e-6,0.2699474677505955,1.2366608441714664,1.236660772802612,0.0019076380584220705,115.16985484464473,0.7972242878018475,0.7972242261684432,2.0409121629657186e-5,0.8930186337299219,1.1631664954576573,1.1631664768749017,0.00020427053360957658,9.187889329460912,0.6537905269065949,0.6537905187254508,4.835172093803217e-7,0.01269538246347501,1.2280558629983997,1.2280558629983997,6.236891799454378e-5,1.6277216494191653,0.48754162435927617,0.48754161360874854,2.138368393332321e-7,0.0004232677822224915,1.0761796446405067,1.0761796253544076,4.9545557715992774e-5,0.31422630540056046,0.686587349161098,0.6865872818222775,4.3503244427254024e-6,0.08564604932639508,0.547218107887797,0.5472179591745583,2.8517196098478415e-6,0.06569177209099698,0.5351009632821129,0.5351007280009453,5.9708933119314235e-6,0.15007541950657696
3,1.17109531396404,1.1710951949781134,0.0024905142864659114,180.0780608848881,0.21128135657574063,0.2112809388429422,3.805861276663816e-7,0.0013313013836580296,0.4537568496858882,0.4537567413995872,7.273470320361277e-7,0.01701739764079216,0.48078439679032847,0.4807843518328805,4.5350762007425905e-7,0.0056132979023063335,1.5384484326403849,1.5384484291636649,0.0015708472507539866,67.63266355959396,1.025392729589074,1.025392729589074,1.0081969998012873e-5,0.2381650645457411,0.6546431087904124,0.65464310078402,4.022311531436566e-7,0.0036877138766298902,1.4469576440817449,1.4469576297376432,0.0006057857085275914,4.482617451671222,0.6581557693108774,0.6581556990630961,3.308713579221094e-6,0.06626994942387657,0.3646822941275053,0.3646820709782264,6.883825427235739e-7,0.007683055805934448,0.6134229595931779,0.6134227543527793,1.271346196913978e-5,0.3067465195357797
4,0.6390365666939348,0.6390363486408764,2.7351814957546657e-5,1.773126195538933,0.7707930486245914,0.7707929341203521,4.030962988221041e-5,2.164490944060231,0.5003575031932158,0.5003574049921308,1.0027130768368628e-6,0.03157245712863728,0.8402967186826305,0.8402966929597657,1.1333943111040767e-5,0.46047311863993157,1.3222690370175194,1.322269032972386,0.0003031069497050652,12.114446320601376,1.034994364166283,1.034994364166283,1.1106517901477473e-5,0.26244971353452295,0.6470653633917758,0.6470653552916209,3.8239773773727466e-7,0.003332581082353815,1.1661760999979105,1.1661760822001632,9.578240148000133e-5,0.35276529567869597,0.25668669771140906,0.25668651759301325,3.4016382661510395e-7,0.0003951712947622923,0.14745288686840022,0.14745233497199392,2.565443741985403e-7,0.00011993144239015774,0.8652494049785254,0.8652492594723146,9.840493688911765e-5,1.9115408650295587
5,2.0901681776019063,2.090168110935569,1.326968146005049,101042.63200297467,1.692074996510109,1.6920749443498522,0.05173296686924874,3291.221874749476,0.31720736830551904,0.31720721340477637,4.2394949330334187e-7,0.0020652250517558704,0.5188631926753492,0.5188631510172789,5.232868180630408e-7,0.009873944195251588,0.36559872327883386,0.3655987086487101,1.6316810821701473e-7,0.0001246289343251325,0.07174375788124064,0.07174375788124064,9.241878023704274e-15,1.7530253387529236e-12,0.3603156587905641,0.36031564424406964,1.5740480668917714e-7,5.8807687952915075e-5,1.5173214242368644,1.5173214105579518,0.0009346124947920726,10.102090128203326,0.6386001304689652,0.6386000580700094,2.7346762745756342e-6,0.05537298589889083,0.7037621514341678,0.7037620358005371,1.2666129454983687e-5,0.2691152632998625,0.858634726623073,0.8586345799959235,9.38625153371413e-5,1.8369919193576123
6,0.43314411170098305,0.4331437899976469,2.969481611729916e-6,0.18299564515961764,0.4149166541270289,0.41491644141180806,1.0636013269555165e-6,0.041121820367378215,1.1954646179277493,1.1954645768260346,0.0006219267746288252,30.41857762447398,0.43301295600635353,0.43301290608904863,3.8866029245818917e-7,0.0027403359076272863,0.6100830590560867,0.6100830502888306,3.410758255715699e-7,0.006871337556549606,0.21519293818650523,0.21519293818650523,1.7184046480843467e-12,3.470173368291742e-8,0.4759489848140713,0.4759489738016942,2.0855071336472955e-7,0.0003512794760283482,1.4046210798776673,1.4046210651012214,0.0004666782077019631,2.574555355472978,1.636658975376287,1.6366589471272863,0.003532040707084664,73.17372619432076,1.1623329119954207,1.1623328419822878,0.0003603163935407299,3.10453312170368,1.0234854470629409,1.0234853240527313,0.00028277217905086933,4.278820073664249
7,0.21274013935000657,0.21273948435340387,4.912114374714711e-7,0.006412153852632898,0.8416891112110554,0.8416890063515896,7.65835214611168e-5,4.18807636009832,1.2822225826431504,1.282222544322467,0.0012182213544293414,60.935936840549836,1.8840163046052638,1.8840162931325188,0.042252317076211805,2171.716908839498,0.7868731210277138,0.7868731142302335,2.0647978760593135e-6,0.06847922995254452,0.6072067642309433,0.6072067642309433,5.4113320896609606e-8,0.0011371188231332988,0.5857937342527764,0.5857937253053784,2.7881310024133945e-7,0.0016422711304320324,1.0864262712700767,1.0864262521658745,5.3454668590651925e-5,0.32440270384487185,0.4623938577775238,0.4623937577892038,6.926514995404147e-7,0.008336989895417035,1.3258441835947066,1.3258441222160249,0.0009381376558847455,1.0034265572350298,1.4227059026431101,1.4227058141503615,0.0027864788780296744,27.414683483856372
8,0.5795762533332147,0.5795760129094878,1.5025979018586963e-5,0.9651308393811898,1.157191208317798,1.1571911320477164,0.0010320651422807932,61.324976366727576,1.035519985963979,1.035519938513764,0.00017062493330693792,7.97979977399437,1.6003274740356475,1.6003274605291375,0.00577198770470014,288.7584586336778,0.9337029161405025,0.9337029104119625,9.880019147748188e-6,0.34578144627801927,0.7622927890316573,0.7622927890316573,5.231470680047058e-7,0.011320894009760326,0.2211546888534735,0.22115466515363724,9.846970431926699e-8,2.2703845606232425e-5,0.29134577094291536,0.291345699703475,2.5447578683120937e-7,0.00010947400711688437,0.779775787459687,0.7797757281683081,1.0305958445295196e-5,0.18337773223181253,0.7485991866429609,0.7485990779351591,1.8699657154646853e-5,0.3819795775488926,0.6064452158022323,0.6064450082003419,1.1918346894985344e-5,0.2886986713077356
9,0.46597004242870843,0.46596974338824215,4.33225353806243e-6,0.27281318426286155,0.7152679113980044,0.7152677880049774,2.3796629744156955e-5,1.2638358778207877,0.2080297280294263,0.20802949183398783,2.772579961576476e-7,0.0002639832284314707,0.5983006983454905,0.5983006622184407,9.138899774471896e-7,0.028956007467194768,0.532843090554454,0.5328430805163121,2.465229384466302e-7,0.00208727840156245,0.9835154422568771,0.9835154422568771,6.609680419067815e-6,0.1542669532279303,0.7628034520597362,0.7628034451885958,1.1052032603169506e-6,0.011315078980282296,0.24690612996107245,0.24690604589952778,2.163846561866788e-7,4.486481764917612e-5,2.1675152648309086,2.1675152435005027,0.13778158630277462,4761.212134118812,0.37176466167089495,0.3717644427727628,7.095834850540071e-7,0.008455397205368139,0.5041951242479294,0.5041948745446364,4.368631498353099e-6,0.11047070172720513
10,1.2529497836376524,1.2529496724250069,0.004649336067682875,340.0088928853894,1.8037199339025747,1.8037198849708835,0.10977846777541765,7020.731012187144,0.38364539157694894,0.38364526350124617,5.368412039227039e-7,0.0059367445188815175,0.7318049101355112,0.7318048805991707,3.695027671653706e-6,0.14375705423090093,0.8339207569266676,0.8339207505126834,3.4881873987661686e-6,0.11772241237686389,0.8442684373945527,0.8442684373945527,1.4520295483584473e-6,0.032051507639495776,0.16219739923037643,0.16219736691586223,7.17620220959127e-8,1.4341151212899544e-5,0.383599400343428,0.3835993462366995,3.3424455138136044e-7,0.0006016125384228399,1.0805444349288662,1.0805443921411941,0.00010887480532535163,1.04332971132668,0.6351520578301247,0.6351519297055706,6.705560625941337e-6,0.15096964713603192,0.2543571343213115,0.25435663935082625,5.663403432676006e-7,0.004330756156143467
11,0.4095999086146726,0.40959956841949935,2.2737145878413722e-6,0.13627570076408235,0.8200710389383963,0.8200709313147068,6.325530578272133e-5,3.4345058818289727,1.4195513902897552,1.4195513556762527,0.003423172276330904,176.46209274722386,0.7426703250987349,0.742670295994517,4.136025668429668e-6,0.16245467568622166,1.2855994786756646,1.2855994745151507,0.0002259668759904872,8.922362913065271,1.0782811146658007,1.0782811146658007,1.6801345837600772e-5,0.40400727757333565,0.9992513089333492,0.9992513036880925,1.1490827906877447e-5,0.0776759726364442,0.6461064113356614,0.6461063792119938,1.0808769837623436e-6,0.016572022251988606,1.289230035120692,1.289229999258992,0.0004231183375501226,0.6267267327903111,0.13623256992080038,0.136231972569194,2.400627464464813e-7,7.662111986164068e-5,0.5309756527923912,0.5309754156832523,5.736827523483831e-6,0.14405360136266937
12,1.0532127329372616,1.0532126006336362,0.0009965544878474677,70.2174551902707,0.37274789709469175,0.37274766031510476,7.844361081422402e-7,0.022829146090512176,0.8096185435314763,0.8096184828416031,2.298761499988253e-5,1.008657438144528,1.159016383891644,1.1590163652423489,0.00019760727567650317,8.871516255399198,0.573405892673446,0.5734058833454035,2.8207805808018474e-7,0.003984126942839113,0.4807391450122256,0.4807391450122256,5.269487902598207e-9,0.00010875854899097307,0.7375180765381175,0.737518069431404,8.497576411323956e-7,0.008853231922827684,1.7915172986485282,1.7915172870632048,0.0050845052792639475,128.52634077538272,0.8927710114186553,0.8927709596316006,2.6808890157603137e-5,0.4039884652718026,0.33833228721837416,0.3383320466897635,6.236272267402921e-7,0.005368290534635232,0.625918317530132,0.6259181163869981,1.4244312414117824e-5,0.34148715099197885
13,0.41095565623642477,0.4109553171635603,2.3009955882336017e-6,0.13864912048337927,0.951118017969963,0.9511179251748862,0.00019646079561494057,11.056388496978132,0.33648766354467635,0.3364875175195441,4.591632366473104e-7,0.0029079201810452092,0.3850290738880894,0.3850290177498869,3.421845370298595e-7,0.0011909992655067681,0.9637078075479634,0.9637078019977806,1.3312399034479395e-5,0.46999629225946976,1.0890392077876765,1.0890392077876765,1.8440554094458182e-5,0.4485429127834638,0.8151302753334518,0.8151302689034003,1.9104740107158056e-6,0.018239928769543574,0.9269582943562997,0.9269582719655325,1.485401166502598e-5,0.15624170362862608,1.1625734359098334,1.1625733961411795,0.00018951046175408212,1.259262849287206,0.6003092377210838,0.6003091021599928,4.8136920568580056e-6,0.10995563338566229,0.8274354132062126,0.8274352610503328,7.496613254433e-5,1.5131270909791192
14,1.0368802386323575,1.0368801042447418,0.0008762033498421626,61.46043237672593,1.2805613022074391,1.2805612332852663,0.0026607779451820863,162.11083373252185,0.7640211085671352,0.764021044255238,1.476391731474292e-5,0.6410429359322152,0.8750015192213098,0.8750014945186797,1.597109636977589e-5,0.6543249089807112,1.0616512633930422,1.0616512583548958,3.353023098152021e-5,1.2230734721063854,1.1333155364801717,1.1333155364801717,2.7720970368133647e-5,0.685024355377187,1.4755743736365659,1.4755743700845052,0.0003951991779401912,0.5783165229496402,0.7017305167515993,0.70173048717428,1.8161278699836827e-6,0.028326734633007777,0.546575263256928,0.5465751786684244,1.1839011877612118e-6,0.021977848355660343,1.011428742163013,1.0114286617039892,0.0001372392483082316,1.9247905786285324,0.6273418090799596,0.6273416083932366,1.4449969346688231e-5,0.34546412720091096
15,0.7633446319370378,0.7633444493931844,8.827852694459402e-5,5.813108147101732,0.927467844321434,0.9274677491601083,0.00016085841629891605,9.001235331514973,0.6480098047066355,0.6480097288811658,4.484791904581234e-6,0.18732759519587297,1.7850721878008067,1.785072175692143,0.02141287140631469,1093.3506691331627,0.458871265989369,0.45887125433303977,2.0250330709344634e-7,0.000599989312131819,1.6064209973935197,1.6064209973935197,0.0010618307482601836,35.956648236501216,0.4791591704478336,0.4791591595092353,2.1412846721542522e-7,0.00034283686925151567,0.49697493265475146,0.4969748908914619,4.600242523759605e-7,0.003002360491586826,0.8823806927631886,0.8823806403663245,2.4645620002959348e-5,0.3780392997576864,0.8698773075105625,0.8698772139587825,4.9899353494542257e-5,0.8836264448187575,1.7791606645624087,1.7791605937991795,0.03463356620906133,1028.9396441859164
16,0.8867994961832727,0.8867993390520756,0.0002578171466604071,17.431553009322514,1.7307164412630562,1.7307163902673735,0.06728823453860325,4289.853620262849,1.1353836744816455,1.1353836312049568,0.0003859690770823256,18.577923393059248,0.6568527913432085,0.656852758436537,1.639668052033047e-6,0.06013828482894907,0.8325204461373058,0.8325204397125332,3.4402037958489324e-6,0.11595768965971749,2.537550659411592,2.537550659411592,0.4547431860805597,19175.37621231926,0.9714787352149962,0.9714787298197883,8.906333361310479e-6,0.06393940879022819,1.110962657567698,1.1109626388854255,6.418095766836785e-5,0.34296480411927394,1.6961158886226444,1.6961158613639056,0.005239531358705379,126.47491626411099,1.7474055947353557,1.747405548164275,0.014088212266023036,395.4522262182494,1.6833048284377305,1.683304753644887,0.0169640245711145,461.92539414726065
17,1.3914350410728782,1.3914349409288864,0.01295108108204077,964.0326612270079,0.22831945419824662,0.22831906763837106,4.0587173656612375e-7,0.001998338310594704,0.8292591817753369,0.8292591225228766,2.7704307313147946e-5,1.220831532516627,0.8217248248675183,0.8217247985632882,9.441354968594916e-6,0.3801167521731853,1.984869428405564,1.9848694257108,0.03706339641867671,1711.1121937088706,0.9442731592059475,0.9442731592059475,4.418212233858106e-6,0.1011579906190115,0.7385543878856508,0.7385543807889091,8.608781573472734e-7,0.008883246900165133,0.49006325184220606,0.4900632094899016,4.4626832938831856e-7,0.0028141803690931487,0.41063026530068447,0.41063015270794534,5.610241634416553e-7,0.004263198745736304,1.3701518329674442,1.3701517735736122,0.0012136844272661591,4.126362917022844,1.8569212517940767,1.8569211839941344,0.06131848851175395,1888.191446318369
18,1.1056273641842906,1.1056272381528027,0.0015020526439236393,107.15331149168995,0.691375380801484,0.6913752531442434,1.8758986883739204e-5,0.9962013930352185,0.9242306533663558,0.9242306002025203,6.568938743802502e-5,2.9748561968418694,0.6170234371295736,0.6170234020987502,1.089190147155628e-6,0.03678012912563513,0.3100709112452127,0.3100708939951114,1.366239033107054e-7,4.3159841303396135e-5,2.0403237286443283,2.0403237286443283,0.019934617341624526,821.2867724682878,0.26645377356777084,0.26645375389707987,1.1772537692491501e-7,2.694684104475094e-5,1.027760878994256,1.0277608587995708,3.397612431582225e-5,0.26339558978679345,0.2859112265312577,0.2859110648237458,3.7274075431677727e-7,0.0005844804281407497,0.863322130681497,0.8633220364193814,4.7383972410184645e-5,0.8481051848833727,0.8787112786463849,0.8787111353693323,0.00010837587638125918,2.0704278450906712
19,0.25711705038503885,0.25711650843731243,6.073552501711248e-7,0.014299073383567047,0.5211478020150014,0.5211476326598222,3.1296455705264305e-6,0.1573628932686424,1.1848355834992548,1.1848355420288208,0.0005720491387898754,27.89846613473988,0.9672634624013549,0.967263440054973,3.795542513946468e-5,1.6005055522902467,1.079008244948589,1.0790082399914864,3.934188466556367e-5,1.4403752927013898,1.3505150566977915,1.3505150566977915,0.00016539938956520634,4.673507898584599,0.8206570855720972,0.8206570791853496,2.0292511694004988e-6,0.019167304746822707,1.2248049033978707,1.224804886452064,0.0001447523683795074,0.2790068089971325,0.3503085414005667,0.3503084094198033,4.6007337498847276e-7,0.0017304407497485963,0.17147111816358498,0.17147064357241443,2.9995718145067027e-7,0.00021553050277182763,0.4653523428536309,0.46535207230768816,2.930657253687658e-6,0.0734748341908159
20,0.7956575193219898,0.7956573441915273,0.00011760278864945342,7.799658748244271,0.8808649979832667,0.8808648977873565,0.00010787222531474076,5.9628610050790565,0.7548770027224447,0.7548769376315135,1.3543927400401952e-5,0.5841999658055377,0.9353452206327477,0.9353451975238054,2.8259742747413177e-5,1.181843949987313,0.3923649905859955,0.39236497695390626,1.7344018247252172e-7,0.00018797080610940558,0.49926326723538916,0.49926326723538916,7.700570277608086e-9,0.00015896939652144953,0.5745809743957051,0.5745809652737015,2.6671756417394076e-7,0.0013959705117220073,1.0452144722533987,1.0452144523959361,3.901709555804202e-5,0.28273556282655293,1.448113166973819,1.4481131350467695,0.0010999379839324716,8.972842967100169,0.9810505562358485,0.9810504732854144,0.00011140573052017436,1.6615400495921542,1.1516222455517544,1.1516221362284427,0.0006064629054562203,6.054813234998971
21,0.3827788885807604,0.3827785245483531,1.691589847542341e-6,0.09567558869925093,0.21280516385557907,0.2128047491139934,3.8178627356470534e-7,0.0015200068507061505,0.7240977544455915,0.7240976865878376,9.91923023881953e-6,0.4253507640197942,0.32383031250856187,0.323830245761133,2.865353778296618e-7,0.0003653749584229221,1.5898665212255119,1.5898665178612328,0.002301192314149964,100.16686832767579,0.2066620811860159,0.2066620811860159,1.1439613163071368e-12,2.315105554871574e-8,1.5008524229652411,1.500852419473006,0.00046258538089712764,0.6010848889207193,0.5690446947255186,0.5690446582515685,6.143827695830247e-7,0.007323211923774038,0.9645376367399662,0.9645375888061382,4.7109503508209816e-5,0.6157157158609449,0.9672423442448369,0.9672422601102143,0.00010119748188768205,1.548410095812226,0.40984868652065887,0.4098483793360733,1.6771318528016876e-6,0.03913555722603016
22,1.5420003826504736,1.5420002922848293,0.037964950248023585,2859.7631393361376,0.2839388662995076,0.28393855546107066,5.229103927271729e-7,0.005725713272976437,1.9922032787327741,1.9922032540688024,0.18356623882525094,9871.677932121693,0.3731169501795593,0.37311689224908956,3.344052171004862e-7,0.0009386353038737294,0.4983542649546632,0.4983542542218273,2.2482293150838416e-7,0.001234739341135729,1.878942563525621,1.878942563525621,0.0067908777110810776,267.57738097099747,1.0494247790504736,1.049424774055995,1.782453303706386e-5,0.10880229815648723,0.7315844263190145,0.7315843979486628,2.436959022977654e-6,0.03688563842427563,2.1667321658792487,2.1667321445411334,0.1370430691792909,4735.208913127474,0.5700388664048976,0.5700387236451999,3.5687855988812024e-6,0.0823715191852565,1.32674290731709,1.326742812423682,0.001599790074082718,2.7333129273272196
23,1.080187264177728,1.0801871351780008,0.001234324882352945,87.3705085214142,1.3619721925361314,1.3619721277337313,0.0048887294537092105,302.2841005897903,0.2985436187661253,0.2985434541816044,4.047377059407224e-7,0.0013675059107520647,0.6039915624844407,0.6039915266977833,9.668973914723098e-7,0.031049464304237932,0.5768888769688929,0.5768888676971687,2.889742264356646e-7,0.00425609841100425,0.8086138154868534,0.8086138154868534,9.433791252429021e-7,0.020638691995741885,1.9156578474668666,1.9156578447308197,0.004715606193039876,39.560507737965644,1.8006637883804935,1.800663776854018,0.005398083806526962,138.7032865545485,1.1348999814696668,1.134899940731292,0.00015759394382052337,1.2127797537455427,0.3818412599872384,0.38184104686572085,7.544758706239666e-7,0.009648956458375043,1.5859332493293932,1.5859331699444916,0.008271606424498205,188.02765417627703
24,1.6447658887561631,1.6447658040365938,0.07719759326673098,5844.803225688384,0.5858559306707192,0.5858557800209232,6.330011001950657e-6,0.32834052901035493,0.7072903575888357,0.7072902881185725,8.368706133553716e-6,0.3566845961864381,0.8926047498497686,0.8926047256343039,1.894970538783816e-5,0.7797033511624788,0.7045600144460117,0.704560006854388,8.143073268971896e-7,0.024879251681266094,0.9081012675483829,0.9081012675483829,2.979892676130934e-6,0.06764548984479822,0.5864819481238721,0.5864819391869736,2.8140542667060076e-7,0.001600379596150696,1.5529096349612874,1.552909621595856,0.0011596983733138829,14.66228710586085,0.8548444962122355,0.8548444421275667,1.9714575090699245e-5,0.3148265201046753,0.8852362827131837,0.8852361907845405,5.59860649663944e-5,0.9721482281461722,0.775230775865271,0.7752306134630951,5.034686646153961e-5,1.0709177645930146
25,1.22075035478977,1.2207502406436959,0.003644530404076329,265.2673080045982,0.13021183579507034,0.13021115798191868,2.3373008756377207e-7,0.00014063441157047526,0.8248288226295691,0.8248287630588493,2.655287808027394e-5,1.1697723362173134,0.9615347045224912,0.9615346820429711,3.6005632808445176e-5,1.5164999224332738,0.6472186828627037,0.6472186745984885,4.546855295031192e-7,0.011609963788724389,1.233044758751383,1.233044758751383,6.478560057047109e-5,1.701811296917011,2.5386653801999106,2.53866537813531,0.21433023339391657,3881.3328557789173,0.5808389067336572,0.5808388710003283,6.584449085431019e-7,0.008317315591195586,1.3947116469522673,1.3947116138027769,0.0007999052844862245,3.8992160205917306,0.42690968040418337,0.4269094897816982,9.788290550321734e-7,0.01731195725665262,0.9509585014530026,0.9509583690611472,0.00017754723289419632,3.071074333785491
26,0.4953516244835053,0.4953513431805142,6.034767174037706e-6,0.3837728289882407,1.0837555428653973,1.0837554614272271,0.000579897149812459,33.78306848653762,0.47391846265811816,0.4739183589785737,8.183105712008897e-7,0.022376113960345993,0.6985058596258233,0.6985058286814315,2.5707774498104507e-6,0.09838246836114932,0.9315048591980312,0.9315048534559736,9.701518173498217e-6,0.33802083876658484,0.37355476379214736,0.37355476379214736,4.2334992740910007e-10,8.67067394802133e-6,0.6468870281895315,0.6468870200871436,3.788981057560386e-7,0.0033520207466207776,0.7690158129198629,0.7690157859304211,3.507185646829267e-6,0.050627318939072366,1.458586503065269,1.458586471367471,0.0011727598114229215,10.375597354605796,0.46095270014222045,0.460952523597899,1.2808295619454409e-6,0.026048303530236076,0.3657362275085018,0.3657358832735,1.1204290922060918e-6,0.02271172865888434
27,0.9403587855787032,0.940358637397108,0.00040134450146224953,27.552284730523073,0.5223711647536421,0.5223709957950828,3.1673223031827e-6,0.1593200806852133,0.7093048857649052,0.7093048164919475,8.512836857088081e-6,0.3643698822562668,0.5081749018648694,0.5081748593306171,5.056834895187339e-7,0.008585632320307571,1.3374121404662234,1.3374121364668918,0.0003406651216927877,13.71780278632422,1.3364687944015141,1.3364687944015141,0.00014903032955503875,4.154899969226356,0.7147522505934186,0.7147522432603467,6.77977560003653e-7,0.007036350982336009,0.4409176660006263,0.4409176189276468,3.9447373132092024e-7,0.0013831605748390722,1.444558632363667,1.4445586003580568,0.001076668988745956,8.538828124194437,0.9008865534578477,0.9008864631261962,6.275713292777074e-5,1.0689941388386506,0.5890856330345805,0.5890854193149317,1.0115496168882382e-5,0.24779826173142963
28,0.9012683945133445,0.9012682399047208,0.00029038768229580034,19.74637586915927,0.36675076816283964,0.36675052751141723,7.57723505092363e-7,0.02078333020342491,0.35307794828282846,0.35307780911906916,4.820764561098819e-7,0.003785893458321389,0.5264976257511009,0.5264975846970898,5.482917431565659e-7,0.010983821294011077,0.9381020451600679,0.9381020394583912,1.0335439172330286e-5,0.36185187426665694,0.7111571638992872,0.7111571638992872,2.6229566347434936e-7,0.005603798373234534,1.8093341940962806,1.8093341911994527,0.0026670010622640485,14.683529871788304,1.8901664492473742,1.8901664382666972,0.009705064007618697,284.71503527413773,0.5851927433509533,0.5851926643445342,1.6544587064617722e-6,0.03289819987719031,0.70457498465798,0.70457486915775,1.2725385354777413e-5,0.2711309172913827,0.3918774007944034,0.39187707952248757,1.4135541786638065e-6,0.03164979253164674
29,0.9684858020355271,0.9684856581574609,0.0005050236055537732,34.90782254343314,0.5694608315506898,0.5694606765635999,5.308124969130291e-6,0.27377989627807814,0.5007625689205744,0.500762470798924,1.0045157013523117e-6,0.03175150385106302,0.8631500827999703,0.8631500577581621,1.4257504680934944e-5,0.5810178021076886,1.0256330786017063,1.0256330733866303,2.405384898218223e-5,0.8670079809463908,0.8019238948364342,0.8019238948364342,8.661586648046015e-7,0.018962649806662197,1.6735883886299747,1.6735883854981835,0.0012877170132445603,3.367075864628255,0.6720527080245347,0.6720526771410826,1.3674971194572723e-6,0.02145082216674007,0.8550329303870936,0.8550328763143442,1.9680151775903346e-5,0.31543511093914395,1.1501678765391459,1.1501678057855018,0.00033544808991148013,3.0483579566857752,0.2034782434208302,0.2034776246846891,4.4944702176872834e-7,0.0016450228242431766
30,0.9553462243856916,0.9553460785287645,0.0004544948952614004,31.263216313587765,0.3648972686828151,0.3648970268090004,7.586458524074052e-7,0.02047257994258643,0.4245560351985019,0.4245559194643054,6.18972167323298e-7,0.011161775721083185,1.3747371955322407,1.3747371798093528,0.0010809570450284486,51.73071241921117,0.3358845652541172,0.3358845493297338,1.473160730591604e-7,5.609097747795701e-5,0.5587395849426272,0.5587395849426272,2.361607565176995e-8,0.0004923548087432288,0.6389200439541277,0.6389200357507074,3.645486153708244e-7,0.0031053459855380867,1.2468189759210044,1.246818959274396,0.00016769204767879344,0.23334135273781453,0.3001116219839893,0.3001114679280032,3.9747066160592765e-7,0.0008200466784638683,0.3516099627088602,0.35160973126322015,6.551440363068075e-7,0.006466913746610123,0.6381312553002175,0.6381310580066825,1.5915561975060104e-5,0.378412656302265
31,1.6454764971645688,1.6454764124815862,0.07767286766140027,5874.472548003612,1.6679038909749622,1.6679038380588036,0.043800859112925944,2783.813106422536,0.5642569776005769,0.5642568905203091,1.8287296916183793e-6,0.07097777383883878,1.0332428896699715,1.0332428687505546,6.829742881498434e-5,2.9422585629839673,0.39590490362050323,0.39590489011030283,1.7584798928924215e-7,0.00016461347151574578,0.6832999208500256,0.6832999208500256,1.7580661327114198e-7,0.003740906048544759,0.6289470487350427,0.6289470404015436,3.442435358951975e-7,0.002701546380009985,0.15953527273591606,0.15953514263731625,1.4162179174777718e-7,3.307235892108988e-5,0.7941752109812694,0.7941751527649199,1.171054512204516e-5,0.2044348967966069,1.44113349393007,1.4411334374616247,0.0018382618353737761,15.830802831043416,0.35534572782530616,0.35534537352467827,1.039197147638964e-6,0.019851944325968714
32,1.9149329520231626,1.9149328792561988,0.4534147726702048,34508.249576363414,1.5386382468347415,1.5386381894729368,0.017672855126189626,1114.8402949771992,1.2670758391771004,1.267075800398328,0.001082811753657322,54.03632310307679,0.506717475076968,0.5067174324203781,4.950245228522853e-7,0.008330980902577754,0.7246357120261987,0.7246357046448973,1.0215525381530217e-6,0.03202828017222865,1.0304087118216592,1.0304087118216592,1.0620442097359308e-5,0.2505722760580139,0.521038128515681,0.5210381184562833,2.3272279666994706e-7,0.0007103270808127605,0.7205570325263297,0.7205570037217984,2.1886675007908147e-6,0.03344766324457548,1.0147832235360985,1.0147831779756478,6.84392699754188e-5,0.794340564499093,1.3951739353231614,1.3951738769945432,0.001399389302066588,7.217688518062305,0.721855680669058,0.7218555062586179,3.2846488246611906e-5,0.7310216037553737
33,1.055363352258571,1.0553632202245542,0.001015159189582205,71.4602051677337,0.8956511014428892,0.8956510029010911,0.00012261869411379252,6.803025531192729,0.9391160466116887,0.939115994290523,7.490602754685215e-5,3.4050893235294333,1.3220460045781914,1.3220459882286557,0.0007222232450594714,34.05080518204895,1.3587773225893067,1.35877731865286,0.00040213964390380965,16.340753613250545,0.5203912030611251,0.5203912030611251,1.1540031185677938e-8,0.00024098469079287114,0.5584759601034502,0.5584759507183915,2.5477855271114514e-7,0.0011571023925907487,0.6047749329820239,0.6047748986629631,7.755917891696114e-7,0.010781743168115084,0.9242676026556943,0.9242675526334051,3.443962908558061e-5,0.49016349248814417,1.1301760939203707,1.130176021915159,0.0002960755582309537,2.934523498020949,1.2126176198627932,1.2126175160385084,0.0008505853936567261,5.7638931342288595
34,0.763049840433256,0.7630496578188797,8.794764544105595e-5,5.79701660584796,0.4507859190826757,0.4507857232933209,1.483084904948223e-6,0.06617363368359651,0.07263582832039236,0.0726351518515633,9.698210862450605e-8,2.157911292189484e-5,0.1854470755965951,0.18544695904126393,1.6324735136852604e-7,2.6005030688102835e-5,0.9098376096149454,0.9098376037361442,7.767103153674644e-6,0.26938850927345,1.7986884160542924,1.7986884160542924,0.003960140645679778,150.4173919587081,0.6588514561227713,0.6588514481675188,4.1426728809760607e-7,0.003861341931479799,0.3484080314613395,0.3484079718894954,3.088082910757466e-7,0.00037803191581241584,0.46973272464672977,0.46973262622057715,7.184851034836947e-7,0.00912105448969758,1.059001922011058,1.0590018451664676,0.0001887188103382582,2.3529802984093795,0.5914195886030003,0.5914193757267668,1.0355673284662804e-5,0.2528418649964769
35,0.19855995071488325,0.19855924894144017,4.4814156707483823e-7,0.004746759062022421,0.5823782149610672,0.5823780634116543,6.096580734497353e-6,0.31604714130587963,1.5842544955479327,1.5842544645329377,0.011386736702225553,599.7607352581995,1.2340121289578472,1.2340121114419427,0.00036228349354469223,16.64018165424359,1.1781064297614439,1.1781064252213156,9.311336299112174e-5,3.5387594843263948,1.3866716212361545,1.3866716212361545,0.00021649869574492315,6.311073952514994,1.7903322145707066,1.7903322116431328,0.0024078193976352783,12.146298766534045,2.2622469097126614,2.2622469005380186,0.11904016695378804,4175.431963968109,0.49261916301917297,0.49261906916577086,8.025736250189538e-7,0.011848729313293126,0.12464977020797889,0.12464911734853885,2.1927967010618514e-7,9.757984375595694e-5,0.5222036269184724,0.52220338582635,5.250966847350666e-6,0.13216216334301722
36,2.6974523901874536,2.6974523385298763,36.28090245320672,2.7589311426916835e6,0.42414492128748127,0.4241447132003811,1.1579987147263536e-6,0.04650093737564415,1.1526423290200372,1.1526422863913357,0.00044394111134819146,21.432025906714845,0.5613719703071219,0.5613719318035264,6.822797550408298e-7,0.017726287734104364,0.32617218615647525,0.3261721697579139,1.4443988438104962e-7,3.518923553619934e-5,0.7175842210790568,0.7175842210790568,2.865445606535382e-7,0.006139193581016573,0.40905784364133563,0.40905783082816066,1.8217355835276888e-7,9.589053103400314e-5,0.43303743033003783,0.4330373824004437,3.8295735580298133e-7,0.0013132643998325707,0.5961753710402846,0.5961752934893068,1.8266872127481008e-6,0.03658703426965908,0.9958576035619392,0.9958575218448652,0.00012341320995775757,1.7869321993699883,0.6276179272509902,0.6276177266525587,1.4468247537141144e-5,0.3464282330653021
37,0.3037381904357474,0.3037377316723662,8.187177989452736e-7,0.030923861831243526,0.3814059948942852,0.381405763489711,8.302235179932949e-7,0.025710455622504694,1.3308531728125257,1.3308531358921152,0.0017622765128079499,89.23081846846995,0.5073344307507709,0.5073343881460547,5.015698184973443e-7,0.008457339000014696,1.0876739884004694,1.0876739834828613,4.239718521660943e-5,1.5607382995751307,0.5185736193561332,0.5185736193561332,1.1185762823602236e-8,0.000232675708694969,0.2810505214855917,0.2810505028365254,1.2513832767583574e-7,3.358910530688819e-5,1.0447873792199784,1.0447873593543984,3.8904073767920434e-5,0.2819140779987983,0.7864314332384824,0.7864313744488922,1.0940786702226846e-5,0.1928763394557197,0.9928362434589907,0.9928361614932386,0.0001208367132072647,1.7612499035431615,0.3417029762951173,0.34170260784875217,9.324835820102233e-7,0.016491017638249915
38,0.36966504221939844,0.3696646652729492,1.4712548598471175e-6,0.08005271638410762,0.7802600580611293,0.780259944946187,4.3877348868369245e-5,2.3676669776753045,1.5774871998970925,1.5774871687490457,0.01084801866254302,570.9672286653508,0.6969995781720744,0.6969995471608088,2.527724926535111e-6,0.09671744258237022,0.7347102304381048,0.7347102231580176,1.1464238458710973e-6,0.03638690031741174,1.2887848628962042,1.2887848628962042,0.0001025068651102653,2.7694709116962946,0.7507748732805944,0.7507748662993676,9.753867005169703e-7,0.010077093498282895,1.109164647179339,1.1091646284667815,6.339389937954945e-5,0.34218742066353064,1.3274635661850072,1.327463531356194,0.0005344258068301588,0.7722533785866452,0.618230861903003,0.618230730271634,5.717569610653389e-6,0.1297371332342156,0.3489089394375819,0.3489085786006913,9.80054267703853e-7,0.01814868345448153
39,0.9323627740393032,0.9323626245868915,0.0003764501001937944,25.74604375920405,1.50217141749685,1.5021713587425254,0.013625274540043497,856.0288313382032,1.3458272637266864,1.3458272272170637,0.00197846169235088,100.26514023474387,0.5063396409720062,0.5063395982835859,4.940862517538405e-7,0.008250370019473392,1.0631475761530529,1.0631475711219975,3.410174407119988e-5,1.2410301474462706,0.9474444636257958,0.9474444636257958,4.569544959482829e-6,0.10472473220035741,2.0392751338407566,2.039275131270564,0.00952369207094056,112.5979453358147,0.7311810271264491,0.7311809987404452,2.4252565319085625e-6,0.03672065675548969,1.7209679785769003,1.7209679517117984,0.006185862034852043,157.59885877381728,1.559488515697615,1.5594884635147572,0.003826047345462817,68.12645212170989,1.5411436989812095,1.541143617289181,0.006018500866335584,119.14802024942688
40,0.9343079261092349,0.9343077769679708,0.0003814504843955939,26.17113171640369,0.9677028197905658,0.967702728585841,0.00022562222214230548,12.754536329395801,1.3623349838858072,1.3623349478185798,0.0022362709407208942,113.88928371105591,0.8086776198749838,0.8086775931463612,8.238597096850753e-6,0.3315618190640036,1.0940712152898127,1.0940712104009587,4.4804088856239844e-5,1.6560494471328717,1.0002899262644434,1.0002899262644434,7.886040555440185e-6,0.1838655451547578,0.6025785284175131,0.6025785197193444,2.9731053103998776e-7,0.0019725026629863907,1.165603038174318,1.165603020367821,9.545448777781694e-5,0.35406720884088205,0.768386130406851,0.7683860702366059,9.294734677352374e-6,0.1680989754079792,0.24996045212936147,0.24996012656338346,4.3658440248416026e-7,0.0012875011217866935,0.5133211348659998,0.5133208896020252,4.7928166366310335e-6,0.12123169871388788
41,1.2154639644086145,1.2154638497660872,0.0034937178746729633,254.5793288276193,0.613116173381218,0.6131160294295833,8.43964860446699e-6,0.44212352732937593,0.40715068989322184,0.4071505692114855,5.853743696978889e-7,0.008527593757030117,1.0440926680627445,1.0440926473607137,7.520187708430769e-5,3.245346439688126,0.419905589754816,0.4199055770168228,1.8456128746261696e-7,0.0002837050377259185,0.9393806789077097,0.9393806789077097,4.208871933024726e-6,0.09584063026501305,0.6998428856698511,0.6998428781805562,5.846924967495532e-7,0.005964425999598954,0.8956791306658719,0.8956791074931678,1.1325842231542445e-5,0.12845956504877454,0.9597237161009115,0.9597236679266501,4.524572025475288e-5,0.6001547452909975,1.2079915504292322,1.2079914830623966,0.000473548468892725,3.101831475150964,0.7171412878174914,0.7171411122604997,3.157302124808197e-5,0.7057594210982081
42,0.7608651265899407,0.7608649434512136,8.61660845176078e-5,5.682843103334758,1.2583885731660254,1.258388503029448,0.0022477671206858982,136.4761192940735,0.3044914066281471,0.3044912452585423,4.10176603872294e-7,0.0015423098067007931,1.1646490939369607,1.164649075377861,0.0002071249677071123,9.30668713969674,0.8125520371028562,0.8125520305201953,2.7515903922615603e-6,0.09236186945994099,0.7166843739144956,0.7166843739144956,2.8224918627062855e-7,0.006059747503694287,1.541473695200596,1.5414736918003893,0.0005953928989530665,0.7176347578244331,0.663179158846839,0.6631791275501564,1.2590339251536554e-6,0.019584111961854132,0.06779473102052365,0.067794049046986,8.893336085478976e-8,1.648272946632408e-5,0.841146663715691,0.8411465669685074,3.9849090616248674e-5,0.7349310012657797,1.2742719524633244,1.2742718536624709,0.00119764175356833,3.3906592539855436
43,1.3981214255988594,1.3981213259337972,0.01360031450300343,1012.7855198041088,0.9938351459801853,0.9938350571736368,0.0002805240100794754,15.94197028915497,0.6131310135217097,0.6131309333828047,3.087114561340293e-6,0.12633917891420643,1.8515279559038795,1.8515279442298247,0.03384514071862729,1736.9953601230218,0.33800133522325365,0.3380013193985984,1.5146217502892036e-7,3.649526945073108e-5,0.2791234662383234,0.2791234662383234,2.3132179836359515e-11,4.686604693357342e-7,1.0372239925414921,1.0372239874882638,1.595564361532788e-5,0.10061695409852765,0.8583074316519043,0.8583074074702338,8.113661243529435e-6,0.09992867776347945,1.9321538341335271,1.9321538102048008,0.026869848881009666,875.5869802502419,0.4223567210838491,0.42235652840647336,9.528019110196112e-7,0.016288998164842083,0.26612048575263947,0.26612001266142565,6.103199967637636e-7,0.0052406237610841755
44,0.19096037268285962,0.19095964298109847,4.355411965749936e-7,0.00411768940818999,0.2707964555283361,0.2707961296041358,4.874979509147112e-7,0.004508075307748811,0.38588159652708276,0.38588146919358596,5.333658167201718e-7,0.006213726965866772,0.7060107111121737,0.706010680496719,2.7979908636260176e-6,0.1072345975712236,0.5518150300186515,0.5518150203256308,2.5753702188618435e-7,0.002863588781830931,0.7810117342708126,0.7810117342708126,6.611741153511677e-7,0.014489749522063456,0.18648437482260086,0.18648434671659983,8.155896858973516e-8,1.2793460120235511e-5,1.7144805054707641,1.714480493364877,0.003116141463542702,66.77584688331318,1.3884786137719454,1.3884785804736433,0.0007709684666607016,3.472386261755508,0.5153692789973444,0.5153691210939112,2.0862042226608067e-6,0.04733666709468996,0.975347304678894,0.9753471755975304,0.00020904558618220753,3.4571167692216735
45,0.1346378912985198,0.13463685634180558,2.995477141436855e-7,0.0009938690779305811,0.5619618083289204,0.5619616512736256,4.87547327674386e-6,0.2518444352725428,1.4373583380634702,1.437358303878783,0.003916046323961609,202.0096335577752,0.9100879240224845,0.9100879002722091,2.2348375949315993e-5,0.9254551947968356,0.08556613149565477,0.08556606898544969,3.764836795333848e-8,6.25461800733714e-6,0.11731976782511808,0.11731976782511808,1.5806566680336384e-14,8.041615944647697e-11,1.6057109916176986,1.6057109883535186,0.0008759643645161012,1.4369047690381915,0.3498103842929657,0.34981032495993886,3.091266613227833e-7,0.00038234489420057205,0.6229952513162366,0.6229951771038206,2.353053700675048e-6,0.04763688506609066,0.37276569262860704,0.3727654743183078,7.133369070292237e-7,0.008568187582284715,1.395029521364598,1.395029431116217,0.002361225082965004,17.356448987696464
46,0.8700608723669493,0.8700607122127908,0.0002231164994557896,15.073483928086661,0.6324502908036883,0.6324501512526816,1.036869776422734e-5,0.5428947367072797,0.9396901630056139,0.9396901107164145,7.550002651501624e-5,3.4237918188634686,1.19002994696855,1.1900299288052771,0.00025512927055616654,11.537168669058138,0.9440497060858009,0.9440497004200457,1.1001857532436077e-5,0.384772803265166,1.61752665918777,1.61752665918777,0.0011513955578685453,39.123423052997396,0.7128371448266918,0.7128371374739189,6.659954599844992e-7,0.006841486340898215,0.32670662718626975,0.32670656365738043,2.90006778809903e-7,0.00027243365654156887,0.9984642927217771,0.998464246416685,6.073563078105164e-5,0.7342339469312427,0.6401967745169762,0.6401966474020369,7.045673542163892e-6,0.1576965637361232,0.5117938703470997,0.5117936243512227,4.723881963738107e-6,0.119170369912125
47,1.5192822456022974,1.5192821538853971,0.03233236757094247,2434.002946294079,1.2820880378982722,1.2820879690581732,0.002692298396856836,164.0447031312194,0.5983467212373424,0.5983466391183192,2.6342246386404394e-6,0.10647922294222309,0.93930900099748,0.9393089779860548,2.93076331601338e-5,1.2275190033232588,1.5602673556556876,1.5602673522275865,0.0018531153264055556,79.98318473552578,1.6723197869196667,1.6723197869196667,0.001669240921494545,59.22145490309309,0.4407354228080951,0.440735410915859,1.9236277463659284e-7,0.00020526144580299243,2.6585451587153104,2.658545150908293,1.4330607655367453,49235.76440299701,1.623995319612109,1.6239952911428273,0.0032516423325246384,64.80047491056641,0.6680685425352244,0.6680684207235116,9.15873875639941e-6,0.20047163683075797,0.5934430047436425,0.5934427925932367,1.0560427836530828e-5,0.25742624785677437
48,1.1820442985209174,1.1820441806371282,0.0027125475791179485,196.2279591454275,1.02658246290012,1.0265823769264433,0.0003657909555771744,21.01777306141942,0.7834752122569187,0.78347514954192,1.793430395632065e-5,0.7791732157604088,0.7136720711070774,0.7136720408202835,3.0299266935897612e-6,0.11718714121519858,0.4693075489420244,0.46930753754490423,2.1138437239364406e-7,0.0006944841248150528,0.6039508306552851,0.6039508306552851,5.125947477582436e-8,0.0010773807578031598,1.2736770600947773,1.2736770559796609,0.00010326787231941218,0.3590468332833586,1.3108885825062881,1.3108885666732817,0.00025656148413770615,0.48949667302382704,1.2449548048998857,1.2449547677628103,0.0003216414341701959,1.0562789098301781,2.055096629346348,2.0550965897479343,0.12682948065727775,4160.365995752698,0.4441448778553908,0.4441445943911471,2.359269182198208e-6,0.058183784465656765
49,1.3386138809921397,1.3386137768965067,0.008798059536649446,650.9509956629869,0.7262324802524883,0.7262323587224344,2.638512180886555e-5,1.4079143417306657,0.9232008107583263,0.9232007575351858,6.517950977649336e-5,2.9473674145637623,1.1436807330688892,1.143680714169525,0.0001745445463891236,7.781824615513062,1.2634973156582165,1.2634973114249235,0.0001884111678055837,7.4034502977346115,1.667166867235349,1.667166867235349,0.0016221985548987698,57.00935895287542,1.3950378794049554,1.3950378756478319,0.00023862352888572412,0.5190362975826874,1.639063172842288,1.6390631601793793,0.0019528146831046928,33.87764426108094,0.4233474099318509,0.42334730072134225,5.898056782392082e-7,0.004928730021551672,0.8491259755767032,0.8491258797386616,4.251946703440338e-5,0.7738389921532152,0.3317271572913011,0.3317267777648711,8.683167974761557e-7,0.014357288593695446
50,1.7238288789844383,1.7238287981505116,0.13159464089984393,9981.73897420529,0.6723048935230758,0.6723047622447308,1.5569489515929114e-5,0.8211574318195367,1.7636405379789362,1.7636405101185848,0.0400296991390867,2138.3676557934673,1.8958495320662652,1.895849520665129,0.04578769135139785,2354.5341964349814,0.07174987045542267,0.07174979590814864,3.173709004220977e-8,5.9656749566662665e-6,0.4494284211475034,0.4494284211475034,2.693104112494977e-9,5.5341613624129574e-5,1.1977441951263263,1.1977441907503255,5.910401470806996e-5,0.2534820334421322,0.6432969079700649,0.6432968757061018,1.0600597169981163e-6,0.016053101320960796,0.8519777922785031,0.8519777380118522,1.918418457029948e-5,0.3090188054732925,0.7191111686219709,0.7191110554564744,1.44858510580456e-5,0.3042100998355816,0.6622909607983134,0.6622907707018495,1.9755468920342358e-5,0.46109103684927366
51,0.35913656704388,0.35913617904682793,1.324618256614048e-6,0.06924762335231797,1.2192733005766434,1.2192732281900278,0.00166695170393053,100.4559104352227,0.677649114852321,0.677649042343339,6.135443341394398e-6,0.2597834225808471,0.8822388687644186,0.8822388442644339,1.7133223783202052e-5,0.7033281658627399,0.5037963838037571,0.5037963731868598,2.278131900130047e-7,0.0012869387722944654,1.2811403503872614,1.2811403503872614,9.615911627064646e-5,2.590909347517625,1.1812622621556588,1.1812622577186005,5.198471523196111e-5,0.2334135157816483,0.4737404555578833,0.4737404117463239,4.232824996727345e-7,0.00225558494354388,1.093626525007949,1.0936264827321083,0.00011937183925295436,1.0883746123693303,0.8021345213556244,0.8021344199031011,2.928571876165598e-5,0.5634862793739737,0.1418705279362887,0.14186964051063866,3.1092422049437395e-7,0.00044459899647307857
52,0.5137461815013005,0.5137459102703,7.406296756661112e-6,0.4726219817767763,0.06684758983884743,0.06684626952293304,1.1855339812553133e-7,2.3509980533214073e-5,0.7006520801758214,0.700652010047367,7.81535659349908e-6,0.3324141967141834,0.7770937610465423,0.7770937332315733,5.972640111535581e-6,0.236783115319988,1.8773114465867995,1.8773114437376428,0.017750057096332178,813.274691808402,1.324004524684211,1.324004524684211,0.00013405936462743275,3.7407285718765855,0.8651795757054482,0.8651795696473653,3.2010094679521706e-6,0.02806690321078605,0.6081030217399978,0.6081029876087618,7.934254087250035e-7,0.011136175295142466,0.865716712043804,0.8657166586383646,2.1537422424663815e-5,0.33875626008702103,0.928085290744395,0.9280852030600295,7.69166602999493e-5,1.251133209383148,1.670757499096789,1.670757423742254,0.015420591990080407,413.8327250054665
53,1.1882552486021358,1.1882551313345193,0.0028411969253801326,206.00233616823027,0.9037996710932246,0.9037995734398698,0.00013146080997893618,7.311208067969351,0.8570053819346013,0.8570053246004845,3.5970116737258616e-5,1.592404945818367,0.28912211470652655,0.28912203994627744,2.567655325482411e-7,0.00016370799767596758,0.947128937060204,0.9471289314128689,1.1338593368550403e-5,0.3970741197911753,0.9073995028762222,0.9073995028762222,2.9616942223926806e-6,0.06711216432281965,0.522404870676829,0.5224048606437492,2.3197702363314028e-7,0.0007131219172665797,1.2612146106307691,1.2612145941741668,0.00018487623667742337,0.21833528537612487,0.2532126100929821,0.2532124275033526,3.298324117731662e-7,0.0003450032193589804,0.8593450504541688,0.8593449557558046,4.588297501935032e-5,0.8269850941248287,1.0015325614026795,1.001532435696173,0.0002461274583340491,3.898098279451388
54,1.3453934230966034,1.3453933195255163,0.009246708173379397,684.8397830917002,1.5195139946565432,1.5195139365727959,0.015434027316802745,971.0672523809326,1.0110230374774414,1.0110229888775142,0.00013889341936991893,6.451959331653153,0.6653104669313603,0.6653104344430106,1.803075986315362e-6,0.06660791774207948,1.208110550950759,1.2081105465233872,0.00011992685022215021,4.6033371900593565,0.8315329711272869,0.8315329711272869,1.2438442034597862e-6,0.027431466913648714,1.2460344982408313,1.2460344940344232,8.467724514094525e-5,0.31873025250849824,0.8738782898546792,0.8738782661038804,9.33342123951774e-6,0.11125185466976373,0.39040364761513224,0.3904035291890179,5.199984810823001e-7,0.0031702273992676544,0.7023894013946189,0.7023892855349937,1.2485864864806787e-5,0.2663285609579438,0.8935451003391647,0.8935449594406677,0.00012070189541165153,2.2537383847765584
55,0.5922284479992339,0.5922282127118509,1.7096442492922468e-5,1.1013137734002616,0.4701214678871682,0.470121280150405,1.8025397346929693e-6,0.08434504893617022,0.9466101559457457,0.9466101040387955,8.022327059135653e-5,3.644639539663043,0.3494963734564942,0.34949631161081546,3.1146076786992014e-7,0.0006062760199857109,0.8336202419047053,0.8336202354884089,3.4809163450188277e-6,0.11740887483615749,0.3707145085960358,0.3707145085960358,3.9393980561112574e-10,8.032538282903873e-6,0.3480545967594507,0.3480545817005209,1.549589777179815e-7,2.8961541881472944e-5,0.8362593429654183,0.8362593181461948,6.636173171381826e-6,0.08528212987513387,0.6577702547087354,0.6577701844197825,3.3022332544646307e-6,0.06612772249423672,0.9737627980630098,0.9737627144917645,0.00010591924701947835,1.601349630502606,1.4623819073923379,1.4623818213004935,0.0035681689402691156,47.73859841542284
56,0.663376288698806,0.6633760786462636,3.4706825070735626e-5,2.2552956748497883,0.7236181769324503,0.72361805496333,2.570523020500093e-5,1.372366957414765,1.52943619900796,1.5294361668813206,0.007672226699128123,401.59295538837813,0.7649641536519839,0.7649641253959685,5.256456040021885e-6,0.20752192833047722,0.36748371606568486,0.36748370151060566,1.6434775520964565e-7,8.044295175903344e-5,0.7333755035993533,0.7333755035993533,3.551529848783366e-7,0.007650827217224014,0.5589295044602133,0.55892949508277,2.5954022156343235e-7,0.0011117793819148,1.9474368925820698,1.9474368819243137,0.014219434946047006,442.9830745034423,0.30232399107541713,0.302323838146794,3.981372182067894e-7,0.0008455243405508198,1.2092026704691203,1.2092026031697582,0.00047673904539397797,3.0941871043909495,1.572398784294769,1.57239870422656,0.007525757016076237,164.41451152706352
57,0.575461609950677,0.5754613678078808,1.4392741974417467e-5,0.9243555402742355,0.4780144295609225,0.47801424492406497,1.953155301951682e-6,0.09335474903394289,0.9409244822921945,0.9409244300715889,7.635805366674054e-5,3.4624149850198593,1.5462275843595183,1.5462275703804387,0.0038965939033449464,193.1147678079703,0.4280538471514952,0.4280538346559772,1.893816717753793e-7,0.0003607619110791072,1.0457476881200831,1.0457476881200831,1.231348037500448e-5,0.29255109650930705,0.8888771807931081,0.8888771748965345,4.054319126014872e-6,0.03411437729774253,0.665825900860747,0.6658258696884727,1.2953397915302578e-6,0.020157555963002515,1.7426269514018635,1.7426269248706656,0.007175218863241217,190.11656550585735,1.13489824074716,1.1348981690415516,0.00030504123094046075,2.9668867515366117,1.615392309380283,1.6153922314430822,0.010237901541635876,249.6486687119306
58,0.613659252622354,0.6136590255519087,2.123181749861931e-5,1.3730050841996762,1.0999793847933905,1.0999793045563702,0.0006605220456995456,38.590382039623016,0.5903125289992021,0.5903124457625334,2.4097841728347115e-6,0.09679216790783943,0.674493718392788,0.6744936863467683,1.9811020841844896e-6,0.07427487561343181,1.3896836577233107,1.38968365387441,0.000510570633619464,20.989578890216553,0.5030383115642919,0.5030383115642919,8.269926476731564e-9,0.00017137827995942505,0.3928374233585947,0.3928374100163584,1.7125752660973993e-7,9.187083773792104e-5,1.6365014584838709,1.6365014458011402,0.0019286295562745306,33.117469269103054,0.5196180473083657,0.5196179583315024,9.558615817974234e-7,0.016270940626266682,0.8100191975057349,0.8100190970407443,3.1205823434448506e-5,0.5952624090609286,1.5092403960615735,1.5092403126426857,0.0048616740558554,84.02280994038811
59,0.6466450191931485,0.6466448037057125,2.9479316615116127e-5,1.9125780551917995,0.19649278862700573,0.19649233945446062,3.516286643680914e-7,0.0009681796121462912,0.7070460850999934,0.7070460156057293,8.32995730224865e-6,0.35566225001777363,0.5863136195888328,0.5863135827231716,8.219317764509362e-7,0.024779533487022616,0.13886114078422288,0.1388611022654898,6.220949178458266e-8,1.4547001780424925e-5,0.94262565045971,0.94262565045971,4.347351630950535e-6,0.09932112603446973,1.1636866652451265,1.1636866607410534,4.5416345612314673e-5,0.21326306564262973,0.9658743382585359,0.965874316769915,2.0665087021707958e-5,0.1949358346320701,1.3605759432212303,1.360575909240047,0.0006522366891797169,1.9422723307454408,0.6377179122228932,0.6377177846138475,6.8766478252968254e-6,0.15437980434017998,1.594486443878874,1.5944863649198115,0.00879274026777855,204.40573638338543
60,0.21612296879483894,0.2161223240504943,4.997147407272421e-7,0.006849267465416674,1.282435434212294,1.282435365390843,0.0026976428201173656,164.46814447097202,1.2976601561431997,1.2976601182783971,0.0013692814905416453,68.82014850798356,0.706384472025612,0.7063844414263565,2.8095717723903067e-6,0.10778183655993702,0.4262977373728861,0.4262977248258935,1.873858347703044e-7,0.00034249343743301047,0.7762451012995412,0.7762451012995412,6.209790554484704e-7,0.0136159438345421,1.1941506740222154,1.1941506696330462,5.7405684651670545e-5,0.24990742121955248,1.54303842004611,1.5430384065951765,0.0010914102546900953,13.262914044121509,1.0941438366320089,1.0941437943761563,0.00011992279831394617,1.0895381402886213,0.4167056938948371,0.41670549860452466,9.173354295406489e-7,0.01518274680413402,0.9688110421898287,0.9688109122375937,0.00020021580627967885,3.350861568483331
61,0.5948332818312115,0.5948330475741757,1.7558053526987215e-5,1.1314949197258066,1.323030053153475,1.3230299864436774,0.003656160106019429,224.72457760369093,0.1503869095448388,0.15038658281627942,2.033269863914209e-7,3.4075620873413725e-5,1.4852784694912504,1.4852784549385325,0.0024881854256004364,121.82780511666644,0.45698547617460084,0.45698546447017074,2.0130397284301742e-7,0.0005758788314070662,0.35141380666870564,0.35141380666870564,2.299709603448764e-10,4.70116159595608e-6,1.2052065076267078,1.2052065032778019,6.217561787153129e-5,0.26463709571981514,0.9412154905006979,0.941215468449098,1.676040948626227e-5,0.17002448080320615,0.766388891682005,0.766388831354954,9.13026226893659e-6,0.16545494071357064,0.7913912150279857,0.7913911121982224,2.6841601254093628e-5,0.5224131332128519,0.3049495486765616,0.30494913582388655,7.467083551561276e-7,0.009826066652170852
62,0.3194208524046982,0.31942041616533523,9.239221680707208e-7,0.038995556700501345,1.388948105196961,1.388948041653142,0.005980088707132328,370.54623785286424,0.45021428453987333,0.4502141754015084,7.050027577128725e-7,0.016032144758314815,0.2543286617275227,0.25432857673968856,2.2679158438319014e-7,0.00012885157348421913,0.455094109800601,0.45509409804752743,2.0424045223705377e-7,0.000534838954458985,0.42282724087715406,0.42282724087715406,1.4671033854043334e-9,3.0015005055726193e-5,0.6773196897397525,0.677319682001413,4.780632487248208e-7,0.004707951552747078,0.38127138066749416,0.3812713262303932,3.389942412150254e-7,0.0005350664858839621,0.9140290182094475,0.9140289676268288,3.176476380391041e-5,0.46094773281672546,0.763124027031536,0.763123920392813,2.1188300055048175e-5,0.4256196216553788,1.5947544475093942,1.594754368563601,0.00880755968732647,205.06153857873431
63,0.6526074095402985,0.6526071960216121,3.1250132758899035e-5,2.0288180832162137,0.2500176212423609,0.25001726823073334,4.507328333182162e-7,0.0031245902883285637,0.3869111792624886,0.3869110522678303,5.327679026933174e-7,0.006357597820939065,1.1780092877153783,1.1780092693667634,0.00023077822217323812,10.420867395087072,0.920934619051334,0.9209346132433707,8.703786079799719e-6,0.30271724439113895,0.43325758065401876,0.43325758065401876,1.867402650474005e-9,3.830862187331252e-5,0.6453518275829396,0.6453518194612772,3.7629375276960015e-7,0.0033145326680633033,0.65609873524447,0.6560987036100429,1.1828513681339743e-6,0.018388083164428495,1.4955529099445934,1.4955528790302874,0.0014644021643900344,16.52427513563868,1.097990084723401,1.0979900106074596,0.00024182207139231273,2.6963063715699094,1.0736389430035618,1.0736388257395977,0.0003851935501605488,5.12677483979326
64,0.08565170727304987,0.085650080391557,1.9026926590553519e-7,0.00021787263937541484,1.5865660010462739,1.5865659454172822,0.02484576920518002,1571.4305412187152,1.250453022168432,1.2504529828741564,0.0009524589467688146,47.3409055016578,0.7671177645090906,0.7671177363324013,5.36404635369669e-6,0.21252882678041427,0.878015843479154,0.8780158373872884,5.5895116442555286e-6,0.19177750644373284,1.8081741737546921,1.8081741737546921,0.004237107682760042,161.06006808460407,0.6252079588752898,0.6252079504919518,3.316120056367603e-7,0.0026042144110119915,0.43312317763898095,0.4331231297188757,3.802035645299072e-7,0.001276543687391638,0.71329351791588,0.7132934530982685,5.599842758490555e-6,0.10754018574436958,0.379799042848638,0.37979882858114433,7.490597123276855e-7,0.009532317063532752,1.087272437237081,1.0872723214435098,0.0004159052603152314,5.344500978566907
65,1.1362266834639592,1.136226560826581,0.0019062797346264119,136.77310725605795,2.027941523992795,2.027941480471291,0.46590823198598924,29873.795780263546,1.69376302748006,1.693762998470308,0.02470247220640156,1313.154794762188,0.6878568148279433,0.6878567834044863,2.2973521150265755e-6,0.08681324431046096,0.6296187456668516,0.629618737171624,3.957459730644814e-7,0.009054524406618632,0.5608204317734545,0.5608204317734545,2.4515531218070656e-8,0.0005112184157248233,1.1506137354599764,1.1506137309047295,4.077253421179873e-5,0.19937980583316556,1.1871157819237717,1.1871157644399613,0.00011127243947479102,0.33922341166550735,1.3660727055403399,1.366072671695889,0.0006738117253399233,2.1992008423632825,0.7400281320221391,0.7400280220552763,1.7379950512687457e-5,0.3578331948944361,1.5380127026222739,1.5380126207639415,0.005904011555995522,115.28124550195614
66,0.7386843463361554,0.7386841576982447,7.051137730204738e-5,4.628089819146542,0.1182007108147216,0.11819996412425543,2.1390706413637554e-7,8.244243097650257e-5,0.8413936109299672,0.8413935525320355,3.109603378640086e-5,1.3719590886403796,0.27488765605413723,0.27488757742259035,2.465846510069542e-7,0.00010907217781864174,0.6894259732157894,0.6894259654575169,6.949420135873868e-7,0.020397574589994878,0.3468322421856962,0.3468322421856962,2.0229638797006692e-10,4.121571732642807e-6,0.8467371408048266,0.8467371346147949,2.647459841498459e-6,0.024030736267835952,0.19771059810254668,0.19771049312429642,1.755049559939965e-7,2.9562815289341588e-5,0.7378947998460685,0.737894737189465,7.04610251804878e-6,0.13199625094477405,1.2793356703860255,1.2793356067760049,0.0007187376192177937,2.051011297944209,1.1088786161048547,1.1088785025674879,0.0004726661266786242,5.655660467274168
67,1.6058796604171324,1.6058795736460865,0.05920637516252402,4471.722660078382,0.8079916386387587,0.8079915294061046,5.670881926118346e-5,3.0709188057384824,0.81839133259952,0.8183912725602152,2.4997435893558886e-5,1.0989350462058047,1.3004827502144753,1.3004827335938485,0.0006102984393090036,28.628516340592608,0.5260706470217614,0.5260706368543921,2.389397029661849e-7,0.0019279080321943155,0.48195253492673706,0.48195253492673706,5.3850318058109745e-9,0.00011151236333555655,0.41469903980887995,0.41469902717000406,1.839227757960478e-7,0.0001576222344442243,0.8499091048320163,0.8499090804113961,7.5107101624606785e-6,0.09418034723370061,0.5198888102500981,0.5198887213195748,9.64466132875281e-7,0.016249509481226686,0.24540993909519465,0.24540960749240243,4.317888896113174e-7,0.001195621080095823,1.8005082782237265,1.8005082082994968,0.04042393667727029,1219.5320173710982
68,1.2439587735852495,1.2439586615687879,0.004341476188123306,317.28240295213203,0.18282724878236997,0.1828267660360496,3.245074840192234e-7,0.000771683222804821,0.5363680458220906,0.5363679542140064,1.3843785050040824e-6,0.05020945901775032,0.8475277924409093,0.847527766937511,1.2182621383618232e-5,0.4958133122302532,0.9820629447574228,0.9820629393109751,1.5871620013785902e-5,0.5650581585118523,0.28133711464609906,0.28133711464609906,2.4999857796381408e-11,5.070712103500914e-7,1.1166326820035881,1.1166326773097173,3.124933768680189e-5,0.16411169402000192,0.9211863307787378,0.9211863082476747,1.4152111029880596e-5,0.15078197362092838,0.5318089365941726,0.5318088496569653,1.0514441151540177e-6,0.018577947121922355,0.9096448281411219,0.909644738679205,6.703016607589276e-5,1.1254992763261593,0.9940733090834928,0.994073182433719,0.00023493137057215626,3.7734712526306713
69,0.41404307112678956,0.4140427345823081,2.39375845036147e-6,0.1443245361808241,0.6707563747971216,0.6707562432157054,1.5333961748661596e-5,0.8081959458746635,1.0174241703889064,1.017424122094746,0.00014698621173752507,6.82275659334451,0.895519761203069,0.8955197370664282,1.948704137226997e-5,0.8024637754476412,0.5354461695629678,0.5354461595736265,2.467698679231253e-7,0.0022401013059755812,0.5462985076725813,0.5462985076725813,1.881610557025154e-8,0.0003925360631195305,1.2525761408455518,1.252576136661112,8.881726207124859e-5,0.32821352044263963,0.8079667174174473,0.8079666917291275,5.083362699678503e-6,0.06912205928498437,1.2139240434327117,1.2139240053463247,0.0002641843954259069,1.2161610196055697,0.9011574176863244,0.9011573273818243,6.315006873931993e-5,1.070098932487706,1.019568389912284,1.0195682664294843,0.00027586509292405997,4.211870613859729
70,1.3472692539330795,1.3472691505061967,0.009356692471731798,694.2933170592246,0.8794941775874141,0.879494077235334,0.00010676224151606686,5.89059734498332,1.1895636695999903,1.1895636282943864,0.0005928046403161966,28.993729199722537,0.7490718578652354,0.7490718290097408,4.434659288549748e-6,0.1744143049628521,1.2492463334310981,1.249246329149513,0.00016774119085182223,6.5589464588397774,1.3883341921682648,1.3883341921682648,0.00022152414987137555,6.3988279430395725,0.8043734132558139,0.8043734067397735,1.7101097654192533e-6,0.016623887507109858,0.9602941389517211,0.9602941173382314,1.967639702158162e-5,0.1893429898826538,0.750080982097966,0.7500809204593124,7.893067627087072e-6,0.1455295049472788,1.097006270454753,1.097006196272343,0.0002402229634270051,2.68737933963088,0.8030140536002541,0.8030138968169906,6.227088859324164e-5,1.2916578534344685
71,0.7915138280908437,0.7915136520435473,0.0001135156639484335,7.513791261091972,0.6373618288457072,0.6373616903700868,1.0871941363248726e-5,0.5719514043241847,1.101539247973903,1.1015392033675524,0.0002938407256248517,14.005242919768545,0.8892029143572014,0.8892028900490954,1.8331064711266854e-5,0.753703670213738,0.6140576594294362,0.6140576507189277,3.5405395715461933e-7,0.007247367607056041,0.6462677281398184,0.6462677281398184,9.993345533003984e-8,0.0021315844818557404,0.5438194522039994,0.5438194425660033,2.4518018346309176e-7,0.0009285534557939182,0.5184097446791803,0.5184097046426877,4.943137583248302e-7,0.003935981652653892,1.1799460711777399,1.1799460319946096,0.0002119970732181394,1.2670433912267365,0.3538554227999924,0.35385519282303773,6.564081343596322e-7,0.006572248787977174,1.357912650221796,1.3579125575065862,0.001906214149687514,7.869960963186515
72,0.11249901458498197,0.11249777595527806,2.554912912957333e-7,0.0006077968835553589,1.6172372454384496,1.6172371908644734,0.03078651753730303,1952.452939664229,0.6937379391347919,0.693737868307402,7.270371474505446e-6,0.30867458452534313,1.6462490957970666,1.6462490826673168,0.008049092598897276,404.6751925669309,1.068526680363975,1.0685266753582465,3.564087405945908e-5,1.3050316416156236,0.5807651193183049,0.5807651193183049,3.4749920809186434e-8,0.0007262165101889219,0.4251497516990781,0.4251497393708815,1.8577829119618994e-7,0.00014654468667757656,1.0310758973316596,1.0310758772019026,3.4996872939234164e-5,0.26687294368111836,2.1900301762266072,2.1900301551154917,0.1601774706519951,5548.666602480762,1.1746421983138968,1.1746421290344442,0.00038786440954961826,3.1399310369429227,1.232938112299891,1.2329380101867715,0.0009542386542331593,5.2595287106874045
73,0.4796945900050564,0.47969429952044573,5.061272088652058e-6,0.32028914249538937,0.8312834488234402,0.8312833426513867,6.979830650242924e-5,3.8079290333489384,0.5229570425944545,0.5229569486371209,1.220069062002199e-6,0.042552767632603614,0.37535759572317806,0.37535753813851636,3.378427032444205e-7,0.001093129068075403,0.4924715066386824,0.4924714957776387,2.224055779655966e-7,0.0011240293218456397,0.9332319675755039,0.9332319675755039,3.9284337409199205e-6,0.08959116397277962,0.9834780530934929,0.9834780477641115,9.940381510904704e-6,0.06963300720583715,1.5165698274000454,1.5165698137143535,0.0009292486017249154,10.025004945885435,0.20107990239583656,0.2010796724673062,2.6205027837010744e-7,9.925395794572625e-5,1.6975593649089362,1.6975593169703669,0.009877459220962436,256.99726644593454,1.687182111510638,1.6871820368896746,0.017460545150039683,477.78974032054214
74,0.5069592038674132,0.506958929005273,6.854354543654406e-6,0.4383092816201873,1.498761881149786,1.4987618222618013,0.013283176004423481,834.9873638723915,1.516888653620735,1.5168886212283472,0.006996605092154852,365.99478866247284,0.6226434405924929,0.6226434058778589,1.1566614805302436e-6,0.039342518625538996,1.2618192485625164,1.2618192443235936,0.00018643842199263014,7.300173160654694,1.0667781210608362,1.0667781210608362,1.5001186927105846e-5,0.360714002246922,0.6722077458639902,0.672207738066803,4.6260748702603936e-7,0.004500598374074268,0.6192505829656858,0.61925054944887,8.659553384288257e-7,0.01252756144313629,0.6963425645260338,0.6963424981305777,4.7709793151946975e-6,0.09306835205038835,0.5924241439648643,0.592424006599471,4.448884116704745e-6,0.10203674407819299,1.6925903698729696,1.6925902954904393,0.01815165778443846,500.80735198548234
75,0.5684685086368015,0.5684682635152479,1.333786850215017e-5,0.8587174724619095,1.3009968575176893,1.3009967896781194,0.0031076784736329705,189.84557679159855,0.7528334533389709,0.7528333880713518,1.32187011459529e-5,0.572235186942811,0.2598202176806058,0.2598201344890737,2.2879400783884942e-7,9.667546757389518e-5,0.9697286106962204,0.9697286051804973,1.409382800434084e-5,0.4993926885473242,1.061123141298431,1.061123141298431,1.410654222553269e-5,0.34112381295421573,2.0994434925856855,2.0994434900891528,0.013143426963529846,180.79420762018853,0.9345356657676077,0.9345356435583886,1.5868124843934887e-5,0.1633351462694849,0.9001502507397149,0.9001501993771993,2.843797181335656e-5,0.42304715293540845,0.570044641739119,0.5700444989808676,3.5689927764722472e-6,0.08233654004108476,1.2810091609807983,1.2810090626995678,0.0012393772907846319,2.9709501256046464
76,1.0318858431474478,1.031885708109387,0.000841687976709158,58.99311601751544,1.2026146476501895,1.2026145742608725,0.0014670420234836083,88.0581993230796,0.5122566998478963,0.512256603927922,1.1105859596330385e-6,0.03690198114434465,0.48531034882568824,0.48531030428750854,4.6264541246890665e-7,0.006002962539017677,1.088268505607414,1.0882685006924924,4.252520828102843e-5,1.569187984295561,0.562660476847636,0.562660476847636,2.5397087557683492e-8,0.0005283317042345778,1.207222238435487,1.2072222340938425,6.335888950946611e-5,0.2659836804622427,0.6166520619224402,0.6166520282643874,8.440642404926411e-7,0.012212544363144864,0.8333583915182496,0.83335833603914,1.643912856497012e-5,0.2715781628372192,0.893346352150769,0.8933462610566821,5.95398662879734e-5,1.021318979167625,0.44414890566461596,0.44414862220294293,2.3518133711811723e-6,0.058233825402680475
77,0.34219566842836646,0.3421952612229288,1.127349383625392e-6,0.05445702625049363,0.7905647993225484,0.7905646876820207,4.8290656052267484e-5,2.6094659371001243,0.7104089931216846,0.7104089239563899,8.622706259418405e-6,0.36853016334564864,0.9277586403684199,0.9277586170705083,2.6323123146294565e-5,1.0985811029067778,1.1265806785323713,1.1265806737845938,5.961277304445277e-5,2.2307930523675874,0.9806851618100706,0.9806851618100706,6.400920810515169e-6,0.14969396589472903,1.1441959778392155,1.1441959732584184,3.892792029711423e-5,0.19176015305330127,1.5020571903336914,1.5020571765157706,0.0008514319860644698,8.552589930722057,0.7099027908065446,0.7099027256793432,5.423887692518876e-6,0.10450016483958251,0.5056155034250261,0.5056153424754934,1.9011914199307804e-6,0.04278100438881284,1.297819771442617,1.2978196744344197,0.0013629874538074736,1.858505014401797
78,0.6580573529747922,0.6580571412244397,3.304412210652605e-5,2.1403125277331694,1.8023687565328401,1.8023687075644665,0.10897513426500138,6960.156930109182,0.8745314933878982,0.87453143720279,4.222702195165288e-5,1.8786497342052921,0.22577471687931652,0.2257746211429852,2.021900767047028e-7,8.803308543022e-5,1.4696611043100052,1.4696611006705576,0.000940424024483386,39.6474773351989,0.7183540297578961,0.7183540297578961,2.888472528172708e-7,0.006203509394849554,0.8605854756240103,0.8605854695335873,3.0500348355640755e-6,0.02703414634580257,0.38505143331505304,0.3850513794123616,3.372448689720585e-7,0.0005979229309112159,0.5282024288848944,0.5282023413540894,1.0269290368544673e-6,0.017976839268951578,0.48424791711066484,0.4842477490591827,1.5567743737614398e-6,0.03372015641200254,1.5628540565308573,1.562853975973652,0.007026065289268714,149.26630241751585
79,0.5998703965563089,0.5998701642663313,1.846300670012301e-5,1.1921437474026582,0.6998453271839905,0.6998452010717345,2.0452552342853797e-5,1.0841580733601242,0.9711851769328738,0.9711851263393851,9.921876070854935e-5,4.54158249915208,1.4794908717498279,1.4794908571401815,0.0023818250899503815,116.56429847099605,1.133001284134828,1.1330012794139557,6.306458662419436e-5,2.3645447208167796,0.8555971373852599,0.8555971373852599,1.6540652998910856e-6,0.03670433008678797,0.9319371812499949,0.9319371756258715,6.157172283291203e-6,0.04777288377223934,1.2541837911486777,1.2541837745998214,0.0001761832634025573,0.2223287314100654,0.5589387812929671,0.5589386985755301,1.3053242626556094e-6,0.024910626586609853,0.5910222094257563,0.5910220717345254,4.3924986822045084e-6,0.10075101091410006,1.4486676499402729,1.4486675630334136,0.0032725301944592534,39.75717984630213
80,1.6275997964755289,1.627599710862433,0.06868058541078254,5195.288851434987,0.5011635301064306,0.5011633539980841,2.5128537316925317e-6,0.12373853026645068,1.0173466212220497,1.017346572924208,0.0001466352457849522,6.816776491711418,1.3206029888265982,1.3206029724591972,0.0007133446148829051,33.65415414664378,0.8344337004544409,0.8344336940443996,3.5038905744319643e-6,0.11839167228598807,0.981872836696928,0.981872836696928,6.549095368445579e-6,0.15154851589109605,1.3033149556447656,1.3033149516232283,0.00012675661510622087,0.40341000360465157,1.741051479509943,1.7410514675888094,0.0036936616971854253,84.04551812808012,1.34027673044471,1.3402766959488635,0.0005775347786870776,1.1302541099501837,1.203300918994084,1.203300851364643,0.00046024260416767463,3.117530365837436,0.20279267846242185,0.20279205763456268,4.4884163177206807e-7,0.001620617212124048
81,0.7051184309667851,0.7051182333490978,5.1764723496274116e-5,3.374165399029458,0.8738882935087717,0.8738881925129455,0.00010167289970861224,5.603210631262546,0.685051167676659,0.6850510959511444,6.616554755669024e-6,0.2813814353309486,1.7508042721886035,1.750804259842941,0.016876770612456925,858.6104083221105,0.4108668338232617,0.4108668208050424,1.8363378514470356e-7,0.0002755267157757401,1.0200419929339735,1.0200419929339735,9.577459105081282e-6,0.22557527521894816,0.5006462300436547,0.5006462195745263,2.225566741269976e-7,0.0005330368014991443,0.3285824021232738,0.32858233895705125,2.8846249262179235e-7,0.00021637448498943468,0.16958671550240717,0.1695864428748194,2.2126832288784273e-7,6.922907155916636e-5,0.8186699213845132,0.8186698219811165,3.336138005622579e-5,0.6320859219975609,1.0727588389477376,1.0727587215875687,0.00038298948004598373,5.112631951796765
82,1.4550488900169405,1.4550487942511832,0.02051826618303988,1535.275040857251,0.96808965359065,0.9680895624223693,0.00022630587721647526,12.79676846189153,0.588047553895392,0.5880474703381217,2.3516330901348185e-6,0.094245025362178,1.3162917098870812,1.3162916934660718,0.0006901174821558066,32.51279864751779,0.045587179006729615,0.045587061676342557,2.0424520252332788e-8,4.834827861600386e-6,1.3555475551527518,1.3555475551527518,0.00017206940394195222,4.876856832857234,1.0734143630291275,1.0734143581462698,2.173471427557488e-5,0.1267908596710223,0.31816131981101853,0.3181612545758439,2.787342331546531e-7,0.00017966153588402833,1.735449375290809,1.7354493486498819,0.006829574680820634,178.726077967422,0.7273735475518898,0.7273734356718625,1.558796689547173e-5,0.3244570662497765,0.6109903870478751,0.6109901809903403,1.244652048540666e-5,0.3002505250168271
83,0.3090912179306263,0.30909076711239675,8.589040766821429e-7,0.03363087224723135,1.3454485767635558,1.3454485111653094,0.0043287659503883046,266.68618103923285,0.9532036866928519,0.9532036351449541,8.472805869486974e-5,3.8662213442020117,1.3336829844765834,1.3336829682697044,0.0007903681498332664,37.369862535115544,0.8080597455377441,0.8080597389184878,2.6239113113660707e-6,0.087704529950367,0.411665583352753,0.411665583352753,1.1161176013464897e-9,2.2948145451659988e-5,0.8494838359845509,0.849483829814534,2.7335551424158344e-6,0.02461393915773548,0.3216809129971607,0.3216808484757409,2.8177775051504115e-7,0.00018618443064993202,0.12424203379488001,0.12424166166599714,1.6267077276008158e-7,3.548928141864839e-5,0.9684687723957497,0.9684686883676716,0.00010209048696579265,1.5583392571276315,0.6842573033748556,0.6842571193809572,2.3871508730567637e-5,0.5491062928692775
84,0.8376706497414794,0.8376704833946367,0.0001692131244327628,11.347199340576363,0.9665282151196466,0.9665281238040824,0.0002234265973235753,12.626530780865288,0.7024308978796234,0.7024308279287607,7.9271454546508e-6,0.3388250299108855,0.6113709671672184,0.6113709318125151,1.0337786564359505e-6,0.034151309858323244,1.0345088815943198,1.0345088764239876,2.608289788029703e-5,0.944365172922061,0.5929483191283835,0.5929483191283835,4.2701652168481665e-8,0.0008951764317054993,1.1377453041063268,1.137745299499558,3.695511631026192e-5,0.185355219097821,0.5665864450457945,0.5665864084135948,6.093813753569798e-7,0.007144184844164628,0.9397764067825877,0.939776357585799,3.8855004455820736e-5,0.5365294444450777,0.3582036492615398,0.3582034220762723,6.778294944197763e-7,0.006962495924133786,0.959554875451215,0.95955474424542,0.0001879784126868185,3.2056459237555566
85,1.6616007482808166,1.6616006644196017,0.08656091138776031,6557.258966789126,1.1087648973390192,1.1087648177377725,0.0007081447222828436,41.46070028502043,0.5464749549684943,0.5464748650546775,1.5330712900368468e-6,0.057090543983973244,1.357204163696192,1.3572041477701882,0.0009480811535750157,45.06062039597899,0.47876130749042894,0.47876129631835956,2.1319239374854257e-7,0.0008866499916322376,1.0245267521024561,1.0245267521024561,1.0013235519845155e-5,0.2360147000276447,0.7467478112835476,0.7467478042646725,9.321580684005897e-7,0.00961383695294225,0.9244308351056235,0.9244308126536384,1.4523655056494729e-5,0.15389604210034924,0.12645293661627316,0.12645257099370968,1.6781854461401102e-7,4.4303793903729174e-5,1.4419564265238618,1.4419563700876434,0.0018445942128300628,16.05319801975903,0.44336446423899334,0.44336418027579333,2.3397350700093065e-6,0.057812444603353566
86,2.172133807190694,2.172133743040016,2.150433888492027,163750.51239053608,0.3769499837463615,0.3769497496062997,8.056966238721041e-7,0.024314147003147532,0.5319959288821716,0.531995836521222,1.332605169242323e-6,0.04769416483049548,0.5619067473778414,0.5619067089108906,6.771696776271614e-7,0.01796512792296876,1.013511914956302,1.013511909678856,2.1434179596854002e-5,0.7706010453741114,1.7727484526718962,1.7727484526718962,0.003327635914411219,124.54784574229686,0.7077395387578899,0.7077395313521575,6.305268204009663e-7,0.0065115695650703855,0.255744864104815,0.2557447829485012,2.254573441523934e-7,4.349698902143849e-5,1.4726924604461034,1.4726924290519179,0.0012761843261037242,12.46375859949847,1.3441670254455889,1.344166964903583,0.0010440600404162475,1.8453826956518273,1.5767072564145934,1.5767071765651768,0.0077654124576113275,171.681216348682
87,0.699414487373197,0.6994142881438754,4.898461701168705e-5,3.195823569523299,1.4331703334544539,1.4331702718713573,0.008265531170523718,515.4564142849691,0.1401023408470779,0.14010199013411956,1.8645086135928044e-7,3.8224131046680186e-5,0.7734335851855303,0.7734335572389305,5.7439679837118075e-6,0.2275283476774161,0.7238835788971326,0.723883571508162,1.013918018133571e-6,0.03181680522157368,0.8960243628179386,0.8960243628179386,2.6017029719589424e-6,0.05894407605837924,0.8829965683684746,0.8829965624326308,3.829886157006001e-6,0.03250891274045157,0.8615635907126806,0.8615635666224015,8.356349902311136e-6,0.10222153738580904,0.7583980545912102,0.758397993628525,8.492839995133586e-6,0.15546089310591385,1.3202672773805306,1.320267215742581,0.0009091738143429775,0.961415199842818,1.6726044607863804,1.672604385515055,0.01559983544056754,420.5481168653945
88,0.5549138451904357,0.5549135940813911,1.1556541210660442e-5,0.7429778371175688,1.2690937626473513,1.269093693102397,0.002436976699523659,148.3214233816451,0.31992175994865973,0.31992160636218053,4.2669713484638805e-7,0.0021488099086800698,0.8054765581812742,0.8054765313464287,8.006688417867202e-6,0.3206131165344842,0.993467312433482,0.9934673070495559,1.770834041737518e-5,0.6328350284327268,0.5273606677086994,0.5273606677086994,1.3244701328630473e-8,0.0002753623220101864,0.6698111240433587,0.6698111162182727,4.500349352604222e-7,0.004314186351478057,0.99770731586239,0.9977072950593879,2.676393351443227e-5,0.2295670793605436,0.26521315192705747,0.26521297759937096,3.520582454827122e-7,0.00036981437630291027,1.070313487695753,1.0703134116632915,0.00020309996732186347,2.454764440899631,2.5388706629456093,2.5388706133569654,4.907702436381878,156217.3833880671
89,1.5167391681903382,1.5167390763196584,0.031808978143443585,2391.087850144225,2.3510992852397403,2.351099247700251,3.1760787431948008,203817.2230044072,0.5531990580695245,0.5531989692486053,1.63462620070211e-6,0.061873844339651506,0.5035063036230315,0.5035062606943942,4.886032148480384e-7,0.007985189060225875,0.7147523338383156,0.7147523263549479,9.148052439705347e-7,0.028355803947715502,1.9076199329940546,1.9076199329940546,0.008247292484589283,327.7821394818302,1.3525846573704805,1.352584653495433,0.00017956053649776898,0.46919497904092633,0.14300322151849598,0.14300307637968407,1.2462380495078413e-7,2.0561227053426094e-5,0.46801586937143536,0.4680157705842191,7.055912906329331e-7,0.008886936012402697,1.237834823185866,1.2378347574431943,0.0005648889668049958,2.8655187150671035,0.6904669246483691,0.6904667423091957,2.5225806769179626e-5,0.5760798564311186
90,0.8629574779187512,0.8629573164462909,0.0002102500954914116,14.168054078438951,0.5404750510823737,0.540474887783294,3.854243769518188e-6,0.19708185016431765,1.2954664951996784,1.2954664572707582,0.0013477945708242646,67.64047525111253,0.5097647295853018,0.5097646871837033,5.085415592516346e-7,0.008627948217863916,0.4073319575512737,0.40733194442008064,1.7990910697798616e-7,0.0002460027306061624,1.216406002994785,1.216406002994785,5.6689864750800717e-5,1.4682492548301214,1.4216334214298358,1.4216334177429995,0.00028277143235837715,0.5446070209883507,0.7421307388108966,0.7421307108437117,2.6993986157108806e-6,0.04052147660675812,0.6137955652509276,0.6137954899262015,2.1581075281223424e-6,0.04360593383936146,0.6035868858566728,0.6035867510317171,4.9503803950956785e-6,0.11342795007939047,1.05097281670356,1.0509726969105864,0.0003347917170939922,4.755138009237633
91,0.4609849799937264,0.46098467771945334,4.080629165813098e-6,0.25705073688043817,0.5734838161446582,0.5734836622448019,5.525488974071797e-6,0.28660005428732266,0.8564118873893478,0.8564118300154985,3.565398702980023e-5,1.5830982401276152,0.5758490582491153,0.5758490207135165,7.609052024293951e-7,0.021692091548033837,1.4298026821668743,1.4298026784259703,0.0006963530612571394,28.939481884720262,0.8115681238705846,0.8115681238705846,9.678303941570247e-7,0.021412933851356616,1.238326919497895,1.2383269152653054,7.955876078204175e-5,0.3088516457956508,1.3225814291125706,1.3225814134195428,0.00027752388356340767,0.6373214653614299,0.8875225517619311,0.8875224996686278,2.575294583974472e-5,0.3904142347876684,1.8198479548162962,1.819847910099062,0.023864494746832412,717.9274872824321,0.6453042390154019,0.6453040439149157,1.697060178069473e-5,0.40159467651075836
92,1.5450872345918791,1.5450871444067718,0.0388368747785029,2923.302245385172,0.7551156290510065,0.7551155121694739,3.468438108457811e-5,1.8633696415965928,1.6523316272319641,1.652331597494807,0.018494255057211438,979.1698427652382,1.1797181765580633,1.1797181582360277,0.00023417718532298901,10.573553135337457,1.522977112490511,1.5229771089784723,0.0014015729201120734,60.03820670340284,1.1684528861789765,1.1684528861789765,3.762604801888948e-5,0.9496416311138912,0.5321844578678611,0.5321844480191523,2.3962275071892276e-7,0.0007712289827304527,0.424110828216909,0.42411077927850194,3.769020506914532e-7,0.001073763235956576,0.5935250520064809,0.5935249741092078,1.7833488364215158e-6,0.03562439223911052,0.38368029479612825,0.3836800826961334,7.525114466263722e-7,0.009939428716043435,0.9270978552302757,0.9270977194310608,0.00015190821302239876,2.711095611169834
93,1.1523945768208215,1.1523944559040245,0.00215690191442418,155.41845833436832,0.9065446581482376,0.9065445607905741,0.00013502779550847652,7.491275899581209,0.624958791496915,0.6249587128746943,3.4952027667699297e-6,0.1447306262926906,1.0392239241236934,1.039223903324674,7.205956879931831e-5,3.1061003867045813,1.4394060066867644,1.4394060029708187,0.0007496020686037299,31.23379601892235,1.5262285889497105,1.5262285889497105,0.0006049755364722952,19.346084960418793,0.6480536761403544,0.6480536680525526,3.8215595634665503e-7,0.003405808953237538,0.5815306655761279,0.5815306298853054,6.623272419638381e-7,0.008369132577499407,0.7155209158513953,0.7155208512355595,5.707696082903236e-6,0.10974861556243033,0.5465496484104166,0.5465494995152936,2.8284082388556557e-6,0.06532265891976895,0.8553405598589879,0.8553404126671342,9.191655170905472e-5,1.800333660856476
94,1.1749235471347528,1.174923428536516,0.0025700710493579654,185.5939109075027,0.8702047443049392,0.8702046428816008,9.858225976763001e-5,5.420688586224063,0.4712911706936917,0.4712910664361681,8.091086264284151e-7,0.021431363535638785,0.7142691663323678,0.7142691360708922,3.0504798054181346e-6,0.11792656060443583,0.9799612007118145,0.9799611952536856,1.5553093077000895e-5,0.5533281751237069,0.6185592583020343,0.6185592583020343,6.475389556127918e-8,0.001370526036842354,2.126641223851603,2.1266412213869983,0.015420217464884632,223.05457577013883,0.18804494339012892,0.18804483301591277,1.6536035019158974e-7,3.759642260791273e-5,0.8810572474326829,0.8810571949571128,2.4361058329785134e-5,0.374722666500239,1.537077029807121,1.5370769768634065,0.003306180332184523,53.36216700040562,0.5326647697821403,0.5326645334248913,5.824746342448649e-6,0.14664705887227206
95,0.9654808337931444,0.9654806894672712,0.0004928531341345845,34.031852216092766,0.9135990912381523,0.9135989946322443,0.00014349692205936027,7.971772715402636,0.29343728238696387,0.29343711493837465,3.9071419923281026e-7,0.0012974274522859132,0.9429293946699774,0.9429293717469049,3.0388947837151357e-5,1.2709484389174506,1.890166758707861,1.890166755878082,0.01941470776622604,890.141740943551,0.8039830615408177,0.8039830615408177,8.816432798558771e-7,0.019459772050583142,0.801170601680876,0.8011705951387866,1.6523835012423222e-6,0.01615827476800568,1.257740469380677,1.257740452878618,0.00018082385880696864,0.2190580575036859,0.7686324575536104,0.7686323974026483,9.341784689283171e-6,0.16836706984832545,0.724809867632817,0.7248097553570658,1.5260437822733783e-5,0.31812587107961565,0.4339844784778874,0.433984188377204,2.121065977401427e-6,0.0520470752970808
96,0.45871344568764344,0.4587131419165169,3.985730544665957e-6,0.25009549821724886,0.8844368835601691,0.8844367837689101,0.00011126836199478023,6.155999618723912,0.3294638330196797,0.32946368388144015,4.4309868723702745e-7,0.0024384561599223487,0.7822094671217507,0.7822094394886936,6.277897891221025e-6,0.25026537434520185,0.45270872764089704,0.452708715825895,2.0083225442191582e-7,0.0005184263512010919,0.29209713808535837,0.29209713808535837,3.614391091768299e-11,7.384218686322357e-7,0.9634148109169566,0.9634148054765901,8.286365799833344e-6,0.06028771613285656,1.8320335858204309,1.8320335744913223,0.006577031003416627,179.05491680663283,0.6577390855988031,0.6577390153065192,3.2940900692558614e-6,0.06600647480937415,0.3580940586721611,0.3580938314173661,6.667201260965322e-7,0.007048168879951128,0.6829098437121078,0.6829096593551683,2.3681211364498592e-5,0.5430235871164378
97,1.3867222895556028,1.3867221890712738,0.012493017439322613,930.9176427456279,1.1679415685160335,1.1679414929479826,0.0011223519680716725,66.84290962555376,1.5604786486101083,1.5604786171225609,0.00959015393217515,504.29723802825384,1.1642844708384041,1.1642844522734923,0.00020642203697299427,9.277992980042098,1.1705407985731233,1.1705407940036503,8.74898496268647e-5,3.31035843422284,0.5785092004855945,0.5785092004855945,3.3222159106579236e-8,0.0006985170008154432,1.6382236236766532,1.6382236204772551,0.001049620301329991,2.15712536504817,1.243425255951055,1.2434252392590126,0.00016405994296862236,0.24109558398539946,0.4768081098285564,0.47680801286295593,7.32703640044384e-7,0.009837896268385682,1.1717468202523575,1.1717467508017159,0.0003811122420778991,3.127625478990396,0.6201400113295296,0.6201398083121947,1.3523315311832626e-5,0.32500844892457037
98,0.7124556162677798,0.7124554206852481,5.546907149202856e-5,3.6174672716960683,0.9009574451212986,0.9009573471598795,0.00012853325605138667,7.130373185814113,0.587943935792698,0.5879438522207018,2.353874134640053e-6,0.09425296053329583,0.6614481880884011,0.661448155410348,1.7305039092368225e-6,0.06359069267843602,1.6142942870322472,1.6142942837188772,0.0027518049118768037,120.45274750577393,0.33629019326411363,0.33629019326411363,1.486346572341241e-10,3.02629920520437e-6,1.5028618642035636,1.502861860715998,0.00047411191878375013,0.5981784867890391,1.309586177953695,1.3095861621049425,0.0002543573536139982,0.4791814172263255,1.143791068980238,1.1437910285585369,0.00016744000880011586,1.2304933996558887,0.9196606086663163,0.9196605201787055,7.234321736738053e-5,1.192547125677269,0.8426644288991785,0.8426642794931295,8.369327770956942e-5,1.6658901166767366
99,2.138840076563017,2.138840011413753,1.7696408797692584,134772.5090114672,0.5410830559804481,0.5410828928648647,3.890979908138071e-6,0.19820834194416798,0.8113346934759137,0.8113346329144128,2.337162366936968e-5,1.0257300715013666,1.2816472513353034,1.2816472344704144,0.0005288806831170956,24.59144791864392,1.7022409303360668,1.7022409271938825,0.005190279023351973,231.57884302134963,1.1901786764956028,1.1901786764956028,4.540563540014834e-5,1.1580769861286666,0.6454512890463859,0.645451280925975,3.8020968006997656e-7,0.0033457378812260284,1.1575551336813672,1.1575551157510702,9.016005604207841e-5,0.35641293885301023,0.7912290504787103,0.7912289920455907,1.1380303207795337e-5,0.2001850492639368,0.5161192871751508,0.5161191295011779,2.09889248186522e-6,0.0477512870333705,1.4217971182713225,1.4217970297220113,0.0027765069088665864,27.02643564795328
100,1.4439815901675785,1.4439814936678312,0.01894890417780077,1416.702620525976,1.2473038556575173,1.2473037848976403,0.002068891970324199,125.17632258713769,1.6012842386707613,1.6012842079856124,0.012850913422087487,678.4400798057137,1.088375298498914,1.0883752786391847,0.00011002195696043143,4.814256849821908,1.5375015629639965,1.5375015594851353,0.0015608185812006675,67.14904407816041,0.4952210197121529,0.4952210197121529,7.031489218747201e-9,0.00014648093135287985,0.2956441188283418,0.2956441010998315,1.3067664579705976e-7,3.443592193611412e-5,0.882004131546231,0.8820041080142467,1.0021754428241815e-5,0.11751849731427406,0.5343728990849503,0.5343728125648745,1.067537967631954e-6,0.019158157534730182,0.9102260026612429,0.9102259132564469,6.739743993222079e-5,1.1295236470227978,1.3259083207349736,1.325908225781835,0.0015906585879823603,2.6491139585680346
101,1.6580287858830003,1.6580287018411195,0.08460024104364648,6401.385387043912,0.28000598318628533,0.28000566798189663,5.091343557056318e-7,0.005170464804317761,1.8544161963600663,1.8544161698635089,0.07420481153718061,3974.6880322072184,1.0381087939454892,1.0381087731241274,7.12416280819714e-5,3.074731361844394,1.571955153708641,1.5719551503060283,0.0020149904145407775,87.38969121114563,1.7512139245463503,1.7512139245463503,0.0028784050639795826,106.43564821626576,1.0174191193878686,1.0174191142362752,1.3495267306817796e-5,0.087944215660052,1.7732328415600147,1.7732328298552307,0.004524194538215345,110.44813328674812,1.3325830342322564,1.3325829995372473,0.000550703607003014,0.9027828372234249,0.5018936932304763,0.5018935310874163,1.8330997002538611e-6,0.04108882523605683,0.9265958417009386,0.92659570582815,0.00015086116529590567,2.7055192060157616
102,1.9877561262458447,1.987756056144762,0.7134283920844787,54315.936258888134,0.8047144908981532,0.8047143812206562,5.5021063897612225e-5,2.978461339493563,1.1560610442323052,1.1560610017296657,0.00045525147414316,22.039758753659736,0.4232811783702429,0.42328112730527495,3.781577576503108e-7,0.002355238604790628,1.2377043620463821,1.23770435772487,0.00015293140657276678,5.942956088291465,0.5665445744670149,0.5665445744670149,2.7144451159271145e-8,0.000566206712071498,0.4933764588109689,0.49337644818758064,2.1655066402410647e-7,0.0004615456364494532,1.8762990005494629,1.8762989894876294,0.008790651121738621,255.0740944008715,1.2408519966115652,1.240851959351698,0.0003130371024288669,1.0899476918857298,0.4367957232167357,0.4367955369086308,1.0545812753549703e-6,0.019439146842744535,2.0249472737487375,2.0249472115746974,0.2005355019142766,6380.334342564922
103,0.6694759779010672,0.6694757697623434,3.6818647808854484e-5,2.3940521194306603,0.36291098270126865,0.3629107395036283,7.433858872189621e-7,0.01961611964393407,1.3402047454997317,1.3402047088369413,0.0018903437068551138,95.9401892825033,0.6039745085740224,0.6039744727863544,9.632062241618547e-7,0.031144011623238287,0.635381881059046,0.6353818726408732,4.145765055916023e-7,0.009875978665976452,1.2715167483598206,1.2715167483598206,8.88523694860945e-5,2.3846449443109945,0.9073538893168379,0.907353883540338,4.858188544236064e-6,0.0395158635389652,1.1137758518462404,1.1137758332111558,6.553233229833195e-5,0.3443963450235164,0.45649933291897915,0.4564992316395647,6.648389292447866e-7,0.007680250560852002,0.9923779390921278,0.9923778570885219,0.0001205767183507846,1.7583405762352247,1.4588391005717178,1.4588390142707985,0.0034889112509247006,45.609015873711314
104,0.6397768637249159,0.6397766459241707,2.755523709114486e-5,1.7863171771489215,0.5216745397848536,0.5216743706006732,3.143136220891474e-6,0.1580081353164851,0.8135208779134262,0.813520817514673,2.3843748996810193e-5,1.0479399051005134,1.2508376962400276,1.2508376789597373,0.00041395275465920425,19.113565420537075,0.45566186673188885,0.4556618549934597,2.0291997611058832e-7,0.0005499293950475337,1.0667889381519686,1.0667889381519686,1.4978705339180483e-5,0.3607491410153757,0.9109518084302586,0.9109518026765737,5.037202828366879e-6,0.04064297061614455,0.5937568593547677,0.5937568243988638,7.226844544685226e-7,0.00953202468399618,0.21170750497580595,0.21170728658957608,2.756268626757577e-7,0.000150805041913868,0.4807921197067219,0.48079195044733297,1.5118464385968103e-6,0.03260772602674806,1.5434338376453276,1.543433756074513,0.006120362986974645,122.03010023841496
105,1.2328844120139895,1.2328842989913418,0.003986503135896105,291.2671043402954,0.9813082114717239,0.9813081215315113,0.0002526825185653693,14.329888973634207,0.28096177131333755,0.28096159642954466,3.741574245236329e-7,0.0010828488087210244,0.6177378543213948,0.6177378193310846,1.0992337426528657e-6,0.037086035101333625,0.983915645424924,0.9839156399887319,1.6191087106341527e-5,0.5756974617275629,1.436329285585241,1.436329285585241,0.00031298047791106194,9.461031177830789,1.0842032671500372,1.084203262315769,2.3936412335822017e-5,0.13529204720478463,0.6152658568327933,0.6152658230989082,8.358765849158726e-7,0.012115487669974096,1.8559874375194918,1.8559874126087734,0.015711341155610393,484.4220343106143,0.20571888896470852,0.20571849338292839,3.5742215048645393e-7,0.0005027069503663981,0.7657121479100287,0.765711983489018,4.680540715693963e-5,1.0022818374325646
106,1.4321408141576153,1.432140716860019,0.01739816424884098,1299.622409664016,0.5847554200213844,0.5847552690880651,6.2631638490106735e-6,0.3246273536737472,0.33959339594550897,0.3395932512558419,4.561567909736874e-7,0.00294134081367876,1.038643497345943,1.0386434765353005,7.158707626274375e-5,3.0892100093998924,1.076710827074391,1.0767108221067114,3.841286962319246e-5,1.4091843135946847,1.6240249522517787,1.6240249522517787,0.0011985920692217094,41.13983982694281,1.4683233000881473,1.4683232965185453,0.000378225163052208,0.5744567301620004,0.8913917728671378,0.8913917495829792,1.0914017633701207e-5,0.12489863258627028,0.604725615110279,0.6047255386557981,1.9837233129444778e-6,0.039979782638495144,0.9500015958226856,0.9500015101611772,8.963875766344625e-5,1.4130568381174506,0.6312163454302835,0.6312161459754174,1.4987014811082473e-5,0.35685267310818175
107,1.6075036012052226,1.607503514521835,0.05989615791448709,4522.666725830184,1.442265603125775,1.4422655419310362,0.008840065098839845,551.4810323821648,1.1106445948538473,1.110644550613191,0.0003167765144226701,15.1178226773878,1.6322465730314215,1.6322465597890359,0.007265099893534938,365.16015831308056,0.32348119262604186,0.32348117609106325,1.4421752901709107e-7,6.439826478991318e-5,0.2854442671634446,0.2854442671634446,2.8925333522808974e-11,5.863919438332695e-7,0.4404863239798411,0.44048631208087985,1.9634534348412782e-7,0.0002317323120462112,1.109771979392981,1.109771960690664,6.3654406392214e-5,0.341800087349285,1.5114664401709537,1.51146640958213,0.0016168258654356159,19.94063578464804,0.14775995446684886,0.14775940371737128,2.607065683047001e-7,0.00010681976304651539,0.29118431700897707,0.2911838846393822,6.914730266170129e-7,0.007848844216506138
108,0.38824879125654144,0.3882484323528653,1.788366344054402e-6,0.10292788107742355,0.8629566159197088,0.8629565136444974,9.256150382289929e-5,5.078584124342512,1.7266900138202053,1.7266899853636526,0.031021513558815886,1654.079039832488,0.7972601045454439,0.7972600774340424,7.341615509291154e-6,0.2938466326257273,0.5540406294420608,0.5540406197879773,2.6063158687243367e-7,0.002964748921478731,0.39111708039519744,0.39111708039519744,6.735866853892418e-10,1.3740377093047027e-5,0.9753974618633469,0.9753974564898147,9.24845512716978e-6,0.06578527902915164,0.4353937585375431,0.4353937108673414,3.900373572063155e-7,0.001267490370803289,0.48358621239002847,0.4835861167835298,7.70784704975534e-7,0.010776997086890987,1.196367141991339,1.1963670739699386,0.00044181412221721547,3.142336950394292,0.304439302126044,0.3044388885814184,7.432254742811546e-7,0.009745744816498187
109,0.3122733505838911,0.3122729043596029,8.669367074379638e-7,0.0350683040388163,1.8423494427835974,1.8423493948778829,0.14181255566558665,9074.18665757744,0.9604371884224819,0.9604371372628154,9.025821455694535e-5,4.125426145994878,1.6246605886659524,1.6246605753617342,0.006884146418061461,345.4654165160096,1.0685848148978985,1.0685848098924424,3.5655103342622095e-5,1.3057320411243079,0.6309395337553664,0.6309395337553664,7.941105675377646e-8,0.001672903560021542,1.0310989712146388,1.031098966131393,1.5188163083881766e-5,0.09661766280772387,0.6741281545599808,0.6741281237716099,1.3946611459900273e-6,0.021887410189907985,0.671961789916444,0.6719617211119627,3.777913622079473e-6,0.0752685760240783,0.3004582999246154,0.30045802907637204,5.393330225009065e-7,0.003034368830717645,1.1004083909797848,1.1004082765684813,0.00044987938964199156,5.537579215370962
110,2.2460056485291746,2.2460055864884327,3.284329347612997,250287.43947571056,1.3973805417689973,1.397380478608631,0.006360420859215064,394.72045635742853,0.8937691062687665,0.8937690512929947,5.011022555219441e-5,2.248157809786373,0.6020180271603158,0.6020179912563426,9.478281790828509e-7,0.03041042726352685,0.5779504890787616,0.5779504798240682,2.894756895713769e-7,0.004252890161747155,1.2000587955212465,1.2000587955212465,4.931220320731368e-5,1.2676315690682882,0.4536404748730076,0.4536404633190789,2.0175457103438178e-7,0.0002222140929540147,0.3506716614767062,0.350671602289406,3.069412949444516e-7,0.00032443206869111013,0.3418015054207812,0.3418013701551711,4.5558559932156265e-7,0.00148104317374827,0.34279136839209917,0.34279113099232267,6.357660853507962e-7,0.0057240042879072245,1.1016834024501272,1.1016832881712357,0.00045314266416192226,5.559116159482218
111,0.1801723265266938,0.1801715531329336,4.077570526787011e-7,0.0032373947149478377,1.3271240488571603,1.327123982353153,0.0037714334084166527,231.91636957015896,1.4769782342726496,1.4769782010049655,0.005228749420136886,272.0049603402499,0.39370461313508687,0.3937045582339267,3.5559898931255846e-7,0.0014840494167885033,0.3317028175900896,0.33170280146494896,1.465678369778014e-7,6.400214033347497e-5,1.7508355331051528,1.7508355331051528,0.002873898508029793,106.04382606155515,0.9756106969238466,0.9756106915514889,9.26078136156543e-6,0.06581933779371286,2.2426924452597916,2.2426924360051537,0.1049479086310071,3662.99398915197,1.3793829497915222,1.3793829162736506,0.0007294940030649975,2.9232645444755105,0.6666641596717693,0.6666640376034499,9.014817982779423e-6,0.198339118230575,0.8678772011428767,0.867877056077236,0.00010072656660360781,1.9407953156369149
112,0.2727750332074781,0.27277452236899385,6.665409200335053e-7,0.018781189375965287,0.9850370974208937,0.9850370078211524,0.0002606181708984524,14.792900154186627,0.8836562844869766,0.8836562288820459,4.572344557023018e-5,2.0461666928643307,0.22723616030446425,0.22723606518385048,1.999431261655277e-7,5.873746580518076e-5,1.0842537845261886,1.0842537795930682,4.1186449956706085e-5,1.5120267862500412,0.5031553400273556,0.5031553400273556,8.307445167055123e-9,0.0001717811503827291,0.8244539122898139,0.8244539059324789,2.1118538440656712e-6,0.019850090187655753,0.9320871598870777,0.932087137619517,1.5509364037767287e-5,0.16119784691407846,0.7450192127041781,0.7450191506467425,7.504962516803574e-6,0.1398439952588477,0.5709115164099434,0.5709113738684569,3.5980621810619937e-6,0.08312353567276462,0.2052051458801844,0.2052045323510286,4.4642610855587455e-7,0.0017717941386734323
113,0.8501472542371736,0.850147090331607,0.00018870434531003855,12.667534902187624,1.309029066641845,1.309028999218539,0.00329105436698228,201.8717290848104,0.5106790057411332,0.5106789095248232,1.0943253197410595e-6,0.036324248944544855,0.9622289318704587,0.9622289094071569,3.625171409249322e-5,1.5263570574987855,0.3105088369538714,0.31050881972809874,1.3890218868434238e-7,2.2115232014513736e-5,1.0767620404634048,1.0767620404634048,1.655810878049733e-5,0.3980865936168027,0.06083143923388488,0.06083135307229781,2.6938694648757565e-8,5.549628882834869e-6,0.5086503719655029,0.508650331160838,4.784432786015397e-7,0.003486127614917337,1.302303818917991,1.3023037834163056,0.0004589510083702886,0.5243653496173413,1.0011553495419205,1.0011552682572633,0.00012801608033377148,1.834169415369465,1.15193018141177,1.1519300721176828,0.0006052258214772456,6.060715199267933
114,0.8837689250779373,0.8837687674079145,0.0002507185595620774,16.981461228279958,0.15274269772086874,0.152742119891399,2.7620754106015584e-7,0.00041551524618900715,0.3731059118249111,0.3731057801313301,5.077814482148873e-7,0.005125475068202887,1.1558276159803043,1.1558275972795582,0.000192455244764503,8.633431151652253,1.3641580240350495,1.3641580201141295,0.00041956713299360715,17.071915191144594,1.4474684189812084,1.4474684189812084,0.00034112731414295556,10.348314800132188,1.0601519281270788,1.0601519231831367,1.9533531700452303e-5,0.11653009812581264,1.1001508653832988,1.100150846517425,5.9289429575188356e-5,0.33541313958818986,0.14047949431354437,0.14047916519765175,1.8261171383277636e-7,3.7183640147570585e-5,0.7899921060505504,0.7899920030386712,2.6447638721443658e-5,0.5175409378978089,1.5259123946743152,1.5259123121668556,0.0054265041977885125,101.10150542931815
115,0.974975834161795,0.9749756912414688,0.0005330358396103053,36.85300545621832,1.500282420035192,1.5002823612068903,0.013437863269366775,844.3210463693595,1.3391113567243607,1.3391113200316351,0.0018743916107942433,95.12859187756747,0.5741833877533449,0.5741833501088577,7.48865477788258e-7,0.02107509006436036,0.3908822712923251,0.39088225760852574,1.75164380969169e-7,0.0001966442427447375,1.5545787197265981,1.5545787197265981,0.0007345532483643807,24.11873045937481,0.7980719982025491,0.7980719916350595,1.6018565419864248e-6,0.01565177795345415,1.0884430185576714,1.088442999488867,5.427651150637013e-5,0.32634059862356724,1.6711703687155461,1.6711703410499166,0.00442713036472939,100.9669566962139,0.772173060661003,0.7721729552719707,2.288024932958913e-5,0.4549444598423259,0.2546096455128977,0.25460915103330445,5.694854073981054e-7,0.004413002193918497
116,1.2790822805410647,1.2790821716005671,0.00564480047408009,415.14386614083867,0.1200928051498508,0.12009207022376565,2.1528067666182805e-7,9.767789774613192e-5,0.11828856783455435,0.11828815244588155,1.5679176217750642e-7,3.6577879365338175e-5,0.2615163610302161,0.261516278378248,2.3343587773437423e-7,0.00014688968193782558,1.2007595904746704,1.2007595860201947,0.00011290610584318154,4.318383939191114,0.5787028265373461,0.5787028265373461,3.354867217106912e-8,0.0007010319143006779,0.8960812361710242,0.8960812303218562,4.357506623784846e-6,0.03614460898251032,1.216389682091377,1.216389665028336,0.00013603508749641976,0.2985314018421986,0.842935067315801,0.8429350124669955,1.7807731186357315e-5,0.29034615426959565,0.5112494250783355,0.5112492659024525,2.007059051631237e-6,0.04533407842288877,0.2266003195849618,0.22659976398421822,5.032127042555512e-7,0.002705183865424336
117,0.6687913718230667,0.6687911634712823,3.666599387559957e-5,2.3776352589413543,0.7164272364501958,0.7164271132568438,2.4022778107872434e-5,1.2783155876049224,0.7173990200733539,0.7173989515819761,9.282249046616014e-6,0.39662332132477995,1.1651793777358803,1.165179359185227,0.0002085261216878281,9.351780051261949,0.34888703875449106,0.34888702342358446,1.5364022865454585e-7,8.124983840527546e-5,1.2877545430876032,1.2877545430876032,0.00010086176969509144,2.744116625561356,1.330009128436423,1.3300091244956007,0.00015392707621487904,0.4373910213133505,0.8846645446265121,0.8846645211652945,1.0263716181618418e-5,0.11961015802665365,1.070616541309012,1.0706164981245674,0.00010160183713608958,1.0069333751188854,1.4165716400327775,1.4165715825852292,0.0015860673623640936,10.726341303734767,0.5871031088917136,0.5871028944503781,9.932321904095457e-6,0.24335041465122376
118,0.18811453788435853,0.1881137971434783,4.214051847445989e-7,0.0037911281703610733,0.8509366977522953,0.8509365940323939,8.307907506899567e-5,4.555701321988759,0.7189998881394445,0.7189998198005642,9.435401275637114e-6,0.4034554633590476,0.7789642743541272,0.7789642466059497,6.06660818485094e-6,0.2416744526517363,0.3784112210333036,0.37841120689853625,1.6725312769526506e-7,0.00011622144706701703,1.4067644742337733,1.4067644742337733,0.0002512996049100025,7.440869060299808,0.6899281001288805,0.6899280925319589,5.335371863145555e-7,0.005388168462055699,0.5626529982456705,0.562652961357379,5.995474312653743e-7,0.006720758771623651,1.113057462251021,1.1130574207132007,0.00013608837488711964,1.152756614902242,0.4603117048169085,0.4603115280267447,1.2697507667600243e-6,0.025807668553614726,0.8834583143271617,0.8834581718199717,0.00011196114566763757,2.127865075016916
119,0.9190285406834656,0.9190283890626406,0.00033661261101348766,22.987596219049795,0.3731983958529116,0.3731981593591484,7.861537364491924e-7,0.0229426546758094,0.7511460738191262,0.7511460084048895,1.305104011577726e-5,0.5624141585309268,1.2086043163370626,1.208604298452931,0.00029534761666058496,13.472670254429161,1.156998546441905,1.1569985418189481,7.7959174702084e-5,2.935406811297788,0.21189764666676705,0.21189764666676705,1.4723556733749358e-12,2.973766087166768e-8,1.139222120719195,1.139222116118398,3.747551892264588e-5,0.1866373893674048,0.5987206813105308,0.5987206466444364,7.456588379841013e-7,0.01007768345139854,0.5977315750117732,0.5977314976627006,1.85598089008101e-6,0.037165624062522294,1.2555870743992006,1.2555870095860389,0.0006273043069853724,2.5878081384750744,0.8957429472614769,0.8957428067086967,0.0001223782556167292,2.2828736042345383
120,0.3404755126396884,0.34047510337695847,1.1073042339587794e-6,0.05317169463222689,0.9533444493671649,0.9533443567888009,0.00020021211405981597,11.26831759484114,1.380732376951005,1.3807323413643509,0.0025650807534139345,131.21813675880864,1.105258203567529,1.1052581840111586,0.0001268039306366694,5.581700397185735,0.5399386357863124,0.5399386258800857,2.495030071069143e-7,0.002353083019916728,1.5118164259058786,1.5118164259058786,0.0005422510676743732,17.2710410927893,0.9872015399341462,0.9872015346248659,1.0280529051323266e-5,0.07149885329285993,0.5840291191388669,0.5840290836007284,6.709285458616932e-7,0.00864487603744113,0.8271043103666964,0.8271042544680861,1.555425857924182e-5,0.25993261087973013,0.4312375168080227,0.4312373280985976,1.0127040407607655e-6,0.01831759882505375,0.13004727674379357,0.13004630863724434,2.8572873639667556e-7,0.00026595826354492303
121,0.8312934709181362,0.8312933032951813,0.00016074031834386246,10.726636746725681,0.13739911551028255,0.13739847315337167,2.446851282941047e-7,0.0002563164595203479,0.8095119475106323,0.8095118868127674,2.2948970517057542e-5,1.0076692093527893,0.10363798783623064,0.10363777927505803,9.23331745717279e-8,2.0902909988839602e-5,0.9809849141066183,0.9809849086541853,1.5787095821310806e-5,0.5592996032853468,1.1604588039719028,1.1604588039719028,3.5228447773399e-5,0.8826006353477645,0.17691206549755414,0.1769120358708011,7.738666108951323e-8,1.2238336347980924e-5,0.7248430133256059,0.7248429846913952,2.2808409302877196e-6,0.034730921963960985,0.9561989644479267,0.9561989160960848,4.409303623921633e-5,0.5889085817312788,0.8335723749970984,0.8335722773708174,3.755516533987215e-5,0.6989066174629884,0.5522401500492587,0.5522399220702217,7.082456305855584e-6,0.1767068410458484
122,1.6414404975596313,1.6414404126684288,0.07551370038604448,5713.781043574061,0.277314339936721,0.2773140216729206,5.020320778445703e-7,0.004946478388455253,0.2916519228692642,0.29165175439563085,3.8777080158907396e-7,0.0012624224607392525,1.833393872878557,1.8333938610890343,0.029887231898705513,1532.1359088894112,0.6545722403596057,0.6545722321882318,4.87312654380538e-7,0.012834810280468827,1.2757347516132709,1.2757347516132709,9.204872976734285e-5,2.4731436763686423,0.4235224255197004,0.42352241314413447,1.8475784083046717e-7,0.00015385513295071597,0.41263050798544504,0.4126304576854599,3.65977340315242e-7,0.0009903542986315717,0.5480155124049195,0.5480154280387245,1.1939600912401564e-6,0.022150751504203335,2.038462541070739,2.0384625011491972,0.11300217420652067,3700.0455971975266,0.5610972859677875,0.5610970615874883,7.747715879948002e-6,0.19195777687692978
123,1.208889499127631,1.208889383861628,0.0033229566052429176,241.88645679955675,0.6687001480944026,0.6687000161083786,1.4979215705461073e-5,0.791443945407803,0.7787633004740931,0.7787632373796369,1.706663299801289e-5,0.7434603849229835,0.8748478200566223,0.8748477953496524,1.5981959085514083e-5,0.65352007618399,0.16842630665943217,0.1684262749021902,7.41599879006577e-8,1.2809155067078854e-5,0.5923093052332258,0.5923093052332258,4.1896213619296266e-8,0.0008855491830392671,1.049330433366106,1.0493304283711784,1.7809439143050667e-5,0.10873891707662607,1.1949700414138535,1.19497002404496,0.0001175708565625235,0.3304836394065738,2.4804816451440455,2.480481626504931,1.0256790765160488,35543.156707586546,0.849824046712815,0.8498239509534975,4.2635510402881636e-5,0.7776216557686682,0.7758943146294479,0.775894152366157,5.049543909832113e-5,1.0759638908870504
124,0.6457344018013113,0.6457341860099938,2.923082939568491e-5,1.8954027843999304,2.1064317603361613,2.106431718436363,0.7555801640215729,48470.50331231207,0.5056509501014127,0.5056508529283537,1.042591228462535e-6,0.03397121663178348,1.0254614050508541,1.025461383972695,6.386900343369801e-5,2.7416363066013845,1.3901892758207661,1.3901892719732651,0.0005126039331862388,21.075483099819948,0.4203763979440432,0.4203763979440432,1.370700181472399e-9,2.8311806105138543e-5,0.5024159443921614,0.5024159339599095,2.2434731095160759e-7,0.0005548557444388323,0.9401178575798479,0.9401178355025017,1.6622096271481666e-5,0.16880292044712691,0.7898922374325823,0.7898921789005706,1.1257054797563411e-5,0.19811822830632148,0.7865485618576279,0.7865484583947582,2.5709107278383128e-5,0.5049754223522533,0.4512948583699117,0.4512945793966677,2.538088389551457e-6,0.0630080027403085
125,0.24321646490972687,0.2432158919879134,5.678809064235185e-7,0.011259381166656729,1.437198481614589,1.4371984202040962,0.008511848734136775,531.0716451344222,1.1631160275148513,1.1631159852700153,0.0004817849114105071,23.356020250528996,1.5778049980658673,1.5778049843665578,0.004896655181988157,244.3611519882225,0.4900715538878088,0.490071542973577,2.2099207518536626e-7,0.001016719590006547,0.5341699230853979,0.5341699230853979,1.5111598702458486e-8,0.000313397448077281,0.48812785993540647,0.4881278491977901,2.1706872774601795e-7,0.00040287744730917765,0.5602139157750265,0.5602138787261292,5.850419021563563e-7,0.006604852112173082,0.5083140823763045,0.5083139914207601,8.83420985491262e-7,0.014275224510558748,0.19569941812931446,0.1956990022943912,3.4494530137811633e-7,0.0003863131816405337,0.3217762792441229,0.32177588798088697,8.224297334445554e-7,0.012528154099317405
126,0.6727388928781349,0.6727386857489248,3.8099304778050395e-5,2.4710970504973315,0.7698483068469072,0.7698481922021506,3.989765829623515e-5,2.145114418538171,0.6066669300204366,0.606666849027645,2.877457850937225e-6,0.11706688979149003,2.0439502721008758,2.0439502615258442,0.12264033620400674,6334.014184704162,1.1943051160078662,1.1943051115293168,0.00010700318119137394,4.08173795459458,0.34707521342570896,0.34707521342570896,2.032118673497741e-10,4.151229440227347e-6,0.2353898860980453,0.23538986383145613,1.0470028360704272e-7,2.0733023829011443e-5,0.667385902766009,0.6673858716665992,1.3162486320168661e-6,0.02050710066725483,0.9850933126209409,0.9850932656873352,5.4793360597541446e-5,0.6869052195030242,0.3353654095897991,0.33536516693330215,6.148314837710684e-7,0.005001801485429314,0.718705499654401,0.7187053244794968,3.192579236185775e-5,0.7142875897286697
127,0.2395237868258853,0.23952320507145877,5.527846783459698e-7,0.010454194256871444,1.5143668168186135,1.5143667585374456,0.014849506535103306,935.1895405575073,0.9471259436379653,0.9471258917592826,8.030442384970401e-5,3.660981613518817,0.3276160142237701,0.3276159482476281,2.943704870994408e-7,0.0003746585898835057,0.8872820173972994,0.8872820113690532,6.157760038727921e-6,0.21185366023911176,0.9630405129894618,0.9630405129894618,5.405543072736735e-6,0.12404822651026126,0.858354076273651,0.8583540701673951,2.9849609471552646e-6,0.026569787968749637,0.649278788372439,0.6492787564057275,1.1160369586182502e-6,0.017046188984572937,1.0102911639868224,1.0102911182237961,6.608405845805624e-5,0.7784217385533144,1.6825726745207508,1.682572626155192,0.008853313698012347,224.7604506878927,0.7901013843987487,0.7901012250531674,5.645386726287904e-5,1.1850011675038201
128,1.6800273778080685,1.680027294866648,0.0981574804992075,7433.264863490626,1.4861789192446635,1.4861788598580945,0.012136567612848865,761.7045050060848,0.28512994748326825,0.2851297751560181,3.850482366887102e-7,0.0010636433196712788,0.30446560157637326,0.30446553058365383,2.7029200851863885e-7,0.0003074354157839578,0.23846350868374694,0.23846348625367053,1.0685549900867459e-7,2.2541389221610366e-5,1.4965859100462666,1.4965859100462666,0.0004899244277199443,15.320553040085597,0.17625355604897042,0.1762535263115274,7.682075264838185e-8,1.1414649722824627e-5,1.7750050898940597,1.7750050782009625,0.0045440315881269235,111.98525307587208,0.7480997215167875,0.7480996597148906,7.720324626875325e-6,0.1433368291261792,0.3030747945887448,0.30307452607878105,5.344738539096428e-7,0.003109324601308146,1.6490607673772084,1.649060691031232,0.013099194860396473,340.692604269535
129,1.0730427030467489,1.0730425731881124,0.001164267518071549,82.44858939992989,0.8058214073250244,0.805821297798186,5.543228540734254e-5,3.009102208421148,0.2832632706247665,0.28326309716189624,3.7902722049541877e-7,0.0010362669748266145,0.6279148859184247,0.6279148514952256,1.2211402350601292e-6,0.04221361657981368,1.6386028976716873,1.6386028944074709,0.0032798475185263267,144.51201200772533,1.0869335443357278,1.0869335443357278,1.7976602787155906e-5,0.4395274935433055,1.6190693723341116,1.6190693690968632,0.000946196655746715,1.7066392307351577,0.8808372220263451,0.8808371984631862,9.918707685113995e-6,0.1166073178992917,0.5645581120039278,0.5645580301098191,1.3709408099206738e-6,0.02652714798974281,1.7093069228697517,1.70930687526065,0.010727850207569403,284.9289209260934,0.7471192199845472,0.7471190514717282,4.036098952958656e-5,0.8787744464427206
130,0.34574963415184223,0.34574923113208034,1.1573859718701086e-6,0.05746396302876713,0.07169390593228396,0.07169267486777858,1.2759873653406798e-7,2.4125163220949303e-5,1.1769189107295928,1.1769188689802035,0.0005380171486681077,26.157239832764127,0.6485087883663908,0.6485087550363273,1.5070899711231076e-6,0.05439539100859852,1.7414645705218217,1.7414645674504101,0.006853269120949129,308.3538760917052,0.4641624225632551,0.4641624225632551,3.697244621057318e-9,7.647515569561501e-5,0.6951892707921503,0.695189263252722,5.618721522787571e-7,0.005751320272680795,1.4454123573272453,1.4454123429678083,0.0006019539079927223,4.4140544943509985,0.26878428384231595,0.2687841118307901,3.5700762744786895e-7,0.0004888925811277746,0.7929848083460304,0.7929847057229151,2.7103149354805556e-5,0.528641685611595,2.2658324806283945,2.2658324250642017,0.967783444771132,30980.330896314266
131,0.2604698713763097,0.26046933640465875,6.304818749582692e-7,0.015335645824107668,0.832629017651133,0.8326289116506587,7.079661681490071e-5,3.8548522573272916,0.0949767824526206,0.09497626510746023,1.2618636478442775e-7,1.915057828338603e-5,1.4506797157176363,1.4506797008178356,0.0019214465407440108,93.46226273170883,0.889482123459094,0.8894821174457584,6.2892926885042665e-6,0.21699181184053684,1.5969079441568712,1.5969079441568712,0.000997547847547243,33.41716217796367,0.9360816754651147,0.936081669865892,6.383695961687008e-6,0.049297672993842113,0.9476274207165808,0.9476273988141886,1.769041056198128e-5,0.17647263305551164,0.3668733648849383,0.36687323886328516,4.895584086323644e-7,0.0022022429072923763,1.1728329480328203,1.172832878646495,0.00038479439745793797,3.1301721928717776,0.44591758042798435,0.4459172980906263,2.3942731784790454e-6,0.05952860021641797
132,0.6221203296925913,0.622120105710393,2.3200090655352204e-5,1.4957696195254855,0.8087791804730705,0.8087790713467808,5.710961996109205e-5,3.093268865375199,0.6489499836998909,0.6489499079842749,4.529327247870779e-6,0.18929202404291615,1.2146887150876127,1.214688697293063,0.000310653748870398,14.177110301669215,0.8142934221054938,0.8142934155369101,2.812383802131368e-6,0.0941511737303054,1.4053386917328077,1.4053386917328077,0.00025113106813807925,7.351128621854072,1.321306607419493,1.3213066034527152,0.0001440888620938919,0.42913244381283216,0.1809298484468778,0.18092973373217539,1.6055789852997287e-7,2.8865475757907346e-5,0.7124551812320693,0.7124551163381878,5.554146358167585e-6,0.10687112619860212,0.20573897143380124,0.20573857589063443,3.592369731272855e-7,0.0004946336637246745,0.6743979351173768,0.6743977484335769,2.1948388466555633e-5,0.5080805145162106
133,0.3509332806728261,0.35093288360608854,1.2134085904598467e-6,0.06183557587632523,0.9029231773199756,0.9029230795718259,0.00013072308604851132,7.254504995573152,0.679955279985723,0.6799552077226655,6.297593078727633e-6,0.26616883200896574,1.1120239879021243,1.112023968464739,0.00013374374206667742,5.918969394548085,0.36606201428596535,0.36606199967435754,1.623894212671813e-7,0.00012019882019728637,0.31519750951507797,0.31519750951507797,7.771537444056641e-11,1.582110724302222e-6,0.4329428228792211,0.4329428107729349,1.9282612263736485e-7,0.00020788602024932504,0.9154638668895032,0.9154638442176009,1.3489499761625576e-5,0.1455256503732667,0.32068426267777367,0.3206841185048417,4.1874807362114934e-7,0.0010891642083278676,0.8696485214198165,0.8696484278434251,4.967527355799448e-5,0.882997348706198,0.1716923974924603,0.17169166420768822,3.768473243867613e-7,0.000814378107476794
134,1.3492988345426715,1.3492987312713607,0.009496431834901287,704.9013551419482,1.5058473929518705,1.5058473343409733,0.013967901890121358,879.0515819338038,1.224511376446916,1.2245113363201792,0.0007796354054072207,38.46758298331457,1.2843609520596335,1.284360935230378,0.0005389545069698716,25.130606259803166,0.9109890306616838,0.9109890247903129,7.858849632675425e-6,0.2726871245093945,0.34487602805947903,0.34487602805947903,1.917154218004908e-10,3.895868946642786e-6,0.4401513720491799,0.44015136014116363,1.9243271223922778e-7,0.00019677682666106655,1.071165773720226,1.071165754343853,4.765210243575311e-5,0.3098991550583557,0.38813163821806146,0.38813151909871496,5.224389239168787e-7,0.003120669701271342,1.3773432439654827,1.377343184881759,0.0012653322408770313,4.929259037393747,0.5023232559830646,0.5023230053492713,4.2918771723020445e-6,0.10850746172404839
135,0.5722715768300097,0.5722713333374281,1.3895552801335083e-5,0.8939664659447654,1.147417243828701,1.147417166908933,0.0009564758202317377,56.69323195790526,0.515470360150936,0.5154702648289674,1.1434751155054855e-6,0.03842309214174872,0.7682167684067849,0.7682167402704049,5.428236903686671e-6,0.2151448371382076,0.5457601751501007,0.5457601653495422,2.547251569172643e-7,0.0026337006020702314,0.9444177910194094,0.9444177910194094,4.423076966482019e-6,0.10131785023629926,0.11445169567527,0.11445164988013648,5.017812359578429e-8,8.77354651676336e-6,0.7589815642956602,0.7589815369493997,3.1769036881181554e-6,0.04670468386985045,0.5898013225000582,0.5898012441109782,1.7162815438336747e-6,0.034457727330267245,0.12408192696382167,0.12408127111664775,2.148679289163764e-7,6.287973851118927e-5,1.3502573731454595,1.3502572799046015,0.0018269421167214246,6.35991682536915
136,1.2582230706719861,1.2582229599254395,0.004837202061337943,354.0421998985277,0.7885076600885593,0.7885075481567725,4.749870147164833e-5,2.5594209466456572,1.3011928906747223,1.3011928529127226,0.001408811817341382,70.75992880860369,1.275373252917623,1.2753732359697698,0.0005021460416508053,23.36099552537688,0.4411239815608169,0.4411239694355306,1.979881529105046e-7,0.0004717993961678915,0.6602963375392121,0.6602963375392121,1.2429896902060615e-7,0.0026472200898844584,1.2534734001935062,1.2534733960120616,8.945506474199321e-5,0.32814301179422006,0.39294086702149833,0.39294081420106075,3.4323604545285176e-7,0.0006780609637662892,0.6310507619058318,0.6310506886407546,2.5462957001257956e-6,0.05151217791379258,0.5687586104238492,0.5687584673428043,3.5259646303248723e-6,0.08133619109394527,1.0263869834627783,1.0263868608003115,0.0002875722219179088,4.327470393207589
137,1.0690534281601485,1.069053297816932,0.001127255158602671,79.8351702379016,1.9313561409276518,1.931356095229676,0.2528327961708566,16202.122605121158,0.9257294877511207,0.925729434673362,6.684172645876035e-5,3.016384844900376,0.4728573586567515,0.47285731294563127,4.3610300901912717e-7,0.005019272832794819,0.6815572413452714,0.681557233497428,6.367165730323208e-7,0.018411061338914535,1.5228910504764663,1.5228910504764663,0.0005919871573561563,18.833121000562972,1.1517508564360617,1.1517508518853121,4.129586812666497e-5,0.19979006038000105,0.15513658896299262,0.15513645517562352,1.3638701123831934e-7,2.2513388728097515e-5,1.1494763561571621,1.1494763159353858,0.00017366347766843346,1.2428394528987823,0.09767758994743579,0.09767675680942359,1.7218402770371285e-7,5.4425137456186036e-5,0.5912108875338126,0.5912106745824325,1.0333439124076303e-5,0.2526003818096681
138,1.548769949540647,1.5487698595699848,0.03977603038284956,2999.28255843783,1.1276222883140623,1.1276222100439988,0.0008187172508985189,48.30665862886597,1.0868645455799049,1.0868645003712851,0.0002607272522749084,12.376323949577609,0.5157939836627555,0.5157939417568006,5.188214646415033e-7,0.009547657777937868,1.136452590036058,1.1364525853295226,6.510055334393015e-5,2.4399038822495833,0.7676421705541455,0.7676421705541455,5.595817836828991e-7,0.012155114192578387,0.40141716125736365,0.4014171482002993,1.771928865673158e-7,8.937658822562751e-5,0.7263720292023447,0.7263720006284091,2.319650377914813e-6,0.03528885572995511,1.4056760582060233,1.405676025315102,0.0008544313751858771,4.730168931864588,0.1056510320478127,0.10565026178687782,1.8638640213152605e-7,6.527527814490751e-5,1.1268154361440046,1.1268153244139432,0.0005247702212869675,5.866226397097841
139,0.7044734500349215,0.7044732522363052,5.147676488122751e-5,3.3533621657675536,1.0956603995065763,1.0956603189532697,0.000638176232089796,37.250961798068566,0.9478061199728567,0.9478060681314039,8.093962322626483e-5,3.6837360328608355,0.9682411885317411,0.9682411662079246,3.822053301768269e-5,1.6150782037045202,0.539773279003987,0.5397732690947256,2.50255670255712e-7,0.0023998098034635974,0.815813170722155,0.815813170722155,1.0207371323044559e-6,0.022583782266781965,0.6485292183308281,0.6485292102489568,3.855844836634692e-7,0.0034211271187491628,1.5018060950736971,1.501806081253466,0.0008512252605151266,8.526152386733406,0.9864073177062301,0.9864072708351453,5.53839817466614e-5,0.6919182440877248,0.5611399391002587,0.561139794076583,3.2754788128474383e-6,0.07563154355407749,0.7863538616284867,0.7863537015235128,5.499322667332203e-5,1.155035482829266
140,0.8941846029929509,0.8941844471595071,0.00027336842064386687,18.575014341843104,0.48012058884545034,0.4801204050185451,2.003119452178365e-6,0.09554936490227504,0.505479241892145,0.5054791446860769,1.0493636834360686e-6,0.03376603562049886,1.0962925223563054,1.0962925026399997,0.00011729918595358089,5.158782321107437,1.4475309048937417,1.4475309011986532,0.0007983219908550826,33.31561919111474,1.3667357344134246,1.3667357344134246,0.00018674057727500665,5.352501114143325,0.3102777780570487,0.3102777611646699,1.3530634986706988e-7,2.2771192279362357e-5,0.9122752444706096,0.9122752217194635,1.3096398437758423e-5,0.14280125444333341,0.2195186512242656,0.21951844060889453,2.906097082214513e-7,0.00020228766202415638,0.7934018049302732,0.7934017023610948,2.719448109864687e-5,0.5302061734536322,1.1245977814903303,1.1245976695399422,0.0005196358913378356,5.834336901694342
141,0.6484557495727932,0.6484555346870786,3.0020145607833835e-5,1.9472423239773695,1.3148769135768608,1.3148768464534164,0.003442677536006208,211.14505025950763,0.769068579899623,0.769068516009811,1.5560316188681716e-5,0.6743384817929897,0.43651044884397405,0.4365103993266262,3.968006280217174e-7,0.0028030642184902607,0.6205685158816747,0.6205685072625547,3.712034267723521e-7,0.008030018296151657,0.9791161707405448,0.9791161707405448,6.356959084140234e-6,0.1471783060240823,0.5799077821492802,0.5799077731110678,2.7224531510361645e-7,0.001513914996022512,1.5762302892242979,1.5762302760566107,0.0013323675910144647,18.545563650954524,0.5261578750464591,0.5261577871755252,1.0117491501186617e-6,0.017579541849501286,0.7991671198857471,0.7991670180565186,2.849764427482441e-5,0.5522132280602945,0.06364979952661882,0.06364782149826766,1.3720558696118376e-7,2.9971749155088165e-5
142,1.1087916562665407,1.108791530594724,0.0015413007905035545,109.92734518234035,1.718029054911888,1.7180290035396097,0.06167349081480405,3932.9489829297204,0.3598701048526804,0.3598699683154866,4.859895751572238e-7,0.004110878472504233,0.9512403641610294,0.9512403414382354,3.2723300642581554e-5,1.3753463325074464,0.8151601217036255,0.8151601151420257,2.8358422449863707e-6,0.0951732749706896,1.2539864818438857,1.2539864818438857,7.700685769845965e-5,2.047549994460174,1.2614386518555631,1.261438647700522,9.42683777296626e-5,0.342026785500009,0.1396288198910736,0.1396286712446967,1.2246039360247452e-7,2.005760450700953e-5,0.5652934015452323,0.5652933197576452,1.3817567673883062e-6,0.02667637994908489,0.3829360759635018,0.38293586345130004,7.621000058037313e-7,0.009949445006772991,0.4744926102669173,0.47449234493257025,3.2207607299229435e-6,0.08113643661038436
143,0.8730235210351176,0.8730233614244503,0.0002288343939932295,15.466434906375019,0.47907496525565546,0.4790747810275316,1.9820306116331012e-6,0.09469354814463014,0.6705948692063358,0.6705947959346038,5.70517375616373e-6,0.24056971413822345,0.8373184592522257,0.8373184334378673,1.1040623739730805e-5,0.44667036059159426,0.6214437289553708,0.6214437203483896,3.69907110869685e-7,0.008114948709841729,1.2718148987743523,1.2718148987743523,8.927833551823686e-5,2.389795077839911,1.483752693584653,1.4837526900521711,0.00042097907990246787,0.5771068364625392,1.3937867731368512,1.3937867582455439,0.00043671060944222887,2.202904067988288,1.0298024060636828,1.0298023611677098,7.606811699905406e-5,0.8515413875780656,1.397026229872567,1.3970261716212857,0.001418448512534459,7.498755724605039,1.5254989975249635,1.5254989149951452,0.0054225548226153825,100.70330319148405
144,1.0234035647897635,1.0234034286324662,0.0007851929389653708,55.028096811738756,1.1735280983692276,1.173528023160915,0.0011740911564349342,69.89612578549902,0.6669447570665973,0.6669446833938574,5.483351711822561e-6,0.2309173816324163,1.3560309278164155,1.3560309118766325,0.0009378845665086632,44.6353268330838,1.1194454854665221,1.1194454806884828,5.634906645546135e-5,2.091857314975363,0.3066899083683336,0.3066899083683336,5.898595986277261e-11,1.2028549343685857e-6,0.3356600915850862,0.33566007597009384,1.4676093321891606e-7,4.428979040557074e-5,0.6193396969241373,0.6193396634121441,8.645815346073145e-7,0.012544717288160338,0.21063655654046812,0.21063633704388665,2.755378372873487e-7,0.00015750252948351623,0.8021411921647874,0.8021410907131078,2.9177468975781832e-5,0.5638404269765568,0.45656273243088835,0.45656245667647216,2.6725972189818864e-6,0.06678879160612716
145,0.5852045659269421,0.5852043278155356,1.587447250004086e-5,1.0239746984104048,1.0022850621663455,1.0022849741084943,0.0002999408305944506,17.122254914706364,0.8253338849593548,0.8253338254250893,2.6761923257767266e-5,1.175552739425179,0.39774503167919417,0.39774497733573727,3.5669758210664206e-7,0.0015664538412310364,0.3960549339366366,0.39605492043155405,1.7400771681188892e-7,0.00019069952610965862,0.48767555798203505,0.48767555798203505,6.0738149609313085e-9,0.0001255712832694107,0.43256659225557775,0.432566580138762,1.9166301615179978e-7,0.00015697816126167673,1.5212566272569574,1.5212566136134293,0.0009569778812181107,10.528664405823838,1.5111022482519443,1.5111022176557483,0.001607424605040956,19.83372676034491,1.9362772246879907,1.9362771826596252,0.0550994655592106,1763.1299448544908,0.6740959474806895,0.6740957607132573,2.187186373639729e-5,0.506880432233517
146,0.486869536644777,0.4868692504410109,5.474645233660895e-6,0.3484876699012531,1.2189475897062267,1.218947517300269,0.0016643341218927983,100.20370521143545,0.9262483861184019,0.9262483330703782,6.714762985774784e-5,3.03065609176015,1.703796137863252,1.7037961251769698,0.012100397284843911,613.5973485927964,0.917366698413116,0.9173666925825636,8.367204326783857e-6,0.2916443454376012,1.4587650905742766,1.4587650905742766,0.0003689147098554601,11.3324545864605,0.664641401748571,0.6646413938626198,4.3272328861726456e-7,0.004113813344966265,1.0379392595870969,1.0379392395904476,3.691145628569891e-5,0.2745884085229533,0.1152467419999804,0.11524634082542508,1.5089041468622993e-7,3.095947553349793e-5,0.582592168471712,0.5825920287881045,4.039540791736435e-6,0.09296994276867777,1.9719426465239327,1.9719425826786916,0.13908915553795922,4397.38440102949
147,1.3655512352442236,1.3655511332020187,0.010724590384964705,795.8941322331505,1.381876865659707,1.3818768017907261,0.0056705402920874046,351.2956686827086,1.0804376226894992,1.0804375772119585,0.00024722087130028695,11.717895548471919,1.057911518192801,1.0579114977611879,8.445610755220684e-5,3.672987414842606,1.3426399435512153,1.342639939567456,0.0003552889405139334,14.320907394943392,0.6956462444142301,0.6956462444142301,2.098314255925488e-7,0.004482946702728584,1.2961639562742593,1.296163952230535,0.00012131339909347097,0.39029763155478425,0.8469810050685286,0.8469809805634838,7.332663467236233e-6,0.09217962528530431,0.9229623857656047,0.922962335672576,3.405209156101572e-5,0.4862066956765992,0.9023575999217174,0.9023575097373269,6.350348224548761e-5,1.0781640640879722,0.36939508794666415,0.36939474712131504,1.1534819362139258e-6,0.023728806500915394
148,0.30900937145380625,0.3090089205161695,8.528426423796674e-7,0.03355711451035117,1.4144960497285979,1.4144959873324765,0.007204352806581224,448.51734704432124,0.5489844477337399,0.5489843582309332,1.5667083905839497e-6,0.058691166892046474,0.005134308928898627,0.005130097318796853,4.531507916610787e-9,7.960409774971277e-7,1.1677787117806533,1.1677787072003725,8.520950359995853e-5,3.229746082166671,1.0680422540709655,1.0680422540709655,1.5219543568500037e-5,0.3654040208522258,0.43737361196304386,0.43737359997939973,1.9112517967576122e-7,0.00019839380536875313,0.8869957855805923,0.8869957621810366,1.0513916257078973e-5,0.12133532851849964,1.016880787780439,1.0168807423139679,6.92830954761181e-5,0.8025818474641596,2.004230175864699,2.0042301352612952,0.08913202070154044,2898.907137293158,1.0453585328587056,1.0453584124223625,0.0003235537970077006,4.658493305609656
149,0.08371589978151205,0.08371423528002941,1.9008712469709684e-7,0.00025560673499400437,0.4700207508094038,0.4700205630324119,1.8066458389614e-6,0.08456037122944468,0.4475328826538387,0.447532772861569,6.978865808739961e-7,0.015582052800246316,1.252323859419812,1.2523238421600287,0.00041825142157048866,19.345348840081435,0.5540949486654456,0.5540949390123086,2.642476195067026e-7,0.0030110865443592092,0.8715380461368823,0.8715380461368823,1.9920896175344256e-6,0.04437213393381228,0.4940261342849176,0.49402612367549975,2.2134332514382203e-7,0.0004969694859986166,0.33011032795917794,0.33011026508532226,2.92238175712423e-7,0.00028317848773801244,0.5853579488957691,0.585357869911648,1.6473882211018206e-6,0.03293976627964685,1.8739347673665114,1.8739347239399373,0.03531673483802988,1098.4773197613083,0.32474087107147603,0.3247404833801255,8.293828297443201e-7,0.013025683594266283
150,0.29526334785468267,0.2952628759235527,7.791447785761241e-7,0.027138004098801103,0.44108139720007794,0.44108119710303084,1.3495716593260344e-6,0.05845046128028472,1.1110532100654493,1.1110531658410634,0.00031807241452047505,15.171317972228623,1.4740262599753284,1.47402624531152,0.0022831085874312146,111.77531242256106,0.5263415042930226,0.5263414941308856,2.3852928576749164e-7,0.0019292655558504179,1.6423261601094263,1.6423261601094263,0.00136750604371231,47.224550810333795,0.8350768509867733,0.8350768447103094,2.3534435464464e-6,0.021798165953790378,0.8136173014564927,0.8136172759465786,5.379924176224921e-6,0.07209058256504902,0.8855165563467892,0.885516504135477,2.5296377052589997e-5,0.38562912387152215,0.30643657471922964,0.3064363091549725,5.438099531538247e-7,0.003222363230184097,1.1742052061479074,1.174205098927162,0.0006877981689017936,6.099332383047849
151,0.6830619064866434,0.6830617024877474,4.197838666094681e-5,2.7311925208882966,0.7162097523200629,0.7162096290893021,2.395163597183829e-5,1.27581126509217,0.14625404066926959,0.14625370470794408,1.9462308586484343e-7,4.366562745977565e-5,0.3432363682527823,0.343236305279151,3.0492149842256276e-7,0.0005326147966264299,0.8334775267193221,0.833477520301927,3.461342815282042e-6,0.11719636763376522,0.5753188290870255,0.5753188290870255,3.159844739299217e-8,0.0006605195053720095,0.5579338340072965,0.5579338246131186,2.534496019837113e-7,0.0011298579235823423,1.0014471752872005,1.0014471545618862,2.7644615339880604e-5,0.23364411584345285,0.5321455012491565,0.5321454143669341,1.0504349518552597e-6,0.018711043265192667,0.9336983477575752,0.9336982606003364,7.977508445151842e-5,1.291906221620503,0.5375830405779559,0.5375828063831066,6.129963896348517e-6,0.15354987716901303
152,0.306988750630118,0.3069882967243747,8.390484452253524e-7,0.03246888130309821,1.6846080236882062,1.6846079712967506,0.049141630343896604,3125.6221196365227,0.055808152758213506,0.055807272312793074,7.50086922413033e-8,1.8432991546325995e-5,1.77895494120291,1.7789549290526085,0.020504454897845602,1047.1915590672938,0.28517177460756576,0.2851717558513103,1.276420510442027e-7,4.1626611272432476e-5,1.176541743144768,1.176541743144768,4.045774552108337e-5,1.0232313737073038,1.5097009616318497,1.509700958160083,0.00048806679774188974,0.6147914842342397,0.484695755218531,0.4846957123972192,4.4331446340882665e-7,0.0026476538647780133,1.577645741858782,1.5776457125531025,0.0024283013643717644,40.92652184715532,0.3205808710920536,0.32058061724472325,5.802037385341038e-7,0.004005589491094294,0.5218172364899396,0.5218169952192954,5.229684130482282e-6,0.13171490363523497
153,0.16454842088631658,0.16454757405830187,3.7214276912655576e-7,0.0022795709269174294,1.2378013170349882,1.237801245731891,0.0019215009829858139,116.17906071708938,0.3012270524809056,0.3012268893625607,4.0836500873676524e-7,0.0014394798753383123,0.878105956658514,0.8781059320432171,1.6421299921210277e-5,0.675036814820778,0.7675928734801752,0.7675928665119571,1.6661148485232899e-6,0.05443803893618848,1.993910837181481,1.993910837181481,0.0146232331986786,597.9761414207136,0.8294295224434262,0.8294295161242278,2.223521650700739e-6,0.02073298340298519,1.4509696714328466,1.4509696571284074,0.0006201277274136937,4.712267147749774,1.3402460085487689,1.3402459740521313,0.0005762586722189567,1.1323311811993721,0.4514823743514737,0.45148219410394486,1.1779724628819487e-6,0.023309465582185468,0.8116932082896545,0.8116930531828205,6.65381935054263e-5,1.3676110846362426
154,0.8600841540475922,0.8600839920356931,0.0002054302328987118,13.818180691715336,1.1256401534437404,1.1256400750358513,0.0008059549712939553,47.54278753560583,0.7682342363668629,0.7682341724076632,1.5452429115901724e-5,0.6687983604205956,0.608386324117904,0.6083862885897564,1.004235731803714e-6,0.03295074944367133,1.2128154173580747,1.212815412947878,0.00012447876725229587,4.79503435732694,1.2278396592315948,1.2278396592315948,6.24066612258829e-5,1.6257547356968303,0.8502170046968109,0.8502169985321146,2.7538343160553483e-6,0.024759456475641754,0.47353909049094756,0.473539046660758,4.2390546019540906e-7,0.002255651005073816,0.43852709878301743,0.4385269933528497,6.225032642968959e-7,0.006051672726868361,0.4719886896406992,0.4719885172243199,1.3956502040124794e-6,0.029493779861070286,0.5294333820722026,0.5294331442723504,5.649217837321769e-6,0.1418820336658857
155,0.5977565903972691,0.5977563572858599,1.8068549582519817e-5,1.1664588212851097,0.32454844196066723,0.3245481700163574,6.104667892002396e-7,0.010901976107489572,1.6131458322324987,1.6131458017729803,0.013983907961606298,739.1374363211348,1.0635270133599848,1.063526993036252,8.863099690134683e-5,3.8616942647647488,0.7292423127338199,0.729242305399146,1.0735238492483539e-6,0.03401200457823785,0.4240901897811627,0.4240901897811627,1.5027970236164032e-9,3.0915267779883714e-5,1.1287694693088728,1.1287694646654713,3.446159224326168e-5,0.17597851538038908,0.7391541986099674,0.7391541705301601,2.6236491321524127e-6,0.03949322324590165,1.2648992095773826,1.264899173025869,0.0003640325003753973,0.8870336311863247,0.6122233289471152,0.6122231960240934,5.382541952236268e-6,0.12285041939124,0.4782861007822232,0.47828583755235693,3.3507334867863317e-6,0.08437925449572063
156,1.6450835764943188,1.6450834917911101,0.07736829715540296,5857.607551191473,0.46758362410975896,0.4675834353540405,1.7580697394525608e-6,0.08166535002478724,0.9084903996244814,0.908490345539544,5.729369933954214e-5,2.5756291614960287,0.3505469398883698,0.3505468782280386,3.110907610324765e-7,0.00061795024810047,0.5154331246514461,0.5154331142742423,2.3557265966797044e-7,0.0015638844013121343,1.3286601930153912,1.3286601930153912,0.0001384646779983292,3.8899099965739605,1.6771885839380034,1.6771885808129348,0.00131672160603504,3.5398167967843133,0.8826053453836,0.8826053218676452,1.011381056414237e-5,0.11785185866418105,1.5894113076541538,1.5894112785654089,0.002619432580606777,46.08758668307827,0.278641836099185,0.27864154404466135,4.916931742648924e-7,0.0020272638629311402,1.1633271028999939,1.1633269946766427,0.0006464366084823881,6.105496829619146
157,0.5553373472356067,0.5553370963180586,1.1627486439114692e-5,0.7459832635814807,0.389336964129901,0.3893367374391449,8.79108984128184e-7,0.028820145633285946,0.6381676635352486,0.6381675865403604,4.0407355513736025e-6,0.16798031768122884,0.6280277411735432,0.62802770675653,1.215025332316436e-6,0.04222168234944956,1.2542515260883735,1.2542515218238746,0.00017479322805601523,6.8448948041837925,0.8431774418481071,0.8431774418481071,1.4275529831883017e-6,0.03162803642196628,0.9491514722711412,0.9491514667490198,7.220805817311432e-6,0.05437215956093874,0.7313904189799983,0.7313903906021211,2.4344411576510876e-6,0.03691070838393406,0.8501873512309488,0.8501872968500157,1.8920294485188268e-5,0.3051305020435953,1.0645773940101961,1.0645773175680608,0.00019521594055082526,2.403204244934507,1.4183597208525691,1.4183596320886585,0.0027181061543160696,25.651146720616136
158,2.0183848324371545,2.018384763399846,0.8602159360271607,65528.458402391676,0.8084000052844703,0.8083998961069957,5.673346851736478e-5,3.082199662268123,0.3226624052060669,0.3226622529241285,4.312054949607355e-7,0.002262500136713264,1.0066951438384684,1.0066951223673817,5.420092768574931e-5,2.3097512730275667,1.1485343145236895,1.1485343098666632,7.235865149221982e-5,2.720656317171953,0.6641287481399257,0.6641287481399257,1.3211103419505004e-7,0.0028064097830449173,0.41862251867757716,0.41862250615715724,1.835565036252649e-7,0.00013101966109737805,0.07231941696392437,0.07231912996840927,6.397242457937178e-8,1.2838028943615613e-5,0.9674634513542538,0.967463403565388,4.80205808906482e-5,0.6264202090818405,1.0509528694417374,1.0509527920086086,0.00017873347121692812,2.2795385663071004,0.3369784244815412,0.3369780508694273,9.051622380658352e-7,0.015497740687288007
159,0.41943234874685525,0.4194320165266304,2.5390762079702667e-6,0.15407057054179024,1.1631321703069102,1.1631320944263954,0.0010802148392003712,64.30665857720402,0.4549810978727546,0.4549809898778269,7.314080190197646e-7,0.017077387074992647,1.1612696091936527,1.161269590580543,0.00020109020088725522,9.04080606441587,1.082429946967331,1.0824299420258985,4.053545547756959e-5,1.4866234112439043,1.038952262046822,1.038952262046822,1.1526578635436072e-5,0.2732291920512293,0.969776241888493,0.9697762364838136,8.791762857334925e-6,0.06311992775502595,0.3315723330060539,0.33157227040942855,2.898559659651178e-7,0.0002359672925808618,1.5548233093075507,1.5548232795717085,0.0021070499983478655,32.24300164712931,1.1548085624794506,1.1548084920101354,0.00034514142429440065,3.0700656392027112,1.0512215558238673,1.0512214360592391,0.0003350809611813723,4.75682994628816
160,0.9227091511075167,0.9227090000914948,0.0003470304407750476,23.719969637778785,0.6239782163800173,0.623978074934254,9.457992634617858e-6,0.49648430931381365,0.9355016957099367,0.9355016431866259,7.262444719205762e-5,3.2963760791618046,0.6062605764117096,0.6062605407589886,9.894029020405536e-7,0.032147984757533575,0.36251159816038986,0.36251158340567685,1.6066521457972e-7,0.00011458346524928565,0.8409362952360261,0.8409362952360261,1.3927748271984315e-6,0.030759925455352468,0.9740020856904401,0.9740020803092097,9.136664892947396e-6,0.0650752590273645,0.49345262659867145,0.49345258453727203,4.4788004532914977e-7,0.002906131986528314,1.1444899094291823,1.1444898690321632,0.00016838118186335958,1.2315202670028889,0.6433601920369562,0.6433600655470442,7.2788939937246956e-6,0.16214067053138387,1.2952643035324682,1.2952642063328803,0.0013413873915546991,2.032799069951205
161,1.8110936603101324,1.8110935833710653,0.23346608110832795,17748.313238975315,0.9068281017687029,0.9068280044414699,0.00013498460541212621,7.508176525334377,0.6531522447522684,0.6531521695237927,4.737418660329907e-6,0.19862473735538055,0.5701556254984792,0.5701555875880592,7.21272522823455e-7,0.02004442673956225,1.125115699684999,1.1251156949310395,5.9196547707032946e-5,2.2027072422913165,1.9716446287403244,1.9716446287403244,0.012677178044776805,513.0281642991489,0.8821339027300771,0.8821338967884286,3.7898896644395145e-6,0.03232368466824863,0.1485848797088701,0.14858474002226849,1.2997578360044194e-7,2.411027068204346e-5,1.3057316904688094,1.3057316550603248,0.00046828997749442925,0.5151970126109434,0.5959164883974303,0.5959163518370616,4.611027532928424e-6,0.10552754855625945,0.7155262500808437,0.7155260741275964,3.110027993409511e-5,0.6975154047532195
162,0.915113315728886,0.9151131634593657,0.00032578402169628715,22.226218224138954,0.5568481035267099,0.5568479450291285,4.627532581140558e-6,0.23770356123426448,0.9985317418438303,0.9985316926359343,0.0001249885289070077,5.783617740617985,1.4952473238443695,1.495247309388675,0.002679629394933543,131.43932939276067,0.273821916038805,0.27382189650510685,1.2269463550692918e-7,2.224335799299516e-5,0.9332693781525637,0.9332693781525637,3.911845467189169e-6,0.08964577479470408,1.2174435440077278,1.2174435397025347,6.807506933145914e-5,0.28081238076839415,1.0588136352145503,1.0588136156121324,4.327466250445912e-5,0.29763541569327384,1.6270476686070057,1.6270476401911325,0.0033228267334725957,66.77577205391347,0.11707592655225976,0.11707523145797318,2.044007604261643e-7,4.452870896091531e-5,1.3567119625387374,1.3567118697414748,0.0018903149063384547,7.61423082666098
163,1.303523145713254,1.303523038815375,0.006785435417616249,499.84960285047936,0.6458968055828573,0.6458966689370749,1.1912155890097352e-5,0.6251830245798149,0.44958818083005686,0.4495880715397041,7.117820698199688e-7,0.015840132388902896,0.4579521820028742,0.45795213480397334,4.2175034456275535e-7,0.0040805727238627755,1.2823368295287985,1.282336825357699,0.00022039262279425925,8.68287234128575,0.11715522587882995,0.11715522587882995,1.5554978273848258e-14,7.863652836031671e-11,1.383059830153129,1.3830598263634666,0.00021927328172520813,0.5091160123214976,0.44687694760861735,0.4468769011633748,3.935829291142526e-7,0.001542587829481532,0.2494782754073244,0.24947809008458596,3.256549595062992e-7,0.00032281221820375185,0.6595922274223026,0.6595921040452065,8.457027656237229e-6,0.18653087643502267,1.410946482527017,1.4109463932967328,0.002597513236951389,22.77937848851106
164,1.074957247094507,1.0749571174671542,0.001182482860486403,83.75356574191997,1.205908837675257,1.205908764486418,0.001508540007210935,90.41454631178924,0.6761435099596651,0.6761434372892233,6.038295583931565e-6,0.25542673607882876,0.41708405925004316,0.4170840074263415,3.7522924551171946e-7,0.0021549228214812473,0.6983422593249383,0.6983422516657218,7.621087529296613e-7,0.022974281031454158,0.28424076546656263,0.28424076546656263,2.7711493089806443e-11,5.620630997314112e-7,0.6928401288821953,0.6928401213172037,5.49793946541752e-7,0.005575962136408627,1.1431257920308626,1.1431257738742369,8.121349069566399e-5,0.35585888760271644,0.9523948759734756,0.9523948274285051,4.2816814645466636e-5,0.576655332500836,1.2410966626429578,1.2410965970730705,0.0005761411756221966,2.8219455238277575,1.242178109085228,1.2421780077316815,0.0010038779791171012,4.956138325872615
165,1.1112078702511137,1.1112077448525581,0.0015724252783132651,112.07554484003727,1.5294269019222977,1.5294268442150176,0.01656589787353811,1043.2726010595059,0.69245456037478,0.6924544894161204,7.165458725108925e-6,0.3044151111692406,1.8254571123251249,1.8254571004843434,0.028318327273526043,1450.0687314321412,0.707722885770705,0.7077228782130088,8.45630651066662e-7,0.025876586768917922,0.532138665473857,0.532138665473857,1.4421456412717749e-8,0.0003015595581051436,0.5371758505808139,0.5371758408236186,2.449013837801036e-7,0.0008241246966120065,0.9410829775234685,0.9410829554687635,1.6737724472586833e-5,0.16984913997489612,0.5066060802780968,0.5066059890158993,8.845938767161545e-7,0.014095350767015496,0.13674030630450246,0.13673971117095804,2.40930617423972e-7,0.0001301629622441398,1.0243975789293502,1.0243974560286702,0.0002847572696906613,4.291388878865969
166,1.6652655664041418,1.6652654827274835,0.0887442376985805,6723.159303304028,0.6236071905310576,0.6236070490011387,9.453306929399749e-6,0.4944976752317094,0.7467996727534587,0.7467996069585088,1.2488925601105315e-5,0.5380474857956398,0.5454278094728319,0.5454277698436839,6.143741413343164e-7,0.01442931758311242,1.244423213675802,1.2444232093776224,0.00016129006462613,6.2940593380438985,0.9121149391827783,0.9121149391827783,3.1303845161945337e-6,0.07075972690765386,1.0836369875332788,1.083636982696484,2.3811819723536353e-5,0.13485732550299687,2.6291397805676806,2.629139772673347,1.203623387685408,41471.71860356854,1.2767933524819441,1.2767933162709313,0.0003920963688868235,0.7657184073711439,1.7011966528212887,1.7011966049852156,0.010107551110079941,265.45939691880284,1.5795550357659016,1.5795549560604452,0.007923425540442527,176.61715379147262
167,0.5136743791493742,0.5136741078804605,7.388859232147269e-6,0.47277761075110114,0.6605822450658111,0.6605821114578089,1.3785306893612944e-5,0.7282132286945875,1.4643865393422482,1.464386505788508,0.004767072247352785,247.5267007958788,2.438516188865585,2.4385161800016544,1.40182907164933,72486.39554654359,0.5440942297039673,0.5440942198734008,2.5144388629519627e-7,0.0025573320496912366,0.34607150802642017,0.34607150802642017,1.9800205534589285e-10,4.032784405185691e-6,1.014401803707227,1.0144017985403104,1.3138935510048493e-5,0.08631229532054456,0.3169753016392412,0.31697523615997775,2.776679704729913e-7,0.000169432155565155,1.6553591250502397,1.6553590971203607,0.003993222574905465,87.26197328433652,1.0558750182259482,1.0558749411537875,0.00018442110773298466,2.32662111034175,0.5441229475105903,0.5441227161305703,6.554150020075254e-6,0.16361506194026004
168,0.9520991555439596,0.9520990091895973,0.00044297593888962205,30.421675243756408,1.0913244512511848,1.0913243703778313,0.0006166593990528612,35.951573066796776,0.45721273537681845,0.45721262790900996,7.417850105585871e-7,0.017823708428127853,0.34282505519961953,0.342824992150434,3.0306692654096907e-7,0.0005898502829365053,1.2944706429439485,1.2944706388119471,0.00024166702077607578,9.608390459192638,0.7363746773481077,0.7363746773481077,3.7094687571459407e-7,0.007976560535573378,0.015048391181454754,0.015048042879086086,6.562292931990942e-9,1.006634125903552e-6,0.9442151454861826,0.944215123504638,1.719840721179512e-5,0.17303662364857905,1.3545537711748223,1.354553737042563,0.0006292036453077366,1.6702619134444112,0.8806029946413282,0.880602902229003,5.396441924364397e-5,0.9454322212142148,0.3510061360591495,0.35100577737819466,1.0084957408673003e-6,0.018759528685303284
169,0.4442432360895142,0.44424292242372954,3.3716873662781842e-6,0.2099339033564803,0.6132885711585279,0.6132884272473585,8.479567036068522e-6,0.44257512445869124,0.29474668186609854,0.29474651516139294,3.912606460410749e-7,0.0013417780380950205,0.6709040791391375,0.6709040469216571,1.9122879313289595e-6,0.07103259465342904,0.6854161076041915,0.6854160998005311,6.650496780872457e-7,0.01941986434582926,0.7222866346210242,0.7222866346210242,3.0564992611715703e-7,0.006556898763117116,0.20254406419312698,0.202544038315647,8.913141527019791e-8,1.6692202531908493e-5,1.5068369483929502,1.5068369346188606,0.0008758316011816973,9.01981778731847,1.5748755185837433,1.5748754892265149,0.0023889507272631407,39.758902218181916,1.8862916996929049,1.8862916565508145,0.03847529990381646,1207.9585897350535,0.5580115078809722,0.5580112822598597,7.501228033384546e-6,0.18644191838687182
170,0.8818282890150196,0.8818281309980132,0.00024686753960490796,16.69818665801157,0.7723102572475767,0.7723101429682818,4.0857907740268015e-5,2.1960940631411034,1.2501598712790296,1.25015983197554,0.000952570131166168,47.244577382366636,1.2285664180404,1.228566400446855,0.0003468562227608615,15.90820823548242,0.6935744620471186,0.6935744543352508,7.231097140592492e-7,0.02156441539065791,1.1895420672457715,1.1895420672457715,4.515151289275975e-5,1.151399150917452,0.2080213092056937,0.2080212840095733,9.250918000447149e-8,1.9284163341792166e-5,0.4868433811321648,0.48684333849975187,4.480509799272281e-7,0.0026157624936449,0.838393266165983,0.8383932110200468,1.7110666195879577e-5,0.28143626978529984,0.32293064094284896,0.32293038894261267,5.78501532495561e-7,0.004187987720978487,0.9585593458002832,0.958559214458222,0.0001865988647610341,3.188807897653672
171,0.8766378821559062,0.8766377232033108,0.0002359343144454723,15.96255354055277,0.9731176828913628,0.9731175921941422,0.000236482465894251,13.360149748621176,1.5988136807194364,1.5988136499868715,0.012645241974154996,666.6242880951964,0.24877909646763313,0.2487790095839576,2.1891968768271976e-7,8.007696792523353e-5,0.48843338775021433,0.4884333767993771,2.1660669694591053e-7,0.0010237910606999702,0.7464262533366705,0.7464262533366705,4.2084931021874213e-7,0.009149561070765828,1.18868475918364,1.188684754774288,5.486648309396328e-5,0.24334263281568083,0.08057985668206587,0.08057959910726781,7.153276313764011e-8,1.5204390331499995e-5,0.9002087497178654,0.9002086983586876,2.846832361403911e-5,0.4232038289144478,1.136773012037104,1.136772940449753,0.00030798147408367046,2.9815578080219405,1.0221784103274938,1.0221782871599938,0.00028072851805257734,4.256014831668941
172,1.16398946067042,1.163989340958115,0.0023641634661013774,170.321198951384,0.6392534995552391,0.639253361489394,1.1111147248096234e-5,0.583042289520458,0.6205934082029277,0.620593329027662,3.341751220622544e-6,0.13744551316616266,1.8051457673600955,1.8051457553860826,0.02460514222400934,1258.54487557159,0.9741832649750072,0.9741832594845058,1.4790708898741795e-5,0.5225029302514054,0.5407831294939042,0.5407831294939042,1.7098532760587024e-8,0.00035462408069665975,1.1471471565015718,1.1471471519325593,3.984292077457857e-5,0.19465585534803653,1.4255011300114215,1.425501115451414,0.0005325382913363288,3.415382384597306,2.2255813863630443,2.2255813655891554,0.20282112621456438,7042.629835824391,0.4149900936994759,0.4149898976018183,9.03742354470669e-7,0.014936768719825834,0.7729329925329185,0.7729328296479515,4.941365027398765e-5,1.054234968959534
173,0.9095816034370964,0.9095814502415335,0.00031092943458095005,21.199375262408537,1.9283019133679962,1.9283018675976396,0.24778208905399052,15885.548546194052,2.0184117066669804,2.0184116823232623,0.217226828524387,11688.555663252253,1.3061347156127738,1.3061346990640683,0.000639960732811432,29.97521238318693,0.7573160137001406,0.757316006637363,1.4775651484821865e-6,0.04808827053473028,0.9229238503012752,0.9229238503012752,3.5175626901569603e-6,0.07992169071301171,0.5823982462364956,0.5823982372369326,2.784226316174809e-7,0.0015885062833331425,0.8666244340237819,0.8666244100741831,8.731429123687432e-6,0.10590611195943228,0.9916418855783254,0.9916418389546584,5.773390806964465e-5,0.7096432544028352,0.86633455576682,0.8663344618324733,4.8426997253626636e-5,0.8646679063174628,0.6276753115234326,0.6276751109433405,1.4473981689491323e-5,0.34660825050464344
174,2.0318153461422277,2.031815277561263,0.9338812830625328,71112.31789674069,1.2504518079911804,1.250451737409438,0.0021164295793346085,128.26622626841512,0.19139905583653063,0.19139879911803395,2.583828551539361e-7,0.00010914555263799019,0.8669016452268404,0.8669016202934019,1.4763370032106565e-5,0.6032569602012964,0.3777486483796749,0.3777486342201151,1.6568275963184022e-7,0.0001249233103045256,0.42591191828859065,0.42591191828859065,1.568647614920087e-9,3.2280964332363165e-5,1.0561962359283223,1.0561962309658641,1.885183645510033e-5,0.11375870336895888,0.3145703954113978,0.31457032943154206,2.763092009815083e-7,0.00015814084616557833,0.4272327691147963,0.4272326608974749,5.969177756238692e-7,0.005326388933521849,0.1869503231919778,0.1869498878963366,3.231243422183439e-7,0.00035449787865380396,1.2260293870283392,1.226029284339808,0.0009173005735799766,5.454245433982246
175,0.5002653956409573,0.5002651171010183,6.362270572925476e-6,0.40632470685345917,0.3305060027814057,0.33050573573905245,6.357103121194865e-7,0.01192333096470745,0.28418939349281963,0.2841892205952344,3.8493117101159456e-7,0.0010331315668143219,0.9096343925379141,0.9096343687757972,2.2200314559604087e-5,0.9214072787274364,0.26430075520991947,0.26430073497254003,1.1836128241931286e-7,2.2182539170603413e-5,1.56211712440914,1.56211712440914,0.0007758522530512992,25.578808195514068,0.3119533305522745,0.31195331375062735,1.360548084323402e-7,3.0115717405635266e-5,0.5383351752623573,0.5383351367077377,5.276147719825314e-7,0.005056298119532232,1.0042729954150096,1.0042729493777456,6.32318761721806e-5,0.756199750491794,0.9051594790303682,0.9051593891251394,6.503371235129472e-5,1.0958728501985788,0.5833089424940294,0.5833087266578476,9.579944077546246e-6,0.23518751553854642
176,1.2008367380416354,1.2008366220026634,0.003134254582218247,227.27029057023097,0.3765067747924499,0.37650654037676745,8.079010431301274e-7,0.02392733590499702,0.45004872474445995,0.45004861556594616,7.120902057292188e-7,0.015932502768154604,0.7361021622817141,0.7361021329178024,3.856859990783365e-6,0.15098601568130796,1.6027362232599454,1.6027362199226811,0.0025292695479835463,110.40713256372113,0.6713836779543614,0.6713836779543614,1.470648804892089e-7,0.00313114193949342,0.721123997539419,0.721123990271141,7.223092588343529e-7,0.007449549076237182,0.6647755450024757,0.6647755137809488,1.2845795553879254e-6,0.019878294776363038,1.0756148846581295,1.0756148416743614,0.00010519588989030554,1.0236866125071664,0.7645921369729065,0.7645920305389429,2.139853426460467e-5,0.43049891924835004,0.6770572121391051,0.6770570261885432,2.2490616850680188e-5,0.5186511585578839
177,0.1669290895746434,0.16692825482377535,3.759928031932742e-7,0.002392340945573862,0.23905184865956275,0.23905147945458174,4.254181150362514e-7,0.002445012388998782,0.5042393164639473,0.5042392190188492,1.0301804126060718e-6,0.0332979738784221,1.0310499313555577,1.0310499103916468,6.700425139133384e-5,2.8843534505594293,0.32444847318907016,0.3244484567033874,1.4540035097512952e-7,6.805212635278986e-5,0.846092804769015,0.846092804769015,1.479764870260023e-6,0.03275221171485084,1.7624272949674233,1.7624272919934967,0.0021063173363890138,9.114597222755348,0.5779932459462465,0.5779932100369899,6.49438384917755e-7,0.008083706159604168,0.8740529927907477,0.8740529398946627,2.302483863598073e-5,0.35812400729870897,0.9628928781180053,0.9628927936033397,9.817357035805134e-5,1.5135017668953725,0.8578833820927608,0.8578832353371935,9.365103278340071e-5,1.8282057748310159
178,1.6076429568040411,1.6076428701281675,0.05993037487868305,4526.984753558602,1.3181903985731207,1.318190331618402,0.00353353768501185,216.62201672561363,0.9689421327699316,0.968942082059322,9.700623260163085e-5,4.4510807272950155,0.4363255939836364,0.4363255444453099,3.911366061940124e-7,0.002835580835825631,1.4999608839535012,1.499960880387572,0.001179920173648959,50.23239420129252,1.8498879698287127,1.8498879698287127,0.00560470896215527,217.5369888750531,1.477332069772801,1.4773320662249665,0.0004048189080990011,0.5757991448960623,0.5074365891528916,0.5074365482506223,4.739217463466434e-7,0.0035372501958911727,0.8960469347884772,0.8960468831907544,2.757409632194162e-5,0.41210958035913037,0.44210481312412003,0.4421046290533282,1.1040950366539136e-6,0.02089232632759851,1.3695039983616761,1.3695039064311991,0.0020375175471431073,10.374693537742232
179,0.6881354216142274,0.6881352191193838,4.404305314752842e-5,2.8681998950580763,0.6135912409689148,0.6135910971287334,8.487251693730685e-6,0.44429668262225386,0.8647966970192064,0.8647966402016367,3.860796563832495e-5,1.7140123108224552,0.9175899150084913,0.9175898914523923,2.392980948098303e-5,0.9955789888847313,0.8075821897065426,0.8075821830833722,2.602927041640055e-6,0.08720626766885964,0.9221852383416634,0.9221852383416634,3.4916595941311602e-6,0.07922170012794075,1.2559922111980355,1.2559922070249765,9.035146409527834e-5,0.3343334030943431,2.079583300885124,2.0795832909046115,0.03493140479113447,1177.5445320974472,0.7439451480731455,0.7439450859261149,7.445470742011774e-6,0.1386245383746702,1.1188336816138844,1.1188336088787048,0.0002756943955145472,2.8592587343797873,0.4300734352952854,0.43007314255645473,2.0446401199541435e-6,0.049619061556221845
180,1.5226883063236736,1.5226882148119323,0.03317111597932691,2494.232503578318,1.2619844830781264,1.2619844131413969,0.0023090535508110714,140.34678380156302,0.6825181685307067,0.6825180965390004,6.452693727343764e-6,0.2738284174185215,1.10946626737197,1.1094662478897745,0.0001313900289432536,5.789992456459583,0.25007115732433816,0.25007113593540725,1.1053512780741052e-7,1.9040788538950377e-5,0.9247413681216892,0.9247413681216892,3.5858406007306167e-6,0.08153361016708985,0.610441010254736,0.6104410016685997,3.095294505538182e-7,0.0022110527443346428,0.5364654906404253,0.5364654519514355,5.318402336943011e-7,0.004916897030943962,0.3669120949072955,0.3669119688989448,4.923626840103156e-7,0.0023157241330776885,0.7214924132706166,0.7214923004786165,1.4787991682232491e-5,0.31000616400691233,0.8546056677834711,0.8546055204650443,9.123872621697921e-5,1.7927907580308151
181,1.0585866846477792,1.0585865530157978,0.0010400481304662064,73.34519433620407,0.6338459691609135,0.633845829917187,1.0505973232916315e-5,0.5507992703205301,0.9023467994136716,0.9023467449604985,5.419998144615794e-5,2.433625609918379,1.8915960446028683,1.8915960331760955,0.04450601376947092,2287.342528659714,1.4507461847706076,1.4507461810837086,0.0008169974635880137,34.16513941868849,0.5223495429624916,0.5223495429624916,1.205080312249106e-8,0.00025027156424537415,0.6600345223420437,0.6600345144010505,4.1800594750071716e-7,0.003929457998278847,0.4940907355304445,0.4940906935233666,4.504171096974366e-7,0.0029257020835566257,0.8608763840922123,0.8608763303864977,2.0663649954886825e-5,0.32807518290360527,0.5940347841639436,0.5940346471709971,4.513068229037823e-6,0.10380945655306004,0.5138950682323229,0.5138948232422665,4.8276102860706125e-6,0.12171831156709789
182,1.216834087086145,1.2168339725727022,0.00353699859920472,257.3293701898009,0.05185553328642736,0.05185383124022375,9.196594349850455e-8,1.9405197040132997e-5,1.8602824426275995,1.8602824162145966,0.0770913082537907,4133.499231631797,1.198817380930367,1.1988173629002326,0.00027360252005518464,12.418183028092546,0.7640786826283371,0.7640786756280704,1.6015790978240232e-6,0.05216742093261245,1.2304333739995346,1.2304333739995346,6.350586450684976e-5,1.6636073396275899,1.2850284318754734,1.285028427796708,0.00011145833713078114,0.3765892970929217,1.2294804113819804,1.2294803945006156,0.00014897989001476207,0.2694946876458483,0.22807771216565428,0.22807750945404293,2.970105063470745e-7,0.00021370861409344911,1.943015272690397,1.9430152308077788,0.05797855619048528,1853.7212555956376,1.388044534567382,1.3880444438648487,0.002266481495750916,15.263658102900019
183,1.6103084794381075,1.6103083929057074,0.060977121180260184,4610.425861961806,0.497606808058383,0.49760663069127425,2.4154868822511775e-6,0.1184653382517695,0.8939042737807542,0.8939042188132953,5.027279876885986e-5,2.250873288550893,0.4495873093925125,0.44958726131544446,4.0554535304992524e-7,0.0035182396793021283,0.8074726180320436,0.8074726114079744,2.600364699567102e-6,0.08710869299519713,1.3268715383568153,1.3268715383568153,0.00013776030973953573,3.833023934012557,0.8510148562962577,0.851014850137341,2.7757964438485213e-6,0.024954778268208515,1.5522741844704064,1.5522741710995036,0.0011543411207844507,14.586172517188079,1.4171207786988227,1.4171207460735298,0.0009157735372047395,5.68293900572882,0.5100399446883196,0.5100397851349755,1.9853373192798557e-6,0.0446486985070059,0.5418808633572826,0.541880631019905,6.394452824374101e-6,0.16010203925829963
184,0.8097451678170563,0.8097449957334498,0.00013300383300522464,8.852007958546118,0.8701912527697826,0.8701911513448718,9.839161453050525e-5,5.419186928361419,1.2194365134764762,1.2194364731827463,0.0007489636116344161,36.919293619886815,1.4282480868170868,1.4282480716832744,0.0016224456271042955,78.58655684784318,0.5113388595468161,0.5113388490865227,2.294284343102833e-7,0.001493229151259539,1.2088451350908789,1.2088451350908789,5.3231108347803994e-5,1.3714498876826842,0.8113829760940089,0.8113829696342607,1.8413618776034785e-6,0.017658506307754188,0.5245749919925649,0.5245749524266149,5.04619231819436e-7,0.004370353011472297,0.15342995333866422,0.1534296520022928,2.019971732859033e-7,6.066707357899379e-5,0.06340066055834595,0.06339937698512875,1.0951437618310843e-7,1.726266837388642e-5,0.23930368640916233,0.23930316030238982,5.336838678003045e-7,0.003302176336351681
185,1.5689541834821574,1.568954094668947,0.045871942263562816,3457.393756678254,0.7924619148934862,0.7924618035202206,4.912794580768804e-5,2.656442263243835,0.5345403542485084,0.5345402623271993,1.361699252337393e-6,0.049181663899140034,0.5711257658290797,0.571125727983056,7.264641266175988e-7,0.02029684506957633,0.941357013876434,0.9413570081944723,1.065092592569964e-5,0.3741537667027002,0.6115718477531524,0.6115718477531524,5.787229703025561e-8,0.001222342815936461,0.5020608562924981,0.5020608458528679,2.2544838163360465e-7,0.0004901603096305031,0.8114371970417245,0.8114371714632724,5.252224594402189e-6,0.0709956919204503,1.1759059985123292,1.1759059591945769,0.0002065433878036931,1.2676299579813006,1.3728005803461119,1.372800521066877,0.001230003888397276,4.389982224663109,1.339285468231324,1.3392853742266035,0.0017168944472563021,4.482807551836154
186,0.7560435131256883,0.7560433288190068,8.266022064040532e-5,5.435462091109931,1.143926990589275,1.1439269134348162,0.0009321122861406176,55.1198784977331,1.082148418438754,1.0821483730331098,0.00025094807609168945,11.892039588615892,0.08601825753702429,0.08601800625467201,7.597368159074257e-8,1.3081812334353146e-5,1.3472714746276953,1.347271470657631,0.00036743241753946996,14.87410734284608,1.6027034567823326,1.6027034567823326,0.0010362248272981923,34.96821167581767,1.186457636994079,1.18645763257645,5.3923267356070244e-5,0.24094069472401755,0.9849211710151514,0.9849211499420869,2.4175223681287253e-5,0.21543997217550187,0.58467129217159,0.5846712130947074,1.6403667169162247e-6,0.03274925447555255,0.72882483943046,0.7288247277732168,1.5805611523167603e-5,0.32809259075724667,1.45696232334287,1.4569622369307824,0.003456420322497623,44.45424200824447
187,1.2180860869571377,1.2180859725613966,0.0035696454394203284,259.82537685769915,0.5377968584594249,0.5377966943471264,3.752574007710832e-6,0.19074287812858878,0.5059646851250121,0.5059645880122075,1.0504548750089384e-6,0.03403382384418229,0.6497430444748511,0.6497430112081015,1.525412952368368e-6,0.055214988298973,0.30863858655465376,0.3086385692244985,1.3536323943633736e-7,3.073590426925509e-5,0.6548811998557837,0.6548811998557837,1.1505634157317984e-7,0.002435330270732975,0.6337634516546535,0.6337634433844863,3.5416503931254235e-7,0.0028570363803971117,0.8320926619654645,0.8320926370219595,6.3912028589115615e-6,0.08272362678146464,0.3243267674468687,0.32432662489313957,4.3218262440410336e-7,0.0011075575212222747,1.0709400141385401,1.0709399381505595,0.00020346342837975542,2.462688662466524,0.817910174927248,0.8179100209993873,6.96606970863234e-5,1.423928439394884
188,0.4704007845903131,0.4704004883665344,4.555054435516863e-6,0.2873274370121199,0.4510333338908163,0.45103313820886204,1.4848872114081016e-6,0.06647190814970222,0.48962387645970334,0.48962377610583513,9.225167001554947e-7,0.027639834122013596,0.591536394104892,0.5915363575647241,8.637472228591266e-7,0.026436702898395947,1.145278472285958,1.1452784676156924,7.05210345072459e-5,2.6429424067991856,0.7303271739556685,0.7303271739556685,3.4103539822424755e-7,0.007332356507972784,0.8325295449061259,0.8325295386104578,2.289747546390241e-6,0.02127268756668055,0.6837795373032957,0.6837795069494953,1.5286444412330393e-6,0.023990837945027654,0.405116996302491,0.40511688217746794,5.465470520035054e-7,0.0038968125850606314,1.5090363605606665,1.5090363066331605,0.0027748860112059063,38.75586207262422,1.2867330416811176,1.2867329438370798,0.0012817065918414394,2.58779896037313
189,1.1739015358595548,1.173901417158065,0.002549836136774578,184.1118390847614,0.9965348758880589,0.9965347873220978,0.00028710331020679377,16.313448529760727,0.7437565877490006,0.7437565216848501,1.2112021618578323e-5,0.521523368878506,0.30896051652204615,0.30896044656216515,2.7218853552578907e-7,0.00029077771298152125,0.2601986719813982,0.26019865142497245,1.1621712535211523e-7,2.214981498918197e-5,0.6507784963093721,0.6507784963093721,1.0809285575487222e-7,0.0022857296428579663,0.8889266436337901,0.8889266377375448,4.061966618498885e-6,0.03411784161586319,1.043688867786843,1.0436888479003539,3.8486725081765067e-5,0.28154669852941916,0.930440080468717,0.9304400307782724,3.616178836692622e-5,0.5082641942118763,1.7015854237706,1.7015853759454564,0.010167165019414727,266.27789483896584,0.9371370079158077,0.9371368735713524,0.000162458438165921,2.8588577272829068
190,0.23774518677611536,0.237744600669504,5.58609376049483e-7,0.010273936846979454,0.9068823019790956,0.9068822046576795,0.00013534046546345095,7.513191069928593,1.0379971081837893,1.0379970608468114,0.00017420452845924608,8.154545639957174,1.0310190523728495,1.031019031408311,6.686913450522716e-5,2.8830924859738056,0.42789656452205127,0.4278965520219402,1.9174047202948393e-7,0.0003124489656119482,0.920369978800042,0.920369978800042,3.4306020707062386e-6,0.07761818224058435,1.593406702453386,1.5934066991640001,0.0008157499257227657,1.2365374337231896,0.2954876875786833,0.29548761733782225,2.574317211501906e-7,0.00012364559362574017,0.6483828293365486,0.6483827580299371,3.0098092034984835e-6,0.060599932847605016,0.8099376154457614,0.8099375149706513,3.117109152313669e-5,0.5949778991924113,1.4770535220388425,1.477053436802151,0.00391987528051734,57.40475404884804
191,0.5286014949857509,0.5286012313771723,8.713142631495412e-6,0.5577620580738448,0.927773915304535,0.9277738201746027,0.00016123120305922922,9.024351667310532,1.3286653215861135,1.3286652846049078,0.0017337321699407787,87.72362991372086,1.4552020786725661,1.45520206381907,0.0019874486230010207,96.77060602076524,0.1773688216267972,0.17736879147068024,7.941179650052345e-8,1.8267913319338005e-5,0.5828845427983653,0.5828845427983653,3.593174118571121e-8,0.0007534415415861302,0.3253188548749048,0.325318838763543,1.442883525289005e-7,2.1868044368966686e-5,0.5711315130591558,0.5711314767184753,6.278303903251573e-7,0.007528394010318448,0.3721845127271221,0.3721843885038239,4.958279542154173e-7,0.0023924574068970067,1.171217551705144,1.1712174822231178,0.0003801916731520587,3.130958643019824,0.9633433369716714,0.9633432062818588,0.00019334600128045553,3.262862806643138
192,1.0466737098190042,1.0466735766888209,0.0009448710618047282,66.55921456863585,1.0099790646242215,1.0099789772371934,0.0003203892292531057,18.278432763521327,0.911365091561083,0.9113650376467441,5.8682123036508036e-5,2.6441456017716742,1.2752551048275536,1.2752550878781301,0.0005022395897642072,23.340200117134273,0.6608841473716177,0.6608841392782862,5.199227259229113e-7,0.014013520636380434,0.7841653047492054,0.7841653047492054,6.914547856514668e-7,0.015098500881836984,0.9035589821406851,0.9035589763399241,4.6929275797768e-6,0.03829982447251459,1.1689047689118235,1.1689047511556232,9.786438104376377e-5,0.35201543110720684,0.6725173687006402,0.6725172999529996,3.799343610343978e-6,0.07547389391254161,0.3483052966536004,0.348305063012039,6.478257643030691e-7,0.006057288171495656,0.8929581138240479,0.8929579728329311,0.00012020467817543774,2.246248475500149
193,1.0620263739163542,1.0620262427107023,0.0010679089031353454,75.42964132411758,0.5678087391964981,0.5678085837584588,5.213095715115746e-6,0.26872247515213266,0.3370198300852356,0.33701968429068235,4.6031620730477944e-7,0.002934237079925581,0.7049543671149304,0.7049543364535997,2.7549016689596216e-6,0.10601693914134326,0.744037179952781,0.7440371727639541,1.2727875819767515e-6,0.04079431824080063,0.304762196166928,0.304762196166928,5.560262218358606e-11,1.1294033603170665e-6,1.1933691883666009,1.1933691839745573,5.7092922338131247e-5,0.24855760687317346,0.992593823749795,0.9925938028396233,2.5676363580253177e-5,0.22417897884961926,0.1697155107879278,0.1697152383672345,2.2280988764629422e-7,7.69391955820854e-5,1.6856792879872287,1.6856792397108051,0.009074525789353693,231.20764187235832,0.43197851708380314,0.4319782256359898,2.0835607828663543e-6,0.05068210211790774
194,0.13814840672983317,0.1381473980727953,3.1063580017932216e-7,0.0011814466375847997,0.24951395148156283,0.24951359775734372,4.452338056893095e-7,0.003008706173428237,0.831587623440188,0.8315875643536345,2.8356597772813848e-5,1.2485075279141649,1.006863256022008,1.0068632345545063,5.424256966630812e-5,2.313315376254147,1.1679202455919884,1.1679202410122627,8.516774782285077e-5,3.2331867378547026,1.1192469857232337,1.1192469857232337,2.4406002411997166e-5,0.5995700682259624,1.000588255089874,1.0005882498516259,1.157856232754241e-5,0.07864056885192686,0.9361456179108402,0.9361455957398157,1.6109943472615715e-5,0.16484192598108857,0.5246630616633237,0.5246629735420373,9.983363205304506e-7,0.01725895751480995,1.0578994034311089,1.0578993265064327,0.00018684515085463184,2.343010748711301,0.730328899356869,0.7303287269699256,3.510247354329274e-5,0.7784184488680292
195,0.6043841592971079,0.6043839287419577,1.935296679016868e-5,1.2486518890960365,0.6925372374801017,0.6925371100370293,1.9010201077776404e-5,1.0077205525290738,0.3347696906641855,0.3347695438896803,4.4850965512661126e-7,0.002759256032991371,0.89961656655249,0.8996165425257662,2.0197105518222865e-5,0.8352267813355956,0.10949249244255492,0.10949244359212192,4.878742819899719e-8,1.0781321891759665e-5,1.1010050546700638,1.1010050546700638,2.0433195682261884e-5,0.5035897973746564,1.351653601160915,1.3516535972831984,0.00017836404597488427,0.46913420648553583,0.6235281271742467,0.6235280938873639,8.919056986985482e-7,0.013152402241699654,0.7379689048447822,0.7379688421944705,7.054599542473829e-6,0.13190821767904404,0.7893747752878398,0.7893746721954003,2.6357394674233066e-5,0.5150508421495124,0.8971422831481238,0.8971421428145737,0.00012329682476082193,2.3020434743503557
196,0.7253724178059269,0.7253722257061599,6.252039896786594e-5,4.086095853738686,1.4260425370849517,1.426042475194044,0.007843860002396707,488.84336024384464,1.1490551720520044,1.1490551292902234,0.0004307567974312062,20.802918070884814,0.8622853700344602,0.8622853449675396,1.4125191355546739e-5,0.5760318588959629,0.775346392682572,0.7753463857840366,1.8187736090833478e-6,0.05967933583436601,2.1052593248419136,2.1052593248419136,0.030534531347156935,1273.3696295690272,0.15126590855535113,0.15126587390557256,6.735049147958554e-8,1.4560589032576058e-5,0.7108004263476002,0.7108003971476915,1.9911872515019688e-6,0.030755802763438544,0.4275835902941036,0.42758348216557174,5.920166691684059e-7,0.005303644429859364,0.5350745169279504,0.535074364839643,2.531010941201581e-6,0.05806355235756817,0.5349478284658048,0.5349475931172853,5.97801736489812e-6,0.14976170781630735
197,0.3932472214983158,0.39324686715654505,1.8978909988162173e-6,0.11035279253575546,0.643228749879969,0.6432286126673918,1.158291833453505e-5,0.6081703787234974,1.1259663389663768,1.1259662953277314,0.000357720190692943,17.179968125019457,0.35520794357296914,0.35520788272173887,3.15009356617564e-7,0.0006894351251094192,0.4971868904273274,0.4971868796692912,2.2571556533647462e-7,0.0012197593386556913,0.8884116195137703,0.8884116195137703,2.3858798166832053e-6,0.053997355107513245,2.1686017836932456,2.168601781276329,0.020055471163477407,306.22328076662836,0.3026158932399422,0.3026158246536255,2.668621555538307e-7,0.00011957979503968612,0.8574308948907962,0.8574308409692711,2.0077664150978816e-5,0.3206312399314211,1.3525592345052653,1.3525591743389036,0.0010970719625544758,2.480119893855384,0.776548996327374,0.7765488342008816,5.079408333807559e-5,1.080854732780058
198,0.2966011289566232,0.2966006591540811,7.755533399902551e-7,0.027403529869257162,0.7505522756811756,0.7505521580890039,3.3293758516829324e-5,1.7831549593102258,0.47502862811181706,0.4750285246745769,8.309799560158559e-7,0.02253534371410386,1.4429919945465604,1.442991979567379,0.001810300143751721,88.05918964195995,0.1395396354483215,0.13953959711688116,6.120367276647618e-8,9.439318314602587e-6,1.2631012199756206,1.2631012199756206,8.317685052146594e-5,2.215664369697383,1.407004992381376,1.4070049886562084,0.00025698845105771254,0.5322063926463292,0.7099685858284855,0.7099685565943644,1.9686636537167085e-6,0.030507263931047263,0.9532213322583105,0.9532212837554291,4.3099262254726286e-5,0.5789893587117763,0.8751057595633024,0.8751056665704618,5.193887620884369e-5,0.9129875970691738,1.0607303631154112,1.060730244424401,0.00035640370262678584,4.914296436012843
199,0.7524095079693635,0.7524093227725129,7.985347342086723e-5,5.2567505712250435,0.3471385186854745,0.3471382644379835,6.819484126396468e-7,0.01566273146909034,1.399846651925309,1.3998466168245747,0.0029655976677469644,151.9382944476276,0.9385248764426467,0.9385248534119958,2.9229740871683603e-5,1.218722378702137,0.7213285651024873,0.7213285576873442,9.821552433406869e-7,0.030786445596922132,0.22843588571654966,0.22843588571654966,3.125711289733226e-12,6.30838155211432e-8,0.6047547375139505,0.6047547288470821,3.0300535330849034e-7,0.002083009842457692,0.9740912848332961,0.9740912635259427,2.204723734236264e-5,0.20406795709435513,1.368435870219636,1.3684358364336315,0.0006835935776379113,2.310362947025526,0.11569359882929763,0.11569289542985052,2.0405903530235551e-7,4.0174588482669745e-5,0.9535117458013089,0.9535116137639628,0.00018063681062808663,3.1106545111019024
200,0.9427480259210557,0.9427478781150025,0.00040951459523064107,28.108593804438996,1.2552005271702655,1.2552004568555504,0.0021942844872838885,133.10784032001212,0.2806557892820937,0.2806556142076355,3.7811280951838587e-7,0.0009782205104693635,0.5410235122440042,0.5410234722922482,5.91374245155175e-7,0.013524629901175917,0.9879413144833119,0.9879413090692711,1.6838671592800503e-5,0.5991223612135229,0.9750759456390121,0.9750759456390121,6.091625789401444e-6,0.14103459098910695,1.120492989187323,1.1204929845096234,3.21963320338162e-5,0.1678965572215347,0.9256299860273515,0.9256299636044528,1.4684605044325312e-5,0.15499976262546974,0.1626908336875805,0.16269054950426584,2.1545297169519196e-7,7.527896724909985e-5,0.7946878122778276,0.7946877098746322,2.748118968608452e-5,0.5350532662171372,0.1122962727218702,0.11229515158243134,2.424239395730111e-7,0.00018877222381053125
201,1.092685104977986,1.0926849774537235,0.001358118702080809,96.59128262143781,0.6224754013126377,0.622475259525388,9.309948475379949e-6,0.4886208967043875,0.22702605555523103,0.22702583912338478,3.0651053363521254e-7,0.00029605324136231474,1.7074397046271423,1.707439691967932,0.012442561499591638,630.1043765174419,0.8311296716189784,0.831129665183455,3.378485758933918e-6,0.11412068039493771,0.6994052850165582,0.6994052850165582,2.2006144066677802e-7,0.0047344778028467205,0.0522276074486312,0.052227507092996936,2.2788127621947464e-8,3.554714834325604e-6,1.3160839242700464,1.316083908499542,0.0002658641523826606,0.5553362904170193,0.8296672155155657,0.8296671597896305,1.591145714038826e-5,0.2646831620154732,0.09514010806803558,0.09513925270920177,1.659535681088983e-7,4.5551799712865575e-5,0.3674989357885702,0.3674985932046927,1.1431083713816926e-6,0.02311294909298
202,0.7024306053082172,0.7024304069343528,5.0499451907979617e-5,3.288733667594026,1.0016933192674888,1.001693231157618,0.00029947489599109283,17.042389997894723,0.39675168266986316,0.39675155882501323,5.622827392440484e-7,0.007482004621075909,1.0608181993704109,1.0608181789947813,8.665356710544564e-5,3.7700532812339653,1.2802067668488168,1.2802067626707774,0.00021606213853304514,8.527921205281315,0.7624206034777037,0.7624206034777037,5.225551266779984e-7,0.011346567605697796,1.47425347087628,1.4742534673210368,0.0003971381163926858,0.5739926569877057,1.6527759196140743,1.6527759070562273,0.0021187731845651067,38.45285243974137,0.34867458236585064,0.3486744497665987,4.6102334908035924e-7,0.0016676870722365299,1.0803432193262401,1.0803431439996518,0.00021590699381408588,2.54474594390702,0.8004192133500425,0.8004190560585108,6.104975332419812e-5,1.2699828711489942
203,1.3474209666773558,1.3474208632621183,0.00937358974078069,695.1356843377919,1.3074720964442348,1.3074720289406396,0.0032566245626622866,199.50348728454557,0.6193695406200842,0.6193694612883689,3.297527136572227e-6,0.1355150735713278,0.6561129777749163,0.6561129448311401,1.632245839888548e-6,0.059447399545783666,1.6790059391881145,1.679005936002447,0.004386080998299017,195.04571262842046,1.4323957117119077,1.4323957117119077,0.0003069510565439719,9.16021149794356,0.8192611067441146,0.8192611003464843,1.996497181145043e-6,0.018992576949466412,0.6964545918944611,0.6964545620930817,1.7320965558470865e-6,0.026927819048546665,0.5136031597003241,0.5136030696814385,9.264114978295932e-7,0.01526861177312664,0.8361455596080043,0.8361454622821621,3.832135292540288e-5,0.7109267992715311,0.36262845311102215,0.3626281059258774,1.0903944590674705e-6,0.021750583060241264
204,0.4955024173836106,0.4955021361662267,6.0506651003597234e-6,0.38457911630858,1.1474541484668381,1.147454071549544,0.0009592687093664669,56.7160890005806,1.2021616382443177,1.202161597371573,0.0006546725747492999,32.11700561641768,0.9484905657754453,0.9484905429867749,3.191468359662013e-5,1.33983880773173,0.9973507229954325,0.99735071763247,1.8376753220400587e-5,0.6575818069468466,1.7204965891888195,1.7204965891888195,0.002337850431520374,84.78550138249905,1.052427948943955,1.0524279439637283,1.8298044240793073e-5,0.11088732093172533,0.4211104909579372,0.42111044167085265,3.6872350246664695e-7,0.0010690354598099404,1.1206051215793147,1.120605080321266,0.0001432114012275887,1.1750381839157706,0.9552447725528964,0.9552446873615695,9.321394545921141e-5,1.4537610844799622,1.2095763507697053,1.2095762466843725,0.0008370585079349016,5.812076805408073
205,1.084627126203973,1.0846269977322993,0.0012757280278046363,90.54860682893383,0.9854357517218306,0.9854356621583366,0.00026205467825827627,14.843989689312904,0.9579031961309962,0.9579031448359943,8.845502097805299e-5,4.033554358690973,0.9655806134388171,0.965580591053489,3.738347478134074e-5,1.5753955274935745,0.7765409011079291,0.7765408942200053,1.8428043903340588e-6,0.06052556916092745,1.7149147098043067,1.7149147098043067,0.002250638394897242,81.34257407845455,1.180671082494513,1.180671078055233,5.187458763674668e-5,0.23267004533406466,0.524718249795551,0.5247182102404032,5.04725809154564e-7,0.004362861184735608,1.5056321085272928,1.5056320778199372,0.0015595197303816418,18.617101615099248,0.9131568593418012,0.9131567702239578,6.882870721445228e-5,1.1487293360212758,1.0911164900222394,1.0911163746366142,0.0004263361748864911,5.404631279102233
206,0.6368823940140445,0.6368821752234494,2.6842545773374632e-5,1.7353569642705269,0.30066886426335315,0.300668570720793,5.595071958168802e-7,0.007582765879157351,1.4606596375549477,1.4606596039155944,0.004643146421284706,240.7442658070542,0.5391632737472808,0.539163233657682,5.839687748407658e-7,0.013207185217772735,1.2005866578514455,1.2005866533963283,0.00011258157118148091,4.311059246821848,0.9411478113348387,0.9411478113348387,4.288671903519791e-6,0.09771735165824268,0.812670056868093,0.8126700504185755,1.8659773789308324e-6,0.017907326563625005,0.8801780811788998,0.8801780575980952,9.865169851272393e-6,0.11607530094341251,1.1149306645642234,1.114930623096191,0.0001382788085537457,1.1556043108353757,0.9038840648230216,0.9038839747909331,6.424374474601197e-5,1.088440623606908,0.856628142266859,0.8566279952962469,9.282624174364547e-5,1.8140201545380248
207,1.0889678752163292,1.088967747256758,0.0013182886538572536,93.75847034693301,0.7471870068487263,0.7471868887269291,3.222906341463066e-5,1.726390268891755,1.8066302793703342,1.806630252172935,0.0537041126785951,2873.4316497147447,0.5757109875295028,0.5757109499849019,7.5527365470355e-7,0.02164544405163373,0.850954283307227,0.8509542770216314,4.1861180011829346e-6,0.14249909877849412,1.122679765194772,1.122679765194772,2.514466486228741e-5,0.6192983443547563,1.4379636729952068,1.43796366935024,0.0003120774904872294,0.5576807723035027,0.8920071357240671,0.8920071124559713,1.0957374237875136e-5,0.12550043834808286,1.3982687024919074,1.3982686694267459,0.0008162711579566239,4.149576470981713,0.36174419900946586,0.361743974047762,6.843658692535242e-7,0.007343564335560213,1.0434380833631869,1.0434379627051806,0.00031955678262490984,4.623334698964584
208,0.9566856635809432,0.9566855179282279,0.0004598905886417168,31.618495986552063,0.5082299278367013,0.5082297541769554,2.7118556386444807e-6,0.13476976334011045,0.4095488186156674,0.40954869864058774,5.905263364854092e-7,0.00884704116742518,0.5349209100896068,0.5349208696820644,5.736666201913473e-7,0.01248551822656336,0.7107170107377988,0.7107170032119419,8.740505010169468e-7,0.026935601281862814,1.1833081227285462,1.1833081227285462,4.242950034804182e-5,1.0886301297818128,1.1484121371472216,1.148412132583242,4.024059833932194e-5,0.19657325170668816,0.13427918752767876,0.1342790329592794,1.1895611254438631e-7,2.561137596663692e-5,0.2704177667478798,0.27041759577540575,3.516315610122655e-7,0.00045417047095247287,0.7353868169383859,0.7353867062774789,1.6696452060728058e-5,0.34531649659609925,1.4043291267856521,1.4043290371349049,0.002494465628766845,20.42348232360352
209,1.231141710158737,1.231141596976104,0.003944479856448069,287.47320450213766,0.4122193722752366,0.412219158168152,1.040232601325337e-6,0.03971732543947486,0.2521854317344437,0.25218523689502104,3.3639125315705045e-7,0.0005503257684147007,0.9064872939031926,0.9064872700585795,2.163854807853324e-5,0.8937553627539389,0.7391813534601703,0.7391813462241186,1.2057991603421307e-6,0.03850326161784738,1.3015356292228604,1.3015356292228604,0.00011338199796569549,3.0892733358544264,1.0565244710612605,1.0565244661003441,1.8913368669625434e-5,0.11376962022301615,0.8674283884788754,0.8674283645514738,8.795880443238167e-6,0.10649204895549841,0.8494336716541283,0.8494336172249445,1.8779620441612926e-5,0.3037227514067286,1.2419368425982618,1.241936777072733,0.0005785484565415368,2.8096250552922495,0.4310577825934269,0.431057490523084,2.063541247332809e-6,0.050358990296263346
210,0.2963339794775386,0.29633350925146185,7.809364856706083e-7,0.02754251264323265,1.725541211182233,1.7255411600336044,0.06500823986418947,4141.577636522997,0.70744845207186,0.7074483826171213,8.383247430698473e-6,0.35721920411181185,0.8815990027646073,0.8815989782468405,1.7014717343319213e-5,0.6989653482524338,0.8243114297972522,0.8243114233084977,3.131025368758166e-6,0.10564921541260375,0.38824431491630157,0.38824431491630157,6.239573194578986e-10,1.2760483988528093e-5,0.42269381917661614,0.42269380677679036,1.8566081172934022e-7,0.0001656497042347217,0.8972964415378816,0.8972964184069446,1.1471926739974578e-5,0.12989244328697344,0.3378795931600651,0.3378794563243689,4.4268007847630077e-7,0.0014346049737816349,1.07375706242118,1.0737569866325574,0.0002077668356211905,2.4845524139804414,0.4122874512875861,0.4122871459200617,1.718042716597147e-6,0.04047369961055001
211,1.9931335957165028,1.9931335258045528,0.7378925377554358,56153.47618696264,1.649709093780326,1.6497090402805503,0.0385682868392237,2451.8251259491585,1.5532516817281894,1.5532516500941367,0.00910494601360711,478.3077843489284,1.3935712530360664,1.3935712375256728,0.0012516479888513034,60.00133239810105,1.3703648458696565,1.3703648419664956,0.0004398550186199442,17.9544297433643,0.6056413695833697,0.6056413695833697,5.278602817913787e-8,0.0011082040568071076,0.13558354697912553,0.13558350832155608,5.9261482355369144e-8,9.38930477829387e-6,0.9960620488880306,0.9960620280506667,2.641691394606555e-5,0.22790156466674097,1.0283954136706632,1.028395368713266,7.531685065145843e-5,0.8458843315321151,1.4683330595110853,1.468333004088668,0.002158321026515587,23.25450036252669,1.7325535792650903,1.732553506598273,0.024433707723599502,702.7282757689078
212,1.179862108311408,1.179861990209589,0.00266457592530514,192.87386536681745,0.4230208660847098,0.4230206574446782,1.1447225144247942e-6,0.045982556264370665,1.7393149840431201,1.7393149557931218,0.03386732615652541,1806.440288570701,1.3231816319585652,1.3231816156230614,0.0007296975233198653,34.36718695197961,1.8379222425859392,1.8379222396757209,0.013507764018053845,616.0480904173853,0.7843995438294645,0.7843995438294645,6.958854771290197e-7,0.015146033278900087,1.4083423523179424,1.408342348596312,0.0002594129777016902,0.5336269411546989,1.9002787188437327,1.9002787079214891,0.010367942325437456,308.1106249322937,0.7566897395070444,0.756689678406729,8.350909541279921e-6,0.15347264918660455,0.1815024883007247,0.1815020399395626,3.175874702262357e-7,0.0002822671321181944,1.2999252744487138,1.2999251775976417,0.0013794485192431454,1.7436194384104002
213,1.1189655847952809,1.1189654602661052,0.00166826298746674,119.22991539158829,1.1016883929420387,1.101688312829487,0.0006676324867151621,39.12918680127834,0.7992861269685088,0.7992860654940941,2.0831934401760133e-5,0.9113679212590485,1.1611950909255262,1.161195072311222,0.0002018390588301298,9.04016323730472,0.18200036598389732,0.18200033659519319,8.117908900926726e-8,1.77437984543364e-5,0.884308921212604,0.884308921212604,2.291875154785935e-6,0.05148802762416558,0.8546157660271938,0.8546157598942276,2.877003266416682e-6,0.02572023836663633,2.049285947103631,2.049285936975563,0.028229142726528236,945.7436558107116,1.200990990930924,1.2009909524343982,0.00024369748248913198,1.2464736136327836,0.8638116374511488,0.8638115432424498,4.750097253232872e-5,0.8509303642498365,0.49906275238017983,0.4990625001089315,4.147860490747756e-6,0.10473956263648318
214,0.44654306438002467,0.4465427523297123,3.4667965709003313e-6,0.21571215751025624,1.0949098579217849,1.0949097773132601,0.0006326967866988239,37.01888520338742,1.4124628227848874,1.4124627879976743,0.0032477404425546317,167.1999831943578,1.0799485965077356,1.0799485764930434,0.00010216762462899604,4.468143442993713,1.1963462898457444,1.1963462853748363,0.00010829977059334166,4.153451132183201,0.23769490614138533,0.23769490614138533,4.622464144858237e-12,9.385608261291463e-8,1.7867704706427274,1.786770467709318,0.0024110501608115642,11.73562434908221,1.2468776566782616,1.2468776400324364,0.00016749292735834638,0.235902821017367,0.5132549138969171,0.5132548238169533,9.150923093464475e-7,0.015063343319237556,0.9065508399927805,0.906550750225537,6.547363523719348e-5,1.1055158393082847,0.8079462191365744,0.8079460633104057,6.479868965118036e-5,1.3339521689069784
215,1.4140286658574335,1.4140285673135622,0.01523789597867047,1138.1015679886223,1.277241326055565,1.2772412569542406,0.002590045440937789,157.96725730469032,0.6520421056351435,0.6520420302785871,4.668211148083933e-6,0.1961665183066279,1.5531872716929167,1.553187257776476,0.00410287167925678,203.47135195061102,1.9561424576033122,1.9561424548689743,0.030464167763704524,1405.2139973172827,0.4768352607914012,0.4768352607914012,4.836744046173779e-9,0.00010020070068395717,1.6052280607231069,1.605228057457945,0.0008738346211533035,1.4327866089634116,1.0873944032066445,1.087394384119451,5.3773434435067884e-5,0.32570660457786915,0.5172802752852803,0.5172801859062991,9.479740141420926e-7,0.01574811820799978,0.7615218307290585,0.761521723865974,2.0893655514296467e-5,0.42063931759684003,0.3137680227224508,0.3137676214730465,7.727758720854628e-7,0.011087217331322305
216,1.327609456101332,1.3276093511428604,0.008105457347612845,599.3174017059949,1.0030135075865356,1.003013419592637,0.00030215950561342236,17.232886615601632,0.7417031532235497,0.741703086976498,1.1864725785556592e-5,0.5106380509542897,0.2137151187278425,0.21371501758926248,1.8807518642568714e-7,3.949290746021251e-5,0.820180208143273,0.8201802016218348,2.999170735413882e-6,0.10080129763443818,0.854043867799195,0.854043867799195,1.624457828780553e-6,0.03603882252318125,0.7966496596101518,0.7966496530309364,1.5794508330536218e-6,0.01548140584432887,1.422318670373726,1.4223186557811403,0.0005220300183780157,3.2741384707339876,2.136440354576091,2.1364403329354307,0.11159540758904977,3846.7489491902447,0.5572743443371702,0.5572741983075216,3.146975767971423e-6,0.07267194994044507,1.4898657016205885,1.4898656171168947,0.0042610015285943735,67.12208237421737
217,0.44682583462306186,0.4468255227702283,3.469012664988284e-6,0.2168877503996056,1.3663792804238457,1.3663792158304575,0.005060734649270055,312.5881454772745,0.47204704051356067,0.4720469364229804,8.170328398926462e-7,0.021853620572894677,1.004896818837596,1.0048967973280853,5.334575132517142e-5,2.2721085550181583,0.5927034281538331,0.5927034191294978,3.125439362816889e-7,0.005377923747709263,0.27565037069746334,0.27565037069746334,2.0309721572005426e-11,4.1341297113804824e-7,0.2633825679724211,0.2633825480723576,1.1572874803216511e-7,1.7723952342968245e-5,0.8710187803707146,0.8710187565419432,9.09149990719781e-6,0.10908906602421119,1.0526013613536926,1.0526013174301498,8.958485778695886e-5,0.9381690057485872,0.3022289907744447,0.302228721513041,5.417731361070595e-7,0.0031180301500499737,0.5662465692327618,0.5662463468929133,8.129597767654032e-6,0.20125878246812207
218,1.11414035451608,1.114140229447581,0.0016039892807920657,114.70474500894886,0.7011959483123883,0.7011958224430458,2.071835863574813e-5,1.0988823759812103,0.8905816325419836,0.8905815773694484,4.8780711924926696e-5,2.1822927369705103,0.8993515645106707,0.8993515404768672,2.0165958438285897e-5,0.8331157014653006,0.6631269749461797,0.6631269668802214,5.310635198225214e-7,0.014440257727004507,0.581361188217202,0.581361188217202,3.4890910912595364e-8,0.0007339986629864492,1.034851599678143,1.0348515946133303,1.5674814855929466e-5,0.09909022112509872,0.590526019058966,0.5905259839118139,7.029470744627951e-7,0.009196834171723754,0.3731072882345851,0.3731071643185182,4.961361147241617e-7,0.002506077824935578,0.43485584200078753,0.4348556548615664,1.0356729934059503e-6,0.019066208561692666,0.6443780568158418,0.6443778614349323,1.684129272719431e-5,0.3984866605748485
219,1.050717952541151,1.0507178199233895,0.0009759635352555364,68.80442148792442,0.4483919307341699,0.4483917338994849,1.4465343905618237e-6,0.06424677182256233,0.6919452906925879,0.691945219681703,7.1250655552011545e-6,0.3028457730519452,1.0306659695501579,1.0306659485784373,6.669773622205844e-5,2.874299387356917,1.2462246548907494,1.246224650598783,0.00016437690185133202,6.395386774945939,1.042671248461943,1.042671248461943,1.1959729699436776e-5,0.2835786455712186,0.5314273627283699,0.5314273528656304,2.404940342306392e-7,0.0008211817846660052,0.26690837134492984,0.26690829358299956,2.359724473155455e-7,0.0001073267098606595,1.4726904864391015,1.4726904550448738,0.0012792523169765457,12.457663228961579,0.49485699580240133,0.49485683135372166,1.720919844287244e-6,0.03801430779115524,1.6214291199203643,1.6214290422733346,0.010712899230573001,264.2250554286483
220,1.6008982827865705,1.6008981957455266,0.057230681625273734,4320.17742611994,0.39457323475998535,0.3945730110775803,9.073119621994987e-7,0.031131772383454822,0.6188737322045934,0.6188736528093218,3.280191212152858e-6,0.13475546202160069,0.6781674751032528,0.6781674432308321,2.070601808354713e-6,0.07758616590856919,1.3966716695749055,1.396671665745262,0.0005415104309980752,22.217207785156653,0.9552810464033028,0.9552810464033028,4.924490992464161e-6,0.11404191820842549,1.5327625615810014,1.5327625581614701,0.0005670224170321644,0.6774527576983493,0.7966931833993891,0.796693157347569,4.5761417861417745e-6,0.06333308932679643,0.6337769981383276,0.6337769251884054,2.6108409004662393e-6,0.05280682121059416,1.9438271506911933,1.9438271088260681,0.05830470028101641,1865.0606282660433,0.8199508313000581,0.819950677755286,7.078039058219695e-5,1.4424453502228294
221,1.466150149139208,1.466150054098561,0.022168946857737706,1663.167068639015,0.7283461973087378,0.7283460761313736,2.6934339854137156e-5,1.4373707093561645,0.8654620280279417,0.865461971254051,3.8796715399860045e-5,1.724763329303264,0.923408273234982,0.9234082498273091,2.5373958220876963e-5,1.0535070141132705,0.8514887058161239,0.8514886995344734,4.209890346286562e-6,0.14336709776601816,1.3950612647979967,1.3950612647979967,0.00022998257538748144,6.760074374451042,1.2784693581415434,1.2784693540418521,0.00010717657688943377,0.3653460343332566,1.7555866564101708,1.7555866445877368,0.004015852951289081,95.0829097989253,0.30568740124100996,0.3056872499950271,3.981173615816789e-7,0.0008454512103780593,0.7085067690348662,0.7085066541755929,1.322690196781303e-5,0.27963088143417997,2.123916803039014,2.123916743762138,0.38979278680639196,12461.411301032813
222,2.1199955319720027,2.1199954662436302,1.5840122246635078,120628.75919433864,0.4744922177594019,0.47449203175196264,1.8918977721322852e-6,0.08939819084833964,1.117642401557819,1.1176423575941632,0.0003347668649878753,16.02591868328753,0.5643110377955572,0.5643109994924977,6.975338194147469e-7,0.018619936722431497,1.020729078565096,1.0207290733249645,2.2920326628169198e-5,0.8265807426435988,0.5733478467977741,0.5733478467977741,3.0608634707673206e-8,0.0006383441429444536,0.622238781695261,0.6222387732719197,3.313791594670286e-7,0.0025663213746057426,0.541888488914631,0.5418884506128249,5.359070645384996e-7,0.005337670424785296,0.5240959511268918,0.5240958629102517,9.957517783650503e-7,0.017163554120792634,0.6016400222151091,0.6016398869538695,4.866424541653479e-6,0.11121696584373533,0.40343363035181173,0.4034333182826362,1.5743274966345716e-6,0.03637595744427364
223,0.18059750036823286,0.18059672879525204,4.0502559498000465e-7,0.003149852439324856,0.7188762822409624,0.7188761594673019,2.4612128993345652e-5,1.3097972975192886,1.4491451085261695,1.4491450746195267,0.004272383946887387,220.80353026160358,0.6171166448255532,0.6171166098000206,1.0954563784166941e-6,0.03669652840666286,0.1070170501632208,0.1070170001828138,4.693447574843862e-8,7.204201004818657e-6,1.3642244684950813,1.3642244684950813,0.00018453579933492162,5.241061345301373,1.5372787622113648,1.5372787588018793,0.0005817797119411487,0.6964430093142101,1.1463527444045851,1.1463527262990698,8.328694810643656e-5,0.35636951346966517,1.1566972091064387,1.1566971691357528,0.0001821213423487175,1.2545255043442824,0.8373008349254066,0.8373007377338508,3.8703584315939924e-5,0.716192982557395,1.6704572170894727,1.6704571417213918,0.015366296268115136,412.7371778040084
224,1.366314210973664,1.366314108988441,0.01078269585002849,800.4340036766007,1.0880447151510368,1.0880446340339034,0.0006004009828781222,34.99417524515903,0.49530393135128914,0.49530383214826096,9.609154302239126e-7,0.02977208586336621,1.0453886499528129,1.0453886292764465,7.589040939389065e-5,3.283309778729364,0.4270341101315067,0.42703409760615,1.8796216528142023e-7,0.0003304090754733232,0.7560738635192448,0.7560738635192448,4.831601273898014e-7,0.01042481338451493,0.8322431213612499,0.8322431150634151,2.2896428548330864e-6,0.02122520185036863,0.36415783164466686,0.3641577746493012,3.167987350193688e-7,0.00043927238358934604,1.0680346241902228,1.068034580901382,9.98905091570408e-5,0.9963320108763081,0.5590764292270282,0.5590762836680806,3.2032837213943307e-6,0.07392862718225011,0.9704838166216133,0.9704836868933706,0.0002018559149913209,3.378953284741094
225,0.893695011389101,0.893694855470287,0.00027227957624024313,18.4984171555782,0.3467883609948035,0.3467881064905946,6.850233690510284e-7,0.01564772765060436,1.0976811676867688,1.0976811229236378,0.0002847509243816072,13.558276106961458,0.088903659124389,0.08890341599752234,7.822715038277937e-8,1.2240947687403974e-5,0.2703105588368835,0.27031053904944086,1.1964155219305898e-7,2.9987520688614088e-5,0.6035794601387898,0.6035794601387898,5.1153167327053104e-8,0.001070775985924982,0.930464490137735,0.9304644845047101,6.063082411735861e-6,0.04725551850609698,0.9142191649102421,0.9142191422074721,1.3319036317311336e-5,0.14448380238494923,0.8856001037356336,0.885600051529247,2.5361090387676632e-5,0.3856144487430803,1.05637452084001,1.0563744438042926,0.00018497710278264013,2.331575132622328,0.8430125459537028,0.8430123966093502,8.387418036322948e-5,1.6695982464860626
226,1.1486975701342002,1.1486974488282402,0.0021004643849010236,150.96709607489578,1.0472127348734313,1.047212650593451,0.00043190744466710184,24.966932283672147,0.6116195101104462,0.6116194297734927,3.0335898786283883e-6,0.12395240702800008,0.7051422481447146,0.7051422174915535,2.7612907231821515e-6,0.10623092223203767,0.23791988670838762,0.2379198642270608,1.0579889591394464e-7,2.528892794113934e-5,0.9446372119781816,0.9446372119781816,4.43911125134627e-6,0.10159481001849559,1.3079379691891149,1.3079379651817922,0.00013071951044439482,0.4098897264022579,1.0820621959008787,1.082062176719627,5.167599948688459e-5,0.320894204914933,0.910493060303136,0.9104930095240765,3.099562597047994e-5,0.4505927692559058,0.7810740612980319,0.7810739571099972,2.4553167030068796e-5,0.4855049059894614,1.7145502588237833,1.7145501853939413,0.021351968563491103,604.3326840967458
227,1.0632162022370035,1.0632160711781817,0.0010785113946341436,76.15092444602837,1.569824227930184,1.5698241717079235,0.022064629569000592,1394.534956836933,0.5684573425806818,0.5684572561438553,1.9127772164383947e-6,0.07455772139099677,0.8658336000226587,0.8658335750584637,1.4596694311410903e-5,0.5968826180453938,0.9550040838599883,0.9550040782592221,1.2218343562991487e-5,0.43028592945528227,0.2350581168660281,0.2350581168660281,4.151425229070581e-12,8.3955663751057e-8,1.5892845088285121,1.5892845055305944,0.0007952709876651846,1.1675806948423364,0.3019178938538963,0.3019178251090159,2.662235858673197e-7,0.00017798152493783847,1.409789812116225,1.409789779321279,0.0008745152606041148,5.043149222220432,0.6426508283442155,0.6426507017146829,7.208486094068712e-6,0.16128667532500143,0.9312173456548684,0.9312172104563978,0.00015564941570370909,2.7732026625225856
228,0.27376975178939333,0.2737692428069997,6.703900911164175e-7,0.01905162362377369,1.4993277370454732,1.499327678179713,0.013328461236937624,838.3277388543048,0.6909016904990747,0.6909016193809284,7.05226605788116e-6,0.29938816367188276,0.25155427114718615,0.25155418522202133,2.2446856429321518e-7,5.847725014024531e-5,0.8239223678964449,0.8239223614046264,3.1183081361472454e-6,0.10517143006695263,0.6352517495120003,0.6352517495120003,8.495428729520758e-8,0.001791688531175695,0.74614097918718,0.7461409721625964,9.266279624764172e-7,0.009562089808013378,1.604932713696039,1.604932700763841,0.0015903398785715407,24.576931322691642,1.0479748493432102,1.0479748052257574,8.689130939339531e-5,0.9197253505185136,2.0194354592068278,2.019435418909146,0.09898736243600995,3232.1075650858465,0.32272846308701064,0.32272807297816625,8.294602202898517e-7,0.012716203658184535
229,1.3853669272327913,1.385366826650154,0.012393060694867652,921.79715715433,0.9536039698268516,0.9536038772736826,0.00020084886334284784,11.294836642068091,0.1212609084548512,0.1212605032481968,1.6115631398773498e-7,4.133955694180382e-5,0.3921299048127981,0.39212984969116677,3.5258317143197067e-7,0.0014410001869352674,0.6801895788647423,0.6801895710011192,6.281767113897677e-7,0.018100440070970624,0.684448182729128,0.684448182729128,1.7912570484441127e-7,0.00380591927370185,0.8335621475714942,0.833562141283625,2.3176079483977964e-6,0.02147612648843239,0.11909229834639494,0.11909212406709549,1.0558979880255672e-7,2.255039083700812e-5,1.8434009621344691,1.8434009370536641,0.014435321746743014,438.1165415616689,0.9655201636888266,0.9655200794041346,0.00010000259000592805,1.5346379167562765,1.1147000795335742,1.1146999665891504,0.0004886425722580762,5.7250675711663845
230,0.5098266541626454,0.5098263808464305,7.089554790351848e-6,0.4523978602791519,2.6236295014903215,2.623629467850257,13.990048961818298,896169.8287749987,1.8941708738561711,1.8941708479157209,0.0966055635778664,5185.787123109787,0.6525983096618391,0.6525982765406392,1.572493358767011e-6,0.05697721980172754,0.06321649581565116,0.06321641120548754,2.7732543110258733e-8,4.257480845087213e-6,1.4504681242771753,1.4504681242771753,0.0003506547845607667,10.59690660617469,0.8531018114948291,0.853101805350979,2.830447390299877e-6,0.02539195758932477,0.9241543716257886,0.9241543491670869,1.4509364008104344e-5,0.15355542900524113,0.9570099862935334,0.9570099379826674,4.437805501406285e-5,0.5910895474611716,0.6362679029344239,0.6362677750345662,6.790772455960224e-6,0.15227396361218268,0.7515399941496379,0.7515398266280598,4.173550089107444e-5,0.907277605108477
231,0.8875296219012024,0.8875294648992693,0.00025857540442232536,17.540666968673516,0.1357285440187939,0.1357278937556002,2.432856307086016e-7,0.00018213971167985283,1.4866643017325298,1.4866642686815947,0.0056294789928331875,292.5412075890788,1.400848557727882,1.4008485422980637,0.0013186228191549465,63.48971560195579,0.8975966950553964,0.8975966890964234,6.85253038828787e-6,0.236691773963313,1.3134612602193247,1.3134612602193247,0.00012429993526736442,3.4181290533919926,0.17715963579629537,0.177159606210944,7.847689444232974e-8,1.598248819441991e-5,0.7112880581987211,0.7112880290188307,2.002126452443218e-6,0.0308630638744305,0.19999109335061543,0.19999086217028658,2.609921785340622e-7,9.97034854131907e-5,1.0593978477497201,1.0593977709338485,0.00018847413964020782,2.357141853228704,0.7273963735819905,0.7273962005000626,3.435410892543743e-5,0.7616476310861842
232,1.1967671613580892,1.1967670449245296,0.003037511627062333,220.17257523389696,0.694976284781097,0.6949761577852913,1.9440243375427315e-5,1.032888618619055,0.2674657691734647,0.2674655854652393,3.553812507415399e-7,0.0007741910741937128,0.9187971650444635,0.918797141519316,2.4295348391755824e-5,1.0074453579492393,0.2853879592263137,0.28538794048426636,1.2615163890106173e-7,2.138079947634554e-5,0.33901909474183844,0.33901909474183844,1.6121086919418296e-10,3.28164248317481e-6,0.8048724488716112,0.804872442359611,1.7198829127210475e-6,0.01669337172745295,0.6395869118520464,0.6395868794009326,1.0206223255814333e-6,0.015542652500492875,0.9062795773220248,0.9062795263068828,2.996521042480936e-5,0.4391186370421301,1.1063123275617923,1.1063122540033887,0.0002550039295458863,2.7639556920724573,0.9278222297582972,0.9278220940651042,0.0001521424889576318,2.7240083522226755
233,0.5316839118670892,0.5316836497867719,9.024766025360149e-6,0.5771570628077888,0.587263528278941,0.587263377990234,6.423154868345692e-6,0.33362789240232255,1.9630911736056482,1.9630911485759166,0.1520466338336725,8170.440303050982,0.769259630881694,0.7692596027834576,5.483955138698469e-6,0.2175918815455566,0.7611910260320909,0.761191019005268,1.5440250879093106e-6,0.05039916261349109,0.35322407309679926,0.35322407309679926,2.4315200823511265e-10,4.950668731916062e-6,0.7383721849902823,0.7383721778917895,8.549799256147775e-7,0.00885013697076541,0.4170836667314843,0.41708361696854696,3.649082991037085e-7,0.0010157694763717187,1.1377143385100896,1.1377142978724892,0.00016063795748052863,1.2189211196101564,0.13549508079989916,0.13549448019694038,2.388883178355048e-7,7.443899137798282e-5,0.787427022884275,0.7874268629975035,5.537352796074935e-5,1.163735602262458
234,0.7954562650408095,0.7954560898660381,0.00011753859716944493,7.786111028757317,1.3675909308274539,1.367590866291294,0.0051038221216872,315.42370931800014,0.6294846820209042,0.6294846039639643,3.678126960316323e-6,0.15236564657235785,0.49671599591625337,0.4967159524007644,4.747248730561282e-7,0.00720025189235884,1.2453713322786626,1.2453713279837553,0.00016321802077243612,6.347263336006581,0.6931221172864873,0.6931221172864873,2.022669764982444e-7,0.004321186240363782,1.363751054810054,1.3637510509667354,0.00019348482959144562,0.4833752296449121,0.6087105142679067,0.6087104801707337,7.985758722530873e-7,0.011291481843767132,0.4387568757600715,0.43875677038511757,6.182061714244234e-7,0.006156880564822869,1.2402119297979433,1.2402118641812803,0.0005727012038241342,2.8324240566820507,1.587530059052811,1.5875299797477582,0.008360602960742139,190.99787086535682
235,1.2143309961373994,1.214330881387911,0.0034685587732219566,252.37964059425573,1.5088168200747543,1.508816761579206,0.014287086908771354,898.4123432473446,1.3748467308015964,1.3748466950625977,0.0024581642244569817,125.42940114816226,1.1242817664173956,1.1242817471919315,0.0001483451217128765,6.582985450761086,0.9628226642889721,0.9628226587336869,1.319805282222002e-5,0.4657533589575943,0.43902184136499695,0.43902184136499695,2.132594867190243e-9,4.375499587653263e-5,0.22472340580558828,0.22472338248211698,9.93727057175526e-8,1.8269116010601208e-5,0.30246937507101157,0.30246930645147124,2.684387878140097e-7,0.0001867648805162832,0.8199307775359854,0.819930721148321,1.46230414766489e-5,0.24702584262336105,0.8787318531967092,0.8787317605876044,5.338263978188967e-5,0.9338297489136936,0.9956303544928377,0.9956302280411288,0.00023726183647971024,3.79992989011307
236,1.7577673224286203,1.7577672431554108,0.16479162734727776,12509.440286001663,0.8560069958273363,0.8560068927217882,8.709153752944764e-5,4.769459050799746,0.6679699222434923,0.6679698486838214,5.539648446919627e-6,0.2336576137088977,0.8350588337613583,0.8350588078771475,1.0780825323337118e-5,0.43620299945350194,0.8356113765547513,0.835611370153744,3.558225232340877e-6,0.12001679933672159,0.4742110051577392,0.4742110051577392,4.6058475374616734e-9,9.481010161535412e-5,0.7621833382563865,0.7621833313796557,1.097419723059595e-6,0.011234537881848824,0.8480128694478815,0.8480128449726545,7.380755151994171e-6,0.09294825452615674,0.6537509555567623,0.6537508848356688,3.1679763048236574e-6,0.06365067276926485,0.7033688407763115,0.7033687250780206,1.2582068670251755e-5,0.2685219000743686,1.09366810378816,1.0936679886717386,0.00043371371539856516,5.437805100189407
237,0.3627469014707584,0.3627465173353537,1.3748193897803806e-6,0.07323146106197849,0.16219900027580395,0.16219845613426806,2.9114201751000564e-7,0.00039998141526828183,0.5913781265605201,0.5913780434738347,2.4451689321598053e-6,0.09811190856997597,1.2062935014054328,1.2062934834870418,0.0002898635471009292,13.215009479957214,0.7140357317298299,0.714035724238952,9.079965064487712e-7,0.028090771755139868,0.68287071222319,0.68287071222319,1.7448839162711724e-7,0.0037160020924684096,0.5493192819081666,0.549319272366667,2.474691797959795e-7,0.0010003486731118877,0.10718327542502591,0.10718308178170044,9.326776563126327e-8,1.434877482917722e-5,0.9041685113489528,0.9041684602147,2.9462510571608596e-5,0.4334367689329002,0.7974295401437528,0.7974294380926409,2.8080103635490688e-5,0.5455101667121235,1.516092667683882,1.5160925846420217,0.005091534954928697,90.74660666694213
238,0.5854148649850112,0.5854146269591415,1.5927798435062066e-5,1.0260634378797409,0.33497652287251906,0.33497625939405484,6.430968835678405e-7,0.012868052301716684,0.4290790740398102,0.42907895952559955,6.389370982163928e-7,0.0119919731982817,0.7112519950143493,0.7112519646245027,2.9616006724280016e-6,0.11395263567572257,0.5069255437650287,0.5069255332136675,2.2751063777795332e-7,0.001407939578433065,0.22534713680322357,0.22534713680322357,2.719839286060749e-12,5.503496302137366e-8,1.2950304644121036,1.29503046036484,0.00012052680834036847,0.3877333124945914,1.5121098795530643,1.5121098658270067,0.0009061526707359398,9.546401550476741,0.46228356753772964,0.46228346752555477,6.8297721571184e-7,0.008273610330008984,0.7361266446340143,0.7361265340843246,1.681206676471652e-5,0.34723564475719637,0.3455284673319857,0.34552810296484965,9.672330467969759e-7,0.017432627554917743
239,0.952327750132782,0.9523276038135504,0.00044293414634475004,30.47998344230781,1.3578030633012785,1.3578029982999027,0.004741783186167529,292.86530037102915,2.5303037231640015,2.5303037037451293,4.586534742340855,246663.3227787894,0.31221079657176476,0.3122107273402034,2.8082357369481487e-7,0.0003705682999342333,0.268628126147447,0.2686281062360746,1.1780753763822415e-7,1.9933442369452193e-5,0.6274472655797815,0.6274472655797815,7.504665520599229e-8,0.0015817950839540653,1.3116784182119878,1.3116784142160927,0.00013555584220010635,0.4135507964518831,1.3649351460675703,1.3649351308614945,0.0003633193686659727,1.407897211776486,0.5040925942833057,0.5040925025660601,8.62058790873205e-7,0.013599730439089523,0.9047872603962315,0.9047871704540167,6.464998818328938e-5,1.0941058656105072,0.715663447618954,0.7156632716994381,3.123400833009781e-5,0.6978734730071541
240,0.6544231986258061,0.6544229856995576,3.186427777646378e-5,2.0653836692797487,0.7680916526198934,0.76809153771294,3.93208435371646e-5,2.109630972468567,0.2661095338790998,0.2661093492345992,3.5366628552526026e-7,0.0008039186555750206,0.9723998568005738,0.9723998345722296,3.977775785632139e-5,1.6796151874801446,0.28153440798309415,0.2815343889845117,1.2452216279187367e-7,2.0967740919802895e-5,1.64169117656466,1.64169117656466,0.0013595252327649032,47.04574227669925,0.9978472783757248,0.9978472731230876,1.1338795137370142e-5,0.0770048222341817,1.1725650226312194,1.1725650049304464,0.00010028768097187943,0.35124297255358644,0.12586775137478967,0.12586738405236622,1.6707599407049515e-7,2.7410497684782197e-5,0.9243732995301556,0.9243732114936772,7.474868588888819e-5,1.2252895967607198,1.085564912584287,1.08556479660858,0.000411991400678691,5.318895540601268
241,0.3441155172379972,0.3441151123043949,1.1480312425979209e-6,0.05596035593245077,0.8920890635220846,0.8920889645868173,0.00011912790367398924,6.591134837759509,0.5673598417788284,0.5673597551747985,1.8959952313809004e-6,0.07365146459486277,0.8709653143183277,0.8709652895012213,1.5358531805340603e-5,0.6285481405595614,0.4229371575678546,0.4229371449211659,1.894120739612997e-7,0.00028247377407531946,0.6798254131349772,0.6798254131349772,1.6700193437982953e-7,0.0035528391879755543,0.649633656147482,0.6496336480793508,3.8890745050618924e-7,0.003505661450454714,0.7905976841381591,0.7905976578854799,4.3077547209006355e-6,0.060393767284993786,1.3694450212542637,1.3694449874931562,0.0006872660734440034,2.365547085912036,0.4900655037462108,0.490065337689675,1.6436850995242048e-6,0.03601974599157451,0.43742531698091824,0.4374250291622021,2.2019375908033974e-6,0.05396389800285463
242,0.6916627279791847,0.6916625265170143,4.546831430750957e-5,2.967070765760614,1.2466790746558456,1.246679003860507,0.0020552867229133697,124.55558365261513,0.9194723082667093,0.9194722548277466,6.324261643742743e-5,2.848858810828594,0.7251443596980691,0.7251443298904333,3.4340547948095937e-6,0.13340100641165947,0.6070807023177562,0.607080693507141,3.36582111167616e-7,0.006570709687619371,0.7235940489644282,0.7235940489644282,3.1117786760627707e-7,0.006675736039010025,0.9281535053838093,0.9281534997367589,5.946636180834654e-6,0.04640349922744013,0.8618285755207156,0.8618285514378434,8.373824253533914e-6,0.10234270070792024,1.4366048019785467,1.436604769795736,0.0010287955488332363,7.639219869742544,1.1540543598807764,1.1540542893654078,0.00034317746116707746,3.06640724350318,1.6022918901946588,1.6022918116202394,0.009306050450810434,220.5483871933655
243,1.1453811615155864,1.1453810398583897,0.002043183555209218,147.03277655965346,0.7842422273426939,0.7842421148021186,4.5667975125627084e-5,2.458721945369822,0.500361521214294,0.5003614230139976,9.99308582192496e-7,0.031727857454488285,0.2808312983322545,0.2808312213649022,2.47339140871918e-7,0.00018125660131419662,1.2792562228528725,1.2792562186717287,0.0002141463986817737,8.458654452305877,0.9539434494066603,0.9539434494066603,4.9184306459015856e-6,0.11241426303354152,0.5337034795928639,0.5337034697721865,2.393167965265296e-7,0.0007932437295359239,0.7264912462487109,0.7264912176794643,2.320243639627339e-6,0.035364991655842296,1.0711421978592621,1.0711421546960098,0.0001020384464441167,1.0084398223557236,0.533397735157751,0.5333975825913408,2.486233708766772e-6,0.057047573022141834,0.7158209691861555,0.715820793305352,3.117541250094583e-5,0.6990570184385893
244,1.1630957195018987,1.163095599697605,0.0023488522729762725,169.1366852316612,0.8930713959091225,0.8930712970826788,0.00012005979715615956,6.6492253113828905,0.7229076333616914,0.7229075653922233,9.820636192646413e-6,0.4202480170541745,0.6120925253111266,0.6120924899981007,1.0440367652267166e-6,0.034475384690183526,1.0884801511228785,1.0884801462089126,4.264065924979631e-5,1.5725083928661843,0.9926275988170621,0.9926275988170621,7.267001192975631e-6,0.16979897710365516,1.5069352098213125,1.5069352063431738,0.0004842205713251261,0.6082122166836241,0.36853371128886186,0.36853365497024543,3.2755853844176775e-7,0.00042895033613719007,0.5957153587783096,0.5957152811674468,1.8143919323786346e-6,0.03644096733009516,0.489468770787878,0.48946860452889535,1.6418105491121998e-6,0.035896958279963066,0.9637657942280214,0.9637656635954953,0.00019317606760793459,3.2729031785752105
245,0.36332718553395144,0.3633268020120651,1.3822572159595327e-6,0.07382008959376923,0.7631224140049581,0.7631222983497628,3.7437522066359985e-5,2.012093130538405,0.7689102759794351,0.7689102120764694,1.5557436137996185e-5,0.6733971423088705,1.8492748368428171,1.849274825154539,0.033339736807434066,1710.27060262137,1.2107789825656634,1.2107789781480491,0.00012279010652078564,4.713196231369444,0.36404247582242255,0.36404247582242255,3.2848986001030483e-10,6.695549544251807e-6,1.5150977920608488,1.5150977886014485,0.0005100373585786007,0.6236899684795753,1.3697901343763303,1.36979011922415,0.00037559463553621115,1.525253411735092,0.30752618266727794,0.30752603232563575,4.010505322582549e-7,0.0008879814714025464,0.6233059536261751,0.6233058230665774,5.994258784179719e-6,0.13584316045510592,1.0696662975251894,1.0696661798257172,0.00037494729052989256,5.067713802414097
246,0.3261679057172845,0.326167478501906,9.73062299435095e-7,0.0433193586760559,0.9453040242298789,0.9453039308640758,0.00018731829012658458,10.511961690818675,1.038409585016427,1.0384095376982523,0.00017498118251841233,8.1833951778294,0.21493692256045266,0.2149368219967928,1.9153626684327976e-7,6.95174202308337e-5,0.4941952718687309,0.4941952610455708,2.2373107776720686e-7,0.0010892550038251094,0.8185488924140492,0.8185488924140492,1.0664262595468876e-6,0.023368173524498798,0.937637298413395,0.937637292823462,6.498866327980135e-6,0.049837876272275275,0.6480342341823169,0.6480342021542131,1.0982485477610582e-6,0.016847495825717602,1.407581559682509,1.4075815268361136,0.0008647113938768173,4.875308854928329,1.618809418314065,1.6188093680434363,0.005689932081017846,124.15248733036869,1.1079092955029053,1.1079091818662035,0.0004700088269886884,5.639303730311697
247,1.019960316627239,1.0199601800102933,0.0007644133092017892,53.4988927597886,0.8630858786365068,0.8630857763766129,9.270849530015211e-5,5.084676862640449,0.5978369828354796,0.5978369006464387,2.6085413900310112e-6,0.1058347532232586,0.9418136783940314,0.9418136554438032,3.0001120577090585e-5,1.257184703225866,0.7962072974635375,0.796207290745746,2.303240801922424e-6,0.0763850432820239,2.0427258687691,2.0427258687691,0.020196935913594703,835.0459306514515,1.4028548645198615,1.4028548607836733,0.00025100420372093117,0.5238294882748337,0.8843742909512848,0.8843742674823671,1.0249788730463904e-5,0.11927993359636795,0.41881103852369056,0.4188109281302628,5.81424983831113e-7,0.004772785996063056,0.6778209150944392,0.677820795035333,1.0005136392421832e-5,0.21761879595913242,1.045201404275018,1.0452012838205693,0.00032439943084074015,4.650586623916025
248,1.7298198632081951,1.7298197826542252,0.13691355102106054,10388.86078911332,0.8754890845461499,0.87548898373499,0.00010297428880855638,5.684012346214293,1.0840658092299553,1.0840657639046203,0.00025552031295340334,12.088740458172584,1.4424246702483636,1.442424655263291,0.0018076881967940737,87.70266692527196,0.736498900139605,0.7364988928771983,1.1701805135516458e-6,0.03718161294528409,0.7687470818004247,0.7687470818004247,5.677856513896495e-7,0.012336933264045821,1.0961824000097757,1.0961823952283365,2.6320966814623093e-5,0.14582679689980133,1.3488050556867806,1.3488050402988585,0.0003273601055623384,1.0605558960398074,1.1801969666534828,1.1801969274786823,0.00021311269117688754,1.2663646647913227,1.0262778639715668,1.0262777846766973,0.0001516952221331262,2.0572250119386513,0.4562675497620931,0.45626727382927723,2.671830278049432e-6,0.06676407939026606
249,0.42786999426163136,0.4278696685928326,2.8014552479459437e-6,0.1717670742555845,1.2783719987188047,1.2783719296785976,0.0026204712682443873,159.41775117738814,0.8144717840499686,0.8144717237217316,2.4077544813936346e-5,1.0576226755392912,1.122794274151169,1.1227942549002348,0.0001468136605754236,6.500738940266668,0.2958379800235524,0.295837961943539,1.3254892960100197e-7,4.727655575080967e-5,1.210570426186316,1.210570426186316,5.392397894714414e-5,1.3925670546396232,1.1011491800031918,1.1011491752433193,2.7346075903450885e-5,0.15019932297622082,1.8034658536490227,1.8034658421404557,0.005477084110240056,141.83511117312312,1.2402742430816818,1.240274205804458,0.0003118385443210094,1.0940975477589023,0.7448261354517968,0.744826026193316,1.810841414056124e-5,0.3712532532149387,0.7529482268306463,0.7529480596223826,4.21335610243762e-5,0.9165035556010508
250,1.466746675750778,1.4667465807487843,0.022291678099451415,1670.6405494025933,0.8883955635080379,0.8883954641614477,0.00011523424128195667,6.378689368845099,0.7484933799848446,0.7484933143387769,1.2683429627248594e-5,0.5472392066816456,0.33383053362023435,0.3338304688722906,2.992857820344598e-7,0.0005355530058536353,0.6917678764619963,0.6917678687299886,7.084566014472135e-7,0.021068683864285575,1.0736782560724432,1.0736782560724432,1.604811097258737e-5,0.38598176669986733,2.0292766748321767,2.0292766722493205,0.008919263139999394,103.53278064995465,0.853219389296877,0.8532193649710029,7.737454536483392e-6,0.09645653147302752,0.4089387204080318,0.40893860734956095,5.590787809299041e-7,0.004053178451927298,0.5525557001675124,0.5525555528908183,3.0041544242802695e-6,0.06928417060444418,2.4794689157068266,2.4794688649301655,3.4918829706062913,111329.272167008
251,1.1626603516969218,1.1626602318477663,0.0023405977183574554,168.5562641224002,1.1139766978586478,1.11397661862982,0.0007376609058724653,43.25579114220727,0.33454661353021636,0.33454646665784127,4.498781079688251e-7,0.0026680551000882366,0.6579471705800619,0.6579471377281247,1.6644269583311722e-6,0.06080331477698086,1.4670358724945838,1.4670358688486234,0.0009256051244977692,38.85707145051372,0.5068366570140108,0.5068366570140108,8.930599784440564e-9,0.0001848978021695338,0.43440173343527927,0.4344017213696513,1.8989598206171962e-7,0.0001719141514973256,0.44353082940743666,0.44353078261179846,3.941191429557065e-7,0.0015156162345500458,1.1360545027641191,1.1360544620671449,0.00015900735309195047,1.2134893433102227,0.2983824257496747,0.2983821530171133,5.266752220266319e-7,0.002849056823965238,0.6570259572008559,0.6570257655810748,1.8880905325840898e-5,0.4417594954430672
252,0.2981021216921195,0.2981016542551134,7.902400323843143e-7,0.028043219079292334,0.7564104894217898,0.7564103727403408,3.523503159389726e-5,1.8867306757446545,1.2407017717949076,1.2407017321918001,0.0008828547257694745,43.79258762046106,0.562215250855067,0.562215212409224,6.832982431137232e-7,0.017931134402219554,1.1143683165211589,1.1143683117213503,5.3871365865641514e-5,1.9971153432479958,0.12480352889477941,0.12480352889477941,1.8312889539617163e-14,1.4850613694453914e-10,1.0745126076043567,1.0745126027264897,2.195368063568341e-5,0.12763003653417143,1.5673954294028105,1.5673954161609016,0.0012678727662558656,16.987787335537938,1.5819126999875572,1.5819126707609252,0.002492459571127823,42.72493760493397,1.1633326054335293,1.1633325354805613,0.0003623265796555056,3.1094569936333514,1.6076909325788393,1.6076908542682933,0.00966734001162068,232.08189379275075
253,0.36486417965594337,0.3648637977496486,1.4050333858507232e-6,0.07539402903722044,1.0980011489655035,1.0980010685839223,0.0006486711626445943,37.96897188753534,0.502275266265348,0.5022751684392096,1.0196947653221835e-6,0.03241802232661857,1.1152403201782255,1.1152403007968972,0.00013746730414276808,6.086084505941647,0.899671148755335,0.8996711428101022,7.0169559398439034e-6,0.2420196953289121,1.0179307730244107,1.0179307730244107,9.402538619194953e-6,0.22076276056830874,1.8777302298420604,1.877730227050749,0.003934975938028101,28.120271301852505,1.4671873071535013,1.4671872930071772,0.0006874260684804806,5.74378144120892,0.9642153967681553,0.964215348818308,4.688326020127127e-5,0.6151441856600777,0.32771338797556215,0.32771313965309534,5.976732286266663e-7,0.004591330086767478,0.697738345303314,0.6977381648643732,2.679569012212518e-5,0.6095098954524643
254,0.5094818358087021,0.5094815623075062,7.067258522922705e-6,0.450498816597663,0.5801412975161933,0.5801411453824337,5.939450893786097e-6,0.30863089059259213,0.8124612798916393,0.812461219414115,2.3614400799016485e-5,1.037073034919899,1.805837093561146,1.805837081591717,0.024715115582648706,1264.6181741680705,1.7559395054791702,1.7559395024330775,0.007593517328482004,342.492837327934,0.7637898082458049,0.7637898082458049,5.324243580900449e-7,0.011552621660106052,0.9198175300168958,0.9198175243186681,5.492962793251476e-6,0.0434805108813321,0.25913367483767036,0.2591335947426755,2.2729569855930132e-7,8.888435011235532e-5,0.5355964992410409,0.5355964129186251,1.0833733315544093e-6,0.0193643224759867,1.0987655873969118,1.098765513333281,0.000243684682656352,2.6993647507592144,0.5487178087768435,0.5487175793343577,6.847483236609557e-6,0.17102164592547198
255,1.3464118251858928,1.346411721693145,0.00930793413711794,690.0012927553806,0.9667508694804955,0.9667507781859624,0.00022410900067620682,12.650041882556618,0.42562649602585684,0.42562638058273466,6.248365269015368e-7,0.011377167640943894,0.6368684040705896,0.6368683701313348,1.334740896927184e-6,0.047047349575386636,1.3709868975679704,1.3709868936665806,0.00044279418248772056,18.04487642447423,0.5611945734762437,0.5611945734762437,2.4702371952783288e-8,0.0005145896349894335,0.4304922825775178,0.43049227040231763,1.894869146073677e-7,0.0001573464076233485,0.7732789571854234,0.7732789303447763,3.649450796987523e-6,0.05254163269479012,1.3250314480479644,1.3250314131552223,0.0005258268801229712,0.7101310603102814,0.8063659142660488,0.8063658133458962,3.019026171342663e-5,0.5806967766273545,1.0058504002901538,1.0058502751232707,0.00025289386329761516,3.972273878100538
256,0.6366175191712702,0.6366173002896438,2.671870594332176e-5,1.7307819061506875,0.6048399164304941,0.6048397705091134,7.732293189917717e-6,0.4043900564944584,1.2226388861664323,1.222638845978241,0.0007672372012396618,37.8834363663234,0.5596955638524995,0.5596955252335777,6.723456062238998e-7,0.01732498044877345,0.694845226086172,0.6948452183884082,7.353810231353342e-7,0.02195316278435779,0.6225331720124612,0.6225331720124612,6.948284539591193e-8,0.0014621183280238191,0.19183356544641575,0.19183353812413775,8.374923397419842e-8,1.3432446241922382e-5,1.9966097449354907,1.9966097345402156,0.019766817621565038,641.6560857373042,1.483159160050468,1.4831591288778323,0.0013571723012962644,14.196822379718874,0.8644875928650048,0.864487498729969,4.7912739634904604e-5,0.8539870742816381,1.0248908955960856,1.024890772754562,0.00028599308594708534,4.299354818773013
257,1.0943602742701084,1.094360146941051,0.001376551191620253,97.92231417743685,0.9458021452882828,0.9458020519716521,0.00018840356943882389,10.5590434779189,0.8955131714363739,0.8955131165676706,5.106264446923109e-5,2.2848131975998,0.8537571048252076,0.8537570795078911,1.2999667073359545e-5,0.5282933427674321,0.7554732047066999,0.7554731976266943,1.4526391625958782e-6,0.04697290226423184,1.5594192041324628,1.5594192041324628,0.0007594671123439865,25.04293212173196,1.753108958554521,1.753108955564787,0.0019847812404185754,8.247019821572707,1.040257938034387,1.0402579180823093,3.746699914573401e-5,0.2777038272343196,0.47236232950574797,0.4723622316275263,7.264617119127779e-7,0.009403901215621128,1.304564615439546,1.3045645530596783,0.0008318910139661959,1.283457991067034,0.7567545017263937,0.7567543353591435,4.354000739978546e-5,0.941341562733715
258,0.8177992717859016,0.8177991013970626,0.00014274875206247685,9.514205054516419,0.21361905478136434,0.2136186416199517,3.8742716141347574e-7,0.0015657723231756837,0.6084850904334614,0.6084850096826774,2.9332777107795377e-6,0.11952994141770648,1.1181251877450527,1.11812516841373,0.00014134933741583795,6.243522804221885,0.46246927435287116,0.4624692627872281,2.0490053360604915e-7,0.0006622683587679398,0.41913295084426144,0.41913295084426144,1.3437421784147337e-9,2.7487997140017874e-5,0.49768119477494854,0.49768118424344815,2.1881477720572506e-7,0.0004900126631312276,0.3764665979000639,0.37646654276819097,3.279390892434046e-7,0.000535094182011131,0.7523290748713783,0.7523290134169119,8.03640601204707e-6,0.14814668529317737,0.3180965221083048,0.31809626627841314,5.756776147400056e-7,0.003979837434388155,0.6704604451485258,0.6704602573683662,2.1213816340270896e-5,0.4924244405983771
259,0.8770358922279362,0.8770357333474754,0.00023750805532174154,16.018563109411193,1.4959764458022893,1.4959763868046578,0.013024215393058827,818.2133360397135,0.27099664552851915,0.2709964642138713,3.593672555122561e-7,0.0008453490618805733,0.7157203654245194,0.7157203352244021,3.1040183358137733e-6,0.119806884396232,0.9174162113675027,0.9174162055372651,8.393594738083621e-6,0.2917513937729919,1.1741044309669895,1.1741044309669895,3.928130117923438e-5,1.0005054181175974,0.22866010875515677,0.2286600858332316,1.0174855333881703e-7,2.0522770470828438e-5,0.7121326840891788,0.7121326549438973,2.017273224249156e-6,0.03112590686009077,0.8152389338092771,0.8152388770970916,1.4043909464454752e-5,0.23880606547273867,0.5039442571024985,0.5039440956192035,1.8674318846000396e-6,0.041978258514427234,1.1960007617696558,1.1960006565028691,0.0007757089390693924,5.980824399045455
260,1.0926277134707396,1.092627585939779,0.0013566684185960943,96.54343336881178,0.8662679275009285,0.8662678256166644,9.526342138372541e-5,5.232257015108555,0.23005475380605797,0.23005454022356545,3.1074641025723565e-7,0.0004350327980704481,0.7754711980091693,0.7754711701360014,5.846503881107616e-6,0.2327236379898761,0.763325977679759,0.7633259706725894,1.5869036242133096e-6,0.05171834193821343,0.9567331357624715,0.9567331357624715,5.011314081894157e-6,0.11586354309028345,0.6282119917524039,0.628211983409154,3.416663059071609e-7,0.0026725105581934163,1.2355641302048568,1.2355641134066133,0.0001552946400752166,0.25629929747282054,0.8282110710989643,0.8282110152750528,1.5690184787385863e-5,0.26203966486248453,0.6617030527648694,0.6617029297813449,8.634338305731249e-6,0.18992008008610767,0.8083874991479633,0.8083873434068565,6.485315851790556e-5,1.33844907810555
261,0.5296108009945162,0.52961053788831,8.794268344868455e-6,0.5643056105992788,0.24779556931620356,0.2477952131390178,4.471579435971006e-7,0.0028242898982201547,1.023809180245615,1.0238091322526426,0.0001552117427094927,7.213206279062971,1.077619079191867,1.0776190591339085,0.00010044091316358477,4.37835288066276,1.3346156853871922,1.334615681379481,0.0003333732898136794,13.410293157192335,0.5111542484199679,0.5111542484199679,9.724930182689984e-9,0.00020126629756553685,0.40224905152662477,0.4022490384965637,1.7566337662783974e-7,0.00010305860657597367,0.8401398144692152,0.8401397897646278,6.872399480872089e-6,0.08782617111694045,0.3802471403650905,0.38024701877578054,5.140823756907968e-7,0.0026822201848843395,0.7911878107916386,0.791187707935439,2.6681010380567883e-5,0.5219642392825065,1.086655513482138,1.0866553976228277,0.00041578132580658185,5.334589705240381
262,0.6441384361397958,0.6441382198138175,2.8774756613126063e-5,1.8655961834254995,1.5645796184386878,1.5645795620279652,0.02124280218728972,1343.0116616918272,0.997584901396565,0.9975848521419641,0.00012428263274683567,5.735835710546346,1.6631739071351346,1.663173894138996,0.009068301560526562,457.55318408003404,0.7090951632490401,0.70909515570597,8.590015614172063e-7,0.026385296982300462,0.4468647951619704,0.4468647951619704,2.5323919132697372e-9,5.224909543297836e-5,1.6479472406438516,1.6479472374633313,0.0011163648475916838,2.4661370257911925,0.7544753421623598,0.7544753146527695,3.0401645353191835e-6,0.044998821513911956,0.7378116287584437,0.7378115660947772,7.042699784874236e-6,0.13173859476385016,1.3662725648004281,1.3662725052379587,0.0011859642203421706,3.720371881617922,0.22573220285534754,0.22573164511787963,5.032752434420965e-7,0.0026705474773622774
263,0.45775880556173976,0.45775850115710864,3.941621200475001e-6,0.24697091674713417,0.4638852527131438,0.46388506245255096,1.6914942783691078e-6,0.0779417754701596,0.6948698680768349,0.6948697973648216,7.3555107001299946e-6,0.31242283571240753,0.24175651372487095,0.24175642431738328,2.17293740766065e-7,4.352198548274824e-5,1.0822060126953488,1.0822060077528939,4.031266997831163e-5,1.483272345771891,1.0891463418595329,1.0891463418595329,1.853563286109152e-5,0.44886528591281294,1.0842342233779727,1.0842342185438423,2.3927436266676877e-5,0.1353635943664223,1.1866780914644481,1.1866780739741891,0.00011079384905275669,0.3385162158340763,0.28646050584076516,0.28646034444332263,3.806020719784697e-7,0.0006600050009319012,0.6526163295049624,0.6526162048090727,7.941310260978288e-6,0.17573535152551617,0.6844603978216477,0.6844602138823446,2.3926745473992975e-5,0.5499487351084352
264,1.3586387647197409,1.3586386621583664,0.010194371097925318,756.0172665537326,0.6869522752979912,0.6869521468187991,1.7959472509330933e-5,0.9528043655855571,1.4079471257130671,1.4079470908142813,0.0031467325715817222,161.59270251310198,1.0791339346164435,1.0791339145866419,0.00010168387865663601,4.4367379027623155,0.6461144193267272,0.6461144110483877,4.5197494767926366e-7,0.011453957099011704,0.4851343489779573,0.4851343489779573,5.780817062845559e-9,0.00011917030165302813,1.025990922107447,1.0259909169988934,1.4558769949136664e-5,0.09323254507427649,0.7781678125897187,0.7781677859176986,3.830879032904423e-6,0.054578337260799234,1.1317775988154615,1.1317775579646965,0.00015435965646045416,1.203085106346551,0.6230466108718605,0.6230464802579174,5.985900490492527e-6,0.1352996641979219,0.17193230999276155,0.1719315777312115,3.7326639567056174e-7,0.0008335172884178476
265,0.7536855087170041,0.7536853238336947,8.088157059986944e-5,5.318382406614347,0.5899087267321469,0.5899085771173467,6.606351920935863e-6,0.3435060815703172,0.09766526739524276,0.09766476429139842,1.311805078611941e-7,2.5707310793189676e-5,1.406846233913824,1.4068462185497863,0.0013805650560879332,66.54332258128252,0.8543311256655447,0.8543311194047936,4.344838885434131e-6,0.14788057194905432,0.6397329050338034,0.6397329050338034,9.101614971190087e-8,0.0019233083866196355,0.5286301591649389,0.5286301492500114,2.3506548103091286e-7,0.0007686286964380998,0.2558543435008469,0.25585426237925973,2.2292707236728314e-7,5.8246529884117024e-5,1.1852335253435438,1.1852334863352136,0.00021939425163376456,1.2696202397219303,0.17297773581696574,0.17297726535944505,3.0390282199077717e-7,0.0002859530135105167,0.6896235718091758,0.6896233892470165,2.5002298345158862e-5,0.5725262212514546
266,1.0352817400875916,1.0352816054924783,0.0008636509589103627,60.661984739996534,1.4927000176224932,1.492699958495364,0.012710693729940473,798.7461580479572,0.24042762355496466,0.24042741918715915,3.185496686072985e-7,0.00045204592619401193,0.9142756211476039,0.9142755975061129,2.3194961025315705e-5,0.9640491371710125,0.9485958666353456,0.9485958609967435,1.1444797934888671e-5,0.4029938209675754,1.0426844409884173,1.0426844409884173,1.187239920451314e-5,0.2838097161911979,0.33014234879142085,0.33014233291545164,1.452221882656283e-7,4.5259948534970154e-5,1.0758063215873666,1.0758063022945747,4.928603201908674e-5,0.31412271049005247,0.21660067148120662,0.2166004580284852,2.849062978844576e-7,0.0001336485984143409,0.36590128335891914,0.36590106095305586,6.91785146569783e-7,0.007818578646989188,0.1718067824722636,0.17180604967569763,3.7117402042463925e-7,0.0008652672068474551
267,1.512305401083038,1.5123053089430125,0.030822253217304144,2316.5315935326594,0.8038289883507351,0.8038288785524168,5.450872065134615e-5,2.9542809500498506,1.1477855044504863,1.1477854616414027,0.00042566372764873023,20.585140959418602,0.9235520580842442,0.9235520346802156,2.5306664239076e-5,1.0548107237878934,1.3636232440104497,1.363623240087992,0.00041823572471598957,16.996905597028512,1.2315784069879439,1.2315784069879439,6.396875412828529e-5,1.679807096414734,2.1128720522041107,2.112872049723445,0.014612557843921148,201.1025277317426,0.6646264284686838,0.6646263972401518,1.282282188861099e-6,0.01997914111563979,1.2350583405621796,1.2350583031275264,0.00030174031247579675,1.1259825814107944,1.245321403410822,1.2453213380633799,0.0005911467492971517,2.7561547744495205,1.4154997556623772,1.4154996667191222,0.002671759253335062,24.50258746634655
268,2.2733170936091294,2.27331703231374,3.8370386291845047,292194.1129132825,0.5039715188938418,0.5039713437667224,2.5886873814062037e-6,0.1279582657519154,0.5428636514059676,0.5428635608940151,1.4801276810557402e-6,0.054628355911148355,0.7471623086520668,0.7471622797228252,4.343195298546052e-6,0.17076590035595676,1.584741408651278,1.584741405276119,0.002210428893544887,96.30164699528034,0.6503881105410927,0.6503881105410927,1.0721720237309918e-7,0.0022730196083291165,0.3058636730394618,0.3058636559032987,1.3422831529835582e-7,2.2360271115265555e-5,0.5508974627761747,0.5508974251007283,5.58626700486878e-7,0.005934643297841991,0.4730907118724787,0.47309061414495285,7.203052584309721e-7,0.00942853266282024,1.453997458454857,1.4539974024860056,0.0019799512903765364,19.097885880888924,0.7923048025204927,0.7923046436180552,5.735026629196656e-5,1.2028108684400711
269,0.34532878057427063,0.34532837706334635,1.1582494395942403e-6,0.05729380503489842,0.5969653426674905,0.5969651948212593,7.12215452857765e-6,0.37129334916309203,0.5552246915886511,0.5552246030917783,1.6749533862278764e-6,0.06360987449494464,1.7626433902993253,1.7626433780365847,0.018311861919206453,933.4637019146002,0.8549615921994005,0.8549615859432663,4.375626484922855e-6,0.14895021548832826,1.3657671552253836,1.3657671552253836,0.00018622224257239278,5.305115785817344,0.3611659618602658,0.3611659473480185,1.5956804980164115e-7,3.64657446697639e-5,0.46958340902419593,0.46958336482478913,4.2667049514673574e-7,0.002069272959669111,0.4896676471062357,0.48966755268712364,7.89723310473378e-7,0.011436210648049455,0.45021929720942333,0.45021911645621504,1.1744444538113063e-6,0.02281558286319528,0.590212418003986,0.5902122046923535,1.02317034803978e-5,0.25018821467224117
270,0.5526409785705612,0.5526407264287707,1.1300862045090374e-5,0.7246323661673316,1.0039176432896761,1.0039175553750255,0.0003046163554039257,17.364839831353894,0.10789175935104031,0.10789130393397302,1.429920335745069e-7,2.8352612177667546e-5,1.1886551925053568,1.188655174321077,0.00025131344029872226,11.399579766379778,0.2082891809495884,0.20828915527012304,9.257861387244911e-8,1.8710467298008437e-5,0.16523297233621026,0.16523297233621026,1.2446210678817402e-13,2.4691655980334036e-9,0.9220324117684288,0.9220324060838893,5.606890287480421e-6,0.04423709522786757,0.33901694626588835,0.33901688504384847,2.9992743507329913e-7,0.00032679100859016086,1.4806557960873006,1.4806557648619607,0.0013409010305279164,13.77771680965121,2.123045002151965,2.123044963820904,0.20152188726106884,6650.676745359481,0.6394660007045372,0.6394658038228094,1.6123314089426168e-5,0.3825029974060629
271,0.3389725930291609,0.3389721819518603,1.0857069004214498e-6,0.0521845096577578,0.7183236295582146,0.7183235066900963,2.4458286438793168e-5,1.302559992543074,1.108401482188068,1.1084014378578804,0.0003111210671827149,14.836051254976168,0.9558004059341835,0.955800383319798,3.42614840749377e-5,1.4367615000185867,1.0981201892247852,1.0981201843539572,4.6496862501819704e-5,1.719413227128923,1.519230508402871,1.519230508402871,0.0005775816235170957,18.306161153740984,0.5815942205279011,0.5815942115158967,2.785541359994304e-7,0.0015738622279897062,1.102964357343553,1.1029643385258032,6.0507677770255564e-5,0.3380780420042036,1.5807549428827161,1.5807549136346781,0.0024702261038327396,42.191442826144694,0.5801019438184679,0.5801018035352353,3.940587173825534e-6,0.09076962244348459,0.8594918967067411,0.8594917502258226,9.442026940751132e-5,1.8464623012378478
272,0.9833154699633189,0.9833153282551201,0.0005709240477379445,39.508556228260176,1.3758291439321182,1.3758290797823889,0.005415015421040319,335.61686951451384,0.38021438844927863,0.3802142592178377,5.273379425209081e-7,0.00581628112186201,1.497998002976827,1.4979979885476764,0.0027314547575662913,134.20019847346813,1.0409818214346402,1.040981816296458,2.7834271520103457e-5,1.0053199182349037,1.209837822902947,1.209837822902947,5.343664221118348e-5,1.3836443182692628,0.6903359346599371,0.6903359270675037,5.398054421034766e-7,0.005387168431179732,1.1140698350770921,1.114069816446925,6.587189000432384e-5,0.3445723266803962,1.04509531132957,1.045095267090561,8.482702566031425e-5,0.9095731567581371,0.9515782075719484,0.9515781220523674,9.06967175840228e-5,1.4259410926090068,0.9732826389425777,0.9732825095873884,0.00020616827897769173,3.4234334238204105
273,0.6841670629727347,0.6841668593033645,4.2496035212628394e-5,2.760450713030773,1.4057924595457334,1.405792396763303,0.006756102312370121,420.3183959765629,0.9097464621300184,0.9097464081197546,5.78128750128561e-5,2.6049964577807003,1.129133951420938,1.129133932278091,0.00015493083167324035,6.867784625351636,1.3626450765193987,1.3626450725941255,0.00041477483006472954,16.86558820097154,0.5688730251136614,0.5688730251136614,2.817419323534426e-8,0.0005898294371967517,0.8142667025834395,0.8142666961465685,1.8995679275034705e-6,0.018137627705699363,0.9137521083145391,0.9137520856001649,1.32703210161562e-5,0.14403807445842234,0.9644379271286426,0.964437879189859,4.6936805837739195e-5,0.6162118293135563,0.3151027761685331,0.3151025179080366,5.695923092783626e-7,0.0036699322445940485,0.36234994930658765,0.3623496018545946,1.0879377300984496e-6,0.02167155310545959
274,0.6872885348502364,0.6872883321058758,4.3782722255703184e-5,2.8446592960785884,1.176386868636481,1.1763867936109342,0.0011987388726125506,71.49518664968578,1.561656350319355,1.5616563188555537,0.009671354242640344,508.63827606036284,1.32703850159649,1.3270384853084634,0.0007523970793492435,35.44919841918763,0.39688585149054784,0.3968858380137395,1.7728427541610671e-7,0.0001627025768626659,0.770882147683784,0.770882147683784,5.792998419520308e-7,0.012690227028736461,0.5089531959370619,0.508953185638807,2.2590561155641314e-7,0.0005936006937205517,0.5753788271207637,0.5753787910483419,6.444302502515857e-7,0.00775938656549237,0.8968315875955573,0.8968315360429783,2.7676317330166105e-5,0.4143238433082202,0.42959367023123013,0.4295934807997053,1.0080259216887517e-6,0.01779750146860646,0.8719187561009035,0.8719186117076774,0.00010335514381307836,1.9892661813851855
275,1.2452453106469576,1.2452451987462267,0.004384926387021821,320.4514962474139,0.49968504003628283,0.4996848634068591,2.4723116887233374e-6,0.12155970299576979,1.0079759980444238,1.0079759492975824,0.00013543166719590777,6.282993575884134,0.5824238821846777,0.582423845072808,7.997573544269672e-7,0.02361714180264458,0.5979117614892597,0.5979117525435342,3.212735889892797e-7,0.0057184611260572196,0.42001874307844805,0.42001874307844805,1.3651637048002197e-9,2.8065375959963323e-5,0.623630416327415,0.6236304079228704,3.3221137152196667e-7,0.0025503222829881896,0.24589082004271381,0.24589073563406977,2.1543727695884785e-7,7.076532231461989e-5,0.5598573121740683,0.5598572295923419,1.3180281541707248e-6,0.02532933363248012,1.080589080812081,1.0805890055026315,0.00021644349427769175,2.547618419061891,1.0978631593279633,1.0978630446514146,0.000443060316112654,5.499201705971879
276,0.8092326279841495,0.8092324557915512,0.00013243920327065742,8.811610295629901,0.600816952366561,0.6008168054681162,7.434021913377903e-6,0.3868316736908487,1.9525348009220183,1.9525347757569635,0.14182493448518899,7624.188856382099,0.2035623424659413,0.20356223628302014,1.8260460181371943e-7,6.645726364589184e-5,0.4253274160067416,0.4253274034311249,1.8886372508410306e-7,0.0003518571000460251,1.1159765399377617,1.1159765399377617,2.365291263201945e-5,0.5809824706029569,0.7798887902390398,0.7798887835184282,1.3241959455275175e-6,0.013237946797903397,0.18024118023467037,0.18024106508166404,1.5825241500033935e-7,2.4067678204036505e-5,0.6385024313522598,0.6385023589422261,2.7322761617321858e-6,0.05531950527454804,1.525891658777082,1.5258916054452698,0.003090394324718634,47.090367718620726,0.23277257276618094,0.23277203189791418,5.103312215722888e-7,0.0029828100738458255
277,0.26329680446192577,0.2632962752341049,6.336686029499478e-7,0.016044399601143757,0.33632355999885993,0.3363232975756758,6.536521023923673e-7,0.013064376522148022,1.4141902003475058,1.4141901656027838,0.0032944686668903316,169.44687816519797,0.6064917867096739,0.6064917510705446,9.884830713766536e-7,0.03220234013238856,0.6867406052155695,0.6867405974269598,6.746599543661522e-7,0.019702877235160385,1.3102818626859585,1.3102818626859585,0.00012120961995037268,3.3270704543247827,1.76635971670793,1.766359713740624,0.002155376461003237,9.5518348784316,0.8040318180652841,0.8040317922512467,4.909241307075882e-6,0.06703340466653333,0.2462018281791765,0.24620164039016623,3.2678182650052376e-7,0.0003300393983298701,1.0854177667436111,1.0854176917691898,0.00022320682117740284,2.5901254409826184,0.8448560298504826,0.8448558808320008,8.531630871872301e-5,1.6875719089325447
278,0.606149887986968,0.6061496581034306,1.9708648056401272e-5,1.2713930720257913,0.9710758607135815,0.9710757698256574,0.0002326694768451175,13.12936537378469,0.34156246839450055,0.34156232453895485,4.6263953887725014e-7,0.003008407113633568,1.3620878044884162,1.3620877886195137,0.000982276643101901,46.820706156521084,0.9050274613958855,0.9050274554858388,7.394825350829002e-6,0.25607581667405577,1.2706462679026966,1.2706462679026966,8.86221593507426e-5,2.3677096292830773,0.33049339497041463,0.3304933791113087,1.4403976916494407e-7,3.112261853497513e-5,0.578559409775329,0.5785593739012123,6.521362753023539e-7,0.00804889923069763,0.6576421463135222,0.657642076010877,3.2890387930477356e-6,0.06595070885462707,0.7796563722388145,0.7796562678613292,2.4285582928414014e-5,0.4805470681558383,0.644481243651645,0.6444810483020176,1.6846382683276216e-5,0.3988781991769877
279,0.4627453770816708,0.4627450759573241,4.171516204039184e-6,0.2621415877665513,1.2711665728278996,1.271166503396348,0.0024753115785792943,150.7257687576733,0.2555508621627059,0.25555066988918745,3.397378720096518e-7,0.0006678905124805911,0.9647317844934099,0.9647317620883858,3.703623021381242e-5,1.5628868487497711,0.5617484305428989,0.56174842102128,2.669781899994937e-7,0.003340880808313783,0.7566581065746227,0.7566581065746227,4.84940186064474e-7,0.010500352190468912,1.0456512200681551,1.0456512150556523,1.7191046078682247e-5,0.10636691729580217,0.3938346608588407,0.39383460815827726,3.5060992481102365e-7,0.000661263573778747,0.8904911218933423,0.8904910699736991,2.631737266705533e-5,0.3982048378354722,0.7530192325512602,0.7530191244815478,1.9404407614354863e-5,0.3949668126698061,0.7080762440078069,0.7080760662032716,2.9223159035533028e-5,0.6594816207263873
280,1.0327256481501537,1.0327255132219049,0.0008474342435551394,59.40600171886996,1.200070312716005,1.2000702391710913,0.0014380937249586603,86.31481505187385,0.4128488451530594,0.41284872613697743,5.895301874709449e-7,0.009340317149515697,0.22915653609618927,0.22915644177270483,2.051144645393349e-7,9.199739817369636e-5,1.4809627127590943,1.4809627091474202,0.0010236302066080466,43.318719498241045,0.5388908992432995,0.5388908992432995,1.6459499206718145e-8,0.0003421919336179151,1.6052276807144894,1.6052276774493266,0.0008730241995556835,1.4343546927806234,1.6389537520468251,1.638953739383071,0.0019568383140147433,33.895456101737324,0.3249059514769495,0.3249058091773397,4.261041383098808e-7,0.0011418429959517684,0.5946253076733007,0.5946251708164021,4.553235490715366e-6,0.10432584857237902,0.9433255363304046,0.9433254028672938,0.00016869795329474036,2.952875914294761
281,0.9076014074303252,0.9076012539005216,0.0003063346280262393,20.848127456474373,1.0910616634549426,1.0910615825621102,0.0006134592799452399,35.86154635781735,0.3815640987660463,0.38156396999173714,5.290727495731266e-7,0.005918661064818227,0.7694563645569489,0.7694563364658967,5.512758798811835e-6,0.21795810437589774,1.7165407713842695,1.7165407682682616,0.005737869315178416,257.0592810426342,1.0870371175818903,1.0870371175818903,1.8176815148079204e-5,0.4401090393695583,1.1719771301622004,1.171977125689989,4.833311510148679e-5,0.22328324658478654,0.813974452859136,0.813974427360415,5.396201616036543e-6,0.07224899157307302,0.6938994698417538,0.6938994032125312,4.670752275014208e-6,0.09123043707008767,1.1488719246452306,1.1488718538117748,0.00033145306570805033,3.0449794424474828,0.6950634615123809,0.6950632803790382,2.619161996489441e-5,0.5971103964580646
282,0.44380836285475045,0.4438080488816148,3.3586317788866925e-6,0.2085731419230087,1.9960788931716726,1.9960788489554513,0.3814172763470421,24458.921282617703,0.37938332265766256,0.379383193143131,5.254060492977967e-7,0.005725008331218137,0.8994850889408681,0.8994850649106323,2.0161577592073137e-5,0.8341738871778095,0.6169100668477973,0.6169100581775634,3.6165327649345793e-7,0.007534341459852434,1.2020015423078239,1.2020015423078239,4.967263022995489e-5,1.2896437595970207,0.2595601488120538,0.25956012861893146,1.1343314158321043e-7,1.6428857634165308e-5,0.5316069682006157,0.5316069291580351,5.155487844558824e-7,0.004646908138958017,0.8899332286201839,0.8899331766679925,2.619909244954699e-5,0.3967882961466371,1.6432488353474046,1.6432487858244318,0.006745232921795691,156.69091272529275,1.1815763902536742,1.1815762837018182,0.0007162620887161748,6.086328743935231
283,1.4539413520694386,1.4539412562307321,0.020335925540255394,1522.776709519032,1.3867076044828968,1.38670754083641,0.005866663508480049,364.2330452449453,0.6145102807501497,0.6145102007911162,3.124295895377307e-6,0.1284316078731675,1.383864149392899,1.3838641337737079,0.0011590634842048586,55.580767853985805,1.170731840433016,1.1707318358642889,8.742775159857429e-5,3.31584057524749,0.44921028113400635,0.44921028113400635,2.6789130901480096e-9,5.5050825631619946e-5,0.6760087466099219,0.676008738856576,4.778784503522212e-7,0.004618716894091346,1.6819040961527967,1.6819040838124335,0.002553533811329683,50.09834688001767,0.4720800071829775,0.47207990924622084,7.199857289239674e-7,0.009239141608447281,0.3787257915565812,0.37872557668188567,7.373203944587895e-7,0.00927090759415957,1.1580459550235014,1.1580458463066088,0.000626624575808814,6.087087105579626
284,0.7450339467260886,0.7450337596958572,7.463715287387098e-5,4.908754064985759,0.21945710744459085,0.21945670527422148,3.897375770737902e-7,0.0016727369086796007,1.1284509366285813,1.1284508930860186,0.00036499275054493926,17.53868292323354,1.040707810783944,1.0407077900145805,7.306032555136325e-5,3.148379754207969,0.8908113309197659,0.890811324915403,6.371071871719413e-6,0.22009137889383654,1.1706041474651487,1.1706041474651487,3.846319880137259e-5,0.9692493566827016,1.838192827821574,1.8381928249702248,0.0031411527203013133,19.401904228861945,1.0557868588380643,1.0557868391794494,4.226660260922417e-5,0.294530856594598,0.6053220236684015,0.6053219472892494,1.990992445390094e-6,0.04012724442615548,0.30128747496828523,0.3012872048654455,5.304293694517293e-7,0.003008176071981798,0.2607379843989123,0.2607375015415006,5.854594635598612e-7,0.004876841620177334
285,0.4777639500777711,0.477763658419314,4.947427531403919e-6,0.31319913845971387,0.16036594954758188,0.16036539918625653,2.8814240309659894e-7,0.00036848726594177123,0.8941573461928978,0.8941572912409962,5.023418803907088e-5,2.255885879460205,0.9816287462512583,0.9816287242318963,4.313866986578029e-5,1.8308454573000918,0.9727992618572474,0.9727992563589347,1.4543923546964437e-5,0.5151297614211298,0.755893677482759,0.755893677482759,4.811739051771128e-7,0.010393588298610394,1.0406285492558673,1.0406285442191714,1.6530901424923423e-5,0.10270063188800814,0.7281342581075511,0.7281342296027701,2.3593360866925026e-6,0.03582138714355555,0.5575607407034501,0.5575606577815726,1.2916773789419387e-6,0.024592970745250624,1.083424076506526,1.0834240013941385,0.0002208889072338857,2.569519657420948,1.0787416257988904,1.0787415090896104,0.0003961248485721932,5.209625610269495
286,0.550842533115162,0.5508422801501536,1.1094533804810625e-5,0.710810118553583,0.05632802206948382,0.05632645517099478,1.0146108984032092e-7,3.584549874724576e-5,1.1123219319185218,1.1123218877445784,0.0003206095584213869,15.33057000680466,0.46535770051271724,0.46535765406492113,4.2528075695124844e-7,0.004488595304438352,1.113416241236629,1.1134162364327163,5.338485888051315e-5,1.979661634615525,1.4065631809346104,1.4065631809346104,0.00025325907510936175,7.431550663626475,1.0561516543721101,1.0561516494094425,1.8848082865053374e-5,0.11361846935585024,0.42212553724047636,0.422125488071908,3.6963322432754134e-7,0.001093707372678126,1.4429457544986073,1.4429457224572222,0.0010672471129269947,8.37143436955209,1.3743723736829279,1.3743723144714874,0.0012411704331421521,4.5722394729827105,1.502955478236951,1.50295539446923,0.004661722056661465,78.19878912328299
287,0.3559413060716955,0.3559409145916164,1.282622159367445e-6,0.06655697809138911,1.1435540932078896,1.1435540160282716,0.0009305538335999054,54.96290634682063,0.5012622805970113,0.501262182573179,1.0103645882339812e-6,0.03194840887662287,0.20868166448223965,0.20868156090417045,1.8362177293506958e-7,3.74316755101586e-5,1.1251773536798084,1.1251773489261094,5.902381779147887e-5,2.2030859893299097,0.9365641904635227,0.9365641904635227,4.0892234467689106e-6,0.0929862627672024,1.3947459234331105,1.3947459196752006,0.00023725053926666363,0.5203222659599035,0.5225142165192557,0.522514176797259,5.025621854709995e-7,0.004259238918322835,1.8002788138075063,1.8002787881259397,0.010653132493005523,308.8110079417038,0.04468937586743773,0.04468755484795509,7.719632285661354e-8,1.1590845694790643e-5,0.4441856939756306,0.44418541053743443,2.3535764635894685e-6,0.058275401065729385
288,1.4292757791628385,1.4292756816702057,0.01703256047541321,1272.6560087158869,0.9414602477665387,0.9414601540195433,0.00018168894822146272,10.169111060478166,1.5265331743069666,1.5265331421192314,0.007516130762084116,393.0976698438155,1.3822994703881464,1.3822994547512752,0.0011465953014745782,54.91198553200084,1.0790593435316163,1.0790593385747485,3.920704972146971e-5,1.440456860620872,0.883270477049712,0.883270477049712,2.253161280616678e-6,0.0508732280732465,0.7517171308772266,0.7517171239047505,9.829780672596091e-7,0.010110029102973433,0.933508305740667,0.9335082835070058,1.5709615715061318e-5,0.1624060626447356,0.9236344002175055,0.9236343501609233,3.4259965058102637e-5,0.4883812739958831,0.6664132642751619,0.6664131421608855,8.99027292810549e-6,0.19790985304353298,0.41280105606420503,0.4128007510766175,1.726485035431642e-6,0.04071579066810761
289,0.9589015400335673,0.9589013947174334,0.00046828017483972626,32.21272028722945,0.3129306322838165,0.3129303502433393,5.890380063468779e-7,0.008980757853435209,0.22770750879819487,0.22770729301405815,3.057621802327489e-7,0.00040755092813333355,1.657747449429001,1.6577474363903208,0.00872707397832277,439.916846093627,0.21748441637700108,0.21748439178326298,9.70938377233703e-8,2.3519137834965927e-5,0.4982782974349131,0.4982782974349131,7.532880210036647e-9,0.00015577298149011467,1.445341990318413,1.4453419866920536,0.00033059266772148655,0.5574772978383511,1.4364654342364338,1.4364654197875604,0.0005670433751898414,3.9284863391195417,0.5164326096106975,0.5164325200850108,9.403828175401945e-7,0.015764350024010342,0.5138492052697454,0.5138490468992005,2.0566992250472723e-6,0.04659057649710331,0.432547742083562,0.43254745101928904,2.090277318642476e-6,0.05109082255234807
290,1.0215185854153634,1.0215184490068192,0.0007752187730560911,54.18530891382556,1.5002754449586138,1.5002753861300384,0.013439889489368325,844.2824798100748,1.7670332017725887,1.7670331739657286,0.04100841648039854,2189.370178651623,1.2668182113228683,1.2668181942605634,0.0004696416276493137,21.78601315909211,0.912819864973029,0.9128198591134343,7.993224948942802e-6,0.27805365497912166,1.1977836155504291,1.1977836155504291,4.842736409455917e-5,1.2408137560729733,0.4257179327537647,0.42571792044202184,1.8684844835584046e-7,0.00017250136095647636,1.3124684882343922,1.312468472420445,0.0002595828558390214,0.5124587346473751,1.547897911816561,1.5478978819476787,0.0020161135482859895,29.91914290023624,2.939634703276971,2.939634675593747,24.58010795342635,792391.3791496652,0.6503927714663272,0.6503925778922656,1.7774903349393867e-5,0.4187382315671463
291,1.6039308664365648,1.603930779560091,0.05842244730941011,4412.083046310717,1.3481284226599237,1.3481283571920755,0.004415651811378298,272.16979056121914,1.2682956276059896,1.2682955888645129,0.0010925303024332373,54.56106201630512,1.1011187545585974,1.1011187349287088,0.00012219547262830413,5.382398878111028,0.6643541635261744,0.6643541554751154,5.350183811804088e-7,0.014618062956779029,1.0893876543988048,1.0893876543988048,1.8438227864437566e-5,0.45019169460648123,1.010843953455687,1.0108439482705844,1.26973399201428e-5,0.0843622242454625,0.7325091258315859,0.7325090974970481,2.4535188404613946e-6,0.03726866143556068,0.8594785323258494,0.859478478532788,2.047451223769764e-5,0.32487456604119985,0.48639462383974347,0.4863944565299582,1.5958706684563373e-6,0.03451798962617478,0.44889279555922323,0.44889251509316924,2.4690156649825646e-6,0.061379371195164366
292,0.9646746133910442,0.9646744689445517,0.0004892825516311286,33.801692026037976,0.7488488478842679,0.748848730024606,3.2782136933832876e-5,1.7540345564031579,1.3866354628253754,1.3866354273902184,0.002679781141103576,137.28762828007586,0.23469502010731044,0.2346949280097331,2.0657884493443757e-7,5.7468604980711495e-5,1.6762720147601762,1.676272011569313,0.004300412703126261,191.1463195865063,0.42217749962982687,0.42217749962982687,1.4413433620631717e-9,2.954482838684025e-5,2.505781541959165,2.5057815398674705,0.1749104133365509,3147.4198672903667,0.7998745477542801,0.7998745218060767,4.713690300658146e-6,0.06486010067075812,1.3370698151506646,1.337069780572081,0.0005664549856855462,1.029101605693682,0.6362065194611183,0.6362063915489203,6.786238924148276e-6,0.15220295951084842,1.6415665047427674,1.6415664280482478,0.012436250232772823,318.365254749153
293,2.004946543714328,2.004946474214292,0.7923973041011569,60359.99179633155,0.9988630387790906,0.9988629504195602,0.00029157507746391026,16.633354053265162,0.6914735361293192,0.6914734650699873,7.1046868959568325e-6,0.3013553660647233,0.3302455639419608,0.33024549849114776,2.9335859851639795e-7,0.0004892899197751991,0.9125550211595713,0.912555015298276,7.99830280133296e-6,0.2772532432453935,1.75014623499724,1.75014623499724,0.002848371127654263,105.53652618575182,0.4304851937212406,0.43048518154584,1.895278969132652e-7,0.00015708197516159193,1.6071070944637214,1.6071070815490205,0.0016137960129253167,25.08073915985349,0.9815743999094572,0.9815743528075961,5.3410401539960053e-5,0.6749285102443848,0.8157594645177451,0.815759364759698,3.260131364535115e-5,0.6195919478374036,0.7872552432974136,0.7872550833757547,5.53205614547948e-5,1.1622642727846546
294,0.5620365423552047,0.56203629442847,1.2488279038806462e-5,0.8014278293312999,0.7726246792388238,0.7726245650060353,4.0923356185450696e-5,2.202630965772527,1.400625159903459,1.4006251248222346,0.0029798681665937706,152.8106320259683,0.9244416506771427,0.9244416272956358,2.5529151329951312e-5,1.0638577585470952,0.8388472165195235,0.8388472101432081,3.678504888021646e-6,0.12446523193996188,0.9730263480920129,0.9730263480920129,5.9979854100817686e-6,0.13801904891212524,1.091544745003494,1.0915447402017397,2.5434312593145397e-5,0.14118564033214745,1.1625842689384494,1.1625842510857156,9.339868050439034e-5,0.35516990717280095,0.8852478968979068,0.8852478446707494,2.5312607217738433e-5,0.38467681616639915,1.3542779679322539,1.3542779078422502,0.001107489199153953,2.6116159123634417,0.8209510214454944,0.8209508680877907,7.151934321545964e-5,1.4513064020610407
295,1.0073395529518356,1.0073394146232422,0.0006920014715031914,48.21458128160668,0.29327954403083467,0.29327924309232,5.335579691922194e-7,0.006633769626720359,0.8830971380405966,0.8830970824004588,4.5569651848613834e-5,2.0352855090608797,0.3834691783590547,0.3834691219924904,3.4164868941785925e-7,0.0012337026233141997,1.8265123854109362,1.8265123824825387,0.012474550929789514,568.2637701425404,1.1741918641984732,1.1741918641984732,3.953331742901918e-5,1.0012165772305555,0.8170596833859217,0.8170596769710541,1.955704448388399e-6,0.01859228921674588,0.6795345657279387,0.6795345351845218,1.472012785992079e-6,0.022976951981068108,1.3060046906773934,1.3060046552763103,0.00046850184539010885,0.5157080317480551,1.5871968701326,1.58719681886072,0.004592995918426038,90.80050143854709,0.888605856830575,0.8886057151489051,0.00011617262691711106,2.192249118266335
296,0.8517180715906564,0.8517179079873797,0.00019103583020119944,12.840603946262268,0.5917510887709421,0.5917509396219538,6.751059426191342e-6,0.3505990004232271,1.0274970308426046,1.0274969830218863,0.00015947311937196293,7.4457254527703105,0.46885980744432626,0.4688597613434679,4.347298705930956e-7,0.004685932322618655,1.2436239906854056,1.2436239863844638,0.0001604356542122099,6.252197233686784,1.003679517915184,1.003679517915184,8.158709323743912e-6,0.19056744579036036,1.1347563623010781,1.134756357682175,3.615510090943977e-5,0.18203597841334776,1.3498571581568666,1.349857142780938,0.0003302448565024836,1.0869706926991018,1.635686423625029,1.635686395359232,0.00350287830960109,72.45992612620915,1.650995638528047,1.650995589237446,0.0070853020799018715,168.44443430693647,0.6193684666106747,0.6193682633404419,1.3468875260472527e-5,0.3227765361742347
297,1.233476761504936,1.233476648536565,0.004011753865253561,292.67336586123855,0.47193052598861013,0.4719303389715012,1.8350746135961354e-6,0.08637190468799473,0.8553909330307806,0.8553908755884525,3.5291862503885876e-5,1.567835641161793,1.0406973235769277,1.040697302807355,7.280895218153151e-5,3.1466420139454474,0.3213193602545356,0.3213193436083098,1.434159052626075e-7,6.310519392378988e-5,0.5380260498009596,0.5380260498009596,1.606903775229504e-8,0.0003368138439978002,1.5706758877429645,1.5706758844059747,0.0007100353800758743,0.9346532078195695,0.8008626406212314,0.8008626147050424,4.750492445510429e-6,0.06544722071007729,0.9452259435926228,0.9452258946794698,4.0489989589537876e-5,0.5534853819392594,1.2796029074597421,1.2796028438630063,0.0007194526219554421,2.056026710498092,0.6258484664031638,0.6258482652375803,1.424234772345286e-5,0.3412472151889055
298,0.3021964013239295,0.30219594021995966,8.064975092816249e-7,0.03002486575734144,0.1267986536358631,0.12679795757715265,2.289740981744641e-7,0.00022323937106902004,0.21180906573259642,0.21180883375162968,2.8057900753694487e-7,0.0002487754389019689,3.5437396160329633,3.54373960993352,358.242498583847,1.805956311435458e7,1.1888773150871217,1.1888773105881256,0.00010206983320343705,3.8920995507527354,0.8312236967139208,0.8312236967139208,1.2378090281836424e-6,0.027322529769362315,0.9388114688644466,0.9388114632815049,6.5698469598682765e-6,0.05032690862320864,1.2815406247517822,1.2815406085561916,0.0002116203554253299,0.25859290578695904,1.2113879750457182,1.2113879368795968,0.00025958705171842103,1.227344606183827,1.7190817066561532,1.7190816593177591,0.011485154681479143,310.4014518448767,0.787213536015006,0.7872133760848743,5.517616986770898e-5,1.1624534164220364
299,0.6668213537001265,0.6668211447327996,3.5890622068312155e-5,2.332816829436338,0.4079185172834606,0.4079183009189546,1.0111043729405203e-6,0.03731836007706507,0.4617911326020048,0.4617910261996788,7.592473112790921e-7,0.0188332082118957,0.10298009175826274,0.10297988186467866,9.246898475346054e-8,2.2405196796784665e-5,0.5227543143240388,0.5227543040921683,2.408057167949951e-7,0.001846265569338275,1.6294535338126563,1.6294535338126563,0.0012427212826253754,42.867271057968246,0.9321129960573559,0.9321129904342933,6.162995326117385e-6,0.047822906289217905,0.5738723271096252,0.5738722909425078,6.307684751798696e-7,0.0077121196052294914,1.964077640760321,1.9640776172205285,0.0336660359065029,1114.2427936958475,0.8798841662084489,0.8798840737206267,5.3646820487936925e-5,0.9410463199670566,0.9355499704718899,0.935549835899537,0.00016016522242843825,2.836289997156273
300,0.2662706433763252,0.2662701200591875,6.485034089451471e-7,0.01658257438277022,1.241567258653159,1.2415671875663394,0.001981986082620271,119.69789421153223,0.4333583099135634,0.4333581965301339,6.491581302357682e-7,0.012756426776189805,1.2899949094157255,1.2899948926599705,0.0005623533034720078,26.301475167429178,0.6490260661180974,0.649026057876896,4.655836019830864e-7,0.011927638893880085,1.493129436741032,1.493129436741032,0.00047340065991722646,14.898975891372638,0.821638193080957,0.8216381867018356,2.046504922565851e-6,0.019394387243752278,0.8544037923293836,0.8544037680372308,7.824292138666363e-6,0.09721322150645055,0.7298547091596937,0.7298546458128641,6.527411290128662e-6,0.12364108728295756,1.283648207486652,1.2836481440903353,0.0007363185484554789,1.9445459207764815,0.6357370389780579,0.6357368409415056,1.561309503632901e-5,0.37084880130749626
