order,eta,Re,rho,omega,St,max_abs_lift
3,1.9007013157061875e-5,48.98435080480238,0.0,16.858046427860476,0.26830414198666636,0.0
3,1.8973349211820745e-5,48.98443158044861,0.008016032064128256,16.8580529573274,0.26830424590636,4.329516628418472e-5
3,1.8872357567421857e-5,48.98467390852662,0.01603206412825651,16.85807254571817,0.2683045576652819,8.65909834190598e-5
3,1.870403879783326e-5,48.985077792454426,0.02404809619238477,16.858105193002746,0.2683050772629538,0.00012988742444296997
3,1.8468393859650243e-5,48.98564323792888,0.03206412825651302,16.858150899131072,0.268305804698579,0.00017318446237932892
3,1.8165424092068168e-5,48.986370252925894,0.04008016032064128,16.85820966403307,0.2683067399710423,0.00021648207023416141
3,1.7795131216844412e-5,48.98725884770076,0.04809619238476954,16.85828148761863,0.2683078830789096,0.0002597802209936457
3,1.735751733824944e-5,48.9883090347886,0.056112224448897796,16.858366369777645,0.26830923402042833,0.00030307888762165643
3,1.6852584943007e-5,48.98952082900485,0.06412825651302605,16.858464310379986,0.26831079279352754,0.00034637804305730815
3,1.6280336900223532e-5,48.99089424744591,0.07214428857715431,16.858575309275505,0.2683125593958175,0.0003896776602124998
3,1.564077646130661e-5,48.99242930948977,0.08016032064128256,16.85869936629406,0.26831453382459036,0.00043297771196945976
3,1.4933907259872626e-5,48.99412603679687,0.08817635270541083,16.858836481245515,0.2683167160768199,0.0004762781711782918
3,1.4159733311643589e-5,48.99598445331099,0.09619238476953908,16.85898665391971,0.2683191061491615,0.0005195790106545222
3,1.3318259014333063e-5,48.99800458526017,0.10420841683366733,16.859149884086523,0.26832170403795247,0.0005628802031766481
3,1.2409489147521339e-5,49.00018646115784,0.11222444889779559,16.85932617149584,0.26832450973921224,0.000606181721483687
3,1.1433428872519738e-5,49.00253011180399,0.12024048096192384,16.85951551587757,0.2683275232486421,0.0006494835382727269
3,1.0390083732224093e-5,49.005035570286395,0.1282565130260521,16.859717916941648,0.26833074456162564,0.000692785626196479
3,9.279459650957476e-6,49.00770287198201,0.13627254509018036,16.85993337437806,0.2683341736732287,0.0007360879578608317
3,8.101562934302083e-6,49.010532054558404,0.14428857715430862,16.86016188785683,0.26833781057819966,0.0007793905058224045
3,6.856400268920377e-6,49.01352315797531,0.1523046092184369,16.860403457028056,0.2683416552709696,0.0008226932425861068
3,5.54397872236542e-6,49.016676224486254,0.16032064128256512,16.860658081521883,0.2683457077456521,0.0008659961406026938
3,4.164305742880484e-6,49.0199912986403,0.1683366733466934,16.86092576094855,0.2683499679960439,0.0009092991722663314
3,2.717389159187908e-6,49.0234684272839,0.17635270541082165,16.861206494898386,0.26835443601562486,0.0009526023099121552
3,1.2032371802672208e-6,49.027107659562766,0.1843687374749499,16.861500282941808,0.26835911179755806,0.0009959055258138359
3,-3.781416048774841e-7,49.03090904692394,0.19238476953907815,16.861807124629358,0.26836399533469013,0.001039208792181147
3,-2.026738227460771e-6,49.034872643117886,0.20040080160320642,16.8621270194917,0.2683690866195513,0.001082512081157535
3,-3.7425433391699097e-6,49.03899850420068,0.20841683366733466,16.862459967039637,0.2683743856443557,0.0011258153648176887
3,-5.525547212429476e-6,49.04328668853635,0.21643286573146292,16.86280596676413,0.26837989240100185,0.001169118615165114
3,-7.375739740676655e-6,49.04773725679923,0.22444889779559118,16.8631650181363,0.2683856068810723,0.0012124218041297105
3,-9.293110438647164e-6,49.052350271976536,0.23246492985971945,16.863537120607454,0.2683915290758344,0.00125572490356535
3,-1.127764844267179e-5,49.05712579937084,0.24048096192384769,16.8639222736091,0.26839765897624024,0.001299027885247462
3,-1.3329342510983531e-5,49.06206390660286,0.24849699398797595,16.86432047655296,0.26840399657292724,0.0013423307208706148
3,-1.5448181024035275e-5,49.06716466361418,0.2565130260521042,16.864731728830975,0.26841054185621754,0.0013856333820461031
3,-1.7634151984828075e-5,49.07242814267017,0.26452905811623245,16.865156029815356,0.26841729481611987,0.0014289358402995423
3,-1.988724301924994e-5,49.07785441836292,0.2725450901803607,16.865593378858556,0.26842425544232806,0.0014722380670684585
3,-2.2207441376425073e-5,49.08344356761433,0.280561122244489,16.866043775293324,0.26843142372422246,0.0015155400336998885
3,-2.4594733929073754e-5,49.0891956696793,0.28857715430861725,16.866507218432726,0.26843879965087025,0.0015588417114479787
3,-2.7049107173882444e-5,49.095110806148966,0.2965931863727455,16.866983707570117,0.2684463832110248,0.0016021430714715892
3,-2.9570547231884617e-5,49.10118906095407,0.3046092184368738,16.867473241979223,0.2684541743931271,0.001645444084831902
3,-3.215903984885169e-5,49.10743052036843,0.312625250501002,16.867975820914115,0.2684621731853053,0.0016887447224900336
3,-3.481457039569466e-5,49.11383527301249,0.32064128256513025,16.868491443609262,0.26847037957537556,0.0017320449553046423
3,-3.7537123868875826e-5,49.120403409856976,0.3286573146292585,16.86902010927953,0.26847879355084214,0.0017753447540295592
3,-4.032668489083096e-5,49.12713502422667,0.3366733466933868,16.8695618171202,0.2684874150988976,0.0018186440893113954
3,-4.318323771040186e-5,49.1340302118042,0.34468937875751504,16.870116566307033,0.2684962442064237,0.0018619429316871841
3,-4.610676620327907e-5,49.1410890706341,0.3527054108216433,16.87068435599624,0.26850528085999104,0.0019052412515819974
3,-4.909725387245486e-5,49.14831170112676,0.36072144288577157,16.87126518532453,0.26851452504586004,0.0019485390193065889
3,-5.21546838486864e-5,49.15569820606261,0.3687374749498998,16.87185905340914,0.2685239767499811,0.0019918362050550266
3,-5.52790388909694e-5,49.16324869059641,0.37675350701402804,16.87246595934785,0.26853363595799484,0.0020351327789023452
3,-5.8470301387021366e-5,49.17096326226154,0.3847695390781563,16.873085902219014,0.26854350265523286,0.002078428710802185
3,-6.172845335377546e-5,49.17884203097447,0.3927855711422846,16.87371888108158,0.2685535768267179,0.0021217239705844425
3,-6.505347643788435e-5,49.186885109039345,0.40080160320641284,16.874364894975116,0.26856385845716413,0.0021650185279529373
3,-6.84453519162339e-5,49.19509261115257,0.4088176352705411,16.87502394291985,0.26857434753097803,0.0022083123524830623
3,-7.190406069646722e-5,49.20346465440763,0.4168336673346693,16.875696023916667,0.2685850440322582,0.002251605413619458
3,-7.542958331751836e-5,49.21200135829991,0.4248496993987976,16.876381136947195,0.2685959479447967,0.002294897680673677
3,-7.902189995015639e-5,49.22070284473164,0.43286573146292584,16.877079280973753,0.2686070592520784,0.002338189122821863
3,-8.268099039753883e-5,49.22956923801698,0.4408817635270541,16.87779045493945,0.26861837793728227,0.0023814797091024297
3,-8.640683409577563e-5,49.23860066488716,0.44889779559118237,16.878514657768182,0.2686299039832816,0.002424769408413755
3,-9.019941011450243e-5,49.24779725449577,0.45691382765531063,16.87925188836466,0.26864163737264446,0.0024680581895118545
3,-9.405869715746405e-5,49.25715913842409,0.4649298597194389,16.88000214561446,0.26865357808763407,0.0025113460210080952
3,-9.798467356310734e-5,49.2666864506866,0.4729458917835671,16.880765428384027,0.26866572611020945,0.0025546328713668904
3,-0.0001019773173051844,49.27637932773652,0.48096192384769537,16.881541735520738,0.2686780814220259,0.0025979187089034076
3,-0.00010603660599336469,49.28623790847149,0.48897795591182364,16.88233106585291,0.2686906440044357,0.002641203501781278
3,-0.0001101625168738576,49.29626233423941,0.4969939879759519,16.883133418189832,0.26870341383848795,0.0026844872180103218
3,-0.00011435502683004384,49.306452748844244,0.5050100200400801,16.883948791321824,0.26871639090493005,0.0027277698254442612
3,-0.00011861411238311738,49.31680929855206,0.5130260521042084,16.884777184020237,0.2687295751842074,0.0027710512917784656
3,-0.00012293974969273587,49.327332132097155,0.5210420841683366,16.885618595037506,0.26874296665646447,0.0028143315845476752
3,-0.0001273319145576814,49.3380214006882,0.5290581162324649,16.88647302310719,0.26875656530154507,0.0028576106711237477
3,-0.0001317905824165303,49.34887725801461,0.5370741482965932,16.887340466943993,0.26877037109899327,0.0029008885187134003
3,-0.00013631572834833227,49.35989986025292,0.5450901803607214,16.8882209252438,0.2687843840280533,0.0029441650943559778
3,-0.00014090732707329942,49.37108936607336,0.5531062124248497,16.889114396683723,0.26879860406767087,0.0029874403649211905
3,-0.0001455653529535039,49.38244593664646,0.561122244488978,16.890020879922144,0.2688130311964933,0.0030307142971069062
3,-0.00015028977999358544,49.39396973564979,0.5691382765531062,16.89094037359871,0.26882766539287,0.0030739868574368996
3,-0.0001550805818414677,49.40566092927484,0.5771543086172345,16.891872876334432,0.2688425066348537,0.0031172580122586463
3,-0.00015993773178908413,49.41751968623395,0.5851703406813628,16.89281838673168,0.2688575549002004,0.0031605277277411054
3,-0.00016486120277311252,49.42954617776746,0.593186372745491,16.893776903374228,0.26887281016637016,0.003203795969872503
3,-0.00016985096737571958,49.44174057765079,0.6012024048096193,16.89474842482731,0.26888827241052793,0.0032470627044581418
3,-0.0001749069978253129,49.45410306220182,0.6092184368737475,16.895732949637637,0.26890394160954395,0.0032903278971182087
3,-0.00018002926599730408,49.46663381028825,0.6172344689378757,16.896730476333456,0.2689198177399945,0.003333591513285574
3,-0.00018521774341487908,49.47933300333514,0.625250501002004,16.897741003424578,0.26893590077816254,0.003376853518203621
3,-0.00019047240124977802,49.49220082533256,0.6332665330661322,16.898764529402424,0.2689521907000383,0.0034201138769240657
3,-0.00019579321032308427,49.5052374628433,0.6412825651302605,16.899801052740063,0.2689686874813198,0.0034633725543048036
3,-0.00020118014110602164,49.518443105010746,0.6492985971943888,16.90085057189226,0.268985391097414,0.0035066295150077307
3,-0.00020663316372076086,49.53181794356687,0.657314629258517,16.90191308529551,0.26900230152343685,0.003549884723496606
3,-0.00021215224794123442,49.5453621728403,0.6653306613226453,16.90298859136809,0.2690194187342145,0.003593138144034898
3,-0.00021773736319396066,49.55907598976453,0.6733466933867736,16.90407708851009,0.2690367427042835,0.0036363897406836566
3,-0.00022338847855887534,49.57295959388624,0.6813627254509018,16.905178575103463,0.269054273407892,0.003679639477299373
3,-0.00022910556277017295,49.587013187373756,0.6893787575150301,16.906293049512083,0.2690720108190002,0.0037228873175318557
3,-0.0002348885842171559,49.60123697502554,0.6973947895791583,16.90742051008176,0.2690899549112807,0.003766133224822128
3,-0.00024073751094509234,49.61563116427897,0.7054108216432866,16.908560955140302,0.2691081056581199,0.00380937716240031
3,-0.00024665231065608206,49.63019596521903,0.7134268537074149,16.909714382997578,0.2691264630326184,0.0038526190932835196
3,-0.0002526329507099314,49.64493159058728,0.7214428857715431,16.910880791945516,0.26914502700759146,0.0038958589802737783
3,-0.00025867939812503543,49.65983825579086,0.7294589178356713,16.912060180258198,0.2691637975555703,0.003939096785955936
3,-0.00026479161957926995,49.67491617891167,0.7374749498997996,16.913252546191885,0.26918277464880236,0.003982332472695589
3,-0.0002709695814108896,49.6901655807156,0.7454909819639278,16.91445788798506,0.26920195825925225,0.004025566002637005
3,-0.0002772132496194357,49.70558668466196,0.7535070140280561,16.915676203858478,0.26922134835860245,0.004068797337701074
3,-0.00028352258986665164,49.721179716913,0.7615230460921844,16.91690749201523,0.26924094491825423,0.004112026439583244
3,-0.0002898975674774065,49.736944906343496,0.7695390781563126,16.918151750640764,0.269260747909328,0.004155253269751491
3,-0.00029633814744062557,49.752882484550604,0.7775551102204409,16.919408977902958,0.2692807573026649,0.004198477789444275
3,-0.0003028442944102305,49.76899268586366,0.7855711422845691,16.920679171952155,0.2693009730688264,0.004241699959668509
3,-0.0003094159727060858,49.78527574735426,0.7935871743486974,16.92196233092122,0.2693213951780964,0.004284919741197538
3,-0.00031605314631495435,49.801731908846364,0.8016032064128257,16.92325845292558,0.26934202360048076,0.004328137094569141
3,-0.0003227557788914591,49.81836141292657,0.8096192384769539,16.924567536063293,0.2693628583057093,0.004371351980083521
3,-0.00032952383375905395,49.83516450495451,0.8176352705410822,16.925889578415074,0.2693838992632356,0.004414564357801305
3,-0.0003363572739110013,49.852141433073385,0.8256513026052105,16.927224578044363,0.2694051464422383,0.004457774187541568
3,-0.0003432560620113578,49.86929244822061,0.8336673346693386,16.928572532997386,0.26942659981162215,0.00450098142887985
3,-0.0003502201603959669,49.886617804138574,0.8416833667334669,16.929933441303167,0.26944825934001815,0.0045441860411461945
3,-0.00035724953107345926,49.9041177573856,0.8496993987975952,16.931307300973632,0.26947012499578504,0.004587387983423183
3,-0.0003643441357262606,49.921792567346934,0.8577154308617234,16.932694110003627,0.26949219674700986,0.004630587214543981
3,-0.00037150393571160626,49.93964249624598,0.8657314629258517,16.934093866370972,0.2695144745615086,0.00467378369309041
3,-0.00037872889206256417,49.957667809155545,0.87374749498998,16.935506568036544,0.2695369584068276,0.0047169773773910045
3,-0.00038601896548906344,49.975868774009356,0.8817635270541082,16.936932212944296,0.26955964825024387,0.004760168225519095
3,-0.00039337411637893144,49.99424566161359,0.8897795591182365,16.938370799021317,0.26958254405876597,0.004803356195290877
3,-0.0004007943047989373,50.01279874565858,0.8977955911823647,16.93982232417792,0.26960564579913554,0.0048465412442635376
3,-0.00040827949049584245,50.03152830273072,0.905811623246493,16.94128678630765,0.2696289534378273,0.004889723329733324
3,-0.0004158296328974582,50.050434612324395,0.9138276553106213,16.942764183287366,0.26965246694105033,0.004932902408733679
3,-0.00042344469111370997,50.069517956854135,0.9218436873747495,16.944254512977306,0.2696761862747494,0.004976078438033351
3,-0.0004311246239377091,50.088778621666904,0.9298597194388778,16.945757773221107,0.26970011140460487,0.005019251374134541
3,-0.00043886938984682983,50.10821689505446,0.9378757515030061,16.947273961845905,0.2697242422960345,0.005062421173271023
3,-0.000446678947003795,50.12783306826595,0.9458917835671342,16.948803076662358,0.26974857891419385,0.005105587791406309
3,-0.0004545532532577666,50.147627435520555,0.9539078156312625,16.950345115464714,0.2697731212239773,0.00514875118423181
3,-0.0004624922661454442,50.16760029402037,0.9619238476953907,16.951900076030874,0.269797869190019,0.005191911307164992
3,-0.00047049594289216856,50.18775194396333,0.969939879759519,16.95346795612245,0.26982282277669395,0.005235068115347566
3,-0.00047856424041303313,50.20808268855638,0.9779559118236473,16.955048753484807,0.26984798194811854,0.005278221563643681
3,-0.0004866971153140005,50.22859283402872,0.9859719438877755,16.956642465847143,0.26987334666815177,0.005321371606638101
3,-0.0004948945238930262,50.24928268964522,0.9939879759519038,16.958249090922543,0.26989891690039636,0.005364518198634432
3,-0.0005031564221411885,50.27015256772001,1.002004008016032,16.959868626408014,0.2699246926081989,0.00540766129365334
3,-0.0005114827657438241,50.29120278363015,1.0100200400801602,16.96150106998458,0.26995067375465176,0.005450800845430774
3,-0.0005198735100816694,50.312433655829516,1.0180360721442885,16.963146419317322,0.26997686030259366,0.005493936807416188
3,-0.0005283286102320097,50.333845505862826,1.0260521042084167,16.96480467205544,0.27000325221461036,0.005537069132770814
3,-0.0005368480209698319,50.355438658379796,1.034068136272545,16.96647582583231,0.27002984945303593,0.005580197774365912
3,-0.0005454316967689853,50.37721344114944,1.0420841683366733,16.968159878265553,0.2700566519799536,0.00562332268478102
3,-0.000554079591803347,50.39917018507461,1.0501002004008015,16.969856826957102,0.27008365975719695,0.0056664438163022465
3,-0.0005627916599479924,50.42130922420652,1.0581162324649298,16.97156666949324,0.27011087274635043,0.005709603678187717
3,-0.0005715678547803745,50.44363089575965,1.066132264529058,16.97328940344468,0.27013829090875086,0.005752760864418646
3,-0.0005804081295815039,50.46613554012661,1.0741482965931863,16.975025026366623,0.2701659142054879,0.005795915087574086
3,-0.0005893124373371395,50.488823500893275,1.0821643286573146,16.97677353579883,0.2701937425974058,0.005839066305133701
3,-0.0005982807307389817,50.511695124854064,1.0901803607214429,16.978534929265646,0.27022177604510317,0.005882214474257217
3,-0.0006073129621858707,50.53475076202732,1.0981963927855711,16.980309204276114,0.2702500145089352,0.005925359551782657
3,-0.0006164090837849927,50.557990765670965,1.1062124248496994,16.982096358324018,0.27027845794901423,0.005968501494224562
3,-0.0006255690473530884,50.5814154922982,1.1142284569138277,16.98389638888792,0.27030710632521043,0.006011640257772256
3,-0.0006347928044176701,50.60502530169343,1.122244488977956,16.985709293431274,0.27033595959715323,0.006054775798288134
3,-0.0006440803062182395,50.628820556928396,1.1302605210420842,16.98753506940244,0.2703650177242322,0.006097908071305914
3,-0.0006534315037075158,50.65280162437836,1.1382765531062125,16.98937371423478,0.2703942806655979,0.006141037032028941
3,-0.0006628463475526642,50.67696887373858,1.1462925851703407,16.991225225346717,0.27042374838016336,0.006184162635328478
3,-0.0006723247881365331,50.70132267804087,1.154308617234469,16.99308960014179,0.2704534208266045,0.00622728483574202
3,-0.0006818667755588924,50.72586341367039,1.1623246492985972,16.994966836008725,0.27048329796336174,0.006270403587471623
3,-0.0006914722596376811,50.75059146038257,1.1703406813627255,16.996856930321503,0.2705133797486406,0.006313518844382232
3,-0.0007011411899102548,50.77550720132021,1.1783567134268538,16.99875988043942,0.270543666140413,0.006356630560000026
3,-0.0007108735156346425,50.8006110230308,1.186372745490982,17.000675683707147,0.27057415709641797,0.006399738687510767
3,-0.0007206691857908048,50.82590331548393,1.1943887775551103,17.002604337454823,0.2706048525741635,0.006442843179758192
3,-0.0007305281490818971,50.85138447208901,1.2024048096192386,17.004545838998084,0.2706357525309266,0.006485943989242363
3,-0.0007404503539355393,50.87705488971302,1.2104208416833668,17.006500185638153,0.2706668569237548,0.0065290410681180695
3,-0.000750435748505088,50.90291496869855,1.218436873747495,17.008467374661905,0.2706981657094674,0.006572134368193234
3,-0.0007604842806709127,50.928965112882,1.2264529058116231,17.010447403341924,0.2707296788446563,0.006615223840927324
3,-0.000770595898041679,50.955205729611905,1.2344689378757514,17.012440268936576,0.27076139628568696,0.006658309437429763
3,-0.0007807705479556317,50.98163722976755,1.2424849699398797,17.01444596869008,0.27079331798869977,0.006701391108458387
3,-0.0007910081774818873,51.008260027777666,1.250501002004008,17.01646449983257,0.270825443909611,0.006744468804417871
3,-0.0008013087334217248,51.0350745416394,1.2585170340681362,17.01849585958016,0.2708577740041137,0.006787542475358206
3,-0.0008116721623098862,51.06208119293743,1.2665330661322645,17.020540045135025,0.27089030822767907,0.0068306120709731594
3,-0.0008220984104158763,51.08928040686324,1.2745490981963927,17.022597053685455,0.2709230465355574,0.006873677540598757
3,-0.0008325874237452693,51.116672612234716,1.282565130260521,17.024666882405917,0.27095598888277894,0.006916738833211783
3,-0.0008431391480410176,51.14425824151576,1.2905811623246493,17.02674952845716,0.2709891352241555,0.006959795897428271
3,-0.0008537535287847658,51.17203773083625,1.2985971943887775,17.028844988986236,0.2710224855142812,0.007002848681502036
3,-0.0008644305111981661,51.20001152001216,1.3066132264529058,17.030953261126605,0.27105603970753345,0.007045897133323193
3,-0.0008751700402441997,51.228180052565754,1.314629258517034,17.03307434199819,0.27108979775807446,0.007088941200416711
3,-0.0008859720606285004,51.256543775746245,1.3226452905811623,17.035208228707432,0.27112375961985186,0.007131980829940932
3,-0.0008968365168006819,51.28510314055033,1.3306613226452906,17.037354918347397,0.2711579252466003,0.007175015968686183
3,-0.0009077633529556684,51.313858601743284,1.3386773547094188,17.039514407997807,0.2711922945918422,0.007218046563073305
3,-0.0009187525130350293,51.34281061787993,1.346693386773547,17.041686694725133,0.27122686760888887,0.007261072559152255
3,-0.0009298039407283153,51.37195965132601,1.3547094188376754,17.043871775582655,0.27126164425084187,0.0073040939026007305
3,-0.0009409175794744,51.40130616827978,1.3627254509018036,17.046069647610533,0.2712966244705939,0.007347110538722735
3,-0.0009520933724628227,51.43085063879372,1.370741482965932,17.04828030783589,0.2713318082208301,0.007390122412447232
3,-0.000963331262635136,51.460593536796466,1.3787575150300602,17.050503753272856,0.27136719545402893,0.007433129468326767
3,-0.0009746311926862541,51.490535340115024,1.3867735470941884,17.052739980922674,0.2714027861224637,0.007476131650536112
3,-0.0009859931050658062,51.52067653049723,1.3947895791583167,17.05498898777373,0.27143858017820294,0.007519128902870934
3,-0.0009974169419794921,51.551017593634235,1.402805611222445,17.057250770801655,0.27147457757311255,0.007562121168746447
3,-0.0010089026453904393,51.58155901918348,1.4108216432865732,17.059525326969393,0.2715107782588561,0.007605108391196099
3,-0.0010204501570205647,51.61230130079169,1.4188376753507015,17.061812653227257,0.2715471821868964,0.007648090512870275
3,-0.0010320594183519376,51.64324493611818,1.4268537074148298,17.064112746513008,0.2715837893084964,0.007691067476034987
3,-0.001043730370628146,51.67439042685838,1.434869739478958,17.06642560375193,0.2716205995747204,0.0077340392225706016
3,-0.0010554629548556657,51.70573827876759,1.4428857715430863,17.068751221856903,0.2716576129364355,0.007777005693970564
3,-0.0010672571118052296,51.73728900168494,1.4509018036072143,17.071089597728466,0.2716948293443121,0.00781996683134013
3,-0.001079112782013203,51.769043109557664,1.4589178356713426,17.073440728254894,0.2717322487488256,0.00786292257539512
3,-0.0010910299057829576,51.80100112046545,1.4669338677354709,17.075804610312264,0.2717698711002573,0.007905872866460722
3,-0.0011030084231862505,51.83316355664524,1.4749498997995991,17.078181240764543,0.27180769634869556,0.007948817644470191
3,-0.0011150482740646043,51.86553094451612,1.4829659318637274,17.080570616463646,0.27184572444403715,0.007991756848963704
3,-0.0011271493980306883,51.89810381470445,1.4909819639278556,17.082972734249513,0.2718839553359881,0.008034690419087134
3,-0.0011393117344697026,51.93088270206934,1.498997995991984,17.08538759095017,0.2719223889740649,0.008077618293590844
3,-0.0011515352225407664,51.96386814572832,1.5070140280561122,17.08781518338183,0.2719610253075961,0.008120540410828539
3,-0.0011638198011783031,51.99706068908322,1.5150300601202404,17.09025550834894,0.27199986428572265,0.008163456708756104
3,-0.001176165409093432,52.03046087984633,1.5230460921843687,17.09270856264425,0.2720389058573998,0.008206367124930414
3,-0.00118857198477536,52.064069270066895,1.531062124248497,17.095174343048917,0.272078149971398,0.008249271596508222
3,-0.0012010394664927738,52.09788641615769,1.5390781563126252,17.097652846332547,0.2721175965763039,0.008292170060245031
3,-0.0012135677922952357,52.131912878922066,1.5470941883767535,17.10014406925328,0.27215724562052174,0.008335062452493963
3,-0.0012261569000145808,52.16614922358105,1.5551102204408818,17.10264800855786,0.27219709705227435,0.008377948709204672
3,-0.001238806727266313,52.20059601980088,1.56312625250501,17.105164660981714,0.2722371508196044,0.00842082876592221
3,-0.0012515172114510075,52.235253841720684,1.5711422845691383,17.10769402324903,0.27227740687037577,0.008463702557785998
3,-0.0012642882897557078,52.270123267980516,1.5791583166332666,17.110236092072814,0.27231786515227424,0.008506606074707632
3,-0.0012771198991553326,52.305204881749596,1.5871743486973948,17.11279086415496,0.27235852561280893,0.00854956003913117
3,-0.0012900119764140752,52.340499270754854,1.595190380761523,17.115358336186347,0.2723993881993135,0.008592508879932856
3,-0.0013029644580868098,52.37600702730978,1.6032064128256514,17.11793850484691,0.2724404528589474,0.008635452535680578
3,-0.0013159772805204984,52.4117287483435,1.6112224448897796,17.120531366805686,0.2724817195386968,0.008678390944508155
3,-0.001329050379855594,52.44766503543013,1.6192384769539079,17.123136918720913,0.2725231881853759,0.00872132404411427
3,-0.0013421836920274538,52.48381649481848,1.6272545090180361,17.1257551572401,0.27256485874562814,0.008764251771761414
3,-0.0013553771527677434,52.52018373746199,1.6352705410821644,17.128386079000084,0.2726067311659271,0.00880717406427482
3,-0.0013686306976058472,52.556767379048964,1.6432865731462927,17.131029680627137,0.2726488053925782,0.008850090858041459
3,-0.0013819442618702813,52.59356804003312,1.651302605210421,17.133685958736997,0.2726910813717193,0.008893002089008985
3,-0.001395317780690102,52.6305863456644,1.6593186372745492,17.136354909934983,0.27273355904932234,0.008935907692684774
3,-0.0014087511889963183,52.66782292602011,1.6673346693386772,17.13903653081604,0.27277623837119425,0.008978807604134893
3,-0.001422244421523306,52.705278416036336,1.6753507014028055,17.141730817964824,0.27281911928297803,0.009021701757983124
3,-0.001435797412810218,52.74295345553971,1.6833667334669338,17.14443776795578,0.27286220173015435,0.009064590088410008
3,-0.0014494100972024,52.7808486892794,1.691382765531062,17.14715737735321,0.27290548565804235,0.009107472529151853
3,-0.001463082408852803,52.818964766959496,1.6993987975951903,17.149889642711337,0.2729489710118008,0.009150349013499834
3,-0.0014768142817233995,52.85730234327166,1.7074148296593186,17.15263456057441,0.2729926577364297,0.009193219474299031
3,-0.0014906056495865945,52.89586207792813,1.7154308617234468,17.155392127476738,0.27303654577677094,0.009236083843947512
3,-0.0015044564460266446,52.93464463569496,1.723446893787575,17.158162339942802,0.27308063507750985,0.009278942054395422
3,-0.001518366604441072,52.973650686425714,1.7314629258517034,17.16094519448729,0.27312492558317597,0.009321794037144105
3,-0.0015323360580420766,53.01288090509538,1.7394789579158316,17.163740687615217,0.27316941723814486,0.009364639723245189
3,-0.0015463647398579552,53.052335971834616,1.74749498997996,17.166548815821955,0.2732141099866387,0.009407479043299749
3,-0.0015604525827345142,53.09201657196444,1.7555110220440882,17.169369575593333,0.27325900377272766,0.009450311927457425
3,-0.001574599519336488,53.13192339603109,1.7635270541082164,17.17220296340571,0.2733040985403312,0.009493138305415573
3,-0.0015888054821489481,53.172057139841364,1.7715430861723447,17.175048975726032,0.2733493942332192,0.009535958106418448
3,-0.0016030704034787262,53.212418504498224,1.779559118236473,17.17790760901193,0.27339489079501295,0.009578771259256361
3,-0.0016173942154558217,53.25300819643675,1.7875751503006012,17.18077885971177,0.27344058816918654,0.009621577692264903
3,-0.0016317768500348205,53.293826927460536,1.7955911823647295,17.183662724264742,0.27348648629906785,0.0096643773333241
3,-0.0016462182389963072,53.33487541477825,1.8036072144288577,17.186559199100937,0.27353258512784,0.009707170109857648
3,-0.0016607183139482795,53.37615438104079,1.811623246492986,17.18946828064141,0.2735788845985424,0.009749955948832165
3,-0.0016752770063275628,53.41766455437859,1.8196392785571143,17.192389965298254,0.27362538465407166,0.009792734776756382
3,-0.0016898942474012197,53.45940666843938,1.8276553106212425,17.195324249474687,0.2736720852371832,0.009835506519680423
3,-0.0017045699682679643,53.50138146242637,1.8356713426853708,17.19827112956511,0.2737189862904922,0.009878271103195073
3,-0.0017193040998595749,53.54358968113667,1.843687374749499,17.201230601955196,0.2737660877564748,0.009921028452431032
3,-0.0017340965729423024,53.58603207500024,1.8517034068136273,17.20420266302195,0.27381338957746926,0.0099637784920582
3,-0.001748947318118283,53.62870940011905,1.8597194388777556,17.20718730913378,0.27386089169567707,0.010006521146285008
3,-0.0017638562658269456,53.671622418306775,1.8677354709418839,17.210184536650605,0.2739085940531644,0.01004925633885768
3,-0.0017788233463464206,53.714771897128806,1.8757515030060121,17.213194341923877,0.273956496591863,0.010091983993059606
3,-0.0017938484897949488,53.75815860994264,1.8837675350701404,17.216216721296696,0.2740045992535713,0.010134704031710629
3,-0.0018089316261322868,53.801783335938694,1.8917835671342684,17.219251671103866,0.27405290197995597,0.010177416377166439
3,-0.001824072685161115,53.84564686018151,1.8997995991983967,17.22229918767197,0.2741014047125528,0.010220120951317881
3,-0.0018392715965284377,53.88974997365136,1.907815631262525,17.225359267319444,0.27415010739276785,0.010262817675590357
3,-0.0018545282897269922,53.93409347328629,1.9158316633266532,17.228431906356644,0.27419900996187857,0.010305506470943212
3,-0.0018698426940966465,53.97867816202448,1.9238476953907815,17.231517101085945,0.2742481123610355,0.010348187257869098
3,-0.001885214738825804,54.023504848847146,1.9318637274549098,17.234614847801776,0.2742974145312626,0.010390859956393404
3,-0.0019006443529528006,54.0685743488218,1.939879759519038,17.237725142790733,0.27434691641345926,0.010433524486073674
3,-0.0019161314653673054,54.11388748314588,1.9478957915831663,17.240847982331605,0.27439661794840053,0.010476180765999004
3,-0.0019316760048117172,54.159445079190974,1.9559118236472945,17.243983362695506,0.27444651907673934,0.010518828714789524
3,-0.0019472778998825605,54.205247970547255,1.9639278557114228,17.247131280145886,0.2744966197390067,0.010561468250595826
3,-0.0019629370790318775,54.25129699706854,1.971943887775551,17.250291730938663,0.2745469198756136,0.010604099291098422
3,-0.001978653470568625,54.29759300491774,1.9799599198396793,17.253464711322245,0.2745974194268517,0.010646736164445057
3,-0.0019944270026600636,54.344136846612656,1.9879759519038076,17.256650217537636,0.2746481183328946,0.010689489936138549
3,-0.0020102576033331457,54.39092938107241,1.9959919839679359,17.259848245818496,0.27469901653379925,0.010732236530100005
3,-0.0020261452004759063,54.43797147366419,2.004008016032064,17.26305879239121,0.27475011396950666,0.010774975866015609
3,-0.002042089721838849,54.48526399625051,2.012024048096192,17.266281853474975,0.27480141057984353,0.010817707863073876
3,-0.0020580910950363266,54.532807827236915,2.0200400801603204,17.269517425281858,0.2748529063045229,0.010860432439965218
3,-0.002074149247547929,54.58060385162022,2.0280561122244487,17.272765504016874,0.2749046010831459,0.0109031495148814
3,-0.0020902641067198613,54.628652961037155,2.036072144288577,17.276026085878065,0.2749564948552023,0.010945859005515094
3,-0.002106435599766322,54.67695605381352,2.0440881763527052,17.279299167056546,0.27500858756007196,0.010988560829059402
3,-0.0021226636537708815,54.72551403501384,2.0521042084168335,17.282584743736617,0.275060879137026,0.011031254902207471
3,-0.0021389481956878564,54.77432781649147,2.0601202404809618,17.28588281209581,0.2751133695252281,0.011073941141151959
3,-0.002155289152343684,54.82339831693931,2.06813627254509,17.289193368304957,0.275166058663735,0.011116619461584706
3,-0.002171686450438288,54.87272646194084,2.0761523046092183,17.29251640852827,0.27521894649149836,0.011159289778696254
3,-0.0021881400165464538,54.92231318402188,2.0841683366733466,17.29585192892342,0.2752720329473655,0.011201952007175496
3,-0.0022046497771191923,54.97215942270265,2.092184368737475,17.299199925641602,0.275325317970081,0.011244606061209231
3,-0.0022212156584851,55.022266124550555,2.100200400801603,17.30256039482759,0.27537880149828675,0.011287251854481857
3,-0.0022378375868517277,55.072634243233296,2.1082164328657313,17.30593333261984,0.27543248347052457,0.011329889300174948
3,-0.0022545154883069365,55.12326473957275,2.1162324649298596,17.309318735150548,0.27548636382523634,0.01137251831096694
3,-0.0022712492888202554,55.17415858159913,2.124248496993988,17.31271659854569,0.27554044250076515,0.011415138799032745
3,-0.002288038914244237,55.225316744605884,2.132264529058116,17.31612691892515,0.2755947194353569,0.011457750676043462
3,-0.0023048842903158075,55.27674021120503,2.1402805611222444,17.31954969240275,0.2756491945671613,0.011500353853166034
3,-0.002321785342657621,55.32842997138318,2.1482965931863727,17.322984915086334,0.27570386783423273,0.011542948241062962
3,-0.002338741996779403,55.38038702255794,2.156312625250501,17.32643258307783,0.2757587391745313,0.011585533749891951
3,-0.0023557541780792985,55.43261236963503,2.164328657314629,17.329892692473333,0.27581380852592463,0.011628110289305717
3,-0.002372821811845209,55.48510702506592,2.1723446893787575,17.333365239363165,0.27586907582618814,0.011670677768451624
3,-0.002389944823256139,55.53787200890608,2.1803607214428857,17.336850219831963,0.27592454101300695,0.011713236095971476
3,-0.002407123137383526,55.590908348873754,2.188376753507014,17.340347629958714,0.27598020402397616,0.01175578518000123
3,-0.0024243566791925836,55.64421708040942,2.1963927855711423,17.343857465816864,0.27603606479660275,0.011798324928170772
3,-0.00244164537354362,55.69779924673575,2.2044088176352705,17.347379723474354,0.276092123268306,0.011840855247603688
3,-0.0024589891451933807,55.751655898918294,2.212424849699399,17.350914398993716,0.2761483793764193,0.011883376044917056
3,-0.0024763879187963615,55.80578809592666,2.220440881763527,17.354461488432136,0.2762048330581906,0.011925887226221198
3,-0.002493841618906142,55.86019690469641,2.2284569138276553,17.358020987841506,0.276261484250784,0.011968388697119506
3,-0.0025113501699766992,55.914883400191556,2.2364729458917836,17.36159289326852,0.2763183328912806,0.012010880362708278
3,-0.0025289134963637234,55.96984866546767,2.244488977955912,17.365177200754705,0.27637537891667935,0.012053362127576508
3,-0.002546531522325939,56.02509379173564,2.25250501002004,17.368773906336536,0.2764326222638988,0.012095833895805728
3,-0.0025642041720264075,56.08061987842615,2.2605210420841684,17.37238300604548,0.27649006286977784,0.012138295570969846
3,-0.0025819313695338406,56.136428033254695,2.2685370741482966,17.37600449590806,0.2765477006710765,0.01218074705613504
3,-0.0025997130388239033,56.19251937228741,2.276553106212425,17.37963837194593,0.27660553560447754,0.01222318825385959
3,-0.002617549103780515,56.24889502000742,2.284569138276553,17.383284630175947,0.2766635676065872,0.012265619066193752
3,-0.0026354394881971475,56.305556109381975,2.2925851703406814,17.386943266610228,0.27672179661393637,0.012308039394679665
3,-0.002653384115778122,56.36250378193026,2.3006012024048097,17.39061427725623,0.2767802225629818,0.012350449140351227
3,-0.002671382910139899,56.41973918779188,2.308617234468938,17.39429765811682,0.27683884539010706,0.012392848203734036
3,-0.0026894357948123683,56.47726348579608,2.3166332665330662,17.397993405190313,0.2768976650316235,0.012435236484845279
3,-0.002707542693240134,56.53507784353161,2.3246492985971945,17.40170151447058,0.27695668142377144,0.012477613883193657
3,-0.0027257035287837966,56.59318343741741,2.3326653306613228,17.4054219819471,0.2770158945027215,0.012520159985056607
3,-0.0027439182247212287,56.65158145277396,2.340681362725451,17.409154803605002,0.27707530420457505,0.01256270217552053
3,-0.002762186704248855,56.71027308389542,2.3486973947895793,17.41289997542517,0.27713491046536587,0.012605234900028241
3,-0.002780508890482921,56.769259534122455,2.3567134268537075,17.416657493384285,0.2771947132210609,0.012647758058884025
3,-0.0027988847064607638,56.82854201591584,2.364729458917836,17.420427353454894,0.27725471240756105,0.012690271551858113
3,-0.0028173140751420692,56.88812175093089,2.372745490981964,17.424209551605497,0.27731490796070324,0.012732775278186682
3,-0.0028357969194101455,56.94799997009258,2.3807615230460923,17.428004083800584,0.2773752998162602,0.012775269136571843
3,-0.0028543331620731693,57.008177913671474,2.3887775551102206,17.43181094600071,0.2774358879099421,0.012817753025181629
3,-0.002872922725865446,57.068656831360535,2.396793587174349,17.435630134162572,0.277496672177398,0.01286022684165006
3,-0.0028915655334486572,57.12943798235254,2.404809619238477,17.43946164423907,0.2775576525542161,0.012902690483077113
3,-0.00291026150741311,57.19052263541859,2.4128256513026054,17.443305472179368,0.27761882897592544,0.012945143846028802
3,-0.002929010570278979,57.25191206898711,2.4208416833667337,17.447161613928944,0.2776802013779962,0.01298758682653724
3,-0.002947812644497542,57.31360757122399,2.428857715430862,17.45103006542969,0.2777417696958417,0.01303001932010065
3,-0.0029666676524524207,57.37561044011336,2.43687374749499,17.45491082261995,0.27780353386481865,0.013072441221683474
3,-0.002985575516460811,57.43792198353934,2.444889779559118,17.458803881434594,0.27786549382022846,0.013114852425716432
3,-0.0030045361587747103,57.500543519368534,2.4529058116232463,17.462709237805075,0.2779276494973182,0.01315725282609664
3,-0.00302354950158214,57.56347637553355,2.4609218436873745,17.4666268876595,0.2779900008312817,0.013199642316187645
3,-0.003042615467008368,57.62672189011724,2.468937875751503,17.4705568269227,0.2780525477572606,0.013242020788819631
3,-0.003061733977117125,57.69028141143796,2.476953907815631,17.474499051516272,0.27811529021034515,0.013284388136289446
3,-0.0030809049539118148,57.7541562981357,2.4849699398797593,17.478453557358673,0.2781782281255755,0.013326744250360784
3,-0.0031001283193367265,57.818347919259026,2.4929859719438876,17.48242034036525,0.2782413614379425,0.013369089022264309
3,-0.0031194039952782337,57.882857654353174,2.501002004008016,17.486399396448324,0.2783046900823886,0.013411422342697791
3,-0.003138731903566003,57.94768689354885,2.509018036072144,17.490390721517258,0.2783682139938094,0.013453744101826304
3,-0.003158111965974181,58.012837037652105,2.5170340681362724,17.494394311478498,0.2784319331070538,0.013496054189282326
3,-0.0031775441042225954,58.078309498235164,2.5250501002004007,17.498410162235654,0.2784958473569259,0.013538352494165988
3,-0.003197028239977936,58.14410569772816,2.533066132264529,17.502438269689556,0.2785599566781853,0.01358063890504519
3,-0.0032165642948549476,58.21022706951199,2.541082164328657,17.50647862973831,0.27862426100554827,0.013622913309955855
3,-0.0032361521904176,58.276675058011946,2.5490981963927855,17.51053123827737,0.27868876027368905,0.01366517559640211
3,-0.0032557918481802743,58.34345111879261,2.5571142284569137,17.514596091199586,0.27875345441724025,0.013707425651356478
3,-0.0032754831896089267,58.41055671865361,2.565130260521042,17.518673184395286,0.27881834337079453,0.013749663361260135
3,-0.0032952261361222633,58.47799333572643,2.5731462925851702,17.522762513752323,0.2788834270689048,0.013791888612023132
3,-0.003315020609092898,58.545762459572295,2.5811623246492985,17.526864075156134,0.27894870544608596,0.01383410128902461
3,-0.003334866529848515,58.613865591281105,2.5891783567134268,17.530977864489802,0.27901417843681514,0.013876301277113095
3,-0.0033547638196730232,58.68230424357148,2.597194388777555,17.535103877634132,0.27907984597553337,0.013918488460606709
3,-0.003374712399807707,58.751079940891806,2.6052104208416833,17.539242110467683,0.27914570799664584,0.013960662723293476
3,-0.003394712191452375,58.820194219522485,2.6132264529058116,17.543392558866852,0.2792117644345234,0.014002823948431574
3,-0.0034147631157664983,58.88964862767918,2.62124248496994,17.547555218705924,0.27927801522350326,0.014044972018749624
3,-0.0034348650938703534,58.95944472561734,2.629258517034068,17.55173008585713,0.2793444602978899,0.014087106816446978
3,-0.00345501804684615,59.02958408573767,2.6372745490981964,17.55591715619072,0.2794110995919563,0.014129250031180112
3,-0.003475221895739168,59.10006829269301,2.6452905811623246,17.560116425574993,0.2794779330399445,0.01417158669756708
3,-0.0034954765615588758,59.17089894349612,2.653306613226453,17.56432788987639,0.27954496057606676,0.01421391155388301
3,-0.003515781965280056,59.24207764762883,2.661322645290581,17.568551544959533,0.27961218213450645,0.014256224482150885
3,-0.0035361380278439163,59.313606027152346,2.6693386773547094,17.572787386687278,0.279679597649419,0.014298525363841241
3,-0.003556544670159206,59.38548571681872,2.6773547094188377,17.577035410920793,0.27974720705493283,0.014340814079872524
3,-0.0035770018131033227,59.45771836418367,2.685370741482966,17.5812956135196,0.2798150102851501,0.01438309051061143
3,-0.003597509377523414,59.53030562972045,2.693386773547094,17.585567990341644,0.2798830072741481,0.014425354535873269
3,-0.0036180672842374756,59.60324918693524,2.7014028056112225,17.589852537243335,0.2799511979559794,0.01446760603492241
3,-0.0036386754540354443,59.67655072248357,2.7094188376753507,17.594149250079624,0.2800195822646736,0.014509844886472641
3,-0.003659333807680294,59.750211936288224,2.717434869739479,17.59845812470405,0.28008816013423765,0.014552070968687558
3,-0.003680042265909113,59.824234541658335,2.7254509018036073,17.60277915696879,0.28015693149865695,0.01459428415918097
3,-0.0037008007494341885,59.89862026540989,2.7334669338677355,17.607112342724726,0.2802258962918962,0.014636484335017375
3,-0.0037216091789440795,59.97337084798749,2.741482965931864,17.6114576778215,0.2802950544479004,0.014678671372712318
3,-0.003742467475104694,60.04848804358762,2.749498997995992,17.615815158107573,0.2803644059005958,0.014720845148232856
3,-0.0037633755585603497,60.12397362028312,2.7575150300601203,17.620184779430268,0.2804339505838905,0.014763005536998016
3,-0.0037843333499348385,60.199829360149195,2.7655310621242486,17.624566537635836,0.28050368843167545,0.014805152413879225
3,-0.003805340769832485,60.27605705939077,2.773547094188377,17.62896042856952,0.2805736193778257,0.014847285653200749
3,-0.0038263977388392,60.35265852847137,2.781563126252505,17.633366448075577,0.2806437433562005,0.014889405128740235
3,-0.0038475041775235257,60.42963559224325,2.7895791583166334,17.637784591997384,0.2807140603006452,0.014931510713729095
3,-0.0038686600064376845,60.50699009007928,2.7975951903807617,17.642214856177432,0.28078457014499103,0.014973602280853053
3,-0.0038898651461186113,60.584723876006095,2.80561122244489,17.646657236457443,0.2808552728230568,0.01501567970225259
3,-0.003911119517088996,60.66283881883884,2.813627254509018,17.65111172867837,0.28092616826864925,0.01505774284952348
3,-0.003932423039858308,60.741336802317505,2.8216432865731464,17.655578328680487,0.2809972564155644,0.015099791593717281
3,-0.003953775634923822,60.82021972524471,2.8296593186372747,17.660057032303424,0.2810685371975878,0.015141825805341838
3,-0.003975177222771642,60.89948950162512,2.837675350701403,17.664547835386227,0.2811400105484958,0.015183845354361823
3,-0.0039966277238777095,60.979148060806416,2.8456913827655312,17.669050733767417,0.2812116764020565,0.015225850110199245
3,-0.004018127058708824,61.059197347621925,2.8537074148296595,17.673565723285023,0.28128353469203,0.015267839941733986
3,-0.0040396751477236445,61.13963932253491,2.8617234468937878,17.678092799776667,0.28135558535217003,0.015309814717304367
3,-0.00406127191137369,61.220475961784366,2.869739478957916,17.68263195907958,0.28142782831622404,0.015351774304707678
3,-0.004082917270104339,61.30170925753271,2.8777555110220443,17.68718319703068,0.28150026351793456,0.015393718571200723
3,-0.004104611144355822,61.383341218015005,2.8857715430861726,17.69174650946661,0.2815728908910397,0.015435647383500421
3,-0.004126353454564202,61.46537386768996,2.8937875751503004,17.696321892223807,0.28164571036927416,0.015477560607784343
3,-0.004148144121162373,61.547809247392784,2.9018036072144286,17.700909341138523,0.28171872188637004,0.015519458109691315
3,-0.00416998306458102,61.630649414489554,2.909819639278557,17.70550885204692,0.28179192537605763,0.015561339754321965
3,-0.004191870205249604,61.7138964430337,2.917835671342685,17.710120420785064,0.28186532077206605,0.015603205406239383
3,-0.004213805463597325,61.79755242392401,2.9258517034068134,17.71474404318904,0.2819389080081244,0.015645069214802007
3,-0.004235788760054087,61.88161946506472,2.9338677354709417,17.719379715094945,0.28201268701796206,0.01568717264880142
3,-0.004257820015051461,61.96609969152733,2.94188376753507,17.724027432338975,0.28208665773531016,0.01572926156352989
3,-0.004279899149023627,62.05099524571434,2.9498997995991982,17.72868719075746,0.28216082009390175,0.015771335822542826
3,-0.004302026082408341,62.13630828752491,2.9579158316633265,17.73335898618692,0.28223517402747306,0.015813395288837476
3,-0.004324200735647865,62.22204099452254,2.9659318637274548,17.738042814464112,0.2823097194697639,0.01585543982485345
3,-0.004346423029189911,62.30819556210455,2.973947895791583,17.742738671426064,0.28238445635451864,0.01589746929247354
3,-0.00436869288348858,62.39477420367376,2.9819639278557113,17.74744655291016,0.2824593846154871,0.015939483553024276
3,-0.004391010219005284,62.481779150812095,2.9899799599198396,17.75216645475414,0.28253450418642484,0.015981482467276657
3,-0.004413374956209683,62.56921265345619,2.997995991983968,17.756898372796204,0.2826098150010949,0.01602346589544682
3,-0.004435787015580589,62.65707698007517,3.006012024048096,17.76164230287502,0.2826853169932675,0.016065433697196766
3,-0.004458246317606896,62.7453744178505,3.0140280561122244,17.76639824082977,0.28276101009672117,0.01610738573163501
3,-0.004480752782788488,62.83410727285808,3.0220440881763526,17.771166182500227,0.2828368942452439,0.016149321857317316
3,-0.004503306331637135,62.923277870252235,3.030060120240481,17.775946123726783,0.2829129693726334,0.016191241932247406
3,-0.00452590688467741,63.012888554452246,3.038076152304609,17.7807380603505,0.28298923541269816,0.016233145813877668
3,-0.004548554362447571,63.10294168933088,3.0460921843687374,17.78554198821315,0.28306569229925793,0.016275033359109892
3,-0.00457124868550046,63.19343965840527,3.0541082164328657,17.790357903157282,0.2831423399661448,0.016316904424296005
3,-0.004593989774404389,63.28438486503007,3.062124248496994,17.795185801026236,0.28321917834720345,0.016358758865238767
3,-0.004616777549744018,63.3757797325929,3.070140280561122,17.80002567766422,0.28329620737629246,0.016400596537192585
3,-0.004639611932121236,63.467626704712245,3.0781563126252505,17.80487752891634,0.2833734269872846,0.016442417294864193
3,-0.0046624928421560305,63.55992824543766,3.0861723446893787,17.809741350628652,0.2834508371140679,0.016484220992413433
3,-0.004685420200487357,63.65268683945242,3.094188376753507,17.8146171386482,0.28352843769054575,0.016526007483454036
3,-0.0047083939277739965,63.745904992278625,3.1022044088176353,17.819504888823065,0.28360622865063856,0.01656777662105433
3,-0.004731413944695423,63.83958523048479,3.1102204408817635,17.82440459700242,0.2836842099282838,0.016609528257738107
3,-0.004754480171952641,63.93373010189604,3.118236472945892,17.829316259036553,0.2837623814574367,0.016651262245485268
3,-0.004777592530269051,64.02834217580676,3.12625250501002,17.834239870776933,0.28384074317207136,0.016692978435732742
3,-0.004800750940391275,64.12342404319587,3.1342685370741483,17.839175428076235,0.28391929500618107,0.0167346766793752
3,-0.004823955323090007,64.21897831694483,3.1422845691382766,17.844122926788405,0.2839980368937794,0.01677635682676584
3,-0.004847205599160842,64.31500763205818,3.150300601202405,17.849082362768684,0.28407696876890026,0.016818018727717196
3,-0.004870501689425105,64.41151464588692,3.158316633266533,17.85405373187366,0.28415609056559943,0.016859662231502016
3,-0.0048938435147306706,64.50850203835455,3.1663326653306614,17.85903702996131,0.2842354022179544,0.016901287186853943
3,-0.004917230995952792,64.60597251218597,3.1743486973947896,17.864032252891047,0.28431490366006573,0.016942893441968435
3,-0.004940664053994901,64.70392879313911,3.182364729458918,17.869039396523764,0.28439459482605756,0.01698448084450354
3,-0.004964142609789429,64.8023736302396,3.190380761523046,17.87405845672186,0.28447447565007783,0.017026049241580708
3,-0.004987666584298604,64.90130979601817,3.1983967935871744,17.879089429349293,0.28455454606629943,0.017067603420101034
3,-0.005011235898515254,65.00074008675114,3.2064128256513027,17.884132310271628,0.2846348060089208,0.017109443075428072
3,-0.005034850473463599,65.10066732270384,3.214428857715431,17.889187095356085,0.28471525541216663,0.017151265183221555
3,-0.005058510230200041,65.20109434837714,3.2224448897795592,17.89425378047154,0.2847958942102881,0.017193069588902536
3,-0.005082215089813952,65.30202403275689,3.2304609218436875,17.899332361488614,0.2848767223375641,0.017234856137337363
3,-0.005105964973428448,65.4034592695668,3.2384769539078158,17.904422834279696,0.28495773972830163,0.017276624672838654
3,-0.005129759802201173,65.50540297752417,3.246492985971944,17.909525194718967,0.2850389463168363,0.01731837503916609
3,-0.005153599497325063,65.60785810059909,3.2545090180360723,17.914639438682464,0.28512034203753317,0.017360107079527346
3,-0.00517748398002911,65.71082760827676,3.2625250501002006,17.91976556204811,0.2852019268247873,0.01740182063657905
3,-0.005201413171579129,65.81431449582317,3.270541082164329,17.924903560695757,0.28528370061302455,0.017443515552427603
3,-0.005225386993278508,65.91832178455425,3.278557114228457,17.93005343050722,0.28536566333670194,0.0174851916686302
3,-0.005249405366468968,66.02285252210824,3.2865731462925853,17.935215167366316,0.2854478149303084,0.01752684882619564
3,-0.005273468212531299,66.12790978272172,3.2945891783567136,17.94038876715892,0.2855301553283657,0.017568486865585327
3,-0.0052975754528861085,66.23349666750902,3.302605210420842,17.945574225772976,0.2856126844654282,0.01761010562671413
3,-0.005321727008994556,66.33961630474529,3.31062124248497,17.950771539098557,0.28569540227608453,0.017651704948951418
3,-0.005345922802359084,66.44627185015321,3.3186372745490984,17.955980703027898,0.28577830869495763,0.01769328467112188
3,-0.005370162754524151,66.55346648719325,3.3266533066132267,17.96120171345543,0.28586140365670526,0.017734844631506576
3,-0.005394446787076943,66.66120342735778,3.3346693386773545,17.96643456627781,0.28594468709602067,0.017776384667843762
3,-0.00541877482164811,66.76948591046903,3.3426853707414828,17.97167925739399,0.28602815894763367,0.01781790461732997
3,-0.005443146779912459,66.87831720498069,3.350701402805611,17.976935782705223,0.2861118191463107,0.017859404316620846
3,-0.005467562583589668,66.98770060828353,3.3587174348697393,17.982204138115108,0.2861956676268555,0.017900883601832195
3,-0.005492022154445001,67.09763944701515,3.3667334669338675,17.98748431952962,0.28627970432410965,0.017942342308540908
3,-0.005516525414289995,67.20813707737344,3.374749498997996,17.992776322857182,0.28636392917295367,0.017983780271785904
3,-0.005541072284983155,67.3191968854343,3.382765531062124,17.998080144008643,0.2864483421083067,0.01802519732606913
3,-0.005565662688430653,67.43082228747356,3.3907815631262523,18.003395778897378,0.2865329430651281,0.018066593305356572
3,-0.005590296546586997,67.54301673029302,3.3987975951903806,18.00872322343927,0.2866177319784171,0.018107968043079122
3,-0.005614973781455728,67.65578369155074,3.406813627254509,18.01406247355277,0.28670270878321386,0.01814932137213369
3,-0.005639694315090082,67.76912668009571,3.414829659318637,18.01941352515894,0.28678787341460005,0.018190653124884087
3,-0.0056644580695936675,67.88304923630702,3.4228456913827654,18.024776374181457,0.286873225807699,0.018231963133162082
3,-0.005689264967121134,67.99755493243732,3.4308617234468937,18.0301510165467,0.2869587658976769,0.01827325122826836
3,-0.005714114929878824,68.11264737296104,3.438877755511022,18.03553744818373,0.28704449361974294,0.018314517240973525
3,-0.005739007880125439,68.2283301949269,3.44689378757515,18.040935665024357,0.28713040890914965,0.018355761001519106
3,-0.005763943740172685,68.34460706831557,3.4549098196392785,18.046345663003155,0.28721651170119394,0.01839698233961855
3,-0.005788922432385923,68.4614816964016,3.4629258517034067,18.051767438057517,0.2873028019312174,0.01843833933831105
3,-0.005813943879184813,68.57895781612055,3.470941883767535,18.057200986127675,0.2873892795346067,0.01847986373419355
3,-0.005839008003043951,68.69703919844083,3.4789579158316633,18.062646303156733,0.28747594444679436,0.01852136712944116
3,-0.0058641147264934974,68.8157296487406,3.4869739478957915,18.0681033850907,0.28756279660325923,0.018562849351486298
3,-0.00588926397211982,68.9350330071897,3.49498997995992,18.073572227878536,0.28764983593952687,0.018604310227217653
3,-0.005914455662566098,69.0549531491367,3.503006012024048,18.079052827472164,0.2877370623911702,0.01864574958298118
3,-0.005939689720532959,69.17549398550125,3.5110220440881763,18.084545179826517,0.28782447589380994,0.01868716724458134
3,-0.00596496606877909,69.29665946317171,3.5190380761523046,18.090049280899567,0.2879120763831153,0.01872856303728191
3,-0.00599028463012184,69.41845356540802,3.527054108216433,18.095565126652357,0.2879998637948042,0.018769936785807306
3,-0.006015645327437832,69.54088031225028,3.535070140280561,18.101092713049027,0.28808783806464394,0.01881128831434352
3,-0.006041048083663575,69.6639437609328,3.5430861723446894,18.10663203605686,0.2881759991284519,0.018852617446539224
3,-0.006066492821796035,69.78764800630358,3.5511022044088176,18.112183091646287,0.2882643469220954,0.018893924005506883
3,-0.006091979464893254,69.91199718124997,3.559118236472946,18.117745875790952,0.28835288138149306,0.018935207813823792
5,1.9007011483101636e-5,48.984350808818995,0.0,16.858046428280172,0.26830414199334607,0.0
5,1.89733208081849e-5,48.98443164860241,0.008016032064128256,16.858052970018264,0.2683042461083414,4.329516628640967e-5
5,1.8872250934139487e-5,48.984674164393,0.01603206412825651,16.858072594809272,0.268304558446591,8.659098338776787e-5
5,1.8703808312840005e-5,48.98507834551191,0.02404809619238477,16.85810530138341,0.26830507898788564,0.00012988742427055375
5,1.8468003696611044e-5,48.9856441741615,0.03206412825651302,16.85815108762462,0.268305807698547,0.00017318446184422912
5,1.8164852137028367e-5,48.986371625426116,0.04008016032064128,16.858209950570906,0.2683067445314336,0.00021648206895347427
5,1.7794372983240646e-5,48.98726066727308,0.04809619238476954,16.858281886414872,0.2683078894259489,0.0002597802183704323
5,1.735658987981366e-5,48.98831126055392,0.056112224448897796,16.858366890504307,0.2683092423080506,0.0003030788827869725
5,1.6851530764095586e-5,48.98952335900607,0.06412825651302605,16.858464957343003,0.2683108030902638,0.0003463780348069655
5,1.627922786310745e-5,48.990896909254595,0.07214428857715431,16.858576080591682,0.26831257167169575,0.0003896776469385749
5,1.5639717689957154e-5,48.99243185081444,0.08016032064128256,16.858700253069014,0.26831454793805204,0.00043297769158656983
5,1.4933041039779713e-5,48.994128116092796,0.08817635270541083,16.858837466752895,0.26831673176165705,0.0004762781410446517
5,1.4159242985205501e-5,48.99598563039185,0.09619238476953908,16.858987712781726,0.26831912300147387,0.0005195789674878042
5,1.3318372871357786e-5,48.998004311911714,0.10420841683366733,16.859150981455937,0.2683217215031291,0.0005628801429646606
5,1.2410484310380863e-5,49.00018407175374,0.11222444889779559,16.85932726223959,0.26832452709893817,0.0006061816393898986
5,1.1435635175502388e-5,49.002524813924026,0.12024048096192384,16.859516543762172,0.2683275396079337,0.0006494834285366525
5,1.0393887594630771e-5,49.005026435337214,0.1282565130260521,16.859718813820447,0.2683307588358951,0.0006927854820289476
5,9.28530794349074e-6,49.00768882582055,0.13627254509018036,16.859934059380553,0.268334184575382,0.0007360877713341744
5,8.109966838299593e-6,49.01051186811827,0.14428857715430862,16.860162266580137,0.2683378166057683,0.0007793902677555698
5,6.8679391279869425e-6,49.013495437896154,0.1523046092184369,16.860403420730684,0.268341654693279,0.0008226929424247361
5,5.5593038859604615e-6,49.016639403746396,0.16032064128256512,16.86065750631995,0.26834569859102897,0.0008659957662941853
5,4.184144401421663e-6,49.01994362719272,0.1683366733466934,16.860924507014555,0.26834994803906453,0.0009092987101299196
5,2.7425481702340378e-6,49.023407962695735,0.17635270541082165,16.8612044056627,0.26835440276440625,0.0009526017445040293
5,1.234606885347597e-6,49.027032257658576,0.1843687374749499,16.861497184297026,0.2683590624810947,0.0009959048397873344
5,-3.395835732167331e-7,49.030816352432716,0.19238476953907815,16.86180282413754,0.2683639268902371,0.0010392079661420484
5,-1.979923148819188e-6,49.03476008032411,0.20040080160320642,16.862121305594794,0.26836899568005756,0.0010825110935144828
5,-3.6863076190856172e-6,49.038863267599496,0.20841683366733466,16.86245260827307,0.26837426852594826,0.0011258141916277854
5,-5.458628607220285e-6,49.04312573349298,0.21643286573146292,16.862796710973775,0.2683797450905231,0.0011691172299747076
5,-7.296773593742924e-6,49.04754729021278,0.22444889779559118,16.86315359169892,0.26838542502367324,0.0012124201778104082
5,-9.20062592864527e-6,49.052127742948336,0.23246492985971945,16.863523227654767,0.268391307962625,0.001255723004145303
5,-1.1170064843963081e-5,49.0568668898774,0.24048096192384769,16.86390559525552,0.2683973935319988,0.0012990256777379514
5,-1.320496546675844e-5,49.06176452217361,0.24849699398797595,16.864300670127264,0.26840368134387177,0.00134232816708796
5,-1.530519883250771e-5,49.06682042401403,0.2565130260521042,16.86470842711188,0.26841017099783987,0.0013856304404289564
5,-1.747063189889031e-5,49.072034372587076,0.26452905811623245,16.865128840271222,0.2684168620810849,0.0014289324657215862
5,-1.970112755997295e-5,49.077406138100486,0.2725450901803607,16.865561882891292,0.26842375416844033,0.0014722342106465477
5,-2.1996544660784435e-5,49.082935483789605,0.280561122244489,16.866007527486627,0.26843084682246127,0.0015155356425976831
5,-2.4356738012274724e-5,49.088622165925756,0.28857715430861725,16.866465745804735,0.2684381395934955,0.0015588367286750971
5,-2.6781558406654487e-5,49.094465933824864,0.2965931863727455,16.866936508830715,0.26844563201975646,0.0016021374356783313
5,-2.9270852633107783e-5,49.1004665298562,0.3046092184368738,16.86741978679189,0.26845332362739727,0.0016454377300995683
5,-3.1824463493872594e-5,49.10662368945129,0.312625250501002,16.86791554916264,0.26846121393058764,0.0016887375781169053
5,-3.4442229820683954e-5,49.11293714111301,0.32064128256513025,16.868423764669334,0.26846930243159234,0.0017320369455876342
5,-3.712398649157352e-5,49.11940660642484,0.3286573146292585,16.86894440129532,0.2684775886208503,0.0017753357980416122
5,-3.986956444801829e-5,49.12603180006019,0.3366733466933868,16.869477426286068,0.2684860719770572,0.001818634100674646
5,-4.267879071243375e-5,49.132812429791976,0.34468937875751504,16.87002280615442,0.26849475196724837,0.0018619318183419372
5,-4.555148840600499e-5,49.13974819650221,0.3527054108216433,16.870580506685897,0.26850362804688327,0.0019052289155515746
5,-4.8487476766847544e-5,49.1468387941918,0.36072144288577157,16.871150492944125,0.2685126996599324,0.0019485253564580736
5,-5.1486571168494325e-5,49.154083909990426,0.3687374749498998,16.871732729276438,0.26852196623896596,0.001991821104855958
5,-5.4548583138699505e-5,49.16148322416653,0.37675350701402804,16.87232717931947,0.2685314272052429,0.002035116124173426
5,-5.767332037855336e-5,49.16903641013744,0.3847695390781563,16.872933806004863,0.2685410819688021,0.0020784103774659952
5,-6.0860586781904e-5,49.17674313447948,0.3927855711422846,16.873552571565156,0.2685509299285557,0.0021217038274102735
5,-6.411018245507123e-5,49.18460305693834,0.40080160320641284,16.87418343753963,0.2685609704723823,0.002164996436297741
5,-6.742190373685705e-5,49.192615830439394,0.4088176352705411,16.874826364780397,0.2685712029772239,0.0022082881660285985
5,-7.07955432188365e-5,49.200781101098066,0.4168336673346693,16.87548131345843,0.268581626809182,0.0022515789781056427
5,-7.423088976592398e-5,49.20909850823041,0.4248496993987976,16.87614824306978,0.26859224132361603,0.00229486883362823
5,-7.77277285372111e-5,49.21756768436357,0.43286573146292584,16.876827112441834,0.26860304586524364,0.002338157693286274
5,-8.128584100706497e-5,49.22618825524645,0.4408817635270541,16.877517879739674,0.2686140397682414,0.0023814455173542842
5,-8.490500498648089e-5,49.23495983986023,0.44889779559118237,16.878220502472505,0.2686252223563473,0.0024247322656854894
5,-8.858499464468232e-5,49.24388205042914,0.45691382765531063,16.87893493750016,0.26863659294296416,0.002468017897705979
5,-9.232558053096155e-5,49.252954492431044,0.4649298597194389,16.879661141039684,0.2686481508312648,0.0025113023724089296
5,-9.612652959675104e-5,49.26217676460819,0.4729458917835671,16.880399068671995,0.26865989531429746,0.0025545856483488714
5,-9.998760521792003e-5,49.271548458977875,0.48096192384769537,16.881148675348634,0.2686718256750936,0.0025978676836359953
5,-0.00010390856721728771,49.281069160843145,0.48897795591182364,16.88190991539855,0.26868394118677597,0.0026411484359305445
5,-0.00010788917188734704,49.290738448803495,0.4969939879759519,16.88268274253496,0.26869624111266754,0.0026844278624372437
5,-0.00011192917201318907,49.300555894765495,0.5050100200400801,16.88346710986233,0.2687087247064026,0.0027277059198997783
5,-0.00011602831689562063,49.310521063953466,0.5130260521042084,16.884262969883306,0.26872139121203736,0.0027709825645953383
5,-0.00012018635237446883,49.32063351492002,0.5210420841683366,16.885070274505846,0.26873423986416317,0.002814257752329219
5,-0.00012440302085206607,49.330892799556686,0.5290581162324649,16.8858889750503,0.26874726988801934,0.0028575314384294685
5,-0.00012867806131690163,49.34129846310433,0.5370741482965932,16.886719022256603,0.26876048049960766,0.002900803577741594
5,-0.0001330112093674388,49.351850044163605,0.5450901803607214,16.887560366291492,0.26877387090580696,0.0029440741246233235
5,-0.00013740219723608682,49.362547074705354,0.5531062124248497,16.888412956755833,0.26878744030449025,0.0029873430329394367
5,-0.000141850753813318,49.37338908008084,0.561122244488978,16.88927674269192,0.2688011878846404,0.003030610256056615
5,-0.00014635660467192656,49.38437557903193,0.5691382765531062,16.89015167259086,0.2688151128264679,0.003073875746838398
5,-0.00015091947209141797,49.39550608370124,0.5771543086172345,16.89103769440005,0.26882921430152995,0.0031171394576401342
5,-0.00015553907508251936,49.40678009964207,0.5851703406813628,16.891934755530603,0.26884349147284825,0.003160401340304063
5,-0.0001602151294118099,49.418197125828264,0.593186372745491,16.89284280286491,0.26885794349502984,0.003203661346154359
5,-0.00016494734762645549,49.429756654664004,0.6012024048096193,16.893761782764177,0.2688725695143869,0.0032469194259923265
5,-0.0001697354390790436,49.44145817199339,0.6092184368737475,16.89469164107602,0.2688873686690574,0.0032901755300915867
5,-0.0001745791099525131,49.45330115710988,0.6172344689378757,16.89563232314212,0.26890234008912717,0.003333429608193326
5,-0.00017947806328516382,49.465285082765654,0.625250501002004,16.89658377380585,0.26891748289675127,0.003376681609501623
5,-0.00018443199899574638,49.47740941518077,0.6332665330661322,16.897545937420052,0.2689327962062776,0.0034199314826788216
5,-0.00018944061390861663,49.48967361405212,0.6412825651302605,16.898518757854664,0.2689482791243685,0.003463179175840933
5,-0.000194503601778956,49.50207713256226,0.6492985971943888,16.899502178504562,0.26896393075012553,0.00350642463655314
5,-0.00019962065331803958,49.51461941738807,0.657314629258517,16.900496142297293,0.26897975017521225,0.003549667811825299
5,-0.00020479145621855259,49.527299908709125,0.6653306613226453,16.901500591700884,0.26899573648397895,0.0035929086481075382
5,-0.00021001569517994454,49.540118040216,0.6733466933867736,16.902515468731696,0.2690118887535874,0.0036361470912859026
5,-0.00021529305193381028,49.55307323911823,0.6813627254509018,16.90354071496222,0.2690282060541348,0.0036793830866780116
5,-0.0002206232052692972,49.56616492615217,0.6893787575150301,16.90457627152896,0.26904468744877963,0.0037226165790288433
5,-0.00022600583105852502,49.57939251558852,0.6973947895791583,16.905622079140343,0.26906133199386706,0.003765847512506488
5,-0.00023144060228201424,49.59275541523972,0.7054108216432866,16.906678078084525,0.26907813873905373,0.0038090758306980146
5,-0.00023692718905410706,49.60625302646699,0.7134268537074149,16.907744208237375,0.26909510672743425,0.0038523014766053644
5,-0.00024246525864839781,49.61988474418721,0.7214428857715431,16.908820409070323,0.2691122349956666,0.0038955243926412962
5,-0.0002480544755231294,49.633649956879516,0.7294589178356713,16.909906619658283,0.26912952257409783,0.003938744520625368
5,-0.0002536945013465727,49.64754804659159,0.7374749498997996,16.911002778687585,0.2691469684868907,0.003981961801780017
5,-0.00025938499502238635,49.6615783889457,0.7454909819639278,16.91210882446388,0.269164571752149,0.004025176176726619
5,-0.0002651256127149247,49.6757403531445,0.7535070140280561,16.913224694920057,0.26918233138204406,0.004068387585481656
5,-0.0002709160078745124,49.69003330197643,0.7615230460921844,16.914350327624188,0.2692002463829409,0.004111595967452902
5,-0.00027675583126266266,49.704456591820936,0.7695390781563126,16.915485659787382,0.2692183157555233,0.004154801261435661
5,-0.00028264473097724057,49.719009572653306,0.7775551102204409,16.91663062827178,0.2692365384949209,0.004198003405609067
5,-0.0002885823524775534,49.73369158804922,0.7855711422845691,16.91778516959835,0.26925491359083364,0.0042412023375324
5,-0.0002945683386093807,49.748501975188965,0.7935871743486974,16.918949219954907,0.2692734400276591,0.004284397994141466
5,-0.00030060232962991713,49.76344006486133,0.8016032064128257,16.920122715203835,0.26929211678461523,0.004327590311745046
5,-0.00030668396323262835,49.778505181467146,0.8096192384769539,16.921305590890114,0.26931094283586865,0.00437077922602135
5,-0.00031281287457202416,49.793696643022564,0.8176352705410822,16.922497782249085,0.26932991715065785,0.004413964672014521
5,-0.000318988696288322,49.809013761161815,0.8256513026052105,16.923699224214264,0.2693490386934175,0.0044571465841312195
5,-0.000325211058532006,49.82445584113978,0.8336673346693386,16.924909851425245,0.26936830642390436,0.004500324896137193
5,-0.00033147958898828574,49.84002218183411,0.8416833667334669,16.926129598235423,0.2693877192973204,0.004543499541153946
5,-0.0003377939129014226,49.85571207574699,0.8496993987975952,16.927358398719804,0.2694072762644367,0.0045866704516554
5,-0.00034415365309893944,49.87152480900652,0.8577154308617234,16.928596186682753,0.269426976271717,0.004629837559464641
5,-0.000350558430015694,49.88745966136775,0.8657314629258517,16.92984289566571,0.2694468182614405,0.004673000795750666
5,-0.00035700786171782297,49.90351590621322,0.87374749498998,16.9310984589549,0.2694668011718244,0.0047161600910251905
5,-0.0003635015639265382,49.91969281055328,0.8817635270541082,16.932362809589023,0.2694869239371466,0.0047593153751395
5,-0.0003700391500417736,49.93598963502578,0.8897795591182365,16.93363588036683,0.269507185487866,0.0048024665772813105
5,-0.000376620231165674,49.95240563389556,0.8977955911823647,16.934917603854814,0.26952758475074495,0.004845613625971707
5,-0.0003832444161259456,49.96894005505341,0.905811623246493,16.93620791239474,0.26954812064896927,0.004888756449062079
5,-0.00038991131149899804,49.9855921400146,0.9138276553106213,16.937506738111185,0.269568792102268,0.004931894973731111
5,-0.000396620521632962,50.0023611239171,0.9218436873747495,16.93881401291907,0.2695895980270334,0.004975029126481813
5,-0.00040337164867050015,50.019246235519155,0.9298597194388778,16.940129668531085,0.2696105373364393,0.005018158833138564
5,-0.0004101642925714383,50.03624669719668,0.9378757515030061,16.941453636465173,0.2696316089405598,0.005061284018844197
5,-0.00041699805113522276,50.05336172494001,0.9458917835671342,16.942785848051862,0.26965281174648636,0.005104404608057147
5,-0.00042387252002317046,50.070590528350294,0.9539078156312625,16.944126234441644,0.2696741446584451,0.005147520524548558
5,-0.0004307872927805324,50.087932310635416,0.9619238476953907,16.945474726612268,0.26969560657791264,0.005190631691399512
5,-0.00043774196085834494,50.10538626860547,0.969939879759519,16.946831255375997,0.26971719640373204,0.0052337380309981805
5,-0.00044473611363507796,50.122951592667725,0.9779559118236473,16.948195751386805,0.26973891303222697,0.005276839465037127
5,-0.0004517693384380771,50.14062746682123,0.9859719438877755,16.94956814514756,0.2697607553573162,0.005319935914510525
5,-0.00045884122056476495,50.15841306865078,0.9939879759519038,16.950948367017148,0.26978272227062705,0.00536302729971146
5,-0.0004659513433036573,50.1763075693206,1.002004008016032,16.9523363472175,0.269804812661607,0.005406113540229267
5,-0.00047309928795513244,50.19431013356741,1.0100200400801602,16.953732015840625,0.26982702541763587,0.005449194554946854
5,-0.0004802846338519467,50.212419919693026,1.0180360721442885,16.955135302855606,0.26984935942413696,0.005492270262038061
5,-0.0004875069583795714,50.230636079556554,1.0260521042084167,16.956546138115435,0.269871813564686,0.005535340578965058
5,-0.0004947658369962416,50.248957758565986,1.034068136272545,16.95796445136393,0.2698943867211211,0.005578405422475775
5,-0.0005020608432527822,50.2673840956694,1.0420841683366733,16.95939017224253,0.2699170777736509,0.005621464708601287
5,-0.0005093915488121901,50.28591422334557,1.0501002004008015,16.960823230296985,0.2699398856009613,0.005664518352653284
5,-0.0005167575234689498,50.30454726759416,1.0581162324649298,16.9622635549841,0.26996280908032255,0.005707566269221566
5,-0.0005241583351681178,50.32328234792538,1.066132264529058,16.963711075678326,0.2699858470876939,0.005750623378325224
5,-0.0005315935500241273,50.34211857734907,1.0741482965931863,16.965165721678336,0.27000899849782894,0.005793701940070397
5,-0.0005390627323393411,50.361055062363434,1.0821643286573146,16.966627422213538,0.27003226218437865,0.005836775429829307
5,-0.0005465654446223419,50.38009090294311,1.0901803607214429,16.968096106450506,0.27005563701999413,0.005879843765385762
5,-0.0005541012476059519,50.39922519252679,1.0981963927855711,16.969571703499398,0.2700791218764284,0.0059229068637966465
5,-0.0005616697002649707,50.418457018004354,1.1062124248496994,16.97105414242021,0.27010271562463634,0.00596596464139028
5,-0.0005692703598336589,50.43778545970339,1.1142284569138277,16.972543352229092,0.2701264171348748,0.0060090170137647204
5,-0.000576902781822925,50.457209591375346,1.122244488977956,16.97403926190453,0.27015022527680127,0.006052063895786131
5,-0.0005845665200372443,50.476728480181,1.1302605210420842,16.97554180039344,0.27017413891957087,0.006095105201587157
5,-0.0005922611265912867,50.496341186675565,1.1382765531062125,16.977050896617268,0.2701981569319332,0.006138140844565291
5,-0.0005999861519262578,50.51604676479308,1.1462925851703407,16.978566479477955,0.2702222781823276,0.006181170737381306
5,-0.0006077411448259654,50.53584426183054,1.154308617234469,16.980088477863895,0.2702465015389776,0.006224194791957641
5,-0.0006155256524325736,50.55573271843121,1.1623246492985972,16.981616820655752,0.2702708258699839,0.006267212919476834
5,-0.0006233392202620753,50.57571116856765,1.1703406813627255,16.9831514367323,0.270295250043417,0.006310225030379994
5,-0.0006311813922194742,50.5957786395241,1.1783567134268538,16.98469225497608,0.27031977292740733,0.006353231034365194
5,-0.0006390517106136498,50.61593415187834,1.186372745490982,16.98623920427913,0.27034439339023664,0.006396230840385978
5,-0.0006469497161719492,50.63617671948311,1.1943887775551103,16.987792213548506,0.27036911030042554,0.006439224356649784
5,-0.0006548749480544456,50.65650534944688,1.2024048096192386,16.989351211711835,0.27039392252682204,0.0064822114906164545
5,-0.0006628269438679206,50.6769190421142,1.2104208416833668,16.990916127722702,0.27041882893868735,0.00652519214899668
5,-0.000670805239679521,50.69741679104549,1.218436873747495,16.992486890566102,0.27044382840578257,0.006568166237750495
5,-0.0006788093700301192,50.7179975829963,1.2264529058116231,16.994063429263644,0.2704689197984515,0.0066111336620857525
5,-0.0006868388679473612,50.738660397896034,1.2344689378757514,16.995645672878847,0.270494101987705,0.006654094326456623
5,-0.0006948932649583985,50.75940420882624,1.2424849699398797,16.997233550522267,0.27051937384530256,0.006697048134562049
5,-0.0007029720911023195,50.78022798199827,1.250501002004008,16.99882699135659,0.2705447342438333,0.006739994989344234
5,-0.000711074874942252,50.801130676730466,1.2585170340681362,17.000425924601608,0.2705701820567951,0.006782934792987144
5,-0.0007192011435771709,50.82211124542487,1.2665330661322645,17.0020302795392,0.2705957161586743,0.006825867446914963
5,-0.0007273504226533624,50.84316863354339,1.2745490981963927,17.003639985518152,0.27062133542502176,0.006868792851790569
5,-0.000735522236375606,50.86430177958344,1.282565130260521,17.00525497195898,0.2706470387325302,0.0069117109075139726
5,-0.0007437161075179987,50.885509615053074,1.2905811623246493,17.00687516835862,0.2706728249591084,0.0069546215132208055
5,-0.0007519315574345132,50.90679106444569,1.2985971943887775,17.00850050429508,0.27069869298395566,0.006997524567280745
5,-0.0007601681060691668,50.928145045214116,1.3066132264529058,17.01013090943202,0.2707246416876343,0.007040419967295962
5,-0.0007684252719659334,50.949570467744266,1.314629258517034,17.0117663135232,0.2707506699521407,0.007083307610099526
5,-0.0007767025722783103,50.97106623532834,1.3226452905811623,17.013406646416964,0.2707767766609766,0.007126187391753833
5,-0.0007849995227785504,50.992631244137414,1.3306613226452906,17.01505183806053,0.2708029606992173,0.0071690592075489895
5,-0.0007933156378665971,51.014264383193655,1.3386773547094188,17.0167018185043,0.27082922095358036,0.007211922952001188
5,-0.0008016504305786807,51.03596453434204,1.346693386773547,17.01835651790604,0.2708555563124922,0.007254778518851088
5,-0.0008100034125955968,51.057730572221494,1.3547094188376754,17.020015866534994,0.2708819656661533,0.007297625801062131
5,-0.0008183740942506708,51.0795613642357,1.3627254509018036,17.02167979477598,0.2709084479066036,0.007340464690818894
5,-0.0008267619845373791,51.10145577052332,1.370741482965932,17.023348233133312,0.27093500192778497,0.007383295079525364
5,-0.0008351665911166809,51.12341264392788,1.3787575150300602,17.025021112234725,0.27096162662560347,0.007426116857803234
5,-0.0008435874203239842,51.145430829966976,1.3867735470941884,17.026698362835237,0.27098832089799096,0.007468929915490156
5,-0.0008520239771758407,51.167509166801366,1.3947895791583167,17.02837991582086,0.2710150836449643,0.007511734141637967
5,-0.0008604757653762651,51.18964648520325,1.402805611222445,17.030065702212315,0.271041913768684,0.007554529424510898
5,-0.0008689422873227965,51.21184160852443,1.4108216432865732,17.031755653168624,0.2710688101735119,0.007597315651583733
5,-0.0008774230441121424,51.234093352663734,1.4188376753507015,17.0334496999907,0.2710957717660682,0.007640092709539979
5,-0.0008859175355456384,51.25640052603431,1.4268537074148298,17.035147774124745,0.27112279745528517,0.007682860484269958
5,-0.0008944252601342394,51.27876192953025,1.434869739478958,17.03684980716571,0.27114988615246266,0.007725618860868904
5,-0.0009029457151033056,51.30117635649299,1.4428857715430863,17.038555730860576,0.2711770367713202,0.007768367723635021
5,-0.0009114783963970668,51.32364259267729,1.4509018036072143,17.040265477111657,0.27120424822804945,0.007811106956067419
5,-0.0009200227986826042,51.34615941621646,1.4589178356713426,17.041978977979767,0.2712315194413647,0.007853836440864233
5,-0.0009285784153537678,51.368725597587805,1.4669338677354709,17.0436961656873,0.27125884933255173,0.007896556059920448
5,-0.0009371447385346192,51.39133989957732,1.4749498997995991,17.045416972621354,0.2712862368255179,0.007939265694325794
5,-0.0009457212590825612,51.41400107724392,1.4829659318637274,17.047141331336636,0.27131368084683793,0.007981965224362697
5,-0.0009543074665912108,51.43670787788357,1.4909819639278556,17.04886917455841,0.27134118032580123,0.008024654529503999
5,-0.0009629028493929089,51.45945904099286,1.498997995991984,17.05060043518536,0.2713687341944572,0.008067333488410789
5,-0.0009715068945610102,51.48225329823249,1.5070140280561122,17.052335046292328,0.2713963413876588,0.008110001978930076
5,-0.0009801190879117254,51.50508937339007,1.5150300601202404,17.05407294113304,0.27142400084310614,0.008152659878092546
5,-0.000988738914005764,51.52796598234286,1.5230460921843687,17.05581405314274,0.2714517115013882,0.008195307062110132
5,-0.000997365856149647,51.550881833020156,1.531062124248497,17.0575583159408,0.2714794723060244,0.008237943406373606
5,-0.0010059993963966677,51.57383562536521,1.5390781563126252,17.059305663333205,0.27150728220350445,0.008280568785450106
5,-0.001014639015547612,51.59682605129711,1.5470941883767535,17.06105602931502,0.271535140143327,0.008323183073080645
5,-0.001023284193151156,51.61985179467221,1.5551102204408818,17.062809348072754,0.2715630450780379,0.008365786142177513
5,-0.0010319344075039073,51.642911531245225,1.56312625250501,17.064565553986718,0.27159099596326736,0.008408377864821636
5,-0.001040589135650281,51.666003928630396,1.5711422845691383,17.066324581633296,0.2716189917577662,0.008450958112259908
5,-0.0010492478533819201,51.68912764626198,1.5791583166332666,17.068086365787106,0.2716470314234402,0.008493526754902404
5,-0.0010579100352369512,51.71228133535484,1.5871743486973948,17.069850841423154,0.2716751139253844,0.008536083662319642
5,-0.001066575154498852,51.73546363886461,1.595190380761523,17.071617943718962,0.2717032382319171,0.008578628703239654
5,-0.0010752426831951464,51.7586731914479,1.6032064128256514,17.073387608056574,0.27173140331461154,0.008621162613588381
5,-0.0010839120920956694,51.781908619421976,1.6112224448897796,17.075159770024488,0.27175960814832684,0.008663776237193187
5,-0.0010925828507106234,51.80516854072446,1.6192384769539079,17.076934365419618,0.27178785171123915,0.008706378986089643
5,-0.0011012544272884224,51.82845156487304,1.6272545090180361,17.078711330249146,0.2718161329848711,0.008748970734259481
5,-0.0011099262888130815,51.85175629292458,1.6352705410821644,17.08049060073229,0.2718444509541201,0.008791551354897467
5,-0.001118597901001494,51.87508131743452,1.6432865731462927,17.08227211330211,0.2718728046072868,0.00883412072040911
5,-0.0011272687283003565,51.898425222415966,1.651302605210421,17.084055804607168,0.2719011929361018,0.008876678702408287
5,-0.0011359382338828133,51.921786583298704,1.6593186372745492,17.08584161151318,0.2719296149357518,0.008919225171715003
5,-0.0011446058796448742,51.94516396688811,1.6673346693386772,17.087629471104634,0.2719580696049052,0.008961759998352836
5,-0.0011532711262015284,51.968555931324055,1.6753507014028055,17.08941932068632,0.27198655594573684,0.009004283051546462
5,-0.001161933432882622,51.991961026039725,1.6833667334669338,17.09121109778484,0.2720150729639516,0.009046794199718997
5,-0.0011705922577284376,52.01537779172035,1.691382765531062,17.093004740150054,0.2720436196688079,0.00908929331048933
5,-0.0011792470574850957,52.038804760262096,1.6993987975951903,17.094800185756494,0.2720721950731397,0.009131780250669356
5,-0.0011878972875995792,52.062240454730734,1.7074148296593186,17.09659737280473,0.27210079819337846,0.009174254886261148
5,-0.0011965424022146306,52.08568338932047,1.7154308617234468,17.098396239722707,0.2721294280495745,0.009216717082453925
5,-0.0012051818541633042,52.1091320693128,1.723446893787575,17.100196725166988,0.2721580836654167,0.00925916670362114
5,-0.0012138150949633612,52.13258499103542,1.7314629258517034,17.10199876802401,0.2721867640682526,0.009301603613317272
5,-0.0012224415748113295,52.15604064182121,1.7394789579158316,17.103802307411296,0.2722154682891073,0.009344027674274669
5,-0.0012310607425764053,52.17949749996728,1.74749498997996,17.10560728267863,0.2722441953627028,0.009386438748400193
5,-0.001239672045794086,52.20295403469426,1.7555110220440882,17.107413633409124,0.2722729443274744,0.009428836696771898
5,-0.0012482749306595494,52.22640870610554,1.7635270541082164,17.10922129942035,0.27230171422558896,0.009471221379635516
5,-0.0012568688420208879,52.249859965146946,1.7715430861723447,17.111030220765436,0.27233050410296245,0.009513592656400779
5,-0.001265453223372018,52.273306253566375,1.779559118236473,17.112840337733992,0.27235931300927446,0.009555950385637871
5,-0.0012740275168454233,52.29674600387365,1.7875751503006012,17.1146515908532,0.2723881399979857,0.009598294425073541
5,-0.0012825911632047067,52.320177639300844,1.7955911823647295,17.116463920888705,0.2724169841263522,0.00964062463158725
5,-0.0012911436018368794,52.34359957376259,1.8036072144288577,17.118277268845613,0.27244584445544096,0.009682940861207124
5,-0.0012996842707444596,52.367010211816776,1.811623246492986,17.12009157596937,0.27247472005014417,0.009725242969105931
5,-0.0013082126065374073,52.39040794862565,1.8196392785571143,17.121906783746628,0.27250360997919315,0.009767530809596787
5,-0.0013167280444248061,52.41379116991715,1.8276553106212425,17.12372283390616,0.27253251331517236,0.009809804236128847
5,-0.00132523001820637,52.4371582519465,1.8356713426853708,17.125539668419663,0.27256142913453274,0.009852063101282898
5,-0.0013337179602637955,52.46050756145849,1.843687374749499,17.127357229502586,0.27259035651760466,0.009894307256766802
5,-0.0013421913015518533,52.48383745564984,1.8517034068136273,17.12917545961495,0.2726192945486107,0.009936536553410777
5,-0.0013506494715893986,52.50714628213225,1.8597194388777556,17.13099430146212,0.27264824231567875,0.009978750841162641
5,-0.001359091898450118,52.53043237889575,1.8677354709418839,17.132813697995587,0.2726771989108533,0.010020949969082945
5,-0.001367518008753149,52.5536940742727,1.8757515030060121,17.134633592413728,0.2727061634301085,0.010063133785339864
5,-0.001375927227653534,52.57692968690215,1.8837675350701404,17.13645392816255,0.2727351349733597,0.010105302137204113
5,-0.0013843189788325125,52.600137525694954,1.8917835671342684,17.138274648936438,0.27276411264447514,0.010147454871043616
5,-0.0013926926844876303,52.623315889799244,1.8997995991983967,17.140095698678884,0.27279309555128783,0.010189591832318125
5,-0.001401047765322753,52.64646306856678,1.907815631262525,17.141917021583218,0.27282208280560694,0.01023171286557368
5,-0.0014093836405378647,52.66957734151968,1.9158316633266532,17.143738562093333,0.2728510735232296,0.010273817814436936
5,-0.0014176997278188028,52.69265697831803,1.9238476953907815,17.14556026490443,0.27288006682395266,0.010315906521609327
5,-0.0014259954433268,52.715700238728154,1.9318637274549098,17.1473820749637,0.2729090618315834,0.010357978828861246
5,-0.0014342702016879184,52.73870537259157,1.939879759519038,17.149203937471068,0.2729380576739516,0.010400034577025805
5,-0.0014425234159823905,52.76167061979487,1.9478957915831663,17.15102579787996,0.27296705348292144,0.010442073605992716
5,-0.0014507544977337746,52.78459421024019,1.9559118236472945,17.152847601898003,0.27299604839440306,0.010484095754701932
5,-0.0014589628568980823,52.807474363816816,1.9639278557114228,17.15466929548778,0.27302504154836416,0.0105261008611371
5,-0.0014671479018527318,52.8303092903734,1.971943887775551,17.156490824867596,0.2730540320888427,0.010568088762318989
5,-0.0014753090393854447,52.85309718969128,1.9799599198396793,17.15831213651226,0.2730830191639586,0.010610059294298618
5,-0.0014834456746830392,52.87583625145876,1.9879759519038076,17.160133177153867,0.2731120019259269,0.010652012292150344
5,-0.001491557211320129,52.89852465524621,1.9959919839679359,17.161953893782595,0.2731409795310701,0.010693947589964777
5,-0.0014996430512477573,52.921160570482456,2.004008016032064,17.16377423364755,0.2731699511398316,0.010735940010688774
5,-0.001507702594781952,52.943742156432045,2.012024048096192,17.1655941442576,0.273198915916789,0.010777988747202807
5,-0.0015157352405922055,52.966267562173705,2.0200400801603204,17.167413573382273,0.27322787303066876,0.010820021221960567
5,-0.0015237403856899218,52.98873492657999,2.0280561122244487,17.16923246905263,0.2732568216543593,0.010862037278622793
5,-0.0015317174254167796,53.011142378298025,2.036072144288577,17.17105077956223,0.2732857609649272,0.010904036759952402
5,-0.0015396657534330754,53.03348803573163,2.0440881763527052,17.172868453468073,0.2733146901436316,0.010946019507807492
5,-0.0015475847617060202,53.05577000702458,2.0521042084168335,17.17468543959161,0.2733436083759406,0.01098798536313421
5,-0.0015554738404980068,53.07798639004529,2.0601202404809618,17.17650168701979,0.27337251485154795,0.011029934165959446
5,-0.0015633323783548355,53.10013527237277,2.06813627254509,17.178317145106117,0.27340140876438945,0.011071865755383265
5,-0.0015711597620939918,53.12221473128418,2.0761523046092183,17.1801317634718,0.2734302893126618,0.011113779969571339
5,-0.0015789553767928237,53.14422283374362,2.0841683366733466,17.181945492006875,0.2734591556988402,0.011155676645747003
5,-0.001586718605776776,53.166157636392505,2.092184368737475,17.183758280871498,0.2734880071296989,0.011197555620183331
5,-0.0015944488306076387,53.18801718554158,2.100200400801603,17.185570080497147,0.27351684281633026,0.011239416728194885
5,-0.0016021454310717986,53.20979951716444,2.1082164328657313,17.187380841587952,0.2735456619741663,0.011281259804129395
5,-0.0016098077851684968,53.23150265689269,2.1162324649298596,17.189190515122093,0.2735744638230004,0.011323084681359173
5,-0.0016174352690981528,53.25312462001281,2.124248496993988,17.190999052353245,0.27360324758701077,0.011364891192272377
5,-0.0016250272572507173,53.27466341146484,2.132264529058116,17.192806404812064,0.2736320124947838,0.011406679168264128
5,-0.0016325831221941046,53.29611702584282,2.1402805611222444,17.194612524307747,0.27366075777933907,0.0114484484397274
5,-0.0016401022346626173,53.31748344739694,2.1482965931863727,17.19641736292969,0.27368948267815557,0.011490198836043677
5,-0.0016475839635455062,53.33876065003779,2.156312625250501,17.19822087304918,0.2737181864331989,0.011531930185573535
5,-0.001655027675875592,53.35994659734248,2.164328657314629,17.20002300732119,0.27374686829094946,0.011573642315646952
5,-0.0016624327368179746,53.38103924256272,2.1723446893787575,17.201823718686235,0.27377552750243234,0.011615335052553428
5,-0.0016697985096588168,53.402036528635,2.1803607214428857,17.203622960372332,0.2738041633232483,0.011657008221531907
5,-0.0016771243557943225,53.422936388193015,2.188376753507014,17.205420685897,0.27383277501360564,0.011698661646760544
5,-0.0016844096347196945,53.443736743581894,2.1963927855711423,17.2072168490694,0.27386136183835436,0.011740295151346261
5,-0.001691653704018331,53.46443550687501,2.2044088176352705,17.209011403992545,0.27388992306702115,0.01178190855731402
5,-0.0016988559193511284,53.48503057989296,2.212424849699399,17.210804305065587,0.2739184579738461,0.011823501685596058
5,-0.0017060156344459645,53.50551985422487,2.220440881763527,17.212595506986244,0.2739469658378209,0.011865074356020723
5,-0.0017131322010872706,53.52590121125211,2.2284569138276553,17.21438496475329,0.2739754459427289,0.011906626387301245
5,-0.001720204969105807,53.54617252217428,2.2364729458917836,17.21617263366917,0.2740038975771863,0.011948157597024254
5,-0.001727233286368719,53.56633164803827,2.244488977955912,17.21795846934272,0.2740323200346858,0.01198966780163812
5,-0.0017342164987695639,53.58637643976901,2.25250501002004,17.219742427691987,0.2740607126136414,0.012031156816440989
5,-0.0017411539502188481,53.60630473820394,2.2605210420841684,17.221524464947226,0.2740890746174359,0.0120726244555687
5,-0.0017480449826344608,53.62611437412912,2.2685370741482966,17.223304537653924,0.2741174053544693,0.012114070531982477
5,-0.0017548889359325836,53.64580316831888,2.276553106212425,17.225082602676,0.27414570413820954,0.012155494857456359
5,-0.001761685148018748,53.665368931577966,2.284569138276553,17.226858617199156,0.2741739702872459,0.012196897242564488
5,-0.0017684329547790912,53.68480946478655,2.2925851703406814,17.22863253873431,0.27420220312534355,0.012238277496668023
5,-0.0017751316900720064,53.70412255894836,2.3006012024048097,17.230404325121214,0.2742304019815014,0.012279635427902103
5,-0.0017817806857199647,53.72330599524178,2.308617234468938,17.23217393453214,0.2742585661900105,0.012320970843162289
5,-0.0017883792715016882,53.74235754507394,2.3166332665330662,17.233941325475808,0.27428669509051656,0.012362327708260151
5,-0.001794926775144606,53.7612749701381,2.3246492985971945,17.2357064568014,0.274314788028084,0.012403829112264248
5,-0.0018014225223176336,53.78005602247418,2.3326653306613228,17.237469287702716,0.27434284435326195,0.012445310000882275
5,-0.0018078658366242981,53.798698444532626,2.340681362725451,17.239229777722507,0.27437086342215333,0.012486770195236883
5,-0.001814256039596166,53.81719996924156,2.3486973947895793,17.24098788675704,0.27439884459648733,0.01252820951530803
5,-0.001820592450686733,53.835558320077574,2.3567134268537075,17.242743575060665,0.27442678724369246,0.012569627779919166
5,-0.0018268743872655378,53.85377121113967,2.364729458917836,17.244496803250705,0.2744546907369737,0.012611024806723561
5,-0.00183310116461282,53.87183634722717,2.372745490981964,17.24624753231247,0.27448255445539316,0.012652400412190266
5,-0.0018392720959145214,53.889751423921105,2.3807615230460923,17.247995723604408,0.2745103777839514,0.012693754411589826
5,-0.0018453864922576403,53.90751412766911,2.3887775551102206,17.249741338863487,0.27453816011367327,0.01273508661897983
5,-0.001851443662626112,53.925122135874425,2.396793587174349,17.25148434021077,0.27456590084169685,0.012776396847190228
5,-0.0018574429138971346,53.94257311698872,2.404809619238477,17.253224690157165,0.27459359937136474,0.012817684907808422
5,-0.0018633835508379357,53.9598647306087,2.4128256513026054,17.254962351609354,0.27462125511231833,0.012858950611164058
5,-0.0018692648761029895,53.976994627576765,2.4208416833667337,17.25669728787596,0.2746488674805963,0.012900193766313742
5,-0.0018750861902318064,53.99396045008592,2.428857715430862,17.258429462673877,0.2746764358987351,0.012941414181025443
5,-0.0018808467916471693,54.01075983178854,2.43687374749499,17.260158840134913,0.27470395979587464,0.01298261166176266
5,-0.0018865459766540245,54.0273903979099,2.444889779559118,17.261885384812484,0.2747314386078651,0.013023786013668416
5,-0.001892183039438705,54.04384976536524,2.4529058116232463,17.263609061688687,0.2747588717773792,0.013064937040548988
5,-0.0018977572720689224,54.06013554288192,2.4609218436873745,17.26532983618152,0.2747862587540273,0.013106064544857448
5,-0.0019032679644943058,54.07624533112583,2.468937875751503,17.267047674152366,0.2748135989944764,0.013147168327676997
5,-0.001908714404547433,54.09217672283208,2.476953907815631,17.268762541913638,0.2748408919625719,0.013188248188703984
5,-0.001914095877945593,54.107927302940624,2.4849699398797593,17.27047440623682,0.2748681371294656,0.013229303926230876
5,-0.0019194116682931968,54.12349464873662,2.4929859719438876,17.27218323436059,0.2748953339737448,0.01327033533712881
5,-0.0019246610570847176,54.138876329995085,2.501002004008016,17.273888993999297,0.27492248198156755,0.013311342216830137
5,-0.001929843323708481,54.154069909131145,2.509018036072144,17.27559165335165,0.2749495806468004,0.01335232435931054
5,-0.0019349577454509986,54.16907294135447,2.5170340681362724,17.277291181109728,0.2749766294711624,0.013393281557071127
5,-0.0019400035975020938,54.18388297482919,2.5250501002004007,17.278987546468173,0.27500362796437106,0.013434213601120171
5,-0.0019449801529607875,54.198497550838795,2.533066132264529,17.28068071913374,0.2750305756442944,0.013475120280954772
5,-0.0019498866828418502,54.212914203956075,2.541082164328657,17.282370669335045,0.275057472037106,0.013516001384542129
5,-0.0019547224560832045,54.227130462218454,2.5490981963927855,17.284057367832666,0.27508431667744626,0.013556856698300847
5,-0.001959486739554088,54.24114384730851,2.5571142284569137,17.28574078592954,0.27511110910858705,0.013597686007081791
5,-0.001964178798064039,54.25495187473997,2.565130260521042,17.28742089548158,0.27513784888260134,0.013638489094148954
5,-0.0019687978943727313,54.26855205404922,2.5731462925851702,17.289097668908667,0.27516453556053794,0.013679265741159968
5,-0.0019733432892006207,54.28194188899216,2.5811623246492985,17.290771079205886,0.27519116871260024,0.013720278253819091
5,-0.0019778142412405194,54.295118877746866,2.5891783567134268,17.292441099955177,0.27521774791833187,0.013761285115762136
5,-0.001982210007170087,54.30808051312205,2.597194388777555,17.294107705337165,0.2752442727668045,0.013802268209868867
5,-0.001986529841665111,54.32082428277083,2.6052104208416833,17.29577087014345,0.2752707428568142,0.013843227336821884
5,-0.001990772997413964,54.333347669411026,2.6132264529058116,17.297430569789107,0.27529715779707964,0.013884162295809709
5,-0.0019949387251327402,54.345648151050675,2.62124248496994,17.299086780325634,0.27532351720644854,0.01392507288450798
5,-0.00199902627358167,54.35772320122017,2.629258517034068,17.30073947845414,0.2753498207141076,0.01396595889906023
5,-0.002003034889582294,54.36957028920997,2.6372745490981964,17.30238864153895,0.2753760679597988,0.014006820134058627
5,-0.002006963818035831,54.3811868803147,2.6452905811623246,17.304034247621527,0.2754022585940412,0.014047656382524715
5,-0.002010812301942573,54.392570436083595,2.653306613226453,17.305676275434774,0.27542839227835847,0.014088467435889639
5,-0.002014579582422258,54.40371841457672,2.661322645290581,17.30731470441768,0.275454468685512,0.014129253083974757
5,-0.0020182648987357157,54.414628270628185,2.6693386773547094,17.30894951473034,0.2754804874997397,0.014170013114971606
5,-0.002021867488307503,54.42529745611528,2.6773547094188377,17.31058068726936,0.2755064484170018,0.014210747315422089
5,-0.0020253865867497028,54.435723420234254,2.685370741482966,17.312208203683646,0.27553235114523145,0.014251455470198491
5,-0.002028821427887017,54.44590360978285,2.693386773547094,17.313832046390566,0.2755581954045925,0.01429213736248322
5,-0.0020321712437828617,54.45583546944898,2.7014028056112225,17.31545219859248,0.27558398092774206,0.014332792773748665
5,-0.0020354352647668867,54.465516442106626,2.7094188376753507,17.31706864429378,0.27560970746010216,0.014373421483736836
5,-0.0020386127194635725,54.47494396911798,2.717434869739479,17.31868136831814,0.27563537476013417,0.014414023270438928
5,-0.002041702834822228,54.48411549064283,2.7254509018036073,17.320290356326364,0.27566098259962263,0.014454597910074833
5,-0.002044704836148173,54.49302844595433,2.7334669338677355,17.32189559483456,0.2756865307639647,0.014495145177072614
5,-0.0020476179471353145,54.501680273762034,2.741482965931864,17.323497071232726,0.27571201905246606,0.01453566484404784
5,-0.0020504413899000585,54.5100684125418,2.749498997995992,17.32509477380377,0.27573744727864324,0.014576156681782929
5,-0.0020531743850165634,54.51819030087258,2.7575150300601203,17.326688691743023,0.27576281527053476,0.014616620459206385
5,-0.0020558161515533886,54.52604337778044,2.7655310621242486,17.328278815178084,0.27578812287101634,0.014657055943372124
5,-0.0020583659071115984,54.53362508308949,2.773547094188377,17.329865135189184,0.27581336993812555,0.014697462899438636
5,-0.002060822867864268,54.54093285778023,2.781563126252505,17.33144764382996,0.2758385563453921,0.014737841090648232
5,-0.0020631862485974792,54.54796414435479,2.7895791583166334,17.333026334148723,0.27586368198217637,0.01477819027830622
5,-0.002065455262752781,54.55471638720952,2.7975951903807617,17.33460120021009,0.27588874675401376,0.014818782148283069
5,-0.0020676291224712767,54.56118703301514,2.80561122244489,17.336172237117218,0.2759137505829687,0.014859431983591182
5,-0.002069707038639017,54.56737353110341,2.813627254509018,17.33773944103437,0.27593869340799343,0.014900056215034966
5,-0.002071688220934278,54.57327333386216,2.8216432865731464,17.339302809210015,0.27596357518529613,0.014940654628118177
5,-0.002073571877876151,54.57888389713679,2.8296593186372747,17.340862340000434,0.27598839588871604,0.014981227006568726
5,-0.002075357216874913,54.58420268063961,2.837675350701403,17.34241803289374,0.2760131555101063,0.015021773132320521
5,-0.002077043444283977,54.58922714836644,2.8456913827655312,17.3439698885344,0.2760378540597239,0.015062292785495294
5,-0.002078629765453535,54.59395476902071,2.8537074148296595,17.345517908748313,0.27606249156662893,0.015102785744384629
5,-0.0020801153847858685,54.59838301644489,2.8617234468937878,17.34706209656826,0.2760870680790896,0.015143251785432058
5,-0.002081499505792347,54.60250937005928,2.869739478957916,17.348602456259975,0.2761115836649972,0.015183690683215486
5,-0.0020827813311522897,54.606331315308616,2.8777555110220443,17.350138993348633,0.2761360384122876,0.015224102210429493
5,-0.0020839600627733934,54.60984634411555,2.8857715430861726,17.351671714645867,0.2761604324293713,0.015264486137868242
5,-0.002085034901854141,54.61305195534215,2.8937875751503004,17.353200628277307,0.2761847658455717,0.015304842234408129
5,-0.0020860050489478494,54.61594565525828,2.9018036072144286,17.35472574371062,0.2762090388115715,0.015345170266991125
5,-0.002086869704028698,54.618524958017936,2.909819639278557,17.35624707178405,0.2762332514998666,0.0153854700006079
5,-0.002087628066559483,54.62078738614253,2.917835671342685,17.35776462473551,0.2762574041052294,0.015425741198281646
5,-0.0020882793355613237,54.62273047101177,2.9258517034068134,17.35927841623214,0.27628149684517933,0.015465983621051805
5,-0.00208882270968526,54.624351753361985,2.9338677354709417,17.360788461400453,0.27630552996046226,0.01550619702795837
5,-0.002089257387285726,54.62564878379148,2.94188376753507,17.36229477685697,0.27632950371553827,0.015546381176026235
5,-0.002089582566495997,54.626619123273436,2.9498997995991982,17.363797380739346,0.27635341839907723,0.015586535820250234
5,-0.0020897974453056014,54.62726034367595,2.9579158316633265,17.365296292738105,0.27637727432446346,0.015626660713580133
5,-0.0020899012216396722,54.62757002828921,2.9659318637274548,17.366791534128843,0.2764010718303086,0.015666755606906314
5,-0.0020898930934403533,54.62754577235997,2.973947895791583,17.368283127804965,0.27642481128097257,0.015706820249045593
5,-0.00208977225875016,54.627185183632946,2.9819639278557113,17.369771098311023,0.27644849306709396,0.015747036399877092
5,-0.002089537915797427,54.62648588289922,2.9899799599198396,17.37125547187644,0.2764721176061271,0.015787478759032376
5,-0.0020891892630837666,54.62544550455174,2.997995991983968,17.372736276449967,0.27649568534289004,0.015827895058585957
5,-0.002088725499473653,54.62406169714761,3.006012024048096,17.374213541734466,0.27651919675011866,0.015868285077982158
5,-0.0020881458242859993,54.62233212397695,3.0140280561122244,17.375687299222385,0.27654265232903075,0.015908648594857702
5,-0.002087449437387933,54.62025446363882,3.0220440881763526,17.377157582231675,0.27656605260989797,0.015948985385033563
5,-0.0020866355392906333,54.61782641062348,3.030060120240481,17.37862442594229,0.2765893981526268,0.015989295222507815
5,-0.002085703331247276,54.61504567590108,3.038076152304609,17.380087867433158,0.2766126895473465,0.0160295778794488
5,-0.002084652015353188,54.611909987516974,3.0460921843687374,17.381547945719735,0.2766359274150075,0.016069833126189027
5,-0.0020834807946480812,54.60841709119308,3.0541082164328657,17.38300470179204,0.27665911240798613,0.016110060731219934
5,-0.002082188873220493,54.604564750935374,3.062124248496994,17.384458178653265,0.2766822452106995,0.016150260461186918
5,-0.002080775456314369,54.600350749647475,3.070140280561122,17.38590842135884,0.27670532654022706,0.016190432080885584
5,-0.0020792397504378647,54.59577288975001,3.0781563126252505,17.38735547705607,0.2767283571469414,0.016230575353258316
5,-0.002077580963474306,54.59082899380572,3.0861723446893787,17.38879939502424,0.2767513378151467,0.016270690039391987
5,-0.002075798304795321,54.585516905149994,3.094188376753507,17.390240226715274,0.27677426936372584,0.016310775898516115
5,-0.002073890985376255,54.579834488527,3.1022044088176353,17.391678025794857,0.2767971526467947,0.01635083268800213
5,-0.002071858217913685,54.57377963073078,3.1102204408817635,17.393112848184053,0.2768199885543647,0.016390860163363333
5,-0.0020696992169452126,54.56735024125153,3.118236472945892,17.394544752101456,0.27684277801301344,0.016430858078255815
5,-0.0020674131989714315,54.56054425292665,3.12625250501002,17.395973798105818,0.2768655219865634,0.01647082618448024
5,-0.0020649993825801252,54.55335962259648,3.1342685370741483,17.397400049139087,0.27688822147676684,0.016510764231984512
5,-0.0020624569885726277,54.54579433176434,3.1422845691382766,17.398823570570006,0.2769108775239997,0.016550679733720375
5,-0.002059785240092444,54.537846387261,3.150300601202405,17.400244430238175,0.27693349120796257,0.016591078967517256
5,-0.0020569833627560184,54.529513821912936,3.158316633266533,17.40166269849844,0.27695606364838776,0.016631453205579808
5,-0.0020540505847857185,54.520794695214484,3.1663326653306614,17.40307844826593,0.2769785960057555,0.016671802236969208
5,-0.0020509861371450066,54.51168709400345,3.1743486973947896,17.404491755061354,0.2770010894820152,0.01671212584932902
5,-0.002047789253675753,54.50218913313998,3.182364729458918,17.405902697056835,0.27702354532131485,0.01675242382889849
5,-0.002044459171237769,54.49229895618858,3.190380761523046,17.4073113551221,0.2770459648107362,0.016792695960527095
5,-0.002040995129850435,54.48201473610266,3.1983967935871744,17.408717812871114,0.2770683492810367,0.01683294202769015
5,-0.0020373963728364812,54.471334675911734,3.2064128256513027,17.41012215670911,0.2770907001073985,0.016873161812505956
5,-0.0020336621469679256,54.46025700941082,3.214428857715431,17.411524475879943,0.27711301871018157,0.016913355095753965
5,-0.0020297917026140307,54.44878000185148,3.2224448897795592,17.41292486251389,0.27713530655568475,0.0169535216568943
5,-0.0020257842938914317,54.43690195063488,3.2304609218436875,17.414323411675763,0.2771575651569117,0.01699366127408882
5,-0.0020216391788162483,54.424621186005695,3.2384769539078158,17.415720221413363,0.2771797960743415,0.0170337737242232
5,-0.002017355619458288,54.411936071747284,3.246492985971944,17.417115392806274,0.2772020009167057,0.017073858782930742
5,-0.0020129328820971946,54.39884500587734,3.2545090180360723,17.41850903001497,0.2772241813417698,0.017113916224617366
5,-0.002008370237380642,54.385346421343954,3.2625250501002006,17.419901240330184,0.27724633905711876,0.017153945822488192
5,-0.002003666960484422,54.371438786721534,3.270541082164329,17.42129213422259,0.27726847582094805,0.01719394734857558
5,-0.001998822331274477,54.35712060690634,3.278557114228457,17.422681825392747,0.27729059344285817,0.01723392057376852
5,-0.0019938356344707925,54.342390423811324,3.2865731462925853,17.42407043082126,0.2773126937846534,0.01727386526784384
5,-0.001988706159813148,54.327246817059745,3.2945891783567136,17.42545807081916,0.2773347787611432,0.01731434996264781
5,-0.001983433202228658,54.3116884046773,3.302605210420842,17.426844869078522,0.2773568503409481,0.017354854075945315
5,-0.0019780160620010774,54.2957138437824,3.31062124248497,17.428230952723236,0.27737891054730757,0.017395335759974425
5,-0.0019724540449418287,54.27932183127409,3.3186372745490984,17.42961645235995,0.2774009614588911,0.01743579483553793
5,-0.0019667464625626736,54.262511104517216,3.3266533066132267,17.431001502129156,0.2774230052106108,0.017476231123005004
5,-0.0019608926322500437,54.245280442024665,3.3346693386773545,17.43238623975639,0.27744504399443676,0.017516644442357496
5,-0.0019548918774408997,54.227628664135885,3.3426853707414828,17.4337708066035,0.27746708006021265,0.01755703461323794
5,-0.0019487435278001326,54.20955463369148,3.350701402805611,17.43515534772009,0.2774891157164746,0.017597401454999134
5,-0.0019424469193993934,54.19105725670354,3.3587174348697393,17.436540011894827,0.27751115333126775,0.01763774478675583
5,-0.001936001394897344,54.17213548302092,3.3667334669338675,17.437924951706943,0.27753319533296605,0.017678064427437967
5,-0.0019294063037212418,54.15278830698949,3.374749498997996,17.43931032357764,0.27755524421109024,0.01771836019584606
5,-0.0019226610022497735,54.133014768106484,3.382765531062124,17.440696287821513,0.2775773025171263,0.017758631910708093
5,-0.0019157648539971188,54.112813951668684,3.3907815631262523,17.442083008697868,0.2775993728653424,0.017798879390738515
5,-0.0019087172297981262,54.09218498941398,3.3987975951903806,17.443470654461965,0.27762145793360404,0.017839102454699184
5,-0.0019015175079945762,54.07112706015585,3.406813627254509,17.44485939741619,0.277643560464189,0.01787930092146199
5,-0.0018941650746224,54.04963939041012,3.414829659318637,17.44624941396103,0.27766568326459806,0.01791947461007367
5,-0.0018866593235998374,54.02772125501377,3.4228456913827654,17.447640884645917,0.27768782920836477,0.017960124800126532
5,-0.001878999656916416,54.005371977735116,3.4308617234468937,17.4490339942198,0.27771000123586,0.01800095718928738
5,-0.0018711854848226593,53.98259093187488,3.438877755511022,17.45042893168159,0.27773220235509477,0.01804177201817963
5,-0.0018632162260204938,53.95937754085793,3.44689378757515,17.45182589033024,0.27775443564251756,0.018082569171131883
5,-0.001855091307854202,53.935731278814714,3.4549098196392785,17.45322506781459,0.27777670424380724,0.018123348533591627
5,-0.0018468101665018622,53.91165167115235,3.4629258517034067,17.45462666618282,0.27779901137466056,0.018164109992207494
5,-0.0018383722471672038,53.88713829511462,3.470941883767535,17.456030891931615,0.27782136032157434,0.01820485343491405
5,-0.0018297770042717397,53.86219078033044,3.4789579158316633,17.457437956054846,0.27784375444262027,0.01824557875101826
5,-0.0018210239016470994,53.83680880935027,3.4869739478957915,17.458848074091943,0.277866197168215,0.018286285831288128
5,-0.0018121124127274694,53.810992118170034,3.49498997995992,17.460261466175616,0.2778886920018793,0.018326974568043358
5,-0.0018030420207420308,53.78474049674195,3.503006012024048,17.46167835707926,0.27791124252099303,0.01836764485524801
5,-0.0017938122189072882,53.75805378947182,3.5110220440881763,17.4630989762637,0.27793385237753854,0.018408296588605093
5,-0.0017844225106191823,53.730931895702376,3.5190380761523046,17.464523557923428,0.27795652529883685,0.018448929665653327
5,-0.0017748724096448814,53.70337477018185,3.527054108216433,17.46595234103217,0.27797926508827314,0.018489543985865796
5,-0.0017651614403141412,53.67538242351778,3.535070140280561,17.467385569387872,0.2780020756260121,0.01853015977528627
5,-0.00175528913771012,53.64695492261505,3.5430861723446894,17.46882349165694,0.2780249608697025,0.018571535385848912
5,-0.0017452550478595133,53.618092391097974,3.5511022044088176,17.470266361417806,0.2780479248551705,0.018612900671062332
5,-0.001735058727921933,53.58879500971593,3.559118236472946,17.47171443720369,0.2780709716971,0.01865425561193673
5,-0.00172469974637837,53.55906301673184,3.567134268537074,17.473167982544613,0.27809410558970155,0.018695600192616204
5,-0.0017141776832186402,53.52889670829327,3.5751503006012024,17.474627266008515,0.2781173308073668,0.018736934400495158
5,-0.0017034921301276886,53.49829643878551,3.5831663326653307,17.476092561241565,0.27814065170530966,0.0187782582263371
5,-0.0016926426906706238,53.46726262116628,3.591182364729459,17.477564147007485,0.27816407272019267,0.018819571664394703
5,-0.0016816289804763584,53.435795727281445,3.599198396793587,17.479042307225992,0.2781875983707384,0.018860874712532325
5,-0.0016704506274197325,53.4038962881615,3.6072144288577155,17.480527331010208,0.2782112332583251,0.018902167372349683
5,-0.00165910727180198,53.371564894298196,3.6152304609218437,17.482019512703037,0.2782349820675656,0.01894344964930781
5,-0.0016475985665294192,53.338802195900925,3.623246492985972,17.48351915191252,0.27825884956686997,0.018984721552856552
5,-0.0016359241772902326,53.30560890313247,3.6312625250501003,17.48502655354604,0.2782828406089899,0.0190259830965636
5,-0.0016240837827291986,53.271985786323775,3.6392785571142285,17.486542027843367,0.27830696013154477,0.019067234298245344
5,-0.0016120770746202633,53.23793367616703,3.647294589178357,17.48806589040861,0.27833121315752984,0.01910901950820949
5,-0.0015999037580367746,53.2034534638871,3.655310621242485,17.48959846224084,0.27835560479580407,0.019151153364587416
5,-0.001587563551519305,53.168546101390575,3.6633266533066133,17.49114006976354,0.27838014024155866,0.01919328676743466
5,-0.0015750561872408702,53.13321260139224,3.6713426853707416,17.492691044852695,0.2784048247767638,0.019235419835669086
5,-0.001562381411169454,53.097454037518595,3.67935871743487,17.494251724863627,0.27842966377059625,0.019277552693894036
5,-0.001549538983227663,53.061271544387964,3.687374749498998,17.495822452656384,0.27845466267984315,0.019319685472543927
5,-0.0015365286774494244,53.024666317667105,3.6953907815631264,17.497403576619735,0.27847982704928403,0.01936181830803107
5,-0.0015233502821335454,52.98763961410371,3.7034068136272547,17.498995450693837,0.2785051625120513,0.0194039513428936
5,-0.0015100035999940243,52.95019275153482,3.711422845691383,17.500598434391236,0.278530674789965,0.01944608472594461
5,-0.001496488448306981,52.912327108870535,3.719438877755511,17.50221289281653,0.2785563696938452,0.019488218612422455
5,-0.0014828046590540508,52.87404412605311,3.7274549098196395,17.503839196684403,0.2785822531237993,0.01953035316414169
5,-0.0014689520790621535,52.83534530399091,3.7354709418837677,17.50547772233611,0.27860833106948457,0.019572488549645325
5,-0.0014549305701394319,52.79623220446718,3.743486973947896,17.507128851754317,0.27863460961034375,0.019614883113060484
5,-0.0014407400092073148,52.756706450023245,3.7515030060120242,17.508792972576394,0.2786610949158173,0.019658021922060023
5,-0.0014263802884285138,52.71676972381627,3.7595190380761525,17.51047047810592,0.2786877932455261,0.019701172962897227
5,-0.0014118513153308432,52.67642376945096,3.7675350701402808,17.512161767322567,0.27871471094942885,0.019744336524686077
5,-0.0013971530129267466,52.63567039078558,3.775551102204409,17.51386724489026,0.27874185446795197,0.019787512904862817
5,-0.0013822853198283925,52.59451145171162,3.783567134268537,17.515587321163522,0.27876923033209045,0.019830702409346687
5,-0.0013672481903582185,52.55294887590752,3.791583166332665,17.517322412192108,0.2787968451634818,0.0198739053527014
5,-0.0013520415946548098,52.51098464656598,3.7995991983967934,17.519072939723777,0.27882470567445017,0.01991712205829649
5,-0.0013366655187739855,52.468620806095075,3.8076152304609217,17.520839331205256,0.2788528186680214,0.019960352858468876
5,-0.001321119964784981,52.42585945579285,3.81563126252505,17.522622019781387,0.2788811910379099,0.020003598094684345
5,-0.0013054049508616147,52.382702755495785,3.823647294589178,17.524421444292308,0.2789098297684733,0.020046858117698997
5,-0.0012895205113683213,52.33915292320068,3.8316633266533064,17.526238049268837,0.2789387419346393,0.020090133287720427
5,-0.0012734666969409496,52.295212234660355,3.8396793587174347,17.52807228492588,0.27896793470180065,0.020134326710003855
5,-0.0012572435745622252,52.250883022953076,3.847695390781563,17.5299246071539,0.2789974153256795,0.020178744857881868
5,-0.0012408512276317638,52.20616767802577,3.8557114228456912,17.53179547750854,0.27902719115216196,0.020223191291262307
5,-0.0012242897560305515,52.161068646211184,3.8637274549098195,17.533685363198096,0.27905726961709915,0.02026766651180681
5,-0.0012075592761797843,52.11558842971914,3.8717434869739478,17.53559473706921,0.27908765824607895,0.020312171032299663
5,-0.0011906599210939918,52.06972958610192,3.879759519038076,17.53752407759046,0.27911836465416545,0.020356705376809548
5,-0.0011735918404283433,52.02349472769414,3.8877755511022043,17.53947386883396,0.27914939654560544,0.0204012700808501
5,-0.0011563552005200773,51.97688652102722,3.8957915831663326,17.54144460045501,0.2791807617135052,0.020445865691539805
5,-0.0011389501844239322,51.92990768621857,3.903807615230461,17.54343676766966,0.27921246803947297,0.020490492767760094
5,-0.0011213769919415665,51.882560996336046,3.911823647294589,17.54545087123034,0.27924452349323103,0.020535151880312436
5,-0.0011036358396448532,51.834849276737565,3.9198396793587174,17.547487417399378,0.2792769361321948,0.020580034751191387
5,-0.0010857269608929847,51.78677540438659,3.9278557114228456,17.549546917920555,0.27930971410101935,0.02062596892178835
5,-0.0010676506058433673,51.7383423071434,3.935871743486974,17.551629889988632,0.27934286563111504,0.02067194995101686
5,-0.001049407041456203,51.68955296303284,3.943887775551102,17.553736856216837,0.2793763990401297,0.02071797856941643
5,-0.001030996551492756,51.64041039948883,3.9519038076152304,17.555868344602345,0.2794103227313993,0.020764055521104878
5,-0.0010124194365072065,51.59091769257573,3.9599198396793587,17.55802488848974,0.27944464519336665,0.020810181563927183
5,-0.0009936760138321036,51.54107796618756,3.967935871743487,17.560207026532474,0.2794793749989677,0.020856357469602675
5,-0.0009747666175573558,51.49089439122495,3.975951903807615,17.562415302652333,0.2795145208049864,0.020902584023869467
5,-0.0009556915985027297,51.44037018475067,3.9839679358717435,17.564650265996967,0.2795500913513792,0.02094886202662679
5,-0.000936451324183854,51.389508609124,3.9919839679358717,17.566912470895293,0.2795860954605647,0.020995192292074364
5,-0.0009170461787716832,51.33831297111456,4.0,17.569202476811178,0.27962254203668696,0.02104179674619544
7,1.9007011483101992e-5,48.984350808818995,0.0,16.858046428280172,0.26830414199334607,0.0
7,1.8973320808557358e-5,48.984431648601515,0.008016032064128256,16.85805297001821,0.2683042461083406,4.329516628640934e-5
7,1.8872250941009317e-5,48.984674164376514,0.01603206412825651,16.858072594808007,0.2683045584465709,8.65909833877569e-5
7,1.8703808347913956e-5,48.98507834542774,0.02404809619238477,16.85810530137677,0.26830507898777994,0.00012988742427047365
7,1.8468003805693492e-5,48.98564417389974,0.03206412825651302,16.858151087603723,0.26830580769821444,0.00017318446184390868
7,1.816485239573075e-5,48.986371624805315,0.04008016032064128,16.85820995052099,0.2683067445306392,0.00021648206895255484
7,1.7794373498763997e-5,48.987260666035944,0.04809619238476954,16.85828188631478,0.26830788942435596,0.0002597802183683024
7,1.7356590787685128e-5,48.98831125837516,0.056112224448897796,16.85836689032693,0.26830924230522757,0.0003030788827827395
7,1.6851532218744243e-5,48.989523355514955,0.06412825651302605,16.858464957056736,0.26831080308570765,0.0003463780347994882
7,1.627923002116525e-5,48.99089690407502,0.07214428857715431,16.85857608016323,0.2683125716648767,0.0003896776469265982
7,1.5639720685177016e-5,48.99243184362514,0.08016032064128256,16.858700252467653,0.2683145479284811,0.00043297769156899323
7,1.4933044948466311e-5,48.99412810671029,0.08817635270541083,16.858837465956416,0.2683167317489807,0.0004762781410209785
7,1.4159247781058356e-5,48.99598561887889,0.09619238476953908,16.858987711784252,0.26831912298559857,0.000519578967458813
7,1.3318378368632822e-5,48.99800429871383,0.10420841683366733,16.85915098027781,0.26832172148437866,0.0005628801429333582
7,1.2410490094282726e-5,49.0001840578665,0.11222444889779559,16.85932726093949,0.26832452707824644,0.0006061816393627953
7,1.143564051872513e-5,49.00252480109363,0.12024048096192384,16.85951654245171,0.268327539587077,0.0006494834285254348
7,1.0393891358972854e-5,49.00502642629717,0.1282565130260521,16.859718812681372,0.26833075881776614,0.0006927854820526026
7,9.285308465477387e-6,49.00768882456687,0.13627254509018036,16.85993405868474,0.2683341845643078,0.0007360877714216302
7,8.109961797753699e-6,49.01051188022581,0.14428857715430862,16.860162266712635,0.26833781660787703,0.0007793902679489304
7,6.867925398498277e-6,49.01349547087882,0.1523046092184369,16.86040342221591,0.26834165471691707,0.0008226929427831796
7,5.559277366212788e-6,49.01663946746357,0.16032064128256512,16.86065750985125,0.26834569864723135,0.0008659957668986082
7,4.184099826345779e-6,49.01994373430461,0.1683366733466934,16.8609245134873,0.26834994814208146,0.0009092987110884053
7,2.7424789009660916e-6,49.023408129170186,0.17635270541082165,16.861204416211063,0.2683544029322886,0.0009526017459582282
7,1.2345046769818779e-6,49.0270325033317,0.1843687374749499,16.861497200334668,0.2683590627363417,0.0009959048419198458
7,-3.3972882708004643e-7,49.03081670162605,0.19238476953907815,16.861802847402366,0.2683639272605083,0.0010392079691848974
7,-1.980123695719229e-6,49.034760562520624,0.20040080160320642,16.862121338197873,0.2683689961989517,0.0010825110977587856
7,-3.686578152515287e-6,49.03886391818103,0.20841683366733466,16.862452652751955,0.2683742692338517,0.0011258141974347055
7,-5.458986597573664e-6,49.04312659454148,0.21643286573146292,16.862796770350375,0.26837974603553105,0.0011691172377877965
7,-7.29723964634663e-6,49.047548411377804,0.22444889779559118,16.863153669542044,0.268385426262585,0.0012124201881694584
7,-9.201224169811906e-6,49.05212918238317,0.23246492985971945,16.86352332814752,0.26839130956201684,0.001255723017701795
7,-1.117082333599096e-5,49.056868715246324,0.24048096192384769,16.8639057232677,0.2683973955693759,0.0012990256952722142
7,-1.3205916652788352e-5,49.061766811732454,0.24849699398797595,16.864300831292905,0.26840368390890257,0.0013423281895281803
7,-1.5306380012133162e-5,49.066823267766594,0.2565130260521042,16.86470862791211,0.2684101741936748,0.0013856304688721227
7,-1.7472085735402977e-5,49.072037873519506,0.26452905811623245,16.86512908812245,0.26841686602575976,0.001428932501456501
7,-1.9702902620110533e-5,49.07741041349614,0.2725450901803607,16.865562186239092,0.2684237589963705,0.0014722342551790378
7,-2.1998695987832516e-5,49.08294066662648,0.280561122244489,16.86600789590522,0.2684308526860253,0.0015155356976781185
7,-2.4359327733359916e-5,49.088628406358865,0.28857715430861725,16.866466190102326,0.2684381466647113,0.0015588367963283501
7,-2.6784656375048683e-5,49.09447340075571,0.2965931863727455,16.866937041160774,0.26844564049205244,0.0016021375182363117
7,-2.9274537106349097e-5,49.10047541259154,0.3046092184368738,16.86742042077053,0.2684533337174807,0.001645437830236453
7,-3.182882184849174e-5,49.10663419945351,0.312625250501002,16.867916299992118,0.26846122588040994,0.0016887376988871958
7,-3.444735930430867e-5,49.11294951384404,0.32064128256513025,16.868424649267922,0.2684693165104161,0.001732037090467197
7,-3.71299950131659e-5,49.11942110328594,0.3286573146292585,16.868945438433517,0.2684776051274174,0.0017753359709718113
7,-3.9876571406985695e-5,49.12604871042956,0.3366733466933868,16.869478636729372,0.2684860912418608,0.0018186343061097111
7,-4.268692786733469e-5,49.13283207316238,0.34468937875751504,16.870024212812698,0.26849477435491015,0.0018619320612997294
7,-4.556090078355482e-5,49.139770924720594,0.3527054108216433,16.870582134769396,0.26850365395863696,0.001905229201667858
7,-4.84983236119134e-5,49.14686499380293,0.36072144288577157,16.87115237012643,0.26851272953621674,0.0019485256920444515
7,-5.1499026935748685e-5,49.15411400468661,0.3687374749498998,16.871734885864168,0.2685220005621257,0.0019918214969616263
7,-5.456283852658672e-5,49.161517677345316,0.37675350701402804,16.872329648428963,0.268531466502341,0.0020351165806508434
7,-5.768958340620524e-5,49.16907572756924,0.3847695390781563,16.872936623746035,0.26854112681454567,0.0020784109070406884
7,-6.0879083909620826e-5,49.176787867087185,0.3927855711422846,16.873555777232326,0.2685509809483333,0.002121704439754849
7,-6.413115974897428e-5,49.184653803690544,0.40080160320641284,16.87418707380964,0.26856102834541695,0.002164997142110298
7,-6.744562807829014e-5,49.19267324135937,0.4088176352705411,16.8748304779179,0.26857126843984047,0.0022082889771156506
7,-7.082230355908518e-5,49.200845880390204,0.4168336673346693,16.87548595352858,0.26858170065819204,0.002251579907469753
7,-7.426099842680188e-5,49.20917141752587,0.4248496993987976,16.8761534641583,0.26859232441982067,0.0022948698955604237
7,-7.776152255804145e-5,49.217649546087124,0.43286573146292584,16.876832972882404,0.2686031391370522,0.002338158903463454
7,-8.132368353857225e-5,49.226279956106026,0.4408817635270541,16.877524442348935,0.26861414421541174,0.002381446892941768
7,-8.494728673208795e-5,49.23506233446121,0.44889779559118237,16.87822783479246,0.26862533905384384,0.0024247338254447773
7,-8.863213534969188e-5,49.24399636501473,0.45691382765531063,16.878943112048244,0.26863672304493774,0.002468019662107973
7,-9.237803052008154e-5,49.25308172875079,0.4649298597194389,16.879670235566355,0.2686482955751523,0.0025113043637526766
7,-9.61847713604094e-5,49.262318103916044,0.4729458917835671,16.880409166425952,0.2686600560250431,0.0025545878908860317
7,-0.00010005215504779516,49.27170516616149,0.48096192384769537,16.88115986534976,0.26867200376949285,0.002597870203701152
7,-0.00010397997689146433,49.281242588686126,0.48897795591182364,16.881922292718414,0.26868413817793985,0.0026411512620775133
7,-0.00010796803040548963,49.290930042382016,0.4969939879759519,16.882696408585147,0.2686964586146115,0.0026844310255815062
7,-0.00011201610738211063,49.300767195980995,0.5050100200400801,16.883482172690353,0.2687089644387563,0.0027277094534672035
7,-0.00011612399796560576,49.310753716202846,0.5130260521042084,16.88427954447632,0.26872165500487816,0.002770986504677341
7,-0.00012029149072669565,49.32088926790495,0.5210420841683366,16.88508848310206,0.26873452966297257,0.0028142621378444625
7,-0.0001245183727374512,49.33117351423338,0.5290581162324649,16.885908947458063,0.26874758775876145,0.0028575363112922705
7,-0.00012880442964668322,49.34160611677542,0.5370741482965932,16.886740896181333,0.2687608286339322,0.002900808983037187
7,-0.00013314944575579192,49.35218673571345,0.5450901803607214,16.887584287670183,0.2687742516263734,0.002944080110790092
7,-0.00013755320409504986,49.3629150299802,0.5531062124248497,16.88843908009934,0.26878785607041517,0.002987349651958263
7,-0.00014201548650029792,49.37379065741527,0.561122244488978,16.889305231434946,0.26880164129706796,0.0030306175636474774
7,-0.00014653607369002924,49.38481327492302,0.5691382765531062,16.890182699449614,0.26881560663426185,0.0030738838026643407
7,-0.00015111474534284096,49.39598253863162,0.5771543086172345,16.891071441737473,0.26882975140708665,0.0031171483255187753
7,-0.00015575128017522745,49.40729810405345,0.5851703406813628,16.89197141572936,0.26884407493803286,0.0031604110884267036
7,-0.00016044545601969843,49.41875962624662,0.593186372745491,16.892882578707834,0.26885857654723155,0.003203672047312903
7,-0.0001651970499031937,49.430366759977616,0.6012024048096193,16.89380488782241,0.2688732555526959,0.003246931157814043
7,-0.00017000583812577902,49.442119159885245,0.6092184368737475,16.894738300104592,0.2688881112705611,0.003290188375281926
7,-0.0001748715963395965,49.454016480645606,0.6172344689378757,16.895682772483045,0.2689031430153256,0.003333443654786863
7,-0.00017979409962805317,49.46605837713809,0.625250501002004,16.89663826179869,0.2689183501000912,0.0033766969511212293
7,-0.00018477312258522355,49.47824450461258,0.6332665330661322,16.897604724819825,0.26893373183680414,0.0034199482188032337
7,-0.000189808439395447,49.49057451885764,0.6412825651302605,16.89858211825716,0.2689492875364939,0.0034631974120807813
7,-0.00019489982391310124,49.503048076369666,0.6492985971943888,16.89957039877892,0.2689650165095138,0.00350644448493558
7,-0.00020004704974253005,49.515664834523115,0.657314629258517,16.90056952302584,0.26898091806577984,0.0035496893910873357
7,-0.00020524989031810758,49.52842445174168,0.6653306613226453,16.901579447626126,0.26899699151500844,0.003592932083998164
7,-0.00021050811898441955,49.54132658767036,0.6733466933867736,16.90260012921048,0.2690132361669557,0.003636172516877131
7,-0.00021582150907654193,49.55437090334856,0.6813627254509018,16.903631524426892,0.269029651331653,0.0036794106426849276
7,-0.00022118983400040064,49.56755706138398,0.6893787575150301,16.90467358995555,0.2690462363196442,0.0037226464141387338
7,-0.00022661286731319295,49.58088472612747,0.6973947895791583,16.90572628252363,0.2690629904422208,0.0037658797837172237
7,-0.00023209038280385357,49.59435356384873,0.7054108216432866,16.90678955892002,0.2690799130116566,0.003809110703665648
7,-0.0002376221545735474,49.607963242912824,0.7134268537074149,16.90786337600997,0.2690970033414408,0.003852339126001159
7,-0.00024320795711617386,49.62171343395756,0.7214428857715431,16.908947690749688,0.2691142607465102,0.003895565002518193
7,-0.0002488475653988638,49.635603810071665,0.7294589178356713,16.910042460200874,0.2691316845434804,0.003938788284793999
7,-0.000254540754942457,49.64963404697372,0.7374749498997996,16.91114764154517,0.2691492740508762,0.003982008924194317
7,-0.00026028730190193867,49.66380382319195,0.7454909819639278,16.91226319209846,0.2691670285893587,0.0040252268718792
7,-0.0002660869831468243,49.678112820244614,0.7535070140280561,16.913389069325248,0.2691849474819545,0.004068442078808836
7,-0.0002719395763414777,49.692560722821376,0.7615230460921844,16.914525230852675,0.26920303005427854,0.004111654495749651
7,-0.00027784486002534447,49.707147218965154,0.7695390781563126,16.915671634484767,0.26922127563476117,0.00415486407328047
7,-0.0002838026136930893,49.721872000254834,0.7775551102204409,16.91682823821633,0.2692396835548688,0.0041980707617986475
7,-0.0002898126178746222,49.73673476198866,0.7855711422845691,16.917995000246787,0.2692582531493248,0.004241274511526541
7,-0.0002958746542150011,49.75173520336824,0.7935871743486974,16.91917187899408,0.2692769837563299,0.004284475272517868
7,-0.0003019885055541967,49.76687302768339,0.8016032064128257,16.920358833108182,0.26929587471777816,0.004327672994664322
7,-0.00030815395600670623,49.7821479424974,0.8096192384769539,16.92155582148472,0.2693149253794731,0.004370867627702168
7,-0.0003143707910410055,49.79755965983316,0.8176352705410822,16.922762803278406,0.2693341350913418,0.0044140591212189495
7,-0.00032063879755882474,49.813107896359845,0.8256513026052105,16.92397973791626,0.26935350320764523,0.004457247424660328
7,-0.0003269577639742408,49.8287923735802,0.8336673346693386,16.9252065851109,0.2693730290871898,0.004500432487336957
7,-0.00033332748029256707,49.844612818018554,0.8416833667334669,16.926443304873473,0.26939271209353305,0.004543614258431422
7,-0.00033974773818903713,49.860568961409285,0.8496993987975952,16.927689857526634,0.26941255159519056,0.004586792687005229
7,-0.0003462183310872671,49.8766605408861,0.8577154308617234,16.928946203717313,0.2694325469658387,0.00462996772200597
7,-0.0003527390542374884,49.892887299171655,0.8657314629258517,16.930212304429304,0.26945269758451523,0.004673139312274384
7,-0.0003593097047945383,49.90924898476805,0.87374749498998,16.93148812099584,0.2694730028358195,0.004716307406551601
7,-0.000365930081895601,49.92574535214767,0.8817635270541082,16.9327736151119,0.26949346211010816,0.004759471953486356
7,-0.0003725999867376876,49.94237616194474,0.8897795591182365,16.93406874884633,0.2695140748036881,0.004802632901642276
7,-0.0003793192226548466,49.95914118114741,0.8977955911823647,16.935373484654033,0.2695348403190106,0.004845790199505226
7,-0.0003860875951950958,49.976040183290415,0.905811623246493,16.93668778538779,0.26955575806485926,0.004888943795490627
7,-0.0003929049121970665,49.99307294864828,0.9138276553106213,16.938011614309954,0.2695768274565363,0.004932093637950884
7,-0.0003997709838663501,50.01023926442911,0.9218436873747495,16.9393449351041,0.26959804791604786,0.004975239675182741
7,-0.0004066856228515423,50.02753892496893,0.9298597194388778,16.940687711886373,0.26961941887228463,0.005018381855434743
7,-0.0004136486443199719,50.04497173192655,0.9378757515030061,16.9420399092168,0.26964093976120196,0.005061520126914628
7,-0.00042065986603311006,50.062537494479024,0.9458917835671342,16.943401492110294,0.26966261002599484,0.005104654437796807
7,-0.000427719108421651,50.080236029517586,0.9539078156312625,16.944772426047603,0.26968442911727236,0.005147784736229777
7,-0.0004348261946602559,50.09806716184423,0.9619238476953907,16.946152676986056,0.2697063964932286,0.005190910970343537
7,-0.0004419809507419526,50.116030724368706,0.969939879759519,16.947542211370067,0.2697285116198097,0.005234033088257029
7,-0.0004491832055521843,50.13412655830618,0.9779559118236473,16.948940996141538,0.2697507739708799,0.005277151038085524
7,-0.0004564327909425014,50.15235451337529,0.9859719438877755,16.950348998750062,0.26977318302838316,0.00532026476794802
7,-0.00046372954180388503,50.17071444799691,0.9939879759519038,16.95176618716293,0.26979573828250325,0.0053633742259745504
7,-0.00047107329613970116,50.189206229493244,1.002004008016032,16.953192529874933,0.26981843923181903,0.005406479360313529
7,-0.00047846389513827426,50.20782973428766,1.0100200400801602,16.954627995918003,0.26984128538345853,0.005449580119138998
7,-0.0004859011832450724,50.22658484810485,1.0180360721442885,16.956072554870683,0.2698642762532492,0.005492676450657835
7,-0.0004933850082345049,50.24547146617169,1.0260521042084167,16.957526176867347,0.26988741136586486,0.005535768303116937
7,-0.0005009152212813156,50.26448949341854,1.034068136272545,16.95898883260722,0.26991069025496905,0.005578855624810323
7,-0.0005084916770315699,50.283638844681,1.0420841683366733,16.960460493363303,0.2699341124633576,0.005621938364086124
7,-0.0005161142336732344,50.30291944490241,1.0501002004008015,16.96194113099099,0.269957677543095,0.005665016469353559
7,-0.0005237827530063282,50.322331229336584,1.0581162324649298,16.963430717936482,0.269981385055649,0.005708089889089831
7,-0.0005314971005126532,50.34187414375131,1.066132264529058,16.964929227245044,0.2700052345720217,0.00575116139849359
7,-0.0005392571454250908,50.361548144632216,1.0741482965931863,16.966436632569053,0.2700292256728776,0.005794266929765487
7,-0.0005470627607964557,50.3813531993872,1.0821643286573146,16.967952908175803,0.270053357948668,0.005837368500151257
7,-0.0005549138235679025,50.40128928655138,1.0901803607214429,16.96947802895507,0.2700776309997513,0.005880466062926483
7,-0.0005628102146368823,50.42135639599252,1.0981963927855711,16.97101197042657,0.27010204443651153,0.005923559571414904
7,-0.0005707518189246296,50.441554529117,1.1062124248496994,16.97255470874704,0.2701265978794716,0.005966648978993771
7,-0.0005787385254431863,50.46188369907625,1.1142284569138277,16.97410622071722,0.2701512909594036,0.006009734239098847
7,-0.0005867702273619475,50.48234393097372,1.122244488977956,16.975666483788586,0.2701761233174368,0.00605281530522936
7,-0.0005948468220737187,50.50293526207226,1.1302605210420842,16.977235476069783,0.2702010946051593,0.006095892130952725
7,-0.0006029682112602858,50.52365774200212,1.1382765531062125,16.978813176332906,0.2702262044847187,0.00613896466990909
7,-0.0006111343009574795,50.54451143296928,1.1462925851703407,16.980399564019528,0.27025145262891725,0.006182032875815667
7,-0.000619345001619734,50.56549640996435,1.154308617234469,16.98199461924647,0.27027683872130454,0.00622509670247086
7,-0.0006276002281841221,50.5866127609719,1.1623246492985972,16.983598322811307,0.2703023624562643,0.006268156103758188
7,-0.000635899900133867,50.60786058718025,1.1703406813627255,16.985210656197722,0.2703280235391003,0.006311211033649921
7,-0.0006442439415613156,50.629240003191725,1.1783567134268538,16.98683160158052,0.2703538216861157,0.006354261446210587
7,-0.0006526322812303628,50.65075113723329,1.186372745490982,16.988461141830403,0.2703797566246893,0.006397307295600072
7,-0.0006610648526383215,50.67239413136767,1.1943887775551103,16.990099260518562,0.2704058280933485,0.006440348536076586
7,-0.0006695415940772206,50.69416914170483,1.2024048096192386,16.991745941920897,0.2704320358418364,0.006483385121999325
7,-0.0006780624486945301,50.71607633861393,1.2104208416833668,16.993401171022082,0.2704583796311767,0.00652641700783079
7,-0.000686627364553285,50.73811590693556,1.218436873747495,16.99506493351934,0.27048485923373367,0.0065694441481388794
7,-0.0006952362946916186,50.760288046194425,1.2264529058116231,16.996737215825824,0.2705114744332659,0.00661246649759864
7,-0.0007038891971816712,50.78259297081231,1.2344689378757514,16.998418005073948,0.2705382250249793,0.006655484010993683
7,-0.0007125860351878729,50.8050309103215,1.2424849699398797,17.00010728911822,0.27056511081557255,0.0066984966432173014
7,-0.0007213267770245856,50.82760210957832,1.250501002004008,17.001805056537975,0.27059213162328,0.006741504349273204
7,-0.0007301113962130843,50.850306828977146,1.2585170340681362,17.003511296639644,0.27061928727790824,0.006784507084275907
7,-0.0007389398715378738,50.87314534466456,1.2665330661322645,17.005225999458926,0.27064657762087047,0.0068275048034507685
7,-0.0007478121871023095,50.89611794875381,1.2745490981963927,17.006949155762452,0.2706740025052131,0.006870497462133602
7,-0.0007567283323835213,50.91922494953946,1.282565130260521,17.00868075704932,0.27070156179564,0.006913485015769869
7,-0.000765688302286612,50.94246667171223,1.2905811623246493,17.010420795552257,0.27072925536853126,0.006956467419913522
7,-0.0007746920971981237,50.96584345657397,1.2985971943887775,17.01216926423843,0.27075708311195584,0.006999444630225336
7,-0.0007837397230387421,50.98935566225278,1.3066132264529058,17.013926156810008,0.2707850449256807,0.007042416602470899
7,-0.0007928311913152238,51.0130036639182,1.314629258517034,17.015691467704364,0.27081314072117374,0.007085383292517953
7,-0.0008019665191715354,51.03678785399647,1.3226452905811623,17.017465192093926,0.2708413704216019,0.007128344656333449
7,-0.0008111457294391662,51.06070864238575,1.3306613226452906,17.01924732588576,0.27086973396182407,0.00717130064998001
7,-0.0008203688506866073,51.084766456671375,1.3386773547094188,17.021037865720732,0.2708982312883779,0.007214251229611819
7,-0.0008296359172679688,51.10896174234098,1.346693386773547,17.02283680897238,0.270926862359462,0.007257196351470111
7,-0.0008389469693707078,51.13329496299949,1.3547094188376754,17.024644153745395,0.2709556271449117,0.007300135971877987
7,-0.0008483020530624511,51.15776660058401,1.3627254509018036,17.026459898873764,0.2709845256261692,0.007343070047234717
7,-0.0008577012203368786,51.1823771555784,1.370741482965932,17.02828404391853,0.2710135577962483,0.007385998534009399
7,-0.0008671445291586461,51.207127147227624,1.3787575150300602,17.030116589165143,0.2710427236596921,0.007428921388734087
7,-0.0008766320435073155,51.23201711375173,1.3867735470941884,17.031957535620517,0.27107202323252616,0.007471838567996192
7,-0.0008861638334202661,51.257047612559454,1.3947895791583167,17.033806885009607,0.2711014565422039,0.007514750028430283
7,-0.0008957399750345606,51.282219220461315,1.402805611222445,17.035664639771596,0.2711310236275462,0.00755765572670917
7,-0.0009053605506277215,51.30753253388223,1.4108216432865732,17.037530803055706,0.2711607245386745,0.007600555619534333
7,-0.0009150256486574066,51.332988169073445,1.4188376753507015,17.039405378716623,0.271190559336938,0.0076434496636255565
7,-0.0009247353637999208,51.358586762323874,1.4268537074148298,17.041288371309346,0.2712205280948317,0.0076863378157098995
7,-0.0009344897969875668,51.38432897017061,1.434869739478958,17.043179786083794,0.2712506308959107,0.007729220032509783
7,-0.0009442890554447595,51.41021546960859,1.4428857715430863,17.04507962897881,0.27128086783469474,0.007772096270730402
7,-0.0009541332527228942,51.43624695829938,1.4509018036072143,17.046987906615854,0.27131123901656745,0.00781496648704616
7,-0.0009640225087339218,51.462424154778915,1.4589178356713426,17.04890462629203,0.2713417445576659,0.00785783063808642
7,-0.0009739569497825776,51.48874779866407,1.4669338677354709,17.050829795972845,0.2713723845847652,0.007900688680420216
7,-0.000983936708597253,51.515218650858124,1.4749498997995991,17.052763424284397,0.2714031592351538,0.0079435405705401
7,-0.0009939619243594263,51.54183749375476,1.4829659318637274,17.054705520504992,0.27143406865650055,0.007986386264845173
7,-0.0010040327427316422,51.568605131440776,1.4909819639278556,17.056656094556363,0.2714651130067148,0.008029225719622888
7,-0.001014149315883983,51.59552238989719,1.498997995991984,17.058615156994335,0.2714962924537977,0.008072058891030106
7,-0.0010243118025189666,51.62259011719864,1.5070140280561122,17.060582718998923,0.2715276071756847,0.008114885735072942
7,-0.0010345203678948538,51.64980918371111,1.5150300601202404,17.0625587923639,0.2715590573600795,0.008157706207585678
7,-0.001044775183847286,51.67718048228765,1.5230460921843687,17.06454338948583,0.2715906432042796,0.008200520264208339
7,-0.0010550764288092184,51.704704928462114,1.531062124248497,17.06653652335254,0.2716223649149927,0.00824332786036351
7,-0.0010654242878290854,51.73238346064065,1.5390781563126252,17.06853820753091,0.2716542227081423,0.00828612895123154
7,-0.00107581895258714,51.76021704029093,1.5470941883767535,17.070548456154206,0.27168621680866645,0.008328923491724914
7,-0.0010862606214099247,51.7882066521289,1.5551102204408818,17.0725672839087,0.2717183474503044,0.008371711436461093
7,-0.0010967494992828002,51.81635330430282,1.56312625250501,17.074594706019706,0.2717506148753744,0.008414492739734254
7,-0.0011072857978604706,51.8446580285746,1.5711422845691383,17.076630738236975,0.27178301933454163,0.008457267355485644
7,-0.0011178697354754508,51.873121880498125,1.5791583166332666,17.078675396819417,0.2718155610865748,0.008500035237272436
7,-0.0011285015371444137,51.90174593959444,1.5871743486973948,17.080728698519117,0.2718482403980914,0.008542796338235448
7,-0.0011391814345723282,51.930531309523694,1.595190380761523,17.08279066056479,0.27188105754329506,0.00858555061106509
7,-0.0011499096661543558,51.95947911825342,1.6032064128256514,17.084861300644388,0.27191401280369826,0.008628298007966051
7,-0.0011606864769754003,51.9885905182233,1.6112224448897796,17.086940636887082,0.27194710646783576,0.008671038480620336
7,-0.0011715121188072637,52.017866686505904,1.6192384769539079,17.089028687844444,0.27198033883096495,0.008713771980148768
7,-0.0011823868501033192,52.04730882496339,1.6272545090180361,17.091125472470956,0.27201371019475584,0.008756498457070695
7,-0.0011933109359906372,52.07691816039984,1.6352705410821644,17.093231010103644,0.27204722086696664,0.008799256390213783
7,-0.001204284648259474,52.10669594470906,1.6432865731462927,17.09534532044103,0.2720808711611092,0.008842053750829632
7,-0.0012153082653500568,52.136643455017655,1.651302605210421,17.09746842352121,0.2721146613960996,0.008884844915525667
7,-0.0012263820723365736,52.16676199382303,1.6593186372745492,17.0996003396991,0.27214859189589646,0.008927629828122603
7,-0.0012375063609082896,52.19705288912617,1.6673346693386772,17.101741089622912,0.2721826629891263,0.00897040843138387
7,-0.001248681429347703,52.227517494558896,1.6753507014028055,17.103890694209692,0.27221687500869424,0.009013180666959978
7,-0.0012599075825056548,52.25815718950541,1.6833667334669338,17.106049174619997,0.2722512282913809,0.009055946475330522
7,-0.0012711851317733002,52.28897337921769,1.691382765531062,17.1082165522317,0.27228572317742583,0.00909870579574412
7,-0.0012825143950508553,52.319967494924676,1.6993987975951903,17.110392848612843,0.272320360010095,0.009141458566156167
7,-0.0012938956967130236,52.35114099393489,1.7074148296593186,17.112578085493542,0.272355139135234,0.009184204723164247
7,-0.0013053293675710073,52.38249535973198,1.7154308617234468,17.114772284736954,0.27239006090080575,0.00922694420194136
7,-0.001316815744831011,52.414032102063345,1.723446893787575,17.116975468309274,0.27242512565641314,0.009269676936166553
7,-0.0013283551720491289,52.445752757020934,1.7314629258517034,17.119187658248645,0.27246033375280404,0.00931240285795316
7,-0.0013399479990825367,52.4776588871146,1.7394789579158316,17.121408876633183,0.2724956855413626,0.009355121897774724
7,-0.0013515945820368601,52.50975208133698,1.74749498997996,17.123639145547788,0.27253118137358096,0.009397833984387904
7,-0.0013632952832096385,52.54203395522006,1.7555110220440882,17.125878487050045,0.2725668216005165,0.009440539044753142
7,-0.0013750504710297673,52.574506150882925,1.7635270541082164,17.12812692313493,0.27260260657223,0.009483237003952334
7,-0.001386860519992819,52.60717033707026,1.7715430861723447,17.13038447569842,0.27263853663720694,0.009525927785103779
7,-0.0013987258105921296,52.640028209181295,1.779559118236473,17.13265116650001,0.27267461214176036,0.009568611309274354
7,-0.0014106467292455424,52.67308148928899,1.7875751503006012,17.134927017124056,0.27271083342941593,0.009611287495388516
7,-0.0014226236682177136,52.70633192614872,1.7955911823647295,17.137212048939865,0.27274720084027676,0.009653956260134548
7,-0.0014346570255378277,52.73978129519644,1.8036072144288577,17.139506283060744,0.27278371471037155,0.009696617517867495
7,-0.0014467472049126712,52.77343139853571,1.811623246492986,17.141809740301635,0.2728203753709804,0.00973927118050914
7,-0.0014588946156348865,52.80728406491325,1.8196392785571143,17.144122441135647,0.272857183147943,0.009781917157444494
7,-0.001471099672486343,52.8413411496826,1.8276553106212425,17.146444405649255,0.2728941383609455,0.009824555355415163
7,-0.0014833627956364736,52.87560453475543,1.8356713426853708,17.148775653496216,0.27293124132278707,0.00986718567840928
7,-0.0014956844105354858,52.91007612854023,1.843687374749499,17.151116203850155,0.2729684923386256,0.009909808027547902
7,-0.0015080649478023112,52.94475786586761,1.8517034068136273,17.153466075355883,0.2730058917052023,0.009952422300967817
7,-0.0015205048431071934,52.979651707902114,1.8597194388777556,17.155825286079253,0.2730434397100443,0.009995028393700922
7,-0.0015330045370487788,53.01475964203994,1.8677354709418839,17.158193853455693,0.2730811366306449,0.010037626197549606
7,-0.0015455644750256127,53.050083681792046,1.8757515030060121,17.160571794237363,0.27311898273362323,0.010080215600958557
7,-0.0015581851071019021,53.08562586665225,1.8837675350701404,17.162959124438842,0.273156978273859,0.010122796488882516
7,-0.001570866887867453,53.121388261949896,1.8917835671342684,17.165355859281373,0.273195123493606,0.010165368742650295
7,-0.001583610276291636,53.157372958686445,1.8997995991983967,17.16776201313566,0.2732334186215809,0.010207932239824424
7,-0.001596415735571286,53.19358207335567,1.907815631262525,17.17017759946318,0.2732718638720299,0.010250486854057066
7,-0.001609283732972423,53.23001774774685,1.9158316633266532,17.17260263075601,0.2733104594437705,0.010293032454941337
7,-0.0016222147396656632,53.26668214873051,1.9238476953907815,17.175037118475053,0.2733492055192087,0.010335568907858736
7,-0.001635209230555216,53.303577468026155,1.9318637274549098,17.17748107298683,0.2733881022633328,0.010378096073821742
7,-0.0016482676841013558,53.340705921951574,1.939879759519038,17.17993450349863,0.2734271498226814,0.0104206138093124
7,-0.001661390582136273,53.37806975115307,1.9478957915831663,17.182397417992107,0.27346634832428635,0.010463121966116134
7,-0.0016745784096731705,53.41567122031628,1.9559118236472945,17.184869823155342,0.2735056978745918,0.010505620391150949
7,-0.001687831654708522,53.453512617856774,1.9639278557114228,17.187351724313157,0.27354519855834497,0.010548108926292033
7,-0.001701150808017381,53.49159625559028,1.971943887775551,17.189843125355985,0.27358485043746406,0.010590587408191533
7,-0.0017145363629416613,53.52992446838169,1.9799599198396793,17.19234402866698,0.273624653549878,0.010633055668093506
7,-0.0017279888151712523,53.56849961377246,1.9879759519038076,17.19485443504751,0.2736646079083411,0.010675513531643902
7,-0.0017415086625179287,53.607324071585914,1.9959919839679359,17.19737434364103,0.27370471349922093,0.010717960818695622
7,-0.0017550964046819293,53.646400243509824,2.004008016032064,17.19990375185524,0.27374497028125977,0.010760397343108422
7,-0.0017687525430111497,53.68573055265579,2.012024048096192,17.2024426552826,0.27378537818430954,0.010802822912543758
7,-0.0017824775802528373,53.72531744309491,2.0200400801603204,17.20499104761919,0.2738259371080401,0.010845237328254322
7,-0.0017962720202977654,53.7651633793692,2.0280561122244487,17.20754892058178,0.2738666469206198,0.010887640384868424
7,-0.0018101363679167825,53.80527084597829,2.036072144288577,17.210116263823355,0.27390750745737086,0.010930031870168918
7,-0.001824071128489669,53.8456423468408,2.0440881763527052,17.212693064846853,0.2739485185193963,0.01097241156486675
7,-0.0018380768077262929,53.88628040472992,2.0521042084168335,17.215279308917218,0.27398967987218037,0.01101477924236913
7,-0.0018521539113799785,53.92718756068289,2.0601202404809618,17.21787497897186,0.2740309912441635,0.011057134668542084
7,-0.0018663029449530676,53.968366373383546,2.06813627254509,17.22048005552929,0.2740724523252883,0.011099477601467489
7,-0.0018805244133946288,54.00981941851772,2.0761523046092183,17.223094516596202,0.2741140627655203,0.011141807791194423
7,-0.0018948188207903159,54.051549288101015,2.0841683366733466,17.225718337572857,0.2741558221733426,0.01118412497948501
7,-0.0019091866700443258,54.093558589778304,2.092184368737475,17.228351491156772,0.27419773011422266,0.011226428899554362
7,-0.0019236284625534928,54.135849946094844,2.100200400801603,17.230993947244823,0.2742397861090543,0.011268719275805018
7,-0.0019381446978734966,54.178425993738244,2.1082164328657313,17.233645672833678,0.2742819896325733,0.011310995823555353
7,-0.001952735873377238,54.22128938275122,2.1162324649298596,17.236306631918705,0.274324340111748,0.011353258248762387
7,-0.0019674024839053173,54.264442775714386,2.124248496993988,17.23897678539123,0.27436683692414465,0.011395506247738833
7,-0.0019821450214087973,54.3078888468991,2.132264529058116,17.241656090934214,0.27440947939626653,0.011437739506864008
7,-0.0019969639745841842,54.351630281389816,2.1402805611222444,17.24434450291653,0.2744522668018719,0.01148004020715674
7,-0.0020118598285007406,54.39566977417564,2.1482965931863727,17.247041972285654,0.27449519836026537,0.01152234436995561
7,-0.0020268330642201973,54.44001002921081,2.156312625250501,17.249748446458863,0.27453827323456703,0.011564632844639218
7,-0.002041884158408977,54.48465375844406,2.164328657314629,17.252463869213113,0.27458149052995934,0.011606905243753792
7,-0.002057013582942978,54.5296036808162,2.1723446893787575,17.2551881805735,0.2746248492919121,0.011649161167672301
7,-0.0020722218045051348,54.57486252122623,2.1803607214428857,17.257921316700347,0.27466834850438515,0.011691400204260393
7,-0.0020875092841757636,54.6204330094654,2.188376753507014,17.260663209775036,0.27471198708801176,0.011733621928536544
7,-0.0021028764770159984,54.66631787911949,2.1963927855711423,17.263413787884648,0.2747557638982623,0.011775825902326545
7,-0.002118323831644317,54.712519866438804,2.2044088176352705,17.26617297490541,0.27479967772358915,0.011818011673912183
7,-0.0021338517898064828,54.759041709176245,2.212424849699399,17.268940690384984,0.2748437272835538,0.011860178777674564
7,-0.002149460785939028,54.80588614539317,2.220440881763527,17.271716849423754,0.2748879112269368,0.011902326733731693
7,-0.0021651512467265417,54.85305591223336,2.2284569138276553,17.274501362555146,0.27493222812983326,0.011944455047570643
7,-0.002180923590652934,54.90055374466484,2.2364729458917836,17.277294135625063,0.2749766764937344,0.011986563209674561
7,-0.0021967782275470154,54.948382374190054,2.244488977955912,17.280095069670388,0.2750212547435932,0.012028650695144213
7,-0.002212715558122629,54.99654452752439,2.25250501002004,17.282904060796866,0.27506596122588123,0.0120707169633146
7,-0.0022287359735135956,55.04504292524334,2.2605210420841684,17.28572100005632,0.27511079420663437,0.012112761457366372
7,-0.0022448398548038694,55.093880280398636,2.2685370741482966,17.288545773323193,0.27515575186948804,0.012154783603932672
7,-0.002261027572553164,55.14305929710377,2.276553106212425,17.29137826117076,0.27520083231370684,0.012196782812701007
7,-0.0022772994863184282,55.192582669089134,2.284569138276553,17.294218338746905,0.27524603355220767,0.012238758476010702
7,-0.002293655944171578,55.242453078227506,2.2925851703406814,17.297065875649594,0.2752913535095776,0.012280709968445958
7,-0.002310097282213832,55.29267319303039,2.3006012024048097,17.299920735802306,0.27533679002009165,0.01232263664642476
7,-0.0023266238240870906,55.343245667115504,2.308617234468938,17.302782777329345,0.2753823408257279,0.012364537847783786
7,-0.002343235880482815,55.39417313764672,2.3166332665330662,17.30565185243118,0.2754280035741838,0.012406412891359455
7,-0.002359933748648848,55.4454582237466,2.3246492985971945,17.30852780726018,0.2754737758168982,0.012448261076565457
7,-0.002376717711894603,55.4971035248826,2.3326653306613228,17.311410481796393,0.2755196550070746,0.012490081682967065
7,-0.002393588039095276,55.54911161922811,2.340681362725451,17.314299709724075,0.27556563849771554,0.01253187396985218
7,-0.0024105449841953937,55.60148506199868,2.3486973947895793,17.317195318308613,0.2756117235396644,0.012573637175799703
7,-0.00242758878571242,55.65422638376509,2.3567134268537075,17.32009712827424,0.2756579072796587,0.012615370518245243
7,-0.0024447196662408734,55.70733808874399,2.364729458917836,17.32300495368271,0.2757041867583993,0.01265707319304455
7,-0.0024619378319575944,55.7608226530675,2.372745490981964,17.325918601812802,0.27575055890863276,0.012698744374035127
7,-0.0024792434721287245,55.81468252303299,2.3807615230460923,17.32883787304125,0.27579702055325606,0.012740383212595983
7,-0.0024966367586190413,55.86892011333434,2.3887775551102206,17.331762560724798,0.27584356840343977,0.012781988837206078
7,-0.0025141178454042923,55.92353780527616,2.396793587174349,17.334692451083882,0.2758901990567763,0.012823560353001803
7,-0.0025316868680871386,55.97853794497252,2.404809619238477,17.33762732308785,0.2759369089954537,0.012865096841333646
7,-0.002549343943417471,56.03392284153172,2.4128256513026054,17.340566948342094,0.27598369458445876,0.012906597359322754
7,-0.0025670891688176476,56.089694765228636,2.4208416833667337,17.343511090977124,0.276030552069812,0.012948060939417255
7,-0.0025849226219135275,56.145855945666774,2.428857715430862,17.34645950753976,0.27607747757683576,0.012989486588949065
7,-0.002602844360071845,56.20240856993132,2.43687374749499,17.349411946886722,0.27612446710846056,0.013030873289691654
7,-0.0026208544199448026,56.259354780735556,2.444889779559118,17.35236815008064,0.2761715165435702,0.01307221999741866
7,-0.0026389528170225125,56.316696674562216,2.4529058116232463,17.355327850288795,0.27621862163538996,0.013113525641464315
7,-0.0026571395451941153,56.374436299802234,2.4609218436873745,17.358290772684654,0.2762657780099198,0.013154789124285842
7,-0.0026754145763182957,56.43257565489253,2.468937875751503,17.361256634352458,0.2763129811644156,0.013196009321028107
7,-0.002693777859803958,56.49111668645536,2.476953907815631,17.364225144195007,0.2763602264659215,0.01323718507909117
7,-0.00271222932220189,56.550061287441395,2.4849699398797593,17.36719600284483,0.2764075091498561,0.013278315217701052
7,-0.0027307688668081346,56.60941129527871,2.4929859719438876,17.37016890257884,0.27645482431865454,0.013319398527484289
7,-0.002749396373279875,56.66916849003019,2.501002004008016,17.373143527236852,0.27650216694047114,0.013360433770046368
7,-0.002768111697264635,56.72933459256166,2.509018036072144,17.376119552143855,0.27654953184794256,0.013401419677554972
7,-0.002786914670043535,56.78991126272343,2.5170340681362724,17.379096644036466,0.27659691373701734,0.01344235495232809
7,-0.002805805098189434,56.85090009754739,2.5250501002004007,17.38207446099356,0.27664430716585175,0.013483238266427465
7,-0.0028247827632406955,56.91230262946269,2.533066132264529,17.385052652371392,0.27669170655377734,0.01352406826125822
7,-0.002843847421391358,56.97412032453227,2.541082164328657,17.38803085874321,0.2767391061803396,0.013564843547174597
7,-0.002862998803198482,57.036354580712995,2.5490981963927855,17.391008711843646,0.2767865001844132,0.013605562703092417
7,-0.0028822366133073947,57.099006726142115,2.5571142284569137,17.393985834518027,0.2768338825633951,0.013646224276108952
7,-0.0029015605301956084,57.16207801745272,2.565130260521042,17.396961840676752,0.27688124717247836,0.01368682678113046
7,-0.0029209702059360956,57.22556963812087,2.5731462925851702,17.399936335254715,0.27692858772400664,0.013727368700507447
7,-0.0029404652659806617,57.28948269684716,2.5811623246492985,17.402908914176304,0.2769758977869168,0.01376784848367894
7,-0.0029600453089640476,57.35381822597553,2.5891783567134268,17.40587916432566,0.27702317078626576,0.013808264546825369
7,-0.002979709906529498,57.41857717995189,2.597194388777555,17.408846663522635,0.2770704000028477,0.013848615272530765
7,-0.00299945860317637,57.48376043382548,2.6052104208416833,17.411810980504523,0.2771175785729036,0.013888899009454992
7,-0.0030192909161304207,57.54936878179559,2.6132264529058116,17.414771674913467,0.2771646994879204,0.013929114072015743
7,-0.003039206335237357,57.615402935806316,2.62124248496994,17.41772829729,0.27721175559452854,0.013969258740081255
7,-0.00305920432288022,57.681863524192124,2.629258517034068,17.42068038907245,0.2772587395944923,0.01400933125867387
7,-0.0030792843139210656,57.748751090376764,2.6372745490981964,17.42362748260262,0.27730564404480035,0.014049329837684747
7,-0.0030994457156675024,57.8160660916282,2.6452905811623246,17.42656910113756,0.277352461357853,0.014089252651600116
7,-0.0031196879078644844,57.88380889787207,2.653306613226453,17.42950475886763,0.27739918380174966,0.014129097839239437
7,-0.0031400102427117773,57.95197979056622,2.661322645290581,17.432433960941026,0.27744580350067927,0.014168863503505765
7,-0.0031604120449075057,58.02057896163872,2.6693386773547094,17.435356203494447,0.27749231243540834,0.01420854771114833
7,-0.0031808926117180146,58.08960651249156,2.6773547094188377,17.438270973690393,0.2775387024438745,0.014248148492537959
7,-0.003201451213074466,58.15906245307276,2.685370741482966,17.441177749760783,0.27758496522188086,0.014287663841455566
7,-0.0032220870916962745,58.228946701018536,2.693386773547094,17.444076001057045,0.2776310923238931,0.01432709171489334
7,-0.0032427994632416367,58.29925908086802,2.7014028056112225,17.446965188106706,0.2776770751639402,0.014366430032869675
7,-0.0032635875164853086,58.36999932335235,2.7094188376753507,17.449844762676346,0.27772290501661623,0.014405676678257364
7,-0.0032844504135236675,58.441167064760194,2.717434869739479,17.452714167841005,0.2777685730181851,0.014444829496625457
7,-0.003305387290007156,58.51276184638128,2.7254509018036073,17.455572838060007,0.2778140701677875,0.014483886296094756
7,-0.003326397255400039,58.58478311402981,2.7334669338677355,17.458420199259113,0.27785938732874804,0.014522844847207355
7,-0.003347479393267461,58.657230217649165,2.741482965931864,17.461255668918778,0.27790451522998033,0.014561702882809715
7,-0.0033686327615896432,58.73010241099935,2.749498997995992,17.46407865616889,0.27794944446749437,0.014600458097949912
7,-0.003389856393103095,58.8033988514286,2.7575150300601203,17.466888561889387,0.2779941655059983,0.0146391081497887
7,-0.0034111492956685288,58.87711859972986,2.7655310621242486,17.469684778817005,0.27803866868059707,0.014677650657524282
7,-0.003432510452665331,58.95126062008385,2.773547094188377,17.472466691657804,0.2780829441985835,0.014716083202331177
7,-0.0034539388234121025,59.02582378008869,2.781563126252505,17.475233677205615,0.2781269821413233,0.014754403327312518
7,-0.0034754333436130126,59.10080685087756,2.7895791583166334,17.477985104466036,0.2781707724662286,0.014792608537466199
7,-0.0034969929258294357,59.17620850732435,2.7975951903807617,17.480720334785843,0.2782143050088179,0.014830696299664292
7,-0.003518616459976414,59.25202732833799,2.80561122244489,17.48343872198789,0.27825756948486224,0.014868664042645854
7,-0.003540302813843415,59.328261797245574,2.813627254509018,17.486139612511003,0.27830055549261257,0.014906509157022744
7,-0.0035620508336387394,59.40491030226426,2.8216432865731464,17.488822345554922,0.27834325251510617,0.014944228995298453
7,-0.003583859344556996,59.481971137062,2.8296593186372747,17.491486253229986,0.27838564992254883,0.014981820871899169
7,-0.0036057271513688684,59.55944250140642,2.837675350701403,17.494130660711345,0.2784277369747696,0.015019282063217617
7,-0.003627653039032543,59.63732250190207,2.8456913827655312,17.496754886397632,0.27846950282374566,0.01505660980766846
7,-0.00364963577332588,59.715609152814565,2.8537074148296595,17.49935824207363,0.27851093651619185,0.015093801305755565
7,-0.003671674101498636,59.794300376981624,2.8617234468937878,17.50194003307686,0.2785520269962113,0.01513085372015044
7,-0.0036937667529437375,59.87339400680948,2.869739478957916,17.504499558467888,0.2785927631080064,0.015167764175781721
7,-0.003715912439886803,59.952887785353816,2.8777555110220443,17.50703611120394,0.278633133598642,0.015204529759934797
7,-0.003738109858092912,60.032779367484,2.8857715430861726,17.50954897831573,0.27867312712085945,0.01524114752236184
7,-0.0037603576875896386,60.113066321128855,2.8937875751503004,17.51203744108705,0.278712732235935,0.01527761447540105
7,-0.003782654593405373,60.19374612860281,2.9018036072144286,17.51450077523716,0.2787519374165827,0.015313927594105346
7,-0.003804999226321856,60.27481618801037,2.909819639278557,17.516938251105273,0.27879073104989044,0.01535008381637925
7,-0.003827390223639897,60.356273814727174,2.917835671342685,17.519349133837306,0.27882910144029227,0.015386080043124067
7,-0.003849826209957127,60.43811624295549,2.9258517034068134,17.521732683574278,0.2788670368125667,0.015421913138390659
7,-0.003872305797956743,60.5203406273522,2.9338677354709417,17.524088155642243,0.2789045253148598,0.015457579929538947
7,-0.003894827589206074,60.60294404472674,2.94188376753507,17.526414800743375,0.2789415550217264,0.015493077207404058
7,-0.003917390174963847,60.68592349580681,2.9498997995991982,17.52871186514808,0.2789781139371873,0.015528401726468096
7,-0.003939992136994961,60.76927590706909,2.9579158316633265,17.530978590887536,0.27901418999779415,0.015563550205037508
7,-0.003962632048391667,60.85299813263254,2.9659318637274548,17.533214215946803,0.2790497710757024,0.015598519325424625
7,-0.003985308474399935,60.937086956211495,2.973947895791583,17.53541797445776,0.2790848449817424,0.01563330573413377
7,-0.0040080199732498625,61.02153909312553,2.9819639278557113,17.537589096891924,0.27911939946848785,0.015667906042050404
7,-0.0040307650969889424,61.106351192363576,2.9899799599198396,17.53972681025271,0.2791534222333161,0.01570231682463332
7,-0.004053542392317025,61.19151983869868,2.997995991983968,17.541830338266884,0.27918690092145493,0.015736534622109073
7,-0.004076350401421845,61.277041554851166,3.006012024048096,17.54389890157495,0.27921982312901267,0.015770555939667818
7,-0.004099187662813875,61.36291280369606,3.0140280561122244,17.54593171792003,0.27925217640598443,0.015804501418670836
7,-0.004122052712159528,61.44912999051269,3.0220440881763526,17.547928002335414,0.27928394825923697,0.01583839382785329
7,-0.004144944083111376,61.53568946527216,3.030060120240481,17.549886967329876,0.2793151261554582,0.015872088301959967
7,-0.004167860308134478,61.62258752496032,3.038076152304609,17.551807823071098,0.27934569752407645,0.015905581356926046
7,-0.004190799919327593,61.70982041593227,3.0460921843687374,17.55368977756652,0.2793756497601385,0.015938869475845985
7,-0.004213761449238294,61.797384336295586,3.0541082164328657,17.555532036841694,0.27940497022714855,0.015971949109170012
7,-0.0042367434316709085,61.88527543831852,3.062124248496994,17.557333805115587,0.27943364625985817,0.016004816674898822
7,-0.0042597444024862876,61.973489830860096,3.070140280561122,17.559094284972947,0.27946166516700943,0.016037468558775008
7,-0.0042827629003924185,62.06202358181873,3.0781563126252505,17.560812677533256,0.279489014234024,0.01606990111447139
7,-0.004305797467724947,62.150872720595956,3.0861723446893787,17.56248818261611,0.27951568072563515,0.01610211066377526
7,-0.004328846651216671,62.24003324057214,3.094188376753507,17.564119998902953,0.27954165188846203,0.016134093496768302
7,-0.004351909002755125,62.32950110159057,3.1022044088176353,17.565707324094863,0.2795669149535207,0.01616584587200137
7,-0.004374983080127449,62.41927223244717,3.1102204408817635,17.56724935506618,0.27959145713866934,0.0161973640166639
7,-0.004398067447751678,62.50934253338226,3.118236472945892,17.568745288013904,0.27961526565098577,0.016228644126747648
7,-0.004421160677393715,62.59970787857123,3.12625250501002,17.570194318602685,0.2796383276890753,0.016259682367203317
7,-0.004444261348869281,62.6903641186114,3.1342685370741483,17.571595642105144,0.27966063044530404,0.01629047487209105
7,-0.004467368050730091,62.781307083001465,3.1422845691382766,17.57294845353758,0.2796821611079584,0.01632101774472339
7,-0.004490479380933676,62.8725325826112,3.150300601202405,17.574251947790756,0.2797029068633269,0.016351307057800395
7,-0.004513593947496215,62.96403641213787,3.158316633266533,17.575505319755763,0.27972285489770327,0.01638133885353683
7,-0.00453671036912782,63.0558143525472,3.1663326653306614,17.576707764444755,0.279741992399308,0.016411109143780925
7,-0.004559827275849767,63.14786217349553,3.1743486973947896,17.577858477106677,0.27976030656013035,0.01644061391012433
7,-0.004582943309593172,63.2401756357311,3.182364729458918,17.57895665333753,0.279777784577683,0.016469849104002884
7,-0.004606057124778724,63.332750493471316,3.190380761523046,17.580001489185513,0.27979441365667557,0.016498810646788067
7,-0.004629167388877055,63.42558249675423,3.1983967935871744,17.580992181250675,0.27981018101060084,0.016527494429868617
7,-0.004652272782949424,63.51866739376114,3.2064128256513027,17.581927926779233,0.27982507386323546,0.016555896314722457
7,-0.004675372002168362,63.61200093310855,3.214428857715431,17.582807923752338,0.279839079450053,0.016584164496248083
7,-0.004698463756318148,63.705578866107274,3.2224448897795592,17.583631370969382,0.2798521850195498,0.016612526368427215
7,-0.004721546770274685,63.79939694898628,3.2304609218436875,17.584397468125832,0.2798643778344836,0.016640607260943706
7,-0.004744619784464855,63.89345094507981,3.2384769539078158,17.58510541588549,0.2798756451730236,0.016668403099943625
7,-0.004767681555304976,63.987736626975504,3.246492985971944,17.585754415947267,0.27988597432981344,0.016695909783301096
7,-0.0047907308556184745,64.08224977862226,3.2545090180360723,17.586343671106377,0.2798953526169449,0.016723123180638393
7,-0.0048137664750325165,64.17698619739546,3.2625250501002006,17.586872385310148,0.27990376736484623,0.01675003913333603
7,-0.004836787220353765,64.27194169611916,3.270541082164329,17.58733976370829,0.2799112059230821,0.016776653454531082
7,-0.004859791915923121,64.36711210504252,3.278557114228457,17.587745012697766,0.2799176556610679,0.016802961929105176
7,-0.00488277940394962,64.4624932737705,3.2865731462925853,17.58808733996222,0.27992310396869724,0.01682896031366059
7,-0.004905748544823471,64.55808107314644,3.2945891783567136,17.588365954506166,0.2799275382568858,0.016854644336485942
7,-0.004928698217408412,64.65387139708633,3.302605210420842,17.588580066683832,0.27993094595803103,0.016880009697510218
7,-0.004951627319313548,64.74986016436345,3.31062124248497,17.588728888222814,0.27993331452638776,0.016905052068245635
7,-0.0049745347671447445,64.8460433203423,3.3186372745490984,17.588811632242617,0.27993463143836406,0.016929767091719488
7,-0.004997419496735944,64.94241683866156,3.3266533066132267,17.588827513268065,0.2799348841927342,0.01695415038239467
7,-0.00502028046336047,65.03897672286497,3.3346693386773545,17.58877574723786,0.27993406031077506,0.016978461320607784
7,-0.005043116641922704,65.13571900797984,3.3426853707414828,17.588655551508115,0.2799321473363223,0.017003457473707146
7,-0.00506592702713035,65.23263976204251,3.350701402805611,17.58846614485125,0.2799291328357529,0.017028686356632034
7,-0.005088710633647588,65.32973508757051,3.3587174348697393,17.588206747450045,0.2799250043978902,0.01705360010729384
7,-0.005111466496229547,65.4270011229814,3.3667334669338675,17.58787658088724,0.27991974963383875,0.01707819456900419
7,-0.00513419366983826,65.52443404395748,3.374749498997996,17.587474868130585,0.2799133561767463,0.0171024655597519
7,-0.0051568912297406105,65.62203006475679,3.382765531062124,17.587000833513567,0.2799058116814968,0.01712640887211569
7,-0.005179558271588632,65.71978543947029,3.3907815631262523,17.586453702711843,0.2798971038243356,0.017150020273166096
7,-0.005202193911482489,65.81769646322508,3.3987975951903806,17.58583270271555,0.2798872203024286,0.017173295504356915
7,-0.005224797286016605,65.915759473334,3.406813627254509,17.585137061797703,0.2798761488333593,0.01719623028140562
7,-0.005247367552309361,66.01397085039184,3.414829659318637,17.584366009478504,0.279863877154561,0.01721882029416399
7,-0.005269903888016746,66.11232701931819,3.4228456913827654,17.583518776486116,0.27985039302269216,0.017241061206477688
7,-0.0052924054913305,66.21082445034764,3.4308617234468937,17.58259459471359,0.27983568421295085,0.017262948656036267
7,-0.0053148715809610446,66.3094596599674,3.438877755511022,17.581592697172464,0.27981973851833664,0.017284559815098178
7,-0.005337301396105877,66.40822921180332,3.44689378757515,17.580512317942787,0.279802543748855,0.017306693169657997
7,-0.005359694196403642,66.50712971745399,3.4549098196392785,17.579352692120107,0.27978408773067326,0.017328479552166764
7,-0.005382049261874591,66.60615783727465,3.4629258517034067,17.5781130557591,0.2797643583052242,0.01734991472968288
7,-0.00540436589284772,66.70531028111048,3.470941883767535,17.576792645814376,0.27974334332826317,0.01737099444414907
7,-0.005426643409875162,66.80458380898075,3.4789579158316633,17.575390700078326,0.2797210306688793,0.017391714412204478
7,-0.005448881153634281,66.90397523171407,3.4869739478957915,17.57390645711629,0.2796974082084635,0.017412070324987875
7,-0.00547107848481793,67.00348141153577,3.49498997995992,17.572339156198982,0.27967246383963335,0.01743205784793205
7,-0.005493234784013407,67.10309926260828,3.503006012024048,17.570688037232628,0.27964618546512054,0.017451672620550165
7,-0.005515349451570497,67.20282575152497,3.5110220440881763,17.568952340686526,0.2796185609966185,0.017470910256213244
7,-0.005537421907459171,67.30265789775893,3.5190380761523046,17.5671313075185,0.27958957835359605,0.017489883440397522
7,-0.005559451591117337,67.40259277406716,3.527054108216433,17.565224179098266,0.27955922546207684,0.017509516990812664
7,-0.0055814379612891514,67.5026275068511,3.535070140280561,17.563230197128636,0.2795274902533866,0.017528782508973207
7,-0.005603380495854375,67.60275927647507,3.5430861723446894,17.561148603564998,0.2794943606628705,0.01754767576005951
7,-0.005625278691649119,67.70298531754247,3.5511022044088176,17.558978640533013,0.27945982462858376,0.017566192484042426
7,-0.0056471320642786154,67.80330291913207,3.559118236472946,17.55671955024458,0.2794238700899543,0.017584328395436603
7,-0.0056689401479223175,67.90370942499447,3.567134268537074,17.554370574912404,0.2793864849864226,0.017602079183047712
7,-0.005690702495131777,68.00420223371012,3.5751503006012024,17.551930956662986,0.27934765725605737,0.017619440509712717
7,-0.0057124186766218145,68.1047787988097,3.5831663326653307,17.549399937448474,0.27930737483415236,0.01763640801203391
7,-0.005734088281055365,68.20543662885868,3.591182364729459,17.54677675895711,0.2792656256518011,0.017653759361292137
7,-0.005755710914822367,68.30617328750584,3.599198396793587,17.544060662522813,0.27922239763445783,0.017671291453243042
7,-0.005777286201813159,68.40698639349802,3.6072144288577155,17.541250889033503,0.2791776787004786,0.01768844155405142
7,-0.005798813783186813,68.50787362066157,3.6152304609218437,17.53834667883875,0.2791314567596513,0.017705205474319613
7,-0.005820293317134672,68.60883269785151,3.623246492985972,17.535347271656423,0.27908371971171003,0.01772157899936636
7,-0.005841724478639635,68.70986140886998,3.6312625250501003,17.532251906478763,0.2790344554448401,0.017737557888948808
7,-0.00586310695923143,68.81095759235443,3.6392785571142285,17.529059821477762,0.2789836518341723,0.01775313787697918
7,-0.005884440466738262,68.91211914163685,3.647294589178357,17.52577025391002,0.2789312967402682,0.017768490625683583
7,-0.00590572472503528,69.01334400457552,3.655310621242485,17.522382440021115,0.2788773780075987,0.01778479847945136
7,-0.005926959473790074,69.11463018335954,3.6633266533066133,17.518895614949663,0.27882188346301684,0.017800721836219446
7,-0.005948144468205607,69.21597573428777,3.6713426853707416,17.515309012630997,0.2787648009142248,0.017816256625066595
7,-0.005969279478760902,69.3173787675231,3.67935871743487,17.511621865700764,0.27870611814823953,0.01783139875028339
7,-0.005990364290949758,69.41883744682278,3.687374749498998,17.507833405398163,0.2786458229298529,0.017846144091085706
7,-0.00601139870501784,69.5203499892463,3.6953907815631264,17.503942861469294,0.27858390300009334,0.017860488501324195
7,-0.006032382535698403,69.6219146648414,3.7034068136272547,17.49994946207044,0.27852034607468656,0.017875198523510646
7,-0.006053315611946926,69.72352979630934,3.711422845691383,17.495852433671327,0.2784551398425159,0.01789045739315775
7,-0.0060741977766749465,69.82519375865044,3.719438877755511,17.49165100095866,0.27838827196408705,0.017905332519900324
7,-0.006095028886483338,69.92690497879082,3.7274549098196395,17.487344386739636,0.2783197300699922,0.01791981997550867
9,1.9007011483102e-5,48.984350808818995,0.0,16.858046428280172,0.26830414199334607,0.0
9,1.8973320808557368e-5,48.984431648601515,0.008016032064128256,16.85805297001821,0.2683042461083406,4.329516628640934e-5
9,1.8872250941008927e-5,48.98467416437652,0.01603206412825651,16.858072594808007,0.2683045584465709,8.65909833877569e-5
9,1.8703808347909063e-5,48.98507834542775,0.02404809619238477,16.85810530137677,0.26830507898777994,0.0001298874242704736
9,1.8468003805665184e-5,48.98564417389981,0.03206412825651302,16.858151087603726,0.2683058076982145,0.00017318446184390874
9,1.8164852395623074e-5,48.98637162480557,0.04008016032064128,16.858209950521015,0.26830674453063963,0.00021648206895255506
9,1.7794373498448918e-5,48.987260666036704,0.04809619238476954,16.858281886314845,0.2683078894243569,0.00025978021836830313
9,1.7356590786915985e-5,48.98831125837701,0.056112224448897796,16.85836689032709,0.2683092423052301,0.0003030788827827415
9,1.685153221710305e-5,48.98952335551889,0.06412825651302605,16.858464957057084,0.2683108030857132,0.00034637803479949363
9,1.627923001801327e-5,48.99089690408259,0.07214428857715431,16.858576080163893,0.26831257166488726,0.00038967764692660886
9,1.563972067962411e-5,48.992431843638464,0.08016032064128256,16.85870025246883,0.26831454792849985,0.0004329776915690132
9,1.4933044939380123e-5,48.9941281067321,0.08817635270541083,16.858837465958352,0.2683167317490115,0.0004762781410210122
9,1.415924776714205e-5,48.99598561891229,0.09619238476953908,16.85898771178726,0.2683191229856464,0.0005195789674588642
9,1.3318378348607312e-5,48.99800429876191,0.10420841683366733,16.859150980282198,0.2683217214844485,0.0005628801429334286
9,1.2410490067218368e-5,49.00018405793148,0.11222444889779559,16.85932726094553,0.2683245270783426,0.0006061816393628801
9,1.1435640484577e-5,49.00252480117563,0.12024048096192384,16.85951654245953,0.2683275395872015,0.0006494834285255145
9,1.0393891319383906e-5,49.00502642639224,0.1282565130260521,16.859718812690826,0.26833075881791657,0.0006927854820526342
9,9.285308424924624e-6,49.007688824664264,0.13627254509018036,16.85993405869517,0.26833418456447383,0.0007360877714215285
9,8.109961765124011e-6,49.01051188030419,0.14428857715430862,16.860162266722597,0.26833781660803563,0.0007793902679485461
9,6.8679253891930215e-6,49.01349547090118,0.1523046092184369,16.860403422222763,0.26834165471702615,0.0008226929427822675
9,5.559277404892835e-6,49.01663946737063,0.16032064128256512,16.860657509850647,0.26834569864722174,0.0008659957668967801
9,4.184099950442772e-6,49.01994373400642,0.1683366733466934,16.860924513472522,0.26834994814184626,0.0009092987110850742
9,2.742479165099592e-6,49.0234081285354,0.17635270541082165,16.861204416172196,0.26835440293167007,0.0009526017459525304
9,1.2345051584371434e-6,49.02703250217445,0.1843687374749499,16.86149720025754,0.2683590627351142,0.0009959048419105412
9,-3.3972802164355303e-7,49.030816699689765,0.19238476953907815,16.86180284726729,0.2683639272583584,0.0010392079691702455
9,-1.9801224221422534e-6,49.03476055945843,0.20040080160320642,16.86212133797809,0.2683689961954537,0.0010825110977363895
9,-3.68657621939333e-6,49.038863913532246,0.20841683366733466,16.862452652411807,0.2683742692284381,0.001125814197401315
9,-5.4589837546716055e-6,49.04312658770365,0.21643286573146292,16.86279676984308,0.2683797460274572,0.001169117237739075
9,-7.297235570935772e-6,49.047548401573735,0.22444889779559118,16.863153668807094,0.2683854262508879,0.0012124201880996878
9,-9.201218450673604e-6,49.05212916862229,0.23246492985971945,16.86352332710768,0.26839130954546725,0.0012557230176035291
9,-1.1170815454812382e-5,49.05686869627967,0.24048096192384769,16.863905721825414,0.2683973955464212,0.0012990256951358648
9,-1.3205905962657104e-5,49.06176678600071,0.24849699398797595,16.864300829326265,0.26840368387760255,0.0013423281893415202
9,-1.530636571281753e-5,49.06682323334023,0.2565130260521042,16.8647086252701,0.26841017415162594,0.0013856304686197002
9,-1.7472066845085685e-5,49.072037828030396,0.26452905811623245,16.865129084619657,0.268416865970011,0.001428932501118961
9,-1.9702877943222542e-5,49.07741035405957,0.2725450901803607,16.865562181649526,0.26842375892332526,0.001472234254732315
9,-2.1998664078614315e-5,49.082940589752866,0.280561122244489,16.866007889955444,0.2684308525913317,0.001515535697092522
9,-2.435928685475563e-5,49.088628307853966,0.28857715430861725,16.86646618246367,0.2684381465431383,0.0015588367955674937
9,-2.678460445251839e-5,49.09447327560853,0.2965931863727455,16.866937031440592,0.26844564033735097,0.0016021375172558824
9,-2.9274471676162888e-5,49.10047525484874,0.3046092184368738,16.86742040850238,0.26845333352222706,0.001645437828982814
9,-3.182874000004807e-5,49.10663400207913,0.312625250501002,16.867916284624897,0.268461225635833,0.0016887376972957871
9,-3.4447257615997196e-5,49.11294926856352,0.32064128256513025,16.868424630153743,0.2684693162062045,0.0017320370884607323
9,-3.7129869481274126e-5,49.11942080041295,0.3286573146292585,16.868945414814302,0.2684776047515059,0.0017753359684582206
9,-3.987641736712647e-5,49.1260483386746,0.3366733466933868,16.869478607722066,0.26848609078019514,0.001818634302979843
9,-4.268673990784947e-5,49.13283161942158,0.34468937875751504,16.870024177392906,0.2684947737911867,0.0018619320574247591
9,-4.556067265032551e-5,49.13977037384339,0.3527054108216433,16.870582091753562,0.2685036532740187,0.0019052291968964018
9,-4.849804810399465e-5,49.146864328337166,0.36072144288577157,16.871152318152202,0.2685127287090212,0.001948525686199337
9,-5.14986957912088e-5,49.15411320459939,0.3687374749498998,16.871734823368982,0.2685219995674839,0.0019918214898362965
9,-5.456244229792444e-5,49.161516719718186,0.37675350701402804,16.87232957362677,0.26853146531182714,0.0020351165720053797
9,-5.7689111324687806e-5,49.169074586265936,0.3847695390781563,16.87293653460186,0.2685411253957721,0.002078410896597419
9,-6.0878523737865755e-5,49.17678651239223,0.3927855711422846,16.873555671434772,0.26855097926451293,0.0021217044271934723
9,-6.413049762107726e-5,49.18465220191703,0.40080160320641284,16.874186948741066,0.26856102635488877,0.002164997127062544
9,-6.744484832677803e-5,49.192671354423865,0.4088176352705411,16.87483033062224,0.2685712660955572,0.0022082889591594173
9,-7.08213885279533e-5,49.20084366535318,0.4168336673346693,16.875485780676534,0.2685816979071663,0.0022515798861226666
9,-7.425992826987181e-5,49.209168826095464,0.4248496993987976,16.876153262009936,0.2685923212025295,0.0022948698702728227
9,-7.776027502185716e-5,49.21764652408431,0.43286573146292584,16.876832737246954,0.26860313538679753,0.002338158873610709
9,-8.1322233729028e-5,49.22627644288917,0.4408817635270541,16.877524168541598,0.2686141398576326,0.0023814468578159356
9,-8.494560686396478e-5,49.23505826230774,0.44889779559118237,16.878227517588172,0.2686253340053808,0.0024247337842455436
9,-8.863019447825628e-5,49.24399165845789,0.45691382765531063,16.878942745632205,0.26863671721324534,0.002468019613932813
9,-9.237579425388218e-5,49.25307630386913,0.4649298597194389,16.879669813481208,0.26864828885745856,0.0025113043075862236
9,-9.618220155438644e-5,49.262311867573295,0.4729458917835671,16.880408681515444,0.26866004830745266,0.002554587825588548
9,-0.00010004920947579933,49.27169801519465,0.48096192384769537,16.881159309698674,0.26867199492603117,0.002597870127996164
9,-0.00010397660889726331,49.281234409039115,0.48897795591182364,16.881921657588848,0.26868412806953884,0.002641151174538439
9,-0.00010796418853132087,49.2909207081825,0.4969939879759519,16.88269568434862,0.26869644708802914,0.0026844309246172923
9,-0.00011201173497382183,49.300756568557915,0.5050100200400801,16.88348134875594,0.2687089513254328,0.00272770933730693
9,-0.00011611903275340835,49.310741643041936,0.5130260521042084,16.88427860921448,0.26872164011972366,0.0027709863713537
9,-0.00012028586438053674,49.32087558153973,0.5210420841683366,16.88508742376396,0.2687345128030831,0.0028142619851760833
9,-0.00012451201039599653,49.33115803106879,0.5290581162324649,16.885907750090446,0.26874756870206395,0.0028575361368648423
9,-0.00012879724941888498,49.34158863584142,0.5370741482965932,16.88673954553644,0.2687608071377511,0.0029008087841833194
9,-0.00013314135819400165,49.35216703734578,0.5450901803607214,16.88758276711097,0.2687742274259219,0.002944079884567836
9,-0.00013754411163862046,49.36289287442539,0.5531062124248497,16.88843737149948,0.26878782887720387,0.002987349395128279
9,-0.00014200528288860805,49.37376578335706,0.561122244488978,16.889303315073654,0.2688016107972307,0.0030306172726487614
9,-0.0001465246433438423,49.38478539792714,0.5691382765531062,16.890180553901043,0.26881557248679583,0.0030738834735884644
9,-0.00015110196271290855,49.39595134950608,0.5771543086172345,16.891069043754648,0.2688297132420046,0.0031171479540825853
9,-0.000155737009057025,49.40726326712102,0.5851703406813628,16.891968740122234,0.26884403235442295,0.003160410669943421
9,-0.00016042954883317595,49.418720777526666,0.593186372745491,16.892879598215636,0.268858529111225,0.003203671576661571
9,-0.00016517934693640812,49.43032350527403,0.6012024048096193,16.89380157297985,0.26887320279533805,0.003246930629407254
9,-0.0001699861667412693,49.44207107277725,0.6092184368737475,16.894734619101904,0.2688880526855838,0.003290187783031779
9,-0.0001748497701423499,49.45396310037816,0.6172344689378757,16.895678691019693,0.2689030780568188,0.003333442992069116
9,-0.00017976991759390232,49.4659992064088,0.625250501002004,16.896633742930515,0.26891827818007047,0.003376696210737562
9,-0.00018474636814850673,49.478179007251605,0.6332665330661322,16.897599728799577,0.2689336523226723,0.003419947392941573
9,-0.0001897788794947575,49.49050211739728,0.6412825651302605,16.898576602368202,0.26894919974839454,0.0034631964922736576
9,-0.00019486720799394023,49.50296814950032,0.6492985971943888,16.899564317161946,0.2689649197175735,0.003506443462016441
9,-0.00020001110871568047,49.51557671443206,0.657314629258517,16.900562826498483,0.2689808114872368,0.0035496882551447747
9,-0.00020521033547252817,49.52832742133128,0.6653306613226453,16.90157208349533,0.26899687431122665,0.0035929308243280284
9,-0.00021046464085346851,49.54121987765211,0.6733466933867736,16.902592041077373,0.26901310744031925,0.0036361711219324013
9,-0.00021577377625632395,49.554253689209595,0.6813627254509018,16.903622651984264,0.2690295101223429,0.003679409100023463
9,-0.00022113749191903374,49.56742846022223,0.6893787575150301,16.904663868777497,0.2690460816022902,0.0037226447103686586
9,-0.00022655553694979206,49.580743793352156,0.6973947895791583,16.905715643847444,0.2690628211224305,0.003765877904440052
9,-0.00023202765935601664,49.59419928974227,0.7054108216432866,16.90677792942012,0.26907972792241713,0.0038091086334170877
9,-0.00023755360607214347,49.607794549050766,0.7134268537074149,16.90785067756375,0.2690968012393923,0.0038523368481894614
9,-0.00024313312298621993,49.62152916948271,0.7214428857715431,16.908933840195214,0.2691140403080893,0.003895562499360166
9,-0.0002487659549652861,49.635402747818674,0.7294589178356713,16.910027369086144,0.2691314443609298,0.003938785537248569
9,-0.00025445184587953167,49.64941487944059,0.7374749498997996,16.911131215869045,0.2691490126281213,0.003982005911893627
9,-0.000260190538625212,49.66356515835448,0.7454909819639278,16.91224533204305,0.2691667443377484,0.004025223573057158
9,-0.0002659817751463127,49.67785317721029,0.7535070140280561,16.913369668979556,0.269184638715863,0.004068438470227329
9,-0.00027182529645495483,49.692278527318585,0.7615230460921844,16.914504177927657,0.26920269498657023,0.0041116505526221
9,-0.0002777208426505297,49.7068407986643,0.7695390781563126,16.9156488100194,0.2692209123721125,0.004154859769192933
9,-0.00028366815293755324,49.7215395799173,0.7775551102204409,16.91680351627482,0.2692392900929494,0.004198066068628436
9,-0.000289666965642239,49.73637445843985,0.7855711422845691,16.91796824760687,0.2692578273678364,0.004241269399358277
9,-0.00029571701822777874,49.751345020290934,0.7935871743486974,16.919142954826036,0.26927652341389796,0.004284469709557097
9,-0.0003018180473083298,49.766450850227514,0.8016032064128257,16.920327588644923,0.26929537744670096,0.004327666947148633
9,-0.0003079697886617021,49.78169153170239,0.8096192384769539,16.92152209968256,0.2693143886803227,0.004370861059809796
9,-0.00031417197724075167,49.79706664685911,0.8176352705410822,16.922726438468562,0.2693335563274177,0.004414051994975045
9,-0.00032042434718347097,49.81257577652351,0.8256513026052105,16.923940555447153,0.26935287959928117,0.004457239699840832
9,-0.0003267266318217804,49.828218500192136,0.8336673346693386,16.925164400980954,0.26937235770590967,0.004500424121370052
9,-0.0003330785636890226,49.843994396017365,0.8416833667334669,16.92639792535473,0.2693919898560608,0.00454360520629679
9,-0.00033947987452616617,49.85990304078937,0.8496993987975952,16.927641078778866,0.26941177525730803,0.004586782901131036
9,-0.0003459302952867176,49.8759440099148,0.8577154308617234,16.9288938113927,0.2694317131160945,0.004629957152163689
9,-0.0003524295561403488,49.89211687739227,0.8657314629258517,16.93015607326783,0.26945180263778484,0.004673127905471598
9,-0.00035897738647524966,49.9084212157846,0.87374749498998,16.93142781441115,0.2694720430267141,0.004716295106922769
9,-0.0003655735148992104,49.924856596187865,0.8817635270541082,16.932708984767807,0.26949243348623453,0.00475945870218166
9,-0.0003722176692394421,49.94142258819719,0.8897795591182365,16.93399953422406,0.2695129732187613,0.0048026186367148725
9,-0.00037890957654115225,49.958118759869365,0.8977955911823647,16.93529941260998,0.269533661425815,0.0048457748557965636
9,-0.00038564896306487453,49.97494467768228,0.905811623246493,16.936608569702,0.2695544973080629,0.004888927304514528
9,-0.00039243555428258094,49.9918999064912,0.9138276553106213,16.937926955225517,0.26957548006535975,0.004932075927776027
9,-0.0003992690748725724,50.008984009481786,0.9218436873747495,16.939254518857133,0.26959660889678383,0.004975220670314063
9,-0.0004061492487131804,50.02619654812017,0.9298597194388778,16.940591210227122,0.269617883000676,0.005018361476693698
9,-0.00041307579887527935,50.04353708209968,0.9378757515030061,16.941936978921554,0.26963930157467375,0.005061498291318683
9,-0.0004200484476136368,50.0610051692847,0.9458917835671342,16.94329177448446,0.2696608638157453,0.005104631058438152
9,-0.00042706691635711614,50.07860036565132,0.9539078156312625,16.944655546419934,0.26968256892022335,0.005147759722153604
9,-0.00043413092569775117,50.09632222522505,0.9619238476953907,16.946028244194235,0.2697044160838385,0.005190884226426155
9,-0.0004412401953787076,50.114170300015445,0.969939879759519,16.947409817237563,0.2697264045017473,0.005234004515083883
9,-0.00044839444428115875,50.132144139947854,0.9779559118236473,16.94880021494626,0.2697485333685676,0.005277120531829545
9,-0.0004555933904101033,50.15024329279223,0.9859719438877755,16.950199386684577,0.26977080187840635,0.00532023222024843
9,-0.0004628367508791186,50.168467304088985,0.9939879759519038,16.951607281786586,0.2697932092248903,0.0053633395238165595
9,-0.000470124241894115,50.1868157170721,1.002004008016032,16.95302384955814,0.269815754601197,0.0054064423859091215
9,-0.0004774555787360845,50.20528807258936,1.0100200400801602,16.95444903927871,0.2698384372000843,0.005449540749809165
9,-0.0004848304757428751,50.22388390901986,1.0180360721442885,16.955882800203334,0.2698612562139209,0.005492634558716634
9,-0.000492248646290025,50.242602762188845,1.0260521042084167,16.95732508156449,0.26988421083471664,0.005535723755757607
9,-0.0004997098027706811,50.2614441652798,1.034068136272545,16.958775832574158,0.26990730025415505,0.005578808283994053
9,-0.0005072136565746239,50.28040764874405,1.0420841683366733,16.960235002425744,0.2699305236636241,0.005621888086433685
9,-0.0005147599180664267,50.29949274020773,1.0501002004008015,16.961702540296205,0.26995388025424993,0.005664963106040307
9,-0.000522348296562782,50.31869896437625,1.0581162324649298,16.963178395348184,0.2699773692169309,0.005708033285744493
9,-0.0005299785003090368,50.33802584293644,1.066132264529058,16.964662516732158,0.2700009897423717,0.005751105067399319
9,-0.0005376502364549319,50.35747289445615,1.0741482965931863,16.96615485358883,0.27002474102112145,0.005794207307116033
9,-0.0005453632110296154,50.377039634281694,1.0821643286573146,16.96765535505153,0.270048622243612,0.005837305432620452
9,-0.0005531171289159337,50.39672557443293,1.0901803607214429,16.969163970248676,0.2700726326001969,0.005880399392350178
9,-0.0005609116938240507,50.416530223496174,1.0981963927855711,16.97068064830648,0.27009677128119475,0.005923489134769816
9,-0.0005687466082644093,50.43645308651506,1.1062124248496994,16.972205338351696,0.27012103747693267,0.005966574608385386
9,-0.0005766215735200791,50.45649366487922,1.1142284569138277,16.97373798951461,0.27014543037779404,0.0060096557617592165
9,-0.0005845362896185315,50.47665145621113,1.122244488977956,16.9752785509321,0.270169949174267,0.006052732543525478
9,-0.0005924904553028464,50.496925954250884,1.1302605210420842,16.976826971750945,0.2701945930569976,0.006095804902406275
9,-0.0006004837680024103,50.517316648739204,1.1382765531062125,16.978383201131177,0.2702193612168424,0.006138872787228132
9,-0.0006085159238031323,50.53782302529866,1.1462925851703407,16.97994718824992,0.2702442528449304,0.006181936146939358
9,-0.0006165866174172162,50.55844456531321,1.154308617234469,16.981518882305103,0.27026926713272154,0.006224994930627755
9,-0.0006246955421524911,50.579180745806006,1.1623246492985972,16.983098232519644,0.2702944032720732,0.00626804908753921
9,-0.0006328423898813903,50.60003103931579,1.1703406813627255,16.984685188145708,0.2703196604553088,0.006311098567096773
9,-0.0006410268510095606,50.620994913771696,1.1783567134268538,16.98627969846935,0.2703450378752907,0.00635414331892046
9,-0.0006492486144441615,50.64207183236663,1.186372745490982,16.987881712815312,0.2703705347254971,0.006397183292847864
9,-0.0006575073675618853,50.66326125342945,1.1943887775551103,16.98949118055213,0.2703961502001032,0.0064402184389553115
9,-0.0006658027961767157,50.68456263029566,1.2024048096192386,16.991108051097495,0.2704218834940667,0.006483248707579976
9,-0.0006741345845074916,50.705975411177164,1.2104208416833668,16.992732273924016,0.270447733803219,0.006526274049342591
9,-0.0006825024151452667,50.72749903903072,1.218436873747495,16.994363798565107,0.27047370032435963,0.006569294415171109
9,-0.0006909059690205252,50.74913295142541,1.2264529058116231,16.996002574621347,0.2704997822553567,0.00661230975632508
9,-0.0006993449253702794,50.77087658040917,1.2344689378757514,16.997648551767135,0.2705259787952536,0.006655320024420926
9,-0.0007078189617050762,50.79272935237444,1.2424849699398797,16.999301679757608,0.2705522891443783,0.006698325171458118
9,-0.0007163277537759406,50.81469068792283,1.250501002004008,17.000961908436008,0.2705787125044613,0.006741325149846193
9,-0.0007248709755413056,50.8367600017293,1.2585170340681362,17.002629187741334,0.27060524807875713,0.006784319912432715
9,-0.0007334482991339188,50.858936702405416,1.2665330661322645,17.004303467716465,0.2706318950721733,0.006827309412532341
9,-0.0007420593948278009,50.88122019236209,1.2745490981963927,17.00598469851652,0.270658652691404,0.0068702936039565475
9,-0.0007507039310052447,50.90360986767181,1.282565130260521,17.007672830417725,0.2706855201450708,0.006913272441044719
9,-0.0007593815741238984,50.92610511793025,1.2905811623246493,17.009367813826728,0.2707124966438709,0.0069562458786960185
9,-0.0007680919886839685,50.9487053261176,1.2985971943887775,17.011069599290085,0.27073958140072846,0.006999213872402458
9,-0.0007768348371955346,50.97140986845939,1.3066132264529058,17.012778137504483,0.27076677363095675,0.00704217637828303
9,-0.0007856097801460389,50.99421811428717,1.314629258517034,17.01449337932716,0.27079407255242444,0.0070851333531188904
9,-0.0007944164759679247,51.01712942589875,1.3226452905811623,17.016215275786827,0.27082147738572926,0.007128084754389835
9,-0.000803254581006505,51.04014315841836,1.3306613226452906,17.017943778095127,0.27084898735438045,0.00717103054031178
9,-0.0008121237494880129,51.06325865965658,1.3386773547094188,17.01967883765838,0.2708766016849855,0.007213970669875647
9,-0.000821023633487909,51.086475269970265,1.346693386773547,17.02142040608993,0.27090431960744693,0.007256905102887212
9,-0.0008299538828994103,51.109792322122225,1.3547094188376754,17.023168435222924,0.2709321403551654,0.007299833800008534
9,-0.0008389141454023099,51.13320914114103,1.3627254509018036,17.024922877123473,0.27096006316524934,0.0073427567228004495
9,-0.0008479040664320356,51.156725044180725,1.370741482965932,17.026683684104423,0.27098808727873425,0.007385673833766443
9,-0.0008569232891490155,51.180339340380584,1.3787575150300602,17.028450808739553,0.2710162119408083,0.007428585096397945
9,-0.0008659714544083247,51.20405133072492,1.3867735470941884,17.03022420387825,0.2710444364010462,0.007471490475220873
9,-0.0008750482007296129,51.22786030790295,1.3947895791583167,17.032003822660627,0.27107275991364965,0.0075143899358437296
9,-0.0008841531642673614,51.25176555616873,1.402805611222445,17.03378961853335,0.2711011817376993,0.0075572834450070535
9,-0.0008932859787814036,51.27576635120115,1.4108216432865732,17.035581545265618,0.2711297011374092,0.0076001709706342985
9,-0.0009024462756077712,51.299861959964105,1.4188376753507015,17.03737955696599,0.2711583173823944,0.007643052481884305
9,-0.0009116336836298071,51.32405164056659,1.4268537074148298,17.039183608099478,0.27118702974794284,0.0076859279492053345
9,-0.0009208478292495955,51.34833464212298,1.434869739478958,17.040993653505286,0.2712158375152984,0.007728797344390408
9,-0.0009300883363596362,51.372710204613284,1.4428857715430863,17.0428096484149,0.2712447399719478,0.007771660640634548
9,-0.0009393548263148173,51.397177558743465,1.4509018036072143,17.044631548470875,0.27127373641192065,0.00781451781259339
9,-0.0009486469179045951,51.421735925805635,1.4589178356713426,17.046459309746,0.27130282613609347,0.007857368836443617
9,-0.0009579642273254341,51.4463845175383,1.4669338677354709,17.048292888762877,0.271332008452502,0.007900213689944844
9,-0.0009673063681534703,51.47112253598645,1.4749498997995991,17.050132242514312,0.27136128267666554,0.00794305235250343
9,-0.000976672951317276,51.49594917336133,1.4829659318637274,17.05197732848378,0.27139064813191255,0.007985884805237854
9,-0.0009860635850708953,51.520863611900225,1.4909819639278556,17.053828104666714,0.2714201041497196,0.008028711031045944
9,-0.0009954778749669054,51.54586502372563,1.498997995991984,17.05568452959213,0.27144965007005556,0.008071531014673682
9,-0.0010049154238295915,51.57095257070416,1.5070140280561122,17.057546562344747,0.2714792852417333,0.008114344742786092
9,-0.001014375831728188,51.596125404304864,1.5150300601202404,17.0594141625875,0.27150900902276875,0.008157152204039826
9,-0.0010238586959500906,51.62138266545695,1.5230460921843687,17.061287290584737,0.2715388207807491,0.008199953389157388
9,-0.0010333636109740238,51.646723484406586,1.531062124248497,17.063165907225613,0.27156871989320613,0.008242748291003582
9,-0.0010428901684431048,51.672146980573,1.5390781563126252,17.065049974048055,0.2715987057479968,0.008285536904663776
9,-0.0010524379571377736,51.69765226240336,1.5470941883767535,17.06693945326315,0.271628777743692,0.00832831922752376
9,-0.0010620065629484631,51.72323842722647,1.5551102204408818,17.068834307779905,0.27165893528997015,0.008371095259352033
9,-0.0010715955688479783,51.74890456110505,1.56312625250501,17.070734501230472,0.27168917780801904,0.008413865002383612
9,-0.001081204554863566,51.77464973868646,1.5711422845691383,17.072639997995637,0.2717195047309412,0.008456628461406141
9,-0.0010908330980484845,51.800473023051545,1.5791583166332666,17.074550763230913,0.27174991550416944,0.008499385643847845
9,-0.0011004807724530738,51.82637346556145,1.5871743486973948,17.076466762892643,0.2717804095858821,0.008542136559867545
9,-0.0011101471490952144,51.85235010570219,1.595190380761523,17.0783879637648,0.27181098644742974,0.008584881222446541
9,-0.0011198317959300926,51.87840197092669,1.6032064128256514,17.080314333485838,0.2718416455737623,0.008627619647482928
9,-0.001129534277819121,51.904528076493904,1.6112224448897796,17.082245840575936,0.2718723864638629,0.008670351853887504
9,-0.001139254156497996,51.93072742530499,1.6192384769539079,17.084182454464493,0.27190320863118533,0.008713153413822889
9,-0.0011489909905436793,51.95699900773587,1.6272545090180361,17.086124145517918,0.2719341116040963,0.008755966221422712
9,-0.0011587443353402603,51.983341801466096,1.6352705410821644,17.088070885067534,0.2719650949263197,0.00879877429369968
9,-0.001168513743043541,52.00975477130372,1.6432865731462927,17.090022645437745,0.2719961581573847,0.00884157767483692
9,-0.0011782987625441924,52.03623686900538,1.651302605210421,17.091979399974377,0.27202730087307697,0.008884376412812386
9,-0.0011880989394293894,52.0627870330917,1.6593186372745492,17.093941123073023,0.27205852266588965,0.008927170559515344
9,-0.0011979138159426894,52.08940418865721,1.6673346693386772,17.095907790207683,0.2720898231454794,0.008969960170865057
9,-0.0012077429309421159,52.11608724717458,1.6753507014028055,17.097879377959252,0.2721212019391196,0.009012745306931974
9,-0.001217585819856154,52.142835106292424,1.6833667334669338,17.09985586404419,0.2721526586921566,0.009055526032060885
9,-0.0012274420146375577,52.169646649626394,1.691382765531062,17.10183722734306,0.2721841930684642,0.00909830241499647
9,-0.00123731104371478,52.19652074654297,1.6993987975951903,17.103823447929067,0.27221580475089757,0.009141074529011098
9,-0.0012471924319407848,52.22345625193523,1.7074148296593186,17.105814507096543,0.2722474934417468,0.009183842452035
9,-0.0012570857005390615,52.250452005990105,1.7154308617234468,17.107810387389097,0.27227925886318477,0.009226606266788395
9,-0.0012669903670466678,52.27750683394666,1.723446893787575,17.109811072627757,0.2723111007577152,0.009269366060915976
9,-0.0012769059452539498,52.30461954584426,1.7314629258517034,17.11181654793881,0.27234301888861545,0.009312121927123801
9,-0.0012868319451408497,52.33178893626035,1.7394789579158316,17.11382679978125,0.2723750130403738,0.009354873963318052
9,-0.001296767872809419,52.35901378403692,1.74749498997996,17.115841815973937,0.2724070830191215,0.009397622272746105
9,-0.0013067132304123699,52.38629285199483,1.7555110220440882,17.117861585722352,0.27243922865305825,0.009440366964139782
9,-0.001316667516077284,52.413624886635176,1.7635270541082164,17.119886099644816,0.2724714497928701,0.009483108151860643
9,-0.0013266302238262699,52.44100861782681,1.7715430861723447,17.121915349798165,0.27250374631213764,0.00952584595604724
9,-0.0013366008434907192,52.46844275847919,1.779559118236473,17.123949329702775,0.2725361181077345,0.009568580502764781
9,-0.0013465788606208226,52.49592600419929,1.7875751503006012,17.12598803436697,0.27256856510021554,0.009611311924156221
9,-0.0013565637563895208,52.523457032931866,1.7955911823647295,17.12803146031057,0.2726010872341922,0.009654040358595737
9,-0.001366555007490518,52.55103450458164,1.8036072144288577,17.130079605587618,0.27263368447869346,0.009696765950844032
9,-0.0013765520860299764,52.57865706061661,1.811623246492986,17.13213246980812,0.2726663568275124,0.009739488852205134
9,-0.0013865544594114736,52.60632332365076,1.8196392785571143,17.134190054158783,0.27269910429953603,0.00978220922068535
9,-0.0013965615902138406,52.63403189700552,1.8276553106212425,17.136252361422603,0.2727319269390572,0.009824927221153697
9,-0.0014065729360613656,52.66178136424781,1.8356713426853708,17.138319395997275,0.2727648248160673,0.009867643025503947
9,-0.0014165879494859486,52.68957028870402,1.843687374749499,17.14039116391208,0.2727977980265253,0.0099103568128183
9,-0.0014266060777806734,52.71739721294776,1.8517034068136273,17.14246767284354,0.27283084669260693,0.009953068769532232
9,-0.0014366267628442878,52.74526065826011,1.8597194388777556,17.14454893212931,0.27286397096292553,0.009995779089601047
9,-0.0014466494410160275,52.773159124060555,1.8677354709418839,17.14663495278045,0.27289717101272765,0.010038487974667207
9,-0.0014566735429001883,52.80109108730668,1.8757515030060121,17.148725747491877,0.272930447044059,0.01008119563422912
9,-0.0014666984931798492,52.829055001860915,1.8837675350701404,17.150821330650714,0.2729637992858979,0.010123902285810673
9,-0.0014767237104190648,52.857049297822115,1.8917835671342684,17.152921718342643,0.2729972279942559,0.010166608155131653
9,-0.0014867486068528355,52.88507238081983,1.8997995991983967,17.155026928355888,0.2730307334522413,0.010209313476278714
9,-0.001496772588164143,52.91312263126918,1.907815631262525,17.157136980182706,0.2730643159700832,0.010252018491877136
9,-0.0015067950532472443,52.941198403583556,1.9158316633266532,17.159251895018333,0.27309797588511403,0.0102947234532625
9,-0.0015168153939564004,52.96929802534287,1.9238476953907815,17.161371695757033,0.27313171356170746,0.010337428620652902
9,-0.0015268329948392053,52.997419796414604,1.9318637274549098,17.163496406985086,0.2731655293911662,0.010380134263320686
9,-0.0015368472328535095,53.025561988024435,1.939879759519038,17.165626054970577,0.2731994237915598,0.010422840659764173
9,-0.0015468574770670534,53.05372284177394,1.9478957915831663,17.167760667649727,0.27323339720750717,0.01046554809787873
9,-0.0015568630883386525,53.081900568601405,1.9559118236472945,17.169900274609454,0.2732674501098986,0.010508256875127015
9,-0.0015668634189799347,53.11009334768296,1.9639278557114228,17.17204490706599,0.27330158299555596,0.010550967298708084
9,-0.0015768578123963501,53.138299325269706,1.971943887775551,17.17419459783921,0.2733357963868236,0.010593679685725355
9,-0.0015868456027062533,53.1665166134574,1.9799599198396793,17.176349381322584,0.27337009083109076,0.01063639436335251
9,-0.0015968261143367273,53.194743288884176,1.9879759519038076,17.178509293447984,0.27340446690023096,0.010679111668997507
9,-0.0016067986615946471,53.222977391351975,1.9959919839679359,17.180674371645676,0.27343892518996527,0.010721831950464205
9,-0.0016167625482115579,53.251216922366844,2.004008016032064,17.182844654798444,0.2734734663191325,0.010764555566111075
9,-0.0016267170668606936,53.27945984359312,2.012024048096192,17.18502018319003,0.27350809092886824,0.010807373058017149
9,-0.001636661498644384,53.30770407521591,2.0200400801603204,17.187200998447228,0.27354279968168355,0.010850262076071789
9,-0.001646595112550067,53.335947494206174,2.0280561122244487,17.1893871434751,0.2735775932604337,0.010893158067823334
9,-0.00165651716487288,53.36418793248228,2.036072144288577,17.191578662385226,0.2736124723671763,0.010936061472772393
9,-0.001666426898602709,53.39242317496117,2.0440881763527052,17.193775600416046,0.2736474377219035,0.010978972742553673
9,-0.0016763235427734813,53.420650957492235,2.0521042084168335,17.19597800384513,0.2736824900611456,0.011021892341083814
9,-0.001686206311772233,53.44886896466621,2.0601202404809618,17.19818591989255,0.27371763013643347,0.011064820744702428
9,-0.0016960744046054027,53.47707482749115,2.06813627254509,17.200399396615012,0.27375285871261335,0.011107758442306019
9,-0.0017059270041195015,53.50526612092629,2.0761523046092183,17.202618482789816,0.273788176566,0.011150705935473872
9,-0.001715763276173259,53.533440361264994,2.0841683366733466,17.204843227788093,0.2738235844823595,0.011193663738584811
9,-0.0017255823687579587,53.561595003356366,2.092184368737475,17.207073681436686,0.2738590832547106,0.011236632378924175
9,-0.0017353834110625816,53.58972743765487,2.100200400801603,17.209309893867584,0.2738946736809287,0.011279612396780046
9,-0.0017451655124800188,53.61783498708627,2.1082164328657313,17.21155191535424,0.2739303565611406,0.011322604345527384
9,-0.0017549277615503882,53.64591490371764,2.1162324649298596,17.213799796133944,0.2739661326948978,0.01136560879169872
9,-0.0017646692248371463,53.673964365217664,2.124248496993988,17.216053586214795,0.2740020028781036,0.01140862631504092
9,-0.0017743889457314268,53.701980471093194,2.132264529058116,17.218313335166847,0.27403796789969026,0.011451657508555837
9,-0.0017840859431795433,53.72996023868602,2.1402805611222444,17.220579091895644,0.27407402853801344,0.011494702978523546
9,-0.0017937592103283665,53.7579005989135,2.1482965931863727,17.22285090439725,0.2741101855569543,0.01153776334450682
9,-0.0018034077130827321,53.7857983917346,2.156312625250501,17.22512881949329,0.2741464397017021,0.011580839239334747
9,-0.0018130303885686475,53.81365036132212,2.164328657314629,17.227412882544606,0.2741827916941971,0.011623931309063768
9,-0.0018226261434954592,53.841453150919435,2.1723446893787575,17.2297031371417,0.2742192422282038,0.011667040212914075
9,-0.0018321938524097534,53.8692032973595,2.1803607214428857,17.231999624770683,0.274255791963994,0.011710166623178747
9,-0.0018417323558330145,53.89689722522108,2.188376753507014,17.23430238445229,0.274292441522602,0.011753311225103938
9,-0.0018512404582744215,53.92453124059537,2.1963927855711423,17.236611452352516,0.27432919147962764,0.011796474716736527
9,-0.0018607169261095334,53.95210152443421,2.2044088176352705,17.238926861362266,0.2743660423585458,0.011839657808737072
9,-0.0018701604853147659,53.97960412544849,2.212424849699399,17.241248640643715,0.27440299462348683,0.011882861224154398
9,-0.0018795698190466165,54.00703495252226,2.220440881763527,17.24357681514107,0.2744400486714503,0.011926085698158943
9,-0.0018889435650538764,54.03438976660618,2.2284569138276553,17.24591140505248,0.2744772048238997,0.01196933197773033
9,-0.0018982803129097689,54.06166417204954,2.2364729458917836,17.248252425260425,0.2745144633176969,0.01201260082129584
9,-0.0019075786010499655,54.08885360732734,2.244488977955912,17.250599884716987,0.2745518242953189,0.012055892998315023
9,-0.0019168369136012484,54.115953335115115,2.25250501002004,17.252953785780626,0.2745892877943016,0.012099209288805271
9,-0.0019260536769840021,54.142958431659494,2.2605210420841684,17.255314123500245,0.27462685373584594,0.012142550482803568
9,-0.0019352272562704232,54.16986377538816,2.2685370741482966,17.257680884842518,0.2746645219125201,0.012185917379758285
9,-0.0019443559512786093,54.19666403469797,2.276553106212425,17.260054047857466,0.2747022919749793,0.012229310787844623
9,-0.001953437992380831,54.223353654854115,2.284569138276553,17.262433580777564,0.27474016341762764,0.012272731523196903
9,-0.0019624715360023626,54.24992684392732,2.2925851703406814,17.26481944104433,0.2747781355631259,0.012316180409049596
9,-0.0019714546597849967,54.27637755768901,2.3006012024048097,17.267211574256653,0.27481620754565345,0.01235989536730994
9,-0.001980385357386957,54.302699483377495,2.308617234468938,17.269609913033815,0.2748543782928129,0.012403655276959162
9,-0.001989261532888259,54.32888602223954,2.3166332665330662,17.272014375786206,0.2748926465060652,0.012447450331875776
9,-0.001998080994767618,54.354930270743026,2.3246492985971945,17.274424865385395,0.27493101063956343,0.012491281452101755
9,-0.002006841449413685,54.380825000346256,2.3326653306613228,17.2768412677248,0.274969468877245,0.012535149560334564
9,-0.0020155404941299758,54.406562635699004,2.340681362725451,17.279263450161537,0.2750080191080327,0.012579055580333873
9,-0.0020241756095885936,54.432135231137515,2.3486973947895793,17.2816912598284,0.2750466588989694,0.012623000435157844
9,-0.0020327441516838126,54.45753444532346,2.3567134268537075,17.28412452180452,0.27508538546610317,0.012666985045211496
9,-0.002041243342731435,54.4827515138613,2.364729458917836,17.286563037132062,0.2751241956429215,0.01271101032609041
9,-0.0020496702619546983,54.50777721971272,2.372745490981964,17.28900658066433,0.2751630858461036,0.012755077186198496
9,-0.0020580218351914474,54.532601861209145,2.3807615230460923,17.291454898730322,0.27520205203834996,0.012799186524118369
9,-0.0020662948237508403,54.55721521744317,2.3887775551102206,17.29390770659823,0.27524108968801314,0.012843339225709778
9,-0.0020744858123405573,54.581606510798565,2.396793587174349,17.29636468571921,0.27528019372523094,0.012887536160908873
9,-0.002082591195977534,54.60576436635423,2.404809619238477,17.29882548073073,0.27531935849423284,0.012931778180198396
9,-0.002090607165786383,54.62967676787123,2.4128256513026054,17.301289696196513,0.2753585777014551,0.01297606611071566
9,-0.002098529693579885,54.65333101004298,2.4208416833667337,17.303756893057844,0.2753978443590613,0.013020400751961729
9,-0.002106354515105262,54.676713646656715,2.428857715430862,17.30622658476865,0.27543715072343006,0.01306478287107057
9,-0.0021140771118279993,54.6998104342794,2.43687374749499,17.308698233083444,0.2754764882281185,0.013109213197593495
9,-0.002121692691111899,54.72260627104228,2.444889779559118,17.311171243464457,0.27551584741076407,0.013153692417748539
9,-0.002129196164639786,54.74508513005672,2.4529058116232463,17.31364496007072,0.27555521783333364,0.013198221168079022
9,-0.002136582124903458,54.767229986947456,2.4609218436873745,17.31611866028786,0.27559458799506215,0.013242800028459834
9,-0.0021438448195741917,54.789022740939245,2.468937875751503,17.318591548753602,0.27563394523736595,0.01328742951438275
9,-0.002150978123546396,54.810444128878835,2.476953907815631,17.32106275082889,0.27567327563993205,0.013332110068444581
9,-0.0021579755084264597,54.83147363151491,2.4849699398797593,17.323531305460033,0.2757125639071159,0.013376842050954326
9,-0.002164830009216741,54.85208937129597,2.4929859719438876,17.32599615737166,0.27575179324368837,0.013421625729565081
9,-0.0021715341879207967,54.8722680008783,2.501002004008016,17.328456148524353,0.27579094521887976,0.013466466681614605
9,-0.0021780800937706546,54.891984581466126,2.509018036072144,17.330910008765052,0.27582999961757615,0.01351171934510684
9,-0.002184459219749893,54.911212450030746,2.5170340681362724,17.333356345591003,0.27586893427740794,0.013557030765769586
9,-0.0021906624550584028,54.92992307438043,2.5250501002004007,17.335793632941808,0.2759077249103695,0.013602400833875317
9,-0.0021966800331357796,54.94808589497598,2.533066132264529,17.33822019892664,0.275946344907492,0.013647829278028942
9,-0.0022025014748315256,54.965668152313036,2.541082164328657,17.340634212386252,0.2759847651249707,0.01369331564627709
9,-0.0022081155262819955,54.982634698622704,2.5490981963927855,17.343033668182734,0.2760229536500448,0.013738859285234621
9,-0.002213510091028329,54.998947792584524,2.5571142284569137,17.3454163711029,0.2760608755448112,0.013784459317024059
9,-0.002218672155887517,55.01456687570213,2.565130260521042,17.347779918255686,0.27609849256607083,0.013830114613807202
9,-0.0022235877100736583,55.02944832897563,2.5731462925851702,17.350121679839088,0.276135762859225,0.013875823769670398
9,-0.0022282416570604873,55.04354520852167,2.5811623246492985,17.352438778150532,0.2761726406242146,0.013921585069609693
9,-0.0022326177186856168,55.056806958862396,2.5891783567134268,17.354728064715058,0.27620907575150444,0.013967396455347636
9,-0.0022366983310253387,55.069179102741536,2.597194388777555,17.356986095411855,0.2762450134262093,0.014013255487702873
9,-0.0022404645316262185,55.08060290655981,2.6052104208416833,17.359209103491335,0.2762803936986475,0.014059159305229215
9,-0.0022438958377735863,55.091015020878636,2.6132264529058116,17.361392970395972,0.2763151510199403,0.014105104578843378
9,-0.002246970115622378,55.10034709596632,2.62124248496994,17.363533194330685,0.2763492137417936,0.014151087462175697
9,-0.0022496634402263673,55.108525373099056,2.629258517034068,17.36562485657611,0.27638250358035743,0.014197103537409429
9,-0.002251949946799077,55.11547025334571,2.6372745490981964,17.36766258560687,0.27641493504515013,0.014243147756427727
9,-0.002253801673947518,55.12109584693526,2.6452905811623246,17.36964051917043,0.27644641483552496,0.014289214377171313
9,-0.002255188400167918,55.125309508116956,2.653306613226453,17.37155226461031,0.27647684120919397,0.014335296895232946
9,-0.0022560774756165114,55.12801136278583,2.661322645290581,17.373390857885255,0.27650610332999825,0.014381524171883868
9,-0.00225643365210847,55.12909383917558,2.6693386773547094,17.375148721957473,0.276534080605636,0.014428115889552045
9,-0.0022562189154996665,55.128441215752176,2.6773547094188377,17.376817625504806,0.27656064203054614,0.014474708102756096
9,-0.0022553923261161538,55.125929205203455,2.685370741482966,17.378388643268586,0.27658564555482523,0.014521290601562417
9,-0.002253909874760535,55.121424599235645,2.693386773547094,17.379852119790943,0.2766089375070884,0.01456785201137241
9,-0.0022517243640788713,55.11478500583874,2.7014028056112225,17.38119763883116,0.2766303521077159,0.014614379710798268
9,-0.0022487853277305993,55.105858718777036,2.7094188376753507,17.38241400138557,0.27664971111902853,0.014660859754752432
9,-0.002245039002846516,55.09448476818333,2.717434869739479,17.383489215966012,0.2766668236905647,0.014707276807083846
9,-0.0022404283746009493,55.08049321096218,2.7254509018036073,17.384410505597078,0.27668148647044505,0.014753614088299137
9,-0.002234893315192234,55.06370572963405,2.7334669338677355,17.385164336836414,0.2766934840672448,0.014799853345256141
9,-0.0022283708428186937,55.043936617264734,2.741482965931864,17.385736476931765,0.2767025899596764,0.014845974851146105
9,-0.002220795528892423,55.02099423271371,2.749498997995992,17.38611208589863,0.27670856796205107,0.014891957445475923
9,-0.0022121000830908222,54.99468301249953,2.7575150300601203,17.386275850673133,0.2767111743593877,0.01493777862494107
9,-0.002202216145041971,54.96480612043174,2.7655310621242486,17.386212168365812,0.2767101608239879,0.01498341469678943
9,-0.002191075307436855,54.93116880064639,2.773547094188377,17.385905384760385,0.27670527821126156,0.01502884100617653
9,-0.0021786103870485925,54.893582470548175,2.781563126252505,17.385340092301096,0.27669628130234275,0.015074032247706887
9,-0.0021647569465267865,54.85186954468373,2.7895791583166334,17.384501488648205,0.2766829345106775,0.015119207997315446
9,-0.0021494550503571067,54.8058689175163,2.7975951903807617,17.383375792306364,0.276665018496955,0.015164484760002647
9,-0.0021326512132815285,54.75544195391374,2.80561122244489,17.38195070588826,0.27664233754217765,0.015209461042502674
9,-0.002114300470237739,54.7004787462767,2.813627254509018,17.380215910596682,0.2766147274175869,0.015254113766375577
9,-0.0020943684664986462,54.64090430669336,2.8216432865731464,17.378163568192445,0.27658206337373176,0.01529842205327307
9,-0.002072833439701864,54.57668428585976,2.8296593186372747,17.375788800125978,0.27654426776608426,0.015342367960364518
9,-0.0020496879474350303,54.50782976505469,2.837675350701403,17.37309010898126,0.2765013167625282,0.015385937190660797
9,-0.002024940190580136,54.43440066982729,2.8456913827655312,17.370069706259407,0.2764532455601971,0.015429119729285465
9,-0.001998614797855915,54.35650741554566,2.8537074148296595,17.366733713841587,0.2764001515918558,0.015471910356398296
9,-0.001970752972076148,54.27431051693588,2.8617234468937878,17.36309221453735,0.27634219533040233,0.015514308993412752
9,-0.0019414119506834773,54.18801806487022,2.869739478957916,17.359159139319722,0.2762795984941585,0.015556320851309613
9,-0.001910663795223821,54.09788117047514,2.8777555110220443,17.3549519935695,0.27621263968991294,0.015597956366857532
9,-0.0018785935869410717,54.00418766805608,2.8857715430861726,17.350491439626197,0.27614164776901245,0.015639230931891585
9,-0.0018452971584365355,53.907254523041395,2.8937875751503004,17.34580076573822,0.2760669933754421,0.015680164439387998
9,-0.0018108785262071266,53.80741948535024,2.9018036072144286,17.340905280143986,0.27598907930232636,0.015721306758601655
9,-0.0017754472016252465,53.70503255158064,2.909819639278557,17.33583167243073,0.27590833032763895,0.01576237231733907
9,-0.0017391155489291268,53.60044775506288,2.917835671342685,17.330607382536687,0.2758251831715608,0.015803186959827156
9,-0.0017019963323737497,53.49401570687098,2.9258517034068134,17.325260011760665,0.2757400771224059,0.015843782109503098
9,-0.0016642005575132706,53.38607718554866,2.9338677354709417,17.319816801477284,0.275653445740117,0.0158841902499723
9,-0.0016258356707785117,53.276957941283285,2.94188376753507,17.314304195617378,0.27556570989292484,0.015924444291258007
9,-0.0015870041431343639,53.16696476005259,2.9498997995991982,17.308747493815996,0.2754772722370271,0.015964577024306034
9,-0.001547802431756727,53.05638273673303,2.9579158316633265,17.30317059445838,0.27538851312703805,0.016004620672400747
9,-0.0015083202903302742,52.94547363828383,2.9659318637274548,17.29759582116482,0.27529978785440934,0.016044606539834357
9,-0.0014686403839093037,52.83447519832498,2.973947895791583,17.292043822617806,0.27521142505312973,0.016084564752048277
9,-0.0014288381572538987,52.723601168528155,2.9819639278557113,17.2865335338178,0.27512372608309127,0.01612452407752059
9,-0.0013889819044767037,52.61304195438825,2.9899799599198396,17.28108218647423,0.2750369651954672,0.01616451181961986
9,-0.0013491329908943742,52.50296567711842,2.997995991983968,17.275705356866446,0.2749513902944431,0.016204942223797262
9,-0.0013093461835241443,52.39351952434421,3.006012024048096,17.270417040758126,0.2748672241295159,0.016245916547837587
9,-0.001269670053381204,52.2848312758716,3.0140280561122244,17.26522974649736,0.2747846657772286,0.016287005943517913
9,-0.0012301474196647275,52.17701091421534,3.0220440881763526,17.260154599058414,0.2747038922970458,0.016328232116418675
9,-0.0011908158124542686,52.07015225103391,3.030060120240481,17.255201449322918,0.2746250604706179,0.016369615407703337
9,-0.0011517079363285302,51.96433451921274,3.038076152304609,17.25037898427674,0.2745483085556192,0.01641117487790842
9,-0.0011128521222189451,51.85962389575901,3.0460921843687374,17.245694834972024,0.27447375800401663,0.016452928397271974
9,-0.0010742727588052591,51.75607493299913,3.0541082164328657,17.241155680066242,0.2744015151099451,0.01649489273873959
9,-0.0010359906979132433,51.653731885100335,3.062124248496994,17.236767343514835,0.2743316725645344,0.016537083670778902
9,-0.000998023630789579,51.552629924071915,3.070140280561122,17.232534885583295,0.27426431090441106,0.016579516047944373
9,-0.000960386433924029,51.45279624456097,3.0781563126252505,17.22846268678632,0.27419949984763187,0.016622203897780477
9,-0.0009230914843806333,51.35425106034201,3.0861723446893787,17.22455452468236,0.274137299515907,0.016665749996377245
9,-0.0008861489454935873,51.2570084977639,3.094188376753507,17.220813643676493,0.2740777615455467,0.016709986690644628
9,-0.0008495670243710989,51.16107739285774,3.1022044088176353,17.217242818135034,0.27402093009196254,0.016754534202860376
9,-0.0008133522030076931,51.06646199957188,3.1102204408817635,17.213844409208964,0.2739668427340394,0.016799404343062617
9,-0.0007775094449930619,50.97316261687486,3.118236472945892,17.210620415815736,0.2739155312855366,0.016844608451609965
9,-0.0007420423798720437,50.881176142405636,3.12625250501002,17.20757252025069,0.2738670225210161,0.016890157455730106
9,-0.0007069534671924789,50.790496560063985,3.1342685370741483,17.204702128900326,0.2738213388238142,0.01693606192128194
9,-0.0006722441422038194,50.70111536850861,3.1422845691382766,17.202010408516013,0.27377849876335575,0.016982332100033304
9,-0.0006379149450601311,50.61302195702472,3.150300601202405,17.199498318484267,0.27373851760875134,0.017028977972772977
9,-0.000603965635251697,50.52620393468279,3.158316633266533,17.197166639500896,0.2737014077851606,0.017076009288580142
9,-0.0005703952928507257,50.440647418163174,3.1663326653306614,17.195015999025813,0.2736671792789183,0.017124538411554095
9,-0.0005372024080161241,50.356337283089466,3.1743486973947896,17.193046893863112,0.27363583999690716,0.01717352655572997
9,-0.0005043849600648888,50.273257383208026,3.182364729458918,17.191259710179214,0.2736073960851566,0.017222948641403283
9,-0.0004719404872868844,50.191390741280394,3.190380761523046,17.189654741241974,0.27358185221116954,0.01727281412853458
9,-0.00043986614855720546,50.110719715121974,3.1983967935871744,17.18823220313478,0.2735592118140199,0.01732313239637446
9,-0.0004081587776872803,50.03122614182721,3.2064128256513027,17.18699224867296,0.27353947732583916,0.017373912766106746
9,-0.00037681493135252456,49.95289146286558,3.214428857715431,17.185934979725914,0.27352265036792917,0.01742516452151821
9,-0.00034583093134064847,49.875696832414675,3.2224448897795592,17.185060458125704,0.27350873192437775,0.017481405901756012
9,-0.0003152029017804049,49.79962321101273,3.2304609218436875,17.184368715323124,0.2734977224957399,0.017539085444470068
9,-0.0002849268019348789,49.724651446360376,3.2384769539078158,17.18385976093394,0.2734896222350552,0.017597901660896344
9,-0.00025499845507595797,49.65076234287883,3.246492985971944,17.18353359030205,0.2734844310682195,0.01765736373292779
9,-0.000225413573896543,49.57793672143404,3.2545090180360723,17.18339019119186,0.27348214880049737,0.017717482562987014
9,-0.00019616778286375263,49.506155470463405,3.2625250501002006,17.183429549709093,0.27348277521075437,0.017778269167333795
9,-0.0001672566378691718,49.43539958958842,3.270541082164329,17.183651655538235,0.2734863101348141,0.017839734686723164
9,-0.0001386756434903847,49.36565022666303,3.278557114228457,17.184056506574386,0.27349275353917607,0.017901890396267137
9,-0.0001104202681412144,49.29688870908957,3.2865731462925853,17.18464411301832,0.2735021055861905,0.017964747714583635
9,-8.248595735549678e-5,49.22909657013115,3.2945891783567136,17.185414500996117,0.273514366691667,0.01802933571432281
9,-5.486814542049967e-5,49.162255570858854,3.302605210420842,17.18636771575691,0.2735295375757678,0.01809509208895824
9,-2.7562265550845817e-5,49.09634771829323,3.31062124248497,17.187503824496865,0.27354761930795324,0.018161610295098867
9,-5.637587714303619e-7,49.0313552802298,3.3186372745490984,17.18882291885159,0.2735686133466491,0.01822890276015435
9,2.6131918341767903e-5,48.967260797178156,3.3266533066132267,17.190325117094527,0.2735925215742359,0.018296982097369213
9,5.252928693143229e-5,48.90404709179049,3.3346693386773545,17.19201056607448,0.27361934632788476,0.018365861112166676
9,7.863284002290951e-5,48.84169727610932,3.3426853707414828,17.193879442921887,0.2736490904267142,0.018435552808161823
9,0.00010444703747959444,48.78019475692323,3.350701402805611,17.195931956549753,0.27368175719567805,0.01850669462471192
9,0.0001299763016587211,48.71952323948356,3.3587174348697393,17.19816834897268,0.27371735048655826,0.018579653906677977
9,0.00015522501368698844,48.65966672980421,3.3667334669338675,17.20058889646437,0.2737558746963874,0.0186534932673932
9,0.00018019751028472045,48.60060953573856,3.374749498997996,17.203193910572086,0.27379733478359414,0.018728226942474013
9,0.00020489808107535941,48.54233626700426,3.382765531062124,17.205983739004086,0.2738417362821272,0.018803869397673444
9,0.00022933096632431573,48.48483183430488,3.3907815631262523,17.2089587664047,0.27388908531379136,0.01888043533365458
9,0.0002535003550575126,48.428081447679446,3.3987975951903806,17.212119415029868,0.2739393885989986,0.018957939690614867
9,0.00027741038351560975,48.37207061419432,3.406813627254509,17.215466145334364,0.2739926534661142,0.01903735450960274
9,0.0003010651339048361,48.31678513507778,3.414829659318637,17.218999456481278,0.2740488878595655,0.019118536184978403
9,0.0003244686334097339,48.26221110238512,3.4228456913827654,17.22271988678236,0.2741081003468501,0.019200731990460546
9,0.00034762485343705176,48.20833489527119,3.4308617234468937,17.226628014077832,0.27417030012458077,0.019283958286306753
9,0.00037053770906343,48.155143175937404,3.438877755511022,17.23072445606242,0.27423549702367434,0.019368231700099534
9,0.00039321105866256724,48.10262288531211,3.44689378757515,17.235009870564305,0.2743037015137917,0.0194535691308824
9,0.0004156487036902976,48.05076123851547,3.4549098196392785,17.23948495578266,0.27437492470711755,0.01954016057674278
