theta1,theta2,model,amplitude,shift
-0.100000,0.000000,exact,0.0000001424,0.0000000000
-0.100000,0.000000,exact,0.0476793675,0.0000040853
-0.100000,0.000000,exact,0.0953585925,0.0000163406
-0.100000,0.000000,exact,0.1430378175,0.0000367646
-0.100000,0.000000,exact,0.1907170425,0.0000653550
-0.100000,0.000000,exact,0.2383962676,0.0001021085
-0.100000,0.000000,exact,0.2860754926,0.0001470210
-0.100000,0.000000,exact,0.3337547176,0.0002000875
-0.100000,0.000000,exact,0.3814339427,0.0002613020
-0.100000,0.000000,exact,0.4291131677,0.0003306577
-0.100000,0.000000,exact,0.4767923927,0.0004081466
-0.100000,0.000000,exact,0.5244716177,0.0004937602
-0.100000,0.000000,exact,0.5721508428,0.0005874889
-0.100000,0.000000,exact,0.6198300678,0.0006893221
-0.100000,0.000000,exact,0.6675092928,0.0007992486
-0.100000,0.000000,exact,0.7151885178,0.0009172560
-0.100000,0.000000,exact,0.7628677429,0.0010433312
-0.100000,0.000000,exact,0.8105469679,0.0011774602
-0.100000,0.000000,exact,0.8582261929,0.0013196281
-0.100000,0.000000,exact,0.9059054179,0.0014698192
-0.100000,0.000000,exact,0.9535846430,0.0016280168
-0.100000,0.000000,exact,1.0012638680,0.0017942036
-0.100000,0.000000,exact,1.0489430930,0.0019683611
-0.100000,0.000000,exact,1.0966223180,0.0021504704
-0.100000,0.000000,exact,1.1443015431,0.0023405115
-0.100000,0.000000,exact,1.1919807681,0.0025384636
-0.100000,0.000000,exact,1.2396599931,0.0027443051
-0.100000,0.000000,exact,1.2873392181,0.0029580138
-0.100000,0.000000,exact,1.3350184432,0.0031795663
-0.100000,0.000000,exact,1.3826976682,0.0034089389
-0.100000,0.000000,exact,1.4303768932,0.0036461068
-0.100000,0.000000,exact,1.4780561183,0.0038910446
-0.100000,0.000000,exact,1.5257353433,0.0041437260
-0.100000,0.000000,exact,1.5734145683,0.0044041242
-0.100000,0.000000,exact,1.6210937933,0.0046722114
-0.100000,0.000000,exact,1.6687730184,0.0049479594
-0.100000,0.000000,exact,1.7164522434,0.0052313390
-0.100000,0.000000,exact,1.7641314684,0.0055223204
-0.100000,0.000000,exact,1.8118106934,0.0058208733
-0.100000,0.000000,exact,1.8594899185,0.0061269664
-0.100000,0.000000,exact,1.9071691435,0.0064405681
-0.100000,0.000000,exact,1.9548483685,0.0067616459
-0.100000,0.000000,exact,2.0025275935,0.0070901668
-0.100000,0.000000,exact,2.0502068186,0.0074260970
-0.100000,0.000000,exact,2.0978860436,0.0077694024
-0.100000,0.000000,exact,2.1455652686,0.0081200481
-0.100000,0.000000,exact,2.1932444936,0.0084779985
-0.100000,0.000000,exact,2.2409237187,0.0088432178
-0.100000,0.000000,exact,2.2886029437,0.0092156692
-0.100000,0.000000,exact,2.3362821687,0.0095953158
-0.100000,0.000000,exact,2.3839613938,0.0099821198
-0.100000,0.000000,exact,2.4316406188,0.0103760431
-0.100000,0.000000,exact,2.4793198438,0.0107770470
-0.100000,0.000000,exact,2.5269990688,0.0111850922
-0.100000,0.000000,exact,2.5746782939,0.0116001392
-0.100000,0.000000,exact,2.6223575189,0.0120221478
-0.100000,0.000000,exact,2.6700367439,0.0124510774
-0.100000,0.000000,exact,2.7177159689,0.0128868869
-0.100000,0.000000,exact,2.7653951940,0.0133295349
-0.100000,0.000000,exact,2.8130744190,0.0137789794
-0.100000,0.000000,exact,2.8607536440,0.0142351782
-0.100000,0.000000,exact,2.9084328690,0.0146980884
-0.100000,0.000000,exact,2.9561120941,0.0151676669
-0.100000,0.000000,exact,3.0037913191,0.0156438702
-0.100000,0.000000,exact,3.0514705441,0.0161266544
-0.100000,0.000000,exact,3.0991497691,0.0166159753
-0.100000,0.000000,exact,3.1468289942,0.0171117881
-0.100000,0.000000,exact,3.1945082192,0.0176140479
-0.100000,0.000000,exact,3.2421874442,0.0181227094
-0.100000,0.000000,exact,3.2898666692,0.0186377269
-0.100000,0.000000,exact,3.3375458943,0.0191590544
-0.100000,0.000000,exact,3.3852251193,0.0196866455
-0.100000,0.000000,exact,3.4329043443,0.0202204537
-0.100000,0.000000,exact,3.4805835694,0.0207604319
-0.100000,0.000000,exact,3.5282627944,0.0213065329
-0.100000,0.000000,exact,3.5759420194,0.0218587091
-0.100000,0.000000,exact,3.6236212444,0.0224169126
-0.100000,0.000000,exact,3.6713004695,0.0229810952
-0.100000,0.000000,exact,3.7189796945,0.0235512084
-0.100000,0.000000,exact,3.7666589195,0.0241272035
-0.100000,0.000000,exact,3.8143381445,0.0247090312
-0.100000,0.000000,exact,3.8620173696,0.0252966423
-0.100000,0.000000,exact,3.9096965946,0.0258899869
-0.100000,0.000000,exact,3.9573758196,0.0264890152
-0.100000,0.000000,exact,4.0050550446,0.0270936767
-0.100000,0.000000,exact,4.0527342697,0.0277039208
-0.100000,0.000000,exact,4.1004134947,0.0283196966
-0.100000,0.000000,exact,4.1480927197,0.0289409526
-0.100000,0.000000,exact,4.1957719447,0.0295676373
-0.100000,0.000000,exact,4.2434511698,0.0301996987
-0.100000,0.000000,exact,4.2911303948,0.0308370845
-0.100000,0.000000,exact,4.3388096198,0.0314797418
-0.100000,0.000000,exact,4.3864888448,0.0321276176
-0.100000,0.000000,exact,4.4341680699,0.0327806583
-0.100000,0.000000,exact,4.4818472949,0.0334388101
-0.100000,0.000000,exact,4.5295265199,0.0341020186
-0.100000,0.000000,exact,4.5772057450,0.0347702289
-0.100000,0.000000,exact,4.6248849700,0.0354433857
-0.100000,0.000000,exact,4.6725641950,0.0361214334
-0.100000,0.000000,exact,4.7202434200,0.0368043155
-0.100000,0.000000,exact,4.7679226451,0.0374919753
-0.100000,0.000000,exact,4.8156018701,0.0381843553
-0.100000,0.000000,exact,4.8632810951,0.0388813976
-0.100000,0.000000,exact,4.9109603201,0.0395830435
-0.100000,0.000000,exact,4.9586395452,0.0402892337
-0.100000,0.000000,exact,5.0063187702,0.0409999083
-0.100000,0.000000,exact,5.0539979952,0.0417150065
-0.100000,0.000000,exact,5.1016772202,0.0424344670
-0.100000,0.000000,exact,5.1493564453,0.0431582275
-0.100000,0.000000,exact,5.1970356703,0.0438862248
-0.100000,0.000000,exact,5.2447148953,0.0446183950
-0.100000,0.000000,exact,5.2923941203,0.0453546732
-0.100000,0.000000,exact,5.3400733454,0.0460949935
-0.100000,0.000000,exact,5.3877525704,0.0468392890
-0.100000,0.000000,exact,5.4354317954,0.0475874917
-0.100000,0.000000,exact,5.4831110205,0.0483395325
-0.100000,0.000000,exact,5.5307902455,0.0490953412
-0.100000,0.000000,exact,5.5784694705,0.0498548461
-0.100000,0.000000,exact,5.6261486955,0.0506179744
-0.100000,0.000000,exact,5.6738279206,0.0513846520
-0.100000,0.000000,exact,5.7215071456,0.0521548033
-0.100000,0.000000,exact,5.7691863706,0.0529283509
-0.100000,0.000000,exact,5.8168655956,0.0537052164
-0.100000,0.000000,exact,5.8645448207,0.0544853193
-0.100000,0.000000,exact,5.9122240457,0.0552685775
-0.100000,0.000000,exact,5.9599032707,0.0560549073
-0.100000,0.000000,exact,6.0075824957,0.0568442228
-0.100000,0.000000,exact,6.0552617208,0.0576364364
-0.100000,0.000000,exact,6.1029409458,0.0584314583
-0.100000,0.000000,exact,6.1506201708,0.0592291966
-0.100000,0.000000,exact,6.1982993958,0.0600295573
-0.100000,0.000000,exact,6.2459786209,0.0608324438
-0.100000,0.000000,exact,6.2936578459,0.0616377573
-0.100000,0.000000,exact,6.3413370709,0.0624453964
-0.100000,0.000000,exact,6.3890162959,0.0632552570
-0.100000,0.000000,exact,6.4366955210,0.0640672324
-0.100000,0.000000,exact,6.4843747460,0.0648812130
-0.100000,0.000000,exact,6.5320539710,0.0656970861
-0.100000,0.000000,exact,6.5797331961,0.0665147360
-0.100000,0.000000,exact,6.6274124211,0.0673340438
-0.100000,0.000000,exact,6.6750916461,0.0681548873
-0.100000,0.000000,exact,6.7227708711,0.0689771407
-0.100000,0.000000,exact,6.7704500962,0.0698006748
-0.100000,0.000000,exact,6.8181293212,0.0706253565
-0.100000,0.000000,exact,6.8658085462,0.0714510489
-0.100000,0.000000,exact,6.9134877712,0.0722776109
-0.100000,0.000000,exact,6.9611669963,0.0731048975
-0.100000,0.000000,exact,7.0088462213,0.0739327592
-0.100000,0.000000,exact,7.0565254463,0.0747610421
-0.100000,0.000000,exact,7.1042046713,0.0755895877
-0.100000,0.000000,exact,7.1518838964,0.0764182324
-0.100000,0.000000,exact,7.1995631214,0.0772468081
-0.100000,0.000000,exact,7.2472423464,0.0780751411
-0.100000,0.000000,exact,7.2949215714,0.0789030526
-0.100000,0.000000,exact,7.3426007965,0.0797303584
-0.100000,0.000000,exact,7.3902800215,0.0805568684
-0.100000,0.000000,exact,7.4379592465,0.0813823866
-0.100000,0.000000,exact,7.4856384716,0.0822067111
-0.100000,0.000000,exact,7.5333176966,0.0830296336
-0.100000,0.000000,exact,7.5809969216,0.0838509393
-0.100000,0.000000,exact,7.6286761466,0.0846704068
-0.100000,0.000000,exact,7.6763553717,0.0854878077
-0.100000,0.000000,exact,7.7240345967,0.0863029064
-0.100000,0.000000,exact,7.7717138217,0.0871154603
-0.100000,0.000000,exact,7.8193930467,0.0879252187
-0.100000,0.000000,exact,7.8670722718,0.0887319235
-0.100000,0.000000,exact,7.9147514968,0.0895353082
-0.100000,0.000000,exact,7.9624307218,0.0903350984
-0.100000,0.000000,exact,8.0101099468,0.0911310108
-0.100000,0.000000,exact,8.0577891719,0.0919227535
-0.100000,0.000000,exact,8.1054683969,0.0927100253
-0.100000,0.000000,exact,8.1531476219,0.0934925159
-0.100000,0.000000,exact,8.2008268469,0.0942699052
-0.100000,0.000000,exact,8.2485060720,0.0950418634
-0.100000,0.000000,exact,8.2961852970,0.0958080504
-0.100000,0.000000,exact,8.3438645220,0.0965681155
-0.100000,0.000000,exact,8.3915437470,0.0973216976
-0.100000,0.000000,exact,8.4392229721,0.0980684242
-0.100000,0.000000,exact,8.4869021971,0.0988079116
-0.100000,0.000000,exact,8.5345814221,0.0995397644
-0.100000,0.000000,exact,8.5822606472,0.1002635751
-0.100000,0.000000,exact,8.6299398722,0.1009789240
-0.100000,0.000000,exact,8.6776190972,0.1016853786
-0.100000,0.000000,exact,8.7252983222,0.1023824935
-0.100000,0.000000,exact,8.7729775473,0.1030698100
-0.100000,0.000000,exact,8.8206567723,0.1037468555
-0.100000,0.000000,exact,8.8683359973,0.1044131435
-0.100000,0.000000,exact,8.9160152223,0.1050681729
-0.100000,0.000000,exact,8.9636944474,0.1057114281
-0.100000,0.000000,exact,9.0113736724,0.1063423781
-0.100000,0.000000,exact,9.0590528974,0.1069604763
-0.100000,0.000000,exact,9.1067321224,0.1075651602
-0.100000,0.000000,exact,9.1544113475,0.1081558511
-0.100000,0.000000,exact,9.2020905725,0.1087319532
-0.100000,0.000000,exact,9.2497697975,0.1092928538
-0.100000,0.000000,exact,9.2974490225,0.1098379224
-0.100000,0.000000,exact,9.3451282476,0.1103665106
-0.100000,0.000000,exact,9.3928074726,0.1108779515
-0.100000,0.000000,exact,9.4404866976,0.1113715592
-0.100000,0.000000,exact,9.4881659226,0.1118466285
-0.100000,0.000000,exact,9.5358451477,0.1123024343
-0.100000,0.000000,exact,9.5835243727,0.1127382313
-0.100000,0.000000,exact,9.6312035977,0.1131532533
-0.100000,0.000000,exact,9.6788828228,0.1135467129
-0.100000,0.000000,exact,9.7265620478,0.1139178009
-0.100000,0.000000,exact,9.7742412728,0.1142656859
-0.100000,0.000000,exact,9.8219204978,0.1145895137
-0.100000,0.000000,exact,9.8695997229,0.1148884068
-0.100000,0.000000,exact,9.9172789479,0.1151614639
-0.100000,0.000000,exact,9.9649581729,0.1154077593
-0.100000,0.000000,param,0.0000001217,0.0000000000
-0.100000,0.000000,param,0.0407289676,0.0000028303
-0.100000,0.000000,param,0.0814578136,0.0000113210
-0.100000,0.000000,param,0.1221866595,0.0000254714
-0.100000,0.000000,param,0.1629155054,0.0000452802
-0.100000,0.000000,param,0.2036443514,0.0000707459
-0.100000,0.000000,param,0.2443731973,0.0001018662
-0.100000,0.000000,param,0.2851020433,0.0001386386
-0.100000,0.000000,param,0.3258308892,0.0001810601
-0.100000,0.000000,param,0.3665597351,0.0002291270
-0.100000,0.000000,param,0.4072885811,0.0002828354
-0.100000,0.000000,param,0.4480174270,0.0003421807
-0.100000,0.000000,param,0.4887462730,0.0004071581
-0.100000,0.000000,param,0.5294751189,0.0004777621
-0.100000,0.000000,param,0.5702039648,0.0005539869
-0.100000,0.000000,param,0.6109328108,0.0006358260
-0.100000,0.000000,param,0.6516616567,0.0007232728
-0.100000,0.000000,param,0.6923905026,0.0008163200
-0.100000,0.000000,param,0.7331193486,0.0009149598
-0.100000,0.000000,param,0.7738481945,0.0010191842
-0.100000,0.000000,param,0.8145770405,0.0011289845
-0.100000,0.000000,param,0.8553058864,0.0012443516
-0.100000,0.000000,param,0.8960347323,0.0013652761
-0.100000,0.000000,param,0.9367635783,0.0014917481
-0.100000,0.000000,param,0.9774924242,0.0016237571
-0.100000,0.000000,param,1.0182212702,0.0017612923
-0.100000,0.000000,param,1.0589501161,0.0019043426
-0.100000,0.000000,param,1.0996789620,0.0020528963
-0.100000,0.000000,param,1.1404078080,0.0022069412
-0.100000,0.000000,param,1.1811366539,0.0023664649
-0.100000,0.000000,param,1.2218654999,0.0025314545
-0.100000,0.000000,param,1.2625943458,0.0027018965
-0.100000,0.000000,param,1.3033231917,0.0028777773
-0.100000,0.000000,param,1.3440520377,0.0030590827
-0.100000,0.000000,param,1.3847808836,0.0032457981
-0.100000,0.000000,param,1.4255097296,0.0034379086
-0.100000,0.000000,param,1.4662385755,0.0036353989
-0.100000,0.000000,param,1.5069674214,0.0038382531
-0.100000,0.000000,param,1.5476962674,0.0040464553
-0.100000,0.000000,param,1.5884251133,0.0042599888
-0.100000,0.000000,param,1.6291539593,0.0044788368
-0.100000,0.000000,param,1.6698828052,0.0047029820
-0.100000,0.000000,param,1.7106116511,0.0049324068
-0.100000,0.000000,param,1.7513404971,0.0051670932
-0.100000,0.000000,param,1.7920693430,0.0054070229
-0.100000,0.000000,param,1.8327981890,0.0056521771
-0.100000,0.000000,param,1.8735270349,0.0059025367
-0.100000,0.000000,param,1.9142558808,0.0061580825
-0.100000,0.000000,param,1.9549847268,0.0064187945
-0.100000,0.000000,param,1.9957135727,0.0066846526
-0.100000,0.000000,param,2.0364424186,0.0069556365
-0.100000,0.000000,param,2.0771712646,0.0072317254
-0.100000,0.000000,param,2.1179001105,0.0075128981
-0.100000,0.000000,param,2.1586289565,0.0077991331
-0.100000,0.000000,param,2.1993578024,0.0080904088
-0.100000,0.000000,param,2.2400866483,0.0083867030
-0.100000,0.000000,param,2.2808154943,0.0086879933
-0.100000,0.000000,param,2.3215443402,0.0089942570
-0.100000,0.000000,param,2.3622731862,0.0093054710
-0.100000,0.000000,param,2.4030020321,0.0096216120
-0.100000,0.000000,param,2.4437308780,0.0099426563
-0.100000,0.000000,param,2.4844597240,0.0102685799
-0.100000,0.000000,param,2.5251885699,0.0105993585
-0.100000,0.000000,param,2.5659174159,0.0109349676
-0.100000,0.000000,param,2.6066462618,0.0112753823
-0.100000,0.000000,param,2.6473751077,0.0116205772
-0.100000,0.000000,param,2.6881039537,0.0119705271
-0.100000,0.000000,param,2.7288327996,0.0123252059
-0.100000,0.000000,param,2.7695616456,0.0126845877
-0.100000,0.000000,param,2.8102904915,0.0130486460
-0.100000,0.000000,param,2.8510193374,0.0134173542
-0.100000,0.000000,param,2.8917481834,0.0137906851
-0.100000,0.000000,param,2.9324770293,0.0141686114
-0.100000,0.000000,param,2.9732058753,0.0145511056
-0.100000,0.000000,param,3.0139347212,0.0149381397
-0.100000,0.000000,param,3.0546635671,0.0153296854
-0.100000,0.000000,param,3.0953924131,0.0157257141
-0.100000,0.000000,param,3.1361212590,0.0161261970
-0.100000,0.000000,param,3.1768501050,0.0165311048
-0.100000,0.000000,param,3.2175789509,0.0169404080
-0.100000,0.000000,param,3.2583077968,0.0173540767
-0.100000,0.000000,param,3.2990366428,0.0177720807
-0.100000,0.000000,param,3.3397654887,0.0181943894
-0.100000,0.000000,param,3.3804943346,0.0186209720
-0.100000,0.000000,param,3.4212231806,0.0190517971
-0.100000,0.000000,param,3.4619520265,0.0194868331
-0.100000,0.000000,param,3.5026808725,0.0199260480
-0.100000,0.000000,param,3.5434097184,0.0203694094
-0.100000,0.000000,param,3.5841385643,0.0208168845
-0.100000,0.000000,param,3.6248674103,0.0212684401
-0.100000,0.000000,param,3.6655962562,0.0217240426
-0.100000,0.000000,param,3.7063251022,0.0221836580
-0.100000,0.000000,param,3.7470539481,0.0226472519
-0.100000,0.000000,param,3.7877827940,0.0231147892
-0.100000,0.000000,param,3.8285116400,0.0235862346
-0.100000,0.000000,param,3.8692404859,0.0240615522
-0.100000,0.000000,param,3.9099693319,0.0245407056
-0.100000,0.000000,param,3.9506981778,0.0250236581
-0.100000,0.000000,param,3.9914270237,0.0255103720
-0.100000,0.000000,param,4.0321558697,0.0260008096
-0.100000,0.000000,param,4.0728847156,0.0264949323
-0.100000,0.000000,param,4.1136135616,0.0269927010
-0.100000,0.000000,param,4.1543424075,0.0274940758
-0.100000,0.000000,param,4.1950712534,0.0279990166
-0.100000,0.000000,param,4.2358000994,0.0285074823
-0.100000,0.000000,param,4.2765289453,0.0290194312
-0.100000,0.000000,param,4.3172577913,0.0295348209
-0.100000,0.000000,param,4.3579866372,0.0300536084
-0.100000,0.000000,param,4.3987154831,0.0305757497
-0.100000,0.000000,param,4.4394443291,0.0311012002
-0.100000,0.000000,param,4.4801731750,0.0316299145
-0.100000,0.000000,param,4.5209020210,0.0321618463
-0.100000,0.000000,param,4.5616308669,0.0326969484
-0.100000,0.000000,param,4.6023597128,0.0332351727
-0.100000,0.000000,param,4.6430885588,0.0337764703
-0.100000,0.000000,param,4.6838174047,0.0343207910
-0.100000,0.000000,param,4.7245462507,0.0348680840
-0.100000,0.000000,param,4.7652750966,0.0354182971
-0.100000,0.000000,param,4.8060039425,0.0359713773
-0.100000,0.000000,param,4.8467327885,0.0365272702
-0.100000,0.000000,param,4.8874616344,0.0370859205
-0.100000,0.000000,param,4.9281904803,0.0376472714
-0.100000,0.000000,param,4.9689193263,0.0382112651
-0.100000,0.000000,param,5.0096481722,0.0387778423
-0.100000,0.000000,param,5.0503770182,0.0393469425
-0.100000,0.000000,param,5.0911058641,0.0399185038
-0.100000,0.000000,param,5.1318347100,0.0404924626
-0.100000,0.000000,param,5.1725635560,0.0410687541
-0.100000,0.000000,param,5.2132924019,0.0416473119
-0.100000,0.000000,param,5.2540212479,0.0422280677
-0.100000,0.000000,param,5.2947500938,0.0428109518
-0.100000,0.000000,param,5.3354789397,0.0433958928
-0.100000,0.000000,param,5.3762077857,0.0439828174
-0.100000,0.000000,param,5.4169366316,0.0445716505
-0.100000,0.000000,param,5.4576654776,0.0451623149
-0.100000,0.000000,param,5.4983943235,0.0457547317
-0.100000,0.000000,param,5.5391231694,0.0463488198
-0.100000,0.000000,param,5.5798520154,0.0469444961
-0.100000,0.000000,param,5.6205808613,0.0475416751
-0.100000,0.000000,param,5.6613097073,0.0481402691
-0.100000,0.000000,param,5.7020385532,0.0487401883
-0.100000,0.000000,param,5.7427673991,0.0493413403
-0.100000,0.000000,param,5.7834962451,0.0499436301
-0.100000,0.000000,param,5.8242250910,0.0505469602
-0.100000,0.000000,param,5.8649539370,0.0511512307
-0.100000,0.000000,param,5.9056827829,0.0517563386
-0.100000,0.000000,param,5.9464116288,0.0523621782
-0.100000,0.000000,param,5.9871404748,0.0529686410
-0.100000,0.000000,param,6.0278693207,0.0535756153
-0.100000,0.000000,param,6.0685981667,0.0541829864
-0.100000,0.000000,param,6.1093270126,0.0547906364
-0.100000,0.000000,param,6.1500558585,0.0553984441
-0.100000,0.000000,param,6.1907847045,0.0560062848
-0.100000,0.000000,param,6.2315135504,0.0566140304
-0.100000,0.000000,param,6.2722423963,0.0572215492
-0.100000,0.000000,param,6.3129712423,0.0578287058
-0.100000,0.000000,param,6.3537000882,0.0584353608
-0.100000,0.000000,param,6.3944289342,0.0590413710
-0.100000,0.000000,param,6.4351577801,0.0596465892
-0.100000,0.000000,param,6.4758866260,0.0602508640
-0.100000,0.000000,param,6.5166154720,0.0608540395
-0.100000,0.000000,param,6.5573443179,0.0614559556
-0.100000,0.000000,param,6.5980731639,0.0620564476
-0.100000,0.000000,param,6.6388020098,0.0626553461
-0.100000,0.000000,param,6.6795308557,0.0632524770
-0.100000,0.000000,param,6.7202597017,0.0638476611
-0.100000,0.000000,param,6.7609885476,0.0644407142
-0.100000,0.000000,param,6.8017173936,0.0650314469
-0.100000,0.000000,param,6.8424462395,0.0656196644
-0.100000,0.000000,param,6.8831750854,0.0662051665
-0.100000,0.000000,param,6.9239039314,0.0667877472
-0.100000,0.000000,param,6.9646327773,0.0673671948
-0.100000,0.000000,param,7.0053616233,0.0679432916
-0.100000,0.000000,param,7.0460904692,0.0685158138
-0.100000,0.000000,param,7.0868193151,0.0690845312
-0.100000,0.000000,param,7.1275481611,0.0696492075
-0.100000,0.000000,param,7.1682770070,0.0702095993
-0.100000,0.000000,param,7.2090058530,0.0707654569
-0.100000,0.000000,param,7.2497346989,0.0713165233
-0.100000,0.000000,param,7.2904635448,0.0718625345
-0.100000,0.000000,param,7.3311923908,0.0724032193
-0.100000,0.000000,param,7.3719212367,0.0729382988
-0.100000,0.000000,param,7.4126500827,0.0734674865
-0.100000,0.000000,param,7.4533789286,0.0739904880
-0.100000,0.000000,param,7.4941077745,0.0745070010
-0.100000,0.000000,param,7.5348366205,0.0750167148
-0.100000,0.000000,param,7.5755654664,0.0755193101
-0.100000,0.000000,param,7.6162943123,0.0760144591
-0.100000,0.000000,param,7.6570231583,0.0765018252
-0.100000,0.000000,param,7.6977520042,0.0769810625
-0.100000,0.000000,param,7.7384808502,0.0774518160
-0.100000,0.000000,param,7.7792096961,0.0779137209
-0.100000,0.000000,param,7.8199385420,0.0783664029
-0.100000,0.000000,param,7.8606673880,0.0788094777
-0.100000,0.000000,param,7.9013962339,0.0792425506
-0.100000,0.000000,param,7.9421250799,0.0796652167
-0.100000,0.000000,param,7.9828539258,0.0800770601
-0.100000,0.000000,param,8.0235827717,0.0804776543
-0.100000,0.000000,param,8.0643116177,0.0808665615
-0.100000,0.000000,param,8.1050404636,0.0812433324
-0.100000,0.000000,param,8.1457693096,0.0816075060
-0.100000,0.000000,param,8.1864981555,0.0819586095
-0.100000,0.000000,param,8.2272270014,0.0822961579
-0.100000,0.000000,param,8.2679558474,0.0826196534
-0.100000,0.000000,param,8.3086846933,0.0829285859
-0.100000,0.000000,param,8.3494135393,0.0832224319
-0.100000,0.000000,param,8.3901423852,0.0835006549
-0.100000,0.000000,param,8.4308712311,0.0837627045
-0.100000,0.000000,param,8.4716000771,0.0840080165
-0.100000,0.000000,param,8.5123289230,0.0842360128
-0.100000,0.000000,param,8.5530577690,0.0844461003
-0.100000,0.000000,param,8.5937866149,0.0846376716
-0.100000,0.000000,param,8.6345154608,0.0848101039
-0.100000,0.000000,param,8.6752443068,0.0849627591
-0.100000,0.000000,param,8.7159731527,0.0850949833
-0.100000,0.000000,param,8.7567019987,0.0852061066
-0.100000,0.000000,param,8.7974308446,0.0852954428
-0.100000,0.000000,param,8.8381596905,0.0853622886
-0.100000,0.000000,param,8.8788885365,0.0854059242
-0.100000,0.000000,param,8.9196173824,0.0854256119
-0.100000,0.000000,param,8.9603462284,0.0854205965
-0.100000,0.000000,param,9.0010750743,0.0853901047
-0.100000,0.000000,param,9.0418039202,0.0853333447
-0.100000,0.000000,param,9.0825327662,0.0852495056
-0.100000,0.000000,param,9.1232616121,0.0851377578
-0.100000,0.000000,param,9.1639904580,0.0849972517
-0.100000,0.000000,param,9.2047193040,0.0848271180
-0.100000,0.000000,param,9.2454481499,0.0846264668
-0.100000,0.000000,param,9.2861769959,0.0843943877
-0.100000,0.000000,param,9.3269058418,0.0841299490
-0.100000,0.000000,param,9.3676346877,0.0838321975
-0.100000,0.000000,param,9.4083635337,0.0835001582
-0.100000,0.000000,param,9.4490923796,0.0831328336
-0.100000,0.000000,param,9.4898212256,0.0827292032
-0.100000,0.000000,param,9.5305500715,0.0822882238
-0.100000,0.000000,param,9.5712789174,0.0818088281
-0.100000,0.000000,param,9.6120077634,0.0812899249
-0.100000,0.000000,param,9.6527366093,0.0807303985
-0.100000,0.000000,param,9.6934654553,0.0801291082
-0.100000,0.000000,param,9.7341943012,0.0794848878
0.000000,0.000000,exact,0.0000001351,0.0000000000
0.000000,0.000000,exact,0.0452346472,0.0000029779
0.000000,0.000000,exact,0.0904691593,0.0000119114
0.000000,0.000000,exact,0.1357036714,0.0000267995
0.000000,0.000000,exact,0.1809381835,0.0000476407
0.000000,0.000000,exact,0.2261726956,0.0000744329
0.000000,0.000000,exact,0.2714072077,0.0001071734
0.000000,0.000000,exact,0.3166417198,0.0001458588
0.000000,0.000000,exact,0.3618762319,0.0001904854
0.000000,0.000000,exact,0.4071107440,0.0002410485
0.000000,0.000000,exact,0.4523452561,0.0002975431
0.000000,0.000000,exact,0.4975797682,0.0003599635
0.000000,0.000000,exact,0.5428142803,0.0004283034
0.000000,0.000000,exact,0.5880487924,0.0005025558
0.000000,0.000000,exact,0.6332833045,0.0005827134
0.000000,0.000000,exact,0.6785178166,0.0006687682
0.000000,0.000000,exact,0.7237523287,0.0007607114
0.000000,0.000000,exact,0.7689868408,0.0008585339
0.000000,0.000000,exact,0.8142213529,0.0009622260
0.000000,0.000000,exact,0.8594558650,0.0010717772
0.000000,0.000000,exact,0.9046903771,0.0011871767
0.000000,0.000000,exact,0.9499248892,0.0013084130
0.000000,0.000000,exact,0.9951594013,0.0014354741
0.000000,0.000000,exact,1.0403939134,0.0015683475
0.000000,0.000000,exact,1.0856284255,0.0017070199
0.000000,0.000000,exact,1.1308629376,0.0018514779
0.000000,0.000000,exact,1.1760974497,0.0020017071
0.000000,0.000000,exact,1.2213319618,0.0021576928
0.000000,0.000000,exact,1.2665664739,0.0023194199
0.000000,0.000000,exact,1.3118009860,0.0024868725
0.000000,0.000000,exact,1.3570354981,0.0026600344
0.000000,0.000000,exact,1.4022700102,0.0028388888
0.000000,0.000000,exact,1.4475045223,0.0030234184
0.000000,0.000000,exact,1.4927390344,0.0032136054
0.000000,0.000000,exact,1.5379735465,0.0034094316
0.000000,0.000000,exact,1.5832080586,0.0036108782
0.000000,0.000000,exact,1.6284425707,0.0038179260
0.000000,0.000000,exact,1.6736770828,0.0040305553
0.000000,0.000000,exact,1.7189115949,0.0042487461
0.000000,0.000000,exact,1.7641461070,0.0044724776
0.000000,0.000000,exact,1.8093806191,0.0047017289
0.000000,0.000000,exact,1.8546151312,0.0049364785
0.000000,0.000000,exact,1.8998496433,0.0051767044
0.000000,0.000000,exact,1.9450841554,0.0054223844
0.000000,0.000000,exact,1.9903186675,0.0056734957
0.000000,0.000000,exact,2.0355531796,0.0059300151
0.000000,0.000000,exact,2.0807876917,0.0061919192
0.000000,0.000000,exact,2.1260222038,0.0064591838
0.000000,0.000000,exact,2.1712567159,0.0067317848
0.000000,0.000000,exact,2.2164912280,0.0070096974
0.000000,0.000000,exact,2.2617257401,0.0072928966
0.000000,0.000000,exact,2.3069602522,0.0075813569
0.000000,0.000000,exact,2.3521947643,0.0078750525
0.000000,0.000000,exact,2.3974292764,0.0081739572
0.000000,0.000000,exact,2.4426637885,0.0084780447
0.000000,0.000000,exact,2.4878983005,0.0087872880
0.000000,0.000000,exact,2.5331328126,0.0091016601
0.000000,0.000000,exact,2.5783673247,0.0094211336
0.000000,0.000000,exact,2.6236018368,0.0097456806
0.000000,0.000000,exact,2.6688363489,0.0100752731
0.000000,0.000000,exact,2.7140708610,0.0104098827
0.000000,0.000000,exact,2.7593053731,0.0107494809
0.000000,0.000000,exact,2.8045398852,0.0110940386
0.000000,0.000000,exact,2.8497743973,0.0114435267
0.000000,0.000000,exact,2.8950089094,0.0117979158
0.000000,0.000000,exact,2.9402434215,0.0121571760
0.000000,0.000000,exact,2.9854779336,0.0125212775
0.000000,0.000000,exact,3.0307124457,0.0128901899
0.000000,0.000000,exact,3.0759469578,0.0132638829
0.000000,0.000000,exact,3.1211814699,0.0136423256
0.000000,0.000000,exact,3.1664159820,0.0140254872
0.000000,0.000000,exact,3.2116504941,0.0144133364
0.000000,0.000000,exact,3.2568850062,0.0148058419
0.000000,0.000000,exact,3.3021195183,0.0152029720
0.000000,0.000000,exact,3.3473540304,0.0156046949
0.000000,0.000000,exact,3.3925885425,0.0160109786
0.000000,0.000000,exact,3.4378230546,0.0164217907
0.000000,0.000000,exact,3.4830575667,0.0168370988
0.000000,0.000000,exact,3.5282920788,0.0172568702
0.000000,0.000000,exact,3.5735265909,0.0176810721
0.000000,0.000000,exact,3.6187611030,0.0181096714
0.000000,0.000000,exact,3.6639956151,0.0185426348
0.000000,0.000000,exact,3.7092301272,0.0189799289
0.000000,0.000000,exact,3.7544646393,0.0194215199
0.000000,0.000000,exact,3.7996991514,0.0198673740
0.000000,0.000000,exact,3.8449336635,0.0203174571
0.000000,0.000000,exact,3.8901681756,0.0207717350
0.000000,0.000000,exact,3.9354026877,0.0212301732
0.000000,0.000000,exact,3.9806371998,0.0216927370
0.000000,0.000000,exact,4.0258717119,0.0221593916
0.000000,0.000000,exact,4.0711062240,0.0226301018
0.000000,0.000000,exact,4.1163407361,0.0231048324
0.000000,0.000000,exact,4.1615752482,0.0235835478
0.000000,0.000000,exact,4.2068097603,0.0240662123
0.000000,0.000000,exact,4.2520442724,0.0245527900
0.000000,0.000000,exact,4.2972787845,0.0250432445
0.000000,0.000000,exact,4.3425132966,0.0255375394
0.000000,0.000000,exact,4.3877478087,0.0260356381
0.000000,0.000000,exact,4.4329823208,0.0265375036
0.000000,0.000000,exact,4.4782168329,0.0270430985
0.000000,0.000000,exact,4.5234513450,0.0275523854
0.000000,0.000000,exact,4.5686858571,0.0280653264
0.000000,0.000000,exact,4.6139203692,0.0285818835
0.000000,0.000000,exact,4.6591548813,0.0291020181
0.000000,0.000000,exact,4.7043893934,0.0296256916
0.000000,0.000000,exact,4.7496239055,0.0301528646
0.000000,0.000000,exact,4.7948584176,0.0306834979
0.000000,0.000000,exact,4.8400929297,0.0312175514
0.000000,0.000000,exact,4.8853274418,0.0317549849
0.000000,0.000000,exact,4.9305619539,0.0322957577
0.000000,0.000000,exact,4.9757964660,0.0328398287
0.000000,0.000000,exact,5.0210309781,0.0333871563
0.000000,0.000000,exact,5.0662654902,0.0339376984
0.000000,0.000000,exact,5.1115000023,0.0344914124
0.000000,0.000000,exact,5.1567345144,0.0350482553
0.000000,0.000000,exact,5.2019690265,0.0356081833
0.000000,0.000000,exact,5.2472035386,0.0361711522
0.000000,0.000000,exact,5.2924380506,0.0367371172
0.000000,0.000000,exact,5.3376725627,0.0373060328
0.000000,0.000000,exact,5.3829070748,0.0378778528
0.000000,0.000000,exact,5.4281415869,0.0384525304
0.000000,0.000000,exact,5.4733760990,0.0390300180
0.000000,0.000000,exact,5.5186106111,0.0396102672
0.000000,0.000000,exact,5.5638451232,0.0401932288
0.000000,0.000000,exact,5.6090796353,0.0407788530
0.000000,0.000000,exact,5.6543141474,0.0413670887
0.000000,0.000000,exact,5.6995486595,0.0419578842
0.000000,0.000000,exact,5.7447831716,0.0425511867
0.000000,0.000000,exact,5.7900176837,0.0431469425
0.000000,0.000000,exact,5.8352521958,0.0437450968
0.000000,0.000000,exact,5.8804867079,0.0443455937
0.000000,0.000000,exact,5.9257212200,0.0449483761
0.000000,0.000000,exact,5.9709557321,0.0455533858
0.000000,0.000000,exact,6.0161902442,0.0461605634
0.000000,0.000000,exact,6.0614247563,0.0467698480
0.000000,0.000000,exact,6.1066592684,0.0473811776
0.000000,0.000000,exact,6.1518937805,0.0479944886
0.000000,0.000000,exact,6.1971282926,0.0486097161
0.000000,0.000000,exact,6.2423628047,0.0492267936
0.000000,0.000000,exact,6.2875973168,0.0498456529
0.000000,0.000000,exact,6.3328318289,0.0504662245
0.000000,0.000000,exact,6.3780663410,0.0510884367
0.000000,0.000000,exact,6.4233008531,0.0517122165
0.000000,0.000000,exact,6.4685353652,0.0523374888
0.000000,0.000000,exact,6.5137698773,0.0529641765
0.000000,0.000000,exact,6.5590043894,0.0535922007
0.000000,0.000000,exact,6.6042389015,0.0542214805
0.000000,0.000000,exact,6.6494734136,0.0548519325
0.000000,0.000000,exact,6.6947079257,0.0554834715
0.000000,0.000000,exact,6.7399424378,0.0561160096
0.000000,0.000000,exact,6.7851769499,0.0567494569
0.000000,0.000000,exact,6.8304114620,0.0573837207
0.000000,0.000000,exact,6.8756459741,0.0580187059
0.000000,0.000000,exact,6.9208804862,0.0586543149
0.000000,0.000000,exact,6.9661149983,0.0592904469
0.000000,0.000000,exact,7.0113495104,0.0599269988
0.000000,0.000000,exact,7.0565840225,0.0605638642
0.000000,0.000000,exact,7.1018185346,0.0612009337
0.000000,0.000000,exact,7.1470530467,0.0618380950
0.000000,0.000000,exact,7.1922875588,0.0624752323
0.000000,0.000000,exact,7.2375220709,0.0631122266
0.000000,0.000000,exact,7.2827565830,0.0637489553
0.000000,0.000000,exact,7.3279910951,0.0643852924
0.000000,0.000000,exact,7.3732256072,0.0650211081
0.000000,0.000000,exact,7.4184601193,0.0656562689
0.000000,0.000000,exact,7.4636946314,0.0662906372
0.000000,0.000000,exact,7.5089291435,0.0669240715
0.000000,0.000000,exact,7.5541636556,0.0675564261
0.000000,0.000000,exact,7.5993981677,0.0681875510
0.000000,0.000000,exact,7.6446326798,0.0688172917
0.000000,0.000000,exact,7.6898671919,0.0694454892
0.000000,0.000000,exact,7.7351017040,0.0700719798
0.000000,0.000000,exact,7.7803362161,0.0706965950
0.000000,0.000000,exact,7.8255707282,0.0713191613
0.000000,0.000000,exact,7.8708052403,0.0719394998
0.000000,0.000000,exact,7.9160397524,0.0725574267
0.000000,0.000000,exact,7.9612742645,0.0731727526
0.000000,0.000000,exact,8.0065087766,0.0737852825
0.000000,0.000000,exact,8.0517432887,0.0743948156
0.000000,0.000000,exact,8.0969778007,0.0750011453
0.000000,0.000000,exact,8.1422123128,0.0756040590
0.000000,0.000000,exact,8.1874468249,0.0762033376
0.000000,0.000000,exact,8.2326813370,0.0767987557
0.000000,0.000000,exact,8.2779158491,0.0773900815
0.000000,0.000000,exact,8.3231503612,0.0779770761
0.000000,0.000000,exact,8.3683848733,0.0785594939
0.000000,0.000000,exact,8.4136193854,0.0791370820
0.000000,0.000000,exact,8.4588538975,0.0797095803
0.000000,0.000000,exact,8.5040884096,0.0802767212
0.000000,0.000000,exact,8.5493229217,0.0808382292
0.000000,0.000000,exact,8.5945574338,0.0813938210
0.000000,0.000000,exact,8.6397919459,0.0819432053
0.000000,0.000000,exact,8.6850264580,0.0824860822
0.000000,0.000000,exact,8.7302609701,0.0830221436
0.000000,0.000000,exact,8.7754954822,0.0835510723
0.000000,0.000000,exact,8.8207299943,0.0840725424
0.000000,0.000000,exact,8.8659645064,0.0845862186
0.000000,0.000000,exact,8.9111990185,0.0850917564
0.000000,0.000000,exact,8.9564335306,0.0855888015
0.000000,0.000000,exact,9.0016680427,0.0860769897
0.000000,0.000000,exact,9.0469025548,0.0865559467
0.000000,0.000000,exact,9.0921370669,0.0870252879
0.000000,0.000000,exact,9.1373715790,0.0874846180
0.000000,0.000000,exact,9.1826060911,0.0879335309
0.000000,0.000000,exact,9.2278406032,0.0883716093
0.000000,0.000000,exact,9.2730751153,0.0887984246
0.000000,0.000000,exact,9.3183096274,0.0892135365
0.000000,0.000000,exact,9.3635441395,0.0896164927
0.000000,0.000000,exact,9.4087786516,0.0900068289
0.000000,0.000000,exact,9.4540131637,0.0903840682
0.000000,0.000000,exact,9.4992476758,0.0907477209
0.000000,0.000000,exact,9.5444821879,0.0910972845
0.000000,0.000000,exact,9.5897167000,0.0914322429
0.000000,0.000000,exact,9.6349512121,0.0917520665
0.000000,0.000000,exact,9.6801857242,0.0920562117
0.000000,0.000000,exact,9.7254202363,0.0923441209
0.000000,0.000000,exact,9.7706547484,0.0926152216
0.000000,0.000000,exact,9.8158892605,0.0928689266
0.000000,0.000000,exact,9.8611237726,0.0931046337
0.000000,0.000000,exact,9.9063582847,0.0933217249
0.000000,0.000000,exact,9.9515927968,0.0935195665
0.000000,0.000000,exact,9.9968273089,0.0936975087
0.000000,0.000000,param,0.0000001351,0.0000000000
0.000000,0.000000,param,0.0452346472,0.0000029779
0.000000,0.000000,param,0.0904691593,0.0000119114
0.000000,0.000000,param,0.1357036714,0.0000267995
0.000000,0.000000,param,0.1809381835,0.0000476407
0.000000,0.000000,param,0.2261726956,0.0000744329
0.000000,0.000000,param,0.2714072077,0.0001071734
0.000000,0.000000,param,0.3166417198,0.0001458588
0.000000,0.000000,param,0.3618762319,0.0001904854
0.000000,0.000000,param,0.4071107440,0.0002410485
0.000000,0.000000,param,0.4523452561,0.0002975431
0.000000,0.000000,param,0.4975797682,0.0003599635
0.000000,0.000000,param,0.5428142803,0.0004283034
0.000000,0.000000,param,0.5880487924,0.0005025558
0.000000,0.000000,param,0.6332833045,0.0005827134
0.000000,0.000000,param,0.6785178166,0.0006687682
0.000000,0.000000,param,0.7237523287,0.0007607114
0.000000,0.000000,param,0.7689868408,0.0008585339
0.000000,0.000000,param,0.8142213529,0.0009622260
0.000000,0.000000,param,0.8594558650,0.0010717772
0.000000,0.000000,param,0.9046903771,0.0011871767
0.000000,0.000000,param,0.9499248892,0.0013084130
0.000000,0.000000,param,0.9951594013,0.0014354741
0.000000,0.000000,param,1.0403939134,0.0015683475
0.000000,0.000000,param,1.0856284255,0.0017070199
0.000000,0.000000,param,1.1308629376,0.0018514779
0.000000,0.000000,param,1.1760974497,0.0020017071
0.000000,0.000000,param,1.2213319618,0.0021576928
0.000000,0.000000,param,1.2665664739,0.0023194199
0.000000,0.000000,param,1.3118009860,0.0024868725
0.000000,0.000000,param,1.3570354981,0.0026600344
0.000000,0.000000,param,1.4022700102,0.0028388888
0.000000,0.000000,param,1.4475045223,0.0030234184
0.000000,0.000000,param,1.4927390344,0.0032136054
0.000000,0.000000,param,1.5379735465,0.0034094316
0.000000,0.000000,param,1.5832080586,0.0036108782
0.000000,0.000000,param,1.6284425707,0.0038179260
0.000000,0.000000,param,1.6736770828,0.0040305553
0.000000,0.000000,param,1.7189115949,0.0042487461
0.000000,0.000000,param,1.7641461070,0.0044724776
0.000000,0.000000,param,1.8093806191,0.0047017289
0.000000,0.000000,param,1.8546151312,0.0049364785
0.000000,0.000000,param,1.8998496433,0.0051767044
0.000000,0.000000,param,1.9450841554,0.0054223844
0.000000,0.000000,param,1.9903186675,0.0056734957
0.000000,0.000000,param,2.0355531796,0.0059300151
0.000000,0.000000,param,2.0807876917,0.0061919192
0.000000,0.000000,param,2.1260222038,0.0064591838
0.000000,0.000000,param,2.1712567159,0.0067317848
0.000000,0.000000,param,2.2164912280,0.0070096974
0.000000,0.000000,param,2.2617257401,0.0072928966
0.000000,0.000000,param,2.3069602522,0.0075813569
0.000000,0.000000,param,2.3521947643,0.0078750525
0.000000,0.000000,param,2.3974292764,0.0081739572
0.000000,0.000000,param,2.4426637885,0.0084780447
0.000000,0.000000,param,2.4878983005,0.0087872880
0.000000,0.000000,param,2.5331328126,0.0091016601
0.000000,0.000000,param,2.5783673247,0.0094211336
0.000000,0.000000,param,2.6236018368,0.0097456806
0.000000,0.000000,param,2.6688363489,0.0100752731
0.000000,0.000000,param,2.7140708610,0.0104098827
0.000000,0.000000,param,2.7593053731,0.0107494809
0.000000,0.000000,param,2.8045398852,0.0110940386
0.000000,0.000000,param,2.8497743973,0.0114435267
0.000000,0.000000,param,2.8950089094,0.0117979158
0.000000,0.000000,param,2.9402434215,0.0121571760
0.000000,0.000000,param,2.9854779336,0.0125212775
0.000000,0.000000,param,3.0307124457,0.0128901899
0.000000,0.000000,param,3.0759469578,0.0132638829
0.000000,0.000000,param,3.1211814699,0.0136423256
0.000000,0.000000,param,3.1664159820,0.0140254872
0.000000,0.000000,param,3.2116504941,0.0144133364
0.000000,0.000000,param,3.2568850062,0.0148058419
0.000000,0.000000,param,3.3021195183,0.0152029720
0.000000,0.000000,param,3.3473540304,0.0156046949
0.000000,0.000000,param,3.3925885425,0.0160109786
0.000000,0.000000,param,3.4378230546,0.0164217907
0.000000,0.000000,param,3.4830575667,0.0168370988
0.000000,0.000000,param,3.5282920788,0.0172568702
0.000000,0.000000,param,3.5735265909,0.0176810721
0.000000,0.000000,param,3.6187611030,0.0181096714
0.000000,0.000000,param,3.6639956151,0.0185426348
0.000000,0.000000,param,3.7092301272,0.0189799289
0.000000,0.000000,param,3.7544646393,0.0194215199
0.000000,0.000000,param,3.7996991514,0.0198673740
0.000000,0.000000,param,3.8449336635,0.0203174571
0.000000,0.000000,param,3.8901681756,0.0207717350
0.000000,0.000000,param,3.9354026877,0.0212301732
0.000000,0.000000,param,3.9806371998,0.0216927370
0.000000,0.000000,param,4.0258717119,0.0221593916
0.000000,0.000000,param,4.0711062240,0.0226301018
0.000000,0.000000,param,4.1163407361,0.0231048324
0.000000,0.000000,param,4.1615752482,0.0235835478
0.000000,0.000000,param,4.2068097603,0.0240662123
0.000000,0.000000,param,4.2520442724,0.0245527900
0.000000,0.000000,param,4.2972787845,0.0250432445
0.000000,0.000000,param,4.3425132966,0.0255375394
0.000000,0.000000,param,4.3877478087,0.0260356381
0.000000,0.000000,param,4.4329823208,0.0265375036
0.000000,0.000000,param,4.4782168329,0.0270430985
0.000000,0.000000,param,4.5234513450,0.0275523854
0.000000,0.000000,param,4.5686858571,0.0280653264
0.000000,0.000000,param,4.6139203692,0.0285818835
0.000000,0.000000,param,4.6591548813,0.0291020181
0.000000,0.000000,param,4.7043893934,0.0296256916
0.000000,0.000000,param,4.7496239055,0.0301528646
0.000000,0.000000,param,4.7948584176,0.0306834979
0.000000,0.000000,param,4.8400929297,0.0312175514
0.000000,0.000000,param,4.8853274418,0.0317549849
0.000000,0.000000,param,4.9305619539,0.0322957577
0.000000,0.000000,param,4.9757964660,0.0328398287
0.000000,0.000000,param,5.0210309781,0.0333871563
0.000000,0.000000,param,5.0662654902,0.0339376984
0.000000,0.000000,param,5.1115000023,0.0344914124
0.000000,0.000000,param,5.1567345144,0.0350482553
0.000000,0.000000,param,5.2019690265,0.0356081833
0.000000,0.000000,param,5.2472035386,0.0361711522
0.000000,0.000000,param,5.2924380506,0.0367371172
0.000000,0.000000,param,5.3376725627,0.0373060328
0.000000,0.000000,param,5.3829070748,0.0378778528
0.000000,0.000000,param,5.4281415869,0.0384525304
0.000000,0.000000,param,5.4733760990,0.0390300180
0.000000,0.000000,param,5.5186106111,0.0396102672
0.000000,0.000000,param,5.5638451232,0.0401932288
0.000000,0.000000,param,5.6090796353,0.0407788530
0.000000,0.000000,param,5.6543141474,0.0413670887
0.000000,0.000000,param,5.6995486595,0.0419578842
0.000000,0.000000,param,5.7447831716,0.0425511867
0.000000,0.000000,param,5.7900176837,0.0431469425
0.000000,0.000000,param,5.8352521958,0.0437450968
0.000000,0.000000,param,5.8804867079,0.0443455937
0.000000,0.000000,param,5.9257212200,0.0449483761
0.000000,0.000000,param,5.9709557321,0.0455533858
0.000000,0.000000,param,6.0161902442,0.0461605634
0.000000,0.000000,param,6.0614247563,0.0467698480
0.000000,0.000000,param,6.1066592684,0.0473811776
0.000000,0.000000,param,6.1518937805,0.0479944886
0.000000,0.000000,param,6.1971282926,0.0486097161
0.000000,0.000000,param,6.2423628047,0.0492267936
0.000000,0.000000,param,6.2875973168,0.0498456529
0.000000,0.000000,param,6.3328318289,0.0504662245
0.000000,0.000000,param,6.3780663410,0.0510884367
0.000000,0.000000,param,6.4233008531,0.0517122165
0.000000,0.000000,param,6.4685353652,0.0523374888
0.000000,0.000000,param,6.5137698773,0.0529641765
0.000000,0.000000,param,6.5590043894,0.0535922007
0.000000,0.000000,param,6.6042389015,0.0542214805
0.000000,0.000000,param,6.6494734136,0.0548519325
0.000000,0.000000,param,6.6947079257,0.0554834715
0.000000,0.000000,param,6.7399424378,0.0561160096
0.000000,0.000000,param,6.7851769499,0.0567494569
0.000000,0.000000,param,6.8304114620,0.0573837207
0.000000,0.000000,param,6.8756459741,0.0580187059
0.000000,0.000000,param,6.9208804862,0.0586543149
0.000000,0.000000,param,6.9661149983,0.0592904469
0.000000,0.000000,param,7.0113495104,0.0599269988
0.000000,0.000000,param,7.0565840225,0.0605638642
0.000000,0.000000,param,7.1018185346,0.0612009337
0.000000,0.000000,param,7.1470530467,0.0618380950
0.000000,0.000000,param,7.1922875588,0.0624752323
0.000000,0.000000,param,7.2375220709,0.0631122266
0.000000,0.000000,param,7.2827565830,0.0637489553
0.000000,0.000000,param,7.3279910951,0.0643852924
0.000000,0.000000,param,7.3732256072,0.0650211081
0.000000,0.000000,param,7.4184601193,0.0656562689
0.000000,0.000000,param,7.4636946314,0.0662906372
0.000000,0.000000,param,7.5089291435,0.0669240715
0.000000,0.000000,param,7.5541636556,0.0675564261
0.000000,0.000000,param,7.5993981677,0.0681875510
0.000000,0.000000,param,7.6446326798,0.0688172917
0.000000,0.000000,param,7.6898671919,0.0694454892
0.000000,0.000000,param,7.7351017040,0.0700719798
0.000000,0.000000,param,7.7803362161,0.0706965950
0.000000,0.000000,param,7.8255707282,0.0713191613
0.000000,0.000000,param,7.8708052403,0.0719394998
0.000000,0.000000,param,7.9160397524,0.0725574267
0.000000,0.000000,param,7.9612742645,0.0731727526
0.000000,0.000000,param,8.0065087766,0.0737852825
0.000000,0.000000,param,8.0517432887,0.0743948156
0.000000,0.000000,param,8.0969778007,0.0750011453
0.000000,0.000000,param,8.1422123128,0.0756040590
0.000000,0.000000,param,8.1874468249,0.0762033376
0.000000,0.000000,param,8.2326813370,0.0767987557
0.000000,0.000000,param,8.2779158491,0.0773900815
0.000000,0.000000,param,8.3231503612,0.0779770761
0.000000,0.000000,param,8.3683848733,0.0785594939
0.000000,0.000000,param,8.4136193854,0.0791370820
0.000000,0.000000,param,8.4588538975,0.0797095803
0.000000,0.000000,param,8.5040884096,0.0802767212
0.000000,0.000000,param,8.5493229217,0.0808382292
0.000000,0.000000,param,8.5945574338,0.0813938210
0.000000,0.000000,param,8.6397919459,0.0819432053
0.000000,0.000000,param,8.6850264580,0.0824860822
0.000000,0.000000,param,8.7302609701,0.0830221436
0.000000,0.000000,param,8.7754954822,0.0835510723
0.000000,0.000000,param,8.8207299943,0.0840725424
0.000000,0.000000,param,8.8659645064,0.0845862186
0.000000,0.000000,param,8.9111990185,0.0850917564
0.000000,0.000000,param,8.9564335306,0.0855888015
0.000000,0.000000,param,9.0016680427,0.0860769897
0.000000,0.000000,param,9.0469025548,0.0865559467
0.000000,0.000000,param,9.0921370669,0.0870252879
0.000000,0.000000,param,9.1373715790,0.0874846180
0.000000,0.000000,param,9.1826060911,0.0879335309
0.000000,0.000000,param,9.2278406032,0.0883716093
0.000000,0.000000,param,9.2730751153,0.0887984246
0.000000,0.000000,param,9.3183096274,0.0892135365
0.000000,0.000000,param,9.3635441395,0.0896164927
0.000000,0.000000,param,9.4087786516,0.0900068289
0.000000,0.000000,param,9.4540131637,0.0903840682
0.000000,0.000000,param,9.4992476758,0.0907477209
0.000000,0.000000,param,9.5444821879,0.0910972845
0.000000,0.000000,param,9.5897167000,0.0914322429
0.000000,0.000000,param,9.6349512121,0.0917520665
0.000000,0.000000,param,9.6801857242,0.0920562117
0.000000,0.000000,param,9.7254202363,0.0923441209
0.000000,0.000000,param,9.7706547484,0.0926152216
0.000000,0.000000,param,9.8158892605,0.0928689266
0.000000,0.000000,param,9.8611237726,0.0931046337
0.000000,0.000000,param,9.9063582847,0.0933217249
0.000000,0.000000,param,9.9515927968,0.0935195665
0.000000,0.000000,param,9.9968273089,0.0936975087
0.100000,0.000000,exact,0.0000001289,0.0000000000
0.100000,0.000000,exact,0.0431310891,0.0000022372
0.100000,0.000000,exact,0.0862620494,0.0000089487
0.100000,0.000000,exact,0.1293930096,0.0000201338
0.100000,0.000000,exact,0.1725239699,0.0000357915
0.100000,0.000000,exact,0.2156549301,0.0000559204
0.100000,0.000000,exact,0.2587858904,0.0000805186
0.100000,0.000000,exact,0.3019168506,0.0001095838
0.100000,0.000000,exact,0.3450478109,0.0001431134
0.100000,0.000000,exact,0.3881787711,0.0001811043
0.100000,0.000000,exact,0.4313097314,0.0002235531
0.100000,0.000000,exact,0.4744406916,0.0002704558
0.100000,0.000000,exact,0.5175716519,0.0003218081
0.100000,0.000000,exact,0.5607026121,0.0003776054
0.100000,0.000000,exact,0.6038335724,0.0004378425
0.100000,0.000000,exact,0.6469645326,0.0005025140
0.100000,0.000000,exact,0.6900954929,0.0005716140
0.100000,0.000000,exact,0.7332264531,0.0006451362
0.100000,0.000000,exact,0.7763574134,0.0007230739
0.100000,0.000000,exact,0.8194883736,0.0008054201
0.100000,0.000000,exact,0.8626193339,0.0008921672
0.100000,0.000000,exact,0.9057502941,0.0009833075
0.100000,0.000000,exact,0.9488812544,0.0010788328
0.100000,0.000000,exact,0.9920122146,0.0011787344
0.100000,0.000000,exact,1.0351431749,0.0012830033
0.100000,0.000000,exact,1.0782741351,0.0013916303
0.100000,0.000000,exact,1.1214050954,0.0015046056
0.100000,0.000000,exact,1.1645360556,0.0016219191
0.100000,0.000000,exact,1.2076670159,0.0017435604
0.100000,0.000000,exact,1.2507979761,0.0018695186
0.100000,0.000000,exact,1.2939289364,0.0019997827
0.100000,0.000000,exact,1.3370598967,0.0021343410
0.100000,0.000000,exact,1.3801908569,0.0022731818
0.100000,0.000000,exact,1.4233218172,0.0024162929
0.100000,0.000000,exact,1.4664527774,0.0025636616
0.100000,0.000000,exact,1.5095837377,0.0027152752
0.100000,0.000000,exact,1.5527146979,0.0028711205
0.100000,0.000000,exact,1.5958456582,0.0030311838
0.100000,0.000000,exact,1.6389766184,0.0031954514
0.100000,0.000000,exact,1.6821075787,0.0033639090
0.100000,0.000000,exact,1.7252385389,0.0035365423
0.100000,0.000000,exact,1.7683694992,0.0037133364
0.100000,0.000000,exact,1.8115004594,0.0038942762
0.100000,0.000000,exact,1.8546314197,0.0040793463
0.100000,0.000000,exact,1.8977623799,0.0042685311
0.100000,0.000000,exact,1.9408933402,0.0044618146
0.100000,0.000000,exact,1.9840243004,0.0046591804
0.100000,0.000000,exact,2.0271552607,0.0048606122
0.100000,0.000000,exact,2.0702862209,0.0050660931
0.100000,0.000000,exact,2.1134171812,0.0052756059
0.100000,0.000000,exact,2.1565481414,0.0054891335
0.100000,0.000000,exact,2.1996791017,0.0057066581
0.100000,0.000000,exact,2.2428100619,0.0059281619
0.100000,0.000000,exact,2.2859410222,0.0061536268
0.100000,0.000000,exact,2.3290719824,0.0063830346
0.100000,0.000000,exact,2.3722029427,0.0066163665
0.100000,0.000000,exact,2.4153339029,0.0068536037
0.100000,0.000000,exact,2.4584648632,0.0070947273
0.100000,0.000000,exact,2.5015958234,0.0073397180
0.100000,0.000000,exact,2.5447267837,0.0075885562
0.100000,0.000000,exact,2.5878577439,0.0078412223
0.100000,0.000000,exact,2.6309887042,0.0080976963
0.100000,0.000000,exact,2.6741196644,0.0083579581
0.100000,0.000000,exact,2.7172506247,0.0086219875
0.100000,0.000000,exact,2.7603815850,0.0088897638
0.100000,0.000000,exact,2.8035125452,0.0091612664
0.100000,0.000000,exact,2.8466435055,0.0094364745
0.100000,0.000000,exact,2.8897744657,0.0097153668
0.100000,0.000000,exact,2.9329054260,0.0099979222
0.100000,0.000000,exact,2.9760363862,0.0102841192
0.100000,0.000000,exact,3.0191673465,0.0105739362
0.100000,0.000000,exact,3.0622983067,0.0108673515
0.100000,0.000000,exact,3.1054292670,0.0111643430
0.100000,0.000000,exact,3.1485602272,0.0114648888
0.100000,0.000000,exact,3.1916911875,0.0117689666
0.100000,0.000000,exact,3.2348221477,0.0120765539
0.100000,0.000000,exact,3.2779531080,0.0123876282
0.100000,0.000000,exact,3.3210840682,0.0127021668
0.100000,0.000000,exact,3.3642150285,0.0130201468
0.100000,0.000000,exact,3.4073459887,0.0133415452
0.100000,0.000000,exact,3.4504769490,0.0136663389
0.100000,0.000000,exact,3.4936079092,0.0139945047
0.100000,0.000000,exact,3.5367388695,0.0143260190
0.100000,0.000000,exact,3.5798698297,0.0146608583
0.100000,0.000000,exact,3.6230007900,0.0149989990
0.100000,0.000000,exact,3.6661317502,0.0153404172
0.100000,0.000000,exact,3.7092627105,0.0156850889
0.100000,0.000000,exact,3.7523936707,0.0160329900
0.100000,0.000000,exact,3.7955246310,0.0163840964
0.100000,0.000000,exact,3.8386555912,0.0167383835
0.100000,0.000000,exact,3.8817865515,0.0170958270
0.100000,0.000000,exact,3.9249175117,0.0174564022
0.100000,0.000000,exact,3.9680484720,0.0178200843
0.100000,0.000000,exact,4.0111794322,0.0181868483
0.100000,0.000000,exact,4.0543103925,0.0185566693
0.100000,0.000000,exact,4.0974413527,0.0189295219
0.100000,0.000000,exact,4.1405723130,0.0193053809
0.100000,0.000000,exact,4.1837032733,0.0196842207
0.100000,0.000000,exact,4.2268342335,0.0200660157
0.100000,0.000000,exact,4.2699651938,0.0204507400
0.100000,0.000000,exact,4.3130961540,0.0208383676
0.100000,0.000000,exact,4.3562271143,0.0212288724
0.100000,0.000000,exact,4.3993580745,0.0216222281
0.100000,0.000000,exact,4.4424890348,0.0220184081
0.100000,0.000000,exact,4.4856199950,0.0224173858
0.100000,0.000000,exact,4.5287509553,0.0228191342
0.100000,0.000000,exact,4.5718819155,0.0232236262
0.100000,0.000000,exact,4.6150128758,0.0236308346
0.100000,0.000000,exact,4.6581438360,0.0240407319
0.100000,0.000000,exact,4.7012747963,0.0244532902
0.100000,0.000000,exact,4.7444057565,0.0248684815
0.100000,0.000000,exact,4.7875367168,0.0252862778
0.100000,0.000000,exact,4.8306676770,0.0257066503
0.100000,0.000000,exact,4.8737986373,0.0261295705
0.100000,0.000000,exact,4.9169295975,0.0265550093
0.100000,0.000000,exact,4.9600605578,0.0269829372
0.100000,0.000000,exact,5.0031915180,0.0274133247
0.100000,0.000000,exact,5.0463224783,0.0278461418
0.100000,0.000000,exact,5.0894534385,0.0282813582
0.100000,0.000000,exact,5.1325843988,0.0287189432
0.100000,0.000000,exact,5.1757153590,0.0291588658
0.100000,0.000000,exact,5.2188463193,0.0296010946
0.100000,0.000000,exact,5.2619772795,0.0300455978
0.100000,0.000000,exact,5.3051082398,0.0304923432
0.100000,0.000000,exact,5.3482392000,0.0309412980
0.100000,0.000000,exact,5.3913701603,0.0313924291
0.100000,0.000000,exact,5.4345011205,0.0318457029
0.100000,0.000000,exact,5.4776320808,0.0323010853
0.100000,0.000000,exact,5.5207630410,0.0327585417
0.100000,0.000000,exact,5.5638940013,0.0332180368
0.100000,0.000000,exact,5.6070249615,0.0336795349
0.100000,0.000000,exact,5.6501559218,0.0341429996
0.100000,0.000000,exact,5.6932868821,0.0346083939
0.100000,0.000000,exact,5.7364178423,0.0350756802
0.100000,0.000000,exact,5.7795488026,0.0355448202
0.100000,0.000000,exact,5.8226797628,0.0360157749
0.100000,0.000000,exact,5.8658107231,0.0364885044
0.100000,0.000000,exact,5.9089416833,0.0369629683
0.100000,0.000000,exact,5.9520726436,0.0374391252
0.100000,0.000000,exact,5.9952036038,0.0379169330
0.100000,0.000000,exact,6.0383345641,0.0383963487
0.100000,0.000000,exact,6.0814655243,0.0388773283
0.100000,0.000000,exact,6.1245964846,0.0393598270
0.100000,0.000000,exact,6.1677274448,0.0398437990
0.100000,0.000000,exact,6.2108584051,0.0403291974
0.100000,0.000000,exact,6.2539893653,0.0408159744
0.100000,0.000000,exact,6.2971203256,0.0413040809
0.100000,0.000000,exact,6.3402512858,0.0417934668
0.100000,0.000000,exact,6.3833822461,0.0422840810
0.100000,0.000000,exact,6.4265132063,0.0427758708
0.100000,0.000000,exact,6.4696441666,0.0432687826
0.100000,0.000000,exact,6.5127751268,0.0437627612
0.100000,0.000000,exact,6.5559060871,0.0442577503
0.100000,0.000000,exact,6.5990370473,0.0447536920
0.100000,0.000000,exact,6.6421680076,0.0452505270
0.100000,0.000000,exact,6.6852989678,0.0457481946
0.100000,0.000000,exact,6.7284299281,0.0462466324
0.100000,0.000000,exact,6.7715608883,0.0467457765
0.100000,0.000000,exact,6.8146918486,0.0472455612
0.100000,0.000000,exact,6.8578228088,0.0477459192
0.100000,0.000000,exact,6.9009537691,0.0482467814
0.100000,0.000000,exact,6.9440847293,0.0487480768
0.100000,0.000000,exact,6.9872156896,0.0492497325
0.100000,0.000000,exact,7.0303466498,0.0497516738
0.100000,0.000000,exact,7.0734776101,0.0502538236
0.100000,0.000000,exact,7.1166085704,0.0507561032
0.100000,0.000000,exact,7.1597395306,0.0512584313
0.100000,0.000000,exact,7.2028704909,0.0517607247
0.100000,0.000000,exact,7.2460014511,0.0522628976
0.100000,0.000000,exact,7.2891324114,0.0527648621
0.100000,0.000000,exact,7.3322633716,0.0532665277
0.100000,0.000000,exact,7.3753943319,0.0537678015
0.100000,0.000000,exact,7.4185252921,0.0542685878
0.100000,0.000000,exact,7.4616562524,0.0547687884
0.100000,0.000000,exact,7.5047872126,0.0552683023
0.100000,0.000000,exact,7.5479181729,0.0557670256
0.100000,0.000000,exact,7.5910491331,0.0562648518
0.100000,0.000000,exact,7.6341800934,0.0567616708
0.100000,0.000000,exact,7.6773110536,0.0572573700
0.100000,0.000000,exact,7.7204420139,0.0577518333
0.100000,0.000000,exact,7.7635729741,0.0582449414
0.100000,0.000000,exact,7.8067039344,0.0587365717
0.100000,0.000000,exact,7.8498348946,0.0592265980
0.100000,0.000000,exact,7.8929658549,0.0597148907
0.100000,0.000000,exact,7.9360968151,0.0602013165
0.100000,0.000000,exact,7.9792277754,0.0606857383
0.100000,0.000000,exact,8.0223587356,0.0611680152
0.100000,0.000000,exact,8.0654896959,0.0616480023
0.100000,0.000000,exact,8.1086206561,0.0621255508
0.100000,0.000000,exact,8.1517516164,0.0626005075
0.100000,0.000000,exact,8.1948825766,0.0630727151
0.100000,0.000000,exact,8.2380135369,0.0635420118
0.100000,0.000000,exact,8.2811444971,0.0640082314
0.100000,0.000000,exact,8.3242754574,0.0644712028
0.100000,0.000000,exact,8.3674064176,0.0649307507
0.100000,0.000000,exact,8.4105373779,0.0653866943
0.100000,0.000000,exact,8.4536683381,0.0658388484
0.100000,0.000000,exact,8.4967992984,0.0662870223
0.100000,0.000000,exact,8.5399302587,0.0667310202
0.100000,0.000000,exact,8.5830612189,0.0671706409
0.100000,0.000000,exact,8.6261921792,0.0676056778
0.100000,0.000000,exact,8.6693231394,0.0680359185
0.100000,0.000000,exact,8.7124540997,0.0684611451
0.100000,0.000000,exact,8.7555850599,0.0688811336
0.100000,0.000000,exact,8.7987160202,0.0692956539
0.100000,0.000000,exact,8.8418469804,0.0697044698
0.100000,0.000000,exact,8.8849779407,0.0701073389
0.100000,0.000000,exact,8.9281089009,0.0705040121
0.100000,0.000000,exact,8.9712398612,0.0708942337
0.100000,0.000000,exact,9.0143708214,0.0712777413
0.100000,0.000000,exact,9.0575017817,0.0716542655
0.100000,0.000000,exact,9.1006327419,0.0720235299
0.100000,0.000000,exact,9.1437637022,0.0723852507
0.100000,0.000000,exact,9.1868946624,0.0727391366
0.100000,0.000000,exact,9.2300256227,0.0730848890
0.100000,0.000000,exact,9.2731565829,0.0734222013
0.100000,0.000000,exact,9.3162875432,0.0737507590
0.100000,0.000000,exact,9.3594185034,0.0740702396
0.100000,0.000000,exact,9.4025494637,0.0743803121
0.100000,0.000000,exact,9.4456804239,0.0746806372
0.100000,0.000000,exact,9.4888113842,0.0749708670
0.100000,0.000000,exact,9.5319423444,0.0752506446
0.100000,0.000000,exact,9.5750733047,0.0755196042
0.100000,0.000000,exact,9.6182042649,0.0757773706
0.100000,0.000000,exact,9.6613352252,0.0760235595
0.100000,0.000000,exact,9.7044661854,0.0762577768
0.100000,0.000000,exact,9.7475971457,0.0764796184
0.100000,0.000000,exact,9.7907281059,0.0766886706
0.100000,0.000000,exact,9.8338590662,0.0768845092
0.100000,0.000000,exact,9.8769900264,0.0770666997
0.100000,0.000000,exact,9.9201209867,0.0772347968
0.100000,0.000000,exact,9.9632519470,0.0773883445
0.100000,0.000000,param,0.0000001486,0.0000000000
0.100000,0.000000,param,0.0497243216,0.0000031129
0.100000,0.000000,param,0.0994484947,0.0000124510
0.100000,0.000000,param,0.1491726677,0.0000280133
0.100000,0.000000,param,0.1988968408,0.0000497980
0.100000,0.000000,param,0.2486210139,0.0000778024
0.100000,0.000000,param,0.2983451869,0.0001120232
0.100000,0.000000,param,0.3480693600,0.0001524563
0.100000,0.000000,param,0.3977935331,0.0001990969
0.100000,0.000000,param,0.4475177061,0.0002519395
0.100000,0.000000,param,0.4972418792,0.0003109779
0.100000,0.000000,param,0.5469660522,0.0003762049
0.100000,0.000000,param,0.5966902253,0.0004476128
0.100000,0.000000,param,0.6464143984,0.0005251933
0.100000,0.000000,param,0.6961385714,0.0006089372
0.100000,0.000000,param,0.7458627445,0.0006988346
0.100000,0.000000,param,0.7955869176,0.0007948748
0.100000,0.000000,param,0.8453110906,0.0008970467
0.100000,0.000000,param,0.8950352637,0.0010053383
0.100000,0.000000,param,0.9447594367,0.0011197368
0.100000,0.000000,param,0.9944836098,0.0012402289
0.100000,0.000000,param,1.0442077829,0.0013668006
0.100000,0.000000,param,1.0939319559,0.0014994372
0.100000,0.000000,param,1.1436561290,0.0016381233
0.100000,0.000000,param,1.1933803021,0.0017828428
0.100000,0.000000,param,1.2431044751,0.0019335792
0.100000,0.000000,param,1.2928286482,0.0020903150
0.100000,0.000000,param,1.3425528212,0.0022530324
0.100000,0.000000,param,1.3922769943,0.0024217127
0.100000,0.000000,param,1.4420011674,0.0025963368
0.100000,0.000000,param,1.4917253404,0.0027768849
0.100000,0.000000,param,1.5414495135,0.0029633365
0.100000,0.000000,param,1.5911736866,0.0031556707
0.100000,0.000000,param,1.6408978596,0.0033538660
0.100000,0.000000,param,1.6906220327,0.0035579002
0.100000,0.000000,param,1.7403462057,0.0037677506
0.100000,0.000000,param,1.7900703788,0.0039833940
0.100000,0.000000,param,1.8397945519,0.0042048066
0.100000,0.000000,param,1.8895187249,0.0044319642
0.100000,0.000000,param,1.9392428980,0.0046648420
0.100000,0.000000,param,1.9889670711,0.0049034146
0.100000,0.000000,param,2.0386912441,0.0051476564
0.100000,0.000000,param,2.0884154172,0.0053975409
0.100000,0.000000,param,2.1381395902,0.0056530415
0.100000,0.000000,param,2.1878637633,0.0059141310
0.100000,0.000000,param,2.2375879364,0.0061807818
0.100000,0.000000,param,2.2873121094,0.0064529658
0.100000,0.000000,param,2.3370362825,0.0067306547
0.100000,0.000000,param,2.3867604556,0.0070138194
0.100000,0.000000,param,2.4364846286,0.0073024308
0.100000,0.000000,param,2.4862088017,0.0075964593
0.100000,0.000000,param,2.5359329747,0.0078958748
0.100000,0.000000,param,2.5856571478,0.0082006470
0.100000,0.000000,param,2.6353813209,0.0085107453
0.100000,0.000000,param,2.6851054939,0.0088261386
0.100000,0.000000,param,2.7348296670,0.0091467957
0.100000,0.000000,param,2.7845538400,0.0094726850
0.100000,0.000000,param,2.8342780131,0.0098037745
0.100000,0.000000,param,2.8840021862,0.0101400322
0.100000,0.000000,param,2.9337263592,0.0104814257
0.100000,0.000000,param,2.9834505323,0.0108279223
0.100000,0.000000,param,3.0331747054,0.0111794891
0.100000,0.000000,param,3.0828988784,0.0115360932
0.100000,0.000000,param,3.1326230515,0.0118977012
0.100000,0.000000,param,3.1823472245,0.0122642797
0.100000,0.000000,param,3.2320713976,0.0126357950
0.100000,0.000000,param,3.2817955707,0.0130122134
0.100000,0.000000,param,3.3315197437,0.0133935010
0.100000,0.000000,param,3.3812439168,0.0137796236
0.100000,0.000000,param,3.4309680899,0.0141705471
0.100000,0.000000,param,3.4806922629,0.0145662373
0.100000,0.000000,param,3.5304164360,0.0149666598
0.100000,0.000000,param,3.5801406090,0.0153717800
0.100000,0.000000,param,3.6298647821,0.0157815636
0.100000,0.000000,param,3.6795889552,0.0161959758
0.100000,0.000000,param,3.7293131282,0.0166149822
0.100000,0.000000,param,3.7790373013,0.0170385480
0.100000,0.000000,param,3.8287614744,0.0174666385
0.100000,0.000000,param,3.8784856474,0.0178992192
0.100000,0.000000,param,3.9282098205,0.0183362553
0.100000,0.000000,param,3.9779339935,0.0187777121
0.100000,0.000000,param,4.0276581666,0.0192235550
0.100000,0.000000,param,4.0773823397,0.0196737495
0.100000,0.000000,param,4.1271065127,0.0201282609
0.100000,0.000000,param,4.1768306858,0.0205870548
0.100000,0.000000,param,4.2265548589,0.0210500966
0.100000,0.000000,param,4.2762790319,0.0215173521
0.100000,0.000000,param,4.3260032050,0.0219887869
0.100000,0.000000,param,4.3757273780,0.0224643667
0.100000,0.000000,param,4.4254515511,0.0229440576
0.100000,0.000000,param,4.4751757242,0.0234278254
0.100000,0.000000,param,4.5248998972,0.0239156362
0.100000,0.000000,param,4.5746240703,0.0244074562
0.100000,0.000000,param,4.6243482434,0.0249032518
0.100000,0.000000,param,4.6740724164,0.0254029893
0.100000,0.000000,param,4.7237965895,0.0259066354
0.100000,0.000000,param,4.7735207625,0.0264141566
0.100000,0.000000,param,4.8232449356,0.0269255199
0.100000,0.000000,param,4.8729691087,0.0274406920
0.100000,0.000000,param,4.9226932817,0.0279596403
0.100000,0.000000,param,4.9724174548,0.0284823317
0.100000,0.000000,param,5.0221416279,0.0290087338
0.100000,0.000000,param,5.0718658009,0.0295388139
0.100000,0.000000,param,5.1215899740,0.0300725397
0.100000,0.000000,param,5.1713141470,0.0306098790
0.100000,0.000000,param,5.2210383201,0.0311507995
0.100000,0.000000,param,5.2707624932,0.0316952694
0.100000,0.000000,param,5.3204866662,0.0322432566
0.100000,0.000000,param,5.3702108393,0.0327947295
0.100000,0.000000,param,5.4199350124,0.0333496564
0.100000,0.000000,param,5.4696591854,0.0339080056
0.100000,0.000000,param,5.5193833585,0.0344697458
0.100000,0.000000,param,5.5691075315,0.0350348454
0.100000,0.000000,param,5.6188317046,0.0356032733
0.100000,0.000000,param,5.6685558777,0.0361749980
0.100000,0.000000,param,5.7182800507,0.0367499885
0.100000,0.000000,param,5.7680042238,0.0373282134
0.100000,0.000000,param,5.8177283969,0.0379096417
0.100000,0.000000,param,5.8674525699,0.0384942421
0.100000,0.000000,param,5.9171767430,0.0390819834
0.100000,0.000000,param,5.9669009160,0.0396728346
0.100000,0.000000,param,6.0166250891,0.0402667642
0.100000,0.000000,param,6.0663492622,0.0408637409
0.100000,0.000000,param,6.1160734352,0.0414637334
0.100000,0.000000,param,6.1657976083,0.0420667100
0.100000,0.000000,param,6.2155217814,0.0426726391
0.100000,0.000000,param,6.2652459544,0.0432814888
0.100000,0.000000,param,6.3149701275,0.0438932270
0.100000,0.000000,param,6.3646943005,0.0445078216
0.100000,0.000000,param,6.4144184736,0.0451252398
0.100000,0.000000,param,6.4641426467,0.0457454491
0.100000,0.000000,param,6.5138668197,0.0463684161
0.100000,0.000000,param,6.5635909928,0.0469941075
0.100000,0.000000,param,6.6133151659,0.0476224894
0.100000,0.000000,param,6.6630393389,0.0482535275
0.100000,0.000000,param,6.7127635120,0.0488871870
0.100000,0.000000,param,6.7624876850,0.0495234328
0.100000,0.000000,param,6.8122118581,0.0501622289
0.100000,0.000000,param,6.8619360312,0.0508035391
0.100000,0.000000,param,6.9116602042,0.0514473264
0.100000,0.000000,param,6.9613843773,0.0520935529
0.100000,0.000000,param,7.0111085504,0.0527421804
0.100000,0.000000,param,7.0608327234,0.0533931696
0.100000,0.000000,param,7.1105568965,0.0540464804
0.100000,0.000000,param,7.1602810695,0.0547020720
0.100000,0.000000,param,7.2100052426,0.0553599024
0.100000,0.000000,param,7.2597294157,0.0560199287
0.100000,0.000000,param,7.3094535887,0.0566821072
0.100000,0.000000,param,7.3591777618,0.0573463925
0.100000,0.000000,param,7.4089019349,0.0580127386
0.100000,0.000000,param,7.4586261079,0.0586810979
0.100000,0.000000,param,7.5083502810,0.0593514216
0.100000,0.000000,param,7.5580744540,0.0600236593
0.100000,0.000000,param,7.6077986271,0.0606977595
0.100000,0.000000,param,7.6575228002,0.0613736688
0.100000,0.000000,param,7.7072469732,0.0620513325
0.100000,0.000000,param,7.7569711463,0.0627306939
0.100000,0.000000,param,7.8066953194,0.0634116946
0.100000,0.000000,param,7.8564194924,0.0640942746
0.100000,0.000000,param,7.9061436655,0.0647783715
0.100000,0.000000,param,7.9558678385,0.0654639212
0.100000,0.000000,param,8.0055920116,0.0661508573
0.100000,0.000000,param,8.0553161847,0.0668391113
0.100000,0.000000,param,8.1050403577,0.0675286122
0.100000,0.000000,param,8.1547645308,0.0682192868
0.100000,0.000000,param,8.2044887039,0.0689110593
0.100000,0.000000,param,8.2542128769,0.0696038510
0.100000,0.000000,param,8.3039370500,0.0702975809
0.100000,0.000000,param,8.3536612230,0.0709921650
0.100000,0.000000,param,8.4033853961,0.0716875161
0.100000,0.000000,param,8.4531095692,0.0723835442
0.100000,0.000000,param,8.5028337422,0.0730801561
0.100000,0.000000,param,8.5525579153,0.0737772553
0.100000,0.000000,param,8.6022820884,0.0744747416
0.100000,0.000000,param,8.6520062614,0.0751725117
0.100000,0.000000,param,8.7017304345,0.0758704581
0.100000,0.000000,param,8.7514546075,0.0765684699
0.100000,0.000000,param,8.8011787806,0.0772664320
0.100000,0.000000,param,8.8509029537,0.0779642254
0.100000,0.000000,param,8.9006271267,0.0786617267
0.100000,0.000000,param,8.9503512998,0.0793588082
0.100000,0.000000,param,9.0000754729,0.0800553376
0.100000,0.000000,param,9.0497996459,0.0807511780
0.100000,0.000000,param,9.0995238190,0.0814461876
0.100000,0.000000,param,9.1492479920,0.0821402198
0.100000,0.000000,param,9.1989721651,0.0828331225
0.100000,0.000000,param,9.2486963382,0.0835247387
0.100000,0.000000,param,9.2984205112,0.0842149056
0.100000,0.000000,param,9.3481446843,0.0849034549
0.100000,0.000000,param,9.3978688574,0.0855902123
0.100000,0.000000,param,9.4475930304,0.0862749978
0.100000,0.000000,param,9.4973172035,0.0869576249
0.100000,0.000000,param,9.5470413765,0.0876379010
0.100000,0.000000,param,9.5967655496,0.0883156267
0.100000,0.000000,param,9.6464897227,0.0889905959
0.100000,0.000000,param,9.6962138957,0.0896625957
0.100000,0.000000,param,9.7459380688,0.0903314059
0.100000,0.000000,param,9.7956622419,0.0909967989
0.100000,0.000000,param,9.8453864149,0.0916585397
0.100000,0.000000,param,9.8951105880,0.0923163855
0.100000,0.000000,param,9.9448347610,0.0929700853
0.100000,0.000000,param,9.9945589341,0.0936193802
-0.100000,3.000000,exact,0.0000001421,0.0000000000
-0.100000,3.000000,exact,0.0475565551,0.0000015856
-0.100000,3.000000,exact,0.0951129681,0.0000063428
-0.100000,3.000000,exact,0.1426693811,0.0000142733
-0.100000,3.000000,exact,0.1902257941,0.0000253800
-0.100000,3.000000,exact,0.2377822071,0.0000396667
-0.100000,3.000000,exact,0.2853386201,0.0000571385
-0.100000,3.000000,exact,0.3328950331,0.0000778015
-0.100000,3.000000,exact,0.3804514461,0.0001016629
-0.100000,3.000000,exact,0.4280078592,0.0001287312
-0.100000,3.000000,exact,0.4755642722,0.0001590157
-0.100000,3.000000,exact,0.5231206852,0.0001925269
-0.100000,3.000000,exact,0.5706770982,0.0002292765
-0.100000,3.000000,exact,0.6182335112,0.0002692772
-0.100000,3.000000,exact,0.6657899242,0.0003125425
-0.100000,3.000000,exact,0.7133463372,0.0003590873
-0.100000,3.000000,exact,0.7609027502,0.0004089274
-0.100000,3.000000,exact,0.8084591632,0.0004620796
-0.100000,3.000000,exact,0.8560155762,0.0005185618
-0.100000,3.000000,exact,0.9035719892,0.0005783926
-0.100000,3.000000,exact,0.9511284023,0.0006415920
-0.100000,3.000000,exact,0.9986848153,0.0007081806
-0.100000,3.000000,exact,1.0462412283,0.0007781801
-0.100000,3.000000,exact,1.0937976413,0.0008516133
-0.100000,3.000000,exact,1.1413540543,0.0009285034
-0.100000,3.000000,exact,1.1889104673,0.0010088751
-0.100000,3.000000,exact,1.2364668803,0.0010927536
-0.100000,3.000000,exact,1.2840232933,0.0011801649
-0.100000,3.000000,exact,1.3315797063,0.0012711359
-0.100000,3.000000,exact,1.3791361193,0.0013656946
-0.100000,3.000000,exact,1.4266925323,0.0014638692
-0.100000,3.000000,exact,1.4742489454,0.0015656892
-0.100000,3.000000,exact,1.5218053584,0.0016711845
-0.100000,3.000000,exact,1.5693617714,0.0017803857
-0.100000,3.000000,exact,1.6169181844,0.0018933243
-0.100000,3.000000,exact,1.6644745974,0.0020100323
-0.100000,3.000000,exact,1.7120310104,0.0021305422
-0.100000,3.000000,exact,1.7595874234,0.0022548873
-0.100000,3.000000,exact,1.8071438364,0.0023831013
-0.100000,3.000000,exact,1.8547002494,0.0025152187
-0.100000,3.000000,exact,1.9022566624,0.0026512741
-0.100000,3.000000,exact,1.9498130754,0.0027913028
-0.100000,3.000000,exact,1.9973694885,0.0029353407
-0.100000,3.000000,exact,2.0449259015,0.0030834237
-0.100000,3.000000,exact,2.0924823145,0.0032355883
-0.100000,3.000000,exact,2.1400387275,0.0033918715
-0.100000,3.000000,exact,2.1875951405,0.0035523102
-0.100000,3.000000,exact,2.2351515535,0.0037169420
-0.100000,3.000000,exact,2.2827079665,0.0038858043
-0.100000,3.000000,exact,2.3302643795,0.0040589351
-0.100000,3.000000,exact,2.3778207925,0.0042363724
-0.100000,3.000000,exact,2.4253772055,0.0044181541
-0.100000,3.000000,exact,2.4729336185,0.0046043186
-0.100000,3.000000,exact,2.5204900315,0.0047949040
-0.100000,3.000000,exact,2.5680464446,0.0049899487
-0.100000,3.000000,exact,2.6156028576,0.0051894907
-0.100000,3.000000,exact,2.6631592706,0.0053935683
-0.100000,3.000000,exact,2.7107156836,0.0056022196
-0.100000,3.000000,exact,2.7582720966,0.0058154823
-0.100000,3.000000,exact,2.8058285096,0.0060333943
-0.100000,3.000000,exact,2.8533849226,0.0062559929
-0.100000,3.000000,exact,2.9009413356,0.0064833155
-0.100000,3.000000,exact,2.9484977486,0.0067153990
-0.100000,3.000000,exact,2.9960541616,0.0069522798
-0.100000,3.000000,exact,3.0436105746,0.0071939942
-0.100000,3.000000,exact,3.0911669877,0.0074405778
-0.100000,3.000000,exact,3.1387234007,0.0076920660
-0.100000,3.000000,exact,3.1862798137,0.0079484935
-0.100000,3.000000,exact,3.2338362267,0.0082098945
-0.100000,3.000000,exact,3.2813926397,0.0084763025
-0.100000,3.000000,exact,3.3289490527,0.0087477505
-0.100000,3.000000,exact,3.3765054657,0.0090242707
-0.100000,3.000000,exact,3.4240618787,0.0093058948
-0.100000,3.000000,exact,3.4716182917,0.0095926534
-0.100000,3.000000,exact,3.5191747047,0.0098845765
-0.100000,3.000000,exact,3.5667311177,0.0101816931
-0.100000,3.000000,exact,3.6142875308,0.0104840316
-0.100000,3.000000,exact,3.6618439438,0.0107916191
-0.100000,3.000000,exact,3.7094003568,0.0111044819
-0.100000,3.000000,exact,3.7569567698,0.0114226454
-0.100000,3.000000,exact,3.8045131828,0.0117461336
-0.100000,3.000000,exact,3.8520695958,0.0120749697
-0.100000,3.000000,exact,3.8996260088,0.0124091756
-0.100000,3.000000,exact,3.9471824218,0.0127487721
-0.100000,3.000000,exact,3.9947388348,0.0130937788
-0.100000,3.000000,exact,4.0422952478,0.0134442138
-0.100000,3.000000,exact,4.0898516608,0.0138000943
-0.100000,3.000000,exact,4.1374080739,0.0141614356
-0.100000,3.000000,exact,4.1849644869,0.0145282522
-0.100000,3.000000,exact,4.2325208999,0.0149005569
-0.100000,3.000000,exact,4.2800773129,0.0152783609
-0.100000,3.000000,exact,4.3276337259,0.0156616741
-0.100000,3.000000,exact,4.3751901389,0.0160505048
-0.100000,3.000000,exact,4.4227465519,0.0164448598
-0.100000,3.000000,exact,4.4703029649,0.0168447442
-0.100000,3.000000,exact,4.5178593779,0.0172501616
-0.100000,3.000000,exact,4.5654157909,0.0176611136
-0.100000,3.000000,exact,4.6129722039,0.0180776004
-0.100000,3.000000,exact,4.6605286170,0.0184996205
-0.100000,3.000000,exact,4.7080850300,0.0189271702
-0.100000,3.000000,exact,4.7556414430,0.0193602446
-0.100000,3.000000,exact,4.8031978560,0.0197988363
-0.100000,3.000000,exact,4.8507542690,0.0202429367
-0.100000,3.000000,exact,4.8983106820,0.0206925348
-0.100000,3.000000,exact,4.9458670950,0.0211476178
-0.100000,3.000000,exact,4.9934235080,0.0216081711
-0.100000,3.000000,exact,5.0409799210,0.0220741781
-0.100000,3.000000,exact,5.0885363340,0.0225456200
-0.100000,3.000000,exact,5.1360927470,0.0230224761
-0.100000,3.000000,exact,5.1836491601,0.0235047238
-0.100000,3.000000,exact,5.2312055731,0.0239923381
-0.100000,3.000000,exact,5.2787619861,0.0244852923
-0.100000,3.000000,exact,5.3263183991,0.0249835573
-0.100000,3.000000,exact,5.3738748121,0.0254871020
-0.100000,3.000000,exact,5.4214312251,0.0259958932
-0.100000,3.000000,exact,5.4689876381,0.0265098954
-0.100000,3.000000,exact,5.5165440511,0.0270290712
-0.100000,3.000000,exact,5.5641004641,0.0275533806
-0.100000,3.000000,exact,5.6116568771,0.0280827819
-0.100000,3.000000,exact,5.6592132901,0.0286172309
-0.100000,3.000000,exact,5.7067697032,0.0291566813
-0.100000,3.000000,exact,5.7543261162,0.0297010845
-0.100000,3.000000,exact,5.8018825292,0.0302503898
-0.100000,3.000000,exact,5.8494389422,0.0308045443
-0.100000,3.000000,exact,5.8969953552,0.0313634929
-0.100000,3.000000,exact,5.9445517682,0.0319271780
-0.100000,3.000000,exact,5.9921081812,0.0324955403
-0.100000,3.000000,exact,6.0396645942,0.0330685179
-0.100000,3.000000,exact,6.0872210072,0.0336460469
-0.100000,3.000000,exact,6.1347774202,0.0342280612
-0.100000,3.000000,exact,6.1823338332,0.0348144924
-0.100000,3.000000,exact,6.2298902462,0.0354052700
-0.100000,3.000000,exact,6.2774466593,0.0360003216
-0.100000,3.000000,exact,6.3250030723,0.0365995724
-0.100000,3.000000,exact,6.3725594853,0.0372029456
-0.100000,3.000000,exact,6.4201158983,0.0378103623
-0.100000,3.000000,exact,6.4676723113,0.0384217415
-0.100000,3.000000,exact,6.5152287243,0.0390370004
-0.100000,3.000000,exact,6.5627851373,0.0396560539
-0.100000,3.000000,exact,6.6103415503,0.0402788152
-0.100000,3.000000,exact,6.6578979633,0.0409051955
-0.100000,3.000000,exact,6.7054543763,0.0415351040
-0.100000,3.000000,exact,6.7530107893,0.0421684481
-0.100000,3.000000,exact,6.8005672024,0.0428051336
-0.100000,3.000000,exact,6.8481236154,0.0434450642
-0.100000,3.000000,exact,6.8956800284,0.0440881422
-0.100000,3.000000,exact,6.9432364414,0.0447342681
-0.100000,3.000000,exact,6.9907928544,0.0453833408
-0.100000,3.000000,exact,7.0383492674,0.0460352577
-0.100000,3.000000,exact,7.0859056804,0.0466899146
-0.100000,3.000000,exact,7.1334620934,0.0473472061
-0.100000,3.000000,exact,7.1810185064,0.0480070253
-0.100000,3.000000,exact,7.2285749194,0.0486692640
-0.100000,3.000000,exact,7.2761313324,0.0493338129
-0.100000,3.000000,exact,7.3236877455,0.0500005614
-0.100000,3.000000,exact,7.3712441585,0.0506693980
-0.100000,3.000000,exact,7.4188005715,0.0513402102
-0.100000,3.000000,exact,7.4663569845,0.0520128847
-0.100000,3.000000,exact,7.5139133975,0.0526873071
-0.100000,3.000000,exact,7.5614698105,0.0533633626
-0.100000,3.000000,exact,7.6090262235,0.0540409357
-0.100000,3.000000,exact,7.6565826365,0.0547199105
-0.100000,3.000000,exact,7.7041390495,0.0554001705
-0.100000,3.000000,exact,7.7516954625,0.0560815991
-0.100000,3.000000,exact,7.7992518755,0.0567640795
-0.100000,3.000000,exact,7.8468082886,0.0574474946
-0.100000,3.000000,exact,7.8943647016,0.0581317279
-0.100000,3.000000,exact,7.9419211146,0.0588166624
-0.100000,3.000000,exact,7.9894775276,0.0595021821
-0.100000,3.000000,exact,8.0370339406,0.0601881709
-0.100000,3.000000,exact,8.0845903536,0.0608745136
-0.100000,3.000000,exact,8.1321467666,0.0615610956
-0.100000,3.000000,exact,8.1797031796,0.0622478033
-0.100000,3.000000,exact,8.2272595926,0.0629345241
-0.100000,3.000000,exact,8.2748160056,0.0636211463
-0.100000,3.000000,exact,8.3223724186,0.0643075600
-0.100000,3.000000,exact,8.3699288317,0.0649936565
-0.100000,3.000000,exact,8.4174852447,0.0656793288
-0.100000,3.000000,exact,8.4650416577,0.0663644718
-0.100000,3.000000,exact,8.5125980707,0.0670489824
-0.100000,3.000000,exact,8.5601544837,0.0677327598
-0.100000,3.000000,exact,8.6077108967,0.0684157055
-0.100000,3.000000,exact,8.6552673097,0.0690977235
-0.100000,3.000000,exact,8.7028237227,0.0697787208
-0.100000,3.000000,exact,8.7503801357,0.0704586072
-0.100000,3.000000,exact,8.7979365487,0.0711372959
-0.100000,3.000000,exact,8.8454929617,0.0718147032
-0.100000,3.000000,exact,8.8930493748,0.0724907494
-0.100000,3.000000,exact,8.9406057878,0.0731653583
-0.100000,3.000000,exact,8.9881622008,0.0738384581
-0.100000,3.000000,exact,9.0357186138,0.0745099811
-0.100000,3.000000,exact,9.0832750268,0.0751798643
-0.100000,3.000000,exact,9.1308314398,0.0758480493
-0.100000,3.000000,exact,9.1783878528,0.0765144830
-0.100000,3.000000,exact,9.2259442658,0.0771791175
-0.100000,3.000000,exact,9.2735006788,0.0778419105
-0.100000,3.000000,exact,9.3210570918,0.0785028256
-0.100000,3.000000,exact,9.3686135048,0.0791618323
-0.100000,3.000000,exact,9.4161699179,0.0798189069
-0.100000,3.000000,exact,9.4637263309,0.0804740321
-0.100000,3.000000,exact,9.5112827439,0.0811271976
-0.100000,3.000000,exact,9.5588391569,0.0817784006
-0.100000,3.000000,exact,9.6063955699,0.0824276457
-0.100000,3.000000,exact,9.6539519829,0.0830749454
-0.100000,3.000000,exact,9.7015083959,0.0837203207
-0.100000,3.000000,exact,9.7490648089,0.0843638009
-0.100000,3.000000,exact,9.7966212219,0.0850054242
-0.100000,3.000000,exact,9.8441776349,0.0856452383
-0.100000,3.000000,exact,9.8917340479,0.0862833001
-0.100000,3.000000,exact,9.9392904609,0.0869196768
-0.100000,3.000000,exact,9.9868468740,0.0875544456
-0.100000,3.000000,param,0.0000001176,-0.0000000000
-0.100000,3.000000,param,0.0393609542,0.0000011582
-0.100000,3.000000,param,0.0787217908,0.0000046328
-0.100000,3.000000,param,0.1180826274,0.0000104234
-0.100000,3.000000,param,0.1574434640,0.0000185298
-0.100000,3.000000,param,0.1968043006,0.0000289512
-0.100000,3.000000,param,0.2361651372,0.0000416870
-0.100000,3.000000,param,0.2755259739,0.0000567363
-0.100000,3.000000,param,0.3148868105,0.0000740978
-0.100000,3.000000,param,0.3542476471,0.0000937702
-0.100000,3.000000,param,0.3936084837,0.0001157519
-0.100000,3.000000,param,0.4329693203,0.0001400411
-0.100000,3.000000,param,0.4723301569,0.0001666356
-0.100000,3.000000,param,0.5116909935,0.0001955331
-0.100000,3.000000,param,0.5510518301,0.0002267308
-0.100000,3.000000,param,0.5904126667,0.0002602256
-0.100000,3.000000,param,0.6297735033,0.0002960141
-0.100000,3.000000,param,0.6691343399,0.0003340924
-0.100000,3.000000,param,0.7084951766,0.0003744561
-0.100000,3.000000,param,0.7478560132,0.0004171004
-0.100000,3.000000,param,0.7872168498,0.0004620201
-0.100000,3.000000,param,0.8265776864,0.0005092091
-0.100000,3.000000,param,0.8659385230,0.0005586610
-0.100000,3.000000,param,0.9052993596,0.0006103686
-0.100000,3.000000,param,0.9446601962,0.0006643241
-0.100000,3.000000,param,0.9840210328,0.0007205188
-0.100000,3.000000,param,1.0233818694,0.0007789432
-0.100000,3.000000,param,1.0627427060,0.0008395870
-0.100000,3.000000,param,1.1021035426,0.0009024391
-0.100000,3.000000,param,1.1414643793,0.0009674872
-0.100000,3.000000,param,1.1808252159,0.0010347181
-0.100000,3.000000,param,1.2201860525,0.0011041173
-0.100000,3.000000,param,1.2595468891,0.0011756693
-0.100000,3.000000,param,1.2989077257,0.0012493574
-0.100000,3.000000,param,1.3382685623,0.0013251634
-0.100000,3.000000,param,1.3776293989,0.0014030678
-0.100000,3.000000,param,1.4169902355,0.0014830497
-0.100000,3.000000,param,1.4563510721,0.0015650865
-0.100000,3.000000,param,1.4957119087,0.0016491541
-0.100000,3.000000,param,1.5350727453,0.0017352265
-0.100000,3.000000,param,1.5744335819,0.0018232763
-0.100000,3.000000,param,1.6137944186,0.0019132737
-0.100000,3.000000,param,1.6531552552,0.0020051872
-0.100000,3.000000,param,1.6925160918,0.0020989833
-0.100000,3.000000,param,1.7318769284,0.0021946262
-0.100000,3.000000,param,1.7712377650,0.0022920778
-0.100000,3.000000,param,1.8105986016,0.0023912978
-0.100000,3.000000,param,1.8499594382,0.0024922432
-0.100000,3.000000,param,1.8893202748,0.0025948687
-0.100000,3.000000,param,1.9286811114,0.0026991260
-0.100000,3.000000,param,1.9680419480,0.0028049643
-0.100000,3.000000,param,2.0074027846,0.0029123297
-0.100000,3.000000,param,2.0467636213,0.0030211654
-0.100000,3.000000,param,2.0861244579,0.0031314114
-0.100000,3.000000,param,2.1254852945,0.0032430043
-0.100000,3.000000,param,2.1648461311,0.0033558776
-0.100000,3.000000,param,2.2042069677,0.0034699612
-0.100000,3.000000,param,2.2435678043,0.0035851811
-0.100000,3.000000,param,2.2829286409,0.0037014600
-0.100000,3.000000,param,2.3222894775,0.0038187162
-0.100000,3.000000,param,2.3616503141,0.0039368643
-0.100000,3.000000,param,2.4010111507,0.0040558146
-0.100000,3.000000,param,2.4403719873,0.0041754732
-0.100000,3.000000,param,2.4797328240,0.0042957415
-0.100000,3.000000,param,2.5190936606,0.0044165165
-0.100000,3.000000,param,2.5584544972,0.0045376903
-0.100000,3.000000,param,2.5978153338,0.0046591503
-0.100000,3.000000,param,2.6371761704,0.0047807785
-0.100000,3.000000,param,2.6765370070,0.0049024521
-0.100000,3.000000,param,2.7158978436,0.0050240425
-0.100000,3.000000,param,2.7552586802,0.0051454158
-0.100000,3.000000,param,2.7946195168,0.0052664323
-0.100000,3.000000,param,2.8339803534,0.0053869466
-0.100000,3.000000,param,2.8733411900,0.0055068069
-0.100000,3.000000,param,2.9127020267,0.0056258555
-0.100000,3.000000,param,2.9520628633,0.0057439281
-0.100000,3.000000,param,2.9914236999,0.0058608540
-0.100000,3.000000,param,3.0307845365,0.0059764554
-0.100000,3.000000,param,3.0701453731,0.0060905480
-0.100000,3.000000,param,3.1095062097,0.0062029401
-0.100000,3.000000,param,3.1488670463,0.0063134327
-0.100000,3.000000,param,3.1882278829,0.0064218191
-0.100000,3.000000,param,3.2275887195,0.0065278854
-0.100000,3.000000,param,3.2669495561,0.0066314091
-0.100000,3.000000,param,3.3063103927,0.0067321602
-0.100000,3.000000,param,3.3456712294,0.0068298999
-0.100000,3.000000,param,3.3850320660,0.0069243812
-0.100000,3.000000,param,3.4243929026,0.0070153481
-0.100000,3.000000,param,3.4637537392,0.0071025357
-0.100000,3.000000,param,3.5031145758,0.0071856701
-0.100000,3.000000,param,3.5424754124,0.0072644677
-0.100000,3.000000,param,3.5818362490,0.0073386356
-0.100000,3.000000,param,3.6211970856,0.0074078706
-0.100000,3.000000,param,3.6605579222,0.0074718599
-0.100000,3.000000,param,3.6999187588,0.0075302800
-0.100000,3.000000,param,3.7392795954,0.0075827971
-0.100000,3.000000,param,3.7786404321,0.0076290664
-0.100000,3.000000,param,3.8180012687,0.0076687322
-0.100000,3.000000,param,3.8573621053,0.0077014275
-0.100000,3.000000,param,3.8967229419,0.0077267737
-0.100000,3.000000,param,3.9360837785,0.0077443804
-0.100000,3.000000,param,3.9754446151,0.0077538451
-0.100000,3.000000,param,4.0148054517,0.0077547532
-0.100000,3.000000,param,4.0541662883,0.0077466774
-0.100000,3.000000,param,4.0935271249,0.0077291775
-0.100000,3.000000,param,4.1328879615,0.0077018003
-0.100000,3.000000,param,4.1722487981,0.0076640791
-0.100000,3.000000,param,4.2116096348,0.0076155337
-0.100000,3.000000,param,4.2509704714,0.0075556698
-0.100000,3.000000,param,4.2903313080,0.0074839789
-0.100000,3.000000,param,4.3296921446,0.0073999381
-0.100000,3.000000,param,4.3690529812,0.0073030097
-0.100000,3.000000,param,4.4084138178,0.0071926407
-0.100000,3.000000,param,4.4477746544,0.0070682629
-0.100000,3.000000,param,4.4871354910,0.0069292923
-0.100000,3.000000,param,4.5264963276,0.0067751290
-0.100000,3.000000,param,4.5658571642,0.0066051567
-0.100000,3.000000,param,4.6052180008,0.0064187425
-0.100000,3.000000,param,4.6445788375,0.0062152365
-0.100000,3.000000,param,4.6839396741,0.0059939716
-0.100000,3.000000,param,4.7233005107,0.0057542632
-0.100000,3.000000,param,4.7626613473,0.0054954087
-0.100000,3.000000,param,4.8020221839,0.0052166871
-0.100000,3.000000,param,4.8413830205,0.0049173591
-0.100000,3.000000,param,4.8807438571,0.0045966663
-0.100000,3.000000,param,4.9201046937,0.0042538311
-0.100000,3.000000,param,4.9594655303,0.0038880563
-0.100000,3.000000,param,4.9988263669,0.0034985246
-0.100000,3.000000,param,5.0381872035,0.0030843986
-0.100000,3.000000,param,5.0775480401,0.0026448201
-0.100000,3.000000,param,5.1169088768,0.0021789098
-0.100000,3.000000,param,5.1562697134,0.0016857671
-0.100000,3.000000,param,5.1956305500,0.0011644696
-0.100000,3.000000,param,5.2349913866,0.0006140727
-0.100000,3.000000,param,5.2743522232,0.0000336093
-0.100000,3.000000,param,5.3137130598,-0.0005779106
-0.100000,3.000000,param,5.3530738964,-0.0012215003
-0.100000,3.000000,param,5.3924347330,-0.0018981970
-0.100000,3.000000,param,5.4317955696,-0.0026090617
-0.100000,3.000000,param,5.4711564062,-0.0033551800
-0.100000,3.000000,param,5.5105172428,-0.0041376625
-0.100000,3.000000,param,5.5498780795,-0.0049576451
-0.100000,3.000000,param,5.5892389161,-0.0058162893
-0.100000,3.000000,param,5.6285997527,-0.0067147828
-0.100000,3.000000,param,5.6679605893,-0.0076543399
-0.100000,3.000000,param,5.7073214259,-0.0086362020
-0.100000,3.000000,param,5.7466822625,-0.0096616378
-0.100000,3.000000,param,5.7860430991,-0.0107319437
-0.100000,3.000000,param,5.8254039357,-0.0118484448
-0.100000,3.000000,param,5.8647647723,-0.0130124946
-0.100000,3.000000,param,5.9041256089,-0.0142254761
-0.100000,3.000000,param,5.9434864455,-0.0154888017
-0.100000,3.000000,param,5.9828472822,-0.0168039141
-0.100000,3.000000,param,6.0222081188,-0.0181722865
-0.100000,3.000000,param,6.0615689554,-0.0195954231
-0.100000,3.000000,param,6.1009297920,-0.0210748598
-0.100000,3.000000,param,6.1402906286,-0.0226121644
-0.100000,3.000000,param,6.1796514652,-0.0242089371
-0.100000,3.000000,param,6.2190123018,-0.0258668113
-0.100000,3.000000,param,6.2583731384,-0.0275874537
-0.100000,3.000000,param,6.2977339750,-0.0293725650
-0.100000,3.000000,param,6.3370948116,-0.0312238804
-0.100000,3.000000,param,6.3764556482,-0.0331431703
-0.100000,3.000000,param,6.4158164849,-0.0351322401
-0.100000,3.000000,param,6.4551773215,-0.0371929318
-0.100000,3.000000,param,6.4945381581,-0.0393271234
-0.100000,3.000000,param,6.5338989947,-0.0415367305
-0.100000,3.000000,param,6.5732598313,-0.0438237060
-0.100000,3.000000,param,6.6126206679,-0.0461900409
-0.100000,3.000000,param,6.6519815045,-0.0486377651
-0.100000,3.000000,param,6.6913423411,-0.0511689476
-0.100000,3.000000,param,6.7307031777,-0.0537856973
-0.100000,3.000000,param,6.7700640143,-0.0564901635
-0.100000,3.000000,param,6.8094248509,-0.0592845363
-0.100000,3.000000,param,6.8487856876,-0.0621710474
-0.100000,3.000000,param,6.8881465242,-0.0651519705
-0.100000,3.000000,param,6.9275073608,-0.0682296221
-0.100000,3.000000,param,6.9668681974,-0.0714063620
-0.100000,3.000000,param,7.0062290340,-0.0746845935
-0.100000,3.000000,param,7.0455898706,-0.0780667648
-0.100000,3.000000,param,7.0849507072,-0.0815553690
-0.100000,3.000000,param,7.1243115438,-0.0851529447
-0.100000,3.000000,param,7.1636723804,-0.0888620770
-0.100000,3.000000,param,7.2030332170,-0.0926853980
-0.100000,3.000000,param,7.2423940536,-0.0966255870
-0.100000,3.000000,param,7.2817548903,-0.1006853719
-0.100000,3.000000,param,7.3211157269,-0.1048675292
-0.100000,3.000000,param,7.3604765635,-0.1091748848
-0.100000,3.000000,param,7.3998374001,-0.1136103150
-0.100000,3.000000,param,7.4391982367,-0.1181767466
-0.100000,3.000000,param,7.4785590733,-0.1228771581
-0.100000,3.000000,param,7.5179199099,-0.1277145799
-0.100000,3.000000,param,7.5572807465,-0.1326920955
-0.100000,3.000000,param,7.5966415831,-0.1378128416
-0.100000,3.000000,param,7.6360024197,-0.1430800093
-0.100000,3.000000,param,7.6753632563,-0.1484968446
-0.100000,3.000000,param,7.7147240930,-0.1540666488
-0.100000,3.000000,param,7.7540849296,-0.1597927798
-0.100000,3.000000,param,7.7934457662,-0.1656786524
-0.100000,3.000000,param,7.8328066028,-0.1717277392
-0.100000,3.000000,param,7.8721674394,-0.1779435712
-0.100000,3.000000,param,7.9115282760,-0.1843297388
-0.100000,3.000000,param,7.9508891126,-0.1908898920
-0.100000,3.000000,param,7.9902499492,-0.1976277417
-0.100000,3.000000,param,8.0296107858,-0.2045470605
-0.100000,3.000000,param,8.0689716224,-0.2116516828
-0.100000,3.000000,param,8.1083324590,-0.2189455063
-0.100000,3.000000,param,8.1476932956,-0.2264324924
-0.100000,3.000000,param,8.1870541323,-0.2341166669
-0.100000,3.000000,param,8.2264149689,-0.2420021212
-0.100000,3.000000,param,8.2657758055,-0.2500930128
-0.100000,3.000000,param,8.3051366421,-0.2583935659
-0.100000,3.000000,param,8.3444974787,-0.2669080729
-0.100000,3.000000,param,8.3838583153,-0.2756408944
-0.100000,3.000000,param,8.4232191519,-0.2845964607
-0.100000,3.000000,param,8.4625799885,-0.2937792722
-0.100000,3.000000,param,8.5019408251,-0.3031939004
-0.100000,3.000000,param,8.5413016617,-0.3128449888
-0.100000,3.000000,param,8.5806624983,-0.3227372537
-0.100000,3.000000,param,8.6200233350,-0.3328754851
-0.100000,3.000000,param,8.6593841716,-0.3432645474
-0.100000,3.000000,param,8.6987450082,-0.3539093806
-0.100000,3.000000,param,8.7381058448,-0.3648150009
-0.100000,3.000000,param,8.7774666814,-0.3759865017
-0.100000,3.000000,param,8.8168275180,-0.3874290545
-0.100000,3.000000,param,8.8561883546,-0.3991479099
-0.100000,3.000000,param,8.8955491912,-0.4111483984
-0.100000,3.000000,param,8.9349100278,-0.4234359312
-0.100000,3.000000,param,8.9742708644,-0.4360160016
-0.100000,3.000000,param,9.0136317010,-0.4488941853
-0.100000,3.000000,param,9.0529925377,-0.4620761419
-0.100000,3.000000,param,9.0923533743,-0.4755676156
-0.100000,3.000000,param,9.1317142109,-0.4893744362
-0.100000,3.000000,param,9.1710750475,-0.5035025200
-0.100000,3.000000,param,9.2104358841,-0.5179578711
-0.100000,3.000000,param,9.2497967207,-0.5327465818
-0.100000,3.000000,param,9.2891575573,-0.5478748343
-0.100000,3.000000,param,9.3285183939,-0.5633489012
-0.100000,3.000000,param,9.3678792305,-0.5791751466
-0.100000,3.000000,param,9.4072400671,-0.5953600274
0.000000,3.000000,exact,0.0000001348,0.0000000000
0.000000,3.000000,exact,0.0451189546,0.0000011573
0.000000,3.000000,exact,0.0902377745,0.0000046295
0.000000,3.000000,exact,0.1353565943,0.0000104176
0.000000,3.000000,exact,0.1804754142,0.0000185237
0.000000,3.000000,exact,0.2255942340,0.0000289501
0.000000,3.000000,exact,0.2707130539,0.0000417002
0.000000,3.000000,exact,0.3158318737,0.0000567781
0.000000,3.000000,exact,0.3609506936,0.0000741884
0.000000,3.000000,exact,0.4060695134,0.0000939367
0.000000,3.000000,exact,0.4511883333,0.0001160291
0.000000,3.000000,exact,0.4963071531,0.0001404725
0.000000,3.000000,exact,0.5414259730,0.0001672745
0.000000,3.000000,exact,0.5865447928,0.0001964435
0.000000,3.000000,exact,0.6316636127,0.0002279883
0.000000,3.000000,exact,0.6767824325,0.0002619188
0.000000,3.000000,exact,0.7219012523,0.0002982453
0.000000,3.000000,exact,0.7670200722,0.0003369789
0.000000,3.000000,exact,0.8121388920,0.0003781312
0.000000,3.000000,exact,0.8572577119,0.0004217146
0.000000,3.000000,exact,0.9023765317,0.0004677422
0.000000,3.000000,exact,0.9474953516,0.0005162276
0.000000,3.000000,exact,0.9926141714,0.0005671851
0.000000,3.000000,exact,1.0377329913,0.0006206296
0.000000,3.000000,exact,1.0828518111,0.0006765766
0.000000,3.000000,exact,1.1279706310,0.0007350422
0.000000,3.000000,exact,1.1730894508,0.0007960432
0.000000,3.000000,exact,1.2182082707,0.0008595967
0.000000,3.000000,exact,1.2633270905,0.0009257206
0.000000,3.000000,exact,1.3084459104,0.0009944332
0.000000,3.000000,exact,1.3535647302,0.0010657536
0.000000,3.000000,exact,1.3986835501,0.0011397009
0.000000,3.000000,exact,1.4438023699,0.0012162953
0.000000,3.000000,exact,1.4889211898,0.0012955570
0.000000,3.000000,exact,1.5340400096,0.0013775069
0.000000,3.000000,exact,1.5791588294,0.0014621664
0.000000,3.000000,exact,1.6242776493,0.0015495572
0.000000,3.000000,exact,1.6693964691,0.0016397014
0.000000,3.000000,exact,1.7145152890,0.0017326217
0.000000,3.000000,exact,1.7596341088,0.0018283410
0.000000,3.000000,exact,1.8047529287,0.0019268827
0.000000,3.000000,exact,1.8498717485,0.0020282704
0.000000,3.000000,exact,1.8949905684,0.0021325280
0.000000,3.000000,exact,1.9401093882,0.0022396801
0.000000,3.000000,exact,1.9852282081,0.0023497510
0.000000,3.000000,exact,2.0303470279,0.0024627657
0.000000,3.000000,exact,2.0754658478,0.0025787494
0.000000,3.000000,exact,2.1205846676,0.0026977273
0.000000,3.000000,exact,2.1657034875,0.0028197250
0.000000,3.000000,exact,2.2108223073,0.0029447683
0.000000,3.000000,exact,2.2559411272,0.0030728831
0.000000,3.000000,exact,2.3010599470,0.0032040953
0.000000,3.000000,exact,2.3461787669,0.0033384312
0.000000,3.000000,exact,2.3912975867,0.0034759170
0.000000,3.000000,exact,2.4364164065,0.0036165791
0.000000,3.000000,exact,2.4815352264,0.0037604438
0.000000,3.000000,exact,2.5266540462,0.0039075375
0.000000,3.000000,exact,2.5717728661,0.0040578867
0.000000,3.000000,exact,2.6168916859,0.0042115176
0.000000,3.000000,exact,2.6620105058,0.0043684568
0.000000,3.000000,exact,2.7071293256,0.0045287303
0.000000,3.000000,exact,2.7522481455,0.0046923645
0.000000,3.000000,exact,2.7973669653,0.0048593854
0.000000,3.000000,exact,2.8424857852,0.0050298188
0.000000,3.000000,exact,2.8876046050,0.0052036905
0.000000,3.000000,exact,2.9327234249,0.0053810261
0.000000,3.000000,exact,2.9778422447,0.0055618509
0.000000,3.000000,exact,3.0229610646,0.0057461899
0.000000,3.000000,exact,3.0680798844,0.0059340680
0.000000,3.000000,exact,3.1131987043,0.0061255097
0.000000,3.000000,exact,3.1583175241,0.0063205391
0.000000,3.000000,exact,3.2034363439,0.0065191801
0.000000,3.000000,exact,3.2485551638,0.0067214562
0.000000,3.000000,exact,3.2936739836,0.0069273903
0.000000,3.000000,exact,3.3387928035,0.0071370052
0.000000,3.000000,exact,3.3839116233,0.0073503230
0.000000,3.000000,exact,3.4290304432,0.0075673654
0.000000,3.000000,exact,3.4741492630,0.0077881536
0.000000,3.000000,exact,3.5192680829,0.0080127082
0.000000,3.000000,exact,3.5643869027,0.0082410493
0.000000,3.000000,exact,3.6095057226,0.0084731964
0.000000,3.000000,exact,3.6546245424,0.0087091684
0.000000,3.000000,exact,3.6997433623,0.0089489836
0.000000,3.000000,exact,3.7448621821,0.0091926596
0.000000,3.000000,exact,3.7899810020,0.0094402133
0.000000,3.000000,exact,3.8350998218,0.0096916608
0.000000,3.000000,exact,3.8802186417,0.0099470176
0.000000,3.000000,exact,3.9253374615,0.0102062984
0.000000,3.000000,exact,3.9704562814,0.0104695171
0.000000,3.000000,exact,4.0155751012,0.0107366868
0.000000,3.000000,exact,4.0606939210,0.0110078196
0.000000,3.000000,exact,4.1058127409,0.0112829270
0.000000,3.000000,exact,4.1509315607,0.0115620195
0.000000,3.000000,exact,4.1960503806,0.0118451065
0.000000,3.000000,exact,4.2411692004,0.0121321968
0.000000,3.000000,exact,4.2862880203,0.0124232981
0.000000,3.000000,exact,4.3314068401,0.0127184169
0.000000,3.000000,exact,4.3765256600,0.0130175590
0.000000,3.000000,exact,4.4216444798,0.0133207290
0.000000,3.000000,exact,4.4667632997,0.0136279305
0.000000,3.000000,exact,4.5118821195,0.0139391661
0.000000,3.000000,exact,4.5570009394,0.0142544371
0.000000,3.000000,exact,4.6021197592,0.0145737440
0.000000,3.000000,exact,4.6472385791,0.0148970858
0.000000,3.000000,exact,4.6923573989,0.0152244606
0.000000,3.000000,exact,4.7374762188,0.0155558653
0.000000,3.000000,exact,4.7825950386,0.0158912955
0.000000,3.000000,exact,4.8277138585,0.0162307456
0.000000,3.000000,exact,4.8728326783,0.0165742088
0.000000,3.000000,exact,4.9179514981,0.0169216772
0.000000,3.000000,exact,4.9630703180,0.0172731414
0.000000,3.000000,exact,5.0081891378,0.0176285908
0.000000,3.000000,exact,5.0533079577,0.0179880136
0.000000,3.000000,exact,5.0984267775,0.0183513966
0.000000,3.000000,exact,5.1435455974,0.0187187252
0.000000,3.000000,exact,5.1886644172,0.0190899836
0.000000,3.000000,exact,5.2337832371,0.0194651547
0.000000,3.000000,exact,5.2789020569,0.0198442197
0.000000,3.000000,exact,5.3240208768,0.0202271589
0.000000,3.000000,exact,5.3691396966,0.0206139509
0.000000,3.000000,exact,5.4142585165,0.0210045728
0.000000,3.000000,exact,5.4593773363,0.0213990008
0.000000,3.000000,exact,5.5044961562,0.0217972091
0.000000,3.000000,exact,5.5496149760,0.0221991708
0.000000,3.000000,exact,5.5947337959,0.0226048576
0.000000,3.000000,exact,5.6398526157,0.0230142396
0.000000,3.000000,exact,5.6849714355,0.0234272857
0.000000,3.000000,exact,5.7300902554,0.0238439630
0.000000,3.000000,exact,5.7752090752,0.0242642375
0.000000,3.000000,exact,5.8203278951,0.0246880737
0.000000,3.000000,exact,5.8654467149,0.0251154345
0.000000,3.000000,exact,5.9105655348,0.0255462814
0.000000,3.000000,exact,5.9556843546,0.0259805747
0.000000,3.000000,exact,6.0008031745,0.0264182729
0.000000,3.000000,exact,6.0459219943,0.0268593333
0.000000,3.000000,exact,6.0910408142,0.0273037117
0.000000,3.000000,exact,6.1361596340,0.0277513625
0.000000,3.000000,exact,6.1812784539,0.0282022388
0.000000,3.000000,exact,6.2263972737,0.0286562920
0.000000,3.000000,exact,6.2715160936,0.0291134724
0.000000,3.000000,exact,6.3166349134,0.0295737288
0.000000,3.000000,exact,6.3617537333,0.0300370086
0.000000,3.000000,exact,6.4068725531,0.0305032579
0.000000,3.000000,exact,6.4519913730,0.0309724215
0.000000,3.000000,exact,6.4971101928,0.0314444427
0.000000,3.000000,exact,6.5422290126,0.0319192637
0.000000,3.000000,exact,6.5873478325,0.0323968254
0.000000,3.000000,exact,6.6324666523,0.0328770672
0.000000,3.000000,exact,6.6775854722,0.0333599276
0.000000,3.000000,exact,6.7227042920,0.0338453436
0.000000,3.000000,exact,6.7678231119,0.0343332512
0.000000,3.000000,exact,6.8129419317,0.0348235852
0.000000,3.000000,exact,6.8580607516,0.0353162792
0.000000,3.000000,exact,6.9031795714,0.0358112657
0.000000,3.000000,exact,6.9482983913,0.0363084763
0.000000,3.000000,exact,6.9934172111,0.0368078413
0.000000,3.000000,exact,7.0385360310,0.0373092902
0.000000,3.000000,exact,7.0836548508,0.0378127515
0.000000,3.000000,exact,7.1287736707,0.0383181528
0.000000,3.000000,exact,7.1738924905,0.0388254208
0.000000,3.000000,exact,7.2190113104,0.0393344813
0.000000,3.000000,exact,7.2641301302,0.0398452594
0.000000,3.000000,exact,7.3092489501,0.0403576794
0.000000,3.000000,exact,7.3543677699,0.0408716650
0.000000,3.000000,exact,7.3994865897,0.0413871392
0.000000,3.000000,exact,7.4446054096,0.0419040244
0.000000,3.000000,exact,7.4897242294,0.0424222425
0.000000,3.000000,exact,7.5348430493,0.0429417149
0.000000,3.000000,exact,7.5799618691,0.0434623626
0.000000,3.000000,exact,7.6250806890,0.0439841062
0.000000,3.000000,exact,7.6701995088,0.0445068662
0.000000,3.000000,exact,7.7153183287,0.0450305627
0.000000,3.000000,exact,7.7604371485,0.0455551156
0.000000,3.000000,exact,7.8055559684,0.0460804449
0.000000,3.000000,exact,7.8506747882,0.0466064705
0.000000,3.000000,exact,7.8957936081,0.0471331123
0.000000,3.000000,exact,7.9409124279,0.0476602906
0.000000,3.000000,exact,7.9860312478,0.0481879255
0.000000,3.000000,exact,8.0311500676,0.0487159379
0.000000,3.000000,exact,8.0762688875,0.0492442487
0.000000,3.000000,exact,8.1213877073,0.0497727796
0.000000,3.000000,exact,8.1665065271,0.0503014525
0.000000,3.000000,exact,8.2116253470,0.0508301902
0.000000,3.000000,exact,8.2567441668,0.0513589164
0.000000,3.000000,exact,8.3018629867,0.0518875555
0.000000,3.000000,exact,8.3469818065,0.0524160327
0.000000,3.000000,exact,8.3921006264,0.0529442745
0.000000,3.000000,exact,8.4372194462,0.0534722085
0.000000,3.000000,exact,8.4823382661,0.0539997637
0.000000,3.000000,exact,8.5274570859,0.0545268702
0.000000,3.000000,exact,8.5725759058,0.0550534599
0.000000,3.000000,exact,8.6176947256,0.0555794662
0.000000,3.000000,exact,8.6628135455,0.0561048243
0.000000,3.000000,exact,8.7079323653,0.0566294713
0.000000,3.000000,exact,8.7530511852,0.0571533460
0.000000,3.000000,exact,8.7981700050,0.0576763899
0.000000,3.000000,exact,8.8432888249,0.0581985462
0.000000,3.000000,exact,8.8884076447,0.0587197608
0.000000,3.000000,exact,8.9335264646,0.0592399821
0.000000,3.000000,exact,8.9786452844,0.0597591613
0.000000,3.000000,exact,9.0237641042,0.0602772521
0.000000,3.000000,exact,9.0688829241,0.0607942114
0.000000,3.000000,exact,9.1140017439,0.0613099994
0.000000,3.000000,exact,9.1591205638,0.0618245792
0.000000,3.000000,exact,9.2042393836,0.0623379176
0.000000,3.000000,exact,9.2493582035,0.0628499850
0.000000,3.000000,exact,9.2944770233,0.0633607555
0.000000,3.000000,exact,9.3395958432,0.0638702073
0.000000,3.000000,exact,9.3847146630,0.0643783225
0.000000,3.000000,exact,9.4298334829,0.0648850876
0.000000,3.000000,exact,9.4749523027,0.0653904937
0.000000,3.000000,exact,9.5200711226,0.0658945363
0.000000,3.000000,exact,9.5651899424,0.0663972161
0.000000,3.000000,exact,9.6103087623,0.0668985385
0.000000,3.000000,exact,9.6554275821,0.0673985144
0.000000,3.000000,exact,9.7005464020,0.0678971601
0.000000,3.000000,exact,9.7456652218,0.0683944974
0.000000,3.000000,exact,9.7907840417,0.0688905540
0.000000,3.000000,exact,9.8359028615,0.0693853639
0.000000,3.000000,exact,9.8810216813,0.0698789670
0.000000,3.000000,exact,9.9261405012,0.0703714100
0.000000,3.000000,exact,9.9712593210,0.0708627463
0.000000,3.000000,param,0.0000001308,0.0000000000
0.000000,3.000000,param,0.0437835064,0.0000011802
0.000000,3.000000,param,0.0875668821,0.0000047211
0.000000,3.000000,param,0.1313502577,0.0000106229
0.000000,3.000000,param,0.1751336333,0.0000188862
0.000000,3.000000,param,0.2189170089,0.0000295118
0.000000,3.000000,param,0.2627003846,0.0000425007
0.000000,3.000000,param,0.3064837602,0.0000578541
0.000000,3.000000,param,0.3502671358,0.0000755734
0.000000,3.000000,param,0.3940505114,0.0000956603
0.000000,3.000000,param,0.4378338871,0.0001181163
0.000000,3.000000,param,0.4816172627,0.0001429435
0.000000,3.000000,param,0.5254006383,0.0001701438
0.000000,3.000000,param,0.5691840139,0.0001997193
0.000000,3.000000,param,0.6129673896,0.0002316722
0.000000,3.000000,param,0.6567507652,0.0002660048
0.000000,3.000000,param,0.7005341408,0.0003027192
0.000000,3.000000,param,0.7443175165,0.0003418178
0.000000,3.000000,param,0.7881008921,0.0003833026
0.000000,3.000000,param,0.8318842677,0.0004271759
0.000000,3.000000,param,0.8756676433,0.0004734395
0.000000,3.000000,param,0.9194510190,0.0005220954
0.000000,3.000000,param,0.9632343946,0.0005731451
0.000000,3.000000,param,1.0070177702,0.0006265900
0.000000,3.000000,param,1.0508011458,0.0006824312
0.000000,3.000000,param,1.0945845215,0.0007406694
0.000000,3.000000,param,1.1383678971,0.0008013050
0.000000,3.000000,param,1.1821512727,0.0008643379
0.000000,3.000000,param,1.2259346483,0.0009297675
0.000000,3.000000,param,1.2697180240,0.0009975926
0.000000,3.000000,param,1.3135013996,0.0010678114
0.000000,3.000000,param,1.3572847752,0.0011404215
0.000000,3.000000,param,1.4010681508,0.0012154197
0.000000,3.000000,param,1.4448515265,0.0012928018
0.000000,3.000000,param,1.4886349021,0.0013725631
0.000000,3.000000,param,1.5324182777,0.0014546975
0.000000,3.000000,param,1.5762016534,0.0015391984
0.000000,3.000000,param,1.6199850290,0.0016260575
0.000000,3.000000,param,1.6637684046,0.0017152658
0.000000,3.000000,param,1.7075517802,0.0018068128
0.000000,3.000000,param,1.7513351559,0.0019006867
0.000000,3.000000,param,1.7951185315,0.0019968742
0.000000,3.000000,param,1.8389019071,0.0020953607
0.000000,3.000000,param,1.8826852827,0.0021961298
0.000000,3.000000,param,1.9264686584,0.0022991634
0.000000,3.000000,param,1.9702520340,0.0024044417
0.000000,3.000000,param,2.0140354096,0.0025119429
0.000000,3.000000,param,2.0578187852,0.0026216433
0.000000,3.000000,param,2.1016021609,0.0027335170
0.000000,3.000000,param,2.1453855365,0.0028475361
0.000000,3.000000,param,2.1891689121,0.0029636703
0.000000,3.000000,param,2.2329522878,0.0030818867
0.000000,3.000000,param,2.2767356634,0.0032021501
0.000000,3.000000,param,2.3205190390,0.0033244226
0.000000,3.000000,param,2.3643024146,0.0034486635
0.000000,3.000000,param,2.4080857903,0.0035748294
0.000000,3.000000,param,2.4518691659,0.0037028737
0.000000,3.000000,param,2.4956525415,0.0038327467
0.000000,3.000000,param,2.5394359171,0.0039643956
0.000000,3.000000,param,2.5832192928,0.0040977642
0.000000,3.000000,param,2.6270026684,0.0042327926
0.000000,3.000000,param,2.6707860440,0.0043694174
0.000000,3.000000,param,2.7145694196,0.0045075716
0.000000,3.000000,param,2.7583527953,0.0046471839
0.000000,3.000000,param,2.8021361709,0.0047881794
0.000000,3.000000,param,2.8459195465,0.0049304786
0.000000,3.000000,param,2.8897029221,0.0050739979
0.000000,3.000000,param,2.9334862978,0.0052186491
0.000000,3.000000,param,2.9772696734,0.0053643395
0.000000,3.000000,param,3.0210530490,0.0055109713
0.000000,3.000000,param,3.0648364247,0.0056584421
0.000000,3.000000,param,3.1086198003,0.0058066441
0.000000,3.000000,param,3.1524031759,0.0059554645
0.000000,3.000000,param,3.1961865515,0.0061047847
0.000000,3.000000,param,3.2399699272,0.0062544809
0.000000,3.000000,param,3.2837533028,0.0064044231
0.000000,3.000000,param,3.3275366784,0.0065544757
0.000000,3.000000,param,3.3713200540,0.0067044967
0.000000,3.000000,param,3.4151034297,0.0068543381
0.000000,3.000000,param,3.4588868053,0.0070038450
0.000000,3.000000,param,3.5026701809,0.0071528562
0.000000,3.000000,param,3.5464535565,0.0073012035
0.000000,3.000000,param,3.5902369322,0.0074487114
0.000000,3.000000,param,3.6340203078,0.0075951976
0.000000,3.000000,param,3.6778036834,0.0077404721
0.000000,3.000000,param,3.7215870591,0.0078843373
0.000000,3.000000,param,3.7653704347,0.0080265876
0.000000,3.000000,param,3.8091538103,0.0081670097
0.000000,3.000000,param,3.8529371859,0.0083053817
0.000000,3.000000,param,3.8967205616,0.0084414735
0.000000,3.000000,param,3.9405039372,0.0085750461
0.000000,3.000000,param,3.9842873128,0.0087058517
0.000000,3.000000,param,4.0280706884,0.0088336335
0.000000,3.000000,param,4.0718540641,0.0089581251
0.000000,3.000000,param,4.1156374397,0.0090790508
0.000000,3.000000,param,4.1594208153,0.0091961249
0.000000,3.000000,param,4.2032041909,0.0093090518
0.000000,3.000000,param,4.2469875666,0.0094175256
0.000000,3.000000,param,4.2907709422,0.0095212299
0.000000,3.000000,param,4.3345543178,0.0096198374
0.000000,3.000000,param,4.3783376934,0.0097130101
0.000000,3.000000,param,4.4221210691,0.0098003987
0.000000,3.000000,param,4.4659044447,0.0098816421
0.000000,3.000000,param,4.5096878203,0.0099563680
0.000000,3.000000,param,4.5534711960,0.0100241915
0.000000,3.000000,param,4.5972545716,0.0100847159
0.000000,3.000000,param,4.6410379472,0.0101375318
0.000000,3.000000,param,4.6848213228,0.0101822169
0.000000,3.000000,param,4.7286046985,0.0102183362
0.000000,3.000000,param,4.7723880741,0.0102454408
0.000000,3.000000,param,4.8161714497,0.0102630687
0.000000,3.000000,param,4.8599548253,0.0102707438
0.000000,3.000000,param,4.9037382010,0.0102679756
0.000000,3.000000,param,4.9475215766,0.0102542596
0.000000,3.000000,param,4.9913049522,0.0102290761
0.000000,3.000000,param,5.0350883278,0.0101918905
0.000000,3.000000,param,5.0788717035,0.0101421530
0.000000,3.000000,param,5.1226550791,0.0100792978
0.000000,3.000000,param,5.1664384547,0.0100027433
0.000000,3.000000,param,5.2102218304,0.0099118918
0.000000,3.000000,param,5.2540052060,0.0098061287
0.000000,3.000000,param,5.2977885816,0.0096848227
0.000000,3.000000,param,5.3415719572,0.0095473251
0.000000,3.000000,param,5.3853553329,0.0093929698
0.000000,3.000000,param,5.4291387085,0.0092210727
0.000000,3.000000,param,5.4729220841,0.0090309315
0.000000,3.000000,param,5.5167054597,0.0088218254
0.000000,3.000000,param,5.5604888354,0.0085930146
0.000000,3.000000,param,5.6042722110,0.0083437401
0.000000,3.000000,param,5.6480555866,0.0080732234
0.000000,3.000000,param,5.6918389622,0.0077806660
0.000000,3.000000,param,5.7356223379,0.0074652490
0.000000,3.000000,param,5.7794057135,0.0071261329
0.000000,3.000000,param,5.8231890891,0.0067624573
0.000000,3.000000,param,5.8669724647,0.0063733401
0.000000,3.000000,param,5.9107558404,0.0059578779
0.000000,3.000000,param,5.9545392160,0.0055151447
0.000000,3.000000,param,5.9983225916,0.0050441922
0.000000,3.000000,param,6.0421059673,0.0045440492
0.000000,3.000000,param,6.0858893429,0.0040137211
0.000000,3.000000,param,6.1296727185,0.0034521897
0.000000,3.000000,param,6.1734560941,0.0028584127
0.000000,3.000000,param,6.2172394698,0.0022313232
0.000000,3.000000,param,6.2610228454,0.0015698295
0.000000,3.000000,param,6.3048062210,0.0008728147
0.000000,3.000000,param,6.3485895966,0.0001391358
0.000000,3.000000,param,6.3923729723,-0.0006323758
0.000000,3.000000,param,6.4361563479,-0.0014429158
0.000000,3.000000,param,6.4799397235,-0.0022937066
0.000000,3.000000,param,6.5237230991,-0.0031859981
0.000000,3.000000,param,6.5675064748,-0.0041210680
0.000000,3.000000,param,6.6112898504,-0.0051002225
0.000000,3.000000,param,6.6550732260,-0.0061247963
0.000000,3.000000,param,6.6988566017,-0.0071961536
0.000000,3.000000,param,6.7426399773,-0.0083156880
0.000000,3.000000,param,6.7864233529,-0.0094848234
0.000000,3.000000,param,6.8302067285,-0.0107050142
0.000000,3.000000,param,6.8739901042,-0.0119777460
0.000000,3.000000,param,6.9177734798,-0.0133045358
0.000000,3.000000,param,6.9615568554,-0.0146869327
0.000000,3.000000,param,7.0053402310,-0.0161265182
0.000000,3.000000,param,7.0491236067,-0.0176249070
0.000000,3.000000,param,7.0929069823,-0.0191837470
0.000000,3.000000,param,7.1366903579,-0.0208047205
0.000000,3.000000,param,7.1804737335,-0.0224895440
0.000000,3.000000,param,7.2242571092,-0.0242399689
0.000000,3.000000,param,7.2680404848,-0.0260577826
0.000000,3.000000,param,7.3118238604,-0.0279448080
0.000000,3.000000,param,7.3556072360,-0.0299029050
0.000000,3.000000,param,7.3993906117,-0.0319339704
0.000000,3.000000,param,7.4431739873,-0.0340399387
0.000000,3.000000,param,7.4869573629,-0.0362227824
0.000000,3.000000,param,7.5307407386,-0.0384845131
0.000000,3.000000,param,7.5745241142,-0.0408271814
0.000000,3.000000,param,7.6183074898,-0.0432528779
0.000000,3.000000,param,7.6620908654,-0.0457637334
0.000000,3.000000,param,7.7058742411,-0.0483619199
0.000000,3.000000,param,7.7496576167,-0.0510496508
0.000000,3.000000,param,7.7934409923,-0.0538291817
0.000000,3.000000,param,7.8372243679,-0.0567028109
0.000000,3.000000,param,7.8810077436,-0.0596728801
0.000000,3.000000,param,7.9247911192,-0.0627417747
0.000000,3.000000,param,7.9685744948,-0.0659119248
0.000000,3.000000,param,8.0123578704,-0.0691858055
0.000000,3.000000,param,8.0561412461,-0.0725659378
0.000000,3.000000,param,8.0999246217,-0.0760548888
0.000000,3.000000,param,8.1437079973,-0.0796552727
0.000000,3.000000,param,8.1874913730,-0.0833697514
0.000000,3.000000,param,8.2312747486,-0.0872010349
0.000000,3.000000,param,8.2750581242,-0.0911518823
0.000000,3.000000,param,8.3188414998,-0.0952251019
0.000000,3.000000,param,8.3626248755,-0.0994235527
0.000000,3.000000,param,8.4064082511,-0.1037501440
0.000000,3.000000,param,8.4501916267,-0.1082078371
0.000000,3.000000,param,8.4939750023,-0.1127996452
0.000000,3.000000,param,8.5377583780,-0.1175286346
0.000000,3.000000,param,8.5815417536,-0.1223979250
0.000000,3.000000,param,8.6253251292,-0.1274106906
0.000000,3.000000,param,8.6691085048,-0.1325701604
0.000000,3.000000,param,8.7128918805,-0.1378796190
0.000000,3.000000,param,8.7566752561,-0.1433424076
0.000000,3.000000,param,8.8004586317,-0.1489619244
0.000000,3.000000,param,8.8442420073,-0.1547416255
0.000000,3.000000,param,8.8880253830,-0.1606850256
0.000000,3.000000,param,8.9318087586,-0.1667956985
0.000000,3.000000,param,8.9755921342,-0.1730772783
0.000000,3.000000,param,9.0193755099,-0.1795334598
0.000000,3.000000,param,9.0631588855,-0.1861679994
0.000000,3.000000,param,9.1069422611,-0.1929847159
0.000000,3.000000,param,9.1507256367,-0.1999874911
0.000000,3.000000,param,9.1945090124,-0.2071802709
0.000000,3.000000,param,9.2382923880,-0.2145670655
0.000000,3.000000,param,9.2820757636,-0.2221519511
0.000000,3.000000,param,9.3258591392,-0.2299390697
0.000000,3.000000,param,9.3696425149,-0.2379326306
0.000000,3.000000,param,9.4134258905,-0.2461369112
0.000000,3.000000,param,9.4572092661,-0.2545562573
0.000000,3.000000,param,9.5009926417,-0.2631950844
0.000000,3.000000,param,9.5447760174,-0.2720578785
0.000000,3.000000,param,9.5885593930,-0.2811491967
0.000000,3.000000,param,9.6323427686,-0.2904736682
0.000000,3.000000,param,9.6761261443,-0.3000359953
0.000000,3.000000,param,9.7199095199,-0.3098409540
0.000000,3.000000,param,9.7636928955,-0.3198933951
0.000000,3.000000,param,9.8074762711,-0.3301982450
0.000000,3.000000,param,9.8512596468,-0.3407605064
0.000000,3.000000,param,9.8950430224,-0.3515852596
0.000000,3.000000,param,9.9388263980,-0.3626776631
0.000000,3.000000,param,9.9826097736,-0.3740429545
0.100000,3.000000,exact,0.0000001285,0.0000000000
0.100000,3.000000,exact,0.0430213839,0.0000008703
0.100000,3.000000,exact,0.0860426393,0.0000034815
0.100000,3.000000,exact,0.1290638946,0.0000078343
0.100000,3.000000,exact,0.1720851500,0.0000139300
0.100000,3.000000,exact,0.2151064054,0.0000217703
0.100000,3.000000,exact,0.2581276608,0.0000313574
0.100000,3.000000,exact,0.3011489161,0.0000426942
0.100000,3.000000,exact,0.3441701715,0.0000557839
0.100000,3.000000,exact,0.3871914269,0.0000706301
0.100000,3.000000,exact,0.4302126823,0.0000872371
0.100000,3.000000,exact,0.4732339376,0.0001056096
0.100000,3.000000,exact,0.5162551930,0.0001257529
0.100000,3.000000,exact,0.5592764484,0.0001476725
0.100000,3.000000,exact,0.6022977037,0.0001713747
0.100000,3.000000,exact,0.6453189591,0.0001968660
0.100000,3.000000,exact,0.6883402145,0.0002241535
0.100000,3.000000,exact,0.7313614699,0.0002532449
0.100000,3.000000,exact,0.7743827252,0.0002841481
0.100000,3.000000,exact,0.8174039806,0.0003168715
0.100000,3.000000,exact,0.8604252360,0.0003514242
0.100000,3.000000,exact,0.9034464914,0.0003878154
0.100000,3.000000,exact,0.9464677467,0.0004260549
0.100000,3.000000,exact,0.9894890021,0.0004661530
0.100000,3.000000,exact,1.0325102575,0.0005081204
0.100000,3.000000,exact,1.0755315128,0.0005519680
0.100000,3.000000,exact,1.1185527682,0.0005977073
0.100000,3.000000,exact,1.1615740236,0.0006453502
0.100000,3.000000,exact,1.2045952790,0.0006949090
0.100000,3.000000,exact,1.2476165343,0.0007463962
0.100000,3.000000,exact,1.2906377897,0.0007998249
0.100000,3.000000,exact,1.3336590451,0.0008552085
0.100000,3.000000,exact,1.3766803005,0.0009125607
0.100000,3.000000,exact,1.4197015558,0.0009718956
0.100000,3.000000,exact,1.4627228112,0.0010332275
0.100000,3.000000,exact,1.5057440666,0.0010965713
0.100000,3.000000,exact,1.5487653219,0.0011619419
0.100000,3.000000,exact,1.5917865773,0.0012293548
0.100000,3.000000,exact,1.6348078327,0.0012988256
0.100000,3.000000,exact,1.6778290881,0.0013703702
0.100000,3.000000,exact,1.7208503434,0.0014440049
0.100000,3.000000,exact,1.7638715988,0.0015197461
0.100000,3.000000,exact,1.8068928542,0.0015976104
0.100000,3.000000,exact,1.8499141096,0.0016776150
0.100000,3.000000,exact,1.8929353649,0.0017597769
0.100000,3.000000,exact,1.9359566203,0.0018441136
0.100000,3.000000,exact,1.9789778757,0.0019306426
0.100000,3.000000,exact,2.0219991310,0.0020193817
0.100000,3.000000,exact,2.0650203864,0.0021103488
0.100000,3.000000,exact,2.1080416418,0.0022035621
0.100000,3.000000,exact,2.1510628972,0.0022990397
0.100000,3.000000,exact,2.1940841525,0.0023968001
0.100000,3.000000,exact,2.2371054079,0.0024968618
0.100000,3.000000,exact,2.2801266633,0.0025992432
0.100000,3.000000,exact,2.3231479187,0.0027039632
0.100000,3.000000,exact,2.3661691740,0.0028110405
0.100000,3.000000,exact,2.4091904294,0.0029204939
0.100000,3.000000,exact,2.4522116848,0.0030323421
0.100000,3.000000,exact,2.4952329402,0.0031466042
0.100000,3.000000,exact,2.5382541955,0.0032632991
0.100000,3.000000,exact,2.5812754509,0.0033824455
0.100000,3.000000,exact,2.6242967063,0.0035040624
0.100000,3.000000,exact,2.6673179616,0.0036281686
0.100000,3.000000,exact,2.7103392170,0.0037547829
0.100000,3.000000,exact,2.7533604724,0.0038839240
0.100000,3.000000,exact,2.7963817278,0.0040156106
0.100000,3.000000,exact,2.8394029831,0.0041498612
0.100000,3.000000,exact,2.8824242385,0.0042866942
0.100000,3.000000,exact,2.9254454939,0.0044261279
0.100000,3.000000,exact,2.9684667493,0.0045681805
0.100000,3.000000,exact,3.0114880046,0.0047128699
0.100000,3.000000,exact,3.0545092600,0.0048602139
0.100000,3.000000,exact,3.0975305154,0.0050102302
0.100000,3.000000,exact,3.1405517707,0.0051629361
0.100000,3.000000,exact,3.1835730261,0.0053183488
0.100000,3.000000,exact,3.2265942815,0.0054764851
0.100000,3.000000,exact,3.2696155369,0.0056373617
0.100000,3.000000,exact,3.3126367922,0.0058009950
0.100000,3.000000,exact,3.3556580476,0.0059674010
0.100000,3.000000,exact,3.3986793030,0.0061365955
0.100000,3.000000,exact,3.4417005584,0.0063085938
0.100000,3.000000,exact,3.4847218137,0.0064834110
0.100000,3.000000,exact,3.5277430691,0.0066610618
0.100000,3.000000,exact,3.5707643245,0.0068415605
0.100000,3.000000,exact,3.6137855798,0.0070249209
0.100000,3.000000,exact,3.6568068352,0.0072111566
0.100000,3.000000,exact,3.6998280906,0.0074002806
0.100000,3.000000,exact,3.7428493460,0.0075923055
0.100000,3.000000,exact,3.7858706013,0.0077872434
0.100000,3.000000,exact,3.8288918567,0.0079851059
0.100000,3.000000,exact,3.8719131121,0.0081859042
0.100000,3.000000,exact,3.9149343675,0.0083896489
0.100000,3.000000,exact,3.9579556228,0.0085963500
0.100000,3.000000,exact,4.0009768782,0.0088060170
0.100000,3.000000,exact,4.0439981336,0.0090186591
0.100000,3.000000,exact,4.0870193889,0.0092342844
0.100000,3.000000,exact,4.1300406443,0.0094529007
0.100000,3.000000,exact,4.1730618997,0.0096745154
0.100000,3.000000,exact,4.2160831551,0.0098991347
0.100000,3.000000,exact,4.2591044104,0.0101267647
0.100000,3.000000,exact,4.3021256658,0.0103574106
0.100000,3.000000,exact,4.3451469212,0.0105910768
0.100000,3.000000,exact,4.3881681766,0.0108277673
0.100000,3.000000,exact,4.4311894319,0.0110674852
0.100000,3.000000,exact,4.4742106873,0.0113102329
0.100000,3.000000,exact,4.5172319427,0.0115560121
0.100000,3.000000,exact,4.5602531980,0.0118048238
0.100000,3.000000,exact,4.6032744534,0.0120566681
0.100000,3.000000,exact,4.6462957088,0.0123115445
0.100000,3.000000,exact,4.6893169642,0.0125694516
0.100000,3.000000,exact,4.7323382195,0.0128303871
0.100000,3.000000,exact,4.7753594749,0.0130943481
0.100000,3.000000,exact,4.8183807303,0.0133613309
0.100000,3.000000,exact,4.8614019857,0.0136313307
0.100000,3.000000,exact,4.9044232410,0.0139043420
0.100000,3.000000,exact,4.9474444964,0.0141803585
0.100000,3.000000,exact,4.9904657518,0.0144593731
0.100000,3.000000,exact,5.0334870071,0.0147413774
0.100000,3.000000,exact,5.0765082625,0.0150263627
0.100000,3.000000,exact,5.1195295179,0.0153143189
0.100000,3.000000,exact,5.1625507733,0.0156052354
0.100000,3.000000,exact,5.2055720286,0.0158991003
0.100000,3.000000,exact,5.2485932840,0.0161959011
0.100000,3.000000,exact,5.2916145394,0.0164956242
0.100000,3.000000,exact,5.3346357948,0.0167982551
0.100000,3.000000,exact,5.3776570501,0.0171037784
0.100000,3.000000,exact,5.4206783055,0.0174121776
0.100000,3.000000,exact,5.4636995609,0.0177234354
0.100000,3.000000,exact,5.5067208163,0.0180375334
0.100000,3.000000,exact,5.5497420716,0.0183544525
0.100000,3.000000,exact,5.5927633270,0.0186741724
0.100000,3.000000,exact,5.6357845824,0.0189966718
0.100000,3.000000,exact,5.6788058377,0.0193219285
0.100000,3.000000,exact,5.7218270931,0.0196499194
0.100000,3.000000,exact,5.7648483485,0.0199806202
0.100000,3.000000,exact,5.8078696039,0.0203140060
0.100000,3.000000,exact,5.8508908592,0.0206500505
0.100000,3.000000,exact,5.8939121146,0.0209887267
0.100000,3.000000,exact,5.9369333700,0.0213300064
0.100000,3.000000,exact,5.9799546254,0.0216738607
0.100000,3.000000,exact,6.0229758807,0.0220202595
0.100000,3.000000,exact,6.0659971361,0.0223691718
0.100000,3.000000,exact,6.1090183915,0.0227205657
0.100000,3.000000,exact,6.1520396468,0.0230744081
0.100000,3.000000,exact,6.1950609022,0.0234306653
0.100000,3.000000,exact,6.2380821576,0.0237893024
0.100000,3.000000,exact,6.2811034130,0.0241502835
0.100000,3.000000,exact,6.3241246683,0.0245135720
0.100000,3.000000,exact,6.3671459237,0.0248791303
0.100000,3.000000,exact,6.4101671791,0.0252469197
0.100000,3.000000,exact,6.4531884345,0.0256169009
0.100000,3.000000,exact,6.4962096898,0.0259890333
0.100000,3.000000,exact,6.5392309452,0.0263632758
0.100000,3.000000,exact,6.5822522006,0.0267395863
0.100000,3.000000,exact,6.6252734559,0.0271179217
0.100000,3.000000,exact,6.6682947113,0.0274982383
0.100000,3.000000,exact,6.7113159667,0.0278804914
0.100000,3.000000,exact,6.7543372221,0.0282646355
0.100000,3.000000,exact,6.7973584774,0.0286506243
0.100000,3.000000,exact,6.8403797328,0.0290384110
0.100000,3.000000,exact,6.8834009882,0.0294279476
0.100000,3.000000,exact,6.9264222436,0.0298191857
0.100000,3.000000,exact,6.9694434989,0.0302120760
0.100000,3.000000,exact,7.0124647543,0.0306065687
0.100000,3.000000,exact,7.0554860097,0.0310026131
0.100000,3.000000,exact,7.0985072650,0.0314001582
0.100000,3.000000,exact,7.1415285204,0.0317991520
0.100000,3.000000,exact,7.1845497758,0.0321995422
0.100000,3.000000,exact,7.2275710312,0.0326012759
0.100000,3.000000,exact,7.2705922865,0.0330042995
0.100000,3.000000,exact,7.3136135419,0.0334085591
0.100000,3.000000,exact,7.3566347973,0.0338140003
0.100000,3.000000,exact,7.3996560527,0.0342205682
0.100000,3.000000,exact,7.4426773080,0.0346282076
0.100000,3.000000,exact,7.4856985634,0.0350368629
0.100000,3.000000,exact,7.5287198188,0.0354464781
0.100000,3.000000,exact,7.5717410741,0.0358569972
0.100000,3.000000,exact,7.6147623295,0.0362683637
0.100000,3.000000,exact,7.6577835849,0.0366805209
0.100000,3.000000,exact,7.7008048403,0.0370934121
0.100000,3.000000,exact,7.7438260956,0.0375069803
0.100000,3.000000,exact,7.7868473510,0.0379211688
0.100000,3.000000,exact,7.8298686064,0.0383359204
0.100000,3.000000,exact,7.8728898618,0.0387511782
0.100000,3.000000,exact,7.9159111171,0.0391668855
0.100000,3.000000,exact,7.9589323725,0.0395829855
0.100000,3.000000,exact,8.0019536279,0.0399994216
0.100000,3.000000,exact,8.0449748832,0.0404161377
0.100000,3.000000,exact,8.0879961386,0.0408330777
0.100000,3.000000,exact,8.1310173940,0.0412501860
0.100000,3.000000,exact,8.1740386494,0.0416674074
0.100000,3.000000,exact,8.2170599047,0.0420846872
0.100000,3.000000,exact,8.2600811601,0.0425019711
0.100000,3.000000,exact,8.3031024155,0.0429192057
0.100000,3.000000,exact,8.3461236709,0.0433363380
0.100000,3.000000,exact,8.3891449262,0.0437533159
0.100000,3.000000,exact,8.4321661816,0.0441700879
0.100000,3.000000,exact,8.4751874370,0.0445866037
0.100000,3.000000,exact,8.5182086923,0.0450028136
0.100000,3.000000,exact,8.5612299477,0.0454186692
0.100000,3.000000,exact,8.6042512031,0.0458341232
0.100000,3.000000,exact,8.6472724585,0.0462491292
0.100000,3.000000,exact,8.6902937138,0.0466636424
0.100000,3.000000,exact,8.7333149692,0.0470776192
0.100000,3.000000,exact,8.7763362246,0.0474910174
0.100000,3.000000,exact,8.8193574800,0.0479037964
0.100000,3.000000,exact,8.8623787353,0.0483159170
0.100000,3.000000,exact,8.9053999907,0.0487273421
0.100000,3.000000,exact,8.9484212461,0.0491380360
0.100000,3.000000,exact,8.9914425015,0.0495479650
0.100000,3.000000,exact,9.0344637568,0.0499570975
0.100000,3.000000,exact,9.0774850122,0.0503654038
0.100000,3.000000,exact,9.1205062676,0.0507728565
0.100000,3.000000,exact,9.1635275229,0.0511794304
0.100000,3.000000,exact,9.2065487783,0.0515851027
0.100000,3.000000,exact,9.2495700337,0.0519898532
0.100000,3.000000,exact,9.2925912891,0.0523936641
0.100000,3.000000,exact,9.3356125444,0.0527965205
0.100000,3.000000,exact,9.3786337998,0.0531984101
0.100000,3.000000,exact,9.4216550552,0.0535993239
0.100000,3.000000,exact,9.4646763106,0.0539992555
0.100000,3.000000,exact,9.5076975659,0.0543982020
0.100000,3.000000,exact,9.5507188213,0.0547961636
0.100000,3.000000,exact,9.5937400767,0.0551931443
0.100000,3.000000,exact,9.6367613320,0.0555891511
0.100000,3.000000,exact,9.6797825874,0.0559841951
0.100000,3.000000,exact,9.7228038428,0.0563782910
0.100000,3.000000,exact,9.7658250982,0.0567714576
0.100000,3.000000,exact,9.8088463535,0.0571637176
0.100000,3.000000,exact,9.8518676089,0.0575550981
0.100000,3.000000,exact,9.8948888643,0.0579456304
0.100000,3.000000,exact,9.9379101197,0.0583353505
0.100000,3.000000,exact,9.9809313750,0.0587242989
0.100000,3.000000,param,0.0000001440,0.0000000000
0.100000,3.000000,param,0.0481923999,0.0000012109
0.100000,3.000000,param,0.0963846558,0.0000048441
0.100000,3.000000,param,0.1445769116,0.0000109004
0.100000,3.000000,param,0.1927691675,0.0000193816
0.100000,3.000000,param,0.2409614234,0.0000302898
0.100000,3.000000,param,0.2891536793,0.0000436281
0.100000,3.000000,param,0.3373459352,0.0000593999
0.100000,3.000000,param,0.3855381911,0.0000776094
0.100000,3.000000,param,0.4337304470,0.0000982613
0.100000,3.000000,param,0.4819227029,0.0001213611
0.100000,3.000000,param,0.5301149588,0.0001469147
0.100000,3.000000,param,0.5783072147,0.0001749285
0.100000,3.000000,param,0.6264994706,0.0002054095
0.100000,3.000000,param,0.6746917265,0.0002383653
0.100000,3.000000,param,0.7228839824,0.0002738038
0.100000,3.000000,param,0.7710762382,0.0003117335
0.100000,3.000000,param,0.8192684941,0.0003521633
0.100000,3.000000,param,0.8674607500,0.0003951024
0.100000,3.000000,param,0.9156530059,0.0004405606
0.100000,3.000000,param,0.9638452618,0.0004885476
0.100000,3.000000,param,1.0120375177,0.0005390738
0.100000,3.000000,param,1.0602297736,0.0005921496
0.100000,3.000000,param,1.1084220295,0.0006477857
0.100000,3.000000,param,1.1566142854,0.0007059930
0.100000,3.000000,param,1.2048065413,0.0007667824
0.100000,3.000000,param,1.2529987972,0.0008301649
0.100000,3.000000,param,1.3011910531,0.0008961515
0.100000,3.000000,param,1.3493833089,0.0009647533
0.100000,3.000000,param,1.3975755648,0.0010359811
0.100000,3.000000,param,1.4457678207,0.0011098456
0.100000,3.000000,param,1.4939600766,0.0011863575
0.100000,3.000000,param,1.5421523325,0.0012655269
0.100000,3.000000,param,1.5903445884,0.0013473638
0.100000,3.000000,param,1.6385368443,0.0014318777
0.100000,3.000000,param,1.6867291002,0.0015190777
0.100000,3.000000,param,1.7349213561,0.0016089723
0.100000,3.000000,param,1.7831136120,0.0017015693
0.100000,3.000000,param,1.8313058679,0.0017968761
0.100000,3.000000,param,1.8794981238,0.0018948990
0.100000,3.000000,param,1.9276903796,0.0019956437
0.100000,3.000000,param,1.9758826355,0.0020991150
0.100000,3.000000,param,2.0240748914,0.0022053164
0.100000,3.000000,param,2.0722671473,0.0023142507
0.100000,3.000000,param,2.1204594032,0.0024259193
0.100000,3.000000,param,2.1686516591,0.0025403223
0.100000,3.000000,param,2.2168439150,0.0026574586
0.100000,3.000000,param,2.2650361709,0.0027773255
0.100000,3.000000,param,2.3132284268,0.0028999189
0.100000,3.000000,param,2.3614206827,0.0030252330
0.100000,3.000000,param,2.4096129386,0.0031532601
0.100000,3.000000,param,2.4578051945,0.0032839909
0.100000,3.000000,param,2.5059974503,0.0034174140
0.100000,3.000000,param,2.5541897062,0.0035535159
0.100000,3.000000,param,2.6023819621,0.0036922810
0.100000,3.000000,param,2.6505742180,0.0038336915
0.100000,3.000000,param,2.6987664739,0.0039777271
0.100000,3.000000,param,2.7469587298,0.0041243649
0.100000,3.000000,param,2.7951509857,0.0042735795
0.100000,3.000000,param,2.8433432416,0.0044253426
0.100000,3.000000,param,2.8915354975,0.0045796233
0.100000,3.000000,param,2.9397277534,0.0047363873
0.100000,3.000000,param,2.9879200093,0.0048955974
0.100000,3.000000,param,3.0361122652,0.0050572131
0.100000,3.000000,param,3.0843045211,0.0052211906
0.100000,3.000000,param,3.1324967769,0.0053874822
0.100000,3.000000,param,3.1806890328,0.0055560369
0.100000,3.000000,param,3.2288812887,0.0057267997
0.100000,3.000000,param,3.2770735446,0.0058997117
0.100000,3.000000,param,3.3252658005,0.0060747097
0.100000,3.000000,param,3.3734580564,0.0062517265
0.100000,3.000000,param,3.4216503123,0.0064306904
0.100000,3.000000,param,3.4698425682,0.0066115249
0.100000,3.000000,param,3.5180348241,0.0067941492
0.100000,3.000000,param,3.5662270800,0.0069784772
0.100000,3.000000,param,3.6144193359,0.0071644181
0.100000,3.000000,param,3.6626115918,0.0073518756
0.100000,3.000000,param,3.7108038476,0.0075407481
0.100000,3.000000,param,3.7589961035,0.0077309286
0.100000,3.000000,param,3.8071883594,0.0079223042
0.100000,3.000000,param,3.8553806153,0.0081147562
0.100000,3.000000,param,3.9035728712,0.0083081597
0.100000,3.000000,param,3.9517651271,0.0085023837
0.100000,3.000000,param,3.9999573830,0.0086972906
0.100000,3.000000,param,4.0481496389,0.0088927364
0.100000,3.000000,param,4.0963418948,0.0090885700
0.100000,3.000000,param,4.1445341507,0.0092846334
0.100000,3.000000,param,4.1927264066,0.0094807616
0.100000,3.000000,param,4.2409186625,0.0096767818
0.100000,3.000000,param,4.2891109183,0.0098725139
0.100000,3.000000,param,4.3373031742,0.0100677700
0.100000,3.000000,param,4.3854954301,0.0102623539
0.100000,3.000000,param,4.4336876860,0.0104560615
0.100000,3.000000,param,4.4818799419,0.0106486800
0.100000,3.000000,param,4.5300721978,0.0108399882
0.100000,3.000000,param,4.5782644537,0.0110297559
0.100000,3.000000,param,4.6264567096,0.0112177437
0.100000,3.000000,param,4.6746489655,0.0114037031
0.100000,3.000000,param,4.7228412214,0.0115873759
0.100000,3.000000,param,4.7710334773,0.0117684942
0.100000,3.000000,param,4.8192257332,0.0119467801
0.100000,3.000000,param,4.8674179890,0.0121219453
0.100000,3.000000,param,4.9156102449,0.0122936914
0.100000,3.000000,param,4.9638025008,0.0124617088
0.100000,3.000000,param,5.0119947567,0.0126256772
0.100000,3.000000,param,5.0601870126,0.0127852650
0.100000,3.000000,param,5.1083792685,0.0129401292
0.100000,3.000000,param,5.1565715244,0.0130899150
0.100000,3.000000,param,5.2047637803,0.0132342557
0.100000,3.000000,param,5.2529560362,0.0133727721
0.100000,3.000000,param,5.3011482921,0.0135050728
0.100000,3.000000,param,5.3493405480,0.0136307535
0.100000,3.000000,param,5.3975328039,0.0137493966
0.100000,3.000000,param,5.4457250598,0.0138605716
0.100000,3.000000,param,5.4939173156,0.0139638340
0.100000,3.000000,param,5.5421095715,0.0140587257
0.100000,3.000000,param,5.5903018274,0.0141447742
0.100000,3.000000,param,5.6384940833,0.0142214925
0.100000,3.000000,param,5.6866863392,0.0142883791
0.100000,3.000000,param,5.7348785951,0.0143449172
0.100000,3.000000,param,5.7830708510,0.0143905748
0.100000,3.000000,param,5.8312631069,0.0144248040
0.100000,3.000000,param,5.8794553628,0.0144470410
0.100000,3.000000,param,5.9276476187,0.0144567060
0.100000,3.000000,param,5.9758398746,0.0144532023
0.100000,3.000000,param,6.0240321305,0.0144359162
0.100000,3.000000,param,6.0722243863,0.0144042171
0.100000,3.000000,param,6.1204166422,0.0143574565
0.100000,3.000000,param,6.1686088981,0.0142949682
0.100000,3.000000,param,6.2168011540,0.0142160678
0.100000,3.000000,param,6.2649934099,0.0141200521
0.100000,3.000000,param,6.3131856658,0.0140061991
0.100000,3.000000,param,6.3613779217,0.0138737677
0.100000,3.000000,param,6.4095701776,0.0137219969
0.100000,3.000000,param,6.4577624335,0.0135501061
0.100000,3.000000,param,6.5059546894,0.0133572940
0.100000,3.000000,param,6.5541469453,0.0131427390
0.100000,3.000000,param,6.6023392012,0.0129055980
0.100000,3.000000,param,6.6505314570,0.0126450069
0.100000,3.000000,param,6.6987237129,0.0123600797
0.100000,3.000000,param,6.7469159688,0.0120499081
0.100000,3.000000,param,6.7951082247,0.0117135614
0.100000,3.000000,param,6.8433004806,0.0113500859
0.100000,3.000000,param,6.8914927365,0.0109585046
0.100000,3.000000,param,6.9396849924,0.0105378168
0.100000,3.000000,param,6.9878772483,0.0100869975
0.100000,3.000000,param,7.0360695042,0.0096049976
0.100000,3.000000,param,7.0842617601,0.0090907426
0.100000,3.000000,param,7.1324540160,0.0085431330
0.100000,3.000000,param,7.1806462719,0.0079610433
0.100000,3.000000,param,7.2288385277,0.0073433221
0.100000,3.000000,param,7.2770307836,0.0066887910
0.100000,3.000000,param,7.3252230395,0.0059962451
0.100000,3.000000,param,7.3734152954,0.0052644515
0.100000,3.000000,param,7.4216075513,0.0044921498
0.100000,3.000000,param,7.4697998072,0.0036780510
0.100000,3.000000,param,7.5179920631,0.0028208374
0.100000,3.000000,param,7.5661843190,0.0019191620
0.100000,3.000000,param,7.6143765749,0.0009716483
0.100000,3.000000,param,7.6625688308,-0.0000231108
0.100000,3.000000,param,7.7107610867,-0.0010665525
0.100000,3.000000,param,7.7589533426,-0.0021601455
0.100000,3.000000,param,7.8071455984,-0.0033053901
0.100000,3.000000,param,7.8553378543,-0.0045038183
0.100000,3.000000,param,7.9035301102,-0.0057569951
0.100000,3.000000,param,7.9517223661,-0.0070665182
0.100000,3.000000,param,7.9999146220,-0.0084340191
0.100000,3.000000,param,8.0481068779,-0.0098611632
0.100000,3.000000,param,8.0962991338,-0.0113496504
0.100000,3.000000,param,8.1444913897,-0.0129012158
0.100000,3.000000,param,8.1926836456,-0.0145176301
0.100000,3.000000,param,8.2408759015,-0.0162007000
0.100000,3.000000,param,8.2890681574,-0.0179522688
0.100000,3.000000,param,8.3372604133,-0.0197742171
0.100000,3.000000,param,8.3854526692,-0.0216684632
0.100000,3.000000,param,8.4336449250,-0.0236369635
0.100000,3.000000,param,8.4818371809,-0.0256817134
0.100000,3.000000,param,8.5300294368,-0.0278047474
0.100000,3.000000,param,8.5782216927,-0.0300081401
0.100000,3.000000,param,8.6264139486,-0.0322940066
0.100000,3.000000,param,8.6746062045,-0.0346645029
0.100000,3.000000,param,8.7227984604,-0.0371218267
0.100000,3.000000,param,8.7709907163,-0.0396682179
0.100000,3.000000,param,8.8191829722,-0.0423059593
0.100000,3.000000,param,8.8673752281,-0.0450373769
0.100000,3.000000,param,8.9155674840,-0.0478648408
0.100000,3.000000,param,8.9637597399,-0.0507907657
0.100000,3.000000,param,9.0119519957,-0.0538176115
0.100000,3.000000,param,9.0601442516,-0.0569478838
0.100000,3.000000,param,9.1083365075,-0.0601841349
0.100000,3.000000,param,9.1565287634,-0.0635289638
0.100000,3.000000,param,9.2047210193,-0.0669850177
0.100000,3.000000,param,9.2529132752,-0.0705549916
0.100000,3.000000,param,9.3011055311,-0.0742416299
0.100000,3.000000,param,9.3492977870,-0.0780477266
0.100000,3.000000,param,9.3974900429,-0.0819761257
0.100000,3.000000,param,9.4456822988,-0.0860297226
0.100000,3.000000,param,9.4938745547,-0.0902114641
0.100000,3.000000,param,9.5420668106,-0.0945243493
0.100000,3.000000,param,9.5902590664,-0.0989714304
0.100000,3.000000,param,9.6384513223,-0.1035558134
0.100000,3.000000,param,9.6866435782,-0.1082806583
0.100000,3.000000,param,9.7348358341,-0.1131491807
0.100000,3.000000,param,9.7830280900,-0.1181646516
0.100000,3.000000,param,9.8312203459,-0.1233303989
0.100000,3.000000,param,9.8794126018,-0.1286498073
0.100000,3.000000,param,9.9276048577,-0.1341263199
0.100000,3.000000,param,9.9757971136,-0.1397634384
-0.100000,6.000000,exact,0.0000001410,0.0000000000
-0.100000,6.000000,exact,0.0471834608,-0.0000023671
-0.100000,6.000000,exact,0.0943667807,-0.0000094676
-0.100000,6.000000,exact,0.1415501005,-0.0000212997
-0.100000,6.000000,exact,0.1887334204,-0.0000378599
-0.100000,6.000000,exact,0.2359167403,-0.0000591437
-0.100000,6.000000,exact,0.2831000601,-0.0000851449
-0.100000,6.000000,exact,0.3302833800,-0.0001158564
-0.100000,6.000000,exact,0.3774666999,-0.0001512695
-0.100000,6.000000,exact,0.4246500197,-0.0001913741
-0.100000,6.000000,exact,0.4718333396,-0.0002361590
-0.100000,6.000000,exact,0.5190166594,-0.0002856114
-0.100000,6.000000,exact,0.5661999793,-0.0003397174
-0.100000,6.000000,exact,0.6133832992,-0.0003984615
-0.100000,6.000000,exact,0.6605666190,-0.0004618270
-0.100000,6.000000,exact,0.7077499389,-0.0005297957
-0.100000,6.000000,exact,0.7549332587,-0.0006023481
-0.100000,6.000000,exact,0.8021165786,-0.0006794634
-0.100000,6.000000,exact,0.8492998985,-0.0007611192
-0.100000,6.000000,exact,0.8964832183,-0.0008472919
-0.100000,6.000000,exact,0.9436665382,-0.0009379564
-0.100000,6.000000,exact,0.9908498581,-0.0010330861
-0.100000,6.000000,exact,1.0380331779,-0.0011326532
-0.100000,6.000000,exact,1.0852164978,-0.0012366283
-0.100000,6.000000,exact,1.1323998176,-0.0013449805
-0.100000,6.000000,exact,1.1795831375,-0.0014576775
-0.100000,6.000000,exact,1.2267664574,-0.0015746857
-0.100000,6.000000,exact,1.2739497772,-0.0016959697
-0.100000,6.000000,exact,1.3211330971,-0.0018214929
-0.100000,6.000000,exact,1.3683164169,-0.0019512171
-0.100000,6.000000,exact,1.4154997368,-0.0020851024
-0.100000,6.000000,exact,1.4626830567,-0.0022231076
-0.100000,6.000000,exact,1.5098663765,-0.0023651899
-0.100000,6.000000,exact,1.5570496964,-0.0025113050
-0.100000,6.000000,exact,1.6042330163,-0.0026614068
-0.100000,6.000000,exact,1.6514163361,-0.0028154478
-0.100000,6.000000,exact,1.6985996560,-0.0029733790
-0.100000,6.000000,exact,1.7457829758,-0.0031351496
-0.100000,6.000000,exact,1.7929662957,-0.0033007072
-0.100000,6.000000,exact,1.8401496156,-0.0034699978
-0.100000,6.000000,exact,1.8873329354,-0.0036429658
-0.100000,6.000000,exact,1.9345162553,-0.0038195537
-0.100000,6.000000,exact,1.9816995751,-0.0039997027
-0.100000,6.000000,exact,2.0288828950,-0.0041833518
-0.100000,6.000000,exact,2.0760662149,-0.0043704388
-0.100000,6.000000,exact,2.1232495347,-0.0045608994
-0.100000,6.000000,exact,2.1704328546,-0.0047546676
-0.100000,6.000000,exact,2.2176161745,-0.0049516759
-0.100000,6.000000,exact,2.2647994943,-0.0051518546
-0.100000,6.000000,exact,2.3119828142,-0.0053551325
-0.100000,6.000000,exact,2.3591661340,-0.0055614365
-0.100000,6.000000,exact,2.4063494539,-0.0057706917
-0.100000,6.000000,exact,2.4535327738,-0.0059828213
-0.100000,6.000000,exact,2.5007160936,-0.0061977467
-0.100000,6.000000,exact,2.5478994135,-0.0064153874
-0.100000,6.000000,exact,2.5950827333,-0.0066356609
-0.100000,6.000000,exact,2.6422660532,-0.0068584829
-0.100000,6.000000,exact,2.6894493731,-0.0070837673
-0.100000,6.000000,exact,2.7366326929,-0.0073114259
-0.100000,6.000000,exact,2.7838160128,-0.0075413684
-0.100000,6.000000,exact,2.8309993327,-0.0077735030
-0.100000,6.000000,exact,2.8781826525,-0.0080077354
-0.100000,6.000000,exact,2.9253659724,-0.0082439696
-0.100000,6.000000,exact,2.9725492922,-0.0084821076
-0.100000,6.000000,exact,3.0197326121,-0.0087220492
-0.100000,6.000000,exact,3.0669159320,-0.0089636924
-0.100000,6.000000,exact,3.1140992518,-0.0092069330
-0.100000,6.000000,exact,3.1612825717,-0.0094516648
-0.100000,6.000000,exact,3.2084658915,-0.0096977794
-0.100000,6.000000,exact,3.2556492114,-0.0099451666
-0.100000,6.000000,exact,3.3028325313,-0.0101937139
-0.100000,6.000000,exact,3.3500158511,-0.0104433067
-0.100000,6.000000,exact,3.3971991710,-0.0106938284
-0.100000,6.000000,exact,3.4443824909,-0.0109451602
-0.100000,6.000000,exact,3.4915658107,-0.0111971813
-0.100000,6.000000,exact,3.5387491306,-0.0114497686
-0.100000,6.000000,exact,3.5859324504,-0.0117027969
-0.100000,6.000000,exact,3.6331157703,-0.0119561391
-0.100000,6.000000,exact,3.6802990902,-0.0122096657
-0.100000,6.000000,exact,3.7274824100,-0.0124632451
-0.100000,6.000000,exact,3.7746657299,-0.0127167435
-0.100000,6.000000,exact,3.8218490498,-0.0129700252
-0.100000,6.000000,exact,3.8690323696,-0.0132229521
-0.100000,6.000000,exact,3.9162156895,-0.0134753841
-0.100000,6.000000,exact,3.9633990093,-0.0137271789
-0.100000,6.000000,exact,4.0105823292,-0.0139781919
-0.100000,6.000000,exact,4.0577656491,-0.0142282766
-0.100000,6.000000,exact,4.1049489689,-0.0144772843
-0.100000,6.000000,exact,4.1521322888,-0.0147250641
-0.100000,6.000000,exact,4.1993156086,-0.0149714631
-0.100000,6.000000,exact,4.2464989285,-0.0152163261
-0.100000,6.000000,exact,4.2936822484,-0.0154594960
-0.100000,6.000000,exact,4.3408655682,-0.0157008135
-0.100000,6.000000,exact,4.3880488881,-0.0159401172
-0.100000,6.000000,exact,4.4352322080,-0.0161772437
-0.100000,6.000000,exact,4.4824155278,-0.0164120276
-0.100000,6.000000,exact,4.5295988477,-0.0166443014
-0.100000,6.000000,exact,4.5767821675,-0.0168738956
-0.100000,6.000000,exact,4.6239654874,-0.0171006387
-0.100000,6.000000,exact,4.6711488073,-0.0173243572
-0.100000,6.000000,exact,4.7183321271,-0.0175448758
-0.100000,6.000000,exact,4.7655154470,-0.0177620173
-0.100000,6.000000,exact,4.8126987668,-0.0179756023
-0.100000,6.000000,exact,4.8598820867,-0.0181854499
-0.100000,6.000000,exact,4.9070654066,-0.0183913773
-0.100000,6.000000,exact,4.9542487264,-0.0185931997
-0.100000,6.000000,exact,5.0014320463,-0.0187907309
-0.100000,6.000000,exact,5.0486153662,-0.0189837827
-0.100000,6.000000,exact,5.0957986860,-0.0191721653
-0.100000,6.000000,exact,5.1429820059,-0.0193556873
-0.100000,6.000000,exact,5.1901653257,-0.0195341558
-0.100000,6.000000,exact,5.2373486456,-0.0197073762
-0.100000,6.000000,exact,5.2845319655,-0.0198751526
-0.100000,6.000000,exact,5.3317152853,-0.0200372874
-0.100000,6.000000,exact,5.3788986052,-0.0201935819
-0.100000,6.000000,exact,5.4260819250,-0.0203438358
-0.100000,6.000000,exact,5.4732652449,-0.0204878479
-0.100000,6.000000,exact,5.5204485648,-0.0206254155
-0.100000,6.000000,exact,5.5676318846,-0.0207563348
-0.100000,6.000000,exact,5.6148152045,-0.0208804010
-0.100000,6.000000,exact,5.6619985244,-0.0209974083
-0.100000,6.000000,exact,5.7091818442,-0.0211071500
-0.100000,6.000000,exact,5.7563651641,-0.0212094185
-0.100000,6.000000,exact,5.8035484839,-0.0213040055
-0.100000,6.000000,exact,5.8507318038,-0.0213907018
-0.100000,6.000000,exact,5.8979151237,-0.0214692980
-0.100000,6.000000,exact,5.9450984435,-0.0215395837
-0.100000,6.000000,exact,5.9922817634,-0.0216013485
-0.100000,6.000000,exact,6.0394650832,-0.0216543815
-0.100000,6.000000,exact,6.0866484031,-0.0216984715
-0.100000,6.000000,exact,6.1338317230,-0.0217334073
-0.100000,6.000000,exact,6.1810150428,-0.0217589776
-0.100000,6.000000,exact,6.2281983627,-0.0217749713
-0.100000,6.000000,exact,6.2753816826,-0.0217811774
-0.100000,6.000000,exact,6.3225650024,-0.0217773852
-0.100000,6.000000,exact,6.3697483223,-0.0217633845
-0.100000,6.000000,exact,6.4169316421,-0.0217389657
-0.100000,6.000000,exact,6.4641149620,-0.0217039198
-0.100000,6.000000,exact,6.5112982819,-0.0216580387
-0.100000,6.000000,exact,6.5584816017,-0.0216011151
-0.100000,6.000000,exact,6.6056649216,-0.0215329430
-0.100000,6.000000,exact,6.6528482414,-0.0214533175
-0.100000,6.000000,exact,6.7000315613,-0.0213620352
-0.100000,6.000000,exact,6.7472148812,-0.0212588941
-0.100000,6.000000,exact,6.7943982010,-0.0211436940
-0.100000,6.000000,exact,6.8415815209,-0.0210162365
-0.100000,6.000000,exact,6.8887648408,-0.0208763252
-0.100000,6.000000,exact,6.9359481606,-0.0207237661
-0.100000,6.000000,exact,6.9831314805,-0.0205583671
-0.100000,6.000000,exact,7.0303148003,-0.0203799392
-0.100000,6.000000,exact,7.0774981202,-0.0201882957
-0.100000,6.000000,exact,7.1246814401,-0.0199832531
-0.100000,6.000000,exact,7.1718647599,-0.0197646307
-0.100000,6.000000,exact,7.2190480798,-0.0195322514
-0.100000,6.000000,exact,7.2662313996,-0.0192859415
-0.100000,6.000000,exact,7.3134147195,-0.0190255309
-0.100000,6.000000,exact,7.3605980394,-0.0187508537
-0.100000,6.000000,exact,7.4077813592,-0.0184617478
-0.100000,6.000000,exact,7.4549646791,-0.0181580558
-0.100000,6.000000,exact,7.5021479990,-0.0178396246
-0.100000,6.000000,exact,7.5493313188,-0.0175063063
-0.100000,6.000000,exact,7.5965146387,-0.0171579577
-0.100000,6.000000,exact,7.6436979585,-0.0167944411
-0.100000,6.000000,exact,7.6908812784,-0.0164156244
-0.100000,6.000000,exact,7.7380645983,-0.0160213813
-0.100000,6.000000,exact,7.7852479181,-0.0156115916
-0.100000,6.000000,exact,7.8324312380,-0.0151861414
-0.100000,6.000000,exact,7.8796145578,-0.0147449235
-0.100000,6.000000,exact,7.9267978777,-0.0142878376
-0.100000,6.000000,exact,7.9739811976,-0.0138147907
-0.100000,6.000000,exact,8.0211645174,-0.0133256970
-0.100000,6.000000,exact,8.0683478373,-0.0128204790
-0.100000,6.000000,exact,8.1155311572,-0.0122990667
-0.100000,6.000000,exact,8.1627144770,-0.0117613991
-0.100000,6.000000,exact,8.2098977969,-0.0112074236
-0.100000,6.000000,exact,8.2570811167,-0.0106370967
-0.100000,6.000000,exact,8.3042644366,-0.0100503844
-0.100000,6.000000,exact,8.3514477565,-0.0094472624
-0.100000,6.000000,exact,8.3986310763,-0.0088277163
-0.100000,6.000000,exact,8.4458143962,-0.0081917425
-0.100000,6.000000,exact,8.4929977161,-0.0075393479
-0.100000,6.000000,exact,8.5401810359,-0.0068705507
-0.100000,6.000000,exact,8.5873643558,-0.0061853806
-0.100000,6.000000,exact,8.6345476756,-0.0054838792
-0.100000,6.000000,exact,8.6817309955,-0.0047661005
-0.100000,6.000000,exact,8.7289143154,-0.0040321112
-0.100000,6.000000,exact,8.7760976352,-0.0032819909
-0.100000,6.000000,exact,8.8232809551,-0.0025158331
-0.100000,6.000000,exact,8.8704642749,-0.0017337449
-0.100000,6.000000,exact,8.9176475948,-0.0009358481
-0.100000,6.000000,exact,8.9648309147,-0.0001222790
-0.100000,6.000000,exact,9.0120142345,0.0007068107
-0.100000,6.000000,exact,9.0591975544,0.0015512535
-0.100000,6.000000,exact,9.1063808743,0.0024108657
-0.100000,6.000000,exact,9.1535641941,0.0032854473
-0.100000,6.000000,exact,9.2007475140,0.0041747809
-0.100000,6.000000,exact,9.2479308338,0.0050786314
-0.100000,6.000000,exact,9.2951141537,0.0059967459
-0.100000,6.000000,exact,9.3422974736,0.0069288527
-0.100000,6.000000,exact,9.3894807934,0.0078746609
-0.100000,6.000000,exact,9.4366641133,0.0088338603
-0.100000,6.000000,exact,9.4838474331,0.0098061202
-0.100000,6.000000,exact,9.5310307530,0.0107910893
-0.100000,6.000000,exact,9.5782140729,0.0117883951
-0.100000,6.000000,exact,9.6253973927,0.0127976433
-0.100000,6.000000,exact,9.6725807126,0.0138184170
-0.100000,6.000000,exact,9.7197640325,0.0148502768
-0.100000,6.000000,exact,9.7669473523,0.0158927592
-0.100000,6.000000,exact,9.8141306722,0.0169453770
-0.100000,6.000000,exact,9.8613139920,0.0180076180
-0.100000,6.000000,exact,9.9084973119,0.0190789448
-0.100000,6.000000,exact,9.9556806318,0.0201587939
-0.100000,6.000000,param,0.0000001089,0.0000000000
-0.100000,6.000000,param,0.0364366406,0.0000029918
-0.100000,6.000000,param,0.0728731724,0.0000119590
-0.100000,6.000000,param,0.1093097041,0.0000268765
-0.100000,6.000000,param,0.1457462359,0.0000477029
-0.100000,6.000000,param,0.1821827676,0.0000743801
-0.100000,6.000000,param,0.2186192994,0.0001068332
-0.100000,6.000000,param,0.2550558311,0.0001449706
-0.100000,6.000000,param,0.2914923629,0.0001886840
-0.100000,6.000000,param,0.3279288946,0.0002378484
-0.100000,6.000000,param,0.3643654264,0.0002923216
-0.100000,6.000000,param,0.4008019581,0.0003519446
-0.100000,6.000000,param,0.4372384899,0.0004165414
-0.100000,6.000000,param,0.4736750216,0.0004859186
-0.100000,6.000000,param,0.5101115534,0.0005598657
-0.100000,6.000000,param,0.5465480851,0.0006381549
-0.100000,6.000000,param,0.5829846169,0.0007205405
-0.100000,6.000000,param,0.6194211486,0.0008067595
-0.100000,6.000000,param,0.6558576804,0.0008965310
-0.100000,6.000000,param,0.6922942122,0.0009895561
-0.100000,6.000000,param,0.7287307439,0.0010855177
-0.100000,6.000000,param,0.7651672757,0.0011840805
-0.100000,6.000000,param,0.8016038074,0.0012848906
-0.100000,6.000000,param,0.8380403392,0.0013875757
-0.100000,6.000000,param,0.8744768709,0.0014917442
-0.100000,6.000000,param,0.9109134027,0.0015969857
-0.100000,6.000000,param,0.9473499344,0.0017028703
-0.100000,6.000000,param,0.9837864662,0.0018089488
-0.100000,6.000000,param,1.0202229979,0.0019147519
-0.100000,6.000000,param,1.0566595297,0.0020197904
-0.100000,6.000000,param,1.0930960614,0.0021235548
-0.100000,6.000000,param,1.1295325932,0.0022255150
-0.100000,6.000000,param,1.1659691249,0.0023251200
-0.100000,6.000000,param,1.2024056567,0.0024217977
-0.100000,6.000000,param,1.2388421884,0.0025149546
-0.100000,6.000000,param,1.2752787202,0.0026039753
-0.100000,6.000000,param,1.3117152519,0.0026882225
-0.100000,6.000000,param,1.3481517837,0.0027670364
-0.100000,6.000000,param,1.3845883155,0.0028397344
-0.100000,6.000000,param,1.4210248472,0.0029056110
-0.100000,6.000000,param,1.4574613790,0.0029639370
-0.100000,6.000000,param,1.4938979107,0.0030139597
-0.100000,6.000000,param,1.5303344425,0.0030549021
-0.100000,6.000000,param,1.5667709742,0.0030859623
-0.100000,6.000000,param,1.6032075060,0.0031063141
-0.100000,6.000000,param,1.6396440377,0.0031151053
-0.100000,6.000000,param,1.6760805695,0.0031114582
-0.100000,6.000000,param,1.7125171012,0.0030944690
-0.100000,6.000000,param,1.7489536330,0.0030632070
-0.100000,6.000000,param,1.7853901647,0.0030167147
-0.100000,6.000000,param,1.8218266965,0.0029540068
-0.100000,6.000000,param,1.8582632282,0.0028740701
-0.100000,6.000000,param,1.8946997600,0.0027758630
-0.100000,6.000000,param,1.9311362917,0.0026583150
-0.100000,6.000000,param,1.9675728235,0.0025203258
-0.100000,6.000000,param,2.0040093552,0.0023607656
-0.100000,6.000000,param,2.0404458870,0.0021784738
-0.100000,6.000000,param,2.0768824188,0.0019722591
-0.100000,6.000000,param,2.1133189505,0.0017408986
-0.100000,6.000000,param,2.1497554823,0.0014831371
-0.100000,6.000000,param,2.1861920140,0.0011976871
-0.100000,6.000000,param,2.2226285458,0.0008832279
-0.100000,6.000000,param,2.2590650775,0.0005384049
-0.100000,6.000000,param,2.2955016093,0.0001618294
-0.100000,6.000000,param,2.3319381410,-0.0002479223
-0.100000,6.000000,param,2.3683746728,-0.0006923095
-0.100000,6.000000,param,2.4048112045,-0.0011728275
-0.100000,6.000000,param,2.4412477363,-0.0016910083
-0.100000,6.000000,param,2.4776842680,-0.0022484213
-0.100000,6.000000,param,2.5141207998,-0.0028466739
-0.100000,6.000000,param,2.5505573315,-0.0034874122
-0.100000,6.000000,param,2.5869938633,-0.0041723216
-0.100000,6.000000,param,2.6234303950,-0.0049031274
-0.100000,6.000000,param,2.6598669268,-0.0056815955
-0.100000,6.000000,param,2.6963034585,-0.0065095335
-0.100000,6.000000,param,2.7327399903,-0.0073887906
-0.100000,6.000000,param,2.7691765220,-0.0083212590
-0.100000,6.000000,param,2.8056130538,-0.0093088744
-0.100000,6.000000,param,2.8420495856,-0.0103536165
-0.100000,6.000000,param,2.8784861173,-0.0114575103
-0.100000,6.000000,param,2.9149226491,-0.0126226260
-0.100000,6.000000,param,2.9513591808,-0.0138510808
-0.100000,6.000000,param,2.9877957126,-0.0151450387
-0.100000,6.000000,param,3.0242322443,-0.0165067119
-0.100000,6.000000,param,3.0606687761,-0.0179383613
-0.100000,6.000000,param,3.0971053078,-0.0194422976
-0.100000,6.000000,param,3.1335418396,-0.0210208817
-0.100000,6.000000,param,3.1699783713,-0.0226765258
-0.100000,6.000000,param,3.2064149031,-0.0244116941
-0.100000,6.000000,param,3.2428514348,-0.0262289038
-0.100000,6.000000,param,3.2792879666,-0.0281307259
-0.100000,6.000000,param,3.3157244983,-0.0301197858
-0.100000,6.000000,param,3.3521610301,-0.0321987646
-0.100000,6.000000,param,3.3885975618,-0.0343703997
-0.100000,6.000000,param,3.4250340936,-0.0366374857
-0.100000,6.000000,param,3.4614706253,-0.0390028755
-0.100000,6.000000,param,3.4979071571,-0.0414694810
-0.100000,6.000000,param,3.5343436889,-0.0440402741
-0.100000,6.000000,param,3.5707802206,-0.0467182877
-0.100000,6.000000,param,3.6072167524,-0.0495066165
-0.100000,6.000000,param,3.6436532841,-0.0524084181
-0.100000,6.000000,param,3.6800898159,-0.0554269140
-0.100000,6.000000,param,3.7165263476,-0.0585653904
-0.100000,6.000000,param,3.7529628794,-0.0618271992
-0.100000,6.000000,param,3.7893994111,-0.0652157592
-0.100000,6.000000,param,3.8258359429,-0.0687345570
-0.100000,6.000000,param,3.8622724746,-0.0723871479
-0.100000,6.000000,param,3.8987090064,-0.0761771571
-0.100000,6.000000,param,3.9351455381,-0.0801082807
-0.100000,6.000000,param,3.9715820699,-0.0841842866
-0.100000,6.000000,param,4.0080186016,-0.0884090159
-0.100000,6.000000,param,4.0444551334,-0.0927863835
-0.100000,6.000000,param,4.0808916651,-0.0973203797
-0.100000,6.000000,param,4.1173281969,-0.1020150709
-0.100000,6.000000,param,4.1537647286,-0.1068746008
-0.100000,6.000000,param,4.1902012604,-0.1119031918
-0.100000,6.000000,param,4.2266377922,-0.1171051457
-0.100000,6.000000,param,4.2630743239,-0.1224848450
-0.100000,6.000000,param,4.2995108557,-0.1280467542
-0.100000,6.000000,param,4.3359473874,-0.1337954207
-0.100000,6.000000,param,4.3723839192,-0.1397354763
-0.100000,6.000000,param,4.4088204509,-0.1458716381
-0.100000,6.000000,param,4.4452569827,-0.1522087096
-0.100000,6.000000,param,4.4816935144,-0.1587515825
-0.100000,6.000000,param,4.5181300462,-0.1655052371
-0.100000,6.000000,param,4.5545665779,-0.1724747442
-0.100000,6.000000,param,4.5910031097,-0.1796652660
-0.100000,6.000000,param,4.6274396414,-0.1870820572
-0.100000,6.000000,param,4.6638761732,-0.1947304669
-0.100000,6.000000,param,4.7003127049,-0.2026159391
-0.100000,6.000000,param,4.7367492367,-0.2107440145
-0.100000,6.000000,param,4.7731857684,-0.2191203315
-0.100000,6.000000,param,4.8096223002,-0.2277506277
-0.100000,6.000000,param,4.8460588319,-0.2366407413
-0.100000,6.000000,param,4.8824953637,-0.2457966120
-0.100000,6.000000,param,4.9189318955,-0.2552242828
-0.100000,6.000000,param,4.9553684272,-0.2649299010
-0.100000,6.000000,param,4.9918049590,-0.2749197201
-0.100000,6.000000,param,5.0282414907,-0.2852001002
-0.100000,6.000000,param,5.0646780225,-0.2957775106
-0.100000,6.000000,param,5.1011145542,-0.3066585302
-0.100000,6.000000,param,5.1375510860,-0.3178498494
-0.100000,6.000000,param,5.1739876177,-0.3293582713
-0.100000,6.000000,param,5.2104241495,-0.3411907135
-0.100000,6.000000,param,5.2468606812,-0.3533542092
-0.100000,6.000000,param,5.2832972130,-0.3658559084
-0.100000,6.000000,param,5.3197337447,-0.3787030803
-0.100000,6.000000,param,5.3561702765,-0.3919031136
-0.100000,6.000000,param,5.3926068082,-0.4054635190
-0.100000,6.000000,param,5.4290433400,-0.4193919301
-0.100000,6.000000,param,5.4654798717,-0.4336961050
-0.100000,6.000000,param,5.5019164035,-0.4483839282
-0.100000,6.000000,param,5.5383529352,-0.4634634116
-0.100000,6.000000,param,5.5747894670,-0.4789426964
-0.100000,6.000000,param,5.6112259988,-0.4948300546
-0.100000,6.000000,param,5.6476625305,-0.5111338904
-0.100000,6.000000,param,5.6840990623,-0.5278627421
-0.100000,6.000000,param,5.7205355940,-0.5450252834
-0.100000,6.000000,param,5.7569721258,-0.5626303252
-0.100000,6.000000,param,5.7934086575,-0.5806868172
-0.100000,6.000000,param,5.8298451893,-0.5992038494
-0.100000,6.000000,param,5.8662817210,-0.6181906538
-0.100000,6.000000,param,5.9027182528,-0.6376566063
-0.100000,6.000000,param,5.9391547845,-0.6576112279
-0.100000,6.000000,param,5.9755913163,-0.6780641868
-0.100000,6.000000,param,6.0120278480,-0.6990253001
-0.100000,6.000000,param,6.0484643798,-0.7205045350
-0.100000,6.000000,param,6.0849009115,-0.7425120112
-0.100000,6.000000,param,6.1213374433,-0.7650580022
-0.100000,6.000000,param,6.1577739750,-0.7881529370
-0.100000,6.000000,param,6.1942105068,-0.8118074022
-0.100000,6.000000,param,6.2306470385,-0.8360321436
-0.100000,6.000000,param,6.2670835703,-0.8608380680
-0.100000,6.000000,param,6.3035201020,-0.8862362447
-0.100000,6.000000,param,6.3399566338,-0.9122379078
-0.100000,6.000000,param,6.3763931656,-0.9388544579
-0.100000,6.000000,param,6.4128296973,-0.9660974636
-0.100000,6.000000,param,6.4492662291,-0.9939786636
-0.100000,6.000000,param,6.4857027608,-1.0225099687
-0.100000,6.000000,param,6.5221392926,-1.0517034635
-0.100000,6.000000,param,6.5585758243,-1.0815714082
-0.100000,6.000000,param,6.5950123561,-1.1121262405
-0.100000,6.000000,param,6.6314488878,-1.1433805780
-0.100000,6.000000,param,6.6678854196,-1.1753472192
-0.100000,6.000000,param,6.7043219513,-1.2080391466
-0.100000,6.000000,param,6.7407584831,-1.2414695274
-0.100000,6.000000,param,6.7771950148,-1.2756517166
-0.100000,6.000000,param,6.8136315466,-1.3105992583
-0.100000,6.000000,param,6.8500680783,-1.3463258876
-0.100000,6.000000,param,6.8865046101,-1.3828455334
-0.100000,6.000000,param,6.9229411418,-1.4201723194
-0.100000,6.000000,param,6.9593776736,-1.4583205668
-0.100000,6.000000,param,6.9958142053,-1.4973047964
-0.100000,6.000000,param,7.0322507371,-1.5371397300
-0.100000,6.000000,param,7.0686872689,-1.5778402932
-0.100000,6.000000,param,7.1051238006,-1.6194216171
-0.100000,6.000000,param,7.1415603324,-1.6618990405
-0.100000,6.000000,param,7.1779968641,-1.7052881118
-0.100000,6.000000,param,7.2144333959,-1.7496045917
-0.100000,6.000000,param,7.2508699276,-1.7948644546
-0.100000,6.000000,param,7.2873064594,-1.8410838913
-0.100000,6.000000,param,7.3237429911,-1.8882793110
-0.100000,6.000000,param,7.3601795229,-1.9364673434
-0.100000,6.000000,param,7.3966160546,-1.9856648410
-0.100000,6.000000,param,7.4330525864,-2.0358888812
-0.100000,6.000000,param,7.4694891181,-2.0871567687
-0.100000,6.000000,param,7.5059256499,-2.1394860376
-0.100000,6.000000,param,7.5423621816,-2.1928944536
-0.100000,6.000000,param,7.5787987134,-2.2474000164
-0.100000,6.000000,param,7.6152352451,-2.3030209621
-0.100000,6.000000,param,7.6516717769,-2.3597757652
-0.100000,6.000000,param,7.6881083086,-2.4176831409
-0.100000,6.000000,param,7.7245448404,-2.4767620477
-0.100000,6.000000,param,7.7609813722,-2.5370316896
-0.100000,6.000000,param,7.7974179039,-2.5985115186
-0.100000,6.000000,param,7.8338544357,-2.6612212365
-0.100000,6.000000,param,7.8702909674,-2.7251807982
-0.100000,6.000000,param,7.9067274992,-2.7904104132
-0.100000,6.000000,param,7.9431640309,-2.8569305486
-0.100000,6.000000,param,7.9796005627,-2.9247619313
-0.100000,6.000000,param,8.0160370944,-2.9939255505
-0.100000,6.000000,param,8.0524736262,-3.0644426600
-0.100000,6.000000,param,8.0889101579,-3.1363347809
-0.100000,6.000000,param,8.1253466897,-3.2096237040
-0.100000,6.000000,param,8.1617832214,-3.2843314923
-0.100000,6.000000,param,8.1982197532,-3.3604804833
-0.100000,6.000000,param,8.2346562849,-3.4380932919
-0.100000,6.000000,param,8.2710928167,-3.5171928128
-0.100000,6.000000,param,8.3075293484,-3.5978022229
-0.100000,6.000000,param,8.3439658802,-3.6799449840
-0.100000,6.000000,param,8.3804024119,-3.7636448455
-0.100000,6.000000,param,8.4168389437,-3.8489258469
-0.100000,6.000000,param,8.4532754755,-3.9358123202
-0.100000,6.000000,param,8.4897120072,-4.0243288929
-0.100000,6.000000,param,8.5261485390,-4.1145004907
-0.100000,6.000000,param,8.5625850707,-4.2063523397
-0.100000,6.000000,param,8.5990216025,-4.2999099693
-0.100000,6.000000,param,8.6354581342,-4.3951992152
-0.100000,6.000000,param,8.6718946660,-4.4922462218
-0.100000,6.000000,param,8.7083311977,-4.5910774448
0.000000,6.000000,exact,0.0000001337,0.0000000000
0.000000,6.000000,exact,0.0447674283,-0.0000017238
0.000000,6.000000,exact,0.0895347228,-0.0000068947
0.000000,6.000000,exact,0.1343020174,-0.0000155114
0.000000,6.000000,exact,0.1790693119,-0.0000275717
0.000000,6.000000,exact,0.2238366065,-0.0000430726
0.000000,6.000000,exact,0.2686039010,-0.0000620102
0.000000,6.000000,exact,0.3133711956,-0.0000843796
0.000000,6.000000,exact,0.3581384901,-0.0001101752
0.000000,6.000000,exact,0.4029057847,-0.0001393904
0.000000,6.000000,exact,0.4476730792,-0.0001720178
0.000000,6.000000,exact,0.4924403737,-0.0002080491
0.000000,6.000000,exact,0.5372076683,-0.0002474751
0.000000,6.000000,exact,0.5819749628,-0.0002902856
0.000000,6.000000,exact,0.6267422574,-0.0003364697
0.000000,6.000000,exact,0.6715095519,-0.0003860156
0.000000,6.000000,exact,0.7162768465,-0.0004389103
0.000000,6.000000,exact,0.7610441410,-0.0004951403
0.000000,6.000000,exact,0.8058114356,-0.0005546909
0.000000,6.000000,exact,0.8505787301,-0.0006175467
0.000000,6.000000,exact,0.8953460246,-0.0006836912
0.000000,6.000000,exact,0.9401133192,-0.0007531070
0.000000,6.000000,exact,0.9848806137,-0.0008257759
0.000000,6.000000,exact,1.0296479083,-0.0009016786
0.000000,6.000000,exact,1.0744152028,-0.0009807950
0.000000,6.000000,exact,1.1191824974,-0.0010631040
0.000000,6.000000,exact,1.1639497919,-0.0011485835
0.000000,6.000000,exact,1.2087170865,-0.0012372104
0.000000,6.000000,exact,1.2534843810,-0.0013289609
0.000000,6.000000,exact,1.2982516756,-0.0014238099
0.000000,6.000000,exact,1.3430189701,-0.0015217314
0.000000,6.000000,exact,1.3877862646,-0.0016226986
0.000000,6.000000,exact,1.4325535592,-0.0017266835
0.000000,6.000000,exact,1.4773208537,-0.0018336570
0.000000,6.000000,exact,1.5220881483,-0.0019435893
0.000000,6.000000,exact,1.5668554428,-0.0020564494
0.000000,6.000000,exact,1.6116227374,-0.0021722053
0.000000,6.000000,exact,1.6563900319,-0.0022908238
0.000000,6.000000,exact,1.7011573265,-0.0024122709
0.000000,6.000000,exact,1.7459246210,-0.0025365114
0.000000,6.000000,exact,1.7906919156,-0.0026635090
0.000000,6.000000,exact,1.8354592101,-0.0027932265
0.000000,6.000000,exact,1.8802265046,-0.0029256255
0.000000,6.000000,exact,1.9249937992,-0.0030606664
0.000000,6.000000,exact,1.9697610937,-0.0031983086
0.000000,6.000000,exact,2.0145283883,-0.0033385105
0.000000,6.000000,exact,2.0592956828,-0.0034812292
0.000000,6.000000,exact,2.1040629774,-0.0036264207
0.000000,6.000000,exact,2.1488302719,-0.0037740398
0.000000,6.000000,exact,2.1935975665,-0.0039240404
0.000000,6.000000,exact,2.2383648610,-0.0040763750
0.000000,6.000000,exact,2.2831321556,-0.0042309950
0.000000,6.000000,exact,2.3278994501,-0.0043878505
0.000000,6.000000,exact,2.3726667446,-0.0045468906
0.000000,6.000000,exact,2.4174340392,-0.0047080632
0.000000,6.000000,exact,2.4622013337,-0.0048713147
0.000000,6.000000,exact,2.5069686283,-0.0050365906
0.000000,6.000000,exact,2.5517359228,-0.0052038350
0.000000,6.000000,exact,2.5965032174,-0.0053729909
0.000000,6.000000,exact,2.6412705119,-0.0055439998
0.000000,6.000000,exact,2.6860378065,-0.0057168023
0.000000,6.000000,exact,2.7308051010,-0.0058913373
0.000000,6.000000,exact,2.7755723956,-0.0060675428
0.000000,6.000000,exact,2.8203396901,-0.0062453552
0.000000,6.000000,exact,2.8651069846,-0.0064247100
0.000000,6.000000,exact,2.9098742792,-0.0066055410
0.000000,6.000000,exact,2.9546415737,-0.0067877808
0.000000,6.000000,exact,2.9994088683,-0.0069713609
0.000000,6.000000,exact,3.0441761628,-0.0071562112
0.000000,6.000000,exact,3.0889434574,-0.0073422603
0.000000,6.000000,exact,3.1337107519,-0.0075294357
0.000000,6.000000,exact,3.1784780465,-0.0077176632
0.000000,6.000000,exact,3.2232453410,-0.0079068675
0.000000,6.000000,exact,3.2680126356,-0.0080969719
0.000000,6.000000,exact,3.3127799301,-0.0082878982
0.000000,6.000000,exact,3.3575472246,-0.0084795669
0.000000,6.000000,exact,3.4023145192,-0.0086718972
0.000000,6.000000,exact,3.4470818137,-0.0088648068
0.000000,6.000000,exact,3.4918491083,-0.0090582120
0.000000,6.000000,exact,3.5366164028,-0.0092520279
0.000000,6.000000,exact,3.5813836974,-0.0094461681
0.000000,6.000000,exact,3.6261509919,-0.0096405445
0.000000,6.000000,exact,3.6709182865,-0.0098350682
0.000000,6.000000,exact,3.7156855810,-0.0100296483
0.000000,6.000000,exact,3.7604528756,-0.0102241929
0.000000,6.000000,exact,3.8052201701,-0.0104186085
0.000000,6.000000,exact,3.8499874646,-0.0106128003
0.000000,6.000000,exact,3.8947547592,-0.0108066720
0.000000,6.000000,exact,3.9395220537,-0.0110001260
0.000000,6.000000,exact,3.9842893483,-0.0111930631
0.000000,6.000000,exact,4.0290566428,-0.0113853829
0.000000,6.000000,exact,4.0738239374,-0.0115769836
0.000000,6.000000,exact,4.1185912319,-0.0117677618
0.000000,6.000000,exact,4.1633585265,-0.0119576130
0.000000,6.000000,exact,4.2081258210,-0.0121464310
0.000000,6.000000,exact,4.2528931155,-0.0123341085
0.000000,6.000000,exact,4.2976604101,-0.0125205367
0.000000,6.000000,exact,4.3424277046,-0.0127056054
0.000000,6.000000,exact,4.3871949992,-0.0128892031
0.000000,6.000000,exact,4.4319622937,-0.0130712169
0.000000,6.000000,exact,4.4767295883,-0.0132515327
0.000000,6.000000,exact,4.5214968828,-0.0134300350
0.000000,6.000000,exact,4.5662641774,-0.0136066068
0.000000,6.000000,exact,4.6110314719,-0.0137811301
0.000000,6.000000,exact,4.6557987665,-0.0139534855
0.000000,6.000000,exact,4.7005660610,-0.0141235522
0.000000,6.000000,exact,4.7453333555,-0.0142912083
0.000000,6.000000,exact,4.7901006501,-0.0144563307
0.000000,6.000000,exact,4.8348679446,-0.0146187949
0.000000,6.000000,exact,4.8796352392,-0.0147784753
0.000000,6.000000,exact,4.9244025337,-0.0149352451
0.000000,6.000000,exact,4.9691698283,-0.0150889765
0.000000,6.000000,exact,5.0139371228,-0.0152395403
0.000000,6.000000,exact,5.0587044174,-0.0153868064
0.000000,6.000000,exact,5.1034717119,-0.0155306435
0.000000,6.000000,exact,5.1482390065,-0.0156709193
0.000000,6.000000,exact,5.1930063010,-0.0158075004
0.000000,6.000000,exact,5.2377735955,-0.0159402526
0.000000,6.000000,exact,5.2825408901,-0.0160690404
0.000000,6.000000,exact,5.3273081846,-0.0161937277
0.000000,6.000000,exact,5.3720754792,-0.0163141773
0.000000,6.000000,exact,5.4168427737,-0.0164302513
0.000000,6.000000,exact,5.4616100683,-0.0165418107
0.000000,6.000000,exact,5.5063773628,-0.0166487159
0.000000,6.000000,exact,5.5511446574,-0.0167508267
0.000000,6.000000,exact,5.5959119519,-0.0168480019
0.000000,6.000000,exact,5.6406792465,-0.0169400998
0.000000,6.000000,exact,5.6854465410,-0.0170269780
0.000000,6.000000,exact,5.7302138355,-0.0171084936
0.000000,6.000000,exact,5.7749811301,-0.0171845031
0.000000,6.000000,exact,5.8197484246,-0.0172548627
0.000000,6.000000,exact,5.8645157192,-0.0173194280
0.000000,6.000000,exact,5.9092830137,-0.0173780543
0.000000,6.000000,exact,5.9540503083,-0.0174305965
0.000000,6.000000,exact,5.9988176028,-0.0174769095
0.000000,6.000000,exact,6.0435848974,-0.0175168478
0.000000,6.000000,exact,6.0883521919,-0.0175502657
0.000000,6.000000,exact,6.1331194865,-0.0175770176
0.000000,6.000000,exact,6.1778867810,-0.0175969579
0.000000,6.000000,exact,6.2226540755,-0.0176099411
0.000000,6.000000,exact,6.2674213701,-0.0176158215
0.000000,6.000000,exact,6.3121886646,-0.0176144541
0.000000,6.000000,exact,6.3569559592,-0.0176056938
0.000000,6.000000,exact,6.4017232537,-0.0175893961
0.000000,6.000000,exact,6.4464905483,-0.0175654168
0.000000,6.000000,exact,6.4912578428,-0.0175336122
0.000000,6.000000,exact,6.5360251374,-0.0174938395
0.000000,6.000000,exact,6.5807924319,-0.0174459561
0.000000,6.000000,exact,6.6255597265,-0.0173898207
0.000000,6.000000,exact,6.6703270210,-0.0173252924
0.000000,6.000000,exact,6.7150943155,-0.0172522315
0.000000,6.000000,exact,6.7598616101,-0.0171704995
0.000000,6.000000,exact,6.8046289046,-0.0170799587
0.000000,6.000000,exact,6.8493961992,-0.0169804730
0.000000,6.000000,exact,6.8941634937,-0.0168719074
0.000000,6.000000,exact,6.9389307883,-0.0167541285
0.000000,6.000000,exact,6.9836980828,-0.0166270045
0.000000,6.000000,exact,7.0284653774,-0.0164904052
0.000000,6.000000,exact,7.0732326719,-0.0163442022
0.000000,6.000000,exact,7.1179999664,-0.0161882692
0.000000,6.000000,exact,7.1627672610,-0.0160224816
0.000000,6.000000,exact,7.2075345555,-0.0158467174
0.000000,6.000000,exact,7.2523018501,-0.0156608565
0.000000,6.000000,exact,7.2970691446,-0.0154647814
0.000000,6.000000,exact,7.3418364392,-0.0152583771
0.000000,6.000000,exact,7.3866037337,-0.0150415313
0.000000,6.000000,exact,7.4313710283,-0.0148141347
0.000000,6.000000,exact,7.4761383228,-0.0145760805
0.000000,6.000000,exact,7.5209056174,-0.0143272656
0.000000,6.000000,exact,7.5656729119,-0.0140675897
0.000000,6.000000,exact,7.6104402064,-0.0137969561
0.000000,6.000000,exact,7.6552075010,-0.0135152716
0.000000,6.000000,exact,7.6999747955,-0.0132224469
0.000000,6.000000,exact,7.7447420901,-0.0129183963
0.000000,6.000000,exact,7.7895093846,-0.0126030383
0.000000,6.000000,exact,7.8342766792,-0.0122762956
0.000000,6.000000,exact,7.8790439737,-0.0119380954
0.000000,6.000000,exact,7.9238112683,-0.0115883692
0.000000,6.000000,exact,7.9685785628,-0.0112270536
0.000000,6.000000,exact,8.0133458574,-0.0108540897
0.000000,6.000000,exact,8.0581131519,-0.0104694240
0.000000,6.000000,exact,8.1028804464,-0.0100730084
0.000000,6.000000,exact,8.1476477410,-0.0096647999
0.000000,6.000000,exact,8.1924150355,-0.0092447616
0.000000,6.000000,exact,8.2371823301,-0.0088128622
0.000000,6.000000,exact,8.2819496246,-0.0083690766
0.000000,6.000000,exact,8.3267169192,-0.0079133863
0.000000,6.000000,exact,8.3714842137,-0.0074457787
0.000000,6.000000,exact,8.4162515083,-0.0069662486
0.000000,6.000000,exact,8.4610188028,-0.0064747974
0.000000,6.000000,exact,8.5057860974,-0.0059714337
0.000000,6.000000,exact,8.5505533919,-0.0054561736
0.000000,6.000000,exact,8.5953206864,-0.0049290409
0.000000,6.000000,exact,8.6400879810,-0.0043900673
0.000000,6.000000,exact,8.6848552755,-0.0038392924
0.000000,6.000000,exact,8.7296225701,-0.0032767646
0.000000,6.000000,exact,8.7743898646,-0.0027025407
0.000000,6.000000,exact,8.8191571592,-0.0021166863
0.000000,6.000000,exact,8.8639244537,-0.0015192764
0.000000,6.000000,exact,8.9086917483,-0.0009103952
0.000000,6.000000,exact,8.9534590428,-0.0002901369
0.000000,6.000000,exact,8.9982263374,0.0003413946
0.000000,6.000000,exact,9.0429936319,0.0009840851
0.000000,6.000000,exact,9.0877609264,0.0016378097
0.000000,6.000000,exact,9.1325282210,0.0023024328
0.000000,6.000000,exact,9.1772955155,0.0029778077
0.000000,6.000000,exact,9.2220628101,0.0036637761
0.000000,6.000000,exact,9.2668301046,0.0043601681
0.000000,6.000000,exact,9.3115973992,0.0050668018
0.000000,6.000000,exact,9.3563646937,0.0057834828
0.000000,6.000000,exact,9.4011319883,0.0065100041
0.000000,6.000000,exact,9.4458992828,0.0072461457
0.000000,6.000000,exact,9.4906665774,0.0079916742
0.000000,6.000000,exact,9.5354338719,0.0087463426
0.000000,6.000000,exact,9.5802011664,0.0095098897
0.000000,6.000000,exact,9.6249684610,0.0102820402
0.000000,6.000000,exact,9.6697357555,0.0110625038
0.000000,6.000000,exact,9.7145030501,0.0118509754
0.000000,6.000000,exact,9.7592703446,0.0126471342
0.000000,6.000000,exact,9.8040376392,0.0134506438
0.000000,6.000000,exact,9.8488049337,0.0142611514
0.000000,6.000000,exact,9.8935722283,0.0150782878
0.000000,6.000000,exact,9.9383395228,0.0159016667
0.000000,6.000000,exact,9.9831068174,0.0167308845
0.000000,6.000000,param,0.0000001213,0.0000000000
0.000000,6.000000,param,0.0406097677,0.0000026371
0.000000,6.000000,param,0.0812194141,0.0000105409
0.000000,6.000000,param,0.1218290605,0.0000236895
0.000000,6.000000,param,0.1624387068,0.0000420462
0.000000,6.000000,param,0.2030483532,0.0000655597
0.000000,6.000000,param,0.2436579996,0.0000941640
0.000000,6.000000,param,0.2842676460,0.0001277783
0.000000,6.000000,param,0.3248772924,0.0001663069
0.000000,6.000000,param,0.3654869387,0.0002096393
0.000000,6.000000,param,0.4060965851,0.0002576501
0.000000,6.000000,param,0.4467062315,0.0003101988
0.000000,6.000000,param,0.4873158779,0.0003671297
0.000000,6.000000,param,0.5279255242,0.0004282723
0.000000,6.000000,param,0.5685351706,0.0004934401
0.000000,6.000000,param,0.6091448170,0.0005624318
0.000000,6.000000,param,0.6497544634,0.0006350303
0.000000,6.000000,param,0.6903641098,0.0007110025
0.000000,6.000000,param,0.7309737561,0.0007901000
0.000000,6.000000,param,0.7715834025,0.0008720580
0.000000,6.000000,param,0.8121930489,0.0009565957
0.000000,6.000000,param,0.8528026953,0.0010434160
0.000000,6.000000,param,0.8934123417,0.0011322050
0.000000,6.000000,param,0.9340219880,0.0012226325
0.000000,6.000000,param,0.9746316344,0.0013143510
0.000000,6.000000,param,1.0152412808,0.0014069963
0.000000,6.000000,param,1.0558509272,0.0015001863
0.000000,6.000000,param,1.0964605736,0.0015935218
0.000000,6.000000,param,1.1370702199,0.0016865856
0.000000,6.000000,param,1.1776798663,0.0017789425
0.000000,6.000000,param,1.2182895127,0.0018701388
0.000000,6.000000,param,1.2588991591,0.0019597023
0.000000,6.000000,param,1.2995088055,0.0020471422
0.000000,6.000000,param,1.3401184518,0.0021319481
0.000000,6.000000,param,1.3807280982,0.0022135904
0.000000,6.000000,param,1.4213377446,0.0022915197
0.000000,6.000000,param,1.4619473910,0.0023651665
0.000000,6.000000,param,1.5025570373,0.0024339411
0.000000,6.000000,param,1.5431666837,0.0024972327
0.000000,6.000000,param,1.5837763301,0.0025544097
0.000000,6.000000,param,1.6243859765,0.0026048190
0.000000,6.000000,param,1.6649956229,0.0026477857
0.000000,6.000000,param,1.7056052692,0.0026826128
0.000000,6.000000,param,1.7462149156,0.0027085806
0.000000,6.000000,param,1.7868245620,0.0027249466
0.000000,6.000000,param,1.8274342084,0.0027309450
0.000000,6.000000,param,1.8680438548,0.0027257861
0.000000,6.000000,param,1.9086535011,0.0027086562
0.000000,6.000000,param,1.9492631475,0.0026787168
0.000000,6.000000,param,1.9898727939,0.0026351045
0.000000,6.000000,param,2.0304824403,0.0025769305
0.000000,6.000000,param,2.0710920867,0.0025032799
0.000000,6.000000,param,2.1117017330,0.0024132114
0.000000,6.000000,param,2.1523113794,0.0023057569
0.000000,6.000000,param,2.1929210258,0.0021799208
0.000000,6.000000,param,2.2335306722,0.0020346798
0.000000,6.000000,param,2.2741403186,0.0018689821
0.000000,6.000000,param,2.3147499649,0.0016817469
0.000000,6.000000,param,2.3553596113,0.0014718643
0.000000,6.000000,param,2.3959692577,0.0012381941
0.000000,6.000000,param,2.4365789041,0.0009795658
0.000000,6.000000,param,2.4771885504,0.0006947778
0.000000,6.000000,param,2.5177981968,0.0003825967
0.000000,6.000000,param,2.5584078432,0.0000417572
0.000000,6.000000,param,2.5990174896,-0.0003290390
0.000000,6.000000,param,2.6396271360,-0.0007311234
0.000000,6.000000,param,2.6802367823,-0.0011658618
0.000000,6.000000,param,2.7208464287,-0.0016346542
0.000000,6.000000,param,2.7614560751,-0.0021389362
0.000000,6.000000,param,2.8020657215,-0.0026801789
0.000000,6.000000,param,2.8426753679,-0.0032598902
0.000000,6.000000,param,2.8832850142,-0.0038796150
0.000000,6.000000,param,2.9238946606,-0.0045409359
0.000000,6.000000,param,2.9645043070,-0.0052454743
0.000000,6.000000,param,3.0051139534,-0.0059948906
0.000000,6.000000,param,3.0457235998,-0.0067908850
0.000000,6.000000,param,3.0863332461,-0.0076351983
0.000000,6.000000,param,3.1269428925,-0.0085296126
0.000000,6.000000,param,3.1675525389,-0.0094759522
0.000000,6.000000,param,3.2081621853,-0.0104760838
0.000000,6.000000,param,3.2487718316,-0.0115319178
0.000000,6.000000,param,3.2893814780,-0.0126454088
0.000000,6.000000,param,3.3299911244,-0.0138185564
0.000000,6.000000,param,3.3706007708,-0.0150534059
0.000000,6.000000,param,3.4112104172,-0.0163520492
0.000000,6.000000,param,3.4518200635,-0.0177166255
0.000000,6.000000,param,3.4924297099,-0.0191493224
0.000000,6.000000,param,3.5330393563,-0.0206523761
0.000000,6.000000,param,3.5736490027,-0.0222280728
0.000000,6.000000,param,3.6142586491,-0.0238787493
0.000000,6.000000,param,3.6548682954,-0.0256067939
0.000000,6.000000,param,3.6954779418,-0.0274146471
0.000000,6.000000,param,3.7360875882,-0.0293048028
0.000000,6.000000,param,3.7766972346,-0.0312798087
0.000000,6.000000,param,3.8173068810,-0.0333422677
0.000000,6.000000,param,3.8579165273,-0.0354948384
0.000000,6.000000,param,3.8985261737,-0.0377402361
0.000000,6.000000,param,3.9391358201,-0.0400812340
0.000000,6.000000,param,3.9797454665,-0.0425206636
0.000000,6.000000,param,4.0203551129,-0.0450614162
0.000000,6.000000,param,4.0609647592,-0.0477064434
0.000000,6.000000,param,4.1015744056,-0.0504587584
0.000000,6.000000,param,4.1421840520,-0.0533214366
0.000000,6.000000,param,4.1827936984,-0.0562976169
0.000000,6.000000,param,4.2234033447,-0.0593905026
0.000000,6.000000,param,4.2640129911,-0.0626033624
0.000000,6.000000,param,4.3046226375,-0.0659395312
0.000000,6.000000,param,4.3452322839,-0.0694024116
0.000000,6.000000,param,4.3858419303,-0.0729954745
0.000000,6.000000,param,4.4264515766,-0.0767222601
0.000000,6.000000,param,4.4670612230,-0.0805863794
0.000000,6.000000,param,4.5076708694,-0.0845915149
0.000000,6.000000,param,4.5482805158,-0.0887414218
0.000000,6.000000,param,4.5888901622,-0.0930399291
0.000000,6.000000,param,4.6294998085,-0.0974909404
0.000000,6.000000,param,4.6701094549,-0.1020984356
0.000000,6.000000,param,4.7107191013,-0.1068664716
0.000000,6.000000,param,4.7513287477,-0.1117991832
0.000000,6.000000,param,4.7919383941,-0.1169007851
0.000000,6.000000,param,4.8325480404,-0.1221755720
0.000000,6.000000,param,4.8731576868,-0.1276279205
0.000000,6.000000,param,4.9137673332,-0.1332622900
0.000000,6.000000,param,4.9543769796,-0.1390832238
0.000000,6.000000,param,4.9949866260,-0.1450953506
0.000000,6.000000,param,5.0355962723,-0.1513033855
0.000000,6.000000,param,5.0762059187,-0.1577121309
0.000000,6.000000,param,5.1168155651,-0.1643264786
0.000000,6.000000,param,5.1574252115,-0.1711514099
0.000000,6.000000,param,5.1980348578,-0.1781919980
0.000000,6.000000,param,5.2386445042,-0.1854534082
0.000000,6.000000,param,5.2792541506,-0.1929409001
0.000000,6.000000,param,5.3198637970,-0.2006598282
0.000000,6.000000,param,5.3604734434,-0.2086156435
0.000000,6.000000,param,5.4010830897,-0.2168138948
0.000000,6.000000,param,5.4416927361,-0.2252602300
0.000000,6.000000,param,5.4823023825,-0.2339603973
0.000000,6.000000,param,5.5229120289,-0.2429202467
0.000000,6.000000,param,5.5635216753,-0.2521457313
0.000000,6.000000,param,5.6041313216,-0.2616429086
0.000000,6.000000,param,5.6447409680,-0.2714179420
0.000000,6.000000,param,5.6853506144,-0.2814771021
0.000000,6.000000,param,5.7259602608,-0.2918267680
0.000000,6.000000,param,5.7665699072,-0.3024734289
0.000000,6.000000,param,5.8071795535,-0.3134236855
0.000000,6.000000,param,5.8477891999,-0.3246842512
0.000000,6.000000,param,5.8883988463,-0.3362619538
0.000000,6.000000,param,5.9290084927,-0.3481637370
0.000000,6.000000,param,5.9696181390,-0.3603966614
0.000000,6.000000,param,6.0102277854,-0.3729679067
0.000000,6.000000,param,6.0508374318,-0.3858847724
0.000000,6.000000,param,6.0914470782,-0.3991546800
0.000000,6.000000,param,6.1320567246,-0.4127851740
0.000000,6.000000,param,6.1726663709,-0.4267839238
0.000000,6.000000,param,6.2132760173,-0.4411587250
0.000000,6.000000,param,6.2538856637,-0.4559175010
0.000000,6.000000,param,6.2944953101,-0.4710683046
0.000000,6.000000,param,6.3351049565,-0.4866193196
0.000000,6.000000,param,6.3757146028,-0.5025788622
0.000000,6.000000,param,6.4163242492,-0.5189553829
0.000000,6.000000,param,6.4569338956,-0.5357574678
0.000000,6.000000,param,6.4975435420,-0.5529938405
0.000000,6.000000,param,6.5381531884,-0.5706733634
0.000000,6.000000,param,6.5787628347,-0.5888050399
0.000000,6.000000,param,6.6193724811,-0.6073980153
0.000000,6.000000,param,6.6599821275,-0.6264615791
0.000000,6.000000,param,6.7005917739,-0.6460051663
0.000000,6.000000,param,6.7412014203,-0.6660383595
0.000000,6.000000,param,6.7818110666,-0.6865708901
0.000000,6.000000,param,6.8224207130,-0.7076126404
0.000000,6.000000,param,6.8630303594,-0.7291736451
0.000000,6.000000,param,6.9036400058,-0.7512640933
0.000000,6.000000,param,6.9442496521,-0.7738943300
0.000000,6.000000,param,6.9848592985,-0.7970748579
0.000000,6.000000,param,7.0254689449,-0.8208163395
0.000000,6.000000,param,7.0660785913,-0.8451295985
0.000000,6.000000,param,7.1066882377,-0.8700256216
0.000000,6.000000,param,7.1472978840,-0.8955155609
0.000000,6.000000,param,7.1879075304,-0.9216107348
0.000000,6.000000,param,7.2285171768,-0.9483226307
0.000000,6.000000,param,7.2691268232,-0.9756629065
0.000000,6.000000,param,7.3097364696,-1.0036433923
0.000000,6.000000,param,7.3503461159,-1.0322760926
0.000000,6.000000,param,7.3909557623,-1.0615731881
0.000000,6.000000,param,7.4315654087,-1.0915470374
0.000000,6.000000,param,7.4721750551,-1.1222101794
0.000000,6.000000,param,7.5127847015,-1.1535753346
0.000000,6.000000,param,7.5533943478,-1.1856554076
0.000000,6.000000,param,7.5940039942,-1.2184634888
0.000000,6.000000,param,7.6346136406,-1.2520128564
0.000000,6.000000,param,7.6752232870,-1.2863169784
0.000000,6.000000,param,7.7158329333,-1.3213895147
0.000000,6.000000,param,7.7564425797,-1.3572443189
0.000000,6.000000,param,7.7970522261,-1.3938954406
0.000000,6.000000,param,7.8376618725,-1.4313571272
0.000000,6.000000,param,7.8782715189,-1.4696438260
0.000000,6.000000,param,7.9188811652,-1.5087701865
0.000000,6.000000,param,7.9594908116,-1.5487510622
0.000000,6.000000,param,8.0001004580,-1.5896015128
0.000000,6.000000,param,8.0407101044,-1.6313368064
0.000000,6.000000,param,8.0813197508,-1.6739724214
0.000000,6.000000,param,8.1219293971,-1.7175240489
0.000000,6.000000,param,8.1625390435,-1.7620075947
0.000000,6.000000,param,8.2031486899,-1.8074391814
0.000000,6.000000,param,8.2437583363,-1.8538351508
0.000000,6.000000,param,8.2843679827,-1.9012120658
0.000000,6.000000,param,8.3249776290,-1.9495867130
0.000000,6.000000,param,8.3655872754,-1.9989761046
0.000000,6.000000,param,8.4061969218,-2.0493974805
0.000000,6.000000,param,8.4468065682,-2.1008683110
0.000000,6.000000,param,8.4874162146,-2.1534062990
0.000000,6.000000,param,8.5280258609,-2.2070293817
0.000000,6.000000,param,8.5686355073,-2.2617557336
0.000000,6.000000,param,8.6092451537,-2.3176037683
0.000000,6.000000,param,8.6498548001,-2.3745921414
0.000000,6.000000,param,8.6904644464,-2.4327397520
0.000000,6.000000,param,8.7310740928,-2.4920657458
0.000000,6.000000,param,8.7716837392,-2.5525895170
0.000000,6.000000,param,8.8122933856,-2.6143307111
0.000000,6.000000,param,8.8529030320,-2.6773092269
0.000000,6.000000,param,8.8935126783,-2.7415452190
0.000000,6.000000,param,8.9341223247,-2.8070591002
0.000000,6.000000,param,8.9747319711,-2.8738715443
0.000000,6.000000,param,9.0153416175,-2.9420034879
0.000000,6.000000,param,9.0559512639,-3.0114761336
0.000000,6.000000,param,9.0965609102,-3.0823109518
0.000000,6.000000,param,9.1371705566,-3.1545296836
0.000000,6.000000,param,9.1777802030,-3.2281543433
0.000000,6.000000,param,9.2183898494,-3.3032072207
0.000000,6.000000,param,9.2589994958,-3.3797108837
0.000000,6.000000,param,9.2996091421,-3.4576881813
0.000000,6.000000,param,9.3402187885,-3.5371622453
0.000000,6.000000,param,9.3808284349,-3.6181564938
0.000000,6.000000,param,9.4214380813,-3.7006946331
0.000000,6.000000,param,9.4620477277,-3.7848006608
0.000000,6.000000,param,9.5026573740,-3.8704988682
0.000000,6.000000,param,9.5432670204,-3.9578138428
0.000000,6.000000,param,9.5838766668,-4.0467704713
0.000000,6.000000,param,9.6244863132,-4.1373939422
0.000000,6.000000,param,9.6650959595,-4.2297097482
0.000000,6.000000,param,9.7057056059,-4.3237436893
0.100000,6.000000,exact,0.0000001275,0.0000000000
0.100000,6.000000,exact,0.0426880060,-0.0000012940
0.100000,6.000000,exact,0.0853758845,-0.0000051758
0.100000,6.000000,exact,0.1280637630,-0.0000116444
0.100000,6.000000,exact,0.1707516415,-0.0000206984
0.100000,6.000000,exact,0.2134395200,-0.0000323356
0.100000,6.000000,exact,0.2561273985,-0.0000465535
0.100000,6.000000,exact,0.2988152770,-0.0000633487
0.100000,6.000000,exact,0.3415031555,-0.0000827173
0.100000,6.000000,exact,0.3841910340,-0.0001046549
0.100000,6.000000,exact,0.4268789125,-0.0001291563
0.100000,6.000000,exact,0.4695667910,-0.0001562160
0.100000,6.000000,exact,0.5122546695,-0.0001858276
0.100000,6.000000,exact,0.5549425480,-0.0002179843
0.100000,6.000000,exact,0.5976304265,-0.0002526785
0.100000,6.000000,exact,0.6403183050,-0.0002899021
0.100000,6.000000,exact,0.6830061835,-0.0003296464
0.100000,6.000000,exact,0.7256940620,-0.0003719021
0.100000,6.000000,exact,0.7683819405,-0.0004166592
0.100000,6.000000,exact,0.8110698190,-0.0004639072
0.100000,6.000000,exact,0.8537576975,-0.0005136348
0.100000,6.000000,exact,0.8964455760,-0.0005658302
0.100000,6.000000,exact,0.9391334545,-0.0006204809
0.100000,6.000000,exact,0.9818213330,-0.0006775739
0.100000,6.000000,exact,1.0245092115,-0.0007370954
0.100000,6.000000,exact,1.0671970900,-0.0007990310
0.100000,6.000000,exact,1.1098849685,-0.0008633657
0.100000,6.000000,exact,1.1525728470,-0.0009300839
0.100000,6.000000,exact,1.1952607255,-0.0009991691
0.100000,6.000000,exact,1.2379486040,-0.0010706044
0.100000,6.000000,exact,1.2806364825,-0.0011443722
0.100000,6.000000,exact,1.3233243610,-0.0012204541
0.100000,6.000000,exact,1.3660122395,-0.0012988310
0.100000,6.000000,exact,1.4087001180,-0.0013794834
0.100000,6.000000,exact,1.4513879965,-0.0014623909
0.100000,6.000000,exact,1.4940758750,-0.0015475323
0.100000,6.000000,exact,1.5367637535,-0.0016348860
0.100000,6.000000,exact,1.5794516320,-0.0017244294
0.100000,6.000000,exact,1.6221395105,-0.0018161395
0.100000,6.000000,exact,1.6648273890,-0.0019099924
0.100000,6.000000,exact,1.7075152675,-0.0020059633
0.100000,6.000000,exact,1.7502031460,-0.0021040272
0.100000,6.000000,exact,1.7928910245,-0.0022041578
0.100000,6.000000,exact,1.8355789030,-0.0023063285
0.100000,6.000000,exact,1.8782667815,-0.0024105116
0.100000,6.000000,exact,1.9209546600,-0.0025166790
0.100000,6.000000,exact,1.9636425385,-0.0026248016
0.100000,6.000000,exact,2.0063304170,-0.0027348496
0.100000,6.000000,exact,2.0490182954,-0.0028467924
0.100000,6.000000,exact,2.0917061739,-0.0029605988
0.100000,6.000000,exact,2.1343940524,-0.0030762366
0.100000,6.000000,exact,2.1770819309,-0.0031936730
0.100000,6.000000,exact,2.2197698094,-0.0033128742
0.100000,6.000000,exact,2.2624576879,-0.0034338058
0.100000,6.000000,exact,2.3051455664,-0.0035564325
0.100000,6.000000,exact,2.3478334449,-0.0036807182
0.100000,6.000000,exact,2.3905213234,-0.0038066260
0.100000,6.000000,exact,2.4332092019,-0.0039341182
0.100000,6.000000,exact,2.4758970804,-0.0040631561
0.100000,6.000000,exact,2.5185849589,-0.0041937004
0.100000,6.000000,exact,2.5612728374,-0.0043257109
0.100000,6.000000,exact,2.6039607159,-0.0044591464
0.100000,6.000000,exact,2.6466485944,-0.0045939650
0.100000,6.000000,exact,2.6893364729,-0.0047301238
0.100000,6.000000,exact,2.7320243514,-0.0048675793
0.100000,6.000000,exact,2.7747122299,-0.0050062869
0.100000,6.000000,exact,2.8174001084,-0.0051462011
0.100000,6.000000,exact,2.8600879869,-0.0052872756
0.100000,6.000000,exact,2.9027758654,-0.0054294632
0.100000,6.000000,exact,2.9454637439,-0.0055727159
0.100000,6.000000,exact,2.9881516224,-0.0057169846
0.100000,6.000000,exact,3.0308395009,-0.0058622195
0.100000,6.000000,exact,3.0735273794,-0.0060083697
0.100000,6.000000,exact,3.1162152579,-0.0061553835
0.100000,6.000000,exact,3.1589031364,-0.0063032083
0.100000,6.000000,exact,3.2015910149,-0.0064517905
0.100000,6.000000,exact,3.2442788934,-0.0066010756
0.100000,6.000000,exact,3.2869667719,-0.0067510082
0.100000,6.000000,exact,3.3296546504,-0.0069015320
0.100000,6.000000,exact,3.3723425289,-0.0070525896
0.100000,6.000000,exact,3.4150304074,-0.0072041228
0.100000,6.000000,exact,3.4577182859,-0.0073560724
0.100000,6.000000,exact,3.5004061644,-0.0075083783
0.100000,6.000000,exact,3.5430940429,-0.0076609795
0.100000,6.000000,exact,3.5857819214,-0.0078138137
0.100000,6.000000,exact,3.6284697999,-0.0079668182
0.100000,6.000000,exact,3.6711576784,-0.0081199289
0.100000,6.000000,exact,3.7138455569,-0.0082730809
0.100000,6.000000,exact,3.7565334354,-0.0084262085
0.100000,6.000000,exact,3.7992213139,-0.0085792446
0.100000,6.000000,exact,3.8419091924,-0.0087321217
0.100000,6.000000,exact,3.8845970709,-0.0088847709
0.100000,6.000000,exact,3.9272849494,-0.0090371226
0.100000,6.000000,exact,3.9699728279,-0.0091891060
0.100000,6.000000,exact,4.0126607064,-0.0093406497
0.100000,6.000000,exact,4.0553485849,-0.0094916810
0.100000,6.000000,exact,4.0980364634,-0.0096421264
0.100000,6.000000,exact,4.1407243419,-0.0097919115
0.100000,6.000000,exact,4.1834122204,-0.0099409609
0.100000,6.000000,exact,4.2261000989,-0.0100891982
0.100000,6.000000,exact,4.2687879774,-0.0102365461
0.100000,6.000000,exact,4.3114758559,-0.0103829264
0.100000,6.000000,exact,4.3541637344,-0.0105282601
0.100000,6.000000,exact,4.3968516129,-0.0106724669
0.100000,6.000000,exact,4.4395394914,-0.0108154660
0.100000,6.000000,exact,4.4822273699,-0.0109571754
0.100000,6.000000,exact,4.5249152484,-0.0110975123
0.100000,6.000000,exact,4.5676031269,-0.0112363931
0.100000,6.000000,exact,4.6102910053,-0.0113737332
0.100000,6.000000,exact,4.6529788838,-0.0115094472
0.100000,6.000000,exact,4.6956667623,-0.0116434487
0.100000,6.000000,exact,4.7383546408,-0.0117756505
0.100000,6.000000,exact,4.7810425193,-0.0119059648
0.100000,6.000000,exact,4.8237303978,-0.0120343025
0.100000,6.000000,exact,4.8664182763,-0.0121605741
0.100000,6.000000,exact,4.9091061548,-0.0122846892
0.100000,6.000000,exact,4.9517940333,-0.0124065564
0.100000,6.000000,exact,4.9944819118,-0.0125260837
0.100000,6.000000,exact,5.0371697903,-0.0126431783
0.100000,6.000000,exact,5.0798576688,-0.0127577467
0.100000,6.000000,exact,5.1225455473,-0.0128696947
0.100000,6.000000,exact,5.1652334258,-0.0129789273
0.100000,6.000000,exact,5.2079213043,-0.0130853487
0.100000,6.000000,exact,5.2506091828,-0.0131888628
0.100000,6.000000,exact,5.2932970613,-0.0132893724
0.100000,6.000000,exact,5.3359849398,-0.0133867800
0.100000,6.000000,exact,5.3786728183,-0.0134809875
0.100000,6.000000,exact,5.4213606968,-0.0135718959
0.100000,6.000000,exact,5.4640485753,-0.0136594060
0.100000,6.000000,exact,5.5067364538,-0.0137434178
0.100000,6.000000,exact,5.5494243323,-0.0138238311
0.100000,6.000000,exact,5.5921122108,-0.0139005448
0.100000,6.000000,exact,5.6348000893,-0.0139734578
0.100000,6.000000,exact,5.6774879678,-0.0140424683
0.100000,6.000000,exact,5.7201758463,-0.0141074741
0.100000,6.000000,exact,5.7628637248,-0.0141683728
0.100000,6.000000,exact,5.8055516033,-0.0142250616
0.100000,6.000000,exact,5.8482394818,-0.0142774373
0.100000,6.000000,exact,5.8909273603,-0.0143253967
0.100000,6.000000,exact,5.9336152388,-0.0143688361
0.100000,6.000000,exact,5.9763031173,-0.0144076519
0.100000,6.000000,exact,6.0189909958,-0.0144417400
0.100000,6.000000,exact,6.0616788743,-0.0144709966
0.100000,6.000000,exact,6.1043667528,-0.0144953174
0.100000,6.000000,exact,6.1470546313,-0.0145145985
0.100000,6.000000,exact,6.1897425098,-0.0145287357
0.100000,6.000000,exact,6.2324303883,-0.0145376251
0.100000,6.000000,exact,6.2751182668,-0.0145411628
0.100000,6.000000,exact,6.3178061453,-0.0145392450
0.100000,6.000000,exact,6.3604940238,-0.0145317682
0.100000,6.000000,exact,6.4031819023,-0.0145186292
0.100000,6.000000,exact,6.4458697808,-0.0144997249
0.100000,6.000000,exact,6.4885576593,-0.0144749529
0.100000,6.000000,exact,6.5312455378,-0.0144442109
0.100000,6.000000,exact,6.5739334163,-0.0144073972
0.100000,6.000000,exact,6.6166212948,-0.0143644107
0.100000,6.000000,exact,6.6593091733,-0.0143151508
0.100000,6.000000,exact,6.7019970518,-0.0142595175
0.100000,6.000000,exact,6.7446849303,-0.0141974117
0.100000,6.000000,exact,6.7873728088,-0.0141287349
0.100000,6.000000,exact,6.8300606873,-0.0140533896
0.100000,6.000000,exact,6.8727485658,-0.0139712790
0.100000,6.000000,exact,6.9154364443,-0.0138823074
0.100000,6.000000,exact,6.9581243228,-0.0137863802
0.100000,6.000000,exact,7.0008122013,-0.0136834039
0.100000,6.000000,exact,7.0435000798,-0.0135732860
0.100000,6.000000,exact,7.0861879583,-0.0134559355
0.100000,6.000000,exact,7.1288758368,-0.0133312627
0.100000,6.000000,exact,7.1715637152,-0.0131991793
0.100000,6.000000,exact,7.2142515937,-0.0130595984
0.100000,6.000000,exact,7.2569394722,-0.0129124348
0.100000,6.000000,exact,7.2996273507,-0.0127576051
0.100000,6.000000,exact,7.3423152292,-0.0125950274
0.100000,6.000000,exact,7.3850031077,-0.0124246217
0.100000,6.000000,exact,7.4276909862,-0.0122463102
0.100000,6.000000,exact,7.4703788647,-0.0120600167
0.100000,6.000000,exact,7.5130667432,-0.0118656675
0.100000,6.000000,exact,7.5557546217,-0.0116631910
0.100000,6.000000,exact,7.5984425002,-0.0114525177
0.100000,6.000000,exact,7.6411303787,-0.0112335809
0.100000,6.000000,exact,7.6838182572,-0.0110063162
0.100000,6.000000,exact,7.7265061357,-0.0107706618
0.100000,6.000000,exact,7.7691940142,-0.0105265587
0.100000,6.000000,exact,7.8118818927,-0.0102739507
0.100000,6.000000,exact,7.8545697712,-0.0100127847
0.100000,6.000000,exact,7.8972576497,-0.0097430104
0.100000,6.000000,exact,7.9399455282,-0.0094645809
0.100000,6.000000,exact,7.9826334067,-0.0091774526
0.100000,6.000000,exact,8.0253212852,-0.0088815851
0.100000,6.000000,exact,8.0680091637,-0.0085769418
0.100000,6.000000,exact,8.1106970422,-0.0082634895
0.100000,6.000000,exact,8.1533849207,-0.0079411992
0.100000,6.000000,exact,8.1960727992,-0.0076100453
0.100000,6.000000,exact,8.2387606777,-0.0072700067
0.100000,6.000000,exact,8.2814485562,-0.0069210663
0.100000,6.000000,exact,8.3241364347,-0.0065632112
0.100000,6.000000,exact,8.3668243132,-0.0061964333
0.100000,6.000000,exact,8.4095121917,-0.0058207287
0.100000,6.000000,exact,8.4522000702,-0.0054360987
0.100000,6.000000,exact,8.4948879487,-0.0050425491
0.100000,6.000000,exact,8.5375758272,-0.0046400910
0.100000,6.000000,exact,8.5802637057,-0.0042287405
0.100000,6.000000,exact,8.6229515842,-0.0038085193
0.100000,6.000000,exact,8.6656394627,-0.0033794544
0.100000,6.000000,exact,8.7083273412,-0.0029415787
0.100000,6.000000,exact,8.7510152197,-0.0024949307
0.100000,6.000000,exact,8.7937030982,-0.0020395550
0.100000,6.000000,exact,8.8363909767,-0.0015755024
0.100000,6.000000,exact,8.8790788552,-0.0011028302
0.100000,6.000000,exact,8.9217667337,-0.0006216018
0.100000,6.000000,exact,8.9644546122,-0.0001318877
0.100000,6.000000,exact,9.0071424907,0.0003662348
0.100000,6.000000,exact,9.0498303692,0.0008726815
0.100000,6.000000,exact,9.0925182477,0.0013873608
0.100000,6.000000,exact,9.1352061262,0.0019101737
0.100000,6.000000,exact,9.1778940047,0.0024410135
0.100000,6.000000,exact,9.2205818832,0.0029797658
0.100000,6.000000,exact,9.2632697617,0.0035263082
0.100000,6.000000,exact,9.3059576402,0.0040805098
0.100000,6.000000,exact,9.3486455187,0.0046422314
0.100000,6.000000,exact,9.3913333972,0.0052113254
0.100000,6.000000,exact,9.4340212757,0.0057876349
0.100000,6.000000,exact,9.4767091542,0.0063709942
0.100000,6.000000,exact,9.5193970327,0.0069612284
0.100000,6.000000,exact,9.5620849112,0.0075581527
0.100000,6.000000,exact,9.6047727897,0.0081615730
0.100000,6.000000,exact,9.6474606682,0.0087712849
0.100000,6.000000,exact,9.6901485467,0.0093870740
0.100000,6.000000,exact,9.7328364251,0.0100087152
0.100000,6.000000,exact,9.7755243036,0.0106359731
0.100000,6.000000,exact,9.8182121821,0.0112686011
0.100000,6.000000,exact,9.8609000606,0.0119063415
0.100000,6.000000,exact,9.9035879391,0.0125489252
0.100000,6.000000,exact,9.9462758176,0.0131960714
0.100000,6.000000,exact,9.9889636961,0.0138474874
0.100000,6.000000,param,0.0000001338,0.0000000000
0.100000,6.000000,param,0.0447762468,0.0000023550
0.100000,6.000000,param,0.0895523597,0.0000094136
0.100000,6.000000,param,0.1343284727,0.0000211570
0.100000,6.000000,param,0.1791045857,0.0000375539
0.100000,6.000000,param,0.2238806987,0.0000585604
0.100000,6.000000,param,0.2686568117,0.0000841199
0.100000,6.000000,param,0.3134329247,0.0001141632
0.100000,6.000000,param,0.3582090376,0.0001486084
0.100000,6.000000,param,0.4029851506,0.0001873609
0.100000,6.000000,param,0.4477612636,0.0002303133
0.100000,6.000000,param,0.4925373766,0.0002773451
0.100000,6.000000,param,0.5373134896,0.0003283230
0.100000,6.000000,param,0.5820896026,0.0003831004
0.100000,6.000000,param,0.6268657156,0.0004415178
0.100000,6.000000,param,0.6716418285,0.0005034021
0.100000,6.000000,param,0.7164179415,0.0005685670
0.100000,6.000000,param,0.7611940545,0.0006368124
0.100000,6.000000,param,0.8059701675,0.0007079245
0.100000,6.000000,param,0.8507462805,0.0007816759
0.100000,6.000000,param,0.8955223935,0.0008578250
0.100000,6.000000,param,0.9402985065,0.0009361158
0.100000,6.000000,param,0.9850746194,0.0010162781
0.100000,6.000000,param,1.0298507324,0.0010980273
0.100000,6.000000,param,1.0746268454,0.0011810637
0.100000,6.000000,param,1.1194029584,0.0012650728
0.100000,6.000000,param,1.1641790714,0.0013497250
0.100000,6.000000,param,1.2089551844,0.0014346749
0.100000,6.000000,param,1.2537312974,0.0015195618
0.100000,6.000000,param,1.2985074103,0.0016040089
0.100000,6.000000,param,1.3432835233,0.0016876235
0.100000,6.000000,param,1.3880596363,0.0017699960
0.100000,6.000000,param,1.4328357493,0.0018507005
0.100000,6.000000,param,1.4776118623,0.0019292940
0.100000,6.000000,param,1.5223879753,0.0020053162
0.100000,6.000000,param,1.5671640882,0.0020782892
0.100000,6.000000,param,1.6119402012,0.0021477172
0.100000,6.000000,param,1.6567163142,0.0022130863
0.100000,6.000000,param,1.7014924272,0.0022738639
0.100000,6.000000,param,1.7462685402,0.0023294986
0.100000,6.000000,param,1.7910446532,0.0023794198
0.100000,6.000000,param,1.8358207662,0.0024230372
0.100000,6.000000,param,1.8805968791,0.0024597408
0.100000,6.000000,param,1.9253729921,0.0024888999
0.100000,6.000000,param,1.9701491051,0.0025098634
0.100000,6.000000,param,2.0149252181,0.0025219588
0.100000,6.000000,param,2.0597013311,0.0025244924
0.100000,6.000000,param,2.1044774441,0.0025167482
0.100000,6.000000,param,2.1492535571,0.0024979882
0.100000,6.000000,param,2.1940296700,0.0024674513
0.100000,6.000000,param,2.2388057830,0.0024243534
0.100000,6.000000,param,2.2835818960,0.0023678866
0.100000,6.000000,param,2.3283580090,0.0022972188
0.100000,6.000000,param,2.3731341220,0.0022114933
0.100000,6.000000,param,2.4179102350,0.0021098285
0.100000,6.000000,param,2.4626863480,0.0019913168
0.100000,6.000000,param,2.5074624609,0.0018550248
0.100000,6.000000,param,2.5522385739,0.0016999925
0.100000,6.000000,param,2.5970146869,0.0015252326
0.100000,6.000000,param,2.6417907999,0.0013297302
0.100000,6.000000,param,2.6865669129,0.0011124424
0.100000,6.000000,param,2.7313430259,0.0008722972
0.100000,6.000000,param,2.7761191388,0.0006081936
0.100000,6.000000,param,2.8208952518,0.0003190006
0.100000,6.000000,param,2.8656713648,0.0000035567
0.100000,6.000000,param,2.9104474778,-0.0003393305
0.100000,6.000000,param,2.9552235908,-0.0007108851
0.100000,6.000000,param,2.9999997038,-0.0011123635
0.100000,6.000000,param,3.0447758168,-0.0015450548
0.100000,6.000000,param,3.0895519297,-0.0020102818
0.100000,6.000000,param,3.1343280427,-0.0025094012
0.100000,6.000000,param,3.1791041557,-0.0030438046
0.100000,6.000000,param,3.2238802687,-0.0036149190
0.100000,6.000000,param,3.2686563817,-0.0042242074
0.100000,6.000000,param,3.3134324947,-0.0048731697
0.100000,6.000000,param,3.3582086077,-0.0055633431
0.100000,6.000000,param,3.4029847206,-0.0062963030
0.100000,6.000000,param,3.4477608336,-0.0070736637
0.100000,6.000000,param,3.4925369466,-0.0078970790
0.100000,6.000000,param,3.5373130596,-0.0087682429
0.100000,6.000000,param,3.5820891726,-0.0096888906
0.100000,6.000000,param,3.6268652856,-0.0106607989
0.100000,6.000000,param,3.6716413986,-0.0116857873
0.100000,6.000000,param,3.7164175115,-0.0127657182
0.100000,6.000000,param,3.7611936245,-0.0139024985
0.100000,6.000000,param,3.8059697375,-0.0150980798
0.100000,6.000000,param,3.8507458505,-0.0163544591
0.100000,6.000000,param,3.8955219635,-0.0176736800
0.100000,6.000000,param,3.9402980765,-0.0190578335
0.100000,6.000000,param,3.9850741894,-0.0205090585
0.100000,6.000000,param,4.0298503024,-0.0220295427
0.100000,6.000000,param,4.0746264154,-0.0236215238
0.100000,6.000000,param,4.1194025284,-0.0252872900
0.100000,6.000000,param,4.1641786414,-0.0270291809
0.100000,6.000000,param,4.2089547544,-0.0288495886
0.100000,6.000000,param,4.2537308674,-0.0307509582
0.100000,6.000000,param,4.2985069803,-0.0327357893
0.100000,6.000000,param,4.3432830933,-0.0348066360
0.100000,6.000000,param,4.3880592063,-0.0369661089
0.100000,6.000000,param,4.4328353193,-0.0392168751
0.100000,6.000000,param,4.4776114323,-0.0415616596
0.100000,6.000000,param,4.5223875453,-0.0440032463
0.100000,6.000000,param,4.5671636583,-0.0465444787
0.100000,6.000000,param,4.6119397712,-0.0491882609
0.100000,6.000000,param,4.6567158842,-0.0519375587
0.100000,6.000000,param,4.7014919972,-0.0547954008
0.100000,6.000000,param,4.7462681102,-0.0577648792
0.100000,6.000000,param,4.7910442232,-0.0608491506
0.100000,6.000000,param,4.8358203362,-0.0640514377
0.100000,6.000000,param,4.8805964491,-0.0673750296
0.100000,6.000000,param,4.9253725621,-0.0708232831
0.100000,6.000000,param,4.9701486751,-0.0743996241
0.100000,6.000000,param,5.0149247881,-0.0781075481
0.100000,6.000000,param,5.0597009011,-0.0819506215
0.100000,6.000000,param,5.1044770141,-0.0859324831
0.100000,6.000000,param,5.1492531271,-0.0900568443
0.100000,6.000000,param,5.1940292400,-0.0943274910
0.100000,6.000000,param,5.2388053530,-0.0987482845
0.100000,6.000000,param,5.2835814660,-0.1033231624
0.100000,6.000000,param,5.3283575790,-0.1080561398
0.100000,6.000000,param,5.3731336920,-0.1129513108
0.100000,6.000000,param,5.4179098050,-0.1180128491
0.100000,6.000000,param,5.4626859180,-0.1232450099
0.100000,6.000000,param,5.5074620309,-0.1286521301
0.100000,6.000000,param,5.5522381439,-0.1342386305
0.100000,6.000000,param,5.5970142569,-0.1400090163
0.100000,6.000000,param,5.6417903699,-0.1459678785
0.100000,6.000000,param,5.6865664829,-0.1521198953
0.100000,6.000000,param,5.7313425959,-0.1584698333
0.100000,6.000000,param,5.7761187089,-0.1650225485
0.100000,6.000000,param,5.8208948218,-0.1717829877
0.100000,6.000000,param,5.8656709348,-0.1787561898
0.100000,6.000000,param,5.9104470478,-0.1859472871
0.100000,6.000000,param,5.9552231608,-0.1933615066
0.100000,6.000000,param,5.9999992738,-0.2010041712
0.100000,6.000000,param,6.0447753868,-0.2088807009
0.100000,6.000000,param,6.0895514997,-0.2169966146
0.100000,6.000000,param,6.1343276127,-0.2253575308
0.100000,6.000000,param,6.1791037257,-0.2339691695
0.100000,6.000000,param,6.2238798387,-0.2428373533
0.100000,6.000000,param,6.2686559517,-0.2519680086
0.100000,6.000000,param,6.3134320647,-0.2613671674
0.100000,6.000000,param,6.3582081777,-0.2710409683
0.100000,6.000000,param,6.4029842906,-0.2809956583
0.100000,6.000000,param,6.4477604036,-0.2912375936
0.100000,6.000000,param,6.4925365166,-0.3017732418
0.100000,6.000000,param,6.5373126296,-0.3126091827
0.100000,6.000000,param,6.5820887426,-0.3237521100
0.100000,6.000000,param,6.6268648556,-0.3352088331
0.100000,6.000000,param,6.6716409686,-0.3469862777
0.100000,6.000000,param,6.7164170815,-0.3590914881
0.100000,6.000000,param,6.7611931945,-0.3715316285
0.100000,6.000000,param,6.8059693075,-0.3843139842
0.100000,6.000000,param,6.8507454205,-0.3974459635
0.100000,6.000000,param,6.8955215335,-0.4109350990
0.100000,6.000000,param,6.9402976465,-0.4247890491
0.100000,6.000000,param,6.9850737595,-0.4390155999
0.100000,6.000000,param,7.0298498724,-0.4536226664
0.100000,6.000000,param,7.0746259854,-0.4686182941
0.100000,6.000000,param,7.1194020984,-0.4840106610
0.100000,6.000000,param,7.1641782114,-0.4998080785
0.100000,6.000000,param,7.2089543244,-0.5160189938
0.100000,6.000000,param,7.2537304374,-0.5326519910
0.100000,6.000000,param,7.2985065503,-0.5497157928
0.100000,6.000000,param,7.3432826633,-0.5672192622
0.100000,6.000000,param,7.3880587763,-0.5851714045
0.100000,6.000000,param,7.4328348893,-0.6035813684
0.100000,6.000000,param,7.4776110023,-0.6224584480
0.100000,6.000000,param,7.5223871153,-0.6418120846
0.100000,6.000000,param,7.5671632283,-0.6616518680
0.100000,6.000000,param,7.6119393412,-0.6819875388
0.100000,6.000000,param,7.6567154542,-0.7028289897
0.100000,6.000000,param,7.7014915672,-0.7241862674
0.100000,6.000000,param,7.7462676802,-0.7460695743
0.100000,6.000000,param,7.7910437932,-0.7684892703
0.100000,6.000000,param,7.8358199062,-0.7914558748
0.100000,6.000000,param,7.8805960192,-0.8149800682
0.100000,6.000000,param,7.9253721321,-0.8390726937
0.100000,6.000000,param,7.9701482451,-0.8637447593
0.100000,6.000000,param,8.0149243581,-0.8890074398
0.100000,6.000000,param,8.0597004711,-0.9148720782
0.100000,6.000000,param,8.1044765841,-0.9413501879
0.100000,6.000000,param,8.1492526971,-0.9684534544
0.100000,6.000000,param,8.1940288100,-0.9961937373
0.100000,6.000000,param,8.2388049230,-1.0245830722
0.100000,6.000000,param,8.2835810360,-1.0536336725
0.100000,6.000000,param,8.3283571490,-1.0833579316
0.100000,6.000000,param,8.3731332620,-1.1137684244
0.100000,6.000000,param,8.4179093750,-1.1448779096
0.100000,6.000000,param,8.4626854880,-1.1766993317
0.100000,6.000000,param,8.5074616009,-1.2092458227
0.100000,6.000000,param,8.5522377139,-1.2425307043
0.100000,6.000000,param,8.5970138269,-1.2765674898
0.100000,6.000000,param,8.6417899399,-1.3113698862
0.100000,6.000000,param,8.6865660529,-1.3469517963
0.100000,6.000000,param,8.7313421659,-1.3833273205
0.100000,6.000000,param,8.7761182789,-1.4205107591
0.100000,6.000000,param,8.8208943918,-1.4585166143
0.100000,6.000000,param,8.8656705048,-1.4973595923
0.100000,6.000000,param,8.9104466178,-1.5370546052
0.100000,6.000000,param,8.9552227308,-1.5776167734
0.100000,6.000000,param,8.9999988438,-1.6190614278
0.100000,6.000000,param,9.0447749568,-1.6614041114
0.100000,6.000000,param,9.0895510698,-1.7046605822
0.100000,6.000000,param,9.1343271827,-1.7488468146
0.100000,6.000000,param,9.1791032957,-1.7939790022
0.100000,6.000000,param,9.2238794087,-1.8400735598
0.100000,6.000000,param,9.2686555217,-1.8871471254
0.100000,6.000000,param,9.3134316347,-1.9352165628
0.100000,6.000000,param,9.3582077477,-1.9842989635
0.100000,6.000000,param,9.4029838606,-2.0344116490
0.100000,6.000000,param,9.4477599736,-2.0855721734
0.100000,6.000000,param,9.4925360866,-2.1377983253
0.100000,6.000000,param,9.5373121996,-2.1911081302
0.100000,6.000000,param,9.5820883126,-2.2455198530
0.100000,6.000000,param,9.6268644256,-2.3010520000
0.100000,6.000000,param,9.6716405386,-2.3577233215
0.100000,6.000000,param,9.7164166515,-2.4155528140
0.100000,6.000000,param,9.7611927645,-2.4745597227
0.100000,6.000000,param,9.8059688775,-2.5347635437
0.100000,6.000000,param,9.8507449905,-2.5961840266
0.100000,6.000000,param,9.8955211035,-2.6588411768
0.100000,6.000000,param,9.9402972165,-2.7227552580
0.100000,6.000000,param,9.9850733295,-2.7879467943
