theta1,theta2,w_mid,omega0_exact,omega0_param,rel_err
-0.167000,0.000000,0.000000,0.79015581,0.76674213,2.963172e-02
-0.162788,0.000000,0.000000,0.78225361,0.76024803,2.813100e-02
-0.158576,0.000000,0.000000,0.77446932,0.75381418,2.667005e-02
-0.154364,0.000000,0.000000,0.76680059,0.74743979,2.524880e-02
-0.150152,0.000000,0.000000,0.75924514,0.74112409,2.386719e-02
-0.145939,0.000000,0.000000,0.75180075,0.73486631,2.252518e-02
-0.141727,0.000000,0.000000,0.74446527,0.72866569,2.122273e-02
-0.137515,0.000000,0.000000,0.73723658,0.72252150,1.995978e-02
-0.133303,0.000000,0.000000,0.73011261,0.71643301,1.873628e-02
-0.129091,0.000000,0.000000,0.72309135,0.71039951,1.755220e-02
-0.124879,0.000000,0.000000,0.71617084,0.70442028,1.640747e-02
-0.120667,0.000000,0.000000,0.70934915,0.69849465,1.530206e-02
-0.116455,0.000000,0.000000,0.70262443,0.69262193,1.423591e-02
-0.112242,0.000000,0.000000,0.69599483,0.68680146,1.320897e-02
-0.108030,0.000000,0.000000,0.68945857,0.68103257,1.222118e-02
-0.103818,0.000000,0.000000,0.68301391,0.67531464,1.127250e-02
-0.099606,0.000000,0.000000,0.67665915,0.66964702,1.036287e-02
-0.095394,0.000000,0.000000,0.67039262,0.66402911,9.492220e-03
-0.091182,0.000000,0.000000,0.66421270,0.65846029,8.660487e-03
-0.086970,0.000000,0.000000,0.65811780,0.65293998,7.867617e-03
-0.082758,0.000000,0.000000,0.65210636,0.64746759,7.113521e-03
-0.078545,0.000000,0.000000,0.64617687,0.64204255,6.398129e-03
-0.074333,0.000000,0.000000,0.64032784,0.63666431,5.721349e-03
-0.070121,0.000000,0.000000,0.63455784,0.63133232,5.083106e-03
-0.065909,0.000000,0.000000,0.62886544,0.62604605,4.483295e-03
-0.061697,0.000000,0.000000,0.62324925,0.62080498,3.921818e-03
-0.057485,0.000000,0.000000,0.61770792,0.61560860,3.398564e-03
-0.053273,0.000000,0.000000,0.61224014,0.61045642,2.913417e-03
-0.049061,0.000000,0.000000,0.60684459,0.60534796,2.466246e-03
-0.044848,0.000000,0.000000,0.60152002,0.60028274,2.056921e-03
-0.040636,0.000000,0.000000,0.59626519,0.59526031,1.685290e-03
-0.036424,0.000000,0.000000,0.59107888,0.59028021,1.351206e-03
-0.032212,0.000000,0.000000,0.58595991,0.58534202,1.054490e-03
-0.028000,0.000000,0.000000,0.58090711,0.58044531,7.949762e-04
-0.023788,0.000000,0.000000,0.57591937,0.57558967,5.724747e-04
-0.019576,0.000000,0.000000,0.57099555,0.57077470,3.867650e-04
-0.015364,0.000000,0.000000,0.56613457,0.56600003,2.376446e-04
-0.011152,0.000000,0.000000,0.56133537,0.56126527,1.248827e-04
-0.006939,0.000000,0.000000,0.55659692,0.55657007,4.823613e-05
-0.002727,0.000000,0.000000,0.55191817,0.55191407,7.429559e-06
0.001485,0.000000,0.000000,0.54729815,0.54729694,2.200877e-06
0.005697,0.000000,0.000000,0.54273586,0.54271836,3.223929e-05
0.009909,0.000000,0.000000,0.53823035,0.53817801,9.724362e-05
0.014121,0.000000,0.000000,0.53378069,0.53367560,1.968805e-04
0.018333,0.000000,0.000000,0.52938596,0.52921083,3.308032e-04
0.022545,0.000000,0.000000,0.52504524,0.52478344,4.986281e-04
0.026758,0.000000,0.000000,0.52075767,0.52039315,6.999839e-04
0.030970,0.000000,0.000000,0.51652238,0.51603972,9.344531e-04
0.035182,0.000000,0.000000,0.51233852,0.51172290,1.201582e-03
0.039394,0.000000,0.000000,0.50820527,0.50744248,1.500945e-03
0.043606,0.000000,0.000000,0.50412181,0.50319824,1.832035e-03
0.047818,0.000000,0.000000,0.50008734,0.49898997,2.194356e-03
0.052030,0.000000,0.000000,0.49610109,0.49481749,2.587377e-03
0.056242,0.000000,0.000000,0.49216228,0.49068061,3.010529e-03
0.060455,0.000000,0.000000,0.48827018,0.48657918,3.463253e-03
0.064667,0.000000,0.000000,0.48442404,0.48251304,3.944891e-03
0.068879,0.000000,0.000000,0.48062314,0.47848204,4.454847e-03
0.073091,0.000000,0.000000,0.47686678,0.47448607,4.992413e-03
0.077303,0.000000,0.000000,0.47315427,0.47052500,5.556892e-03
0.081515,0.000000,0.000000,0.46948492,0.46659873,6.147564e-03
0.085727,0.000000,0.000000,0.46585807,0.46270716,6.763656e-03
0.089939,0.000000,0.000000,0.46227306,0.45885023,7.404344e-03
0.094152,0.000000,0.000000,0.45872926,0.45502785,8.068818e-03
0.098364,0.000000,0.000000,0.45522603,0.45123998,8.756193e-03
0.102576,0.000000,0.000000,0.45176276,0.44748657,9.465552e-03
0.106788,0.000000,0.000000,0.44833884,0.44376759,1.019596e-02
0.111000,0.000000,0.000000,0.44495368,0.44008303,1.094643e-02
0.115212,0.000000,0.000000,0.44160670,0.43643287,1.171592e-02
0.119424,0.000000,0.000000,0.43829732,0.43281712,1.250340e-02
0.123636,0.000000,0.000000,0.43502499,0.42923580,1.330772e-02
0.127848,0.000000,0.000000,0.43178915,0.42568894,1.412776e-02
0.132061,0.000000,0.000000,0.42858926,0.42217658,1.496230e-02
0.136273,0.000000,0.000000,0.42542479,0.41869878,1.581011e-02
0.140485,0.000000,0.000000,0.42229523,0.41525560,1.666992e-02
0.144697,0.000000,0.000000,0.41920006,0.41184713,1.754038e-02
0.148909,0.000000,0.000000,0.41613877,0.40847345,1.842011e-02
0.153121,0.000000,0.000000,0.41311088,0.40513466,1.930768e-02
0.157333,0.000000,0.000000,0.41011590,0.40183089,2.020162e-02
0.161545,0.000000,0.000000,0.40715336,0.39856227,2.110038e-02
0.165758,0.000000,0.000000,0.40422279,0.39532892,2.200238e-02
0.169970,0.000000,0.000000,0.40132372,0.39213101,2.290598e-02
0.174182,0.000000,0.000000,0.39845572,0.38896870,2.380948e-02
0.178394,0.000000,0.000000,0.39561835,0.38584216,2.471115e-02
0.182606,0.000000,0.000000,0.39281115,0.38275159,2.560915e-02
0.186818,0.000000,0.000000,0.39003371,0.37969719,2.650162e-02
0.191030,0.000000,0.000000,0.38728562,0.37667916,2.738665e-02
0.195242,0.000000,0.000000,0.38456645,0.37369774,2.826224e-02
0.199455,0.000000,0.000000,0.38187582,0.37075317,2.912635e-02
0.203667,0.000000,0.000000,0.37921329,0.36784569,2.997681e-02
0.207879,0.000000,0.000000,0.37657852,0.36497556,3.081152e-02
0.212091,0.000000,0.000000,0.37397109,0.36214307,3.162816e-02
0.216303,0.000000,0.000000,0.37139064,0.35934850,3.242447e-02
0.220515,0.000000,0.000000,0.36883679,0.35659214,3.319802e-02
0.224727,0.000000,0.000000,0.36630918,0.35387431,3.394638e-02
0.228939,0.000000,0.000000,0.36380746,0.35119534,3.466702e-02
0.233152,0.000000,0.000000,0.36133126,0.34855555,3.535734e-02
0.237364,0.000000,0.000000,0.35888024,0.34595530,3.601464e-02
0.241576,0.000000,0.000000,0.35645407,0.34339495,3.663621e-02
0.245788,0.000000,0.000000,0.35405242,0.34087486,3.721922e-02
0.250000,0.000000,0.000000,0.35167493,0.33839543,3.776073e-02
-0.167000,0.060606,0.060590,0.79017628,0.76676067,2.963341e-02
-0.162788,0.060606,0.060590,0.78227389,0.76026644,2.813266e-02
-0.158576,0.060606,0.060590,0.77448939,0.75383246,2.667167e-02
-0.154364,0.060606,0.060590,0.76682045,0.74745795,2.525037e-02
-0.150152,0.060606,0.060590,0.75926481,0.74114212,2.386873e-02
-0.145939,0.060606,0.060590,0.75182023,0.73488421,2.252669e-02
-0.141727,0.060606,0.060590,0.74448456,0.72868347,2.122420e-02
-0.137515,0.060606,0.060590,0.73725568,0.72253916,1.996121e-02
-0.133303,0.060606,0.060590,0.73013152,0.71645055,1.873768e-02
-0.129091,0.060606,0.060590,0.72311008,0.71041693,1.755356e-02
-0.124879,0.060606,0.060590,0.71618939,0.70443759,1.640879e-02
-0.120667,0.060606,0.060590,0.70936753,0.69851184,1.530334e-02
-0.116455,0.060606,0.060590,0.70264263,0.69263900,1.423715e-02
-0.112242,0.060606,0.060590,0.69601286,0.68681841,1.321017e-02
-0.108030,0.060606,0.060590,0.68947643,0.68104941,1.222235e-02
-0.103818,0.060606,0.060590,0.68303161,0.67533136,1.127363e-02
-0.099606,0.060606,0.060590,0.67667668,0.66966363,1.036396e-02
-0.095394,0.060606,0.060590,0.67040999,0.66404561,9.493267e-03
-0.091182,0.060606,0.060590,0.66422991,0.65847668,8.661498e-03
-0.086970,0.060606,0.060590,0.65813484,0.65295626,7.868580e-03
-0.082758,0.060606,0.060590,0.65212325,0.64748375,7.114444e-03
-0.078545,0.060606,0.060590,0.64619360,0.64205861,6.399008e-03
-0.074333,0.060606,0.060590,0.64034443,0.63668026,5.722191e-03
-0.070121,0.060606,0.060590,0.63457428,0.63134816,5.083905e-03
-0.065909,0.060606,0.060590,0.62888172,0.62606179,4.484051e-03
-0.061697,0.060606,0.060590,0.62326539,0.62082061,3.922531e-03
-0.057485,0.060606,0.060590,0.61772392,0.61562413,3.399232e-03
-0.053273,0.060606,0.060590,0.61225599,0.61047185,2.914038e-03
-0.049061,0.060606,0.060590,0.60686031,0.60536329,2.466823e-03
-0.044848,0.060606,0.060590,0.60153560,0.60029797,2.057450e-03
-0.040636,0.060606,0.060590,0.59628063,0.59527543,1.685776e-03
-0.036424,0.060606,0.060590,0.59109418,0.59029524,1.351640e-03
-0.032212,0.060606,0.060590,0.58597508,0.58535695,1.054880e-03
-0.028000,0.060606,0.060590,0.58092216,0.58046014,7.953191e-04
-0.023788,0.060606,0.060590,0.57593428,0.57560441,5.727610e-04
-0.019576,0.060606,0.060590,0.57101033,0.57078935,3.870082e-04
-0.015364,0.060606,0.060590,0.56614923,0.56601458,2.378397e-04
-0.011152,0.060606,0.060590,0.56134991,0.56127973,1.250244e-04
-0.006939,0.060606,0.060590,0.55661133,0.55658443,4.832094e-05
-0.002727,0.060606,0.060590,0.55193246,0.55192834,7.464300e-06
0.001485,0.060606,0.060590,0.54731232,0.54731112,2.177606e-06
0.005697,0.060606,0.060590,0.54274991,0.54273245,3.216396e-05
0.009909,0.060606,0.060590,0.53824429,0.53819202,9.711510e-05
0.014121,0.060606,0.060590,0.53379451,0.53368952,1.966959e-04
0.018333,0.060606,0.060590,0.52939966,0.52922466,3.305576e-04
0.022545,0.060606,0.060590,0.52505884,0.52479718,4.983328e-04
0.026758,0.060606,0.060590,0.52077115,0.52040681,6.996286e-04
0.030970,0.060606,0.060590,0.51653575,0.51605329,9.340337e-04
0.035182,0.060606,0.060590,0.51235179,0.51173640,1.201112e-03
0.039394,0.060606,0.060590,0.50821843,0.50745589,1.500405e-03
0.043606,0.060606,0.060590,0.50413486,0.50321157,1.831436e-03
0.047818,0.060606,0.060590,0.50010029,0.49900322,2.193692e-03
0.052030,0.060606,0.060590,0.49611393,0.49483066,2.586647e-03
0.056242,0.060606,0.060590,0.49217502,0.49069370,3.009740e-03
0.060455,0.060606,0.060590,0.48828282,0.48659220,3.462383e-03
0.064667,0.060606,0.060590,0.48443658,0.48252598,3.943966e-03
0.068879,0.060606,0.060590,0.48063558,0.47849491,4.453842e-03
0.073091,0.060606,0.060590,0.47687913,0.47449886,4.991341e-03
0.077303,0.060606,0.060590,0.47316652,0.47053772,5.555759e-03
0.081515,0.060606,0.060590,0.46949707,0.46661137,6.146360e-03
0.085727,0.060606,0.060590,0.46587012,0.46271974,6.762367e-03
0.089939,0.060606,0.060590,0.46228503,0.45886273,7.402990e-03
0.094152,0.060606,0.060590,0.45874113,0.45504029,8.067383e-03
0.098364,0.060606,0.060590,0.45523781,0.45125235,8.754677e-03
0.102576,0.060606,0.060590,0.45177445,0.44749887,9.463964e-03
0.106788,0.060606,0.060590,0.44835044,0.44377983,1.019429e-02
0.111000,0.060606,0.060590,0.44496520,0.44009520,1.094468e-02
0.115212,0.060606,0.060590,0.44161813,0.43644497,1.171410e-02
0.119424,0.060606,0.060590,0.43830867,0.43282916,1.250148e-02
0.123636,0.060606,0.060590,0.43503625,0.42924778,1.330572e-02
0.127848,0.060606,0.060590,0.43180032,0.42570085,1.412567e-02
0.132061,0.060606,0.060590,0.42860035,0.42218844,1.496013e-02
0.136273,0.060606,0.060590,0.42543581,0.41871057,1.580786e-02
0.140485,0.060606,0.060590,0.42230616,0.41526734,1.666757e-02
0.144697,0.060606,0.060590,0.41921090,0.41185881,1.753795e-02
0.148909,0.060606,0.060590,0.41614954,0.40848507,1.841758e-02
0.153121,0.060606,0.060590,0.41312157,0.40514623,1.930506e-02
0.157333,0.060606,0.060590,0.41012651,0.40184241,2.019890e-02
0.161545,0.060606,0.060590,0.40716389,0.39857373,2.109757e-02
0.165758,0.060606,0.060590,0.40423325,0.39534033,2.199947e-02
0.169970,0.060606,0.060590,0.40133411,0.39214236,2.290298e-02
0.174182,0.060606,0.060590,0.39846604,0.38898000,2.380639e-02
0.178394,0.060606,0.060590,0.39562858,0.38585341,2.470795e-02
0.182606,0.060606,0.060590,0.39282132,0.38276279,2.560585e-02
0.186818,0.060606,0.060590,0.39004381,0.37970834,2.649823e-02
0.191030,0.060606,0.060590,0.38729564,0.37669027,2.738315e-02
0.195242,0.060606,0.060590,0.38457641,0.37370880,2.825863e-02
0.199455,0.060606,0.060590,0.38188570,0.37076418,2.912262e-02
0.203667,0.060606,0.060590,0.37922311,0.36785666,2.997300e-02
0.207879,0.060606,0.060590,0.37658826,0.36498649,3.080758e-02
0.212091,0.060606,0.060590,0.37398077,0.36215396,3.162412e-02
0.216303,0.060606,0.060590,0.37140025,0.35935934,3.242030e-02
0.220515,0.060606,0.060590,0.36884633,0.35660294,3.319374e-02
0.224727,0.060606,0.060590,0.36631866,0.35388508,3.394199e-02
0.228939,0.060606,0.060590,0.36381687,0.35120606,3.466251e-02
0.233152,0.060606,0.060590,0.36134060,0.34856624,3.535270e-02
0.237364,0.060606,0.060590,0.35888953,0.34596595,3.600990e-02
0.241576,0.060606,0.060590,0.35646329,0.34340556,3.663136e-02
0.245788,0.060606,0.060590,0.35406157,0.34088544,3.721424e-02
0.250000,0.060606,0.060590,0.35168403,0.33840597,3.775563e-02
-0.167000,0.121212,0.121181,0.79023771,0.76681626,2.963848e-02
-0.162788,0.121212,0.121181,0.78233469,0.76032165,2.813763e-02
-0.158576,0.121212,0.121181,0.77454959,0.75388729,2.667653e-02
-0.154364,0.121212,0.121181,0.76688006,0.74751240,2.525513e-02
-0.150152,0.121212,0.121181,0.75932383,0.74119620,2.387338e-02
-0.145939,0.121212,0.121181,0.75187867,0.73493792,2.253123e-02
-0.141727,0.121212,0.121181,0.74454243,0.72873681,2.122863e-02
-0.137515,0.121212,0.121181,0.73731298,0.72259214,1.996553e-02
-0.133303,0.121212,0.121181,0.73018827,0.71650317,1.874188e-02
-0.129091,0.121212,0.121181,0.72316628,0.71046918,1.755765e-02
-0.124879,0.121212,0.121181,0.71624505,0.70448948,1.641277e-02
-0.120667,0.121212,0.121181,0.70942266,0.69856338,1.530721e-02
-0.116455,0.121212,0.121181,0.70269723,0.69269019,1.424090e-02
-0.112242,0.121212,0.121181,0.69606695,0.68686925,1.321380e-02
-0.108030,0.121212,0.121181,0.68953001,0.68109991,1.222586e-02
-0.103818,0.121212,0.121181,0.68308469,0.67538152,1.127703e-02
-0.099606,0.121212,0.121181,0.67672926,0.66971345,1.036724e-02
-0.095394,0.121212,0.121181,0.67046208,0.66409509,9.496426e-03
-0.091182,0.121212,0.121181,0.66428152,0.65852583,8.664535e-03
-0.086970,0.121212,0.121181,0.65818598,0.65300507,7.871495e-03
-0.082758,0.121212,0.121181,0.65217392,0.64753224,7.117233e-03
-0.078545,0.121212,0.121181,0.64624381,0.64210677,6.401673e-03
-0.074333,0.121212,0.121181,0.64039418,0.63672810,5.724728e-03
-0.070121,0.121212,0.121181,0.63462358,0.63139569,5.086313e-03
-0.065909,0.121212,0.121181,0.62893058,0.62610899,4.486329e-03
-0.061697,0.121212,0.121181,0.62331381,0.62086751,3.924676e-03
-0.057485,0.121212,0.121181,0.61777191,0.61567072,3.401245e-03
-0.053273,0.121212,0.121181,0.61230356,0.61051813,2.915917e-03
-0.049061,0.121212,0.121181,0.60690745,0.60540926,2.468565e-03
-0.044848,0.121212,0.121181,0.60158233,0.60034364,2.059051e-03
-0.040636,0.121212,0.121181,0.59632695,0.59532081,1.687237e-03
-0.036424,0.121212,0.121181,0.59114010,0.59034031,1.352961e-03
-0.032212,0.121212,0.121181,0.58602060,0.58540173,1.056057e-03
-0.028000,0.121212,0.121181,0.58096728,0.58050463,7.963481e-04
-0.023788,0.121212,0.121181,0.57597902,0.57564861,5.736417e-04
-0.019576,0.121212,0.121181,0.57105469,0.57083327,3.877377e-04
-0.015364,0.121212,0.121181,0.56619321,0.56605822,2.384164e-04
-0.011152,0.121212,0.121181,0.56139351,0.56132309,1.254473e-04
-0.006939,0.121212,0.121181,0.55665456,0.55662751,4.858587e-05
-0.002727,0.121212,0.121181,0.55197533,0.55197115,7.568445e-06
0.001485,0.121212,0.121181,0.54735483,0.54735367,2.120492e-06
0.005697,0.121212,0.121181,0.54279207,0.54277473,3.194193e-05
0.009909,0.121212,0.121181,0.53828609,0.53823403,9.672501e-05
0.014121,0.121212,0.121181,0.53383597,0.53373127,1.961348e-04
0.018333,0.121212,0.121181,0.52944078,0.52926615,3.298268e-04
0.022545,0.121212,0.121181,0.52509961,0.52483842,4.974265e-04
0.026758,0.121212,0.121181,0.52081160,0.52044779,6.985415e-04
0.030970,0.121212,0.121181,0.51657587,0.51609403,9.327673e-04
0.035182,0.121212,0.121181,0.51239158,0.51177688,1.199660e-03
0.039394,0.121212,0.121181,0.50825790,0.50749613,1.498769e-03
0.043606,0.121212,0.121181,0.50417401,0.50325157,1.829608e-03
0.047818,0.121212,0.121181,0.50013912,0.49904298,2.191674e-03
0.052030,0.121212,0.121181,0.49615246,0.49487018,2.584432e-03
0.056242,0.121212,0.121181,0.49221324,0.49073300,3.007323e-03
0.060455,0.121212,0.121181,0.48832074,0.48663126,3.459766e-03
0.064667,0.121212,0.121181,0.48447420,0.48256481,3.941143e-03
0.068879,0.121212,0.121181,0.48067290,0.47853352,4.450807e-03
0.073091,0.121212,0.121181,0.47691616,0.47453725,4.988100e-03
0.077303,0.121212,0.121181,0.47320326,0.47057589,5.552298e-03
0.081515,0.121212,0.121181,0.46953353,0.46664933,6.142679e-03
0.085727,0.121212,0.121181,0.46590630,0.46275749,6.758467e-03
0.089939,0.121212,0.121181,0.46232092,0.45890027,7.398862e-03
0.094152,0.121212,0.121181,0.45877675,0.45507762,8.063026e-03
0.098364,0.121212,0.121181,0.45527316,0.45128948,8.750088e-03
0.102576,0.121212,0.121181,0.45180953,0.44753580,9.459135e-03
0.106788,0.121212,0.121181,0.44838525,0.44381656,1.018922e-02
0.111000,0.121212,0.121181,0.44499975,0.44013173,1.093937e-02
0.115212,0.121212,0.121181,0.44165242,0.43648131,1.170854e-02
0.119424,0.121212,0.121181,0.43834270,0.43286531,1.249567e-02
0.123636,0.121212,0.121181,0.43507002,0.42928374,1.329966e-02
0.127848,0.121212,0.121181,0.43183385,0.42573664,1.411934e-02
0.132061,0.121212,0.121181,0.42863363,0.42222404,1.495354e-02
0.136273,0.121212,0.121181,0.42546883,0.41874600,1.580100e-02
0.140485,0.121212,0.121181,0.42233894,0.41530259,1.666045e-02
0.144697,0.121212,0.121181,0.41924345,0.41189388,1.753054e-02
0.148909,0.121212,0.121181,0.41618184,0.40851998,1.840991e-02
0.153121,0.121212,0.121181,0.41315364,0.40518097,1.929710e-02
0.157333,0.121212,0.121181,0.41015835,0.40187698,2.019065e-02
0.161545,0.121212,0.121181,0.40719550,0.39860814,2.108903e-02
0.165758,0.121212,0.121181,0.40426462,0.39537459,2.199064e-02
0.169970,0.121212,0.121181,0.40136526,0.39217647,2.289385e-02
0.174182,0.121212,0.121181,0.39849697,0.38901395,2.379695e-02
0.178394,0.121212,0.121181,0.39565929,0.38588722,2.469821e-02
0.182606,0.121212,0.121181,0.39285181,0.38279645,2.559580e-02
0.186818,0.121212,0.121181,0.39007409,0.37974186,2.648787e-02
0.191030,0.121212,0.121181,0.38732571,0.37672364,2.737247e-02
0.195242,0.121212,0.121181,0.38460626,0.37374204,2.824763e-02
0.199455,0.121212,0.121181,0.38191534,0.37079729,2.911129e-02
0.203667,0.121212,0.121181,0.37925255,0.36788963,2.996134e-02
0.207879,0.121212,0.121181,0.37661749,0.36501934,3.079559e-02
0.212091,0.121212,0.121181,0.37400979,0.36218667,3.161179e-02
0.216303,0.121212,0.121181,0.37142907,0.35939194,3.240763e-02
0.220515,0.121212,0.121181,0.36887496,0.35663542,3.318073e-02
0.224727,0.121212,0.121181,0.36634709,0.35391743,3.392863e-02
0.228939,0.121212,0.121181,0.36384510,0.35123831,3.464880e-02
0.233152,0.121212,0.121181,0.36136865,0.34859837,3.533865e-02
0.237364,0.121212,0.121181,0.35891738,0.34599797,3.599549e-02
0.241576,0.121212,0.121181,0.35649096,0.34343748,3.661659e-02
0.245788,0.121212,0.121181,0.35408905,0.34091726,3.719910e-02
0.250000,0.121212,0.121181,0.35171132,0.33843769,3.774013e-02
-0.167000,0.181818,0.181771,0.79034007,0.76690890,2.964694e-02
-0.162788,0.181818,0.181771,0.78243603,0.76041366,2.814591e-02
-0.158576,0.181818,0.181771,0.77464992,0.75397867,2.668463e-02
-0.154364,0.181818,0.181771,0.76697939,0.74760315,2.526305e-02
-0.150152,0.181818,0.181771,0.75942217,0.74128632,2.388112e-02
-0.145939,0.181818,0.181771,0.75197605,0.73502742,2.253879e-02
-0.141727,0.181818,0.181771,0.74463886,0.72882570,2.123600e-02
-0.137515,0.181818,0.181771,0.73740847,0.72268042,1.997272e-02
-0.133303,0.181818,0.181771,0.73028284,0.71659084,1.874889e-02
-0.129091,0.181818,0.181771,0.72325994,0.71055626,1.756447e-02
-0.124879,0.181818,0.181771,0.71633781,0.70457597,1.641940e-02
-0.120667,0.181818,0.181771,0.70951453,0.69864927,1.531365e-02
-0.116455,0.181818,0.181771,0.70278823,0.69277550,1.424715e-02
-0.112242,0.181818,0.181771,0.69615708,0.68695398,1.321986e-02
-0.108030,0.181818,0.181771,0.68961930,0.68118407,1.223173e-02
-0.103818,0.181818,0.181771,0.68317314,0.67546511,1.128269e-02
-0.099606,0.181818,0.181771,0.67681689,0.66979647,1.037270e-02
-0.095394,0.181818,0.181771,0.67054890,0.66417755,9.501691e-03
-0.091182,0.181818,0.181771,0.66436753,0.65860773,8.669598e-03
-0.086970,0.181818,0.181771,0.65827120,0.65308643,7.876354e-03
-0.082758,0.181818,0.181771,0.65225836,0.64761305,7.121885e-03
-0.078545,0.181818,0.181771,0.64632749,0.64218704,6.406114e-03
-0.074333,0.181818,0.181771,0.64047710,0.63680783,5.728958e-03
-0.070121,0.181818,0.181771,0.63470574,0.63147488,5.090327e-03
-0.065909,0.181818,0.181771,0.62901201,0.62618766,4.490128e-03
-0.061697,0.181818,0.181771,0.62339451,0.62094566,3.928256e-03
-0.057485,0.181818,0.181771,0.61785189,0.61574835,3.404603e-03
-0.053273,0.181818,0.181771,0.61238282,0.61059525,2.919049e-03
-0.049061,0.181818,0.181771,0.60698602,0.60548587,2.471469e-03
-0.044848,0.181818,0.181771,0.60166021,0.60041975,2.061727e-03
-0.040636,0.181818,0.181771,0.59640415,0.59539642,1.689677e-03
-0.036424,0.181818,0.181771,0.59121663,0.59041543,1.355163e-03
-0.032212,0.181818,0.181771,0.58609646,0.58547636,1.058018e-03
-0.028000,0.181818,0.181771,0.58104249,0.58057878,7.980653e-04
-0.023788,0.181818,0.181771,0.57605357,0.57572228,5.751125e-04
-0.019576,0.181818,0.181771,0.57112860,0.57090646,3.889562e-04
-0.015364,0.181818,0.181771,0.56626649,0.56613094,2.393807e-04
-0.011152,0.181818,0.181771,0.56146618,0.56139535,1.261526e-04
-0.006939,0.181818,0.181771,0.55672661,0.55669931,4.902774e-05
-0.002727,0.181818,0.181771,0.55204678,0.55204250,7.746770e-06
0.001485,0.181818,0.181771,0.54742567,0.54742456,2.024488e-06
0.005697,0.181818,0.181771,0.54286232,0.54284518,3.157049e-05
0.009909,0.181818,0.181771,0.53835576,0.53830404,9.607371e-05
0.014121,0.181818,0.181771,0.53390506,0.53380084,1.952026e-04
0.018333,0.181818,0.181771,0.52950930,0.52933530,3.286028e-04
0.022545,0.181818,0.181771,0.52516757,0.52490713,4.959107e-04
0.026758,0.181818,0.181771,0.52087900,0.52051609,6.967301e-04
0.030970,0.181818,0.181771,0.51664272,0.51616191,9.306530e-04
0.035182,0.181818,0.181771,0.51245789,0.51184435,1.197240e-03
0.039394,0.181818,0.181771,0.50832367,0.50756320,1.496036e-03
0.043606,0.181818,0.181771,0.50423925,0.50331823,1.826559e-03
0.047818,0.181818,0.181771,0.50020384,0.49910925,2.188302e-03
0.052030,0.181818,0.181771,0.49621666,0.49493606,2.580733e-03
0.056242,0.181818,0.181771,0.49227694,0.49079848,3.003292e-03
0.060455,0.181818,0.181771,0.48838392,0.48669636,3.455395e-03
0.064667,0.181818,0.181771,0.48453688,0.48262954,3.936428e-03
0.068879,0.181818,0.181771,0.48073510,0.47859787,4.445750e-03
0.073091,0.181818,0.181771,0.47697787,0.47460124,4.982682e-03
0.077303,0.181818,0.181771,0.47326449,0.47063951,5.546523e-03
0.081515,0.181818,0.181771,0.46959428,0.46671260,6.136536e-03
0.085727,0.181818,0.181771,0.46596658,0.46282040,6.751951e-03
0.089939,0.181818,0.181771,0.46238074,0.45896283,7.391970e-03
0.094152,0.181818,0.181771,0.45883611,0.45513984,8.055753e-03
0.098364,0.181818,0.181771,0.45533206,0.45135135,8.742422e-03
0.102576,0.181818,0.181771,0.45186798,0.44759734,9.451078e-03
0.106788,0.181818,0.181771,0.44844327,0.44387777,1.018076e-02
0.111000,0.181818,0.181771,0.44505732,0.44019262,1.093050e-02
0.115212,0.181818,0.181771,0.44170955,0.43654188,1.169925e-02
0.119424,0.181818,0.181771,0.43839941,0.43292557,1.248597e-02
0.123636,0.181818,0.181771,0.43512631,0.42934369,1.328952e-02
0.127848,0.181818,0.181771,0.43188971,0.42579628,1.410878e-02
0.132061,0.181818,0.181771,0.42868908,0.42228338,1.494254e-02
0.136273,0.181818,0.181771,0.42552387,0.41880504,1.578955e-02
0.140485,0.181818,0.181771,0.42239358,0.41536134,1.664855e-02
0.144697,0.181818,0.181771,0.41929768,0.41195235,1.751818e-02
0.148909,0.181818,0.181771,0.41623568,0.40857816,1.839708e-02
0.153121,0.181818,0.181771,0.41320709,0.40523888,1.928381e-02
0.157333,0.181818,0.181771,0.41021141,0.40193462,2.017688e-02
0.161545,0.181818,0.181771,0.40724817,0.39866551,2.107476e-02
0.165758,0.181818,0.181771,0.40431692,0.39543169,2.197588e-02
0.169970,0.181818,0.181771,0.40141718,0.39223332,2.287859e-02
0.174182,0.181818,0.181771,0.39854851,0.38907055,2.378120e-02
0.178394,0.181818,0.181771,0.39571047,0.38594357,2.468194e-02
0.182606,0.181818,0.181771,0.39290262,0.38285256,2.557901e-02
0.186818,0.181818,0.181771,0.39012454,0.37979773,2.647056e-02
0.191030,0.181818,0.181771,0.38737580,0.37677928,2.735463e-02
0.195242,0.181818,0.181771,0.38465601,0.37379745,2.822926e-02
0.199455,0.181818,0.181771,0.38196473,0.37085247,2.909237e-02
0.203667,0.181818,0.181771,0.37930160,0.36794460,2.994188e-02
0.207879,0.181818,0.181771,0.37666620,0.36507409,3.077556e-02
0.212091,0.181818,0.181771,0.37405817,0.36224122,3.159121e-02
0.216303,0.181818,0.181771,0.37147711,0.35944628,3.238648e-02
0.220515,0.181818,0.181771,0.36892267,0.35668956,3.315901e-02
0.224727,0.181818,0.181771,0.36639447,0.35397138,3.390632e-02
0.228939,0.181818,0.181771,0.36389216,0.35129206,3.462591e-02
0.233152,0.181818,0.181771,0.36141539,0.34865194,3.531517e-02
0.237364,0.181818,0.181771,0.35896380,0.34605137,3.597141e-02
0.241576,0.181818,0.181771,0.35653706,0.34349069,3.659190e-02
0.245788,0.181818,0.181771,0.35413484,0.34097030,3.717381e-02
0.250000,0.181818,0.181771,0.35175681,0.33849057,3.771423e-02
-0.167000,0.242424,0.242361,0.79048335,0.76703858,2.965878e-02
-0.162788,0.242424,0.242361,0.78257788,0.76054244,2.815750e-02
-0.158576,0.242424,0.242361,0.77479035,0.75410657,2.669597e-02
-0.154364,0.242424,0.242361,0.76711843,0.74773017,2.527414e-02
-0.150152,0.242424,0.242361,0.75955984,0.74141247,2.389195e-02
-0.145939,0.242424,0.242361,0.75211236,0.73515271,2.254936e-02
-0.141727,0.242424,0.242361,0.74477384,0.72895013,2.124632e-02
-0.137515,0.242424,0.242361,0.73754214,0.72280399,1.998278e-02
-0.133303,0.242424,0.242361,0.73041521,0.71671357,1.875870e-02
-0.129091,0.242424,0.242361,0.72339103,0.71067815,1.757401e-02
-0.124879,0.242424,0.242361,0.71646764,0.70469703,1.642868e-02
-0.120667,0.242424,0.242361,0.70964313,0.69876951,1.532266e-02
-0.116455,0.242424,0.242361,0.70291561,0.69289492,1.425589e-02
-0.112242,0.242424,0.242361,0.69628326,0.68707259,1.322834e-02
-0.108030,0.242424,0.242361,0.68974428,0.68130186,1.223993e-02
-0.103818,0.242424,0.242361,0.68329695,0.67558211,1.129062e-02
-0.099606,0.242424,0.242361,0.67693955,0.66991268,1.038035e-02
-0.095394,0.242424,0.242361,0.67067042,0.66429297,9.509059e-03
-0.091182,0.242424,0.242361,0.66448793,0.65872238,8.676682e-03
-0.086970,0.242424,0.242361,0.65839049,0.65320030,7.883151e-03
-0.082758,0.242424,0.242361,0.65237656,0.64772616,7.128394e-03
-0.078545,0.242424,0.242361,0.64644461,0.64229939,6.412331e-03
-0.074333,0.242424,0.242361,0.64059315,0.63691943,5.734877e-03
-0.070121,0.242424,0.242361,0.63482075,0.63158574,5.095947e-03
-0.065909,0.242424,0.242361,0.62912599,0.62629778,4.495445e-03
-0.061697,0.242424,0.242361,0.62350747,0.62105505,3.933265e-03
-0.057485,0.242424,0.242361,0.61796384,0.61585701,3.409302e-03
-0.053273,0.242424,0.242361,0.61249378,0.61070320,2.923432e-03
-0.049061,0.242424,0.242361,0.60709600,0.60559311,2.475534e-03
-0.044848,0.242424,0.242361,0.60176921,0.60052628,2.065467e-03
-0.040636,0.242424,0.242361,0.59651220,0.59550225,1.693090e-03
-0.036424,0.242424,0.242361,0.59132374,0.59052058,1.358244e-03
-0.032212,0.242424,0.242361,0.58620264,0.58558082,1.060761e-03
-0.028000,0.242424,0.242361,0.58114775,0.58068256,8.004674e-04
-0.023788,0.242424,0.242361,0.57615793,0.57582539,5.771669e-04
-0.019576,0.242424,0.242361,0.57123207,0.57100891,3.906596e-04
-0.015364,0.242424,0.242361,0.56636908,0.56623274,2.407283e-04
-0.011152,0.242424,0.242361,0.56156789,0.56149649,1.271388e-04
-0.006939,0.242424,0.242361,0.55682746,0.55679982,4.964536e-05
-0.002727,0.242424,0.242361,0.55214678,0.55214236,7.989233e-06
0.001485,0.242424,0.242361,0.54752483,0.54752380,1.888735e-06
0.005697,0.242424,0.242361,0.54296065,0.54294379,3.105252e-05
0.009909,0.242424,0.242361,0.53845328,0.53840204,9.516298e-05
0.014121,0.242424,0.242361,0.53400177,0.53389823,1.938946e-04
0.018333,0.242424,0.242361,0.52960521,0.52943208,3.268954e-04
0.022545,0.242424,0.242361,0.52526269,0.52500332,4.937905e-04
0.026758,0.242424,0.242361,0.52097334,0.52061169,6.941940e-04
0.030970,0.242424,0.242361,0.51673630,0.51625692,9.276922e-04
0.035182,0.242424,0.242361,0.51255070,0.51193879,1.193849e-03
0.039394,0.242424,0.242361,0.50841573,0.50765707,1.492208e-03
0.043606,0.242424,0.242361,0.50433058,0.50341154,1.822288e-03
0.047818,0.242424,0.242361,0.50029443,0.49920200,2.183580e-03
0.052030,0.242424,0.242361,0.49630653,0.49502826,2.575553e-03
0.056242,0.242424,0.242361,0.49236609,0.49089015,2.997648e-03
0.060455,0.242424,0.242361,0.48847237,0.48678749,3.449280e-03
0.064667,0.242424,0.242361,0.48462463,0.48272014,3.929832e-03
0.068879,0.242424,0.242361,0.48082216,0.47868795,4.438663e-03
0.073091,0.242424,0.242361,0.47706424,0.47469080,4.975099e-03
0.077303,0.242424,0.242361,0.47335019,0.47072857,5.538435e-03
0.081515,0.242424,0.242361,0.46967932,0.46680115,6.127933e-03
0.085727,0.242424,0.242361,0.46605096,0.46290846,6.742832e-03
0.089939,0.242424,0.242361,0.46246447,0.45905041,7.382318e-03
0.094152,0.242424,0.242361,0.45891919,0.45522693,8.045564e-03
0.098364,0.242424,0.242361,0.45541451,0.45143797,8.731692e-03
0.102576,0.242424,0.242361,0.45194980,0.44768349,9.439787e-03
0.106788,0.242424,0.242361,0.44852447,0.44396346,1.016892e-02
0.111000,0.242424,0.242361,0.44513790,0.44027785,1.091808e-02
0.115212,0.242424,0.242361,0.44178953,0.43662667,1.168625e-02
0.119424,0.242424,0.242361,0.43847878,0.43300991,1.247238e-02
0.123636,0.242424,0.242361,0.43520509,0.42942760,1.327533e-02
0.127848,0.242424,0.242361,0.43196791,0.42587976,1.409399e-02
0.132061,0.242424,0.242361,0.42876669,0.42236644,1.492712e-02
0.136273,0.242424,0.242361,0.42560092,0.41888769,1.577352e-02
0.140485,0.242424,0.242361,0.42247005,0.41544358,1.663188e-02
0.144697,0.242424,0.242361,0.41937360,0.41203419,1.750087e-02
0.148909,0.242424,0.242361,0.41631104,0.40865961,1.837911e-02
0.153121,0.242424,0.242361,0.41328189,0.40531994,1.926518e-02
0.157333,0.242424,0.242361,0.41028567,0.40201531,2.015758e-02
0.161545,0.242424,0.242361,0.40732190,0.39874582,2.105479e-02
0.165758,0.242424,0.242361,0.40439011,0.39551164,2.195522e-02
0.169970,0.242424,0.242361,0.40148985,0.39231290,2.285723e-02
0.174182,0.242424,0.242361,0.39862066,0.38914978,2.375913e-02
0.178394,0.242424,0.242361,0.39578211,0.38602246,2.465916e-02
0.182606,0.242424,0.242361,0.39297375,0.38293111,2.555551e-02
0.186818,0.242424,0.242361,0.39019516,0.37987594,2.644631e-02
0.191030,0.242424,0.242361,0.38744593,0.37685717,2.732965e-02
0.195242,0.242424,0.242361,0.38472564,0.37387502,2.820352e-02
0.199455,0.242424,0.242361,0.38203388,0.37092973,2.906587e-02
0.203667,0.242424,0.242361,0.37937026,0.36802155,2.991461e-02
0.207879,0.242424,0.242361,0.37673439,0.36515074,3.074752e-02
0.212091,0.242424,0.242361,0.37412588,0.36231758,3.156237e-02
0.216303,0.242424,0.242361,0.37154436,0.35952235,3.235685e-02
0.220515,0.242424,0.242361,0.36898945,0.35676535,3.312857e-02
0.224727,0.242424,0.242361,0.36646079,0.35404690,3.387508e-02
0.228939,0.242424,0.242361,0.36395803,0.35136732,3.459385e-02
0.233152,0.242424,0.242361,0.36148080,0.34872694,3.528227e-02
0.237364,0.242424,0.242361,0.35902877,0.34612611,3.593768e-02
0.241576,0.242424,0.242361,0.35660160,0.34356520,3.655732e-02
0.245788,0.242424,0.242361,0.35419894,0.34104457,3.713838e-02
0.250000,0.242424,0.242361,0.35182047,0.33856460,3.767794e-02
-0.167000,0.303030,0.302952,0.79066753,0.76720528,2.967398e-02
-0.162788,0.303030,0.302952,0.78276021,0.76070800,2.817237e-02
-0.158576,0.303030,0.302952,0.77497086,0.75427098,2.671052e-02
-0.154364,0.303030,0.302952,0.76729715,0.74789346,2.528837e-02
-0.150152,0.303030,0.302952,0.75973680,0.74157464,2.390586e-02
-0.145939,0.303030,0.302952,0.75228758,0.73531376,2.256295e-02
-0.141727,0.303030,0.302952,0.74494734,0.72911008,2.125958e-02
-0.137515,0.303030,0.302952,0.73771395,0.72296284,1.999571e-02
-0.133303,0.303030,0.302952,0.73058536,0.71687133,1.877128e-02
-0.129091,0.303030,0.302952,0.72355954,0.71083484,1.758626e-02
-0.124879,0.303030,0.302952,0.71663454,0.70485264,1.644060e-02
-0.120667,0.303030,0.302952,0.70980843,0.69892406,1.533423e-02
-0.116455,0.303030,0.302952,0.70307934,0.69304842,1.426712e-02
-0.112242,0.303030,0.302952,0.69644544,0.68722505,1.323922e-02
-0.108030,0.303030,0.302952,0.68990494,0.68145329,1.225046e-02
-0.103818,0.303030,0.302952,0.68345610,0.67573250,1.130080e-02
-0.099606,0.303030,0.302952,0.67709722,0.67006206,1.039017e-02
-0.095394,0.303030,0.302952,0.67082662,0.66444135,9.518522e-03
-0.091182,0.303030,0.302952,0.66464269,0.65886975,8.685780e-03
-0.086970,0.303030,0.302952,0.65854383,0.65334668,7.891881e-03
-0.082758,0.303030,0.302952,0.65252849,0.64787156,7.136751e-03
-0.078545,0.303030,0.302952,0.64659515,0.64244381,6.420312e-03
-0.074333,0.303030,0.302952,0.64074234,0.63706289,5.742479e-03
-0.070121,0.303030,0.302952,0.63496859,0.63172824,5.103164e-03
-0.065909,0.303030,0.302952,0.62927249,0.62643934,4.502271e-03
-0.061697,0.303030,0.302952,0.62365266,0.62119566,3.939699e-03
-0.057485,0.303030,0.302952,0.61810774,0.61599670,3.415336e-03
-0.053273,0.303030,0.302952,0.61263641,0.61084196,2.929064e-03
-0.049061,0.303030,0.302952,0.60723736,0.60573095,2.480754e-03
-0.044848,0.303030,0.302952,0.60190934,0.60066322,2.070272e-03
-0.040636,0.303030,0.302952,0.59665110,0.59563830,1.697474e-03
-0.036424,0.303030,0.302952,0.59146142,0.59065573,1.362202e-03
-0.032212,0.303030,0.302952,0.58633913,0.58571510,1.064288e-03
-0.028000,0.303030,0.302952,0.58128306,0.58081597,8.035532e-04
-0.023788,0.303030,0.302952,0.57629208,0.57595794,5.798098e-04
-0.019576,0.303030,0.302952,0.57136507,0.57114061,3.928490e-04
-0.015364,0.303030,0.302952,0.56650094,0.56636359,2.424593e-04
-0.011152,0.303030,0.302952,0.56169863,0.56162651,1.284040e-04
-0.006939,0.303030,0.302952,0.55695710,0.55692901,5.043800e-05
-0.002727,0.303030,0.302952,0.55227532,0.55227074,8.302996e-06
0.001485,0.303030,0.302952,0.54765230,0.54765136,1.716332e-06
0.005697,0.303030,0.302952,0.54308705,0.54307055,3.038536e-05
0.009909,0.303030,0.302952,0.53857863,0.53852800,9.399606e-05
0.014121,0.303030,0.302952,0.53412608,0.53402341,1.922170e-04
0.018333,0.303030,0.302952,0.52972849,0.52955649,3.246957e-04
0.022545,0.303030,0.302952,0.52538497,0.52512697,4.910665e-04
0.026758,0.303030,0.302952,0.52109462,0.52073457,6.909373e-04
0.030970,0.303030,0.302952,0.51685658,0.51637906,9.238911e-04
0.035182,0.303030,0.302952,0.51267001,0.51206019,1.189498e-03
0.039394,0.303030,0.302952,0.50853408,0.50777774,1.487294e-03
0.043606,0.303030,0.302952,0.50444797,0.50353149,1.816807e-03
0.047818,0.303030,0.302952,0.50041089,0.49932123,2.177517e-03
0.052030,0.303030,0.302952,0.49642205,0.49514679,2.568900e-03
0.056242,0.303030,0.302952,0.49248069,0.49100798,2.990399e-03
0.060455,0.303030,0.302952,0.48858607,0.48690463,3.441423e-03
0.064667,0.303030,0.302952,0.48473743,0.48283660,3.921355e-03
0.068879,0.303030,0.302952,0.48093407,0.47880375,4.429559e-03
0.073091,0.303030,0.302952,0.47717528,0.47480593,4.965357e-03
0.077303,0.303030,0.302952,0.47346036,0.47084305,5.528044e-03
0.081515,0.303030,0.302952,0.46978863,0.46691498,6.116886e-03
0.085727,0.303030,0.302952,0.46615943,0.46302165,6.731115e-03
0.089939,0.303030,0.302952,0.46257209,0.45916297,7.369924e-03
0.094152,0.303030,0.302952,0.45902599,0.45533888,8.032478e-03
0.098364,0.303030,0.302952,0.45552050,0.45154931,8.717902e-03
0.102576,0.303030,0.302952,0.45205498,0.44779423,9.425290e-03
0.106788,0.303030,0.302952,0.44862885,0.44407361,1.015369e-02
0.111000,0.303030,0.302952,0.44524149,0.44038742,1.090212e-02
0.115212,0.303030,0.302952,0.44189234,0.43673566,1.166955e-02
0.119424,0.303030,0.302952,0.43858082,0.43311833,1.245492e-02
0.123636,0.303030,0.302952,0.43530637,0.42953546,1.325711e-02
0.127848,0.303030,0.302952,0.43206843,0.42598708,1.407498e-02
0.132061,0.303030,0.302952,0.42886647,0.42247321,1.490733e-02
0.136273,0.303030,0.302952,0.42569995,0.41899394,1.575292e-02
0.140485,0.303030,0.302952,0.42256836,0.41554930,1.661046e-02
0.144697,0.303030,0.302952,0.41947118,0.41213940,1.747863e-02
0.148909,0.303030,0.302952,0.41640791,0.40876431,1.835603e-02
0.153121,0.303030,0.302952,0.41337806,0.40542415,1.924125e-02
0.157333,0.303030,0.302952,0.41038114,0.40211902,2.013279e-02
0.161545,0.303030,0.302952,0.40741668,0.39884906,2.102913e-02
0.165758,0.303030,0.302952,0.40448420,0.39561440,2.192867e-02
0.169970,0.303030,0.302952,0.40158327,0.39241521,2.282978e-02
0.174182,0.303030,0.302952,0.39871341,0.38925163,2.373077e-02
0.178394,0.303030,0.302952,0.39587419,0.38612386,2.462988e-02
0.182606,0.303030,0.302952,0.39306518,0.38303207,2.552531e-02
0.186818,0.303030,0.302952,0.39028595,0.37997648,2.641517e-02
0.191030,0.303030,0.302952,0.38753607,0.37695729,2.729754e-02
0.195242,0.303030,0.302952,0.38481514,0.37397473,2.817045e-02
0.199455,0.303030,0.302952,0.38212276,0.37102904,2.903183e-02
0.203667,0.303030,0.302952,0.37945852,0.36812046,2.987956e-02
0.207879,0.303030,0.302952,0.37682203,0.36524927,3.071148e-02
0.212091,0.303030,0.302952,0.37421292,0.36241573,3.152532e-02
0.216303,0.303030,0.302952,0.37163079,0.35962014,3.231877e-02
0.220515,0.303030,0.302952,0.36907529,0.35686279,3.308946e-02
0.224727,0.303030,0.302952,0.36654604,0.35414399,3.383492e-02
0.228939,0.303030,0.302952,0.36404270,0.35146406,3.455264e-02
0.233152,0.303030,0.302952,0.36156489,0.34882335,3.523999e-02
0.237364,0.303030,0.302952,0.35911229,0.34622220,3.589433e-02
0.241576,0.303030,0.302952,0.35668455,0.34366097,3.651289e-02
0.245788,0.303030,0.302952,0.35428134,0.34114003,3.709285e-02
0.250000,0.303030,0.302952,0.35190231,0.33865977,3.763130e-02
-0.167000,0.363636,0.363542,0.79089258,0.76740899,2.969252e-02
-0.162788,0.363636,0.363542,0.78298300,0.76091030,2.819053e-02
-0.158576,0.363636,0.363542,0.77519143,0.75447189,2.672829e-02
-0.154364,0.363636,0.363542,0.76751553,0.74809298,2.530574e-02
-0.150152,0.363636,0.363542,0.75995302,0.74177279,2.392283e-02
-0.145939,0.363636,0.363542,0.75250168,0.73551056,2.257952e-02
-0.141727,0.363636,0.363542,0.74515934,0.72930552,2.127575e-02
-0.137515,0.363636,0.363542,0.73792389,0.72315695,2.001147e-02
-0.133303,0.363636,0.363542,0.73079327,0.71706411,1.878664e-02
-0.129091,0.363636,0.363542,0.72376545,0.71102630,1.760121e-02
-0.124879,0.363636,0.363542,0.71683847,0.70504279,1.645513e-02
-0.120667,0.363636,0.363542,0.71001041,0.69911292,1.534836e-02
-0.116455,0.363636,0.363542,0.70327940,0.69323599,1.428083e-02
-0.112242,0.363636,0.363542,0.69664361,0.68741134,1.325250e-02
-0.108030,0.363636,0.363542,0.69010125,0.68163832,1.226331e-02
-0.103818,0.363636,0.363542,0.68365057,0.67591628,1.131322e-02
-0.099606,0.363636,0.363542,0.67728987,0.67024459,1.040216e-02
-0.095394,0.363636,0.363542,0.67101749,0.66462264,9.530067e-03
-0.091182,0.363636,0.363542,0.66483179,0.65904982,8.696884e-03
-0.086970,0.363636,0.363542,0.65873119,0.65352554,7.902535e-03
-0.082758,0.363636,0.363542,0.65271414,0.64804922,7.146952e-03
-0.078545,0.363636,0.363542,0.64677911,0.64262028,6.430052e-03
-0.074333,0.363636,0.363542,0.64092462,0.63723818,5.751757e-03
-0.070121,0.363636,0.363542,0.63514923,0.63190236,5.111973e-03
-0.065909,0.363636,0.363542,0.62945151,0.62661230,4.510605e-03
-0.061697,0.363636,0.363542,0.62383007,0.62136747,3.947551e-03
-0.057485,0.363636,0.363542,0.61828357,0.61616737,3.422700e-03
-0.053273,0.363636,0.363542,0.61281068,0.61101151,2.935934e-03
-0.049061,0.363636,0.363542,0.60741009,0.60589939,2.487125e-03
-0.044848,0.363636,0.363542,0.60208055,0.60083055,2.076138e-03
-0.040636,0.363636,0.363542,0.59682081,0.59580453,1.702825e-03
-0.036424,0.363636,0.363542,0.59162966,0.59082088,1.367032e-03
-0.032212,0.363636,0.363542,0.58650591,0.58587917,1.068591e-03
-0.028000,0.363636,0.363542,0.58144840,0.58097898,8.073205e-04
-0.023788,0.363636,0.363542,0.57645599,0.57611990,5.830315e-04
-0.019576,0.363636,0.363542,0.57152757,0.57130152,3.955220e-04
-0.015364,0.363636,0.363542,0.56666206,0.56652347,2.445714e-04
-0.011152,0.363636,0.363542,0.56185838,0.56178537,1.299496e-04
-0.006939,0.363636,0.363542,0.55711550,0.55708686,5.140867e-05
-0.002727,0.363636,0.363542,0.55243239,0.55242759,8.686263e-06
0.001485,0.363636,0.363542,0.54780805,0.54780722,1.505719e-06
0.005697,0.363636,0.363542,0.54324150,0.54322544,2.957070e-05
0.009909,0.363636,0.363542,0.53873179,0.53868192,9.256901e-05
0.014121,0.363636,0.363542,0.53427798,0.53417637,1.901659e-04
0.018333,0.363636,0.363542,0.52987914,0.52970851,3.220139e-04
0.022545,0.363636,0.363542,0.52553437,0.52527805,4.877424e-04
0.026758,0.363636,0.363542,0.52124280,0.52088473,6.869615e-04
0.030970,0.363636,0.363542,0.51700356,0.51652830,9.192500e-04
0.035182,0.363636,0.363542,0.51281579,0.51220853,1.184183e-03
0.039394,0.363636,0.363542,0.50867868,0.50792518,1.481294e-03
0.043606,0.363636,0.363542,0.50459141,0.50367804,1.810109e-03
0.047818,0.363636,0.363542,0.50055317,0.49946692,2.170114e-03
0.052030,0.363636,0.363542,0.49656320,0.49529161,2.560781e-03
0.056242,0.363636,0.363542,0.49262072,0.49115195,2.981545e-03
0.060455,0.363636,0.363542,0.48872498,0.48704776,3.431827e-03
0.064667,0.363636,0.363542,0.48487525,0.48297890,3.911006e-03
0.068879,0.363636,0.363542,0.48107081,0.47894523,4.418447e-03
0.073091,0.363636,0.363542,0.47731095,0.47494660,4.953466e-03
0.077303,0.363636,0.363542,0.47359497,0.47098292,5.515361e-03
0.081515,0.363636,0.363542,0.46992219,0.46705407,6.103398e-03
0.085727,0.363636,0.363542,0.46629196,0.46315996,6.716810e-03
0.089939,0.363636,0.363542,0.46270361,0.45930052,7.354793e-03
0.094152,0.363636,0.363542,0.45915649,0.45547567,8.016504e-03
0.098364,0.363636,0.363542,0.45565000,0.45168535,8.701072e-03
0.102576,0.363636,0.363542,0.45218350,0.44792954,9.407588e-03
0.106788,0.363636,0.363542,0.44875638,0.44420819,1.013511e-02
0.111000,0.363636,0.363542,0.44536807,0.44052129,1.088264e-02
0.115212,0.363636,0.363542,0.44201796,0.43686882,1.164916e-02
0.119424,0.363636,0.363542,0.43870550,0.43325081,1.243360e-02
0.123636,0.363636,0.363542,0.43543011,0.42966726,1.323486e-02
0.127848,0.363636,0.363542,0.43219125,0.42611820,1.405177e-02
0.132061,0.363636,0.363542,0.42898838,0.42260368,1.488316e-02
0.136273,0.363636,0.363542,0.42582096,0.41912375,1.572777e-02
0.140485,0.363636,0.363542,0.42268848,0.41567848,1.658432e-02
0.144697,0.363636,0.363542,0.41959041,0.41226794,1.745147e-02
0.148909,0.363636,0.363542,0.41652627,0.40889224,1.832786e-02
0.153121,0.363636,0.363542,0.41349556,0.40555147,1.921203e-02
0.157333,0.363636,0.363542,0.41049778,0.40224574,2.010252e-02
0.161545,0.363636,0.363542,0.40753248,0.39897520,2.099780e-02
0.165758,0.363636,0.363542,0.40459917,0.39573996,2.189626e-02
0.169970,0.363636,0.363542,0.40169741,0.39254020,2.279627e-02
0.174182,0.363636,0.363542,0.39882673,0.38937608,2.369615e-02
0.178394,0.363636,0.363542,0.39598671,0.38624776,2.459413e-02
0.182606,0.363636,0.363542,0.39317690,0.38315544,2.548842e-02
0.186818,0.363636,0.363542,0.39039687,0.38009932,2.637713e-02
0.191030,0.363636,0.363542,0.38764622,0.37707962,2.725834e-02
0.195242,0.363636,0.363542,0.38492451,0.37409656,2.813006e-02
0.199455,0.363636,0.363542,0.38223136,0.37115038,2.899025e-02
0.203667,0.363636,0.363542,0.37956636,0.36824133,2.983678e-02
0.207879,0.363636,0.363542,0.37692913,0.36536966,3.066747e-02
0.212091,0.363636,0.363542,0.37431927,0.36253567,3.148008e-02
0.216303,0.363636,0.363542,0.37173641,0.35973962,3.227228e-02
0.220515,0.363636,0.363542,0.36918018,0.35698183,3.304171e-02
0.224727,0.363636,0.363542,0.36665021,0.35426261,3.378589e-02
0.228939,0.363636,0.363542,0.36414615,0.35158227,3.450231e-02
0.233152,0.363636,0.363542,0.36166764,0.34894115,3.518837e-02
0.237364,0.363636,0.363542,0.35921435,0.34633960,3.584139e-02
0.241576,0.363636,0.363542,0.35678591,0.34377799,3.645863e-02
0.245788,0.363636,0.363542,0.35438201,0.34125668,3.703725e-02
0.250000,0.363636,0.363542,0.35200231,0.33877605,3.757435e-02
-0.167000,0.424242,0.424132,0.79115845,0.76764966,2.971439e-02
-0.162788,0.424242,0.424132,0.78324621,0.76114932,2.821194e-02
-0.158576,0.424242,0.424132,0.77545201,0.75470927,2.674924e-02
-0.154364,0.424242,0.424132,0.76777353,0.74832872,2.532622e-02
-0.150152,0.424242,0.424132,0.76020847,0.74200691,2.394285e-02
-0.145939,0.424242,0.424132,0.75275462,0.73574307,2.259907e-02
-0.141727,0.424242,0.424132,0.74540981,0.72953644,2.129482e-02
-0.137515,0.424242,0.424132,0.73817192,0.72338628,2.003007e-02
-0.133303,0.424242,0.424132,0.73103889,0.71729188,1.880476e-02
-0.129091,0.424242,0.424132,0.72400870,0.71125250,1.761885e-02
-0.124879,0.424242,0.424132,0.71707939,0.70526746,1.647228e-02
-0.120667,0.424242,0.424132,0.71024903,0.69933605,1.536501e-02
-0.116455,0.424242,0.424132,0.70351576,0.69345760,1.429699e-02
-0.112242,0.424242,0.424132,0.69687773,0.68763144,1.326816e-02
-0.108030,0.424242,0.424132,0.69033316,0.68185693,1.227847e-02
-0.103818,0.424242,0.424132,0.68388031,0.67613340,1.132787e-02
-0.099606,0.424242,0.424132,0.67751747,0.67046025,1.041630e-02
-0.095394,0.424242,0.424132,0.67124297,0.66483684,9.543688e-03
-0.091182,0.424242,0.424132,0.66505520,0.65926258,8.709979e-03
-0.086970,0.424242,0.424132,0.65895254,0.65373687,7.915102e-03
-0.082758,0.424242,0.424132,0.65293346,0.64825912,7.158982e-03
-0.078545,0.424242,0.424132,0.64699643,0.64282878,6.441543e-03
-0.074333,0.424242,0.424132,0.64113998,0.63744528,5.762699e-03
-0.070121,0.424242,0.424132,0.63536264,0.63210808,5.122361e-03
-0.065909,0.424242,0.424132,0.62966300,0.62681665,4.520434e-03
-0.061697,0.424242,0.424132,0.62403967,0.62157046,3.956812e-03
-0.057485,0.424242,0.424132,0.61849130,0.61636902,3.431388e-03
-0.053273,0.424242,0.424132,0.61301657,0.61121182,2.944038e-03
-0.049061,0.424242,0.424132,0.60761416,0.60609838,2.494640e-03
-0.044848,0.424242,0.424132,0.60228283,0.60102824,2.083055e-03
-0.040636,0.424242,0.424132,0.59702131,0.59600092,1.709137e-03
-0.036424,0.424242,0.424132,0.59182842,0.59101599,1.372731e-03
-0.032212,0.424242,0.424132,0.58670294,0.58607302,1.073665e-03
-0.028000,0.424242,0.424132,0.58164373,0.58117157,8.117646e-04
-0.023788,0.424242,0.424132,0.57664964,0.57631124,5.868358e-04
-0.019576,0.424242,0.424132,0.57171956,0.57149163,3.986758e-04
-0.015364,0.424242,0.424132,0.56685241,0.56671236,2.470643e-04
-0.011152,0.424242,0.424132,0.56204712,0.56197305,1.317728e-04
-0.006939,0.424242,0.424132,0.55730264,0.55727335,5.255176e-05
-0.002727,0.424242,0.424132,0.55261795,0.55261290,9.138395e-06
0.001485,0.424242,0.424132,0.54799205,0.54799136,1.257322e-06
0.005697,0.424242,0.424132,0.54342397,0.54340842,2.861086e-05
0.009909,0.424242,0.424132,0.53891274,0.53886376,9.088594e-05
0.014121,0.424242,0.424132,0.53445743,0.53435708,1.877503e-04
0.018333,0.424242,0.424132,0.53005711,0.52988810,3.188519e-04
0.022545,0.424242,0.424132,0.52571088,0.52545653,4.838191e-04
0.026758,0.424242,0.424132,0.52141786,0.52106212,6.822686e-04
0.030970,0.424242,0.424132,0.51717719,0.51670461,9.137759e-04
0.035182,0.424242,0.424132,0.51298802,0.51238377,1.177913e-03
0.039394,0.424242,0.424132,0.50884952,0.50809936,1.474220e-03
0.043606,0.424242,0.424132,0.50476087,0.50385118,1.802210e-03
0.047818,0.424242,0.424132,0.50072128,0.49963903,2.161382e-03
0.052030,0.424242,0.424132,0.49672996,0.49546270,2.551199e-03
0.056242,0.424242,0.424132,0.49278615,0.49132203,2.971105e-03
0.060455,0.424242,0.424132,0.48888911,0.48721686,3.420510e-03
0.064667,0.424242,0.424132,0.48503808,0.48314701,3.898802e-03
0.068879,0.424242,0.424132,0.48123236,0.47911237,4.405333e-03
0.073091,0.424242,0.424132,0.47747123,0.47511279,4.939433e-03
0.077303,0.424242,0.424132,0.47375400,0.47114816,5.500397e-03
0.081515,0.424242,0.424132,0.47007999,0.46721838,6.087488e-03
0.085727,0.424242,0.424132,0.46644853,0.46332336,6.699934e-03
0.089939,0.424242,0.424132,0.46285897,0.45946301,7.336937e-03
0.094152,0.424242,0.424132,0.45931067,0.45563726,7.997653e-03
0.098364,0.424242,0.424132,0.45580299,0.45184607,8.681212e-03
0.102576,0.424242,0.424132,0.45233532,0.44808939,9.386701e-03
0.106788,0.424242,0.424132,0.44890706,0.44436718,1.011318e-02
0.111000,0.424242,0.424132,0.44551760,0.44067944,1.085965e-02
0.115212,0.424242,0.424132,0.44216637,0.43702614,1.162510e-02
0.119424,0.424242,0.424132,0.43885279,0.43340731,1.240845e-02
0.123636,0.424242,0.424132,0.43557630,0.42982295,1.320860e-02
0.127848,0.424242,0.424132,0.43233636,0.42627310,1.402439e-02
0.132061,0.424242,0.424132,0.42913240,0.42275780,1.485463e-02
0.136273,0.424242,0.424132,0.42596392,0.41927710,1.569809e-02
0.140485,0.424242,0.424132,0.42283039,0.41583108,1.655347e-02
0.144697,0.424242,0.424132,0.41973128,0.41241980,1.741943e-02
0.148909,0.424242,0.424132,0.41666611,0.40904337,1.829460e-02
0.153121,0.424242,0.424132,0.41363437,0.40570188,1.917755e-02
0.157333,0.424242,0.424132,0.41063559,0.40239545,2.006681e-02
0.161545,0.424242,0.424132,0.40766929,0.39912421,2.096082e-02
0.165758,0.424242,0.424132,0.40473500,0.39588830,2.185801e-02
0.169970,0.424242,0.424132,0.40183226,0.39268787,2.275673e-02
0.174182,0.424242,0.424132,0.39896062,0.38952309,2.365530e-02
0.178394,0.424242,0.424132,0.39611964,0.38639413,2.455195e-02
0.182606,0.424242,0.424132,0.39330888,0.38330118,2.544489e-02
0.186818,0.424242,0.424132,0.39052792,0.38024445,2.633224e-02
0.191030,0.424242,0.424132,0.38777634,0.37722414,2.721208e-02
0.195242,0.424242,0.424132,0.38505372,0.37424049,2.808241e-02
0.199455,0.424242,0.424132,0.38235967,0.37129372,2.894118e-02
0.203667,0.424242,0.424132,0.37969377,0.36838410,2.978629e-02
0.207879,0.424242,0.424132,0.37705565,0.36551189,3.061553e-02
0.212091,0.424242,0.424132,0.37444491,0.36267735,3.142668e-02
0.216303,0.424242,0.424132,0.37186118,0.35988078,3.221741e-02
0.220515,0.424242,0.424132,0.36930409,0.35712247,3.298535e-02
0.224727,0.424242,0.424132,0.36677328,0.35440274,3.372803e-02
0.228939,0.424242,0.424132,0.36426837,0.35172191,3.444292e-02
0.233152,0.424242,0.424132,0.36178904,0.34908031,3.512745e-02
0.237364,0.424242,0.424132,0.35933491,0.34647830,3.577892e-02
0.241576,0.424242,0.424132,0.35690566,0.34391623,3.639459e-02
0.245788,0.424242,0.424132,0.35450095,0.34139448,3.697163e-02
0.250000,0.424242,0.424132,0.35212046,0.33891342,3.750714e-02
-0.167000,0.484848,0.484723,0.79146511,0.76792728,2.973956e-02
-0.162788,0.484848,0.484723,0.78354979,0.76142502,2.823659e-02
-0.158576,0.484848,0.484723,0.77575257,0.75498307,2.677335e-02
-0.154364,0.484848,0.484723,0.76807110,0.74860065,2.534980e-02
-0.150152,0.484848,0.484723,0.76050310,0.74227697,2.396589e-02
-0.145939,0.484848,0.484723,0.75304636,0.73601127,2.262157e-02
-0.141727,0.484848,0.484723,0.74569869,0.72980280,2.131678e-02
-0.137515,0.484848,0.484723,0.73845799,0.72365082,2.005148e-02
-0.133303,0.484848,0.484723,0.73132219,0.71755460,1.882562e-02
-0.129091,0.484848,0.484723,0.72428927,0.71151343,1.763915e-02
-0.124879,0.484848,0.484723,0.71735727,0.70552660,1.649202e-02
-0.120667,0.484848,0.484723,0.71052426,0.69959342,1.538419e-02
-0.116455,0.484848,0.484723,0.70378837,0.69371322,1.431559e-02
-0.112242,0.484848,0.484723,0.69714776,0.68788532,1.328619e-02
-0.108030,0.484848,0.484723,0.69060065,0.68210908,1.229592e-02
-0.103818,0.484848,0.484723,0.68414530,0.67638385,1.134474e-02
-0.099606,0.484848,0.484723,0.67777998,0.67070900,1.043257e-02
-0.095394,0.484848,0.484723,0.67150305,0.66508391,9.559366e-03
-0.091182,0.484848,0.484723,0.66531287,0.65950798,8.725055e-03
-0.086970,0.484848,0.484723,0.65920785,0.65398061,7.929569e-03
-0.082758,0.484848,0.484723,0.65318643,0.64850123,7.172834e-03
-0.078545,0.484848,0.484723,0.64724710,0.64306926,6.454771e-03
-0.074333,0.484848,0.484723,0.64138836,0.63768416,5.775296e-03
-0.070121,0.484848,0.484723,0.63560878,0.63234536,5.134322e-03
-0.065909,0.484848,0.484723,0.62990693,0.62705235,4.531748e-03
-0.061697,0.484848,0.484723,0.62428142,0.62180460,3.967475e-03
-0.057485,0.484848,0.484723,0.61873090,0.61660161,3.441387e-03
-0.053273,0.484848,0.484723,0.61325403,0.61144287,2.953369e-03
-0.049061,0.484848,0.484723,0.60784953,0.60632791,2.503292e-03
-0.044848,0.484848,0.484723,0.60251613,0.60125626,2.091020e-03
-0.040636,0.484848,0.484723,0.59725257,0.59622745,1.716404e-03
-0.036424,0.484848,0.484723,0.59205766,0.59124104,1.379289e-03
-0.032212,0.484848,0.484723,0.58693019,0.58629660,1.079509e-03
-0.028000,0.484848,0.484723,0.58186902,0.58139370,8.168806e-04
-0.023788,0.484848,0.484723,0.57687299,0.57653194,5.912127e-04
-0.019576,0.484848,0.484723,0.57194100,0.57171091,4.023053e-04
-0.015364,0.484848,0.484723,0.56707196,0.56693023,2.499342e-04
-0.011152,0.484848,0.484723,0.56226480,0.56218953,1.338705e-04
-0.006939,0.484848,0.484723,0.55751848,0.55748845,5.386814e-05
-0.002727,0.484848,0.484723,0.55283197,0.55282663,9.660917e-06
0.001485,0.484848,0.484723,0.54820428,0.54820375,9.727193e-07
0.005697,0.484848,0.484723,0.54363443,0.54361947,2.750551e-05
0.009909,0.484848,0.484723,0.53912145,0.53907349,8.894788e-05
0.014121,0.484848,0.484723,0.53466440,0.53456551,1.849649e-04
0.018333,0.484848,0.484723,0.53026238,0.53009523,3.152087e-04
0.022545,0.484848,0.484723,0.52591446,0.52566239,4.793079e-04
0.026758,0.484848,0.484723,0.52161978,0.52126672,6.768639e-04
0.030970,0.484848,0.484723,0.51737747,0.51690796,9.074747e-04
0.035182,0.484848,0.484723,0.51318667,0.51258588,1.170695e-03
0.039394,0.484848,0.484723,0.50904656,0.50830026,1.466069e-03
0.043606,0.484848,0.484723,0.50495632,0.50405088,1.793117e-03
0.047818,0.484848,0.484723,0.50091516,0.49983753,2.151327e-03
0.052030,0.484848,0.484723,0.49692230,0.49566003,2.540166e-03
0.056242,0.484848,0.484723,0.49297696,0.49151820,2.959082e-03
0.060455,0.484848,0.484723,0.48907840,0.48741188,3.407479e-03
0.064667,0.484848,0.484723,0.48522588,0.48334091,3.884742e-03
0.068879,0.484848,0.484723,0.48141869,0.47930514,4.390235e-03
0.073091,0.484848,0.484723,0.47765610,0.47530446,4.923278e-03
0.077303,0.484848,0.484723,0.47393743,0.47133875,5.483167e-03
0.081515,0.484848,0.484723,0.47026199,0.46740789,6.069164e-03
0.085727,0.484848,0.484723,0.46662912,0.46351181,6.680502e-03
0.089939,0.484848,0.484723,0.46303817,0.45965041,7.316374e-03
0.094152,0.484848,0.484723,0.45948849,0.45582364,7.975945e-03
0.098364,0.484848,0.484723,0.45597946,0.45203143,8.658343e-03
0.102576,0.484848,0.484723,0.45251044,0.44827375,9.362651e-03
0.106788,0.484848,0.484723,0.44908085,0.44455055,1.008793e-02
0.111000,0.484848,0.484723,0.44569008,0.44086184,1.083318e-02
0.115212,0.484848,0.484723,0.44233755,0.43720758,1.159739e-02
0.119424,0.484848,0.484723,0.43902268,0.43358781,1.237949e-02
0.123636,0.484848,0.484723,0.43574492,0.43000252,1.317836e-02
0.127848,0.484848,0.484723,0.43250372,0.42645176,1.399286e-02
0.132061,0.484848,0.484723,0.42929853,0.42293555,1.482179e-02
0.136273,0.484848,0.484723,0.42612881,0.41945397,1.566391e-02
0.140485,0.484848,0.484723,0.42299406,0.41600707,1.651793e-02
0.144697,0.484848,0.484723,0.41989375,0.41259494,1.738252e-02
0.148909,0.484848,0.484723,0.41682740,0.40921766,1.825631e-02
0.153121,0.484848,0.484723,0.41379448,0.40587535,1.913785e-02
0.157333,0.484848,0.484723,0.41079454,0.40256811,2.002567e-02
0.161545,0.484848,0.484723,0.40782709,0.39929607,2.091823e-02
0.165758,0.484848,0.484723,0.40489166,0.39605937,2.181395e-02
0.169970,0.484848,0.484723,0.40198779,0.39285817,2.271119e-02
0.174182,0.484848,0.484723,0.39911504,0.38969263,2.360824e-02
0.178394,0.484848,0.484723,0.39627296,0.38656293,2.450337e-02
0.182606,0.484848,0.484723,0.39346111,0.38346926,2.539476e-02
0.186818,0.484848,0.484723,0.39067907,0.38041182,2.628054e-02
0.191030,0.484848,0.484723,0.38792642,0.37739081,2.715879e-02
0.195242,0.484848,0.484723,0.38520275,0.37440648,2.802751e-02
0.199455,0.484848,0.484723,0.38250765,0.37145904,2.888467e-02
0.203667,0.484848,0.484723,0.37984072,0.36854877,2.972812e-02
0.207879,0.484848,0.484723,0.37720158,0.36567591,3.055571e-02
0.212091,0.484848,0.484723,0.37458982,0.36284075,3.136517e-02
0.216303,0.484848,0.484723,0.37200510,0.36004357,3.215421e-02
0.220515,0.484848,0.484723,0.36944702,0.35728466,3.292043e-02
0.224727,0.484848,0.484723,0.36691522,0.35456435,3.366137e-02
0.228939,0.484848,0.484723,0.36440935,0.35188295,3.437452e-02
0.233152,0.484848,0.484723,0.36192905,0.34924080,3.505727e-02
0.237364,0.484848,0.484723,0.35947397,0.34663825,3.570695e-02
0.241576,0.484848,0.484723,0.35704378,0.34407566,3.632082e-02
0.245788,0.484848,0.484723,0.35463814,0.34155340,3.689604e-02
0.250000,0.484848,0.484723,0.35225672,0.33907185,3.742971e-02
-0.167000,0.545455,0.545313,0.79181250,0.76824181,2.976802e-02
-0.162788,0.545455,0.545313,0.78389370,0.76173738,2.826444e-02
-0.158576,0.545455,0.545313,0.77609304,0.75529328,2.680061e-02
-0.154364,0.545455,0.545313,0.76840819,0.74890872,2.537645e-02
-0.150152,0.545455,0.545313,0.76083687,0.74258292,2.399194e-02
-0.145939,0.545455,0.545313,0.75337684,0.73631512,2.264700e-02
-0.141727,0.545455,0.545313,0.74602595,0.73010456,2.134160e-02
-0.137515,0.545455,0.545313,0.73878206,0.72395051,2.007568e-02
-0.133303,0.545455,0.545313,0.73164312,0.71785224,1.884919e-02
-0.129091,0.545455,0.545313,0.72460711,0.71180903,1.766210e-02
-0.124879,0.545455,0.545313,0.71767206,0.70582018,1.651433e-02
-0.120667,0.545455,0.545313,0.71083604,0.69988500,1.540586e-02
-0.116455,0.545455,0.545313,0.70409719,0.69400281,1.433662e-02
-0.112242,0.545455,0.545313,0.69745366,0.68817294,1.330657e-02
-0.108030,0.545455,0.545313,0.69090367,0.68239475,1.231565e-02
-0.103818,0.545455,0.545313,0.68444548,0.67666758,1.136380e-02
-0.099606,0.545455,0.545313,0.67807737,0.67099080,1.045097e-02
-0.095394,0.545455,0.545313,0.67179767,0.66536381,9.577088e-03
-0.091182,0.545455,0.545313,0.66560477,0.65978599,8.742095e-03
-0.086970,0.545455,0.545313,0.65949706,0.65425675,7.945921e-03
-0.082758,0.545455,0.545313,0.65347300,0.64877551,7.188490e-03
-0.078545,0.545455,0.545313,0.64753105,0.64334171,6.469723e-03
-0.074333,0.545455,0.545313,0.64166975,0.63795477,5.789538e-03
-0.070121,0.545455,0.545313,0.63588762,0.63261417,5.147842e-03
-0.065909,0.545455,0.545313,0.63018326,0.62731937,4.544541e-03
-0.061697,0.545455,0.545313,0.62455528,0.62206985,3.979527e-03
-0.057485,0.545455,0.545313,0.61900232,0.61686509,3.452693e-03
-0.053273,0.545455,0.545313,0.61352305,0.61170462,2.963919e-03
-0.049061,0.545455,0.545313,0.60811617,0.60658793,2.513074e-03
-0.044848,0.545455,0.545313,0.60278042,0.60151457,2.100023e-03
-0.040636,0.545455,0.545313,0.59751455,0.59648407,1.724621e-03
-0.036424,0.545455,0.545313,0.59231735,0.59149598,1.386706e-03
-0.032212,0.545455,0.545313,0.58718763,0.58654988,1.086114e-03
-0.028000,0.545455,0.545313,0.58212423,0.58164534,8.226646e-04
-0.023788,0.545455,0.545313,0.57712601,0.57678195,5.961635e-04
-0.019576,0.545455,0.545313,0.57219185,0.57195931,4.064097e-04
-0.015364,0.545455,0.545313,0.56732067,0.56717704,2.531809e-04
-0.011152,0.545455,0.545313,0.56251140,0.56243476,1.362452e-04
-0.006939,0.545455,0.545313,0.55776299,0.55773212,5.535703e-05
-0.002727,0.545455,0.545313,0.55307443,0.55306876,1.025184e-05
0.001485,0.545455,0.545313,0.54844470,0.54844435,6.509611e-07
0.005697,0.545455,0.545313,0.54387284,0.54385856,2.625745e-05
0.009909,0.545455,0.545313,0.53935788,0.53931108,8.675751e-05
0.014121,0.545455,0.545313,0.53489888,0.53480162,1.818212e-04
0.018333,0.545455,0.545313,0.53049491,0.53032988,3.110928e-04
0.022545,0.545455,0.545313,0.52614509,0.52589559,4.742046e-04
0.026758,0.545455,0.545313,0.52184852,0.52149849,6.707603e-04
0.030970,0.545455,0.545313,0.51760434,0.51713832,9.003511e-04
0.035182,0.545455,0.545313,0.51341170,0.51281484,1.162535e-03
0.039394,0.545455,0.545313,0.50926977,0.50852784,1.456859e-03
0.043606,0.545455,0.545313,0.50517774,0.50427709,1.782837e-03
0.047818,0.545455,0.545313,0.50113481,0.50006240,2.139960e-03
0.052030,0.545455,0.545313,0.49714019,0.49588357,2.527699e-03
0.056242,0.545455,0.545313,0.49319312,0.49174042,2.945487e-03
0.060455,0.545455,0.545313,0.48929284,0.48763280,3.392743e-03
0.064667,0.545455,0.545313,0.48543863,0.48356054,3.868851e-03
0.068879,0.545455,0.545313,0.48162976,0.47952352,4.373167e-03
0.073091,0.545455,0.545313,0.47786552,0.47552158,4.905010e-03
0.077303,0.545455,0.545313,0.47414522,0.47155464,5.463687e-03
0.081515,0.545455,0.545313,0.47046817,0.46762256,6.048446e-03
0.085727,0.545455,0.545313,0.46683371,0.46372528,6.658532e-03
0.089939,0.545455,0.545313,0.46324118,0.45986270,7.293127e-03
0.094152,0.545455,0.545313,0.45968994,0.45603476,7.951405e-03
0.098364,0.545455,0.545313,0.45617936,0.45224140,8.632483e-03
0.102576,0.545455,0.545313,0.45270882,0.44848258,9.335458e-03
0.106788,0.545455,0.545313,0.44927772,0.44475827,1.005938e-02
0.111000,0.545455,0.545313,0.44588546,0.44106845,1.080325e-02
0.115212,0.545455,0.545313,0.44253146,0.43741311,1.156606e-02
0.119424,0.545455,0.545313,0.43921514,0.43379226,1.234673e-02
0.123636,0.545455,0.545313,0.43593594,0.43020593,1.314417e-02
0.127848,0.545455,0.545313,0.43269331,0.42665412,1.395720e-02
0.132061,0.545455,0.545313,0.42948671,0.42313690,1.478464e-02
0.136273,0.545455,0.545313,0.42631561,0.41965432,1.562525e-02
0.140485,0.545455,0.545313,0.42317948,0.41620643,1.647775e-02
0.144697,0.545455,0.545313,0.42007781,0.41279333,1.734079e-02
0.148909,0.545455,0.545313,0.41701010,0.40941510,1.821300e-02
0.153121,0.545455,0.545313,0.41397586,0.40607184,1.909295e-02
0.157333,0.545455,0.545313,0.41097460,0.40276368,1.997915e-02
0.161545,0.545455,0.545313,0.40800585,0.39949073,2.087007e-02
0.165758,0.545455,0.545313,0.40506913,0.39625315,2.176413e-02
0.169970,0.545455,0.545313,0.40216399,0.39305108,2.265968e-02
0.174182,0.545455,0.545313,0.39928997,0.38988468,2.355503e-02
0.178394,0.545455,0.545313,0.39644664,0.38675414,2.444842e-02
0.182606,0.545455,0.545313,0.39363356,0.38365965,2.533806e-02
0.186818,0.545455,0.545313,0.39085030,0.38060140,2.622208e-02
0.191030,0.545455,0.545313,0.38809644,0.37757960,2.709853e-02
0.195242,0.545455,0.545313,0.38537158,0.37459449,2.796544e-02
0.199455,0.545455,0.545313,0.38267529,0.37164630,2.882075e-02
0.203667,0.545455,0.545313,0.38000719,0.36873529,2.966235e-02
0.207879,0.545455,0.545313,0.37736689,0.36586171,3.048805e-02
0.212091,0.545455,0.545313,0.37475399,0.36302583,3.129562e-02
0.216303,0.545455,0.545313,0.37216813,0.36022796,3.208273e-02
0.220515,0.545455,0.545313,0.36960892,0.35746838,3.284700e-02
0.224727,0.545455,0.545313,0.36707602,0.35474741,3.358598e-02
0.228939,0.545455,0.545313,0.36456904,0.35206537,3.429715e-02
0.233152,0.545455,0.545313,0.36208766,0.34942259,3.497790e-02
0.237364,0.545455,0.545313,0.35963150,0.34681943,3.562556e-02
0.241576,0.545455,0.545313,0.35720024,0.34425624,3.623738e-02
0.245788,0.545455,0.545313,0.35479355,0.34173340,3.681054e-02
0.250000,0.545455,0.545313,0.35241108,0.33925130,3.734214e-02
-0.167000,0.606061,0.605904,0.79220056,0.76859320,2.979973e-02
-0.162788,0.606061,0.605904,0.78427787,0.76208635,2.829548e-02
-0.158576,0.606061,0.605904,0.77647338,0.75563985,2.683098e-02
-0.154364,0.606061,0.605904,0.76878476,0.74925290,2.540615e-02
-0.150152,0.606061,0.605904,0.76120971,0.74292473,2.402096e-02
-0.145939,0.606061,0.605904,0.75374602,0.73665458,2.267534e-02
-0.141727,0.606061,0.605904,0.74639152,0.73044169,2.136925e-02
-0.137515,0.606061,0.605904,0.73914407,0.72428533,2.010264e-02
-0.133303,0.606061,0.605904,0.73200163,0.71818476,1.887546e-02
-0.129091,0.606061,0.605904,0.72496216,0.71213928,1.768766e-02
-0.124879,0.606061,0.605904,0.71802370,0.70614817,1.653920e-02
-0.120667,0.606061,0.605904,0.71118433,0.70021075,1.543001e-02
-0.116455,0.606061,0.605904,0.70444217,0.69432634,1.436006e-02
-0.112242,0.606061,0.605904,0.69779538,0.68849427,1.332928e-02
-0.108030,0.606061,0.605904,0.69124217,0.68271388,1.233763e-02
-0.103818,0.606061,0.605904,0.68478081,0.67698455,1.138504e-02
-0.099606,0.606061,0.605904,0.67840957,0.67130562,1.047147e-02
-0.095394,0.606061,0.605904,0.67212679,0.66567650,9.596836e-03
-0.091182,0.606061,0.605904,0.66593085,0.66009657,8.761084e-03
-0.086970,0.606061,0.605904,0.65982014,0.65456524,7.964143e-03
-0.082758,0.606061,0.605904,0.65379312,0.64908193,7.205937e-03
-0.078545,0.606061,0.605904,0.64784826,0.64364606,6.486387e-03
-0.074333,0.606061,0.605904,0.64198407,0.63825709,5.805407e-03
-0.070121,0.606061,0.605904,0.63619911,0.63291447,5.162910e-03
-0.065909,0.606061,0.605904,0.63049195,0.62761767,4.558794e-03
-0.061697,0.606061,0.605904,0.62486121,0.62236616,3.992960e-03
-0.057485,0.606061,0.605904,0.61930552,0.61715944,3.465294e-03
-0.053273,0.606061,0.605904,0.61382356,0.61199702,2.975673e-03
-0.049061,0.606061,0.605904,0.60841403,0.60687840,2.523975e-03
-0.044848,0.606061,0.605904,0.60307566,0.60180313,2.110058e-03
-0.040636,0.606061,0.605904,0.59780720,0.59677074,1.733776e-03
-0.036424,0.606061,0.605904,0.59260745,0.59178078,1.394972e-03
-0.032212,0.606061,0.605904,0.58747522,0.58683283,1.093478e-03
-0.028000,0.606061,0.605904,0.58240933,0.58192645,8.291118e-04
-0.023788,0.606061,0.605904,0.57740866,0.57706124,6.016831e-04
-0.019576,0.606061,0.605904,0.57247208,0.57223680,4.109850e-04
-0.015364,0.606061,0.605904,0.56759851,0.56745275,2.567987e-04
-0.011152,0.606061,0.605904,0.56278687,0.56270871,1.388935e-04
-0.006939,0.606061,0.605904,0.55803614,0.55800432,5.701838e-05
-0.002727,0.606061,0.605904,0.55334527,0.55333923,1.091241e-05
0.001485,0.606061,0.605904,0.54871327,0.54871311,2.940085e-07
0.005697,0.606061,0.605904,0.54413917,0.54412563,2.486923e-05
0.009909,0.606061,0.605904,0.53962199,0.53957649,8.432052e-05
0.014121,0.606061,0.605904,0.53516080,0.53506537,1.783171e-04
0.018333,0.606061,0.605904,0.53075468,0.53059200,3.065073e-04
0.022545,0.606061,0.605904,0.52640272,0.52615609,4.685184e-04
0.026758,0.606061,0.605904,0.52210404,0.52175739,6.639590e-04
0.030970,0.606061,0.605904,0.51785778,0.51739564,8.924120e-04
0.035182,0.606061,0.605904,0.51366308,0.51307060,1.153444e-03
0.039394,0.606061,0.605904,0.50951912,0.50878206,1.446593e-03
0.043606,0.606061,0.605904,0.50542508,0.50452978,1.771380e-03
0.047818,0.606061,0.605904,0.50138016,0.50031358,2.127293e-03
0.052030,0.606061,0.605904,0.49738359,0.49613326,2.513801e-03
0.056242,0.606061,0.605904,0.49343458,0.49198865,2.930340e-03
0.060455,0.606061,0.605904,0.48953239,0.48787957,3.376325e-03
0.064667,0.606061,0.605904,0.48567629,0.48380589,3.851141e-03
0.068879,0.606061,0.605904,0.48186555,0.47976744,4.354142e-03
0.073091,0.606061,0.605904,0.47809946,0.47576411,4.884653e-03
0.077303,0.606061,0.605904,0.47437734,0.47179579,5.441974e-03
0.081515,0.606061,0.605904,0.47069848,0.46786236,6.025357e-03
0.085727,0.606061,0.605904,0.46706224,0.46396373,6.634042e-03
0.089939,0.606061,0.605904,0.46346795,0.46009983,7.267217e-03
0.094152,0.606061,0.605904,0.45991497,0.45627058,7.924049e-03
0.098364,0.606061,0.605904,0.45640267,0.45247593,8.603663e-03
0.102576,0.606061,0.605904,0.45293043,0.44871585,9.305147e-03
0.106788,0.606061,0.605904,0.44949765,0.44499028,1.002755e-02
0.111000,0.606061,0.605904,0.44610372,0.44129923,1.076989e-02
0.115212,0.606061,0.605904,0.44274807,0.43764268,1.153114e-02
0.119424,0.606061,0.605904,0.43943013,0.43402064,1.231023e-02
0.123636,0.606061,0.605904,0.43614932,0.43043313,1.310605e-02
0.127848,0.606061,0.605904,0.43290510,0.42688017,1.391745e-02
0.132061,0.606061,0.605904,0.42969693,0.42336180,1.474324e-02
0.136273,0.606061,0.605904,0.42652427,0.41987810,1.558217e-02
0.140485,0.606061,0.605904,0.42338661,0.41642911,1.643296e-02
0.144697,0.606061,0.605904,0.42028342,0.41301492,1.729427e-02
0.148909,0.606061,0.605904,0.41721421,0.40963562,1.816473e-02
0.153121,0.606061,0.605904,0.41417848,0.40629132,1.904289e-02
0.157333,0.606061,0.605904,0.41117574,0.40298213,1.992729e-02
0.161545,0.606061,0.605904,0.40820553,0.39970817,2.081638e-02
0.165758,0.606061,0.605904,0.40526737,0.39646959,2.170858e-02
0.169970,0.606061,0.605904,0.40236081,0.39326655,2.260226e-02
0.174182,0.606061,0.605904,0.39948539,0.39009920,2.349570e-02
0.178394,0.606061,0.605904,0.39664066,0.38696772,2.438718e-02
0.182606,0.606061,0.605904,0.39382620,0.38387230,2.527486e-02
0.186818,0.606061,0.605904,0.39104158,0.38081315,2.615689e-02
0.191030,0.606061,0.605904,0.38828637,0.37779047,2.703135e-02
0.195242,0.606061,0.605904,0.38556017,0.37480449,2.789623e-02
0.199455,0.606061,0.605904,0.38286256,0.37185546,2.874949e-02
0.203667,0.606061,0.605904,0.38019315,0.36894362,2.958901e-02
0.207879,0.606061,0.605904,0.37755155,0.36606922,3.041261e-02
0.212091,0.606061,0.605904,0.37493738,0.36323256,3.121806e-02
0.216303,0.606061,0.605904,0.37235025,0.36043391,3.200303e-02
0.220515,0.606061,0.605904,0.36978979,0.35767358,3.276514e-02
0.224727,0.606061,0.605904,0.36725564,0.35495187,3.350193e-02
0.228939,0.606061,0.605904,0.36474744,0.35226911,3.421088e-02
0.233152,0.606061,0.605904,0.36226483,0.34962563,3.488939e-02
0.237364,0.606061,0.605904,0.35980748,0.34702179,3.553480e-02
0.241576,0.606061,0.605904,0.35737503,0.34445794,3.614435e-02
0.245788,0.606061,0.605904,0.35496715,0.34193446,3.671521e-02
0.250000,0.606061,0.605904,0.35258352,0.33945172,3.724449e-02
-0.167000,0.666667,0.666494,0.79262923,0.76898141,2.983465e-02
-0.162788,0.666667,0.666494,0.78470225,0.76247189,2.832968e-02
-0.158576,0.666667,0.666494,0.77689352,0.75602272,2.686443e-02
-0.154364,0.666667,0.666494,0.76920073,0.74963314,2.543886e-02
-0.150152,0.666667,0.666494,0.76162158,0.74330235,2.405292e-02
-0.145939,0.666667,0.666494,0.75415384,0.73702960,2.270656e-02
-0.141727,0.666667,0.666494,0.74679534,0.73081414,2.139971e-02
-0.137515,0.666667,0.666494,0.73954397,0.72465522,2.013234e-02
-0.133303,0.666667,0.666494,0.73239765,0.71855212,1.890440e-02
-0.129091,0.666667,0.666494,0.72535437,0.71250411,1.771583e-02
-0.124879,0.666667,0.666494,0.71841215,0.70651051,1.656658e-02
-0.120667,0.666667,0.666494,0.71156906,0.70057062,1.545661e-02
-0.116455,0.666667,0.666494,0.70482324,0.69468375,1.438587e-02
-0.112242,0.666667,0.666494,0.69817285,0.68884924,1.335430e-02
-0.108030,0.666667,0.666494,0.69161610,0.68306645,1.236184e-02
-0.103818,0.666667,0.666494,0.68515122,0.67733471,1.140844e-02
-0.099606,0.666667,0.666494,0.67877653,0.67165342,1.049405e-02
-0.095394,0.666667,0.666494,0.67249035,0.66602194,9.618591e-03
-0.091182,0.666667,0.666494,0.66629105,0.66043968,8.782003e-03
-0.086970,0.666667,0.666494,0.66017703,0.65490603,7.984217e-03
-0.082758,0.666667,0.666494,0.65414674,0.64942043,7.225154e-03
-0.078545,0.666667,0.666494,0.64819865,0.64398229,6.504742e-03
-0.074333,0.666667,0.666494,0.64233129,0.63859107,5.822889e-03
-0.070121,0.666667,0.666494,0.63654319,0.63324621,5.179508e-03
-0.065909,0.666667,0.666494,0.63083294,0.62794720,4.574499e-03
-0.061697,0.666667,0.666494,0.62519914,0.62269350,4.007757e-03
-0.057485,0.666667,0.666494,0.61964044,0.61748461,3.479173e-03
-0.053273,0.666667,0.666494,0.61415551,0.61232003,2.988623e-03
-0.049061,0.666667,0.666494,0.60874305,0.60719929,2.535985e-03
-0.044848,0.666667,0.666494,0.60340179,0.60212190,2.121115e-03
-0.040636,0.666667,0.666494,0.59813048,0.59708742,1.743865e-03
-0.036424,0.666667,0.666494,0.59292791,0.59209539,1.404081e-03
-0.032212,0.666667,0.666494,0.58779289,0.58714539,1.101590e-03
-0.028000,0.666667,0.666494,0.58272426,0.58223698,8.362170e-04
-0.023788,0.666667,0.666494,0.57772088,0.57736976,6.077624e-04
-0.019576,0.666667,0.666494,0.57278162,0.57254333,4.160262e-04
-0.015364,0.666667,0.666494,0.56790541,0.56775731,2.607878e-04
-0.011152,0.666667,0.666494,0.56309117,0.56301132,1.418118e-04
-0.006939,0.666667,0.666494,0.55833786,0.55830500,5.885176e-05
-0.002727,0.666667,0.666494,0.55364445,0.55363801,1.164196e-05
0.001485,0.666667,0.666494,0.54900995,0.54901000,9.514952e-08
0.005697,0.666667,0.666494,0.54443336,0.54442066,2.333930e-05
0.009909,0.666667,0.666494,0.53991374,0.53986966,8.163808e-05
0.014121,0.666667,0.666494,0.53545013,0.53535672,1.744589e-04
0.018333,0.666667,0.666494,0.53104162,0.53088154,3.014572e-04
0.022545,0.666667,0.666494,0.52668731,0.52644384,4.622564e-04
0.026758,0.666667,0.666494,0.52238630,0.52204337,6.564636e-04
0.030970,0.666667,0.666494,0.51813774,0.51767988,8.836666e-04
0.035182,0.666667,0.666494,0.51394077,0.51335312,1.143429e-03
0.039394,0.666667,0.666494,0.50979457,0.50906286,1.435286e-03
0.043606,0.666667,0.666494,0.50569831,0.50480891,1.758761e-03
0.047818,0.666667,0.666494,0.50165120,0.50059104,2.113339e-03
0.052030,0.666667,0.666494,0.49765246,0.49640908,2.498491e-03
0.056242,0.666667,0.666494,0.49370131,0.49226284,2.913651e-03
0.060455,0.666667,0.666494,0.48979701,0.48815216,3.358237e-03
0.064667,0.666667,0.666494,0.48593882,0.48407689,3.831630e-03
0.068879,0.666667,0.666494,0.48212602,0.48003688,4.333185e-03
0.073091,0.666667,0.666494,0.47835789,0.47603201,4.862227e-03
0.077303,0.666667,0.666494,0.47463375,0.47206216,5.418052e-03
0.081515,0.666667,0.666494,0.47095290,0.46812722,5.999918e-03
0.085727,0.666667,0.666494,0.46731469,0.46422711,6.607059e-03
0.089939,0.666667,0.666494,0.46371845,0.46036175,7.238669e-03
0.094152,0.666667,0.666494,0.46016355,0.45653106,7.893910e-03
0.098364,0.666667,0.666494,0.45664934,0.45273499,8.571903e-03
0.102576,0.666667,0.666494,0.45317523,0.44897350,9.271746e-03
0.106788,0.666667,0.666494,0.44974058,0.44524656,9.992486e-03
0.111000,0.666667,0.666494,0.44634482,0.44155415,1.073313e-02
0.115212,0.666667,0.666494,0.44298736,0.43789625,1.149266e-02
0.119424,0.666667,0.666494,0.43966762,0.43427289,1.227000e-02
0.123636,0.666667,0.666494,0.43638503,0.43068408,1.306405e-02
0.127848,0.666667,0.666494,0.43313906,0.42712984,1.387365e-02
0.132061,0.666667,0.666494,0.42992915,0.42361021,1.469761e-02
0.136273,0.666667,0.666494,0.42675477,0.42012527,1.553469e-02
0.140485,0.666667,0.666494,0.42361541,0.41667506,1.638360e-02
0.144697,0.666667,0.666494,0.42051054,0.41325967,1.724301e-02
0.148909,0.666667,0.666494,0.41743967,0.40987920,1.811153e-02
0.153121,0.666667,0.666494,0.41440229,0.40653373,1.898773e-02
0.157333,0.666667,0.666494,0.41139793,0.40322340,1.987013e-02
0.161545,0.666667,0.666494,0.40842612,0.39994833,2.075721e-02
0.165758,0.666667,0.666494,0.40548637,0.39670865,2.164737e-02
0.169970,0.666667,0.666494,0.40257823,0.39350453,2.253897e-02
0.174182,0.666667,0.666494,0.39970125,0.39033612,2.343032e-02
0.178394,0.666667,0.666494,0.39685499,0.38720361,2.431967e-02
0.182606,0.666667,0.666494,0.39403900,0.38410717,2.520520e-02
0.186818,0.666667,0.666494,0.39125287,0.38104702,2.608505e-02
0.191030,0.666667,0.666494,0.38849617,0.37802337,2.695729e-02
0.195242,0.666667,0.666494,0.38576850,0.37503644,2.781994e-02
0.199455,0.666667,0.666494,0.38306943,0.37208647,2.867094e-02
0.203667,0.666667,0.666494,0.38039858,0.36917371,2.950818e-02
0.207879,0.666667,0.666494,0.37775555,0.36629842,3.032947e-02
0.212091,0.666667,0.666494,0.37513996,0.36346088,3.113257e-02
0.216303,0.666667,0.666494,0.37255143,0.36066138,3.191518e-02
0.220515,0.666667,0.666494,0.36998958,0.35790021,3.267489e-02
0.224727,0.666667,0.666494,0.36745406,0.35517769,3.340927e-02
0.228939,0.666667,0.666494,0.36494450,0.35249414,3.411578e-02
0.233152,0.666667,0.666494,0.36246055,0.34984989,3.479183e-02
0.237364,0.666667,0.666494,0.36000187,0.34724529,3.543476e-02
0.241576,0.666667,0.666494,0.35756810,0.34468071,3.604179e-02
0.245788,0.666667,0.666494,0.35515892,0.34215651,3.661012e-02
0.250000,0.666667,0.666494,0.35277400,0.33967309,3.713686e-02
-0.167000,0.727273,0.727084,0.79309844,0.76940640,2.987276e-02
-0.162788,0.727273,0.727084,0.78516675,0.76289394,2.836698e-02
-0.158576,0.727273,0.727084,0.77735339,0.75644186,2.690093e-02
-0.154364,0.727273,0.727084,0.76965603,0.75004939,2.547456e-02
-0.150152,0.727273,0.727084,0.76207239,0.74371574,2.408780e-02
-0.145939,0.727273,0.727084,0.75460022,0.73744014,2.274062e-02
-0.141727,0.727273,0.727084,0.74723736,0.73122186,2.143295e-02
-0.137515,0.727273,0.727084,0.73998168,0.72506014,2.016475e-02
-0.133303,0.727273,0.727084,0.73283112,0.71895425,1.893597e-02
-0.129091,0.727273,0.727084,0.72578366,0.71290350,1.774656e-02
-0.124879,0.727273,0.727084,0.71883732,0.70690716,1.659647e-02
-0.120667,0.727273,0.727084,0.71199018,0.70096455,1.548564e-02
-0.116455,0.727273,0.727084,0.70524036,0.69507500,1.441404e-02
-0.112242,0.727273,0.727084,0.69858602,0.68923783,1.338160e-02
-0.108030,0.727273,0.727084,0.69202538,0.68345238,1.238826e-02
-0.103818,0.727273,0.727084,0.68555667,0.67771803,1.143398e-02
-0.099606,0.727273,0.727084,0.67917820,0.67203413,1.051869e-02
-0.095394,0.727273,0.727084,0.67288829,0.66640008,9.642331e-03
-0.091182,0.727273,0.727084,0.66668531,0.66081526,8.804832e-03
-0.086970,0.727273,0.727084,0.66056766,0.65527908,8.006123e-03
-0.082758,0.727273,0.727084,0.65453380,0.64979096,7.246130e-03
-0.078545,0.727273,0.727084,0.64858219,0.64435033,6.524773e-03
-0.074333,0.727273,0.727084,0.64271134,0.63895664,5.841968e-03
-0.070121,0.727273,0.727084,0.63691981,0.63360935,5.197621e-03
-0.065909,0.727273,0.727084,0.63120618,0.62830791,4.591638e-03
-0.061697,0.727273,0.727084,0.62556904,0.62305181,4.023907e-03
-0.057485,0.727273,0.727084,0.62000704,0.61784054,3.494322e-03
-0.053273,0.727273,0.727084,0.61451886,0.61267361,3.002760e-03
-0.049061,0.727273,0.727084,0.60910319,0.60755053,2.549091e-03
-0.044848,0.727273,0.727084,0.60375876,0.60247083,2.133179e-03
-0.040636,0.727273,0.727084,0.59848433,0.59743406,1.754875e-03
-0.036424,0.727273,0.727084,0.59327867,0.59243977,1.414022e-03
-0.032212,0.727273,0.727084,0.58814061,0.58748751,1.110447e-03
-0.028000,0.727273,0.727084,0.58306898,0.58257688,8.439725e-04
-0.023788,0.727273,0.727084,0.57806263,0.57770746,6.144025e-04
-0.019576,0.727273,0.727084,0.57312044,0.57287886,4.215320e-04
-0.015364,0.727273,0.727084,0.56824134,0.56809068,2.651419e-04
-0.011152,0.727273,0.727084,0.56342425,0.56334255,1.449979e-04
-0.006939,0.727273,0.727084,0.55866812,0.55863412,6.085447e-05
-0.002727,0.727273,0.727084,0.55397193,0.55396504,1.243926e-05
0.001485,0.727273,0.727084,0.54933468,0.54933496,5.193127e-07
0.005697,0.727273,0.727084,0.54475538,0.54474357,2.167490e-05
0.009909,0.727273,0.727084,0.54023308,0.54019055,7.871080e-05
0.014121,0.727273,0.727084,0.53576683,0.53567561,1.702531e-04
0.018333,0.727273,0.727084,0.53135570,0.53119845,2.959466e-04
0.022545,0.727273,0.727084,0.52699881,0.52675880,4.554240e-04
0.026758,0.727273,0.727084,0.52269525,0.52235639,6.482894e-04
0.030970,0.727273,0.727084,0.51844417,0.51799099,8.741287e-04
0.035182,0.727273,0.727084,0.51424472,0.51366234,1.132500e-03
0.039394,0.727273,0.727084,0.51009606,0.50937021,1.422950e-03
0.043606,0.727273,0.727084,0.50599737,0.50511441,1.744989e-03
0.047818,0.727273,0.727084,0.50194786,0.50089472,2.098113e-03
0.052030,0.727273,0.727084,0.49794675,0.49671096,2.481783e-03
0.056242,0.727273,0.727084,0.49399327,0.49256294,2.895439e-03
0.060455,0.727273,0.727084,0.49008665,0.48845050,3.338497e-03
0.064667,0.727273,0.727084,0.48622618,0.48437349,3.810334e-03
0.068879,0.727273,0.727084,0.48241112,0.48033177,4.310311e-03
0.073091,0.727273,0.727084,0.47864076,0.47632521,4.837748e-03
0.077303,0.727273,0.727084,0.47491440,0.47235369,5.391942e-03
0.081515,0.727273,0.727084,0.47123138,0.46841711,5.972153e-03
0.085727,0.727273,0.727084,0.46759101,0.46451538,6.577609e-03
0.089939,0.727273,0.727084,0.46399264,0.46064841,7.207507e-03
0.094152,0.727273,0.727084,0.46043563,0.45681614,7.861011e-03
0.098364,0.727273,0.727084,0.45691935,0.45301852,8.537242e-03
0.102576,0.727273,0.727084,0.45344317,0.44925549,9.235291e-03
0.106788,0.727273,0.727084,0.45000650,0.44552704,9.954204e-03
0.111000,0.727273,0.727084,0.44660872,0.44183314,1.069300e-02
0.115212,0.727273,0.727084,0.44324927,0.43817378,1.145065e-02
0.119424,0.727273,0.727084,0.43992756,0.43454897,1.222609e-02
0.123636,0.727273,0.727084,0.43664303,0.43095873,1.301821e-02
0.127848,0.727273,0.727084,0.43339514,0.42740308,1.382584e-02
0.132061,0.727273,0.727084,0.43018333,0.42388208,1.464781e-02
0.136273,0.727273,0.727084,0.42700707,0.42039578,1.548286e-02
0.140485,0.727273,0.727084,0.42386585,0.41694424,1.632972e-02
0.144697,0.727273,0.727084,0.42075914,0.41352753,1.718704e-02
0.148909,0.727273,0.727084,0.41768645,0.41014577,1.805345e-02
0.153121,0.727273,0.727084,0.41464728,0.40679904,1.892751e-02
0.157333,0.727273,0.727084,0.41164114,0.40348746,1.980774e-02
0.161545,0.727273,0.727084,0.40866756,0.40021116,2.069261e-02
0.165758,0.727273,0.727084,0.40572607,0.39697028,2.158054e-02
0.169970,0.727273,0.727084,0.40281621,0.39376498,2.246988e-02
0.174182,0.727273,0.727084,0.39993753,0.39059541,2.335894e-02
0.178394,0.727273,0.727084,0.39708958,0.38746176,2.424596e-02
0.182606,0.727273,0.727084,0.39427193,0.38436422,2.512914e-02
0.186818,0.727273,0.727084,0.39148415,0.38130297,2.600661e-02
0.191030,0.727273,0.727084,0.38872582,0.37827825,2.687644e-02
0.195242,0.727273,0.727084,0.38599652,0.37529027,2.773664e-02
0.199455,0.727273,0.727084,0.38329586,0.37233928,2.858518e-02
0.203667,0.727273,0.727084,0.38062343,0.36942552,2.941992e-02
0.207879,0.727273,0.727084,0.37797883,0.36654925,3.023868e-02
0.212091,0.727273,0.727084,0.37536169,0.36371075,3.103923e-02
0.216303,0.727273,0.727084,0.37277163,0.36091032,3.181926e-02
0.220515,0.727273,0.727084,0.37020827,0.35814823,3.257636e-02
0.224727,0.727273,0.727084,0.36767125,0.35542482,3.330809e-02
0.228939,0.727273,0.727084,0.36516020,0.35274040,3.401194e-02
0.233152,0.727273,0.727084,0.36267478,0.35009530,3.468530e-02
0.237364,0.727273,0.727084,0.36021464,0.34748988,3.532551e-02
0.241576,0.727273,0.727084,0.35777944,0.34492449,3.592980e-02
0.245788,0.727273,0.727084,0.35536883,0.34239952,3.649537e-02
0.250000,0.727273,0.727084,0.35298250,0.33991533,3.701930e-02
-0.167000,0.787879,0.787675,0.79360810,0.76986810,2.991402e-02
-0.162788,0.787879,0.787675,0.78567131,0.76335245,2.840737e-02
-0.158576,0.787879,0.787675,0.77785292,0.75689721,2.694045e-02
-0.154364,0.787879,0.787675,0.77015060,0.75050159,2.551320e-02
-0.150152,0.787879,0.787675,0.76256207,0.74416483,2.412557e-02
-0.145939,0.787879,0.787675,0.75508509,0.73788614,2.277749e-02
-0.141727,0.787879,0.787675,0.74771748,0.73166479,2.146893e-02
-0.137515,0.787879,0.787675,0.74045714,0.72550002,2.019984e-02
-0.133303,0.787879,0.787675,0.73330197,0.71939112,1.897015e-02
-0.129091,0.787879,0.787675,0.72624997,0.71333737,1.777983e-02
-0.124879,0.787879,0.787675,0.71929916,0.70733806,1.662882e-02
-0.120667,0.787879,0.787675,0.71244761,0.70139251,1.551707e-02
-0.116455,0.787879,0.787675,0.70569344,0.69550003,1.444453e-02
-0.112242,0.787879,0.787675,0.69903482,0.68965996,1.341115e-02
-0.108030,0.787879,0.787675,0.69246995,0.68387164,1.241687e-02
-0.103818,0.787879,0.787675,0.68599708,0.67813444,1.146163e-02
-0.099606,0.787879,0.787675,0.67961450,0.67244771,1.054537e-02
-0.095394,0.787879,0.787675,0.67332054,0.66681086,9.668033e-03
-0.091182,0.787879,0.787675,0.66711357,0.66122326,8.829546e-03
-0.086970,0.787879,0.787675,0.66099198,0.65568432,8.029839e-03
-0.082758,0.787879,0.787675,0.65495423,0.65019348,7.268838e-03
-0.078545,0.787879,0.787675,0.64899879,0.64475014,6.546464e-03
-0.074333,0.787879,0.787675,0.64312417,0.63935377,5.862627e-03
-0.070121,0.787879,0.787675,0.63732891,0.63400382,5.217237e-03
-0.065909,0.787879,0.787675,0.63161160,0.62869974,4.610194e-03
-0.061697,0.787879,0.787675,0.62597083,0.62344103,4.041394e-03
-0.057485,0.787879,0.787675,0.62040525,0.61822718,3.510725e-03
-0.053273,0.787879,0.787675,0.61491354,0.61305769,3.018066e-03
-0.049061,0.787879,0.787675,0.60949438,0.60793207,2.563286e-03
-0.044848,0.787879,0.787675,0.60414651,0.60284986,2.146248e-03
-0.040636,0.787879,0.787675,0.59886868,0.59781060,1.766800e-03
-0.036424,0.787879,0.787675,0.59365968,0.59281384,1.424788e-03
-0.032212,0.787879,0.787675,0.58851831,0.58785915,1.120038e-03
-0.028000,0.787879,0.787675,0.58344341,0.58294610,8.523727e-04
-0.023788,0.787879,0.787675,0.57843384,0.57807429,6.215946e-04
-0.019576,0.787879,0.787675,0.57348848,0.57324332,4.274983e-04
-0.015364,0.787879,0.787675,0.56860624,0.56845279,2.698617e-04
-0.011152,0.787879,0.787675,0.56378605,0.56370235,1.484536e-04
-0.006939,0.787879,0.787675,0.55902686,0.55899162,6.302392e-05
-0.002727,0.787879,0.787675,0.55432765,0.55432027,1.331043e-05
0.001485,0.787879,0.787675,0.54968741,0.54968794,9.761373e-07
0.005697,0.787879,0.787675,0.54510517,0.54509433,1.987902e-05
0.009909,0.787879,0.787675,0.54057995,0.54053911,7.554668e-05
0.014121,0.787879,0.787675,0.53611083,0.53602199,1.657019e-04
0.018333,0.787879,0.787675,0.53169687,0.53154268,2.899892e-04
0.022545,0.787879,0.787675,0.52733717,0.52710090,4.480307e-04
0.026758,0.787879,0.787675,0.52303084,0.52269640,6.394428e-04
0.030970,0.787879,0.787675,0.51877703,0.51832891,8.638027e-04
0.035182,0.787879,0.787675,0.51457488,0.51399820,1.120675e-03
0.039394,0.787879,0.787675,0.51042354,0.50970405,1.409595e-03
0.043606,0.787879,0.787675,0.50632222,0.50544624,1.730083e-03
0.047818,0.787879,0.787675,0.50227011,0.50122457,2.081629e-03
0.052030,0.787879,0.787675,0.49826642,0.49703885,2.463695e-03
0.056242,0.787879,0.787675,0.49431040,0.49288890,2.875724e-03
0.060455,0.787879,0.787675,0.49040127,0.48877455,3.317123e-03
0.064667,0.787879,0.787675,0.48653831,0.48469566,3.787278e-03
0.068879,0.787879,0.787675,0.48272080,0.48065207,4.285547e-03
0.073091,0.787879,0.787675,0.47894801,0.47664368,4.811244e-03
0.077303,0.787879,0.787675,0.47521927,0.47267034,5.363675e-03
0.081515,0.787879,0.787675,0.47153387,0.46873197,5.942089e-03
0.085727,0.787879,0.787675,0.46789116,0.46482847,6.545721e-03
0.089939,0.787879,0.787675,0.46429048,0.46095977,7.173770e-03
0.094152,0.787879,0.787675,0.46073118,0.45712578,7.825387e-03
0.098364,0.787879,0.787675,0.45721264,0.45332646,8.499709e-03
0.102576,0.787879,0.787675,0.45373423,0.44956177,9.195814e-03
0.106788,0.787879,0.787675,0.45029534,0.44583167,9.912755e-03
0.111000,0.787879,0.787675,0.44689538,0.44213615,1.064955e-02
0.115212,0.787879,0.787675,0.44353377,0.43847519,1.140516e-02
0.119424,0.787879,0.787675,0.44020992,0.43484881,1.217854e-02
0.123636,0.787879,0.787675,0.43692328,0.43125702,1.296855e-02
0.127848,0.787879,0.787675,0.43367330,0.42769986,1.377406e-02
0.132061,0.787879,0.787675,0.43045942,0.42417735,1.459387e-02
0.136273,0.787879,0.787675,0.42728112,0.42068957,1.542673e-02
0.140485,0.787879,0.787675,0.42413788,0.41723658,1.627136e-02
0.144697,0.787879,0.787675,0.42102918,0.41381845,1.712643e-02
0.148909,0.787879,0.787675,0.41795451,0.41043528,1.799054e-02
0.153121,0.787879,0.787675,0.41491339,0.40708717,1.886228e-02
0.157333,0.787879,0.787675,0.41190532,0.40377424,1.974017e-02
0.161545,0.787879,0.787675,0.40892983,0.40049661,2.062265e-02
0.165758,0.787879,0.787675,0.40598644,0.39725443,2.150815e-02
0.169970,0.787879,0.787675,0.40307471,0.39404784,2.239504e-02
0.174182,0.787879,0.787675,0.40019418,0.39087701,2.328161e-02
0.178394,0.787879,0.787675,0.39734440,0.38774213,2.416612e-02
0.182606,0.787879,0.787675,0.39452494,0.38464337,2.504675e-02
0.186818,0.787879,0.787675,0.39173537,0.38158094,2.592164e-02
0.191030,0.787879,0.787675,0.38897526,0.37855506,2.678886e-02
0.195242,0.787879,0.787675,0.38624422,0.37556594,2.764643e-02
0.199455,0.787879,0.787675,0.38354181,0.37261384,2.849227e-02
0.203667,0.787879,0.787675,0.38086766,0.36969898,2.932431e-02
0.207879,0.787879,0.787675,0.37822137,0.36682165,3.014034e-02
0.212091,0.787879,0.787675,0.37560255,0.36398212,3.093811e-02
0.216303,0.787879,0.787675,0.37301082,0.36118066,3.171533e-02
0.220515,0.787879,0.787675,0.37044581,0.35841758,3.246961e-02
0.224727,0.787879,0.787675,0.36790716,0.35569320,3.319849e-02
0.228939,0.787879,0.787675,0.36539450,0.35300783,3.389945e-02
0.233152,0.787879,0.787675,0.36290749,0.35036182,3.456989e-02
0.237364,0.787879,0.787675,0.36044577,0.34775550,3.520715e-02
0.241576,0.787879,0.787675,0.35800899,0.34518924,3.580846e-02
0.245788,0.787879,0.787675,0.35559684,0.34266342,3.637103e-02
0.250000,0.787879,0.787675,0.35320897,0.34017841,3.689194e-02
-0.167000,0.848485,0.848265,0.79415814,0.77036645,2.995838e-02
-0.162788,0.848485,0.848265,0.78621583,0.76384736,2.845080e-02
-0.158576,0.848485,0.848265,0.77839201,0.75738870,2.698295e-02
-0.154364,0.848485,0.848265,0.77068434,0.75098970,2.555475e-02
-0.150152,0.848485,0.848265,0.76309054,0.74464956,2.416617e-02
-0.145939,0.848485,0.848265,0.75560836,0.73836754,2.281714e-02
-0.141727,0.848485,0.848265,0.74823564,0.73214287,2.150763e-02
-0.137515,0.848485,0.848265,0.74097025,0.72597482,2.023756e-02
-0.133303,0.848485,0.848265,0.73381012,0.71986266,1.900691e-02
-0.129091,0.848485,0.848265,0.72675322,0.71380567,1.781561e-02
-0.124879,0.848485,0.848265,0.71979758,0.70780316,1.666361e-02
-0.120667,0.848485,0.848265,0.71294127,0.70185442,1.555087e-02
-0.116455,0.848485,0.848265,0.70618242,0.69595878,1.447733e-02
-0.112242,0.848485,0.848265,0.69951917,0.69011558,1.344293e-02
-0.108030,0.848485,0.848265,0.69294974,0.68432416,1.244763e-02
-0.103818,0.848485,0.848265,0.68647238,0.67858388,1.149136e-02
-0.099606,0.848485,0.848265,0.68008536,0.67289410,1.057406e-02
-0.095394,0.848485,0.848265,0.67378704,0.66725422,9.695674e-03
-0.091182,0.848485,0.848265,0.66757575,0.66166362,8.856124e-03
-0.086970,0.848485,0.848265,0.66144992,0.65612171,8.055346e-03
-0.082758,0.848485,0.848265,0.65540797,0.65062791,7.293261e-03
-0.078545,0.848485,0.848265,0.64944840,0.64518166,6.569787e-03
-0.074333,0.848485,0.848265,0.64356970,0.63978239,5.884842e-03
-0.070121,0.848485,0.848265,0.63777042,0.63442956,5.238329e-03
-0.065909,0.848485,0.848265,0.63204913,0.62912265,4.630151e-03
-0.061697,0.848485,0.848265,0.62640445,0.62386112,4.060202e-03
-0.057485,0.848485,0.848265,0.62083501,0.61864447,3.528368e-03
-0.053273,0.848485,0.848265,0.61533948,0.61347221,3.034531e-03
-0.049061,0.848485,0.848265,0.60991656,0.60834386,2.578554e-03
-0.044848,0.848485,0.848265,0.60456498,0.60325894,2.160305e-03
-0.040636,0.848485,0.848265,0.59928349,0.59821699,1.779631e-03
-0.036424,0.848485,0.848265,0.59407087,0.59321757,1.436374e-03
-0.032212,0.848485,0.848265,0.58892594,0.58826024,1.130360e-03
-0.028000,0.848485,0.848265,0.58384751,0.58334458,8.614119e-04
-0.023788,0.848485,0.848265,0.57883447,0.57847018,6.293341e-04
-0.019576,0.848485,0.848265,0.57388567,0.57363665,4.339189e-04
-0.015364,0.848485,0.848265,0.56900004,0.56884360,2.749456e-04
-0.011152,0.848485,0.848265,0.56417650,0.56409065,1.521770e-04
-0.006939,0.848485,0.848265,0.55941401,0.55937744,6.536895e-05
-0.002727,0.848485,0.848265,0.55471154,0.55470363,1.425156e-05
0.001485,0.848485,0.848265,0.55006808,0.55006888,1.455967e-06
0.005697,0.848485,0.848265,0.54548266,0.54547287,1.795001e-05
0.009909,0.848485,0.848265,0.54095431,0.54091528,7.215166e-05
0.014121,0.848485,0.848265,0.53648208,0.53639581,1.608139e-04
0.018333,0.848485,0.848265,0.53206506,0.53191417,2.835861e-04
0.022545,0.848485,0.848265,0.52770233,0.52747010,4.400910e-04
0.026758,0.848485,0.848265,0.52339302,0.52306332,6.299353e-04
0.030970,0.848485,0.848265,0.51913626,0.51869359,8.527055e-04
0.035182,0.848485,0.848265,0.51493119,0.51436066,1.107960e-03
0.039394,0.848485,0.848265,0.51077698,0.51006432,1.395241e-03
0.043606,0.848485,0.848265,0.50667281,0.50580434,1.714057e-03
0.047818,0.848485,0.848265,0.50261789,0.50158053,2.063908e-03
0.052030,0.848485,0.848265,0.49861142,0.49739269,2.444252e-03
0.056242,0.848485,0.848265,0.49465265,0.49324065,2.854524e-03
0.060455,0.848485,0.848265,0.49074081,0.48912424,3.294144e-03
0.064667,0.848485,0.848265,0.48687517,0.48504331,3.762489e-03
0.068879,0.848485,0.848265,0.48305501,0.48099772,4.258917e-03
0.073091,0.848485,0.848265,0.47927961,0.47698734,4.782747e-03
0.077303,0.848485,0.848265,0.47554828,0.47301205,5.333273e-03
0.081515,0.848485,0.848265,0.47186032,0.46907174,5.909755e-03
0.085727,0.848485,0.848265,0.46821509,0.46516634,6.511431e-03
0.089939,0.848485,0.848265,0.46461191,0.46129575,7.137482e-03
0.094152,0.848485,0.848265,0.46105014,0.45745991,7.787078e-03
0.098364,0.848485,0.848265,0.45752916,0.45365876,8.459337e-03
0.102576,0.848485,0.848265,0.45404833,0.44989227,9.153352e-03
0.106788,0.848485,0.848265,0.45060706,0.44616039,9.868174e-03
0.111000,0.848485,0.848265,0.44720475,0.44246312,1.060281e-02
0.115212,0.848485,0.848265,0.44384080,0.43880044,1.135624e-02
0.119424,0.848485,0.848265,0.44051465,0.43517236,1.212738e-02
0.123636,0.848485,0.848265,0.43722574,0.43157890,1.291515e-02
0.127848,0.848485,0.848265,0.43397349,0.42802009,1.371836e-02
0.132061,0.848485,0.848265,0.43075739,0.42449597,1.453584e-02
0.136273,0.848485,0.848265,0.42757689,0.42100660,1.536634e-02
0.140485,0.848485,0.848265,0.42443147,0.41755203,1.620858e-02
0.144697,0.848485,0.848265,0.42132061,0.41413236,1.706122e-02
0.148909,0.848485,0.848265,0.41824381,0.41074768,1.792287e-02
0.153121,0.848485,0.848265,0.41520057,0.40739808,1.879211e-02
0.157333,0.848485,0.848265,0.41219042,0.40408368,1.966746e-02
0.161545,0.848485,0.848265,0.40921287,0.40080462,2.054737e-02
0.165758,0.848485,0.848265,0.40626744,0.39756102,2.143028e-02
0.169970,0.848485,0.848265,0.40335370,0.39435305,2.231452e-02
0.174182,0.848485,0.848265,0.40047116,0.39118087,2.319842e-02
0.178394,0.848485,0.848265,0.39761941,0.38804465,2.408022e-02
0.182606,0.848485,0.848265,0.39479799,0.38494458,2.495811e-02
0.186818,0.848485,0.848265,0.39200649,0.38188088,2.583022e-02
0.191030,0.848485,0.848265,0.38924447,0.37885374,2.669462e-02
0.195242,0.848485,0.848265,0.38651153,0.37586339,2.754934e-02
0.199455,0.848485,0.848265,0.38380726,0.37291008,2.839231e-02
0.203667,0.848485,0.848265,0.38113125,0.36999405,2.922143e-02
0.207879,0.848485,0.848265,0.37848312,0.36711557,3.003451e-02
0.212091,0.848485,0.848265,0.37586249,0.36427491,3.082931e-02
0.216303,0.848485,0.848265,0.37326896,0.36147235,3.160351e-02
0.220515,0.848485,0.848265,0.37070218,0.35870821,3.235474e-02
0.224727,0.848485,0.848265,0.36816177,0.35598278,3.308054e-02
0.228939,0.848485,0.848265,0.36564737,0.35329639,3.377838e-02
0.233152,0.848485,0.848265,0.36315863,0.35064938,3.444569e-02
0.237364,0.848485,0.848265,0.36069520,0.34804209,3.507977e-02
0.241576,0.848485,0.848265,0.35825674,0.34547489,3.567789e-02
0.245788,0.848485,0.848265,0.35584291,0.34294815,3.623723e-02
0.250000,0.848485,0.848265,0.35345339,0.34046225,3.675488e-02
-0.167000,0.909091,0.908855,0.79474847,0.77090140,3.000580e-02
-0.162788,0.909091,0.908855,0.78680023,0.76437861,2.849723e-02
-0.158576,0.909091,0.908855,0.77897059,0.75791628,2.702837e-02
-0.154364,0.909091,0.908855,0.77125718,0.75151363,2.559917e-02
-0.150152,0.909091,0.908855,0.76365771,0.74516988,2.420958e-02
-0.145939,0.909091,0.908855,0.75616997,0.73888427,2.285953e-02
-0.141727,0.909091,0.908855,0.74879175,0.73265605,2.154899e-02
-0.137515,0.909091,0.908855,0.74152095,0.72648447,2.027790e-02
-0.133303,0.909091,0.908855,0.73435548,0.72036880,1.904620e-02
-0.129091,0.909091,0.908855,0.72729333,0.71430834,1.785385e-02
-0.124879,0.909091,0.908855,0.72033251,0.70830238,1.670080e-02
-0.120667,0.909091,0.908855,0.71347109,0.70235022,1.558700e-02
-0.116455,0.909091,0.908855,0.70670720,0.69645119,1.451238e-02
-0.112242,0.909091,0.908855,0.70003899,0.69060463,1.347691e-02
-0.108030,0.909091,0.908855,0.69346467,0.68480987,1.248052e-02
-0.103818,0.909091,0.908855,0.68698248,0.67906628,1.152314e-02
-0.099606,0.909091,0.908855,0.68059071,0.67337323,1.060474e-02
-0.095394,0.909091,0.908855,0.67428769,0.66773009,9.725224e-03
-0.091182,0.909091,0.908855,0.66807178,0.66213627,8.884543e-03
-0.086970,0.909091,0.908855,0.66194139,0.65659117,8.082618e-03
-0.082758,0.909091,0.908855,0.65589495,0.65109421,7.319373e-03
-0.078545,0.909091,0.908855,0.64993093,0.64564481,6.594730e-03
-0.074333,0.909091,0.908855,0.64404785,0.64024243,5.908598e-03
-0.070121,0.909091,0.908855,0.63824426,0.63488652,5.260887e-03
-0.065909,0.909091,0.908855,0.63251871,0.62957655,4.651494e-03
-0.061697,0.909091,0.908855,0.62686983,0.62431200,4.080317e-03
-0.057485,0.909091,0.908855,0.62129624,0.61909235,3.547238e-03
-0.053273,0.909091,0.908855,0.61579662,0.61391712,3.052137e-03
-0.049061,0.909091,0.908855,0.61036966,0.60878583,2.594885e-03
-0.044848,0.909091,0.908855,0.60501410,0.60369799,2.175340e-03
-0.040636,0.909091,0.908855,0.59972868,0.59865315,1.793353e-03
-0.036424,0.909091,0.908855,0.59451218,0.59365087,1.448765e-03
-0.032212,0.909091,0.908855,0.58936341,0.58869071,1.141404e-03
-0.028000,0.909091,0.908855,0.58428121,0.58377225,8.710832e-04
-0.023788,0.909091,0.908855,0.57926443,0.57889508,6.376164e-04
-0.019576,0.909091,0.908855,0.57431195,0.57405880,4.407916e-04
-0.015364,0.909091,0.908855,0.56942269,0.56926303,2.803841e-04
-0.011152,0.909091,0.908855,0.56459556,0.56450739,1.561655e-04
-0.006939,0.909091,0.908855,0.55982952,0.55979152,6.788201e-05
-0.002727,0.909091,0.908855,0.55512355,0.55511508,1.526555e-05
0.001485,0.909091,0.908855,0.55047664,0.55047772,1.960556e-06
0.005697,0.909091,0.908855,0.54588780,0.54587912,1.589851e-05
0.009909,0.909091,0.908855,0.54135608,0.54131898,6.852956e-05
0.014121,0.909091,0.908855,0.53688052,0.53679699,1.555990e-04
0.018333,0.909091,0.908855,0.53246022,0.53231286,2.767508e-04
0.022545,0.909091,0.908855,0.52809424,0.52786631,4.316089e-04
0.026758,0.909091,0.908855,0.52378173,0.52345710,6.197792e-04
0.030970,0.909091,0.908855,0.51952179,0.51908495,8.408482e-04
0.035182,0.909091,0.908855,0.51531359,0.51474965,1.094375e-03
0.039394,0.909091,0.908855,0.51115629,0.51045095,1.379897e-03
0.043606,0.909091,0.908855,0.50704907,0.50618864,1.696932e-03
0.047818,0.909091,0.908855,0.50299113,0.50196253,2.044966e-03
0.052030,0.909091,0.908855,0.49898169,0.49777242,2.423466e-03
0.056242,0.909091,0.908855,0.49501997,0.49361814,2.831867e-03
0.060455,0.909091,0.908855,0.49110522,0.48949951,3.269581e-03
0.064667,0.909091,0.908855,0.48723671,0.48541640,3.735991e-03
0.068879,0.909091,0.908855,0.48341370,0.48136865,4.230449e-03
0.073091,0.909091,0.908855,0.47963549,0.47735613,4.752279e-03
0.077303,0.909091,0.908855,0.47590138,0.47337874,5.300773e-03
0.081515,0.909091,0.908855,0.47221069,0.46943636,5.875190e-03
0.085727,0.909091,0.908855,0.46856274,0.46552891,6.474764e-03
0.089939,0.909091,0.908855,0.46495688,0.46165630,7.098686e-03
0.094152,0.909091,0.908855,0.46139247,0.45781847,7.746113e-03
0.098364,0.909091,0.908855,0.45786886,0.45401536,8.416172e-03
0.102576,0.909091,0.908855,0.45438545,0.45024693,9.107952e-03
0.106788,0.909091,0.908855,0.45094162,0.44651315,9.820500e-03
0.111000,0.909091,0.908855,0.44753677,0.44281399,1.055283e-02
0.115212,0.909091,0.908855,0.44417032,0.43914946,1.130391e-02
0.119424,0.909091,0.908855,0.44084170,0.43551956,1.207269e-02
0.123636,0.909091,0.908855,0.43755034,0.43192430,1.285803e-02
0.127848,0.909091,0.908855,0.43429568,0.42836372,1.365880e-02
0.132061,0.909091,0.908855,0.43107718,0.42483786,1.447379e-02
0.136273,0.909091,0.908855,0.42789432,0.42134678,1.530177e-02
0.140485,0.909091,0.908855,0.42474655,0.41789053,1.614144e-02
0.144697,0.909091,0.908855,0.42163338,0.41446921,1.699148e-02
0.148909,0.909091,0.908855,0.41855429,0.41108289,1.785049e-02
0.153121,0.909091,0.908855,0.41550880,0.40773169,1.871706e-02
0.157333,0.909091,0.908855,0.41249640,0.40441573,1.958969e-02
0.161545,0.909091,0.908855,0.40951664,0.40113512,2.046686e-02
0.165758,0.909091,0.908855,0.40656902,0.39789001,2.134698e-02
0.169970,0.909091,0.908855,0.40365311,0.39468055,2.222840e-02
0.174182,0.909091,0.908855,0.40076844,0.39150690,2.310944e-02
0.178394,0.909091,0.908855,0.39791456,0.38836925,2.398833e-02
0.182606,0.909091,0.908855,0.39509105,0.38526779,2.486328e-02
0.186818,0.909091,0.908855,0.39229747,0.38220270,2.573242e-02
0.191030,0.909091,0.908855,0.38953340,0.37917421,2.659382e-02
0.195242,0.909091,0.908855,0.38679842,0.37618255,2.744549e-02
0.199455,0.909091,0.908855,0.38409214,0.37322795,2.828537e-02
0.203667,0.909091,0.908855,0.38141414,0.37031066,2.911137e-02
0.207879,0.909091,0.908855,0.37876405,0.36743094,2.992129e-02
0.212091,0.909091,0.908855,0.37614146,0.36458907,3.071290e-02
0.216303,0.909091,0.908855,0.37354601,0.36178533,3.148388e-02
0.220515,0.909091,0.908855,0.37097732,0.35902003,3.223184e-02
0.224727,0.909091,0.908855,0.36843502,0.35629348,3.295435e-02
0.228939,0.909091,0.908855,0.36591875,0.35360600,3.364886e-02
0.233152,0.909091,0.908855,0.36342816,0.35095792,3.431280e-02
0.237364,0.909091,0.908855,0.36096290,0.34834959,3.494350e-02
0.241576,0.909091,0.908855,0.35852263,0.34578138,3.553819e-02
0.245788,0.909091,0.908855,0.35610701,0.34325366,3.609407e-02
0.250000,0.909091,0.908855,0.35371571,0.34076680,3.660823e-02
-0.167000,0.969697,0.969446,0.79537897,0.77147287,3.005625e-02
-0.162788,0.969697,0.969446,0.78742442,0.76494612,2.854661e-02
-0.158576,0.969697,0.969446,0.77958855,0.75847987,2.707669e-02
-0.154364,0.969697,0.969446,0.77186900,0.75207333,2.564642e-02
-0.150152,0.969697,0.969446,0.76426350,0.74572572,2.425575e-02
-0.145939,0.969697,0.969446,0.75676980,0.73943627,2.290462e-02
-0.141727,0.969697,0.969446,0.74938572,0.73320424,2.159299e-02
-0.137515,0.969697,0.969446,0.74210913,0.72702889,2.032080e-02
-0.133303,0.969697,0.969446,0.73493797,0.72090948,1.908800e-02
-0.129091,0.969697,0.969446,0.72787020,0.71484530,1.789454e-02
-0.124879,0.969697,0.969446,0.72090385,0.70883565,1.674036e-02
-0.120667,0.969697,0.969446,0.71403698,0.70287984,1.562543e-02
-0.116455,0.969697,0.969446,0.70726771,0.69697719,1.454968e-02
-0.112242,0.969697,0.969446,0.70059420,0.69112703,1.351305e-02
-0.108030,0.969697,0.969446,0.69401465,0.68532871,1.251550e-02
-0.103818,0.969697,0.969446,0.68752731,0.67958159,1.155696e-02
-0.099606,0.969697,0.969446,0.68113046,0.67388503,1.063737e-02
-0.095394,0.969697,0.969446,0.67482243,0.66823842,9.756661e-03
-0.091182,0.969697,0.969446,0.66860158,0.66264115,8.914774e-03
-0.086970,0.969697,0.969446,0.66246632,0.65709263,8.111630e-03
-0.082758,0.969697,0.969446,0.65641507,0.65159229,7.347155e-03
-0.078545,0.969697,0.969446,0.65044632,0.64613954,6.621264e-03
-0.074333,0.969697,0.969446,0.64455856,0.64073383,5.933872e-03
-0.070121,0.969697,0.969446,0.63875035,0.63537463,5.284885e-03
-0.065909,0.969697,0.969446,0.63302026,0.63006139,4.674202e-03
-0.061697,0.969697,0.969446,0.62736688,0.62479360,4.101717e-03
-0.057485,0.969697,0.969446,0.62178887,0.61957075,3.567315e-03
-0.053273,0.969697,0.969446,0.61628488,0.61439235,3.070875e-03
-0.049061,0.969697,0.969446,0.61085361,0.60925790,2.612264e-03
-0.044848,0.969697,0.969446,0.60549379,0.60416695,2.191341e-03
-0.040636,0.969697,0.969446,0.60020417,0.59911903,1.807958e-03
-0.036424,0.969697,0.969446,0.59498353,0.59411369,1.461954e-03
-0.032212,0.969697,0.969446,0.58983067,0.58915050,1.153157e-03
-0.028000,0.969697,0.969446,0.58474443,0.58422905,8.813823e-04
-0.023788,0.969697,0.969446,0.57972366,0.57934891,6.464368e-04
-0.019576,0.969697,0.969446,0.57476725,0.57450969,4.481113e-04
-0.015364,0.969697,0.969446,0.56987410,0.56971101,2.861849e-04
-0.011152,0.969697,0.969446,0.56504314,0.56495250,1.604178e-04
-0.006939,0.969697,0.969446,0.56027332,0.56023378,7.056567e-05
-0.002727,0.969697,0.969446,0.55556361,0.55555452,1.635692e-05
0.001485,0.969697,0.969446,0.55091300,0.55091438,2.490225e-06
0.005697,0.969697,0.969446,0.54632052,0.54631302,1.372747e-05
0.009909,0.969697,0.969446,0.54178520,0.54175015,6.468896e-05
0.014121,0.969697,0.969446,0.53730609,0.53722546,1.500609e-04
0.018333,0.969697,0.969446,0.53288227,0.53273867,2.694888e-04
0.022545,0.969697,0.969446,0.52851283,0.52828949,4.225948e-04
0.026758,0.969697,0.969446,0.52419689,0.52387766,6.089874e-04
0.030970,0.969697,0.969446,0.51993358,0.51950294,8.282473e-04
0.035182,0.969697,0.969446,0.51572203,0.51516509,1.079935e-03
0.039394,0.969697,0.969446,0.51156143,0.51086387,1.363591e-03
0.043606,0.969697,0.969446,0.50745095,0.50659908,1.678722e-03
0.047818,0.969697,0.969446,0.50338979,0.50237051,2.024831e-03
0.052030,0.969697,0.969446,0.49937716,0.49817797,2.401363e-03
0.056242,0.969697,0.969446,0.49541229,0.49402129,2.807772e-03
0.060455,0.969697,0.969446,0.49149444,0.48990030,3.243458e-03
0.064667,0.969697,0.969446,0.48762285,0.48581484,3.707809e-03
0.068879,0.969697,0.969446,0.48379681,0.48176478,4.200172e-03
0.073091,0.969697,0.969446,0.48001560,0.47774999,4.719873e-03
0.077303,0.969697,0.969446,0.47627853,0.47377035,5.266206e-03
0.081515,0.969697,0.969446,0.47258490,0.46982575,5.838426e-03
0.085727,0.969697,0.969446,0.46893406,0.46591611,6.435767e-03
0.089939,0.969697,0.969446,0.46532534,0.46204134,7.057415e-03
0.094152,0.969697,0.969446,0.46175809,0.45820138,7.702539e-03
0.098364,0.969697,0.969446,0.45823169,0.45439617,8.370257e-03
0.102576,0.969697,0.969446,0.45474551,0.45062568,9.059656e-03
0.106788,0.969697,0.969446,0.45129895,0.44688985,9.769788e-03
0.111000,0.969697,0.969446,0.44789140,0.44318869,1.049966e-02
0.115212,0.969697,0.969446,0.44452228,0.43952218,1.124825e-02
0.119424,0.969697,0.969446,0.44119101,0.43589033,1.201449e-02
0.123636,0.969697,0.969446,0.43789704,0.43229315,1.279726e-02
0.127848,0.969697,0.969446,0.43463980,0.42873069,1.359542e-02
0.132061,0.969697,0.969446,0.43141875,0.42520297,1.440777e-02
0.136273,0.969697,0.969446,0.42823335,0.42171005,1.523306e-02
0.140485,0.969697,0.969446,0.42508309,0.41825201,1.607000e-02
0.144697,0.969697,0.969446,0.42196745,0.41482891,1.691727e-02
0.148909,0.969697,0.969446,0.41888592,0.41144086,1.777348e-02
0.153121,0.969697,0.969446,0.41583800,0.40808795,1.863720e-02
0.157333,0.969697,0.969446,0.41282322,0.40477030,1.950694e-02
0.161545,0.969697,0.969446,0.40984109,0.40148804,2.038119e-02
0.165758,0.969697,0.969446,0.40689114,0.39824131,2.125834e-02
0.169970,0.969697,0.969446,0.40397291,0.39503026,2.213675e-02
0.174182,0.969697,0.969446,0.40108595,0.39185506,2.301474e-02
0.178394,0.969697,0.969446,0.39822981,0.38871588,2.389055e-02
0.182606,0.969697,0.969446,0.39540405,0.38561291,2.476237e-02
0.186818,0.969697,0.969446,0.39260825,0.38254635,2.562834e-02
0.191030,0.969697,0.969446,0.38984199,0.37951643,2.648653e-02
0.195242,0.969697,0.969446,0.38710484,0.37652335,2.733495e-02
0.199455,0.969697,0.969446,0.38439641,0.37356737,2.817155e-02
0.203667,0.969697,0.969446,0.38171629,0.37064873,2.899423e-02
0.207879,0.969697,0.969446,0.37906410,0.36776769,2.980079e-02
0.212091,0.969697,0.969446,0.37643943,0.36492453,3.058900e-02
0.216303,0.969697,0.969446,0.37384192,0.36211953,3.135653e-02
0.220515,0.969697,0.969446,0.37127119,0.35935300,3.210103e-02
0.224727,0.969697,0.969446,0.36872687,0.35662524,3.282002e-02
0.228939,0.969697,0.969446,0.36620860,0.35393659,3.351099e-02
0.233152,0.969697,0.969446,0.36371604,0.35128737,3.417135e-02
0.237364,0.969697,0.969446,0.36124882,0.34867793,3.479842e-02
0.241576,0.969697,0.969446,0.35880661,0.34610864,3.538947e-02
0.245788,0.969697,0.969446,0.35638908,0.34357986,3.594166e-02
0.250000,0.969697,0.969446,0.35399588,0.34109199,3.645211e-02
-0.167000,1.030303,1.030036,0.79604956,0.77208078,3.010965e-02
-0.162788,1.030303,1.030036,0.78808829,0.76554983,2.859890e-02
-0.158576,1.030303,1.030036,0.78024579,0.75907940,2.712785e-02
-0.154364,1.030303,1.030036,0.77251972,0.75266871,2.569645e-02
-0.150152,1.030303,1.030036,0.76490779,0.74631699,2.430463e-02
-0.145939,1.030303,1.030036,0.75740776,0.74002346,2.295236e-02
-0.141727,1.030303,1.030036,0.75001744,0.73378738,2.163957e-02
-0.137515,1.030303,1.030036,0.74273471,0.72760801,2.036622e-02
-0.133303,1.030303,1.030036,0.73555749,0.72148462,1.913225e-02
-0.129091,1.030303,1.030036,0.72848375,0.71541649,1.793761e-02
-0.124879,1.030303,1.030036,0.72151151,0.70940292,1.678226e-02
-0.120667,1.030303,1.030036,0.71463884,0.70344322,1.566612e-02
-0.116455,1.030303,1.030036,0.70786385,0.69753671,1.458917e-02
-0.112242,1.030303,1.030036,0.70118470,0.69168272,1.355132e-02
-0.108030,1.030303,1.030036,0.69459960,0.68588061,1.255254e-02
-0.103818,1.030303,1.030036,0.68810678,0.68012972,1.159276e-02
-0.099606,1.030303,1.030036,0.68170453,0.67442943,1.067192e-02
-0.095394,1.030303,1.030036,0.67539117,0.66877912,9.789955e-03
-0.091182,1.030303,1.030036,0.66916506,0.66317818,8.946791e-03
-0.086970,1.030303,1.030036,0.66302461,0.65762603,8.142357e-03
-0.082758,1.030303,1.030036,0.65696826,0.65212208,7.376579e-03
-0.078545,1.030303,1.030036,0.65099446,0.64666576,6.649370e-03
-0.074333,1.030303,1.030036,0.64510174,0.64125652,5.960642e-03
-0.070121,1.030303,1.030036,0.63928862,0.63589380,5.310305e-03
-0.065909,1.030303,1.030036,0.63355369,0.63057709,4.698255e-03
-0.061697,1.030303,1.030036,0.62789554,0.62530585,4.124388e-03
-0.057485,1.030303,1.030036,0.62231281,0.62007959,3.588585e-03
-0.053273,1.030303,1.030036,0.61680418,0.61489781,3.090725e-03
-0.049061,1.030303,1.030036,0.61136832,0.60976001,2.630677e-03
-0.044848,1.030303,1.030036,0.60600398,0.60466574,2.208296e-03
-0.040636,1.030303,1.030036,0.60070989,0.59961453,1.823435e-03
-0.036424,1.030303,1.030036,0.59548484,0.59460594,1.475931e-03
-0.032212,1.030303,1.030036,0.59032763,0.58963954,1.165614e-03
-0.028000,1.030303,1.030036,0.58523710,0.58471489,8.922997e-04
-0.023788,1.030303,1.030036,0.58021209,0.57983160,6.557886e-04
-0.019576,1.030303,1.030036,0.57525150,0.57498925,4.558743e-04
-0.015364,1.030303,1.030036,0.57035422,0.57018748,2.923386e-04
-0.011152,1.030303,1.030036,0.56551918,0.56542590,1.649370e-04
-0.006939,1.030303,1.030036,0.56074533,0.56070416,7.342237e-05
-0.002727,1.030303,1.030036,0.55603164,0.55602190,1.752612e-05
0.001485,1.030303,1.030036,0.55137711,0.55137879,3.034546e-06
0.005697,1.030303,1.030036,0.54678076,0.54677450,1.144395e-05
0.009909,1.030303,1.030036,0.54224161,0.54220872,6.063837e-05
0.014121,1.030303,1.030036,0.53775872,0.53768116,1.442135e-04
0.018333,1.030303,1.030036,0.53333116,0.53319153,2.618170e-04
0.022545,1.030303,1.030036,0.52895804,0.52873954,4.130672e-04
0.026758,1.030303,1.030036,0.52463845,0.52432494,5.975736e-04
0.030970,1.030303,1.030036,0.52037154,0.51994748,8.149166e-04
0.035182,1.030303,1.030036,0.51615644,0.51560691,1.064661e-03
0.039394,1.030303,1.030036,0.51199233,0.51130301,1.346336e-03
0.043606,1.030303,1.030036,0.50787837,0.50703557,1.659457e-03
0.047818,1.030303,1.030036,0.50381379,0.50280439,2.003517e-03
0.052030,1.030303,1.030036,0.49979777,0.49860926,2.377977e-03
0.056242,1.030303,1.030036,0.49582956,0.49445003,2.782269e-03
0.060455,1.030303,1.030036,0.49190840,0.49032652,3.215809e-03
0.064667,1.030303,1.030036,0.48803355,0.48623857,3.677976e-03
0.068879,1.030303,1.030036,0.48420428,0.48218605,4.168121e-03
0.073091,1.030303,1.030036,0.48041988,0.47816884,4.685568e-03
0.077303,1.030303,1.030036,0.47667965,0.47418680,5.229608e-03
0.081515,1.030303,1.030036,0.47298291,0.47023984,5.799503e-03
0.085727,1.030303,1.030036,0.46932898,0.46632787,6.394473e-03
0.089939,1.030303,1.030036,0.46571722,0.46245081,7.013720e-03
0.094152,1.030303,1.030036,0.46214696,0.45860858,7.656397e-03
0.098364,1.030303,1.030036,0.45861759,0.45480114,8.321636e-03
0.102576,1.030303,1.030036,0.45512847,0.45102844,9.008511e-03
0.106788,1.030303,1.030036,0.45167900,0.44729045,9.716080e-03
0.111000,1.030303,1.030036,0.44826857,0.44358714,1.044336e-02
0.115212,1.030303,1.030036,0.44489661,0.43991853,1.118930e-02
0.119424,1.030303,1.030036,0.44156254,0.43628460,1.195286e-02
0.123636,1.030303,1.030036,0.43826578,0.43268538,1.273291e-02
0.127848,1.030303,1.030036,0.43500579,0.42912090,1.352830e-02
0.132061,1.030303,1.030036,0.43178202,0.42559120,1.433783e-02
0.136273,1.030303,1.030036,0.42859394,0.42209634,1.516027e-02
0.140485,1.030303,1.030036,0.42544102,0.41863638,1.599433e-02
0.144697,1.030303,1.030036,0.42232275,0.41521140,1.683866e-02
0.148909,1.030303,1.030036,0.41923863,0.41182150,1.769190e-02
0.153121,1.030303,1.030036,0.41618814,0.40846677,1.855260e-02
0.157333,1.030303,1.030036,0.41317081,0.40514733,1.941928e-02
0.161545,1.030303,1.030036,0.41018617,0.40186332,2.029042e-02
0.165758,1.030303,1.030036,0.40723373,0.39861486,2.116443e-02
0.169970,1.030303,1.030036,0.40431304,0.39540212,2.203965e-02
0.174182,1.030303,1.030036,0.40142364,0.39222525,2.291441e-02
0.178394,1.030303,1.030036,0.39856509,0.38908444,2.378694e-02
0.182606,1.030303,1.030036,0.39573695,0.38597988,2.465545e-02
0.186818,1.030303,1.030036,0.39293880,0.38291176,2.551807e-02
0.191030,1.030303,1.030036,0.39017020,0.37988030,2.637286e-02
0.195242,1.030303,1.030036,0.38743075,0.37688572,2.721784e-02
0.199455,1.030303,1.030036,0.38472003,0.37392827,2.805096e-02
0.203667,1.030303,1.030036,0.38203765,0.37100819,2.887011e-02
0.207879,1.030303,1.030036,0.37938322,0.36812574,2.967311e-02
0.212091,1.030303,1.030036,0.37675634,0.36528121,3.045771e-02
0.216303,1.030303,1.030036,0.37415664,0.36247487,3.122160e-02
0.220515,1.030303,1.030036,0.37158374,0.35970703,3.196241e-02
0.224727,1.030303,1.030036,0.36903728,0.35697799,3.267768e-02
0.228939,1.030303,1.030036,0.36651689,0.35428809,3.336489e-02
0.233152,1.030303,1.030036,0.36402222,0.35163766,3.402145e-02
0.237364,1.030303,1.030036,0.36155292,0.34902704,3.464468e-02
0.241576,1.030303,1.030036,0.35910866,0.34645659,3.523186e-02
0.245788,1.030303,1.030036,0.35668908,0.34392670,3.578014e-02
0.250000,1.030303,1.030036,0.35429387,0.34143773,3.628665e-02
-0.167000,1.090909,1.090626,0.79676012,0.77272507,3.016598e-02
-0.162788,1.090909,1.090626,0.78879172,0.76618965,2.865405e-02
-0.158576,1.090909,1.090626,0.78094221,0.75971479,2.718181e-02
-0.154364,1.090909,1.090626,0.77320923,0.75329971,2.574921e-02
-0.150152,1.090909,1.090626,0.76559049,0.74694362,2.435619e-02
-0.145939,1.090909,1.090626,0.75808375,0.74064577,2.300271e-02
-0.141727,1.090909,1.090626,0.75068682,0.73440539,2.168871e-02
-0.137515,1.090909,1.090626,0.74339757,0.72822176,2.041413e-02
-0.133303,1.090909,1.090626,0.73621393,0.72209414,1.917893e-02
-0.129091,1.090909,1.090626,0.72913386,0.71602181,1.798305e-02
-0.124879,1.090909,1.090626,0.72215539,0.71000408,1.682644e-02
-0.120667,1.090909,1.090626,0.71527657,0.70404026,1.570905e-02
-0.116455,1.090909,1.090626,0.70849552,0.69812966,1.463082e-02
-0.112242,1.090909,1.090626,0.70181040,0.69227161,1.359169e-02
-0.108030,1.090909,1.090626,0.69521941,0.68646547,1.259162e-02
-0.103818,1.090909,1.090626,0.68872078,0.68071059,1.163053e-02
-0.099606,1.090909,1.090626,0.68231281,0.67500635,1.070837e-02
-0.095394,1.090909,1.090626,0.67599380,0.66935211,9.825074e-03
-0.091182,1.090909,1.090626,0.66976213,0.66374729,8.980563e-03
-0.086970,1.090909,1.090626,0.66361619,0.65819128,8.174772e-03
-0.082758,1.090909,1.090626,0.65755442,0.65268351,7.407617e-03
-0.078545,1.090909,1.090626,0.65157528,0.64722340,6.679019e-03
-0.074333,1.090909,1.090626,0.64567729,0.64181040,5.988885e-03
-0.070121,1.090909,1.090626,0.63985897,0.63644397,5.337126e-03
-0.065909,1.090909,1.090626,0.63411891,0.63112357,4.723637e-03
-0.061697,1.090909,1.090626,0.62845571,0.62584868,4.148311e-03
-0.057485,1.090909,1.090626,0.62286799,0.62061880,3.611030e-03
-0.053273,1.090909,1.090626,0.61735443,0.61543342,3.111673e-03
-0.049061,1.090909,1.090626,0.61191372,0.61029208,2.650110e-03
-0.044848,1.090909,1.090626,0.60654458,0.60519429,2.226192e-03
-0.040636,1.090909,1.090626,0.60124576,0.60013960,1.839773e-03
-0.036424,1.090909,1.090626,0.59601603,0.59512756,1.490690e-03
-0.032212,1.090909,1.090626,0.59085422,0.59015774,1.178771e-03
-0.028000,1.090909,1.090626,0.58575913,0.58522971,9.038299e-04
-0.023788,1.090909,1.090626,0.58072964,0.58034306,6.656708e-04
-0.019576,1.090909,1.090626,0.57576461,0.57549740,4.640820e-04
-0.015364,1.090909,1.090626,0.57086295,0.57069235,2.988453e-04
-0.011152,1.090909,1.090626,0.56602359,0.56592752,1.697195e-04
-0.006939,1.090909,1.090626,0.56124547,0.56120256,7.645214e-05
-0.002727,1.090909,1.090626,0.55652757,0.55651712,1.877904e-05
0.001485,1.090909,1.090626,0.55186889,0.55187087,3.588888e-06
0.005697,1.090909,1.090626,0.54726842,0.54726347,9.053332e-06
0.009909,1.090909,1.090626,0.54272521,0.54269461,5.638147e-05
0.014121,1.090909,1.090626,0.53823832,0.53816401,1.380635e-04
0.018333,1.090909,1.090626,0.53380681,0.53367136,2.537398e-04
0.022545,1.090909,1.090626,0.52942977,0.52921640,4.030339e-04
0.026758,1.090909,1.090626,0.52510633,0.52479885,5.855560e-04
0.030970,1.090909,1.090626,0.52083560,0.52041848,8.008770e-04
0.035182,1.090909,1.090626,0.51661674,0.51607503,1.048564e-03
0.039394,1.090909,1.090626,0.51244890,0.51176829,1.328153e-03
0.043606,1.090909,1.090626,0.50833128,0.50749805,1.639154e-03
0.047818,1.090909,1.090626,0.50426306,0.50326408,1.981054e-03
0.052030,1.090909,1.090626,0.50024346,0.49906622,2.353322e-03
0.056242,1.090909,1.090626,0.49627170,0.49490428,2.755387e-03
0.060455,1.090909,1.090626,0.49234704,0.49077809,3.186664e-03
0.064667,1.090909,1.090626,0.48846872,0.48668751,3.646527e-03
0.068879,1.090909,1.090626,0.48463603,0.48263239,4.134331e-03
0.073091,1.090909,1.090626,0.48084825,0.47861260,4.649398e-03
0.077303,1.090909,1.090626,0.47710468,0.47462802,5.191023e-03
0.081515,1.090909,1.090626,0.47340464,0.47067856,5.758456e-03
0.085727,1.090909,1.090626,0.46974745,0.46676412,6.350933e-03
0.089939,1.090909,1.090626,0.46613246,0.46288462,6.967640e-03
0.094152,1.090909,1.090626,0.46255901,0.45903999,7.607739e-03
0.098364,1.090909,1.090626,0.45902649,0.45523017,8.270355e-03
0.102576,1.090909,1.090626,0.45553425,0.45145514,8.954570e-03
0.106788,1.090909,1.090626,0.45208170,0.44771484,9.659440e-03
0.111000,1.090909,1.090626,0.44866823,0.44400927,1.038396e-02
0.115212,1.090909,1.090626,0.44529325,0.44033842,1.112712e-02
0.119424,1.090909,1.090626,0.44195620,0.43670230,1.188785e-02
0.123636,1.090909,1.090626,0.43865650,0.43310091,1.266502e-02
0.127848,1.090909,1.090626,0.43539360,0.42953430,1.345749e-02
0.132061,1.090909,1.090626,0.43216696,0.42600250,1.426406e-02
0.136273,1.090909,1.090626,0.42897603,0.42250557,1.508349e-02
0.140485,1.090909,1.090626,0.42582030,0.41904358,1.591450e-02
0.144697,1.090909,1.090626,0.42269924,0.41561660,1.675573e-02
0.148909,1.090909,1.090626,0.41961236,0.41222473,1.760583e-02
0.153121,1.090909,1.090626,0.41655915,0.40886807,1.846334e-02
0.157333,1.090909,1.090626,0.41353913,0.40554674,1.932680e-02
0.161545,1.090909,1.090626,0.41055181,0.40226086,2.019466e-02
0.165758,1.090909,1.090626,0.40759674,0.39901058,2.106534e-02
0.169970,1.090909,1.090626,0.40467344,0.39579604,2.193720e-02
0.174182,1.090909,1.090626,0.40178146,0.39261741,2.280854e-02
0.178394,1.090909,1.090626,0.39892036,0.38947488,2.367762e-02
0.182606,1.090909,1.090626,0.39608970,0.38636862,2.454263e-02
0.186818,1.090909,1.090626,0.39328905,0.38329884,2.540170e-02
0.191030,1.090909,1.090626,0.39051798,0.38026575,2.625290e-02
0.195242,1.090909,1.090626,0.38777608,0.37726958,2.709425e-02
0.199455,1.090909,1.090626,0.38506294,0.37431057,2.792369e-02
0.203667,1.090909,1.090626,0.38237817,0.37138896,2.873911e-02
0.207879,1.090909,1.090626,0.37972137,0.36850503,2.953835e-02
0.212091,1.090909,1.090626,0.37709214,0.36565903,3.031914e-02
0.216303,1.090909,1.090626,0.37449012,0.36285127,3.107919e-02
0.220515,1.090909,1.090626,0.37191492,0.36008204,3.181610e-02
0.224727,1.090909,1.090626,0.36936619,0.35735165,3.252744e-02
0.228939,1.090909,1.090626,0.36684355,0.35466043,3.321068e-02
0.233152,1.090909,1.090626,0.36434666,0.35200870,3.386323e-02
0.237364,1.090909,1.090626,0.36187516,0.34939683,3.448241e-02
0.241576,1.090909,1.090626,0.35942871,0.34682516,3.506549e-02
0.245788,1.090909,1.090626,0.35700697,0.34429408,3.560965e-02
0.250000,1.090909,1.090626,0.35460962,0.34180396,3.611199e-02
-0.167000,1.151515,1.151217,0.79751053,0.77340563,3.022517e-02
-0.162788,1.151515,1.151217,0.78953461,0.76686550,2.871200e-02
-0.158576,1.151515,1.151217,0.78167769,0.76038596,2.723851e-02
-0.154364,1.151515,1.151217,0.77393741,0.75396623,2.580465e-02
-0.150152,1.151515,1.151217,0.76631148,0.74760553,2.441038e-02
-0.145939,1.151515,1.151217,0.75879765,0.74130310,2.305563e-02
-0.141727,1.151515,1.151217,0.75139374,0.73505818,2.174034e-02
-0.137515,1.151515,1.151217,0.74409762,0.72887004,2.046448e-02
-0.133303,1.151515,1.151217,0.73690720,0.72273796,1.922798e-02
-0.129091,1.151515,1.151217,0.72982045,0.71666120,1.803080e-02
-0.124879,1.151515,1.151217,0.72283538,0.71063907,1.687288e-02
-0.120667,1.151515,1.151217,0.71595008,0.70467088,1.575416e-02
-0.116455,1.151515,1.151217,0.70916263,0.69875596,1.467459e-02
-0.112242,1.151515,1.151217,0.70247120,0.69289362,1.363412e-02
-0.108030,1.151515,1.151217,0.69587399,0.68708323,1.263269e-02
-0.103818,1.151515,1.151217,0.68936923,0.68132413,1.167023e-02
-0.099606,1.151515,1.151217,0.68295521,0.67561570,1.074669e-02
-0.095394,1.151515,1.151217,0.67663024,0.66995732,9.861990e-03
-0.091182,1.151515,1.151217,0.67039269,0.66434838,9.016067e-03
-0.086970,1.151515,1.151217,0.66424095,0.65878830,8.208846e-03
-0.082758,1.151515,1.151217,0.65817346,0.65327648,7.440248e-03
-0.078545,1.151515,1.151217,0.65218868,0.64781237,6.710189e-03
-0.074333,1.151515,1.151217,0.64628512,0.64239540,6.018580e-03
-0.070121,1.151515,1.151217,0.64046132,0.63702504,5.365325e-03
-0.065909,1.151515,1.151217,0.63471584,0.63170074,4.750323e-03
-0.061697,1.151515,1.151217,0.62904729,0.62642199,4.173463e-03
-0.057485,1.151515,1.151217,0.62345431,0.62118828,3.634633e-03
-0.053273,1.151515,1.151217,0.61793555,0.61599912,3.133705e-03
-0.049061,1.151515,1.151217,0.61248970,0.61085402,2.670548e-03
-0.044848,1.151515,1.151217,0.60711550,0.60575251,2.245017e-03
-0.040636,1.151515,1.151217,0.60181168,0.60069414,1.856963e-03
-0.036424,1.151515,1.151217,0.59657703,0.59567845,1.506220e-03
-0.032212,1.151515,1.151217,0.59141034,0.59070501,1.192617e-03
-0.028000,1.151515,1.151217,0.58631045,0.58577341,9.159684e-04
-0.023788,1.151515,1.151217,0.58127621,0.58088322,6.760756e-04
-0.019576,1.151515,1.151217,0.57630650,0.57603406,4.727301e-04
-0.015364,1.151515,1.151217,0.57140022,0.57122554,3.057057e-04
-0.011152,1.151515,1.151217,0.56655629,0.56645728,1.747676e-04
-0.006939,1.151515,1.151217,0.56177367,0.56172892,7.966072e-05
-0.002727,1.151515,1.151217,0.55705132,0.55704012,2.011749e-05
0.001485,1.151515,1.151217,0.55238824,0.55239053,4.147744e-06
0.005697,1.151515,1.151217,0.54778344,0.54777984,6.562911e-06
0.009909,1.151515,1.151217,0.54323595,0.54320774,5.193380e-05
0.014121,1.151515,1.151217,0.53874482,0.53867391,1.316265e-04
0.018333,1.151515,1.151217,0.53430913,0.53417808,2.452784e-04
0.022545,1.151515,1.151217,0.52992797,0.52971997,3.925190e-04
0.026758,1.151515,1.151217,0.52560045,0.52529931,5.729476e-04
0.030970,1.151515,1.151217,0.52132570,0.52091586,7.861465e-04
0.035182,1.151515,1.151217,0.51710286,0.51656938,1.031676e-03
0.039394,1.151515,1.151217,0.51293110,0.51225963,1.309070e-03
0.043606,1.151515,1.151217,0.50880959,0.50798642,1.617841e-03
0.047818,1.151515,1.151217,0.50473753,0.50374952,1.957474e-03
0.052030,1.151515,1.151217,0.50071414,0.49954876,2.327437e-03
0.056242,1.151515,1.151217,0.49673864,0.49538396,2.727160e-03
0.060455,1.151515,1.151217,0.49281028,0.49125494,3.156051e-03
0.064667,1.151515,1.151217,0.48892831,0.48716157,3.613497e-03
0.068879,1.151515,1.151217,0.48509201,0.48310369,4.098839e-03
0.073091,1.151515,1.151217,0.48130065,0.47908118,4.611403e-03
0.077303,1.151515,1.151217,0.47755356,0.47509392,5.150483e-03
0.081515,1.151515,1.151217,0.47385003,0.47114181,5.715339e-03
0.085727,1.151515,1.151217,0.47018939,0.46722476,6.305186e-03
0.089939,1.151515,1.151217,0.46657099,0.46334268,6.919226e-03
0.094152,1.151515,1.151217,0.46299418,0.45949551,7.556614e-03
0.098364,1.151515,1.151217,0.45945832,0.45568320,8.216473e-03
0.102576,1.151515,1.151217,0.45596280,0.45190569,8.897892e-03
0.106788,1.151515,1.151217,0.45250699,0.44816296,9.599915e-03
0.111000,1.151515,1.151217,0.44909030,0.44445499,1.032155e-02
0.115212,1.151515,1.151217,0.44571215,0.44078178,1.106178e-02
0.119424,1.151515,1.151217,0.44237195,0.43714333,1.181952e-02
0.123636,1.151515,1.151217,0.43906914,0.43353965,1.259367e-02
0.127848,1.151515,1.151217,0.43580317,0.42997078,1.338307e-02
0.132061,1.151515,1.151217,0.43257348,0.42643677,1.418653e-02
0.136273,1.151515,1.151217,0.42937955,0.42293765,1.500279e-02
0.140485,1.151515,1.151217,0.42622084,0.41947351,1.583059e-02
0.144697,1.151515,1.151217,0.42309684,0.41604443,1.666857e-02
0.148909,1.151515,1.151217,0.42000705,0.41265048,1.751535e-02
0.153121,1.151515,1.151217,0.41695097,0.40929178,1.836952e-02
0.157333,1.151515,1.151217,0.41392810,0.40596844,1.922957e-02
0.161545,1.151515,1.151217,0.41093797,0.40268059,2.009398e-02
0.165758,1.151515,1.151217,0.40798011,0.39942837,2.096117e-02
0.169970,1.151515,1.151217,0.40505406,0.39621194,2.182949e-02
0.174182,1.151515,1.151217,0.40215936,0.39303145,2.269724e-02
0.178394,1.151515,1.151217,0.39929556,0.38988709,2.356269e-02
0.182606,1.151515,1.151217,0.39646223,0.38677904,2.442401e-02
0.186818,1.151515,1.151217,0.39365894,0.38370750,2.527934e-02
0.191030,1.151515,1.151217,0.39088526,0.38067270,2.612676e-02
0.195242,1.151515,1.151217,0.38814078,0.37767484,2.696428e-02
0.199455,1.151515,1.151217,0.38542509,0.37471418,2.778986e-02
0.203667,1.151515,1.151217,0.38273779,0.37179097,2.860137e-02
0.207879,1.151515,1.151217,0.38007848,0.36890545,2.939664e-02
0.212091,1.151515,1.151217,0.37744678,0.36605792,3.017343e-02
0.216303,1.151515,1.151217,0.37484231,0.36324865,3.092942e-02
0.220515,1.151515,1.151217,0.37226469,0.36047795,3.166224e-02
0.224727,1.151515,1.151217,0.36971355,0.35774613,3.236944e-02
0.228939,1.151515,1.151217,0.36718854,0.35505351,3.304850e-02
0.233152,1.151515,1.151217,0.36468929,0.35240042,3.369681e-02
0.237364,1.151515,1.151217,0.36221546,0.34978722,3.431174e-02
0.241576,1.151515,1.151217,0.35976671,0.34721427,3.489052e-02
0.245788,1.151515,1.151217,0.35734270,0.34468193,3.543033e-02
0.250000,1.151515,1.151217,0.35494309,0.34219059,3.592828e-02
-0.167000,1.212121,1.211807,0.79830067,0.77412240,3.028717e-02
-0.162788,1.212121,1.211807,0.79031683,0.76757729,2.877270e-02
-0.158576,1.212121,1.211807,0.78245211,0.76109281,2.729790e-02
-0.154364,1.212121,1.211807,0.77470415,0.75466818,2.586273e-02
-0.150152,1.212121,1.211807,0.76707064,0.74830262,2.446713e-02
-0.145939,1.212121,1.211807,0.75954935,0.74199537,2.311105e-02
-0.141727,1.212121,1.211807,0.75213809,0.73574567,2.179443e-02
-0.137515,1.212121,1.211807,0.74483473,0.72955278,2.051722e-02
-0.133303,1.212121,1.211807,0.73763716,0.72341598,1.927937e-02
-0.129091,1.212121,1.211807,0.73054338,0.71733455,1.808082e-02
-0.124879,1.212121,1.211807,0.72355138,0.71130779,1.692152e-02
-0.120667,1.212121,1.211807,0.71665924,0.70533501,1.580142e-02
-0.116455,1.212121,1.211807,0.70986506,0.69941552,1.472046e-02
-0.112242,1.212121,1.211807,0.70316698,0.69354866,1.367858e-02
-0.108030,1.212121,1.211807,0.69656322,0.68773378,1.267572e-02
-0.103818,1.212121,1.211807,0.69005201,0.68197024,1.171183e-02
-0.099606,1.212121,1.211807,0.68363162,0.67625740,1.078683e-02
-0.095394,1.212121,1.211807,0.67730037,0.67059465,9.900668e-03
-0.091182,1.212121,1.211807,0.67105663,0.66498138,9.053267e-03
-0.086970,1.212121,1.211807,0.66489879,0.65941700,8.244551e-03
-0.082758,1.212121,1.211807,0.65882527,0.65390092,7.474441e-03
-0.078545,1.212121,1.211807,0.65283456,0.64843259,6.742855e-03
-0.074333,1.212121,1.211807,0.64692514,0.64301144,6.049698e-03
-0.070121,1.212121,1.211807,0.64109556,0.63763693,5.394879e-03
-0.065909,1.212121,1.211807,0.63534438,0.63230852,4.778293e-03
-0.061697,1.212121,1.211807,0.62967021,0.62702570,4.199832e-03
-0.057485,1.212121,1.211807,0.62407167,0.62178796,3.659377e-03
-0.053273,1.212121,1.211807,0.61854743,0.61659480,3.156804e-03
-0.049061,1.212121,1.211807,0.61309619,0.61144574,2.691979e-03
-0.044848,1.212121,1.211807,0.60771665,0.60634032,2.264757e-03
-0.040636,1.212121,1.211807,0.60240757,0.60127806,1.874990e-03
-0.036424,1.212121,1.211807,0.59716772,0.59625853,1.522510e-03
-0.032212,1.212121,1.211807,0.59199591,0.59128128,1.207143e-03
-0.028000,1.212121,1.211807,0.58689096,0.58634591,9.287084e-04
-0.023788,1.212121,1.211807,0.58185172,0.58145199,6.870014e-04
-0.019576,1.212121,1.211807,0.57687708,0.57659914,4.818139e-04
-0.015364,1.212121,1.211807,0.57196594,0.57178695,3.129227e-04
-0.011152,1.212121,1.211807,0.56711720,0.56701508,1.800850e-04
-0.006939,1.212121,1.211807,0.56232984,0.56228314,8.305064e-05
-0.002727,1.212121,1.211807,0.55760281,0.55759079,2.154858e-05
0.001485,1.212121,1.211807,0.55293510,0.55293770,4.704776e-06
0.005697,1.212121,1.211807,0.54832573,0.54832354,3.989169e-06
0.009909,1.212121,1.211807,0.54377373,0.54374801,4.730533e-05
0.014121,1.212121,1.211807,0.53927815,0.53921079,1.249093e-04
0.018333,1.212121,1.211807,0.53483806,0.53471160,2.364467e-04
0.022545,1.212121,1.211807,0.53045255,0.53025017,3.815295e-04
0.026758,1.212121,1.211807,0.52612074,0.52582623,5.597723e-04
0.030970,1.212121,1.211807,0.52184175,0.52143954,7.707457e-04
0.035182,1.212121,1.211807,0.51761472,0.51708985,1.014014e-03
0.039394,1.212121,1.211807,0.51343882,0.51277694,1.289109e-03
0.043606,1.212121,1.211807,0.50931322,0.50850059,1.595544e-03
0.047818,1.212121,1.211807,0.50523713,0.50426061,1.932800e-03
0.052030,1.212121,1.211807,0.50120975,0.50005679,2.300348e-03
0.056242,1.212121,1.211807,0.49723031,0.49588897,2.697615e-03
0.060455,1.212121,1.211807,0.49329805,0.49175698,3.124014e-03
0.064667,1.212121,1.211807,0.48941223,0.48766066,3.578919e-03
0.068879,1.212121,1.211807,0.48557212,0.48359988,4.061684e-03
0.073091,1.212121,1.211807,0.48177701,0.47957451,4.571631e-03
0.077303,1.212121,1.211807,0.47802620,0.47558442,5.108046e-03
0.081515,1.212121,1.211807,0.47431900,0.47162952,5.670189e-03
0.085727,1.212121,1.211807,0.47065473,0.46770971,6.257287e-03
0.089939,1.212121,1.211807,0.46703275,0.46382492,6.868529e-03
0.094152,1.212121,1.211807,0.46345239,0.45997507,7.503077e-03
0.098364,1.212121,1.211807,0.45991302,0.45616011,8.160045e-03
0.102576,1.212121,1.211807,0.45641403,0.45238000,8.838529e-03
0.106788,1.212121,1.211807,0.45295480,0.44863471,9.537571e-03
0.111000,1.212121,1.211807,0.44953473,0.44492422,1.025618e-02
0.115212,1.212121,1.211807,0.44615322,0.44124851,1.099333e-02
0.119424,1.212121,1.211807,0.44280971,0.43760761,1.174795e-02
0.123636,1.212121,1.211807,0.43950363,0.43400152,1.251893e-02
0.127848,1.212121,1.211807,0.43623442,0.43043027,1.330511e-02
0.132061,1.212121,1.211807,0.43300153,0.42689392,1.410530e-02
0.136273,1.212121,1.211807,0.42980443,0.42339250,1.491825e-02
0.140485,1.212121,1.211807,0.42664259,0.41992610,1.574267e-02
0.144697,1.212121,1.211807,0.42351550,0.41649478,1.657723e-02
0.148909,1.212121,1.211807,0.42042265,0.41309865,1.742055e-02
0.153121,1.212121,1.211807,0.41736353,0.40973780,1.827120e-02
0.157333,1.212121,1.211807,0.41433767,0.40641235,1.912769e-02
0.161545,1.212121,1.211807,0.41134458,0.40312242,1.998849e-02
0.165758,1.212121,1.211807,0.40838379,0.39986817,2.085201e-02
0.169970,1.212121,1.211807,0.40545484,0.39664973,2.171661e-02
0.174182,1.212121,1.211807,0.40255727,0.39346728,2.258060e-02
0.178394,1.212121,1.211807,0.39969063,0.39032099,2.344223e-02
0.182606,1.212121,1.211807,0.39685449,0.38721106,2.429968e-02
0.186818,1.212121,1.211807,0.39404842,0.38413767,2.515111e-02
0.191030,1.212121,1.211807,0.39127200,0.38110105,2.599457e-02
0.195242,1.212121,1.211807,0.38852480,0.37810142,2.682808e-02
0.199455,1.212121,1.211807,0.38580642,0.37513903,2.764959e-02
0.203667,1.212121,1.211807,0.38311645,0.37221411,2.845699e-02
0.207879,1.212121,1.211807,0.38045451,0.36932694,2.924810e-02
0.212091,1.212121,1.211807,0.37782020,0.36647778,3.002068e-02
0.216303,1.212121,1.211807,0.37521314,0.36366693,3.077242e-02
0.220515,1.212121,1.211807,0.37263297,0.36089468,3.150095e-02
0.224727,1.212121,1.211807,0.37007930,0.35816134,3.220380e-02
0.228939,1.212121,1.211807,0.36755179,0.35546725,3.287847e-02
0.233152,1.212121,1.211807,0.36505007,0.35281273,3.352236e-02
0.237364,1.212121,1.211807,0.36257379,0.35019813,3.413281e-02
0.241576,1.212121,1.211807,0.36012261,0.34762381,3.470707e-02
0.245788,1.212121,1.211807,0.35769619,0.34509015,3.524232e-02
0.250000,1.212121,1.211807,0.35529421,0.34259753,3.573567e-02
-0.167000,1.272727,1.272397,0.79913042,0.77487527,3.035193e-02
-0.162788,1.272727,1.272397,0.79113826,0.76832493,2.883609e-02
-0.158576,1.272727,1.272397,0.78326535,0.76183526,2.735993e-02
-0.154364,1.272727,1.272397,0.77550931,0.75540548,2.592339e-02
-0.150152,1.272727,1.272397,0.76786786,0.74903481,2.452641e-02
-0.145939,1.272727,1.272397,0.76033874,0.74272249,2.316895e-02
-0.141727,1.272727,1.272397,0.75291975,0.73646776,2.185093e-02
-0.137515,1.272727,1.272397,0.74560878,0.73026988,2.057231e-02
-0.133303,1.272727,1.272397,0.73840372,0.72412813,1.933305e-02
-0.129091,1.272727,1.272397,0.73130255,0.71804179,1.813307e-02
-0.124879,1.272727,1.272397,0.72430327,0.71201015,1.697234e-02
-0.120667,1.272727,1.272397,0.71740395,0.70603253,1.585079e-02
-0.116455,1.272727,1.272397,0.71060269,0.70010825,1.476836e-02
-0.112242,1.272727,1.272397,0.70389764,0.69423664,1.372501e-02
-0.108030,1.272727,1.272397,0.69728701,0.68841705,1.272067e-02
-0.103818,1.272727,1.272397,0.69076901,0.68264883,1.175528e-02
-0.099606,1.272727,1.272397,0.68434194,0.67693135,1.082877e-02
-0.095394,1.272727,1.272397,0.67800410,0.67126400,9.941080e-03
-0.091182,1.272727,1.272397,0.67175385,0.66564618,9.092134e-03
-0.086970,1.272727,1.272397,0.66558960,0.66007728,8.281859e-03
-0.082758,1.272727,1.272397,0.65950976,0.65455673,7.510172e-03
-0.078545,1.272727,1.272397,0.65351281,0.64908396,6.776990e-03
-0.074333,1.272727,1.272397,0.64759724,0.64365841,6.082220e-03
-0.070121,1.272727,1.272397,0.64176159,0.63827954,5.425768e-03
-0.065909,1.272727,1.272397,0.63600442,0.63294681,4.807529e-03
-0.061697,1.272727,1.272397,0.63032434,0.62765971,4.227394e-03
-0.057485,1.272727,1.272397,0.62471998,0.62241773,3.685244e-03
-0.053273,1.272727,1.272397,0.61918999,0.61722038,3.180953e-03
-0.049061,1.272727,1.272397,0.61373307,0.61206716,2.714388e-03
-0.044848,1.272727,1.272397,0.60834793,0.60695761,2.285404e-03
-0.040636,1.272727,1.272397,0.60303332,0.60189127,1.893846e-03
-0.036424,1.272727,1.272397,0.59778802,0.59686770,1.539552e-03
-0.032212,1.272727,1.272397,0.59261083,0.59188645,1.222349e-03
-0.028000,1.272727,1.272397,0.58750056,0.58694711,9.420436e-04
-0.023788,1.272727,1.272397,0.58245609,0.58204927,6.984433e-04
-0.019576,1.272727,1.272397,0.57747627,0.57719253,4.913338e-04
-0.015364,1.272727,1.272397,0.57256001,0.57237651,3.204899e-04
-0.011152,1.272727,1.272397,0.56770623,0.56760082,1.856723e-04
-0.006939,1.272727,1.272397,0.56291388,0.56286512,8.662470e-05
-0.002727,1.272727,1.272397,0.55818193,0.55816905,2.307878e-05
0.001485,1.272727,1.272397,0.55350937,0.55351228,5.249863e-06
0.005697,1.272727,1.272397,0.54889520,0.54889447,1.332925e-06
0.009909,1.272727,1.272397,0.54433846,0.54431533,4.250635e-05
0.014121,1.272727,1.272397,0.53983821,0.53977454,1.179349e-04
0.018333,1.272727,1.272397,0.53539350,0.53527183,2.272563e-04
0.022545,1.272727,1.272397,0.53100343,0.53080691,3.700949e-04
0.026758,1.272727,1.272397,0.52666711,0.52637952,5.460488e-04
0.030970,1.272727,1.272397,0.52238366,0.52198942,7.546959e-04
0.035182,1.272727,1.272397,0.51815224,0.51763636,9.956021e-04
0.039394,1.272727,1.272397,0.51397199,0.51332012,1.268297e-03
0.043606,1.272727,1.272397,0.50984211,0.50904049,1.572291e-03
0.047818,1.272727,1.272397,0.50576177,0.50479725,1.907068e-03
0.052030,1.272727,1.272397,0.50173020,0.50059022,2.272093e-03
0.056242,1.272727,1.272397,0.49774662,0.49641923,2.666797e-03
0.060455,1.272727,1.272397,0.49381027,0.49228411,3.090585e-03
0.064667,1.272727,1.272397,0.48992041,0.48818470,3.542841e-03
0.068879,1.272727,1.272397,0.48607631,0.48412086,4.022912e-03
0.073091,1.272727,1.272397,0.48227725,0.48009248,4.530117e-03
0.077303,1.272727,1.272397,0.47852253,0.47609942,5.063747e-03
0.081515,1.272727,1.272397,0.47481148,0.47214158,5.623066e-03
0.085727,1.272727,1.272397,0.47114340,0.46821888,6.207284e-03
0.089939,1.272727,1.272397,0.46751765,0.46433123,6.815603e-03
0.094152,1.272727,1.272397,0.46393357,0.46047857,7.447181e-03
0.098364,1.272727,1.272397,0.46039052,0.45666084,8.101132e-03
0.102576,1.272727,1.272397,0.45688789,0.45287799,8.776548e-03
0.106788,1.272727,1.272397,0.45342506,0.44913000,9.472476e-03
0.111000,1.272727,1.272397,0.45000143,0.44541685,1.018792e-02
0.115212,1.272727,1.272397,0.44661641,0.44173853,1.092186e-02
0.119424,1.272727,1.272397,0.44326942,0.43809505,1.167321e-02
0.123636,1.272727,1.272397,0.43995990,0.43448642,1.244087e-02
0.127848,1.272727,1.272397,0.43668729,0.43091267,1.322369e-02
0.132061,1.272727,1.272397,0.43345104,0.42737386,1.402045e-02
0.136273,1.272727,1.272397,0.43025062,0.42387003,1.482994e-02
0.140485,1.272727,1.272397,0.42708549,0.42040124,1.565084e-02
0.144697,1.272727,1.272397,0.42395515,0.41696759,1.648184e-02
0.148909,1.272727,1.272397,0.42085908,0.41356915,1.732153e-02
0.153121,1.272727,1.272397,0.41779678,0.41020604,1.816850e-02
0.157333,1.272727,1.272397,0.41476777,0.40687837,1.902126e-02
0.161545,1.272727,1.272397,0.41177157,0.40358626,1.987828e-02
0.165758,1.272727,1.272397,0.40880770,0.40032986,2.073797e-02
0.169970,1.272727,1.272397,0.40587570,0.39710932,2.159868e-02
0.174182,1.272727,1.272397,0.40297512,0.39392481,2.245873e-02
0.178394,1.272727,1.272397,0.40010550,0.39077650,2.331637e-02
0.182606,1.272727,1.272397,0.39726642,0.38766458,2.416978e-02
0.186818,1.272727,1.272397,0.39445743,0.38458925,2.501711e-02
0.191030,1.272727,1.272397,0.39167812,0.38155072,2.585643e-02
0.195242,1.272727,1.272397,0.38892806,0.37854923,2.668574e-02
0.199455,1.272727,1.272397,0.38620685,0.37558501,2.750300e-02
0.203667,1.272727,1.272397,0.38351409,0.37265830,2.830611e-02
0.207879,1.272727,1.272397,0.38084938,0.36976938,2.909287e-02
0.212091,1.272727,1.272397,0.37821234,0.36691852,2.986105e-02
0.216303,1.272727,1.272397,0.37560257,0.36410600,3.060835e-02
0.220515,1.272727,1.272397,0.37301972,0.36133212,3.133238e-02
0.224727,1.272727,1.272397,0.37046340,0.35859720,3.203069e-02
0.228939,1.272727,1.272397,0.36793325,0.35590155,3.270077e-02
0.233152,1.272727,1.272397,0.36542893,0.35324552,3.334002e-02
0.237364,1.272727,1.272397,0.36295008,0.35062945,3.394578e-02
0.241576,1.272727,1.272397,0.36049635,0.34805371,3.451532e-02
0.245788,1.272727,1.272397,0.35806741,0.34551866,3.504580e-02
0.250000,1.272727,1.272397,0.35566293,0.34302468,3.553433e-02
-0.167000,1.333333,1.332988,0.79999963,0.77566414,3.041938e-02
-0.162788,1.333333,1.332988,0.79199877,0.76910832,2.890213e-02
-0.158576,1.333333,1.332988,0.78411727,0.76261321,2.742454e-02
-0.154364,1.333333,1.332988,0.77635278,0.75617803,2.598658e-02
-0.150152,1.333333,1.332988,0.76870299,0.74980200,2.458816e-02
-0.145939,1.333333,1.332988,0.76116566,0.74348436,2.322925e-02
-0.141727,1.333333,1.332988,0.75373860,0.73722435,2.190978e-02
-0.137515,1.333333,1.332988,0.74641965,0.73102124,2.062970e-02
-0.133303,1.333333,1.332988,0.73920674,0.72487429,1.938896e-02
-0.129091,1.333333,1.332988,0.73209783,0.71878280,1.818751e-02
-0.124879,1.333333,1.332988,0.72509092,0.71274605,1.702527e-02
-0.120667,1.333333,1.332988,0.71818408,0.70676336,1.590222e-02
-0.116455,1.333333,1.332988,0.71137541,0.70083406,1.481828e-02
-0.112242,1.333333,1.332988,0.70466306,0.69495746,1.377339e-02
-0.108030,1.333333,1.332988,0.69804522,0.68913292,1.276751e-02
-0.103818,1.333333,1.332988,0.69152012,0.68335980,1.180055e-02
-0.099606,1.333333,1.332988,0.68508604,0.67763746,1.087247e-02
-0.095394,1.333333,1.332988,0.67874130,0.67196529,9.983191e-03
-0.091182,1.333333,1.332988,0.67248425,0.66634269,9.132640e-03
-0.086970,1.333333,1.332988,0.66631327,0.66076905,8.320739e-03
-0.082758,1.333333,1.332988,0.66022681,0.65524381,7.547411e-03
-0.078545,1.333333,1.332988,0.65422332,0.64976638,6.812569e-03
-0.074333,1.333333,1.332988,0.64830131,0.64433622,6.116121e-03
-0.070121,1.333333,1.332988,0.64245930,0.63895278,5.457967e-03
-0.065909,1.333333,1.332988,0.63669586,0.63361552,4.838008e-03
-0.061697,1.333333,1.332988,0.63100960,0.62832394,4.256130e-03
-0.057485,1.333333,1.332988,0.62539913,0.62307751,3.712217e-03
-0.053273,1.333333,1.332988,0.61986311,0.61787575,3.206138e-03
-0.049061,1.333333,1.332988,0.61440025,0.61271817,2.737760e-03
-0.044848,1.333333,1.332988,0.60900924,0.60760429,2.306940e-03
-0.040636,1.333333,1.332988,0.60368885,0.60253368,1.913523e-03
-0.036424,1.333333,1.332988,0.59843783,0.59750586,1.557341e-03
-0.032212,1.333333,1.332988,0.59325500,0.59252042,1.238221e-03
-0.028000,1.333333,1.332988,0.58813917,0.58757693,9.559735e-04
-0.023788,1.333333,1.332988,0.58308920,0.58267497,7.104009e-04
-0.019576,1.333333,1.332988,0.57810396,0.57781416,5.012899e-04
-0.015364,1.333333,1.332988,0.57318234,0.57299410,3.284144e-04
-0.011152,1.333333,1.332988,0.56832328,0.56821443,1.915322e-04
-0.006939,1.333333,1.332988,0.56352571,0.56347478,9.038976e-05
-0.002727,1.333333,1.332988,0.55878861,0.55877480,2.471611e-05
0.001485,1.333333,1.332988,0.55411096,0.55411416,5.774904e-06
0.005697,1.333333,1.332988,0.54949177,0.54949253,1.387995e-06
0.009909,1.333333,1.332988,0.54493007,0.54490960,3.755413e-05
0.014121,1.333333,1.332988,0.54042491,0.54036507,1.107136e-04
0.018333,1.333333,1.332988,0.53597536,0.53585866,2.177308e-04
0.022545,1.333333,1.332988,0.53158051,0.53139009,3.582267e-04
0.026758,1.333333,1.332988,0.52723947,0.52695908,5.317989e-04
0.030970,1.333333,1.332988,0.52295136,0.52256541,7.380281e-04
0.035182,1.333333,1.332988,0.51871533,0.51820882,9.764749e-04
0.039394,1.333333,1.332988,0.51453053,0.51388908,1.246666e-03
0.043606,1.333333,1.332988,0.51039615,0.50960599,1.548116e-03
0.047818,1.333333,1.332988,0.50631137,0.50535935,1.880310e-03
0.052030,1.333333,1.332988,0.50227541,0.50114896,2.242705e-03
0.056242,1.333333,1.332988,0.49828749,0.49697464,2.634738e-03
0.060455,1.333333,1.332988,0.49434686,0.49283623,3.055808e-03
0.064667,1.333333,1.332988,0.49045276,0.48873358,3.505303e-03
0.068879,1.333333,1.332988,0.48660448,0.48466654,3.982567e-03
0.073091,1.333333,1.332988,0.48280128,0.48063499,4.486917e-03
0.077303,1.333333,1.332988,0.47904248,0.47663881,5.017647e-03
0.081515,1.333333,1.332988,0.47532738,0.47267790,5.574011e-03
0.085727,1.333333,1.332988,0.47165532,0.46875217,6.155235e-03
0.089939,1.333333,1.332988,0.46802562,0.46486152,6.760511e-03
0.094152,1.333333,1.332988,0.46443763,0.46100591,7.388990e-03
0.098364,1.333333,1.332988,0.46089073,0.45718526,8.039795e-03
0.102576,1.333333,1.332988,0.45738429,0.45339955,8.712014e-03
0.106788,1.333333,1.332988,0.45391769,0.44964873,9.404694e-03
0.111000,1.333333,1.332988,0.45049033,0.44593279,1.011684e-02
0.115212,1.333333,1.332988,0.44710163,0.44225173,1.084743e-02
0.119424,1.333333,1.332988,0.44375100,0.43860554,1.159538e-02
0.123636,1.333333,1.332988,0.44043788,0.43499425,1.235958e-02
0.127848,1.333333,1.332988,0.43716171,0.43141789,1.313889e-02
0.132061,1.333333,1.332988,0.43392193,0.42787649,1.393209e-02
0.136273,1.333333,1.332988,0.43071803,0.42437012,1.473796e-02
0.140485,1.333333,1.332988,0.42754946,0.42089884,1.555519e-02
0.144697,1.333333,1.332988,0.42441571,0.41746273,1.638246e-02
0.148909,1.333333,1.332988,0.42131627,0.41406189,1.721838e-02
0.153121,1.333333,1.332988,0.41825064,0.41069640,1.806151e-02
0.157333,1.333333,1.332988,0.41521834,0.40736640,1.891038e-02
0.161545,1.333333,1.332988,0.41221887,0.40407200,1.976346e-02
0.165758,1.333333,1.332988,0.40925178,0.40081336,2.061914e-02
0.169970,1.333333,1.332988,0.40631659,0.39759061,2.147581e-02
0.174182,1.333333,1.332988,0.40341285,0.39440394,2.233175e-02
0.178394,1.333333,1.332988,0.40054012,0.39125350,2.318523e-02
0.182606,1.333333,1.332988,0.39769794,0.38813950,2.403443e-02
0.186818,1.333333,1.332988,0.39488590,0.38506213,2.487748e-02
0.191030,1.333333,1.332988,0.39210356,0.38202161,2.571247e-02
0.195242,1.333333,1.332988,0.38935051,0.37901816,2.653741e-02
0.199455,1.333333,1.332988,0.38662634,0.37605202,2.735024e-02
0.203667,1.333333,1.332988,0.38393065,0.37312345,2.814886e-02
0.207879,1.333333,1.332988,0.38126305,0.37023269,2.893109e-02
0.212091,1.333333,1.332988,0.37862313,0.36738004,2.969468e-02
0.216303,1.333333,1.332988,0.37601053,0.36456577,3.043734e-02
0.220515,1.333333,1.332988,0.37342486,0.36179018,3.115668e-02
0.224727,1.333333,1.332988,0.37086576,0.35905360,3.185024e-02
0.228939,1.333333,1.332988,0.36833286,0.35635633,3.251553e-02
0.233152,1.333333,1.332988,0.36582582,0.35369871,3.314995e-02
0.237364,1.333333,1.332988,0.36334427,0.35108110,3.375082e-02
0.241576,1.333333,1.332988,0.36088788,0.34850386,3.431542e-02
0.245788,1.333333,1.332988,0.35845629,0.34596735,3.484092e-02
0.250000,1.333333,1.332988,0.35604920,0.34347196,3.532444e-02
-0.167000,1.393939,1.393578,0.80090818,0.77648892,3.048946e-02
-0.162788,1.393939,1.393578,0.79289820,0.76992735,2.897074e-02
-0.158576,1.393939,1.393578,0.78500773,0.76342655,2.749168e-02
-0.154364,1.393939,1.393578,0.77723441,0.75698572,2.605223e-02
-0.150152,1.393939,1.393578,0.76957592,0.75060408,2.465233e-02
-0.145939,1.393939,1.393578,0.76203001,0.74428087,2.329191e-02
-0.141727,1.393939,1.393578,0.75459449,0.73801534,2.197094e-02
-0.137515,1.393939,1.393578,0.74726722,0.73180675,2.068934e-02
-0.133303,1.393939,1.393578,0.74004610,0.72565437,1.944707e-02
-0.129091,1.393939,1.393578,0.73292910,0.71955748,1.824407e-02
-0.124879,1.393939,1.393578,0.72591422,0.71351539,1.708029e-02
-0.120667,1.393939,1.393578,0.71899952,0.70752740,1.595567e-02
-0.116455,1.393939,1.393578,0.71218310,0.70159283,1.487015e-02
-0.112242,1.393939,1.393578,0.70546311,0.69571101,1.382368e-02
-0.108030,1.393939,1.393578,0.69883774,0.68988130,1.281619e-02
-0.103818,1.393939,1.393578,0.69230521,0.68410305,1.184762e-02
-0.099606,1.393939,1.393578,0.68586382,0.67837562,1.091790e-02
-0.095394,1.393939,1.393578,0.67951185,0.67269841,1.002697e-02
-0.091182,1.393939,1.393578,0.67324768,0.66707081,9.174748e-03
-0.086970,1.393939,1.393578,0.66706969,0.66149221,8.361162e-03
-0.082758,1.393939,1.393578,0.66097631,0.65596205,7.586130e-03
-0.078545,1.393939,1.393578,0.65496599,0.65047976,6.849563e-03
-0.074333,1.393939,1.393578,0.64903724,0.64504477,6.151371e-03
-0.070121,1.393939,1.393578,0.64318858,0.63965654,5.491454e-03
-0.065909,1.393939,1.393578,0.63741859,0.63431455,4.869710e-03
-0.061697,1.393939,1.393578,0.63172586,0.62901826,4.286023e-03
-0.057485,1.393939,1.393578,0.62610900,0.62376718,3.740277e-03
-0.053273,1.393939,1.393578,0.62056670,0.61856081,3.232345e-03
-0.049061,1.393939,1.393578,0.61509762,0.61339866,2.762086e-03
-0.044848,1.393939,1.393578,0.60970048,0.60828027,2.329359e-03
-0.040636,1.393939,1.393578,0.60437403,0.60320517,1.934007e-03
-0.036424,1.393939,1.393578,0.59911705,0.59817292,1.575865e-03
-0.032212,1.393939,1.393578,0.59392832,0.59318308,1.254756e-03
-0.028000,1.393939,1.393578,0.58880667,0.58823524,9.704912e-04
-0.023788,1.393939,1.393578,0.58375096,0.58332898,7.228720e-04
-0.019576,1.393939,1.393578,0.57876005,0.57846391,5.116826e-04
-0.015364,1.393939,1.393578,0.57383284,0.57363963,3.366934e-04
-0.011152,1.393939,1.393578,0.56896825,0.56885578,1.976710e-04
-0.006939,1.393939,1.393578,0.56416523,0.56411200,9.435350e-05
-0.002727,1.393939,1.393578,0.55942274,0.55940793,2.647042e-05
0.001485,1.393939,1.393578,0.55473977,0.55474324,6.267370e-06
0.005697,1.393939,1.393578,0.55011532,0.55011761,4.163532e-06
0.009909,1.393939,1.393578,0.54554844,0.54553073,3.246278e-05
0.014121,1.393939,1.393578,0.54103816,0.54098229,1.032665e-04
0.018333,1.393939,1.393578,0.53658355,0.53647200,2.078896e-04
0.022545,1.393939,1.393578,0.53218371,0.53199960,3.459496e-04
0.026758,1.393939,1.393578,0.52783773,0.52756481,5.170503e-04
0.030970,1.393939,1.393578,0.52354475,0.52316739,7.207639e-04
0.035182,1.393939,1.393578,0.51930390,0.51880710,9.566515e-04
0.039394,1.393939,1.393578,0.51511434,0.51448372,1.224246e-03
0.043606,1.393939,1.393578,0.51097526,0.51019702,1.523053e-03
0.047818,1.393939,1.393578,0.50688584,0.50594680,1.852558e-03
0.052030,1.393939,1.393578,0.50284529,0.50173289,2.212223e-03
0.056242,1.393939,1.393578,0.49885284,0.49755509,2.601476e-03
0.060455,1.393939,1.393578,0.49490773,0.49341324,3.019727e-03
0.064667,1.393939,1.393578,0.49100921,0.48930720,3.466352e-03
0.068879,1.393939,1.393578,0.48715655,0.48523681,3.940697e-03
0.073091,1.393939,1.393578,0.48334903,0.48120195,4.442080e-03
0.077303,1.393939,1.393578,0.47958596,0.47720251,4.969798e-03
0.081515,1.393939,1.393578,0.47586664,0.47323838,5.523093e-03
0.085727,1.393939,1.393578,0.47219040,0.46930947,6.101200e-03
0.089939,1.393939,1.393578,0.46855657,0.46541569,6.703308e-03
0.094152,1.393939,1.393578,0.46496451,0.46155699,7.328568e-03
0.098364,1.393939,1.393578,0.46141358,0.45773330,7.976104e-03
0.102576,1.393939,1.393578,0.45790315,0.45394458,8.645001e-03
0.106788,1.393939,1.393578,0.45443261,0.45019080,9.334301e-03
0.111000,1.393939,1.393578,0.45100136,0.44647195,1.004302e-02
0.115212,1.393939,1.393578,0.44760881,0.44278801,1.077012e-02
0.119424,1.393939,1.393578,0.44425437,0.43913899,1.151453e-02
0.123636,1.393939,1.393578,0.44093749,0.43552492,1.227514e-02
0.127848,1.393939,1.393578,0.43765759,0.43194581,1.305079e-02
0.132061,1.393939,1.393578,0.43441414,0.42840172,1.384029e-02
0.136273,1.393939,1.393578,0.43120659,0.42489269,1.464239e-02
0.140485,1.393939,1.393578,0.42803442,0.42141880,1.545581e-02
0.144697,1.393939,1.393578,0.42489711,0.41798012,1.627920e-02
0.148909,1.393939,1.393578,0.42179415,0.41457675,1.711119e-02
0.153121,1.393939,1.393578,0.41872504,0.41120878,1.795034e-02
0.157333,1.393939,1.393578,0.41568929,0.40787634,1.879516e-02
0.161545,1.393939,1.393578,0.41268642,0.40457955,1.964413e-02
0.165758,1.393939,1.393578,0.40971595,0.40131856,2.049566e-02
0.169970,1.393939,1.393578,0.40677743,0.39809350,2.134811e-02
0.174182,1.393939,1.393578,0.40387039,0.39490456,2.219978e-02
0.178394,1.393939,1.393578,0.40099439,0.39175191,2.304892e-02
0.182606,1.393939,1.393578,0.39814899,0.38863573,2.389373e-02
0.186818,1.393939,1.393578,0.39533375,0.38555622,2.473235e-02
0.191030,1.393939,1.393578,0.39254826,0.38251361,2.556284e-02
0.195242,1.393939,1.393578,0.38979208,0.37950811,2.638322e-02
0.199455,1.393939,1.393578,0.38706482,0.37653997,2.719143e-02
0.203667,1.393939,1.393578,0.38436606,0.37360943,2.798538e-02
0.207879,1.393939,1.393578,0.38169543,0.37071676,2.876289e-02
0.212091,1.393939,1.393578,0.37905251,0.36786224,2.952171e-02
0.216303,1.393939,1.393578,0.37643694,0.36504614,3.025953e-02
0.220515,1.393939,1.393578,0.37384834,0.36226877,3.097399e-02
0.224727,1.393939,1.393578,0.37128633,0.35953043,3.166263e-02
0.228939,1.393939,1.393578,0.36875056,0.35683146,3.232292e-02
0.233152,1.393939,1.393578,0.36624067,0.35417219,3.295230e-02
0.237364,1.393939,1.393578,0.36375630,0.35155297,3.354809e-02
0.241576,1.393939,1.393578,0.36129711,0.34897416,3.410755e-02
0.245788,1.393939,1.393578,0.35886277,0.34643612,3.462787e-02
0.250000,1.393939,1.393578,0.35645294,0.34393925,3.510616e-02
-0.167000,1.454545,1.454168,0.80185590,0.77734949,3.056212e-02
-0.162788,1.454545,1.454168,0.79383643,0.77078193,2.904188e-02
-0.158576,1.454545,1.454168,0.78593661,0.76427518,2.756129e-02
-0.154364,1.454545,1.454168,0.77815406,0.75782844,2.612030e-02
-0.150152,1.454545,1.454168,0.77048649,0.75144095,2.471885e-02
-0.145939,1.454545,1.454168,0.76293163,0.74511192,2.335689e-02
-0.141727,1.454545,1.454168,0.75548730,0.73884063,2.203434e-02
-0.137515,1.454545,1.454168,0.74815133,0.73262631,2.075118e-02
-0.133303,1.454545,1.454168,0.74092165,0.72646826,1.950732e-02
-0.129091,1.454545,1.454168,0.73379621,0.72036574,1.830273e-02
-0.124879,1.454545,1.454168,0.72677302,0.71431806,1.713734e-02
-0.120667,1.454545,1.454168,0.71985012,0.70832453,1.601110e-02
-0.116455,1.454545,1.454168,0.71302562,0.70238446,1.492395e-02
-0.112242,1.454545,1.454168,0.70629766,0.69649720,1.387583e-02
-0.108030,1.454545,1.454168,0.69966444,0.69066208,1.286668e-02
-0.103818,1.454545,1.454168,0.69312417,0.68487847,1.189643e-02
-0.099606,1.454545,1.454168,0.68667513,0.67914573,1.096502e-02
-0.095394,1.454545,1.454168,0.68031564,0.67346325,1.007238e-02
-0.091182,1.454545,1.454168,0.67404405,0.66783042,9.218429e-03
-0.086970,1.454545,1.454168,0.66785873,0.66224665,8.403098e-03
-0.082758,1.454545,1.454168,0.66175812,0.65671136,7.626300e-03
-0.078545,1.454545,1.454168,0.65574068,0.65122398,6.887949e-03
-0.074333,1.454545,1.454168,0.64980491,0.64578395,6.187951e-03
-0.070121,1.454545,1.454168,0.64394932,0.64039072,5.526209e-03
-0.065909,1.454545,1.454168,0.63817249,0.63504378,4.902611e-03
-0.061697,1.454545,1.454168,0.63247301,0.62974259,4.317054e-03
-0.057485,1.454545,1.454168,0.62684950,0.62448665,3.769411e-03
-0.053273,1.454545,1.454168,0.62130062,0.61927546,3.259553e-03
-0.049061,1.454545,1.454168,0.61582506,0.61410854,2.787349e-03
-0.044848,1.454545,1.454168,0.61042153,0.60898542,2.352647e-03
-0.040636,1.454545,1.454168,0.60508877,0.60390565,1.955294e-03
-0.036424,1.454545,1.454168,0.59982556,0.59886876,1.595122e-03
-0.032212,1.454545,1.454168,0.59463068,0.59387434,1.271952e-03
-0.028000,1.454545,1.454168,0.58950297,0.58892195,9.855968e-04
-0.023788,1.454545,1.454168,0.58444126,0.58401120,7.358550e-04
-0.019576,1.454545,1.454168,0.57944444,0.57914167,5.225119e-04
-0.015364,1.454545,1.454168,0.57451139,0.57431299,3.453385e-04
-0.011152,1.454545,1.454168,0.56964104,0.56952478,2.040947e-04
-0.006939,1.454545,1.454168,0.56483232,0.56477668,9.852017e-05
-0.002727,1.454545,1.454168,0.56008422,0.56006834,2.834810e-05
0.001485,1.454545,1.454168,0.55539570,0.55539943,6.715533e-06
0.005697,1.454545,1.454168,0.55076578,0.55076962,6.974122e-06
0.009909,1.454545,1.454168,0.54619348,0.54617860,2.724661e-05
0.014121,1.454545,1.454168,0.54167786,0.54162607,9.560959e-05
0.018333,1.454545,1.454168,0.53721797,0.53711174,1.977507e-04
0.022545,1.454545,1.454168,0.53281292,0.53263534,3.332897e-04
0.026758,1.454545,1.454168,0.52846179,0.52819660,5.018258e-04
0.030970,1.454545,1.454168,0.52416372,0.52379527,7.029332e-04
0.035182,1.454545,1.454168,0.51991785,0.51943112,9.361709e-04
0.039394,1.454545,1.454168,0.51572334,0.51510392,1.201071e-03
0.043606,1.454545,1.454168,0.51157935,0.51081345,1.497139e-03
0.047818,1.454545,1.454168,0.50748509,0.50655951,1.823860e-03
0.052030,1.454545,1.454168,0.50343975,0.50234191,2.180693e-03
0.056242,1.454545,1.454168,0.49944258,0.49816047,2.567067e-03
0.060455,1.454545,1.454168,0.49549279,0.49401504,2.982390e-03
0.064667,1.454545,1.454168,0.49158965,0.48990545,3.426035e-03
0.068879,1.454545,1.454168,0.48773243,0.48583156,3.897355e-03
0.073091,1.454545,1.454168,0.48392040,0.48179325,4.395665e-03
0.077303,1.454545,1.454168,0.48015287,0.47779040,4.920249e-03
0.081515,1.454545,1.454168,0.47642915,0.47382291,5.470368e-03
0.085727,1.454545,1.454168,0.47274856,0.46989068,6.045243e-03
0.089939,1.454545,1.454168,0.46911043,0.46599363,6.644062e-03
0.094152,1.454545,1.454168,0.46551411,0.46213170,7.265985e-03
0.098364,1.454545,1.454168,0.46195898,0.45830482,7.910127e-03
0.102576,1.454545,1.454168,0.45844439,0.45451297,8.575576e-03
0.106788,1.454545,1.454168,0.45496975,0.45075610,9.261373e-03
0.111000,1.454545,1.454168,0.45153443,0.44703420,9.966529e-03
0.115212,1.454545,1.454168,0.44813786,0.44334726,1.069001e-02
0.119424,1.454545,1.454168,0.44477945,0.43969529,1.143075e-02
0.123636,1.454545,1.454168,0.44145864,0.43607831,1.218763e-02
0.127848,1.454545,1.454168,0.43817486,0.43249634,1.295950e-02
0.132061,1.454545,1.454168,0.43492757,0.42894942,1.374515e-02
0.136273,1.454545,1.454168,0.43171622,0.42543762,1.454335e-02
0.140485,1.454545,1.454168,0.42854030,0.42196101,1.535280e-02
0.144697,1.454545,1.454168,0.42539927,0.41851964,1.617217e-02
0.148909,1.454545,1.454168,0.42229264,0.41511363,1.700008e-02
0.153121,1.454545,1.454168,0.41921990,0.41174308,1.783509e-02
0.157333,1.454545,1.454168,0.41618056,0.40840809,1.867571e-02
0.161545,1.454545,1.454168,0.41317413,0.40510880,1.952042e-02
0.165758,1.454545,1.454168,0.41020015,0.40184534,2.036764e-02
0.169970,1.454545,1.454168,0.40725815,0.39861788,2.121570e-02
0.174182,1.454545,1.454168,0.40434767,0.39542657,2.206294e-02
0.178394,1.454545,1.454168,0.40146827,0.39227160,2.290759e-02
0.182606,1.454545,1.454168,0.39861950,0.38915314,2.374784e-02
0.186818,1.454545,1.454168,0.39580093,0.38607141,2.458184e-02
0.191030,1.454545,1.454168,0.39301213,0.38302662,2.540765e-02
0.195242,1.454545,1.454168,0.39025269,0.38001898,2.622330e-02
0.199455,1.454545,1.454168,0.38752221,0.37704875,2.702673e-02
0.203667,1.454545,1.454168,0.38482026,0.37411616,2.781584e-02
0.207879,1.454545,1.454168,0.38214646,0.37122149,2.858844e-02
0.212091,1.454545,1.454168,0.37950042,0.36836500,2.934230e-02
0.216303,1.454545,1.454168,0.37688175,0.36554699,3.007511e-02
0.220515,1.454545,1.454168,0.37429008,0.36276776,3.078449e-02
0.224727,1.454545,1.454168,0.37172505,0.36002760,3.146800e-02
0.228939,1.454545,1.454168,0.36918628,0.35732686,3.212312e-02
0.233152,1.454545,1.454168,0.36667341,0.35466586,3.274726e-02
0.237364,1.454545,1.454168,0.36418610,0.35204495,3.333777e-02
0.241576,1.454545,1.454168,0.36172401,0.34946450,3.389190e-02
0.245788,1.454545,1.454168,0.35928679,0.34692487,3.440684e-02
0.250000,1.454545,1.454168,0.35687410,0.34442645,3.487969e-02
-0.167000,1.515152,1.514759,0.80284266,0.77824574,3.063729e-02
-0.162788,1.515152,1.514759,0.79481330,0.77167193,2.911547e-02
-0.158576,1.515152,1.514759,0.78690373,0.76515898,2.763331e-02
-0.154364,1.515152,1.514759,0.77911159,0.75870609,2.619073e-02
-0.150152,1.515152,1.514759,0.77143456,0.75231248,2.478768e-02
-0.145939,1.515152,1.514759,0.76387039,0.74597740,2.342411e-02
-0.141727,1.515152,1.514759,0.75641687,0.73970009,2.209995e-02
-0.137515,1.515152,1.514759,0.74907186,0.73347982,2.081516e-02
-0.133303,1.515152,1.514759,0.74183327,0.72731584,1.956967e-02
-0.129091,1.515152,1.514759,0.73469904,0.72120745,1.836342e-02
-0.124879,1.515152,1.514759,0.72766719,0.71515395,1.719638e-02
-0.120667,1.515152,1.514759,0.72073575,0.70915464,1.606846e-02
-0.116455,1.515152,1.514759,0.71390284,0.70320884,1.497962e-02
-0.112242,1.515152,1.514759,0.70716659,0.69731590,1.392980e-02
-0.108030,1.515152,1.514759,0.70052518,0.69147515,1.291893e-02
-0.103818,1.515152,1.514759,0.69397685,0.68568595,1.194695e-02
-0.099606,1.515152,1.514759,0.68751987,0.67994767,1.101379e-02
-0.095394,1.515152,1.514759,0.68115254,0.67425970,1.011938e-02
-0.091182,1.515152,1.514759,0.67487321,0.66862142,9.263651e-03
-0.086970,1.515152,1.514759,0.66868027,0.66303225,8.446516e-03
-0.082758,1.515152,1.514759,0.66257214,0.65749161,7.667895e-03
-0.078545,1.515152,1.514759,0.65654729,0.65199892,6.927698e-03
-0.074333,1.515152,1.514759,0.65060419,0.64655364,6.225835e-03
-0.070121,1.515152,1.514759,0.64474139,0.64115521,5.562203e-03
-0.065909,1.515152,1.514759,0.63895744,0.63580310,4.936697e-03
-0.061697,1.515152,1.514759,0.63325093,0.63049680,4.349203e-03
-0.057485,1.515152,1.514759,0.62762049,0.62523579,3.799599e-03
-0.053273,1.515152,1.514759,0.62206478,0.62001958,3.287757e-03
-0.049061,1.515152,1.514759,0.61658247,0.61484769,2.813538e-03
-0.044848,1.515152,1.514759,0.61117228,0.60971965,2.376796e-03
-0.040636,1.515152,1.514759,0.60583295,0.60463499,1.977371e-03
-0.036424,1.515152,1.514759,0.60056325,0.59959328,1.615100e-03
-0.032212,1.515152,1.514759,0.59536197,0.59459407,1.289801e-03
-0.028000,1.515152,1.514759,0.59022794,0.58963695,1.001286e-03
-0.023788,1.515152,1.514759,0.58515999,0.58472150,7.493511e-04
-0.019576,1.515152,1.514759,0.58015701,0.57984734,5.337824e-04
-0.015364,1.515152,1.514759,0.57521789,0.57501406,3.543493e-04
-0.011152,1.515152,1.514759,0.57034154,0.57022130,2.108102e-04
-0.006939,1.515152,1.514759,0.56552690,0.56546870,1.029048e-04
-0.002727,1.515152,1.514759,0.56077294,0.56075591,3.036428e-05
0.001485,1.515152,1.514759,0.55607865,0.55608260,7.104825e-06
0.005697,1.515152,1.514759,0.55144302,0.55144843,9.809190e-06
0.009909,1.515152,1.514759,0.54686509,0.54685310,2.193088e-05
0.014121,1.515152,1.514759,0.54234391,0.54229631,8.776787e-05
0.018333,1.515152,1.514759,0.53787853,0.53777776,1.873398e-04
0.022545,1.515152,1.514759,0.53346804,0.53329719,3.202708e-04
0.026758,1.515152,1.514759,0.52911156,0.52885433,4.861541e-04
0.030970,1.515152,1.514759,0.52480820,0.52444893,6.845689e-04
0.035182,1.515152,1.514759,0.52055710,0.52008075,9.150664e-04
0.039394,1.515152,1.514759,0.51635741,0.51574957,1.177175e-03
0.043606,1.515152,1.514759,0.51220832,0.51145517,1.470410e-03
0.047818,1.515152,1.514759,0.50810902,0.50719734,1.794250e-03
0.052030,1.515152,1.514759,0.50405870,0.50297591,2.148154e-03
0.056242,1.515152,1.514759,0.50005660,0.49879068,2.531546e-03
0.060455,1.515152,1.514759,0.49610195,0.49464150,2.943843e-03
0.064667,1.515152,1.514759,0.49219401,0.49052822,3.384411e-03
0.068879,1.515152,1.514759,0.48833203,0.48645069,3.852595e-03
0.073091,1.515152,1.514759,0.48451531,0.48240877,4.347719e-03
0.077303,1.515152,1.514759,0.48074314,0.47840237,4.869068e-03
0.081515,1.515152,1.514759,0.47701483,0.47443137,5.415896e-03
0.085727,1.515152,1.514759,0.47332970,0.47049568,5.987424e-03
0.089939,1.515152,1.514759,0.46968710,0.46659522,6.582848e-03
0.094152,1.515152,1.514759,0.46608635,0.46272992,7.201310e-03
0.098364,1.515152,1.514759,0.46252684,0.45889973,7.841940e-03
0.102576,1.515152,1.514759,0.45900793,0.45510461,8.503818e-03
0.106788,1.515152,1.514759,0.45552900,0.45134452,9.185988e-03
0.111000,1.515152,1.514759,0.45208946,0.44761944,9.887462e-03
0.115212,1.515152,1.514759,0.44868871,0.44392938,1.060720e-02
0.119424,1.515152,1.514759,0.44532617,0.44027433,1.134413e-02
0.123636,1.515152,1.514759,0.44200126,0.43665431,1.209715e-02
0.127848,1.515152,1.514759,0.43871344,0.43306935,1.286510e-02
0.132061,1.515152,1.514759,0.43546215,0.42951950,1.364677e-02
0.136273,1.515152,1.514759,0.43224685,0.42600481,1.444092e-02
0.140485,1.515152,1.514759,0.42906702,0.42252535,1.524627e-02
0.144697,1.515152,1.514759,0.42592213,0.41908119,1.606148e-02
0.148909,1.515152,1.514759,0.42281167,0.41567243,1.688515e-02
0.153121,1.515152,1.514759,0.41973514,0.41229917,1.771587e-02
0.157333,1.515152,1.514759,0.41669206,0.40896152,1.855215e-02
0.161545,1.515152,1.514759,0.41368193,0.40565963,1.939245e-02
0.165758,1.515152,1.514759,0.41070429,0.40239361,2.023519e-02
0.169970,1.515152,1.514759,0.40775867,0.39916364,2.107872e-02
0.174182,1.515152,1.514759,0.40484461,0.39596986,2.192136e-02
0.178394,1.515152,1.514759,0.40196166,0.39281247,2.276135e-02
0.182606,1.515152,1.514759,0.39910938,0.38969164,2.359689e-02
0.186818,1.515152,1.514759,0.39628734,0.38660759,2.442610e-02
0.191030,1.515152,1.514759,0.39349512,0.38356052,2.524707e-02
0.195242,1.515152,1.514759,0.39073228,0.38055065,2.605782e-02
0.199455,1.515152,1.514759,0.38799843,0.37757823,2.685629e-02
0.203667,1.515152,1.514759,0.38529316,0.37464352,2.764036e-02
0.207879,1.515152,1.514759,0.38261607,0.37174676,2.840789e-02
0.212091,1.515152,1.514759,0.37996677,0.36888823,2.915660e-02
0.216303,1.515152,1.514759,0.37734488,0.36606823,2.988422e-02
0.220515,1.515152,1.514759,0.37475003,0.36328704,3.058834e-02
0.224727,1.515152,1.514759,0.37218183,0.36054499,3.126654e-02
0.228939,1.515152,1.514759,0.36963993,0.35784240,3.191629e-02
0.233152,1.515152,1.514759,0.36712398,0.35517960,3.253501e-02
0.237364,1.515152,1.514759,0.36463361,0.35255693,3.312005e-02
0.241576,1.515152,1.514759,0.36216849,0.34997477,3.366864e-02
0.245788,1.515152,1.514759,0.35972827,0.34743348,3.417799e-02
0.250000,1.515152,1.514759,0.35731261,0.34493344,3.464522e-02
-0.167000,1.575758,1.575349,0.80386829,0.77917756,3.071490e-02
-0.162788,1.575758,1.575349,0.79582865,0.77259725,2.919146e-02
-0.158576,1.575758,1.575349,0.78790895,0.76607784,2.770767e-02
-0.154364,1.575758,1.575349,0.78010684,0.75961854,2.626345e-02
-0.150152,1.575758,1.575349,0.77241998,0.75321858,2.485876e-02
-0.145939,1.575758,1.575349,0.76484612,0.74687719,2.349353e-02
-0.141727,1.575758,1.575349,0.75738307,0.74059362,2.216770e-02
-0.137515,1.575758,1.575349,0.75002866,0.73436714,2.088123e-02
-0.133303,1.575758,1.575349,0.74278080,0.72819700,1.963405e-02
-0.129091,1.575758,1.575349,0.73563744,0.72208250,1.842611e-02
-0.124879,1.575758,1.575349,0.72859658,0.71602294,1.725735e-02
-0.120667,1.575758,1.575349,0.72165628,0.71001762,1.612771e-02
-0.116455,1.575758,1.575349,0.71481462,0.70406586,1.503713e-02
-0.112242,1.575758,1.575349,0.70806975,0.69816700,1.398556e-02
-0.108030,1.575758,1.575349,0.70141984,0.69232038,1.297292e-02
-0.103818,1.575758,1.575349,0.69486313,0.68652537,1.199915e-02
-0.099606,1.575758,1.575349,0.68839788,0.68078132,1.106419e-02
-0.095394,1.575758,1.575349,0.68202241,0.67508763,1.016796e-02
-0.091182,1.575758,1.575349,0.67573504,0.66944369,9.310383e-03
-0.086970,1.575758,1.575349,0.66953418,0.66384891,8.491387e-03
-0.082758,1.575758,1.575349,0.66341824,0.65830269,7.710885e-03
-0.078545,1.575758,1.575349,0.65738567,0.65280449,6.968788e-03
-0.074333,1.575758,1.575349,0.65143497,0.64735373,6.265000e-03
-0.070121,1.575758,1.575349,0.64556467,0.64194988,5.599420e-03
-0.065909,1.575758,1.575349,0.63977331,0.63659240,4.971942e-03
-0.061697,1.575758,1.575349,0.63405951,0.63128077,4.382451e-03
-0.057485,1.575758,1.575349,0.62842186,0.62601449,3.830826e-03
-0.053273,1.575758,1.575349,0.62285904,0.62079306,3.316936e-03
-0.049061,1.575758,1.575349,0.61736972,0.61561599,2.840640e-03
-0.044848,1.575758,1.575349,0.61195261,0.61048282,2.401793e-03
-0.040636,1.575758,1.575349,0.60660645,0.60539309,2.000236e-03
-0.036424,1.575758,1.575349,0.60133000,0.60034635,1.635797e-03
-0.032212,1.575758,1.575349,0.59612207,0.59534217,1.308304e-03
-0.028000,1.575758,1.575349,0.59098147,0.59038011,1.017560e-03
-0.023788,1.575758,1.575349,0.58590705,0.58545979,7.633624e-04
-0.019576,1.575758,1.575349,0.58089767,0.58058079,5.454969e-04
-0.015364,1.575758,1.575349,0.57595222,0.57574273,3.637333e-04
-0.011152,1.575758,1.575349,0.57106963,0.57094524,2.178243e-04
-0.006939,1.575758,1.575349,0.56624884,0.56618796,1.075163e-04
-0.002727,1.575758,1.575349,0.56148880,0.56147054,3.253201e-05
0.001485,1.575758,1.575349,0.55678850,0.55679263,7.421510e-06
0.005697,1.575758,1.575349,0.55214695,0.55215393,1.264741e-05
0.009909,1.575758,1.575349,0.54756316,0.54755411,1.652762e-05
0.014121,1.575758,1.575349,0.54303620,0.54299288,7.976000e-05
0.018333,1.575758,1.575349,0.53856511,0.53846995,1.766840e-04
0.022545,1.575758,1.575349,0.53414899,0.53398504,3.069236e-04
0.026758,1.575758,1.575349,0.52978693,0.52953789,4.700682e-04
0.030970,1.575758,1.575349,0.52547806,0.52512825,6.656999e-04
0.035182,1.575758,1.575349,0.52122153,0.52075589,8.933649e-04
0.039394,1.575758,1.575349,0.51701647,0.51642056,1.152600e-03
0.043606,1.575758,1.575349,0.51286208,0.51212206,1.442912e-03
0.047818,1.575758,1.575349,0.50875753,0.50786020,1.763776e-03
0.052030,1.575758,1.575349,0.50470204,0.50363477,2.114653e-03
0.056242,1.575758,1.575349,0.50069482,0.49944560,2.494974e-03
0.060455,1.575758,1.575349,0.49673511,0.49529253,2.904139e-03
0.064667,1.575758,1.575349,0.49282217,0.49117539,3.341524e-03
0.068879,1.575758,1.575349,0.48895526,0.48709406,3.806478e-03
0.073091,1.575758,1.575349,0.48513366,0.48304840,4.298313e-03
0.077303,1.575758,1.575349,0.48135667,0.47903830,4.816320e-03
0.081515,1.575758,1.575349,0.47762359,0.47506365,5.359746e-03
0.085727,1.575758,1.575349,0.47393375,0.47112436,5.927820e-03
0.089939,1.575758,1.575349,0.47028649,0.46722035,6.519728e-03
0.094152,1.575758,1.575349,0.46668114,0.46335155,7.134621e-03
0.098364,1.575758,1.575349,0.46311708,0.45951791,7.771624e-03
0.102576,1.575758,1.575349,0.45959367,0.45571938,8.429813e-03
0.106788,1.575758,1.575349,0.45611030,0.45195594,9.108236e-03
0.111000,1.575758,1.575349,0.45266636,0.44822756,9.805897e-03
0.115212,1.575758,1.575349,0.44926126,0.44453424,1.052177e-02
0.119424,1.575758,1.575349,0.44589442,0.44087598,1.125477e-02
0.123636,1.575758,1.575349,0.44256527,0.43725280,1.200380e-02
0.127848,1.575758,1.575349,0.43927324,0.43366474,1.276769e-02
0.132061,1.575758,1.575349,0.43601780,0.43011183,1.354525e-02
0.136273,1.575758,1.575349,0.43279839,0.42659413,1.433522e-02
0.140485,1.575758,1.575349,0.42961449,0.42311170,1.513633e-02
0.144697,1.575758,1.575349,0.42646558,0.41966464,1.594723e-02
0.148909,1.575758,1.575349,0.42335114,0.41625301,1.676653e-02
0.153121,1.575758,1.575349,0.42027069,0.41287694,1.759282e-02
0.157333,1.575758,1.575349,0.41722371,0.40953654,1.842460e-02
0.161545,1.575758,1.575349,0.41420974,0.40623192,1.926034e-02
0.165758,1.575758,1.575349,0.41122830,0.40296325,2.009845e-02
0.169970,1.575758,1.575349,0.40827891,0.39973065,2.093729e-02
0.174182,1.575758,1.575349,0.40536113,0.39653431,2.177518e-02
0.178394,1.575758,1.575349,0.40247449,0.39337440,2.261035e-02
0.182606,1.575758,1.575349,0.39961857,0.39025111,2.344101e-02
0.186818,1.575758,1.575349,0.39679293,0.38716463,2.426528e-02
0.191030,1.575758,1.575349,0.39399713,0.38411519,2.508125e-02
0.195242,1.575758,1.575349,0.39123077,0.38110301,2.588692e-02
0.199455,1.575758,1.575349,0.38849342,0.37812832,2.668026e-02
0.203667,1.575758,1.575349,0.38578469,0.37519138,2.745914e-02
0.207879,1.575758,1.575349,0.38310419,0.37229245,2.822141e-02
0.212091,1.575758,1.575349,0.38045150,0.36943180,2.896481e-02
0.216303,1.575758,1.575349,0.37782627,0.36660972,2.968704e-02
0.220515,1.575758,1.575349,0.37522809,0.36382651,3.038573e-02
0.224727,1.575758,1.575349,0.37265662,0.36108249,3.105844e-02
0.228939,1.575758,1.575349,0.37011147,0.35837797,3.170263e-02
0.233152,1.575758,1.575349,0.36759230,0.35571328,3.231574e-02
0.237364,1.575758,1.575349,0.36509875,0.35308879,3.289510e-02
0.241576,1.575758,1.575349,0.36263048,0.35050485,3.343798e-02
0.245788,1.575758,1.575349,0.36018714,0.34796183,3.394155e-02
0.250000,1.575758,1.575349,0.35776840,0.34546011,3.440295e-02
-0.167000,1.636364,1.635939,0.80493263,0.78014482,3.079490e-02
-0.162788,1.636364,1.635939,0.79688232,0.77355775,2.926979e-02
-0.158576,1.636364,1.635939,0.78895212,0.76703163,2.778431e-02
-0.154364,1.636364,1.635939,0.78113965,0.76056567,2.633841e-02
-0.150152,1.636364,1.635939,0.77344260,0.75415911,2.493202e-02
-0.145939,1.636364,1.635939,0.76585869,0.74781117,2.356509e-02
-0.141727,1.636364,1.635939,0.75838573,0.74152109,2.223755e-02
-0.137515,1.636364,1.635939,0.75102157,0.73528815,2.094935e-02
-0.133303,1.636364,1.635939,0.74376409,0.72911162,1.970043e-02
-0.129091,1.636364,1.635939,0.73661126,0.72299077,1.849074e-02
-0.124879,1.636364,1.635939,0.72956106,0.71692491,1.732022e-02
-0.120667,1.636364,1.635939,0.72261155,0.71091334,1.618880e-02
-0.116455,1.636364,1.635939,0.71576082,0.70495538,1.509643e-02
-0.112242,1.636364,1.635939,0.70900700,0.69905038,1.404305e-02
-0.108030,1.636364,1.635939,0.70234827,0.69319767,1.302859e-02
-0.103818,1.636364,1.635939,0.69578287,0.68739661,1.205298e-02
-0.099606,1.636364,1.635939,0.68930904,0.68164657,1.111616e-02
-0.095394,1.636364,1.635939,0.68292511,0.67594694,1.021806e-02
-0.091182,1.636364,1.635939,0.67662941,0.67029711,9.358590e-03
-0.086970,1.636364,1.635939,0.67042032,0.66469648,8.537681e-03
-0.082758,1.636364,1.635939,0.66429626,0.65914448,7.755243e-03
-0.078545,1.636364,1.635939,0.65825570,0.65364054,7.011188e-03
-0.074333,1.636364,1.635939,0.65229711,0.64818410,6.305420e-03
-0.070121,1.636364,1.635939,0.64641902,0.64277461,5.637837e-03
-0.065909,1.636364,1.635939,0.64061999,0.63741155,5.008330e-03
-0.061697,1.636364,1.635939,0.63489860,0.63209439,4.416786e-03
-0.057485,1.636364,1.635939,0.62925349,0.62682263,3.863079e-03
-0.053273,1.636364,1.635939,0.62368329,0.62159577,3.347079e-03
-0.049061,1.636364,1.635939,0.61818668,0.61641333,2.868647e-03
-0.044848,1.636364,1.635939,0.61276239,0.61127483,2.427632e-03
-0.040636,1.636364,1.635939,0.60740914,0.60617982,2.023877e-03
-0.036424,1.636364,1.635939,0.60212570,0.60112785,1.657212e-03
-0.032212,1.636364,1.635939,0.59691087,0.59611850,1.327456e-03
-0.028000,1.636364,1.635939,0.59176345,0.59115132,1.034419e-03
-0.023788,1.636364,1.635939,0.58668230,0.58622593,7.778930e-04
-0.019576,1.636364,1.635939,0.58166628,0.58134191,5.576609e-04
-0.015364,1.636364,1.635939,0.57671428,0.57649888,3.734987e-04
-0.011152,1.636364,1.635939,0.57182522,0.57169647,2.251511e-04
-0.006939,1.636364,1.635939,0.56699803,0.56693432,1.123644e-04
-0.002727,1.636364,1.635939,0.56223168,0.56221208,3.486311e-05
0.001485,1.636364,1.635939,0.55752516,0.55752942,7.644158e-06
0.005697,1.636364,1.635939,0.55287745,0.55288600,1.546809e-05
0.009909,1.636364,1.635939,0.54828759,0.54828152,1.106791e-05
0.014121,1.636364,1.635939,0.54375462,0.54371568,7.161466e-05
0.018333,1.636364,1.635939,0.53927761,0.53918819,1.658124e-04
0.022545,1.636364,1.635939,0.53485563,0.53469877,2.932760e-04
0.026758,1.636364,1.635939,0.53048780,0.53024716,4.536032e-04
0.030970,1.636364,1.635939,0.52617322,0.52583312,6.463666e-04
0.035182,1.636364,1.635939,0.52191104,0.52145639,8.711170e-04
0.039394,1.636364,1.635939,0.51770041,0.51711677,1.127388e-03
0.043606,1.636364,1.635939,0.51354051,0.51281402,1.414684e-03
0.047818,1.636364,1.635939,0.50943053,0.50854795,1.732482e-03
0.052030,1.636364,1.635939,0.50536966,0.50431837,2.080240e-03
0.056242,1.636364,1.635939,0.50135713,0.50012510,2.457391e-03
0.060455,1.636364,1.635939,0.49739218,0.49596798,2.863333e-03
0.064667,1.636364,1.635939,0.49347405,0.49184685,3.297441e-03
0.068879,1.636364,1.635939,0.48960201,0.48776157,3.759059e-03
0.073091,1.636364,1.635939,0.48577535,0.48371202,4.247507e-03
0.077303,1.636364,1.635939,0.48199336,0.47969807,4.762067e-03
0.081515,1.636364,1.635939,0.47825533,0.47571963,5.301990e-03
0.085727,1.636364,1.635939,0.47456061,0.47177660,5.866501e-03
0.089939,1.636364,1.635939,0.47090851,0.46786890,6.454783e-03
0.094152,1.636364,1.635939,0.46729839,0.46399646,7.066000e-03
0.098364,1.636364,1.635939,0.46372960,0.46015923,7.699257e-03
0.102576,1.636364,1.635939,0.46020153,0.45635717,8.353644e-03
0.106788,1.636364,1.635939,0.45671354,0.45259024,9.028198e-03
0.111000,1.636364,1.635939,0.45326504,0.44885842,9.721935e-03
0.115212,1.636364,1.635939,0.44985543,0.44516172,1.043381e-02
0.119424,1.636364,1.635939,0.44648413,0.44150013,1.116277e-02
0.123636,1.636364,1.635939,0.44315056,0.43787367,1.190768e-02
0.127848,1.636364,1.635939,0.43985418,0.43428238,1.266739e-02
0.132061,1.636364,1.635939,0.43659442,0.43072629,1.344070e-02
0.136273,1.636364,1.635939,0.43337075,0.42720546,1.422636e-02
0.140485,1.636364,1.635939,0.43018263,0.42371996,1.502309e-02
0.144697,1.636364,1.635939,0.42702955,0.42026987,1.582954e-02
0.148909,1.636364,1.635939,0.42391099,0.41685527,1.664434e-02
0.153121,1.636364,1.635939,0.42082645,0.41347628,1.746606e-02
0.157333,1.636364,1.635939,0.41777544,0.41013300,1.829319e-02
0.161545,1.636364,1.635939,0.41475748,0.40682556,1.912422e-02
0.165758,1.636364,1.635939,0.41177209,0.40355412,1.995756e-02
0.169970,1.636364,1.635939,0.40881879,0.40031881,2.079157e-02
0.174182,1.636364,1.635939,0.40589714,0.39711980,2.162455e-02
0.178394,1.636364,1.635939,0.40300669,0.39395727,2.245475e-02
0.182606,1.636364,1.635939,0.40014699,0.39083142,2.328037e-02
0.186818,1.636364,1.635939,0.39731760,0.38774243,2.409954e-02
0.191030,1.636364,1.635939,0.39451810,0.38469052,2.491033e-02
0.195242,1.636364,1.635939,0.39174807,0.38167593,2.571077e-02
0.199455,1.636364,1.635939,0.38900710,0.37869888,2.649881e-02
0.203667,1.636364,1.635939,0.38629479,0.37575963,2.727233e-02
0.207879,1.636364,1.635939,0.38361073,0.37285844,2.802917e-02
0.212091,1.636364,1.635939,0.38095453,0.36999559,2.876708e-02
0.216303,1.636364,1.635939,0.37832582,0.36717135,2.948376e-02
0.220515,1.636364,1.635939,0.37572421,0.36438604,3.017684e-02
0.224727,1.636364,1.635939,0.37314933,0.36163996,3.084386e-02
0.228939,1.636364,1.635939,0.37060081,0.35893344,3.148232e-02
0.233152,1.636364,1.635939,0.36807831,0.35626681,3.208964e-02
0.237364,1.636364,1.635939,0.36558146,0.35364041,3.266315e-02
0.241576,1.636364,1.635939,0.36310991,0.35105462,3.320012e-02
0.245788,1.636364,1.635939,0.36066334,0.34850980,3.369773e-02
0.250000,1.636364,1.635939,0.35824140,0.34600634,3.415311e-02
-0.167000,1.696970,1.696530,0.80603552,0.78114739,3.087721e-02
-0.162788,1.696970,1.696530,0.79797415,0.77455331,2.935038e-02
-0.158576,1.696970,1.696530,0.79003306,0.76802023,2.786318e-02
-0.154364,1.696970,1.696530,0.78220987,0.76154737,2.641555e-02
-0.150152,1.696970,1.696530,0.77450224,0.75513395,2.500741e-02
-0.145939,1.696970,1.696530,0.76690793,0.74877920,2.363873e-02
-0.141727,1.696970,1.696530,0.75942471,0.74248238,2.230943e-02
-0.137515,1.696970,1.696530,0.75205043,0.73624274,2.101946e-02
-0.133303,1.696970,1.696530,0.74478300,0.73005956,1.976876e-02
-0.129091,1.696970,1.696530,0.73762034,0.72393213,1.855727e-02
-0.124879,1.696970,1.696530,0.73056047,0.71785973,1.738493e-02
-0.120667,1.696970,1.696530,0.72360142,0.71184167,1.625169e-02
-0.116455,1.696970,1.696530,0.71674128,0.70587729,1.515748e-02
-0.112242,1.696970,1.696530,0.70997819,0.69996590,1.410224e-02
-0.108030,1.696970,1.696530,0.70331032,0.69410687,1.308591e-02
-0.103818,1.696970,1.696530,0.69673591,0.68829954,1.210841e-02
-0.099606,1.696970,1.696530,0.69025320,0.68254329,1.116969e-02
-0.095394,1.696970,1.696530,0.68386050,0.67683749,1.026966e-02
-0.091182,1.696970,1.696530,0.67755616,0.67118155,9.408245e-03
-0.086970,1.696970,1.696530,0.67133855,0.66557486,8.585367e-03
-0.082758,1.696970,1.696530,0.66520609,0.66001686,7.800942e-03
-0.078545,1.696970,1.696530,0.65915723,0.65450696,7.054877e-03
-0.074333,1.696970,1.696530,0.65319047,0.64904462,6.347073e-03
-0.070121,1.696970,1.696530,0.64730431,0.64362929,5.677432e-03
-0.065909,1.696970,1.696530,0.64149732,0.63826043,5.045841e-03
-0.061697,1.696970,1.696530,0.63576809,0.63293753,4.452185e-03
-0.057485,1.696970,1.696530,0.63011522,0.62766008,3.896341e-03
-0.053273,1.696970,1.696530,0.62453738,0.62242759,3.378174e-03
-0.049061,1.696970,1.696530,0.61903324,0.61723956,2.897546e-03
-0.044848,1.696970,1.696530,0.61360150,0.61209554,2.454306e-03
-0.040636,1.696970,1.696530,0.60824091,0.60699505,2.048294e-03
-0.036424,1.696970,1.696530,0.60295022,0.60193767,1.679339e-03
-0.032212,1.696970,1.696530,0.59772823,0.59692294,1.347259e-03
-0.028000,1.696970,1.696530,0.59257376,0.59195045,1.051863e-03
-0.023788,1.696970,1.696530,0.58748563,0.58701979,7.929450e-04
-0.019576,1.696970,1.696530,0.58246273,0.58213056,5.702843e-04
-0.015364,1.696970,1.696530,0.57750394,0.57728238,3.836512e-04
-0.011152,1.696970,1.696530,0.57260817,0.57247487,2.328004e-04
-0.006939,1.696970,1.696530,0.56777436,0.56770767,1.174692e-04
-0.002727,1.696970,1.696530,0.56300147,0.56298043,3.737983e-05
0.001485,1.696970,1.696530,0.55828849,0.55829282,7.756164e-06
0.005697,1.696970,1.696530,0.55363441,0.55364451,1.824853e-05
0.009909,1.696970,1.696530,0.54903825,0.54903520,5.569826e-06
0.014121,1.696970,1.696530,0.54449907,0.54446457,6.335901e-05
0.018333,1.696970,1.696530,0.54001591,0.53993234,1.547533e-04
0.022545,1.696970,1.696530,0.53558787,0.53543825,2.793620e-04
0.026758,1.696970,1.696530,0.53121405,0.53098202,4.367899e-04
0.030970,1.696970,1.696530,0.52689355,0.52656340,6.266037e-04
0.035182,1.696970,1.696530,0.52262553,0.52218215,8.483577e-04
0.039394,1.696970,1.696530,0.51840913,0.51783806,1.101578e-03
0.043606,1.696970,1.696530,0.51424352,0.51353090,1.385773e-03
0.047818,1.696970,1.696530,0.51012790,0.50926047,1.700419e-03
0.052030,1.696970,1.696530,0.50606146,0.50502658,2.044970e-03
0.056242,1.696970,1.696530,0.50204343,0.50082906,2.418861e-03
0.060455,1.696970,1.696530,0.49807304,0.49666773,2.821484e-03
0.064667,1.696970,1.696530,0.49414954,0.49254246,3.252220e-03
0.068879,1.696970,1.696530,0.49027220,0.48845309,3.710407e-03
0.073091,1.696970,1.696530,0.48644029,0.48439949,4.195366e-03
0.077303,1.696970,1.696530,0.48265311,0.48038156,4.706379e-03
0.081515,1.696970,1.696530,0.47890996,0.47639918,5.242695e-03
0.085727,1.696970,1.696530,0.47521016,0.47245226,5.803539e-03
0.089939,1.696970,1.696530,0.47155306,0.46854073,6.388098e-03
0.094152,1.696970,1.696530,0.46793799,0.46466452,6.995523e-03
0.098364,1.696970,1.696530,0.46436431,0.46082357,7.624925e-03
0.102576,1.696970,1.696530,0.46083140,0.45701783,8.275397e-03
0.106788,1.696970,1.696530,0.45733863,0.45324729,8.945975e-03
0.111000,1.696970,1.696530,0.45388540,0.44951191,9.635668e-03
0.115212,1.696970,1.696530,0.45047111,0.44581169,1.034344e-02
0.119424,1.696970,1.696530,0.44709519,0.44214665,1.106822e-02
0.123636,1.696970,1.696530,0.44375706,0.43851678,1.180889e-02
0.127848,1.696970,1.696530,0.44045616,0.43492214,1.256429e-02
0.132061,1.696970,1.696530,0.43719193,0.43136275,1.333322e-02
0.136273,1.696970,1.696530,0.43396384,0.42783868,1.411445e-02
0.140485,1.696970,1.696530,0.43077135,0.42434999,1.490667e-02
0.144697,1.696970,1.696530,0.42761395,0.42089675,1.570855e-02
0.148909,1.696970,1.696530,0.42449111,0.41747907,1.651870e-02
0.153121,1.696970,1.696530,0.42140235,0.41409704,1.733570e-02
0.157333,1.696970,1.696530,0.41834716,0.41075078,1.815806e-02
0.161545,1.696970,1.696530,0.41532506,0.40744042,1.898425e-02
0.165758,1.696970,1.696530,0.41233557,0.40416610,1.981267e-02
0.169970,1.696970,1.696530,0.40937823,0.40092797,2.064169e-02
0.174182,1.696970,1.696530,0.40645258,0.39772620,2.146961e-02
0.178394,1.696970,1.696530,0.40355816,0.39456096,2.229468e-02
0.182606,1.696970,1.696530,0.40069454,0.39143244,2.311511e-02
0.186818,1.696970,1.696530,0.39786127,0.38834084,2.392903e-02
0.191030,1.696970,1.696530,0.39505794,0.38528638,2.473450e-02
0.195242,1.696970,1.696530,0.39228412,0.38226928,2.552954e-02
0.199455,1.696970,1.696530,0.38953939,0.37928979,2.631211e-02
0.203667,1.696970,1.696530,0.38682336,0.37634814,2.708011e-02
0.207879,1.696970,1.696530,0.38413562,0.37344461,2.783135e-02
0.212091,1.696970,1.696530,0.38147579,0.37057946,2.856360e-02
0.216303,1.696970,1.696530,0.37884347,0.36775299,2.927456e-02
0.220515,1.696970,1.696530,0.37623829,0.36496550,2.996185e-02
0.224727,1.696970,1.696530,0.37365988,0.36221729,3.062302e-02
0.228939,1.696970,1.696530,0.37110788,0.35950869,3.125557e-02
0.233152,1.696970,1.696530,0.36858192,0.35684003,3.185692e-02
0.237364,1.696970,1.696530,0.36608164,0.35421167,3.242439e-02
0.241576,1.696970,1.696530,0.36360671,0.35162396,3.295526e-02
0.245788,1.696970,1.696530,0.36115679,0.34907728,3.344673e-02
0.250000,1.696970,1.696530,0.35873153,0.34657200,3.389590e-02
-0.167000,1.757576,1.757120,0.80717678,0.78218515,3.096177e-02
-0.162788,1.757576,1.757120,0.79910397,0.77558380,2.943319e-02
-0.158576,1.757576,1.757120,0.79115162,0.76904350,2.794422e-02
-0.154364,1.757576,1.757120,0.78331732,0.76256348,2.649480e-02
-0.150152,1.757576,1.757120,0.77559876,0.75614296,2.508488e-02
-0.145939,1.757576,1.757120,0.76799367,0.74978116,2.371440e-02
-0.141727,1.757576,1.757120,0.76049984,0.74347735,2.238329e-02
-0.137515,1.757576,1.757120,0.75311510,0.73723077,2.109150e-02
-0.133303,1.757576,1.757120,0.74583735,0.73104071,1.983897e-02
-0.129091,1.757576,1.757120,0.73866454,0.72490644,1.862563e-02
-0.124879,1.757576,1.757120,0.73159465,0.71882727,1.745144e-02
-0.120667,1.757576,1.757120,0.72462572,0.71280249,1.631633e-02
-0.116455,1.757576,1.757120,0.71775586,0.70683144,1.522023e-02
-0.112242,1.757576,1.757120,0.71098317,0.70091345,1.416309e-02
-0.108030,1.757576,1.757120,0.70430585,0.69504786,1.314484e-02
-0.103818,1.757576,1.757120,0.69772211,0.68923403,1.216541e-02
-0.099606,1.757576,1.757120,0.69123021,0.68347133,1.122473e-02
-0.095394,1.757576,1.757120,0.68482844,0.67775915,1.032272e-02
-0.091182,1.757576,1.757120,0.67851516,0.67209687,9.459313e-03
-0.086970,1.757576,1.757120,0.67228873,0.66648391,8.634419e-03
-0.082758,1.757576,1.757120,0.66614758,0.66091968,7.847955e-03
-0.078545,1.757576,1.757120,0.66009014,0.65540361,7.099828e-03
-0.074333,1.757576,1.757120,0.65411491,0.64993516,6.389938e-03
-0.070121,1.757576,1.757120,0.64822041,0.64451377,5.718186e-03
-0.065909,1.757576,1.757120,0.64240519,0.63913890,5.084457e-03
-0.061697,1.757576,1.757120,0.63666783,0.63381006,4.488637e-03
-0.057485,1.757576,1.757120,0.63100695,0.62852671,3.930599e-03
-0.053273,1.757576,1.757120,0.62542120,0.62328838,3.410213e-03
-0.049061,1.757576,1.757120,0.61990925,0.61809457,2.927332e-03
-0.044848,1.757576,1.757120,0.61446981,0.61294482,2.481809e-03
-0.040636,1.757576,1.757120,0.60910162,0.60783866,2.073480e-03
-0.036424,1.757576,1.757120,0.60380343,0.60277565,1.702177e-03
-0.032212,1.757576,1.757120,0.59857404,0.59775536,1.367713e-03
-0.028000,1.757576,1.757120,0.59341225,0.59277736,1.069898e-03
-0.023788,1.757576,1.757120,0.58831692,0.58784125,8.085243e-04
-0.019576,1.757576,1.757120,0.58328689,0.58294662,5.833715e-04
-0.015364,1.757576,1.757120,0.57832107,0.57809309,3.942075e-04
-0.011152,1.757576,1.757120,0.57341836,0.57328029,2.407845e-04
-0.006939,1.757576,1.757120,0.56857770,0.56850786,1.228412e-04
-0.002727,1.757576,1.757120,0.56379805,0.56377544,4.009839e-05
0.001485,1.757576,1.757120,0.55907839,0.55908271,7.734537e-06
0.005697,1.757576,1.757120,0.55441771,0.55442933,2.096894e-05
0.009909,1.757576,1.757120,0.54981504,0.54981500,6.451180e-08
0.014121,1.757576,1.757120,0.54526942,0.54523942,5.502210e-05
0.018333,1.757576,1.757120,0.54077991,0.54070229,1.435353e-04
0.022545,1.757576,1.757120,0.53634559,0.53620334,2.652188e-04
0.026758,1.757576,1.757120,0.53196557,0.53174232,4.196667e-04
0.030970,1.757576,1.757120,0.52763895,0.52731896,6.064553e-04
0.035182,1.757576,1.757120,0.52336488,0.52293303,8.251304e-04
0.039394,1.757576,1.757120,0.51914250,0.51858431,1.075223e-03
0.043606,1.757576,1.757120,0.51497099,0.51427257,1.356231e-03
0.047818,1.757576,1.757120,0.51084954,0.50999762,1.667639e-03
0.052030,1.757576,1.757120,0.50677734,0.50575927,2.008898e-03
0.056242,1.757576,1.757120,0.50275361,0.50155734,2.379437e-03
0.060455,1.757576,1.757120,0.49877760,0.49739167,2.778655e-03
0.064667,1.757576,1.757120,0.49484854,0.49326209,3.205926e-03
0.068879,1.757576,1.757120,0.49096570,0.48916847,3.660592e-03
0.073091,1.757576,1.757120,0.48712836,0.48511069,4.141965e-03
0.077303,1.757576,1.757120,0.48333581,0.48108862,4.649332e-03
0.081515,1.757576,1.757120,0.47958736,0.47710217,5.181944e-03
0.085727,1.757576,1.757120,0.47588233,0.47315123,5.739020e-03
0.089939,1.757576,1.757120,0.47222004,0.46923573,6.319748e-03
0.094152,1.757576,1.757120,0.46859985,0.46535560,6.923277e-03
0.098364,1.757576,1.757120,0.46502111,0.46151079,7.548724e-03
0.102576,1.757576,1.757120,0.46148319,0.45770125,8.195170e-03
0.106788,1.757576,1.757120,0.45798547,0.45392696,8.861658e-03
0.111000,1.757576,1.757120,0.45452735,0.45018789,9.547196e-03
0.115212,1.757576,1.757120,0.45110823,0.44648403,1.025074e-02
0.119424,1.757576,1.757120,0.44772752,0.44281540,1.097123e-02
0.123636,1.757576,1.757120,0.44438466,0.43918201,1.170754e-02
0.127848,1.757576,1.757120,0.44107908,0.43558389,1.245851e-02
0.132061,1.757576,1.757120,0.43781023,0.43202109,1.322296e-02
0.136273,1.757576,1.757120,0.43457757,0.42849365,1.399961e-02
0.140485,1.757576,1.757120,0.43138056,0.42500165,1.478720e-02
0.144697,1.757576,1.757120,0.42821868,0.42154516,1.558437e-02
0.148909,1.757576,1.757120,0.42509143,0.41812428,1.638975e-02
0.153121,1.757576,1.757120,0.42199829,0.41473911,1.720191e-02
0.157333,1.757576,1.757120,0.41893877,0.41138976,1.801935e-02
0.161545,1.757576,1.757120,0.41591239,0.40807637,1.884054e-02
0.165758,1.757576,1.757120,0.41291867,0.40479907,1.966391e-02
0.169970,1.757576,1.757120,0.40995714,0.40155802,2.048780e-02
0.174182,1.757576,1.757120,0.40702734,0.39835338,2.131052e-02
0.178394,1.757576,1.757120,0.40412883,0.39518532,2.213033e-02
0.182606,1.757576,1.757120,0.40126115,0.39205404,2.294541e-02
0.186818,1.757576,1.757120,0.39842387,0.38895974,2.375391e-02
0.191030,1.757576,1.757120,0.39561657,0.38590264,2.455390e-02
0.195242,1.757576,1.757120,0.39283881,0.38288295,2.534339e-02
0.199455,1.757576,1.757120,0.39009020,0.37990091,2.612035e-02
0.203667,1.757576,1.757120,0.38737032,0.37695678,2.688266e-02
0.207879,1.757576,1.757120,0.38467878,0.37405082,2.762814e-02
0.212091,1.757576,1.757120,0.38201518,0.37118330,2.835456e-02
0.216303,1.757576,1.757120,0.37937913,0.36835452,2.905963e-02
0.220515,1.757576,1.757120,0.37677027,0.36556476,2.974096e-02
0.224727,1.757576,1.757120,0.37418821,0.36281434,3.039612e-02
0.228939,1.757576,1.757120,0.37163259,0.36010359,3.102258e-02
0.233152,1.757576,1.757120,0.36910305,0.35743283,3.161778e-02
0.237364,1.757576,1.757120,0.36659924,0.35480243,3.217905e-02
0.241576,1.757576,1.757120,0.36412081,0.35221273,3.270365e-02
0.245788,1.757576,1.757120,0.36166741,0.34966411,3.318878e-02
0.250000,1.757576,1.757120,0.35923872,0.34715696,3.363155e-02
-0.167000,1.818182,1.817711,0.80835623,0.78325796,3.104852e-02
-0.162788,1.818182,1.817711,0.80027160,0.77664908,2.951813e-02
-0.158576,1.818182,1.817711,0.79230760,0.77010132,2.802735e-02
-0.154364,1.818182,1.817711,0.78446183,0.76361389,2.657611e-02
-0.150152,1.818182,1.817711,0.77673197,0.75718601,2.516436e-02
-0.145939,1.818182,1.817711,0.76911575,0.75081692,2.379204e-02
-0.141727,1.818182,1.817711,0.76161094,0.74450586,2.245908e-02
-0.137515,1.818182,1.817711,0.75421539,0.73825210,2.116543e-02
-0.133303,1.818182,1.817711,0.74692699,0.73205491,1.991102e-02
-0.129091,1.818182,1.817711,0.73974368,0.72591358,1.869580e-02
-0.124879,1.818182,1.817711,0.73266344,0.71982739,1.751970e-02
-0.120667,1.818182,1.817711,0.72568431,0.71379566,1.638268e-02
-0.116455,1.818182,1.817711,0.71880439,0.70781772,1.528465e-02
-0.112242,1.818182,1.817711,0.71202179,0.70189288,1.422556e-02
-0.108030,1.818182,1.817711,0.70533469,0.69602051,1.320534e-02
-0.103818,1.818182,1.817711,0.69874132,0.69019995,1.222393e-02
-0.099606,1.818182,1.817711,0.69223991,0.68443058,1.128124e-02
-0.095394,1.818182,1.817711,0.68582878,0.67871178,1.037722e-02
-0.091182,1.818182,1.817711,0.67950625,0.67304295,9.511766e-03
-0.086970,1.818182,1.817711,0.67327071,0.66742349,8.684809e-03
-0.082758,1.818182,1.817711,0.66712057,0.66185281,7.896257e-03
-0.078545,1.818182,1.817711,0.66105427,0.65633036,7.146018e-03
-0.074333,1.818182,1.817711,0.65507030,0.65085558,6.433994e-03
-0.070121,1.818182,1.817711,0.64916717,0.64542791,5.760079e-03
-0.065909,1.818182,1.817711,0.64334344,0.64004684,5.124163e-03
-0.061697,1.818182,1.817711,0.63759768,0.63471183,4.526126e-03
-0.057485,1.818182,1.817711,0.63192852,0.62942239,3.965845e-03
-0.053273,1.818182,1.817711,0.62633459,0.62417801,3.443182e-03
-0.049061,1.818182,1.817711,0.62081458,0.61897821,2.957996e-03
-0.044848,1.818182,1.817711,0.61536718,0.61382253,2.510134e-03
-0.040636,1.818182,1.817711,0.60999114,0.60871050,2.099435e-03
-0.036424,1.818182,1.817711,0.60468520,0.60364168,1.725725e-03
-0.032212,1.818182,1.817711,0.59944815,0.59861562,1.388821e-03
-0.028000,1.818182,1.817711,0.59427881,0.59363192,1.088530e-03
-0.023788,1.818182,1.817711,0.58917602,0.58869016,8.246404e-04
-0.019576,1.818182,1.817711,0.58413864,0.58378995,5.969342e-04
-0.015364,1.818182,1.817711,0.57916555,0.57893089,4.051785e-04
-0.011152,1.818182,1.817711,0.57425567,0.57411261,2.491209e-04
-0.006939,1.818182,1.817711,0.56940793,0.56933476,1.285026e-04
-0.002727,1.818182,1.817711,0.56462129,0.56459699,4.304036e-05
0.001485,1.818182,1.817711,0.55989472,0.55989895,7.554677e-06
0.005697,1.818182,1.817711,0.55522722,0.55524033,2.359919e-05
0.009909,1.818182,1.817711,0.55061782,0.55062081,5.419402e-06
0.014121,1.818182,1.817711,0.54606555,0.54604009,4.663436e-05
0.018333,1.818182,1.817711,0.54156948,0.54149788,1.321974e-04
0.022545,1.818182,1.817711,0.53712867,0.53699392,2.508804e-04
0.026758,1.818182,1.817711,0.53274224,0.53252793,4.022794e-04
0.030970,1.818182,1.817711,0.52840930,0.52809967,5.859657e-04
0.035182,1.818182,1.817711,0.52412897,0.52370889,8.014846e-04
0.039394,1.818182,1.817711,0.51990042,0.51935538,1.048366e-03
0.043606,1.818182,1.817711,0.51572281,0.51503891,1.326112e-03
0.047818,1.818182,1.817711,0.51159533,0.51075928,1.634198e-03
0.052030,1.818182,1.817711,0.50751718,0.50651631,1.972080e-03
0.056242,1.818182,1.817711,0.50348757,0.50230982,2.339186e-03
0.060455,1.818182,1.817711,0.49950574,0.49813963,2.734912e-03
0.064667,1.818182,1.817711,0.49557093,0.49400561,3.158624e-03
0.068879,1.818182,1.817711,0.49168242,0.48990760,3.609678e-03
0.073091,1.818182,1.817711,0.48783946,0.48584548,4.087374e-03
0.077303,1.818182,1.817711,0.48404137,0.48181913,4.591007e-03
0.081515,1.818182,1.817711,0.48028744,0.47782846,5.119818e-03
0.085727,1.818182,1.817711,0.47657699,0.47387335,5.673030e-03
0.089939,1.818182,1.817711,0.47290935,0.46995375,6.249826e-03
0.094152,1.818182,1.817711,0.46928386,0.46606957,6.849356e-03
0.098364,1.818182,1.817711,0.46569989,0.46222076,7.470741e-03
0.102576,1.818182,1.817711,0.46215679,0.45840729,8.113058e-03
0.106788,1.818182,1.817711,0.45865396,0.45462911,8.775353e-03
0.111000,1.818182,1.817711,0.45519078,0.45088622,9.456621e-03
0.115212,1.818182,1.817711,0.45176666,0.44717860,1.015583e-02
0.119424,1.818182,1.817711,0.44838102,0.44350626,1.087192e-02
0.123636,1.818182,1.817711,0.44503327,0.43986922,1.160375e-02
0.127848,1.818182,1.817711,0.44172286,0.43626750,1.235018e-02
0.132061,1.818182,1.817711,0.43844923,0.43270116,1.311001e-02
0.136273,1.818182,1.817711,0.43521184,0.42917024,1.388198e-02
0.140485,1.818182,1.817711,0.43201016,0.42567481,1.466481e-02
0.144697,1.818182,1.817711,0.42884366,0.42221496,1.545715e-02
0.148909,1.818182,1.817711,0.42571183,0.41879077,1.625763e-02
0.153121,1.818182,1.817711,0.42261417,0.41540234,1.706480e-02
0.157333,1.818182,1.817711,0.41955018,0.41204980,1.787719e-02
0.161545,1.818182,1.817711,0.41651938,0.40873327,1.869327e-02
0.165758,1.818182,1.817711,0.41352128,0.40545289,1.951143e-02
0.169970,1.818182,1.817711,0.41055542,0.40220881,2.033006e-02
0.174182,1.818182,1.817711,0.40762134,0.39900120,2.114744e-02
0.178394,1.818182,1.817711,0.40471859,0.39583023,2.196183e-02
0.182606,1.818182,1.817711,0.40184672,0.39269610,2.277143e-02
0.186818,1.818182,1.817711,0.39900530,0.38959900,2.357437e-02
0.191030,1.818182,1.817711,0.39619389,0.38653915,2.436873e-02
0.195242,1.818182,1.817711,0.39341208,0.38351678,2.515252e-02
0.199455,1.818182,1.817711,0.39065945,0.38053211,2.592370e-02
0.203667,1.818182,1.817711,0.38793560,0.37758541,2.668016e-02
0.207879,1.818182,1.817711,0.38524012,0.37467694,2.741973e-02
0.212091,1.818182,1.817711,0.38257263,0.37180697,2.814018e-02
0.216303,1.818182,1.817711,0.37993273,0.36897578,2.883919e-02
0.220515,1.818182,1.817711,0.37732005,0.36618368,2.951439e-02
0.224727,1.818182,1.817711,0.37473422,0.36343098,3.016336e-02
0.228939,1.818182,1.817711,0.37217487,0.36071799,3.078358e-02
0.233152,1.818182,1.817711,0.36964163,0.35804507,3.137244e-02
0.237364,1.818182,1.817711,0.36713416,0.35541255,3.192733e-02
0.241576,1.818182,1.817711,0.36465211,0.35282079,3.244548e-02
0.245788,1.818182,1.817711,0.36219513,0.35027018,3.292411e-02
0.250000,1.818182,1.817711,0.35976289,0.34776108,3.336032e-02
-0.167000,1.878788,1.878301,0.80957369,0.78436568,3.113739e-02
-0.162788,1.878788,1.878301,0.80147686,0.77774902,2.960515e-02
-0.158576,1.878788,1.878301,0.79350084,0.77119354,2.811251e-02
-0.154364,1.878788,1.878301,0.78564323,0.76469844,2.665942e-02
-0.150152,1.878788,1.878301,0.77790171,0.75826296,2.524580e-02
-0.145939,1.878788,1.878301,0.77027399,0.75188632,2.387159e-02
-0.141727,1.878788,1.878301,0.76275786,0.74556778,2.253674e-02
-0.137515,1.878788,1.878301,0.75535115,0.73930660,2.124118e-02
-0.133303,1.878788,1.878301,0.74805175,0.73310204,1.998486e-02
-0.129091,1.878788,1.878301,0.74085759,0.72695340,1.876771e-02
-0.124879,1.878788,1.878301,0.73376667,0.72085996,1.758967e-02
-0.120667,1.878788,1.878301,0.72677702,0.71482104,1.645068e-02
-0.116455,1.878788,1.878301,0.71988671,0.70883596,1.535068e-02
-0.112242,1.878788,1.878301,0.71309388,0.70290405,1.428960e-02
-0.108030,1.878788,1.878301,0.70639670,0.69702467,1.326738e-02
-0.103818,1.878788,1.878301,0.69979337,0.69119715,1.228394e-02
-0.099606,1.878788,1.878301,0.69328216,0.68542089,1.133921e-02
-0.095394,1.878788,1.878301,0.68686135,0.67969525,1.043311e-02
-0.091182,1.878788,1.878301,0.68052929,0.67401964,9.565573e-03
-0.086970,1.878788,1.878301,0.67428435,0.66839346,8.736507e-03
-0.082758,1.878788,1.878301,0.66812492,0.66281612,7.945823e-03
-0.078545,1.878788,1.878301,0.66204947,0.65728707,7.193425e-03
-0.074333,1.878788,1.878301,0.65605647,0.65180574,6.479219e-03
-0.070121,1.878788,1.878301,0.65014444,0.64637159,5.803095e-03
-0.065909,1.878788,1.878301,0.64431193,0.64098409,5.164942e-03
-0.061697,1.878788,1.878301,0.63855750,0.63564272,4.564639e-03
-0.057485,1.878788,1.878301,0.63287979,0.63034697,4.002063e-03
-0.053273,1.878788,1.878301,0.62727743,0.62509634,3.477075e-03
-0.049061,1.878788,1.878301,0.62174909,0.61989035,2.989532e-03
-0.044848,1.878788,1.878301,0.61629348,0.61472854,2.539279e-03
-0.040636,1.878788,1.878301,0.61090932,0.60961044,2.126157e-03
-0.036424,1.878788,1.878301,0.60559538,0.60453560,1.749989e-03
-0.032212,1.878788,1.878301,0.60035044,0.59950359,1.410590e-03
-0.028000,1.878788,1.878301,0.59517331,0.59451400,1.107764e-03
-0.023788,1.878788,1.878301,0.59006282,0.58956640,8.413043e-04
-0.019576,1.878788,1.878301,0.58501784,0.58466040,6.109860e-04
-0.015364,1.878788,1.878301,0.58003726,0.57979563,4.165761e-04
-0.011152,1.878788,1.878301,0.57511997,0.57497169,2.578261e-04
-0.006939,1.878788,1.878301,0.57026492,0.57018824,1.344705e-04
-0.002727,1.878788,1.878301,0.56547106,0.56544492,4.622885e-05
0.001485,1.878788,1.878301,0.56073737,0.56074140,7.192708e-06
0.005697,1.878788,1.878301,0.55606283,0.55607735,2.610907e-05
0.009909,1.878788,1.878301,0.55144648,0.55145247,1.085255e-05
0.014121,1.878788,1.878301,0.54688735,0.54686644,3.823424e-05
0.018333,1.878788,1.878301,0.54238450,0.54231899,1.207765e-04
0.022545,1.878788,1.878301,0.53793700,0.53780984,2.363905e-04
0.026758,1.878788,1.878301,0.53354395,0.53333872,3.846679e-04
0.030970,1.878788,1.878301,0.52920448,0.52890538,5.651769e-04
0.035182,1.878788,1.878301,0.52491770,0.52450960,7.774681e-04
0.039394,1.878788,1.878301,0.52068278,0.52015113,1.021063e-03
0.043606,1.878788,1.878301,0.51649887,0.51582976,1.295468e-03
0.047818,1.878788,1.878301,0.51236516,0.51154530,1.600155e-03
0.052030,1.878788,1.878301,0.50828086,0.50729755,1.934582e-03
0.056242,1.878788,1.878301,0.50424518,0.50308634,2.298169e-03
0.060455,1.878788,1.878301,0.50025735,0.49891150,2.690315e-03
0.064667,1.878788,1.878301,0.49631661,0.49477287,3.110392e-03
0.068879,1.878788,1.878301,0.49242224,0.49067032,3.557746e-03
0.073091,1.878788,1.878301,0.48857349,0.48660372,4.031679e-03
0.077303,1.878788,1.878301,0.48476967,0.48257295,4.531482e-03
0.081515,1.878788,1.878301,0.48101009,0.47857791,5.056399e-03
0.085727,1.878788,1.878301,0.47729404,0.47461850,5.605652e-03
0.089939,1.878788,1.878301,0.47362087,0.47069464,6.178422e-03
0.094152,1.878788,1.878301,0.46998992,0.46680628,6.773861e-03
0.098364,1.878788,1.878301,0.46640055,0.46295334,7.391083e-03
0.102576,1.878788,1.878301,0.46285212,0.45913580,8.029169e-03
0.106788,1.878788,1.878301,0.45934401,0.45535361,8.687160e-03
0.111000,1.878788,1.878301,0.45587561,0.45160676,9.364057e-03
0.115212,1.878788,1.878301,0.45244633,0.44789525,1.005883e-02
0.119424,1.878788,1.878301,0.44905558,0.44421907,1.077040e-02
0.123636,1.878788,1.878301,0.44570279,0.44057826,1.149765e-02
0.127848,1.878788,1.878301,0.44238739,0.43697282,1.223942e-02
0.132061,1.878788,1.878301,0.43910883,0.43340282,1.299451e-02
0.136273,1.878788,1.878301,0.43586656,0.42986831,1.376168e-02
0.140485,1.878788,1.878301,0.43266006,0.42636934,1.453963e-02
0.144697,1.878788,1.878301,0.42948878,0.42290600,1.532701e-02
0.148909,1.878788,1.878301,0.42635224,0.41947839,1.612246e-02
0.153121,1.878788,1.878301,0.42324991,0.41608660,1.692454e-02
0.157333,1.878788,1.878301,0.42018130,0.41273075,1.773175e-02
0.161545,1.878788,1.878301,0.41714593,0.40941098,1.854257e-02
0.165758,1.878788,1.878301,0.41414332,0.40612741,1.935541e-02
0.169970,1.878788,1.878301,0.41117300,0.40288020,2.016863e-02
0.174182,1.878788,1.878301,0.40823450,0.39966952,2.098053e-02
0.178394,1.878788,1.878301,0.40532737,0.39649554,2.178937e-02
0.182606,1.878788,1.878301,0.40245118,0.39335846,2.259335e-02
0.186818,1.878788,1.878301,0.39960547,0.39025847,2.339058e-02
0.191030,1.878788,1.878301,0.39678983,0.38719578,2.417916e-02
0.195242,1.878788,1.878301,0.39400383,0.38417063,2.495710e-02
0.199455,1.878788,1.878301,0.39124705,0.38118326,2.572236e-02
0.203667,1.878788,1.878301,0.38851909,0.37823390,2.647282e-02
0.207879,1.878788,1.878301,0.38581956,0.37532283,2.720632e-02
0.212091,1.878788,1.878301,0.38314805,0.37245031,2.792063e-02
0.216303,1.878788,1.878301,0.38050418,0.36961665,2.861343e-02
0.220515,1.878788,1.878301,0.37788756,0.36682212,2.928236e-02
0.224727,1.878788,1.878301,0.37529783,0.36406706,2.992497e-02
0.228939,1.878788,1.878301,0.37273462,0.36135177,3.053876e-02
0.233152,1.878788,1.878301,0.37019757,0.35867660,3.112115e-02
0.237364,1.878788,1.878301,0.36768633,0.35604189,3.166947e-02
0.241576,1.878788,1.878301,0.36520053,0.35344801,3.218101e-02
0.245788,1.878788,1.878301,0.36273985,0.35089533,3.265296e-02
0.250000,1.878788,1.878301,0.36030395,0.34838422,3.308242e-02
-0.167000,1.939394,1.938891,0.81082897,0.78550815,3.122831e-02
-0.162788,1.939394,1.938891,0.80271956,0.77888346,2.969419e-02
-0.158576,1.939394,1.938891,0.79473115,0.77232000,2.819966e-02
-0.154364,1.939394,1.938891,0.78686134,0.76581700,2.674466e-02
-0.150152,1.939394,1.938891,0.77910778,0.75937366,2.532913e-02
-0.145939,1.939394,1.938891,0.77146821,0.75298924,2.395300e-02
-0.141727,1.939394,1.938891,0.76394041,0.74666296,2.261622e-02
-0.137515,1.939394,1.938891,0.75652219,0.74039411,2.131872e-02
-0.133303,1.939394,1.938891,0.74921145,0.73418194,2.006044e-02
-0.129091,1.939394,1.938891,0.74200612,0.72802575,1.884132e-02
-0.124879,1.939394,1.938891,0.73490418,0.72192482,1.766130e-02
-0.120667,1.939394,1.938891,0.72790367,0.71587848,1.652031e-02
-0.116455,1.939394,1.938891,0.72100266,0.70988603,1.541830e-02
-0.112242,1.939394,1.938891,0.71419928,0.70394682,1.435518e-02
-0.108030,1.939394,1.938891,0.70749170,0.69806019,1.333091e-02
-0.103818,1.939394,1.938891,0.70087811,0.69222549,1.234540e-02
-0.099606,1.939394,1.938891,0.69435679,0.68644211,1.139858e-02
-0.095394,1.939394,1.938891,0.68792601,0.68070941,1.049038e-02
-0.091182,1.939394,1.938891,0.68158412,0.67502679,9.620710e-03
-0.086970,1.939394,1.938891,0.67532947,0.66939367,8.789489e-03
-0.082758,1.939394,1.938891,0.66916048,0.66380946,7.996628e-03
-0.078545,1.939394,1.938891,0.66307560,0.65827359,7.242029e-03
-0.074333,1.939394,1.938891,0.65707329,0.65278550,6.525594e-03
-0.070121,1.939394,1.938891,0.65115208,0.64734465,5.847216e-03
-0.065909,1.939394,1.938891,0.64531051,0.64195052,5.206780e-03
-0.061697,1.939394,1.938891,0.63954715,0.63660257,4.604166e-03
-0.057485,1.939394,1.938891,0.63386062,0.63130030,4.039248e-03
-0.053273,1.939394,1.938891,0.62824956,0.62604322,3.511885e-03
-0.049061,1.939394,1.938891,0.62271264,0.62083084,3.021936e-03
-0.044848,1.939394,1.938891,0.61724856,0.61566269,2.569244e-03
-0.040636,1.939394,1.938891,0.61185604,0.61053832,2.153647e-03
-0.036424,1.939394,1.938891,0.60653385,0.60545727,1.774968e-03
-0.032212,1.939394,1.938891,0.60128077,0.60041912,1.433023e-03
-0.028000,1.939394,1.938891,0.59609560,0.59542343,1.127613e-03
-0.023788,1.939394,1.938891,0.59097717,0.59046981,8.585251e-04
-0.019576,1.939394,1.938891,0.58592436,0.58555784,6.255415e-04
-0.015364,1.939394,1.938891,0.58093605,0.58068716,4.284237e-04
-0.011152,1.939394,1.938891,0.57601113,0.57585738,2.669219e-04
-0.006939,1.939394,1.938891,0.57114854,0.57106814,1.407717e-04
-0.002727,1.939394,1.938891,0.56634724,0.56631910,4.969029e-05
0.001485,1.939394,1.938891,0.56160620,0.56160992,6.619779e-06
0.005697,1.939394,1.938891,0.55692441,0.55694027,2.847197e-05
0.009909,1.939394,1.938891,0.55230089,0.55230984,1.619719e-05
0.014121,1.939394,1.938891,0.54773468,0.54771833,2.985559e-05
0.018333,1.939394,1.938891,0.54322484,0.54316546,1.093149e-04
0.022545,1.939394,1.938891,0.53877044,0.53865095,2.217906e-04
0.026758,1.939394,1.938891,0.53437058,0.53417453,3.668773e-04
0.030970,1.939394,1.938891,0.53002437,0.52973596,5.441400e-04
0.035182,1.939394,1.938891,0.52573094,0.52533499,7.531306e-04
0.039394,1.939394,1.938891,0.52148944,0.52097141,9.933705e-04
0.043606,1.939394,1.938891,0.51729904,0.51664499,1.264360e-03
0.047818,1.939394,1.938891,0.51315892,0.51235553,1.565573e-03
0.052030,1.939394,1.938891,0.50906828,0.50810285,1.896462e-03
0.056242,1.939394,1.938891,0.50502633,0.50388676,2.256454e-03
0.060455,1.939394,1.938891,0.50103231,0.49970711,2.644946e-03
0.064667,1.939394,1.938891,0.49708546,0.49556373,3.061301e-03
0.068879,1.939394,1.938891,0.49318504,0.49145649,3.504869e-03
0.073091,1.939394,1.938891,0.48933033,0.48738526,3.974952e-03
0.077303,1.939394,1.938891,0.48552061,0.48334992,4.470841e-03
0.081515,1.939394,1.938891,0.48175519,0.47935037,4.991777e-03
0.085727,1.939394,1.938891,0.47803338,0.47538652,5.536979e-03
0.089939,1.939394,1.938891,0.47435451,0.47145828,6.105630e-03
0.094152,1.939394,1.938891,0.47071793,0.46756558,6.696883e-03
0.098364,1.939394,1.938891,0.46712298,0.46370839,7.309845e-03
0.102576,1.939394,1.938891,0.46356905,0.45988664,7.943603e-03
0.106788,1.939394,1.938891,0.46005549,0.45610031,8.597192e-03
0.111000,1.939394,1.938891,0.45658172,0.45234938,9.269618e-03
0.115212,1.939394,1.938891,0.45314712,0.44863384,9.959843e-03
0.119424,1.939394,1.938891,0.44975111,0.44495371,1.066679e-02
0.123636,1.939394,1.938891,0.44639311,0.44130899,1.138935e-02
0.127848,1.939394,1.938891,0.44307257,0.43769972,1.212635e-02
0.132061,1.939394,1.938891,0.43978892,0.43412594,1.287660e-02
0.136273,1.939394,1.938891,0.43654163,0.43058770,1.363884e-02
0.140485,1.939394,1.938891,0.43333015,0.42708508,1.441180e-02
0.144697,1.939394,1.938891,0.43015396,0.42361815,1.519412e-02
0.148909,1.939394,1.938891,0.42701255,0.42018700,1.598441e-02
0.153121,1.939394,1.938891,0.42390541,0.41679174,1.678126e-02
0.157333,1.939394,1.938891,0.42083204,0.41343248,1.758318e-02
0.161545,1.939394,1.938891,0.41779196,0.41010935,1.838861e-02
0.165758,1.939394,1.938891,0.41478469,0.40682249,1.919600e-02
0.169970,1.939394,1.938891,0.41180976,0.40357205,2.000368e-02
0.174182,1.939394,1.938891,0.40886670,0.40035820,2.080998e-02
0.178394,1.939394,1.938891,0.40595507,0.39718111,2.161313e-02
0.182606,1.939394,1.938891,0.40307441,0.39404098,2.241133e-02
0.186818,1.939394,1.938891,0.40022429,0.39093800,2.320273e-02
0.191030,1.939394,1.938891,0.39740429,0.38787239,2.398539e-02
0.195242,1.939394,1.938891,0.39461396,0.38484437,2.475734e-02
0.199455,1.939394,1.938891,0.39185291,0.38185419,2.551652e-02
0.203667,1.939394,1.938891,0.38912073,0.37890209,2.626085e-02
0.207879,1.939394,1.938891,0.38641700,0.37598833,2.698813e-02
0.212091,1.939394,1.938891,0.38374135,0.37311320,2.769614e-02
0.216303,1.939394,1.938891,0.38109338,0.37027697,2.838257e-02
0.220515,1.939394,1.938891,0.37847271,0.36747994,2.904506e-02
0.224727,1.939394,1.938891,0.37587896,0.36472244,2.968116e-02
0.228939,1.939394,1.938891,0.37331178,0.36200477,3.028837e-02
0.233152,1.939394,1.938891,0.37077079,0.35932728,3.086411e-02
0.237364,1.939394,1.938891,0.36825565,0.35669032,3.140572e-02
0.241576,1.939394,1.938891,0.36576601,0.35409424,3.191048e-02
0.245788,1.939394,1.938891,0.36330151,0.35153942,3.237557e-02
0.250000,1.939394,1.938891,0.36086183,0.34902624,3.279813e-02
-0.167000,2.000000,1.999482,0.81212188,0.78668524,3.132121e-02
-0.162788,2.000000,1.999482,0.80399952,0.78005226,2.978517e-02
-0.158576,2.000000,1.999482,0.79599834,0.77348057,2.828871e-02
-0.154364,2.000000,1.999482,0.78811595,0.76696940,2.683177e-02
-0.150152,2.000000,1.999482,0.78035001,0.76051797,2.541430e-02
-0.145939,2.000000,1.999482,0.77269824,0.75412550,2.403621e-02
-0.141727,2.000000,1.999482,0.76515840,0.74779125,2.269746e-02
-0.137515,2.000000,1.999482,0.75772834,0.74151448,2.139798e-02
-0.133303,2.000000,1.999482,0.75040592,0.73529447,2.013770e-02
-0.129091,2.000000,1.999482,0.74318908,0.72913049,1.891658e-02
-0.124879,2.000000,1.999482,0.73607580,0.72302184,1.773454e-02
-0.120667,2.000000,1.999482,0.72906410,0.71696783,1.659151e-02
-0.116455,2.000000,1.999482,0.72215207,0.71096778,1.548744e-02
-0.112242,2.000000,1.999482,0.71533782,0.70502103,1.442226e-02
-0.108030,2.000000,1.999482,0.70861952,0.69912693,1.339590e-02
-0.103818,2.000000,1.999482,0.70199538,0.69328482,1.240828e-02
-0.099606,2.000000,1.999482,0.69546364,0.68749408,1.145934e-02
-0.095394,2.000000,1.999482,0.68902259,0.68175410,1.054899e-02
-0.091182,2.000000,1.999482,0.68267056,0.67606426,9.677146e-03
-0.086970,2.000000,1.999482,0.67640593,0.67042398,8.843731e-03
-0.082758,2.000000,1.999482,0.67022709,0.66483267,8.048652e-03
-0.078545,2.000000,1.999482,0.66413249,0.65928976,7.291809e-03
-0.074333,2.000000,1.999482,0.65812060,0.65379470,6.573104e-03
-0.070121,2.000000,1.999482,0.65218993,0.64834695,5.892428e-03
-0.065909,2.000000,1.999482,0.64633903,0.64294596,5.249666e-03
-0.061697,2.000000,1.999482,0.64056647,0.63759123,4.644696e-03
-0.057485,2.000000,1.999482,0.63487086,0.63228224,4.077390e-03
-0.053273,2.000000,1.999482,0.62925084,0.62701850,3.547610e-03
-0.049061,2.000000,1.999482,0.62370507,0.62179953,3.055207e-03
-0.044848,2.000000,1.999482,0.61823227,0.61662485,2.600029e-03
-0.040636,2.000000,1.999482,0.61283114,0.61149400,2.181909e-03
-0.036424,2.000000,1.999482,0.60750045,0.60640655,1.800671e-03
-0.032212,2.000000,1.999482,0.60223898,0.60136205,1.456127e-03
-0.028000,2.000000,1.999482,0.59704553,0.59636008,1.148080e-03
-0.023788,2.000000,1.999482,0.59191894,0.59140023,8.763161e-04
-0.019576,2.000000,1.999482,0.58685807,0.58648211,6.406159e-04
-0.015364,2.000000,1.999482,0.58186178,0.58160534,4.407373e-04
-0.011152,2.000000,1.999482,0.57692901,0.57676952,2.764303e-04
-0.006939,2.000000,1.999482,0.57205866,0.57197432,1.474282e-04
-0.002727,2.000000,1.999482,0.56724969,0.56721937,5.344930e-05
0.001485,2.000000,1.999482,0.56250108,0.56250434,5.805365e-06
0.005697,2.000000,1.999482,0.55781182,0.55782891,3.064840e-05
0.009909,2.000000,1.999482,0.55318092,0.55319277,2.141815e-05
0.014121,2.000000,1.999482,0.54860742,0.54859561,2.153898e-05
0.018333,2.000000,1.999482,0.54409038,0.54403714,9.784959e-05
0.022545,2.000000,1.999482,0.53962887,0.53951710,2.071270e-04
0.026758,2.000000,1.999482,0.53522199,0.53503522,3.489572e-04
0.030970,2.000000,1.999482,0.53086884,0.53059124,5.229114e-04
0.035182,2.000000,1.999482,0.52656856,0.52618493,7.285318e-04
0.039394,2.000000,1.999482,0.52232029,0.52181607,9.653441e-04
0.043606,2.000000,1.999482,0.51812320,0.51748444,1.232846e-03
0.047818,2.000000,1.999482,0.51397648,0.51318983,1.530515e-03
0.052030,2.000000,1.999482,0.50987931,0.50893206,1.857798e-03
0.056242,2.000000,1.999482,0.50583091,0.50471094,2.214118e-03
0.060455,2.000000,1.999482,0.50183052,0.50052632,2.598873e-03
0.064667,2.000000,1.999482,0.49787737,0.49637804,3.011431e-03
0.068879,2.000000,1.999482,0.49397072,0.49226597,3.451133e-03
0.073091,2.000000,1.999482,0.49010986,0.48818996,3.917286e-03
0.077303,2.000000,1.999482,0.48629406,0.48414991,4.409174e-03
0.081515,2.000000,1.999482,0.48252263,0.48014570,4.926043e-03
0.085727,2.000000,1.999482,0.47879488,0.47617726,5.467107e-03
0.089939,2.000000,1.999482,0.47511014,0.47224449,6.031553e-03
0.094152,2.000000,1.999482,0.47146776,0.46834734,6.618524e-03
0.098364,2.000000,1.999482,0.46786708,0.46448574,7.227137e-03
0.102576,2.000000,1.999482,0.46430747,0.46065965,7.856471e-03
0.106788,2.000000,1.999482,0.46078831,0.45686905,8.505564e-03
0.111000,2.000000,1.999482,0.45730899,0.45311391,9.173419e-03
0.115212,2.000000,1.999482,0.45386892,0.44939422,9.859000e-03
0.119424,2.000000,1.999482,0.45046749,0.44571000,1.056123e-02
0.123636,2.000000,1.999482,0.44710414,0.44206126,1.127898e-02
0.127848,2.000000,1.999482,0.44377830,0.43844803,1.201111e-02
0.132061,2.000000,1.999482,0.44048941,0.43487035,1.275641e-02
0.136273,2.000000,1.999482,0.43723693,0.43132828,1.351362e-02
0.140485,2.000000,1.999482,0.43402033,0.42782189,1.428147e-02
0.144697,2.000000,1.999482,0.43083908,0.42435124,1.505860e-02
0.148909,2.000000,1.999482,0.42769266,0.42091645,1.584364e-02
0.153121,2.000000,1.999482,0.42458056,0.41751760,1.663514e-02
0.157333,2.000000,1.999482,0.42150229,0.41415482,1.743163e-02
0.161545,2.000000,1.999482,0.41845736,0.41082823,1.823157e-02
0.165758,2.000000,1.999482,0.41544530,0.40753797,1.903337e-02
0.169970,2.000000,1.999482,0.41246562,0.40428420,1.983540e-02
0.174182,2.000000,1.999482,0.40951787,0.40106708,2.063595e-02
0.178394,2.000000,1.999482,0.40660159,0.39788678,2.143328e-02
0.182606,2.000000,1.999482,0.40371634,0.39474351,2.222559e-02
0.186818,2.000000,1.999482,0.40086168,0.39163745,2.301100e-02
0.191030,2.000000,1.999482,0.39803717,0.38856882,2.378761e-02
0.195242,2.000000,1.999482,0.39524240,0.38553784,2.455342e-02
0.199455,2.000000,1.999482,0.39247694,0.38254477,2.530640e-02
0.203667,2.000000,1.999482,0.38974040,0.37958983,2.604443e-02
0.207879,2.000000,1.999482,0.38703236,0.37667331,2.676535e-02
0.212091,2.000000,1.999482,0.38435244,0.37379547,2.746692e-02
0.216303,2.000000,1.999482,0.38170025,0.37095659,2.814683e-02
0.220515,2.000000,1.999482,0.37907540,0.36815699,2.880273e-02
0.224727,2.000000,1.999482,0.37647752,0.36539697,2.943217e-02
0.228939,2.000000,1.999482,0.37390624,0.36267685,3.003265e-02
0.233152,2.000000,1.999482,0.37136120,0.35999697,3.060158e-02
0.237364,2.000000,1.999482,0.36884205,0.35735767,3.113631e-02
0.241576,2.000000,1.999482,0.36634844,0.35475933,3.163412e-02
0.245788,2.000000,1.999482,0.36388001,0.35220230,3.209221e-02
0.250000,2.000000,1.999482,0.36143644,0.34968698,3.250768e-02
-0.167000,2.060606,2.060072,0.81345223,0.78789678,3.141604e-02
-0.162788,2.060606,2.060072,0.80531653,0.78125525,2.987804e-02
-0.158576,2.060606,2.060072,0.79730222,0.77467509,2.837962e-02
-0.154364,2.060606,2.060072,0.78940690,0.76815550,2.692071e-02
-0.150152,2.060606,2.060072,0.78162821,0.76169572,2.550125e-02
-0.145939,2.060606,2.060072,0.77396388,0.75529496,2.412117e-02
-0.141727,2.060606,2.060072,0.76641167,0.74895250,2.278041e-02
-0.137515,2.060606,2.060072,0.75896941,0.74266757,2.147891e-02
-0.133303,2.060606,2.060072,0.75163497,0.73643946,2.021661e-02
-0.129091,2.060606,2.060072,0.74440629,0.73026745,1.899344e-02
-0.124879,2.060606,2.060072,0.73728133,0.72415084,1.780934e-02
-0.120667,2.060606,2.060072,0.73025813,0.71808893,1.666425e-02
-0.116455,2.060606,2.060072,0.72333476,0.71208105,1.555809e-02
-0.112242,2.060606,2.060072,0.71650933,0.70612654,1.449080e-02
-0.108030,2.060606,2.060072,0.70978001,0.70022472,1.346231e-02
-0.103818,2.060606,2.060072,0.70314499,0.69437498,1.247255e-02
-0.099606,2.060606,2.060072,0.69660253,0.68857667,1.152144e-02
-0.095394,2.060606,2.060072,0.69015092,0.68282917,1.060890e-02
-0.091182,2.060606,2.060072,0.68378847,0.67713189,9.734856e-03
-0.086970,2.060606,2.060072,0.67751356,0.67148422,8.899209e-03
-0.082758,2.060606,2.060072,0.67132458,0.66588560,8.101871e-03
-0.078545,2.060606,2.060072,0.66521998,0.66033544,7.342747e-03
-0.074333,2.060606,2.060072,0.65919823,0.65483319,6.621731e-03
-0.070121,2.060606,2.060072,0.65325783,0.64937832,5.938717e-03
-0.065909,2.060606,2.060072,0.64739733,0.64397027,5.293588e-03
-0.061697,2.060606,2.060072,0.64161530,0.63860855,4.686221e-03
-0.057485,2.060606,2.060072,0.63591035,0.63329263,4.116485e-03
-0.053273,2.060606,2.060072,0.63028111,0.62802203,3.584241e-03
-0.049061,2.060606,2.060072,0.62472625,0.62279625,3.089345e-03
-0.044848,2.060606,2.060072,0.61924447,0.61761484,2.631635e-03
-0.040636,2.060606,2.060072,0.61383448,0.61247733,2.210947e-03
-0.036424,2.060606,2.060072,0.60849505,0.60738327,1.827105e-03
-0.032212,2.060606,2.060072,0.60322495,0.60233222,1.479917e-03
-0.028000,2.060606,2.060072,0.59802298,0.59732378,1.169186e-03
-0.023788,2.060606,2.060072,0.59288798,0.59235753,8.946968e-04
-0.019576,2.060606,2.060072,0.58781881,0.58743306,6.562286e-04
-0.015364,2.060606,2.060072,0.58281433,0.58255000,4.535387e-04
-0.011152,2.060606,2.060072,0.57787346,0.57770797,2.863754e-04
-0.006939,2.060606,2.060072,0.57299513,0.57290662,1.544702e-04
-0.002727,2.060606,2.060072,0.56817827,0.56814558,5.753946e-05
0.001485,2.060606,2.060072,0.56342187,0.56342453,4.711938e-06
0.005697,2.060606,2.060072,0.55872492,0.55874314,3.260535e-05
0.009909,2.060606,2.060072,0.55408643,0.55410110,2.647474e-05
0.014121,2.060606,2.060072,0.54950544,0.54949811,1.332899e-05
0.018333,2.060606,2.060072,0.54498099,0.54493388,8.643468e-05
0.022545,2.060606,2.060072,0.54051216,0.54040814,1.924487e-04
0.026758,2.060606,2.060072,0.53609805,0.53592062,3.309624e-04
0.030970,2.060606,2.060072,0.53173777,0.53147108,5.015409e-04
0.035182,2.060606,2.060072,0.52743043,0.52705927,7.037288e-04
0.039394,2.060606,2.060072,0.52317520,0.52268496,9.370489e-04
0.043606,2.060606,2.060072,0.51897123,0.51834795,1.200999e-03
0.047818,2.060606,2.060072,0.51481771,0.51404803,1.495051e-03
0.052030,2.060606,2.060072,0.51071382,0.50978501,1.818653e-03
0.056242,2.060606,2.060072,0.50665879,0.50555872,2.171232e-03
0.060455,2.060606,2.060072,0.50265184,0.50136898,2.552179e-03
0.064667,2.060606,2.060072,0.49869221,0.49721565,2.960863e-03
0.068879,2.060606,2.060072,0.49477916,0.49309858,3.396623e-03
0.073091,2.060606,2.060072,0.49091197,0.48901765,3.858768e-03
0.077303,2.060606,2.060072,0.48708991,0.48497274,4.346577e-03
0.081515,2.060606,2.060072,0.48331230,0.48096374,4.859296e-03
0.085727,2.060606,2.060072,0.47957844,0.47699057,5.396138e-03
0.089939,2.060606,2.060072,0.47588766,0.47305314,5.956291e-03
0.094152,2.060606,2.060072,0.47223931,0.46915138,6.538896e-03
0.098364,2.060606,2.060072,0.46863273,0.46528525,7.143072e-03
0.102576,2.060606,2.060072,0.46506728,0.46145469,7.767889e-03
0.106788,2.060606,2.060072,0.46154236,0.45765968,8.412394e-03
0.111000,2.060606,2.060072,0.45805734,0.45390020,9.075581e-03
0.115212,2.060606,2.060072,0.45461162,0.45017624,9.756420e-03
0.119424,2.060606,2.060072,0.45120462,0.44648780,1.045383e-02
0.123636,2.060606,2.060072,0.44783576,0.44283491,1.116669e-02
0.127848,2.060606,2.060072,0.44450447,0.43921760,1.189384e-02
0.132061,2.060606,2.060072,0.44121019,0.43563591,1.263408e-02
0.136273,2.060606,2.060072,0.43795238,0.43208988,1.338616e-02
0.140485,2.060606,2.060072,0.43473051,0.42857960,1.414879e-02
0.144697,2.060606,2.060072,0.43154404,0.42510513,1.492062e-02
0.148909,2.060606,2.060072,0.42839246,0.42166658,1.570028e-02
0.153121,2.060606,2.060072,0.42527527,0.41826404,1.648633e-02
0.157333,2.060606,2.060072,0.42219195,0.41489762,1.727728e-02
0.161545,2.060606,2.060072,0.41914204,0.41156747,1.807160e-02
0.165758,2.060606,2.060072,0.41612503,0.40827371,1.886770e-02
0.169970,2.060606,2.060072,0.41314047,0.40501650,1.966394e-02
0.174182,2.060606,2.060072,0.41018789,0.40179601,2.045863e-02
0.178394,2.060606,2.060072,0.40726684,0.39861241,2.125001e-02
0.182606,2.060606,2.060072,0.40437686,0.39546589,2.203629e-02
0.186818,2.060606,2.060072,0.40151752,0.39235665,2.281561e-02
0.191030,2.060606,2.060072,0.39868838,0.38928491,2.358603e-02
0.195242,2.060606,2.060072,0.39588903,0.38625089,2.434557e-02
0.199455,2.060606,2.060072,0.39311905,0.38325483,2.509219e-02
0.203667,2.060606,2.060072,0.39037802,0.38029698,2.582379e-02
0.207879,2.060606,2.060072,0.38766555,0.37737760,2.653821e-02
0.212091,2.060606,2.060072,0.38498124,0.37449697,2.723319e-02
0.216303,2.060606,2.060072,0.38232470,0.37165537,2.790645e-02
0.220515,2.060606,2.060072,0.37969555,0.36885311,2.855562e-02
0.224727,2.060606,2.060072,0.37709341,0.36609049,2.917824e-02
0.228939,2.060606,2.060072,0.37451792,0.36336784,2.977183e-02
0.233152,2.060606,2.060072,0.37196872,0.36068549,3.033380e-02
0.237364,2.060606,2.060072,0.36944544,0.35804380,3.086150e-02
0.241576,2.060606,2.060072,0.36694774,0.35544311,3.135221e-02
0.245788,2.060606,2.060072,0.36447527,0.35288382,3.180312e-02
0.250000,2.060606,2.060072,0.36202769,0.35036629,3.221136e-02
-0.167000,2.121212,2.120662,0.81481981,0.78914262,3.151272e-02
-0.162788,2.121212,2.120662,0.80667040,0.78249229,2.997273e-02
-0.158576,2.121212,2.120662,0.79864260,0.77590339,2.847231e-02
-0.154364,2.121212,2.120662,0.79073397,0.76937514,2.701140e-02
-0.150152,2.121212,2.120662,0.78294218,0.76290675,2.558992e-02
-0.145939,2.121212,2.120662,0.77526494,0.75649747,2.420782e-02
-0.141727,2.121212,2.120662,0.76770001,0.75014653,2.286502e-02
-0.137515,2.121212,2.120662,0.76024521,0.74385321,2.156148e-02
-0.133303,2.121212,2.120662,0.75289843,0.73761676,2.029711e-02
-0.129091,2.121212,2.120662,0.74565757,0.73143648,1.907187e-02
-0.124879,2.121212,2.120662,0.73852061,0.72531167,1.788568e-02
-0.120667,2.121212,2.120662,0.73148558,0.71924163,1.673847e-02
-0.116455,2.121212,2.120662,0.72455055,0.71322569,1.563019e-02
-0.112242,2.121212,2.120662,0.71771363,0.70726317,1.456077e-02
-0.108030,2.121212,2.120662,0.71097297,0.70135342,1.353012e-02
-0.103818,2.121212,2.120662,0.70432678,0.69549581,1.253818e-02
-0.099606,2.121212,2.120662,0.69777331,0.68968969,1.158487e-02
-0.095394,2.121212,2.120662,0.69131083,0.68393447,1.067011e-02
-0.091182,2.121212,2.120662,0.68493767,0.67822951,9.793815e-03
-0.086970,2.121212,2.120662,0.67865219,0.67257425,8.955899e-03
-0.082758,2.121212,2.120662,0.67245279,0.66696809,8.156269e-03
-0.078545,2.121212,2.120662,0.66633791,0.66141046,7.394824e-03
-0.074333,2.121212,2.120662,0.66030602,0.65590081,6.671462e-03
-0.070121,2.121212,2.120662,0.65435562,0.65043860,5.986072e-03
-0.065909,2.121212,2.120662,0.64848525,0.64502329,5.338536e-03
-0.061697,2.121212,2.120662,0.64269349,0.63965436,4.728732e-03
-0.057485,2.121212,2.120662,0.63697893,0.63433131,4.156528e-03
-0.053273,2.121212,2.120662,0.63134022,0.62905364,3.621785e-03
-0.049061,2.121212,2.120662,0.62577601,0.62382087,3.124348e-03
-0.044848,2.121212,2.120662,0.62028500,0.61863252,2.664067e-03
-0.040636,2.121212,2.120662,0.61486591,0.61348813,2.240770e-03
-0.036424,2.121212,2.120662,0.60951749,0.60838727,1.854279e-03
-0.032212,2.121212,2.120662,0.60423851,0.60332949,1.504404e-03
-0.028000,2.121212,2.120662,0.59902779,0.59831438,1.190942e-03
-0.023788,2.121212,2.120662,0.59388415,0.59334153,9.136839e-04
-0.019576,2.121212,2.120662,0.58880644,0.58841052,6.724004e-04
-0.015364,2.121212,2.120662,0.58379354,0.58352100,4.668523e-04
-0.011152,2.121212,2.120662,0.57884436,0.57867256,2.967832e-04
-0.006939,2.121212,2.120662,0.57395781,0.57386487,1.619254e-04
-0.002727,2.121212,2.120662,0.56913285,0.56909757,6.199546e-05
0.001485,2.121212,2.120662,0.56436845,0.56437031,3.308902e-06
0.005697,2.121212,2.120662,0.55966359,0.55968279,3.430256e-05
0.009909,2.121212,2.120662,0.55501729,0.55503468,3.132694e-05
0.014121,2.121212,2.120662,0.55042859,0.55042569,5.268792e-06
0.018333,2.121212,2.120662,0.54589653,0.54585552,7.511141e-05
0.022545,2.121212,2.120662,0.54142018,0.54132391,1.778098e-04
0.026758,2.121212,2.120662,0.53699864,0.53683059,3.129457e-04
0.030970,2.121212,2.120662,0.53263102,0.53237531,4.800878e-04
0.035182,2.121212,2.120662,0.52831644,0.52795783,6.787825e-04
0.039394,2.121212,2.120662,0.52405405,0.52357792,9.085457e-04
0.043606,2.121212,2.120662,0.51984300,0.51923537,1.168880e-03
0.047818,2.121212,2.120662,0.51568249,0.51492998,1.459251e-03
0.052030,2.121212,2.120662,0.51157170,0.51066156,1.779109e-03
0.056242,2.121212,2.120662,0.50750984,0.50642993,2.127875e-03
0.060455,2.121212,2.120662,0.50349615,0.50223492,2.504946e-03
0.064667,2.121212,2.120662,0.49952986,0.49807639,2.909686e-03
0.068879,2.121212,2.120662,0.49561023,0.49395418,3.341430e-03
0.073091,2.121212,2.120662,0.49173653,0.48986818,3.799490e-03
0.077303,2.121212,2.120662,0.48790804,0.48581826,4.283141e-03
0.081515,2.121212,2.120662,0.48412408,0.48180433,4.791632e-03
0.085727,2.121212,2.120662,0.48038393,0.47782629,5.324176e-03
0.089939,2.121212,2.120662,0.47668695,0.47388405,5.879953e-03
0.094152,2.121212,2.120662,0.47303246,0.46997756,6.458114e-03
0.098364,2.121212,2.120662,0.46941981,0.46610675,7.057759e-03
0.102576,2.121212,2.120662,0.46584837,0.46227159,7.677983e-03
0.106788,2.121212,2.120662,0.46231751,0.45847205,8.317807e-03
0.111000,2.121212,2.120662,0.45882663,0.45470809,8.976240e-03
0.115212,2.121212,2.120662,0.45537512,0.45097973,9.652240e-03
0.119424,2.121212,2.120662,0.45196239,0.44728695,1.034474e-02
0.123636,2.121212,2.120662,0.44858786,0.44362979,1.105260e-02
0.127848,2.121212,2.120662,0.44525096,0.44000828,1.177468e-02
0.132061,2.121212,2.120662,0.44195115,0.43642244,1.250976e-02
0.136273,2.121212,2.120662,0.43868786,0.43287235,1.325660e-02
0.140485,2.121212,2.120662,0.43546057,0.42935806,1.401391e-02
0.144697,2.121212,2.120662,0.43226874,0.42587966,1.478035e-02
0.148909,2.121212,2.120662,0.42911186,0.42243723,1.555452e-02
0.153121,2.121212,2.120662,0.42598942,0.41903088,1.633500e-02
0.157333,2.121212,2.120662,0.42290092,0.41566073,1.712030e-02
0.161545,2.121212,2.120662,0.41984588,0.41232691,1.790889e-02
0.165758,2.121212,2.120662,0.41682380,0.40902954,1.869917e-02
0.169970,2.121212,2.120662,0.41383422,0.40576880,1.948951e-02
0.174182,2.121212,2.120662,0.41087668,0.40254483,2.027821e-02
0.178394,2.121212,2.120662,0.40795071,0.39935783,2.106353e-02
0.182606,2.121212,2.120662,0.40505587,0.39620797,2.184366e-02
0.186818,2.121212,2.120662,0.40219172,0.39309546,2.261674e-02
0.191030,2.121212,2.120662,0.39935783,0.39002051,2.338084e-02
0.195242,2.121212,2.120662,0.39655377,0.38698335,2.413398e-02
0.199455,2.121212,2.120662,0.39377913,0.38398422,2.487412e-02
0.203667,2.121212,2.120662,0.39103349,0.38102336,2.559917e-02
0.207879,2.121212,2.120662,0.38831646,0.37810104,2.630694e-02
0.212091,2.121212,2.120662,0.38562763,0.37521754,2.699520e-02
0.216303,2.121212,2.120662,0.38296663,0.37237314,2.766165e-02
0.220515,2.121212,2.120662,0.38033306,0.36956814,2.830394e-02
0.224727,2.121212,2.120662,0.37772655,0.36680284,2.891961e-02
0.228939,2.121212,2.120662,0.37514673,0.36407759,2.950616e-02
0.233152,2.121212,2.120662,0.37259324,0.36139270,3.006103e-02
0.237364,2.121212,2.120662,0.37006572,0.35874853,3.058155e-02
0.241576,2.121212,2.120662,0.36756381,0.35614544,3.106500e-02
0.245788,2.121212,2.120662,0.36508719,0.35358381,3.150859e-02
0.250000,2.121212,2.120662,0.36263550,0.35106401,3.190944e-02
-0.167000,2.181818,2.181253,0.81622441,0.79042259,3.161119e-02
-0.162788,2.181818,2.181253,0.80806093,0.78376320,3.006918e-02
-0.158576,2.181818,2.181253,0.80001926,0.77716532,2.856673e-02
-0.154364,2.181818,2.181253,0.79209697,0.77062815,2.710378e-02
-0.150152,2.181818,2.181253,0.78429173,0.76415091,2.568026e-02
-0.145939,2.181818,2.181253,0.77660123,0.75773284,2.429610e-02
-0.141727,2.181818,2.181253,0.76902323,0.75137320,2.295124e-02
-0.137515,2.181818,2.181253,0.76155556,0.74507123,2.164561e-02
-0.133303,2.181818,2.181253,0.75419609,0.73882621,2.037916e-02
-0.129091,2.181818,2.181253,0.74694272,0.73263742,1.915181e-02
-0.124879,2.181818,2.181253,0.73979345,0.72650417,1.796349e-02
-0.120667,2.181818,2.181253,0.73274627,0.72042576,1.681415e-02
-0.116455,2.181818,2.181253,0.72579926,0.71440151,1.570372e-02
-0.112242,2.181818,2.181253,0.71895053,0.70843076,1.463212e-02
-0.108030,2.181818,2.181253,0.71219824,0.70251285,1.359928e-02
-0.103818,2.181818,2.181253,0.70554057,0.69664714,1.260513e-02
-0.099606,2.181818,2.181253,0.69897578,0.69083300,1.164959e-02
-0.095394,2.181818,2.181253,0.69250214,0.68506981,1.073257e-02
-0.091182,2.181818,2.181253,0.68611798,0.67935697,9.854003e-03
-0.086970,2.181818,2.181253,0.67982165,0.67369389,9.013785e-03
-0.082758,2.181818,2.181253,0.67361155,0.66807997,8.211826e-03
-0.078545,2.181818,2.181253,0.66748612,0.66251466,7.448027e-03
-0.074333,2.181818,2.181253,0.66144381,0.65699740,6.722282e-03
-0.070121,2.181818,2.181253,0.65548314,0.65152764,6.034481e-03
-0.065909,2.181818,2.181253,0.64960264,0.64610485,5.384505e-03
-0.061697,2.181818,2.181253,0.64380088,0.64072851,4.772228e-03
-0.057485,2.181818,2.181253,0.63807646,0.63539812,4.197519e-03
-0.053273,2.181818,2.181253,0.63242801,0.63011317,3.660234e-03
-0.049061,2.181818,2.181253,0.62685419,0.62487319,3.160225e-03
-0.044848,2.181818,2.181253,0.62135370,0.61967771,2.697331e-03
-0.040636,2.181818,2.181253,0.61592526,0.61452626,2.271384e-03
-0.036424,2.181818,2.181253,0.61056761,0.60941840,1.882205e-03
-0.032212,2.181818,2.181253,0.60527952,0.60435369,1.529601e-03
-0.028000,2.181818,2.181253,0.60005981,0.59933171,1.213370e-03
-0.023788,2.181818,2.181253,0.59490729,0.59435206,9.332965e-04
-0.019576,2.181818,2.181253,0.58982082,0.58941434,6.891552e-04
-0.015364,2.181818,2.181253,0.58479927,0.58451815,4.807042e-04
-0.011152,2.181818,2.181253,0.57984154,0.57966313,3.076846e-04
-0.006939,2.181818,2.181253,0.57494656,0.57484892,1.698295e-04
-0.002727,2.181818,2.181253,0.57011328,0.57007516,6.685105e-05
0.001485,2.181818,2.181253,0.56534065,0.56534153,1.550600e-06
0.005697,2.181818,2.181253,0.56062768,0.56064769,3.569833e-05
0.009909,2.181818,2.181253,0.55597336,0.55599334,3.592691e-05
0.014121,2.181818,2.181253,0.55137674,0.55137817,2.589238e-06
0.018333,2.181818,2.181253,0.54683686,0.54680189,6.393805e-05
0.022545,2.181818,2.181253,0.54235279,0.54226424,1.632626e-04
0.026758,2.181818,2.181253,0.53792362,0.53776495,2.949675e-04
0.030970,2.181818,2.181253,0.53354846,0.53330377,4.586191e-04
0.035182,2.181818,2.181253,0.52922644,0.52888045,6.537605e-04
0.039394,2.181818,2.181253,0.52495669,0.52449478,8.799095e-04
0.043606,2.181818,2.181253,0.52073839,0.52014653,1.136565e-03
0.047818,2.181818,2.181253,0.51657069,0.51583551,1.423193e-03
0.052030,2.181818,2.181253,0.51245281,0.51156153,1.739242e-03
0.056242,2.181818,2.181253,0.50838395,0.50732441,2.084136e-03
0.060455,2.181818,2.181253,0.50436333,0.50312398,2.457259e-03
0.064667,2.181818,2.181253,0.50039020,0.49896009,2.857987e-03
0.068879,2.181818,2.181253,0.49646380,0.49483260,3.285645e-03
0.073091,2.181818,2.181253,0.49258342,0.49074138,3.739549e-03
0.077303,2.181818,2.181253,0.48874833,0.48668632,4.218975e-03
0.081515,2.181818,2.181253,0.48495784,0.48266730,4.723162e-03
0.085727,2.181818,2.181253,0.48121125,0.47868425,5.251330e-03
0.089939,2.181818,2.181253,0.47750788,0.47473707,5.802658e-03
0.094152,2.181818,2.181253,0.47384709,0.47082570,6.376284e-03
0.098364,2.181818,2.181253,0.47022821,0.46695009,6.971333e-03
0.102576,2.181818,2.181253,0.46665061,0.46311019,7.586867e-03
0.106788,2.181818,2.181253,0.46311366,0.45930598,8.221926e-03
0.111000,2.181818,2.181253,0.45961676,0.45553742,8.875518e-03
0.115212,2.181818,2.181253,0.45615929,0.45180452,9.546598e-03
0.119424,2.181818,2.181253,0.45274067,0.44810729,1.023408e-02
0.123636,2.181818,2.181253,0.44936033,0.44444573,1.093686e-02
0.127848,2.181818,2.181253,0.44601768,0.44081989,1.165377e-02
0.132061,2.181818,2.181253,0.44271217,0.43722980,1.238361e-02
0.136273,2.181818,2.181253,0.43944326,0.43367551,1.312511e-02
0.140485,2.181818,2.181253,0.43621040,0.43015710,1.387701e-02
0.144697,2.181818,2.181253,0.43301307,0.42667465,1.463794e-02
0.148909,2.181818,2.181253,0.42985074,0.42322824,1.540652e-02
0.153121,2.181818,2.181253,0.42672292,0.41981798,1.618133e-02
0.157333,2.181818,2.181253,0.42362910,0.41644398,1.696087e-02
0.161545,2.181818,2.181253,0.42056878,0.41310637,1.774361e-02
0.165758,2.181818,2.181253,0.41754150,0.40980530,1.852796e-02
0.169970,2.181818,2.181253,0.41454676,0.40654092,1.931229e-02
0.174182,2.181818,2.181253,0.41158412,0.40331338,2.009489e-02
0.178394,2.181818,2.181253,0.40865310,0.40012287,2.087402e-02
0.182606,2.181818,2.181253,0.40575327,0.39696957,2.164788e-02
0.186818,2.181818,2.181253,0.40288419,0.39385370,2.241460e-02
0.191030,2.181818,2.181253,0.40004541,0.39077545,2.317226e-02
0.195242,2.181818,2.181253,0.39723652,0.38773506,2.391889e-02
0.199455,2.181818,2.181253,0.39445709,0.38473277,2.465242e-02
0.203667,2.181818,2.181253,0.39170672,0.38176882,2.537077e-02
0.207879,2.181818,2.181253,0.38898500,0.37884348,2.607176e-02
0.212091,2.181818,2.181253,0.38629154,0.37595702,2.675317e-02
0.216303,2.181818,2.181253,0.38362595,0.37310973,2.741269e-02
0.220515,2.181818,2.181253,0.38098784,0.37030191,2.804796e-02
0.224727,2.181818,2.181253,0.37837683,0.36753387,2.865653e-02
0.228939,2.181818,2.181253,0.37579257,0.36480593,2.923592e-02
0.233152,2.181818,2.181253,0.37323467,0.36211843,2.978353e-02
0.237364,2.181818,2.181253,0.37070279,0.35947172,3.029672e-02
0.241576,2.181818,2.181253,0.36819658,0.35686615,3.077277e-02
0.245788,2.181818,2.181253,0.36571569,0.35430211,3.120889e-02
0.250000,2.181818,2.181253,0.36325977,0.35177997,3.160219e-02
-0.167000,2.242424,2.241843,0.81766583,0.79173651,3.171139e-02
-0.162788,2.242424,2.241843,0.80948791,0.78506782,3.016733e-02
-0.158576,2.242424,2.241843,0.80143200,0.77846070,2.866283e-02
-0.154364,2.242424,2.241843,0.79349570,0.77191435,2.719781e-02
-0.150152,2.242424,2.241843,0.78567665,0.76542802,2.577222e-02
-0.145939,2.242424,2.241843,0.77797254,0.75900092,2.438597e-02
-0.141727,2.242424,2.241843,0.77038114,0.75263232,2.303902e-02
-0.137515,2.242424,2.241843,0.76290026,0.74632146,2.173128e-02
-0.133303,2.242424,2.241843,0.75552776,0.74006762,2.046270e-02
-0.129091,2.242424,2.241843,0.74826157,0.73387009,1.923322e-02
-0.124879,2.242424,2.241843,0.74109964,0.72772817,1.804275e-02
-0.120667,2.242424,2.241843,0.73404000,0.72164115,1.689125e-02
-0.116455,2.242424,2.241843,0.72708070,0.71560837,1.577863e-02
-0.112242,2.242424,2.241843,0.72021986,0.70962915,1.470483e-02
-0.108030,2.242424,2.241843,0.71345562,0.70370285,1.366977e-02
-0.103818,2.242424,2.241843,0.70678618,0.69782881,1.267338e-02
-0.099606,2.242424,2.241843,0.70020978,0.69200642,1.171557e-02
-0.095394,2.242424,2.241843,0.69372469,0.68623505,1.079627e-02
-0.091182,2.242424,2.241843,0.68732924,0.68051410,9.915395e-03
-0.086970,2.242424,2.241843,0.68102177,0.67484297,9.072845e-03
-0.082758,2.242424,2.241843,0.67480069,0.66922108,8.268528e-03
-0.078545,2.242424,2.241843,0.66866442,0.66364787,7.502342e-03
-0.074333,2.242424,2.241843,0.66261143,0.65812278,6.774185e-03
-0.070121,2.242424,2.241843,0.65664022,0.65264526,6.083940e-03
-0.065909,2.242424,2.241843,0.65074932,0.64721478,5.431489e-03
-0.061697,2.242424,2.241843,0.64493730,0.64183082,4.816706e-03
-0.057485,2.242424,2.241843,0.63920275,0.63649288,4.239454e-03
-0.053273,2.242424,2.241843,0.63354432,0.63120046,3.699599e-03
-0.049061,2.242424,2.241843,0.62796064,0.62595307,3.196978e-03
-0.044848,2.242424,2.241843,0.62245043,0.62075025,2.731436e-03
-0.040636,2.242424,2.241843,0.61701239,0.61559153,2.302804e-03
-0.036424,2.242424,2.241843,0.61164526,0.61047647,1.910899e-03
-0.032212,2.242424,2.241843,0.60634783,0.60540464,1.555528e-03
-0.028000,2.242424,2.241843,0.60111888,0.60037561,1.236488e-03
-0.023788,2.242424,2.241843,0.59595725,0.59538897,9.535629e-04
-0.019576,2.242424,2.241843,0.59086179,0.59044433,7.065226e-04
-0.015364,2.242424,2.241843,0.58583136,0.58554130,4.951255e-04
-0.011152,2.242424,2.241843,0.58086487,0.58067951,3.191147e-04
-0.006939,2.242424,2.241843,0.57596124,0.57585859,1.782179e-04
-0.002727,2.242424,2.241843,0.57111941,0.57107821,7.214583e-05
0.001485,2.242424,2.241843,0.56633835,0.56633801,5.993832e-07
0.005697,2.242424,2.241843,0.56161704,0.56163768,3.674549e-05
0.009909,2.242424,2.241843,0.55695450,0.55697690,4.022514e-05
0.014121,2.242424,2.241843,0.55234975,0.55235538,1.019710e-05
0.018333,2.242424,2.241843,0.54780184,0.54777283,5.296519e-05
0.022545,2.242424,2.241843,0.54330985,0.54322897,1.488677e-04
0.026758,2.242424,2.241843,0.53887285,0.53872354,2.770907e-04
0.030970,2.242424,2.241843,0.53448996,0.53425628,4.371978e-04
0.035182,2.242424,2.241843,0.53016030,0.52982697,6.287328e-04
0.039394,2.242424,2.241843,0.52588300,0.52543537,8.512107e-04
0.043606,2.242424,2.241843,0.52165724,0.52108126,1.104128e-03
0.047818,2.242424,2.241843,0.51748218,0.51676446,1.386956e-03
0.052030,2.242424,2.241843,0.51335703,0.51248476,1.699138e-03
0.056242,2.242424,2.241843,0.50928097,0.50824199,2.040089e-03
0.060455,2.242424,2.241843,0.50525325,0.50403599,2.409210e-03
0.064667,2.242424,2.241843,0.50127309,0.49986659,2.805859e-03
0.068879,2.242424,2.241843,0.49733976,0.49573367,3.229368e-03
0.073091,2.242424,2.241843,0.49345252,0.49163708,3.679049e-03
0.077303,2.242424,2.241843,0.48961065,0.48757673,4.154177e-03
0.081515,2.242424,2.241843,0.48581346,0.48355249,4.653995e-03
0.085727,2.242424,2.241843,0.48206025,0.47956428,5.177714e-03
0.089939,2.242424,2.241843,0.47835034,0.47561202,5.724514e-03
0.094152,2.242424,2.241843,0.47468308,0.47169564,6.293542e-03
0.098364,2.242424,2.241843,0.47105780,0.46781509,6.883902e-03
0.102576,2.242424,2.241843,0.46747388,0.46397032,7.494673e-03
0.106788,2.242424,2.241843,0.46393069,0.46016130,8.124891e-03
0.111000,2.242424,2.241843,0.46042760,0.45638802,8.773557e-03
0.115212,2.242424,2.241843,0.45696403,0.45265046,9.439630e-03
0.119424,2.242424,2.241843,0.45353937,0.44894864,1.012203e-02
0.123636,2.242424,2.241843,0.45015305,0.44528256,1.081963e-02
0.127848,2.242424,2.241843,0.44680450,0.44165227,1.153128e-02
0.132061,2.242424,2.241843,0.44349315,0.43805780,1.225577e-02
0.136273,2.242424,2.241843,0.44021846,0.43449921,1.299185e-02
0.140485,2.242424,2.241843,0.43697989,0.43097656,1.373822e-02
0.144697,2.242424,2.241843,0.43377691,0.42748994,1.449356e-02
0.148909,2.242424,2.241843,0.43060900,0.42403943,1.525646e-02
0.153121,2.242424,2.241843,0.42747565,0.42062515,1.602549e-02
0.157333,2.242424,2.241843,0.42437636,0.41724719,1.679917e-02
0.161545,2.242424,2.241843,0.42131065,0.41390571,1.757596e-02
0.165758,2.242424,2.241843,0.41827801,0.41060082,1.835428e-02
0.169970,2.242424,2.241843,0.41527799,0.40733269,1.913248e-02
0.174182,2.242424,2.241843,0.41231011,0.40410148,1.990887e-02
0.178394,2.242424,2.241843,0.40937392,0.40090737,2.068170e-02
0.182606,2.242424,2.241843,0.40646897,0.39775054,2.144918e-02
0.186818,2.242424,2.241843,0.40359481,0.39463120,2.220942e-02
0.191030,2.242424,2.241843,0.40075102,0.39154956,2.296053e-02
0.195242,2.242424,2.241843,0.39793716,0.38850585,2.370050e-02
0.199455,2.242424,2.241843,0.39515283,0.38550031,2.442730e-02
0.203667,2.242424,2.241843,0.39239760,0.38253318,2.513885e-02
0.207879,2.242424,2.241843,0.38967108,0.37960473,2.583294e-02
0.212091,2.242424,2.241843,0.38697286,0.37671523,2.650735e-02
0.216303,2.242424,2.241843,0.38430256,0.37386497,2.715981e-02
0.220515,2.242424,2.241843,0.38165979,0.37105425,2.778792e-02
0.224727,2.242424,2.241843,0.37904417,0.36828339,2.838927e-02
0.228939,2.242424,2.241843,0.37645534,0.36555269,2.896134e-02
0.233152,2.242424,2.241843,0.37389293,0.36286250,2.950157e-02
0.237364,2.242424,2.241843,0.37135658,0.36021318,3.000729e-02
0.241576,2.242424,2.241843,0.36884594,0.35760507,3.047580e-02
0.245788,2.242424,2.241843,0.36636067,0.35503855,3.090430e-02
0.250000,2.242424,2.241843,0.36390041,0.35251400,3.128991e-02
-0.167000,2.303030,2.302433,0.81914385,0.79308422,3.181325e-02
-0.162788,2.303030,2.302433,0.81095112,0.78640596,3.026712e-02
-0.158576,2.303030,2.302433,0.80288063,0.77978935,2.876054e-02
-0.154364,2.303030,2.302433,0.79492995,0.77323359,2.729343e-02
-0.150152,2.303030,2.302433,0.78709674,0.76673790,2.586573e-02
-0.145939,2.303030,2.302433,0.77937868,0.76030153,2.447738e-02
-0.141727,2.303030,2.302433,0.77177353,0.75392372,2.312830e-02
-0.137515,2.303030,2.302433,0.76427910,0.74760373,2.181843e-02
-0.133303,2.303030,2.302433,0.75689326,0.74134084,2.054770e-02
-0.129091,2.303030,2.302433,0.74961391,0.73513432,1.931606e-02
-0.124879,2.303030,2.302433,0.74243901,0.72898348,1.812342e-02
-0.120667,2.303030,2.302433,0.73536659,0.72288763,1.696972e-02
-0.116455,2.303030,2.302433,0.72839469,0.71684607,1.585489e-02
-0.112242,2.303030,2.302433,0.72152142,0.71085816,1.477886e-02
-0.108030,2.303030,2.302433,0.71474494,0.70492323,1.374155e-02
-0.103818,2.303030,2.302433,0.70806342,0.69904065,1.274289e-02
-0.099606,2.303030,2.302433,0.70147512,0.69320978,1.178280e-02
-0.095394,2.303030,2.302433,0.69497829,0.68743000,1.086119e-02
-0.091182,2.303030,2.302433,0.68857126,0.68170071,9.977974e-03
-0.086970,2.303030,2.302433,0.68225237,0.67602132,9.133063e-03
-0.082758,2.303030,2.302433,0.67602003,0.67039124,8.326358e-03
-0.078545,2.303030,2.302433,0.66987265,0.66480991,7.557760e-03
-0.074333,2.303030,2.302433,0.66380870,0.65927677,6.827158e-03
-0.070121,2.303030,2.302433,0.65782668,0.65379128,6.134440e-03
-0.065909,2.303030,2.302433,0.65192512,0.64835290,5.479484e-03
-0.061697,2.303030,2.302433,0.64610258,0.64296112,4.862165e-03
-0.057485,2.303030,2.302433,0.64035765,0.63761542,4.282344e-03
-0.053273,2.303030,2.302433,0.63468898,0.63231531,3.739879e-03
-0.049061,2.303030,2.302433,0.62909520,0.62706032,3.234616e-03
-0.044848,2.303030,2.302433,0.62357501,0.62184995,2.766396e-03
-0.040636,2.303030,2.302433,0.61812713,0.61668377,2.335045e-03
-0.036424,2.303030,2.302433,0.61275029,0.61156132,1.940378e-03
-0.032212,2.303030,2.302433,0.60744327,0.60648217,1.582206e-03
-0.028000,2.303030,2.302433,0.60220486,0.60144589,1.260319e-03
-0.023788,2.303030,2.302433,0.59703389,0.59645208,9.745051e-04
-0.019576,2.303030,2.302433,0.59192920,0.59150033,7.245292e-04
-0.015364,2.303030,2.302433,0.58688967,0.58659027,5.101483e-04
-0.011152,2.303030,2.302433,0.58191420,0.58172152,3.311063e-04
-0.006939,2.303030,2.302433,0.57700169,0.57689372,1.871273e-04
-0.002727,2.303030,2.302433,0.57215110,0.57210651,7.792134e-05
0.001485,2.303030,2.302433,0.56736138,0.56735957,3.188801e-06
0.005697,2.303030,2.302433,0.56263153,0.56265257,3.739543e-05
0.009909,2.303030,2.302433,0.55796056,0.55798520,4.417055e-05
0.014121,2.303030,2.302433,0.55334748,0.55335716,1.749468e-05
0.018333,2.303030,2.302433,0.54879134,0.54876815,4.225570e-05
0.022545,2.303030,2.302433,0.54429122,0.54421791,1.346867e-04
0.026758,2.303030,2.302433,0.53984619,0.53970617,2.593760e-04
0.030970,2.303030,2.302433,0.53545537,0.53523268,4.158912e-04
0.035182,2.303030,2.302433,0.53111788,0.53079721,6.037683e-04
0.039394,2.303030,2.302433,0.52683285,0.52639951,8.225239e-04
0.043606,2.303030,2.302433,0.52259944,0.52203939,1.071652e-03
0.047818,2.303030,2.302433,0.51841683,0.51771664,1.350623e-03
0.052030,2.303030,2.302433,0.51428421,0.51343107,1.658878e-03
0.056242,2.303030,2.302433,0.51020078,0.50918250,1.995837e-03
0.060455,2.303030,2.302433,0.50616577,0.50497077,2.360891e-03
0.064667,2.303030,2.302433,0.50217842,0.50079572,2.753401e-03
0.068879,2.303030,2.302433,0.49823797,0.49665721,3.172698e-03
0.073091,2.303030,2.302433,0.49434370,0.49255511,3.618097e-03
0.077303,2.303030,2.302433,0.49049488,0.48848932,4.088861e-03
0.081515,2.303030,2.302433,0.48669082,0.48445971,4.584241e-03
0.085727,2.303030,2.302433,0.48293082,0.48046621,5.103443e-03
0.089939,2.303030,2.302433,0.47921420,0.47650873,5.645648e-03
0.094152,2.303030,2.302433,0.47554030,0.47258720,6.209995e-03
0.098364,2.303030,2.302433,0.47190848,0.46870157,6.795605e-03
0.102576,2.303030,2.302433,0.46831807,0.46485180,7.401538e-03
0.106788,2.303030,2.302433,0.46476847,0.46103785,8.026836e-03
0.111000,2.303030,2.302433,0.46125905,0.45725970,8.670495e-03
0.115212,2.303030,2.302433,0.45778921,0.45351736,9.331485e-03
0.119424,2.303030,2.302433,0.45435836,0.44981082,1.000871e-02
0.123636,2.303030,2.302433,0.45096592,0.44614010,1.070106e-02
0.127848,2.303030,2.302433,0.44761131,0.44250524,1.140736e-02
0.132061,2.303030,2.302433,0.44429397,0.43890627,1.212642e-02
0.136273,2.303030,2.302433,0.44101336,0.43534326,1.285698e-02
0.140485,2.303030,2.302433,0.43776893,0.43181626,1.359775e-02
0.144697,2.303030,2.302433,0.43456016,0.42832536,1.434739e-02
0.148909,2.303030,2.302433,0.43138652,0.42487064,1.510451e-02
0.153121,2.303030,2.302433,0.42824751,0.42145222,1.586767e-02
0.157333,2.303030,2.302433,0.42514262,0.41807020,1.663539e-02
0.161545,2.303030,2.302433,0.42207135,0.41472472,1.740613e-02
0.165758,2.303030,2.302433,0.41903323,0.41141592,1.817831e-02
0.169970,2.303030,2.302433,0.41602779,0.40814394,1.895028e-02
0.174182,2.303030,2.302433,0.41305454,0.40490896,1.972036e-02
0.178394,2.303030,2.302433,0.41011304,0.40171114,2.048678e-02
0.182606,2.303030,2.302433,0.40720284,0.39855069,2.124776e-02
0.186818,2.303030,2.302433,0.40432349,0.39542779,2.200142e-02
0.191030,2.303030,2.302433,0.40147455,0.39234267,2.274585e-02
0.195242,2.303030,2.302433,0.39865561,0.38929555,2.347907e-02
0.199455,2.303030,2.302433,0.39586624,0.38628667,2.419902e-02
0.203667,2.303030,2.302433,0.39310604,0.38331627,2.490362e-02
0.207879,2.303030,2.302433,0.39037458,0.38038463,2.559069e-02
0.212091,2.303030,2.302433,0.38767149,0.37749201,2.625800e-02
0.216303,2.303030,2.302433,0.38499636,0.37463870,2.690326e-02
0.220515,2.303030,2.302433,0.38234881,0.37182500,2.752410e-02
0.224727,2.303030,2.302433,0.37972847,0.36905123,2.811809e-02
0.228939,2.303030,2.302433,0.37713495,0.36631770,2.868272e-02
0.233152,2.303030,2.302433,0.37456791,0.36362475,2.921541e-02
0.237364,2.303030,2.302433,0.37202698,0.36097274,2.971354e-02
0.241576,2.303030,2.302433,0.36951180,0.35836201,3.017438e-02
0.245788,2.303030,2.302433,0.36702203,0.35579295,3.059512e-02
0.250000,2.303030,2.302433,0.36455733,0.35326594,3.097290e-02
-0.167000,2.363636,2.363024,0.82065826,0.79446554,3.191672e-02
-0.162788,2.363636,2.363024,0.81245035,0.78777746,3.036849e-02
-0.158576,2.363636,2.363024,0.80436491,0.78115110,2.885980e-02
-0.154364,2.363636,2.363024,0.79639951,0.77458567,2.739058e-02
-0.150152,2.363636,2.363024,0.78855179,0.76808038,2.596076e-02
-0.145939,2.363636,2.363024,0.78081943,0.76163449,2.457027e-02
-0.141727,2.363636,2.363024,0.77320020,0.75524723,2.321904e-02
-0.137515,2.363636,2.363024,0.76569189,0.74891787,2.190702e-02
-0.133303,2.363636,2.363024,0.75829237,0.74264567,2.063412e-02
-0.129091,2.363636,2.363024,0.75099954,0.73642993,1.940029e-02
-0.124879,2.363636,2.363024,0.74381136,0.73026994,1.820545e-02
-0.120667,2.363636,2.363024,0.73672584,0.72416501,1.704953e-02
-0.116455,2.363636,2.363024,0.72974103,0.71811445,1.593247e-02
-0.112242,2.363636,2.363024,0.72285503,0.71211761,1.485419e-02
-0.108030,2.363636,2.363024,0.71606600,0.70617383,1.381461e-02
-0.103818,2.363636,2.363024,0.70937211,0.70028246,1.281365e-02
-0.099606,2.363636,2.363024,0.70277161,0.69444289,1.185125e-02
-0.095394,2.363636,2.363024,0.69626275,0.68865448,1.092730e-02
-0.091182,2.363636,2.363024,0.68984385,0.68291663,1.004172e-02
-0.086970,2.363636,2.363024,0.68351327,0.67722876,9.194427e-03
-0.082758,2.363636,2.363024,0.67726939,0.67159027,8.385310e-03
-0.078545,2.363636,2.363024,0.67111063,0.66600061,7.614270e-03
-0.074333,2.363636,2.363024,0.66503545,0.66045921,6.881198e-03
-0.070121,2.363636,2.363024,0.65904236,0.65496554,6.185981e-03
-0.065909,2.363636,2.363024,0.65312987,0.64951905,5.528492e-03
-0.061697,2.363636,2.363024,0.64729655,0.64411922,4.908608e-03
-0.057485,2.363636,2.363024,0.64154099,0.63876556,4.326188e-03
-0.053273,2.363636,2.363024,0.63586182,0.63345757,3.781088e-03
-0.049061,2.363636,2.363024,0.63025769,0.62819476,3.273155e-03
-0.044848,2.363636,2.363024,0.62472728,0.62297666,2.802222e-03
-0.040636,2.363636,2.363024,0.61926931,0.61780281,2.368120e-03
-0.036424,2.363636,2.363024,0.61388252,0.61267277,1.970662e-03
-0.032212,2.363636,2.363024,0.60856568,0.60758610,1.609655e-03
-0.028000,2.363636,2.363024,0.60331758,0.60254238,1.284893e-03
-0.023788,2.363636,2.363024,0.59813703,0.59754120,9.961529e-04
-0.019576,2.363636,2.363024,0.59302290,0.59258216,7.432078e-04
-0.015364,2.363636,2.363024,0.58797404,0.58766488,5.258112e-04
-0.011152,2.363636,2.363024,0.58298936,0.58278898,3.437013e-04
-0.006939,2.363636,2.363024,0.57806776,0.57795411,1.966006e-04
-0.002727,2.363636,2.363024,0.57320819,0.57315991,8.422640e-05
0.001485,2.363636,2.363024,0.56840961,0.56840605,6.267372e-06
0.005697,2.363636,2.363024,0.56367101,0.56369220,3.759808e-05
0.009909,2.363636,2.363024,0.55899139,0.55901806,4.770914e-05
0.014121,2.363636,2.363024,0.55436977,0.55438331,2.442818e-05
0.018333,2.363636,2.363024,0.54980521,0.54978768,3.186967e-05
0.022545,2.363636,2.363024,0.54529676,0.54523089,1.207842e-04
0.026758,2.363636,2.363024,0.54084351,0.54071268,2.418969e-04
0.030970,2.363636,2.363024,0.53644456,0.53623279,3.947724e-04
0.035182,2.363636,2.363024,0.53209904,0.53179098,5.789417e-04
0.039394,2.363636,2.363024,0.52780608,0.52738704,7.939275e-04
0.043606,2.363636,2.363024,0.52356484,0.52302074,1.039220e-03
0.047818,2.363636,2.363024,0.51937449,0.51869188,1.314282e-03
0.052030,2.363636,2.363024,0.51523422,0.51440028,1.618561e-03
0.056242,2.363636,2.363024,0.51114324,0.51014576,1.951472e-03
0.060455,2.363636,2.363024,0.50710076,0.50592814,2.312402e-03
0.064667,2.363636,2.363024,0.50310603,0.50174729,2.700716e-03
0.068879,2.363636,2.363024,0.49915830,0.49760304,3.115747e-03
0.073091,2.363636,2.363024,0.49525682,0.49349529,3.556798e-03
0.077303,2.363636,2.363024,0.49140089,0.48942391,4.023139e-03
0.081515,2.363636,2.363024,0.48758979,0.48538880,4.514015e-03
0.085727,2.363636,2.363024,0.48382283,0.48138986,5.028638e-03
0.089939,2.363636,2.363024,0.48009934,0.47742702,5.566182e-03
0.094152,2.363636,2.363024,0.47641864,0.47350020,6.125789e-03
0.098364,2.363636,2.363024,0.47278009,0.46960936,6.706570e-03
0.102576,2.363636,2.363024,0.46918305,0.46575445,7.307597e-03
0.106788,2.363636,2.363024,0.46562688,0.46193544,7.927903e-03
0.111000,2.363636,2.363024,0.46211097,0.45815230,8.566490e-03
0.115212,2.363636,2.363024,0.45863471,0.45440504,9.222308e-03
0.119424,2.363636,2.363024,0.45519752,0.45069366,9.894287e-03
0.123636,2.363636,2.363024,0.45179880,0.44701818,1.058130e-02
0.127848,2.363636,2.363024,0.44843798,0.44337863,1.128218e-02
0.132061,2.363636,2.363024,0.44511451,0.43977504,1.199572e-02
0.136273,2.363636,2.363024,0.44182783,0.43620748,1.272068e-02
0.140485,2.363636,2.363024,0.43857741,0.43267601,1.345576e-02
0.144697,2.363636,2.363024,0.43536270,0.42918072,1.419962e-02
0.148909,2.363636,2.363024,0.43218319,0.42572168,1.495086e-02
0.153121,2.363636,2.363024,0.42903837,0.42229901,1.570806e-02
0.157333,2.363636,2.363024,0.42592774,0.41891283,1.646972e-02
0.161545,2.363636,2.363024,0.42285079,0.41556325,1.723432e-02
0.165758,2.363636,2.363024,0.41980706,0.41225042,1.800026e-02
0.169970,2.363636,2.363024,0.41679605,0.40897450,1.876591e-02
0.174182,2.363636,2.363024,0.41381731,0.40573564,1.952956e-02
0.178394,2.363636,2.363024,0.41087037,0.40253403,2.028948e-02
0.182606,2.363636,2.363024,0.40795479,0.39936984,2.104386e-02
0.186818,2.363636,2.363024,0.40507011,0.39624330,2.179083e-02
0.191030,2.363636,2.363024,0.40221591,0.39315460,2.252847e-02
0.195242,2.363636,2.363024,0.39939176,0.39010398,2.325482e-02
0.199455,2.363636,2.363024,0.39659723,0.38709166,2.396781e-02
0.203667,2.363636,2.363024,0.39383192,0.38411791,2.466535e-02
0.207879,2.363636,2.363024,0.39109541,0.38118299,2.534529e-02
0.212091,2.363636,2.363024,0.38838732,0.37828716,2.600537e-02
0.216303,2.363636,2.363024,0.38570724,0.37543072,2.664331e-02
0.220515,2.363636,2.363024,0.38305480,0.37261397,2.725675e-02
0.224727,2.363636,2.363024,0.38042961,0.36983721,2.784325e-02
0.228939,2.363636,2.363024,0.37783131,0.36710078,2.840031e-02
0.233152,2.363636,2.363024,0.37525952,0.36440500,2.892537e-02
0.237364,2.363636,2.363024,0.37271389,0.36175022,2.941576e-02
0.241576,2.363636,2.363024,0.37019406,0.35913681,2.986878e-02
0.245788,2.363636,2.363024,0.36769969,0.35656514,3.028164e-02
0.250000,2.363636,2.363024,0.36523043,0.35403559,3.065146e-02
-0.167000,2.424242,2.423614,0.82220883,0.79588028,3.202173e-02
-0.162788,2.424242,2.423614,0.81398539,0.78918212,3.047138e-02
-0.158576,2.424242,2.423614,0.80588464,0.78254576,2.896057e-02
-0.154364,2.424242,2.423614,0.79790416,0.77597041,2.748921e-02
-0.150152,2.424242,2.423614,0.79004158,0.76945528,2.605724e-02
-0.145939,2.424242,2.423614,0.78229459,0.76299961,2.466460e-02
-0.141727,2.424242,2.423614,0.77466094,0.75660266,2.331120e-02
-0.137515,2.424242,2.423614,0.76713842,0.75026368,2.199700e-02
-0.133303,2.424242,2.423614,0.75972489,0.74398194,2.072191e-02
-0.129091,2.424242,2.423614,0.75241826,0.73775674,1.948587e-02
-0.124879,2.424242,2.423614,0.74521648,0.73158736,1.828881e-02
-0.120667,2.424242,2.423614,0.73811754,0.72547311,1.713065e-02
-0.116455,2.424242,2.423614,0.73111952,0.71941332,1.601133e-02
-0.112242,2.424242,2.423614,0.72422049,0.71340732,1.493078e-02
-0.108030,2.424242,2.423614,0.71741861,0.70745445,1.388891e-02
-0.103818,2.424242,2.423614,0.71071206,0.70155408,1.288564e-02
-0.099606,2.424242,2.423614,0.70409906,0.69570557,1.192090e-02
-0.095394,2.424242,2.423614,0.69757789,0.68990830,1.099459e-02
-0.091182,2.424242,2.423614,0.69114685,0.68416168,1.010663e-02
-0.086970,2.424242,2.423614,0.68480428,0.67846510,9.256924e-03
-0.082758,2.424242,2.423614,0.67854859,0.67281799,8.445371e-03
-0.078545,2.424242,2.423614,0.67237817,0.66721978,7.671866e-03
-0.074333,2.424242,2.423614,0.66629151,0.66166991,6.936302e-03
-0.070121,2.424242,2.423614,0.66028707,0.65616783,6.238558e-03
-0.065909,2.424242,2.423614,0.65436340,0.65071302,5.578514e-03
-0.061697,2.424242,2.423614,0.64851904,0.64530495,4.956040e-03
-0.057485,2.424242,2.423614,0.64275259,0.63994312,4.370995e-03
-0.053273,2.424242,2.423614,0.63706268,0.63462704,3.823234e-03
-0.049061,2.424242,2.423614,0.63144794,0.62935621,3.312601e-03
-0.044848,2.424242,2.423614,0.62590708,0.62413017,2.838932e-03
-0.040636,2.424242,2.423614,0.62043878,0.61894846,2.402052e-03
-0.036424,2.424242,2.423614,0.61504180,0.61381063,2.001774e-03
-0.032212,2.424242,2.423614,0.60971490,0.60871624,1.637904e-03
-0.028000,2.424242,2.423614,0.60445687,0.60366489,1.310236e-03
-0.023788,2.424242,2.423614,0.59926653,0.59865615,1.018542e-03
-0.019576,2.424242,2.423614,0.59414272,0.59368963,7.625955e-04
-0.015364,2.424242,2.423614,0.58908431,0.58876494,5.421470e-04
-0.011152,2.424242,2.423614,0.58409020,0.58388172,3.569355e-04
-0.006939,2.424242,2.423614,0.57915929,0.57903959,2.066857e-04
-0.002727,2.424242,2.423614,0.57429053,0.57423821,9.110623e-05
0.001485,2.424242,2.423614,0.56948288,0.56947725,9.886429e-06
0.005697,2.424242,2.423614,0.56473532,0.56475638,3.729341e-05
0.009909,2.424242,2.423614,0.56004684,0.56007528,5.077998e-05
0.014121,2.424242,2.423614,0.55541649,0.55543367,3.093099e-05
0.018333,2.424242,2.423614,0.55084329,0.55083124,2.187186e-05
0.022545,2.424242,2.423614,0.54632631,0.54626773,1.072317e-04
0.026758,2.424242,2.423614,0.54186464,0.54174287,2.247283e-04
0.030970,2.424242,2.423614,0.53745738,0.53725641,3.739178e-04
0.035182,2.424242,2.423614,0.53310364,0.53280812,5.543395e-04
0.039394,2.424242,2.423614,0.52880256,0.52839776,7.655085e-04
0.043606,2.424242,2.423614,0.52455330,0.52402512,1.006914e-03
0.047818,2.424242,2.423614,0.52035503,0.51969000,1.278024e-03
0.052030,2.424242,2.423614,0.51620693,0.51539221,1.578277e-03
0.056242,2.424242,2.423614,0.51210821,0.51113158,1.907088e-03
0.060455,2.424242,2.423614,0.50805809,0.50690793,2.263846e-03
0.064667,2.424242,2.423614,0.50405581,0.50272111,2.647914e-03
0.068879,2.424242,2.423614,0.50010061,0.49857099,3.058620e-03
0.073091,2.424242,2.423614,0.49619176,0.49445743,3.495265e-03
0.077303,2.424242,2.423614,0.49232853,0.49038032,3.957131e-03
0.081515,2.424242,2.423614,0.48851023,0.48633956,4.443444e-03
0.085727,2.424242,2.423614,0.48473615,0.48233504,4.953426e-03
0.089939,2.424242,2.423614,0.48100562,0.47836670,5.486247e-03
0.094152,2.424242,2.423614,0.47731796,0.47443446,6.041048e-03
0.098364,2.424242,2.423614,0.47367254,0.47053827,6.616942e-03
0.102576,2.424242,2.423614,0.47006869,0.46667809,7.212991e-03
0.106788,2.424242,2.423614,0.46650580,0.46285388,7.828239e-03
0.111000,2.424242,2.423614,0.46298325,0.45906563,8.461676e-03
0.115212,2.424242,2.423614,0.45950042,0.45531333,9.112265e-03
0.119424,2.424242,2.423614,0.45605672,0.45159698,9.778918e-03
0.123636,2.424242,2.423614,0.45265158,0.44791661,1.046052e-02
0.127848,2.424242,2.423614,0.44928441,0.44427224,1.115590e-02
0.132061,2.424242,2.423614,0.44595466,0.44066392,1.186385e-02
0.136273,2.424242,2.423614,0.44266177,0.43709170,1.258313e-02
0.140485,2.424242,2.423614,0.43940520,0.43355565,1.331243e-02
0.144697,2.424242,2.423614,0.43618442,0.43005584,1.405042e-02
0.148909,2.424242,2.423614,0.43299890,0.42659237,1.479571e-02
0.153121,2.424242,2.423614,0.42984813,0.42316535,1.554685e-02
0.157333,2.424242,2.423614,0.42673162,0.41977488,1.630238e-02
0.161545,2.424242,2.423614,0.42364886,0.41642110,1.706073e-02
0.165758,2.424242,2.423614,0.42059937,0.41310414,1.782035e-02
0.169970,2.424242,2.423614,0.41758268,0.40982417,1.857957e-02
0.174182,2.424242,2.423614,0.41459830,0.40658134,1.933671e-02
0.178394,2.424242,2.423614,0.41164580,0.40337582,2.009002e-02
0.182606,2.424242,2.423614,0.40872470,0.40020782,2.083769e-02
0.186818,2.424242,2.423614,0.40583457,0.39707753,2.157787e-02
0.191030,2.424242,2.423614,0.40297498,0.39398516,2.230863e-02
0.195242,2.424242,2.423614,0.40014549,0.39093094,2.302799e-02
0.199455,2.424242,2.423614,0.39734568,0.38791511,2.373391e-02
0.203667,2.424242,2.423614,0.39457514,0.38493792,2.442430e-02
0.207879,2.424242,2.423614,0.39183347,0.38199963,2.509698e-02
0.212091,2.424242,2.423614,0.38912026,0.37910052,2.574972e-02
0.216303,2.424242,2.423614,0.38643512,0.37624087,2.638024e-02
0.220515,2.424242,2.423614,0.38377766,0.37342098,2.698616e-02
0.224727,2.424242,2.423614,0.38114751,0.37064116,2.756505e-02
0.228939,2.424242,2.423614,0.37854430,0.36790174,2.811443e-02
0.233152,2.424242,2.423614,0.37596765,0.36520305,2.863171e-02
0.237364,2.424242,2.423614,0.37341721,0.36254545,2.911425e-02
0.241576,2.424242,2.423614,0.37089262,0.35992928,2.955933e-02
0.245788,2.424242,2.423614,0.36839354,0.35735493,2.996416e-02
0.250000,2.424242,2.423614,0.36591961,0.35482278,3.032588e-02
-0.167000,2.484848,2.484204,0.82379534,0.79732825,3.212823e-02
-0.162788,2.484848,2.484204,0.81555600,0.79061976,3.057575e-02
-0.158576,2.484848,2.484204,0.80743959,0.78397315,2.906278e-02
-0.154364,2.484848,2.484204,0.79944369,0.77738762,2.758927e-02
-0.150152,2.484848,2.484204,0.79156591,0.77086240,2.615514e-02
-0.145939,2.484848,2.484204,0.78380395,0.76439671,2.476032e-02
-0.141727,2.484848,2.484204,0.77615554,0.75798982,2.340474e-02
-0.137515,2.484848,2.484204,0.76861848,0.75164098,2.208833e-02
-0.133303,2.484848,2.484204,0.76119062,0.74534946,2.081103e-02
-0.129091,2.484848,2.484204,0.75386987,0.73911455,1.957277e-02
-0.124879,2.484848,2.484204,0.74665416,0.73293554,1.837346e-02
-0.120667,2.484848,2.484204,0.73954151,0.72681174,1.721305e-02
-0.116455,2.484848,2.484204,0.73252996,0.72074248,1.609146e-02
-0.112242,2.484848,2.484204,0.72561760,0.71472709,1.500861e-02
-0.108030,2.484848,2.484204,0.71880258,0.70876491,1.396443e-02
-0.103818,2.484848,2.484204,0.71208306,0.70285530,1.295883e-02
-0.099606,2.484848,2.484204,0.70545728,0.69699763,1.199173e-02
-0.095394,2.484848,2.484204,0.69892351,0.69119129,1.106304e-02
-0.091182,2.484848,2.484204,0.69248004,0.68543566,1.017268e-02
-0.086970,2.484848,2.484204,0.68612522,0.67973016,9.320545e-03
-0.082758,2.484848,2.484204,0.67985744,0.67407421,8.506535e-03
-0.078545,2.484848,2.484204,0.67367510,0.66846723,7.730545e-03
-0.074333,2.484848,2.484204,0.66757667,0.66290867,6.992465e-03
-0.070121,2.484848,2.484204,0.66156064,0.65739798,6.292177e-03
-0.065909,2.484848,2.484204,0.65562552,0.65193464,5.629554e-03
-0.061697,2.484848,2.484204,0.64976987,0.64651812,5.004467e-03
-0.057485,2.484848,2.484204,0.64399228,0.64114791,4.416775e-03
-0.053273,2.484848,2.484204,0.63829137,0.63582353,3.866331e-03
-0.049061,2.484848,2.484204,0.63266579,0.63054448,3.352976e-03
-0.044848,2.484848,2.484204,0.62711422,0.62531030,2.876546e-03
-0.040636,2.484848,2.484204,0.62163536,0.62012052,2.436862e-03
-0.036424,2.484848,2.484204,0.61622796,0.61497471,2.033741e-03
-0.032212,2.484848,2.484204,0.61089076,0.60987242,1.666982e-03
-0.028000,2.484848,2.484204,0.60562258,0.60481323,1.336378e-03
-0.023788,2.484848,2.484204,0.60042221,0.59979675,1.041706e-03
-0.019576,2.484848,2.484204,0.59528850,0.59482255,7.827284e-04
-0.015364,2.484848,2.484204,0.59022033,0.58989027,5.592027e-04
-0.011152,2.484848,2.484204,0.58521656,0.58499953,3.708625e-04
-0.006939,2.484848,2.484204,0.58027613,0.58014997,2.174273e-04
-0.002727,2.484848,2.484204,0.57539797,0.57534123,9.861349e-05
0.001485,2.484848,2.484204,0.57058103,0.57057299,1.410209e-05
0.005697,2.484848,2.484204,0.56582430,0.56584491,3.642743e-05
0.009909,2.484848,2.484204,0.56112677,0.56115669,5.332276e-05
0.014121,2.484848,2.484204,0.55648747,0.55650803,3.694095e-05
0.018333,2.484848,2.484204,0.55190544,0.55189863,1.233364e-05
0.022545,2.484848,2.484204,0.54737974,0.54732823,9.410160e-05
0.026758,2.484848,2.484204,0.54290945,0.54279656,2.079406e-04
0.030970,2.484848,2.484204,0.53849368,0.53830337,3.534103e-04
0.035182,2.484848,2.484204,0.53413153,0.53384842,5.300439e-04
0.039394,2.484848,2.484204,0.52982215,0.52943148,7.373557e-04
0.043606,2.484848,2.484204,0.52556468,0.52505234,9.748329e-04
0.047818,2.484848,2.484204,0.52135830,0.52071080,1.241942e-03
0.052030,2.484848,2.484204,0.51720219,0.51640667,1.538124e-03
0.056242,2.484848,2.484204,0.51309556,0.51213977,1.862791e-03
0.060455,2.484848,2.484204,0.50903762,0.50790994,2.215330e-03
0.064667,2.484848,2.484204,0.50502761,0.50371701,2.595097e-03
0.068879,2.484848,2.484204,0.50106477,0.49956086,3.001430e-03
0.073091,2.484848,2.484204,0.49714837,0.49544135,3.433626e-03
0.077303,2.484848,2.484204,0.49327769,0.49135837,3.890952e-03
0.081515,2.484848,2.484204,0.48945201,0.48731181,4.372657e-03
0.085727,2.484848,2.484204,0.48567065,0.48330157,4.877939e-03
0.089939,2.484848,2.484204,0.48193291,0.47932759,5.405980e-03
0.094152,2.484848,2.484204,0.47823814,0.47538979,5.955916e-03
0.098364,2.484848,2.484204,0.47458567,0.47148812,6.526861e-03
0.102576,2.484848,2.484204,0.47097487,0.46762253,7.117874e-03
0.106788,2.484848,2.484204,0.46740510,0.46379300,7.727996e-03
0.111000,2.484848,2.484204,0.46387575,0.45999950,8.356220e-03
0.115212,2.484848,2.484204,0.46038619,0.45624203,9.001505e-03
0.119424,2.484848,2.484204,0.45693585,0.45252059,9.662768e-03
0.123636,2.484848,2.484204,0.45352414,0.44883520,1.033889e-02
0.127848,2.484848,2.484204,0.45015047,0.44518590,1.102869e-02
0.132061,2.484848,2.484204,0.44681429,0.44157272,1.173098e-02
0.136273,2.484848,2.484204,0.44351504,0.43799572,1.244450e-02
0.140485,2.484848,2.484204,0.44025218,0.43445496,1.316795e-02
0.144697,2.484848,2.484204,0.43702518,0.43095053,1.390000e-02
0.148909,2.484848,2.484204,0.43383352,0.42748252,1.463925e-02
0.153121,2.484848,2.484204,0.43067667,0.42405103,1.538426e-02
0.157333,2.484848,2.484204,0.42755414,0.42065618,1.613355e-02
0.161545,2.484848,2.484204,0.42446543,0.41729808,1.688559e-02
0.165758,2.484848,2.484204,0.42141006,0.41397690,1.763878e-02
0.169970,2.484848,2.484204,0.41838754,0.41069277,1.839149e-02
0.174182,2.484848,2.484204,0.41539741,0.40744586,1.914203e-02
0.178394,2.484848,2.484204,0.41243920,0.40423635,1.988863e-02
0.182606,2.484848,2.484204,0.40951247,0.40106443,2.062951e-02
0.186818,2.484848,2.484204,0.40661676,0.39793029,2.136279e-02
0.191030,2.484848,2.484204,0.40375165,0.39483416,2.208656e-02
0.195242,2.484848,2.484204,0.40091670,0.39177626,2.279884e-02
0.199455,2.484848,2.484204,0.39811149,0.38875683,2.349760e-02
0.203667,2.484848,2.484204,0.39533560,0.38577611,2.418071e-02
0.207879,2.484848,2.484204,0.39258864,0.38283437,2.484603e-02
0.212091,2.484848,2.484204,0.38987019,0.37993188,2.549133e-02
0.216303,2.484848,2.484204,0.38717987,0.37706894,2.611430e-02
0.220515,2.484848,2.484204,0.38451729,0.37424583,2.671260e-02
0.224727,2.484848,2.484204,0.38188206,0.37146288,2.728377e-02
0.228939,2.484848,2.484204,0.37927382,0.36872040,2.782535e-02
0.233152,2.484848,2.484204,0.37669220,0.36601873,2.833473e-02
0.237364,2.484848,2.484204,0.37413684,0.36335822,2.880929e-02
0.241576,2.484848,2.484204,0.37160738,0.36073923,2.924632e-02
0.245788,2.484848,2.484204,0.36910347,0.35816214,2.964301e-02
0.250000,2.484848,2.484204,0.36662478,0.35562731,2.999651e-02
-0.167000,2.545455,2.544795,0.82541756,0.79880926,3.223617e-02
-0.162788,2.545455,2.544795,0.81716196,0.79209019,3.068152e-02
-0.158576,2.545455,2.544795,0.80902954,0.78543307,2.916639e-02
-0.154364,2.545455,2.544795,0.80101787,0.77883711,2.769071e-02
-0.150152,2.545455,2.544795,0.79312455,0.77230154,2.625439e-02
-0.145939,2.545455,2.544795,0.78534727,0.76582560,2.485738e-02
-0.141727,2.545455,2.544795,0.77768378,0.75940852,2.349960e-02
-0.137515,2.545455,2.544795,0.77013185,0.75304957,2.218098e-02
-0.133303,2.545455,2.544795,0.76268935,0.74674803,2.090145e-02
-0.129091,2.545455,2.544795,0.75535415,0.74050317,1.966095e-02
-0.124879,2.545455,2.544795,0.74812421,0.73431430,1.845939e-02
-0.120667,2.545455,2.544795,0.74099753,0.72818072,1.729670e-02
-0.116455,2.545455,2.544795,0.73397215,0.72210175,1.617282e-02
-0.112242,2.545455,2.544795,0.72704616,0.71607674,1.508766e-02
-0.108030,2.545455,2.544795,0.72021770,0.71010501,1.404115e-02
-0.103818,2.545455,2.544795,0.71348493,0.70418594,1.303320e-02
-0.099606,2.545455,2.544795,0.70684609,0.69831889,1.206373e-02
-0.095394,2.545455,2.544795,0.70029943,0.69250324,1.113265e-02
-0.091182,2.545455,2.544795,0.69384325,0.68673839,1.023986e-02
-0.086970,2.545455,2.544795,0.68747590,0.68102375,9.385281e-03
-0.082758,2.545455,2.544795,0.68119576,0.67535873,8.568798e-03
-0.078545,2.545455,2.544795,0.67500123,0.66974277,7.790306e-03
-0.074333,2.545455,2.544795,0.66889078,0.66417530,7.049694e-03
-0.070121,2.545455,2.544795,0.66286288,0.65865579,6.346841e-03
-0.065909,2.545455,2.544795,0.65691606,0.65318371,5.681623e-03
-0.061697,2.545455,2.544795,0.65104886,0.64775852,5.053903e-03
-0.057485,2.545455,2.544795,0.64525988,0.64237974,4.463545e-03
-0.053273,2.545455,2.544795,0.63954773,0.63704685,3.910396e-03
-0.049061,2.545455,2.544795,0.63391106,0.63175938,3.394298e-03
-0.044848,2.545455,2.544795,0.62834854,0.62651685,2.915085e-03
-0.040636,2.545455,2.544795,0.62285888,0.62131881,2.472579e-03
-0.036424,2.545455,2.544795,0.61744081,0.61616482,2.066590e-03
-0.032212,2.545455,2.544795,0.61209310,0.61105443,1.696920e-03
-0.028000,2.545455,2.544795,0.60681453,0.60598722,1.363361e-03
-0.023788,2.545455,2.544795,0.60160391,0.60096279,1.065684e-03
-0.019576,2.545455,2.544795,0.59646008,0.59598074,8.036526e-04
-0.015364,2.545455,2.544795,0.59138192,0.59104067,5.770224e-04
-0.011152,2.545455,2.544795,0.58636829,0.58614223,3.855244e-04
-0.006939,2.545455,2.544795,0.58141812,0.58128504,2.288833e-04
-0.002727,2.545455,2.544795,0.57653034,0.57646877,1.068022e-04
0.001485,2.545455,2.544795,0.57170391,0.57169306,1.897258e-05
0.005697,2.545455,2.544795,0.56693780,0.56695761,3.493740e-05
0.009909,2.545455,2.544795,0.56223101,0.56226209,5.527030e-05
0.014121,2.545455,2.544795,0.55758257,0.55760620,4.238763e-05
0.018333,2.545455,2.544795,0.55299151,0.55298967,3.328084e-06
0.022545,2.545455,2.544795,0.54845689,0.54841220,8.146971e-05
0.026758,2.545455,2.544795,0.54397779,0.54387355,1.916174e-04
0.030970,2.545455,2.544795,0.53955331,0.53937346,3.333282e-04
0.035182,2.545455,2.544795,0.53518257,0.53491169,5.061381e-04
0.039394,2.545455,2.544795,0.53086469,0.53048801,7.095546e-04
0.043606,2.545455,2.544795,0.52659883,0.52610222,9.430665e-04
0.047818,2.545455,2.544795,0.52238417,0.52175410,1.206140e-03
0.052030,2.545455,2.544795,0.51821987,0.51744347,1.498207e-03
0.056242,2.545455,2.544795,0.51410514,0.51317015,1.818689e-03
0.060455,2.545455,2.544795,0.51003921,0.50893397,2.166962e-03
0.064667,2.545455,2.544795,0.50602129,0.50473479,2.542390e-03
0.068879,2.545455,2.544795,0.50205064,0.50057246,2.944301e-03
0.073091,2.545455,2.544795,0.49812653,0.49644685,3.371994e-03
0.077303,2.545455,2.544795,0.49424822,0.49235785,3.824739e-03
0.081515,2.545455,2.544795,0.49041500,0.48830535,4.301778e-03
0.085727,2.545455,2.544795,0.48662619,0.48428925,4.802313e-03
0.089939,2.545455,2.544795,0.48288109,0.48030949,5.325521e-03
0.094152,2.545455,2.544795,0.47917904,0.47636600,5.870541e-03
0.098364,2.545455,2.544795,0.47551937,0.47245871,6.436473e-03
0.102576,2.545455,2.544795,0.47190146,0.46858758,7.022393e-03
0.106788,2.545455,2.544795,0.46832465,0.46475259,7.627330e-03
0.111000,2.545455,2.544795,0.46478835,0.46095371,8.250284e-03
0.115212,2.545455,2.544795,0.46129192,0.45719094,8.890204e-03
0.119424,2.545455,2.544795,0.45783478,0.45346428,9.546009e-03
0.123636,2.545455,2.544795,0.45441634,0.44977376,1.021658e-02
0.127848,2.545455,2.544795,0.45103603,0.44611940,1.090075e-02
0.132061,2.545455,2.544795,0.44769327,0.44250124,1.159730e-02
0.136273,2.545455,2.544795,0.44438753,0.43891934,1.230499e-02
0.140485,2.545455,2.544795,0.44111824,0.43537377,1.302252e-02
0.144697,2.545455,2.544795,0.43788489,0.43186461,1.374854e-02
0.148909,2.545455,2.544795,0.43468693,0.42839194,1.448167e-02
0.153121,2.545455,2.544795,0.43152387,0.42495587,1.522048e-02
0.157333,2.545455,2.544795,0.42839519,0.42155652,1.596346e-02
0.161545,2.545455,2.544795,0.42530040,0.41819401,1.670909e-02
0.165758,2.545455,2.544795,0.42223900,0.41486849,1.745579e-02
0.169970,2.545455,2.544795,0.41921053,0.41158010,1.820190e-02
0.174182,2.545455,2.544795,0.41621451,0.40832902,1.894574e-02
0.178394,2.545455,2.544795,0.41325047,0.40511541,1.968555e-02
0.182606,2.545455,2.544795,0.41031798,0.40193947,2.041954e-02
0.186818,2.545455,2.544795,0.40741657,0.39880140,2.114584e-02
0.191030,2.545455,2.544795,0.40454581,0.39570142,2.186253e-02
0.195242,2.545455,2.544795,0.40170528,0.39263974,2.256764e-02
0.199455,2.545455,2.544795,0.39889454,0.38961661,2.325912e-02
0.203667,2.545455,2.544795,0.39611319,0.38663227,2.393486e-02
0.207879,2.545455,2.544795,0.39336082,0.38368700,2.459273e-02
0.212091,2.545455,2.544795,0.39063701,0.38078106,2.523047e-02
0.216303,2.545455,2.544795,0.38794139,0.37791474,2.584580e-02
0.220515,2.545455,2.544795,0.38527357,0.37508834,2.643635e-02
0.224727,2.545455,2.544795,0.38263315,0.37230217,2.699970e-02
0.228939,2.545455,2.544795,0.38001978,0.36955656,2.753335e-02
0.233152,2.545455,2.544795,0.37743307,0.36685184,2.803474e-02
0.237364,2.545455,2.544795,0.37487268,0.36418835,2.850122e-02
0.241576,2.545455,2.544795,0.37233824,0.36156647,2.893006e-02
0.245788,2.545455,2.544795,0.36982940,0.35898656,2.931850e-02
0.250000,2.545455,2.544795,0.36734583,0.35644900,2.966367e-02
-0.167000,2.606061,2.605385,0.82707525,0.80032311,3.234548e-02
-0.162788,2.606061,2.605385,0.81880305,0.79359320,3.078866e-02
-0.158576,2.606061,2.605385,0.81065427,0.78692532,2.927135e-02
-0.154364,2.606061,2.605385,0.80262647,0.78031869,2.779348e-02
-0.150152,2.606061,2.605385,0.79471728,0.77377252,2.635497e-02
-0.145939,2.606061,2.605385,0.78692436,0.76728606,2.495576e-02
-0.141727,2.606061,2.605385,0.77924544,0.76085856,2.359576e-02
-0.137515,2.606061,2.605385,0.77167833,0.75448926,2.227491e-02
-0.133303,2.606061,2.605385,0.76422085,0.74817745,2.099314e-02
-0.129091,2.606061,2.605385,0.75687090,0.74192241,1.975038e-02
-0.124879,2.606061,2.605385,0.74962642,0.73572343,1.854655e-02
-0.120667,2.606061,2.605385,0.74248540,0.72957983,1.738158e-02
-0.116455,2.606061,2.605385,0.73544589,0.72349093,1.625539e-02
-0.112242,2.606061,2.605385,0.72850597,0.71745606,1.516791e-02
-0.108030,2.606061,2.605385,0.72166377,0.71147456,1.411905e-02
-0.103818,2.606061,2.605385,0.71491746,0.70554579,1.310874e-02
-0.099606,2.606061,2.605385,0.70826527,0.69966913,1.213688e-02
-0.095394,2.606061,2.605385,0.70170544,0.69384396,1.120339e-02
-0.091182,2.606061,2.605385,0.69523628,0.68806966,1.030817e-02
-0.086970,2.606061,2.605385,0.68885612,0.68234565,9.451132e-03
-0.082758,2.606061,2.605385,0.68256335,0.67667135,8.632160e-03
-0.078545,2.606061,2.605385,0.67635637,0.67104619,7.851151e-03
-0.074333,2.606061,2.605385,0.67023362,0.66546961,7.107991e-03
-0.070121,2.606061,2.605385,0.66419360,0.65994106,6.402558e-03
-0.065909,2.606061,2.605385,0.65823482,0.65446002,5.734727e-03
-0.061697,2.606061,2.605385,0.65235583,0.64902597,5.104361e-03
-0.057485,2.606061,2.605385,0.64655521,0.64363839,4.511319e-03
-0.053273,2.606061,2.605385,0.64083157,0.63829680,3.955449e-03
-0.049061,2.606061,2.605385,0.63518357,0.63300070,3.436592e-03
-0.044848,2.606061,2.605385,0.62960987,0.62774963,2.954579e-03
-0.040636,2.606061,2.605385,0.62410917,0.62254313,2.509230e-03
-0.036424,2.606061,2.605385,0.61868021,0.61738076,2.100356e-03
-0.032212,2.606061,2.605385,0.61332174,0.61226207,1.727756e-03
-0.028000,2.606061,2.605385,0.60803256,0.60718665,1.391218e-03
-0.023788,2.606061,2.605385,0.60281146,0.60215409,1.090515e-03
-0.019576,2.606061,2.605385,0.59765730,0.59716398,8.254122e-04
-0.015364,2.606061,2.605385,0.59256892,0.59221595,5.956528e-04
-0.011152,2.606061,2.605385,0.58754521,0.58730962,4.009781e-04
-0.006939,2.606061,2.605385,0.58258509,0.58244463,2.411049e-04
-0.002727,2.606061,2.605385,0.57768749,0.57762063,1.157362e-04
0.001485,2.606061,2.605385,0.57285135,0.57283728,2.455891e-05
0.005697,2.606061,2.605385,0.56807566,0.56809427,3.275441e-05
0.009909,2.606061,2.605385,0.56335941,0.56339127,5.655081e-05
0.014121,2.606061,2.605385,0.55870162,0.55872799,4.719462e-05
0.018333,2.606061,2.605385,0.55410133,0.55410414,5.071800e-06
0.022545,2.606061,2.605385,0.54955760,0.54951945,6.941700e-05
0.026758,2.606061,2.605385,0.54506950,0.54497365,1.758445e-04
0.030970,2.606061,2.605385,0.54063613,0.54046649,3.137672e-04
0.035182,2.606061,2.605385,0.53625660,0.53599774,4.827179e-04
0.039394,2.606061,2.605385,0.53193004,0.53156716,6.822070e-04
0.043606,2.606061,2.605385,0.52765561,0.52717454,9.117170e-04
0.047818,2.606061,2.605385,0.52343247,0.52281968,1.170714e-03
0.052030,2.606061,2.605385,0.51925981,0.51850240,1.458634e-03
0.056242,2.606061,2.605385,0.51513681,0.51422250,1.774888e-03
0.060455,2.606061,2.605385,0.51106270,0.50997983,2.118857e-03
0.064667,2.606061,2.605385,0.50703671,0.50577424,2.489903e-03
0.068879,2.606061,2.605385,0.50305809,0.50160558,2.887354e-03
0.073091,2.606061,2.605385,0.49912609,0.49747373,3.310502e-03
0.077303,2.606061,2.605385,0.49523998,0.49337856,3.758621e-03
0.081515,2.606061,2.605385,0.49139906,0.48931998,4.230947e-03
0.085727,2.606061,2.605385,0.48760263,0.48529789,4.726686e-03
0.089939,2.606061,2.605385,0.48385001,0.48131221,5.245013e-03
0.094152,2.606061,2.605385,0.48014052,0.47736288,5.785061e-03
0.098364,2.606061,2.605385,0.47647350,0.47344983,6.345936e-03
0.102576,2.606061,2.605385,0.47284832,0.46957304,6.926708e-03
0.106788,2.606061,2.605385,0.46926433,0.46573245,7.526407e-03
0.111000,2.606061,2.605385,0.46572091,0.46192807,8.144030e-03
0.115212,2.606061,2.605385,0.46221746,0.45815987,8.778525e-03
0.119424,2.606061,2.605385,0.45875337,0.45442787,9.428818e-03
0.123636,2.606061,2.605385,0.45532807,0.45073209,1.009378e-02
0.127848,2.606061,2.605385,0.45194096,0.44707255,1.077224e-02
0.132061,2.606061,2.605385,0.44859149,0.44344929,1.146299e-02
0.136273,2.606061,2.605385,0.44527910,0.43986238,1.216479e-02
0.140485,2.606061,2.605385,0.44200325,0.43631188,1.287632e-02
0.144697,2.606061,2.605385,0.43876340,0.43279786,1.359626e-02
0.148909,2.606061,2.605385,0.43555902,0.42932042,1.432320e-02
0.153121,2.606061,2.605385,0.43238961,0.42587967,1.505572e-02
0.157333,2.606061,2.605385,0.42925464,0.42247571,1.579233e-02
0.161545,2.606061,2.605385,0.42615363,0.41910868,1.653148e-02
0.165758,2.606061,2.605385,0.42308609,0.41577872,1.727159e-02
0.169970,2.606061,2.605385,0.42005153,0.41248597,1.801102e-02
0.174182,2.606061,2.605385,0.41704949,0.40923061,1.874809e-02
0.178394,2.606061,2.605385,0.41407950,0.40601281,1.948103e-02
0.182606,2.606061,2.605385,0.41114111,0.40283276,2.020804e-02
0.186818,2.606061,2.605385,0.40823388,0.39969066,2.092727e-02
0.191030,2.606061,2.605385,0.40535735,0.39658672,2.163679e-02
0.195242,2.606061,2.605385,0.40251111,0.39352118,2.233463e-02
0.199455,2.606061,2.605385,0.39969473,0.39049426,2.301874e-02
0.203667,2.606061,2.605385,0.39690779,0.38750623,2.368703e-02
0.207879,2.606061,2.605385,0.39414989,0.38455733,2.433733e-02
0.212091,2.606061,2.605385,0.39142062,0.38164785,2.496743e-02
0.216303,2.606061,2.605385,0.38871958,0.37877808,2.557501e-02
0.220515,2.606061,2.605385,0.38604640,0.37594830,2.615772e-02
0.224727,2.606061,2.605385,0.38340068,0.37315884,2.671315e-02
0.228939,2.606061,2.605385,0.38078206,0.37041002,2.723878e-02
0.233152,2.606061,2.605385,0.37819016,0.36770217,2.773205e-02
0.237364,2.606061,2.605385,0.37562462,0.36503564,2.819032e-02
0.241576,2.606061,2.605385,0.37308509,0.36241079,2.861090e-02
0.245788,2.606061,2.605385,0.37057122,0.35982800,2.899096e-02
0.250000,2.606061,2.605385,0.36808265,0.35728764,2.932768e-02
-0.167000,2.666667,2.665975,0.82876819,0.80186959,3.245611e-02
-0.162788,2.666667,2.665975,0.82047902,0.79512859,3.089711e-02
-0.158576,2.666667,2.665975,0.81231353,0.78844970,2.937762e-02
-0.154364,2.666667,2.665975,0.80426928,0.78183214,2.789755e-02
-0.150152,2.666667,2.665975,0.79634387,0.77527513,2.645683e-02
-0.145939,2.666667,2.665975,0.78853497,0.76877791,2.505540e-02
-0.141727,2.666667,2.665975,0.78084031,0.76233973,2.369317e-02
-0.137515,2.666667,2.665975,0.77325768,0.75595984,2.237008e-02
-0.133303,2.666667,2.665975,0.76578491,0.74963752,2.108606e-02
-0.129091,2.666667,2.665975,0.75841989,0.74337206,1.984103e-02
-0.124879,2.666667,2.665975,0.75116056,0.73716274,1.863492e-02
-0.120667,2.666667,2.665975,0.74400491,0.73100889,1.746765e-02
-0.116455,2.666667,2.665975,0.73695096,0.72490981,1.633915e-02
-0.112242,2.666667,2.665975,0.72999682,0.71886485,1.524934e-02
-0.108030,2.666667,2.665975,0.72314059,0.71287335,1.419813e-02
-0.103818,2.666667,2.665975,0.71638045,0.70693466,1.318544e-02
-0.099606,2.666667,2.665975,0.70971462,0.70104816,1.221118e-02
-0.095394,2.666667,2.665975,0.70314135,0.69521324,1.127527e-02
-0.091182,2.666667,2.665975,0.69665893,0.68942927,1.037761e-02
-0.086970,2.666667,2.665975,0.69026570,0.68369568,9.518093e-03
-0.082758,2.666667,2.665975,0.68396002,0.67801188,8.696621e-03
-0.078545,2.666667,2.665975,0.67774032,0.67237730,7.913083e-03
-0.074333,2.666667,2.665975,0.67160503,0.66679139,7.167363e-03
-0.070121,2.666667,2.665975,0.66555263,0.66125360,6.459339e-03
-0.065909,2.666667,2.665975,0.65958163,0.65576339,5.788882e-03
-0.061697,2.666667,2.665975,0.65369059,0.65032026,5.155855e-03
-0.057485,2.666667,2.665975,0.64787808,0.64492368,4.560117e-03
-0.053273,2.666667,2.665975,0.64214272,0.63957318,4.001512e-03
-0.049061,2.666667,2.665975,0.63648314,0.63426825,3.479882e-03
-0.044848,2.666667,2.665975,0.63089801,0.62900844,2.995055e-03
-0.040636,2.666667,2.665975,0.62538604,0.62379328,2.546848e-03
-0.036424,2.666667,2.665975,0.61994596,0.61862233,2.135073e-03
-0.032212,2.666667,2.665975,0.61457651,0.61349515,1.759526e-03
-0.028000,2.666667,2.665975,0.60927649,0.60841132,1.419993e-03
-0.023788,2.666667,2.665975,0.60404469,0.60337043,1.116249e-03
-0.019576,2.666667,2.665975,0.59887997,0.59837208,8.480516e-04
-0.015364,2.666667,2.665975,0.59378116,0.59341590,6.151518e-04
-0.011152,2.666667,2.665975,0.58874716,0.58850149,4.172786e-04
-0.006939,2.666667,2.665975,0.58377688,0.58362851,2.541516e-04
-0.002727,2.666667,2.665975,0.57886924,0.57879661,1.254737e-04
0.001485,2.666667,2.665975,0.57402320,0.57400544,3.093083e-05
0.005697,2.666667,2.665975,0.56923772,0.56925469,2.981023e-05
0.009909,2.666667,2.665975,0.56451181,0.56454404,5.709268e-05
0.014121,2.666667,2.665975,0.55984448,0.55987319,5.128854e-05
0.018333,2.666667,2.665975,0.55523477,0.55524186,1.277922e-05
0.022545,2.666667,2.665975,0.55068172,0.55064977,5.802721e-05
0.026758,2.666667,2.665975,0.54618443,0.54609665,1.607087e-04
0.030970,2.666667,2.665975,0.54174197,0.54158226,2.948158e-04
0.035182,2.666667,2.665975,0.53735347,0.53710636,4.598789e-04
0.039394,2.666667,2.665975,0.53301806,0.53266871,6.554085e-04
0.043606,2.666667,2.665975,0.52873487,0.52826911,8.808890e-04
0.047818,2.666667,2.665975,0.52450308,0.52390736,1.135780e-03
0.052030,2.666667,2.665975,0.52032186,0.51958326,1.419515e-03
0.056242,2.666667,2.665975,0.51619042,0.51529664,1.731509e-03
0.060455,2.666667,2.665975,0.51210797,0.51104732,2.071140e-03
0.064667,2.666667,2.665975,0.50807374,0.50683517,2.437767e-03
0.068879,2.666667,2.665975,0.50408696,0.50266003,2.830717e-03
0.073091,2.666667,2.665975,0.50014691,0.49852179,3.249282e-03
0.077303,2.666667,2.665975,0.49625284,0.49442031,3.692734e-03
0.081515,2.666667,2.665975,0.49240406,0.49035550,4.160308e-03
0.085727,2.666667,2.665975,0.48859985,0.48632727,4.651205e-03
0.089939,2.666667,2.665975,0.48483954,0.48233554,5.164599e-03
0.094152,2.666667,2.665975,0.48112245,0.47838023,5.699634e-03
0.098364,2.666667,2.665975,0.47744793,0.47446130,6.255406e-03
0.102576,2.666667,2.665975,0.47381532,0.47057870,6.830977e-03
0.106788,2.666667,2.665975,0.47022399,0.46673239,7.425391e-03
0.111000,2.666667,2.665975,0.46667332,0.46292237,8.037629e-03
0.115212,2.666667,2.665975,0.46316269,0.45914862,8.666653e-03
0.119424,2.666667,2.665975,0.45969151,0.45541115,9.311371e-03
0.123636,2.666667,2.665975,0.45625919,0.45170998,9.970664e-03
0.127848,2.666667,2.665975,0.45286515,0.44804514,1.064336e-02
0.132061,2.666667,2.665975,0.44950882,0.44441667,1.132825e-02
0.136273,2.666667,2.665975,0.44618965,0.44082462,1.202409e-02
0.140485,2.666667,2.665975,0.44290709,0.43726907,1.272958e-02
0.144697,2.666667,2.665975,0.43966060,0.43375009,1.344335e-02
0.148909,2.666667,2.665975,0.43644966,0.43026777,1.416405e-02
0.153121,2.666667,2.665975,0.43327376,0.42682222,1.489021e-02
0.157333,2.666667,2.665975,0.43013237,0.42341355,1.562036e-02
0.161545,2.666667,2.665975,0.42702501,0.42004189,1.635296e-02
0.165758,2.666667,2.665975,0.42395119,0.41670738,1.708642e-02
0.169970,2.666667,2.665975,0.42091042,0.41341017,1.781911e-02
0.174182,2.666667,2.665975,0.41790223,0.41015043,1.854931e-02
0.178394,2.666667,2.665975,0.41492616,0.40692834,1.927530e-02
0.182606,2.666667,2.665975,0.41198176,0.40374408,1.999526e-02
0.186818,2.666667,2.665975,0.40906857,0.40059785,2.070733e-02
0.191030,2.666667,2.665975,0.40618616,0.39748988,2.140960e-02
0.195242,2.666667,2.665975,0.40333409,0.39442038,2.210008e-02
0.199455,2.666667,2.665975,0.40051195,0.39138959,2.277675e-02
0.203667,2.666667,2.665975,0.39771930,0.38839776,2.343749e-02
0.207879,2.666667,2.665975,0.39495575,0.38544516,2.408015e-02
0.212091,2.666667,2.665975,0.39222089,0.38253206,2.470249e-02
0.216303,2.666667,2.665975,0.38951433,0.37965875,2.530224e-02
0.220515,2.666667,2.665975,0.38683567,0.37682552,2.587702e-02
0.224727,2.666667,2.665975,0.38418454,0.37403269,2.642441e-02
0.228939,2.666667,2.665975,0.38156055,0.37128058,2.694192e-02
0.233152,2.666667,2.665975,0.37896335,0.36856953,2.742698e-02
0.237364,2.666667,2.665975,0.37639256,0.36589988,2.787696e-02
0.241576,2.666667,2.665975,0.37384783,0.36327200,2.828913e-02
0.245788,2.666667,2.665975,0.37132881,0.36068626,2.866073e-02
0.250000,2.666667,2.665975,0.36883515,0.35814304,2.898888e-02
-0.167000,2.727273,2.726566,0.83049613,0.80344851,3.256803e-02
-0.162788,2.727273,2.726566,0.82218965,0.79669615,3.100683e-02
-0.158576,2.727273,2.726566,0.81400711,0.79000600,2.948514e-02
-0.154364,2.727273,2.726566,0.80594605,0.78337726,2.800286e-02
-0.150152,2.727273,2.726566,0.79800409,0.77680916,2.655993e-02
-0.145939,2.727273,2.726566,0.79017888,0.77030093,2.515627e-02
-0.141727,2.727273,2.726566,0.78246816,0.76385183,2.379181e-02
-0.137515,2.727273,2.726566,0.77486969,0.75746111,2.246647e-02
-0.133303,2.727273,2.726566,0.76738132,0.75112804,2.118019e-02
-0.129091,2.727273,2.726566,0.76000092,0.74485191,1.993288e-02
-0.124879,2.727273,2.726566,0.75272643,0.73863202,1.872448e-02
-0.120667,2.727273,2.726566,0.74555583,0.73246767,1.755491e-02
-0.116455,2.727273,2.726566,0.73848716,0.72635819,1.642408e-02
-0.112242,2.727273,2.726566,0.73151849,0.72030290,1.533193e-02
-0.108030,2.727273,2.726566,0.72464795,0.71430117,1.427835e-02
-0.103818,2.727273,2.726566,0.71787370,0.70835234,1.326328e-02
-0.099606,2.727273,2.726566,0.71119395,0.70245578,1.228662e-02
-0.095394,2.727273,2.726566,0.70460695,0.69661087,1.134828e-02
-0.091182,2.727273,2.726566,0.69811100,0.69081702,1.044816e-02
-0.086970,2.727273,2.726566,0.69170442,0.68507362,9.586167e-03
-0.082758,2.727273,2.726566,0.68538558,0.67938010,8.762188e-03
-0.078545,2.727273,2.726566,0.67915289,0.67373589,7.976110e-03
-0.074333,2.727273,2.726566,0.67300479,0.66814043,7.227821e-03
-0.070121,2.727273,2.726566,0.66693975,0.66259318,6.517196e-03
-0.065909,2.727273,2.726566,0.66095630,0.65709360,5.844105e-03
-0.061697,2.727273,2.726566,0.65505296,0.65164117,5.208409e-03
-0.057485,2.727273,2.726566,0.64922832,0.64623540,4.609963e-03
-0.053273,2.727273,2.726566,0.64348098,0.64087577,4.048614e-03
-0.049061,2.727273,2.726566,0.63780958,0.63556182,3.524198e-03
-0.044848,2.727273,2.726566,0.63221280,0.63029306,3.036544e-03
-0.040636,2.727273,2.726566,0.62668933,0.62506904,2.585468e-03
-0.036424,2.727273,2.726566,0.62123789,0.61988932,2.170780e-03
-0.032212,2.727273,2.726566,0.61585723,0.61475345,1.792274e-03
-0.028000,2.727273,2.726566,0.61054615,0.60966102,1.449733e-03
-0.023788,2.727273,2.726566,0.60530343,0.60461161,1.142933e-03
-0.019576,2.727273,2.726566,0.60012793,0.59960484,8.716311e-04
-0.015364,2.727273,2.726566,0.59501848,0.59464031,6.355701e-04
-0.011152,2.727273,2.726566,0.58997398,0.58971764,4.344838e-04
-0.006939,2.727273,2.726566,0.58499332,0.58483649,2.680876e-04
-0.002727,2.727273,2.726566,0.58007544,0.57999650,1.360833e-04
0.001485,2.727273,2.726566,0.57521928,0.57519733,3.815546e-05
0.005697,2.727273,2.726566,0.57042382,0.57043867,2.602968e-05
0.009909,2.727273,2.726566,0.56568805,0.56572019,5.682110e-05
0.014121,2.727273,2.726566,0.56101098,0.56104160,5.458590e-05
0.018333,2.727273,2.726566,0.55639164,0.55640261,1.971229e-05
0.022545,2.727273,2.726566,0.55182910,0.55180295,4.739198e-05
0.026758,2.727273,2.726566,0.54732242,0.54724235,1.463023e-04
0.030970,2.727273,2.726566,0.54287070,0.54272056,2.765683e-04
0.035182,2.727273,2.726566,0.53847304,0.53823734,4.377203e-04
0.039394,2.727273,2.726566,0.53412858,0.53379247,6.292666e-04
0.043606,2.727273,2.726566,0.52983645,0.52938573,8.506850e-04
0.047818,2.727273,2.726566,0.52559583,0.52501692,1.101444e-03
0.052030,2.727273,2.726566,0.52140589,0.52068585,1.380967e-03
0.056242,2.727273,2.726566,0.51726583,0.51639234,1.688671e-03
0.060455,2.727273,2.726566,0.51317486,0.51213623,2.023934e-03
0.064667,2.727273,2.726566,0.50913221,0.50791737,2.386106e-03
0.068879,2.727273,2.726566,0.50513712,0.50373560,2.774522e-03
0.073091,2.727273,2.726566,0.50118884,0.49959082,3.188465e-03
0.077303,2.727273,2.726566,0.49728665,0.49548289,3.627217e-03
0.081515,2.727273,2.726566,0.49342984,0.49141171,4.089998e-03
0.085727,2.727273,2.726566,0.48961770,0.48737720,4.576020e-03
0.089939,2.727273,2.726566,0.48584954,0.48337927,5.084445e-03
0.094152,2.727273,2.726566,0.48212470,0.47941785,5.614424e-03
0.098364,2.727273,2.726566,0.47844251,0.47549289,6.165040e-03
0.102576,2.727273,2.726566,0.47480233,0.47160435,6.735377e-03
0.106788,2.727273,2.726566,0.47120350,0.46775220,7.324451e-03
0.111000,2.727273,2.726566,0.46764542,0.46393641,7.931259e-03
0.115212,2.727273,2.726566,0.46412748,0.46015698,8.554756e-03
0.119424,2.727273,2.726566,0.46064905,0.45641391,9.193854e-03
0.123636,2.727273,2.726566,0.45720957,0.45270724,9.847430e-03
0.127848,2.727273,2.726566,0.45380845,0.44903697,1.051431e-02
0.132061,2.727273,2.726566,0.45044513,0.44540316,1.119329e-02
0.136273,2.727273,2.726566,0.44711903,0.44180587,1.188311e-02
0.140485,2.727273,2.726566,0.44382962,0.43824515,1.258248e-02
0.144697,2.727273,2.726566,0.44057637,0.43472109,1.329005e-02
0.148909,2.727273,2.726566,0.43735873,0.43123377,1.400443e-02
0.153121,2.727273,2.726566,0.43417620,0.42778331,1.472418e-02
0.157333,2.727273,2.726566,0.43102826,0.42436982,1.544781e-02
0.161545,2.727273,2.726566,0.42791442,0.42099343,1.617379e-02
0.165758,2.727273,2.726566,0.42483419,0.41765427,1.690053e-02
0.169970,2.727273,2.726566,0.42178708,0.41435250,1.762639e-02
0.174182,2.727273,2.726566,0.41877262,0.41108828,1.834966e-02
0.178394,2.727273,2.726566,0.41579034,0.40786179,1.906862e-02
0.182606,2.727273,2.726566,0.41283980,0.40467323,1.978146e-02
0.186818,2.727273,2.726566,0.40992054,0.40152278,2.048630e-02
0.191030,2.727273,2.726566,0.40703211,0.39841067,2.118123e-02
0.195242,2.727273,2.726566,0.40417410,0.39533712,2.186428e-02
0.199455,2.727273,2.726566,0.40134607,0.39230237,2.253341e-02
0.203667,2.727273,2.726566,0.39854760,0.38930667,2.318652e-02
0.207879,2.727273,2.726566,0.39577828,0.38635028,2.382144e-02
0.212091,2.727273,2.726566,0.39303772,0.38343347,2.443596e-02
0.216303,2.727273,2.726566,0.39032552,0.38055654,2.502777e-02
0.220515,2.727273,2.726566,0.38764127,0.37771978,2.559453e-02
0.224727,2.727273,2.726566,0.38498461,0.37492350,2.613380e-02
0.228939,2.727273,2.726566,0.38235516,0.37216803,2.664310e-02
0.233152,2.727273,2.726566,0.37975254,0.36945371,2.711986e-02
0.237364,2.727273,2.726566,0.37717639,0.36678087,2.756143e-02
0.241576,2.727273,2.726566,0.37462635,0.36414989,2.796512e-02
0.245788,2.727273,2.726566,0.37210208,0.36156112,2.832813e-02
0.250000,2.727273,2.726566,0.36960323,0.35901497,2.864762e-02
-0.167000,2.787879,2.787156,0.83225883,0.80505964,3.268117e-02
-0.162788,2.787879,2.787156,0.82393469,0.79829568,3.111778e-02
-0.158576,2.787879,2.787156,0.81573476,0.79159401,2.959387e-02
-0.154364,2.787879,2.787156,0.80765656,0.78495384,2.810938e-02
-0.150152,2.787879,2.787156,0.79969771,0.77837439,2.666422e-02
-0.145939,2.787879,2.787156,0.79185587,0.77185491,2.525833e-02
-0.141727,2.787879,2.787156,0.78412875,0.76539464,2.389163e-02
-0.137515,2.787879,2.787156,0.77651414,0.75899284,2.256404e-02
-0.133303,2.787879,2.787156,0.76900984,0.75264878,2.127549e-02
-0.129091,2.787879,2.787156,0.76161375,0.74636175,2.002591e-02
-0.124879,2.787879,2.787156,0.75432380,0.74013104,1.881521e-02
-0.120667,2.787879,2.787156,0.74713796,0.73395597,1.764332e-02
-0.116455,2.787879,2.787156,0.74005427,0.72783584,1.651017e-02
-0.112242,2.787879,2.787156,0.73307079,0.72177001,1.541567e-02
-0.108030,2.787879,2.787156,0.72618564,0.71575781,1.435973e-02
-0.103818,2.787879,2.787156,0.71939699,0.70979860,1.334227e-02
-0.099606,2.787879,2.787156,0.71270304,0.70389175,1.236320e-02
-0.095394,2.787879,2.787156,0.70610204,0.69803665,1.142242e-02
-0.091182,2.787879,2.787156,0.69959228,0.69223268,1.051984e-02
-0.086970,2.787879,2.787156,0.69317209,0.68647926,9.655361e-03
-0.082758,2.787879,2.787156,0.68683982,0.68077581,8.828866e-03
-0.078545,2.787879,2.787156,0.68059389,0.67512175,8.040245e-03
-0.074333,2.787879,2.787156,0.67443272,0.66951652,7.289381e-03
-0.070121,2.787879,2.787156,0.66835480,0.66395960,6.576148e-03
-0.065909,2.787879,2.787156,0.66235862,0.65845043,5.900416e-03
-0.061697,2.787879,2.787156,0.65644274,0.65298851,5.262042e-03
-0.057485,2.787879,2.787156,0.65060572,0.64757332,4.660883e-03
-0.053273,2.787879,2.787156,0.64484617,0.64220438,4.096782e-03
-0.049061,2.787879,2.787156,0.63916273,0.63688119,3.569573e-03
-0.044848,2.787879,2.787156,0.63355405,0.63160328,3.079085e-03
-0.040636,2.787879,2.787156,0.62801884,0.62637021,2.625133e-03
-0.036424,2.787879,2.787156,0.62255581,0.62118151,2.207520e-03
-0.032212,2.787879,2.787156,0.61716373,0.61603676,1.826045e-03
-0.028000,2.787879,2.787156,0.61184136,0.61093553,1.480490e-03
-0.023788,2.787879,2.787156,0.60658751,0.60587742,1.170621e-03
-0.019576,2.787879,2.787156,0.60140100,0.60086203,8.962002e-04
-0.015364,2.787879,2.787156,0.59628070,0.59588896,6.569698e-04
-0.011152,2.787879,2.787156,0.59122548,0.59095786,4.526581e-04
-0.006939,2.787879,2.787156,0.58623424,0.58606835,2.829811e-04
-0.002727,2.787879,2.787156,0.58130591,0.58122009,1.476356e-04
0.001485,2.787879,2.787156,0.57643944,0.57641275,4.630965e-05
0.005697,2.787879,2.787156,0.57163379,0.57164599,2.133670e-05
0.009909,2.787879,2.787156,0.56688796,0.56691950,5.564868e-05
0.014121,2.787879,2.787156,0.56220095,0.56223300,5.700208e-05
0.018333,2.787879,2.787156,0.55757180,0.55758618,2.578192e-05
0.022545,2.787879,2.787156,0.55299957,0.55297877,3.760121e-05
0.026758,2.787879,2.787156,0.54848332,0.54841052,1.327226e-04
0.030970,2.787879,2.787156,0.54402214,0.54388116,2.591277e-04
0.035182,2.787879,2.787156,0.53961514,0.53939047,4.163470e-04
0.039394,2.787879,2.787156,0.53526145,0.53493821,6.038856e-04
0.043606,2.787879,2.787156,0.53096021,0.53052417,8.212262e-04
0.047818,2.787879,2.787156,0.52671058,0.52614814,1.067824e-03
0.052030,2.787879,2.787156,0.52251174,0.52180995,1.343112e-03
0.056242,2.787879,2.787156,0.51836289,0.51750940,1.646498e-03
0.060455,2.787879,2.787156,0.51426323,0.51324634,1.977362e-03
0.064667,2.787879,2.787156,0.51021199,0.50902062,2.335058e-03
0.068879,2.787879,2.787156,0.50620841,0.50483208,2.718908e-03
0.073091,2.787879,2.787156,0.50225175,0.50068061,3.128205e-03
0.077303,2.787879,2.787156,0.49834128,0.49656608,3.562216e-03
0.081515,2.787879,2.787156,0.49447627,0.49248839,4.020174e-03
0.085727,2.787879,2.787156,0.49065603,0.48844745,4.501279e-03
0.089939,2.787879,2.787156,0.48687988,0.48444319,5.004705e-03
0.094152,2.787879,2.787156,0.48314713,0.48047552,5.529584e-03
0.098364,2.787879,2.787156,0.47945711,0.47654441,6.075015e-03
0.102576,2.787879,2.787156,0.47580920,0.47264979,6.640066e-03
0.106788,2.787879,2.787156,0.47220273,0.46879165,7.223765e-03
0.111000,2.787879,2.787156,0.46863710,0.46496997,7.825101e-03
0.115212,2.787879,2.787156,0.46511168,0.46118473,8.443031e-03
0.119424,2.787879,2.787156,0.46162587,0.45743595,9.076461e-03
0.123636,2.787879,2.787156,0.45817909,0.45372363,9.724268e-03
0.127848,2.787879,2.787156,0.45477075,0.45004782,1.038529e-02
0.132061,2.787879,2.787156,0.45140028,0.44640856,1.105830e-02
0.136273,2.787879,2.787156,0.44806712,0.44280589,1.174206e-02
0.140485,2.787879,2.787156,0.44477073,0.43923989,1.243526e-02
0.144697,2.787879,2.787156,0.44151057,0.43571064,1.313656e-02
0.148909,2.787879,2.787156,0.43828610,0.43221822,1.384456e-02
0.153121,2.787879,2.787156,0.43509681,0.42876274,1.455784e-02
0.157333,2.787879,2.787156,0.43194219,0.42534432,1.527489e-02
0.161545,2.787879,2.787156,0.42882174,0.42196308,1.599419e-02
0.165758,2.787879,2.787156,0.42573497,0.41861917,1.671415e-02
0.169970,2.787879,2.787156,0.42268139,0.41531273,1.743311e-02
0.174182,2.787879,2.787156,0.41966053,0.41204394,1.814940e-02
0.178394,2.787879,2.787156,0.41667192,0.40881296,1.886127e-02
0.182606,2.787879,2.787156,0.41371511,0.40561999,1.956690e-02
0.186818,2.787879,2.787156,0.41078965,0.40246523,2.026443e-02
0.191030,2.787879,2.787156,0.40789510,0.39934889,2.095196e-02
0.195242,2.787879,2.787156,0.40503102,0.39627120,2.162751e-02
0.199455,2.787879,2.787156,0.40219698,0.39323240,2.228902e-02
0.203667,2.787879,2.787156,0.39939257,0.39023273,2.293442e-02
0.207879,2.787879,2.787156,0.39661738,0.38727247,2.356153e-02
0.212091,2.787879,2.787156,0.39387100,0.38435187,2.416813e-02
0.216303,2.787879,2.787156,0.39115304,0.38147124,2.475194e-02
0.220515,2.787879,2.787156,0.38846310,0.37863087,2.531059e-02
0.224727,2.787879,2.787156,0.38580080,0.37583107,2.584165e-02
0.228939,2.787879,2.787156,0.38316576,0.37307216,2.634264e-02
0.233152,2.787879,2.787156,0.38055762,0.37035449,2.681100e-02
0.237364,2.787879,2.787156,0.37797600,0.36767839,2.724408e-02
0.241576,2.787879,2.787156,0.37542055,0.36504423,2.763919e-02
0.245788,2.787879,2.787156,0.37289092,0.36245239,2.799354e-02
0.250000,2.787879,2.787156,0.37038676,0.35990324,2.830427e-02
-0.167000,2.848485,2.847746,0.83405605,0.80670277,3.279550e-02
-0.162788,2.848485,2.847746,0.82571391,0.79992695,3.122990e-02
-0.158576,2.848485,2.847746,0.81749623,0.79321350,2.970378e-02
-0.154364,2.848485,2.847746,0.80940057,0.78656165,2.821707e-02
-0.150152,2.848485,2.847746,0.80142450,0.77997062,2.676969e-02
-0.145939,2.848485,2.847746,0.79356570,0.77343963,2.536156e-02
-0.141727,2.848485,2.847746,0.78582187,0.76696795,2.399261e-02
-0.137515,2.848485,2.847746,0.77819078,0.76055483,2.266277e-02
-0.133303,2.848485,2.847746,0.77067026,0.75419954,2.137195e-02
-0.129091,2.848485,2.847746,0.76325818,0.74790136,2.012008e-02
-0.124879,2.848485,2.847746,0.75595246,0.74165960,1.890709e-02
-0.120667,2.848485,2.847746,0.74875108,0.73547356,1.773289e-02
-0.116455,2.848485,2.847746,0.74165206,0.72934257,1.659740e-02
-0.112242,2.848485,2.847746,0.73465348,0.72326595,1.550055e-02
-0.108030,2.848485,2.847746,0.72775344,0.71724306,1.444224e-02
-0.103818,2.848485,2.847746,0.72095011,0.71127324,1.342239e-02
-0.099606,2.848485,2.847746,0.71424169,0.70535588,1.244091e-02
-0.095394,2.848485,2.847746,0.70762642,0.69949035,1.149769e-02
-0.091182,2.848485,2.847746,0.70110259,0.69367605,1.059265e-02
-0.086970,2.848485,2.847746,0.69466851,0.68791238,9.725680e-03
-0.082758,2.848485,2.847746,0.68832255,0.68219877,8.896667e-03
-0.078545,2.848485,2.847746,0.68206311,0.67653465,8.105500e-03
-0.074333,2.848485,2.847746,0.67588862,0.67091945,7.352059e-03
-0.070121,2.848485,2.847746,0.66979756,0.66535264,6.636216e-03
-0.065909,2.848485,2.847746,0.66378842,0.65983367,5.957838e-03
-0.061697,2.848485,2.847746,0.65785974,0.65436205,5.316784e-03
-0.057485,2.848485,2.847746,0.65201011,0.64893724,4.712907e-03
-0.053273,2.848485,2.847746,0.64623810,0.64355877,4.146049e-03
-0.049061,2.848485,2.847746,0.64054237,0.63822614,3.616043e-03
-0.044848,2.848485,2.847746,0.63492157,0.63293889,3.122717e-03
-0.040636,2.848485,2.847746,0.62937439,0.62769656,2.665881e-03
-0.036424,2.848485,2.847746,0.62389956,0.62249869,2.245341e-03
-0.032212,2.848485,2.847746,0.61849582,0.61734486,1.860892e-03
-0.028000,2.848485,2.847746,0.61316194,0.61223465,1.512312e-03
-0.023788,2.848485,2.847746,0.60789673,0.60716764,1.199371e-03
-0.019576,2.848485,2.847746,0.60269902,0.60214344,9.218240e-04
-0.015364,2.848485,2.847746,0.59756765,0.59716165,6.794139e-04
-0.011152,2.848485,2.847746,0.59250150,0.59222192,4.718662e-04
-0.006939,2.848485,2.847746,0.58749948,0.58732387,2.988998e-04
-0.002727,2.848485,2.847746,0.58256049,0.58246716,1.602070e-04
0.001485,2.848485,2.847746,0.57768350,0.57765146,5.546838e-05
0.005697,2.848485,2.847746,0.57286746,0.57287643,1.564740e-05
0.009909,2.848485,2.847746,0.56811137,0.56814176,5.349661e-05
0.014121,2.848485,2.847746,0.56341424,0.56344717,5.844858e-05
0.018333,2.848485,2.847746,0.55877509,0.55879235,3.089296e-05
0.022545,2.848485,2.847746,0.55419297,0.55417703,2.875484e-05
0.026758,2.848485,2.847746,0.54966696,0.54960096,1.200702e-04
0.030970,2.848485,2.847746,0.54519613,0.54506387,2.425994e-04
0.035182,2.848485,2.847746,0.54077961,0.54056553,3.958677e-04
0.039394,2.848485,2.847746,0.53641651,0.53610572,5.793835e-04
0.043606,2.848485,2.847746,0.53210598,0.53168422,7.926216e-04
0.047818,2.848485,2.847746,0.52784716,0.52730082,1.035039e-03
0.052030,2.848485,2.847746,0.52363925,0.52295534,1.306071e-03
0.056242,2.848485,2.847746,0.51948144,0.51864761,1.605120e-03
0.060455,2.848485,2.847746,0.51537292,0.51437744,1.931562e-03
0.064667,2.848485,2.847746,0.51131293,0.51014470,2.284752e-03
0.068879,2.848485,2.847746,0.50730070,0.50594924,2.664012e-03
0.073091,2.848485,2.847746,0.50333549,0.50179093,3.068633e-03
0.077303,2.848485,2.847746,0.49941656,0.49766966,3.497881e-03
0.081515,2.848485,2.847746,0.49554320,0.49358532,3.950985e-03
0.085727,2.848485,2.847746,0.49171471,0.48953782,4.427149e-03
0.089939,2.848485,2.847746,0.48793040,0.48552708,4.925541e-03
0.094152,2.848485,2.847746,0.48418958,0.48155303,5.445290e-03
0.098364,2.848485,2.847746,0.48049160,0.47761562,5.985500e-03
0.102576,2.848485,2.847746,0.47683580,0.47371480,6.545232e-03
0.106788,2.848485,2.847746,0.47322154,0.46985054,7.123517e-03
0.111000,2.848485,2.847746,0.46964821,0.46602283,7.719342e-03
0.115212,2.848485,2.847746,0.46611517,0.46223166,8.331660e-03
0.119424,2.848485,2.847746,0.46262184,0.45847703,8.959386e-03
0.123636,2.848485,2.847746,0.45916760,0.45475896,9.601385e-03
0.127848,2.848485,2.847746,0.45575190,0.45107748,1.025649e-02
0.132061,2.848485,2.847746,0.45237415,0.44743264,1.092350e-02
0.136273,2.848485,2.847746,0.44903379,0.44382449,1.160114e-02
0.140485,2.848485,2.847746,0.44573028,0.44025309,1.228813e-02
0.144697,2.848485,2.847746,0.44246307,0.43671853,1.298310e-02
0.148909,2.848485,2.847746,0.43923164,0.43322089,1.368469e-02
0.153121,2.848485,2.847746,0.43603546,0.42976029,1.439144e-02
0.157333,2.848485,2.847746,0.43287403,0.42633683,1.510186e-02
0.161545,2.848485,2.847746,0.42974684,0.42295064,1.581442e-02
0.165758,2.848485,2.847746,0.42665340,0.41960187,1.652753e-02
0.169970,2.848485,2.847746,0.42359322,0.41629066,1.723955e-02
0.174182,2.848485,2.847746,0.42056583,0.41301719,1.794878e-02
0.178394,2.848485,2.847746,0.41757077,0.40978162,1.865349e-02
0.182606,2.848485,2.847746,0.41460758,0.40658415,1.935186e-02
0.186818,2.848485,2.847746,0.41167580,0.40342498,2.004203e-02
0.191030,2.848485,2.847746,0.40877499,0.40030433,2.072208e-02
0.195242,2.848485,2.847746,0.40590472,0.39722241,2.139004e-02
0.199455,2.848485,2.847746,0.40306457,0.39417946,2.204388e-02
0.203667,2.848485,2.847746,0.40025410,0.39117575,2.268149e-02
0.207879,2.848485,2.847746,0.39747292,0.38821152,2.330071e-02
0.212091,2.848485,2.847746,0.39472061,0.38528705,2.389933e-02
0.216303,2.848485,2.847746,0.39199678,0.38240264,2.447504e-02
0.220515,2.848485,2.847746,0.38930103,0.37955857,2.502549e-02
0.224727,2.848485,2.847746,0.38663298,0.37675517,2.554828e-02
0.228939,2.848485,2.847746,0.38399225,0.37399275,2.604088e-02
0.233152,2.848485,2.847746,0.38137847,0.37127166,2.650075e-02
0.237364,2.848485,2.847746,0.37879128,0.36859223,2.692526e-02
0.241576,2.848485,2.847746,0.37623031,0.36595483,2.731170e-02
0.245788,2.848485,2.847746,0.37369522,0.36335983,2.765729e-02
0.250000,2.848485,2.847746,0.37118565,0.36080762,2.795916e-02
-0.167000,2.909091,2.908337,0.83588754,0.80837767,3.291097e-02
-0.162788,2.909091,2.908337,0.82752705,0.80158973,3.134316e-02
-0.158576,2.909091,2.908337,0.81929130,0.79486427,2.981483e-02
-0.154364,2.909091,2.908337,0.81117783,0.78820048,2.832590e-02
-0.150152,2.909091,2.908337,0.80318422,0.78159761,2.687629e-02
-0.145939,2.909091,2.908337,0.79530814,0.77505488,2.546593e-02
-0.141727,2.909091,2.908337,0.78754728,0.76857153,2.409473e-02
-0.137515,2.909091,2.908337,0.77989941,0.76214685,2.276263e-02
-0.133303,2.909091,2.908337,0.77236234,0.75578008,2.146954e-02
-0.129091,2.909091,2.908337,0.76493396,0.74947052,2.021539e-02
-0.124879,2.909091,2.908337,0.75761218,0.74321747,1.900010e-02
-0.120667,2.909091,2.908337,0.75039496,0.73702023,1.782358e-02
-0.116455,2.909091,2.908337,0.74328033,0.73087813,1.668577e-02
-0.112242,2.909091,2.908337,0.73626636,0.72479050,1.558656e-02
-0.108030,2.909091,2.908337,0.72935115,0.71875668,1.452589e-02
-0.103818,2.909091,2.908337,0.72253286,0.71277603,1.350365e-02
-0.099606,2.909091,2.908337,0.71580969,0.70684793,1.251975e-02
-0.095394,2.909091,2.908337,0.70917987,0.70097175,1.157410e-02
-0.091182,2.909091,2.908337,0.70264169,0.69514690,1.066660e-02
-0.086970,2.909091,2.908337,0.69619347,0.68937277,9.797138e-03
-0.082758,2.909091,2.908337,0.68983356,0.68364878,8.965609e-03
-0.078545,2.909091,2.908337,0.68356035,0.67797437,8.171895e-03
-0.074333,2.909091,2.908337,0.67737229,0.67234898,7.415875e-03
-0.070121,2.909091,2.908337,0.67126783,0.66677207,6.697421e-03
-0.065909,2.909091,2.908337,0.66524549,0.66124310,6.016398e-03
-0.061697,2.909091,2.908337,0.65930378,0.65576156,5.372664e-03
-0.057485,2.909091,2.908337,0.65344128,0.65032693,4.766068e-03
-0.053273,2.909091,2.908337,0.64765659,0.64493873,4.196453e-03
-0.049061,2.909091,2.908337,0.64194833,0.63959646,3.663649e-03
-0.044848,2.909091,2.908337,0.63631518,0.63429966,3.167481e-03
-0.040636,2.909091,2.908337,0.63075581,0.62904787,2.707762e-03
-0.036424,2.909091,2.908337,0.62526894,0.62384064,2.284293e-03
-0.032212,2.909091,2.908337,0.61985332,0.61867754,1.896865e-03
-0.028000,2.909091,2.908337,0.61450772,0.61355814,1.545259e-03
-0.023788,2.909091,2.908337,0.60923093,0.60848204,1.229242e-03
-0.019576,2.909091,2.908337,0.60402179,0.60344884,9.485639e-04
-0.015364,2.909091,2.908337,0.59887915,0.59845815,7.029718e-04
-0.011152,2.909091,2.908337,0.59380186,0.59350960,4.921841e-04
-0.006939,2.909091,2.908337,0.58878884,0.58860283,3.159219e-04
-0.002727,2.909091,2.908337,0.58383901,0.58373749,1.738711e-04
0.001485,2.909091,2.908337,0.57895129,0.57891325,6.571886e-05
0.005697,2.909091,2.908337,0.57412467,0.57412977,8.876339e-06
0.009909,2.909091,2.908337,0.56935813,0.56938675,5.026931e-05
0.014121,2.909091,2.908337,0.56465067,0.56468389,5.883024e-05
0.018333,2.909091,2.908337,0.56000132,0.56002090,3.495439e-05
0.022545,2.909091,2.908337,0.55540914,0.55539750,2.095120e-05
0.026758,2.909091,2.908337,0.55087318,0.55081344,1.084483e-04
0.030970,2.909091,2.908337,0.54639253,0.54626845,2.270895e-04
0.035182,2.909091,2.908337,0.54196630,0.54176231,3.763980e-04
0.039394,2.909091,2.908337,0.53759361,0.53729478,5.558735e-04
0.043606,2.909091,2.908337,0.53327361,0.53286565,7.649968e-04
0.047818,2.909091,2.908337,0.52900544,0.52847473,1.003221e-03
0.052030,2.909091,2.908337,0.52478828,0.52412181,1.269976e-03
0.056242,2.909091,2.908337,0.52062133,0.51980673,1.564671e-03
0.060455,2.909091,2.908337,0.51650378,0.51552931,1.886675e-03
0.064667,2.909091,2.908337,0.51243487,0.51128940,2.235339e-03
0.068879,2.909091,2.908337,0.50841382,0.50708687,2.609987e-03
0.073091,2.909091,2.908337,0.50443990,0.50292158,3.009909e-03
0.077303,2.909091,2.908337,0.50051236,0.49879342,3.434371e-03
0.081515,2.909091,2.908337,0.49663050,0.49470228,3.882596e-03
0.085727,2.909091,2.908337,0.49279360,0.49064807,4.353792e-03
0.089939,2.909091,2.908337,0.48900096,0.48663072,4.847117e-03
0.094152,2.909091,2.908337,0.48525193,0.48265015,5.361712e-03
0.098364,2.909091,2.908337,0.48154582,0.47870630,5.896670e-03
0.102576,2.909091,2.908337,0.47788199,0.47479915,6.451056e-03
0.106788,2.909091,2.908337,0.47425980,0.47092864,7.023896e-03
0.111000,2.909091,2.908337,0.47067861,0.46709478,7.614176e-03
0.115212,2.909091,2.908337,0.46713781,0.46329754,8.220848e-03
0.119424,2.909091,2.908337,0.46363680,0.45953694,8.842827e-03
0.123636,2.909091,2.908337,0.46017498,0.45581299,9.478984e-03
0.127848,2.909091,2.908337,0.45675177,0.45212572,1.012814e-02
0.132061,2.909091,2.908337,0.45336660,0.44847519,1.078909e-02
0.136273,2.909091,2.908337,0.45001890,0.44486143,1.146058e-02
0.140485,2.909091,2.908337,0.44670814,0.44128452,1.214131e-02
0.144697,2.909091,2.908337,0.44343375,0.43774453,1.282992e-02
0.148909,2.909091,2.908337,0.44019522,0.43424157,1.352503e-02
0.153121,2.909091,2.908337,0.43699202,0.43077572,1.422520e-02
0.157333,2.909091,2.908337,0.43382365,0.42734712,1.492895e-02
0.161545,2.909091,2.908337,0.43068959,0.42395587,1.563472e-02
0.165758,2.909091,2.908337,0.42758935,0.42060214,1.634093e-02
0.169970,2.909091,2.908337,0.42452245,0.41728606,1.704595e-02
0.174182,2.909091,2.908337,0.42148842,0.41400781,1.774808e-02
0.178394,2.909091,2.908337,0.41848678,0.41076755,1.844556e-02
0.182606,2.909091,2.908337,0.41551707,0.40756549,1.913660e-02
0.186818,2.909091,2.908337,0.41257886,0.40440181,1.981934e-02
0.191030,2.909091,2.908337,0.40967168,0.40127674,2.049186e-02
0.195242,2.909091,2.908337,0.40679511,0.39819050,2.115218e-02
0.199455,2.909091,2.908337,0.40394871,0.39514333,2.179827e-02
0.203667,2.909091,2.908337,0.40113208,0.39213548,2.242803e-02
0.207879,2.909091,2.908337,0.39834478,0.38916720,2.303930e-02
0.212091,2.909091,2.908337,0.39558643,0.38623878,2.362985e-02
0.216303,2.909091,2.908337,0.39285661,0.38335051,2.419740e-02
0.220515,2.909091,2.908337,0.39015494,0.38050267,2.473959e-02
0.224727,2.909091,2.908337,0.38748104,0.37769559,2.525400e-02
0.228939,2.909091,2.908337,0.38483451,0.37492958,2.573815e-02
0.233152,2.909091,2.908337,0.38221499,0.37220499,2.618946e-02
0.237364,2.909091,2.908337,0.37962212,0.36952216,2.660531e-02
0.241576,2.909091,2.908337,0.37705553,0.36688144,2.698299e-02
0.245788,2.909091,2.908337,0.37451487,0.36428322,2.731974e-02
0.250000,2.909091,2.908337,0.37199979,0.36172788,2.761268e-02
-0.167000,2.969697,2.968927,0.83775306,0.81008413,3.302755e-02
-0.162788,2.969697,2.968927,0.82937387,0.80328382,3.145754e-02
-0.158576,2.969697,2.968927,0.82111972,0.79654607,2.992699e-02
-0.154364,2.969697,2.968927,0.81298811,0.78987010,2.843584e-02
-0.150152,2.969697,2.968927,0.80497663,0.78325514,2.698401e-02
-0.145939,2.969697,2.968927,0.79708294,0.77670041,2.557141e-02
-0.141727,2.969697,2.968927,0.78930473,0.77020517,2.419797e-02
-0.137515,2.969697,2.968927,0.78163977,0.76376867,2.286361e-02
-0.133303,2.969697,2.968927,0.77408586,0.75739019,2.156825e-02
-0.129091,2.969697,2.968927,0.76664088,0.75106901,2.031182e-02
-0.124879,2.969697,2.968927,0.75930273,0.74480443,1.909423e-02
-0.120667,2.969697,2.968927,0.75206938,0.73859575,1.791541e-02
-0.116455,2.969697,2.968927,0.74493886,0.73244231,1.677526e-02
-0.112242,2.969697,2.968927,0.73790921,0.72634343,1.567371e-02
-0.108030,2.969697,2.968927,0.73097854,0.72029846,1.461067e-02
-0.103818,2.969697,2.968927,0.72414502,0.71430675,1.358604e-02
-0.099606,2.969697,2.968927,0.71740682,0.70836768,1.259974e-02
-0.095394,2.969697,2.968927,0.71076219,0.70248063,1.165166e-02
-0.091182,2.969697,2.968927,0.70420940,0.69664500,1.074169e-02
-0.086970,2.969697,2.968927,0.69774676,0.69086018,9.869748e-03
-0.082758,2.969697,2.968927,0.69137264,0.68512560,9.035706e-03
-0.078545,2.969697,2.968927,0.68508542,0.67944069,8.239449e-03
-0.074333,2.969697,2.968927,0.67888353,0.67380490,7.480855e-03
-0.070121,2.969697,2.968927,0.67276543,0.66821768,6.759793e-03
-0.065909,2.969697,2.968927,0.66672963,0.66267849,6.076129e-03
-0.061697,2.969697,2.968927,0.66077464,0.65718683,5.429717e-03
-0.057485,2.969697,2.968927,0.65489905,0.65174217,4.820406e-03
-0.053273,2.969697,2.968927,0.64910143,0.64634403,4.248035e-03
-0.049061,2.969697,2.968927,0.64338042,0.64099192,3.712436e-03
-0.044848,2.969697,2.968927,0.63773468,0.63568537,3.213429e-03
-0.040636,2.969697,2.968927,0.63216289,0.63042392,2.750827e-03
-0.036424,2.969697,2.968927,0.62666376,0.62520713,2.324428e-03
-0.032212,2.969697,2.968927,0.62123604,0.62003456,1.934024e-03
-0.028000,2.969697,2.968927,0.61587850,0.61490579,1.579392e-03
-0.023788,2.969697,2.968927,0.61058993,0.60982041,1.260296e-03
-0.019576,2.969697,2.968927,0.60536915,0.60477802,9.764901e-04
-0.015364,2.969697,2.968927,0.60021502,0.59977823,7.277135e-04
-0.011152,2.969697,2.968927,0.59512639,0.59482068,5.136867e-04
-0.006939,2.969697,2.968927,0.59010217,0.58990501,3.341239e-04
-0.002727,2.969697,2.968927,0.58514128,0.58503085,1.887170e-04
0.001485,2.969697,2.968927,0.58024265,0.58019789,7.714355e-05
0.005697,2.969697,2.968927,0.57540525,0.57540579,9.337415e-07
0.009909,2.969697,2.968927,0.57062806,0.57065423,4.587445e-05
0.014121,2.969697,2.968927,0.56591008,0.56594293,5.804987e-05
0.018333,2.969697,2.968927,0.56125035,0.56127160,3.785419e-05
0.022545,2.969697,2.968927,0.55664791,0.55663995,1.429808e-05
0.026758,2.969697,2.968927,0.55210182,0.55204773,9.797182e-05
0.030970,2.969697,2.968927,0.54761116,0.54749468,2.127165e-04
0.035182,2.969697,2.968927,0.54317505,0.54298056,3.580514e-04
0.039394,2.969697,2.968927,0.53879260,0.53850516,5.334802e-04
0.043606,2.969697,2.968927,0.53446294,0.53406825,7.384761e-04
0.047818,2.969697,2.968927,0.53018524,0.52966964,9.724941e-04
0.052030,2.969697,2.968927,0.52595866,0.52530912,1.234964e-03
0.056242,2.969697,2.968927,0.52178240,0.52098653,1.525287e-03
0.060455,2.969697,2.968927,0.51765566,0.51670171,1.842834e-03
0.064667,2.969697,2.968927,0.51357766,0.51245449,2.186959e-03
0.068879,2.969697,2.968927,0.50954764,0.50824473,2.556981e-03
0.073091,2.969697,2.968927,0.50556484,0.50407232,2.952188e-03
0.077303,2.969697,2.968927,0.50162853,0.49993712,3.371841e-03
0.081515,2.969697,2.968927,0.49773800,0.49583904,3.815170e-03
0.085727,2.969697,2.968927,0.49389253,0.49177799,4.281374e-03
0.089939,2.969697,2.968927,0.49009143,0.48775388,4.769616e-03
0.094152,2.969697,2.968927,0.48633402,0.48376665,5.279029e-03
0.098364,2.969697,2.968927,0.48261964,0.47981624,5.808712e-03
0.102576,2.969697,2.968927,0.47894763,0.47590261,6.357721e-03
0.106788,2.969697,2.968927,0.47531734,0.47202573,6.925086e-03
0.111000,2.969697,2.968927,0.47172816,0.46818558,7.509796e-03
0.115212,2.969697,2.968927,0.46817946,0.46438215,8.110793e-03
0.119424,2.969697,2.968927,0.46467063,0.46061545,8.726996e-03
0.123636,2.969697,2.968927,0.46120108,0.45688550,9.357272e-03
0.127848,2.969697,2.968927,0.45777023,0.45319232,1.000045e-02
0.132061,2.969697,2.968927,0.45437750,0.44953597,1.065531e-02
0.136273,2.969697,2.968927,0.45102233,0.44591649,1.132061e-02
0.140485,2.969697,2.968927,0.44770417,0.44233395,1.199503e-02
0.144697,2.969697,2.968927,0.44442248,0.43878843,1.267724e-02
0.148909,2.969697,2.968927,0.44117672,0.43528002,1.336585e-02
0.153121,2.969697,2.968927,0.43796637,0.43180882,1.405940e-02
0.157333,2.969697,2.968927,0.43479092,0.42837496,1.475641e-02
0.161545,2.969697,2.968927,0.43164986,0.42497856,1.545535e-02
0.165758,2.969697,2.968927,0.42854270,0.42161976,1.615462e-02
0.169970,2.969697,2.968927,0.42546896,0.41829871,1.685258e-02
0.174182,2.969697,2.968927,0.42242815,0.41501557,1.754755e-02
0.178394,2.969697,2.968927,0.41941981,0.41177053,1.823777e-02
0.182606,2.969697,2.968927,0.41644348,0.40856377,1.892143e-02
0.186818,2.969697,2.968927,0.41349870,0.40539550,1.959668e-02
0.191030,2.969697,2.968927,0.41058504,0.40226592,2.026161e-02
0.195242,2.969697,2.968927,0.40770205,0.39917527,2.091423e-02
0.199455,2.969697,2.968927,0.40484930,0.39612378,2.155251e-02
0.203667,2.969697,2.968927,0.40202637,0.39311170,2.217436e-02
0.207879,2.969697,2.968927,0.39923286,0.39013929,2.277760e-02
0.212091,2.969697,2.968927,0.39646835,0.38720684,2.336002e-02
0.216303,2.969697,2.968927,0.39373244,0.38431462,2.391935e-02
0.220515,2.969697,2.968927,0.39102474,0.38146293,2.445321e-02
0.224727,2.969697,2.968927,0.38834486,0.37865209,2.495918e-02
0.228939,2.969697,2.968927,0.38569243,0.37588242,2.543479e-02
0.233152,2.969697,2.968927,0.38306707,0.37315426,2.587747e-02
0.237364,2.969697,2.968927,0.38046841,0.37046795,2.628459e-02
0.241576,2.969697,2.968927,0.37789609,0.36782386,2.665345e-02
0.245788,2.969697,2.968927,0.37534976,0.36522235,2.698127e-02
0.250000,2.969697,2.968927,0.37282907,0.36266381,2.726519e-02
-0.167000,3.030303,3.029518,0.83965234,0.81182190,3.314520e-02
-0.162788,3.030303,3.029518,0.83125413,0.80500896,3.157298e-02
-0.158576,3.030303,3.029518,0.82298123,0.79825868,3.004023e-02
-0.154364,3.030303,3.029518,0.81483115,0.79157028,2.854686e-02
-0.150152,3.030303,3.029518,0.80680149,0.78494298,2.709280e-02
-0.145939,3.030303,3.029518,0.79888988,0.77837600,2.567797e-02
-0.141727,3.030303,3.029518,0.79109401,0.77186861,2.430229e-02
-0.137515,3.030303,3.029518,0.78341164,0.76542006,2.296568e-02
-0.133303,3.030303,3.029518,0.77584059,0.75902962,2.166806e-02
-0.129091,3.030303,3.029518,0.76837870,0.75269658,2.040936e-02
-0.124879,3.030303,3.029518,0.76102389,0.74642023,1.918948e-02
-0.120667,3.030303,3.029518,0.75377412,0.74019989,1.800835e-02
-0.116455,3.030303,3.029518,0.74662740,0.73403487,1.686588e-02
-0.112242,3.030303,3.029518,0.73958180,0.72792451,1.576199e-02
-0.108030,3.030303,3.029518,0.73263540,0.72186816,1.469659e-02
-0.103818,3.030303,3.029518,0.72578636,0.71586516,1.366958e-02
-0.099606,3.030303,3.029518,0.71903287,0.70991490,1.268088e-02
-0.095394,3.030303,3.029518,0.71237315,0.70401675,1.173037e-02
-0.091182,3.030303,3.029518,0.70580549,0.69817011,1.081796e-02
-0.086970,3.030303,3.029518,0.69932818,0.69237439,9.943530e-03
-0.082758,3.030303,3.029518,0.69293959,0.68662900,9.106982e-03
-0.078545,3.030303,3.029518,0.68663810,0.68093338,8.308188e-03
-0.074333,3.030303,3.029518,0.68042213,0.67528697,7.547027e-03
-0.070121,3.030303,3.029518,0.67429015,0.66968922,6.823364e-03
-0.065909,3.030303,3.029518,0.66824064,0.66413961,6.137064e-03
-0.061697,3.030303,3.029518,0.66227215,0.65863761,5.487980e-03
-0.057485,3.030303,3.029518,0.65638321,0.65318271,4.875958e-03
-0.053273,3.030303,3.029518,0.65057244,0.64777443,4.300839e-03
-0.049061,3.030303,3.029518,0.64483845,0.64241228,3.762448e-03
-0.044848,3.030303,3.029518,0.63917989,0.63709578,3.260610e-03
-0.040636,3.030303,3.029518,0.63359545,0.63182447,2.795128e-03
-0.036424,3.030303,3.029518,0.62808385,0.62659792,2.365807e-03
-0.032212,3.030303,3.029518,0.62264381,0.62141569,1.972431e-03
-0.028000,3.030303,3.029518,0.61727411,0.61627735,1.614777e-03
-0.023788,3.030303,3.029518,0.61197354,0.61118250,1.292607e-03
-0.019576,3.030303,3.029518,0.60674091,0.60613073,1.005674e-03
-0.015364,3.030303,3.029518,0.60157508,0.60112166,7.537146e-04
-0.011152,3.030303,3.029518,0.59647491,0.59615493,5.364503e-04
-0.006939,3.030303,3.029518,0.59143929,0.59123016,3.535901e-04
-0.002727,3.030303,3.029518,0.58646714,0.58634701,2.048262e-04
0.001485,3.030303,3.029518,0.58155739,0.58150515,8.983576e-05
0.005697,3.030303,3.029518,0.57670901,0.57670424,8.272513e-06
0.009909,3.030303,3.029518,0.57192098,0.57194398,4.021435e-05
0.014121,3.030303,3.029518,0.56719231,0.56722407,5.600455e-05
0.018333,3.030303,3.029518,0.56252200,0.56254422,3.949226e-05
0.022545,3.030303,3.029518,0.55790911,0.55790415,8.903089e-06
0.026758,3.030303,3.029518,0.55335271,0.55330360,8.875033e-05
0.030970,3.030303,3.029518,0.54885187,0.54874232,1.995941e-04
0.035182,3.030303,3.029518,0.54440569,0.54422007,3.409523e-04
0.039394,3.030303,3.029518,0.54001329,0.53973663,5.123260e-04
0.043606,3.030303,3.029518,0.53567381,0.53529178,7.131914e-04
0.047818,3.030303,3.029518,0.53138641,0.53088531,9.429963e-04
0.052030,3.030303,3.029518,0.52715024,0.52651705,1.201169e-03
0.056242,3.030303,3.029518,0.52296451,0.52218680,1.487111e-03
0.060455,3.030303,3.029518,0.51882841,0.51789441,1.800197e-03
0.064667,3.030303,3.029518,0.51474116,0.51363973,2.139770e-03
0.068879,3.030303,3.029518,0.51070199,0.50942260,2.505149e-03
0.073091,3.030303,3.029518,0.50671016,0.50524291,2.895629e-03
0.077303,3.030303,3.029518,0.50276492,0.50110054,3.310459e-03
0.081515,3.030303,3.029518,0.49886556,0.49699538,3.748877e-03
0.085727,3.030303,3.029518,0.49501137,0.49292734,4.210072e-03
0.089939,3.030303,3.029518,0.49120165,0.48889633,4.693211e-03
0.094152,3.030303,3.029518,0.48743572,0.48490231,5.197426e-03
0.098364,3.030303,3.029518,0.48371291,0.48094520,5.721807e-03
0.102576,3.030303,3.029518,0.48003257,0.47702496,6.265422e-03
0.106788,3.030303,3.029518,0.47639405,0.47314157,6.827292e-03
0.111000,3.030303,3.029518,0.47279673,0.46929500,7.406402e-03
0.115212,3.030303,3.029518,0.46923997,0.46548526,8.001701e-03
0.119424,3.030303,3.029518,0.46572319,0.46171233,8.612105e-03
0.123636,3.030303,3.029518,0.46224577,0.45797625,9.236471e-03
0.127848,3.030303,3.029518,0.45880714,0.45427705,9.873634e-03
0.132061,3.030303,3.029518,0.45540672,0.45061475,1.052238e-02
0.136273,3.030303,3.029518,0.45204394,0.44698943,1.118145e-02
0.140485,3.030303,3.029518,0.44871825,0.44340114,1.184955e-02
0.144697,3.030303,3.029518,0.44542912,0.43984997,1.252532e-02
0.148909,3.030303,3.029518,0.44217599,0.43633601,1.320737e-02
0.153121,3.030303,3.029518,0.43895836,0.43285936,1.389426e-02
0.157333,3.030303,3.029518,0.43577571,0.42942014,1.458451e-02
0.161545,3.030303,3.029518,0.43262753,0.42601847,1.527657e-02
0.165758,3.030303,3.029518,0.42951333,0.42265449,1.596886e-02
0.169970,3.030303,3.029518,0.42643261,0.41932836,1.665973e-02
0.174182,3.030303,3.029518,0.42338491,0.41604025,1.734749e-02
0.178394,3.030303,3.029518,0.42036975,0.41279032,1.803039e-02
0.182606,3.030303,3.029518,0.41738667,0.40957877,1.870663e-02
0.186818,3.030303,3.029518,0.41443521,0.40640580,1.937434e-02
0.191030,3.030303,3.029518,0.41151494,0.40327163,2.003162e-02
0.195242,3.030303,3.029518,0.40862541,0.40017647,2.067648e-02
0.199455,3.030303,3.029518,0.40576620,0.39712057,2.130691e-02
0.203667,3.030303,3.029518,0.40293687,0.39410418,2.192078e-02
0.207879,3.030303,3.029518,0.40013702,0.39112756,2.251594e-02
0.212091,3.030303,3.029518,0.39736624,0.38819098,2.309019e-02
0.216303,3.030303,3.029518,0.39462413,0.38529474,2.364122e-02
0.220515,3.030303,3.029518,0.39191029,0.38243912,2.416668e-02
0.224727,3.030303,3.029518,0.38922434,0.37962445,2.466416e-02
0.228939,3.030303,3.029518,0.38656589,0.37685104,2.513117e-02
0.233152,3.030303,3.029518,0.38393458,0.37411924,2.556514e-02
0.237364,3.030303,3.029518,0.38133003,0.37142938,2.596346e-02
0.241576,3.030303,3.029518,0.37875188,0.36878183,2.632342e-02
0.245788,3.030303,3.029518,0.37619977,0.36617697,2.664224e-02
0.250000,3.030303,3.029518,0.37367337,0.36361517,2.691708e-02
-0.167000,3.090909,3.090108,0.84158513,0.81359075,3.326388e-02
-0.162788,3.090909,3.090108,0.83316756,0.80676493,3.168947e-02
-0.158576,3.090909,3.090108,0.82487559,0.80000187,3.015451e-02
-0.154364,3.090909,3.090108,0.81670673,0.79330078,2.865894e-02
-0.150152,3.090909,3.090108,0.80865855,0.78666089,2.720267e-02
-0.145939,3.090909,3.090108,0.80072870,0.78008142,2.578561e-02
-0.141727,3.090909,3.090108,0.79291486,0.77356164,2.440770e-02
-0.137515,3.090909,3.090108,0.78521478,0.76710079,2.306884e-02
-0.133303,3.090909,3.090108,0.77762627,0.76069815,2.176897e-02
-0.129091,3.090909,3.090108,0.77014718,0.75435301,2.050800e-02
-0.124879,3.090909,3.090108,0.76277542,0.74806466,1.928584e-02
-0.120667,3.090909,3.090108,0.75550894,0.74183241,1.810241e-02
-0.116455,3.090909,3.090108,0.74834575,0.73565558,1.695763e-02
-0.112242,3.090909,3.090108,0.74128391,0.72953351,1.585141e-02
-0.108030,3.090909,3.090108,0.73432150,0.72346554,1.478366e-02
-0.103818,3.090909,3.090108,0.72745667,0.71745103,1.375428e-02
-0.099606,3.090909,3.090108,0.72068762,0.71148935,1.276318e-02
-0.095394,3.090909,3.090108,0.71401255,0.70557988,1.181025e-02
-0.091182,3.090909,3.090108,0.70742975,0.69972202,1.089540e-02
-0.086970,3.090909,3.090108,0.70093752,0.69391517,1.001851e-02
-0.082758,3.090909,3.090108,0.69453420,0.68815875,9.179461e-03
-0.078545,3.090909,3.090108,0.68821819,0.68245220,8.378141e-03
-0.074333,3.090909,3.090108,0.68198789,0.67679495,7.614420e-03
-0.070121,3.090909,3.090108,0.67584178,0.67118647,6.888166e-03
-0.065909,3.090909,3.090108,0.66977833,0.66562622,6.199240e-03
-0.061697,3.090909,3.090108,0.66379608,0.66011367,5.547494e-03
-0.057485,3.090909,3.090108,0.65789358,0.65464834,4.932772e-03
-0.053273,3.090909,3.090108,0.65206941,0.64922971,4.354913e-03
-0.049061,3.090909,3.090108,0.64632221,0.64385730,3.813741e-03
-0.044848,3.090909,3.090108,0.64065061,0.63853065,3.309077e-03
-0.040636,3.090909,3.090108,0.63505331,0.63324929,2.840728e-03
-0.036424,3.090909,3.090108,0.62952900,0.62801279,2.408490e-03
-0.032212,3.090909,3.090108,0.62407643,0.62282069,2.012148e-03
-0.028000,3.090909,3.090108,0.61869435,0.61767259,1.651479e-03
-0.023788,3.090909,3.090108,0.61338157,0.61256808,1.326245e-03
-0.019576,3.090909,3.090108,0.60813689,0.60750674,1.036193e-03
-0.015364,3.090909,3.090108,0.60295916,0.60248821,7.810586e-04
-0.011152,3.090909,3.090108,0.59784723,0.59751210,5.605608e-04
-0.006939,3.090909,3.090108,0.59280001,0.59257806,3.744094e-04
-0.002727,3.090909,3.090108,0.58781640,0.58768574,2.222934e-04
0.001485,3.090909,3.090108,0.58289535,0.58283479,1.038867e-04
0.005697,3.090909,3.090108,0.57803580,0.57802491,1.884675e-05
0.009909,3.090909,3.090108,0.57323674,0.57325576,3.318422e-05
0.014121,3.090909,3.090108,0.56849717,0.56852706,5.258831e-05
0.018333,3.090909,3.090108,0.56381610,0.56383852,3.976099e-05
0.022545,3.090909,3.090108,0.55919259,0.55918986,4.884311e-06
0.026758,3.090909,3.090108,0.55462569,0.55458082,8.090590e-05
0.030970,3.090909,3.090108,0.55011448,0.55001114,1.878475e-04
0.035182,3.090909,3.090108,0.54565806,0.54548059,3.252304e-04
0.039394,3.090909,3.090108,0.54125554,0.54098895,4.925457e-04
0.043606,3.090909,3.090108,0.53690607,0.53653599,6.892747e-04
0.047818,3.090909,3.090108,0.53260879,0.53212152,9.148635e-04
0.052030,3.090909,3.090108,0.52836286,0.52774535,1.168734e-03
0.056242,3.090909,3.090108,0.52416749,0.52340729,1.450295e-03
0.060455,3.090909,3.090108,0.52002186,0.51910719,1.758907e-03
0.064667,3.090909,3.090108,0.51592519,0.51484489,2.093924e-03
0.068879,3.090909,3.090108,0.51187672,0.51062024,2.454656e-03
0.073091,3.090909,3.090108,0.50787570,0.50643313,2.840395e-03
0.077303,3.090909,3.090108,0.50392138,0.50228343,3.250397e-03
0.081515,3.090909,3.090108,0.50001304,0.49817104,3.683887e-03
0.085727,3.090909,3.090108,0.49614997,0.49409587,4.140063e-03
0.089939,3.090909,3.090108,0.49233147,0.49005784,4.618087e-03
0.094152,3.090909,3.090108,0.48855687,0.48605688,5.117089e-03
0.098364,3.090909,3.090108,0.48482548,0.48209293,5.636157e-03
0.102576,3.090909,3.090108,0.48113667,0.47816596,6.174359e-03
0.106788,3.090909,3.090108,0.47748977,0.47427592,6.730714e-03
0.111000,3.090909,3.090108,0.47388416,0.47042281,7.304206e-03
0.115212,3.090909,3.090108,0.47031922,0.46660662,7.893788e-03
0.119424,3.090909,3.090108,0.46679433,0.46282735,8.498360e-03
0.123636,3.090909,3.090108,0.46330891,0.45908502,9.116799e-03
0.127848,3.090909,3.090108,0.45986236,0.45537965,9.747926e-03
0.132061,3.090909,3.090108,0.45645411,0.45171131,1.039053e-02
0.136273,3.090909,3.090108,0.45308358,0.44808002,1.104335e-02
0.140485,3.090909,3.090108,0.44975024,0.44448588,1.170508e-02
0.144697,3.090909,3.090108,0.44645353,0.44092894,1.237438e-02
0.148909,3.090909,3.090108,0.44319292,0.43740931,1.304986e-02
0.153121,3.090909,3.090108,0.43996788,0.43392709,1.373006e-02
0.157333,3.090909,3.090108,0.43677790,0.43048240,1.441351e-02
0.161545,3.090909,3.090108,0.43362247,0.42707535,1.509866e-02
0.165758,3.090909,3.090108,0.43050110,0.42370610,1.578392e-02
0.169970,3.090909,3.090108,0.42741329,0.42037479,1.646765e-02
0.174182,3.090909,3.090108,0.42435857,0.41708160,1.714817e-02
0.178394,3.090909,3.090108,0.42133647,0.41382669,1.782371e-02
0.182606,3.090909,3.090108,0.41834652,0.41061025,1.849248e-02
0.186818,3.090909,3.090108,0.41538827,0.40743249,1.915262e-02
0.191030,3.090909,3.090108,0.41246127,0.40429363,1.980220e-02
0.195242,3.090909,3.090108,0.40956509,0.40119388,2.043927e-02
0.199455,3.090909,3.090108,0.40669929,0.39813348,2.106177e-02
0.203667,3.090909,3.090108,0.40386345,0.39511269,2.166762e-02
0.207879,3.090909,3.090108,0.40105715,0.39213177,2.225465e-02
0.212091,3.090909,3.090108,0.39828000,0.38919099,2.282066e-02
0.216303,3.090909,3.090108,0.39553157,0.38629063,2.336334e-02
0.220515,3.090909,3.090108,0.39281149,0.38343101,2.388035e-02
0.224727,3.090909,3.090108,0.39011935,0.38061242,2.436928e-02
0.228939,3.090909,3.090108,0.38745478,0.37783520,2.482762e-02
0.233152,3.090909,3.090108,0.38481741,0.37509968,2.525284e-02
0.237364,3.090909,3.090108,0.38220686,0.37240620,2.564229e-02
0.241576,3.090909,3.090108,0.37962278,0.36975514,2.599329e-02
0.245788,3.090909,3.090108,0.37706480,0.36714685,2.630305e-02
0.250000,3.090909,3.090108,0.37453258,0.36458172,2.656874e-02
-0.167000,3.151515,3.150698,0.84355119,0.81539043,3.338358e-02
-0.162788,3.151515,3.150698,0.83511392,0.80855148,3.180697e-02
-0.158576,3.151515,3.150698,0.82680255,0.80177538,3.026982e-02
-0.154364,3.151515,3.150698,0.81861457,0.79506136,2.877205e-02
-0.150152,3.151515,3.150698,0.81054757,0.78840862,2.731357e-02
-0.145939,3.151515,3.150698,0.80259917,0.78181642,2.589430e-02
-0.141727,3.151515,3.150698,0.79476705,0.77528400,2.451417e-02
-0.137515,3.151515,3.150698,0.78704896,0.76881061,2.317308e-02
-0.133303,3.151515,3.150698,0.77944269,0.76239553,2.187096e-02
-0.129091,3.151515,3.150698,0.77194611,0.75603805,2.060773e-02
-0.124879,3.151515,3.150698,0.76455710,0.74973746,1.938331e-02
-0.120667,3.151515,3.150698,0.75727362,0.74349306,1.819760e-02
-0.116455,3.151515,3.150698,0.75009368,0.73730419,1.705052e-02
-0.112242,3.151515,3.150698,0.74301531,0.73117018,1.594198e-02
-0.108030,3.151515,3.150698,0.73603662,0.72509037,1.487189e-02
-0.103818,3.151515,3.150698,0.72915574,0.71906411,1.384015e-02
-0.099606,3.151515,3.150698,0.72237084,0.71309079,1.284667e-02
-0.095394,3.151515,3.150698,0.71568017,0.70716977,1.189134e-02
-0.091182,3.151515,3.150698,0.70908197,0.70130046,1.097405e-02
-0.086970,3.151515,3.150698,0.70257455,0.69548227,1.009471e-02
-0.082758,3.151515,3.150698,0.69615626,0.68971460,9.253175e-03
-0.078545,3.151515,3.150698,0.68982547,0.68399690,8.449341e-03
-0.074333,3.151515,3.150698,0.68358061,0.67832861,7.683074e-03
-0.070121,3.151515,3.150698,0.67742012,0.67270917,6.954242e-03
-0.065909,3.151515,3.150698,0.67134249,0.66713807,6.262703e-03
-0.061697,3.151515,3.150698,0.66534625,0.66161478,5.608307e-03
-0.057485,3.151515,3.150698,0.65942994,0.65613879,4.990897e-03
-0.053273,3.151515,3.150698,0.65359215,0.65070961,4.410310e-03
-0.049061,3.151515,3.150698,0.64783151,0.64532675,3.866369e-03
-0.044848,3.151515,3.150698,0.64214665,0.63998975,3.358892e-03
-0.040636,3.151515,3.150698,0.63653626,0.63469814,2.887686e-03
-0.036424,3.151515,3.150698,0.63099903,0.62945148,2.452543e-03
-0.032212,3.151515,3.150698,0.62553371,0.62424933,2.053250e-03
-0.028000,3.151515,3.150698,0.62013905,0.61909128,1.689577e-03
-0.023788,3.151515,3.150698,0.61481384,0.61397690,1.361287e-03
-0.019576,3.151515,3.150698,0.60955690,0.60890581,1.068125e-03
-0.015364,3.151515,3.150698,0.60436706,0.60387762,8.098246e-04
-0.011152,3.151515,3.150698,0.59924318,0.59889196,5.861062e-04
-0.006939,3.151515,3.150698,0.59418416,0.59394846,3.966720e-04
-0.002727,3.151515,3.150698,0.58918890,0.58904678,2.412110e-04
0.001485,3.151515,3.150698,0.58425634,0.58418658,1.194000e-04
0.005697,3.151515,3.150698,0.57938543,0.57936753,3.088811e-05
0.009909,3.151515,3.150698,0.57457515,0.57458933,2.468077e-05
0.014121,3.151515,3.150698,0.56982449,0.56985167,4.768924e-05
0.018333,3.151515,3.150698,0.56513248,0.56515426,3.853729e-05
0.022545,3.151515,3.150698,0.56049816,0.56049684,2.358463e-06
0.026758,3.151515,3.150698,0.55592058,0.55587914,7.456020e-05
0.030970,3.151515,3.150698,0.55139883,0.55130090,1.776022e-04
0.035182,3.151515,3.150698,0.54693199,0.54676189,3.110109e-04
0.039394,3.151515,3.150698,0.54251918,0.54226188,4.742736e-04
0.043606,3.151515,3.150698,0.53815954,0.53780066,6.668692e-04
0.047818,3.151515,3.150698,0.53385221,0.53337802,8.882410e-04
0.052030,3.151515,3.150698,0.52959636,0.52899378,1.137817e-03
0.056242,3.151515,3.150698,0.52539118,0.52464776,1.414987e-03
0.060455,3.151515,3.150698,0.52123586,0.52033979,1.719129e-03
0.064667,3.151515,3.150698,0.51712962,0.51606972,2.049581e-03
0.068879,3.151515,3.150698,0.51307169,0.51183741,2.405664e-03
0.073091,3.151515,3.150698,0.50906131,0.50764273,2.786657e-03
0.077303,3.151515,3.150698,0.50509774,0.50348556,3.191825e-03
0.081515,3.151515,3.150698,0.50118027,0.49936580,3.620381e-03
0.085727,3.151515,3.150698,0.49730817,0.49528336,4.071531e-03
0.089939,3.151515,3.150698,0.49348075,0.49123816,4.544430e-03
0.094152,3.151515,3.150698,0.48969732,0.48723013,5.038208e-03
0.098364,3.151515,3.150698,0.48595722,0.48325921,5.551954e-03
0.102576,3.151515,3.150698,0.48225978,0.47932536,6.084730e-03
0.106788,3.151515,3.150698,0.47860436,0.47542855,6.635560e-03
0.111000,3.151515,3.150698,0.47499033,0.47156877,7.203421e-03
0.115212,3.151515,3.150698,0.47141705,0.46774600,7.787263e-03
0.119424,3.151515,3.150698,0.46788393,0.46396025,8.385998e-03
0.123636,3.151515,3.150698,0.46439036,0.46021155,8.998485e-03
0.127848,3.151515,3.150698,0.46093575,0.45649991,9.623555e-03
0.132061,3.151515,3.150698,0.45751953,0.45282538,1.026000e-02
0.136273,3.151515,3.150698,0.45414113,0.44918803,1.090654e-02
0.140485,3.151515,3.150698,0.45080000,0.44558790,1.156189e-02
0.144697,3.151515,3.150698,0.44749559,0.44202509,1.222470e-02
0.148909,3.151515,3.150698,0.44422735,0.43849968,1.289356e-02
0.153121,3.151515,3.150698,0.44099478,0.43501178,1.356705e-02
0.157333,3.151515,3.150698,0.43779734,0.43156150,1.424367e-02
0.161545,3.151515,3.150698,0.43463454,0.42814898,1.492187e-02
0.165758,3.151515,3.150698,0.43150587,0.42477435,1.560008e-02
0.169970,3.151515,3.150698,0.42841085,0.42143776,1.627665e-02
0.174182,3.151515,3.150698,0.42534899,0.41813938,1.694988e-02
0.178394,3.151515,3.150698,0.42231983,0.41487939,1.761804e-02
0.182606,3.151515,3.150698,0.41932289,0.41165797,1.827929e-02
0.186818,3.151515,3.150698,0.41635773,0.40847533,1.893181e-02
0.191030,3.151515,3.150698,0.41342390,0.40533168,1.957367e-02
0.195242,3.151515,3.150698,0.41052095,0.40222724,2.020288e-02
0.199455,3.151515,3.150698,0.40764845,0.39916226,2.081743e-02
0.203667,3.151515,3.150698,0.40480599,0.39613698,2.141521e-02
0.207879,3.151515,3.150698,0.40199314,0.39315167,2.199408e-02
0.212091,3.151515,3.150698,0.39920949,0.39020660,2.255179e-02
0.216303,3.151515,3.150698,0.39645464,0.38730206,2.308608e-02
0.220515,3.151515,3.150698,0.39372820,0.38443835,2.359459e-02
0.224727,3.151515,3.150698,0.39102978,0.38161578,2.407490e-02
0.228939,3.151515,3.150698,0.38835899,0.37883466,2.452453e-02
0.233152,3.151515,3.150698,0.38571545,0.37609535,2.494092e-02
0.237364,3.151515,3.150698,0.38309881,0.37339819,2.532146e-02
0.241576,3.151515,3.150698,0.38050868,0.37074353,2.566343e-02
0.245788,3.151515,3.150698,0.37794473,0.36813175,2.596407e-02
0.250000,3.151515,3.150698,0.37540659,0.36556323,2.622054e-02
-0.167000,3.212121,3.211289,0.84555024,0.81722071,3.350425e-02
-0.162788,3.212121,3.211289,0.83709295,0.81036836,3.192547e-02
-0.158576,3.212121,3.211289,0.82876185,0.80357898,3.038614e-02
-0.154364,3.212121,3.211289,0.82055445,0.79685176,2.888618e-02
-0.150152,3.212121,3.211289,0.81246830,0.79018594,2.742551e-02
-0.145939,3.212121,3.211289,0.80450103,0.78358076,2.600404e-02
-0.141727,3.212121,3.211289,0.79665032,0.77703545,2.462169e-02
-0.137515,3.212121,3.211289,0.78891392,0.77054927,2.327839e-02
-0.133303,3.212121,3.211289,0.78128961,0.76412152,2.197404e-02
-0.129091,3.212121,3.211289,0.77377523,0.75775145,2.070857e-02
-0.124879,3.212121,3.211289,0.76636869,0.75143838,1.948189e-02
-0.120667,3.212121,3.211289,0.75906793,0.74518161,1.829391e-02
-0.116455,3.212121,3.211289,0.75187095,0.73898047,1.714454e-02
-0.112242,3.212121,3.211289,0.74477578,0.73283428,1.603370e-02
-0.108030,3.212121,3.211289,0.73778053,0.72674239,1.496128e-02
-0.103818,3.212121,3.211289,0.73088332,0.72070416,1.392720e-02
-0.099606,3.212121,3.211289,0.72408233,0.71471896,1.293136e-02
-0.095394,3.212121,3.211289,0.71737578,0.70878618,1.197364e-02
-0.091182,3.212121,3.211289,0.71076192,0.70290520,1.105394e-02
-0.086970,3.212121,3.211289,0.70423907,0.69707544,1.017215e-02
-0.082758,3.212121,3.211289,0.69780555,0.69129631,9.328155e-03
-0.078545,3.212121,3.211289,0.69145974,0.68556724,8.521823e-03
-0.074333,3.212121,3.211289,0.68520006,0.67988769,7.753028e-03
-0.070121,3.212121,3.211289,0.67902496,0.67425709,7.021632e-03
-0.065909,3.212121,3.211289,0.67293291,0.66867493,6.327496e-03
-0.061697,3.212121,3.211289,0.66692244,0.66314068,5.670469e-03
-0.057485,3.212121,3.211289,0.66099210,0.65765383,5.050386e-03
-0.053273,3.212121,3.211289,0.65514047,0.65221390,4.467087e-03
-0.049061,3.212121,3.211289,0.64936615,0.64682038,3.920393e-03
-0.044848,3.212121,3.211289,0.64366781,0.64147283,3.410120e-03
-0.040636,3.212121,3.211289,0.63804411,0.63617077,2.936070e-03
-0.036424,3.212121,3.211289,0.63249375,0.63091375,2.498039e-03
-0.032212,3.212121,3.211289,0.62701546,0.62570136,2.095808e-03
-0.028000,3.212121,3.211289,0.62160801,0.62053315,1.729146e-03
-0.023788,3.212121,3.211289,0.61627017,0.61540873,1.397817e-03
-0.019576,3.212121,3.211289,0.61100075,0.61032770,1.101559e-03
-0.015364,3.212121,3.211289,0.60579860,0.60528967,8.401049e-04
-0.011152,3.212121,3.211289,0.60066257,0.60029426,6.131792e-04
-0.006939,3.212121,3.211289,0.59559155,0.59534112,4.204755e-04
-0.002727,3.212121,3.211289,0.59058444,0.59042990,2.616848e-04
0.001485,3.212121,3.211289,0.58564018,0.58556026,1.364787e-04
0.005697,3.212121,3.211289,0.58075772,0.58073187,4.450771e-05
0.009909,3.212121,3.211289,0.57593603,0.57594443,1.458878e-05
0.014121,3.212121,3.211289,0.57117411,0.57119764,4.119256e-05
0.018333,3.212121,3.211289,0.56647098,0.56649120,3.570470e-05
0.022545,3.212121,3.211289,0.56182566,0.56182485,1.451211e-06
0.026758,3.212121,3.211289,0.55723723,0.55719831,6.983951e-05
0.030970,3.212121,3.211289,0.55270475,0.55261134,1.689940e-04
0.035182,3.212121,3.211289,0.54822732,0.54806371,2.984337e-04
0.039394,3.212121,3.211289,0.54380404,0.54355517,4.576528e-04
0.043606,3.212121,3.211289,0.53943406,0.53908553,6.461200e-04
0.047818,3.212121,3.211289,0.53511652,0.53465457,8.632812e-04
0.052030,3.212121,3.211289,0.53085058,0.53026210,1.108559e-03
0.056242,3.212121,3.211289,0.52663543,0.52590796,1.381348e-03
0.060455,3.212121,3.211289,0.52247025,0.52159197,1.681019e-03
0.064667,3.212121,3.211289,0.51835428,0.51731398,2.006913e-03
0.068879,3.212121,3.211289,0.51428672,0.51307386,2.358344e-03
0.073091,3.212121,3.211289,0.51026683,0.50887146,2.734595e-03
0.077303,3.212121,3.211289,0.50629387,0.50470668,3.134922e-03
0.081515,3.212121,3.211289,0.50236710,0.50057941,3.558549e-03
0.085727,3.212121,3.211289,0.49848582,0.49648955,4.004668e-03
0.089939,3.212121,3.211289,0.49464933,0.49243704,4.472439e-03
0.094152,3.212121,3.211289,0.49085693,0.48842180,4.960986e-03
0.098364,3.212121,3.211289,0.48710796,0.48444377,5.469404e-03
0.102576,3.212121,3.211289,0.48340176,0.48050292,5.996749e-03
0.106788,3.212121,3.211289,0.47973767,0.47659921,6.542038e-03
0.111000,3.212121,3.211289,0.47611507,0.47273262,7.104259e-03
0.115212,3.212121,3.211289,0.47253332,0.46890315,7.682356e-03
0.119424,3.212121,3.211289,0.46899182,0.46511081,8.275237e-03
0.123636,3.212121,3.211289,0.46548997,0.46135560,8.881765e-03
0.127848,3.212121,3.211289,0.46202717,0.45763756,9.500764e-03
0.132061,3.212121,3.211289,0.45860286,0.45395674,1.013102e-02
0.136273,3.212121,3.211289,0.45521645,0.45031319,1.077128e-02
0.140485,3.212121,3.211289,0.45186740,0.44670697,1.142022e-02
0.144697,3.212121,3.211289,0.44855515,0.44313816,1.207652e-02
0.148909,3.212121,3.211289,0.44527917,0.43960687,1.273876e-02
0.153121,3.212121,3.211289,0.44203893,0.43611318,1.340551e-02
0.157333,3.212121,3.211289,0.43883392,0.43265721,1.407527e-02
0.161545,3.212121,3.211289,0.43566362,0.42923910,1.474651e-02
0.165758,3.212121,3.211289,0.43252753,0.42585898,1.541764e-02
0.169970,3.212121,3.211289,0.42942517,0.42251701,1.608700e-02
0.174182,3.212121,3.211289,0.42635606,0.41921335,1.675293e-02
0.178394,3.212121,3.211289,0.42331972,0.41594817,1.741365e-02
0.182606,3.212121,3.211289,0.42031568,0.41272167,1.806737e-02
0.186818,3.212121,3.211289,0.41734348,0.40953405,1.871224e-02
0.191030,3.212121,3.211289,0.41440269,0.40638553,1.934632e-02
0.195242,3.212121,3.211289,0.41149286,0.40327631,1.996766e-02
0.199455,3.212121,3.211289,0.40861356,0.40020666,2.057422e-02
0.203667,3.212121,3.211289,0.40576436,0.39717681,2.116389e-02
0.207879,3.212121,3.211289,0.40294484,0.39418703,2.173453e-02
0.212091,3.212121,3.211289,0.40015460,0.39123759,2.228392e-02
0.216303,3.212121,3.211289,0.39739323,0.38832878,2.280977e-02
0.220515,3.212121,3.211289,0.39466032,0.38546090,2.330973e-02
0.224727,3.212121,3.211289,0.39195550,0.38263426,2.378138e-02
0.228939,3.212121,3.211289,0.38927838,0.37984918,2.422225e-02
0.233152,3.212121,3.211289,0.38662858,0.37710600,2.462978e-02
0.237364,3.212121,3.211289,0.38400573,0.37440507,2.500134e-02
0.241576,3.212121,3.211289,0.38140947,0.37174675,2.533424e-02
0.245788,3.212121,3.211289,0.37883944,0.36913141,2.562571e-02
0.250000,3.212121,3.211289,0.37629529,0.36655944,2.587290e-02
-0.167000,3.272727,3.271879,0.84758203,0.81908133,3.362589e-02
-0.162788,3.272727,3.271879,0.83910439,0.81221534,3.204495e-02
-0.158576,3.272727,3.271879,0.83075324,0.80541241,3.050345e-02
-0.154364,3.272727,3.271879,0.82252609,0.79867175,2.900131e-02
-0.150152,3.272727,3.271879,0.81442048,0.79199260,2.753846e-02
-0.145939,3.272727,3.271879,0.80643404,0.78537417,2.611481e-02
-0.141727,3.272727,3.271879,0.79856445,0.77881573,2.473027e-02
-0.137515,3.272727,3.271879,0.79080943,0.77231654,2.338476e-02
-0.133303,3.272727,3.271879,0.78316677,0.76587585,2.207820e-02
-0.129091,3.272727,3.271879,0.77563431,0.75949297,2.081050e-02
-0.124879,3.272727,3.271879,0.76820995,0.75316718,1.958158e-02
-0.120667,3.272727,3.271879,0.76089162,0.74689780,1.839135e-02
-0.116455,3.272727,3.271879,0.75367733,0.74068414,1.723972e-02
-0.112242,3.272727,3.271879,0.74656509,0.73452555,1.612659e-02
-0.108030,3.272727,3.271879,0.73955301,0.72842135,1.505187e-02
-0.103818,3.272727,3.271879,0.73263921,0.72237093,1.401547e-02
-0.099606,3.272727,3.271879,0.72582186,0.71637363,1.301728e-02
-0.095394,3.272727,3.271879,0.71909917,0.71042885,1.205719e-02
-0.091182,3.272727,3.271879,0.71246940,0.70453599,1.113510e-02
-0.086970,3.272727,3.271879,0.70593085,0.69869444,1.025089e-02
-0.082758,3.272727,3.271879,0.69948186,0.69290362,9.404440e-03
-0.078545,3.272727,3.271879,0.69312078,0.68716298,8.595629e-03
-0.074333,3.272727,3.271879,0.68684605,0.68147194,7.824324e-03
-0.070121,3.272727,3.271879,0.68065609,0.67582997,7.090386e-03
-0.065909,3.272727,3.271879,0.67454939,0.67023654,6.393673e-03
-0.061697,3.272727,3.271879,0.66852446,0.66469112,5.734029e-03
-0.057485,3.272727,3.271879,0.66257985,0.65919321,5.111296e-03
-0.053273,3.272727,3.271879,0.65671414,0.65374231,4.525304e-03
-0.049061,3.272727,3.271879,0.65092594,0.64833794,3.975877e-03
-0.044848,3.272727,3.271879,0.64521389,0.64297963,3.462825e-03
-0.040636,3.272727,3.271879,0.63957666,0.63766692,2.985954e-03
-0.036424,3.272727,3.271879,0.63401295,0.63239936,2.545052e-03
-0.032212,3.272727,3.271879,0.62852149,0.62717652,2.139901e-03
-0.028000,3.272727,3.271879,0.62310103,0.62199797,1.770271e-03
-0.023788,3.272727,3.271879,0.61775035,0.61686332,1.435915e-03
-0.019576,3.272727,3.271879,0.61246827,0.61177215,1.136580e-03
-0.015364,3.272727,3.271879,0.60725360,0.60672408,8.719954e-04
-0.011152,3.272727,3.271879,0.60210522,0.60171875,6.418753e-04
-0.006939,3.272727,3.271879,0.59702201,0.59675578,4.459200e-04
-0.002727,3.272727,3.271879,0.59200286,0.59183484,2.838137e-04
0.001485,3.272727,3.271879,0.58704671,0.58695558,1.552320e-04
0.005697,3.272727,3.271879,0.58215250,0.58211768,5.981717e-05
0.009909,3.272727,3.271879,0.57731922,0.57732083,2.791918e-06
0.014121,3.272727,3.271879,0.57254584,0.57256472,3.297718e-05
0.018333,3.272727,3.271879,0.56783140,0.56784908,3.114214e-05
0.022545,3.272727,3.271879,0.56317492,0.56317363,2.290183e-06
0.026758,3.272727,3.271879,0.55857545,0.55853809,6.687645e-05
0.030970,3.272727,3.271879,0.55403207,0.55394223,1.621565e-04
0.035182,3.272727,3.271879,0.54954387,0.54938580,2.876417e-04
0.039394,3.272727,3.271879,0.54510996,0.54486858,4.428203e-04
0.043606,3.272727,3.271879,0.54072947,0.54039034,6.271713e-04
0.047818,3.272727,3.271879,0.53640155,0.53595090,8.401307e-04
0.052030,3.272727,3.271879,0.53212536,0.53155006,1.081123e-03
0.056242,3.272727,3.271879,0.52790007,0.52718764,1.349540e-03
0.060455,3.272727,3.271879,0.52372488,0.52286348,1.644747e-03
0.064667,3.272727,3.271879,0.51959900,0.51857743,1.966089e-03
0.068879,3.272727,3.271879,0.51552167,0.51432933,2.312874e-03
0.073091,3.272727,3.271879,0.51149212,0.51011907,2.684386e-03
0.077303,3.272727,3.271879,0.50750960,0.50594653,3.079881e-03
0.081515,3.272727,3.271879,0.50357340,0.50181161,3.498577e-03
0.085727,3.272727,3.271879,0.49968278,0.49771420,3.939665e-03
0.089939,3.272727,3.271879,0.49583707,0.49365424,4.402309e-03
0.094152,3.272727,3.271879,0.49203555,0.48963165,4.885627e-03
0.098364,3.272727,3.271879,0.48827757,0.48564638,5.388713e-03
0.102576,3.272727,3.271879,0.48456245,0.48169839,5.910621e-03
0.106788,3.272727,3.271879,0.48088956,0.47778764,6.450372e-03
0.111000,3.272727,3.271879,0.47725825,0.47391412,7.006950e-03
0.115212,3.272727,3.271879,0.47366789,0.47007782,7.579294e-03
0.119424,3.272727,3.271879,0.47011788,0.46627875,8.166310e-03
0.123636,3.272727,3.271879,0.46660761,0.46251692,8.766869e-03
0.127848,3.272727,3.271879,0.46313649,0.45879237,9.379788e-03
0.132061,3.272727,3.271879,0.45970394,0.45510513,1.000386e-02
0.136273,3.272727,3.271879,0.45630939,0.45145526,1.063781e-02
0.140485,3.272727,3.271879,0.45295229,0.44784283,1.128034e-02
0.144697,3.272727,3.271879,0.44963208,0.44426792,1.193010e-02
0.148909,3.272727,3.271879,0.44634822,0.44073062,1.258570e-02
0.153121,3.272727,3.271879,0.44310020,0.43723103,1.324569e-02
0.157333,3.272727,3.271879,0.43988748,0.43376927,1.390858e-02
0.161545,3.272727,3.271879,0.43670956,0.43034546,1.457284e-02
0.165758,3.272727,3.271879,0.43356594,0.42695976,1.523686e-02
0.169970,3.272727,3.271879,0.43045612,0.42361230,1.589902e-02
0.174182,3.272727,3.271879,0.42737963,0.42030325,1.655760e-02
0.178394,3.272727,3.271879,0.42433599,0.41703280,1.721088e-02
0.182606,3.272727,3.271879,0.42132473,0.41380112,1.785704e-02
0.186818,3.272727,3.271879,0.41834540,0.41060843,1.849421e-02
0.191030,3.272727,3.271879,0.41539754,0.40745493,1.912051e-02
0.195242,3.272727,3.271879,0.41248072,0.40434085,1.973393e-02
0.199455,3.272727,3.271879,0.40959449,0.40126643,2.033246e-02
0.203667,3.272727,3.271879,0.40673845,0.39823192,2.091400e-02
0.207879,3.272727,3.271879,0.40391215,0.39523758,2.147638e-02
0.212091,3.272727,3.271879,0.40111520,0.39228369,2.201740e-02
0.216303,3.272727,3.271879,0.39834719,0.38937053,2.253478e-02
0.220515,3.272727,3.271879,0.39560772,0.38649840,2.302614e-02
0.224727,3.272727,3.271879,0.39289640,0.38366762,2.348910e-02
0.228939,3.272727,3.271879,0.39021284,0.38087850,2.392117e-02
0.233152,3.272727,3.271879,0.38755668,0.37813138,2.431978e-02
0.237364,3.272727,3.271879,0.38492753,0.37542662,2.468233e-02
0.241576,3.272727,3.271879,0.38232503,0.37276457,2.500610e-02
0.245788,3.272727,3.271879,0.37974882,0.37014560,2.528834e-02
0.250000,3.272727,3.271879,0.37719856,0.36757010,2.552622e-02
-0.167000,3.333333,3.332469,0.84964630,0.82097203,3.374848e-02
-0.162788,3.333333,3.332469,0.84114798,0.81409214,3.216538e-02
-0.158576,3.333333,3.332469,0.83277647,0.80727541,3.062173e-02
-0.154364,3.333333,3.332469,0.82452925,0.80052107,2.911744e-02
-0.150152,3.333333,3.332469,0.81640387,0.79382832,2.765243e-02
-0.145939,3.333333,3.332469,0.80839796,0.78719642,2.622661e-02
-0.141727,3.333333,3.332469,0.80050917,0.78062461,2.483989e-02
-0.137515,3.333333,3.332469,0.79273523,0.77411214,2.349220e-02
-0.133303,3.333333,3.332469,0.78507394,0.76765829,2.218345e-02
-0.129091,3.333333,3.332469,0.77752311,0.76126235,2.091355e-02
-0.124879,3.333333,3.332469,0.77008065,0.75492360,1.968241e-02
-0.120667,3.333333,3.332469,0.76274448,0.74864137,1.848995e-02
-0.116455,3.333333,3.332469,0.75551259,0.74241497,1.733606e-02
-0.112242,3.333333,3.332469,0.74838301,0.73624374,1.622067e-02
-0.108030,3.333333,3.332469,0.74135383,0.73012701,1.514367e-02
-0.103818,3.333333,3.332469,0.73442317,0.72406415,1.410497e-02
-0.099606,3.333333,3.332469,0.72758919,0.71805454,1.310445e-02
-0.095394,3.333333,3.332469,0.72085011,0.71209754,1.214201e-02
-0.091182,3.333333,3.332469,0.71420418,0.70619256,1.121755e-02
-0.086970,3.333333,3.332469,0.70764969,0.70033900,1.033094e-02
-0.082758,3.333333,3.332469,0.70118497,0.69453628,9.482070e-03
-0.078545,3.333333,3.332469,0.69480839,0.68878384,8.670803e-03
-0.074333,3.333333,3.332469,0.68851835,0.68308111,7.897012e-03
-0.070121,3.333333,3.332469,0.68231330,0.67742756,7.160554e-03
-0.065909,3.333333,3.332469,0.67619171,0.67182264,6.461286e-03
-0.061697,3.333333,3.332469,0.67015210,0.66626585,5.799050e-03
-0.057485,3.333333,3.332469,0.66419300,0.66075667,5.173688e-03
-0.053273,3.333333,3.332469,0.65831299,0.65529460,4.585028e-03
-0.049061,3.333333,3.332469,0.65251068,0.64987917,4.032888e-03
-0.044848,3.333333,3.332469,0.64678470,0.64450991,3.517083e-03
-0.040636,3.333333,3.332469,0.64113373,0.63918634,3.037410e-03
-0.036424,3.333333,3.332469,0.63555646,0.63390804,2.593660e-03
-0.032212,3.333333,3.332469,0.63005161,0.62867456,2.185613e-03
-0.028000,3.333333,3.332469,0.62461793,0.62348548,1.813033e-03
-0.023788,3.333333,3.332469,0.61925421,0.61834039,1.475678e-03
-0.019576,3.333333,3.332469,0.61395925,0.61323890,1.173288e-03
-0.015364,3.333333,3.332469,0.60873188,0.60818061,9.055889e-04
-0.011152,3.333333,3.332469,0.60357095,0.60316517,6.722990e-04
-0.006939,3.333333,3.332469,0.59847534,0.59819219,4.731115e-04
-0.002727,3.333333,3.332469,0.59344396,0.59326135,3.077127e-04
0.001485,3.333333,3.332469,0.58847572,0.58837229,1.757688e-04
0.005697,3.333333,3.332469,0.58356959,0.58352470,7.693248e-05
0.009909,3.333333,3.332469,0.57872453,0.57871826,1.083153e-05
0.014121,3.333333,3.332469,0.57393952,0.57395267,2.291459e-05
0.018333,3.333333,3.332469,0.56921358,0.56922765,2.471660e-05
0.022545,3.333333,3.332469,0.56454575,0.56454292,5.008269e-06
0.026758,3.333333,3.332469,0.55993507,0.55989822,6.581134e-05
0.030970,3.333333,3.332469,0.55538062,0.55529330,1.572311e-04
0.035182,3.333333,3.332469,0.55088148,0.55072791,2.787752e-04
0.039394,3.333333,3.332469,0.54643677,0.54620184,4.299372e-04
0.043606,3.333333,3.332469,0.54204561,0.54171486,6.101831e-04
0.047818,3.333333,3.332469,0.53770714,0.53726678,8.189553e-04
0.052030,3.333333,3.332469,0.53342052,0.53285740,1.055673e-03
0.056242,3.333333,3.332469,0.52918493,0.52848655,1.319728e-03
0.060455,3.333333,3.332469,0.52499957,0.52415407,1.610484e-03
0.064667,3.333333,3.332469,0.52086364,0.51985979,1.927283e-03
0.068879,3.333333,3.332469,0.51677637,0.51560358,2.269433e-03
0.073091,3.333333,3.332469,0.51273700,0.51138531,2.636215e-03
0.077303,3.333333,3.332469,0.50874478,0.50720487,3.026882e-03
0.081515,3.333333,3.332469,0.50479898,0.50306214,3.440655e-03
0.085727,3.333333,3.332469,0.50089889,0.49895704,3.876726e-03
0.089939,3.333333,3.332469,0.49704380,0.49488949,4.334241e-03
0.094152,3.333333,3.332469,0.49323303,0.49085942,4.812336e-03
0.098364,3.333333,3.332469,0.48946589,0.48686678,5.310093e-03
0.102576,3.333333,3.332469,0.48574172,0.48291151,5.826570e-03
0.106788,3.333333,3.332469,0.48205988,0.47899360,6.360783e-03
0.111000,3.333333,3.332469,0.47841972,0.47511301,6.911715e-03
0.115212,3.333333,3.332469,0.47482061,0.47126976,7.478305e-03
0.119424,3.333333,3.332469,0.47126195,0.46746383,8.059462e-03
0.123636,3.333333,3.332469,0.46774313,0.46369526,8.654048e-03
0.127848,3.333333,3.332469,0.46426355,0.45996406,9.260882e-03
0.132061,3.333333,3.332469,0.46082264,0.45627028,9.878755e-03
0.136273,3.333333,3.332469,0.45741982,0.45261399,1.050640e-02
0.140485,3.333333,3.332469,0.45405454,0.44899523,1.114250e-02
0.144697,3.333333,3.332469,0.45072624,0.44541410,1.178573e-02
0.148909,3.333333,3.332469,0.44743439,0.44187068,1.243468e-02
0.153121,3.333333,3.332469,0.44417845,0.43836508,1.308790e-02
0.157333,3.333333,3.332469,0.44095790,0.43489742,1.374390e-02
0.161545,3.333333,3.332469,0.43777224,0.43146781,1.440116e-02
0.165758,3.333333,3.332469,0.43462096,0.42807641,1.505806e-02
0.169970,3.333333,3.332469,0.43150357,0.42472336,1.571298e-02
0.174182,3.333333,3.332469,0.42841958,0.42140883,1.636422e-02
0.178394,3.333333,3.332469,0.42536853,0.41813300,1.701002e-02
0.182606,3.333333,3.332469,0.42234993,0.41489605,1.764859e-02
0.186818,3.333333,3.332469,0.41936334,0.41169819,1.827807e-02
0.191030,3.333333,3.332469,0.41640830,0.40853963,1.889654e-02
0.195242,3.333333,3.332469,0.41348437,0.40542059,1.950203e-02
0.199455,3.333333,3.332469,0.41059112,0.40234132,2.009250e-02
0.203667,3.333333,3.332469,0.40772812,0.39930206,2.066587e-02
0.207879,3.333333,3.332469,0.40489494,0.39630308,2.121998e-02
0.212091,3.333333,3.332469,0.40209118,0.39334465,2.175260e-02
0.216303,3.333333,3.332469,0.39931642,0.39042706,2.226146e-02
0.220515,3.333333,3.332469,0.39657028,0.38755060,2.274421e-02
0.224727,3.333333,3.332469,0.39385236,0.38471560,2.319844e-02
0.228939,3.333333,3.332469,0.39116226,0.38192236,2.362165e-02
0.233152,3.333333,3.332469,0.38849963,0.37917124,2.401132e-02
0.237364,3.333333,3.332469,0.38586407,0.37646257,2.436480e-02
0.241576,3.333333,3.332469,0.38325524,0.37379672,2.467942e-02
0.245788,3.333333,3.332469,0.38067276,0.37117406,2.495240e-02
0.250000,3.333333,3.332469,0.37811628,0.36859497,2.518091e-02
-0.167000,3.393939,3.393060,0.85174278,0.82289256,3.387199e-02
-0.162788,3.393939,3.393060,0.84322346,0.81599851,3.228676e-02
-0.158576,3.393939,3.393060,0.83483127,0.80916773,3.074098e-02
-0.154364,3.393939,3.393060,0.82656367,0.80239944,2.923456e-02
-0.150152,3.393939,3.393060,0.81841822,0.79569287,2.776740e-02
-0.145939,3.393939,3.393060,0.81039252,0.78904724,2.633944e-02
-0.141727,3.393939,3.393060,0.80248424,0.78246180,2.495057e-02
-0.137515,3.393939,3.393060,0.79469110,0.77593582,2.360072e-02
-0.133303,3.393939,3.393060,0.78701088,0.76946856,2.228980e-02
-0.129091,3.393939,3.393060,0.77944140,0.76305932,2.101771e-02
-0.124879,3.393939,3.393060,0.77198054,0.75670739,1.978438e-02
-0.120667,3.393939,3.393060,0.76462625,0.75041207,1.858971e-02
-0.116455,3.393939,3.393060,0.75737649,0.74417269,1.743360e-02
-0.112242,3.393939,3.393060,0.75022930,0.73798858,1.631597e-02
-0.108030,3.393939,3.393060,0.74318276,0.73185909,1.523671e-02
-0.103818,3.393939,3.393060,0.73623497,0.72578358,1.419573e-02
-0.099606,3.393939,3.393060,0.72938411,0.71976141,1.319291e-02
-0.095394,3.393939,3.393060,0.72262839,0.71379198,1.222815e-02
-0.091182,3.393939,3.393060,0.71596604,0.70787466,1.130135e-02
-0.086970,3.393939,3.393060,0.70939536,0.70200887,1.041237e-02
-0.082758,3.393939,3.393060,0.70291467,0.69619404,9.561092e-03
-0.078545,3.393939,3.393060,0.69652234,0.69042958,8.747396e-03
-0.074333,3.393939,3.393060,0.69021676,0.68471495,7.971143e-03
-0.070121,3.393939,3.393060,0.68399638,0.67904959,7.232191e-03
-0.065909,3.393939,3.393060,0.67785968,0.67343298,6.530395e-03
-0.061697,3.393939,3.393060,0.67180514,0.66786460,5.865596e-03
-0.057485,3.393939,3.393060,0.66583132,0.66234395,5.237630e-03
-0.053273,3.393939,3.393060,0.65993679,0.65687051,4.646326e-03
-0.049061,3.393939,3.393060,0.65412015,0.65144382,4.091502e-03
-0.044848,3.393939,3.393060,0.64838003,0.64606339,3.572968e-03
-0.040636,3.393939,3.393060,0.64271510,0.64072878,3.090519e-03
-0.036424,3.393939,3.393060,0.63712406,0.63543953,2.643948e-03
-0.032212,3.393939,3.393060,0.63160561,0.63019522,2.233029e-03
-0.028000,3.393939,3.393060,0.62615852,0.62499541,1.857529e-03
-0.023788,3.393939,3.393060,0.62078155,0.61983970,1.517197e-03
-0.019576,3.393939,3.393060,0.61547351,0.61472770,1.211777e-03
-0.015364,3.393939,3.393060,0.61023323,0.60965900,9.409909e-04
-0.011152,3.393939,3.393060,0.60505955,0.60463326,7.045524e-04
-0.006939,3.393939,3.393060,0.59995136,0.59965009,5.021597e-04
-0.002727,3.393939,3.393060,0.59490756,0.59470916,3.334906e-04
0.001485,3.393939,3.393060,0.58992705,0.58981012,1.982129e-04
0.005697,3.393939,3.393060,0.58500881,0.58495266,9.597225e-05
0.009909,3.393939,3.393060,0.58015178,0.58013646,2.640393e-05
0.014121,3.393939,3.393060,0.57535496,0.57536122,1.088303e-05
0.018333,3.393939,3.393060,0.57061735,0.57062665,1.629279e-05
0.022545,3.393939,3.393060,0.56593799,0.56593248,9.743618e-06
0.026758,3.393939,3.393060,0.56131593,0.56127844,6.678602e-05
0.030970,3.393939,3.393060,0.55675023,0.55666429,1.543615e-04
0.035182,3.393939,3.393060,0.55223999,0.55208978,2.719891e-04
0.039394,3.393939,3.393060,0.54778430,0.54755469,4.191509e-04
0.043606,3.393939,3.393060,0.54338229,0.54305881,5.953134e-04
0.047818,3.393939,3.393060,0.53903311,0.53860193,7.999141e-04
0.052030,3.393939,3.393060,0.53473591,0.53418386,1.032376e-03
0.056242,3.393939,3.393060,0.53048987,0.52980443,1.292085e-03
0.060455,3.393939,3.393060,0.52629417,0.52546346,1.578407e-03
0.064667,3.393939,3.393060,0.52214803,0.52116082,1.890680e-03
0.068879,3.393939,3.393060,0.51805067,0.51689634,2.228208e-03
0.073091,3.393939,3.393060,0.51400132,0.51266992,2.590275e-03
0.077303,3.393939,3.393060,0.50999925,0.50848143,2.976127e-03
0.081515,3.393939,3.393060,0.50604371,0.50433076,3.384990e-03
0.085727,3.393939,3.393060,0.50213399,0.50021782,3.816046e-03
0.089939,3.393939,3.393060,0.49826939,0.49614255,4.268453e-03
0.094152,3.393939,3.393060,0.49444920,0.49210485,4.741330e-03
0.098364,3.393939,3.393060,0.49067276,0.48810470,5.233767e-03
0.102576,3.393939,3.393060,0.48693940,0.48414202,5.744818e-03
0.106788,3.393939,3.393060,0.48324847,0.48021681,6.273499e-03
0.111000,3.393939,3.393060,0.47959932,0.47632904,6.818790e-03
0.115212,3.393939,3.393060,0.47599134,0.47247869,7.379633e-03
0.119424,3.393939,3.393060,0.47242389,0.46866579,7.954929e-03
0.123636,3.393939,3.393060,0.46889638,0.46489034,8.543541e-03
0.127848,3.393939,3.393060,0.46540821,0.46115238,9.144293e-03
0.132061,3.393939,3.393060,0.46195881,0.45745195,9.755968e-03
0.136273,3.393939,3.393060,0.45854759,0.45378911,1.037730e-02
0.140485,3.393939,3.393060,0.45517400,0.45016391,1.100698e-02
0.144697,3.393939,3.393060,0.45183749,0.44657644,1.164367e-02
0.148909,3.393939,3.393060,0.44853751,0.44302680,1.228595e-02
0.153121,3.393939,3.393060,0.44527354,0.43951508,1.293240e-02
0.157333,3.393939,3.393060,0.44204504,0.43604140,1.358152e-02
0.161545,3.393939,3.393060,0.43885152,0.43260589,1.423176e-02
0.165758,3.393939,3.393060,0.43569246,0.42920869,1.488154e-02
0.169970,3.393939,3.393060,0.43256738,0.42584995,1.552921e-02
0.174182,3.393939,3.393060,0.42947578,0.42252983,1.617308e-02
0.178394,3.393939,3.393060,0.42641719,0.41924852,1.681140e-02
0.182606,3.393939,3.393060,0.42339115,0.41600620,1.744237e-02
0.186818,3.393939,3.393060,0.42039718,0.41280308,1.806412e-02
0.191030,3.393939,3.393060,0.41743486,0.40963936,1.867476e-02
0.195242,3.393939,3.393060,0.41450371,0.40651528,1.927229e-02
0.199455,3.393939,3.393060,0.41160332,0.40343106,1.985469e-02
0.203667,3.393939,3.393060,0.40873325,0.40038697,2.041987e-02
0.207879,3.393939,3.393060,0.40589308,0.39738326,2.096566e-02
0.212091,3.393939,3.393060,0.40308240,0.39442021,2.148986e-02
0.216303,3.393939,3.393060,0.40030079,0.39149810,2.199019e-02
0.220515,3.393939,3.393060,0.39754787,0.38861724,2.246429e-02
0.224727,3.393939,3.393060,0.39482324,0.38577794,2.290975e-02
0.228939,3.393939,3.393060,0.39212652,0.38298052,2.332411e-02
0.233152,3.393939,3.393060,0.38945731,0.38022531,2.370479e-02
0.237364,3.393939,3.393060,0.38681525,0.37751266,2.404918e-02
0.241576,3.393939,3.393060,0.38419998,0.37484294,2.435461e-02
0.245788,3.393939,3.393060,0.38161112,0.37221651,2.461829e-02
0.250000,3.393939,3.393060,0.37904834,0.36963377,2.483739e-02
-0.167000,3.454545,3.453650,0.85387121,0.82484264,3.399642e-02
-0.162788,3.454545,3.453650,0.84533057,0.81793418,3.240909e-02
-0.158576,3.454545,3.453650,0.83691737,0.81108910,3.086120e-02
-0.154364,3.454545,3.453650,0.82862909,0.80430662,2.935266e-02
-0.150152,3.454545,3.453650,0.82046326,0.79758596,2.788339e-02
-0.145939,3.454545,3.453650,0.81241748,0.79092635,2.645330e-02
-0.141727,3.454545,3.453650,0.80448941,0.78432705,2.506231e-02
-0.137515,3.454545,3.453650,0.79667677,0.77778731,2.371032e-02
-0.133303,3.454545,3.453650,0.78897733,0.77130641,2.239725e-02
-0.129091,3.454545,3.453650,0.78138891,0.76488363,2.112301e-02
-0.124879,3.454545,3.453650,0.77390939,0.75851826,1.988751e-02
-0.120667,3.454545,3.453650,0.76653670,0.75220962,1.869066e-02
-0.116455,3.454545,3.453650,0.75926880,0.74595703,1.753236e-02
-0.112242,3.454545,3.453650,0.75210373,0.73975982,1.641251e-02
-0.108030,3.454545,3.453650,0.74503956,0.73361734,1.533102e-02
-0.103818,3.454545,3.453650,0.73807439,0.72752894,1.428779e-02
-0.099606,3.454545,3.453650,0.73120640,0.72149400,1.328270e-02
-0.095394,3.454545,3.453650,0.72443377,0.71551190,1.231565e-02
-0.091182,3.454545,3.453650,0.71775475,0.70958202,1.138652e-02
-0.086970,3.454545,3.453650,0.71116763,0.70370379,1.049520e-02
-0.082758,3.454545,3.453650,0.70467073,0.69787661,9.641555e-03
-0.078545,3.454545,3.453650,0.69826241,0.69209992,8.825460e-03
-0.074333,3.454545,3.453650,0.69194106,0.68637317,8.046774e-03
-0.070121,3.454545,3.453650,0.68570513,0.68069580,7.305360e-03
-0.065909,3.454545,3.453650,0.67955307,0.67506729,6.601064e-03
-0.061697,3.454545,3.453650,0.67348339,0.66948712,5.933729e-03
-0.057485,3.454545,3.453650,0.66749463,0.66395478,5.303190e-03
-0.053273,3.454545,3.453650,0.66158535,0.65846976,4.709273e-03
-0.049061,3.454545,3.453650,0.65575416,0.65303160,4.151793e-03
-0.044848,3.454545,3.453650,0.64999969,0.64763982,3.630560e-03
-0.040636,3.454545,3.453650,0.64432059,0.64229396,3.145368e-03
-0.036424,3.454545,3.453650,0.63871556,0.63699358,2.696003e-03
-0.032212,3.454545,3.453650,0.63318331,0.63173823,2.282245e-03
-0.028000,3.454545,3.453650,0.62772259,0.62652750,1.903849e-03
-0.023788,3.454545,3.453650,0.62233218,0.62136098,1.560573e-03
-0.019576,3.454545,3.453650,0.61701086,0.61623827,1.252150e-03
-0.015364,3.454545,3.453650,0.61175747,0.61115899,9.783054e-04
-0.011152,3.454545,3.453650,0.60657086,0.60612275,7.387509e-04
-0.006939,3.454545,3.453650,0.60144989,0.60112921,5.331791e-04
-0.002727,3.454545,3.453650,0.59639347,0.59617801,3.612683e-04
0.001485,3.454545,3.453650,0.59140052,0.59126882,2.226842e-04
0.005697,3.454545,3.453650,0.58646997,0.58640131,1.170710e-04
0.009909,3.454545,3.453650,0.58160079,0.58157517,4.405998e-05
0.014121,3.454545,3.453650,0.57679198,0.57679010,3.259950e-06
0.018333,3.454545,3.453650,0.57204252,0.57204581,5.739440e-06
0.022545,3.454545,3.453650,0.56735146,0.56734202,1.663985e-05
0.026758,3.454545,3.453650,0.56271784,0.56267848,6.994339e-05
0.030970,3.454545,3.453650,0.55814073,0.55805494,1.537065e-04
0.035182,3.454545,3.453650,0.55361921,0.55347115,2.674382e-04
0.039394,3.454545,3.453650,0.54915237,0.54892688,4.106198e-04
0.043606,3.454545,3.453650,0.54473936,0.54442193,5.827210e-04
0.047818,3.454545,3.453650,0.54037931,0.53995609,7.831782e-04
0.052030,3.454545,3.453650,0.53607136,0.53552917,1.011404e-03
0.056242,3.454545,3.453650,0.53181470,0.53114100,1.266791e-03
0.060455,3.454545,3.453650,0.52760851,0.52679141,1.548698e-03
0.064667,3.454545,3.453650,0.52345201,0.52248024,1.856460e-03
0.068879,3.454545,3.453650,0.51934440,0.51820735,2.189388e-03
0.073091,3.454545,3.453650,0.51528493,0.51397263,2.546759e-03
0.077303,3.454545,3.453650,0.51127285,0.50977594,2.927814e-03
0.081515,3.454545,3.453650,0.50730742,0.50561719,3.331781e-03
0.085727,3.454545,3.453650,0.50338793,0.50149628,3.757840e-03
0.089939,3.454545,3.453650,0.49951366,0.49741313,4.205150e-03
0.094152,3.454545,3.453650,0.49568393,0.49336768,4.672825e-03
0.098364,3.454545,3.453650,0.49189805,0.48935987,5.159956e-03
0.102576,3.454545,3.453650,0.48815535,0.48538966,5.665595e-03
0.106788,3.454545,3.453650,0.48445519,0.48145702,6.188754e-03
0.111000,3.454545,3.453650,0.48079692,0.47756192,6.728415e-03
0.115212,3.454545,3.453650,0.47717992,0.47370437,7.283517e-03
0.119424,3.454545,3.453650,0.47360355,0.46988436,7.852961e-03
0.123636,3.454545,3.453650,0.47006722,0.46610192,8.435611e-03
0.127848,3.454545,3.453650,0.46657034,0.46235708,9.030286e-03
0.132061,3.454545,3.453650,0.46311231,0.45864987,9.635765e-03
0.136273,3.454545,3.453650,0.45969257,0.45498035,1.025079e-02
0.140485,3.454545,3.453650,0.45631054,0.45134860,1.087405e-02
0.144697,3.454545,3.453650,0.45296569,0.44775469,1.150420e-02
0.148909,3.454545,3.453650,0.44965746,0.44419870,1.213982e-02
0.153121,3.454545,3.453650,0.44638533,0.44068075,1.277949e-02
0.157333,3.454545,3.453650,0.44314877,0.43720095,1.342172e-02
0.161545,3.454545,3.453650,0.43994726,0.43375943,1.406494e-02
0.165758,3.454545,3.453650,0.43678031,0.43035632,1.470759e-02
0.169970,3.454545,3.453650,0.43364741,0.42699179,1.534801e-02
0.174182,3.454545,3.453650,0.43054809,0.42366599,1.598451e-02
0.178394,3.454545,3.453650,0.42748186,0.42037910,1.661534e-02
0.182606,3.454545,3.453650,0.42444825,0.41713131,1.723869e-02
0.186818,3.454545,3.453650,0.42144680,0.41392283,1.785272e-02
0.191030,3.454545,3.453650,0.41847707,0.41075386,1.845550e-02
0.195242,3.454545,3.453650,0.41553860,0.40762464,1.904506e-02
0.199455,3.454545,3.453650,0.41263096,0.40453539,1.961938e-02
0.203667,3.454545,3.453650,0.40975371,0.40148638,2.017634e-02
0.207879,3.454545,3.453650,0.40690644,0.39847786,2.071382e-02
0.212091,3.454545,3.453650,0.40408874,0.39551010,2.122958e-02
0.216303,3.454545,3.453650,0.40130018,0.39258341,2.172134e-02
0.220515,3.454545,3.453650,0.39854039,0.38969806,2.218678e-02
0.224727,3.454545,3.453650,0.39580895,0.38685438,2.262345e-02
0.228939,3.454545,3.453650,0.39310548,0.38405269,2.302890e-02
0.233152,3.454545,3.453650,0.39042960,0.38129332,2.340058e-02
0.237364,3.454545,3.453650,0.38778094,0.37857663,2.373586e-02
0.241576,3.454545,3.453650,0.38515913,0.37590296,2.403206e-02
0.245788,3.454545,3.453650,0.38256381,0.37327271,2.428641e-02
0.250000,3.454545,3.453650,0.37999462,0.37068624,2.449608e-02
-0.167000,3.515152,3.514240,0.85603131,0.82682202,3.412176e-02
-0.162788,3.515152,3.514240,0.84746904,0.81989889,3.253235e-02
-0.158576,3.515152,3.514240,0.83903453,0.81303925,3.098237e-02
-0.154364,3.515152,3.514240,0.83072525,0.80624233,2.947175e-02
-0.150152,3.515152,3.514240,0.82253874,0.79950733,2.800039e-02
-0.145939,3.515152,3.514240,0.81447258,0.79283350,2.656821e-02
-0.141727,3.515152,3.514240,0.80652443,0.78622009,2.517511e-02
-0.137515,3.515152,3.514240,0.79869200,0.77966635,2.382102e-02
-0.133303,3.515152,3.514240,0.79097306,0.77317155,2.250583e-02
-0.129091,3.515152,3.514240,0.78336542,0.76673499,2.122946e-02
-0.124879,3.515152,3.514240,0.77586696,0.76035596,1.999182e-02
-0.120667,3.515152,3.514240,0.76847559,0.75403377,1.879282e-02
-0.116455,3.515152,3.514240,0.76118929,0.74776773,1.763235e-02
-0.112242,3.515152,3.514240,0.75400607,0.74155719,1.651033e-02
-0.108030,3.515152,3.514240,0.74692401,0.73540148,1.542664e-02
-0.103818,3.515152,3.514240,0.73994120,0.72929997,1.438118e-02
-0.099606,3.515152,3.514240,0.73305581,0.72325203,1.337386e-02
-0.095394,3.515152,3.514240,0.72626603,0.71725703,1.240455e-02
-0.091182,3.515152,3.514240,0.71957010,0.71131438,1.147313e-02
-0.086970,3.515152,3.514240,0.71296630,0.70542347,1.057950e-02
-0.082758,3.515152,3.514240,0.70645295,0.69958374,9.723516e-03
-0.078545,3.515152,3.514240,0.70002839,0.69379461,8.905051e-03
-0.074333,3.515152,3.514240,0.69369104,0.68805552,8.123968e-03
-0.070121,3.515152,3.514240,0.68743931,0.68236592,7.380121e-03
-0.065909,3.515152,3.514240,0.68127167,0.67672530,6.673359e-03
-0.061697,3.515152,3.514240,0.67518662,0.67113313,6.003524e-03
-0.057485,3.515152,3.514240,0.66918270,0.66558889,5.370444e-03
-0.053273,3.515152,3.514240,0.66325846,0.66009210,4.773947e-03
-0.049061,3.515152,3.514240,0.65741250,0.65464227,4.213847e-03
-0.044848,3.515152,3.514240,0.65164346,0.64923893,3.689946e-03
-0.040636,3.515152,3.514240,0.64594998,0.64388162,3.202043e-03
-0.036424,3.515152,3.514240,0.64033076,0.63856990,2.749922e-03
-0.032212,3.515152,3.514240,0.63478450,0.63330333,2.333353e-03
-0.028000,3.515152,3.514240,0.62930996,0.62808148,1.952098e-03
-0.023788,3.515152,3.514240,0.62390589,0.62290396,1.605909e-03
-0.019576,3.515152,3.514240,0.61857111,0.61777036,1.294518e-03
-0.015364,3.515152,3.514240,0.61330442,0.61268029,1.017647e-03
-0.011152,3.515152,3.514240,0.60810467,0.60763339,7.750059e-04
-0.006939,3.515152,3.514240,0.60297074,0.60262929,5.662875e-04
-0.002727,3.515152,3.514240,0.59790152,0.59766764,3.911680e-04
0.001485,3.515152,3.514240,0.59289592,0.59274811,2.493075e-04
0.005697,3.515152,3.514240,0.58795289,0.58787037,1.403543e-04
0.009909,3.515152,3.514240,0.58307139,0.58303411,6.393045e-05
0.014121,3.515152,3.514240,0.57825040,0.57823904,1.964733e-05
0.018333,3.515152,3.514240,0.57348892,0.57348485,7.094459e-06
0.022545,3.515152,3.514240,0.56878599,0.56877129,2.584217e-05
0.026758,3.515152,3.514240,0.56414064,0.56409808,7.544026e-05
0.030970,3.515152,3.514240,0.55955194,0.55946497,1.554164e-04
0.035182,3.515152,3.514240,0.55501897,0.55487173,2.652800e-04
0.039394,3.515152,3.514240,0.55054083,0.55031813,4.045157e-04
0.043606,3.515152,3.514240,0.54611665,0.54580395,5.725786e-04
0.047818,3.515152,3.514240,0.54174555,0.54132900,7.689179e-04
0.052030,3.515152,3.514240,0.53742670,0.53689307,9.929364e-04
0.056242,3.515152,3.514240,0.53315927,0.53249601,1.244023e-03
0.060455,3.515152,3.514240,0.52894243,0.52813763,1.521541e-03
0.064667,3.515152,3.514240,0.52477541,0.52381779,1.824822e-03
0.068879,3.515152,3.514240,0.52065740,0.51953634,2.153168e-03
0.073091,3.515152,3.514240,0.51658766,0.51529316,2.505864e-03
0.077303,3.515152,3.514240,0.51256542,0.51108814,2.882147e-03
0.081515,3.515152,3.514240,0.50858996,0.50692115,3.281241e-03
0.085727,3.515152,3.514240,0.50466055,0.50279213,3.702325e-03
0.089939,3.515152,3.514240,0.50077647,0.49870098,4.144555e-03
0.094152,3.515152,3.514240,0.49693705,0.49464763,4.607050e-03
0.098364,3.515152,3.514240,0.49314158,0.49063204,5.088888e-03
0.102576,3.515152,3.514240,0.48938942,0.48665416,5.589133e-03
0.106788,3.515152,3.514240,0.48567989,0.48271395,6.106787e-03
0.111000,3.515152,3.514240,0.48201237,0.47881140,6.640833e-03
0.115212,3.515152,3.514240,0.47838620,0.47494651,7.190205e-03
0.119424,3.515152,3.514240,0.47480079,0.47111927,7.753813e-03
0.123636,3.515152,3.514240,0.47125551,0.46732971,8.330512e-03
0.127848,3.515152,3.514240,0.46774978,0.46357786,8.919121e-03
0.132061,3.515152,3.514240,0.46428300,0.45986376,9.518419e-03
0.136273,3.515152,3.514240,0.46085460,0.45618746,1.012714e-02
0.140485,3.515152,3.514240,0.45746402,0.45254903,1.074399e-02
0.144697,3.515152,3.514240,0.45411070,0.44894855,1.136760e-02
0.148909,3.515152,3.514240,0.45079410,0.44538612,1.199658e-02
0.153121,3.515152,3.514240,0.44751369,0.44186183,1.262948e-02
0.157333,3.515152,3.514240,0.44426894,0.43837580,1.326480e-02
0.161545,3.515152,3.514240,0.44105933,0.43492815,1.390102e-02
0.165758,3.515152,3.514240,0.43788436,0.43151904,1.453653e-02
0.169970,3.515152,3.514240,0.43474354,0.42814861,1.516970e-02
0.174182,3.515152,3.514240,0.43163637,0.42481702,1.579883e-02
0.178394,3.515152,3.514240,0.42856238,0.42152446,1.642216e-02
0.182606,3.515152,3.514240,0.42552110,0.41827111,1.703790e-02
0.186818,3.515152,3.514240,0.42251206,0.41505718,1.764419e-02
0.191030,3.515152,3.514240,0.41953481,0.41188287,1.823911e-02
0.195242,3.515152,3.514240,0.41658890,0.40874841,1.882070e-02
0.199455,3.515152,3.514240,0.41367391,0.40565405,1.938691e-02
0.203667,3.515152,3.514240,0.41078938,0.40260002,1.993566e-02
0.207879,3.515152,3.514240,0.40793491,0.39958660,2.046480e-02
0.212091,3.515152,3.514240,0.40511008,0.39661406,2.097211e-02
0.216303,3.515152,3.514240,0.40231447,0.39368269,2.145530e-02
0.220515,3.515152,3.514240,0.39954769,0.39079278,2.191205e-02
0.224727,3.515152,3.514240,0.39680933,0.38794464,2.233992e-02
0.228939,3.515152,3.514240,0.39409902,0.38513861,2.273645e-02
0.233152,3.515152,3.514240,0.39141638,0.38237501,2.309910e-02
0.237364,3.515152,3.514240,0.38876102,0.37965420,2.342525e-02
0.241576,3.515152,3.514240,0.38613258,0.37697652,2.371220e-02
0.245788,3.515152,3.514240,0.38353069,0.37434237,2.395720e-02
0.250000,3.515152,3.514240,0.38095500,0.37175212,2.415741e-02
-0.167000,3.575758,3.574831,0.85822283,0.82883040,3.424801e-02
-0.162788,3.575758,3.574831,0.84963861,0.82189235,3.265654e-02
-0.158576,3.575758,3.574831,0.84118248,0.81501791,3.110452e-02
-0.154364,3.575758,3.574831,0.83285190,0.80820628,2.959184e-02
-0.150152,3.575758,3.574831,0.82464440,0.80145671,2.811842e-02
-0.145939,3.575758,3.574831,0.81655757,0.79476841,2.668417e-02
-0.141727,3.575758,3.574831,0.80858905,0.78814063,2.528900e-02
-0.137515,3.575758,3.574831,0.80073654,0.78157265,2.393283e-02
-0.133303,3.575758,3.574831,0.79299782,0.77506373,2.261556e-02
-0.129091,3.575758,3.574831,0.78537068,0.76861315,2.133710e-02
-0.124879,3.575758,3.574831,0.77785299,0.76222021,2.009735e-02
-0.120667,3.575758,3.574831,0.77044268,0.75588422,1.889623e-02
-0.116455,3.575758,3.574831,0.76313771,0.74960451,1.773363e-02
-0.112242,3.575758,3.574831,0.75593608,0.74338040,1.660945e-02
-0.108030,3.575758,3.574831,0.74883586,0.73721124,1.552360e-02
-0.103818,3.575758,3.574831,0.74183516,0.73109639,1.447596e-02
-0.099606,3.575758,3.574831,0.73493212,0.72503521,1.346643e-02
-0.095394,3.575758,3.574831,0.72812494,0.71902710,1.249489e-02
-0.091182,3.575758,3.574831,0.72141185,0.71307145,1.156123e-02
-0.086970,3.575758,3.574831,0.71479113,0.70716766,1.066532e-02
-0.082758,3.575758,3.574831,0.70826108,0.70131515,9.807029e-03
-0.078545,3.575758,3.574831,0.70182007,0.69551335,8.986234e-03
-0.074333,3.575758,3.574831,0.69546647,0.68976171,8.202788e-03
-0.070121,3.575758,3.574831,0.68919872,0.68405968,7.456548e-03
-0.065909,3.575758,3.574831,0.68301528,0.67840673,6.747356e-03
-0.061697,3.575758,3.574831,0.67691464,0.67280235,6.075055e-03
-0.057485,3.575758,3.574831,0.67089533,0.66724601,5.439474e-03
-0.053273,3.575758,3.574831,0.66495591,0.66173723,4.840433e-03
-0.049061,3.575758,3.574831,0.65909497,0.65627553,4.277746e-03
-0.044848,3.575758,3.574831,0.65331114,0.65086043,3.751217e-03
-0.040636,3.575758,3.574831,0.64760308,0.64549148,3.260641e-03
-0.036424,3.575758,3.574831,0.64196946,0.64016822,2.805796e-03
-0.032212,3.575758,3.574831,0.63640899,0.63489023,2.386457e-03
-0.028000,3.575758,3.574831,0.63092042,0.62965708,2.002380e-03
-0.023788,3.575758,3.574831,0.62550251,0.62446836,1.653314e-03
-0.019576,3.575758,3.574831,0.62015406,0.61932368,1.338990e-03
-0.015364,3.575758,3.574831,0.61487387,0.61422264,1.059130e-03
-0.011152,3.575758,3.574831,0.60966080,0.60916488,8.134401e-04
-0.006939,3.575758,3.574831,0.60451372,0.60415004,6.016114e-04
-0.002727,3.575758,3.574831,0.59943151,0.59917776,4.233182e-04
0.001485,3.575758,3.574831,0.59441309,0.59424771,2.782186e-04
0.005697,3.575758,3.574831,0.58945739,0.58935957,1.659575e-04
0.009909,3.575758,3.574831,0.58456339,0.58451302,8.615742e-05
0.014121,3.575758,3.574831,0.57973005,0.57970777,3.842962e-05
0.018333,3.575758,3.574831,0.57495637,0.57494352,2.235365e-05
0.022545,3.575758,3.574831,0.57024139,0.57022000,3.750576e-05
0.026758,3.575758,3.574831,0.56558414,0.56553695,8.342963e-05
0.030970,3.575758,3.574831,0.56098368,0.56089412,1.596545e-04
0.035182,3.575758,3.574831,0.55643910,0.55629126,2.656830e-04
0.039394,3.575758,3.574831,0.55194949,0.55172816,4.010001e-04
0.043606,3.575758,3.574831,0.54751398,0.54720459,5.650651e-04
0.047818,3.575758,3.574831,0.54313168,0.54272036,7.573100e-04
0.052030,3.575758,3.574831,0.53880177,0.53827528,9.771517e-04
0.056242,3.575758,3.574831,0.53452340,0.53386916,1.223972e-03
0.060455,3.575758,3.574831,0.53029577,0.52950185,1.497129e-03
0.064667,3.575758,3.574831,0.52611807,0.52517319,1.795953e-03
0.068879,3.575758,3.574831,0.52198952,0.52088303,2.119752e-03
0.073091,3.575758,3.574831,0.51790935,0.51663125,2.467796e-03
0.077303,3.575758,3.574831,0.51387681,0.51241774,2.839336e-03
0.081515,3.575758,3.574831,0.50989117,0.50824239,3.233581e-03
0.085727,3.575758,3.574831,0.50595169,0.50410511,3.649718e-03
0.089939,3.575758,3.574831,0.50205766,0.50000581,4.086890e-03
0.094152,3.575758,3.574831,0.49820840,0.49594443,4.544225e-03
0.098364,3.575758,3.574831,0.49440322,0.49192092,5.020803e-03
0.102576,3.575758,3.574831,0.49064145,0.48793523,5.515669e-03
0.106788,3.575758,3.574831,0.48692242,0.48398733,6.027842e-03
0.111000,3.575758,3.574831,0.48324550,0.48007720,6.556292e-03
0.115212,3.575758,3.574831,0.47961005,0.47620484,7.099957e-03
0.119424,3.575758,3.574831,0.47601546,0.47237025,7.657744e-03
0.123636,3.575758,3.574831,0.47246110,0.46857345,8.228506e-03
0.127848,3.575758,3.574831,0.46894639,0.46481447,8.811065e-03
0.132061,3.575758,3.574831,0.46547073,0.46109335,9.404198e-03
0.136273,3.575758,3.574831,0.46203355,0.45741015,1.000664e-02
0.140485,3.575758,3.574831,0.45863429,0.45376493,1.061708e-02
0.144697,3.575758,3.574831,0.45527238,0.45015778,1.123417e-02
0.148909,3.575758,3.574831,0.45194729,0.44658877,1.185651e-02
0.153121,3.575758,3.574831,0.44865847,0.44305803,1.248264e-02
0.157333,3.575758,3.574831,0.44540541,0.43956566,1.311109e-02
0.161545,3.575758,3.574831,0.44218759,0.43611179,1.374030e-02
0.165758,3.575758,3.574831,0.43900449,0.43269657,1.436869e-02
0.169970,3.575758,3.574831,0.43585562,0.42932014,1.499461e-02
0.174182,3.575758,3.574831,0.43274050,0.42598267,1.561636e-02
0.178394,3.575758,3.574831,0.42965864,0.42268433,1.623220e-02
0.182606,3.575758,3.574831,0.42660957,0.41942532,1.684033e-02
0.186818,3.575758,3.574831,0.42359282,0.41620584,1.743888e-02
0.191030,3.575758,3.574831,0.42060795,0.41302609,1.802595e-02
0.195242,3.575758,3.574831,0.41765450,0.40988632,1.859955e-02
0.199455,3.575758,3.574831,0.41473204,0.40678674,1.915766e-02
0.203667,3.575758,3.574831,0.41184013,0.40372762,1.969819e-02
0.207879,3.575758,3.574831,0.40897835,0.40070922,2.021899e-02
0.212091,3.575758,3.574831,0.40614628,0.39773181,2.071784e-02
0.216303,3.575758,3.574831,0.40334352,0.39479568,2.119245e-02
0.220515,3.575758,3.574831,0.40056965,0.39190113,2.164050e-02
0.224727,3.575758,3.574831,0.39782429,0.38904846,2.205956e-02
0.228939,3.575758,3.574831,0.39510704,0.38623801,2.244717e-02
0.233152,3.575758,3.574831,0.39241753,0.38347010,2.280078e-02
0.237364,3.575758,3.574831,0.38975537,0.38074510,2.311776e-02
0.241576,3.575758,3.574831,0.38712020,0.37806335,2.339545e-02
0.245788,3.575758,3.574831,0.38451165,0.37542522,2.363107e-02
0.250000,3.575758,3.574831,0.38192937,0.37283112,2.382181e-02
-0.167000,3.636364,3.635421,0.86044548,0.83086752,3.437518e-02
-0.162788,3.636364,3.635421,0.85183901,0.82391429,3.278168e-02
-0.158576,3.636364,3.635421,0.84336095,0.81702478,3.122763e-02
-0.154364,3.636364,3.635421,0.83500877,0.81019822,2.971293e-02
-0.150152,3.636364,3.635421,0.82677999,0.80343380,2.823748e-02
-0.145939,3.636364,3.635421,0.81867218,0.79673079,2.680120e-02
-0.141727,3.636364,3.635421,0.81068300,0.79008841,2.540400e-02
-0.137515,3.636364,3.635421,0.80281014,0.78350594,2.404578e-02
-0.133303,3.636364,3.635421,0.79505135,0.77698265,2.272646e-02
-0.129091,3.636364,3.635421,0.78740443,0.77051781,2.144594e-02
-0.124879,3.636364,3.635421,0.77986726,0.76411073,2.020412e-02
-0.120667,3.636364,3.635421,0.77243773,0.75776071,1.900091e-02
-0.116455,3.636364,3.635421,0.76511382,0.75146708,1.783621e-02
-0.112242,3.636364,3.635421,0.75789352,0.74522917,1.670993e-02
-0.108030,3.636364,3.635421,0.75077489,0.73904633,1.562194e-02
-0.103818,3.636364,3.635421,0.74375604,0.73291791,1.457216e-02
-0.099606,3.636364,3.635421,0.73683511,0.72684328,1.356046e-02
-0.095394,3.636364,3.635421,0.73001028,0.72082183,1.258673e-02
-0.091182,3.636364,3.635421,0.72327979,0.71485296,1.165086e-02
-0.086970,3.636364,3.635421,0.71664190,0.70893605,1.075271e-02
-0.082758,3.636364,3.635421,0.71009492,0.70307055,9.892162e-03
-0.078545,3.636364,3.635421,0.70363721,0.69725587,9.069073e-03
-0.074333,3.636364,3.635421,0.69726715,0.69149147,8.283305e-03
-0.070121,3.636364,3.635421,0.69098315,0.68577679,7.534709e-03
-0.065909,3.636364,3.635421,0.68478368,0.68011131,6.823130e-03
-0.061697,3.636364,3.635421,0.67866722,0.67449450,6.148402e-03
-0.057485,3.636364,3.635421,0.67263231,0.66892586,5.510359e-03
-0.053273,3.636364,3.635421,0.66667749,0.66340489,4.908815e-03
-0.049061,3.636364,3.635421,0.66080136,0.65793112,4.343585e-03
-0.044848,3.636364,3.635421,0.65500254,0.65250406,3.814467e-03
-0.040636,3.636364,3.635421,0.64927968,0.64712326,3.321257e-03
-0.036424,3.636364,3.635421,0.64363146,0.64178827,2.863732e-03
-0.032212,3.636364,3.635421,0.63805658,0.63649866,2.441662e-03
-0.028000,3.636364,3.635421,0.63255378,0.63125401,2.054803e-03
-0.023788,3.636364,3.635421,0.62712183,0.62605390,1.702899e-03
-0.019576,3.636364,3.635421,0.62175951,0.62089795,1.385684e-03
-0.015364,3.636364,3.635421,0.61646564,0.61578576,1.102875e-03
-0.011152,3.636364,3.635421,0.61123906,0.61071696,8.541789e-04
-0.006939,3.636364,3.635421,0.60607864,0.60569119,6.392790e-04
-0.002727,3.636364,3.635421,0.60098326,0.60070810,4.578514e-04
0.001485,3.636364,3.635421,0.59595183,0.59576735,3.095528e-04
0.005697,3.636364,3.635421,0.59098329,0.59086863,1.940260e-04
0.009909,3.636364,3.635421,0.58607660,0.58601161,1.108880e-04
0.014121,3.636364,3.635421,0.58123073,0.58119600,5.974896e-05
0.018333,3.636364,3.635421,0.57644469,0.57642152,4.019450e-05
0.022545,3.636364,3.635421,0.57171749,0.57168788,5.178654e-05
0.026758,3.636364,3.635421,0.56704817,0.56699482,9.407394e-05
0.030970,3.636364,3.635421,0.56243579,0.56234209,1.665833e-04
0.035182,3.636364,3.635421,0.55787943,0.55772946,2.688149e-04
0.039394,3.636364,3.635421,0.55337819,0.55315670,4.002534e-04
0.043606,3.636364,3.635421,0.54893118,0.54862358,5.603507e-04
0.047818,3.636364,3.635421,0.54453753,0.54412992,7.485451e-04
0.052030,3.636364,3.635421,0.54019639,0.53967552,9.642410e-04
0.056242,3.636364,3.635421,0.53590694,0.53526020,1.206829e-03
0.060455,3.636364,3.635421,0.53166835,0.53088379,1.475659e-03
0.064667,3.636364,3.635421,0.52747983,0.52654616,1.770063e-03
0.068879,3.636364,3.635421,0.52334058,0.52224714,2.089345e-03
0.073091,3.636364,3.635421,0.51924984,0.51798662,2.432773e-03
0.077303,3.636364,3.635421,0.51520685,0.51376448,2.799594e-03
0.081515,3.636364,3.635421,0.51121088,0.50958061,3.189022e-03
0.085727,3.636364,3.635421,0.50726119,0.50543493,3.600239e-03
0.089939,3.636364,3.635421,0.50335708,0.50132735,4.032390e-03
0.094152,3.636364,3.635421,0.49949785,0.49725780,4.484594e-03
0.098364,3.636364,3.635421,0.49568281,0.49322623,4.955932e-03
0.102576,3.636364,3.635421,0.49191128,0.48923260,5.445452e-03
0.106788,3.636364,3.635421,0.48818262,0.48527688,5.952161e-03
0.111000,3.636364,3.635421,0.48449618,0.48135904,6.475043e-03
0.115212,3.636364,3.635421,0.48085131,0.47747908,7.013027e-03
0.119424,3.636364,3.635421,0.47724740,0.47363701,7.565017e-03
0.123636,3.636364,3.635421,0.47368383,0.46983285,8.129868e-03
0.127848,3.636364,3.635421,0.47016002,0.46606662,8.706396e-03
0.132061,3.636364,3.635421,0.46667535,0.46233836,9.293382e-03
0.136273,3.636364,3.635421,0.46322927,0.45864814,9.889560e-03
0.140485,3.636364,3.635421,0.45982120,0.45499601,1.049362e-02
0.144697,3.636364,3.635421,0.45645059,0.45138207,1.110420e-02
0.148909,3.636364,3.635421,0.45311688,0.44780639,1.171991e-02
0.153121,3.636364,3.635421,0.44981955,0.44426909,1.233930e-02
0.157333,3.636364,3.635421,0.44655806,0.44077027,1.296088e-02
0.161545,3.636364,3.635421,0.44333189,0.43731007,1.358310e-02
0.165758,3.636364,3.635421,0.44014055,0.43388863,1.420438e-02
0.169970,3.636364,3.635421,0.43698353,0.43050610,1.482306e-02
0.174182,3.636364,3.635421,0.43386034,0.42716264,1.543745e-02
0.178394,3.636364,3.635421,0.43077049,0.42385843,1.604581e-02
0.182606,3.636364,3.635421,0.42771352,0.42059366,1.664633e-02
0.186818,3.636364,3.635421,0.42468896,0.41736854,1.723715e-02
0.191030,3.636364,3.635421,0.42169636,0.41418327,1.781636e-02
0.195242,3.636364,3.635421,0.41873526,0.41103808,1.838199e-02
0.199455,3.636364,3.635421,0.41580523,0.40793320,1.893200e-02
0.203667,3.636364,3.635421,0.41290583,0.40486890,1.946431e-02
0.207879,3.636364,3.635421,0.41003664,0.40184543,1.997676e-02
0.212091,3.636364,3.635421,0.40719723,0.39886307,2.046715e-02
0.216303,3.636364,3.635421,0.40438721,0.39592210,2.093318e-02
0.220515,3.636364,3.635421,0.40160616,0.39302282,2.137253e-02
0.224727,3.636364,3.635421,0.39885369,0.39016555,2.178277e-02
0.228939,3.636364,3.635421,0.39612940,0.38735060,2.216144e-02
0.233152,3.636364,3.635421,0.39343292,0.38457832,2.250600e-02
0.237364,3.636364,3.635421,0.39076387,0.38184905,2.281383e-02
0.241576,3.636364,3.635421,0.38812187,0.37916315,2.308224e-02
0.245788,3.636364,3.635421,0.38550657,0.37652099,2.330849e-02
0.250000,3.636364,3.635421,0.38291759,0.37392296,2.348972e-02
-0.167000,3.696970,3.696011,0.86269901,0.83293308,3.450326e-02
-0.162788,3.696970,3.696011,0.85406996,0.82596442,3.290777e-02
-0.158576,3.696970,3.696011,0.84556968,0.81905960,3.135173e-02
-0.154364,3.696970,3.696011,0.83719560,0.81221784,2.983504e-02
-0.150152,3.696970,3.696011,0.82894524,0.80543834,2.835760e-02
-0.145939,3.696970,3.696011,0.82081617,0.79872036,2.691932e-02
-0.141727,3.696970,3.696011,0.81280604,0.79206314,2.552012e-02
-0.137515,3.696970,3.696011,0.80491254,0.78546594,2.415989e-02
-0.133303,3.696970,3.696011,0.79713340,0.77892803,2.283856e-02
-0.129091,3.696970,3.696011,0.78946644,0.77244869,2.155601e-02
-0.124879,3.696970,3.696011,0.78190950,0.76602723,2.031216e-02
-0.120667,3.696970,3.696011,0.77446050,0.75966295,1.910691e-02
-0.116455,3.696970,3.696011,0.76711738,0.75335517,1.794016e-02
-0.112242,3.696970,3.696011,0.75987815,0.74710323,1.681180e-02
-0.108030,3.696970,3.696011,0.75274086,0.74090648,1.572173e-02
-0.103818,3.696970,3.696011,0.74570361,0.73476426,1.466984e-02
-0.099606,3.696970,3.696011,0.73876453,0.72867595,1.365601e-02
-0.095394,3.696970,3.696011,0.73192181,0.72264094,1.268014e-02
-0.091182,3.696970,3.696011,0.72517367,0.71665862,1.174209e-02
-0.086970,3.696970,3.696011,0.71851838,0.71072838,1.084175e-02
-0.082758,3.696970,3.696011,0.71195424,0.70484967,9.978980e-03
-0.078545,3.696970,3.696011,0.70547960,0.69902189,9.153642e-03
-0.074333,3.696970,3.696011,0.69909284,0.69324451,8.365595e-03
-0.070121,3.696970,3.696011,0.69279237,0.68751697,7.614687e-03
-0.065909,3.696970,3.696011,0.68657664,0.68183874,6.900762e-03
-0.061697,3.696970,3.696011,0.68044416,0.67620931,6.223654e-03
-0.057485,3.696970,3.696011,0.67439342,0.67062815,5.583190e-03
-0.053273,3.696970,3.696011,0.66842300,0.66509479,4.979188e-03
-0.049061,3.696970,3.696011,0.66253146,0.65960874,4.411457e-03
-0.044848,3.696970,3.696011,0.65671744,0.65416951,3.879797e-03
-0.040636,3.696970,3.696011,0.65097958,0.64877667,3.383997e-03
-0.036424,3.696970,3.696011,0.64531655,0.64342975,2.923834e-03
-0.032212,3.696970,3.696011,0.63972706,0.63812833,2.499078e-03
-0.028000,3.696970,3.696011,0.63420984,0.63287199,2.109480e-03
-0.023788,3.696970,3.696011,0.62876365,0.62766031,1.754786e-03
-0.019576,3.696970,3.696011,0.62338728,0.62249289,1.434726e-03
-0.015364,3.696970,3.696011,0.61807953,0.61736935,1.149011e-03
-0.011152,3.696970,3.696011,0.61283926,0.61228933,8.973488e-04
-0.006939,3.696970,3.696011,0.60766531,0.60725245,6.794239e-04
-0.002727,3.696970,3.696011,0.60255657,0.60225836,4.949033e-04
0.001485,3.696970,3.696011,0.59751196,0.59730674,3.434512e-04
0.005697,3.696970,3.696011,0.59253040,0.59239726,2.246984e-04
0.009909,3.696970,3.696011,0.58761085,0.58752960,1.382695e-04
0.014121,3.696970,3.696011,0.58275228,0.58270347,8.376580e-05
0.018333,3.696970,3.696011,0.57795369,0.57791857,6.076953e-05
0.022545,3.696970,3.696011,0.57321410,0.57317464,6.884588e-05
0.026758,3.696970,3.696011,0.56853254,0.56847140,1.075421e-04
0.030970,3.696970,3.696011,0.56390808,0.56380862,1.763769e-04
0.035182,3.696970,3.696011,0.55933978,0.55918604,2.748533e-04
0.039394,3.696970,3.696011,0.55482674,0.55460345,4.024481e-04
0.043606,3.696970,3.696011,0.55036808,0.55006063,5.586243e-04
0.047818,3.696970,3.696011,0.54596292,0.54555737,7.428027e-04
0.052030,3.696970,3.696011,0.54161041,0.54109350,9.543982e-04
0.056242,3.696970,3.696011,0.53730971,0.53666882,1.192789e-03
0.060455,3.696970,3.696011,0.53306002,0.53228317,1.457333e-03
0.064667,3.696970,3.696011,0.52886052,0.52793641,1.747354e-03
0.068879,3.696970,3.696011,0.52471042,0.52362839,2.062154e-03
0.073091,3.696970,3.696011,0.52060896,0.51935898,2.401005e-03
0.077303,3.696970,3.696011,0.51655538,0.51512806,2.763147e-03
0.081515,3.696970,3.696011,0.51254894,0.51093554,3.147795e-03
0.085727,3.696970,3.696011,0.50858890,0.50678131,3.554123e-03
0.089939,3.696970,3.696011,0.50467456,0.50266531,3.981281e-03
0.094152,3.696970,3.696011,0.50080522,0.49858746,4.428390e-03
0.098364,3.696970,3.696011,0.49698018,0.49454770,4.894521e-03
0.102576,3.696970,3.696011,0.49319877,0.49054599,5.378724e-03
0.106788,3.696970,3.696011,0.48946034,0.48658231,5.880009e-03
0.111000,3.696970,3.696011,0.48576424,0.48265664,6.397352e-03
0.115212,3.696970,3.696011,0.48210982,0.47876896,6.929683e-03
0.119424,3.696970,3.696011,0.47849647,0.47491928,7.475902e-03
0.123636,3.696970,3.696011,0.47492357,0.47110762,8.034866e-03
0.127848,3.696970,3.696011,0.47139052,0.46733402,8.605394e-03
0.132061,3.696970,3.696011,0.46789673,0.46359851,9.186258e-03
0.136273,3.696970,3.696011,0.46444162,0.45990115,9.776195e-03
0.140485,3.696970,3.696011,0.46102462,0.45624200,1.037389e-02
0.144697,3.696970,3.696011,0.45764517,0.45262115,1.097799e-02
0.148909,3.696970,3.696011,0.45430274,0.44903868,1.158710e-02
0.153121,3.696970,3.696011,0.45099676,0.44549471,1.219977e-02
0.157333,3.696970,3.696011,0.44772673,0.44198934,1.281450e-02
0.161545,3.696970,3.696011,0.44449212,0.43852270,1.342975e-02
0.165758,3.696970,3.696011,0.44129241,0.43509494,1.404392e-02
0.169970,3.696970,3.696011,0.43812712,0.43170620,1.465538e-02
0.174182,3.696970,3.696011,0.43499575,0.42835665,1.526243e-02
0.178394,3.696970,3.696011,0.43189781,0.42504647,1.586332e-02
0.182606,3.696970,3.696011,0.42883283,0.42177585,1.645624e-02
0.186818,3.696970,3.696011,0.42580035,0.41854499,1.703935e-02
0.191030,3.696970,3.696011,0.42279991,0.41535410,1.761071e-02
0.195242,3.696970,3.696011,0.41983105,0.41220340,1.816837e-02
0.199455,3.696970,3.696011,0.41689334,0.40909315,1.871030e-02
0.203667,3.696970,3.696011,0.41398635,0.40602357,1.923439e-02
0.207879,3.696970,3.696011,0.41110964,0.40299495,1.973851e-02
0.212091,3.696970,3.696011,0.40826280,0.40000755,2.022043e-02
0.216303,3.696970,3.696011,0.40544542,0.39706166,2.067789e-02
0.220515,3.696970,3.696011,0.40265708,0.39415758,2.110853e-02
0.224727,3.696970,3.696011,0.39989740,0.39129562,2.150997e-02
0.228939,3.696970,3.696011,0.39716598,0.38847610,2.187970e-02
0.233152,3.696970,3.696011,0.39446243,0.38569937,2.221521e-02
0.237364,3.696970,3.696011,0.39178639,0.38296576,2.251387e-02
0.241576,3.696970,3.696011,0.38913747,0.38027564,2.277300e-02
0.245788,3.696970,3.696011,0.38651532,0.37762939,2.298985e-02
0.250000,3.696970,3.696011,0.38391957,0.37502737,2.316160e-02
-0.167000,3.757576,3.756602,0.86498313,0.83502681,3.463226e-02
-0.162788,3.757576,3.756602,0.85633121,0.82804246,3.303483e-02
-0.158576,3.757576,3.756602,0.84780839,0.82112207,3.147683e-02
-0.154364,3.757576,3.756602,0.83941212,0.81426485,2.995818e-02
-0.150152,3.757576,3.756602,0.83113989,0.80747003,2.847879e-02
-0.145939,3.757576,3.756602,0.82298928,0.80073684,2.703855e-02
-0.141727,3.757576,3.756602,0.81495792,0.79406452,2.563739e-02
-0.137515,3.757576,3.756602,0.80704349,0.78745234,2.427520e-02
-0.133303,3.757576,3.756602,0.79924373,0.78089958,2.295189e-02
-0.129091,3.757576,3.756602,0.79155645,0.77440551,2.166737e-02
-0.124879,3.757576,3.756602,0.78397948,0.76796943,2.042153e-02
-0.120667,3.757576,3.756602,0.77651073,0.76159065,1.921427e-02
-0.116455,3.757576,3.756602,0.76914815,0.75526849,1.804550e-02
-0.112242,3.757576,3.756602,0.76188974,0.74900229,1.691512e-02
-0.108030,3.757576,3.756602,0.75473353,0.74279139,1.582300e-02
-0.103818,3.757576,3.756602,0.74767763,0.73663514,1.476905e-02
-0.099606,3.757576,3.756602,0.74072016,0.73053293,1.375314e-02
-0.095394,3.757576,3.756602,0.73385931,0.72448413,1.277517e-02
-0.091182,3.757576,3.756602,0.72709328,0.71848814,1.183500e-02
-0.086970,3.757576,3.756602,0.72042036,0.71254436,1.093250e-02
-0.082758,3.757576,3.756602,0.71383882,0.70665221,1.006756e-02
-0.078545,3.757576,3.756602,0.70734702,0.70081112,9.240016e-03
-0.074333,3.757576,3.756602,0.70094333,0.69502055,8.449735e-03
-0.070121,3.757576,3.756602,0.69462617,0.68927993,7.696564e-03
-0.065909,3.757576,3.756602,0.68839397,0.68358875,6.980339e-03
-0.061697,3.757576,3.756602,0.68224523,0.67794647,6.300896e-03
-0.057485,3.757576,3.756602,0.67617846,0.67235260,5.658060e-03
-0.053273,3.757576,3.756602,0.67019221,0.66680664,5.051647e-03
-0.049061,3.757576,3.756602,0.66428507,0.66130810,4.481464e-03
-0.044848,3.757576,3.756602,0.65845565,0.65585652,3.947308e-03
-0.040636,3.757576,3.756602,0.65270258,0.65045143,3.448967e-03
-0.036424,3.757576,3.756602,0.64702454,0.64509239,2.986215e-03
-0.032212,3.757576,3.756602,0.64142024,0.63977896,2.558820e-03
-0.028000,3.757576,3.756602,0.63588840,0.63451073,2.166535e-03
-0.023788,3.757576,3.756602,0.63042778,0.62928728,1.809094e-03
-0.019576,3.757576,3.756602,0.62503716,0.62410821,1.486235e-03
-0.015364,3.757576,3.756602,0.61971536,0.61897314,1.197666e-03
-0.011152,3.757576,3.756602,0.61446119,0.61388170,9.430870e-04
-0.006939,3.757576,3.756602,0.60927354,0.60883353,7.221819e-04
-0.002727,3.757576,3.756602,0.60415126,0.60382827,5.346229e-04
0.001485,3.757576,3.756602,0.59909329,0.59886559,3.800604e-04
0.005697,3.757576,3.756602,0.59409853,0.59394517,2.581321e-04
0.009909,3.757576,3.756602,0.58916594,0.58906669,1.684558e-04
0.014121,3.757576,3.756602,0.58429450,0.58422986,1.106325e-04
0.018333,3.757576,3.756602,0.57948320,0.57943438,8.424233e-05
0.022545,3.757576,3.756602,0.57473105,0.57467999,8.885357e-05
0.026758,3.757576,3.756602,0.57003709,0.56996641,1.239997e-04
0.030970,3.757576,3.756602,0.56540038,0.56529340,1.892086e-04
0.035182,3.757576,3.756602,0.56081998,0.56066072,2.839750e-04
0.039394,3.757576,3.756602,0.55629498,0.55606814,4.077754e-04
0.043606,3.757576,3.756602,0.55182451,0.55151545,5.600703e-04
0.047818,3.757576,3.756602,0.54740768,0.54700244,7.402809e-04
0.052030,3.757576,3.756602,0.54304364,0.54252893,9.478157e-04
0.056242,3.757576,3.756602,0.53873155,0.53809474,1.182058e-03
0.060455,3.757576,3.756602,0.53447060,0.53369970,1.442356e-03
0.064667,3.757576,3.756602,0.53025997,0.52934366,1.728036e-03
0.068879,3.757576,3.756602,0.52609888,0.52502648,2.038398e-03
0.073091,3.757576,3.756602,0.52198656,0.52074804,2.372713e-03
0.077303,3.757576,3.756602,0.51792224,0.51650820,2.730216e-03
0.081515,3.757576,3.756602,0.51390518,0.51230688,3.110120e-03
0.085727,3.757576,3.756602,0.50993466,0.50814397,3.511605e-03
0.089939,3.757576,3.756602,0.50600995,0.50401940,3.933814e-03
0.094152,3.757576,3.756602,0.50213036,0.49993310,4.375859e-03
0.098364,3.757576,3.756602,0.49829519,0.49588502,4.836823e-03
0.102576,3.757576,3.756602,0.49450377,0.49187511,5.315746e-03
0.106788,3.757576,3.756602,0.49075544,0.48790334,5.811639e-03
0.111000,3.757576,3.756602,0.48704954,0.48396969,6.323475e-03
0.115212,3.757576,3.756602,0.48338545,0.48007416,6.850191e-03
0.119424,3.757576,3.756602,0.47976252,0.47621676,7.390674e-03
0.123636,3.757576,3.756602,0.47618016,0.47239749,7.943785e-03
0.127848,3.757576,3.756602,0.47263775,0.46861639,8.508340e-03
0.132061,3.757576,3.756602,0.46913471,0.46487350,9.083114e-03
0.136273,3.757576,3.756602,0.46567045,0.46116888,9.666841e-03
0.140485,3.757576,3.756602,0.46224440,0.45750260,1.025821e-02
0.144697,3.757576,3.756602,0.45885600,0.45387473,1.085586e-02
0.148909,3.757576,3.756602,0.45550471,0.45028536,1.145839e-02
0.153121,3.757576,3.756602,0.45218998,0.44673460,1.206435e-02
0.157333,3.757576,3.756602,0.44891129,0.44322257,1.267226e-02
0.161545,3.757576,3.756602,0.44566811,0.43974939,1.328056e-02
0.165758,3.757576,3.756602,0.44245993,0.43631520,1.388766e-02
0.169970,3.757576,3.756602,0.43928626,0.43292015,1.449193e-02
0.174182,3.757576,3.756602,0.43614659,0.42956442,1.509165e-02
0.178394,3.757576,3.756602,0.43304045,0.42624817,1.568508e-02
0.182606,3.757576,3.756602,0.42996735,0.42297160,1.627043e-02
0.186818,3.757576,3.756602,0.42692684,0.41973490,1.684584e-02
0.191030,3.757576,3.756602,0.42391845,0.41653830,1.740938e-02
0.195242,3.757576,3.756602,0.42094174,0.41338201,1.795908e-02
0.199455,3.757576,3.756602,0.41799625,0.41026628,1.849293e-02
0.203667,3.757576,3.756602,0.41508156,0.40719135,1.900882e-02
0.207879,3.757576,3.756602,0.41219723,0.40415749,1.950461e-02
0.212091,3.757576,3.756602,0.40934286,0.40116497,1.997809e-02
0.216303,3.757576,3.756602,0.40651801,0.39821408,2.042698e-02
0.220515,3.757576,3.756602,0.40372229,0.39530511,2.084893e-02
0.224727,3.757576,3.756602,0.40095530,0.39243839,2.124156e-02
0.228939,3.757576,3.756602,0.39821665,0.38961423,2.160236e-02
0.233152,3.757576,3.756602,0.39550595,0.38683297,2.192882e-02
0.237364,3.757576,3.756602,0.39282281,0.38409495,2.221831e-02
0.241576,3.757576,3.756602,0.39016689,0.38140055,2.246818e-02
0.245788,3.757576,3.756602,0.38753779,0.37875012,2.267564e-02
0.250000,3.757576,3.756602,0.38493516,0.37614406,2.283789e-02
-0.167000,3.818182,3.817192,0.86729758,0.83714840,3.476221e-02
-0.162788,3.818182,3.817192,0.85862248,0.83014811,3.316286e-02
-0.158576,3.818182,3.817192,0.85007683,0.82321190,3.160295e-02
-0.154364,3.818182,3.817192,0.84165807,0.81633898,3.008239e-02
-0.150152,3.818182,3.817192,0.83336368,0.80952858,2.860108e-02
-0.145939,3.818182,3.817192,0.82519124,0.80277992,2.715894e-02
-0.141727,3.818182,3.817192,0.81713836,0.79609227,2.575585e-02
-0.137515,3.818182,3.817192,0.80920273,0.78946487,2.439174e-02
-0.133303,3.818182,3.817192,0.80138209,0.78289701,2.306650e-02
-0.129091,3.818182,3.817192,0.79367421,0.77638796,2.178004e-02
-0.124879,3.818182,3.817192,0.78607695,0.76993702,2.053225e-02
-0.120667,3.818182,3.817192,0.77858820,0.76354351,1.932304e-02
-0.116455,3.818182,3.817192,0.77120590,0.75720673,1.815230e-02
-0.112242,3.818182,3.817192,0.76392804,0.75092604,1.701993e-02
-0.108030,3.818182,3.817192,0.75675267,0.74470076,1.592582e-02
-0.103818,3.818182,3.817192,0.74967787,0.73853027,1.486985e-02
-0.099606,3.818182,3.817192,0.74270176,0.73241393,1.385191e-02
-0.095394,3.818182,3.817192,0.73582253,0.72635111,1.287188e-02
-0.091182,3.818182,3.817192,0.72903839,0.72034123,1.192964e-02
-0.086970,3.818182,3.817192,0.72234759,0.71438368,1.102504e-02
-0.082758,3.818182,3.817192,0.71574843,0.70847788,1.015797e-02
-0.078545,3.818182,3.817192,0.70923925,0.70262327,9.328276e-03
-0.074333,3.818182,3.817192,0.70281841,0.69681928,8.535811e-03
-0.070121,3.818182,3.817192,0.69648432,0.69106538,7.780423e-03
-0.065909,3.818182,3.817192,0.69023543,0.68536103,7.061950e-03
-0.061697,3.818182,3.817192,0.68407023,0.67970571,6.380224e-03
-0.057485,3.818182,3.817192,0.67798721,0.67409891,5.735069e-03
-0.053273,3.818182,3.817192,0.67198494,0.66854014,5.126296e-03
-0.049061,3.818182,3.817192,0.66606198,0.66302892,4.553712e-03
-0.044848,3.818182,3.817192,0.66021694,0.65756477,4.017112e-03
-0.040636,3.818182,3.817192,0.65444846,0.65214724,3.516279e-03
-0.036424,3.818182,3.817192,0.64875523,0.64677588,3.050992e-03
-0.032212,3.818182,3.817192,0.64313592,0.64145025,2.621010e-03
-0.028000,3.818182,3.817192,0.63758927,0.63616994,2.226086e-03
-0.023788,3.818182,3.817192,0.63211402,0.63093453,1.865956e-03
-0.019576,3.818182,3.817192,0.62670897,0.62574362,1.540349e-03
-0.015364,3.818182,3.817192,0.62137291,0.62059683,1.248975e-03
-0.011152,3.818182,3.817192,0.61610468,0.61549379,9.915316e-04
-0.006939,3.818182,3.817192,0.61090313,0.61043414,7.677002e-04
-0.002727,3.818182,3.817192,0.60576715,0.60541753,5.771505e-04
0.001485,3.818182,3.817192,0.60069562,0.60044361,4.195312e-04
0.005697,3.818182,3.817192,0.59568749,0.59551208,2.944782e-04
0.009909,3.818182,3.817192,0.59074170,0.59062260,2.016068e-04
0.014121,3.818182,3.817192,0.58585722,0.58577489,1.405171e-04
0.018333,3.818182,3.817192,0.58103304,0.58096866,1.107880e-04
0.022545,3.818182,3.817192,0.57626817,0.57620364,1.119788e-04
0.026758,3.818182,3.817192,0.57156164,0.57147955,1.436290e-04
0.030970,3.818182,3.817192,0.56691251,0.56679614,2.052578e-04
0.035182,3.818182,3.817192,0.56231984,0.56215319,2.963665e-04
0.039394,3.818182,3.817192,0.55778273,0.55755046,4.164234e-04
0.043606,3.818182,3.817192,0.55330029,0.55298774,5.648843e-04
0.047818,3.818182,3.817192,0.54887164,0.54846482,7.411773e-04
0.052030,3.818182,3.817192,0.54449591,0.54398153,9.447025e-04
0.056242,3.818182,3.817192,0.54017228,0.53953767,1.174837e-03
0.060455,3.818182,3.817192,0.53589992,0.53513308,1.430940e-03
0.064667,3.818182,3.817192,0.53167802,0.53076762,1.712326e-03
0.068879,3.818182,3.817192,0.52750580,0.52644113,2.018298e-03
0.073091,3.818182,3.817192,0.52338247,0.52215350,2.348119e-03
0.077303,3.818182,3.817192,0.51930727,0.51790460,2.701030e-03
0.081515,3.818182,3.817192,0.51527946,0.51369433,3.076239e-03
0.085727,3.818182,3.817192,0.51129830,0.50952260,3.472921e-03
0.089939,3.818182,3.817192,0.50736309,0.50538933,3.890222e-03
0.094152,3.818182,3.817192,0.50347311,0.50129445,4.327252e-03
0.098364,3.818182,3.817192,0.49962767,0.49723791,4.783087e-03
0.102576,3.818182,3.817192,0.49582611,0.49321966,5.256773e-03
0.106788,3.818182,3.817192,0.49206774,0.48923967,5.747315e-03
0.111000,3.818182,3.817192,0.48835193,0.48529793,6.253689e-03
0.115212,3.818182,3.817192,0.48467802,0.48139442,6.774821e-03
0.119424,3.818182,3.817192,0.48104540,0.47752915,7.309609e-03
0.123636,3.818182,3.817192,0.47745345,0.47370214,7.856907e-03
0.127848,3.818182,3.817192,0.47390156,0.46991343,8.415529e-03
0.132061,3.818182,3.817192,0.47038914,0.46616305,8.984248e-03
0.136273,3.818182,3.817192,0.46691561,0.46245105,9.561801e-03
0.140485,3.818182,3.817192,0.46348039,0.45877751,1.014687e-02
0.144697,3.818182,3.817192,0.46008293,0.45514251,1.073810e-02
0.148909,3.818182,3.817192,0.45672266,0.45154613,1.133408e-02
0.153121,3.818182,3.817192,0.45339906,0.44798848,1.193338e-02
0.157333,3.818182,3.817192,0.45011160,0.44446968,1.253449e-02
0.161545,3.818182,3.817192,0.44685974,0.44098984,1.313587e-02
0.165758,3.818182,3.817192,0.44364297,0.43754912,1.373593e-02
0.169970,3.818182,3.817192,0.44046080,0.43414767,1.433302e-02
0.174182,3.818182,3.817192,0.43731274,0.43078565,1.492545e-02
0.178394,3.818182,3.817192,0.43419828,0.42746323,1.551146e-02
0.182606,3.818182,3.817192,0.43111696,0.42418061,1.608926e-02
0.186818,3.818182,3.817192,0.42806831,0.42093799,1.665698e-02
0.191030,3.818182,3.817192,0.42505187,0.41773558,1.721272e-02
0.195242,3.818182,3.817192,0.42206719,0.41457360,1.775449e-02
0.199455,3.818182,3.817192,0.41911382,0.41145230,1.828029e-02
0.203667,3.818182,3.817192,0.41619133,0.40837193,1.878799e-02
0.207879,3.818182,3.817192,0.41329929,0.40533275,1.927548e-02
0.212091,3.818182,3.817192,0.41043727,0.40233502,1.974053e-02
0.216303,3.818182,3.817192,0.40760486,0.39937905,2.018085e-02
0.220515,3.818182,3.817192,0.40480166,0.39646513,2.059413e-02
0.224727,3.818182,3.817192,0.40202727,0.39359356,2.097795e-02
0.228939,3.818182,3.817192,0.39928129,0.39076468,2.132985e-02
0.233152,3.818182,3.817192,0.39656333,0.38797882,2.164727e-02
0.237364,3.818182,3.817192,0.39387302,0.38523633,2.192762e-02
0.241576,3.818182,3.817192,0.39120999,0.38253756,2.216820e-02
0.245788,3.818182,3.817192,0.38857386,0.37988290,2.236629e-02
0.250000,3.818182,3.817192,0.38596427,0.37727272,2.251905e-02
-0.167000,3.878788,3.877782,0.86964208,0.83929755,3.489312e-02
-0.162788,3.878788,3.877782,0.86094351,0.83228106,3.329190e-02
-0.158576,3.878788,3.877782,0.85237473,0.82532878,3.173012e-02
-0.154364,3.878788,3.877782,0.84393318,0.81843991,3.020769e-02
-0.150152,3.878788,3.877782,0.83561635,0.81161368,2.872451e-02
-0.145939,3.878788,3.877782,0.82742179,0.80484932,2.728049e-02
-0.141727,3.878788,3.877782,0.81934712,0.79814608,2.587554e-02
-0.137515,3.878788,3.877782,0.81139002,0.79150322,2.450955e-02
-0.133303,3.878788,3.877782,0.80354821,0.78492002,2.318242e-02
-0.129091,3.878788,3.877782,0.79581948,0.77839575,2.189407e-02
-0.124879,3.878788,3.877782,0.78820166,0.77192972,2.064439e-02
-0.120667,3.878788,3.877782,0.78069264,0.76552123,1.943327e-02
-0.116455,3.878788,3.877782,0.77329037,0.75916961,1.826061e-02
-0.112242,3.878788,3.877782,0.76599282,0.75287419,1.712631e-02
-0.108030,3.878788,3.877782,0.75879803,0.74663431,1.603025e-02
-0.103818,3.878788,3.877782,0.75170409,0.74044934,1.497231e-02
-0.099606,3.878788,3.877782,0.74470911,0.73431864,1.395239e-02
-0.095394,3.878788,3.877782,0.73781126,0.72824159,1.297036e-02
-0.091182,3.878788,3.877782,0.73100876,0.72221759,1.202609e-02
-0.086970,3.878788,3.877782,0.72429986,0.71624605,1.111945e-02
-0.082758,3.878788,3.877782,0.71768285,0.71032638,1.025030e-02
-0.078545,3.878788,3.877782,0.71115605,0.70445802,9.418504e-03
-0.074333,3.878788,3.877782,0.70471784,0.69864041,8.623911e-03
-0.070121,3.878788,3.877782,0.69836662,0.69287301,7.866361e-03
-0.065909,3.878788,3.877782,0.69210082,0.68715528,7.145694e-03
-0.061697,3.878788,3.877782,0.68591894,0.68148671,6.461740e-03
-0.057485,3.878788,3.877782,0.67981947,0.67586678,5.814318e-03
-0.053273,3.878788,3.877782,0.67380095,0.67029500,5.203239e-03
-0.049061,3.878788,3.877782,0.66786196,0.66477089,4.628309e-03
-0.044848,3.878788,3.877782,0.66200111,0.65929398,4.089319e-03
-0.040636,3.878788,3.877782,0.65621704,0.65386381,3.586053e-03
-0.036424,3.878788,3.877782,0.65050839,0.64847992,3.118284e-03
-0.032212,3.878788,3.877782,0.64487388,0.64314190,2.685772e-03
-0.028000,3.878788,3.877782,0.63931223,0.63784931,2.288264e-03
-0.023788,3.878788,3.877782,0.63382217,0.63260175,1.925499e-03
-0.019576,3.878788,3.877782,0.62840250,0.62739881,1.597201e-03
-0.015364,3.878788,3.877782,0.62305201,0.62224012,1.303079e-03
-0.011152,3.878788,3.877782,0.61776952,0.61712530,1.042826e-03
-0.006939,3.878788,3.877782,0.61255390,0.61205398,8.161243e-04
-0.002727,3.878788,3.877782,0.60740402,0.60702583,6.226402e-04
0.001485,3.878788,3.877782,0.60231878,0.60204050,4.620199e-04
0.005697,3.878788,3.877782,0.59729711,0.59709767,3.339000e-04
0.009909,3.878788,3.877782,0.59233794,0.59219703,2.378888e-04
0.014121,3.878788,3.877782,0.58744024,0.58733827,1.735870e-04
0.018333,3.878788,3.877782,0.58260301,0.58252111,1.405705e-04
0.022545,3.878788,3.877782,0.57782525,0.57774528,1.383990e-04
0.026758,3.878788,3.877782,0.57310599,0.57301051,1.666066e-04
0.030970,3.878788,3.877782,0.56844429,0.56831655,2.247157e-04
0.035182,3.878788,3.877782,0.56383920,0.56366316,3.122150e-04
0.039394,3.878788,3.877782,0.55928982,0.55905012,4.285833e-04
0.043606,3.878788,3.877782,0.55479525,0.55447721,5.732649e-04
0.047818,3.878788,3.877782,0.55035462,0.54994423,7.456909e-04
0.052030,3.878788,3.877782,0.54596707,0.54545098,9.452597e-04
0.056242,3.878788,3.877782,0.54163174,0.54099730,1.171347e-03
0.060455,3.878788,3.877782,0.53734783,0.53658302,1.423301e-03
0.064667,3.878788,3.877782,0.53311451,0.53220798,1.700446e-03
0.068879,3.878788,3.877782,0.52893100,0.52787204,2.002078e-03
0.073091,3.878788,3.877782,0.52479652,0.52357507,2.327458e-03
0.077303,3.878788,3.877782,0.52071030,0.51931697,2.675826e-03
0.081515,3.878788,3.877782,0.51667159,0.51509761,3.046388e-03
0.085727,3.878788,3.877782,0.51267967,0.51091692,3.438319e-03
0.089939,3.878788,3.877782,0.50873382,0.50677480,3.850757e-03
0.094152,3.878788,3.877782,0.50483332,0.50267121,4.282820e-03
0.098364,3.878788,3.877782,0.50097748,0.49860607,4.733578e-03
0.102576,3.878788,3.877782,0.49716563,0.49457934,5.202074e-03
0.106788,3.878788,3.877782,0.49339710,0.49059100,5.687312e-03
0.111000,3.878788,3.877782,0.48967124,0.48664103,6.188267e-03
0.115212,3.878788,3.877782,0.48598740,0.48272941,6.703862e-03
0.119424,3.878788,3.877782,0.48234496,0.47885616,7.232995e-03
0.123636,3.878788,3.877782,0.47874330,0.47502130,7.774520e-03
0.127848,3.878788,3.877782,0.47518180,0.47122484,8.327251e-03
0.132061,3.878788,3.877782,0.47165988,0.46746685,8.889960e-03
0.136273,3.878788,3.877782,0.46817696,0.46374736,9.461375e-03
0.140485,3.878788,3.877782,0.46473245,0.46006645,1.004019e-02
0.144697,3.878788,3.877782,0.46132580,0.45642420,1.062503e-02
0.148909,3.878788,3.877782,0.45795645,0.45282069,1.121451e-02
0.153121,3.878788,3.877782,0.45462387,0.44925604,1.180718e-02
0.157333,3.878788,3.877782,0.45132751,0.44573036,1.240153e-02
0.161545,3.878788,3.877782,0.44806686,0.44224377,1.299603e-02
0.165758,3.878788,3.877782,0.44484140,0.43879641,1.358908e-02
0.169970,3.878788,3.877782,0.44165062,0.43538845,1.417903e-02
0.174182,3.878788,3.877782,0.43849404,0.43202003,1.476419e-02
0.178394,3.878788,3.877782,0.43537117,0.42869135,1.534281e-02
0.182606,3.878788,3.877782,0.43228152,0.42540258,1.591308e-02
0.186818,3.878788,3.877782,0.42922463,0.42215394,1.647316e-02
0.191030,3.878788,3.877782,0.42620003,0.41894563,1.702111e-02
0.195242,3.878788,3.877782,0.42320728,0.41577788,1.755499e-02
0.199455,3.878788,3.877782,0.42024592,0.41265093,1.807274e-02
0.203667,3.878788,3.877782,0.41731553,0.40956502,1.857230e-02
0.207879,3.878788,3.877782,0.41441567,0.40652043,1.905150e-02
0.212091,3.878788,3.877782,0.41154591,0.40351742,1.950813e-02
0.216303,3.878788,3.877782,0.40870585,0.40055628,1.993993e-02
0.220515,3.878788,3.877782,0.40589507,0.39763732,2.034455e-02
0.224727,3.878788,3.877782,0.40311318,0.39476084,2.071960e-02
0.228939,3.878788,3.877782,0.40035978,0.39192716,2.106259e-02
0.233152,3.878788,3.877782,0.39763447,0.38913663,2.137099e-02
0.237364,3.878788,3.877782,0.39493689,0.38638958,2.164220e-02
0.241576,3.878788,3.877782,0.39226665,0.38368639,2.187354e-02
0.245788,3.878788,3.877782,0.38962339,0.38102742,2.206226e-02
0.250000,3.878788,3.877782,0.38700675,0.37841306,2.220553e-02
-0.167000,3.939394,3.938373,0.87201635,0.84147397,3.502502e-02
-0.162788,3.939394,3.938373,0.86329401,0.83444103,3.342196e-02
-0.158576,3.939394,3.938373,0.85470181,0.82747241,3.185836e-02
-0.154364,3.939394,3.938373,0.84623719,0.82056734,3.033411e-02
-0.150152,3.939394,3.938373,0.83789763,0.81372503,2.884911e-02
-0.145939,3.939394,3.938373,0.82968068,0.80694471,2.740327e-02
-0.141727,3.939394,3.938373,0.82158394,0.80022565,2.599648e-02
-0.137515,3.939394,3.938373,0.81360509,0.79356708,2.462867e-02
-0.133303,3.939394,3.938373,0.80574185,0.78696830,2.329971e-02
-0.129091,3.939394,3.938373,0.79799200,0.78042858,2.200952e-02
-0.124879,3.939394,3.938373,0.79035336,0.77394722,2.075799e-02
-0.120667,3.939394,3.938373,0.78282382,0.76752352,1.954501e-02
-0.116455,3.939394,3.938373,0.77540132,0.76115682,1.837049e-02
-0.112242,3.939394,3.938373,0.76808383,0.75484644,1.723430e-02
-0.108030,3.939394,3.938373,0.76086938,0.74859173,1.613634e-02
-0.103818,3.939394,3.938373,0.75375605,0.74239204,1.507650e-02
-0.099606,3.939394,3.938373,0.74674195,0.73624676,1.405465e-02
-0.095394,3.939394,3.938373,0.73982526,0.73015525,1.307067e-02
-0.091182,3.939394,3.938373,0.73300417,0.72411692,1.212443e-02
-0.086970,3.939394,3.938373,0.72627694,0.71813116,1.121580e-02
-0.082758,3.939394,3.938373,0.71964184,0.71219741,1.034463e-02
-0.078545,3.939394,3.938373,0.71309721,0.70631509,9.510793e-03
-0.074333,3.939394,3.938373,0.70664141,0.70048364,8.714126e-03
-0.070121,3.939394,3.938373,0.70027283,0.69470253,7.954474e-03
-0.065909,3.939394,3.938373,0.69398992,0.68897121,7.231670e-03
-0.061697,3.939394,3.938373,0.68779114,0.68328917,6.545544e-03
-0.057485,3.939394,3.938373,0.68167500,0.67765590,5.895913e-03
-0.053273,3.939394,3.938373,0.67564004,0.67207091,5.282588e-03
-0.049061,3.939394,3.938373,0.66968483,0.66653371,4.705371e-03
-0.044848,3.939394,3.938373,0.66380796,0.66104384,4.164050e-03
-0.040636,3.939394,3.938373,0.65800808,0.65560082,3.658409e-03
-0.036424,3.939394,3.938373,0.65228384,0.65020422,3.188218e-03
-0.032212,3.939394,3.938373,0.64663394,0.64485361,2.753233e-03
-0.028000,3.939394,3.938373,0.64105709,0.63954855,2.353204e-03
-0.023788,3.939394,3.938373,0.63555203,0.63428864,1.987864e-03
-0.019576,3.939394,3.938373,0.63011755,0.62907349,1.656934e-03
-0.015364,3.939394,3.938373,0.62475244,0.62390270,1.360121e-03
-0.011152,3.939394,3.938373,0.61945553,0.61877591,1.097121e-03
-0.006939,3.939394,3.938373,0.61422566,0.61369275,8.676102e-04
-0.002727,3.939394,3.938373,0.60906171,0.60865288,6.712520e-04
0.001485,3.939394,3.938373,0.60396258,0.60365595,5.076896e-04
0.005697,3.939394,3.938373,0.59892718,0.59870165,3.765590e-04
0.009909,3.939394,3.938373,0.59395446,0.59378966,2.774687e-04
0.014121,3.939394,3.938373,0.58904339,0.58891968,2.100149e-04
0.018333,3.939394,3.938373,0.58419294,0.58409143,1.737722e-04
0.022545,3.939394,3.938373,0.57940213,0.57930462,1.682961e-04
0.026758,3.939394,3.938373,0.57466999,0.57455900,1.931231e-04
0.030970,3.939394,3.938373,0.56999554,0.56985432,2.477638e-04
0.035182,3.939394,3.938373,0.56537788,0.56519033,3.317182e-04
0.039394,3.939394,3.938373,0.56081607,0.56056681,4.444545e-04
0.043606,3.939394,3.938373,0.55630923,0.55598355,5.854175e-04
0.047818,3.939394,3.938373,0.55185646,0.55144034,7.540361e-04
0.052030,3.939394,3.938373,0.54745692,0.54693700,9.497049e-04
0.056242,3.939394,3.938373,0.54310976,0.54247334,1.171797e-03
0.060455,3.939394,3.938373,0.53881414,0.53804920,1.419663e-03
0.064667,3.939394,3.938373,0.53456926,0.53366444,1.692623e-03
0.068879,3.939394,3.938373,0.53037432,0.52931889,1.989970e-03
0.073091,3.939394,3.938373,0.52622854,0.52501245,2.310964e-03
0.077303,3.939394,3.938373,0.52213117,0.52074499,2.654846e-03
0.081515,3.939394,3.938373,0.51808143,0.51651640,3.020817e-03
0.085727,3.939394,3.938373,0.51407861,0.51232660,3.408047e-03
0.089939,3.939394,3.938373,0.51012197,0.50817551,3.815679e-03
0.094152,3.939394,3.938373,0.50621082,0.50406306,4.242825e-03
0.098364,3.939394,3.938373,0.50234445,0.49998918,4.688554e-03
0.102576,3.939394,3.938373,0.49852219,0.49595385,5.151911e-03
0.106788,3.939394,3.938373,0.49474337,0.49195703,5.631899e-03
0.111000,3.939394,3.938373,0.49100734,0.48799870,6.127481e-03
0.115212,3.939394,3.938373,0.48731344,0.48407885,6.637590e-03
0.119424,3.939394,3.938373,0.48366105,0.48019749,7.161121e-03
0.123636,3.939394,3.938373,0.48004954,0.47635464,7.696925e-03
0.127848,3.939394,3.938373,0.47647832,0.47255033,8.243810e-03
0.132061,3.939394,3.938373,0.47294679,0.46878459,8.800551e-03
0.136273,3.939394,3.938373,0.46945435,0.46505750,9.365877e-03
0.140485,3.939394,3.938373,0.46600043,0.46136910,9.938475e-03
0.144697,3.939394,3.938373,0.46258448,0.45771949,1.051699e-02
0.148909,3.939394,3.938373,0.45920593,0.45410875,1.110000e-02
0.153121,3.939394,3.938373,0.45586425,0.45053698,1.168608e-02
0.157333,3.939394,3.938373,0.45255889,0.44700431,1.227372e-02
0.161545,3.939394,3.938373,0.44928933,0.44351085,1.286137e-02
0.165758,3.939394,3.938373,0.44605506,0.44005676,1.344745e-02
0.169970,3.939394,3.938373,0.44285557,0.43664218,1.403030e-02
0.174182,3.939394,3.938373,0.43969037,0.43326728,1.460823e-02
0.178394,3.939394,3.938373,0.43655897,0.42993223,1.517949e-02
0.182606,3.939394,3.938373,0.43346088,0.42663722,1.574228e-02
0.186818,3.939394,3.938373,0.43039565,0.42338246,1.629474e-02
0.191030,3.939394,3.938373,0.42736279,0.42016816,1.683495e-02
0.195242,3.939394,3.938373,0.42436187,0.41699454,1.736096e-02
0.199455,3.939394,3.938373,0.42139243,0.41386185,1.787071e-02
0.203667,3.939394,3.938373,0.41845403,0.41077032,1.836214e-02
0.207879,3.939394,3.938373,0.41554625,0.40772023,1.883308e-02
0.212091,3.939394,3.938373,0.41266866,0.40471186,1.928134e-02
0.216303,3.939394,3.938373,0.40982084,0.40174548,1.970463e-02
0.220515,3.939394,3.938373,0.40700239,0.39882139,2.010063e-02
0.224727,3.939394,3.938373,0.40421290,0.39593991,2.046691e-02
0.228939,3.939394,3.938373,0.40145198,0.39310136,2.080103e-02
0.233152,3.939394,3.938373,0.39871923,0.39030608,2.110043e-02
0.237364,3.939394,3.938373,0.39601429,0.38755442,2.136253e-02
0.241576,3.939394,3.938373,0.39333676,0.38484673,2.158463e-02
0.245788,3.939394,3.938373,0.39068628,0.38218339,2.176400e-02
0.250000,3.939394,3.938373,0.38806249,0.37956478,2.189781e-02
-0.167000,4.000000,3.998963,0.87442013,0.84367733,3.515792e-02
-0.162788,4.000000,3.998963,0.86567372,0.83662769,3.355309e-02
-0.158576,4.000000,3.998963,0.85705781,0.82964249,3.198771e-02
-0.154364,4.000000,3.998963,0.84856983,0.82272097,3.046168e-02
-0.150152,4.000000,3.998963,0.84020726,0.81586233,2.897491e-02
-0.145939,4.000000,3.998963,0.83196763,0.80906581,2.752730e-02
-0.141727,4.000000,3.998963,0.82384856,0.80233067,2.611874e-02
-0.137515,4.000000,3.998963,0.81584769,0.79565616,2.474915e-02
-0.133303,4.000000,3.998963,0.80796276,0.78904155,2.341841e-02
-0.129091,4.000000,3.998963,0.80019152,0.78248613,2.212643e-02
-0.124879,4.000000,3.998963,0.79253180,0.77598920,2.087311e-02
-0.120667,4.000000,3.998963,0.78498149,0.76955006,1.965833e-02
-0.116455,4.000000,3.998963,0.77753851,0.76316804,1.848199e-02
-0.112242,4.000000,3.998963,0.77020083,0.75684247,1.734399e-02
-0.108030,4.000000,3.998963,0.76296647,0.75057270,1.624419e-02
-0.103818,4.000000,3.998963,0.75583352,0.74435808,1.518249e-02
-0.099606,4.000000,3.998963,0.74880007,0.73819798,1.415877e-02
-0.095394,4.000000,3.998963,0.74186429,0.73209179,1.317290e-02
-0.091182,4.000000,3.998963,0.73502439,0.72603890,1.222475e-02
-0.086970,4.000000,3.998963,0.72827859,0.72003871,1.131418e-02
-0.082758,4.000000,3.998963,0.72162519,0.71409066,1.044106e-02
-0.078545,4.000000,3.998963,0.71506250,0.70819416,9.605238e-03
-0.074333,4.000000,3.998963,0.70858889,0.70234866,8.806557e-03
-0.070121,4.000000,3.998963,0.70220274,0.69655362,8.044860e-03
-0.065909,4.000000,3.998963,0.69590250,0.69080850,7.319982e-03
-0.061697,4.000000,3.998963,0.68968662,0.68511279,6.631745e-03
-0.057485,4.000000,3.998963,0.68355361,0.67946598,5.979968e-03
-0.053273,4.000000,3.998963,0.67750200,0.67386757,5.364459e-03
-0.049061,4.000000,3.998963,0.67153036,0.66831707,4.785017e-03
-0.044848,4.000000,3.998963,0.66563728,0.66281403,4.241428e-03
-0.040636,4.000000,3.998963,0.65982140,0.65735798,3.733473e-03
-0.036424,4.000000,3.998963,0.65408137,0.65194846,3.260924e-03
-0.032212,4.000000,3.998963,0.64841588,0.64658506,2.823531e-03
-0.028000,4.000000,3.998963,0.64282365,0.64126734,2.421042e-03
-0.023788,4.000000,3.998963,0.63730341,0.63599490,2.053190e-03
-0.019576,4.000000,3.998963,0.63185394,0.63076734,1.719694e-03
-0.015364,4.000000,3.998963,0.62647403,0.62558427,1.420255e-03
-0.011152,4.000000,3.998963,0.62116250,0.62044533,1.154571e-03
-0.006939,4.000000,3.998963,0.61591821,0.61535014,9.223110e-04
-0.002727,4.000000,3.998963,0.61074001,0.61029836,7.231427e-04
0.001485,4.000000,3.998963,0.60562682,0.60528966,5.567051e-04
0.005697,4.000000,3.998963,0.60057753,0.60032371,4.226284e-04
0.009909,4.000000,3.998963,0.59559110,0.59540020,3.205232e-04
0.014121,4.000000,3.998963,0.59066648,0.59051882,2.499792e-04
0.018333,4.000000,3.998963,0.58580265,0.58567930,2.105741e-04
0.022545,4.000000,3.998963,0.58099863,0.58088135,2.018571e-04
0.026758,4.000000,3.998963,0.57625343,0.57612471,2.233636e-04
0.030970,4.000000,3.998963,0.57156610,0.57140914,2.746069e-04
0.035182,4.000000,3.998963,0.56693569,0.56673439,3.550767e-04
0.039394,4.000000,3.998963,0.56236131,0.56210023,4.642426e-04
0.043606,4.000000,3.998963,0.55784203,0.55750646,6.015486e-04
0.047818,4.000000,3.998963,0.55337699,0.55295287,7.664215e-04
0.052030,4.000000,3.998963,0.54896531,0.54843926,9.582490e-04
0.056242,4.000000,3.998963,0.54460616,0.54396548,1.176412e-03
0.060455,4.000000,3.998963,0.54029869,0.53953133,1.420250e-03
0.064667,4.000000,3.998963,0.53604211,0.53513668,1.689087e-03
0.068879,4.000000,3.998963,0.53183560,0.53078139,1.982208e-03
0.073091,4.000000,3.998963,0.52767839,0.52646532,2.298880e-03
0.077303,4.000000,3.998963,0.52356971,0.52218836,2.638331e-03
0.081515,4.000000,3.998963,0.51950881,0.51795040,2.999768e-03
0.085727,4.000000,3.998963,0.51549495,0.51375136,3.382361e-03
0.089939,4.000000,3.998963,0.51152740,0.50959114,3.785244e-03
0.094152,4.000000,3.998963,0.50760546,0.50546970,4.207533e-03
0.098364,4.000000,3.998963,0.50372843,0.50138696,4.648291e-03
0.102576,4.000000,3.998963,0.49989564,0.49734288,5.106567e-03
0.106788,4.000000,3.998963,0.49610639,0.49333745,5.581354e-03
0.111000,4.000000,3.998963,0.49236005,0.48937063,6.071622e-03
0.115212,4.000000,3.998963,0.48865597,0.48544242,6.576305e-03
0.119424,4.000000,3.998963,0.48499350,0.48155282,7.094281e-03
0.123636,4.000000,3.998963,0.48137204,0.47770187,7.624412e-03
0.127848,4.000000,3.998963,0.47779098,0.47388957,8.165507e-03
0.132061,4.000000,3.998963,0.47424970,0.47011598,8.716335e-03
0.136273,4.000000,3.998963,0.47074763,0.46638116,9.275622e-03
0.140485,4.000000,3.998963,0.46728420,0.46268516,9.842060e-03
0.144697,4.000000,3.998963,0.46385882,0.45902807,1.041428e-02
0.148909,4.000000,3.998963,0.46047096,0.45540998,1.099088e-02
0.153121,4.000000,3.998963,0.45712006,0.45183099,1.157042e-02
0.157333,4.000000,3.998963,0.45380558,0.44829122,1.215138e-02
0.161545,4.000000,3.998963,0.45052702,0.44479079,1.273224e-02
0.165758,4.000000,3.998963,0.44728383,0.44132986,1.331139e-02
0.169970,4.000000,3.998963,0.44407552,0.43790856,1.388719e-02
0.174182,4.000000,3.998963,0.44090159,0.43452707,1.445793e-02
0.178394,4.000000,3.998963,0.43776156,0.43118555,1.502188e-02
0.182606,4.000000,3.998963,0.43465493,0.42788421,1.557723e-02
0.186818,4.000000,3.998963,0.43158124,0.42462324,1.612211e-02
0.191030,4.000000,3.998963,0.42854002,0.42140285,1.665462e-02
0.195242,4.000000,3.998963,0.42553082,0.41822327,1.717279e-02
0.199455,4.000000,3.998963,0.42255320,0.41508475,1.767459e-02
0.203667,4.000000,3.998963,0.41960670,0.41198752,1.815792e-02
0.207879,4.000000,3.998963,0.41669091,0.40893185,1.862065e-02
0.212091,4.000000,3.998963,0.41380538,0.40591802,1.906055e-02
0.216303,4.000000,3.998963,0.41094971,0.40294631,1.947537e-02
0.220515,4.000000,3.998963,0.40812349,0.40001703,1.986276e-02
0.224727,4.000000,3.998963,0.40532631,0.39713048,2.022033e-02
0.228939,4.000000,3.998963,0.40255778,0.39428698,2.054560e-02
0.233152,4.000000,3.998963,0.39981750,0.39148688,2.083604e-02
0.237364,4.000000,3.998963,0.39710509,0.38873052,2.108905e-02
0.241576,4.000000,3.998963,0.39442018,0.38601827,2.130194e-02
0.245788,4.000000,3.998963,0.39176240,0.38335048,2.147199e-02
0.250000,4.000000,3.998963,0.38913138,0.38072756,2.159636e-02
-0.167000,4.060606,4.059553,0.87685313,0.84590734,3.529187e-02
-0.162788,4.060606,4.059553,0.86808236,0.83884073,3.368531e-02
-0.158576,4.060606,4.059553,0.85944246,0.83183871,3.211821e-02
-0.154364,4.060606,4.059553,0.85093084,0.82490047,3.059046e-02
-0.150152,4.060606,4.059553,0.84254497,0.81802525,2.910197e-02
-0.145939,4.060606,4.059553,0.83428240,0.81121229,2.765264e-02
-0.141727,4.060606,4.059553,0.82614071,0.80446083,2.624236e-02
-0.137515,4.060606,4.059553,0.81811756,0.79777012,2.487105e-02
-0.133303,4.060606,4.059553,0.81021067,0.79113945,2.353859e-02
-0.129091,4.060606,4.059553,0.80241779,0.78456810,2.224488e-02
-0.124879,4.060606,4.059553,0.79473674,0.77805536,2.098982e-02
-0.120667,4.060606,4.059553,0.78716540,0.77160055,1.977330e-02
-0.116455,4.060606,4.059553,0.77970169,0.76520298,1.859521e-02
-0.112242,4.060606,4.059553,0.77234357,0.75886198,1.745543e-02
-0.108030,4.060606,4.059553,0.76508908,0.75257692,1.635386e-02
-0.103818,4.060606,4.059553,0.75793625,0.74634713,1.529037e-02
-0.099606,4.060606,4.059553,0.75088322,0.74017200,1.426484e-02
-0.095394,4.060606,4.059553,0.74392813,0.73405090,1.327714e-02
-0.091182,4.060606,4.059553,0.73706918,0.72798322,1.232714e-02
-0.086970,4.060606,4.059553,0.73030460,0.72196839,1.141470e-02
-0.082758,4.060606,4.059553,0.72363267,0.71600581,1.053968e-02
-0.078545,4.060606,4.059553,0.71705170,0.71009492,9.701936e-03
-0.074333,4.060606,4.059553,0.71056006,0.70423515,8.901306e-03
-0.070121,4.060606,4.059553,0.70415613,0.69842597,8.137630e-03
-0.065909,4.060606,4.059553,0.69783835,0.69266685,7.410741e-03
-0.061697,4.060606,4.059553,0.69160516,0.68695725,6.720460e-03
-0.057485,4.060606,4.059553,0.68545507,0.68129669,6.066601e-03
-0.053273,4.060606,4.059553,0.67938661,0.67568465,5.448973e-03
-0.049061,4.060606,4.059553,0.67339834,0.67012066,4.867369e-03
-0.044848,4.060606,4.059553,0.66748886,0.66460425,4.321580e-03
-0.040636,4.060606,4.059553,0.66165678,0.65913496,3.811381e-03
-0.036424,4.060606,4.059553,0.65590077,0.65371233,3.336538e-03
-0.032212,4.060606,4.059553,0.65021951,0.64833595,2.896805e-03
-0.028000,4.060606,4.059553,0.64461170,0.64300538,2.491925e-03
-0.023788,4.060606,4.059553,0.63907609,0.63772021,2.121626e-03
-0.019576,4.060606,4.059553,0.63361145,0.63248005,1.785629e-03
-0.015364,4.060606,4.059553,0.62821656,0.62728452,1.483633e-03
-0.011152,4.060606,4.059553,0.62289025,0.62213323,1.215331e-03
-0.006939,4.060606,4.059553,0.61763135,0.61702583,9.803938e-04
-0.002727,4.060606,4.059553,0.61243874,0.61196197,7.784828e-04
0.001485,4.060606,4.059553,0.60731131,0.60694131,6.092359e-04
0.005697,4.060606,4.059553,0.60224796,0.60196353,4.722829e-04
0.009909,4.060606,4.059553,0.59724765,0.59702832,3.672288e-04
0.014121,4.060606,4.059553,0.59230932,0.59213538,2.936665e-04
0.018333,4.060606,4.059553,0.58743195,0.58728441,2.511630e-04
0.022545,4.060606,4.059553,0.58261455,0.58247515,2.392753e-04
0.026758,4.060606,4.059553,0.57785614,0.57770733,2.575277e-04
0.030970,4.060606,4.059553,0.57315576,0.57298070,3.054379e-04
0.035182,4.060606,4.059553,0.56851247,0.56829502,3.824921e-04
0.039394,4.060606,4.059553,0.56392535,0.56365006,4.881550e-04
0.043606,4.060606,4.059553,0.55939349,0.55904562,6.218718e-04
0.047818,4.060606,4.059553,0.55491602,0.55448148,7.830640e-04
0.052030,4.060606,4.059553,0.55049206,0.54995747,9.711219e-04
0.056242,4.060606,4.059553,0.54612077,0.54547339,1.185419e-03
0.060455,4.060606,4.059553,0.54180132,0.54102909,1.425296e-03
0.064667,4.060606,4.059553,0.53753288,0.53662441,1.690075e-03
0.068879,4.060606,4.059553,0.53331467,0.53225922,1.979036e-03
0.073091,4.060606,4.059553,0.52914588,0.52793337,2.291445e-03
0.077303,4.060606,4.059553,0.52502577,0.52364677,2.626536e-03
0.081515,4.060606,4.059553,0.52095356,0.51939929,2.983501e-03
0.085727,4.060606,4.059553,0.51692853,0.51519086,3.361517e-03
0.089939,4.060606,4.059553,0.51294994,0.51102139,3.759719e-03
0.094152,4.060606,4.059553,0.50901708,0.50689081,4.177211e-03
0.098364,4.060606,4.059553,0.50512926,0.50279907,4.613062e-03
0.102576,4.060606,4.059553,0.50128580,0.49874612,5.066316e-03
0.106788,4.060606,4.059553,0.49748601,0.49473194,5.535965e-03
0.111000,4.060606,4.059553,0.49372924,0.49075650,6.020981e-03
0.115212,4.060606,4.059553,0.49001484,0.48681981,6.520288e-03
0.119424,4.060606,4.059553,0.48634219,0.48292185,7.032774e-03
0.123636,4.060606,4.059553,0.48271065,0.47906266,7.557295e-03
0.127848,4.060606,4.059553,0.47911961,0.47524226,8.092657e-03
0.132061,4.060606,4.059553,0.47556848,0.47146070,8.637629e-03
0.136273,4.060606,4.059553,0.47205667,0.46771803,9.190933e-03
0.140485,4.060606,4.059553,0.46858359,0.46401431,9.751260e-03
0.144697,4.060606,4.059553,0.46514868,0.46034963,1.031725e-02
0.148909,4.060606,4.059553,0.46175139,0.45672408,1.088749e-02
0.153121,4.060606,4.059553,0.45839116,0.45313775,1.146054e-02
0.157333,4.060606,4.059553,0.45506747,0.44959078,1.203489e-02
0.161545,4.060606,4.059553,0.45177977,0.44608328,1.260900e-02
0.165758,4.060606,4.059553,0.44852756,0.44261539,1.318127e-02
0.169970,4.060606,4.059553,0.44531032,0.43918728,1.375006e-02
0.174182,4.060606,4.059553,0.44212756,0.43579909,1.431367e-02
0.178394,4.060606,4.059553,0.43897878,0.43245102,1.487035e-02
0.182606,4.060606,4.059553,0.43586351,0.42914324,1.541830e-02
0.186818,4.060606,4.059553,0.43278127,0.42587596,1.595566e-02
0.191030,4.060606,4.059553,0.42973159,0.42264939,1.648051e-02
0.195242,4.060606,4.059553,0.42671402,0.41946377,1.699088e-02
0.199455,4.060606,4.059553,0.42372810,0.41631932,1.748476e-02
0.203667,4.060606,4.059553,0.42077341,0.41321630,1.796004e-02
0.207879,4.060606,4.059553,0.41784950,0.41015497,1.841460e-02
0.212091,4.060606,4.059553,0.41495594,0.40713560,1.884620e-02
0.216303,4.060606,4.059553,0.41209233,0.40415849,1.925258e-02
0.220515,4.060606,4.059553,0.40925824,0.40122392,1.963142e-02
0.224727,4.060606,4.059553,0.40645328,0.39833222,1.998030e-02
0.228939,4.060606,4.059553,0.40367704,0.39548371,2.029676e-02
0.233152,4.060606,4.059553,0.40092914,0.39267871,2.057826e-02
0.237364,4.060606,4.059553,0.39820919,0.38991759,2.082222e-02
0.241576,4.060606,4.059553,0.39551680,0.38720069,2.102594e-02
0.245788,4.060606,4.059553,0.39285163,0.38452840,2.118670e-02
0.250000,4.060606,4.059553,0.39021328,0.38190109,2.130166e-02
-0.167000,4.121212,4.120144,0.87931509,0.84816367,3.542691e-02
-0.162788,4.121212,4.120144,0.87051966,0.84107984,3.381867e-02
-0.158576,4.121212,4.120144,0.86185548,0.83406073,3.224990e-02
-0.154364,4.121212,4.120144,0.85331994,0.82710554,3.072048e-02
-0.150152,4.121212,4.120144,0.84491051,0.82021350,2.923033e-02
-0.145939,4.121212,4.120144,0.83662471,0.81338384,2.777934e-02
-0.141727,4.121212,4.120144,0.82846015,0.80661581,2.636740e-02
-0.137515,4.121212,4.120144,0.82041445,0.79990867,2.499442e-02
-0.133303,4.121212,4.120144,0.81248534,0.79326169,2.366030e-02
-0.129091,4.121212,4.120144,0.80467055,0.78667416,2.236492e-02
-0.124879,4.121212,4.120144,0.79696792,0.78014538,2.110818e-02
-0.120667,4.121212,4.120144,0.78937531,0.77367465,1.988998e-02
-0.116455,4.121212,4.120144,0.78189062,0.76726130,1.871019e-02
-0.112242,4.121212,4.120144,0.77451183,0.76090465,1.756872e-02
-0.108030,4.121212,4.120144,0.76723694,0.75460406,1.646543e-02
-0.103818,4.121212,4.120144,0.76006402,0.74835888,1.540021e-02
-0.099606,4.121212,4.120144,0.75299117,0.74216848,1.437293e-02
-0.095394,4.121212,4.120144,0.74601654,0.73603225,1.338347e-02
-0.091182,4.121212,4.120144,0.73913831,0.72994958,1.243168e-02
-0.086970,4.121212,4.120144,0.73235472,0.72391987,1.151744e-02
-0.082758,4.121212,4.120144,0.72566404,0.71794255,1.064059e-02
-0.078545,4.121212,4.120144,0.71906459,0.71201704,9.800992e-03
-0.074333,4.121212,4.120144,0.71255471,0.70614280,8.998480e-03
-0.070121,4.121212,4.120144,0.70613278,0.70031927,8.232893e-03
-0.065909,4.121212,4.120144,0.69979724,0.69454592,7.504061e-03
-0.061697,4.121212,4.120144,0.69354654,0.68882224,6.811803e-03
-0.057485,4.121212,4.120144,0.68737917,0.68314771,6.155932e-03
-0.053273,4.121212,4.120144,0.68129366,0.67752185,5.536254e-03
-0.049061,4.121212,4.120144,0.67528857,0.67194416,4.952562e-03
-0.044848,4.121212,4.120144,0.66936248,0.66641418,4.404641e-03
-0.040636,4.121212,4.120144,0.66351402,0.66093145,3.892266e-03
-0.036424,4.121212,4.120144,0.65774184,0.65549552,3.415201e-03
-0.032212,4.121212,4.120144,0.65204461,0.65010595,2.973196e-03
-0.028000,4.121212,4.120144,0.64642105,0.64476233,2.565995e-03
-0.023788,4.121212,4.120144,0.64086989,0.63946425,2.193324e-03
-0.019576,4.121212,4.120144,0.63538989,0.63421131,1.854897e-03
-0.015364,4.121212,4.120144,0.62997984,0.62900311,1.550416e-03
-0.011152,4.121212,4.120144,0.62463857,0.62383930,1.279569e-03
-0.006939,4.121212,4.120144,0.61936490,0.61871950,1.042025e-03
-0.002727,4.121212,4.120144,0.61415770,0.61364338,8.374423e-04
0.001485,4.121212,4.120144,0.60901586,0.60861059,6.654573e-04
0.005697,4.121212,4.120144,0.60393829,0.60362080,5.256989e-04
0.009909,4.121212,4.120144,0.59892393,0.59867372,4.177702e-04
0.014121,4.121212,4.120144,0.59397173,0.59376903,3.412576e-04
0.018333,4.121212,4.120144,0.58908066,0.58890645,2.957309e-04
0.022545,4.121212,4.120144,0.58424973,0.58408570,2.807427e-04
0.026758,4.121212,4.120144,0.57947795,0.57930653,2.958182e-04
0.030970,4.121212,4.120144,0.57476436,0.57456868,3.404662e-04
0.035182,4.121212,4.120144,0.57010803,0.56987190,4.141755e-04
0.039394,4.121212,4.120144,0.56550802,0.56521599,5.164078e-04
0.043606,4.121212,4.120144,0.56096343,0.56060071,6.466055e-04
0.047818,4.121212,4.120144,0.55647338,0.55602587,8.041876e-04
0.052030,4.121212,4.120144,0.55203700,0.55149128,9.885455e-04
0.056242,4.121212,4.120144,0.54765343,0.54699677,1.199047e-03
0.060455,4.121212,4.120144,0.54332184,0.54254216,1.435036e-03
0.064667,4.121212,4.120144,0.53904142,0.53812730,1.695823e-03
0.068879,4.121212,4.120144,0.53481135,0.53375205,1.980697e-03
0.073091,4.121212,4.120144,0.53063086,0.52941629,2.288915e-03
0.077303,4.121212,4.120144,0.52649917,0.52511990,2.619711e-03
0.081515,4.121212,4.120144,0.52241553,0.52086276,2.972277e-03
0.085727,4.121212,4.120144,0.51837919,0.51664480,3.345785e-03
0.089939,4.121212,4.120144,0.51438942,0.51246593,3.739370e-03
0.094152,4.121212,4.120144,0.51044552,0.50832608,4.152131e-03
0.098364,4.121212,4.120144,0.50654678,0.50422521,4.583145e-03
0.102576,4.121212,4.120144,0.50269252,0.50016325,5.031439e-03
0.106788,4.121212,4.120144,0.49888206,0.49614019,5.496021e-03
0.111000,4.121212,4.120144,0.49511474,0.49215601,5.975849e-03
0.115212,4.121212,4.120144,0.49138991,0.48821069,6.469849e-03
0.119424,4.121212,4.120144,0.48770694,0.48430425,6.976909e-03
0.123636,4.121212,4.120144,0.48406520,0.48043671,7.495877e-03
0.127848,4.121212,4.120144,0.48046408,0.47660808,8.025569e-03
0.132061,4.121212,4.120144,0.47690298,0.47281842,8.564744e-03
0.136273,4.121212,4.120144,0.47338130,0.46906779,9.112130e-03
0.140485,4.121212,4.120144,0.46989847,0.46535623,9.666412e-03
0.144697,4.121212,4.120144,0.46645391,0.46168385,1.022623e-02
0.148909,4.121212,4.120144,0.46304708,0.45805072,1.079017e-02
0.153121,4.121212,4.120144,0.45967742,0.45445696,1.135679e-02
0.157333,4.121212,4.120144,0.45634438,0.45090267,1.192458e-02
0.161545,4.121212,4.120144,0.45304746,0.44738799,1.249200e-02
0.165758,4.121212,4.120144,0.44978611,0.44391305,1.305745e-02
0.169970,4.121212,4.120144,0.44655984,0.44047801,1.361929e-02
0.174182,4.121212,4.120144,0.44336814,0.43708303,1.417582e-02
0.178394,4.121212,4.120144,0.44021052,0.43372829,1.472529e-02
0.182606,4.121212,4.120144,0.43708650,0.43041399,1.526589e-02
0.186818,4.121212,4.120144,0.43399560,0.42714031,1.579577e-02
0.191030,4.121212,4.120144,0.43093736,0.42390747,1.631301e-02
0.195242,4.121212,4.120144,0.42791131,0.42071571,1.681565e-02
0.199455,4.121212,4.120144,0.42491702,0.41756525,1.730166e-02
0.203667,4.121212,4.120144,0.42195402,0.41445635,1.776894e-02
0.207879,4.121212,4.120144,0.41902190,0.41138927,1.821536e-02
0.212091,4.121212,4.120144,0.41612022,0.40836428,1.863870e-02
0.216303,4.121212,4.120144,0.41324857,0.40538168,1.903670e-02
0.220515,4.121212,4.120144,0.41040652,0.40244176,1.940701e-02
0.224727,4.121212,4.120144,0.40759368,0.39954483,1.974725e-02
0.228939,4.121212,4.120144,0.40480965,0.39669121,2.005494e-02
0.233152,4.121212,4.120144,0.40205403,0.39388125,2.032756e-02
0.237364,4.121212,4.120144,0.39932644,0.39111529,2.056250e-02
0.241576,4.121212,4.120144,0.39662650,0.38839369,2.075709e-02
0.245788,4.121212,4.120144,0.39395384,0.38571682,2.090859e-02
0.250000,4.121212,4.120144,0.39130809,0.38308507,2.101419e-02
-0.167000,4.181818,4.180734,0.88180571,0.85044600,3.556306e-02
-0.162788,4.181818,4.180734,0.87298535,0.84334470,3.395321e-02
-0.158576,4.181818,4.180734,0.86429661,0.83630824,3.238282e-02
-0.154364,4.181818,4.180734,0.85573687,0.82933585,3.085180e-02
-0.150152,4.181818,4.180734,0.84730360,0.82242673,2.936004e-02
-0.145939,4.181818,4.180734,0.83899431,0.81558012,2.790745e-02
-0.141727,4.181818,4.180734,0.83080660,0.80879528,2.649391e-02
-0.137515,4.181818,4.180734,0.82273810,0.80207146,2.511933e-02
-0.133303,4.181818,4.180734,0.81478650,0.79540794,2.378360e-02
-0.129091,4.181818,4.180734,0.80694957,0.78880400,2.248662e-02
-0.124879,4.181818,4.180734,0.79922510,0.78225893,2.122827e-02
-0.120667,4.181818,4.180734,0.79161096,0.77577205,2.000845e-02
-0.116455,4.181818,4.180734,0.78410506,0.76934268,1.882704e-02
-0.112242,4.181818,4.180734,0.77670535,0.76297015,1.768392e-02
-0.108030,4.181818,4.180734,0.76940984,0.75665380,1.657898e-02
-0.103818,4.181818,4.180734,0.76221658,0.75039300,1.551210e-02
-0.099606,4.181818,4.180734,0.75512368,0.74418712,1.448314e-02
-0.095394,4.181818,4.180734,0.74812928,0.73803553,1.349198e-02
-0.091182,4.181818,4.180734,0.74123155,0.73193763,1.253849e-02
-0.086970,4.181818,4.180734,0.73442873,0.72589283,1.162251e-02
-0.082758,4.181818,4.180734,0.72771909,0.71990055,1.074390e-02
-0.078545,4.181818,4.180734,0.72110093,0.71396022,9.902516e-03
-0.074333,4.181818,4.180734,0.71457260,0.70807128,9.098193e-03
-0.070121,4.181818,4.180734,0.70813247,0.70223318,8.330765e-03
-0.065909,4.181818,4.180734,0.70177897,0.69644541,7.600061e-03
-0.061697,4.181818,4.180734,0.69551055,0.69070743,6.905900e-03
-0.057485,4.181818,4.180734,0.68932570,0.68501873,6.248090e-03
-0.053273,4.181818,4.180734,0.68322294,0.67937883,5.626434e-03
-0.049061,4.181818,4.180734,0.67720083,0.67378725,5.040726e-03
-0.044848,4.181818,4.180734,0.67125794,0.66824349,4.490747e-03
-0.040636,4.181818,4.180734,0.66539291,0.66274712,3.976270e-03
-0.036424,4.181818,4.180734,0.65960436,0.65729769,3.497057e-03
-0.032212,4.181818,4.180734,0.65389099,0.65189475,3.052857e-03
-0.028000,4.181818,4.180734,0.64825149,0.64653789,2.643410e-03
-0.023788,4.181818,4.180734,0.64268459,0.64122670,2.268441e-03
-0.019576,4.181818,4.180734,0.63718906,0.63596078,1.927660e-03
-0.015364,4.181818,4.180734,0.63176369,0.63073974,1.620768e-03
-0.011152,4.181818,4.180734,0.62640727,0.62556322,1.347452e-03
-0.006939,4.181818,4.180734,0.62111865,0.62043084,1.107375e-03
-0.002727,4.181818,4.180734,0.61589670,0.61534227,9.001968e-04
0.001485,4.181818,4.180734,0.61074029,0.61029716,7.255536e-04
0.005697,4.181818,4.180734,0.60564833,0.60529520,5.830645e-04
0.009909,4.181818,4.180734,0.60061976,0.60033606,4.723363e-04
0.014121,4.181818,4.180734,0.59565352,0.59541945,3.929529e-04
0.018333,4.181818,4.180734,0.59074859,0.59054509,3.444795e-04
0.022545,4.181818,4.180734,0.58590397,0.58571269,3.264642e-04
0.026758,4.181818,4.180734,0.58111867,0.58092199,3.384359e-04
0.030970,4.181818,4.180734,0.57639172,0.57617275,3.799005e-04
0.035182,4.181818,4.180734,0.57172219,0.57146472,4.503380e-04
0.039394,4.181818,4.180734,0.56710915,0.56679768,5.492190e-04
0.043606,4.181818,4.180734,0.56255168,0.56217141,6.759752e-04
0.047818,4.181818,4.180734,0.55804891,0.55758571,8.300203e-04
0.052030,4.181818,4.180734,0.55359995,0.55304040,1.010756e-03
0.056242,4.181818,4.180734,0.54920396,0.54853528,1.217539e-03
0.060455,4.181818,4.180734,0.54486010,0.54407021,1.449710e-03
0.064667,4.181818,4.180734,0.54056755,0.53964502,1.706585e-03
0.068879,4.181818,4.180734,0.53632549,0.53525958,1.987444e-03
0.073091,4.181818,4.180734,0.53213316,0.53091375,2.291547e-03
0.077303,4.181818,4.180734,0.52798976,0.52660742,2.618120e-03
0.081515,4.181818,4.180734,0.52389454,0.52234048,2.966356e-03
0.085727,4.181818,4.180734,0.51984677,0.51811285,3.335431e-03
0.089939,4.181818,4.180734,0.51584570,0.51392444,3.724470e-03
0.094152,4.181818,4.180734,0.51189062,0.50977519,4.132577e-03
0.098364,4.181818,4.180734,0.50798083,0.50566504,4.558820e-03
0.102576,4.181818,4.180734,0.50411565,0.50159395,5.002234e-03
0.106788,4.181818,4.180734,0.50029439,0.49756188,5.461815e-03
0.111000,4.181818,4.180734,0.49651640,0.49356882,5.936523e-03
0.115212,4.181818,4.180734,0.49278102,0.48961476,6.425286e-03
0.119424,4.181818,4.180734,0.48908761,0.48569971,6.926990e-03
0.123636,4.181818,4.180734,0.48543555,0.48182368,7.440482e-03
0.127848,4.181818,4.180734,0.48182423,0.47798671,7.964567e-03
0.132061,4.181818,4.180734,0.47825304,0.47418883,8.498014e-03
0.136273,4.181818,4.180734,0.47472138,0.47043011,9.039547e-03
0.140485,4.181818,4.180734,0.47122868,0.46671061,9.587851e-03
0.144697,4.181818,4.180734,0.46777437,0.46303041,1.014156e-02
0.148909,4.181818,4.180734,0.46435788,0.45938960,1.069926e-02
0.153121,4.181818,4.180734,0.46097867,0.45578828,1.125951e-02
0.157333,4.181818,4.180734,0.45763620,0.45222657,1.182081e-02
0.161545,4.181818,4.180734,0.45432993,0.44870460,1.238161e-02
0.165758,4.181818,4.180734,0.45105935,0.44522250,1.294030e-02
0.169970,4.181818,4.180734,0.44782393,0.44178044,1.349525e-02
0.174182,4.181818,4.180734,0.44462319,0.43837857,1.404476e-02
0.178394,4.181818,4.180734,0.44145663,0.43501707,1.458707e-02
0.182606,4.181818,4.180734,0.43832376,0.43169613,1.512038e-02
0.186818,4.181818,4.180734,0.43522410,0.42841596,1.564285e-02
0.191030,4.181818,4.180734,0.43215719,0.42517676,1.615254e-02
0.195242,4.181818,4.180734,0.42912258,0.42197876,1.664750e-02
0.199455,4.181818,4.180734,0.42611980,0.41882220,1.712569e-02
0.203667,4.181818,4.180734,0.42314841,0.41570734,1.758502e-02
0.207879,4.181818,4.180734,0.42020798,0.41263442,1.802336e-02
0.212091,4.181818,4.180734,0.41729808,0.40960373,1.843850e-02
0.216303,4.181818,4.180734,0.41441829,0.40661556,1.882816e-02
0.220515,4.181818,4.180734,0.41156820,0.40367020,1.919000e-02
0.224727,4.181818,4.180734,0.40874739,0.40076797,1.952165e-02
0.228939,4.181818,4.180734,0.40595547,0.39790918,1.982062e-02
0.233152,4.181818,4.180734,0.40319204,0.39509418,2.008439e-02
0.237364,4.181818,4.180734,0.40045673,0.39232331,2.031036e-02
0.241576,4.181818,4.180734,0.39774914,0.38959693,2.049586e-02
0.245788,4.181818,4.180734,0.39506891,0.38691541,2.063816e-02
0.250000,4.181818,4.180734,0.39241566,0.38427915,2.073443e-02
-0.167000,4.242424,4.241325,0.88432474,0.85275400,3.570039e-02
-0.162788,4.242424,4.241325,0.87547916,0.84563497,3.408898e-02
-0.158576,4.242424,4.241325,0.86676557,0.83858092,3.251704e-02
-0.154364,4.242424,4.241325,0.85818136,0.83159106,3.098447e-02
-0.150152,4.242424,4.241325,0.84972398,0.82466462,2.949117e-02
-0.145939,4.242424,4.241325,0.84139093,0.81780082,2.803704e-02
-0.141727,4.242424,4.241325,0.83317981,0.81099893,2.662197e-02
-0.137515,4.242424,4.241325,0.82508824,0.80425818,2.524585e-02
-0.133303,4.242424,4.241325,0.81711391,0.79757787,2.390858e-02
-0.129091,4.242424,4.241325,0.80925457,0.79095728,2.261006e-02
-0.124879,4.242424,4.241325,0.80150802,0.78439569,2.135016e-02
-0.120667,4.242424,4.241325,0.79387211,0.77789243,2.012879e-02
-0.116455,4.242424,4.241325,0.78634475,0.77144680,1.894582e-02
-0.112242,4.242424,4.241325,0.77892388,0.76505815,1.780114e-02
-0.108030,4.242424,4.241325,0.77160752,0.75872583,1.669462e-02
-0.103818,4.242424,4.241325,0.76439370,0.75244918,1.562614e-02
-0.099606,4.242424,4.241325,0.75728052,0.74622757,1.459558e-02
-0.095394,4.242424,4.241325,0.75026612,0.74006040,1.360279e-02
-0.091182,4.242424,4.241325,0.74334867,0.73394706,1.264765e-02
-0.086970,4.242424,4.241325,0.73652641,0.72788695,1.173001e-02
-0.082758,4.242424,4.241325,0.72979759,0.72187949,1.084972e-02
-0.078545,4.242424,4.241325,0.72316051,0.71592411,1.000662e-02
-0.074333,4.242424,4.241325,0.71661351,0.71002026,9.200561e-03
-0.070121,4.242424,4.241325,0.71015497,0.70416739,8.431368e-03
-0.065909,4.242424,4.241325,0.70378331,0.69836497,7.698868e-03
-0.061697,4.242424,4.241325,0.69749697,0.69261249,7.002877e-03
-0.057485,4.242424,4.241325,0.69129444,0.68690942,6.343204e-03
-0.053273,4.242424,4.241325,0.68517424,0.68125528,5.719648e-03
-0.049061,4.242424,4.241325,0.67913491,0.67564959,5.132001e-03
-0.044848,4.242424,4.241325,0.67317504,0.67009187,4.580040e-03
-0.040636,4.242424,4.241325,0.66729323,0.66458166,4.063540e-03
-0.036424,4.242424,4.241325,0.66148814,0.65911852,3.582256e-03
-0.032212,4.242424,4.241325,0.65575844,0.65370202,3.135940e-03
-0.028000,4.242424,4.241325,0.65010282,0.64833172,2.724326e-03
-0.023788,4.242424,4.241325,0.64452001,0.64300723,2.347135e-03
-0.019576,4.242424,4.241325,0.63900877,0.63772814,2.004081e-03
-0.015364,4.242424,4.241325,0.63356788,0.63249408,1.694857e-03
-0.011152,4.242424,4.241325,0.62819616,0.62730465,1.419152e-03
-0.006939,4.242424,4.241325,0.62289243,0.62215952,1.176625e-03
-0.002727,4.242424,4.241325,0.61765555,0.61705832,9.669308e-04
0.001485,4.242424,4.241325,0.61248440,0.61200071,7.897076e-04
0.005697,4.242424,4.241325,0.60737788,0.60698639,6.445695e-04
0.009909,4.242424,4.241325,0.60233494,0.60201502,5.311217e-04
0.014121,4.242424,4.241325,0.59735450,0.59708633,4.489448e-04
0.018333,4.242424,4.241325,0.59243556,0.59220000,3.976053e-04
0.022545,4.242424,4.241325,0.58757709,0.58735578,3.766489e-04
0.026758,4.242424,4.241325,0.58277811,0.58255339,3.855957e-04
0.030970,4.242424,4.241325,0.57803766,0.57779260,4.239537e-04
0.035182,4.242424,4.241325,0.57335478,0.57307315,4.912057e-04
0.039394,4.242424,4.241325,0.56872855,0.56839482,5.868092e-04
0.043606,4.242424,4.241325,0.56415806,0.56375739,7.102011e-04
0.047818,4.242424,4.241325,0.55964242,0.55916068,8.607994e-04
0.052030,4.242424,4.241325,0.55518075,0.55460448,1.037986e-03
0.056242,4.242424,4.241325,0.55077219,0.55008861,1.241130e-03
0.060455,4.242424,4.241325,0.54641592,0.54561292,1.469566e-03
0.064667,4.242424,4.241325,0.54211110,0.54117725,1.722606e-03
0.068879,4.242424,4.241325,0.53785692,0.53678146,1.999529e-03
0.073091,4.242424,4.241325,0.53365260,0.53242542,2.299595e-03
0.077303,4.242424,4.241325,0.52949737,0.52810901,2.622025e-03
0.081515,4.242424,4.241325,0.52539045,0.52383213,2.966013e-03
0.085727,4.242424,4.241325,0.52133110,0.51959469,3.330731e-03
0.089939,4.242424,4.241325,0.51731860,0.51539660,3.715304e-03
0.094152,4.242424,4.241325,0.51335222,0.51123781,4.118832e-03
0.098364,4.242424,4.241325,0.50943126,0.50711825,4.540384e-03
0.102576,4.242424,4.241325,0.50555503,0.50303788,4.978987e-03
0.106788,4.242424,4.241325,0.50172285,0.49899667,5.433646e-03
0.111000,4.242424,4.241325,0.49793406,0.49499460,5.903309e-03
0.115212,4.242424,4.241325,0.49418801,0.49103167,6.386911e-03
0.119424,4.242424,4.241325,0.49048405,0.48710788,6.883334e-03
0.123636,4.242424,4.241325,0.48682155,0.48322325,7.391416e-03
0.127848,4.242424,4.241325,0.48319991,0.47937781,7.909974e-03
0.132061,4.242424,4.241325,0.47961851,0.47557160,8.437765e-03
0.136273,4.242424,4.241325,0.47607677,0.47180468,8.973518e-03
0.140485,4.242424,4.241325,0.47257409,0.46807712,9.515913e-03
0.144697,4.242424,4.241325,0.46910991,0.46438898,1.006359e-02
0.148909,4.242424,4.241325,0.46568366,0.46074037,1.061512e-02
0.153121,4.242424,4.241325,0.46229479,0.45713139,1.116908e-02
0.157333,4.242424,4.241325,0.45894277,0.45356215,1.172395e-02
0.161545,4.242424,4.241325,0.45562705,0.45003278,1.227818e-02
0.165758,4.242424,4.241325,0.45234712,0.44654342,1.283019e-02
0.169970,4.242424,4.241325,0.44910246,0.44309423,1.337832e-02
0.174182,4.242424,4.241325,0.44589258,0.43968537,1.392087e-02
0.178394,4.242424,4.241325,0.44271697,0.43631701,1.445609e-02
0.182606,4.242424,4.241325,0.43957514,0.43298935,1.498218e-02
0.186818,4.242424,4.241325,0.43646663,0.42970258,1.549729e-02
0.191030,4.242424,4.241325,0.43339096,0.42645693,1.599949e-02
0.195242,4.242424,4.241325,0.43034767,0.42325261,1.648682e-02
0.199455,4.242424,4.241325,0.42733632,0.42008986,1.695726e-02
0.203667,4.242424,4.241325,0.42435644,0.41696894,1.740871e-02
0.207879,4.242424,4.241325,0.42140761,0.41389011,1.783903e-02
0.212091,4.242424,4.241325,0.41848940,0.41085363,1.824602e-02
0.216303,4.242424,4.241325,0.41560138,0.40785981,1.862740e-02
0.220515,4.242424,4.241325,0.41274314,0.40490893,1.898083e-02
0.224727,4.242424,4.241325,0.40991427,0.40200131,1.930394e-02
0.228939,4.242424,4.241325,0.40711438,0.39913728,1.959425e-02
0.233152,4.242424,4.241325,0.40434306,0.39631716,1.984922e-02
0.237364,4.242424,4.241325,0.40159993,0.39354131,2.006628e-02
0.241576,4.242424,4.241325,0.39888461,0.39081009,2.024274e-02
0.245788,4.242424,4.241325,0.39619672,0.38812386,2.037588e-02
0.250000,4.242424,4.241325,0.39353589,0.38548302,2.046286e-02
-0.167000,4.303030,4.301915,0.88687188,0.85508733,3.583894e-02
-0.162788,4.303030,4.301915,0.87800081,0.84795032,3.422603e-02
-0.158576,4.303030,4.301915,0.86926210,0.84087843,3.265260e-02
-0.154364,4.303030,4.301915,0.86065314,0.83387086,3.111855e-02
-0.150152,4.303030,4.301915,0.85217138,0.82692684,2.962378e-02
-0.145939,4.303030,4.301915,0.84381432,0.82004561,2.816817e-02
-0.141727,4.303030,4.301915,0.83557952,0.81322641,2.675163e-02
-0.137515,4.303030,4.301915,0.82746463,0.80646850,2.537405e-02
-0.133303,4.303030,4.301915,0.81946731,0.79977116,2.403531e-02
-0.129091,4.303030,4.301915,0.81158531,0.79313367,2.273531e-02
-0.124879,4.303030,4.301915,0.80381643,0.78655533,2.147394e-02
-0.120667,4.303030,4.301915,0.79615851,0.78003544,2.025109e-02
-0.116455,4.303030,4.301915,0.78860945,0.77357333,1.906663e-02
-0.112242,4.303030,4.301915,0.78116720,0.76716833,1.792045e-02
-0.108030,4.303030,4.301915,0.77382974,0.76081979,1.681242e-02
-0.103818,4.303030,4.301915,0.76659513,0.75452706,1.574243e-02
-0.099606,4.303030,4.301915,0.75946145,0.74828952,1.471033e-02
-0.095394,4.303030,4.301915,0.75242683,0.74210654,1.371599e-02
-0.091182,4.303030,4.301915,0.74548944,0.73597753,1.275929e-02
-0.086970,4.303030,4.301915,0.73864752,0.72990189,1.184006e-02
-0.082758,4.303030,4.301915,0.73189930,0.72387903,1.095815e-02
-0.078545,4.303030,4.301915,0.72524309,0.71790839,1.011343e-02
-0.074333,4.303030,4.301915,0.71867722,0.71198942,9.305706e-03
-0.070121,4.303030,4.301915,0.71220007,0.70612156,8.534826e-03
-0.065909,4.303030,4.301915,0.70581004,0.70030429,7.800609e-03
-0.061697,4.303030,4.301915,0.69950558,0.69453709,7.102869e-03
-0.057485,4.303030,4.301915,0.69328518,0.68881944,6.441412e-03
-0.053273,4.303030,4.301915,0.68714733,0.68315086,5.816035e-03
-0.049061,4.303030,4.301915,0.68109060,0.67753086,5.226528e-03
-0.044848,4.303030,4.301915,0.67511355,0.67195896,4.672670e-03
-0.040636,4.303030,4.301915,0.66921479,0.66643472,4.154226e-03
-0.036424,4.303030,4.301915,0.66339297,0.66095768,3.670956e-03
-0.032212,4.303030,4.301915,0.65764675,0.65552741,3.222603e-03
-0.028000,4.303030,4.301915,0.65197483,0.65014349,2.808904e-03
-0.023788,4.303030,4.301915,0.64637593,0.64480551,2.429577e-03
-0.019576,4.303030,4.301915,0.64084881,0.63951307,2.084331e-03
-0.015364,4.303030,4.301915,0.63539224,0.63426578,1.772861e-03
-0.011152,4.303030,4.301915,0.63000504,0.62906328,1.494847e-03
-0.006939,4.303030,4.301915,0.62468602,0.62390519,1.249953e-03
-0.002727,4.303030,4.301915,0.61943405,0.61879118,1.037829e-03
0.001485,4.303030,4.301915,0.61424800,0.61372091,8.581071e-04
0.005697,4.303030,4.301915,0.60912677,0.60869404,7.104067e-04
0.009909,4.303030,4.301915,0.60406929,0.60371028,5.943247e-04
0.014121,4.303030,4.301915,0.59907450,0.59876931,5.094407e-04
0.018333,4.303030,4.301915,0.59414138,0.59387086,4.553179e-04
0.022545,4.303030,4.301915,0.58926891,0.58901464,4.315016e-04
0.026758,4.303030,4.301915,0.58445610,0.58420040,4.375115e-04
0.030970,4.303030,4.301915,0.57970199,0.57942788,4.728500e-04
0.035182,4.303030,4.301915,0.57500562,0.57469684,5.369951e-04
0.039394,4.303030,4.301915,0.57036606,0.57000706,6.294118e-04
0.043606,4.303030,4.301915,0.56578240,0.56535833,7.495248e-04
0.047818,4.303030,4.301915,0.56125374,0.56075043,8.967541e-04
0.052030,4.303030,4.301915,0.55677921,0.55618319,1.070480e-03
0.056242,4.303030,4.301915,0.55235796,0.55165642,1.270069e-03
0.060455,4.303030,4.301915,0.54798913,0.54716997,1.494855e-03
0.064667,4.303030,4.301915,0.54367190,0.54272366,1.744142e-03
0.068879,4.303030,4.301915,0.53940547,0.53831737,2.017215e-03
0.073091,4.303030,4.301915,0.53518904,0.53395097,2.313326e-03
0.077303,4.303030,4.301915,0.53102183,0.52962434,2.631697e-03
0.081515,4.303030,4.301915,0.52690307,0.52533737,2.971523e-03
0.085727,4.303030,4.301915,0.52283203,0.52108997,3.331964e-03
0.089939,4.303030,4.301915,0.51880797,0.51688207,3.712152e-03
0.094152,4.303030,4.301915,0.51483016,0.51271360,4.111184e-03
0.098364,4.303030,4.301915,0.51089790,0.50858449,4.528125e-03
0.102576,4.303030,4.301915,0.50701051,0.50449472,4.962005e-03
0.106788,4.303030,4.301915,0.50316729,0.50044424,5.411818e-03
0.111000,4.303030,4.301915,0.49936758,0.49643304,5.876523e-03
0.115212,4.303030,4.301915,0.49561073,0.49246111,6.355040e-03
0.119424,4.303030,4.301915,0.49189610,0.48852845,6.846258e-03
0.123636,4.303030,4.301915,0.48822305,0.48463510,7.349014e-03
0.127848,4.303030,4.301915,0.48459098,0.48078106,7.862121e-03
0.132061,4.303030,4.301915,0.48099926,0.47696640,8.384333e-03
0.136273,4.303030,4.301915,0.47744731,0.47319116,8.914384e-03
0.140485,4.303030,4.301915,0.47393454,0.46945541,9.450943e-03
0.144697,4.303030,4.301915,0.47046037,0.46575923,9.992653e-03
0.148909,4.303030,4.301915,0.46702426,0.46210271,1.053811e-02
0.153121,4.303030,4.301915,0.46362563,0.45848595,1.108584e-02
0.157333,4.303030,4.301915,0.46026395,0.45490907,1.163436e-02
0.161545,4.303030,4.301915,0.45693868,0.45137220,1.218211e-02
0.165758,4.303030,4.301915,0.45364930,0.44787548,1.272749e-02
0.169970,4.303030,4.301915,0.45039529,0.44441906,1.326887e-02
0.174182,4.303030,4.301915,0.44717616,0.44100310,1.380454e-02
0.178394,4.303030,4.301915,0.44399140,0.43762779,1.433274e-02
0.182606,4.303030,4.301915,0.44084053,0.43429330,1.485169e-02
0.186818,4.303030,4.301915,0.43772306,0.43099985,1.535951e-02
0.191030,4.303030,4.301915,0.43463853,0.42774765,1.585429e-02
0.195242,4.303030,4.301915,0.43158648,0.42453691,1.633406e-02
0.199455,4.303030,4.301915,0.42856644,0.42136789,1.679681e-02
0.203667,4.303030,4.301915,0.42557798,0.41824083,1.724044e-02
0.207879,4.303030,4.301915,0.42262066,0.41515599,1.766281e-02
0.212091,4.303030,4.301915,0.41969404,0.41211365,1.806170e-02
0.216303,4.303030,4.301915,0.41679770,0.40911409,1.843487e-02
0.220515,4.303030,4.301915,0.41393123,0.40615762,1.877996e-02
0.224727,4.303030,4.301915,0.41109421,0.40324454,1.909458e-02
0.228939,4.303030,4.301915,0.40828625,0.40037518,1.937628e-02
0.233152,4.303030,4.301915,0.40550695,0.39754987,1.962253e-02
0.237364,4.303030,4.301915,0.40275592,0.39476897,1.983073e-02
0.241576,4.303030,4.301915,0.40003277,0.39203283,1.999821e-02
0.245788,4.303030,4.301915,0.39733714,0.38934183,2.012224e-02
0.250000,4.303030,4.301915,0.39466865,0.38669634,2.020001e-02
-0.167000,4.363636,4.362505,0.88944688,0.85744567,3.597877e-02
-0.162788,4.363636,4.362505,0.88055002,0.85029042,3.436443e-02
-0.158576,4.363636,4.362505,0.87178592,0.84320043,3.278958e-02
-0.154364,4.363636,4.362505,0.86315195,0.83617490,3.125411e-02
-0.150152,4.363636,4.362505,0.85464554,0.82921306,2.975793e-02
-0.145939,4.363636,4.362505,0.84626419,0.82231414,2.830092e-02
-0.141727,4.363636,4.362505,0.83800547,0.81547739,2.688298e-02
-0.137515,4.363636,4.362505,0.82986700,0.80870207,2.550399e-02
-0.133303,4.363636,4.362505,0.82184644,0.80198746,2.416386e-02
-0.129091,4.363636,4.362505,0.81394154,0.79533284,2.286246e-02
-0.124879,4.363636,4.362505,0.80615009,0.78873750,2.159969e-02
-0.120667,4.363636,4.362505,0.79846992,0.78220075,2.037543e-02
-0.116455,4.363636,4.362505,0.79089892,0.77572192,1.918956e-02
-0.112242,4.363636,4.362505,0.78343504,0.76930034,1.804196e-02
-0.108030,4.363636,4.362505,0.77607627,0.76293536,1.693250e-02
-0.103818,4.363636,4.362505,0.76882064,0.75662633,1.586106e-02
-0.099606,4.363636,4.362505,0.76166623,0.75037262,1.482751e-02
-0.095394,4.363636,4.362505,0.75461117,0.74417361,1.383170e-02
-0.091182,4.363636,4.362505,0.74765363,0.73802871,1.287350e-02
-0.086970,4.363636,4.362505,0.74079182,0.73193731,1.195277e-02
-0.082758,4.363636,4.362505,0.73402400,0.72589884,1.106934e-02
-0.078545,4.363636,4.362505,0.72734845,0.71991272,1.022305e-02
-0.074333,4.363636,4.362505,0.72076350,0.71397841,9.413757e-03
-0.070121,4.363636,4.362505,0.71426753,0.70809535,8.641272e-03
-0.065909,4.363636,4.362505,0.70785894,0.70226302,7.905419e-03
-0.061697,4.363636,4.362505,0.70153617,0.69648089,7.206012e-03
-0.057485,4.363636,4.362505,0.69529769,0.69074846,6.542854e-03
-0.053273,4.363636,4.362505,0.68914201,0.68506523,5.915742e-03
-0.049061,4.363636,4.362505,0.68306768,0.67943071,5.324461e-03
-0.044848,4.363636,4.362505,0.67707327,0.67384445,4.768787e-03
-0.040636,4.363636,4.362505,0.67115737,0.66830597,4.248486e-03
-0.036424,4.363636,4.362505,0.66531864,0.66281484,3.763313e-03
-0.032212,4.363636,4.362505,0.65955573,0.65737061,3.313013e-03
-0.028000,4.363636,4.362505,0.65386733,0.65197287,2.897313e-03
-0.023788,4.363636,4.362505,0.64825217,0.64662120,2.515938e-03
-0.019576,4.363636,4.362505,0.64270899,0.64131522,2.168586e-03
-0.015364,4.363636,4.362505,0.63723657,0.63605452,1.854956e-03
-0.011152,4.363636,4.362505,0.63183371,0.63083875,1.574723e-03
-0.006939,4.363636,4.362505,0.62649924,0.62566754,1.327550e-03
-0.002727,4.363636,4.362505,0.62123201,0.62054053,1.113082e-03
0.001485,4.363636,4.362505,0.61603090,0.61545740,9.309525e-04
0.005697,4.363636,4.362505,0.61089479,0.61041782,7.807744e-04
0.009909,4.363636,4.362505,0.60582262,0.60542148,6.621465e-04
0.014121,4.363636,4.362505,0.60081333,0.60046807,5.746448e-04
0.018333,4.363636,4.362505,0.59586587,0.59555732,5.178290e-04
0.022545,4.363636,4.362505,0.59097925,0.59068894,4.912421e-04
0.026758,4.363636,4.362505,0.58615246,0.58586267,4.944031e-04
0.030970,4.363636,4.362505,0.58138454,0.58107826,5.268099e-04
0.035182,4.363636,4.362505,0.57667452,0.57633547,5.879437e-04
0.039394,4.363636,4.362505,0.57202149,0.57163408,6.772568e-04
0.043606,4.363636,4.362505,0.56742451,0.56697387,7.941821e-04
0.047818,4.363636,4.362505,0.56288270,0.56235464,9.381322e-04
0.052030,4.363636,4.362505,0.55839518,0.55777620,1.108487e-03
0.056242,4.363636,4.362505,0.55396108,0.55323838,1.304609e-03
0.060455,4.363636,4.362505,0.54957956,0.54874100,1.525830e-03
0.064667,4.363636,4.362505,0.54524980,0.54428391,1.771456e-03
0.068879,4.363636,4.362505,0.54097097,0.53986697,2.040765e-03
0.073091,4.363636,4.362505,0.53674229,0.53549006,2.333009e-03
0.077303,4.363636,4.362505,0.53256297,0.53115306,2.647409e-03
0.081515,4.363636,4.362505,0.52843226,0.52685586,2.983157e-03
0.085727,4.363636,4.362505,0.52434939,0.52259837,3.339414e-03
0.089939,4.363636,4.362505,0.52031364,0.51838052,3.715304e-03
0.094152,4.363636,4.362505,0.51632428,0.51420223,4.109926e-03
0.098364,4.363636,4.362505,0.51238060,0.51006344,4.522345e-03
0.102576,4.363636,4.362505,0.50848191,0.50596412,4.951583e-03
0.106788,4.363636,4.362505,0.50462753,0.50190424,5.396639e-03
0.111000,4.363636,4.362505,0.50081679,0.49788377,5.856469e-03
0.115212,4.363636,4.362505,0.49704903,0.49390272,6.329989e-03
0.119424,4.363636,4.362505,0.49332361,0.48996108,6.816086e-03
0.123636,4.363636,4.362505,0.48963990,0.48605887,7.313601e-03
0.127848,4.363636,4.362505,0.48599727,0.48219612,7.821339e-03
0.132061,4.363636,4.362505,0.48239512,0.47837288,8.338060e-03
0.136273,4.363636,4.362505,0.47883286,0.47458921,8.862488e-03
0.140485,4.363636,4.362505,0.47530989,0.47084516,9.393301e-03
0.144697,4.363636,4.362505,0.47182563,0.46714082,9.929132e-03
0.148909,4.363636,4.362505,0.46837954,0.46347627,1.046857e-02
0.153121,4.363636,4.362505,0.46497104,0.45985163,1.101016e-02
0.157333,4.363636,4.362505,0.46159959,0.45626701,1.155241e-02
0.161545,4.363636,4.362505,0.45826467,0.45272253,1.209375e-02
0.165758,4.363636,4.362505,0.45496574,0.44921833,1.263260e-02
0.169970,4.363636,4.362505,0.45170228,0.44575458,1.316730e-02
0.174182,4.363636,4.362505,0.44847380,0.44233143,1.369616e-02
0.178394,4.363636,4.362505,0.44527979,0.43894906,1.421743e-02
0.182606,4.363636,4.362505,0.44211977,0.43560766,1.472929e-02
0.186818,4.363636,4.362505,0.43899325,0.43230743,1.522990e-02
0.191030,4.363636,4.362505,0.43589976,0.42904858,1.571734e-02
0.195242,4.363636,4.362505,0.43283884,0.42583134,1.618963e-02
0.199455,4.363636,4.362505,0.42981004,0.42265595,1.664476e-02
0.203667,4.363636,4.362505,0.42681290,0.41952266,1.708064e-02
0.207879,4.363636,4.362505,0.42384699,0.41643173,1.749512e-02
0.212091,4.363636,4.362505,0.42091187,0.41338344,1.788600e-02
0.216303,4.363636,4.362505,0.41800712,0.41037807,1.825102e-02
0.220515,4.363636,4.362505,0.41513233,0.40741592,1.858783e-02
0.224727,4.363636,4.362505,0.41228708,0.40449730,1.889405e-02
0.228939,4.363636,4.362505,0.40947096,0.40162254,1.916721e-02
0.233152,4.363636,4.362505,0.40668359,0.39879198,1.940479e-02
0.237364,4.363636,4.362505,0.40392457,0.39600595,1.960420e-02
0.241576,4.363636,4.362505,0.40119351,0.39326482,1.976276e-02
0.245788,4.363636,4.362505,0.39849006,0.39056897,1.987774e-02
0.250000,4.363636,4.362505,0.39581382,0.38791878,1.994635e-02
-0.167000,4.424242,4.423096,0.89204944,0.85982867,3.611994e-02
-0.162788,4.424242,4.423096,0.88312653,0.85265493,3.450423e-02
-0.158576,4.424242,4.423096,0.87433677,0.84554658,3.292803e-02
-0.154364,4.424242,4.423096,0.86567751,0.83850284,3.139122e-02
-0.150152,4.424242,4.423096,0.85714619,0.83152292,2.989370e-02
-0.145939,4.424242,4.423096,0.84874030,0.82460607,2.843536e-02
-0.141727,4.424242,4.423096,0.84045740,0.81775153,2.701609e-02
-0.137515,4.424242,4.423096,0.83229509,0.81095856,2.563578e-02
-0.133303,4.424242,4.423096,0.82425105,0.80422643,2.429432e-02
-0.129091,4.424242,4.423096,0.81632301,0.79755443,2.299160e-02
-0.124879,4.424242,4.423096,0.80850874,0.79094186,2.172751e-02
-0.120667,4.424242,4.423096,0.80080608,0.78438802,2.050191e-02
-0.116455,4.424242,4.423096,0.79321292,0.77789224,1.931471e-02
-0.112242,4.424242,4.423096,0.78572718,0.77145385,1.816576e-02
-0.108030,4.424242,4.423096,0.77834686,0.76507219,1.705495e-02
-0.103818,4.424242,4.423096,0.77106998,0.75874663,1.598215e-02
-0.099606,4.424242,4.423096,0.76389463,0.75247652,1.494722e-02
-0.095394,4.424242,4.423096,0.75681891,0.74626126,1.395003e-02
-0.091182,4.424242,4.423096,0.74984100,0.74010025,1.299042e-02
-0.086970,4.424242,4.423096,0.74295910,0.73399288,1.206826e-02
-0.082758,4.424242,4.423096,0.73617146,0.72793857,1.118338e-02
-0.078545,4.424242,4.423096,0.72947636,0.72193676,1.033563e-02
-0.074333,4.424242,4.423096,0.72287214,0.71598690,9.524842e-03
-0.070121,4.424242,4.423096,0.71635715,0.71008842,8.750837e-03
-0.065909,4.424242,4.423096,0.70992979,0.70424082,8.013435e-03
-0.061697,4.424242,4.423096,0.70358851,0.69844355,7.312448e-03
-0.057485,4.424242,4.423096,0.69733176,0.69269613,6.647678e-03
-0.053273,4.424242,4.423096,0.69115807,0.68699804,6.018918e-03
-0.049061,4.424242,4.423096,0.68506595,0.68134882,5.425950e-03
-0.044848,4.424242,4.423096,0.67905399,0.67574798,4.868549e-03
-0.040636,4.424242,4.423096,0.67312077,0.67019507,4.346479e-03
-0.036424,4.424242,4.423096,0.66726494,0.66468964,3.859494e-03
-0.032212,4.424242,4.423096,0.66148516,0.65923126,3.407333e-03
-0.028000,4.424242,4.423096,0.65578011,0.65381950,2.989726e-03
-0.023788,4.424242,4.423096,0.65014850,0.64845396,2.606389e-03
-0.019576,4.424242,4.423096,0.64458910,0.64313424,2.257026e-03
-0.015364,4.424242,4.423096,0.63910066,0.63785996,1.941328e-03
-0.011152,4.424242,4.423096,0.63368199,0.63263073,1.658967e-03
-0.006939,4.424242,4.423096,0.62833190,0.62744620,1.409605e-03
-0.002727,4.424242,4.423096,0.62304925,0.62230602,1.192888e-03
0.001485,4.424242,4.423096,0.61783291,0.61720986,1.008441e-03
0.005697,4.424242,4.423096,0.61268177,0.61215738,8.558812e-04
0.009909,4.424242,4.423096,0.60759475,0.60714829,7.347986e-04
0.014121,4.424242,4.423096,0.60257079,0.60218227,6.447698e-04
0.018333,4.424242,4.423096,0.59760885,0.59725904,5.853560e-04
0.022545,4.424242,4.423096,0.59270792,0.59237832,5.560913e-04
0.026758,4.424242,4.423096,0.58786701,0.58753986,5.564972e-04
0.030970,4.424242,4.423096,0.58308512,0.58274340,5.860651e-04
0.035182,4.424242,4.423096,0.57836132,0.57798870,6.442773e-04
0.039394,4.424242,4.423096,0.57369466,0.57327553,7.305830e-04
0.043606,4.424242,4.423096,0.56908423,0.56860369,8.444146e-04
0.047818,4.424242,4.423096,0.56452913,0.56397297,9.851780e-04
0.052030,4.424242,4.423096,0.56002847,0.55938317,1.152254e-03
0.056242,4.424242,4.423096,0.55558139,0.55483413,1.345003e-03
0.060455,4.424242,4.423096,0.55118704,0.55032567,1.562753e-03
0.064667,4.424242,4.423096,0.54684461,0.54585765,1.804813e-03
0.068879,4.424242,4.423096,0.54255326,0.54142992,2.070452e-03
0.073091,4.424242,4.423096,0.53831220,0.53704236,2.358926e-03
0.077303,4.424242,4.423096,0.53412065,0.53269484,2.669445e-03
0.081515,4.424242,4.423096,0.52997784,0.52838727,3.001208e-03
0.085727,4.424242,4.423096,0.52588303,0.52411955,3.353369e-03
0.089939,4.424242,4.423096,0.52183546,0.51989160,3.725053e-03
0.094152,4.424242,4.423096,0.51783442,0.51570335,4.115361e-03
0.098364,4.424242,4.423096,0.51387920,0.51155475,4.523344e-03
0.102576,4.424242,4.423096,0.50996910,0.50744576,4.948033e-03
0.106788,4.424242,4.423096,0.50610344,0.50337634,5.388423e-03
0.111000,4.424242,4.423096,0.50228154,0.49934648,5.843466e-03
0.115212,4.424242,4.423096,0.49850276,0.49535617,6.312081e-03
0.119424,4.424242,4.423096,0.49476643,0.49140541,6.793149e-03
0.123636,4.424242,4.423096,0.49107194,0.48749423,7.285511e-03
0.127848,4.424242,4.423096,0.48741865,0.48362265,7.787971e-03
0.132061,4.424242,4.423096,0.48380596,0.47979072,8.299285e-03
0.136273,4.424242,4.423096,0.48023327,0.47599848,8.818182e-03
0.140485,4.424242,4.423096,0.47669999,0.47224602,9.343331e-03
0.144697,4.424242,4.423096,0.47320554,0.46853340,9.873369e-03
0.148909,4.424242,4.423096,0.46974935,0.46486072,1.040689e-02
0.153121,4.424242,4.423096,0.46633088,0.46122809,1.094242e-02
0.157333,4.424242,4.423096,0.46294956,0.45763561,1.147848e-02
0.161545,4.424242,4.423096,0.45960488,0.45408341,1.201350e-02
0.165758,4.424242,4.423096,0.45629629,0.45057165,1.254589e-02
0.169970,4.424242,4.423096,0.45302329,0.44710046,1.307401e-02
0.174182,4.424242,4.423096,0.44978536,0.44367001,1.359614e-02
0.178394,4.424242,4.423096,0.44658200,0.44028049,1.411055e-02
0.182606,4.424242,4.423096,0.44341273,0.43693207,1.461541e-02
0.186818,4.424242,4.423096,0.44027706,0.43362496,1.510889e-02
0.191030,4.424242,4.423096,0.43717452,0.43035938,1.558906e-02
0.195242,4.424242,4.423096,0.43410465,0.42713555,1.605396e-02
0.199455,4.424242,4.423096,0.43106698,0.42395371,1.650155e-02
0.203667,4.424242,4.423096,0.42806107,0.42081410,1.692975e-02
0.207879,4.424242,4.423096,0.42508648,0.41771700,1.733643e-02
0.212091,4.424242,4.423096,0.42214277,0.41466267,1.771937e-02
0.216303,4.424242,4.423096,0.41922952,0.41165140,1.807631e-02
0.220515,4.424242,4.423096,0.41634631,0.40868350,1.840491e-02
0.224727,4.424242,4.423096,0.41349273,0.40575926,1.870279e-02
0.228939,4.424242,4.423096,0.41066838,0.40287903,1.896749e-02
0.233152,4.424242,4.423096,0.40787285,0.40004313,1.919647e-02
0.237364,4.424242,4.423096,0.40510575,0.39725191,1.938716e-02
0.241576,4.424242,4.423096,0.40236671,0.39450572,1.953687e-02
0.245788,4.424242,4.423096,0.39965534,0.39180496,1.964288e-02
0.250000,4.424242,4.423096,0.39697128,0.38914999,1.970240e-02
-0.167000,4.484848,4.483686,0.89467929,0.86223598,3.626251e-02
-0.162788,4.484848,4.483686,0.88573006,0.85504349,3.464551e-02
-0.158576,4.484848,4.483686,0.87691436,0.84791653,3.306803e-02
-0.154364,4.484848,4.483686,0.86822956,0.84085433,3.152995e-02
-0.150152,4.484848,4.483686,0.85967307,0.83385609,3.003116e-02
-0.145939,4.484848,4.483686,0.85124238,0.82692105,2.857157e-02
-0.141727,4.484848,4.483686,0.84293504,0.82004848,2.715105e-02
-0.137515,4.484848,4.483686,0.83474866,0.81323761,2.576949e-02
-0.133303,4.484848,4.483686,0.82668089,0.80648773,2.442679e-02
-0.129091,4.484848,4.483686,0.81872945,0.79979812,2.312282e-02
-0.124879,4.484848,4.483686,0.81089213,0.79316808,2.185748e-02
-0.120667,4.484848,4.483686,0.80316675,0.78659691,2.063064e-02
-0.116455,4.484848,4.483686,0.79555119,0.78008394,1.944218e-02
-0.112242,4.484848,4.483686,0.78804337,0.77362850,1.829197e-02
-0.108030,4.484848,4.483686,0.78064127,0.76722994,1.717989e-02
-0.103818,4.484848,4.483686,0.77334293,0.76088761,1.610581e-02
-0.099606,4.484848,4.483686,0.76614641,0.75460089,1.506959e-02
-0.095394,4.484848,4.483686,0.75904982,0.74836916,1.407109e-02
-0.091182,4.484848,4.483686,0.75205132,0.74219180,1.311017e-02
-0.086970,4.484848,4.483686,0.74514912,0.73606824,1.218666e-02
-0.082758,4.484848,4.483686,0.73834145,0.72999788,1.130043e-02
-0.078545,4.484848,4.483686,0.73162661,0.72398016,1.045130e-02
-0.074333,4.484848,4.483686,0.72500290,0.71801453,9.639102e-03
-0.070121,4.484848,4.483686,0.71846870,0.71210043,8.863666e-03
-0.065909,4.484848,4.483686,0.71202238,0.70623734,8.124804e-03
-0.061697,4.484848,4.483686,0.70566239,0.70042473,7.422327e-03
-0.057485,4.484848,4.483686,0.69938719,0.69466211,6.756034e-03
-0.053273,4.484848,4.483686,0.69319528,0.68894896,6.125714e-03
-0.049061,4.484848,4.483686,0.68708519,0.68328482,5.531151e-03
-0.044848,4.484848,4.483686,0.68105549,0.67766921,4.972118e-03
-0.040636,4.484848,4.483686,0.67510478,0.67210166,4.448373e-03
-0.036424,4.484848,4.483686,0.66923168,0.66658174,3.959667e-03
-0.032212,4.484848,4.483686,0.66343484,0.66110901,3.505741e-03
-0.028000,4.484848,4.483686,0.65771296,0.65568305,3.086321e-03
-0.023788,4.484848,4.483686,0.65206475,0.65030345,2.701118e-03
-0.019576,4.484848,4.483686,0.64648895,0.64496980,2.349837e-03
-0.015364,4.484848,4.483686,0.64098432,0.63968174,2.032163e-03
-0.011152,4.484848,4.483686,0.63554966,0.63443887,1.747770e-03
-0.006939,4.484848,4.483686,0.63018380,0.62924084,1.496317e-03
-0.002727,4.484848,4.483686,0.62488556,0.62408731,1.277444e-03
0.001485,4.484848,4.483686,0.61965384,0.61897793,1.090779e-03
0.005697,4.484848,4.483686,0.61448750,0.61391238,9.359310e-04
0.009909,4.484848,4.483686,0.60938548,0.60889036,8.124913e-04
0.014121,4.484848,4.483686,0.60434670,0.60391155,7.200360e-04
0.018333,4.484848,4.483686,0.59937013,0.59897567,6.581180e-04
0.022545,4.484848,4.483686,0.59445475,0.59408245,6.262740e-04
0.026758,4.484848,4.483686,0.58959955,0.58923163,6.240204e-04
0.030970,4.484848,4.483686,0.58480357,0.58442295,6.508497e-04
0.035182,4.484848,4.483686,0.58006583,0.57965617,7.062372e-04
0.039394,4.484848,4.483686,0.57538541,0.57493107,7.896356e-04
0.043606,4.484848,4.483686,0.57076138,0.57024743,9.004702e-04
0.047818,4.484848,4.483686,0.56619284,0.56560505,1.038145e-03
0.052030,4.484848,4.483686,0.56167891,0.56100375,1.202042e-03
0.056242,4.484848,4.483686,0.55721871,0.55644334,1.391515e-03
0.060455,4.484848,4.483686,0.55281141,0.55192365,1.605892e-03
0.064667,4.484848,4.483686,0.54845616,0.54744455,1.844479e-03
0.068879,4.484848,4.483686,0.54415216,0.54300588,2.106547e-03
0.073091,4.484848,4.483686,0.53989859,0.53860751,2.391343e-03
0.077303,4.484848,4.483686,0.53569468,0.53424933,2.698084e-03
0.081515,4.484848,4.483686,0.53153966,0.52993124,3.025959e-03
0.085727,4.484848,4.483686,0.52743277,0.52565314,3.374123e-03
0.089939,4.484848,4.483686,0.52337326,0.52141496,3.741699e-03
0.094152,4.484848,4.483686,0.51936043,0.51721662,4.127783e-03
0.098364,4.484848,4.483686,0.51539354,0.51305807,4.531434e-03
0.102576,4.484848,4.483686,0.51147191,0.50893927,4.951671e-03
0.106788,4.484848,4.483686,0.50759485,0.50486019,5.387489e-03
0.111000,4.484848,4.483686,0.50376168,0.50082080,5.837843e-03
0.115212,4.484848,4.483686,0.49997175,0.49682111,6.301645e-03
0.119424,4.484848,4.483686,0.49622441,0.49286111,6.777780e-03
0.123636,4.484848,4.483686,0.49251902,0.48894083,7.265082e-03
0.127848,4.484848,4.483686,0.48885496,0.48506029,7.762355e-03
0.132061,4.484848,4.483686,0.48523162,0.48121955,8.268361e-03
0.136273,4.484848,4.483686,0.48164839,0.47741864,8.781816e-03
0.140485,4.484848,4.483686,0.47810469,0.47365765,9.301393e-03
0.144697,4.484848,4.483686,0.47459993,0.46993664,9.825733e-03
0.148909,4.484848,4.483686,0.47113356,0.46625571,1.035342e-02
0.153121,4.484848,4.483686,0.46770500,0.46261497,1.088299e-02
0.157333,4.484848,4.483686,0.46431372,0.45901453,1.141295e-02
0.161545,4.484848,4.483686,0.46095917,0.45545452,1.194174e-02
0.165758,4.484848,4.483686,0.45764083,0.45193507,1.246777e-02
0.169970,4.484848,4.483686,0.45435817,0.44845634,1.298938e-02
0.174182,4.484848,4.483686,0.45111070,0.44501850,1.350488e-02
0.178394,4.484848,4.483686,0.44789789,0.44162172,1.401251e-02
0.182606,4.484848,4.483686,0.44471928,0.43826619,1.451047e-02
0.186818,4.484848,4.483686,0.44157436,0.43495212,1.499690e-02
0.191030,4.484848,4.483686,0.43846268,0.43167971,1.546989e-02
0.195242,4.484848,4.483686,0.43538375,0.42844919,1.592747e-02
0.199455,4.484848,4.483686,0.43233712,0.42526080,1.636760e-02
0.203667,4.484848,4.483686,0.42932235,0.42211479,1.678822e-02
0.207879,4.484848,4.483686,0.42633899,0.41901143,1.718717e-02
0.212091,4.484848,4.483686,0.42338660,0.41595098,1.756225e-02
0.216303,4.484848,4.483686,0.42046477,0.41293374,1.791119e-02
0.220515,4.484848,4.483686,0.41757306,0.40996000,1.823167e-02
0.224727,4.484848,4.483686,0.41471106,0.40703008,1.852130e-02
0.228939,4.484848,4.483686,0.41187838,0.40414429,1.877760e-02
0.233152,4.484848,4.483686,0.40907461,0.40130298,1.899807e-02
0.237364,4.484848,4.483686,0.40629936,0.39850649,1.918011e-02
0.241576,4.484848,4.483686,0.40355224,0.39575518,1.932105e-02
0.245788,4.484848,4.483686,0.40083287,0.39304943,1.941816e-02
0.250000,4.484848,4.483686,0.39814089,0.39038962,1.946866e-02
-0.167000,4.545455,4.544276,0.89733616,0.86466724,3.640655e-02
-0.162788,4.545455,4.544276,0.88836033,0.85745575,3.478834e-02
-0.158576,4.545455,4.544276,0.87951844,0.85030994,3.320965e-02
-0.154364,4.545455,4.544276,0.87080783,0.84322902,3.167038e-02
-0.150152,4.545455,4.544276,0.86222591,0.83621221,3.017041e-02
-0.145939,4.545455,4.544276,0.85377017,0.82925875,2.870963e-02
-0.141727,4.545455,4.544276,0.84543815,0.82236788,2.728794e-02
-0.137515,4.545455,4.544276,0.83722743,0.81553888,2.590522e-02
-0.133303,4.545455,4.544276,0.82913569,0.80877100,2.456135e-02
-0.129091,4.545455,4.544276,0.82116063,0.80206354,2.325622e-02
-0.124879,4.545455,4.544276,0.81330002,0.79541579,2.198971e-02
-0.120667,4.545455,4.544276,0.80555168,0.78882705,2.076170e-02
-0.116455,4.545455,4.544276,0.79791349,0.78229666,1.957207e-02
-0.112242,4.545455,4.544276,0.79038336,0.77582395,1.842069e-02
-0.108030,4.545455,4.544276,0.78295927,0.76940825,1.730743e-02
-0.103818,4.545455,4.544276,0.77563924,0.76304894,1.623216e-02
-0.099606,4.545455,4.544276,0.76842133,0.75674537,1.519474e-02
-0.095394,4.545455,4.544276,0.76130365,0.75049693,1.419502e-02
-0.091182,4.545455,4.544276,0.75428436,0.74430302,1.323286e-02
-0.086970,4.545455,4.544276,0.74736165,0.73816304,1.230811e-02
-0.082758,4.545455,4.544276,0.74053376,0.73207642,1.142061e-02
-0.078545,4.545455,4.544276,0.73379896,0.72604257,1.057018e-02
-0.074333,4.545455,4.544276,0.72715557,0.72006095,9.756675e-03
-0.070121,4.545455,4.544276,0.72060195,0.71413102,8.979900e-03
-0.065909,4.545455,4.544276,0.71413648,0.70825223,8.239672e-03
-0.061697,4.545455,4.544276,0.70775759,0.70242407,7.535799e-03
-0.057485,4.545455,4.544276,0.70146375,0.69664604,6.868077e-03
-0.053273,4.545455,4.544276,0.69525344,0.69091763,6.236295e-03
-0.049061,4.545455,4.544276,0.68912520,0.68523837,5.640233e-03
-0.044848,4.545455,4.544276,0.68307758,0.67960778,5.079661e-03
-0.040636,4.545455,4.544276,0.67710919,0.67402541,4.554337e-03
-0.036424,4.545455,4.544276,0.67121864,0.66849080,4.064009e-03
-0.032212,4.545455,4.544276,0.66540458,0.66300352,3.608413e-03
-0.028000,4.545455,4.544276,0.65966570,0.65756316,3.187275e-03
-0.023788,4.545455,4.544276,0.65400070,0.65216930,2.800306e-03
-0.019576,4.545455,4.544276,0.64840833,0.64682155,2.447204e-03
-0.015364,4.545455,4.544276,0.64288735,0.64151951,2.127656e-03
-0.011152,4.545455,4.544276,0.63743655,0.63626282,1.841331e-03
-0.006939,4.545455,4.544276,0.63205474,0.63105111,1.587886e-03
-0.002727,4.545455,4.544276,0.62674077,0.62588404,1.366959e-03
0.001485,4.545455,4.544276,0.62149349,0.62076127,1.178175e-03
0.005697,4.545455,4.544276,0.61631181,0.61568247,1.021141e-03
0.009909,4.545455,4.544276,0.61119463,0.61064734,8.954448e-04
0.014121,4.545455,4.544276,0.60614088,0.60565557,8.006628e-04
0.018333,4.545455,4.544276,0.60114952,0.60070687,7.363425e-04
0.022545,4.545455,4.544276,0.59621954,0.59580098,7.020217e-04
0.026758,4.545455,4.544276,0.59134992,0.59093762,6.972090e-04
0.030970,4.545455,4.544276,0.58653969,0.58611655,7.214028e-04
0.035182,4.545455,4.544276,0.58178788,0.58133753,7.740692e-04
0.039394,4.545455,4.544276,0.57709355,0.57660033,8.546595e-04
0.043606,4.545455,4.544276,0.57245579,0.57190474,9.625995e-04
0.047818,4.545455,4.544276,0.56787367,0.56725055,1.097290e-03
0.052030,4.545455,4.544276,0.56334633,0.56263758,1.258108e-03
0.056242,4.545455,4.544276,0.55887289,0.55806565,1.444407e-03
0.060455,4.545455,4.544276,0.55445249,0.55353458,1.655516e-03
0.064667,4.545455,4.544276,0.55008430,0.54904424,1.890734e-03
0.068879,4.545455,4.544276,0.54576751,0.54459448,2.149331e-03
0.073091,4.545455,4.544276,0.54150131,0.54018516,2.430556e-03
0.077303,4.545455,4.544276,0.53728491,0.53581618,2.733617e-03
0.081515,4.545455,4.544276,0.53311754,0.53148743,3.057705e-03
0.085727,4.545455,4.544276,0.52899845,0.52719881,3.401975e-03
0.089939,4.545455,4.544276,0.52492689,0.52295026,3.765543e-03
0.094152,4.545455,4.544276,0.52090213,0.51874169,4.147508e-03
0.098364,4.545455,4.544276,0.51692347,0.51457305,4.546923e-03
0.102576,4.545455,4.544276,0.51299019,0.51044431,4.962813e-03
0.106788,4.545455,4.544276,0.50910161,0.50635543,5.394160e-03
0.111000,4.545455,4.544276,0.50525705,0.50230639,5.839923e-03
0.115212,4.545455,4.544276,0.50145587,0.49829719,6.299015e-03
0.119424,4.545455,4.544276,0.49769739,0.49432783,6.770313e-03
0.123636,4.545455,4.544276,0.49398100,0.49039832,7.252655e-03
0.127848,4.545455,4.544276,0.49030605,0.48650871,7.744843e-03
0.132061,4.545455,4.544276,0.48667195,0.48265903,8.245636e-03
0.136273,4.545455,4.544276,0.48307807,0.47884933,8.753747e-03
0.140485,4.545455,4.544276,0.47952385,0.47507969,9.267857e-03
0.144697,4.545455,4.544276,0.47600868,0.47135018,9.786593e-03
0.148909,4.545455,4.544276,0.47253201,0.46766089,1.030854e-02
0.153121,4.545455,4.544276,0.46909327,0.46401194,1.083225e-02
0.157333,4.545455,4.544276,0.46569192,0.46040342,1.135621e-02
0.161545,4.545455,4.544276,0.46232740,0.45683548,1.187887e-02
0.165758,4.545455,4.544276,0.45899921,0.45330825,1.239862e-02
0.169970,4.545455,4.544276,0.45570680,0.44982188,1.291382e-02
0.174182,4.545455,4.544276,0.45244968,0.44637654,1.342278e-02
0.178394,4.545455,4.544276,0.44922733,0.44297241,1.392373e-02
0.182606,4.545455,4.544276,0.44603928,0.43960968,1.441487e-02
0.186818,4.545455,4.544276,0.44288502,0.43628854,1.489435e-02
0.191030,4.545455,4.544276,0.43976409,0.43300920,1.536025e-02
0.195242,4.545455,4.544276,0.43667602,0.42977191,1.581059e-02
0.199455,4.545455,4.544276,0.43362034,0.42657689,1.624337e-02
0.203667,4.545455,4.544276,0.43059662,0.42342439,1.665648e-02
0.207879,4.545455,4.544276,0.42760440,0.42031468,1.704780e-02
0.212091,4.545455,4.544276,0.42464324,0.41724803,1.741511e-02
0.216303,4.545455,4.544276,0.42171273,0.41422473,1.775615e-02
0.220515,4.545455,4.544276,0.41881243,0.41124508,1.806858e-02
0.224727,4.545455,4.544276,0.41594193,0.40830939,1.835003e-02
0.228939,4.545455,4.544276,0.41310084,0.40541797,1.859804e-02
0.233152,4.545455,4.544276,0.41028874,0.40257118,1.881007e-02
0.237364,4.545455,4.544276,0.40750524,0.39976935,1.898354e-02
0.241576,4.545455,4.544276,0.40474997,0.39701285,1.911579e-02
0.245788,4.545455,4.544276,0.40202253,0.39430205,1.920409e-02
0.250000,4.545455,4.544276,0.39932255,0.39163733,1.924564e-02
-0.167000,4.606061,4.604867,0.90001977,0.86712212,3.655214e-02
-0.162788,4.606061,4.604867,0.89101708,0.85989137,3.493279e-02
-0.158576,4.606061,4.604867,0.88214873,0.85272644,3.335298e-02
-0.154364,4.606061,4.604867,0.87341205,0.84562655,3.181259e-02
-0.150152,4.606061,4.604867,0.86480445,0.83859092,3.031152e-02
-0.145939,4.606061,4.604867,0.85632341,0.83161879,2.884964e-02
-0.141727,4.606061,4.604867,0.84796645,0.82470939,2.742686e-02
-0.137515,4.606061,4.604867,0.83973117,0.81786200,2.604305e-02
-0.133303,4.606061,4.604867,0.83161521,0.81107589,2.469811e-02
-0.129091,4.606061,4.604867,0.82361628,0.80435033,2.339190e-02
-0.124879,4.606061,4.604867,0.81573215,0.79768464,2.212431e-02
-0.120667,4.606061,4.604867,0.80796062,0.79107810,2.089523e-02
-0.116455,4.606061,4.604867,0.80029957,0.78453006,1.970451e-02
-0.112242,4.606061,4.604867,0.79274691,0.77803983,1.855205e-02
-0.108030,4.606061,4.604867,0.78530061,0.77160678,1.743769e-02
-0.103818,4.606061,4.604867,0.77795867,0.76523024,1.636132e-02
-0.099606,4.606061,4.604867,0.77071916,0.75890960,1.532278e-02
-0.095394,4.606061,4.604867,0.76358019,0.75264424,1.432194e-02
-0.091182,4.606061,4.604867,0.75653989,0.74643355,1.335864e-02
-0.086970,4.606061,4.604867,0.74959647,0.74027694,1.243273e-02
-0.082758,4.606061,4.604867,0.74274814,0.73417382,1.154405e-02
-0.078545,4.606061,4.604867,0.73599319,0.72812363,1.069244e-02
-0.074333,4.606061,4.604867,0.72932993,0.72212582,9.877709e-03
-0.070121,4.606061,4.604867,0.72275669,0.71617983,9.099691e-03
-0.065909,4.606061,4.604867,0.71627188,0.71028514,8.358193e-03
-0.061697,4.606061,4.604867,0.70987390,0.70444122,7.653021e-03
-0.057485,4.606061,4.604867,0.70356122,0.69864757,6.983967e-03
-0.053273,4.606061,4.604867,0.69733233,0.69290370,6.350822e-03
-0.049061,4.606061,4.604867,0.69118575,0.68720911,5.753359e-03
-0.044848,4.606061,4.604867,0.68512004,0.68156335,5.191348e-03
-0.040636,4.606061,4.604867,0.67913379,0.67596594,4.664545e-03
-0.036424,4.606061,4.604867,0.67322561,0.67041645,4.172695e-03
-0.032212,4.606061,4.604867,0.66739416,0.66491444,3.715532e-03
-0.028000,4.606061,4.604867,0.66163811,0.65945948,3.292780e-03
-0.023788,4.606061,4.604867,0.65595616,0.65405117,2.904147e-03
-0.019576,4.606061,4.604867,0.65034706,0.64868911,2.549327e-03
-0.015364,4.606061,4.604867,0.64480956,0.64337292,2.228008e-03
-0.011152,4.606061,4.604867,0.63934245,0.63810222,1.939853e-03
-0.006939,4.606061,4.604867,0.63394454,0.63287664,1.684520e-03
-0.002727,4.606061,4.604867,0.62861466,0.62769585,1.461641e-03
0.001485,4.606061,4.604867,0.62335169,0.62255951,1.270842e-03
0.005697,4.606061,4.604867,0.61815450,0.61746728,1.111727e-03
0.009909,4.606061,4.604867,0.61302201,0.61241887,9.838816e-04
0.014121,4.606061,4.604867,0.60795314,0.60741396,8.868769e-04
0.018333,4.606061,4.604867,0.60294685,0.60245228,8.202604e-04
0.022545,4.606061,4.604867,0.59800212,0.59753354,7.835682e-04
0.026758,4.606061,4.604867,0.59311793,0.59265749,7.763053e-04
0.030970,4.606061,4.604867,0.58829330,0.58782386,7.979657e-04
0.035182,4.606061,4.604867,0.58352728,0.58303244,8.480184e-04
0.039394,4.606061,4.604867,0.57881891,0.57828297,9.259080e-04
0.043606,4.606061,4.604867,0.57416727,0.57357527,1.031058e-03
0.047818,4.606061,4.604867,0.56957145,0.56890911,1.162869e-03
0.052030,4.606061,4.604867,0.56503056,0.56428431,1.320717e-03
0.056242,4.606061,4.604867,0.56054373,0.55970070,1.503953e-03
0.060455,4.606061,4.604867,0.55611011,0.55515810,1.711900e-03
0.064667,4.606061,4.604867,0.55172886,0.55065638,1.943855e-03
0.068879,4.606061,4.604867,0.54739915,0.54619537,2.199090e-03
0.073091,4.606061,4.604867,0.54312018,0.54177496,2.476846e-03
0.077303,4.606061,4.604867,0.53889117,0.53739503,2.776337e-03
0.081515,4.606061,4.604867,0.53471134,0.53305547,3.096746e-03
0.085727,4.606061,4.604867,0.53057992,0.52875620,3.437225e-03
0.089939,4.606061,4.604867,0.52649618,0.52449713,3.796898e-03
0.094152,4.606061,4.604867,0.52245938,0.52027820,4.174847e-03
0.098364,4.606061,4.604867,0.51846881,0.51609934,4.570133e-03
0.102576,4.606061,4.604867,0.51452377,0.51196053,4.981775e-03
0.106788,4.606061,4.604867,0.51062356,0.50786172,5.408762e-03
0.111000,4.606061,4.604867,0.50676750,0.50380289,5.850041e-03
0.115212,4.606061,4.604867,0.50295494,0.49978405,6.304524e-03
0.119424,4.606061,4.604867,0.49918523,0.49580520,6.771093e-03
0.123636,4.606061,4.604867,0.49545771,0.49186635,7.248582e-03
0.127848,4.606061,4.604867,0.49177178,0.48796753,7.735789e-03
0.132061,4.606061,4.604867,0.48812680,0.48410880,8.231470e-03
0.136273,4.606061,4.604867,0.48452218,0.48029019,8.734347e-03
0.140485,4.606061,4.604867,0.48095732,0.47651179,9.243086e-03
0.144697,4.606061,4.604867,0.47743164,0.47277366,9.756322e-03
0.148909,4.606061,4.604867,0.47394457,0.46907590,1.027264e-02
0.153121,4.606061,4.604867,0.47049554,0.46541862,1.079058e-02
0.157333,4.606061,4.604867,0.46708401,0.46180193,1.130864e-02
0.161545,4.606061,4.604867,0.46370943,0.45822595,1.182526e-02
0.165758,4.606061,4.604867,0.46037128,0.45469083,1.233885e-02
0.169970,4.606061,4.604867,0.45706903,0.45119672,1.284774e-02
0.174182,4.606061,4.604867,0.45380216,0.44774379,1.335025e-02
0.178394,4.606061,4.604867,0.45057018,0.44433220,1.384462e-02
0.182606,4.606061,4.604867,0.44737258,0.44096216,1.432904e-02
0.186818,4.606061,4.604867,0.44420889,0.43763386,1.480167e-02
0.191030,4.606061,4.604867,0.44107863,0.43434752,1.526057e-02
0.195242,4.606061,4.604867,0.43798132,0.43110336,1.570379e-02
0.199455,4.606061,4.604867,0.43491651,0.42790161,1.612929e-02
0.203667,4.606061,4.604867,0.43188374,0.42474254,1.653501e-02
0.207879,4.606061,4.604867,0.42888257,0.42162640,1.691877e-02
0.212091,4.606061,4.604867,0.42591255,0.41855346,1.727840e-02
0.216303,4.606061,4.604867,0.42297327,0.41552403,1.761163e-02
0.220515,4.606061,4.604867,0.42006430,0.41253838,1.791612e-02
0.224727,4.606061,4.604867,0.41718522,0.40959684,1.818949e-02
0.228939,4.606061,4.604867,0.41433563,0.40669972,1.842928e-02
0.233152,4.606061,4.604867,0.41151512,0.40384737,1.863296e-02
0.237364,4.606061,4.604867,0.40872330,0.40104014,1.879795e-02
0.241576,4.606061,4.604867,0.40595978,0.39827837,1.892160e-02
0.245788,4.606061,4.604867,0.40322418,0.39556245,1.900117e-02
0.250000,4.606061,4.604867,0.40051613,0.39289276,1.903387e-02
-0.167000,4.666667,4.665457,0.90272984,0.86960023,3.669936e-02
-0.162788,4.666667,4.665457,0.89370003,0.86234997,3.507895e-02
-0.158576,4.666667,4.665457,0.88480496,0.85516568,3.349809e-02
-0.154364,4.666667,4.665457,0.87604196,0.84804657,3.195667e-02
-0.150152,4.666667,4.665457,0.86740843,0.84099187,3.045458e-02
-0.145939,4.666667,4.665457,0.85890183,0.83400081,2.899170e-02
-0.141727,4.666667,4.665457,0.85051969,0.82707264,2.756791e-02
-0.137515,4.666667,4.665457,0.84225960,0.82020663,2.618310e-02
-0.133303,4.666667,4.665457,0.83411919,0.81340203,2.483716e-02
-0.129091,4.666667,4.665457,0.82609616,0.80665815,2.352996e-02
-0.124879,4.666667,4.665457,0.81818827,0.79997426,2.226139e-02
-0.120667,4.666667,4.665457,0.81039333,0.79334970,2.103131e-02
-0.116455,4.666667,4.665457,0.80270920,0.78678376,1.983961e-02
-0.112242,4.666667,4.665457,0.79513378,0.78027580,1.868615e-02
-0.108030,4.666667,4.665457,0.78766505,0.77382515,1.757079e-02
-0.103818,4.666667,4.665457,0.78030099,0.76743117,1.649341e-02
-0.099606,4.666667,4.665457,0.77303967,0.76109323,1.545385e-02
-0.095394,4.666667,4.665457,0.76587919,0.75481072,1.445198e-02
-0.091182,4.666667,4.665457,0.75881768,0.74858302,1.348764e-02
-0.086970,4.666667,4.665457,0.75185334,0.74240956,1.256067e-02
-0.082758,4.666667,4.665457,0.74498438,0.73628973,1.167091e-02
-0.078545,4.666667,4.665457,0.73820908,0.73022299,1.081820e-02
-0.074333,4.666667,4.665457,0.73152574,0.72420876,1.000235e-02
-0.070121,4.666667,4.665457,0.72493270,0.71824651,9.223193e-03
-0.065909,4.666667,4.665457,0.71842835,0.71233570,8.480525e-03
-0.061697,4.666667,4.665457,0.71201110,0.70647581,7.774155e-03
-0.057485,4.666667,4.665457,0.70567940,0.70066635,7.103872e-03
-0.053273,4.666667,4.665457,0.69943175,0.69490680,6.469465e-03
-0.049061,4.666667,4.665457,0.69326665,0.68919669,5.870704e-03
-0.044848,4.666667,4.665457,0.68718267,0.68353554,5.307359e-03
-0.040636,4.666667,4.665457,0.68117838,0.67792291,4.779180e-03
-0.036424,4.666667,4.665457,0.67525240,0.67235833,4.285911e-03
-0.032212,4.666667,4.665457,0.66940338,0.66684138,3.827286e-03
-0.028000,4.666667,4.665457,0.66362999,0.66137164,3.403025e-03
-0.023788,4.666667,4.665457,0.65793093,0.65594869,3.012832e-03
-0.019576,4.666667,4.665457,0.65230493,0.65057214,2.656403e-03
-0.015364,4.666667,4.665457,0.64675074,0.64524160,2.333418e-03
-0.011152,4.666667,4.665457,0.64126716,0.63995671,2.043543e-03
-0.006939,4.666667,4.665457,0.63585299,0.63471709,1.786427e-03
-0.002727,4.666667,4.665457,0.63050706,0.62952239,1.561706e-03
0.001485,4.666667,4.665457,0.62522823,0.62437230,1.369001e-03
0.005697,4.666667,4.665457,0.62001539,0.61926647,1.207914e-03
0.009909,4.666667,4.665457,0.61486744,0.61420459,1.078027e-03
0.014121,4.666667,4.665457,0.60978330,0.60918638,9.789106e-04
0.018333,4.666667,4.665457,0.60476193,0.60421153,9.101091e-04
0.022545,4.666667,4.665457,0.59980230,0.59927978,8.711530e-04
0.026758,4.666667,4.665457,0.59490340,0.59439086,8.615514e-04
0.030970,4.666667,4.665457,0.59006424,0.58954452,8.807916e-04
0.035182,4.666667,4.665457,0.58528386,0.58474052,9.283400e-04
0.039394,4.666667,4.665457,0.58056131,0.57997863,1.003640e-03
0.043606,4.666667,4.665457,0.57589565,0.57525865,1.106113e-03
0.047818,4.666667,4.665457,0.57128599,0.57058036,1.235155e-03
0.052030,4.666667,4.665457,0.56673142,0.56594358,1.390143e-03
0.056242,4.666667,4.665457,0.56223108,0.56134814,1.570424e-03
0.060455,4.666667,4.665457,0.55778410,0.55679386,1.775320e-03
0.064667,4.666667,4.665457,0.55338965,0.55228059,2.004124e-03
0.068879,4.666667,4.665457,0.54904690,0.54780820,2.256108e-03
0.073091,4.666667,4.665457,0.54475505,0.54337654,2.530510e-03
0.077303,4.666667,4.665457,0.54051330,0.53898552,2.826541e-03
0.081515,4.666667,4.665457,0.53632088,0.53463502,3.143384e-03
0.085727,4.666667,4.665457,0.53217702,0.53032494,3.480185e-03
0.089939,4.666667,4.665457,0.52808098,0.52605522,3.836067e-03
0.094152,4.666667,4.665457,0.52403202,0.52182578,4.210115e-03
0.098364,4.666667,4.665457,0.52002943,0.51763657,4.601385e-03
0.102576,4.666667,4.665457,0.51607250,0.51348755,5.008892e-03
0.106788,4.666667,4.665457,0.51216054,0.50937868,5.431624e-03
0.111000,4.666667,4.665457,0.50829287,0.50530994,5.868529e-03
0.115212,4.666667,4.665457,0.50446883,0.50128134,6.318519e-03
0.119424,4.666667,4.665457,0.50068776,0.49729286,6.780467e-03
0.123636,4.666667,4.665457,0.49694902,0.49334454,7.253210e-03
0.127848,4.666667,4.665457,0.49325198,0.48943641,7.735546e-03
0.132061,4.666667,4.665457,0.48959603,0.48556850,8.226229e-03
0.136273,4.666667,4.665457,0.48598055,0.48174087,8.723975e-03
0.140485,4.666667,4.665457,0.48240495,0.47795358,9.227454e-03
0.144697,4.666667,4.665457,0.47886865,0.47420672,9.735296e-03
0.148909,4.666667,4.665457,0.47537108,0.47050038,1.024609e-02
0.153121,4.666667,4.665457,0.47191167,0.46683467,1.075837e-02
0.157333,4.666667,4.665457,0.46848986,0.46320968,1.127064e-02
0.161545,4.666667,4.665457,0.46510512,0.45962557,1.178133e-02
0.165758,4.666667,4.665457,0.46175691,0.45608245,1.228885e-02
0.169970,4.666667,4.665457,0.45844472,0.45258050,1.279155e-02
0.174182,4.666667,4.665457,0.45516801,0.44911987,1.328772e-02
0.178394,4.666667,4.665457,0.45192630,0.44570073,1.377561e-02
0.182606,4.666667,4.665457,0.44871907,0.44232329,1.425342e-02
0.186818,4.666667,4.665457,0.44554585,0.43898774,1.471929e-02
0.191030,4.666667,4.665457,0.44240616,0.43569429,1.517130e-02
0.195242,4.666667,4.665457,0.43929953,0.43244316,1.560749e-02
0.199455,4.666667,4.665457,0.43622548,0.42923461,1.602582e-02
0.203667,4.666667,4.665457,0.43318358,0.42606887,1.642423e-02
0.207879,4.666667,4.665457,0.43017337,0.42294622,1.680056e-02
0.212091,4.666667,4.665457,0.42719441,0.41986691,1.715260e-02
0.216303,4.666667,4.665457,0.42424628,0.41683125,1.747812e-02
0.220515,4.666667,4.665457,0.42132855,0.41383954,1.777476e-02
0.224727,4.666667,4.665457,0.41844080,0.41089207,1.804014e-02
0.228939,4.666667,4.665457,0.41558262,0.40798918,1.827180e-02
0.233152,4.666667,4.665457,0.41275362,0.40513120,1.846724e-02
0.237364,4.666667,4.665457,0.40995339,0.40231848,1.862386e-02
0.241576,4.666667,4.665457,0.40718155,0.39955138,1.873899e-02
0.245788,4.666667,4.665457,0.40443772,0.39683027,1.880993e-02
0.250000,4.666667,4.665457,0.40172151,0.39415554,1.883386e-02
-0.167000,4.727273,4.726047,0.90546610,0.87210122,3.684829e-02
-0.162788,4.727273,4.726047,0.89640891,0.86483119,3.522691e-02
-0.158576,4.727273,4.726047,0.88748686,0.85762728,3.364509e-02
-0.154364,4.727273,4.726047,0.87869728,0.85048871,3.210273e-02
-0.150152,4.727273,4.726047,0.87003757,0.84341468,3.059970e-02
-0.145939,4.727273,4.726047,0.86150517,0.83640446,2.913589e-02
-0.141727,4.727273,4.726047,0.85309761,0.82945727,2.771118e-02
-0.137515,4.727273,4.726047,0.84481247,0.82257238,2.632547e-02
-0.133303,4.727273,4.726047,0.83664737,0.81574907,2.497863e-02
-0.129091,4.727273,4.726047,0.82860001,0.80898661,2.367053e-02
-0.124879,4.727273,4.726047,0.82066814,0.80228431,2.240106e-02
-0.120667,4.727273,4.726047,0.81284956,0.79564147,2.117009e-02
-0.116455,4.727273,4.726047,0.80514212,0.78905741,1.997749e-02
-0.112242,4.727273,4.726047,0.79754374,0.78253147,1.882312e-02
-0.108030,4.727273,4.726047,0.79005235,0.77606300,1.770686e-02
-0.103818,4.727273,4.726047,0.78266596,0.76965134,1.662857e-02
-0.099606,4.727273,4.726047,0.77538262,0.76329588,1.558809e-02
-0.095394,4.727273,4.726047,0.76820042,0.75699600,1.458528e-02
-0.091182,4.727273,4.726047,0.76111750,0.75075108,1.362000e-02
-0.086970,4.727273,4.726047,0.75413203,0.74456053,1.269207e-02
-0.082758,4.727273,4.726047,0.74724225,0.73842379,1.180134e-02
-0.078545,4.727273,4.726047,0.74044640,0.73234026,1.094763e-02
-0.074333,4.727273,4.726047,0.73374279,0.72630941,1.013077e-02
-0.070121,4.727273,4.726047,0.72712976,0.72033068,9.350565e-03
-0.065909,4.727273,4.726047,0.72060568,0.71440355,8.606832e-03
-0.061697,4.727273,4.726047,0.71416897,0.70852749,7.899366e-03
-0.057485,4.727273,4.726047,0.70781807,0.70270199,7.227960e-03
-0.053273,4.727273,4.726047,0.70155147,0.69692656,6.592396e-03
-0.049061,4.727273,4.726047,0.69536768,0.69120072,5.992445e-03
-0.044848,4.727273,4.726047,0.68926524,0.68552400,5.427870e-03
-0.040636,4.727273,4.726047,0.68324275,0.67989594,4.898424e-03
-0.036424,4.727273,4.726047,0.67729880,0.67431608,4.403846e-03
-0.032212,4.727273,4.726047,0.67143204,0.66878400,3.943869e-03
-0.028000,4.727273,4.726047,0.66564114,0.66329928,3.518206e-03
-0.023788,4.727273,4.726047,0.65992480,0.65786150,3.126565e-03
-0.019576,4.727273,4.726047,0.65428174,0.65247027,2.768635e-03
-0.015364,4.727273,4.726047,0.64871071,0.64712520,2.444096e-03
-0.011152,4.727273,4.726047,0.64321050,0.64182592,2.152609e-03
-0.006939,4.727273,4.726047,0.63777991,0.63657207,1.893825e-03
-0.002727,4.727273,4.726047,0.63241777,0.63136329,1.667376e-03
0.001485,4.727273,4.726047,0.62712294,0.62619926,1.472877e-03
0.005697,4.727273,4.726047,0.62189429,0.62107965,1.309930e-03
0.009909,4.727273,4.726047,0.61673072,0.61600414,1.178115e-03
0.014121,4.727273,4.726047,0.61163117,0.61097245,1.076999e-03
0.018333,4.727273,4.726047,0.60659457,0.60598426,1.006126e-03
0.022545,4.727273,4.726047,0.60161990,0.60103933,9.650227e-04
0.026758,4.727273,4.726047,0.59670615,0.59613737,9.531964e-04
0.030970,4.727273,4.726047,0.59185232,0.59127814,9.701287e-04
0.035182,4.727273,4.726047,0.58705744,0.58646141,1.015288e-03
0.039394,4.727273,4.726047,0.58232057,0.58168694,1.088113e-03
0.043606,4.727273,4.726047,0.57764077,0.57695452,1.188025e-03
0.047818,4.727273,4.726047,0.57301713,0.57226394,1.314417e-03
0.052030,4.727273,4.726047,0.56844875,0.56761503,1.466660e-03
0.056242,4.727273,4.726047,0.56393476,0.56300759,1.644102e-03
0.060455,4.727273,4.726047,0.55947430,0.55844148,1.846063e-03
0.064667,4.727273,4.726047,0.55506653,0.55391652,2.071833e-03
0.068879,4.727273,4.726047,0.55071061,0.54943259,2.320681e-03
0.073091,4.727273,4.726047,0.54640574,0.54498955,2.591843e-03
0.077303,4.727273,4.726047,0.54215113,0.54058728,2.884531e-03
0.081515,4.727273,4.726047,0.53794600,0.53622569,3.197921e-03
0.085727,4.727273,4.726047,0.53378957,0.53190468,3.531162e-03
0.089939,4.727273,4.726047,0.52968111,0.52762416,3.883372e-03
0.094152,4.727273,4.726047,0.52561988,0.52338409,4.253636e-03
0.098364,4.727273,4.726047,0.52160515,0.51918438,4.641002e-03
0.102576,4.727273,4.726047,0.51763623,0.51502502,5.044492e-03
0.106788,4.727273,4.726047,0.51371241,0.51090595,5.463087e-03
0.111000,4.727273,4.726047,0.50983301,0.50682718,5.895731e-03
0.115212,4.727273,4.726047,0.50599738,0.50278868,6.341340e-03
0.119424,4.727273,4.726047,0.50220484,0.49879046,6.798786e-03
0.123636,4.727273,4.726047,0.49845477,0.49483255,7.266901e-03
0.127848,4.727273,4.726047,0.49474652,0.49091497,7.744476e-03
0.132061,4.727273,4.726047,0.49107948,0.48703776,8.230274e-03
0.136273,4.727273,4.726047,0.48745304,0.48320099,8.723003e-03
0.140485,4.727273,4.726047,0.48386660,0.47940471,9.221335e-03
0.144697,4.727273,4.726047,0.48031959,0.47564900,9.723903e-03
0.148909,4.727273,4.726047,0.47681141,0.47193397,1.022928e-02
0.153121,4.727273,4.726047,0.47334151,0.46825970,1.073602e-02
0.157333,4.727273,4.726047,0.46990933,0.46462632,1.124260e-02
0.161545,4.727273,4.726047,0.46651433,0.46103396,1.174748e-02
0.165758,4.727273,4.726047,0.46315597,0.45748275,1.224905e-02
0.169970,4.727273,4.726047,0.45983373,0.45397285,1.274565e-02
0.174182,4.727273,4.726047,0.45654709,0.45050442,1.323559e-02
0.178394,4.727273,4.726047,0.45329555,0.44707764,1.371712e-02
0.182606,4.727273,4.726047,0.45007860,0.44369270,1.418842e-02
0.186818,4.727273,4.726047,0.44689576,0.44034979,1.464764e-02
0.191030,4.727273,4.726047,0.44374655,0.43704914,1.509287e-02
0.195242,4.727273,4.726047,0.44063050,0.43379097,1.552214e-02
0.199455,4.727273,4.726047,0.43754714,0.43057552,1.593342e-02
0.203667,4.727273,4.726047,0.43449601,0.42740303,1.632462e-02
0.207879,4.727273,4.726047,0.43147668,0.42427377,1.669361e-02
0.212091,4.727273,4.726047,0.42848869,0.42118802,1.703819e-02
0.216303,4.727273,4.726047,0.42553162,0.41814606,1.735608e-02
0.220515,4.727273,4.726047,0.42260504,0.41514819,1.764498e-02
0.224727,4.727273,4.726047,0.41970854,0.41219472,1.790248e-02
0.228939,4.727273,4.726047,0.41684170,0.40928597,1.812613e-02
0.233152,4.727273,4.726047,0.41400412,0.40642229,1.831341e-02
0.237364,4.727273,4.726047,0.41119540,0.40360402,1.846175e-02
0.241576,4.727273,4.726047,0.40841516,0.40083151,1.856847e-02
0.245788,4.727273,4.726047,0.40566301,0.39810515,1.863087e-02
0.250000,4.727273,4.726047,0.40293857,0.39542532,1.864615e-02
-0.167000,4.787879,4.786638,0.90822828,0.87462472,3.699903e-02
-0.162788,4.787879,4.786638,0.89914344,0.86733467,3.537676e-02
-0.158576,4.787879,4.786638,0.89019416,0.86011088,3.379407e-02
-0.154364,4.787879,4.786638,0.88137776,0.85295259,3.225084e-02
-0.150152,4.787879,4.786638,0.87269162,0.84585900,3.074697e-02
-0.145939,4.787879,4.786638,0.86413318,0.83882935,2.928232e-02
-0.141727,4.787879,4.786638,0.85569996,0.83186290,2.785680e-02
-0.137515,4.787879,4.786638,0.84738953,0.82495890,2.647027e-02
-0.133303,4.787879,4.786638,0.83919951,0.81811662,2.512261e-02
-0.129091,4.787879,4.786638,0.83112759,0.81133535,2.381371e-02
-0.124879,4.787879,4.786638,0.82317151,0.80461439,2.254344e-02
-0.120667,4.787879,4.786638,0.81532906,0.79795304,2.131167e-02
-0.116455,4.787879,4.786638,0.80759811,0.79135063,2.011827e-02
-0.112242,4.787879,4.786638,0.79997652,0.78480649,1.896310e-02
-0.108030,4.787879,4.786638,0.79246227,0.77831996,1.784604e-02
-0.103818,4.787879,4.786638,0.78505334,0.77189040,1.676693e-02
-0.099606,4.787879,4.786638,0.77774777,0.76551719,1.572563e-02
-0.095394,4.787879,4.786638,0.77054365,0.75919971,1.472200e-02
-0.091182,4.787879,4.786638,0.76343911,0.75293734,1.375587e-02
-0.086970,4.787879,4.786638,0.75643233,0.74672950,1.282708e-02
-0.082758,4.787879,4.786638,0.74952151,0.74057561,1.193548e-02
-0.078545,4.787879,4.786638,0.74270492,0.73447510,1.108088e-02
-0.074333,4.787879,4.786638,0.73598085,0.72842740,1.026311e-02
-0.070121,4.787879,4.786638,0.72934764,0.72243199,9.481972e-03
-0.065909,4.787879,4.786638,0.72280365,0.71648831,8.737278e-03
-0.061697,4.787879,4.786638,0.71634729,0.71059587,8.028828e-03
-0.057485,4.787879,4.786638,0.70997701,0.70475413,7.356407e-03
-0.053273,4.787879,4.786638,0.70369129,0.69896263,6.719795e-03
-0.049061,4.787879,4.786638,0.69748862,0.69322086,6.118762e-03
-0.044848,4.787879,4.786638,0.69136757,0.68752835,5.553071e-03
-0.040636,4.787879,4.786638,0.68532669,0.68188466,5.022469e-03
-0.036424,4.787879,4.786638,0.67936460,0.67628933,4.526695e-03
-0.032212,4.787879,4.786638,0.67347994,0.67074192,4.065474e-03
-0.028000,4.787879,4.786638,0.66767137,0.66524203,3.638525e-03
-0.023788,4.787879,4.786638,0.66193758,0.65978923,3.245548e-03
-0.019576,4.787879,4.786638,0.65627730,0.65438313,2.886233e-03
-0.015364,4.787879,4.786638,0.65068927,0.64902334,2.560254e-03
-0.011152,4.787879,4.786638,0.64517227,0.64370949,2.267273e-03
-0.006939,4.787879,4.786638,0.63972511,0.63844122,2.006935e-03
-0.002727,4.787879,4.786638,0.63434660,0.63321818,1.778871e-03
0.001485,4.787879,4.786638,0.62903561,0.62804004,1.582697e-03
0.005697,4.787879,4.786638,0.62379101,0.62290647,1.418007e-03
0.009909,4.787879,4.786638,0.61861168,0.61781715,1.284382e-03
0.014121,4.787879,4.786638,0.61349657,0.61277179,1.181384e-03
0.018333,4.787879,4.786638,0.60844460,0.60777011,1.108557e-03
0.022545,4.787879,4.786638,0.60345475,0.60281181,1.065426e-03
0.026758,4.787879,4.786638,0.59852600,0.59789665,1.051491e-03
0.030970,4.787879,4.786638,0.59365735,0.59302438,1.066237e-03
0.035182,4.787879,4.786638,0.58884785,0.58819474,1.109126e-03
0.039394,4.787879,4.786638,0.58409652,0.58340752,1.179599e-03
0.043606,4.787879,4.786638,0.57940244,0.57866250,1.277065e-03
0.047818,4.787879,4.786638,0.57476469,0.57395948,1.400927e-03
0.052030,4.787879,4.786638,0.57018237,0.56929827,1.550548e-03
0.056242,4.787879,4.786638,0.56565461,0.56467870,1.725272e-03
0.060455,4.787879,4.786638,0.56118053,0.56010059,1.924415e-03
0.064667,4.787879,4.786638,0.55675931,0.55556379,2.147273e-03
0.068879,4.787879,4.786638,0.55239010,0.55106817,2.393108e-03
0.073091,4.787879,4.786638,0.54807210,0.54661360,2.661153e-03
0.077303,4.787879,4.786638,0.54380450,0.54219995,2.950615e-03
0.081515,4.787879,4.786638,0.53958654,0.53782712,3.260675e-03
0.085727,4.787879,4.786638,0.53541743,0.53349503,3.590477e-03
0.089939,4.787879,4.786638,0.53129643,0.52920359,3.939135e-03
0.094152,4.787879,4.786638,0.52722281,0.52495273,4.305730e-03
0.098364,4.787879,4.786638,0.52319583,0.52074240,4.689318e-03
0.102576,4.787879,4.786638,0.51921480,0.51657256,5.088909e-03
0.106788,4.787879,4.786638,0.51527900,0.51244317,5.503486e-03
0.111000,4.787879,4.786638,0.51138777,0.50835422,5.931996e-03
0.115212,4.787879,4.786638,0.50754043,0.50430570,6.373343e-03
0.119424,4.787879,4.786638,0.50373632,0.50029762,6.826402e-03
0.123636,4.787879,4.786638,0.49997481,0.49632999,7.290006e-03
0.127848,4.787879,4.786638,0.49625524,0.49240284,7.762948e-03
0.132061,4.787879,4.786638,0.49257701,0.48851622,8.243975e-03
0.136273,4.787879,4.786638,0.48893951,0.48467018,8.731812e-03
0.140485,4.787879,4.786638,0.48534213,0.48086479,9.225116e-03
0.144697,4.787879,4.786638,0.48178429,0.47710013,9.722522e-03
0.148909,4.787879,4.786638,0.47826541,0.47337629,1.022261e-02
0.153121,4.787879,4.786638,0.47478492,0.46969336,1.072392e-02
0.157333,4.787879,4.786638,0.47134227,0.46605148,1.122494e-02
0.161545,4.787879,4.786638,0.46793691,0.46245076,1.172411e-02
0.165758,4.787879,4.786638,0.46456830,0.45889135,1.221984e-02
0.169970,4.787879,4.786638,0.46123593,0.45537340,1.271047e-02
0.174182,4.787879,4.786638,0.45793926,0.45189707,1.319430e-02
0.178394,4.787879,4.786638,0.45467779,0.44846254,1.366957e-02
0.182606,4.787879,4.786638,0.45145103,0.44507001,1.413449e-02
0.186818,4.787879,4.786638,0.44825848,0.44171966,1.458718e-02
0.191030,4.787879,4.786638,0.44509967,0.43841172,1.502574e-02
0.195242,4.787879,4.786638,0.44197410,0.43514640,1.544819e-02
0.199455,4.787879,4.786638,0.43888134,0.43192396,1.585252e-02
0.203667,4.787879,4.786638,0.43582090,0.42874463,1.623664e-02
0.207879,4.787879,4.786638,0.43279235,0.42560869,1.659841e-02
0.212091,4.787879,4.786638,0.42979525,0.42251640,1.693562e-02
0.216303,4.787879,4.786638,0.42682916,0.41946806,1.724601e-02
0.220515,4.787879,4.786638,0.42389365,0.41646396,1.752727e-02
0.224727,4.787879,4.786638,0.42098831,0.41350441,1.777700e-02
0.228939,4.787879,4.786638,0.41811273,0.41058974,1.799274e-02
0.233152,4.787879,4.786638,0.41526649,0.40772028,1.817198e-02
0.237364,4.787879,4.786638,0.41244921,0.40489638,1.831214e-02
0.241576,4.787879,4.786638,0.40966048,0.40211840,1.841057e-02
0.245788,4.787879,4.786638,0.40689993,0.39938672,1.846453e-02
0.250000,4.787879,4.786638,0.40416718,0.39670171,1.847124e-02
-0.167000,4.848485,4.847228,0.91101611,0.87717035,3.715166e-02
-0.162788,4.848485,4.847228,0.90190337,0.86986001,3.552859e-02
-0.158576,4.848485,4.847228,0.89292661,0.86261611,3.394512e-02
-0.154364,4.848485,4.847228,0.88408313,0.85543784,3.240112e-02
-0.150152,4.848485,4.847228,0.87537031,0.84832443,3.089650e-02
-0.145939,4.848485,4.847228,0.86678559,0.84127512,2.943111e-02
-0.141727,4.848485,4.847228,0.85832647,0.83428916,2.800486e-02
-0.137515,4.848485,4.847228,0.84999051,0.82736580,2.661761e-02
-0.133303,4.848485,4.847228,0.84177534,0.82050432,2.526924e-02
-0.129091,4.848485,4.847228,0.83367864,0.81370400,2.395964e-02
-0.124879,4.848485,4.847228,0.82569812,0.80696414,2.268866e-02
-0.120667,4.848485,4.847228,0.81783160,0.80028405,2.145619e-02
-0.116455,4.848485,4.847228,0.81007689,0.79366305,2.026209e-02
-0.112242,4.848485,4.847228,0.80243191,0.78710047,1.910622e-02
-0.108030,4.848485,4.847228,0.79489458,0.78059566,1.798845e-02
-0.103818,4.848485,4.847228,0.78746289,0.77414797,1.690864e-02
-0.099606,4.848485,4.847228,0.78013489,0.76775678,1.586662e-02
-0.095394,4.848485,4.847228,0.77290865,0.76142148,1.486226e-02
-0.091182,4.848485,4.847228,0.76578229,0.75514144,1.389540e-02
-0.086970,4.848485,4.847228,0.75875399,0.74891609,1.296587e-02
-0.082758,4.848485,4.847228,0.75182195,0.74274483,1.207350e-02
-0.078545,4.848485,4.847228,0.74498443,0.73662711,1.121811e-02
-0.074333,4.848485,4.847228,0.73823971,0.73056236,1.039954e-02
-0.070121,4.848485,4.847228,0.73158613,0.72455004,9.617580e-03
-0.065909,4.848485,4.847228,0.72502205,0.71858962,8.872041e-03
-0.061697,4.848485,4.847228,0.71854586,0.71268058,8.162714e-03
-0.057485,4.848485,4.847228,0.71215602,0.70682241,7.489391e-03
-0.053273,4.848485,4.847228,0.70585099,0.70101461,6.851845e-03
-0.049061,4.848485,4.847228,0.69962928,0.69525670,6.249845e-03
-0.044848,4.848485,4.847228,0.69348942,0.68954822,5.683149e-03
-0.040636,4.848485,4.847228,0.68743000,0.68388870,5.151505e-03
-0.036424,4.848485,4.847228,0.68144960,0.67827769,4.654650e-03
-0.032212,4.848485,4.847228,0.67554687,0.67271477,4.192306e-03
-0.028000,4.848485,4.847228,0.66972046,0.66719951,3.764186e-03
-0.023788,4.848485,4.847228,0.66396906,0.66173149,3.369992e-03
-0.019576,4.848485,4.847228,0.65829140,0.65631033,3.009409e-03
-0.015364,4.848485,4.847228,0.65268621,0.65093564,2.682109e-03
-0.011152,4.848485,4.847228,0.64715228,0.64560704,2.387752e-03
-0.006939,4.848485,4.847228,0.64168839,0.64032417,2.125981e-03
-0.002727,4.848485,4.847228,0.63629337,0.63508669,1.896424e-03
0.001485,4.848485,4.847228,0.63096607,0.62989425,1.698692e-03
0.005697,4.848485,4.847228,0.62570536,0.62474654,1.532380e-03
0.009909,4.848485,4.847228,0.62051013,0.61964324,1.397067e-03
0.014121,4.848485,4.847228,0.61537931,0.61458405,1.292311e-03
0.018333,4.848485,4.847228,0.61031183,0.60956868,1.217652e-03
0.022545,4.848485,4.847228,0.60530666,0.60459686,1.172614e-03
0.026758,4.848485,4.847228,0.60036277,0.59966833,1.156697e-03
0.030970,4.848485,4.847228,0.59547918,0.59478284,1.169379e-03
0.035182,4.848485,4.847228,0.59065490,0.58994014,1.210121e-03
0.039394,4.848485,4.847228,0.58588898,0.58514000,1.278360e-03
0.043606,4.848485,4.847228,0.58118049,0.58038223,1.373513e-03
0.047818,4.848485,4.847228,0.57652850,0.57566661,1.494967e-03
0.052030,4.848485,4.847228,0.57193211,0.57099295,1.642088e-03
0.056242,4.848485,4.847228,0.56739044,0.56636107,1.814218e-03
0.060455,4.848485,4.847228,0.56290264,0.56177082,2.010674e-03
0.064667,4.848485,4.847228,0.55846784,0.55722204,2.230742e-03
0.068879,4.848485,4.847228,0.55408521,0.55271458,2.473687e-03
0.073091,4.848485,4.847228,0.54975395,0.54824832,2.738740e-03
0.077303,4.848485,4.847228,0.54547325,0.54382314,3.025106e-03
0.081515,4.848485,4.847228,0.54124234,0.53943894,3.331960e-03
0.085727,4.848485,4.847228,0.53706043,0.53509562,3.658445e-03
0.089939,4.848485,4.847228,0.53292678,0.53079311,4.003678e-03
0.094152,4.848485,4.847228,0.52884065,0.52653134,4.366735e-03
0.098364,4.848485,4.847228,0.52480131,0.52231025,4.746669e-03
0.102576,4.848485,4.847228,0.52080805,0.51812980,5.142487e-03
0.106788,4.848485,4.847228,0.51686017,0.51398996,5.553172e-03
0.111000,4.848485,4.847228,0.51295699,0.50989070,5.977667e-03
0.115212,4.848485,4.847228,0.50909784,0.50583204,6.414883e-03
0.119424,4.848485,4.847228,0.50528205,0.50181396,6.863680e-03
0.123636,4.848485,4.847228,0.50150898,0.49783649,7.322897e-03
0.127848,4.848485,4.847228,0.49777800,0.49389965,7.791324e-03
0.132061,4.848485,4.847228,0.49408848,0.49000350,8.267714e-03
0.136273,4.848485,4.847228,0.49043981,0.48614808,8.750777e-03
0.140485,4.848485,4.847228,0.48683138,0.48233346,9.239177e-03
0.144697,4.848485,4.847228,0.48326262,0.47855973,9.731545e-03
0.148909,4.848485,4.847228,0.47973293,0.47482696,1.022646e-02
0.153121,4.848485,4.847228,0.47624176,0.47113527,1.072247e-02
0.157333,4.848485,4.847228,0.47278854,0.46748478,1.121805e-02
0.161545,4.848485,4.847228,0.46937273,0.46387560,1.171165e-02
0.165758,4.848485,4.847228,0.46599378,0.46030788,1.220166e-02
0.169970,4.848485,4.847228,0.46265117,0.45678178,1.268644e-02
0.174182,4.848485,4.847228,0.45934438,0.45329745,1.316427e-02
0.178394,4.848485,4.847228,0.45607291,0.44985508,1.363342e-02
0.182606,4.848485,4.847228,0.45283624,0.44645484,1.409206e-02
0.186818,4.848485,4.847228,0.44963389,0.44309696,1.453834e-02
0.191030,4.848485,4.847228,0.44646537,0.43978163,1.497035e-02
0.195242,4.848485,4.847228,0.44333022,0.43650909,1.538611e-02
0.199455,4.848485,4.847228,0.44022795,0.43327957,1.578361e-02
0.203667,4.848485,4.847228,0.43715812,0.43009332,1.616076e-02
0.207879,4.848485,4.847228,0.43412028,0.42695060,1.651542e-02
0.212091,4.848485,4.847228,0.43111397,0.42385170,1.684538e-02
0.216303,4.848485,4.847228,0.42813878,0.42079689,1.714839e-02
0.220515,4.848485,4.847228,0.42519426,0.41778647,1.742212e-02
0.224727,4.848485,4.847228,0.42228000,0.41482077,1.766419e-02
0.228939,4.848485,4.847228,0.41939559,0.41190009,1.787214e-02
0.233152,4.848485,4.847228,0.41654061,0.40902478,1.804345e-02
0.237364,4.848485,4.847228,0.41371468,0.40619519,1.817555e-02
0.241576,4.848485,4.847228,0.41091740,0.40341167,1.826578e-02
0.245788,4.848485,4.847228,0.40814837,0.40067459,1.831143e-02
0.250000,4.848485,4.847228,0.40540723,0.39798435,1.830969e-02
-0.167000,4.909091,4.907818,0.91382930,0.87973772,3.730628e-02
-0.162788,4.909091,4.907818,0.90468841,0.87240686,3.568251e-02
-0.158576,4.909091,4.907818,0.89568391,0.86514257,3.409835e-02
-0.154364,4.909091,4.907818,0.88681311,0.85794408,3.255368e-02
-0.150152,4.909091,4.907818,0.87807338,0.85081061,3.104840e-02
-0.145939,4.909091,4.907818,0.86946214,0.84374139,2.958237e-02
-0.141727,4.909091,4.907818,0.86097689,0.83673567,2.815548e-02
-0.137515,4.909091,4.907818,0.85261518,0.82979271,2.676761e-02
-0.133303,4.909091,4.907818,0.84437463,0.82291178,2.541863e-02
-0.129091,4.909091,4.907818,0.83625291,0.81609217,2.410842e-02
-0.124879,4.909091,4.907818,0.82824774,0.80933317,2.283685e-02
-0.120667,4.909091,4.907818,0.82035691,0.80263410,2.160378e-02
-0.116455,4.909091,4.907818,0.81257825,0.79599428,2.040908e-02
-0.112242,4.909091,4.907818,0.80490965,0.78941303,1.925262e-02
-0.108030,4.909091,4.907818,0.79734904,0.78288971,1.813425e-02
-0.103818,4.909091,4.907818,0.78989439,0.77642366,1.705383e-02
-0.099606,4.909091,4.907818,0.78254375,0.77001427,1.601121e-02
-0.095394,4.909091,4.907818,0.77529518,0.76366092,1.500624e-02
-0.091182,4.909091,4.907818,0.76814681,0.75736299,1.403875e-02
-0.086970,4.909091,4.907818,0.76109680,0.75111990,1.310857e-02
-0.082758,4.909091,4.907818,0.75414334,0.74493107,1.221555e-02
-0.078545,4.909091,4.907818,0.74728470,0.73879592,1.135950e-02
-0.074333,4.909091,4.907818,0.74051915,0.73271390,1.054023e-02
-0.070121,4.909091,4.907818,0.73384501,0.72668447,9.757564e-03
-0.065909,4.909091,4.907818,0.72726065,0.72070709,9.011291e-03
-0.061697,4.909091,4.907818,0.72076446,0.71478124,8.301207e-03
-0.057485,4.909091,4.907818,0.71435488,0.70890642,7.627096e-03
-0.053273,4.909091,4.907818,0.70803037,0.70308213,6.988733e-03
-0.049061,4.909091,4.907818,0.70178944,0.69730789,6.385883e-03
-0.044848,4.909091,4.907818,0.69563062,0.69158323,5.818304e-03
-0.040636,4.909091,4.907818,0.68955247,0.68590768,5.285737e-03
-0.036424,4.909091,4.907818,0.68355360,0.68028080,4.787919e-03
-0.032212,4.909091,4.907818,0.67763263,0.67470216,4.324570e-03
-0.028000,4.909091,4.907818,0.67178822,0.66917134,3.895401e-03
-0.023788,4.909091,4.907818,0.66601906,0.66368792,3.500110e-03
-0.019576,4.909091,4.907818,0.66032386,0.65825151,3.138382e-03
-0.015364,4.909091,4.907818,0.65470136,0.65286172,2.809883e-03
-0.011152,4.909091,4.907818,0.64915032,0.64751818,2.514273e-03
-0.006939,4.909091,4.907818,0.64366956,0.64222053,2.251192e-03
-0.002727,4.909091,4.907818,0.63825787,0.63696842,2.020265e-03
0.001485,4.909091,4.907818,0.63291411,0.63176151,1.821103e-03
0.005697,4.909091,4.907818,0.62763715,0.62659948,1.653295e-03
0.009909,4.909091,4.907818,0.62242588,0.62148202,1.516419e-03
0.014121,4.909091,4.907818,0.61727921,0.61640882,1.410030e-03
0.018333,4.909091,4.907818,0.61219607,0.61137961,1.333665e-03
0.022545,4.909091,4.907818,0.60717544,0.60639410,1.286847e-03
0.026758,4.909091,4.907818,0.60221628,0.60145203,1.269073e-03
0.030970,4.909091,4.907818,0.59731760,0.59655315,1.279819e-03
0.035182,4.909091,4.907818,0.59247842,0.59169722,1.318543e-03
0.039394,4.909091,4.907818,0.58769779,0.58688401,1.384683e-03
0.043606,4.909091,4.907818,0.58297475,0.58211332,1.477643e-03
0.047818,4.909091,4.907818,0.57830839,0.57738493,1.596819e-03
0.052030,4.909091,4.907818,0.57369780,0.57269867,1.741570e-03
0.056242,4.909091,4.907818,0.56914211,0.56805434,1.911237e-03
0.060455,4.909091,4.907818,0.56464044,0.56345179,2.105132e-03
0.064667,4.909091,4.907818,0.56019194,0.55889087,2.322542e-03
0.068879,4.909091,4.907818,0.55579578,0.55437142,2.562727e-03
0.073091,4.909091,4.907818,0.55145114,0.54989333,2.824919e-03
0.077303,4.909091,4.907818,0.54715722,0.54545648,3.108315e-03
0.081515,4.909091,4.907818,0.54291323,0.54106076,3.412095e-03
0.085727,4.909091,4.907818,0.53871841,0.53670608,3.735398e-03
0.089939,4.909091,4.907818,0.53457199,0.53239236,4.077333e-03
0.094152,4.909091,4.907818,0.53047324,0.52811954,4.436981e-03
0.098364,4.909091,4.907818,0.52642142,0.52388755,4.813390e-03
0.102576,4.909091,4.907818,0.52241582,0.51969636,5.205566e-03
0.106788,4.909091,4.907818,0.51845575,0.51554593,5.612491e-03
0.111000,4.909091,4.907818,0.51454052,0.51143624,6.033102e-03
0.115212,4.909091,4.907818,0.51066945,0.50736730,6.466312e-03
0.119424,4.909091,4.907818,0.50684187,0.50333910,6.910981e-03
0.123636,4.909091,4.907818,0.50305715,0.49935166,7.365942e-03
0.127848,4.909091,4.907818,0.49931465,0.49540502,7.829986e-03
0.132061,4.909091,4.907818,0.49561373,0.49149921,8.301862e-03
0.136273,4.909091,4.907818,0.49195379,0.48763429,8.780283e-03
0.140485,4.909091,4.907818,0.48833422,0.48381033,9.263908e-03
0.144697,4.909091,4.907818,0.48475443,0.48002741,9.751374e-03
0.148909,4.909091,4.907818,0.48121384,0.47628561,1.024125e-02
0.153121,4.909091,4.907818,0.47771189,0.47258505,1.073208e-02
0.157333,4.909091,4.907818,0.47424800,0.46892583,1.122234e-02
0.161545,4.909091,4.907818,0.47082164,0.46530809,1.171049e-02
0.165758,4.909091,4.907818,0.46743226,0.46173196,1.219492e-02
0.169970,4.909091,4.907818,0.46407933,0.45819760,1.267397e-02
0.174182,4.909091,4.907818,0.46076232,0.45470517,1.314594e-02
0.178394,4.909091,4.907818,0.45748074,0.45125485,1.360908e-02
0.182606,4.909091,4.907818,0.45423408,0.44784683,1.406157e-02
0.186818,4.909091,4.907818,0.45102184,0.44448131,1.450157e-02
0.191030,4.909091,4.907818,0.44784354,0.44115851,1.492715e-02
0.195242,4.909091,4.907818,0.44469870,0.43787864,1.533635e-02
0.199455,4.909091,4.907818,0.44158685,0.43464195,1.572714e-02
0.203667,4.909091,4.907818,0.43850754,0.43144869,1.609745e-02
0.207879,4.909091,4.907818,0.43546032,0.42829912,1.644512e-02
0.212091,4.909091,4.907818,0.43244473,0.42519351,1.676796e-02
0.216303,4.909091,4.907818,0.42946034,0.42213216,1.706370e-02
0.220515,4.909091,4.907818,0.42650673,0.41911536,1.733004e-02
0.224727,4.909091,4.907818,0.42358347,0.41614341,1.756456e-02
0.228939,4.909091,4.907818,0.42069015,0.41321666,1.776484e-02
0.233152,4.909091,4.907818,0.41782636,0.41033543,1.792834e-02
0.237364,4.909091,4.907818,0.41499170,0.40750006,1.805250e-02
0.241576,4.909091,4.907818,0.41218578,0.40471093,1.813465e-02
0.245788,4.909091,4.907818,0.40940820,0.40196840,1.817209e-02
0.250000,4.909091,4.907818,0.40665860,0.39927286,1.816201e-02
-0.167000,4.969697,4.968409,0.91666759,0.88232647,3.746300e-02
-0.162788,4.969697,4.968409,0.90749830,0.87497481,3.583862e-02
-0.158576,4.969697,4.968409,0.89846582,0.86768990,3.425386e-02
-0.154364,4.969697,4.968409,0.88956746,0.86047093,3.270863e-02
-0.150152,4.969697,4.968409,0.88080057,0.85331714,3.120278e-02
-0.145939,4.969697,4.968409,0.87216257,0.84622776,2.973621e-02
-0.141727,4.969697,4.968409,0.86365095,0.83920204,2.830880e-02
-0.137515,4.969697,4.968409,0.85526327,0.83223923,2.692041e-02
-0.133303,4.969697,4.968409,0.84699711,0.82533862,2.557092e-02
-0.129091,4.969697,4.968409,0.83885015,0.81849948,2.426020e-02
-0.124879,4.969697,4.968409,0.83082011,0.81172111,2.298813e-02
-0.120667,4.969697,4.968409,0.82290477,0.80500283,2.175457e-02
-0.116455,4.969697,4.968409,0.81510194,0.79834394,2.055939e-02
-0.112242,4.969697,4.968409,0.80740951,0.79174379,1.940244e-02
-0.108030,4.969697,4.968409,0.79982540,0.78520173,1.828358e-02
-0.103818,4.969697,4.968409,0.79234760,0.77871710,1.720267e-02
-0.099606,4.969697,4.968409,0.78497411,0.77228928,1.615956e-02
-0.095394,4.969697,4.968409,0.77770302,0.76591765,1.515407e-02
-0.091182,4.969697,4.968409,0.77053244,0.75960162,1.418607e-02
-0.086970,4.969697,4.968409,0.76346052,0.75334057,1.325537e-02
-0.082758,4.969697,4.968409,0.75648546,0.74713393,1.236181e-02
-0.078545,4.969697,4.968409,0.74960551,0.74098114,1.150520e-02
-0.074333,4.969697,4.968409,0.74281893,0.73488164,1.068537e-02
-0.070121,4.969697,4.968409,0.73612406,0.72883488,9.902103e-03
-0.065909,4.969697,4.968409,0.72951924,0.72284033,9.155214e-03
-0.061697,4.969697,4.968409,0.72300286,0.71689747,8.444490e-03
-0.057485,4.969697,4.968409,0.71657337,0.71100580,7.769711e-03
-0.053273,4.969697,4.968409,0.71022921,0.70516481,7.130651e-03
-0.049061,4.969697,4.968409,0.70396889,0.69937403,6.527072e-03
-0.044848,4.969697,4.968409,0.69779093,0.69363298,5.958729e-03
-0.040636,4.969697,4.968409,0.69169390,0.68794121,5.425363e-03
-0.036424,4.969697,4.968409,0.68567639,0.68229826,4.926706e-03
-0.032212,4.969697,4.968409,0.67973703,0.67670372,4.462476e-03
-0.028000,4.969697,4.968409,0.67387446,0.67115714,4.032383e-03
-0.023788,4.969697,4.968409,0.66808737,0.66565812,3.636121e-03
-0.019576,4.969697,4.968409,0.66237447,0.66020627,3.273372e-03
-0.015364,4.969697,4.968409,0.65673450,0.65480120,2.943802e-03
-0.011152,4.969697,4.968409,0.65116622,0.64944254,2.647067e-03
-0.006939,4.969697,4.968409,0.64566842,0.64412992,2.382804e-03
-0.002727,4.969697,4.968409,0.64023993,0.63886300,2.150636e-03
0.001485,4.969697,4.968409,0.63487956,0.63364144,1.950169e-03
0.005697,4.969697,4.968409,0.62958621,0.62846492,1.780993e-03
0.009909,4.969697,4.968409,0.62435874,0.62333312,1.642684e-03
0.014121,4.969697,4.968409,0.61919608,0.61824574,1.534792e-03
0.018333,4.969697,4.968409,0.61409716,0.61320251,1.456856e-03
0.022545,4.969697,4.968409,0.60906092,0.60820313,1.408389e-03
0.026758,4.969697,4.968409,0.60408636,0.60324735,1.388889e-03
0.030970,4.969697,4.968409,0.59917246,0.59833492,1.397830e-03
0.035182,4.969697,4.968409,0.59431825,0.59346560,1.434671e-03
0.039394,4.969697,4.968409,0.58952275,0.58863916,1.498838e-03
0.043606,4.969697,4.968409,0.58478504,0.58385538,1.589744e-03
0.047818,4.969697,4.968409,0.58010418,0.57911408,1.706773e-03
0.052030,4.969697,4.968409,0.57547927,0.57441505,1.849288e-03
0.056242,4.969697,4.968409,0.57090943,0.56975812,2.016623e-03
0.060455,4.969697,4.968409,0.56639377,0.56514312,2.208093e-03
0.064667,4.969697,4.968409,0.56193145,0.56056990,2.422979e-03
0.068879,4.969697,4.968409,0.55752163,0.55603832,2.660539e-03
0.073091,4.969697,4.968409,0.55316349,0.55154826,2.920002e-03
0.077303,4.969697,4.968409,0.54885623,0.54709958,3.200567e-03
0.081515,4.969697,4.968409,0.54459906,0.54269220,3.501405e-03
0.085727,4.969697,4.968409,0.54039121,0.53832602,3.821660e-03
0.089939,4.969697,4.968409,0.53623191,0.53400095,4.160433e-03
0.094152,4.969697,4.968409,0.53212042,0.52971693,4.516808e-03
0.098364,4.969697,4.968409,0.52805601,0.52547391,4.889825e-03
0.102576,4.969697,4.968409,0.52403798,0.52127184,5.278496e-03
0.106788,4.969697,4.968409,0.52006560,0.51711070,5.681794e-03
0.111000,4.969697,4.968409,0.51613821,0.51299045,6.098660e-03
0.115212,4.969697,4.968409,0.51225511,0.50891111,6.527998e-03
0.119424,4.969697,4.968409,0.50841564,0.50487266,6.968674e-03
0.123636,4.969697,4.968409,0.50461917,0.50087514,7.419515e-03
0.127848,4.969697,4.968409,0.50086503,0.49691856,7.879311e-03
0.132061,4.969697,4.968409,0.49715262,0.49300298,8.346809e-03
0.136273,4.969697,4.968409,0.49348131,0.48912845,8.820721e-03
0.140485,4.969697,4.968409,0.48985049,0.48529503,9.299708e-03
0.144697,4.969697,4.968409,0.48625958,0.48150280,9.782397e-03
0.148909,4.969697,4.968409,0.48270800,0.47775186,1.026736e-02
0.153121,4.969697,4.968409,0.47919516,0.47404231,1.075315e-02
0.157333,4.969697,4.968409,0.47572052,0.47037426,1.123824e-02
0.161545,4.969697,4.968409,0.47228351,0.46674784,1.172107e-02
0.165758,4.969697,4.968409,0.46888360,0.46316320,1.220004e-02
0.169970,4.969697,4.968409,0.46552025,0.45962048,1.267350e-02
0.174182,4.969697,4.968409,0.46219295,0.45611985,1.313973e-02
0.178394,4.969697,4.968409,0.45890117,0.45266149,1.359700e-02
0.182606,4.969697,4.968409,0.45564442,0.44924559,1.404348e-02
0.186818,4.969697,4.968409,0.45242220,0.44587234,1.447733e-02
0.191030,4.969697,4.968409,0.44923403,0.44254196,1.489661e-02
0.195242,4.969697,4.968409,0.44607942,0.43925468,1.529938e-02
0.199455,4.969697,4.968409,0.44295791,0.43601074,1.568359e-02
0.203667,4.969697,4.968409,0.43986903,0.43281038,1.604718e-02
0.207879,4.969697,4.968409,0.43681234,0.42965386,1.638799e-02
0.212091,4.969697,4.968409,0.43378738,0.42654147,1.670383e-02
0.216303,4.969697,4.968409,0.43079373,0.42347349,1.699244e-02
0.220515,4.969697,4.968409,0.42783094,0.42045022,1.725150e-02
0.224727,4.969697,4.968409,0.42489860,0.41747196,1.747861e-02
0.228939,4.969697,4.968409,0.42199629,0.41453905,1.767134e-02
0.233152,4.969697,4.968409,0.41912361,0.41165182,1.782716e-02
0.237364,4.969697,4.968409,0.41628014,0.40881062,1.794349e-02
0.241576,4.969697,4.968409,0.41346550,0.40601581,1.801770e-02
0.245788,4.969697,4.968409,0.41067930,0.40326775,1.804705e-02
0.250000,4.969697,4.968409,0.40792115,0.40056684,1.802877e-02
-0.167000,5.030303,5.028999,0.91953070,0.88493618,3.762193e-02
-0.162788,5.030303,5.028999,0.91033276,0.87756348,3.599703e-02
-0.158576,5.030303,5.028999,0.90127207,0.87025768,3.441179e-02
-0.154364,5.030303,5.028999,0.89234590,0.86301799,3.286607e-02
-0.150152,5.030303,5.028999,0.88355162,0.85584364,3.135978e-02
-0.145939,5.030303,5.028999,0.87488663,0.84873385,2.989277e-02
-0.141727,5.030303,5.028999,0.86634842,0.84168788,2.846492e-02
-0.137515,5.030303,5.028999,0.85793452,0.83470499,2.707612e-02
-0.133303,5.030303,5.028999,0.84964254,0.82778444,2.572623e-02
-0.129091,5.030303,5.028999,0.84147013,0.82092554,2.441512e-02
-0.124879,5.030303,5.028999,0.83341500,0.81412756,2.314266e-02
-0.120667,5.030303,5.028999,0.82547492,0.80738982,2.190872e-02
-0.116455,5.030303,5.028999,0.81764771,0.80071165,2.071316e-02
-0.112242,5.030303,5.028999,0.80993124,0.79409237,1.955583e-02
-0.108030,5.030303,5.028999,0.80232344,0.78753133,1.843660e-02
-0.103818,5.030303,5.028999,0.79482227,0.78102788,1.735531e-02
-0.099606,5.030303,5.028999,0.78742575,0.77458141,1.631181e-02
-0.095394,5.030303,5.028999,0.78013194,0.76819129,1.530594e-02
-0.091182,5.030303,5.028999,0.77293895,0.76185692,1.433753e-02
-0.086970,5.030303,5.028999,0.76584494,0.75557769,1.340643e-02
-0.082758,5.030303,5.028999,0.75884809,0.74935304,1.251245e-02
-0.078545,5.030303,5.028999,0.75194663,0.74318239,1.165540e-02
-0.074333,5.030303,5.028999,0.74513885,0.73706519,1.083511e-02
-0.070121,5.030303,5.028999,0.73842306,0.73100089,1.005138e-02
-0.065909,5.030303,5.028999,0.73179760,0.72498896,9.303995e-03
-0.061697,5.030303,5.028999,0.72526087,0.71902888,8.592753e-03
-0.057485,5.030303,5.028999,0.71881128,0.71312015,7.917429e-03
-0.053273,5.030303,5.028999,0.71244730,0.70726226,7.277796e-03
-0.049061,5.030303,5.028999,0.70616742,0.70145473,6.673614e-03
-0.044848,5.030303,5.028999,0.69997016,0.69569710,6.104633e-03
-0.040636,5.030303,5.028999,0.69385408,0.68998890,5.570592e-03
-0.036424,5.030303,5.028999,0.68781777,0.68432969,5.071224e-03
-0.032212,5.030303,5.028999,0.68185985,0.67871904,4.606241e-03
-0.028000,5.030303,5.028999,0.67597896,0.67315651,4.175352e-03
-0.023788,5.030303,5.028999,0.67017379,0.66764171,3.778248e-03
-0.019576,5.030303,5.028999,0.66444305,0.66217423,3.414609e-03
-0.015364,5.030303,5.028999,0.65878545,0.65675369,3.084099e-03
-0.011152,5.030303,5.028999,0.65319978,0.65137972,2.786367e-03
-0.006939,5.030303,5.028999,0.64768480,0.64605195,2.521053e-03
-0.002727,5.030303,5.028999,0.64223934,0.64077004,2.287775e-03
0.001485,5.030303,5.028999,0.63686223,0.63553365,2.086140e-03
0.005697,5.030303,5.028999,0.63155234,0.63034245,1.915732e-03
0.009909,5.030303,5.028999,0.62630854,0.62519614,1.776122e-03
0.014121,5.030303,5.028999,0.62112975,0.62009441,1.666861e-03
0.018333,5.030303,5.028999,0.61601489,0.61503698,1.587484e-03
0.022545,5.030303,5.028999,0.61096292,0.61002357,1.537504e-03
0.026758,5.030303,5.028999,0.60597282,0.60505391,1.516413e-03
0.030970,5.030303,5.028999,0.60104357,0.60012776,1.523690e-03
0.035182,5.030303,5.028999,0.59617419,0.59524488,1.558779e-03
0.039394,5.030303,5.028999,0.59136371,0.59040505,1.621113e-03
0.043606,5.030303,5.028999,0.58661120,0.58560803,1.710099e-03
0.047818,5.030303,5.028999,0.58191572,0.58085365,1.825121e-03
0.052030,5.030303,5.028999,0.57727636,0.57614170,1.965536e-03
0.056242,5.030303,5.028999,0.57269223,0.57147201,2.130683e-03
0.060455,5.030303,5.028999,0.56816247,0.56684441,2.319863e-03
0.064667,5.030303,5.028999,0.56368621,0.56225875,2.532364e-03
0.068879,5.030303,5.028999,0.55926261,0.55771489,2.767437e-03
0.073091,5.030303,5.028999,0.55489086,0.55321270,3.024310e-03
0.077303,5.030303,5.028999,0.55057014,0.54875206,3.302182e-03
0.081515,5.030303,5.028999,0.54629967,0.54433287,3.600223e-03
0.085727,5.030303,5.028999,0.54207867,0.53995504,3.917562e-03
0.089939,5.030303,5.028999,0.53790637,0.53561849,4.253319e-03
0.094152,5.030303,5.028999,0.53378204,0.53132314,4.606558e-03
0.098364,5.030303,5.028999,0.52970494,0.52706895,4.976326e-03
0.102576,5.030303,5.028999,0.52567435,0.52285588,5.361630e-03
0.106788,5.030303,5.028999,0.52168956,0.51868388,5.761441e-03
0.111000,5.030303,5.028999,0.51774990,0.51455295,6.174699e-03
0.115212,5.030303,5.028999,0.51385467,0.51046307,6.600308e-03
0.119424,5.030303,5.028999,0.51000321,0.50641425,7.037128e-03
0.123636,5.030303,5.028999,0.50619487,0.50240651,7.483991e-03
0.127848,5.030303,5.028999,0.50242901,0.49843988,7.939677e-03
0.132061,5.030303,5.028999,0.49870500,0.49451441,8.402940e-03
0.136273,5.030303,5.028999,0.49502222,0.49063014,8.872480e-03
0.140485,5.030303,5.028999,0.49138006,0.48678715,9.346967e-03
0.144697,5.030303,5.028999,0.48777793,0.48298550,9.825024e-03
0.148909,5.030303,5.028999,0.48421525,0.47922531,1.030522e-02
0.153121,5.030303,5.028999,0.48069144,0.47550666,1.078610e-02
0.157333,5.030303,5.028999,0.47720594,0.47182967,1.126615e-02
0.161545,5.030303,5.028999,0.47375820,0.46819447,1.174380e-02
0.165758,5.030303,5.028999,0.47034766,0.46460121,1.221746e-02
0.169970,5.030303,5.028999,0.46697381,0.46105003,1.268546e-02
0.174182,5.030303,5.028999,0.46363611,0.45754110,1.314610e-02
0.178394,5.030303,5.028999,0.46033405,0.45407460,1.359763e-02
0.182606,5.030303,5.028999,0.45706713,0.45065071,1.403824e-02
0.186818,5.030303,5.028999,0.45383484,0.44726964,1.446606e-02
0.191030,5.030303,5.028999,0.45063671,0.44393160,1.487919e-02
0.195242,5.030303,5.028999,0.44747225,0.44063682,1.527566e-02
0.199455,5.030303,5.028999,0.44434099,0.43738553,1.565343e-02
0.203667,5.030303,5.028999,0.44124246,0.43417798,1.601043e-02
0.207879,5.030303,5.028999,0.43817622,0.43101444,1.634452e-02
0.212091,5.030303,5.028999,0.43514182,0.42789518,1.665350e-02
0.216303,5.030303,5.028999,0.43213881,0.42482049,1.693511e-02
0.220515,5.030303,5.028999,0.42916677,0.42179067,1.718702e-02
0.224727,5.030303,5.028999,0.42622527,0.41880603,1.740685e-02
0.228939,5.030303,5.028999,0.42331389,0.41586689,1.759216e-02
0.233152,5.030303,5.028999,0.42043223,0.41297359,1.774043e-02
0.237364,5.030303,5.028999,0.41757988,0.41012647,1.784907e-02
0.241576,5.030303,5.028999,0.41475645,0.40732590,1.791545e-02
0.245788,5.030303,5.028999,0.41196155,0.40457225,1.793685e-02
0.250000,5.030303,5.028999,0.40919478,0.40186591,1.791048e-02
-0.167000,5.090909,5.089589,0.92241837,0.88756648,3.778317e-02
-0.162788,5.090909,5.089589,0.91319154,0.88017248,3.615786e-02
-0.158576,5.090909,5.089589,0.90410238,0.87284554,3.457223e-02
-0.154364,5.090909,5.089589,0.89514817,0.86558488,3.302615e-02
-0.150152,5.090909,5.089589,0.88632626,0.85838971,3.151950e-02
-0.145939,5.090909,5.089589,0.87763406,0.85125926,3.005215e-02
-0.141727,5.090909,5.089589,0.86906902,0.84419280,2.862399e-02
-0.137515,5.090909,5.089589,0.86062870,0.83718958,2.723488e-02
-0.133303,5.090909,5.089589,0.85231066,0.83024886,2.588469e-02
-0.129091,5.090909,5.089589,0.84411258,0.82336995,2.457330e-02
-0.124879,5.090909,5.089589,0.83603215,0.81655212,2.330057e-02
-0.120667,5.090909,5.089589,0.82806712,0.80979470,2.206636e-02
-0.116455,5.090909,5.089589,0.82021533,0.80309700,2.087053e-02
-0.112242,5.090909,5.089589,0.81247462,0.79645835,1.971294e-02
-0.108030,5.090909,5.089589,0.80484292,0.78987811,1.859345e-02
-0.103818,5.090909,5.089589,0.79731818,0.78335563,1.751190e-02
-0.099606,5.090909,5.089589,0.78989843,0.77689027,1.646813e-02
-0.095394,5.090909,5.089589,0.78258171,0.77048143,1.546199e-02
-0.091182,5.090909,5.089589,0.77536612,0.76412850,1.449331e-02
-0.086970,5.090909,5.089589,0.76824982,0.75783088,1.356192e-02
-0.082758,5.090909,5.089589,0.76123099,0.75158799,1.266764e-02
-0.078545,5.090909,5.089589,0.75430786,0.74539927,1.181028e-02
-0.074333,5.090909,5.089589,0.74747869,0.73926415,1.098966e-02
-0.070121,5.090909,5.089589,0.74074180,0.73318210,1.020558e-02
-0.065909,5.090909,5.089589,0.73409553,0.72715258,9.457825e-03
-0.061697,5.090909,5.089589,0.72753826,0.72117507,8.746191e-03
-0.057485,5.090909,5.089589,0.72106841,0.71524907,8.070449e-03
-0.053273,5.090909,5.089589,0.71468444,0.70937407,7.430370e-03
-0.049061,5.090909,5.089589,0.70838483,0.70354960,6.825712e-03
-0.044848,5.090909,5.089589,0.70216810,0.69777518,6.256223e-03
-0.040636,5.090909,5.089589,0.69603281,0.69205036,5.721638e-03
-0.036424,5.090909,5.089589,0.68997754,0.68637469,5.221689e-03
-0.032212,5.090909,5.089589,0.68400090,0.68074773,4.756086e-03
-0.028000,5.090909,5.089589,0.67810154,0.67516907,4.324531e-03
-0.023788,5.090909,5.089589,0.67227814,0.66963829,3.926718e-03
-0.019576,5.090909,5.089589,0.66652939,0.66415499,3.562321e-03
-0.015364,5.090909,5.089589,0.66085402,0.65871880,3.231003e-03
-0.011152,5.090909,5.089589,0.65525080,0.65332933,2.932413e-03
-0.006939,5.090909,5.089589,0.64971850,0.64798623,2.666185e-03
-0.002727,5.090909,5.089589,0.64425593,0.64268915,2.431935e-03
0.001485,5.090909,5.089589,0.63886193,0.63743774,2.229264e-03
0.005697,5.090909,5.089589,0.63353536,0.63223170,2.057760e-03
0.009909,5.090909,5.089589,0.62827509,0.62707069,1.916988e-03
0.014121,5.090909,5.089589,0.62308003,0.62195444,1.806496e-03
0.018333,5.090909,5.089589,0.61794910,0.61688264,1.725819e-03
0.022545,5.090909,5.089589,0.61288127,0.61185502,1.674466e-03
0.026758,5.090909,5.089589,0.60787548,0.60687132,1.651926e-03
0.030970,5.090909,5.089589,0.60293075,0.60193129,1.657673e-03
0.035182,5.090909,5.089589,0.59804607,0.59703469,1.691153e-03
0.039394,5.090909,5.089589,0.59322049,0.59218129,1.751796e-03
0.043606,5.090909,5.089589,0.58845305,0.58737088,1.839006e-03
0.047818,5.090909,5.089589,0.58374281,0.58260325,1.952162e-03
0.052030,5.090909,5.089589,0.57908888,0.57787823,2.090620e-03
0.056242,5.090909,5.089589,0.57449036,0.57319562,2.253714e-03
0.060455,5.090909,5.089589,0.56994636,0.56855527,2.440752e-03
0.064667,5.090909,5.089589,0.56545604,0.56395701,2.651009e-03
0.068879,5.090909,5.089589,0.56101855,0.55940072,2.883740e-03
0.073091,5.090909,5.089589,0.55663307,0.55488626,3.138170e-03
0.077303,5.090909,5.089589,0.55229878,0.55041351,3.413492e-03
0.081515,5.090909,5.089589,0.54801489,0.54598237,3.708875e-03
0.085727,5.090909,5.089589,0.54378063,0.54159276,4.023453e-03
0.089939,5.090909,5.089589,0.53959523,0.53724458,4.356329e-03
0.094152,5.090909,5.089589,0.53545794,0.53293777,4.706580e-03
0.098364,5.090909,5.089589,0.53136803,0.52867228,5.073242e-03
0.102576,5.090909,5.089589,0.52732478,0.52444806,5.455324e-03
0.106788,5.090909,5.089589,0.52332748,0.52026508,5.851794e-03
0.111000,5.090909,5.089589,0.51937544,0.51612332,6.261590e-03
0.115212,5.090909,5.089589,0.51546798,0.51202279,6.683613e-03
0.119424,5.090909,5.089589,0.51160442,0.50796347,7.116723e-03
0.123636,5.090909,5.089589,0.50778412,0.50394540,7.559748e-03
0.127848,5.090909,5.089589,0.50400643,0.49996860,8.011474e-03
0.132061,5.090909,5.089589,0.50027072,0.49603311,8.470644e-03
0.136273,5.090909,5.089589,0.49657637,0.49213899,8.935962e-03
0.140485,5.090909,5.089589,0.49292278,0.48828630,9.406092e-03
0.144697,5.090909,5.089589,0.48930934,0.48447513,9.879659e-03
0.148909,5.090909,5.089589,0.48573546,0.48070556,1.035523e-02
0.153121,5.090909,5.089589,0.48220059,0.47697770,1.083135e-02
0.157333,5.090909,5.089589,0.47870414,0.47329167,1.130650e-02
0.161545,5.090909,5.089589,0.47524556,0.46964759,1.177912e-02
0.165758,5.090909,5.089589,0.47182432,0.46604560,1.224760e-02
0.169970,5.090909,5.089589,0.46843987,0.46248586,1.271029e-02
0.174182,5.090909,5.089589,0.46509169,0.45896853,1.316548e-02
0.178394,5.090909,5.089589,0.46177926,0.45549379,1.361142e-02
0.182606,5.090909,5.089589,0.45850207,0.45206182,1.404629e-02
0.186818,5.090909,5.089589,0.45525964,0.44867283,1.446824e-02
0.191030,5.090909,5.089589,0.45205146,0.44532703,1.487535e-02
0.195242,5.090909,5.089589,0.44887705,0.44202465,1.526565e-02
0.199455,5.090909,5.089589,0.44573596,0.43876593,1.563713e-02
0.203667,5.090909,5.089589,0.44262770,0.43555111,1.598769e-02
0.207879,5.090909,5.089589,0.43955183,0.43238046,1.631520e-02
0.212091,5.090909,5.089589,0.43650789,0.42925425,1.661745e-02
0.216303,5.090909,5.089589,0.43349546,0.42617277,1.689219e-02
0.220515,5.090909,5.089589,0.43051408,0.42313632,1.713710e-02
0.224727,5.090909,5.089589,0.42756334,0.42014521,1.734979e-02
0.228939,5.090909,5.089589,0.42464282,0.41719976,1.752781e-02
0.233152,5.090909,5.089589,0.42175211,0.41430032,1.766866e-02
0.237364,5.090909,5.089589,0.41889081,0.41144722,1.776976e-02
0.241576,5.090909,5.089589,0.41605851,0.40864083,1.782845e-02
0.245788,5.090909,5.089589,0.41325482,0.40588152,1.784203e-02
0.250000,5.090909,5.089589,0.41047938,0.40316967,1.780772e-02
-0.167000,5.151515,5.150180,0.92533033,0.89021696,3.794685e-02
-0.162788,5.151515,5.150180,0.91607435,0.88280141,3.632123e-02
-0.158576,5.151515,5.150180,0.90695650,0.87545308,3.473531e-02
-0.154364,5.151515,5.150180,0.89797402,0.86817118,3.318897e-02
-0.150152,5.151515,5.150180,0.88912425,0.86095495,3.168208e-02
-0.145939,5.151515,5.150180,0.88040460,0.85380360,3.021451e-02
-0.141727,5.151515,5.150180,0.87181252,0.84671640,2.878613e-02
-0.137515,5.151515,5.150180,0.86334554,0.83969260,2.739683e-02
-0.133303,5.151515,5.150180,0.85500124,0.83273148,2.604646e-02
-0.129091,5.151515,5.150180,0.84677727,0.82583231,2.473490e-02
-0.124879,5.151515,5.150180,0.83867131,0.81899440,2.346201e-02
-0.120667,5.151515,5.150180,0.83068114,0.81221706,2.222764e-02
-0.116455,5.151515,5.150180,0.82280455,0.80549960,2.103167e-02
-0.112242,5.151515,5.150180,0.81503940,0.79884136,1.987394e-02
-0.108030,5.151515,5.150180,0.80738360,0.79224168,1.875430e-02
-0.103818,5.151515,5.150180,0.79983510,0.78569993,1.767261e-02
-0.099606,5.151515,5.150180,0.79239191,0.77921547,1.662870e-02
-0.095394,5.151515,5.150180,0.78505209,0.77278768,1.562241e-02
-0.091182,5.151515,5.150180,0.77781372,0.76641597,1.465357e-02
-0.086970,5.151515,5.150180,0.77067495,0.76009973,1.372202e-02
-0.082758,5.151515,5.150180,0.76363395,0.75383839,1.282756e-02
-0.078545,5.151515,5.150180,0.75668896,0.74763138,1.197002e-02
-0.074333,5.151515,5.150180,0.74983822,0.74147813,1.114919e-02
-0.070121,5.151515,5.150180,0.74308006,0.73537812,1.036489e-02
-0.065909,5.151515,5.150180,0.73641280,0.72933079,9.616898e-03
-0.061697,5.151515,5.150180,0.72983483,0.72333565,8.905000e-03
-0.057485,5.151515,5.150180,0.72334455,0.71739217,8.228972e-03
-0.053273,5.151515,5.150180,0.71694042,0.71149986,7.588580e-03
-0.049061,5.151515,5.150180,0.71062091,0.70565824,6.983577e-03
-0.044848,5.151515,5.150180,0.70438456,0.69986684,6.413712e-03
-0.040636,5.151515,5.150180,0.69822989,0.69412519,5.878718e-03
-0.036424,5.151515,5.150180,0.69215549,0.68843286,5.378320e-03
-0.032212,5.151515,5.150180,0.68615998,0.68278941,4.912232e-03
-0.028000,5.151515,5.150180,0.68024200,0.67719441,4.480148e-03
-0.023788,5.151515,5.150180,0.67440020,0.67164746,4.081763e-03
-0.019576,5.151515,5.150180,0.66863330,0.66614816,3.716746e-03
-0.015364,5.151515,5.150180,0.66294001,0.66069612,3.384760e-03
-0.011152,5.151515,5.150180,0.65731909,0.65529097,3.085449e-03
-0.006939,5.151515,5.150180,0.65176933,0.64993235,2.818445e-03
-0.002727,5.151515,5.150180,0.64628951,0.64461991,2.583361e-03
0.001485,5.151515,5.150180,0.64087848,0.63935332,2.379798e-03
0.005697,5.151515,5.150180,0.63553508,0.63413224,2.207337e-03
0.009909,5.151515,5.150180,0.63025820,0.62895638,2.065546e-03
0.014121,5.151515,5.150180,0.62504674,0.62382542,1.953969e-03
0.018333,5.151515,5.150180,0.61989961,0.61873908,1.872131e-03
0.022545,5.151515,5.150180,0.61481577,0.61369708,1.819548e-03
0.026758,5.151515,5.150180,0.60979418,0.60869917,1.795703e-03
0.030970,5.151515,5.150180,0.60483383,0.60374509,1.800065e-03
0.035182,5.151515,5.150180,0.59993373,0.59883461,1.832083e-03
0.039394,5.151515,5.150180,0.59509291,0.59396748,1.891179e-03
0.043606,5.151515,5.150180,0.59031041,0.58914351,1.976756e-03
0.047818,5.151515,5.150180,0.58558531,0.58436249,2.088194e-03
0.052030,5.151515,5.150180,0.58091668,0.57962423,2.224843e-03
0.056242,5.151515,5.150180,0.57630363,0.57492855,2.386034e-03
0.060455,5.151515,5.150180,0.57174529,0.57027529,2.571075e-03
0.064667,5.151515,5.150180,0.56724079,0.56566430,2.779236e-03
0.068879,5.151515,5.150180,0.56278929,0.56109542,3.009774e-03
0.073091,5.151515,5.150180,0.55838996,0.55656854,3.261905e-03
0.077303,5.151515,5.150180,0.55404198,0.55208354,3.534826e-03
0.081515,5.151515,5.150180,0.54974457,0.54764031,3.827701e-03
0.085727,5.151515,5.150180,0.54549694,0.54323877,4.139663e-03
0.089939,5.151515,5.150180,0.54129832,0.53887882,4.469813e-03
0.094152,5.151515,5.150180,0.53714797,0.53456041,4.817223e-03
0.098364,5.151515,5.150180,0.53304515,0.53028348,5.180928e-03
0.102576,5.151515,5.150180,0.52898913,0.52604798,5.559937e-03
0.106788,5.151515,5.150180,0.52497921,0.52185389,5.953216e-03
0.111000,5.151515,5.150180,0.52101469,0.51770119,6.359702e-03
0.115212,5.151515,5.150180,0.51709488,0.51358987,6.778286e-03
0.119424,5.151515,5.150180,0.51321913,0.50951993,7.207839e-03
0.123636,5.151515,5.150180,0.50938677,0.50549140,7.647178e-03
0.127848,5.151515,5.150180,0.50559715,0.50150430,8.095087e-03
0.132061,5.151515,5.150180,0.50184964,0.49755867,8.550313e-03
0.136273,5.151515,5.150180,0.49814363,0.49365458,9.011558e-03
0.140485,5.151515,5.150180,0.49447850,0.48979209,9.477485e-03
0.144697,5.151515,5.150180,0.49085365,0.48597127,9.946711e-03
0.148909,5.151515,5.150180,0.48726849,0.48219222,1.041781e-02
0.153121,5.151515,5.150180,0.48372245,0.47845505,1.088932e-02
0.157333,5.151515,5.150180,0.48021497,0.47475986,1.135972e-02
0.161545,5.151515,5.150180,0.47674547,0.47110679,1.182746e-02
0.165758,5.151515,5.150180,0.47331343,0.46749597,1.229091e-02
0.169970,5.151515,5.150180,0.46991829,0.46392757,1.274844e-02
0.174182,5.151515,5.150180,0.46655954,0.46040173,1.319832e-02
0.178394,5.151515,5.150180,0.46323665,0.45691865,1.363881e-02
0.182606,5.151515,5.150180,0.45994912,0.45347851,1.406810e-02
0.186818,5.151515,5.150180,0.45669644,0.45008151,1.448432e-02
0.191030,5.151515,5.150180,0.45347813,0.44672786,1.488556e-02
0.195242,5.151515,5.150180,0.45029371,0.44341779,1.526985e-02
0.199455,5.151515,5.150180,0.44714269,0.44015154,1.563517e-02
0.203667,5.151515,5.150180,0.44402462,0.43692936,1.597943e-02
0.207879,5.151515,5.150180,0.44093904,0.43375151,1.630050e-02
0.212091,5.151515,5.150180,0.43788550,0.43061827,1.659618e-02
0.216303,5.151515,5.150180,0.43486355,0.42752992,1.686420e-02
0.220515,5.151515,5.150180,0.43187276,0.42448676,1.710224e-02
0.224727,5.151515,5.150180,0.42891270,0.42148911,1.730793e-02
0.228939,5.151515,5.150180,0.42598296,0.41853728,1.747882e-02
0.233152,5.151515,5.150180,0.42308313,0.41563162,1.761240e-02
0.237364,5.151515,5.150180,0.42021279,0.41277246,1.770608e-02
0.241576,5.151515,5.150180,0.41737155,0.40996018,1.775723e-02
0.245788,5.151515,5.150180,0.41455901,0.40719514,1.776313e-02
0.250000,5.151515,5.150180,0.41177480,0.40447773,1.772100e-02
-0.167000,5.212121,5.210770,0.92826630,0.89288721,3.811308e-02
-0.162788,5.212121,5.210770,0.91898095,0.88544985,3.648726e-02
-0.158576,5.212121,5.210770,0.90983416,0.87807988,3.490117e-02
-0.154364,5.212121,5.210770,0.90082317,0.87077650,3.335468e-02
-0.150152,5.212121,5.210770,0.89194532,0.86353895,3.184765e-02
-0.145939,5.212121,5.210770,0.88319799,0.85636646,3.037997e-02
-0.141727,5.212121,5.210770,0.87457864,0.84925828,2.895150e-02
-0.137515,5.212121,5.210770,0.86608479,0.84221366,2.756211e-02
-0.133303,5.212121,5.210770,0.85771401,0.83523188,2.621168e-02
-0.129091,5.212121,5.210770,0.84946394,0.82831223,2.490007e-02
-0.124879,5.212121,5.210770,0.84133226,0.82145400,2.362713e-02
-0.120667,5.212121,5.210770,0.83331673,0.81465649,2.239273e-02
-0.116455,5.212121,5.210770,0.82541514,0.80791904,2.119673e-02
-0.112242,5.212121,5.210770,0.81762534,0.80124097,2.003898e-02
-0.108030,5.212121,5.210770,0.80994525,0.79462163,1.891932e-02
-0.103818,5.212121,5.210770,0.80237279,0.78806038,1.783761e-02
-0.099606,5.212121,5.210770,0.79490598,0.78155659,1.679368e-02
-0.095394,5.212121,5.210770,0.78754286,0.77510963,1.578737e-02
-0.091182,5.212121,5.210770,0.78028152,0.76871892,1.481850e-02
-0.086970,5.212121,5.210770,0.77312009,0.76238384,1.388691e-02
-0.082758,5.212121,5.210770,0.76605675,0.75610383,1.299240e-02
-0.078545,5.212121,5.210770,0.75908971,0.74987831,1.213480e-02
-0.074333,5.212121,5.210770,0.75221724,0.74370672,1.131391e-02
-0.070121,5.212121,5.210770,0.74543763,0.73758853,1.052951e-02
-0.065909,5.212121,5.210770,0.73874921,0.73152319,9.781414e-03
-0.061697,5.212121,5.210770,0.73215035,0.72551020,9.069386e-03
-0.057485,5.212121,5.210770,0.72563948,0.71954904,8.393205e-03
-0.053273,5.212121,5.210770,0.71921502,0.71363921,7.752633e-03
-0.049061,5.212121,5.210770,0.71287546,0.70778024,7.147423e-03
-0.044848,5.212121,5.210770,0.70661931,0.70197165,6.577317e-03
-0.040636,5.212121,5.210770,0.70044511,0.69621298,6.042051e-03
-0.036424,5.212121,5.210770,0.69435144,0.69050380,5.541345e-03
-0.032212,5.212121,5.210770,0.68833690,0.68484365,5.074907e-03
-0.028000,5.212121,5.210770,0.68240013,0.67923213,4.642438e-03
-0.023788,5.212121,5.210770,0.67653979,0.67366882,4.243620e-03
-0.019576,5.212121,5.210770,0.67075459,0.66815332,3.878125e-03
-0.015364,5.212121,5.210770,0.66504323,0.66268525,3.545610e-03
-0.011152,5.212121,5.210770,0.65940448,0.65726423,3.245721e-03
-0.006939,5.212121,5.210770,0.65383709,0.65188991,2.978082e-03
-0.002727,5.212121,5.210770,0.64833989,0.64656194,2.742312e-03
0.001485,5.212121,5.210770,0.64291168,0.64127997,2.538001e-03
0.005697,5.212121,5.210770,0.63755133,0.63604369,2.364731e-03
0.009909,5.212121,5.210770,0.63225770,0.63085278,2.222064e-03
0.014121,5.212121,5.210770,0.62702970,0.62570695,2.109546e-03
0.018333,5.212121,5.210770,0.62186623,0.62060590,2.026699e-03
0.022545,5.212121,5.210770,0.61676626,0.61554936,1.973032e-03
0.026758,5.212121,5.210770,0.61172873,0.61053707,1.948028e-03
0.030970,5.212121,5.210770,0.60675264,0.60556877,1.951157e-03
0.035182,5.212121,5.210770,0.60183699,0.60064423,1.981860e-03
0.039394,5.212121,5.210770,0.59698080,0.59576323,2.039560e-03
0.043606,5.212121,5.210770,0.59218313,0.59092554,2.123656e-03
0.047818,5.212121,5.210770,0.58744303,0.58613096,2.233523e-03
0.052030,5.212121,5.210770,0.58275958,0.58137931,2.368513e-03
0.056242,5.212121,5.210770,0.57813190,0.57667041,2.527955e-03
0.060455,5.212121,5.210770,0.57355909,0.57200409,2.711149e-03
0.064667,5.212121,5.210770,0.56904029,0.56738019,2.917368e-03
0.068879,5.212121,5.210770,0.56457466,0.56279859,3.145863e-03
0.073091,5.212121,5.210770,0.56016137,0.55825914,3.395850e-03
0.077303,5.212121,5.210770,0.55579960,0.55376174,3.666525e-03
0.081515,5.212121,5.210770,0.55148855,0.54930628,3.957045e-03
0.085727,5.212121,5.210770,0.54722743,0.54489266,4.266542e-03
0.089939,5.212121,5.210770,0.54301549,0.54052082,4.594121e-03
0.094152,5.212121,5.210770,0.53885197,0.53619067,4.938842e-03
0.098364,5.212121,5.210770,0.53473613,0.53190216,5.299748e-03
0.102576,5.212121,5.210770,0.53066724,0.52765526,5.675836e-03
0.106788,5.212121,5.210770,0.52664459,0.52344992,6.066078e-03
0.111000,5.212121,5.210770,0.52266749,0.51928614,6.469406e-03
0.115212,5.212121,5.210770,0.51873524,0.51516390,6.884711e-03
0.119424,5.212121,5.210770,0.51484719,0.51108322,7.310860e-03
0.123636,5.212121,5.210770,0.51100267,0.50704410,7.746667e-03
0.127848,5.212121,5.210770,0.50720102,0.50304658,8.190919e-03
0.132061,5.212121,5.210770,0.50344162,0.49909070,8.642356e-03
0.136273,5.212121,5.210770,0.49972385,0.49517652,9.099682e-03
0.140485,5.212121,5.210770,0.49604709,0.49130410,9.561556e-03
0.144697,5.212121,5.210770,0.49241073,0.48747353,1.002660e-02
0.148909,5.212121,5.210770,0.48881420,0.48368489,1.049338e-02
0.153121,5.212121,5.210770,0.48525691,0.47993828,1.096043e-02
0.157333,5.212121,5.210770,0.48173829,0.47623383,1.142624e-02
0.161545,5.212121,5.210770,0.47825779,0.47257166,1.188924e-02
0.165758,5.212121,5.210770,0.47481485,0.46895192,1.234783e-02
0.169970,5.212121,5.210770,0.47140894,0.46537474,1.280034e-02
0.174182,5.212121,5.210770,0.46803952,0.46184031,1.324508e-02
0.178394,5.212121,5.210770,0.46470609,0.45834878,1.368027e-02
0.182606,5.212121,5.210770,0.46140813,0.45490037,1.410412e-02
0.186818,5.212121,5.210770,0.45814513,0.45149526,1.451477e-02
0.191030,5.212121,5.210770,0.45491661,0.44813367,1.491029e-02
0.195242,5.212121,5.210770,0.45172208,0.44481583,1.528872e-02
0.199455,5.212121,5.210770,0.44856107,0.44154196,1.564804e-02
0.203667,5.212121,5.210770,0.44543310,0.43831234,1.598616e-02
0.207879,5.212121,5.210770,0.44233773,0.43512721,1.630094e-02
0.212091,5.212121,5.210770,0.43927449,0.43198685,1.659019e-02
0.216303,5.212121,5.210770,0.43624295,0.42889155,1.685164e-02
0.220515,5.212121,5.210770,0.43324267,0.42584160,1.708297e-02
0.224727,5.212121,5.210770,0.43027323,0.42283732,1.728181e-02
0.228939,5.212121,5.210770,0.42733419,0.41987904,1.744571e-02
0.233152,5.212121,5.210770,0.42442515,0.41696708,1.757216e-02
0.237364,5.212121,5.210770,0.42154570,0.41410180,1.765858e-02
0.241576,5.212121,5.210770,0.41869545,0.41128356,1.770233e-02
0.245788,5.212121,5.210770,0.41587398,0.40851273,1.770069e-02
0.250000,5.212121,5.210770,0.41308094,0.40578968,1.765090e-02
-0.167000,5.272727,5.271360,0.93122602,0.89557683,3.828199e-02
-0.162788,5.272727,5.271360,0.92191106,0.88811741,3.665609e-02
-0.158576,5.272727,5.271360,0.91273510,0.88072554,3.506993e-02
-0.154364,5.272727,5.271360,0.90369537,0.87340043,3.352340e-02
-0.150152,5.272727,5.271360,0.89478921,0.86614132,3.201635e-02
-0.145939,5.272727,5.271360,0.88601399,0.85894743,3.054867e-02
-0.141727,5.272727,5.271360,0.87736715,0.85181802,2.912022e-02
-0.137515,5.272727,5.271360,0.86884621,0.84475234,2.773088e-02
-0.133303,5.272727,5.271360,0.86044873,0.83774967,2.638050e-02
-0.129091,5.272727,5.271360,0.85217235,0.83080929,2.506895e-02
-0.124879,5.272727,5.271360,0.84401474,0.82393049,2.379609e-02
-0.120667,5.272727,5.271360,0.83597365,0.81711259,2.256178e-02
-0.116455,5.272727,5.271360,0.82804686,0.81035491,2.136588e-02
-0.112242,5.272727,5.271360,0.82023222,0.80365678,2.020822e-02
-0.108030,5.272727,5.271360,0.81252763,0.79701755,1.908867e-02
-0.103818,5.272727,5.271360,0.80493102,0.79043658,1.800707e-02
-0.099606,5.272727,5.271360,0.79744040,0.78391322,1.696325e-02
-0.095394,5.272727,5.271360,0.79005380,0.77744688,1.595704e-02
-0.091182,5.272727,5.271360,0.78276930,0.77103694,1.498828e-02
-0.086970,5.272727,5.271360,0.77558503,0.76468281,1.405678e-02
-0.082758,5.272727,5.271360,0.76849916,0.75838390,1.316236e-02
-0.078545,5.272727,5.271360,0.76150991,0.75213966,1.230483e-02
-0.074333,5.272727,5.271360,0.75461552,0.74594951,1.148400e-02
-0.070121,5.272727,5.271360,0.74781428,0.73981293,1.069965e-02
-0.065909,5.272727,5.271360,0.74110453,0.73372937,9.951577e-03
-0.061697,5.272727,5.271360,0.73448463,0.72769832,9.239557e-03
-0.057485,5.272727,5.271360,0.72795299,0.72171927,8.563358e-03
-0.053273,5.272727,5.271360,0.72150805,0.71579172,7.922745e-03
-0.049061,5.272727,5.271360,0.71514827,0.70991520,7.317466e-03
-0.044848,5.272727,5.271360,0.70887217,0.70408922,6.747262e-03
-0.040636,5.272727,5.271360,0.70267827,0.69831333,6.211865e-03
-0.036424,5.272727,5.271360,0.69656517,0.69258709,5.710990e-03
-0.032212,5.272727,5.271360,0.69053145,0.68691006,5.244349e-03
-0.028000,5.272727,5.271360,0.68457574,0.68128182,4.811634e-03
-0.023788,5.272727,5.271360,0.67869672,0.67570195,4.412529e-03
-0.019576,5.272727,5.271360,0.67289306,0.67017007,4.046700e-03
-0.015364,5.272727,5.271360,0.66716349,0.66468578,3.713804e-03
-0.011152,5.272727,5.271360,0.66150675,0.65924871,3.413483e-03
-0.006939,5.272727,5.271360,0.65592161,0.65385850,3.145361e-03
-0.002727,5.272727,5.271360,0.65040688,0.64851481,2.909048e-03
0.001485,5.272727,5.271360,0.64496136,0.64321730,2.704136e-03
0.005697,5.272727,5.271360,0.63958391,0.63796563,2.530207e-03
0.009909,5.272727,5.271360,0.63427340,0.63275951,2.386816e-03
0.014121,5.272727,5.271360,0.62902872,0.62759862,2.273507e-03
0.018333,5.272727,5.271360,0.62384879,0.62248269,2.189801e-03
0.022545,5.272727,5.271360,0.61873255,0.61741144,2.135200e-03
0.026758,5.272727,5.271360,0.61367896,0.61238459,2.109193e-03
0.030970,5.272727,5.271360,0.60868700,0.60740192,2.111242e-03
0.035182,5.272727,5.271360,0.60375567,0.60246316,2.140783e-03
0.039394,5.272727,5.271360,0.59888400,0.59756811,2.197237e-03
0.043606,5.272727,5.271360,0.59407102,0.59271654,2.280007e-03
0.047818,5.272727,5.271360,0.58931581,0.58790825,2.388460e-03
0.052030,5.272727,5.271360,0.58461743,0.58314305,2.521947e-03
0.056242,5.272727,5.271360,0.57997498,0.57842077,2.679794e-03
0.060455,5.272727,5.271360,0.57538759,0.57374123,2.861298e-03
0.064667,5.272727,5.271360,0.57085438,0.56910430,3.065733e-03
0.068879,5.272727,5.271360,0.56637451,0.56450981,3.292340e-03
0.073091,5.272727,5.271360,0.56194714,0.55995766,3.540340e-03
0.077303,5.272727,5.271360,0.55757146,0.55544771,3.808923e-03
0.081515,5.272727,5.271360,0.55324666,0.55097987,4.097248e-03
0.085727,5.272727,5.271360,0.54897196,0.54655404,4.404438e-03
0.089939,5.272727,5.271360,0.54474658,0.54217015,4.729599e-03
0.094152,5.272727,5.271360,0.54056979,0.53782813,5.071795e-03
0.098364,5.272727,5.271360,0.53644082,0.53352791,5.430060e-03
0.102576,5.272727,5.271360,0.53235895,0.52926946,5.803392e-03
0.106788,5.272727,5.271360,0.52832348,0.52505275,6.190755e-03
0.111000,5.272727,5.271360,0.52433369,0.52087776,6.591084e-03
0.115212,5.272727,5.271360,0.52038891,0.51674448,7.003268e-03
0.119424,5.272727,5.271360,0.51648845,0.51265292,7.426172e-03
0.123636,5.272727,5.271360,0.51263167,0.50860310,7.858607e-03
0.127848,5.272727,5.271360,0.50881790,0.50459504,8.299359e-03
0.132061,5.272727,5.271360,0.50504651,0.50062879,8.747168e-03
0.136273,5.272727,5.271360,0.50131688,0.49670440,9.200733e-03
0.140485,5.272727,5.271360,0.49762839,0.49282194,9.658716e-03
0.144697,5.272727,5.271360,0.49398045,0.48898150,1.011973e-02
0.148909,5.272727,5.271360,0.49037244,0.48518315,1.058235e-02
0.153121,5.272727,5.271360,0.48680381,0.48142701,1.104511e-02
0.157333,5.272727,5.271360,0.48327397,0.47771318,1.150648e-02
0.161545,5.272727,5.271360,0.47978236,0.47404181,1.196491e-02
0.165758,5.272727,5.271360,0.47632845,0.47041302,1.241879e-02
0.169970,5.272727,5.271360,0.47291167,0.46682698,1.286645e-02
0.174182,5.272727,5.271360,0.46953152,0.46328384,1.330619e-02
0.178394,5.272727,5.271360,0.46618746,0.45978378,1.373626e-02
0.182606,5.272727,5.271360,0.46287897,0.45632700,1.415484e-02
0.186818,5.272727,5.271360,0.45960557,0.45291369,1.456006e-02
0.191030,5.272727,5.271360,0.45636676,0.44954406,1.495003e-02
0.195242,5.272727,5.271360,0.45316204,0.44621835,1.532275e-02
0.199455,5.272727,5.271360,0.44999095,0.44293679,1.567622e-02
0.203667,5.272727,5.271360,0.44685301,0.43969962,1.600836e-02
0.207879,5.272727,5.271360,0.44374776,0.43650713,1.631701e-02
0.212091,5.272727,5.271360,0.44067476,0.43335957,1.659998e-02
0.216303,5.272727,5.271360,0.43763355,0.43025723,1.685501e-02
0.220515,5.272727,5.271360,0.43462370,0.42720042,1.707979e-02
0.224727,5.272727,5.271360,0.43164479,0.42418944,1.727194e-02
0.228939,5.272727,5.271360,0.42869638,0.42122463,1.742900e-02
0.233152,5.272727,5.271360,0.42577806,0.41830631,1.754848e-02
0.237364,5.272727,5.271360,0.42288943,0.41543483,1.762779e-02
0.241576,5.272727,5.271360,0.42003009,0.41261055,1.766429e-02
0.245788,5.272727,5.271360,0.41719963,0.40983385,1.765528e-02
0.250000,5.272727,5.271360,0.41439768,0.40710512,1.759797e-02
-0.167000,5.333333,5.331951,0.93420922,0.89828541,3.845371e-02
-0.162788,5.333333,5.331951,0.92486442,0.89080366,3.682784e-02
-0.158576,5.333333,5.331951,0.91565905,0.88338964,3.524173e-02
-0.154364,5.333333,5.331951,0.90659037,0.87604256,3.369527e-02
-0.150152,5.333333,5.331951,0.89765567,0.86876163,3.218833e-02
-0.145939,5.333333,5.331951,0.88885233,0.86154610,3.072077e-02
-0.141727,5.333333,5.331951,0.88017779,0.85439521,2.929246e-02
-0.137515,5.333333,5.331951,0.87162955,0.84730823,2.790327e-02
-0.133303,5.333333,5.331951,0.86320517,0.84028442,2.655307e-02
-0.129091,5.333333,5.331951,0.85490226,0.83332307,2.524171e-02
-0.124879,5.333333,5.331951,0.84671852,0.82642348,2.396905e-02
-0.120667,5.333333,5.331951,0.83865166,0.81958495,2.273496e-02
-0.116455,5.333333,5.331951,0.83069947,0.81280681,2.153927e-02
-0.112242,5.333333,5.331951,0.82285979,0.80608839,2.038185e-02
-0.108030,5.333333,5.331951,0.81513051,0.79942903,1.926254e-02
-0.103818,5.333333,5.331951,0.80750957,0.79282810,1.818117e-02
-0.099606,5.333333,5.331951,0.79999495,0.78628496,1.713759e-02
-0.095394,5.333333,5.331951,0.79258468,0.77979900,1.613162e-02
-0.091182,5.333333,5.331951,0.78527684,0.77336962,1.516309e-02
-0.086970,5.333333,5.331951,0.77806955,0.76699621,1.423181e-02
-0.082758,5.333333,5.331951,0.77096097,0.76067819,1.333762e-02
-0.078545,5.333333,5.331951,0.76394932,0.75441501,1.248030e-02
-0.074333,5.333333,5.331951,0.75703284,0.74820609,1.165966e-02
-0.070121,5.333333,5.331951,0.75020981,0.74205091,1.087550e-02
-0.065909,5.333333,5.331951,0.74347856,0.73594891,1.012759e-02
-0.061697,5.333333,5.331951,0.73683746,0.72989960,9.415721e-03
-0.057485,5.333333,5.331951,0.73028489,0.72390245,8.739648e-03
-0.053273,5.333333,5.331951,0.72381929,0.71795698,8.099136e-03
-0.049061,5.333333,5.331951,0.71743913,0.71206269,7.493931e-03
-0.044848,5.333333,5.331951,0.71114292,0.70621913,6.923772e-03
-0.040636,5.333333,5.331951,0.70492918,0.70042582,6.388387e-03
-0.036424,5.333333,5.331951,0.69879649,0.69468233,5.887492e-03
-0.032212,5.333333,5.331951,0.69274343,0.68898821,5.420792e-03
-0.028000,5.333333,5.331951,0.68676865,0.68334306,4.987979e-03
-0.023788,5.333333,5.331951,0.68087078,0.67774645,4.588733e-03
-0.019576,5.333333,5.331951,0.67504853,0.67219799,4.222720e-03
-0.015364,5.333333,5.331951,0.66930060,0.66669729,3.889593e-03
-0.011152,5.333333,5.331951,0.66362574,0.66124399,3.588990e-03
-0.006939,5.333333,5.331951,0.65802270,0.65583772,3.320533e-03
-0.002727,5.333333,5.331951,0.65249029,0.65047812,3.083831e-03
0.001485,5.333333,5.331951,0.64702733,0.64516488,2.878474e-03
0.005697,5.333333,5.331951,0.64163265,0.63989765,2.704035e-03
0.009909,5.333333,5.331951,0.63630512,0.63467613,2.560075e-03
0.014121,5.333333,5.331951,0.63104364,0.62950002,2.446129e-03
0.018333,5.333333,5.331951,0.62584711,0.62436904,2.361719e-03
0.022545,5.333333,5.331951,0.62071448,0.61928290,2.306347e-03
0.026758,5.333333,5.331951,0.61564470,0.61424134,2.279489e-03
0.030970,5.333333,5.331951,0.61063674,0.60924411,2.280611e-03
0.035182,5.333333,5.331951,0.60568961,0.60429098,2.309149e-03
0.039394,5.333333,5.331951,0.60080233,0.59938172,2.364520e-03
0.043606,5.333333,5.331951,0.59597393,0.59451610,2.446121e-03
0.047818,5.333333,5.331951,0.59120347,0.58969394,2.553320e-03
0.052030,5.333333,5.331951,0.58649004,0.58491504,2.685463e-03
0.056242,5.333333,5.331951,0.58183272,0.58017922,2.841874e-03
0.060455,5.333333,5.331951,0.57723063,0.57548633,3.021847e-03
0.064667,5.333333,5.331951,0.57268290,0.57083619,3.224655e-03
0.068879,5.333333,5.331951,0.56818867,0.56622868,3.449541e-03
0.073091,5.333333,5.331951,0.56374712,0.56166367,3.695718e-03
0.077303,5.333333,5.331951,0.55935741,0.55714103,3.962371e-03
0.081515,5.333333,5.331951,0.55501876,0.55266067,4.248660e-03
0.085727,5.333333,5.331951,0.55073036,0.54822249,4.553710e-03
0.089939,5.333333,5.331951,0.54649145,0.54382642,4.876621e-03
0.094152,5.333333,5.331951,0.54230126,0.53947238,5.216450e-03
0.098364,5.333333,5.331951,0.53815906,0.53516032,5.572236e-03
0.102576,5.333333,5.331951,0.53406412,0.53089019,5.942972e-03
0.106788,5.333333,5.331951,0.53001571,0.52666198,6.327621e-03
0.111000,5.333333,5.331951,0.52601314,0.52247565,6.725114e-03
0.115212,5.333333,5.331951,0.52205572,0.51833120,7.134344e-03
0.119424,5.333333,5.331951,0.51814277,0.51422864,7.554163e-03
0.123636,5.333333,5.331951,0.51427363,0.51016798,7.983392e-03
0.127848,5.333333,5.331951,0.51044764,0.50614926,8.420810e-03
0.132061,5.333333,5.331951,0.50666417,0.50217251,8.865157e-03
0.136273,5.333333,5.331951,0.50292259,0.49823780,9.315127e-03
0.140485,5.333333,5.331951,0.49922228,0.49434519,9.769384e-03
0.144697,5.333333,5.331951,0.49556265,0.49049476,1.022654e-02
0.148909,5.333333,5.331951,0.49194308,0.48668659,1.068516e-02
0.153121,5.333333,5.331951,0.48836301,0.48292080,1.114379e-02
0.157333,5.333333,5.331951,0.48482186,0.47919750,1.160089e-02
0.161545,5.333333,5.331951,0.48131907,0.47551681,1.205492e-02
0.165758,5.333333,5.331951,0.47785409,0.47187888,1.250425e-02
0.169970,5.333333,5.331951,0.47442637,0.46828387,1.294722e-02
0.174182,5.333333,5.331951,0.47103538,0.46473192,1.338213e-02
0.178394,5.333333,5.331951,0.46768061,0.46122323,1.380723e-02
0.182606,5.333333,5.331951,0.46436152,0.45775798,1.422070e-02
0.186818,5.333333,5.331951,0.46107764,0.45433637,1.462067e-02
0.191030,5.333333,5.331951,0.45782844,0.45095862,1.500524e-02
0.195242,5.333333,5.331951,0.45461346,0.44762495,1.537242e-02
0.199455,5.333333,5.331951,0.45143220,0.44433559,1.572021e-02
0.203667,5.333333,5.331951,0.44828421,0.44109081,1.604651e-02
0.207879,5.333333,5.331951,0.44516902,0.43789086,1.634920e-02
0.212091,5.333333,5.331951,0.44208617,0.43473602,1.662606e-02
0.216303,5.333333,5.331951,0.43903522,0.43162657,1.687484e-02
0.220515,5.333333,5.331951,0.43601573,0.42856281,1.709323e-02
0.224727,5.333333,5.331951,0.43302726,0.42554506,1.727884e-02
0.228939,5.333333,5.331951,0.43006941,0.42257363,1.742923e-02
0.233152,5.333333,5.331951,0.42714174,0.41964887,1.754189e-02
0.237364,5.333333,5.331951,0.42424386,0.41677112,1.761425e-02
0.241576,5.333333,5.331951,0.42137535,0.41394075,1.764366e-02
0.245788,5.333333,5.331951,0.41853583,0.41115812,1.762743e-02
0.250000,5.333333,5.331951,0.41572489,0.40842361,1.756277e-02
-0.167000,5.393939,5.392541,0.93721564,0.90101251,3.862838e-02
-0.162788,5.393939,5.392541,0.92784076,0.89350820,3.700265e-02
-0.158576,5.393939,5.392541,0.91860577,0.88607177,3.541671e-02
-0.154364,5.393939,5.392541,0.90950790,0.87870246,3.387045e-02
-0.150152,5.393939,5.392541,0.90054444,0.87139947,3.236372e-02
-0.145939,5.393939,5.392541,0.89171277,0.86416205,3.089640e-02
-0.141727,5.393939,5.392541,0.88301031,0.85698944,2.946836e-02
-0.137515,5.393939,5.392541,0.87443455,0.84988091,2.807945e-02
-0.133303,5.393939,5.392541,0.86598306,0.84283572,2.672955e-02
-0.129091,5.393939,5.392541,0.85765343,0.83585316,2.541851e-02
-0.124879,5.393939,5.392541,0.84944335,0.82893253,2.414618e-02
-0.120667,5.393939,5.392541,0.84135052,0.82207314,2.291243e-02
-0.116455,5.393939,5.392541,0.83337274,0.81527430,2.171710e-02
-0.112242,5.393939,5.392541,0.82550783,0.80853536,2.056004e-02
-0.108030,5.393939,5.392541,0.81775367,0.80185565,1.944109e-02
-0.103818,5.393939,5.392541,0.81010820,0.79523454,1.836009e-02
-0.099606,5.393939,5.392541,0.80256939,0.78867139,1.731688e-02
-0.095394,5.393939,5.392541,0.79513527,0.78216559,1.631128e-02
-0.091182,5.393939,5.392541,0.78780390,0.77571653,1.534312e-02
-0.086970,5.393939,5.392541,0.78057342,0.76932362,1.441222e-02
-0.082758,5.393939,5.392541,0.77344196,0.76298628,1.351838e-02
-0.078545,5.393939,5.392541,0.76640774,0.75670394,1.266141e-02
-0.074333,5.393939,5.392541,0.75946900,0.75047604,1.184112e-02
-0.070121,5.393939,5.392541,0.75262401,0.74430204,1.105728e-02
-0.065909,5.393939,5.392541,0.74587110,0.73818140,1.030968e-02
-0.061697,5.393939,5.392541,0.73920861,0.73211361,9.598097e-03
-0.057485,5.393939,5.392541,0.73263495,0.72609817,8.922294e-03
-0.053273,5.393939,5.392541,0.72614854,0.72013456,8.282028e-03
-0.049061,5.393939,5.392541,0.71974785,0.71422231,7.677044e-03
-0.044848,5.393939,5.392541,0.71343137,0.70836096,7.107077e-03
-0.040636,5.393939,5.392541,0.70719763,0.70255003,6.571852e-03
-0.036424,5.393939,5.392541,0.70104520,0.69678909,6.071086e-03
-0.032212,5.393939,5.392541,0.69497266,0.69107770,5.604477e-03
-0.028000,5.393939,5.392541,0.68897864,0.68541544,5.171718e-03
-0.023788,5.393939,5.392541,0.68306179,0.67980189,4.772484e-03
-0.019576,5.393939,5.392541,0.67722080,0.67423667,4.406439e-03
-0.015364,5.393939,5.392541,0.67145437,0.66871938,4.073233e-03
-0.011152,5.393939,5.392541,0.66576124,0.66324965,3.772504e-03
-0.006939,5.393939,5.392541,0.66014017,0.65782713,3.503866e-03
-0.002727,5.393939,5.392541,0.65458995,0.65245145,3.266932e-03
0.001485,5.393939,5.392541,0.64910940,0.64712229,3.061284e-03
0.005697,5.393939,5.392541,0.64369736,0.64183933,2.886496e-03
0.009909,5.393939,5.392541,0.63835269,0.63660224,2.742124e-03
0.014121,5.393939,5.392541,0.63307427,0.63141074,2.627699e-03
0.018333,5.393939,5.392541,0.62786101,0.62626452,2.542744e-03
0.022545,5.393939,5.392541,0.62271186,0.62116333,2.486755e-03
0.026758,5.393939,5.392541,0.61762576,0.61610688,2.459211e-03
0.030970,5.393939,5.392541,0.61260168,0.61109494,2.459570e-03
0.035182,5.393939,5.392541,0.60763863,0.60612727,2.487267e-03
0.039394,5.393939,5.392541,0.60273561,0.60120363,2.541716e-03
0.043606,5.393939,5.392541,0.59789167,0.59632382,2.622309e-03
0.047818,5.393939,5.392541,0.59310586,0.59148762,2.728416e-03
0.052030,5.393939,5.392541,0.58837726,0.58669486,2.859379e-03
0.056242,5.393939,5.392541,0.58370495,0.58194536,3.014521e-03
0.060455,5.393939,5.392541,0.57908804,0.57723894,3.193130e-03
0.064667,5.393939,5.392541,0.57452567,0.57257546,3.394478e-03
0.068879,5.393939,5.392541,0.57001698,0.56795477,3.617803e-03
0.073091,5.393939,5.392541,0.56556113,0.56337675,3.862320e-03
0.077303,5.393939,5.392541,0.56115730,0.55884128,4.127214e-03
0.081515,5.393939,5.392541,0.55680468,0.55434826,4.411636e-03
0.085727,5.393939,5.392541,0.55250248,0.54989758,4.714713e-03
0.089939,5.393939,5.392541,0.54824992,0.54548919,5.035536e-03
0.094152,5.393939,5.392541,0.54404625,0.54112300,5.373171e-03
0.098364,5.393939,5.392541,0.53989072,0.53679896,5.726644e-03
0.102576,5.393939,5.392541,0.53578259,0.53251702,6.094950e-03
0.106788,5.393939,5.392541,0.53172116,0.52827717,6.477058e-03
0.111000,5.393939,5.392541,0.52770570,0.52407937,6.871885e-03
0.115212,5.393939,5.392541,0.52373554,0.51992363,7.278325e-03
0.119424,5.393939,5.392541,0.51981000,0.51580994,7.695237e-03
0.123636,5.393939,5.392541,0.51592840,0.51173833,8.121427e-03
0.127848,5.393939,5.392541,0.51209010,0.50770882,8.555681e-03
0.132061,5.393939,5.392541,0.50829445,0.50372146,8.996733e-03
0.136273,5.393939,5.392541,0.50454083,0.49977631,9.443277e-03
0.140485,5.393939,5.392541,0.50082861,0.49587342,9.893976e-03
0.144697,5.393939,5.392541,0.49715719,0.49201289,1.034744e-02
0.148909,5.393939,5.392541,0.49352598,0.48819479,1.080224e-02
0.153121,5.393939,5.392541,0.48993439,0.48441924,1.125690e-02
0.157333,5.393939,5.392541,0.48638184,0.48068635,1.170991e-02
0.161545,5.393939,5.392541,0.48286778,0.47699625,1.215969e-02
0.165758,5.393939,5.392541,0.47939164,0.47334908,1.260464e-02
0.169970,5.393939,5.392541,0.47595289,0.46974498,1.304310e-02
0.174182,5.393939,5.392541,0.47255099,0.46618414,1.347336e-02
0.178394,5.393939,5.392541,0.46918541,0.46266671,1.389366e-02
0.182606,5.393939,5.392541,0.46585565,0.45919290,1.430218e-02
0.186818,5.393939,5.392541,0.46256119,0.45576289,1.469707e-02
0.191030,5.393939,5.392541,0.45930154,0.45237692,1.507641e-02
0.195242,5.393939,5.392541,0.45607620,0.44903520,1.543822e-02
0.199455,5.393939,5.392541,0.45288471,0.44573797,1.578050e-02
0.203667,5.393939,5.392541,0.44972659,0.44248547,1.610114e-02
0.207879,5.393939,5.392541,0.44660137,0.43927799,1.639803e-02
0.212091,5.393939,5.392541,0.44350859,0.43611578,1.666894e-02
0.216303,5.393939,5.392541,0.44044782,0.43299913,1.691164e-02
0.220515,5.393939,5.392541,0.43741862,0.42992835,1.712380e-02
0.224727,5.393939,5.392541,0.43442054,0.42690374,1.730304e-02
0.228939,5.393939,5.392541,0.43145316,0.42392563,1.744692e-02
0.233152,5.393939,5.392541,0.42851607,0.42099436,1.755293e-02
0.237364,5.393939,5.392541,0.42560886,0.41811027,1.761850e-02
0.241576,5.393939,5.392541,0.42273112,0.41527372,1.764100e-02
0.245788,5.393939,5.392541,0.41988246,0.41248509,1.761770e-02
0.250000,5.393939,5.392541,0.41706248,0.40974476,1.754585e-02
-0.167000,5.454545,5.453132,0.94024501,0.90375773,3.880614e-02
-0.162788,5.454545,5.453132,0.93083983,0.89623059,3.718066e-02
-0.158576,5.454545,5.453132,0.92157498,0.88877151,3.559502e-02
-0.154364,5.454545,5.453132,0.91244770,0.88137971,3.404907e-02
-0.150152,5.454545,5.453132,0.90345527,0.87405441,3.254269e-02
-0.145939,5.454545,5.453132,0.89459505,0.86679485,3.107574e-02
-0.141727,5.454545,5.453132,0.88586446,0.85960028,2.964808e-02
-0.137515,5.454545,5.453132,0.87726098,0.85246995,2.825958e-02
-0.133303,5.454545,5.453132,0.86878217,0.84540314,2.691011e-02
-0.129091,5.454545,5.453132,0.86042561,0.83839914,2.559951e-02
-0.124879,5.454545,5.453132,0.85218899,0.83145724,2.432765e-02
-0.120667,5.454545,5.453132,0.84407000,0.82457674,2.309437e-02
-0.116455,5.454545,5.453132,0.83606643,0.81775698,2.189952e-02
-0.112242,5.454545,5.453132,0.82817610,0.81099728,2.074295e-02
-0.108030,5.454545,5.453132,0.82039687,0.80429699,1.962451e-02
-0.103818,5.454545,5.453132,0.81272668,0.79765546,1.854402e-02
-0.099606,5.454545,5.453132,0.80516350,0.79107208,1.750132e-02
-0.095394,5.454545,5.453132,0.79770535,0.78454621,1.649623e-02
-0.091182,5.454545,5.453132,0.79035028,0.77807726,1.552858e-02
-0.086970,5.454545,5.453132,0.78309642,0.77166464,1.459818e-02
-0.082758,5.454545,5.453132,0.77594191,0.76530775,1.370485e-02
-0.078545,5.454545,5.453132,0.76888496,0.75900603,1.284837e-02
-0.074333,5.454545,5.453132,0.76192378,0.75275893,1.202856e-02
-0.070121,5.454545,5.453132,0.75505666,0.74656590,1.124519e-02
-0.065909,5.454545,5.453132,0.74828191,0.74042641,1.049805e-02
-0.061697,5.454545,5.453132,0.74159789,0.73433994,9.786903e-03
-0.057485,5.454545,5.453132,0.73500298,0.72830598,9.111519e-03
-0.053273,5.454545,5.453132,0.72849560,0.72232404,8.471650e-03
-0.049061,5.454545,5.453132,0.72207422,0.71639363,7.867036e-03
-0.044848,5.454545,5.453132,0.71573732,0.71051429,7.297411e-03
-0.040636,5.454545,5.453132,0.70948343,0.70468554,6.762502e-03
-0.036424,5.454545,5.453132,0.70331110,0.69890696,6.262014e-03
-0.032212,5.454545,5.453132,0.69721893,0.69317809,5.795651e-03
-0.028000,5.454545,5.453132,0.69120553,0.68749853,5.363099e-03
-0.023788,5.454545,5.453132,0.68526956,0.68186786,4.964034e-03
-0.019576,5.454545,5.453132,0.67940968,0.67628568,4.598114e-03
-0.015364,5.454545,5.453132,0.67362461,0.67075161,4.264987e-03
-0.011152,5.454545,5.453132,0.66791307,0.66526527,3.964287e-03
-0.006939,5.454545,5.453132,0.66227383,0.65982631,3.695632e-03
-0.002727,5.454545,5.453132,0.65670567,0.65443438,3.458622e-03
0.001485,5.454545,5.453132,0.65120740,0.64908913,3.252844e-03
0.005697,5.454545,5.453132,0.64577786,0.64379024,3.077868e-03
0.009909,5.454545,5.453132,0.64041591,0.63853741,2.933243e-03
0.014121,5.454545,5.453132,0.63512043,0.63333034,2.818504e-03
0.018333,5.454545,5.453132,0.62989032,0.62816872,2.733168e-03
0.022545,5.454545,5.453132,0.62472452,0.62305230,2.676728e-03
0.026758,5.454545,5.453132,0.61962197,0.61798081,2.648661e-03
0.030970,5.454545,5.453132,0.61458166,0.61295398,2.648421e-03
0.035182,5.454545,5.453132,0.60960256,0.60797160,2.675441e-03
0.039394,5.454545,5.453132,0.60468369,0.60303343,2.729134e-03
0.043606,5.454545,5.453132,0.59982409,0.59813925,2.808889e-03
0.047818,5.454545,5.453132,0.59502281,0.59328887,2.914073e-03
0.052030,5.454545,5.453132,0.59027892,0.58848209,3.044025e-03
0.056242,5.454545,5.453132,0.58559150,0.58371874,3.198063e-03
0.060455,5.454545,5.453132,0.58095967,0.57899866,3.375479e-03
0.064667,5.454545,5.453132,0.57638255,0.57432168,3.575535e-03
0.068879,5.454545,5.453132,0.57185928,0.56968766,3.797474e-03
0.073091,5.454545,5.453132,0.56738903,0.56509649,4.040503e-03
0.077303,5.454545,5.453132,0.56297096,0.56054804,4.303805e-03
0.081515,5.454545,5.453132,0.55860426,0.55604221,4.586530e-03
0.085727,5.454545,5.453132,0.55428816,0.55157890,4.887805e-03
0.089939,5.454545,5.453132,0.55002185,0.54715804,5.206716e-03
0.094152,5.454545,5.453132,0.54580459,0.54277956,5.542326e-03
0.098364,5.454545,5.453132,0.54163563,0.53844341,5.893662e-03
0.102576,5.454545,5.453132,0.53751422,0.53414953,6.259717e-03
0.106788,5.454545,5.453132,0.53343965,0.52989791,6.639450e-03
0.111000,5.454545,5.453132,0.52941122,0.52568851,7.031786e-03
0.115212,5.454545,5.453132,0.52542822,0.52152134,7.435611e-03
0.119424,5.454545,5.453132,0.52148999,0.51739640,7.849783e-03
0.123636,5.454545,5.453132,0.51759584,0.51331371,8.273112e-03
0.127848,5.454545,5.453132,0.51374513,0.50927330,8.704374e-03
0.132061,5.454545,5.453132,0.50993721,0.50527521,9.142307e-03
0.136273,5.454545,5.453132,0.50617145,0.50131950,9.585603e-03
0.140485,5.454545,5.453132,0.50244724,0.49740622,1.003292e-02
0.144697,5.454545,5.453132,0.49876395,0.49353547,1.048287e-02
0.148909,5.454545,5.453132,0.49512100,0.48970734,1.093402e-02
0.153121,5.454545,5.453132,0.49151780,0.48592192,1.138489e-02
0.157333,5.454545,5.453132,0.48795376,0.48217933,1.183398e-02
0.161545,5.454545,5.453132,0.48442834,0.47847970,1.227970e-02
0.165758,5.454545,5.453132,0.48094096,0.47482318,1.272045e-02
0.169970,5.454545,5.453132,0.47749109,0.47120991,1.315456e-02
0.174182,5.454545,5.453132,0.47407820,0.46764005,1.358034e-02
0.178394,5.454545,5.453132,0.47070174,0.46411380,1.399600e-02
0.182606,5.454545,5.453132,0.46736121,0.46063132,1.439976e-02
0.186818,5.454545,5.453132,0.46405610,0.45719283,1.478974e-02
0.191030,5.454545,5.453132,0.46078591,0.45379855,1.516402e-02
0.195242,5.454545,5.453132,0.45755016,0.45044868,1.552064e-02
0.199455,5.454545,5.453132,0.45434835,0.44714348,1.585758e-02
0.203667,5.454545,5.453132,0.45118001,0.44388319,1.617274e-02
0.207879,5.454545,5.453132,0.44804469,0.44066808,1.646399e-02
0.212091,5.454545,5.453132,0.44494192,0.43749842,1.672914e-02
0.216303,5.454545,5.453132,0.44187125,0.43437450,1.696592e-02
0.220515,5.454545,5.453132,0.43883225,0.43129661,1.717202e-02
0.224727,5.454545,5.453132,0.43582448,0.42826508,1.734507e-02
0.228939,5.454545,5.453132,0.43284751,0.42528021,1.748261e-02
0.233152,5.454545,5.453132,0.42990093,0.42234235,1.758214e-02
0.237364,5.454545,5.453132,0.42698432,0.41945185,1.764110e-02
0.241576,5.454545,5.453132,0.42409728,0.41660906,1.765684e-02
0.245788,5.454545,5.453132,0.42123941,0.41381436,1.762666e-02
0.250000,5.454545,5.453132,0.41841031,0.41106814,1.754778e-02
-0.167000,5.515152,5.513722,0.94329707,0.90652064,3.898712e-02
-0.162788,5.515152,5.513722,0.93386136,0.89897041,3.736203e-02
-0.158576,5.515152,5.513722,0.92456644,0.89148842,3.577679e-02
-0.154364,5.515152,5.513722,0.91540953,0.88407388,3.423129e-02
-0.150152,5.515152,5.513722,0.90638791,0.87672602,3.272538e-02
-0.145939,5.515152,5.513722,0.89749893,0.86944408,3.125892e-02
-0.141727,5.515152,5.513722,0.88873999,0.86222730,2.983178e-02
-0.137515,5.515152,5.513722,0.88010859,0.85507493,2.844383e-02
-0.133303,5.515152,5.513722,0.87160225,0.84798627,2.709491e-02
-0.129091,5.515152,5.513722,0.86321857,0.84096058,2.578489e-02
-0.124879,5.515152,5.513722,0.85495521,0.83399716,2.451362e-02
-0.120667,5.515152,5.513722,0.84680987,0.82709533,2.328095e-02
-0.116455,5.515152,5.513722,0.83878031,0.82025440,2.208672e-02
-0.112242,5.515152,5.513722,0.83086436,0.81347371,2.093079e-02
-0.108030,5.515152,5.513722,0.82305988,0.80675261,1.981299e-02
-0.103818,5.515152,5.513722,0.81536479,0.80009045,1.873314e-02
-0.099606,5.515152,5.513722,0.80777706,0.79348660,1.769109e-02
-0.095394,5.515152,5.513722,0.80029469,0.78694045,1.668666e-02
-0.091182,5.515152,5.513722,0.79291575,0.78045138,1.571967e-02
-0.086970,5.515152,5.513722,0.78563834,0.77401882,1.478992e-02
-0.082758,5.515152,5.513722,0.77846061,0.76764216,1.389723e-02
-0.078545,5.515152,5.513722,0.77138074,0.76132086,1.304140e-02
-0.074333,5.515152,5.513722,0.76439696,0.75505434,1.222221e-02
-0.070121,5.515152,5.513722,0.75750755,0.74884207,1.143946e-02
-0.065909,5.515152,5.513722,0.75071081,0.74268352,1.069292e-02
-0.061697,5.515152,5.513722,0.74400509,0.73657816,9.982369e-03
-0.057485,5.515152,5.513722,0.73738877,0.73052548,9.307552e-03
-0.053273,5.515152,5.513722,0.73086026,0.72452500,8.668231e-03
-0.049061,5.515152,5.513722,0.72441803,0.71857622,8.064141e-03
-0.044848,5.515152,5.513722,0.71806056,0.71267868,7.495014e-03
-0.040636,5.515152,5.513722,0.71178636,0.70683192,6.960573e-03
-0.036424,5.515152,5.513722,0.70559400,0.70103549,6.460524e-03
-0.032212,5.515152,5.513722,0.69948205,0.69528896,5.994563e-03
-0.028000,5.515152,5.513722,0.69344913,0.68959191,5.562379e-03
-0.023788,5.515152,5.513722,0.68749389,0.68394392,5.163639e-03
-0.019576,5.515152,5.513722,0.68161499,0.67834460,4.798003e-03
-0.015364,5.515152,5.513722,0.67581113,0.67279356,4.465118e-03
-0.011152,5.515152,5.513722,0.67008105,0.66729043,4.164610e-03
-0.006939,5.515152,5.513722,0.66442350,0.66183485,3.896097e-03
-0.002727,5.515152,5.513722,0.65883727,0.65642646,3.659177e-03
0.001485,5.515152,5.513722,0.65332115,0.65106495,3.453434e-03
0.005697,5.515152,5.513722,0.64787398,0.64574997,3.278434e-03
0.009909,5.515152,5.513722,0.64249462,0.64048122,3.133724e-03
0.014121,5.515152,5.513722,0.63718194,0.63525839,3.018838e-03
0.018333,5.515152,5.513722,0.63193486,0.63008121,2.933287e-03
0.022545,5.515152,5.513722,0.62675229,0.62494939,2.876564e-03
0.026758,5.515152,5.513722,0.62163317,0.61986267,2.848141e-03
0.030970,5.515152,5.513722,0.61657649,0.61482081,2.847472e-03
0.035182,5.515152,5.513722,0.61158123,0.60982355,2.873987e-03
0.039394,5.515152,5.513722,0.60664639,0.60487068,2.927096e-03
0.043606,5.515152,5.513722,0.60177102,0.59996198,3.006184e-03
0.047818,5.515152,5.513722,0.59695415,0.59509725,3.110615e-03
0.052030,5.515152,5.513722,0.59219485,0.59027630,3.239726e-03
0.056242,5.515152,5.513722,0.58749222,0.58549895,3.392835e-03
0.060455,5.515152,5.513722,0.58284535,0.58076504,3.569231e-03
0.064667,5.515152,5.513722,0.57825337,0.57607441,3.768173e-03
0.068879,5.515152,5.513722,0.57371542,0.57142693,3.988898e-03
0.073091,5.515152,5.513722,0.56923065,0.56682246,4.230612e-03
0.077303,5.515152,5.513722,0.56479824,0.56226088,4.492499e-03
0.081515,5.515152,5.513722,0.56041737,0.55774210,4.773704e-03
0.085727,5.515152,5.513722,0.55608724,0.55326602,5.073351e-03
0.089939,5.515152,5.513722,0.55180709,0.54883256,5.390529e-03
0.094152,5.515152,5.513722,0.54757614,0.54444165,5.724290e-03
0.098364,5.515152,5.513722,0.54339364,0.54009325,6.073666e-03
0.102576,5.515152,5.513722,0.53925885,0.53578729,6.437643e-03
0.106788,5.515152,5.513722,0.53517106,0.53152377,6.815185e-03
0.111000,5.515152,5.513722,0.53112954,0.52730264,7.205208e-03
0.115212,5.515152,5.513722,0.52713362,0.52312392,7.606599e-03
0.119424,5.515152,5.513722,0.52318260,0.51898761,8.018213e-03
0.123636,5.515152,5.513722,0.51927581,0.51489371,8.438856e-03
0.127848,5.515152,5.513722,0.51541259,0.51084227,8.867307e-03
0.132061,5.515152,5.513722,0.51159231,0.50683333,9.302300e-03
0.136273,5.515152,5.513722,0.50781433,0.50286694,9.742525e-03
0.140485,5.515152,5.513722,0.50407802,0.49894316,1.018664e-02
0.144697,5.515152,5.513722,0.50038278,0.49506208,1.063325e-02
0.148909,5.515152,5.513722,0.49672800,0.49122379,1.108093e-02
0.153121,5.515152,5.513722,0.49311310,0.48742839,1.152820e-02
0.157333,5.515152,5.513722,0.48953749,0.48367600,1.197354e-02
0.161545,5.515152,5.513722,0.48600062,0.47996674,1.241538e-02
0.165758,5.515152,5.513722,0.48250193,0.47630076,1.285211e-02
0.169970,5.515152,5.513722,0.47904086,0.47267821,1.328206e-02
0.174182,5.515152,5.513722,0.47561688,0.46909925,1.370353e-02
0.178394,5.515152,5.513722,0.47222946,0.46556406,1.411475e-02
0.182606,5.515152,5.513722,0.46887809,0.46207283,1.451392e-02
0.186818,5.515152,5.513722,0.46556225,0.45862576,1.489917e-02
0.191030,5.515152,5.513722,0.46228144,0.45522307,1.526857e-02
0.195242,5.515152,5.513722,0.45903518,0.45186497,1.562018e-02
0.199455,5.515152,5.513722,0.45582298,0.44855171,1.595195e-02
0.203667,5.515152,5.513722,0.45264436,0.44528354,1.626180e-02
0.207879,5.515152,5.513722,0.44949885,0.44206072,1.654761e-02
0.212091,5.515152,5.513722,0.44638601,0.43888353,1.680716e-02
0.216303,5.515152,5.513722,0.44330538,0.43575225,1.703821e-02
0.220515,5.515152,5.513722,0.44025651,0.43266718,1.723843e-02
0.224727,5.515152,5.513722,0.43723897,0.42962863,1.740546e-02
0.228939,5.515152,5.513722,0.43425234,0.42663693,1.753684e-02
0.233152,5.515152,5.513722,0.43129619,0.42369241,1.763007e-02
0.237364,5.515152,5.513722,0.42837012,0.42079542,1.768259e-02
0.241576,5.515152,5.513722,0.42547370,0.41794633,1.769175e-02
0.245788,5.515152,5.513722,0.42260655,0.41514549,1.765486e-02
0.250000,5.515152,5.513722,0.41976827,0.41239331,1.756913e-02
-0.167000,5.575758,5.574312,0.94637156,0.90930079,3.917147e-02
-0.162788,5.575758,5.574312,0.93690509,0.90172722,3.754689e-02
-0.158576,5.575758,5.574312,0.92757988,0.89422207,3.596220e-02
-0.154364,5.575758,5.574312,0.91839313,0.88678455,3.441727e-02
-0.150152,5.575758,5.574312,0.90934210,0.87941388,3.291195e-02
-0.145939,5.575758,5.574312,0.90042415,0.87210930,3.144612e-02
-0.141727,5.575758,5.574312,0.89163667,0.86487006,3.001963e-02
-0.137515,5.575758,5.574312,0.88297713,0.85769542,2.863235e-02
-0.133303,5.575758,5.574312,0.87444307,0.85058465,2.728413e-02
-0.129091,5.575758,5.574312,0.86603206,0.84353703,2.597482e-02
-0.124879,5.575758,5.574312,0.85774176,0.83655187,2.470428e-02
-0.120667,5.575758,5.574312,0.84956987,0.82962846,2.347236e-02
-0.116455,5.575758,5.574312,0.84151415,0.82276614,2.227890e-02
-0.112242,5.575758,5.574312,0.83357240,0.81596423,2.112373e-02
-0.108030,5.575758,5.574312,0.82574248,0.80922209,2.000671e-02
-0.103818,5.575758,5.574312,0.81802231,0.80253906,1.892766e-02
-0.099606,5.575758,5.574312,0.81040984,0.79591452,1.788641e-02
-0.095394,5.575758,5.574312,0.80290309,0.78934786,1.688277e-02
-0.091182,5.575758,5.574312,0.79550009,0.78283846,1.591658e-02
-0.086970,5.575758,5.574312,0.78819896,0.77638573,1.498763e-02
-0.082758,5.575758,5.574312,0.78099783,0.76998909,1.409573e-02
-0.078545,5.575758,5.574312,0.77389489,0.76364798,1.324069e-02
-0.074333,5.575758,5.574312,0.76688835,0.75736184,1.242229e-02
-0.070121,5.575758,5.574312,0.75997648,0.75113012,1.164031e-02
-0.065909,5.575758,5.574312,0.75315758,0.74495228,1.089453e-02
-0.061697,5.575758,5.574312,0.74643000,0.73882782,1.018472e-02
-0.057485,5.575758,5.574312,0.73979211,0.73275623,9.510626e-03
-0.053273,5.575758,5.574312,0.73324233,0.72673700,8.872008e-03
-0.049061,5.575758,5.574312,0.72677910,0.72076965,8.268599e-03
-0.044848,5.575758,5.574312,0.72040090,0.71485372,7.700129e-03
-0.040636,5.575758,5.574312,0.71410625,0.70898874,7.166316e-03
-0.036424,5.575758,5.574312,0.70789370,0.70317427,6.666865e-03
-0.032212,5.575758,5.574312,0.70176183,0.69740988,6.201468e-03
-0.028000,5.575758,5.574312,0.69570925,0.69169514,5.769812e-03
-0.023788,5.575758,5.574312,0.68973459,0.68602964,5.371562e-03
-0.019576,5.575758,5.574312,0.68383652,0.68041298,5.006375e-03
-0.015364,5.575758,5.574312,0.67801375,0.67484479,4.673893e-03
-0.011152,5.575758,5.574312,0.67226499,0.66932468,4.373744e-03
-0.006939,5.575758,5.574312,0.66658900,0.66385229,4.105541e-03
-0.002727,5.575758,5.574312,0.66098456,0.65842729,3.868879e-03
0.001485,5.575758,5.574312,0.65545045,0.65304932,3.663337e-03
0.005697,5.575758,5.574312,0.64998553,0.64771807,3.488482e-03
0.009909,5.575758,5.574312,0.64458863,0.64243322,3.343859e-03
0.014121,5.575758,5.574312,0.63925864,0.63719448,3.228995e-03
0.018333,5.575758,5.574312,0.63399445,0.63200155,3.143402e-03
0.022545,5.575758,5.574312,0.62879498,0.62685417,3.086566e-03
0.026758,5.575758,5.574312,0.62365918,0.62175206,3.057962e-03
0.030970,5.575758,5.574312,0.61858602,0.61669498,3.057038e-03
0.035182,5.575758,5.574312,0.61357447,0.61168269,3.083222e-03
0.039394,5.575758,5.574312,0.60862355,0.60671496,3.135920e-03
0.043606,5.575758,5.574312,0.60373228,0.60179157,3.214514e-03
0.047818,5.575758,5.574312,0.59889971,0.59691234,3.318370e-03
0.052030,5.575758,5.574312,0.59412490,0.59207706,3.446820e-03
0.056242,5.575758,5.574312,0.58940694,0.58728556,3.599178e-03
0.060455,5.575758,5.574312,0.58474492,0.58253767,3.774728e-03
0.064667,5.575758,5.574312,0.58013797,0.57783324,3.972732e-03
0.068879,5.575758,5.574312,0.57558523,0.57317213,4.192423e-03
0.073091,5.575758,5.574312,0.57108584,0.56855421,4.433004e-03
0.077303,5.575758,5.574312,0.56663898,0.56397937,4.693656e-03
0.081515,5.575758,5.574312,0.56224382,0.55944749,4.973522e-03
0.085727,5.575758,5.574312,0.55789959,0.55495850,5.271724e-03
0.089939,5.575758,5.574312,0.55360548,0.55051230,5.587347e-03
0.094152,5.575758,5.574312,0.54936074,0.54610883,5.919445e-03
0.098364,5.575758,5.574312,0.54516460,0.54174803,6.267040e-03
0.102576,5.575758,5.574312,0.54101634,0.53742987,6.629125e-03
0.106788,5.575758,5.574312,0.53691522,0.53315431,7.004654e-03
0.111000,5.575758,5.574312,0.53286053,0.52892133,7.392544e-03
0.115212,5.575758,5.574312,0.52885158,0.52473093,7.791686e-03
0.119424,5.575758,5.574312,0.52488768,0.52058311,8.200927e-03
0.123636,5.575758,5.574312,0.52096815,0.51647789,8.619069e-03
0.127848,5.575758,5.574312,0.51709235,0.51241530,9.044893e-03
0.132061,5.575758,5.574312,0.51325961,0.50839539,9.477131e-03
0.136273,5.575758,5.574312,0.50946931,0.50441820,9.914469e-03
0.140485,5.575758,5.574312,0.50572083,0.50048380,1.035557e-02
0.144697,5.575758,5.574312,0.50201354,0.49659228,1.079903e-02
0.148909,5.575758,5.574312,0.49834685,0.49274372,1.124342e-02
0.153121,5.575758,5.574312,0.49472016,0.48893823,1.168727e-02
0.157333,5.575758,5.574312,0.49113290,0.48517593,1.212904e-02
0.161545,5.575758,5.574312,0.48758450,0.48145693,1.256719e-02
0.165758,5.575758,5.574312,0.48407440,0.47778139,1.300008e-02
0.169970,5.575758,5.574312,0.48060205,0.47414946,1.342605e-02
0.174182,5.575758,5.574312,0.47716691,0.47056129,1.384341e-02
0.178394,5.575758,5.574312,0.47376845,0.46701707,1.425037e-02
0.182606,5.575758,5.574312,0.47040615,0.46351699,1.464513e-02
0.186818,5.575758,5.574312,0.46707950,0.46006124,1.502583e-02
0.191030,5.575758,5.574312,0.46378800,0.45665005,1.539055e-02
0.195242,5.575758,5.574312,0.46053116,0.45328363,1.573732e-02
0.199455,5.575758,5.574312,0.45730848,0.44996223,1.606412e-02
0.203667,5.575758,5.574312,0.45411950,0.44668609,1.636885e-02
0.207879,5.575758,5.574312,0.45096374,0.44345547,1.664939e-02
0.212091,5.575758,5.574312,0.44784075,0.44027066,1.690353e-02
0.216303,5.575758,5.574312,0.44475008,0.43713194,1.712903e-02
0.220515,5.575758,5.574312,0.44169127,0.43403961,1.732356e-02
0.224727,5.575758,5.574312,0.43866390,0.43099397,1.748474e-02
0.228939,5.575758,5.574312,0.43566753,0.42799536,1.761015e-02
0.233152,5.575758,5.574312,0.43270175,0.42504411,1.769726e-02
0.237364,5.575758,5.574312,0.42976613,0.42214057,1.774352e-02
0.241576,5.575758,5.574312,0.42686028,0.41928509,1.774629e-02
0.245788,5.575758,5.574312,0.42398378,0.41647805,1.770286e-02
0.250000,5.575758,5.574312,0.42113625,0.41371984,1.761047e-02
-0.167000,5.636364,5.634903,0.94946821,0.91209775,3.935936e-02
-0.162788,5.636364,5.634903,0.93997078,0.90450059,3.773541e-02
-0.158576,5.636364,5.634903,0.93061505,0.89697202,3.615139e-02
-0.154364,5.636364,5.634903,0.92139824,0.88951126,3.460716e-02
-0.150152,5.636364,5.634903,0.91231760,0.88211754,3.310258e-02
-0.145939,5.636364,5.634903,0.90337047,0.87479008,3.163750e-02
-0.141727,5.636364,5.634903,0.89455424,0.86752814,3.021180e-02
-0.137515,5.636364,5.634903,0.88586636,0.86033098,2.882533e-02
-0.133303,5.636364,5.634903,0.87730438,0.85319786,2.747794e-02
-0.129091,5.636364,5.634903,0.86886585,0.84612808,2.616948e-02
-0.124879,5.636364,5.634903,0.86054842,0.83912093,2.489982e-02
-0.120667,5.636364,5.634903,0.85234979,0.83217571,2.366878e-02
-0.116455,5.636364,5.634903,0.84426771,0.82529176,2.247622e-02
-0.112242,5.636364,5.634903,0.83629997,0.81846840,2.132198e-02
-0.108030,5.636364,5.634903,0.82844443,0.81170498,2.020588e-02
-0.103818,5.636364,5.634903,0.82069900,0.80500086,1.912777e-02
-0.099606,5.636364,5.634903,0.81306162,0.79835541,1.808745e-02
-0.095394,5.636364,5.634903,0.80553030,0.79176801,1.708477e-02
-0.091182,5.636364,5.634903,0.79810309,0.78523805,1.611952e-02
-0.086970,5.636364,5.634903,0.79077806,0.77876494,1.519153e-02
-0.082758,5.636364,5.634903,0.78355337,0.77234810,1.430058e-02
-0.078545,5.636364,5.634903,0.77642718,0.76598697,1.344648e-02
-0.074333,5.636364,5.634903,0.76939771,0.75968098,1.262901e-02
-0.070121,5.636364,5.634903,0.76246322,0.75342959,1.184796e-02
-0.065909,5.636364,5.634903,0.75562202,0.74723227,1.110309e-02
-0.061697,5.636364,5.634903,0.74887242,0.74108850,1.039418e-02
-0.057485,5.636364,5.634903,0.74221281,0.73499778,9.720973e-03
-0.053273,5.636364,5.634903,0.73564159,0.72895960,9.083220e-03
-0.049061,5.636364,5.634903,0.72915721,0.72297348,8.480654e-03
-0.044848,5.636364,5.634903,0.72275814,0.71703895,7.913002e-03
-0.040636,5.636364,5.634903,0.71644289,0.71115556,7.379979e-03
-0.036424,5.636364,5.634903,0.71021002,0.70532285,6.881289e-03
-0.032212,5.636364,5.634903,0.70405808,0.69954040,6.416623e-03
-0.028000,5.636364,5.634903,0.69798569,0.69380778,5.985659e-03
-0.023788,5.636364,5.634903,0.69199147,0.68812458,5.588067e-03
-0.019576,5.636364,5.634903,0.68607411,0.68249040,5.223498e-03
-0.015364,5.636364,5.634903,0.68023228,0.67690486,4.891589e-03
-0.011152,5.636364,5.634903,0.67446471,0.67136759,4.591969e-03
-0.006939,5.636364,5.634903,0.66877014,0.66587822,4.324244e-03
-0.002727,5.636364,5.634903,0.66314736,0.66043640,4.088008e-03
0.001485,5.636364,5.634903,0.65759515,0.65504181,3.882843e-03
0.005697,5.636364,5.634903,0.65211234,0.64969410,3.708307e-03
0.009909,5.636364,5.634903,0.64669778,0.64439299,3.563942e-03
0.014121,5.636364,5.634903,0.64135034,0.63913815,3.449276e-03
0.018333,5.636364,5.634903,0.63606892,0.63392931,3.363814e-03
0.022545,5.636364,5.634903,0.63085244,0.62876618,3.307045e-03
0.026758,5.636364,5.634903,0.62569984,0.62364852,3.278437e-03
0.030970,5.636364,5.634903,0.62061007,0.61857606,3.277433e-03
0.035182,5.636364,5.634903,0.61558212,0.61354857,3.303463e-03
0.039394,5.636364,5.634903,0.61061500,0.60856582,3.355930e-03
0.043606,5.636364,5.634903,0.60570772,0.60362759,3.434215e-03
0.047818,5.636364,5.634903,0.60085934,0.59873369,3.537675e-03
0.052030,5.636364,5.634903,0.59606890,0.59388392,3.665643e-03
0.056242,5.636364,5.634903,0.59133550,0.58907811,3.817430e-03
0.060455,5.636364,5.634903,0.58665822,0.58431610,3.992320e-03
0.064667,5.636364,5.634903,0.58203620,0.57959772,4.189569e-03
0.068879,5.636364,5.634903,0.57746855,0.57492284,4.408409e-03
0.073091,5.636364,5.634903,0.57295444,0.57029132,4.648039e-03
0.077303,5.636364,5.634903,0.56849302,0.56570306,4.907639e-03
0.081515,5.636364,5.634903,0.56408349,0.56115795,5.186354e-03
0.085727,5.636364,5.634903,0.55972504,0.55665590,5.483294e-03
0.089939,5.636364,5.634903,0.55541688,0.55219682,5.797547e-03
0.094152,5.636364,5.634903,0.55115824,0.54778065,6.128167e-03
0.098364,5.636364,5.634903,0.54694837,0.54340734,6.474170e-03
0.102576,5.636364,5.634903,0.54278653,0.53907683,6.834548e-03
0.106788,5.636364,5.634903,0.53867199,0.53478911,7.208253e-03
0.111000,5.636364,5.634903,0.53460403,0.53054414,7.594203e-03
0.115212,5.636364,5.634903,0.53058196,0.52634193,7.991280e-03
0.119424,5.636364,5.634903,0.52660509,0.52218248,8.398331e-03
0.123636,5.636364,5.634903,0.52267274,0.51806581,8.814164e-03
0.127848,5.636364,5.634903,0.51878425,0.51399195,9.237552e-03
0.132061,5.636364,5.634903,0.51493897,0.50996094,9.667220e-03
0.136273,5.636364,5.634903,0.51113627,0.50597284,1.010186e-02
0.140485,5.636364,5.634903,0.50737551,0.50202771,1.054013e-02
0.144697,5.636364,5.634903,0.50365609,0.49812563,1.098063e-02
0.148909,5.636364,5.634903,0.49997740,0.49426669,1.142193e-02
0.153121,5.636364,5.634903,0.49633884,0.49045100,1.186254e-02
0.157333,5.636364,5.634903,0.49273985,0.48667868,1.230095e-02
0.161545,5.636364,5.634903,0.48917983,0.48294984,1.273559e-02
0.165758,5.636364,5.634903,0.48565825,0.47926464,1.316483e-02
0.169970,5.636364,5.634903,0.48217453,0.47562322,1.358702e-02
0.174182,5.636364,5.634903,0.47872815,0.47202574,1.400044e-02
0.178394,5.636364,5.634903,0.47531857,0.46847240,1.440334e-02
0.182606,5.636364,5.634903,0.47194527,0.46496336,1.479389e-02
0.186818,5.636364,5.634903,0.46860773,0.46149884,1.517023e-02
0.191030,5.636364,5.634903,0.46530546,0.45807906,1.553045e-02
0.195242,5.636364,5.634903,0.46203795,0.45470422,1.587258e-02
0.199455,5.636364,5.634903,0.45880473,0.45137458,1.619458e-02
0.203667,5.636364,5.634903,0.45560532,0.44809039,1.649439e-02
0.207879,5.636364,5.634903,0.45243923,0.44485189,1.676985e-02
0.212091,5.636364,5.634903,0.44930602,0.44165938,1.701877e-02
0.216303,5.636364,5.634903,0.44620523,0.43851314,1.723891e-02
0.220515,5.636364,5.634903,0.44313642,0.43541347,1.742793e-02
0.224727,5.636364,5.634903,0.44009914,0.43236067,1.758347e-02
0.228939,5.636364,5.634903,0.43709296,0.42935507,1.770308e-02
0.233152,5.636364,5.634903,0.43411747,0.42639701,1.778426e-02
0.237364,5.636364,5.634903,0.43117225,0.42348684,1.782445e-02
0.241576,5.636364,5.634903,0.42825688,0.42062491,1.782100e-02
0.245788,5.636364,5.634903,0.42537097,0.41781161,1.777123e-02
0.250000,5.636364,5.634903,0.42251412,0.41504730,1.767236e-02
-0.167000,5.696970,5.695493,0.95258677,0.91491109,3.955092e-02
-0.162788,5.696970,5.695493,0.94305815,0.90729008,3.792775e-02
-0.158576,5.696970,5.695493,0.93367170,0.89973784,3.634453e-02
-0.154364,5.696970,5.695493,0.92442462,0.89225359,3.480113e-02
-0.150152,5.696970,5.695493,0.91531416,0.88483656,3.329742e-02
-0.145939,5.696970,5.695493,0.90633764,0.87748597,3.183324e-02
-0.141727,5.696970,5.695493,0.89749245,0.87020109,3.040846e-02
-0.137515,5.696970,5.695493,0.88877605,0.86298116,2.902294e-02
-0.133303,5.696970,5.695493,0.88018594,0.85582545,2.767652e-02
-0.129091,5.696970,5.695493,0.87171970,0.84873327,2.636906e-02
-0.124879,5.696970,5.695493,0.86337495,0.84170389,2.510041e-02
-0.120667,5.696970,5.695493,0.85514940,0.83473663,2.387041e-02
-0.116455,5.696970,5.695493,0.84704077,0.82783082,2.267890e-02
-0.112242,5.696970,5.695493,0.83904686,0.82098577,2.152572e-02
-0.108030,5.696970,5.695493,0.83116552,0.81420085,2.041069e-02
-0.103818,5.696970,5.695493,0.82339465,0.80747541,1.933367e-02
-0.099606,5.696970,5.695493,0.81573218,0.80080881,1.829445e-02
-0.095394,5.696970,5.695493,0.80817613,0.79420045,1.729286e-02
-0.091182,5.696970,5.695493,0.80072451,0.78764971,1.632872e-02
-0.086970,5.696970,5.695493,0.79337543,0.78115600,1.540183e-02
-0.082758,5.696970,5.695493,0.78612701,0.77471875,1.451198e-02
-0.078545,5.696970,5.695493,0.77897741,0.76833737,1.365898e-02
-0.074333,5.696970,5.695493,0.77192485,0.76201133,1.284261e-02
-0.070121,5.696970,5.695493,0.76496759,0.75574006,1.206264e-02
-0.065909,5.696970,5.695493,0.75810391,0.74952304,1.131885e-02
-0.061697,5.696970,5.695493,0.75133214,0.74335976,1.061100e-02
-0.057485,5.696970,5.695493,0.74465066,0.73724969,9.938838e-03
-0.053273,5.696970,5.695493,0.73805785,0.73119236,9.302112e-03
-0.049061,5.696970,5.695493,0.73155217,0.72518726,8.700553e-03
-0.044848,5.696970,5.695493,0.72513208,0.71923394,8.133884e-03
-0.040636,5.696970,5.695493,0.71879609,0.71333194,7.601819e-03
-0.036424,5.696970,5.695493,0.71254274,0.70748080,7.104057e-03
-0.032212,5.696970,5.695493,0.70637060,0.70168009,6.640289e-03
-0.028000,5.696970,5.695493,0.70027826,0.69592940,6.210189e-03
-0.023788,5.696970,5.695493,0.69426436,0.69022830,5.813424e-03
-0.019576,5.696970,5.695493,0.68832755,0.68457641,5.449641e-03
-0.015364,5.696970,5.695493,0.68246654,0.67897334,5.118481e-03
-0.011152,5.696970,5.695493,0.67668002,0.67341872,4.819560e-03
-0.006939,5.696970,5.695493,0.67096675,0.66791218,4.552490e-03
-0.002727,5.696970,5.695493,0.66532549,0.66245337,4.316857e-03
0.001485,5.696970,5.695493,0.65975504,0.65704197,4.112243e-03
0.005697,5.696970,5.695493,0.65425422,0.65167764,3.938202e-03
0.009909,5.696970,5.695493,0.64882188,0.64636007,3.794275e-03
0.014121,5.696970,5.695493,0.64345688,0.64108896,3.679984e-03
0.018333,5.696970,5.695493,0.63815811,0.63586404,3.594834e-03
0.022545,5.696970,5.695493,0.63292449,0.63068501,3.538310e-03
0.026758,5.696970,5.695493,0.62775496,0.62555162,3.509876e-03
0.030970,5.696970,5.695493,0.62264847,0.62046361,3.508978e-03
0.035182,5.696970,5.695493,0.61760401,0.61542075,3.535037e-03
0.039394,5.696970,5.695493,0.61262057,0.61042282,3.587457e-03
0.043606,5.696970,5.695493,0.60769717,0.60546959,3.665613e-03
0.047818,5.696970,5.695493,0.60283286,0.60056086,3.768860e-03
0.052030,5.696970,5.695493,0.59802668,0.59569645,3.896533e-03
0.056242,5.696970,5.695493,0.59327773,0.59087618,4.047937e-03
0.060455,5.696970,5.695493,0.58858510,0.58609988,4.222351e-03
0.064667,5.696970,5.695493,0.58394789,0.58136740,4.419033e-03
0.068879,5.696970,5.695493,0.57936524,0.57667860,4.637208e-03
0.073091,5.696970,5.695493,0.57483629,0.57203335,4.876078e-03
0.077303,5.696970,5.695493,0.57036022,0.56743153,5.134817e-03
0.081515,5.696970,5.695493,0.56593620,0.56287304,5.412564e-03
0.085727,5.696970,5.695493,0.56156343,0.55835778,5.708435e-03
0.089939,5.696970,5.695493,0.55724112,0.55388569,6.021509e-03
0.094152,5.696970,5.695493,0.55296850,0.54945668,6.350841e-03
0.098364,5.696970,5.695493,0.54874480,0.54507071,6.695444e-03
0.102576,5.696970,5.695493,0.54456929,0.54072773,7.054307e-03
0.106788,5.696970,5.695493,0.54044123,0.53642771,7.426381e-03
0.111000,5.696970,5.695493,0.53635991,0.53217063,7.810582e-03
0.115212,5.696970,5.695493,0.53232462,0.52795648,8.205786e-03
0.119424,5.696970,5.695493,0.52833469,0.52378528,8.610845e-03
0.123636,5.696970,5.695493,0.52438942,0.51965704,9.024561e-03
0.127848,5.696970,5.695493,0.52048816,0.51557178,9.445701e-03
0.132061,5.696970,5.695493,0.51663025,0.51152956,9.872997e-03
0.136273,5.696970,5.695493,0.51281505,0.50753042,1.030514e-02
0.140485,5.696970,5.695493,0.50904194,0.50357444,1.074077e-02
0.144697,5.696970,5.695493,0.50531030,0.49966169,1.117851e-02
0.148909,5.696970,5.695493,0.50161953,0.49579226,1.161690e-02
0.153121,5.696970,5.695493,0.49796902,0.49196626,1.205448e-02
0.157333,5.696970,5.695493,0.49435820,0.48818380,1.248972e-02
0.161545,5.696970,5.695493,0.49078649,0.48444502,1.292104e-02
0.165758,5.696970,5.695493,0.48725333,0.48075005,1.334683e-02
0.169970,5.696970,5.695493,0.48375818,0.47709904,1.376543e-02
0.174182,5.696970,5.695493,0.48030047,0.47349216,1.417512e-02
0.178394,5.696970,5.695493,0.47687969,0.46992958,1.457414e-02
0.182606,5.696970,5.695493,0.47349531,0.46641150,1.496067e-02
0.186818,5.696970,5.695493,0.47014681,0.46293812,1.533285e-02
0.191030,5.696970,5.695493,0.46683369,0.45950964,1.568877e-02
0.195242,5.696970,5.695493,0.46355545,0.45612631,1.602644e-02
0.199455,5.696970,5.695493,0.46031161,0.45278834,1.634386e-02
0.203667,5.696970,5.695493,0.45710168,0.44949600,1.663893e-02
0.207879,5.696970,5.695493,0.45392520,0.44624955,1.690951e-02
0.212091,5.696970,5.695493,0.45078169,0.44304925,1.715340e-02
0.216303,5.696970,5.695493,0.44767072,0.43989541,1.736837e-02
0.220515,5.696970,5.695493,0.44459182,0.43678831,1.755208e-02
0.224727,5.696970,5.695493,0.44154456,0.43372827,1.770216e-02
0.228939,5.696970,5.695493,0.43852852,0.43071561,1.781618e-02
0.233152,5.696970,5.695493,0.43554325,0.42775068,1.789162e-02
0.237364,5.696970,5.695493,0.43258835,0.42483380,1.792593e-02
0.241576,5.696970,5.695493,0.42966341,0.42196536,1.791648e-02
0.245788,5.696970,5.695493,0.42676802,0.41914571,1.786055e-02
0.250000,5.696970,5.695493,0.42390178,0.41637525,1.775538e-02
-0.167000,5.757576,5.756083,0.95572699,0.91774035,3.974633e-02
-0.162788,5.757576,5.756083,0.94616696,0.91009523,3.812406e-02
-0.158576,5.757576,5.756083,0.93674957,0.90251907,3.654178e-02
-0.154364,5.757576,5.756083,0.92747201,0.89501108,3.499936e-02
-0.150152,5.757576,5.756083,0.91833152,0.88757049,3.349665e-02
-0.145939,5.757576,5.756083,0.90932541,0.88019653,3.203351e-02
-0.141727,5.757576,5.756083,0.90045107,0.87288845,3.060979e-02
-0.137515,5.757576,5.756083,0.89170594,0.86564551,2.922536e-02
-0.133303,5.757576,5.756083,0.88308751,0.85846698,2.788006e-02
-0.129091,5.757576,5.756083,0.87459337,0.85135215,2.657374e-02
-0.124879,5.757576,5.756083,0.86622112,0.84430031,2.530625e-02
-0.120667,5.757576,5.756083,0.85796845,0.83731077,2.407743e-02
-0.116455,5.757576,5.756083,0.84983309,0.83038286,2.288712e-02
-0.112242,5.757576,5.756083,0.84181283,0.82351590,2.173515e-02
-0.108030,5.757576,5.756083,0.83390551,0.81670925,2.062136e-02
-0.103818,5.757576,5.756083,0.82610902,0.80996225,1.954556e-02
-0.099606,5.757576,5.756083,0.81842130,0.80327429,1.850759e-02
-0.095394,5.757576,5.756083,0.81084034,0.79664474,1.750726e-02
-0.091182,5.757576,5.756083,0.80336416,0.79007300,1.654438e-02
-0.086970,5.757576,5.756083,0.79599085,0.78355847,1.561875e-02
-0.082758,5.757576,5.756083,0.78871853,0.77710058,1.473017e-02
-0.078545,5.757576,5.756083,0.78154537,0.77069875,1.387842e-02
-0.074333,5.757576,5.756083,0.77446956,0.76435243,1.306331e-02
-0.070121,5.757576,5.756083,0.76748936,0.75806107,1.228459e-02
-0.065909,5.757576,5.756083,0.76060306,0.75182415,1.154204e-02
-0.061697,5.757576,5.756083,0.75380897,0.74564114,1.083541e-02
-0.057485,5.757576,5.756083,0.74710545,0.73951153,1.016446e-02
-0.053273,5.757576,5.756083,0.74049092,0.73343483,9.528928e-03
-0.049061,5.757576,5.756083,0.73396379,0.72741056,8.928546e-03
-0.044848,5.757576,5.756083,0.72752253,0.72143824,8.363030e-03
-0.040636,5.757576,5.756083,0.72116566,0.71551742,7.832092e-03
-0.036424,5.757576,5.756083,0.71489169,0.70964765,7.335431e-03
-0.032212,5.757576,5.756083,0.70869920,0.70382850,6.872733e-03
-0.028000,5.757576,5.756083,0.70258677,0.69805954,6.443671e-03
-0.023788,5.757576,5.756083,0.69655305,0.69234036,6.047906e-03
-0.019576,5.757576,5.756083,0.69059667,0.68667057,5.685087e-03
-0.015364,5.757576,5.756083,0.68471633,0.68104978,5.354847e-03
-0.011152,5.757576,5.756083,0.67891074,0.67547762,5.056805e-03
-0.006939,5.757576,5.756083,0.67317863,0.66995372,4.790566e-03
-0.002727,5.757576,5.756083,0.66751878,0.66447775,4.555719e-03
0.001485,5.757576,5.756083,0.66192996,0.65904935,4.351834e-03
0.005697,5.757576,5.756083,0.65641101,0.65366822,4.178467e-03
0.009909,5.757576,5.756083,0.65096075,0.64833402,4.035159e-03
0.014121,5.757576,5.756083,0.64557806,0.64304648,3.921425e-03
0.018333,5.757576,5.756083,0.64026183,0.63780529,3.836771e-03
0.022545,5.757576,5.756083,0.63501096,0.63261018,3.780677e-03
0.026758,5.757576,5.756083,0.62982438,0.62746090,3.752605e-03
0.030970,5.757576,5.756083,0.62470106,0.62235718,3.751996e-03
0.035182,5.757576,5.756083,0.61963996,0.61729880,3.778271e-03
0.039394,5.757576,5.756083,0.61464009,0.61228551,3.830828e-03
0.043606,5.757576,5.756083,0.60970046,0.60731712,3.909044e-03
0.047818,5.757576,5.756083,0.60482011,0.60239341,4.012271e-03
0.052030,5.757576,5.756083,0.59999810,0.59751420,4.139838e-03
0.056242,5.757576,5.756083,0.59523349,0.59267931,4.291046e-03
0.060455,5.757576,5.756083,0.59052538,0.58788858,4.465178e-03
0.064667,5.757576,5.756083,0.58587288,0.58314185,4.661482e-03
0.068879,5.757576,5.756083,0.58127513,0.57843898,4.879186e-03
0.073091,5.757576,5.756083,0.57673125,0.57377984,5.117487e-03
0.077303,5.757576,5.756083,0.57224042,0.56916431,5.375556e-03
0.081515,5.757576,5.756083,0.56780182,0.56459230,5.652532e-03
0.085727,5.757576,5.756083,0.56341463,0.56006371,5.947527e-03
0.089939,5.757576,5.756083,0.55907807,0.55557845,6.259618e-03
0.094152,5.757576,5.756083,0.55479136,0.55113647,6.587855e-03
0.098364,5.757576,5.756083,0.55055373,0.54673771,6.931255e-03
0.102576,5.757576,5.756083,0.54636445,0.54238211,7.288799e-03
0.106788,5.757576,5.756083,0.54222279,0.53806966,7.659438e-03
0.111000,5.757576,5.756083,0.53812801,0.53380034,8.042083e-03
0.115212,5.757576,5.756083,0.53407942,0.52957413,8.435616e-03
0.119424,5.757576,5.756083,0.53007633,0.52539105,8.838880e-03
0.123636,5.757576,5.756083,0.52611806,0.52125111,9.250677e-03
0.127848,5.757576,5.756083,0.52220393,0.51715434,9.669770e-03
0.132061,5.757576,5.756083,0.51833330,0.51310078,1.009489e-02
0.136273,5.757576,5.756083,0.51450553,0.50909049,1.052473e-02
0.140485,5.757576,5.756083,0.51071998,0.50512354,1.095793e-02
0.144697,5.757576,5.756083,0.50697604,0.50120001,1.139310e-02
0.148909,5.757576,5.756083,0.50327309,0.49731998,1.182879e-02
0.153121,5.757576,5.756083,0.49961055,0.49348356,1.226353e-02
0.157333,5.757576,5.756083,0.49598782,0.48969086,1.269580e-02
0.161545,5.757576,5.756083,0.49240434,0.48594202,1.312401e-02
0.165758,5.757576,5.756083,0.48885953,0.48223718,1.354655e-02
0.169970,5.757576,5.756083,0.48535285,0.47857648,1.396175e-02
0.174182,5.757576,5.756083,0.48188375,0.47496009,1.436791e-02
0.178394,5.757576,5.756083,0.47845169,0.47138819,1.476325e-02
0.182606,5.757576,5.756083,0.47505615,0.46786096,1.514597e-02
0.186818,5.757576,5.756083,0.47169661,0.46437862,1.551419e-02
0.191030,5.757576,5.756083,0.46837257,0.46094137,1.586601e-02
0.195242,5.757576,5.756083,0.46508352,0.45754943,1.619943e-02
0.199455,5.757576,5.756083,0.46182898,0.45420305,1.651245e-02
0.203667,5.757576,5.756083,0.45860847,0.45090248,1.680298e-02
0.207879,5.757576,5.756083,0.45542152,0.44764798,1.706888e-02
0.212091,5.757576,5.756083,0.45226765,0.44443982,1.730796e-02
0.216303,5.757576,5.756083,0.44914642,0.44127829,1.751795e-02
0.220515,5.757576,5.756083,0.44605737,0.43816369,1.769655e-02
0.224727,5.757576,5.756083,0.44300006,0.43509633,1.784137e-02
0.228939,5.757576,5.756083,0.43997407,0.43207654,1.794999e-02
0.233152,5.757576,5.756083,0.43697897,0.42910465,1.801990e-02
0.237364,5.757576,5.756083,0.43401433,0.42618100,1.804853e-02
0.241576,5.757576,5.756083,0.43107974,0.42330597,1.803325e-02
0.245788,5.757576,5.756083,0.42817480,0.42047992,1.797137e-02
0.250000,5.757576,5.756083,0.42529912,0.41770323,1.786011e-02
-0.167000,5.818182,5.816674,0.95888859,0.92058507,3.994575e-02
-0.162788,5.818182,5.816674,0.94929694,0.91291560,3.832452e-02
-0.158576,5.818182,5.816674,0.93984841,0.90531526,3.674332e-02
-0.154364,5.818182,5.816674,0.93054017,0.89778329,3.520201e-02
-0.150152,5.818182,5.816674,0.92136945,0.89031889,3.370044e-02
-0.145939,5.818182,5.816674,0.91233355,0.88292131,3.223848e-02
-0.141727,5.818182,5.816674,0.90342986,0.87558979,3.081597e-02
-0.137515,5.818182,5.816674,0.89465580,0.86832359,2.943278e-02
-0.133303,5.818182,5.816674,0.88600887,0.86112200,2.808874e-02
-0.129091,5.818182,5.816674,0.87748663,0.85398428,2.678371e-02
-0.124879,5.818182,5.816674,0.86908668,0.84690974,2.551753e-02
-0.120667,5.818182,5.816674,0.86080672,0.83989769,2.429004e-02
-0.116455,5.818182,5.816674,0.85264445,0.83294744,2.310108e-02
-0.112242,5.818182,5.816674,0.84459766,0.82605834,2.195048e-02
-0.108030,5.818182,5.816674,0.83666419,0.81922972,2.083807e-02
-0.103818,5.818182,5.816674,0.82884191,0.81246095,1.976367e-02
-0.099606,5.818182,5.816674,0.82112876,0.80575139,1.872711e-02
-0.095394,5.818182,5.816674,0.81352272,0.79910043,1.772819e-02
-0.091182,5.818182,5.816674,0.80602181,0.79250746,1.676673e-02
-0.086970,5.818182,5.816674,0.79862411,0.78597190,1.584252e-02
-0.082758,5.818182,5.816674,0.79132774,0.77949315,1.495536e-02
-0.078545,5.818182,5.816674,0.78413084,0.77307064,1.410504e-02
-0.074333,5.818182,5.816674,0.77703163,0.76670384,1.329134e-02
-0.070121,5.818182,5.816674,0.77002834,0.76039218,1.251404e-02
-0.065909,5.818182,5.816674,0.76311925,0.75413513,1.177289e-02
-0.061697,5.818182,5.816674,0.75630269,0.74793219,1.106766e-02
-0.057485,5.818182,5.816674,0.74957700,0.74178283,1.039809e-02
-0.053273,5.818182,5.816674,0.74294058,0.73568657,9.763925e-03
-0.049061,5.818182,5.816674,0.73639186,0.72964291,9.164888e-03
-0.044848,5.818182,5.816674,0.72992930,0.72365140,8.600697e-03
-0.040636,5.818182,5.816674,0.72355139,0.71771157,8.071062e-03
-0.036424,5.818182,5.816674,0.71725667,0.71182297,7.575675e-03
-0.032212,5.818182,5.816674,0.71104369,0.70598517,7.114222e-03
-0.028000,5.818182,5.816674,0.70491105,0.70019775,6.686373e-03
-0.023788,5.818182,5.816674,0.69885736,0.69446030,6.291788e-03
-0.019576,5.818182,5.816674,0.69288128,0.68877242,5.930111e-03
-0.015364,5.818182,5.816674,0.68698148,0.68313372,5.600972e-03
-0.011152,5.818182,5.816674,0.68115669,0.67754384,5.303991e-03
-0.006939,5.818182,5.816674,0.67540562,0.67200240,5.038765e-03
-0.002727,5.818182,5.816674,0.66972704,0.66650908,4.804883e-03
0.001485,5.818182,5.816674,0.66411973,0.66106351,4.601913e-03
0.005697,5.818182,5.816674,0.65858252,0.65566539,4.429407e-03
0.009909,5.818182,5.816674,0.65311423,0.65031440,4.286901e-03
0.014121,5.818182,5.816674,0.64771374,0.64501024,4.173914e-03
0.018333,5.818182,5.816674,0.64237991,0.63975262,4.089942e-03
0.022545,5.818182,5.816674,0.63711167,0.63454127,4.034466e-03
0.026758,5.818182,5.816674,0.63190794,0.62937592,4.006944e-03
0.030970,5.818182,5.816674,0.62676766,0.62425632,4.006814e-03
0.035182,5.818182,5.816674,0.62168983,0.61918224,4.033496e-03
0.039394,5.818182,5.816674,0.61667341,0.61415345,4.086384e-03
0.043606,5.818182,5.816674,0.61171744,0.60916973,4.164852e-03
0.047818,5.818182,5.816674,0.60682095,0.60423088,4.268248e-03
0.052030,5.818182,5.816674,0.60198298,0.59933672,4.395901e-03
0.056242,5.818182,5.816674,0.59720261,0.59448706,4.547111e-03
0.060455,5.818182,5.816674,0.59247892,0.58968174,4.721153e-03
0.064667,5.818182,5.816674,0.58781103,0.58492060,4.917275e-03
0.068879,5.818182,5.816674,0.58319806,0.58020351,5.134705e-03
0.073091,5.818182,5.816674,0.57863915,0.57553034,5.372634e-03
0.077303,5.818182,5.816674,0.57413347,0.57090096,5.630232e-03
0.081515,5.818182,5.816674,0.56968018,0.56631529,5.906635e-03
0.085727,5.818182,5.816674,0.56527847,0.56177321,6.200951e-03
0.089939,5.818182,5.816674,0.56092757,0.55727466,6.512258e-03
0.094152,5.818182,5.816674,0.55662667,0.55281957,6.839602e-03
0.098364,5.818182,5.816674,0.55237503,0.54840787,7.181998e-03
0.102576,5.818182,5.816674,0.54817189,0.54403954,7.538426e-03
0.106788,5.818182,5.816674,0.54401652,0.53971453,7.907830e-03
0.111000,5.818182,5.816674,0.53990820,0.53543283,8.289125e-03
0.115212,5.818182,5.816674,0.53584621,0.53119443,8.681186e-03
0.119424,5.818182,5.816674,0.53182988,0.52699934,9.082857e-03
0.123636,5.818182,5.816674,0.52785851,0.52284758,9.492933e-03
0.127848,5.818182,5.816674,0.52393143,0.51873917,9.910187e-03
0.132061,5.818182,5.816674,0.52004800,0.51467416,1.033334e-02
0.136273,5.818182,5.816674,0.51620756,0.51065261,1.076108e-02
0.140485,5.818182,5.816674,0.51240949,0.50667457,1.119205e-02
0.144697,5.818182,5.816674,0.50865315,0.50274014,1.162485e-02
0.148909,5.818182,5.816674,0.50493796,0.49884939,1.205805e-02
0.153121,5.818182,5.816674,0.50126330,0.49500244,1.249016e-02
0.157333,5.818182,5.816674,0.49762859,0.49119940,1.291965e-02
0.161545,5.818182,5.816674,0.49403325,0.48744040,1.334495e-02
0.165758,5.818182,5.816674,0.49047672,0.48372557,1.376445e-02
0.169970,5.818182,5.816674,0.48695843,0.48005508,1.417647e-02
0.174182,5.818182,5.816674,0.48347785,0.47642908,1.457930e-02
0.178394,5.818182,5.816674,0.48003444,0.47284776,1.497117e-02
0.182606,5.818182,5.816674,0.47662766,0.46931129,1.535028e-02
0.186818,5.818182,5.816674,0.47325701,0.46581989,1.571475e-02
0.191030,5.818182,5.816674,0.46992197,0.46237377,1.606266e-02
0.195242,5.818182,5.816674,0.46662204,0.45897315,1.639205e-02
0.199455,5.818182,5.816674,0.46335673,0.45561827,1.670088e-02
0.203667,5.818182,5.816674,0.46012557,0.45230938,1.698708e-02
0.207879,5.818182,5.816674,0.45692807,0.44904674,1.724851e-02
0.212091,5.818182,5.816674,0.45376377,0.44583063,1.748296e-02
0.216303,5.818182,5.816674,0.45063221,0.44266134,1.768819e-02
0.220515,5.818182,5.816674,0.44753294,0.43953916,1.786188e-02
0.224727,5.818182,5.816674,0.44446552,0.43646441,1.800166e-02
0.228939,5.818182,5.816674,0.44142952,0.43343740,1.810508e-02
0.233152,5.818182,5.816674,0.43842450,0.43045848,1.816965e-02
0.237364,5.818182,5.816674,0.43545005,0.42752799,1.819281e-02
0.241576,5.818182,5.816674,0.43250576,0.42464630,1.817191e-02
0.245788,5.818182,5.816674,0.42959121,0.42181377,1.810428e-02
0.250000,5.818182,5.816674,0.42670601,0.41903079,1.798713e-02
-0.167000,5.878788,5.877264,0.96207134,0.92344482,4.014934e-02
-0.162788,5.878788,5.877264,0.95244786,0.91575072,3.852929e-02
-0.158576,5.878788,5.877264,0.94296798,0.90812596,3.694931e-02
-0.154364,5.878788,5.877264,0.93362884,0.90056974,3.540926e-02
-0.150152,5.878788,5.877264,0.92442769,0.89308129,3.390898e-02
-0.145939,5.878788,5.877264,0.91536181,0.88565984,3.244834e-02
-0.141727,5.878788,5.877264,0.90642857,0.87830464,3.102719e-02
-0.137515,5.878788,5.877264,0.89762539,0.87101494,2.964538e-02
-0.133303,5.878788,5.877264,0.88894977,0.86379004,2.830276e-02
-0.129091,5.878788,5.877264,0.88039924,0.85662919,2.699917e-02
-0.124879,5.878788,5.877264,0.87197142,0.84953172,2.573445e-02
-0.120667,5.878788,5.877264,0.86366398,0.84249691,2.450845e-02
-0.116455,5.878788,5.877264,0.85547462,0.83552410,2.332099e-02
-0.112242,5.878788,5.877264,0.84740113,0.82861262,2.217192e-02
-0.108030,5.878788,5.877264,0.83944132,0.82176181,2.106105e-02
-0.103818,5.878788,5.877264,0.83159309,0.81497103,1.998821e-02
-0.099606,5.878788,5.877264,0.82385434,0.80823965,1.895321e-02
-0.095394,5.878788,5.877264,0.81622305,0.80156706,1.795587e-02
-0.091182,5.878788,5.877264,0.80869725,0.79495265,1.699598e-02
-0.086970,5.878788,5.877264,0.80127500,0.78839582,1.607336e-02
-0.082758,5.878788,5.877264,0.79395441,0.78189599,1.518779e-02
-0.078545,5.878788,5.877264,0.78673363,0.77545260,1.433907e-02
-0.074333,5.878788,5.877264,0.77961085,0.76906509,1.352696e-02
-0.070121,5.878788,5.877264,0.77258432,0.76273292,1.275123e-02
-0.065909,5.878788,5.877264,0.76565230,0.75645554,1.201166e-02
-0.061697,5.878788,5.877264,0.75881311,0.75023245,1.130800e-02
-0.057485,5.878788,5.877264,0.75206510,0.74406314,1.063998e-02
-0.053273,5.878788,5.877264,0.74540665,0.73794710,1.000735e-02
-0.049061,5.878788,5.877264,0.73883620,0.73188387,9.409838e-03
-0.044848,5.878788,5.877264,0.73235218,0.72587296,8.847150e-03
-0.040636,5.878788,5.877264,0.72595311,0.71991391,8.318992e-03
-0.036424,5.878788,5.877264,0.71963749,0.71400629,7.825059e-03
-0.032212,5.878788,5.877264,0.71340389,0.70814965,7.365030e-03
-0.028000,5.878788,5.877264,0.70725089,0.70234358,6.938576e-03
-0.023788,5.878788,5.877264,0.70117711,0.69658766,6.545352e-03
-0.019576,5.878788,5.877264,0.69518119,0.69088150,6.184999e-03
-0.015364,5.878788,5.877264,0.68926182,0.68522471,5.857148e-03
-0.011152,5.878788,5.877264,0.68341768,0.67961692,5.561410e-03
-0.006939,5.878788,5.877264,0.67764752,0.67405776,5.297384e-03
-0.002727,5.878788,5.877264,0.67195009,0.66854690,5.064654e-03
0.001485,5.878788,5.877264,0.66632418,0.66308399,4.862785e-03
0.005697,5.878788,5.877264,0.66076859,0.65766870,4.691329e-03
0.009909,5.878788,5.877264,0.65528215,0.65230074,4.549816e-03
0.014121,5.878788,5.877264,0.64986373,0.64697978,4.437763e-03
0.018333,5.878788,5.877264,0.64451220,0.64170556,4.354665e-03
0.022545,5.878788,5.877264,0.63922647,0.63647779,4.299998e-03
0.026758,5.878788,5.877264,0.63400546,0.63129621,4.273218e-03
0.030970,5.878788,5.877264,0.62884812,0.62616058,4.273762e-03
0.035182,5.878788,5.877264,0.62375343,0.62107064,4.301045e-03
0.039394,5.878788,5.877264,0.61872036,0.61602617,4.354458e-03
0.043606,5.878788,5.877264,0.61374794,0.61102697,4.433376e-03
0.047818,5.878788,5.877264,0.60883519,0.60607282,4.537140e-03
0.052030,5.878788,5.877264,0.60398116,0.60116355,4.665078e-03
0.056242,5.878788,5.877264,0.59918492,0.59629896,4.816486e-03
0.060455,5.878788,5.877264,0.59444556,0.59147890,4.990637e-03
0.064667,5.878788,5.877264,0.58976217,0.58670321,5.186781e-03
0.068879,5.878788,5.877264,0.58513389,0.58197175,5.404135e-03
0.073091,5.878788,5.877264,0.58055985,0.57728439,5.641893e-03
0.077303,5.878788,5.877264,0.57603921,0.57264103,5.899222e-03
0.081515,5.878788,5.877264,0.57157114,0.56804154,6.175253e-03
0.085727,5.878788,5.877264,0.56715482,0.56348584,6.469097e-03
0.089939,5.878788,5.877264,0.56278947,0.55897386,6.779821e-03
0.094152,5.878788,5.877264,0.55847430,0.55450551,7.106478e-03
0.098364,5.878788,5.877264,0.55420854,0.55008076,7.448075e-03
0.102576,5.878788,5.877264,0.54999145,0.54569954,7.803588e-03
0.106788,5.878788,5.877264,0.54582229,0.54136185,8.171964e-03
0.111000,5.878788,5.877264,0.54170032,0.53706764,8.552114e-03
0.115212,5.878788,5.877264,0.53762486,0.53281693,8.942912e-03
0.119424,5.878788,5.877264,0.53359519,0.52860971,9.343194e-03
0.123636,5.878788,5.877264,0.52961064,0.52444600,9.751765e-03
0.127848,5.878788,5.877264,0.52567052,0.52032583,1.016738e-02
0.132061,5.878788,5.877264,0.52177420,0.51624925,1.058877e-02
0.136273,5.878788,5.877264,0.51792101,0.51221631,1.101462e-02
0.140485,5.878788,5.877264,0.51411033,0.50822707,1.144357e-02
0.144697,5.878788,5.877264,0.51034153,0.50428162,1.187422e-02
0.148909,5.878788,5.877264,0.50661400,0.50038005,1.230513e-02
0.153121,5.878788,5.877264,0.50292714,0.49652246,1.273481e-02
0.157333,5.878788,5.877264,0.49928036,0.49270896,1.316175e-02
0.161545,5.878788,5.877264,0.49567309,0.48893969,1.358436e-02
0.165758,5.878788,5.877264,0.49210475,0.48521478,1.400102e-02
0.169970,5.878788,5.877264,0.48857479,0.48153440,1.441006e-02
0.174182,5.878788,5.877264,0.48508265,0.47789869,1.480977e-02
0.178394,5.878788,5.877264,0.48162781,0.47430784,1.519839e-02
0.182606,5.878788,5.877264,0.47820972,0.47076204,1.557410e-02
0.186818,5.878788,5.877264,0.47482788,0.46726149,1.593502e-02
0.191030,5.878788,5.877264,0.47148177,0.46380640,1.627925e-02
0.195242,5.878788,5.877264,0.46817089,0.46039700,1.660480e-02
0.199455,5.878788,5.877264,0.46489474,0.45703353,1.690966e-02
0.203667,5.878788,5.877264,0.46165285,0.45371623,1.719174e-02
0.207879,5.878788,5.877264,0.45844473,0.45044538,1.744890e-02
0.212091,5.878788,5.877264,0.45526993,0.44722124,1.767894e-02
0.216303,5.878788,5.877264,0.45212797,0.44404410,1.787962e-02
0.220515,5.878788,5.877264,0.44901842,0.44091426,1.804861e-02
0.224727,5.878788,5.877264,0.44594081,0.43783203,1.818355e-02
0.228939,5.878788,5.877264,0.44289473,0.43479774,1.828199e-02
0.233152,5.878788,5.877264,0.43987974,0.43181171,1.834143e-02
0.237364,5.878788,5.877264,0.43689542,0.42887431,1.835932e-02
0.241576,5.878788,5.877264,0.43394135,0.42598589,1.833302e-02
0.245788,5.878788,5.877264,0.43101712,0.42314682,1.825984e-02
0.250000,5.878788,5.877264,0.42812235,0.42035749,1.813701e-02
-0.167000,5.939394,5.937854,0.96527497,0.92631911,4.035727e-02
-0.162788,5.939394,5.937854,0.95561946,0.91860014,3.873855e-02
-0.158576,5.939394,5.937854,0.94610802,0.91095070,3.715994e-02
-0.154364,5.939394,5.937854,0.93673779,0.90336999,3.562129e-02
-0.150152,5.939394,5.937854,0.92750601,0.89585723,3.412245e-02
-0.145939,5.939394,5.937854,0.91840995,0.88841166,3.266328e-02
-0.141727,5.939394,5.937854,0.90944697,0.88103253,3.124364e-02
-0.137515,5.939394,5.937854,0.90061448,0.87371910,2.986337e-02
-0.133303,5.939394,5.937854,0.89190998,0.86647064,2.852231e-02
-0.129091,5.939394,5.937854,0.88333098,0.85928644,2.722031e-02
-0.124879,5.939394,5.937854,0.87487511,0.85216578,2.595722e-02
-0.120667,5.939394,5.937854,0.86654000,0.84510799,2.473286e-02
-0.116455,5.939394,5.937854,0.85832338,0.83811238,2.354707e-02
-0.112242,5.939394,5.937854,0.85022301,0.83117829,2.239968e-02
-0.108030,5.939394,5.937854,0.84223670,0.82430505,2.129051e-02
-0.103818,5.939394,5.937854,0.83436233,0.81749204,2.021938e-02
-0.099606,5.939394,5.937854,0.82659782,0.81073862,1.918612e-02
-0.095394,5.939394,5.937854,0.81894113,0.80404417,1.819051e-02
-0.091182,5.939394,5.937854,0.81139027,0.79740808,1.723238e-02
-0.086970,5.939394,5.937854,0.80394330,0.79082977,1.631151e-02
-0.082758,5.939394,5.937854,0.79659834,0.78430865,1.542770e-02
-0.078545,5.939394,5.937854,0.78935351,0.77784416,1.458074e-02
-0.074333,5.939394,5.937854,0.78220702,0.77143573,1.377038e-02
-0.070121,5.939394,5.937854,0.77515709,0.76508283,1.299642e-02
-0.065909,5.939394,5.937854,0.76820199,0.75878492,1.225860e-02
-0.061697,5.939394,5.937854,0.76134003,0.75254147,1.155667e-02
-0.057485,5.939394,5.937854,0.75456955,0.74635200,1.089039e-02
-0.053273,5.939394,5.937854,0.74788893,0.74021599,1.025948e-02
-0.049061,5.939394,5.937854,0.74129660,0.73413296,9.663659e-03
-0.044848,5.939394,5.937854,0.73479100,0.72810245,9.102652e-03
-0.040636,5.939394,5.937854,0.72837061,0.72212399,8.576154e-03
-0.036424,5.939394,5.937854,0.72203397,0.71619715,8.083856e-03
-0.032212,5.939394,5.937854,0.71577961,0.71032148,7.625436e-03
-0.028000,5.939394,5.937854,0.70960612,0.70449656,7.200561e-03
-0.023788,5.939394,5.937854,0.70351211,0.69872198,6.808882e-03
-0.019576,5.939394,5.937854,0.69749623,0.69299735,6.450041e-03
-0.015364,5.939394,5.937854,0.69155714,0.68732228,6.123662e-03
-0.011152,5.939394,5.937854,0.68569355,0.68169640,5.829354e-03
-0.006939,5.939394,5.937854,0.67990417,0.67611934,5.566719e-03
-0.002727,5.939394,5.937854,0.67418777,0.67059076,5.335330e-03
0.001485,5.939394,5.937854,0.66854312,0.66511032,5.134755e-03
0.005697,5.939394,5.937854,0.66296903,0.65967769,4.964540e-03
0.009909,5.939394,5.937854,0.65746432,0.65429257,4.824215e-03
0.014121,5.939394,5.937854,0.65202786,0.64895466,4.713290e-03
0.018333,5.939394,5.937854,0.64665851,0.64366366,4.631262e-03
0.022545,5.939394,5.937854,0.64135517,0.63841931,4.577600e-03
0.026758,5.939394,5.937854,0.63611678,0.63322133,4.551761e-03
0.030970,5.939394,5.937854,0.63094227,0.62806948,4.553176e-03
0.035182,5.939394,5.937854,0.62583061,0.62296352,4.581259e-03
0.039394,5.939394,5.937854,0.62078079,0.61790322,4.635397e-03
0.043606,5.939394,5.937854,0.61579180,0.61288837,4.714962e-03
0.047818,5.939394,5.937854,0.61086269,0.60791877,4.819295e-03
0.052030,5.939394,5.937854,0.60599250,0.60299422,4.947721e-03
0.056242,5.939394,5.937854,0.60118029,0.59811455,5.099530e-03
0.060455,5.939394,5.937854,0.59642514,0.59327960,5.273995e-03
0.064667,5.939394,5.937854,0.59172616,0.58848920,5.470361e-03
0.068879,5.939394,5.937854,0.58708246,0.58374323,5.687847e-03
0.073091,5.939394,5.937854,0.58249319,0.57904155,5.925641e-03
0.077303,5.939394,5.937854,0.57795749,0.57438404,6.182905e-03
0.081515,5.939394,5.937854,0.57347454,0.56977060,6.458772e-03
0.085727,5.939394,5.937854,0.56904352,0.56520114,6.752348e-03
0.089939,5.939394,5.937854,0.56466363,0.56067558,7.062701e-03
0.094152,5.939394,5.937854,0.56033409,0.55619385,7.388876e-03
0.098364,5.939394,5.937854,0.55605412,0.55175589,7.729882e-03
0.102576,5.939394,5.937854,0.55182299,0.54736167,8.084693e-03
0.106788,5.939394,5.937854,0.54763994,0.54301115,8.452255e-03
0.111000,5.939394,5.937854,0.54350425,0.53870431,8.831469e-03
0.115212,5.939394,5.937854,0.53941521,0.53444115,9.221212e-03
0.119424,5.939394,5.937854,0.53537212,0.53022167,9.620321e-03
0.123636,5.939394,5.937854,0.53137430,0.52604589,1.002759e-02
0.127848,5.939394,5.937854,0.52742107,0.52191385,1.044179e-02
0.132061,5.939394,5.937854,0.52351176,0.51782557,1.086163e-02
0.136273,5.939394,5.937854,0.51964574,0.51378113,1.128580e-02
0.140485,5.939394,5.937854,0.51582237,0.50978057,1.171294e-02
0.144697,5.939394,5.937854,0.51204102,0.50582400,1.214165e-02
0.148909,5.939394,5.937854,0.50830108,0.50191148,1.257049e-02
0.153121,5.939394,5.937854,0.50460194,0.49804314,1.299797e-02
0.157333,5.939394,5.937854,0.50094302,0.49421908,1.342256e-02
0.161545,5.939394,5.937854,0.49732373,0.49043944,1.384268e-02
0.165758,5.939394,5.937854,0.49374351,0.48670434,1.425672e-02
0.169970,5.939394,5.937854,0.49020179,0.48301396,1.466301e-02
0.174182,5.939394,5.937854,0.48669802,0.47936844,1.505982e-02
0.178394,5.939394,5.937854,0.48323167,0.47576797,1.544540e-02
0.182606,5.939394,5.937854,0.47980220,0.47221273,1.581791e-02
0.186818,5.939394,5.937854,0.47640910,0.46870294,1.617551e-02
0.191030,5.939394,5.937854,0.47305184,0.46523879,1.651627e-02
0.195242,5.939394,5.937854,0.46972993,0.46182052,1.683821e-02
0.199455,5.939394,5.937854,0.46644288,0.45844837,1.713930e-02
0.203667,5.939394,5.937854,0.46319019,0.45512258,1.741748e-02
0.207879,5.939394,5.937854,0.45997139,0.45184342,1.767059e-02
0.212091,5.939394,5.937854,0.45678601,0.44861117,1.789644e-02
0.216303,5.939394,5.937854,0.45363359,0.44542610,1.809278e-02
0.220515,5.939394,5.937854,0.45051368,0.44228852,1.825729e-02
0.224727,5.939394,5.937854,0.44742583,0.43919874,1.838760e-02
0.228939,5.939394,5.937854,0.44436960,0.43615709,1.848127e-02
0.233152,5.939394,5.937854,0.44134457,0.43316389,1.853581e-02
0.237364,5.939394,5.937854,0.43835031,0.43021950,1.854864e-02
0.241576,5.939394,5.937854,0.43538640,0.42732428,1.851715e-02
0.245788,5.939394,5.937854,0.43245244,0.42447860,1.843864e-02
0.250000,5.939394,5.937854,0.42954802,0.42168285,1.831035e-02
-0.167000,6.000000,5.998445,0.96849924,0.92920749,4.056973e-02
-0.162788,6.000000,5.998445,0.95881148,0.92146340,3.895248e-02
-0.158576,6.000000,5.998445,0.94926828,0.91378902,3.737538e-02
-0.154364,6.000000,5.998445,0.93986677,0.90618356,3.583828e-02
-0.150152,6.000000,5.998445,0.93060416,0.89864625,3.434103e-02
-0.145939,6.000000,5.998445,0.92147773,0.89117632,3.288349e-02
-0.141727,6.000000,5.998445,0.91248481,0.88377301,3.146551e-02
-0.137515,6.000000,5.998445,0.90362284,0.87643560,3.008693e-02
-0.133303,6.000000,5.998445,0.89488926,0.86916334,2.874760e-02
-0.129091,6.000000,5.998445,0.88628162,0.86195554,2.744735e-02
-0.124879,6.000000,5.998445,0.87779751,0.85481147,2.618603e-02
-0.120667,6.000000,5.998445,0.86943457,0.84773045,2.496348e-02
-0.116455,6.000000,5.998445,0.86119050,0.84071181,2.377952e-02
-0.112242,6.000000,5.998445,0.85306308,0.83375487,2.263397e-02
-0.108030,6.000000,5.998445,0.84505010,0.82685899,2.152667e-02
-0.103818,6.000000,5.998445,0.83714944,0.82002351,2.045743e-02
-0.099606,6.000000,5.998445,0.82935899,0.81324782,1.942605e-02
-0.095394,6.000000,5.998445,0.82167673,0.80653129,1.843236e-02
-0.091182,6.000000,5.998445,0.81410065,0.79987331,1.747615e-02
-0.086970,6.000000,5.998445,0.80662882,0.79327330,1.655721e-02
-0.082758,6.000000,5.998445,0.79925932,0.78673067,1.567533e-02
-0.078545,6.000000,5.998445,0.79199030,0.78024485,1.483029e-02
-0.074333,6.000000,5.998445,0.78481994,0.77381529,1.402187e-02
-0.070121,6.000000,5.998445,0.77774646,0.76744145,1.324984e-02
-0.065909,6.000000,5.998445,0.77076813,0.76112278,1.251395e-02
-0.061697,6.000000,5.998445,0.76388325,0.75485878,1.181394e-02
-0.057485,6.000000,5.998445,0.75709016,0.74864893,1.114957e-02
-0.053273,6.000000,5.998445,0.75038723,0.74249274,1.052055e-02
-0.049061,6.000000,5.998445,0.74377288,0.73638973,9.926618e-03
-0.044848,6.000000,5.998445,0.73724555,0.73033942,9.367474e-03
-0.040636,6.000000,5.998445,0.73080372,0.72434135,8.842820e-03
-0.036424,6.000000,5.998445,0.72444591,0.71839509,8.352343e-03
-0.032212,6.000000,5.998445,0.71817066,0.71250019,7.895718e-03
-0.028000,6.000000,5.998445,0.71197655,0.70665623,7.472609e-03
-0.023788,6.000000,5.998445,0.70586219,0.70086280,7.082665e-03
-0.019576,6.000000,5.998445,0.69982621,0.69511951,6.725524e-03
-0.015364,6.000000,5.998445,0.69386728,0.68942597,6.400808e-03
-0.011152,6.000000,5.998445,0.68798410,0.68378181,6.108127e-03
-0.006939,6.000000,5.998445,0.68217539,0.67818666,5.847072e-03
-0.002727,6.000000,5.998445,0.67643990,0.67264018,5.617220e-03
0.001485,6.000000,5.998445,0.67077639,0.66714204,5.418134e-03
0.005697,6.000000,5.998445,0.66518368,0.66169189,5.249358e-03
0.009909,6.000000,5.998445,0.65966059,0.65628945,5.110416e-03
0.014121,6.000000,5.998445,0.65420596,0.65093439,5.000819e-03
0.018333,6.000000,5.998445,0.64881868,0.64562645,4.920058e-03
0.022545,6.000000,5.998445,0.64349763,0.64036534,4.867601e-03
0.026758,6.000000,5.998445,0.63824174,0.63515079,4.842904e-03
0.030970,6.000000,5.998445,0.63304994,0.62998257,4.845391e-03
0.035182,6.000000,5.998445,0.62792121,0.62486042,4.874476e-03
0.039394,6.000000,5.998445,0.62285451,0.61978412,4.929545e-03
0.043606,6.000000,5.998445,0.61784887,0.61475347,5.009963e-03
0.047818,6.000000,5.998445,0.61290329,0.60976825,5.115071e-03
0.052030,6.000000,5.998445,0.60801683,0.60482827,5.244187e-03
0.056242,6.000000,5.998445,0.60318854,0.59993337,5.396605e-03
0.060455,6.000000,5.998445,0.59841751,0.59508337,5.571590e-03
0.064667,6.000000,5.998445,0.59370283,0.59027812,5.768390e-03
0.068879,6.000000,5.998445,0.58904362,0.58551748,5.986212e-03
0.073091,6.000000,5.998445,0.58443902,0.58080132,6.224252e-03
0.077303,6.000000,5.998445,0.57988817,0.57612953,6.481663e-03
0.081515,6.000000,5.998445,0.57539024,0.57150200,6.757577e-03
0.085727,6.000000,5.998445,0.57094442,0.56691863,7.051099e-03
0.089939,6.000000,5.998445,0.56654990,0.56237936,7.361293e-03
0.094152,6.000000,5.998445,0.56220589,0.55788410,7.687203e-03
0.098364,6.000000,5.998445,0.55791163,0.55343281,8.027829e-03
0.102576,6.000000,5.998445,0.55366636,0.54902545,8.382152e-03
0.106788,6.000000,5.998445,0.54946934,0.54466197,8.749108e-03
0.111000,6.000000,5.998445,0.54531984,0.54034237,9.127605e-03
0.115212,6.000000,5.998445,0.54121714,0.53606664,9.516511e-03
0.119424,6.000000,5.998445,0.53716054,0.53183478,9.914662e-03
0.123636,6.000000,5.998445,0.53314936,0.52764681,1.032085e-02
0.127848,6.000000,5.998445,0.52918292,0.52350276,1.073384e-02
0.132061,6.000000,5.998445,0.52526056,0.51940267,1.115235e-02
0.136273,6.000000,5.998445,0.52138163,0.51534660,1.157507e-02
0.140485,6.000000,5.998445,0.51754548,0.51133462,1.200062e-02
0.144697,6.000000,5.998445,0.51375150,0.50736680,1.242761e-02
0.148909,6.000000,5.998445,0.50999906,0.50344323,1.285459e-02
0.153121,6.000000,5.998445,0.50628757,0.49956403,1.328008e-02
0.157333,6.000000,5.998445,0.50261642,0.49572930,1.370255e-02
0.161545,6.000000,5.998445,0.49898504,0.49193917,1.412041e-02
0.165758,6.000000,5.998445,0.49539286,0.48819379,1.453205e-02
0.169970,6.000000,5.998445,0.49183931,0.48449330,1.493579e-02
0.174182,6.000000,5.998445,0.48832384,0.48083787,1.532993e-02
0.178394,6.000000,5.998445,0.48484591,0.47722768,1.571268e-02
0.182606,6.000000,5.998445,0.48140498,0.47366291,1.608224e-02
0.186818,6.000000,5.998445,0.47800054,0.47014378,1.643673e-02
0.191030,6.000000,5.998445,0.47463207,0.46667048,1.677423e-02
0.195242,6.000000,5.998445,0.47129906,0.46324325,1.709278e-02
0.199455,6.000000,5.998445,0.46800103,0.45986233,1.739034e-02
0.203667,6.000000,5.998445,0.46473747,0.45652796,1.766483e-02
0.207879,6.000000,5.998445,0.46150792,0.45324042,1.791411e-02
0.212091,6.000000,5.998445,0.45831190,0.44999996,1.813599e-02
0.216303,6.000000,5.998445,0.45514895,0.44680688,1.832821e-02
0.220515,6.000000,5.998445,0.45201861,0.44366148,1.848846e-02
0.224727,6.000000,5.998445,0.44892045,0.44056408,1.861437e-02
0.228939,6.000000,5.998445,0.44585401,0.43751498,1.870349e-02
0.233152,6.000000,5.998445,0.44281887,0.43451454,1.875334e-02
0.237364,6.000000,5.998445,0.43981461,0.43156309,1.876134e-02
0.241576,6.000000,5.998445,0.43684080,0.42866101,1.872488e-02
0.245788,6.000000,5.998445,0.43389703,0.42580865,1.864126e-02
0.250000,6.000000,5.998445,0.43098291,0.42300641,1.850772e-02
