order,eta,Re,rho,omega,T,avg_TKE,max_abs_lift
3.0000000000e+00,1.9006444061e-05,4.8984352170e+01,1.0000000000e-04,1.6858045629e+01,3.7271137150e-01,3.3176158758e-11,3.8842207916e-04
3.0000000000e+00,1.9006428329e-05,4.8984352210e+01,2.0000000000e-04,1.6858045632e+01,3.7271137140e-01,1.3270463392e-10,3.8896218775e-04
3.0000000000e+00,1.9006392954e-05,4.8984352290e+01,3.5000000000e-04,1.6858045640e+01,3.7271137130e-01,4.0640793207e-10,3.8977235103e-04
3.0000000000e+00,1.9006302003e-05,4.8984352510e+01,5.7500000000e-04,1.6858045660e+01,3.7271137080e-01,1.0968866512e-09,3.9098759704e-04
3.0000000000e+00,1.9006080326e-05,4.8984353040e+01,9.1250000000e-04,1.6858045709e+01,3.7271136970e-01,2.7624329624e-09,3.9281046848e-04
3.0000000000e+00,1.9005555997e-05,4.8984354300e+01,1.4187500000e-03,1.6858045823e+01,3.7271136720e-01,6.6778645817e-09,3.9554478115e-04
3.0000000000e+00,1.9003958572e-05,4.8984358130e+01,2.1781250000e-03,1.6858046110e+01,3.7271136090e-01,1.5739507062e-08,3.9964626881e-04
3.0000000000e+00,1.9000679233e-05,4.8984366000e+01,3.3171875000e-03,1.6858046746e+01,3.7271134680e-01,3.6506047079e-08,4.0579852653e-04
3.0000000000e+00,1.8993211208e-05,4.8984383920e+01,5.0257812500e-03,1.6858048195e+01,3.7271131480e-01,8.3797334873e-08,4.1502698130e-04
3.0000000000e+00,1.8976273889e-05,4.8984424560e+01,7.5886718749e-03,1.6858051480e+01,3.7271124210e-01,1.9105159921e-07,4.2886981631e-04
3.0000000000e+00,1.8937963546e-05,4.8984516490e+01,1.1433007812e-02,1.6858058911e+01,3.7271107790e-01,4.3364193358e-07,4.4963441071e-04
3.0000000000e+00,1.8851463321e-05,4.8984724040e+01,1.7199511718e-02,1.6858075688e+01,3.7271070690e-01,9.8134680278e-07,4.8078206467e-04
3.0000000000e+00,1.8656385418e-05,4.8985192140e+01,2.5849267575e-02,1.6858113526e+01,3.7270987040e-01,2.2163669564e-06,5.2750523772e-04
3.0000000000e+00,1.8333152892e-05,4.8985967760e+01,3.5849267570e-02,1.6858176221e+01,3.7270848430e-01,4.2621726686e-06,5.8152447554e-04
3.0000000000e+00,1.7905146888e-05,4.8986994840e+01,4.5849267561e-02,1.6858259238e+01,3.7270664890e-01,6.9700571061e-06,6.3554631897e-04
3.0000000000e+00,1.7372371177e-05,4.8988273390e+01,5.5849267547e-02,1.6858362578e+01,3.7270436430e-01,1.0339114556e-05,6.8957070662e-04
3.0000000000e+00,1.6734830469e-05,4.8989803440e+01,6.5849267527e-02,1.6858486241e+01,3.7270163030e-01,1.4368218420e-05,7.4359757704e-04
3.0000000000e+00,1.5992530402e-05,4.8991585020e+01,7.5849267499e-02,1.6858630225e+01,3.7269844720e-01,1.9056021752e-05,7.9762686864e-04
3.0000000000e+00,1.5145477540e-05,4.8993618180e+01,8.5849267464e-02,1.6858794531e+01,3.7269481490e-01,2.4400957921e-05,8.5165851974e-04
3.0000000000e+00,1.4193679373e-05,4.8995902960e+01,9.5849267418e-02,1.6858979159e+01,3.7269073340e-01,3.0401241359e-05,9.0569246855e-04
3.0000000000e+00,1.3137144315e-05,4.8998439410e+01,1.0584926736e-01,1.6859184107e+01,3.7268620280e-01,3.7054868437e-05,9.5972865314e-04
3.0000000000e+00,1.1975881705e-05,4.9001227580e+01,1.1584926730e-01,1.6859409376e+01,3.7268122310e-01,4.4359618431e-05,1.0137670114e-03
3.0000000000e+00,1.0709901808e-05,4.9004267540e+01,1.2584926722e-01,1.6859654964e+01,3.7267579440e-01,5.2313054608e-05,1.0678074813e-03
3.0000000000e+00,9.3392158119e-06,4.9007559350e+01,1.3584926712e-01,1.6859920871e+01,3.7266991670e-01,6.0912525412e-05,1.1218500003e-03
3.0000000000e+00,7.8638358276e-06,4.9011103090e+01,1.4584926701e-01,1.6860207097e+01,3.7266359010e-01,7.0155165759e-05,1.1758945060e-03
3.0000000000e+00,6.2837748902e-06,4.9014898830e+01,1.5584926689e-01,1.6860513641e+01,3.7265681470e-01,8.0037898439e-05,1.2299409357e-03
3.0000000000e+00,4.5990469567e-06,4.9018946660e+01,1.6584926675e-01,1.6860840502e+01,3.7264959040e-01,9.0557435629e-05,1.2839892266e-03
3.0000000000e+00,2.8096669058e-06,4.9023246660e+01,1.7584926659e-01,1.6861187680e+01,3.7264191740e-01,1.0171028051e-04,1.3380393157e-03
3.0000000000e+00,9.1565053790e-07,4.9027798930e+01,1.8584926641e-01,1.6861555173e+01,3.7263379580e-01,1.1349272897e-04,1.3920911399e-03
3.0000000000e+00,-1.0829854278e-06,4.9032603570e+01,1.9584926621e-01,1.6861942981e+01,3.7262522560e-01,1.2590087148e-04,1.4461446357e-03
3.0000000000e+00,-3.1862233487e-06,4.9037660690e+01,2.0584926599e-01,1.6862351102e+01,3.7261620690e-01,1.3893059500e-04,1.5001997395e-03
3.0000000000e+00,-5.3940446679e-06,4.9042970390e+01,2.1584926574e-01,1.6862779536e+01,3.7260673980e-01,1.5257758502e-04,1.5542563877e-03
3.0000000000e+00,-7.7064299075e-06,4.9048532800e+01,2.2584926548e-01,1.6863228282e+01,3.7259682440e-01,1.6683732774e-04,1.6083145163e-03
3.0000000000e+00,-1.0123358672e-05,4.9054348040e+01,2.3584926518e-01,1.6863697339e+01,3.7258646080e-01,1.8170511231e-04,1.6623740609e-03
3.0000000000e+00,-1.2644809653e-05,4.9060416230e+01,2.4584926487e-01,1.6864186706e+01,3.7257564900e-01,1.9717603319e-04,1.7164349573e-03
3.0000000000e+00,-1.5270760621e-05,4.9066737510e+01,2.5584926452e-01,1.6864696380e+01,3.7256438930e-01,2.1324499267e-04,1.7704971408e-03
3.0000000000e+00,-1.8001188438e-05,4.9073312020e+01,2.6584926415e-01,1.6865226362e+01,3.7255268160e-01,2.2990670341e-04,1.8245605465e-03
3.0000000000e+00,-2.0836069048e-05,4.9080139900e+01,2.7584926375e-01,1.6865776650e+01,3.7254052620e-01,2.4715569113e-04,1.8786251092e-03
3.0000000000e+00,-2.3775377485e-05,4.9087221310e+01,2.8584926332e-01,1.6866347243e+01,3.7252792300e-01,2.6498629744e-04,1.9326907636e-03
3.0000000000e+00,-2.6819087870e-05,4.9094556390e+01,2.9584926285e-01,1.6866938139e+01,3.7251487230e-01,2.8339268272e-04,1.9867574441e-03
3.0000000000e+00,-2.9967173417e-05,4.9102145320e+01,3.0584926236e-01,1.6867549336e+01,3.7250137420e-01,3.0236882915e-04,2.0408250847e-03
3.0000000000e+00,-3.3219606428e-05,4.9109988250e+01,3.1584926183e-01,1.6868180834e+01,3.7248742880e-01,3.2190854379e-04,2.0948936192e-03
3.0000000000e+00,-3.6576358298e-05,4.9118085370e+01,3.2584926126e-01,1.6868832631e+01,3.7247303620e-01,3.4200546188e-04,2.1489629812e-03
3.0000000000e+00,-4.0037399515e-05,4.9126436850e+01,3.3584926067e-01,1.6869504726e+01,3.7245819660e-01,3.6265305011e-04,2.2030331039e-03
3.0000000000e+00,-4.3602699664e-05,4.9135042880e+01,3.4584926003e-01,1.6870197116e+01,3.7244291010e-01,3.8384461008e-04,2.2571039203e-03
3.0000000000e+00,-4.7272227424e-05,4.9143903640e+01,3.5584925936e-01,1.6870909801e+01,3.7242717680e-01,4.0557328188e-04,2.3111753631e-03
3.0000000000e+00,-5.1045950572e-05,4.9153019340e+01,3.6584925865e-01,1.6871642778e+01,3.7241099700e-01,4.2783204771e-04,2.3652473646e-03
3.0000000000e+00,-5.4923835983e-05,4.9162390170e+01,3.7584925789e-01,1.6872396045e+01,3.7239437070e-01,4.5061373568e-04,2.4193198568e-03
3.0000000000e+00,-5.8905849635e-05,4.9172016350e+01,3.8584925710e-01,1.6873169602e+01,3.7237729810e-01,4.7391102365e-04,2.4733927716e-03
3.0000000000e+00,-6.2991956605e-05,4.9181898080e+01,3.9584925627e-01,1.6873963446e+01,3.7235977950e-01,4.9771644325e-04,2.5274660402e-03
3.0000000000e+00,-6.7182121074e-05,4.9192035580e+01,4.0584925539e-01,1.6874777575e+01,3.7234181480e-01,5.2202238392e-04,2.5815395937e-03
3.0000000000e+00,-7.1476306330e-05,4.9202429090e+01,4.1584925447e-01,1.6875611987e+01,3.7232340450e-01,5.4682109717e-04,2.6356133628e-03
3.0000000000e+00,-7.5874474765e-05,4.9213078830e+01,4.2584925350e-01,1.6876466681e+01,3.7230454850e-01,5.7210470083e-04,2.6896872780e-03
3.0000000000e+00,-8.0376587880e-05,4.9223985040e+01,4.3584925249e-01,1.6877341654e+01,3.7228524710e-01,5.9786518349e-04,2.7437612692e-03
3.0000000000e+00,-8.4982606285e-05,4.9235147950e+01,4.4584925143e-01,1.6878236904e+01,3.7226550040e-01,6.2409440902e-04,2.7978352660e-03
3.0000000000e+00,-8.9692489704e-05,4.9246567830e+01,4.5584925032e-01,1.6879152430e+01,3.7224530870e-01,6.5078412120e-04,2.8519091979e-03
3.0000000000e+00,-9.4506196971e-05,4.9258244920e+01,4.6584924916e-01,1.6880088228e+01,3.7222467220e-01,6.7792594846e-04,2.9059829936e-03
3.0000000000e+00,-9.9423686038e-05,4.9270179480e+01,4.7584924795e-01,1.6881044298e+01,3.7220359100e-01,7.0551140869e-04,2.9600565817e-03
3.0000000000e+00,-1.0444491397e-04,4.9282371780e+01,4.8584924669e-01,1.6882020636e+01,3.7218206530e-01,7.3353191426e-04,3.0141298904e-03
3.0000000000e+00,-1.0956983696e-04,4.9294822090e+01,4.9584924538e-01,1.6883017240e+01,3.7216009540e-01,7.6197877703e-04,3.0682028474e-03
3.0000000000e+00,-1.1479841031e-04,4.9307530690e+01,5.0584924401e-01,1.6884034108e+01,3.7213768150e-01,7.9084321354e-04,3.1222753800e-03
3.0000000000e+00,-1.2013058844e-04,4.9320497870e+01,5.1584924259e-01,1.6885071238e+01,3.7211482370e-01,8.2011635027e-04,3.1763474153e-03
3.0000000000e+00,-1.2556632492e-04,4.9333723910e+01,5.2584924111e-01,1.6886128627e+01,3.7209152230e-01,8.4978922906e-04,3.2304188796e-03
3.0000000000e+00,-1.3110557242e-04,4.9347209100e+01,5.3584923958e-01,1.6887206272e+01,3.7206777760e-01,8.7985281258e-04,3.2844896992e-03
3.0000000000e+00,-1.3674828276e-04,4.9360953760e+01,5.4584923798e-01,1.6888304172e+01,3.7204358960e-01,9.1029798993e-04,3.3385597998e-03
3.0000000000e+00,-1.4249440687e-04,4.9374958180e+01,5.5584923633e-01,1.6889422323e+01,3.7201895880e-01,9.4111558238e-04,3.3926413265e-03
3.0000000000e+00,-1.4834389483e-04,4.9389222690e+01,5.6584923462e-01,1.6890560723e+01,3.7199388520e-01,9.7229634916e-04,3.4467255209e-03
3.0000000000e+00,-1.5429669583e-04,4.9403747600e+01,5.7584923285e-01,1.6891719370e+01,3.7196836920e-01,1.0038309934e-03,3.5008095965e-03
3.0000000000e+00,-1.6035275824e-04,4.9418533240e+01,5.8584923102e-01,1.6892898260e+01,3.7194241100e-01,1.0357101682e-03,3.5548934911e-03
3.0000000000e+00,-1.6651202952e-04,4.9433579940e+01,5.9584922912e-01,1.6894097391e+01,3.7191601080e-01,1.0679244827e-03,3.6089771424e-03
3.0000000000e+00,-1.7277445631e-04,4.9448888040e+01,6.0584922716e-01,1.6895316760e+01,3.7188916880e-01,1.1004645084e-03,3.6630604873e-03
3.0000000000e+00,-1.7913998438e-04,4.9464457880e+01,6.1584922513e-01,1.6896556364e+01,3.7186188540e-01,1.1333207854e-03,3.7171434625e-03
3.0000000000e+00,-1.8560855863e-04,4.9480289820e+01,6.2584922304e-01,1.6897816201e+01,3.7183416090e-01,1.1664838293e-03,3.7712260039e-03
3.0000000000e+00,-1.9218012314e-04,4.9496384210e+01,6.3584922088e-01,1.6899096267e+01,3.7180599530e-01,1.1999441371e-03,3.8253080471e-03
3.0000000000e+00,-1.9885462111e-04,4.9512741410e+01,6.4584921866e-01,1.6900396559e+01,3.7177738910e-01,1.2336921945e-03,3.8793895272e-03
3.0000000000e+00,-2.0563199493e-04,4.9529361800e+01,6.5584921636e-01,1.6901717075e+01,3.7174834250e-01,1.2677184822e-03,3.9334703785e-03
3.0000000000e+00,-2.1251218610e-04,4.9546245740e+01,6.6584921399e-01,1.6903057811e+01,3.7171885570e-01,1.3020134832e-03,3.9875505351e-03
3.0000000000e+00,-2.1949513531e-04,4.9563393630e+01,6.7584921155e-01,1.6904418764e+01,3.7168892910e-01,1.3365676899e-03,4.0416299304e-03
3.0000000000e+00,-2.2658078240e-04,4.9580805850e+01,6.8584920904e-01,1.6905799931e+01,3.7165856290e-01,1.3713716105e-03,4.0957084972e-03
3.0000000000e+00,-2.3376906638e-04,4.9598482800e+01,6.9584920646e-01,1.6907201310e+01,3.7162775740e-01,1.4064157772e-03,4.1497861680e-03
3.0000000000e+00,-2.4105992543e-04,4.9616424870e+01,7.0584920380e-01,1.6908622896e+01,3.7159651300e-01,1.4416907528e-03,4.2038628744e-03
3.0000000000e+00,-2.4845329687e-04,4.9634632470e+01,7.1584920107e-01,1.6910064686e+01,3.7156482980e-01,1.4771871386e-03,4.2579385476e-03
3.0000000000e+00,-2.5594911722e-04,4.9653106020e+01,7.2584919826e-01,1.6911526678e+01,3.7153270830e-01,1.5128955818e-03,4.3120131184e-03
3.0000000000e+00,-2.6354732217e-04,4.9671845940e+01,7.3584919537e-01,1.6913008867e+01,3.7150014860e-01,1.5488067830e-03,4.3660865168e-03
3.0000000000e+00,-2.7124784657e-04,4.9690852660e+01,7.4584919241e-01,1.6914511250e+01,3.7146715110e-01,1.5849115044e-03,4.4201586722e-03
3.0000000000e+00,-2.7905062448e-04,4.9710126600e+01,7.5584918937e-01,1.6916033824e+01,3.7143371620e-01,1.6212005772e-03,4.4742295135e-03
3.0000000000e+00,-2.8695558910e-04,4.9729668210e+01,7.6584918624e-01,1.6917576586e+01,3.7139984410e-01,1.6576649101e-03,4.5282989691e-03
3.0000000000e+00,-2.9496267284e-04,4.9749477940e+01,7.7584918304e-01,1.6919139531e+01,3.7136553520e-01,1.6942954971e-03,4.5823669666e-03
3.0000000000e+00,-3.0307180731e-04,4.9769556230e+01,7.8584917975e-01,1.6920722657e+01,3.7133078970e-01,1.7310834257e-03,4.6364334332e-03
3.0000000000e+00,-3.1128292329e-04,4.9789903550e+01,7.9584917638e-01,1.6922325959e+01,3.7129560810e-01,1.7680198853e-03,4.6904982952e-03
3.0000000000e+00,-3.1959595074e-04,4.9810520370e+01,8.0584917292e-01,1.6923949434e+01,3.7125999060e-01,1.8050961758e-03,4.7445614786e-03
3.0000000000e+00,-3.2801081886e-04,4.9831407150e+01,8.1584916938e-01,1.6925593079e+01,3.7122393750e-01,1.8423037161e-03,4.7986229086e-03
3.0000000000e+00,-3.3652745601e-04,4.9852564380e+01,8.2584916576e-01,1.6927256889e+01,3.7118744920e-01,1.8796340524e-03,4.8526825098e-03
3.0000000000e+00,-3.4514578976e-04,4.9873992540e+01,8.3584916204e-01,1.6928940860e+01,3.7115052610e-01,1.9170788674e-03,4.9067402061e-03
3.0000000000e+00,-3.5386574691e-04,4.9895692130e+01,8.4584915824e-01,1.6930644989e+01,3.7111316850e-01,1.9546299890e-03,4.9607959209e-03
3.0000000000e+00,-3.6268725343e-04,4.9917663650e+01,8.5584915435e-01,1.6932369273e+01,3.7107537680e-01,1.9922793995e-03,5.0148495768e-03
3.0000000000e+00,-3.7161023454e-04,4.9939907600e+01,8.6584915037e-01,1.6934113706e+01,3.7103715120e-01,2.0300192442e-03,5.0689010958e-03
3.0000000000e+00,-3.8063461463e-04,4.9962424500e+01,8.7584914630e-01,1.6935878286e+01,3.7099849210e-01,2.0678418413e-03,5.1229503993e-03
3.0000000000e+00,-3.8976031735e-04,4.9985214880e+01,8.8584914213e-01,1.6937663007e+01,3.7095940000e-01,2.1057396906e-03,5.1769974080e-03
3.0000000000e+00,-3.9898726555e-04,5.0008279240e+01,8.9584913788e-01,1.6939467867e+01,3.7091987520e-01,2.1437054834e-03,5.2310420418e-03
3.0000000000e+00,-4.0831538130e-04,5.0031618140e+01,9.0584913353e-01,1.6941292861e+01,3.7087991800e-01,2.1817321117e-03,5.2850842201e-03
3.0000000000e+00,-4.1774458591e-04,5.0055232120e+01,9.1584912908e-01,1.6943137984e+01,3.7083952880e-01,2.2198126781e-03,5.3391238616e-03
3.0000000000e+00,-4.2727479992e-04,5.0079121720e+01,9.2584912454e-01,1.6945003234e+01,3.7079870810e-01,2.2579405054e-03,5.3931608842e-03
3.0000000000e+00,-4.3690594307e-04,5.0103287490e+01,9.3584911990e-01,1.6946888604e+01,3.7075745610e-01,2.2961091467e-03,5.4471952051e-03
3.0000000000e+00,-4.4663793439e-04,5.0127730010e+01,9.4584911517e-01,1.6948794092e+01,3.7071577320e-01,2.3343123950e-03,5.5012267410e-03
3.0000000000e+00,-4.5647069211e-04,5.0152449840e+01,9.5584911033e-01,1.6950719694e+01,3.7067365990e-01,2.3725442938e-03,5.5552554076e-03
3.0000000000e+00,-4.6640413372e-04,5.0177447570e+01,9.6584910540e-01,1.6952665403e+01,3.7063111660e-01,2.4107991468e-03,5.6092811201e-03
3.0000000000e+00,-4.7643817595e-04,5.0202723770e+01,9.7584910036e-01,1.6954631217e+01,3.7058814350e-01,2.4490715288e-03,5.6633037929e-03
3.0000000000e+00,-4.8657273479e-04,5.0228279030e+01,9.8584909523e-01,1.6956617131e+01,3.7054474120e-01,2.4873562955e-03,5.7173233398e-03
3.0000000000e+00,-4.9680772547e-04,5.0254113970e+01,9.9584908999e-01,1.6958623141e+01,3.7050091010e-01,2.5256485946e-03,5.7713396736e-03
3.0000000000e+00,-5.0714306248e-04,5.0280229180e+01,1.0058490846e+00,1.6960649241e+01,3.7045665040e-01,2.5639438760e-03,5.8253527066e-03
3.0000000000e+00,-5.1757865957e-04,5.0306625280e+01,1.0158490792e+00,1.6962695428e+01,3.7041196280e-01,2.6022379029e-03,5.8793623502e-03
3.0000000000e+00,-5.2811442977e-04,5.0333302890e+01,1.0258490737e+00,1.6964761697e+01,3.7036684740e-01,2.6405267626e-03,5.9333685154e-03
3.0000000000e+00,-5.3875028536e-04,5.0360262640e+01,1.0358490680e+00,1.6966848044e+01,3.7032130490e-01,2.6788068774e-03,5.9873711119e-03
3.0000000000e+00,-5.4948613789e-04,5.0387505160e+01,1.0458490622e+00,1.6968954463e+01,3.7027533550e-01,2.7170750158e-03,6.0413700491e-03
3.0000000000e+00,-5.6032189818e-04,5.0415031110e+01,1.0558490564e+00,1.6971080950e+01,3.7022893980e-01,2.7553283036e-03,6.0953652354e-03
3.0000000000e+00,-5.7125747635e-04,5.0442841130e+01,1.0658490504e+00,1.6973227500e+01,3.7018211810e-01,2.7935642354e-03,6.1493565786e-03
3.0000000000e+00,-5.8229278178e-04,5.0470935890e+01,1.0758490443e+00,1.6975394109e+01,3.7013487090e-01,2.8317806859e-03,6.2033439856e-03
3.0000000000e+00,-5.9342772315e-04,5.0499316040e+01,1.0858490381e+00,1.6977580772e+01,3.7008719860e-01,2.8699759215e-03,6.2573273625e-03
3.0000000000e+00,-6.0466220840e-04,5.0527982280e+01,1.0958490318e+00,1.6979787484e+01,3.7003910170e-01,2.9081486120e-03,6.3113066147e-03
3.0000000000e+00,-6.1599614481e-04,5.0556935270e+01,1.1058490254e+00,1.6982014240e+01,3.6999058050e-01,2.9462978423e-03,6.3652816468e-03
3.0000000000e+00,-6.2742943890e-04,5.0586175710e+01,1.1158490188e+00,1.6984261035e+01,3.6994163560e-01,2.9844231244e-03,6.4192523626e-03
3.0000000000e+00,-6.3896199654e-04,5.0615704310e+01,1.1258490122e+00,1.6986527865e+01,3.6989226740e-01,3.0225244092e-03,6.4732186652e-03
3.0000000000e+00,-6.5059372287e-04,5.0645521760e+01,1.1358490054e+00,1.6988814723e+01,3.6984247630e-01,3.0606020989e-03,6.5271804566e-03
3.0000000000e+00,-6.6232452234e-04,5.0675628780e+01,1.1458489985e+00,1.6991121607e+01,3.6979226280e-01,3.0986570589e-03,6.5811376384e-03
3.0000000000e+00,-6.7415429874e-04,5.0706026100e+01,1.1558489915e+00,1.6993448509e+01,3.6974162740e-01,3.1366906306e-03,6.6350901111e-03
3.0000000000e+00,-6.8608295513e-04,5.0736714440e+01,1.1658489844e+00,1.6995795426e+01,3.6969057050e-01,3.1747046434e-03,6.6890377744e-03
3.0000000000e+00,-6.9811039392e-04,5.0767694550e+01,1.1758489772e+00,1.6998162352e+01,3.6963909260e-01,3.2127014273e-03,6.7429805273e-03
3.0000000000e+00,-7.1023651683e-04,5.0798967170e+01,1.1858489698e+00,1.7000549282e+01,3.6958719410e-01,3.2506838259e-03,6.7969182680e-03
3.0000000000e+00,-7.2246122490e-04,5.0830533060e+01,1.1958489624e+00,1.7002956211e+01,3.6953487550e-01,3.2886552091e-03,6.8508508937e-03
3.0000000000e+00,-7.3478441852e-04,5.0862392990e+01,1.2058489548e+00,1.7005383134e+01,3.6948213740e-01,3.3266194857e-03,6.9047783009e-03
3.0000000000e+00,-7.4720599739e-04,5.0894547710e+01,1.2158489471e+00,1.7007830045e+01,3.6942898010e-01,3.3645811169e-03,6.9587003852e-03
3.0000000000e+00,-7.5972586056e-04,5.0926998030e+01,1.2258489392e+00,1.7010296939e+01,3.6937540420e-01,3.4025451288e-03,7.0126170413e-03
3.0000000000e+00,-7.7234390641e-04,5.0959744720e+01,1.2358489313e+00,1.7012783811e+01,3.6932141010e-01,3.4405171263e-03,7.0665281633e-03
3.0000000000e+00,-7.8506003269e-04,5.0992788590e+01,1.2458489232e+00,1.7015290655e+01,3.6926699840e-01,3.4785033063e-03,7.1204336442e-03
3.0000000000e+00,-7.9787413647e-04,5.1026130430e+01,1.2558489150e+00,1.7017817466e+01,3.6921216950e-01,3.5165104707e-03,7.1743333761e-03
3.0000000000e+00,-8.1078611418e-04,5.1059771070e+01,1.2658489066e+00,1.7020364239e+01,3.6915692400e-01,3.5545460406e-03,7.2282272505e-03
3.0000000000e+00,-8.2379586162e-04,5.1093711330e+01,1.2758488982e+00,1.7022930967e+01,3.6910126220e-01,3.5926180697e-03,7.2821151578e-03
3.0000000000e+00,-8.3690327393e-04,5.1127952050e+01,1.2858488896e+00,1.7025517647e+01,3.6904518490e-01,3.6307352581e-03,7.3360028265e-03
3.0000000000e+00,-8.5010824564e-04,5.1162494050e+01,1.2958488809e+00,1.7028124272e+01,3.6898869230e-01,3.6689069664e-03,7.3899573378e-03
3.0000000000e+00,-8.6341067062e-04,5.1197338210e+01,1.3058488720e+00,1.7030750836e+01,3.6893178510e-01,3.7071432296e-03,7.4439073182e-03
3.0000000000e+00,-8.7681044213e-04,5.1232485360e+01,1.3158488630e+00,1.7033397334e+01,3.6887446370e-01,3.7454547714e-03,7.4978526661e-03
3.0000000000e+00,-8.9030745281e-04,5.1267936390e+01,1.3258488539e+00,1.7036063761e+01,3.6881672880e-01,3.7838530181e-03,7.5517932788e-03
3.0000000000e+00,-9.0390159467e-04,5.1303692170e+01,1.3358488447e+00,1.7038750110e+01,3.6875858070e-01,3.8223501136e-03,7.6057290529e-03
3.0000000000e+00,-9.1759275910e-04,5.1339753590e+01,1.3458488353e+00,1.7041456377e+01,3.6870002000e-01,3.8609589333e-03,7.6596598837e-03
3.0000000000e+00,-9.3138083689e-04,5.1376121540e+01,1.3558488258e+00,1.7044182554e+01,3.6864104730e-01,3.8996930994e-03,7.7135856658e-03
3.0000000000e+00,-9.4526571823e-04,5.1412796930e+01,1.3658488162e+00,1.7046928637e+01,3.6858166310e-01,3.9385669947e-03,7.7675062929e-03
3.0000000000e+00,-9.5924729267e-04,5.1449780670e+01,1.3758488064e+00,1.7049694620e+01,3.6852186780e-01,3.9775957784e-03,7.8214216575e-03
3.0000000000e+00,-9.7332544921e-04,5.1487073690e+01,1.3858487965e+00,1.7052480498e+01,3.6846166210e-01,4.0167954004e-03,7.8753316514e-03
3.0000000000e+00,-9.8750007622e-04,5.1524676920e+01,1.3958487864e+00,1.7055286263e+01,3.6840104650e-01,4.0561826169e-03,7.9292361652e-03
3.0000000000e+00,-1.0017710615e-03,5.1562591300e+01,1.4058487763e+00,1.7058111910e+01,3.6834002150e-01,4.0957750049e-03,7.9831350887e-03
3.0000000000e+00,-1.0161382922e-03,5.1600817780e+01,1.4158487659e+00,1.7060957434e+01,3.6827858760e-01,4.1355909783e-03,8.0370283106e-03
3.0000000000e+00,-1.0306016550e-03,5.1639357340e+01,1.4258487555e+00,1.7063822828e+01,3.6821674550e-01,4.1756498028e-03,8.0909157188e-03
3.0000000000e+00,-1.0451610360e-03,5.1678210930e+01,1.4358487449e+00,1.7066708087e+01,3.6815449560e-01,4.2159716117e-03,8.1447971999e-03
3.0000000000e+00,-1.0598163205e-03,5.1717379550e+01,1.4458487341e+00,1.7069613204e+01,3.6809183850e-01,4.2565774214e-03,8.1986726400e-03
3.0000000000e+00,-1.0745673935e-03,5.1756864180e+01,1.4558487233e+00,1.7072538174e+01,3.6802877480e-01,4.2974891471e-03,8.2525419236e-03
3.0000000000e+00,-1.0894141393e-03,5.1796665830e+01,1.4658487122e+00,1.7075482990e+01,3.6796530500e-01,4.3387296191e-03,8.3064049349e-03
3.0000000000e+00,-1.1043564417e-03,5.1836785500e+01,1.4758487011e+00,1.7078447646e+01,3.6790142980e-01,4.3803225983e-03,8.3602615564e-03
3.0000000000e+00,-1.1193941839e-03,5.1877224220e+01,1.4858486898e+00,1.7081432137e+01,3.6783714950e-01,4.4222927927e-03,8.4141116702e-03
3.0000000000e+00,-1.1345272485e-03,5.1917983030e+01,1.4958486783e+00,1.7084436455e+01,3.6777246490e-01,4.4646658735e-03,8.4679551570e-03
3.0000000000e+00,-1.1497555177e-03,5.1959062950e+01,1.5058486667e+00,1.7087460596e+01,3.6770737650e-01,4.5074684913e-03,8.5217918967e-03
3.0000000000e+00,-1.1650788730e-03,5.2000465060e+01,1.5158486550e+00,1.7090504552e+01,3.6764188490e-01,4.5507282929e-03,8.5756217680e-03
3.0000000000e+00,-1.1804971954e-03,5.2042190400e+01,1.5258486431e+00,1.7093568318e+01,3.6757599060e-01,4.5944739375e-03,8.6294446489e-03
3.0000000000e+00,-1.1960103654e-03,5.2084240060e+01,1.5358486311e+00,1.7096651886e+01,3.6750969420e-01,4.6387351140e-03,8.6832604160e-03
3.0000000000e+00,-1.2116182630e-03,5.2126615110e+01,1.5458486189e+00,1.7099755252e+01,3.6744299640e-01,4.6835425570e-03,8.7370689452e-03
3.0000000000e+00,-1.2273207675e-03,5.2169316660e+01,1.5558486066e+00,1.7102878408e+01,3.6737589760e-01,4.7289280645e-03,8.7908701111e-03
3.0000000000e+00,-1.2431177579e-03,5.2212345800e+01,1.5658485941e+00,1.7106021349e+01,3.6730839850e-01,4.7749245146e-03,8.8446637876e-03
3.0000000000e+00,-1.2590091126e-03,5.2255703660e+01,1.5758485815e+00,1.7109184067e+01,3.6724049970e-01,4.8215658825e-03,8.8984498473e-03
3.0000000000e+00,-1.2749947093e-03,5.2299391360e+01,1.5858485687e+00,1.7112366557e+01,3.6717220180e-01,4.8688872583e-03,8.9522281618e-03
3.0000000000e+00,-1.2910744255e-03,5.2343410040e+01,1.5958485557e+00,1.7115568812e+01,3.6710350540e-01,4.9169248639e-03,9.0059986017e-03
3.0000000000e+00,-1.3072481380e-03,5.2387760850e+01,1.6058485427e+00,1.7118790826e+01,3.6703441100e-01,4.9657160710e-03,9.0597610367e-03
3.0000000000e+00,-1.3235157231e-03,5.2432444950e+01,1.6158485294e+00,1.7122032592e+01,3.6696491920e-01,5.0152994182e-03,9.1135153353e-03
3.0000000000e+00,-1.3398770567e-03,5.2477463520e+01,1.6258485161e+00,1.7125294103e+01,3.6689503080e-01,5.0657146294e-03,9.1672613650e-03
3.0000000000e+00,-1.3563320140e-03,5.2522817730e+01,1.6358485025e+00,1.7128575354e+01,3.6682474620e-01,5.1170026310e-03,9.2209989921e-03
3.0000000000e+00,-1.3728804701e-03,5.2568508780e+01,1.6458484888e+00,1.7131876337e+01,3.6675406610e-01,5.1692055704e-03,9.2747280822e-03
3.0000000000e+00,-1.3895222991e-03,5.2614537880e+01,1.6558484750e+00,1.7135197047e+01,3.6668299120e-01,5.2223668341e-03,9.3284484994e-03
3.0000000000e+00,-1.4062573750e-03,5.2660906250e+01,1.6658484610e+00,1.7138537475e+01,3.6661152190e-01,5.2765310656e-03,9.3821601072e-03
3.0000000000e+00,-1.4230855713e-03,5.2707615100e+01,1.6758484468e+00,1.7141897617e+01,3.6653965900e-01,5.3317441841e-03,9.4358627676e-03
3.0000000000e+00,-1.4400067608e-03,5.2754665700e+01,1.6858484325e+00,1.7145277464e+01,3.6646740310e-01,5.3880534027e-03,9.4895563420e-03
3.0000000000e+00,-1.4570208160e-03,5.2802059290e+01,1.6958484180e+00,1.7148677011e+01,3.6639475470e-01,5.4455072471e-03,9.5432406902e-03
3.0000000000e+00,-1.4741276089e-03,5.2849797130e+01,1.7058484034e+00,1.7152096251e+01,3.6632171460e-01,5.5041555746e-03,9.5969156715e-03
3.0000000000e+00,-1.4913270110e-03,5.2897880500e+01,1.7158483886e+00,1.7155535177e+01,3.6624828330e-01,5.5640495924e-03,9.6505811437e-03
3.0000000000e+00,-1.5086188935e-03,5.2946310700e+01,1.7258483736e+00,1.7158993782e+01,3.6617446150e-01,5.6252418770e-03,9.7042369637e-03
3.0000000000e+00,-1.5260031269e-03,5.2995089030e+01,1.7358483585e+00,1.7162472060e+01,3.6610024970e-01,5.6877863929e-03,9.7578829873e-03
3.0000000000e+00,-1.5434795815e-03,5.3044216790e+01,1.7458483433e+00,1.7165970003e+01,3.6602564880e-01,5.7517385121e-03,9.8115190692e-03
3.0000000000e+00,-1.5610481269e-03,5.3093695320e+01,1.7558483278e+00,1.7169487605e+01,3.6595065920e-01,5.8171550333e-03,9.8652634127e-03
3.0000000000e+00,-1.5787086325e-03,5.3143525960e+01,1.7658483122e+00,1.7173024860e+01,3.6587528160e-01,5.8840942013e-03,9.9190206097e-03
3.0000000000e+00,-1.5964609671e-03,5.3193710060e+01,1.7758482965e+00,1.7176581759e+01,3.6579951680e-01,5.9526157265e-03,9.9727696748e-03
3.0000000000e+00,-1.6143049992e-03,5.3244248980e+01,1.7858482806e+00,1.7180158297e+01,3.6572336520e-01,6.0227808048e-03,1.0026510467e-02
3.0000000000e+00,-1.6322405968e-03,5.3295144110e+01,1.7958482645e+00,1.7183754466e+01,3.6564682760e-01,6.0946521369e-03,1.0080242845e-02
3.0000000000e+00,-1.6502676274e-03,5.3346396830e+01,1.8058482482e+00,1.7187370260e+01,3.6556990470e-01,6.1682939488e-03,1.0133966665e-02
3.0000000000e+00,-1.6683859582e-03,5.3398008550e+01,1.8158482318e+00,1.7191005671e+01,3.6549259700e-01,6.2437720114e-03,1.0187681783e-02
3.0000000000e+00,-1.6865954561e-03,5.3449980690e+01,1.8258482152e+00,1.7194660693e+01,3.6541490520e-01,6.3211536611e-03,1.0241388053e-02
3.0000000000e+00,-1.7048959872e-03,5.3502314670e+01,1.8358481985e+00,1.7198335318e+01,3.6533683000e-01,6.4005078193e-03,1.0295085330e-02
3.0000000000e+00,-1.7232874176e-03,5.3555011950e+01,1.8458481816e+00,1.7202029540e+01,3.6525837210e-01,6.4819050137e-03,1.0348773465e-02
3.0000000000e+00,-1.7417696128e-03,5.3608073990e+01,1.8558481645e+00,1.7205743352e+01,3.6517953210e-01,6.5654173981e-03,1.0402452310e-02
3.0000000000e+00,-1.7603424379e-03,5.3661502240e+01,1.8658481472e+00,1.7209476746e+01,3.6510031070e-01,6.6511187734e-03,1.0456121714e-02
3.0000000000e+00,-1.7790057577e-03,5.3715298210e+01,1.8758481298e+00,1.7213229715e+01,3.6502070860e-01,6.7390846082e-03,1.0509781526e-02
3.0000000000e+00,-1.7977594366e-03,5.3769463390e+01,1.8858481122e+00,1.7217002252e+01,3.6494072630e-01,6.8293920598e-03,1.0563431594e-02
3.0000000000e+00,-1.8166033385e-03,5.3823999290e+01,1.8958480945e+00,1.7220794351e+01,3.6486036470e-01,6.9221199952e-03,1.0617071765e-02
3.0000000000e+00,-1.8355373270e-03,5.3878907440e+01,1.9058480766e+00,1.7224606003e+01,3.6477962430e-01,7.0173490120e-03,1.0670701883e-02
3.0000000000e+00,-1.8545612653e-03,5.3934189400e+01,1.9158480585e+00,1.7228437203e+01,3.6469850590e-01,7.1151614597e-03,1.0724321793e-02
3.0000000000e+00,-1.8736750164e-03,5.3989846700e+01,1.9258480402e+00,1.7232287942e+01,3.6461701010e-01,7.2156414615e-03,1.0777931338e-02
3.0000000000e+00,-1.8928784426e-03,5.4045880930e+01,1.9358480218e+00,1.7236158214e+01,3.6453513770e-01,7.3188749349e-03,1.0831530359e-02
3.0000000000e+00,-1.9121714061e-03,5.4102293680e+01,1.9458480032e+00,1.7240048010e+01,3.6445288920e-01,7.4249496144e-03,1.0885118697e-02
3.0000000000e+00,-1.9315537687e-03,5.4159086530e+01,1.9558479844e+00,1.7243957325e+01,3.6437026540e-01,7.5339550722e-03,1.0938696192e-02
3.0000000000e+00,-1.9510253917e-03,5.4216261120e+01,1.9658479654e+00,1.7247886151e+01,3.6428726700e-01,7.6459827406e-03,1.0992262682e-02
3.0000000000e+00,-1.9705861363e-03,5.4273819070e+01,1.9758479463e+00,1.7251834480e+01,3.6420389460e-01,7.7611259341e-03,1.1045818004e-02
3.0000000000e+00,-1.9902358631e-03,5.4331762030e+01,1.9858479270e+00,1.7255802305e+01,3.6412014900e-01,7.8794798709e-03,1.1099361993e-02
3.0000000000e+00,-2.0099744326e-03,5.4390091670e+01,1.9958479075e+00,1.7259789619e+01,3.6403603090e-01,8.0011416958e-03,1.1152894485e-02
3.0000000000e+00,-2.0298017047e-03,5.4448809650e+01,2.0058478878e+00,1.7263796415e+01,3.6395154090e-01,8.1262105019e-03,1.1206415312e-02
3.0000000000e+00,-2.0497175391e-03,5.4507917690e+01,2.0158478680e+00,1.7267822685e+01,3.6386667980e-01,8.2547873537e-03,1.1259924308e-02
3.0000000000e+00,-2.0697217953e-03,5.4567417470e+01,2.0258478480e+00,1.7271868421e+01,3.6378144820e-01,8.3869753091e-03,1.1313421303e-02
3.0000000000e+00,-2.0898143323e-03,5.4627310740e+01,2.0358478278e+00,1.7275933618e+01,3.6369584690e-01,8.5228794425e-03,1.1366906127e-02
3.0000000000e+00,-2.1099950087e-03,5.4687599230e+01,2.0458478075e+00,1.7280018266e+01,3.6360987650e-01,8.6626068673e-03,1.1420378609e-02
3.0000000000e+00,-2.1302636831e-03,5.4748284700e+01,2.0558477869e+00,1.7284122359e+01,3.6352353780e-01,8.8062667594e-03,1.1473838577e-02
3.0000000000e+00,-2.1506202134e-03,5.4809368920e+01,2.0658477662e+00,1.7288245889e+01,3.6343683140e-01,8.9539703794e-03,1.1527285857e-02
3.0000000000e+00,-2.1710644576e-03,5.4870853700e+01,2.0758477453e+00,1.7292388849e+01,3.6334975820e-01,9.1058310968e-03,1.1580720274e-02
3.0000000000e+00,-2.1915962730e-03,5.4932740820e+01,2.0858477242e+00,1.7296551232e+01,3.6326231880e-01,9.2619644126e-03,1.1634141652e-02
3.0000000000e+00,-2.2122155170e-03,5.4995032130e+01,2.0958477030e+00,1.7300733029e+01,3.6317451390e-01,9.4224879830e-03,1.1687549813e-02
3.0000000000e+00,-2.2329220462e-03,5.5057729470e+01,2.1058476815e+00,1.7304934233e+01,3.6308634420e-01,9.5875216430e-03,1.1740944580e-02
5.0000000000e+00,1.9006442388e-05,4.8984352170e+01,1.0000000000e-04,1.6858045629e+01,3.7271137150e-01,3.3176158734e-11,3.8842207919e-04
5.0000000000e+00,1.9006426643e-05,4.8984352210e+01,2.0000000000e-04,1.6858045632e+01,3.7271137140e-01,1.3270463382e-10,3.8896218778e-04
5.0000000000e+00,1.9006391240e-05,4.8984352300e+01,3.5000000000e-04,1.6858045640e+01,3.7271137120e-01,4.0640793173e-10,3.8977235106e-04
5.0000000000e+00,1.9006300216e-05,4.8984352520e+01,5.7500000000e-04,1.6858045661e+01,3.7271137080e-01,1.0968866500e-09,3.9098759707e-04
5.0000000000e+00,1.9006078362e-05,4.8984353050e+01,9.1250000000e-04,1.6858045709e+01,3.7271136970e-01,2.7624329578e-09,3.9281046852e-04
5.0000000000e+00,1.9005553614e-05,4.8984354310e+01,1.4187500000e-03,1.6858045824e+01,3.7271136720e-01,6.6778645614e-09,3.9554478119e-04
5.0000000000e+00,1.9003954915e-05,4.8984358140e+01,2.1781250000e-03,1.6858046112e+01,3.7271136080e-01,1.5739506965e-08,3.9964626888e-04
5.0000000000e+00,1.9000672961e-05,4.8984366020e+01,3.3171875000e-03,1.6858046749e+01,3.7271134670e-01,3.6506046589e-08,4.0579852663e-04
5.0000000000e+00,1.8993198993e-05,4.8984383950e+01,5.0257812500e-03,1.6858048200e+01,3.7271131470e-01,8.3797332371e-08,4.1502698151e-04
5.0000000000e+00,1.8976248254e-05,4.8984424620e+01,7.5886718749e-03,1.6858051491e+01,3.7271124190e-01,1.9105158640e-07,4.2886981674e-04
5.0000000000e+00,1.8937907863e-05,4.8984516620e+01,1.1433007812e-02,1.6858058936e+01,3.7271107730e-01,4.3364186826e-07,4.4963441164e-04
5.0000000000e+00,1.8851341347e-05,4.8984724340e+01,1.7199511718e-02,1.6858075745e+01,3.7271070570e-01,9.8134647204e-07,4.8078206667e-04
5.0000000000e+00,1.8656121856e-05,4.8985192770e+01,2.5849267575e-02,1.6858113651e+01,3.7270986760e-01,2.2163653051e-06,5.2750524190e-04
5.0000000000e+00,1.8332678859e-05,4.8985968900e+01,3.5849267570e-02,1.6858176454e+01,3.7270847910e-01,4.2621667714e-06,5.8152448260e-04
5.0000000000e+00,1.7904440473e-05,4.8986996530e+01,4.5849267561e-02,1.6858259604e+01,3.7270664080e-01,6.9700420705e-06,6.3554632847e-04
5.0000000000e+00,1.7371449212e-05,4.8988275600e+01,5.5849267547e-02,1.6858363095e+01,3.7270435280e-01,1.0339083482e-05,6.8957071699e-04
5.0000000000e+00,1.6733758005e-05,4.8989806010e+01,6.5849267527e-02,1.6858486915e+01,3.7270161540e-01,1.4368163048e-05,7.4359758525e-04
5.0000000000e+00,1.5991430170e-05,4.8991587660e+01,7.5849267499e-02,1.6858631052e+01,3.7269842900e-01,1.9055933861e-05,7.9762686987e-04
5.0000000000e+00,1.5144539401e-05,4.8993620440e+01,8.5849267464e-02,1.6858795490e+01,3.7269479370e-01,2.4400831603e-05,8.5165850708e-04
5.0000000000e+00,1.4193169757e-05,4.8995904190e+01,9.5849267418e-02,1.6858980215e+01,3.7269071010e-01,3.0401076328e-05,9.0569243260e-04
5.0000000000e+00,1.3137415649e-05,4.8998438760e+01,1.0584926736e-01,1.6859185207e+01,3.7268617850e-01,3.7054674498e-05,9.5972858168e-04
5.0000000000e+00,1.1977381821e-05,4.9001223980e+01,1.1584926730e-01,1.6859410445e+01,3.7268119950e-01,4.4359421256e-05,1.0137668890e-03
5.0000000000e+00,1.0713183331e-05,4.9004259660e+01,1.2584926722e-01,1.6859655907e+01,3.7267577360e-01,5.2312902941e-05,1.0678072889e-03
5.0000000000e+00,9.3449455370e-06,4.9007545590e+01,1.3584926712e-01,1.6859921569e+01,3.7266990130e-01,6.0912499839e-05,1.1218497148e-03
5.0000000000e+00,7.8728040680e-06,4.9011081550e+01,1.4584926701e-01,1.6860207404e+01,3.7266358340e-01,7.0155389173e-05,1.1758940999e-03
5.0000000000e+00,6.2969048065e-06,4.9014867290e+01,1.5584926689e-01,1.6860513382e+01,3.7265682040e-01,8.0038548318e-05,1.2299403767e-03
5.0000000000e+00,4.6174038605e-06,4.9018902550e+01,1.6584926675e-01,1.6860839475e+01,3.7264961310e-01,9.0558758243e-05,1.2839884769e-03
5.0000000000e+00,2.8344675376e-06,4.9023187050e+01,1.7584926659e-01,1.6861185648e+01,3.7264196230e-01,1.0171260718e-04,1.3380383318e-03
5.0000000000e+00,9.4827231686e-07,4.9027720520e+01,1.8584926641e-01,1.6861551867e+01,3.7263386890e-01,1.1349649450e-04,1.3920898719e-03
5.0000000000e+00,-1.0409951785e-06,4.9032502620e+01,1.9584926622e-01,1.6861938096e+01,3.7262533350e-01,1.2590663482e-04,1.4461430270e-03
5.0000000000e+00,-3.1331382216e-06,4.9037533040e+01,2.0584926600e-01,1.6862344297e+01,3.7261635730e-01,1.3893906230e-04,1.5001977263e-03
5.0000000000e+00,-5.3279500039e-06,4.9042811420e+01,2.1584926576e-01,1.6862770428e+01,3.7260694110e-01,1.5258963516e-04,1.5542538982e-03
5.0000000000e+00,-7.6252136773e-06,4.9048337420e+01,2.2584926549e-01,1.6863216448e+01,3.7259708590e-01,1.6685404036e-04,1.6083114704e-03
5.0000000000e+00,-1.0024702389e-05,4.9054110640e+01,2.3584926520e-01,1.6863682311e+01,3.7258679280e-01,1.8172779854e-04,1.6623703698e-03
5.0000000000e+00,-1.2526179318e-05,4.9060130700e+01,2.4584926489e-01,1.6864167973e+01,3.7257606290e-01,1.9720626906e-04,1.7164305226e-03
5.0000000000e+00,-1.5129397717e-05,4.9066397180e+01,2.5584926455e-01,1.6864673384e+01,3.7256489730e-01,2.1328465531e-04,1.7704918540e-03
5.0000000000e+00,-1.7834100952e-05,4.9072909650e+01,2.6584926419e-01,1.6865198495e+01,3.7255329720e-01,2.2995801009e-04,1.8245542885e-03
5.0000000000e+00,-2.0640022543e-05,4.9079667660e+01,2.7584926379e-01,1.6865743253e+01,3.7254126380e-01,2.4722124129e-04,1.8786177499e-03
5.0000000000e+00,-2.3546886215e-05,4.9086670750e+01,2.8584926337e-01,1.6866307606e+01,3.7252879850e-01,2.6506911760e-04,1.9326821609e-03
5.0000000000e+00,-2.6554405935e-05,4.9093918440e+01,2.9584926292e-01,1.6866891496e+01,3.7251590240e-01,2.8349627447e-04,1.9867474433e-03
5.0000000000e+00,-2.9662285964e-05,4.9101410240e+01,3.0584926244e-01,1.6867494868e+01,3.7250257710e-01,3.0249722014e-04,2.0408135183e-03
5.0000000000e+00,-3.2870220904e-05,4.9109145620e+01,3.1584926192e-01,1.6868117661e+01,3.7248882380e-01,3.2206634193e-04,2.0948803059e-03
5.0000000000e+00,-3.6177895749e-05,4.9117124060e+01,3.2584926137e-01,1.6868759814e+01,3.7247464400e-01,3.4219791250e-04,2.1489477252e-03
5.0000000000e+00,-3.9584985933e-05,4.9125345020e+01,3.3584926079e-01,1.6869421265e+01,3.7246003930e-01,3.6288609641e-04,2.2030156945e-03
5.0000000000e+00,-4.3091157385e-05,4.9133807920e+01,3.4584926018e-01,1.6870101949e+01,3.7244501110e-01,3.8412495667e-04,2.2570841310e-03
5.0000000000e+00,-4.6696066582e-05,4.9142512180e+01,3.5584925953e-01,1.6870801799e+01,3.7242956100e-01,4.0590846144e-04,2.3111529509e-03
5.0000000000e+00,-5.0399360604e-05,4.9151457210e+01,3.6584925884e-01,1.6871520748e+01,3.7241369060e-01,4.2823049091e-04,2.3652220694e-03
5.0000000000e+00,-5.4200677189e-05,4.9160642400e+01,3.7584925812e-01,1.6872258724e+01,3.7239740160e-01,4.5108484416e-04,2.4192914006e-03
5.0000000000e+00,-5.8099644792e-05,4.9170067110e+01,3.8584925736e-01,1.6873015657e+01,3.7238069560e-01,4.7446524623e-04,2.4733608579e-03
5.0000000000e+00,-6.2095882641e-05,4.9179730700e+01,3.9584925656e-01,1.6873791474e+01,3.7236357440e-01,4.9836535514e-04,2.5274303531e-03
5.0000000000e+00,-6.6189000801e-05,4.9189632490e+01,4.0584925573e-01,1.6874586098e+01,3.7234603980e-01,5.2277876916e-04,2.5814997974e-03
5.0000000000e+00,-7.0378600229e-05,4.9199771820e+01,4.1584925485e-01,1.6875399455e+01,3.7232809360e-01,5.4769903399e-04,2.6355691007e-03
5.0000000000e+00,-7.4664272839e-05,4.9210147980e+01,4.2584925393e-01,1.6876231464e+01,3.7230973750e-01,5.7311965009e-04,2.6896381716e-03
5.0000000000e+00,-7.9045601566e-05,4.9220760270e+01,4.3584925297e-01,1.6877082047e+01,3.7229097360e-01,5.9903408008e-04,2.7437069179e-03
5.0000000000e+00,-8.3522160425e-05,4.9231607940e+01,4.4584925197e-01,1.6877951122e+01,3.7227180370e-01,6.2543575614e-04,2.7977752462e-03
5.0000000000e+00,-8.8093514583e-05,4.9242690260e+01,4.5584925092e-01,1.6878838606e+01,3.7225222980e-01,6.5231808747e-04,2.8518430617e-03
5.0000000000e+00,-9.2759220415e-05,4.9254006460e+01,4.6584924984e-01,1.6879744413e+01,3.7223225380e-01,6.7967446782e-04,2.9059102686e-03
5.0000000000e+00,-9.7518825581e-05,4.9265555770e+01,4.7584924870e-01,1.6880668459e+01,3.7221187790e-01,7.0749828302e-04,2.9599767699e-03
5.0000000000e+00,-1.0237186908e-04,4.9277337380e+01,4.8584924753e-01,1.6881610654e+01,3.7219110400e-01,7.3578291853e-04,3.0140424675e-03
5.0000000000e+00,-1.0731788134e-04,4.9289350490e+01,4.9584924630e-01,1.6882570911e+01,3.7216993430e-01,7.6452176706e-04,3.0681072617e-03
5.0000000000e+00,-1.1235638426e-04,4.9301594280e+01,5.0584924503e-01,1.6883549137e+01,3.7214837090e-01,7.9370823613e-04,3.1221710520e-03
5.0000000000e+00,-1.1748689130e-04,4.9314067880e+01,5.1584924372e-01,1.6884545242e+01,3.7212641600e-01,8.2333575573e-04,3.1762337365e-03
5.0000000000e+00,-1.2270890754e-04,4.9326770460e+01,5.2584924235e-01,1.6885559130e+01,3.7210407180e-01,8.5339778587e-04,3.2302952118e-03
5.0000000000e+00,-1.2802192976e-04,4.9339701120e+01,5.3584924094e-01,1.6886590709e+01,3.7208134050e-01,8.8388782424e-04,3.2843553736e-03
5.0000000000e+00,-1.3342544651e-04,4.9352858980e+01,5.4584923948e-01,1.6887639880e+01,3.7205822440e-01,9.1479941381e-04,3.3384141159e-03
5.0000000000e+00,-1.3891893816e-04,4.9366243130e+01,5.5584923797e-01,1.6888706546e+01,3.7203472570e-01,9.4612615041e-04,3.3924804646e-03
5.0000000000e+00,-1.4450187701e-04,4.9379852650e+01,5.6584923642e-01,1.6889790608e+01,3.7201084690e-01,9.7786169032e-04,3.4465514994e-03
5.0000000000e+00,-1.5017372735e-04,4.9393686600e+01,5.7584923481e-01,1.6890891965e+01,3.7198659020e-01,1.0099997579e-03,3.5006215933e-03
5.0000000000e+00,-1.5593394551e-04,4.9407744010e+01,5.8584923315e-01,1.6892010516e+01,3.7196195810e-01,1.0425341529e-03,3.5546906482e-03
5.0000000000e+00,-1.6178197997e-04,4.9422023920e+01,5.9584923144e-01,1.6893146157e+01,3.7193695290e-01,1.0754587585e-03,3.6087585646e-03
5.0000000000e+00,-1.6771727141e-04,4.9436525340e+01,6.0584922968e-01,1.6894298785e+01,3.7191157720e-01,1.1087675480e-03,3.6628252417e-03
5.0000000000e+00,-1.7373925280e-04,4.9451247260e+01,6.1584922786e-01,1.6895468294e+01,3.7188583340e-01,1.1424545933e-03,3.7168905772e-03
5.0000000000e+00,-1.7984734947e-04,4.9466188670e+01,6.2584922600e-01,1.6896654576e+01,3.7185972400e-01,1.1765140713e-03,3.7709544671e-03
5.0000000000e+00,-1.8604097917e-04,4.9481348530e+01,6.3584922408e-01,1.6897857524e+01,3.7183325150e-01,1.2109402721e-03,3.8250168064e-03
5.0000000000e+00,-1.9231955217e-04,4.9496725790e+01,6.4584922211e-01,1.6899077029e+01,3.7180641860e-01,1.2457276061e-03,3.8790774883e-03
5.0000000000e+00,-1.9868247133e-04,4.9512319390e+01,6.5584922009e-01,1.6900312980e+01,3.7177922770e-01,1.2808706112e-03,3.9331364045e-03
5.0000000000e+00,-2.0512913217e-04,4.9528128230e+01,6.6584921801e-01,1.6901565266e+01,3.7175168150e-01,1.3163639604e-03,3.9871934453e-03
5.0000000000e+00,-2.1165892295e-04,4.9544151220e+01,6.7584921588e-01,1.6902833775e+01,3.7172378260e-01,1.3522024688e-03,4.0412484996e-03
5.0000000000e+00,-2.1827122475e-04,4.9560387240e+01,6.8584921369e-01,1.6904118393e+01,3.7169553370e-01,1.3883811012e-03,4.0953014546e-03
5.0000000000e+00,-2.2496541153e-04,4.9576835180e+01,6.9584921145e-01,1.6905419005e+01,3.7166693740e-01,1.4248949791e-03,4.1493521961e-03
5.0000000000e+00,-2.3174085023e-04,4.9593493870e+01,7.0584920915e-01,1.6906735496e+01,3.7163799650e-01,1.4617393881e-03,4.2034006081e-03
5.0000000000e+00,-2.3859690084e-04,4.9610362160e+01,7.1584920680e-01,1.6908067748e+01,3.7160871370e-01,1.4989097846e-03,4.2574465734e-03
5.0000000000e+00,-2.4553291647e-04,4.9627438880e+01,7.2584920440e-01,1.6909415645e+01,3.7157909170e-01,1.5364018040e-03,4.3114899731e-03
5.0000000000e+00,-2.5254824343e-04,4.9644722820e+01,7.3584920194e-01,1.6910779068e+01,3.7154913340e-01,1.5742112667e-03,4.3655306865e-03
5.0000000000e+00,-2.5964222131e-04,4.9662212790e+01,7.4584919942e-01,1.6912157897e+01,3.7151884140e-01,1.6123341861e-03,4.4195685918e-03
5.0000000000e+00,-2.6681418303e-04,4.9679907550e+01,7.5584919685e-01,1.6913552011e+01,3.7148821860e-01,1.6507667757e-03,4.4736035651e-03
5.0000000000e+00,-2.7406345498e-04,4.9697805880e+01,7.6584919422e-01,1.6914961291e+01,3.7145726790e-01,1.6895054557e-03,4.5276354813e-03
5.0000000000e+00,-2.8138935703e-04,4.9715906510e+01,7.7584919154e-01,1.6916385612e+01,3.7142599200e-01,1.7285468610e-03,4.5816642134e-03
5.0000000000e+00,-2.8879120264e-04,4.9734208170e+01,7.8584918880e-01,1.6917824853e+01,3.7139439390e-01,1.7678878478e-03,4.6356896330e-03
5.0000000000e+00,-2.9626829891e-04,4.9752709590e+01,7.9584918600e-01,1.6919278889e+01,3.7136247640e-01,1.8075255015e-03,4.6897116099e-03
5.0000000000e+00,-3.0381994671e-04,4.9771409450e+01,8.0584918315e-01,1.6920747596e+01,3.7133024240e-01,1.8474571435e-03,4.7437300124e-03
5.0000000000e+00,-3.1144544067e-04,4.9790306440e+01,8.1584918025e-01,1.6922230848e+01,3.7129769490e-01,1.8876803385e-03,4.7977447071e-03
5.0000000000e+00,-3.1914406935e-04,4.9809399240e+01,8.2584917728e-01,1.6923728520e+01,3.7126483680e-01,1.9281929028e-03,4.8517555588e-03
5.0000000000e+00,-3.2691511523e-04,4.9828686480e+01,8.3584917426e-01,1.6925240485e+01,3.7123167100e-01,1.9689929109e-03,4.9057624310e-03
5.0000000000e+00,-3.3475785484e-04,4.9848166820e+01,8.4584917119e-01,1.6926766614e+01,3.7119820050e-01,2.0100787037e-03,4.9597651851e-03
5.0000000000e+00,-3.4267155881e-04,4.9867838860e+01,8.5584916806e-01,1.6928306781e+01,3.7116442820e-01,2.0514488959e-03,5.0137636812e-03
5.0000000000e+00,-3.5065549195e-04,4.9887701230e+01,8.6584916487e-01,1.6929860855e+01,3.7113035720e-01,2.0931023844e-03,5.0677577775e-03
5.0000000000e+00,-3.5870891332e-04,4.9907752500e+01,8.7584916163e-01,1.6931428708e+01,3.7109599050e-01,2.1350383558e-03,5.1217473305e-03
5.0000000000e+00,-3.6683107628e-04,4.9927991250e+01,8.8584915833e-01,1.6933010209e+01,3.7106133110e-01,2.1772562949e-03,5.1757321952e-03
5.0000000000e+00,-3.7502122862e-04,4.9948416050e+01,8.9584915497e-01,1.6934605228e+01,3.7102638190e-01,2.2197559930e-03,5.2297122247e-03
5.0000000000e+00,-3.8327861257e-04,4.9969025440e+01,9.0584915157e-01,1.6936213634e+01,3.7099114610e-01,2.2625375568e-03,5.2836872704e-03
5.0000000000e+00,-3.9160246489e-04,4.9989817940e+01,9.1584914810e-01,1.6937835295e+01,3.7095562670e-01,2.3056014168e-03,5.3376571820e-03
5.0000000000e+00,-3.9999201695e-04,5.0010792080e+01,9.2584914458e-01,1.6939470078e+01,3.7091982680e-01,2.3489483364e-03,5.3916218076e-03
5.0000000000e+00,-4.0844649482e-04,5.0031946340e+01,9.3584914101e-01,1.6941117851e+01,3.7088374940e-01,2.3925794217e-03,5.4455809934e-03
5.0000000000e+00,-4.1696511925e-04,5.0053279220e+01,9.4584913738e-01,1.6942778482e+01,3.7084739750e-01,2.4364961309e-03,5.4995345840e-03
5.0000000000e+00,-4.2554710586e-04,5.0074789170e+01,9.5584913370e-01,1.6944451835e+01,3.7081077440e-01,2.4807002840e-03,5.5534824221e-03
5.0000000000e+00,-4.3419166510e-04,5.0096474660e+01,9.6584912996e-01,1.6946137778e+01,3.7077388310e-01,2.5251940738e-03,5.6074243488e-03
5.0000000000e+00,-4.4289800239e-04,5.0118334110e+01,9.7584912617e-01,1.6947836176e+01,3.7073672660e-01,2.5699800759e-03,5.6613602033e-03
5.0000000000e+00,-4.5166531814e-04,5.0140365950e+01,9.8584912233e-01,1.6949546893e+01,3.7069930820e-01,2.6150612605e-03,5.7152898232e-03
5.0000000000e+00,-4.6049280782e-04,5.0162568590e+01,9.9584911843e-01,1.6951269796e+01,3.7066163080e-01,2.6604410036e-03,5.7692130442e-03
5.0000000000e+00,-4.6937966207e-04,5.0184940400e+01,1.0058491145e+00,1.6953004747e+01,3.7062369770e-01,2.7061230989e-03,5.8231297003e-03
5.0000000000e+00,-4.7832506669e-04,5.0207479770e+01,1.0158491105e+00,1.6954751612e+01,3.7058551200e-01,2.7521117710e-03,5.8770396236e-03
5.0000000000e+00,-4.8732820275e-04,5.0230185060e+01,1.0258491064e+00,1.6956510255e+01,3.7054707680e-01,2.7984116879e-03,5.9309426445e-03
5.0000000000e+00,-4.9638824664e-04,5.0253054610e+01,1.0358491023e+00,1.6958280538e+01,3.7050839520e-01,2.8450279752e-03,5.9848385917e-03
5.0000000000e+00,-5.0550437013e-04,5.0276086740e+01,1.0458490982e+00,1.6960062327e+01,3.7046947030e-01,2.8919662299e-03,6.0387272920e-03
5.0000000000e+00,-5.1467574044e-04,5.0299279770e+01,1.0558490940e+00,1.6961855482e+01,3.7043030540e-01,2.9392325361e-03,6.0926085704e-03
5.0000000000e+00,-5.2390152025e-04,5.0322631990e+01,1.0658490897e+00,1.6963659869e+01,3.7039090360e-01,2.9868334800e-03,6.1464822500e-03
5.0000000000e+00,-5.3318086784e-04,5.0346141680e+01,1.0758490854e+00,1.6965475348e+01,3.7035126800e-01,3.0347761668e-03,6.2003481523e-03
5.0000000000e+00,-5.4251293706e-04,5.0369807120e+01,1.0858490810e+00,1.6967301784e+01,3.7031140170e-01,3.0830682380e-03,6.2542060968e-03
5.0000000000e+00,-5.5189687744e-04,5.0393626530e+01,1.0958490766e+00,1.6969139038e+01,3.7027130800e-01,3.1317178892e-03,6.3080559013e-03
5.0000000000e+00,-5.6133183424e-04,5.0417598170e+01,1.1058490722e+00,1.6970986973e+01,3.7023098990e-01,3.1807338892e-03,6.3618973817e-03
5.0000000000e+00,-5.7081694848e-04,5.0441720240e+01,1.1158490677e+00,1.6972845450e+01,3.7019045070e-01,3.2301256001e-03,6.4157303520e-03
5.0000000000e+00,-5.8035135699e-04,5.0465990950e+01,1.1258490632e+00,1.6974714333e+01,3.7014969350e-01,3.2799029980e-03,6.4695546245e-03
5.0000000000e+00,-5.8993419250e-04,5.0490408480e+01,1.1358490586e+00,1.6976593483e+01,3.7010872140e-01,3.3300766950e-03,6.5233700097e-03
5.0000000000e+00,-5.9956458366e-04,5.0514971000e+01,1.1458490539e+00,1.6978482762e+01,3.7006753760e-01,3.3806579624e-03,6.5771763159e-03
5.0000000000e+00,-6.0924165508e-04,5.0539676660e+01,1.1558490492e+00,1.6980382032e+01,3.7002614520e-01,3.4316587548e-03,6.6309733500e-03
5.0000000000e+00,-6.1896452740e-04,5.0564523610e+01,1.1658490445e+00,1.6982291155e+01,3.6998454740e-01,3.4830917355e-03,6.6847609168e-03
5.0000000000e+00,-6.2873231733e-04,5.0589509950e+01,1.1758490397e+00,1.6984209993e+01,3.6994274740e-01,3.5349703035e-03,6.7385388192e-03
5.0000000000e+00,-6.3854413770e-04,5.0614633800e+01,1.1858490349e+00,1.6986138408e+01,3.6990074830e-01,3.5873086209e-03,6.7923068583e-03
5.0000000000e+00,-6.4839909748e-04,5.0639893240e+01,1.1958490301e+00,1.6988076261e+01,3.6985855320e-01,3.6401216433e-03,6.8460648334e-03
5.0000000000e+00,-6.5829630185e-04,5.0665286340e+01,1.2058490252e+00,1.6990023415e+01,3.6981616530e-01,3.6934251496e-03,6.8998125417e-03
5.0000000000e+00,-6.6823485224e-04,5.0690811170e+01,1.2158490202e+00,1.6991979733e+01,3.6977358770e-01,3.7472357756e-03,6.9535497789e-03
5.0000000000e+00,-6.7821384636e-04,5.0716465750e+01,1.2258490153e+00,1.6993945075e+01,3.6973082350e-01,3.8015710471e-03,7.0072763384e-03
5.0000000000e+00,-6.8823237825e-04,5.0742248120e+01,1.2358490102e+00,1.6995919305e+01,3.6968787590e-01,3.8564494162e-03,7.0609920119e-03
5.0000000000e+00,-6.9828953829e-04,5.0768156270e+01,1.2458490052e+00,1.6997902285e+01,3.6964474800e-01,3.9118902986e-03,7.1146965892e-03
5.0000000000e+00,-7.0838441330e-04,5.0794188200e+01,1.2558490001e+00,1.6999893877e+01,3.6960144300e-01,3.9679141131e-03,7.1683898581e-03
5.0000000000e+00,-7.1851608650e-04,5.0820341880e+01,1.2658489950e+00,1.7001893944e+01,3.6955796380e-01,4.0245423225e-03,7.2220716047e-03
5.0000000000e+00,-7.2868363759e-04,5.0846615260e+01,1.2758489898e+00,1.7003902348e+01,3.6951431370e-01,4.0817974770e-03,7.2757416130e-03
5.0000000000e+00,-7.3888614280e-04,5.0873006290e+01,1.2858489846e+00,1.7005918954e+01,3.6947049580e-01,4.1397032597e-03,7.3293996650e-03
5.0000000000e+00,-7.4912267488e-04,5.0899512880e+01,1.2958489793e+00,1.7007943623e+01,3.6942651310e-01,4.1982845338e-03,7.3830455411e-03
5.0000000000e+00,-7.5939230314e-04,5.0926132940e+01,1.3058489741e+00,1.7009976220e+01,3.6938236870e-01,4.2575673921e-03,7.4366816400e-03
5.0000000000e+00,-7.6969409351e-04,5.0952864360e+01,1.3158489688e+00,1.7012016607e+01,3.6933806570e-01,4.3175792097e-03,7.4903801351e-03
5.0000000000e+00,-7.8002710853e-04,5.0979705010e+01,1.3258489634e+00,1.7014064649e+01,3.6929360720e-01,4.3783486977e-03,7.5440675090e-03
5.0000000000e+00,-7.9039040743e-04,5.1006652740e+01,1.3358489581e+00,1.7016120210e+01,3.6924899620e-01,4.4399059607e-03,7.5977435471e-03
5.0000000000e+00,-8.0078304608e-04,5.1033705380e+01,1.3458489527e+00,1.7018183154e+01,3.6920423590e-01,4.5022825561e-03,7.6514080331e-03
5.0000000000e+00,-8.1120407710e-04,5.1060860770e+01,1.3558489472e+00,1.7020253346e+01,3.6915932920e-01,4.5655115566e-03,7.7050607486e-03
5.0000000000e+00,-8.2165254982e-04,5.1088116690e+01,1.3658489418e+00,1.7022330650e+01,3.6911427910e-01,4.6296276152e-03,7.7587014737e-03
5.0000000000e+00,-8.3212751033e-04,5.1115470930e+01,1.3758489363e+00,1.7024414931e+01,3.6906908890e-01,4.6946670333e-03,7.8123299861e-03
5.0000000000e+00,-8.4262800150e-04,5.1142921250e+01,1.3858489308e+00,1.7026506056e+01,3.6902376130e-01,4.7606678317e-03,7.8659460621e-03
5.0000000000e+00,-8.5315306301e-04,5.1170465410e+01,1.3958489252e+00,1.7028603890e+01,3.6897829960e-01,4.8276698250e-03,7.9195494759e-03
5.0000000000e+00,-8.6370173135e-04,5.1198101140e+01,1.4058489197e+00,1.7030708298e+01,3.6893270660e-01,4.8957146989e-03,7.9731399998e-03
5.0000000000e+00,-8.7427303984e-04,5.1225826140e+01,1.4158489141e+00,1.7032819148e+01,3.6888698530e-01,4.9648460909e-03,8.0267174041e-03
5.0000000000e+00,-8.8486601867e-04,5.1253638110e+01,1.4258489085e+00,1.7034936306e+01,3.6884113880e-01,5.0351096750e-03,8.0802814575e-03
5.0000000000e+00,-8.9547969488e-04,5.1281534730e+01,1.4358489028e+00,1.7037059639e+01,3.6879517010e-01,5.1065532493e-03,8.1338319265e-03
5.0000000000e+00,-9.0611309240e-04,5.1309513650e+01,1.4458488972e+00,1.7039189015e+01,3.6874908200e-01,5.1792268276e-03,8.1873685758e-03
5.0000000000e+00,-9.1676523208e-04,5.1337572510e+01,1.4558488915e+00,1.7041324302e+01,3.6870287750e-01,5.2531827349e-03,8.2408911683e-03
5.0000000000e+00,-9.2743513166e-04,5.1365708940e+01,1.4658488858e+00,1.7043465368e+01,3.6865655970e-01,5.3284757070e-03,8.2943994648e-03
5.0000000000e+00,-9.3812180579e-04,5.1393920530e+01,1.4758488801e+00,1.7045612080e+01,3.6861013130e-01,5.4051629940e-03,8.3478932242e-03
5.0000000000e+00,-9.4882426607e-04,5.1422204870e+01,1.4858488744e+00,1.7047764310e+01,3.6856359540e-01,5.4833044677e-03,8.4013722037e-03
5.0000000000e+00,-9.5954152103e-04,5.1450559530e+01,1.4958488686e+00,1.7049921926e+01,3.6851695480e-01,5.5629627342e-03,8.4548361582e-03
5.0000000000e+00,-9.7027257615e-04,5.1478982040e+01,1.5058488629e+00,1.7052084797e+01,3.6847021240e-01,5.6442032503e-03,8.5082848411e-03
5.0000000000e+00,-9.8101643387e-04,5.1507469940e+01,1.5158488571e+00,1.7054252795e+01,3.6842337120e-01,5.7270944450e-03,8.5617180034e-03
5.0000000000e+00,-9.9177209357e-04,5.1536020730e+01,1.5258488513e+00,1.7056425790e+01,3.6837643390e-01,5.8117078453e-03,8.6151353944e-03
5.0000000000e+00,-1.0025385516e-03,5.1564631900e+01,1.5358488455e+00,1.7058603653e+01,3.6832940350e-01,5.8981182075e-03,8.6685367615e-03
5.0000000000e+00,-1.0133148013e-03,5.1593300930e+01,1.5458488397e+00,1.7060786256e+01,3.6828228270e-01,5.9864036530e-03,8.7219218501e-03
5.0000000000e+00,-1.0240998329e-03,5.1622025250e+01,1.5558488339e+00,1.7062973471e+01,3.6823507450e-01,6.0766458100e-03,8.7752904034e-03
5.0000000000e+00,-1.0348926337e-03,5.1650802300e+01,1.5658488281e+00,1.7065165170e+01,3.6818778160e-01,6.1689299603e-03,8.8286421630e-03
5.0000000000e+00,-1.0456921879e-03,5.1679629490e+01,1.5758488222e+00,1.7067361228e+01,3.6814040690e-01,6.2633451909e-03,8.8819768683e-03
5.0000000000e+00,-1.0564974767e-03,5.1708504200e+01,1.5858488164e+00,1.7069561516e+01,3.6809295310e-01,6.3599845531e-03,8.9352942568e-03
5.0000000000e+00,-1.0673074781e-03,5.1737423820e+01,1.5958488106e+00,1.7071765910e+01,3.6804542310e-01,6.4589452255e-03,8.9885940638e-03
5.0000000000e+00,-1.0781211674e-03,5.1766385690e+01,1.6058488047e+00,1.7073974284e+01,3.6799781950e-01,6.5603286845e-03,9.0418760229e-03
5.0000000000e+00,-1.0889375166e-03,5.1795387130e+01,1.6158487989e+00,1.7076186512e+01,3.6795014520e-01,6.6642408803e-03,9.0951398656e-03
5.0000000000e+00,-1.0997554947e-03,5.1824425460e+01,1.6258487930e+00,1.7078402471e+01,3.6790240290e-01,6.7707924192e-03,9.1483853211e-03
5.0000000000e+00,-1.1105740675e-03,5.1853497970e+01,1.6358487872e+00,1.7080622036e+01,3.6785459530e-01,6.8800987533e-03,9.2016121171e-03
5.0000000000e+00,-1.1213921980e-03,5.1882601930e+01,1.6458487813e+00,1.7082845084e+01,3.6780672520e-01,6.9922803760e-03,9.2548199788e-03
5.0000000000e+00,-1.1322088460e-03,5.1911734580e+01,1.6558487755e+00,1.7085071493e+01,3.6775879510e-01,7.1074630249e-03,9.3080086296e-03
5.0000000000e+00,-1.1430229682e-03,5.1940893150e+01,1.6658487696e+00,1.7087301139e+01,3.6771080790e-01,7.2257778917e-03,9.3611777908e-03
5.0000000000e+00,-1.1538335181e-03,5.1970074840e+01,1.6758487638e+00,1.7089533900e+01,3.6766276620e-01,7.3473618396e-03,9.4143271817e-03
5.0000000000e+00,-1.1646394464e-03,5.1999276850e+01,1.6858487579e+00,1.7091769657e+01,3.6761467260e-01,7.4723576278e-03,9.4674565192e-03
5.0000000000e+00,-1.1754397002e-03,5.2028496340e+01,1.6958487521e+00,1.7094008287e+01,3.6756652980e-01,7.6009141441e-03,9.5205655187e-03
5.0000000000e+00,-1.1862332239e-03,5.2057730440e+01,1.7058487463e+00,1.7096249670e+01,3.6751834050e-01,7.7331866453e-03,9.5736538930e-03
5.0000000000e+00,-1.1970189586e-03,5.2086976280e+01,1.7158487405e+00,1.7098493688e+01,3.6747010710e-01,7.8693370055e-03,9.6267213530e-03
5.0000000000e+00,-1.2077958421e-03,5.2116230960e+01,1.7258487347e+00,1.7100740220e+01,3.6742183240e-01,8.0095339725e-03,9.6797676075e-03
5.0000000000e+00,-1.2185628091e-03,5.2145491550e+01,1.7358487289e+00,1.7102989148e+01,3.6737351890e-01,8.1539534338e-03,9.7327923631e-03
5.0000000000e+00,-1.2293187912e-03,5.2174755120e+01,1.7458487231e+00,1.7105240355e+01,3.6732516920e-01,8.3027786898e-03,9.7857953244e-03
5.0000000000e+00,-1.2400627167e-03,5.2204018690e+01,1.7558487173e+00,1.7107493722e+01,3.6727678580e-01,8.4562007370e-03,9.8387761937e-03
5.0000000000e+00,-1.2507935106e-03,5.2233279280e+01,1.7658487115e+00,1.7109749132e+01,3.6722837130e-01,8.6144185601e-03,9.8917346713e-03
5.0000000000e+00,-1.2615100947e-03,5.2262533880e+01,1.7758487058e+00,1.7112006471e+01,3.6717992820e-01,8.7776394330e-03,9.9446854027e-03
5.0000000000e+00,-1.2722113874e-03,5.2291779450e+01,1.7858487001e+00,1.7114265621e+01,3.6713145900e-01,8.9460792305e-03,9.9977412496e-03
5.0000000000e+00,-1.2828963040e-03,5.2321012950e+01,1.7958486944e+00,1.7116526468e+01,3.6708296620e-01,9.1199627481e-03,1.0050776283e-02
5.0000000000e+00,-1.2935637563e-03,5.2350231280e+01,1.8058486887e+00,1.7118788896e+01,3.6703445230e-01,9.2995240338e-03,1.0103790214e-02
5.0000000000e+00,-1.3042126528e-03,5.2379431360e+01,1.8158486830e+00,1.7121052793e+01,3.6698591980e-01,9.4850067287e-03,1.0156782754e-02
5.0000000000e+00,-1.3148418986e-03,5.2408610050e+01,1.8258486774e+00,1.7123318044e+01,3.6693737110e-01,9.6766644188e-03,1.0209753609e-02
5.0000000000e+00,-1.3254503955e-03,5.2437764220e+01,1.8358486717e+00,1.7125584537e+01,3.6688880860e-01,9.8747609974e-03,1.0262702485e-02
5.0000000000e+00,-1.3360370417e-03,5.2466890690e+01,1.8458486661e+00,1.7127852160e+01,3.6684023480e-01,1.0079571039e-02,1.0315629087e-02
5.0000000000e+00,-1.3466007321e-03,5.2495986280e+01,1.8558486605e+00,1.7130120800e+01,3.6679165200e-01,1.0291380182e-02,1.0368533115e-02
5.0000000000e+00,-1.3571403580e-03,5.2525047760e+01,1.8658486550e+00,1.7132390347e+01,3.6674306270e-01,1.0510485529e-02,1.0421414270e-02
5.0000000000e+00,-1.3676548071e-03,5.2554071900e+01,1.8758486495e+00,1.7134660691e+01,3.6669446920e-01,1.0737196049e-02,1.0474272249e-02
5.0000000000e+00,-1.3781429639e-03,5.2583055430e+01,1.8858486440e+00,1.7136931721e+01,3.6664587390e-01,1.0971833004e-02,1.0527106747e-02
5.0000000000e+00,-1.3886037090e-03,5.2611995080e+01,1.8958486385e+00,1.7139203329e+01,3.6659727920e-01,1.1214730376e-02,1.0579917457e-02
5.0000000000e+00,-1.3990359196e-03,5.2640887530e+01,1.9058486331e+00,1.7141475405e+01,3.6654868730e-01,1.1466235312e-02,1.0632704071e-02
5.0000000000e+00,-1.4094384691e-03,5.2669729440e+01,1.9158486276e+00,1.7143747842e+01,3.6650010050e-01,1.1726708585e-02,1.0685466278e-02
5.0000000000e+00,-1.4198102273e-03,5.2698517470e+01,1.9258486223e+00,1.7146020531e+01,3.6645152130e-01,1.1996525063e-02,1.0738203764e-02
5.0000000000e+00,-1.4301500604e-03,5.2727248220e+01,1.9358486169e+00,1.7148293367e+01,3.6640295170e-01,1.2276074192e-02,1.0790916215e-02
5.0000000000e+00,-1.4404568307e-03,5.2755918300e+01,1.9458486116e+00,1.7150566243e+01,3.6635439430e-01,1.2565760495e-02,1.0843603312e-02
5.0000000000e+00,-1.4507293970e-03,5.2784524270e+01,1.9558486063e+00,1.7152839054e+01,3.6630585100e-01,1.2866004081e-02,1.0896264737e-02
5.0000000000e+00,-1.4609666140e-03,5.2813062690e+01,1.9658486011e+00,1.7155111694e+01,3.6625732430e-01,1.3177241176e-02,1.0948900166e-02
5.0000000000e+00,-1.4711673329e-03,5.2841530070e+01,1.9758485959e+00,1.7157384060e+01,3.6620881630e-01,1.3499924656e-02,1.1001509276e-02
5.0000000000e+00,-1.4813304007e-03,5.2869922920e+01,1.9858485907e+00,1.7159656046e+01,3.6616032920e-01,1.3834524608e-02,1.1054091741e-02
5.0000000000e+00,-1.4914546607e-03,5.2898237690e+01,1.9958485856e+00,1.7161927551e+01,3.6611186530e-01,1.4181528899e-02,1.1106647232e-02
5.0000000000e+00,-1.5015389523e-03,5.2926470860e+01,2.0058485805e+00,1.7164198472e+01,3.6606342660e-01,1.4541443757e-02,1.1159175417e-02
5.0000000000e+00,-1.5115821109e-03,5.2954618830e+01,2.0158485755e+00,1.7166468707e+01,3.6601501530e-01,1.4914794378e-02,1.1211675963e-02
5.0000000000e+00,-1.5215829679e-03,5.2982678010e+01,2.0258485705e+00,1.7168738155e+01,3.6596663370e-01,1.5302125538e-02,1.1264148534e-02
5.0000000000e+00,-1.5315403506e-03,5.3010644770e+01,2.0358485655e+00,1.7171006714e+01,3.6591828380e-01,1.5704002232e-02,1.1316592793e-02
5.0000000000e+00,-1.5414530823e-03,5.3038515470e+01,2.0458485606e+00,1.7173274286e+01,3.6586996760e-01,1.6121010317e-02,1.1369008399e-02
5.0000000000e+00,-1.5513199823e-03,5.3066286420e+01,2.0558485557e+00,1.7175540770e+01,3.6582168740e-01,1.6553757184e-02,1.1421395008e-02
5.0000000000e+00,-1.5611398656e-03,5.3093953930e+01,2.0658485509e+00,1.7177806069e+01,3.6577344520e-01,1.7002872440e-02,1.1473752276e-02
5.0000000000e+00,-1.5709115430e-03,5.3121514270e+01,2.0758485461e+00,1.7180070084e+01,3.6572524310e-01,1.7469008610e-02,1.1526079854e-02
5.0000000000e+00,-1.5806338213e-03,5.3148963700e+01,2.0858485414e+00,1.7182332718e+01,3.6567708300e-01,1.7952841856e-02,1.1578377392e-02
5.0000000000e+00,-1.5903055029e-03,5.3176298440e+01,2.0958485367e+00,1.7184593873e+01,3.6562896710e-01,1.8455072716e-02,1.1630644537e-02
5.0000000000e+00,-1.5999253859e-03,5.3203514680e+01,2.1058485321e+00,1.7186853455e+01,3.6558089730e-01,1.8976426858e-02,1.1682880934e-02
5.0000000000e+00,-1.6094922643e-03,5.3230608610e+01,2.1158485275e+00,1.7189111367e+01,3.6553287560e-01,1.9517655856e-02,1.1735086224e-02
5.0000000000e+00,-1.6190049274e-03,5.3257576380e+01,2.1258485230e+00,1.7191367515e+01,3.6548490410e-01,2.0079537985e-02,1.1787260047e-02
5.0000000000e+00,-1.6284621604e-03,5.3284414100e+01,2.1358485185e+00,1.7193621805e+01,3.6543698460e-01,2.0662879035e-02,1.1839429650e-02
5.0000000000e+00,-1.6378627439e-03,5.3311117890e+01,2.1458485141e+00,1.7195874143e+01,3.6538911920e-01,2.1268513142e-02,1.1891755639e-02
5.0000000000e+00,-1.6472054543e-03,5.3337683800e+01,2.1558485098e+00,1.7198124436e+01,3.6534130980e-01,2.1897303647e-02,1.1944052472e-02
5.0000000000e+00,-1.6564890633e-03,5.3364107910e+01,2.1658485054e+00,1.7200372594e+01,3.6529355820e-01,2.2550143966e-02,1.1996319808e-02
5.0000000000e+00,-1.6657123380e-03,5.3390386220e+01,2.1758485012e+00,1.7202618523e+01,3.6524586640e-01,2.3227958486e-02,1.2048557304e-02
5.0000000000e+00,-1.6748740411e-03,5.3416514740e+01,2.1858484970e+00,1.7204862134e+01,3.6519823630e-01,2.3931703487e-02,1.2100764615e-02
5.0000000000e+00,-1.6839729307e-03,5.3442489440e+01,2.1958484929e+00,1.7207103337e+01,3.6515066970e-01,2.4662368074e-02,1.2152941391e-02
5.0000000000e+00,-1.6930077603e-03,5.3468306280e+01,2.2058484888e+00,1.7209342043e+01,3.6510316850e-01,2.5420975142e-02,1.2205087284e-02
5.0000000000e+00,-1.7019772786e-03,5.3493961180e+01,2.2158484847e+00,1.7211578162e+01,3.6505573450e-01,2.6208582360e-02,1.2257201939e-02
5.0000000000e+00,-1.7108802298e-03,5.3519450040e+01,2.2258484808e+00,1.7213811607e+01,3.6500836950e-01,2.7026283172e-02,1.2309285002e-02
5.0000000000e+00,-1.7197153532e-03,5.3544768740e+01,2.2358484769e+00,1.7216042292e+01,3.6496107530e-01,2.7875207833e-02,1.2361336112e-02
5.0000000000e+00,-1.7284813834e-03,5.3569913120e+01,2.2458484730e+00,1.7218270129e+01,3.6491385370e-01,2.8756524458e-02,1.2413354911e-02
5.0000000000e+00,-1.7371770503e-03,5.3594879010e+01,2.2558484693e+00,1.7220495034e+01,3.6486670650e-01,2.9671440100e-02,1.2465341033e-02
5.0000000000e+00,-1.7458010790e-03,5.3619662220e+01,2.2658484655e+00,1.7222716921e+01,3.6481963540e-01,3.0621201853e-02,1.2517294113e-02
5.0000000000e+00,-1.7543521896e-03,5.3644258530e+01,2.2758484619e+00,1.7224935706e+01,3.6477264210e-01,3.1607097976e-02,1.2569213781e-02
5.0000000000e+00,-1.7628290975e-03,5.3668663680e+01,2.2858484583e+00,1.7227151306e+01,3.6472572830e-01,3.2630459048e-02,1.2621099665e-02
5.0000000000e+00,-1.7712305132e-03,5.3692873400e+01,2.2958484548e+00,1.7229363639e+01,3.6467889580e-01,3.3692659142e-02,1.2672951391e-02
5.0000000000e+00,-1.7795551421e-03,5.3716883410e+01,2.3058484513e+00,1.7231572623e+01,3.6463214610e-01,3.4795117033e-02,1.2724768581e-02
5.0000000000e+00,-1.7878016850e-03,5.3740689390e+01,2.3158484479e+00,1.7233778177e+01,3.6458548110e-01,3.5939297422e-02,1.2776550854e-02
5.0000000000e+00,-1.7959688373e-03,5.3764286980e+01,2.3258484446e+00,1.7235980221e+01,3.6453890210e-01,3.7126712201e-02,1.2828297827e-02
5.0000000000e+00,-1.8040552897e-03,5.3787671840e+01,2.3358484413e+00,1.7238178676e+01,3.6449241100e-01,3.8358921731e-02,1.2880009113e-02
5.0000000000e+00,-1.8120597280e-03,5.3810839560e+01,2.3458484381e+00,1.7240373463e+01,3.6444600930e-01,3.9637536159e-02,1.2931684323e-02
5.0000000000e+00,-1.8199808326e-03,5.3833785750e+01,2.3558484350e+00,1.7242564506e+01,3.6439969850e-01,4.0964216756e-02,1.2983323063e-02
5.0000000000e+00,-1.8278172792e-03,5.3856505950e+01,2.3658484319e+00,1.7244751726e+01,3.6435348020e-01,4.2340677289e-02,1.3034924938e-02
5.0000000000e+00,-1.8355677383e-03,5.3878995730e+01,2.3758484289e+00,1.7246935049e+01,3.6430735600e-01,4.3768685420e-02,1.3086489550e-02
5.0000000000e+00,-1.8432308752e-03,5.3901250590e+01,2.3858484259e+00,1.7249114400e+01,3.6426132740e-01,4.5250064134e-02,1.3138016495e-02
5.0000000000e+00,-1.8508053504e-03,5.3923266040e+01,2.3958484231e+00,1.7251289704e+01,3.6421539580e-01,4.6786693197e-02,1.3189505368e-02
5.0000000000e+00,-1.8582898190e-03,5.3945037560e+01,2.4058484203e+00,1.7253460889e+01,3.6416956270e-01,4.8380510651e-02,1.3240955761e-02
5.0000000000e+00,-1.8656829312e-03,5.3966560590e+01,2.4158484175e+00,1.7255627883e+01,3.6412382960e-01,5.0033514328e-02,1.3292367260e-02
5.0000000000e+00,-1.8729833320e-03,5.3987830580e+01,2.4258484149e+00,1.7257790614e+01,3.6407819790e-01,5.1747763411e-02,1.3343775085e-02
5.0000000000e+00,-1.8801896613e-03,5.4008842940e+01,2.4358484123e+00,1.7259949013e+01,3.6403266910e-01,5.3525380014e-02,1.3395405733e-02
5.0000000000e+00,-1.8873005538e-03,5.4029593070e+01,2.4458484097e+00,1.7262103011e+01,3.6398724440e-01,5.5368550801e-02,1.3447000709e-02
5.0000000000e+00,-1.8943146392e-03,5.4050076330e+01,2.4558484073e+00,1.7264252539e+01,3.6394192520e-01,5.7279528640e-02,1.3498559628e-02
5.0000000000e+00,-1.9012305418e-03,5.4070288070e+01,2.4658484049e+00,1.7266397531e+01,3.6389671300e-01,5.9260634286e-02,1.3550082103e-02
5.0000000000e+00,-1.9080468811e-03,5.4090223640e+01,2.4758484026e+00,1.7268537921e+01,3.6385160900e-01,6.1314258105e-02,1.3601567745e-02
5.0000000000e+00,-1.9147622713e-03,5.4109878350e+01,2.4858484003e+00,1.7270673644e+01,3.6380661440e-01,6.3442861824e-02,1.3653016159e-02
5.0000000000e+00,-1.9213753215e-03,5.4129247490e+01,2.4958483981e+00,1.7272804636e+01,3.6376173060e-01,6.5648980326e-02,1.3704426950e-02
5.0000000000e+00,-1.9278846356e-03,5.4148326350e+01,2.5058483960e+00,1.7274930835e+01,3.6371695880e-01,6.7935223477e-02,1.3755799717e-02
5.0000000000e+00,-1.9342888126e-03,5.4167110170e+01,2.5158483940e+00,1.7277052179e+01,3.6367230020e-01,7.0304277987e-02,1.3807134055e-02
5.0000000000e+00,-1.9405864463e-03,5.4185594210e+01,2.5258483920e+00,1.7279168609e+01,3.6362775600e-01,7.2758909315e-02,1.3858429559e-02
5.0000000000e+00,-1.9467761253e-03,5.4203773690e+01,2.5358483901e+00,1.7281280065e+01,3.6358332740e-01,7.5301963607e-02,1.3909685818e-02
5.0000000000e+00,-1.9528564334e-03,5.4221643830e+01,2.5458483882e+00,1.7283386491e+01,3.6353901540e-01,7.7936369676e-02,1.3960902416e-02
5.0000000000e+00,-1.9588259493e-03,5.4239199800e+01,2.5558483864e+00,1.7285487829e+01,3.6349482120e-01,8.0665141016e-02,1.4012078937e-02
5.0000000000e+00,-1.9646832466e-03,5.4256436810e+01,2.5658483847e+00,1.7287584025e+01,3.6345074580e-01,8.3491377865e-02,1.4063214959e-02
5.0000000000e+00,-1.9704268939e-03,5.4273350010e+01,2.5758483831e+00,1.7289675026e+01,3.6340679030e-01,8.6418269303e-02,1.4114310056e-02
5.0000000000e+00,-1.9760554551e-03,5.4289934540e+01,2.5858483815e+00,1.7291760778e+01,3.6336295580e-01,8.9449095387e-02,1.4165363799e-02
5.0000000000e+00,-1.9815674889e-03,5.4306185560e+01,2.5958483800e+00,1.7293841231e+01,3.6331924310e-01,9.2587229342e-02,1.4216375755e-02
5.0000000000e+00,-1.9869615494e-03,5.4322098180e+01,2.6058483785e+00,1.7295916336e+01,3.6327565330e-01,9.5836139779e-02,1.4267345487e-02
5.0000000000e+00,-1.9922361857e-03,5.4337667510e+01,2.6158483771e+00,1.7297986046e+01,3.6323218730e-01,9.9199392968e-02,1.4318272554e-02
5.0000000000e+00,-1.9973899421e-03,5.4352888660e+01,2.6258483758e+00,1.7300050313e+01,3.6318884590e-01,1.0268065515e-01,1.4369156510e-02
5.0000000000e+00,-2.0024213584e-03,5.4367756720e+01,2.6358483745e+00,1.7302109093e+01,3.6314563000e-01,1.0628369490e-01,1.4419996908e-02
5.0000000000e+00,-2.0073289696e-03,5.4382266770e+01,2.6458483733e+00,1.7304162343e+01,3.6310254050e-01,1.1001238553e-01,1.4470793292e-02
5.0000000000e+00,-2.0121113059e-03,5.4396413880e+01,2.6558483722e+00,1.7306210022e+01,3.6305957800e-01,1.1387070754e-01,1.4521545207e-02
5.0000000000e+00,-2.0167668932e-03,5.4410193110e+01,2.6658483711e+00,1.7308252090e+01,3.6301674340e-01,1.1786275110e-01,1.4572268526e-02
5.0000000000e+00,-2.0212942528e-03,5.4423599520e+01,2.6758483701e+00,1.7310288509e+01,3.6297403730e-01,1.2199271865e-01,1.4623318085e-02
5.0000000000e+00,-2.0256919016e-03,5.4436628160e+01,2.6858483691e+00,1.7312319242e+01,3.6293146050e-01,1.2626492744e-01,1.4674327429e-02
5.0000000000e+00,-2.0299583522e-03,5.4449274070e+01,2.6958483682e+00,1.7314344257e+01,3.6288901350e-01,1.3068381221e-01,1.4725296135e-02
5.0000000000e+00,-2.0340921128e-03,5.4461532280e+01,2.7058483673e+00,1.7316363520e+01,3.6284669700e-01,1.3525392787e-01,1.4776223780e-02
5.0000000000e+00,-2.0380916877e-03,5.4473397840e+01,2.7158483665e+00,1.7318377001e+01,3.6280451150e-01,1.3997995229e-01,1.4827109935e-02
5.0000000000e+00,-2.0419555767e-03,5.4484865770e+01,2.7258483658e+00,1.7320384671e+01,3.6276245740e-01,1.4486668906e-01,1.4877954166e-02
5.0000000000e+00,-2.0456822760e-03,5.4495931100e+01,2.7358483651e+00,1.7322386505e+01,3.6272053540e-01,1.4991907037e-01,1.4928756038e-02
5.0000000000e+00,-2.0492702776e-03,5.4506588850e+01,2.7458483645e+00,1.7324382477e+01,3.6267874570e-01,1.5514215994e-01,1.4979515107e-02
5.0000000000e+00,-2.0527180698e-03,5.4516834060e+01,2.7558483639e+00,1.7326372567e+01,3.6263708880e-01,1.6054115597e-01,1.5030230930e-02
5.0000000000e+00,-2.0560241374e-03,5.4526661750e+01,2.7658483633e+00,1.7328356754e+01,3.6259556500e-01,1.6612139416e-01,1.5080903055e-02
5.0000000000e+00,-2.0591869612e-03,5.4536066940e+01,2.7758483628e+00,1.7330335020e+01,3.6255417450e-01,1.7188835083e-01,1.5131531028e-02
5.0000000000e+00,-2.0622050190e-03,5.4545044670e+01,2.7858483624e+00,1.7332307351e+01,3.6251291760e-01,1.7784764606e-01,1.5182114391e-02
5.0000000000e+00,-2.0650767850e-03,5.4553589980e+01,2.7958483620e+00,1.7334273734e+01,3.6247179450e-01,1.8400504688e-01,1.5232652679e-02
5.0000000000e+00,-2.0678007303e-03,5.4561697900e+01,2.8058483616e+00,1.7336234158e+01,3.6243080530e-01,1.9036647053e-01,1.5283145425e-02
5.0000000000e+00,-2.0703753227e-03,5.4569363490e+01,2.8158483613e+00,1.7338188617e+01,3.6238995010e-01,1.9693798787e-01,1.5333592156e-02
5.0000000000e+00,-2.0727990275e-03,5.4576581790e+01,2.8258483610e+00,1.7340137104e+01,3.6234922880e-01,2.0372582667e-01,1.5383992394e-02
5.0000000000e+00,-2.0750703069e-03,5.4583347860e+01,2.8358483607e+00,1.7342079617e+01,3.6230864150e-01,2.1073637518e-01,1.5434345658e-02
5.0000000000e+00,-2.0771876205e-03,5.4589656790e+01,2.8458483605e+00,1.7344016158e+01,3.6226818810e-01,2.1797618557e-01,1.5484651459e-02
5.0000000000e+00,-2.0791494255e-03,5.4595503660e+01,2.8558483603e+00,1.7345946728e+01,3.6222786830e-01,2.2545197762e-01,1.5534909306e-02
5.0000000000e+00,-2.0809541769e-03,5.4600883560e+01,2.8658483601e+00,1.7347871335e+01,3.6218768200e-01,2.3317064231e-01,1.5585118703e-02
5.0000000000e+00,-2.0826003275e-03,5.4605791590e+01,2.8758483600e+00,1.7349789988e+01,3.6214762900e-01,2.4113924565e-01,1.5635567125e-02
5.0000000000e+00,-2.0840863280e-03,5.4610222900e+01,2.8858483599e+00,1.7351702699e+01,3.6210770880e-01,2.4936503241e-01,1.5686167056e-02
5.0000000000e+00,-2.0854106275e-03,5.4614172610e+01,2.8958483598e+00,1.7353609483e+01,3.6206792100e-01,2.5785543008e-01,1.5736723970e-02
5.0000000000e+00,-2.0865716736e-03,5.4617635890e+01,2.9058483597e+00,1.7355510358e+01,3.6202826520e-01,2.6661805280e-01,1.5787237417e-02
5.0000000000e+00,-2.0875679124e-03,5.4620607920e+01,2.9158483597e+00,1.7357405348e+01,3.6198874090e-01,2.7566070545e-01,1.5837706943e-02
5.0000000000e+00,-2.0883977889e-03,5.4623083900e+01,2.9258483596e+00,1.7359294478e+01,3.6194934740e-01,2.8499138771e-01,1.5888132090e-02
5.0000000000e+00,-2.0890597472e-03,5.4625059040e+01,2.9358483596e+00,1.7361177776e+01,3.6191008400e-01,2.9461829835e-01,1.5938512395e-02
5.0000000000e+00,-2.0895522305e-03,5.4626528600e+01,2.9458483596e+00,1.7363055275e+01,3.6187095000e-01,3.0454983945e-01,1.5988847389e-02
5.0000000000e+00,-2.0898736818e-03,5.4627487840e+01,2.9558483596e+00,1.7364927011e+01,3.6183194450e-01,3.1479462083e-01,1.6039136601e-02
5.0000000000e+00,-2.0900225435e-03,5.4627932080e+01,2.9658483596e+00,1.7366793025e+01,3.6179306670e-01,3.2536146450e-01,1.6089379553e-02
5.0000000000e+00,-2.0899972583e-03,5.4627856620e+01,2.9758483596e+00,1.7368653360e+01,3.6175431550e-01,3.3625940919e-01,1.6139575762e-02
5.0000000000e+00,-2.0897962689e-03,5.4627256830e+01,2.9858483596e+00,1.7370508065e+01,3.6171568980e-01,3.4749771505e-01,1.6189724743e-02
5.0000000000e+00,-2.0894180187e-03,5.4626128110e+01,2.9958483596e+00,1.7372357191e+01,3.6167718850e-01,3.5908586832e-01,1.6239826003e-02
5.0000000000e+00,-2.0888609517e-03,5.4624465860e+01,3.0058483596e+00,1.7374200794e+01,3.6163881040e-01,3.7103358623e-01,1.6289879045e-02
5.0000000000e+00,-2.0881235129e-03,5.4622265560e+01,3.0158483596e+00,1.7376038937e+01,3.6160055410e-01,3.8335082190e-01,1.6339883368e-02
5.0000000000e+00,-2.0872041490e-03,5.4619522690e+01,3.0258483595e+00,1.7377871682e+01,3.6156241810e-01,3.9604776937e-01,1.6389838467e-02
5.0000000000e+00,-2.0861013077e-03,5.4616232790e+01,3.0358483594e+00,1.7379699101e+01,3.6152440100e-01,4.0913486875e-01,1.6439743828e-02
5.0000000000e+00,-2.0848134392e-03,5.4612391430e+01,3.0458483594e+00,1.7381521266e+01,3.6148650110e-01,4.2262281145e-01,1.6489598936e-02
5.0000000000e+00,-2.0833389954e-03,5.4607994240e+01,3.0558483593e+00,1.7383338258e+01,3.6144871680e-01,4.3652254553e-01,1.6539932309e-02
5.0000000000e+00,-2.0816764312e-03,5.4603036870e+01,3.0658483591e+00,1.7385150160e+01,3.6141104620e-01,4.5084528117e-01,1.6590280668e-02
5.0000000000e+00,-2.0798242042e-03,5.4597515030e+01,3.0758483589e+00,1.7386957060e+01,3.6137348730e-01,4.6560249620e-01,1.6640585518e-02
5.0000000000e+00,-2.0777807748e-03,5.4591424470e+01,3.0858483587e+00,1.7388759053e+01,3.6133603830e-01,4.8080594183e-01,1.6690846405e-02
5.0000000000e+00,-2.0755446074e-03,5.4584761000e+01,3.0958483585e+00,1.7390556238e+01,3.6129869690e-01,4.9646764840e-01,1.6741062869e-02
5.0000000000e+00,-2.0731141701e-03,5.4577520490e+01,3.1058483582e+00,1.7392348719e+01,3.6126146090e-01,5.1259993138e-01,1.6791234449e-02
5.0000000000e+00,-2.0704879352e-03,5.4569698830e+01,3.1158483579e+00,1.7394136606e+01,3.6122432800e-01,5.2921539734e-01,1.6841360678e-02
5.0000000000e+00,-2.0676643797e-03,5.4561291990e+01,3.1258483575e+00,1.7395920015e+01,3.6118729570e-01,5.4632695013e-01,1.6891441085e-02
5.0000000000e+00,-2.0646419854e-03,5.4552296000e+01,3.1358483570e+00,1.7397699067e+01,3.6115036150e-01,5.6394779723e-01,1.6941475194e-02
5.0000000000e+00,-2.0614192396e-03,5.4542706950e+01,3.1458483565e+00,1.7399473890e+01,3.6111352260e-01,5.8209145614e-01,1.6991462526e-02
5.0000000000e+00,-2.0579946352e-03,5.4532520970e+01,3.1558483559e+00,1.7401244616e+01,3.6107677620e-01,6.0077176097e-01,1.7041402598e-02
5.0000000000e+00,-2.0543666713e-03,5.4521734280e+01,3.1658483552e+00,1.7403011385e+01,3.6104011930e-01,6.2000286913e-01,1.7091294924e-02
5.0000000000e+00,-2.0505338536e-03,5.4510343160e+01,3.1758483545e+00,1.7404774343e+01,3.6100354900e-01,6.3979926820e-01,1.7141139010e-02
5.0000000000e+00,-2.0464946945e-03,5.4498343930e+01,3.1858483537e+00,1.7406533642e+01,3.6096706190e-01,6.6017578292e-01,1.7190934362e-02
5.0000000000e+00,-2.0422477141e-03,5.4485733020e+01,3.1958483528e+00,1.7408289440e+01,3.6093065480e-01,6.8114758232e-01,1.7240680480e-02
5.0000000000e+00,-2.0377914400e-03,5.4472506920e+01,3.2058483518e+00,1.7410041902e+01,3.6089432420e-01,7.0273018705e-01,1.7290615012e-02
5.0000000000e+00,-2.0331244083e-03,5.4458662170e+01,3.2158483507e+00,1.7411791201e+01,3.6085806650e-01,7.2493947682e-01,1.7340960606e-02
5.0000000000e+00,-2.0282451637e-03,5.4444195410e+01,3.2258483495e+00,1.7413537516e+01,3.6082187790e-01,7.4779169800e-01,1.7391265130e-02
5.0000000000e+00,-2.0231522598e-03,5.4429103360e+01,3.2358483482e+00,1.7415281034e+01,3.6078575450e-01,7.7130347145e-01,1.7441528167e-02
5.0000000000e+00,-2.0178442602e-03,5.4413382810e+01,3.2458483468e+00,1.7417021947e+01,3.6074969230e-01,7.9549180042e-01,1.7491749296e-02
5.0000000000e+00,-2.0123197383e-03,5.4397030630e+01,3.2558483453e+00,1.7418760456e+01,3.6071368700e-01,8.2037407870e-01,1.7541928094e-02
5.0000000000e+00,-2.0065772782e-03,5.4380043780e+01,3.2658483436e+00,1.7420496771e+01,3.6067773440e-01,8.4596809893e-01,1.7592064136e-02
5.0000000000e+00,-2.0006154748e-03,5.4362419320e+01,3.2758483419e+00,1.7422231106e+01,3.6064182990e-01,8.7229206106e-01,1.7642156994e-02
5.0000000000e+00,-1.9944329347e-03,5.4344154370e+01,3.2858483399e+00,1.7423963688e+01,3.6060596890e-01,8.9936458103e-01,1.7692206239e-02
5.0000000000e+00,-1.9880282766e-03,5.4325246150e+01,3.2958483379e+00,1.7425694747e+01,3.6057014650e-01,9.2720469967e-01,1.7742211439e-02
5.0000000000e+00,-1.9814001316e-03,5.4305692000e+01,3.3058483357e+00,1.7427424524e+01,3.6053435770e-01,9.5583189167e-01,1.7792172159e-02
5.0000000000e+00,-1.9745471438e-03,5.4285489310e+01,3.3158483334e+00,1.7429153267e+01,3.6049859740e-01,9.8526607493e-01,1.7842087964e-02
5.0000000000e+00,-1.9674679708e-03,5.4264635610e+01,3.3258483308e+00,1.7430881234e+01,3.6046286030e-01,1.0155276200e+00,1.7891958415e-02
5.0000000000e+00,-1.9601612846e-03,5.4243128500e+01,3.3358483282e+00,1.7432608691e+01,3.6042714080e-01,1.0466373596e+00,1.7941783074e-02
5.0000000000e+00,-1.9526257716e-03,5.4220965690e+01,3.3458483253e+00,1.7434335911e+01,3.6039143330e-01,1.0786165990e+00,1.7991953803e-02
5.0000000000e+00,-1.9448601331e-03,5.4198145000e+01,3.3558483223e+00,1.7436063180e+01,3.6035573180e-01,1.1114871253e+00,1.8042499973e-02
5.0000000000e+00,-1.9368630866e-03,5.4174664340e+01,3.3658483191e+00,1.7437790788e+01,3.6032003040e-01,1.1452712186e+00,1.8093010200e-02
5.0000000000e+00,-1.9286333654e-03,5.4150521740e+01,3.3758483157e+00,1.7439519039e+01,3.6028432280e-01,1.1799916623e+00,1.8143484152e-02
5.0000000000e+00,-1.9201697199e-03,5.4125715340e+01,3.3858483122e+00,1.7441248243e+01,3.6024860260e-01,1.2156717534e+00,1.8193921501e-02
5.0000000000e+00,-1.9114709175e-03,5.4100243380e+01,3.3958483084e+00,1.7442978721e+01,3.6021286320e-01,1.2523353146e+00,1.8244321916e-02
5.0000000000e+00,-1.9025357439e-03,5.4074104230e+01,3.4058483044e+00,1.7444710804e+01,3.6017709770e-01,1.2900067045e+00,1.8294685068e-02
5.0000000000e+00,-1.8933630030e-03,5.4047296350e+01,3.4158483002e+00,1.7446444832e+01,3.6014129910e-01,1.3287108299e+00,1.8345010631e-02
5.0000000000e+00,-1.8839515178e-03,5.4019818340e+01,3.4258482958e+00,1.7448181156e+01,3.6010546030e-01,1.3684731575e+00,1.8395298277e-02
5.0000000000e+00,-1.8743001309e-03,5.3991668910e+01,3.4358482911e+00,1.7449920137e+01,3.6006957380e-01,1.4093197258e+00,1.8445547682e-02
5.0000000000e+00,-1.8644077051e-03,5.3962846890e+01,3.4458482862e+00,1.7451662145e+01,3.6003363200e-01,1.4512771575e+00,1.8495758522e-02
5.0000000000e+00,-1.8542731240e-03,5.3933351240e+01,3.4558482811e+00,1.7453407562e+01,3.5999762710e-01,1.4943726725e+00,1.8545930476e-02
5.0000000000e+00,-1.8438952924e-03,5.3903181020e+01,3.4658482757e+00,1.7455156781e+01,3.5996155100e-01,1.5386341004e+00,1.8596070272e-02
5.0000000000e+00,-1.8332731372e-03,5.3872335450e+01,3.4758482700e+00,1.7456910204e+01,3.5992539540e-01,1.5840898940e+00,1.8647089681e-02
5.0000000000e+00,-1.8224056076e-03,5.3840813850e+01,3.4858482641e+00,1.7458668245e+01,3.5988915190e-01,1.6307691429e+00,1.8698081908e-02
5.0000000000e+00,-1.8112916760e-03,5.3808615680e+01,3.4958482580e+00,1.7460431329e+01,3.5985281170e-01,1.6787015874e+00,1.8749046772e-02
5.0000000000e+00,-1.7999303386e-03,5.3775740530e+01,3.5058482515e+00,1.7462199892e+01,3.5981636600e-01,1.7279176323e+00,1.8799984097e-02
5.0000000000e+00,-1.7883206154e-03,5.3742188130e+01,3.5158482448e+00,1.7463974382e+01,3.5977980550e-01,1.7784483621e+00,1.8850893714e-02
5.0000000000e+00,-1.7764615518e-03,5.3707958330e+01,3.5258482377e+00,1.7465755258e+01,3.5974312100e-01,1.8303255551e+00,1.8901775457e-02
5.0000000000e+00,-1.7643522180e-03,5.3673051120e+01,3.5358482304e+00,1.7467542991e+01,3.5970630270e-01,1.8835816995e+00,1.8952629167e-02
5.0000000000e+00,-1.7519917107e-03,5.3637466620e+01,3.5458482228e+00,1.7469338063e+01,3.5966934090e-01,1.9382500081e+00,1.9003454690e-02
5.0000000000e+00,-1.7393791529e-03,5.3601205100e+01,3.5558482148e+00,1.7471140968e+01,3.5963222540e-01,1.9943644348e+00,1.9054251880e-02
5.0000000000e+00,-1.7265136946e-03,5.3564266970e+01,3.5658482065e+00,1.7472952213e+01,3.5959494600e-01,2.0519596907e+00,1.9105020596e-02
5.0000000000e+00,-1.7133945138e-03,5.3526652750e+01,3.5758481979e+00,1.7474772317e+01,3.5955749200e-01,2.1110712608e+00,1.9155760705e-02
5.0000000000e+00,-1.7000208166e-03,5.3488363150e+01,3.5858481890e+00,1.7476601810e+01,3.5951985260e-01,2.1717354213e+00,1.9207166338e-02
5.0000000000e+00,-1.6863918378e-03,5.3449398980e+01,3.5958481797e+00,1.7478441236e+01,3.5948201690e-01,2.2339892567e+00,1.9258905282e-02
5.0000000000e+00,-1.6725068418e-03,5.3409761210e+01,3.6058481701e+00,1.7480291150e+01,3.5944397340e-01,2.2978706780e+00,1.9310629606e-02
5.0000000000e+00,-1.6583651227e-03,5.3369450950e+01,3.6158481601e+00,1.7482152121e+01,3.5940571070e-01,2.3634184411e+00,1.9362339358e-02
5.0000000000e+00,-1.6439660053e-03,5.3328469460e+01,3.6258481497e+00,1.7484024731e+01,3.5936721690e-01,2.4306721652e+00,1.9414034598e-02
5.0000000000e+00,-1.6293088451e-03,5.3286818140e+01,3.6358481390e+00,1.7485909572e+01,3.5932848000e-01,2.4996723525e+00,1.9465715396e-02
5.0000000000e+00,-1.6143930294e-03,5.3244498540e+01,3.6458481278e+00,1.7487807253e+01,3.5928948760e-01,2.5704604074e+00,1.9517381834e-02
5.0000000000e+00,-1.5992179774e-03,5.3201512360e+01,3.6558481163e+00,1.7489718392e+01,3.5925022730e-01,2.6430786568e+00,1.9569034005e-02
5.0000000000e+00,-1.5837831409e-03,5.3157861430e+01,3.6658481044e+00,1.7491643624e+01,3.5921068610e-01,2.7175703711e+00,1.9620672015e-02
5.0000000000e+00,-1.5680880046e-03,5.3113547740e+01,3.6758480921e+00,1.7493583594e+01,3.5917085100e-01,2.7939797845e+00,1.9672295983e-02
5.0000000000e+00,-1.5521320870e-03,5.3068573430e+01,3.6858480794e+00,1.7495538962e+01,3.5913070870e-01,2.8723521176e+00,1.9724221687e-02
5.0000000000e+00,-1.5359149404e-03,5.3022940780e+01,3.6958480662e+00,1.7497510401e+01,3.5909024560e-01,2.9527335985e+00,1.9776993589e-02
5.0000000000e+00,-1.5194361516e-03,5.2976652230e+01,3.7058480527e+00,1.7499498598e+01,3.5904944770e-01,3.0351714864e+00,1.9829767814e-02
5.0000000000e+00,-1.5026953425e-03,5.2929710350e+01,3.7158480386e+00,1.7501504252e+01,3.5900830100e-01,3.1197140941e+00,1.9882544704e-02
5.0000000000e+00,-1.4856921703e-03,5.2882117870e+01,3.7258480242e+00,1.7503528077e+01,3.5896679110e-01,3.2064108123e+00,1.9935324616e-02
5.0000000000e+00,-1.4684263279e-03,5.2833877670e+01,3.7358480093e+00,1.7505570799e+01,3.5892490330e-01,3.2953121334e+00,1.9988107928e-02
5.0000000000e+00,-1.4508975446e-03,5.2784992770e+01,3.7458479939e+00,1.7507633161e+01,3.5888262280e-01,3.3864696768e+00,2.0040895034e-02
5.0000000000e+00,-1.4331055861e-03,5.2735466340e+01,3.7558479781e+00,1.7509715916e+01,3.5883993420e-01,3.4799362143e+00,2.0093686345e-02
5.0000000000e+00,-1.4150502555e-03,5.2685301700e+01,3.7658479618e+00,1.7511819832e+01,3.5879682220e-01,3.5757656963e+00,2.0146482294e-02
5.0000000000e+00,-1.3967313928e-03,5.2634502310e+01,3.7758479450e+00,1.7513945691e+01,3.5875327110e-01,3.6740132783e+00,2.0199283329e-02
5.0000000000e+00,-1.3781488761e-03,5.2583071780e+01,3.7858479277e+00,1.7516094290e+01,3.5870926490e-01,3.7747353485e+00,2.0252970050e-02
5.0000000000e+00,-1.3593026213e-03,5.2531013860e+01,3.7958479100e+00,1.7518266437e+01,3.5866478740e-01,3.8779895560e+00,2.0307093383e-02
5.0000000000e+00,-1.3401925830e-03,5.2478332460e+01,3.8058478917e+00,1.7520462955e+01,3.5861982200e-01,3.9838348391e+00,2.0361240964e-02
5.0000000000e+00,-1.3208187542e-03,5.2425031600e+01,3.8158478730e+00,1.7522684683e+01,3.5857435210e-01,4.0923314552e+00,2.0415413514e-02
5.0000000000e+00,-1.3011811669e-03,5.2371115480e+01,3.8258478537e+00,1.7524932471e+01,3.5852836050e-01,4.2035410105e+00,2.0469611775e-02
5.0000000000e+00,-1.2812798925e-03,5.2316588410e+01,3.8358478339e+00,1.7527207183e+01,3.5848183010e-01,4.3175264911e+00,2.0523836516e-02
5.0000000000e+00,-1.2611150417e-03,5.2261454870e+01,3.8458478136e+00,1.7529509698e+01,3.5843474320e-01,4.4343522945e+00,2.0578088529e-02
5.0000000000e+00,-1.2406867650e-03,5.2205719440e+01,3.8558477927e+00,1.7531840908e+01,3.5838708210e-01,4.5540842621e+00,2.0632368631e-02
5.0000000000e+00,-1.2199952528e-03,5.2149386880e+01,3.8658477713e+00,1.7534201720e+01,3.5833882870e-01,4.6767897121e+00,2.0686677666e-02
5.0000000000e+00,-1.1990407353e-03,5.2092462050e+01,3.8758477493e+00,1.7536593052e+01,3.5828996480e-01,4.8025374735e+00,2.0742117111e-02
5.0000000000e+00,-1.1778234834e-03,5.2034949950e+01,3.8858477268e+00,1.7539015838e+01,3.5824047170e-01,4.9313979210e+00,2.0797930461e-02
5.0000000000e+00,-1.1563438079e-03,5.1976855740e+01,3.8958477038e+00,1.7541471024e+01,3.5819033070e-01,5.0634430103e+00,2.0853794864e-02
5.0000000000e+00,-1.1346020604e-03,5.1918184680e+01,3.9058476801e+00,1.7543959571e+01,3.5813952270e-01,5.1987463146e+00,2.0909711477e-02
5.0000000000e+00,-1.1125986330e-03,5.1858942170e+01,3.9158476559e+00,1.7546482453e+01,3.5808802840e-01,5.3373830621e+00,2.0965681488e-02
5.0000000000e+00,-1.0903339583e-03,5.1799133720e+01,3.9258476311e+00,1.7549040656e+01,3.5803582830e-01,5.4794301739e+00,2.1021706115e-02
5.0000000000e+00,-1.0678085097e-03,5.1738765000e+01,3.9358476058e+00,1.7551635180e+01,3.5798290260e-01,5.6249663030e+00,2.1077786607e-02
5.0000000000e+00,-1.0450228013e-03,5.1677841760e+01,3.9458475798e+00,1.7554267039e+01,3.5792923130e-01,5.7740718749e+00,2.1133924246e-02
5.0000000000e+00,-1.0219773879e-03,5.1616369900e+01,3.9558475532e+00,1.7556937260e+01,3.5787479410e-01,5.9268291277e+00,2.1190822162e-02
5.0000000000e+00,-9.9867286499e-04,5.1554355430e+01,3.9658475261e+00,1.7559646880e+01,3.5781957060e-01,6.0833221548e+00,2.1248648963e-02
5.0000000000e+00,-9.7510986858e-04,5.1491804470e+01,3.9758474983e+00,1.7562396953e+01,3.5776354010e-01,6.2436369474e+00,2.1306558046e-02
5.0000000000e+00,-9.5128907534e-04,5.1428723250e+01,3.9858474700e+00,1.7565188544e+01,3.5770668170e-01,6.4078614386e+00,2.1364551046e-02
5.0000000000e+00,-9.2721120235e-04,5.1365118120e+01,3.9958474410e+00,1.7568022729e+01,3.5764897420e-01,6.5760855482e+00,2.1422629634e-02
5.0000000000e+00,-9.0287700701e-04,5.1300995530e+01,4.0058474114e+00,1.7570900599e+01,3.5759039620e-01,6.7484012290e+00,2.1480795517e-02
5.0000000000e+00,-8.7828728691e-04,5.1236362030e+01,4.0158473811e+00,1.7573823254e+01,3.5753092630e-01,6.9249025137e+00,2.1539050440e-02
5.0000000000e+00,-8.5344287963e-04,5.1171224280e+01,4.0258473503e+00,1.7576791811e+01,3.5747054270e-01,7.1056855633e+00,2.1597396185e-02
5.0000000000e+00,-8.2834466253e-04,5.1105589040e+01,4.0358473188e+00,1.7579807394e+01,3.5740922330e-01,7.2908487161e+00,2.1656914457e-02
5.0000000000e+00,-8.0299355259e-04,5.1039463160e+01,4.0458472866e+00,1.7582871142e+01,3.5734694620e-01,7.4804925385e+00,2.1717157647e-02
5.0000000000e+00,-7.7739050610e-04,5.0972853580e+01,4.0558472539e+00,1.7585984203e+01,3.5728368880e-01,7.6747198766e+00,2.1777520107e-02
5.0000000000e+00,-7.5153651841e-04,5.0905767340e+01,4.0658472205e+00,1.7589147739e+01,3.5721942870e-01,7.8736359089e+00,2.1838004011e-02
5.0000000000e+00,-7.2543262362e-04,5.0838211550e+01,4.0758471864e+00,1.7592362922e+01,3.5715414330e-01,8.0773482005e+00,2.1898611573e-02
5.0000000000e+00,-6.9907989429e-04,5.0770193420e+01,4.0858471517e+00,1.7595630935e+01,3.5708780950e-01,8.2859667583e+00,2.1959345049e-02
5.0000000000e+00,-6.7247944108e-04,5.0701720240e+01,4.0958471163e+00,1.7598952972e+01,3.5702040440e-01,8.4996040878e+00,2.2020206740e-02
5.0000000000e+00,-6.4563241237e-04,5.0632799350e+01,4.1058470802e+00,1.7602330237e+01,3.5695190480e-01,8.7183752504e+00,2.2081683773e-02
5.0000000000e+00,-6.1853999388e-04,5.0563438190e+01,4.1158470435e+00,1.7605763945e+01,3.5688228730e-01,8.9423979234e+00,2.2144647094e-02
5.0000000000e+00,-5.9120340826e-04,5.0493644280e+01,4.1258470062e+00,1.7609255322e+01,3.5681152850e-01,9.1717924596e+00,2.2207770283e-02
5.0000000000e+00,-5.6362391464e-04,5.0423425160e+01,4.1358469681e+00,1.7612805602e+01,3.5673960460e-01,9.4066819499e+00,2.2271056064e-02
5.0000000000e+00,-5.3580280818e-04,5.0352788480e+01,4.1458469294e+00,1.7616416031e+01,3.5666649200e-01,9.6471922861e+00,2.2334507202e-02
5.0000000000e+00,-5.0774141959e-04,5.0281741930e+01,4.1558468901e+00,1.7620087863e+01,3.5659216660e-01,9.8934522258e+00,2.2398126512e-02
5.0000000000e+00,-4.7944111465e-04,5.0210293260e+01,4.1658468500e+00,1.7623822361e+01,3.5651660450e-01,1.0145593458e+01,2.2461916852e-02
5.0000000000e+00,-4.5090329361e-04,5.0138450250e+01,4.1758468093e+00,1.7627620798e+01,3.5643978160e-01,1.0403750672e+01,2.2526424194e-02
5.0000000000e+00,-4.2212939075e-04,5.0066220770e+01,4.1858467679e+00,1.7631484454e+01,3.5636167350e-01,1.0668061624e+01,2.2592541097e-02
5.0000000000e+00,-3.9312087375e-04,4.9993612710e+01,4.1958467258e+00,1.7635414621e+01,3.5628225600e-01,1.0938667211e+01,2.2658864086e-02
5.0000000000e+00,-3.6387924310e-04,4.9920634000e+01,4.2058466831e+00,1.7639412596e+01,3.5620150460e-01,1.1215711539e+01,2.2725396468e-02
5.0000000000e+00,-3.3440603156e-04,4.9847292610e+01,4.2158466397e+00,1.7643479684e+01,3.5611939480e-01,1.1499342000e+01,2.2792141603e-02
5.0000000000e+00,-3.0470280348e-04,4.9773596550e+01,4.2258465955e+00,1.7647617200e+01,3.5603590200e-01,1.1789709346e+01,2.2859102897e-02
5.0000000000e+00,-2.7477115419e-04,4.9699553870e+01,4.2358465507e+00,1.7651826465e+01,3.5595100140e-01,1.2086967763e+01,2.2926283806e-02
5.0000000000e+00,-2.4461270934e-04,4.9625172620e+01,4.2458465053e+00,1.7656108807e+01,3.5586466850e-01,1.2391274957e+01,2.2994997494e-02
5.0000000000e+00,-2.1422912423e-04,4.9550460890e+01,4.2558464591e+00,1.7660465562e+01,3.5577687830e-01,1.2702792225e+01,2.3064751488e-02
5.0000000000e+00,-1.8362208314e-04,4.9475426810e+01,4.2658464123e+00,1.7664898070e+01,3.5568760610e-01,1.3021684542e+01,2.3134763714e-02
5.0000000000e+00,-1.5279329861e-04,4.9400078490e+01,4.2758463648e+00,1.7669407681e+01,3.5559682700e-01,1.3348120646e+01,2.3205038102e-02
5.0000000000e+00,-1.2174451071e-04,4.9324424070e+01,4.2858463166e+00,1.7673995749e+01,3.5550451620e-01,1.3682273117e+01,2.3275578631e-02
5.0000000000e+00,-9.0477486366e-05,4.9248471690e+01,4.2958462677e+00,1.7678663632e+01,3.5541064860e-01,1.4024318470e+01,2.3346389330e-02
5.0000000000e+00,-5.8994018576e-05,4.9172229530e+01,4.3058462181e+00,1.7683412698e+01,3.5531519930e-01,1.4374437243e+01,2.3418060816e-02
5.0000000000e+00,-2.7295925672e-05,4.9095705730e+01,4.3158461679e+00,1.7688244316e+01,3.5521814350e-01,1.4732814083e+01,2.3491675536e-02
5.0000000000e+00,4.6149494460e-06,4.9018908440e+01,4.3258461170e+00,1.7693159862e+01,3.5511945610e-01,1.5099637844e+01,2.3565602299e-02
5.0000000000e+00,3.6736740077e-05,4.8941845830e+01,4.3358460654e+00,1.7698160717e+01,3.5501911230e-01,1.5475101678e+01,2.3639845625e-02
5.0000000000e+00,6.9067556505e-05,4.8864526030e+01,4.3458460131e+00,1.7703248265e+01,3.5491708720e-01,1.5859403132e+01,2.3714410083e-02
5.0000000000e+00,1.0160548679e-04,4.8786957190e+01,4.3558459602e+00,1.7708423893e+01,3.5481335580e-01,1.6252744247e+01,2.3789300297e-02
5.0000000000e+00,1.3434859757e-04,4.8709147400e+01,4.3658459066e+00,1.7713688996e+01,3.5470789330e-01,1.6655331655e+01,2.3864896412e-02
5.0000000000e+00,1.6729493484e-04,4.8631104790e+01,4.3758458523e+00,1.7719044968e+01,3.5460067510e-01,1.7067376686e+01,2.3942838307e-02
5.0000000000e+00,2.0044252483e-04,4.8552837430e+01,4.3858457974e+00,1.7724493209e+01,3.5449167620e-01,1.7489095467e+01,2.4021151154e-02
5.0000000000e+00,2.3378937472e-04,4.8474353370e+01,4.3958457418e+00,1.7730035120e+01,3.5438087200e-01,1.7920709031e+01,2.4099840077e-02
7.0000000000e+00,1.9006442388e-05,4.8984352170e+01,1.0000000000e-04,1.6858045629e+01,3.7271137150e-01,3.3176158734e-11,3.8842207919e-04
7.0000000000e+00,1.9006426643e-05,4.8984352210e+01,2.0000000000e-04,1.6858045632e+01,3.7271137140e-01,1.3270463382e-10,3.8896218778e-04
7.0000000000e+00,1.9006391240e-05,4.8984352300e+01,3.5000000000e-04,1.6858045640e+01,3.7271137120e-01,4.0640793173e-10,3.8977235106e-04
7.0000000000e+00,1.9006300216e-05,4.8984352520e+01,5.7500000000e-04,1.6858045661e+01,3.7271137080e-01,1.0968866500e-09,3.9098759707e-04
7.0000000000e+00,1.9006078362e-05,4.8984353050e+01,9.1250000000e-04,1.6858045709e+01,3.7271136970e-01,2.7624329578e-09,3.9281046852e-04
7.0000000000e+00,1.9005553614e-05,4.8984354310e+01,1.4187500000e-03,1.6858045824e+01,3.7271136720e-01,6.6778645614e-09,3.9554478119e-04
7.0000000000e+00,1.9003954915e-05,4.8984358140e+01,2.1781250000e-03,1.6858046112e+01,3.7271136080e-01,1.5739506965e-08,3.9964626888e-04
7.0000000000e+00,1.9000672961e-05,4.8984366020e+01,3.3171875000e-03,1.6858046749e+01,3.7271134670e-01,3.6506046589e-08,4.0579852663e-04
7.0000000000e+00,1.8993198993e-05,4.8984383950e+01,5.0257812500e-03,1.6858048200e+01,3.7271131470e-01,8.3797332371e-08,4.1502698151e-04
7.0000000000e+00,1.8976248254e-05,4.8984424620e+01,7.5886718749e-03,1.6858051491e+01,3.7271124190e-01,1.9105158640e-07,4.2886981674e-04
7.0000000000e+00,1.8937907865e-05,4.8984516620e+01,1.1433007812e-02,1.6858058936e+01,3.7271107730e-01,4.3364186826e-07,4.4963441164e-04
7.0000000000e+00,1.8851341356e-05,4.8984724340e+01,1.7199511718e-02,1.6858075745e+01,3.7271070570e-01,9.8134647208e-07,4.8078206667e-04
7.0000000000e+00,1.8656121903e-05,4.8985192770e+01,2.5849267575e-02,1.6858113651e+01,3.7270986760e-01,2.2163653056e-06,5.2750524190e-04
7.0000000000e+00,1.8332679027e-05,4.8985968900e+01,3.5849267570e-02,1.6858176454e+01,3.7270847910e-01,4.2621667746e-06,5.8152448259e-04
7.0000000000e+00,1.7904440904e-05,4.8986996530e+01,4.5849267561e-02,1.6858259604e+01,3.7270664080e-01,6.9700420840e-06,6.3554632846e-04
7.0000000000e+00,1.7371450104e-05,4.8988275600e+01,5.5849267547e-02,1.6858363095e+01,3.7270435280e-01,1.0339083524e-05,6.8957071698e-04
7.0000000000e+00,1.6733759598e-05,4.8989806010e+01,6.5849267527e-02,1.6858486915e+01,3.7270161550e-01,1.4368163155e-05,7.4359758521e-04
7.0000000000e+00,1.5991432700e-05,4.8991587660e+01,7.5849267499e-02,1.6858631051e+01,3.7269842900e-01,1.9055934095e-05,7.9762686982e-04
7.0000000000e+00,1.5144543041e-05,4.8993620430e+01,8.5849267464e-02,1.6858795490e+01,3.7269479370e-01,2.4400832051e-05,8.5165850700e-04
7.0000000000e+00,1.4193174516e-05,4.8995904170e+01,9.5849267418e-02,1.6858980214e+01,3.7269071010e-01,3.0401077103e-05,9.0569243250e-04
7.0000000000e+00,1.3137421246e-05,4.8998438750e+01,1.0584926736e-01,1.6859185206e+01,3.7268617850e-01,3.7054675718e-05,9.5972858156e-04
7.0000000000e+00,1.1977387515e-05,4.9001223970e+01,1.1584926730e-01,1.6859410444e+01,3.7268119950e-01,4.4359423000e-05,1.0137668889e-03
7.0000000000e+00,1.0713187715e-05,4.9004259650e+01,1.2584926722e-01,1.6859655906e+01,3.7267577360e-01,5.2312905175e-05,1.0678072888e-03
7.0000000000e+00,9.3449462780e-06,4.9007545590e+01,1.3584926712e-01,1.6859921569e+01,3.7266990130e-01,6.0912502293e-05,1.1218497149e-03
7.0000000000e+00,7.8727976044e-06,4.9011081560e+01,1.4584926701e-01,1.6860207404e+01,3.7266358330e-01,7.0155391152e-05,1.1758941003e-03
7.0000000000e+00,6.2968859863e-06,4.9014867330e+01,1.5584926689e-01,1.6860513385e+01,3.7265682030e-01,8.0038548434e-05,1.2299403775e-03
7.0000000000e+00,4.6173655246e-06,4.9018902640e+01,1.6584926675e-01,1.6860839480e+01,3.7264961300e-01,9.0558754039e-05,1.2839884784e-03
7.0000000000e+00,2.8344000389e-06,4.9023187220e+01,1.7584926659e-01,1.6861185658e+01,3.7264196210e-01,1.0171259462e-04,1.3380383344e-03
7.0000000000e+00,9.4816297461e-07,4.9027720780e+01,1.8584926641e-01,1.6861551884e+01,3.7263386850e-01,1.1349646731e-04,1.3920898760e-03
7.0000000000e+00,-1.0411626944e-06,4.9032503020e+01,1.9584926622e-01,1.6861938123e+01,3.7262533290e-01,1.2590658362e-04,1.4461430334e-03
7.0000000000e+00,-3.1333845775e-06,4.9037533630e+01,2.0584926600e-01,1.6862344337e+01,3.7261635640e-01,1.3893897353e-04,1.5001977358e-03
7.0000000000e+00,-5.3283009696e-06,4.9042812270e+01,2.1584926576e-01,1.6862770486e+01,3.7260693980e-01,1.5258948967e-04,1.5542539119e-03
7.0000000000e+00,-7.6257009708e-06,4.9048338590e+01,2.2584926549e-01,1.6863216529e+01,3.7259708410e-01,1.6685381180e-04,1.6083114896e-03
7.0000000000e+00,-1.0025364607e-05,4.9054112240e+01,2.3584926520e-01,1.6863682423e+01,3.7258679030e-01,1.8172745127e-04,1.6623703963e-03
7.0000000000e+00,-1.2527062955e-05,4.9060132830e+01,2.4584926489e-01,1.6864168122e+01,3.7257605960e-01,1.9720575571e-04,1.7164305584e-03
7.0000000000e+00,-1.5130558271e-05,4.9066399970e+01,2.5584926455e-01,1.6864673581e+01,3.7256489290e-01,2.1328391380e-04,1.7704919017e-03
7.0000000000e+00,-1.7835604131e-05,4.9072913270e+01,2.6584926419e-01,1.6865198751e+01,3.7255329150e-01,2.2995696022e-04,1.8245543513e-03
7.0000000000e+00,-2.0641945564e-05,4.9079672290e+01,2.7584926379e-01,1.6865743582e+01,3.7254125660e-01,2.4721978059e-04,1.8786178314e-03
7.0000000000e+00,-2.3549319205e-05,4.9086676610e+01,2.8584926337e-01,1.6866308023e+01,3.7252878930e-01,2.6506711659e-04,1.9326822655e-03
7.0000000000e+00,-2.6557453438e-05,4.9093925790e+01,2.9584926292e-01,1.6866892020e+01,3.7251589090e-01,2.8349357113e-04,1.9867475764e-03
7.0000000000e+00,-2.9666068554e-05,4.9101419360e+01,3.0584926244e-01,1.6867495519e+01,3.7250256270e-01,3.0249361357e-04,2.0408136860e-03
7.0000000000e+00,-3.2874876905e-05,4.9109156850e+01,3.1584926192e-01,1.6868118463e+01,3.7248880610e-01,3.2206158505e-04,2.0948805154e-03
7.0000000000e+00,-3.6183583073e-05,4.9117137780e+01,3.2584926137e-01,1.6868760796e+01,3.7247462240e-01,3.4219170376e-04,2.1489479850e-03
7.0000000000e+00,-3.9591884032e-05,4.9125361660e+01,3.3584926079e-01,1.6869422457e+01,3.7246001300e-01,3.6287807039e-04,2.2030160142e-03
7.0000000000e+00,-4.3099469320e-05,4.9133827980e+01,3.4584926018e-01,1.6870103386e+01,3.7244497930e-01,3.8411467345e-04,2.2570845218e-03
7.0000000000e+00,-4.6706021215e-05,4.9142536220e+01,3.5584925953e-01,1.6870803522e+01,3.7242952290e-01,4.0589539471e-04,2.3111534257e-03
7.0000000000e+00,-5.0411214913e-05,4.9151485850e+01,3.6584925884e-01,1.6871522800e+01,3.7241364530e-01,4.2821401458e-04,2.3652226428e-03
7.0000000000e+00,-5.4214718710e-05,4.9160676340e+01,3.7584925812e-01,1.6872261156e+01,3.7239734790e-01,4.5106421750e-04,2.4192920894e-03
7.0000000000e+00,-5.8116194189e-05,4.9170107120e+01,3.8584925736e-01,1.6873018525e+01,3.7238063230e-01,4.7443959727e-04,2.4733616808e-03
7.0000000000e+00,-6.2115296410e-05,4.9179777650e+01,3.9584925656e-01,1.6873794839e+01,3.7236350020e-01,4.9833366243e-04,2.5274313317e-03
7.0000000000e+00,-6.6211674101e-05,4.9189687350e+01,4.0584925572e-01,1.6874590029e+01,3.7234595310e-01,5.2273984144e-04,2.5815009557e-03
7.0000000000e+00,-7.0404969856e-05,4.9199835650e+01,4.1584925484e-01,1.6875404027e+01,3.7232799270e-01,5.4765148796e-04,2.6355704656e-03
7.0000000000e+00,-7.4694820334e-05,4.9210221960e+01,4.2584925392e-01,1.6876236762e+01,3.7230962070e-01,5.7306188597e-04,2.6896397735e-03
7.0000000000e+00,-7.9080856463e-05,4.9220845680e+01,4.3584925296e-01,1.6877088161e+01,3.7229083870e-01,5.9896425480e-04,2.7437087905e-03
7.0000000000e+00,-8.3562703643e-05,4.9231706210e+01,4.4584925195e-01,1.6877958153e+01,3.7227164860e-01,6.2535175410e-04,2.7977774271e-03
7.0000000000e+00,-8.8139981954e-05,4.9242802940e+01,4.5584925091e-01,1.6878846664e+01,3.7225205210e-01,6.5221748871e-04,2.8518455926e-03
7.0000000000e+00,-9.2812306370e-05,4.9254135250e+01,4.6584924981e-01,1.6879753618e+01,3.7223205090e-01,6.7955451338e-04,2.9059131958e-03
7.0000000000e+00,-9.7579286970e-05,4.9265702510e+01,4.7584924868e-01,1.6880678941e+01,3.7221164680e-01,7.0735583738e-04,2.9599801446e-03
7.0000000000e+00,-1.0244052916e-04,4.9277504110e+01,4.8584924750e-01,1.6881622556e+01,3.7219084160e-01,7.3561442901e-04,3.0140463459e-03
7.0000000000e+00,-1.0739563387e-04,4.9289539390e+01,4.9584924627e-01,1.6882584386e+01,3.7216963730e-01,7.6432321990e-04,3.0681117059e-03
7.0000000000e+00,-1.1244419781e-04,4.9301807720e+01,5.0584924499e-01,1.6883564352e+01,3.7214803560e-01,7.9347510919e-04,3.1221761302e-03
7.0000000000e+00,-1.1758581367e-04,4.9314308450e+01,5.1584924367e-01,1.6884562377e+01,3.7212603840e-01,8.2306296755e-04,3.1762395231e-03
7.0000000000e+00,-1.2282007034e-04,4.9327040930e+01,5.2584924230e-01,1.6885578380e+01,3.7210364760e-01,8.5307964103e-04,3.2303017887e-03
7.0000000000e+00,-1.2814655315e-04,4.9340004510e+01,5.3584924088e-01,1.6886612282e+01,3.7208086510e-01,8.8351795470e-04,3.2843628298e-03
7.0000000000e+00,-1.3356484408e-04,4.9353198520e+01,5.4584923942e-01,1.6887664002e+01,3.7205769290e-01,9.1437071612e-04,3.3384225488e-03
7.0000000000e+00,-1.3907452204e-04,4.9366622300e+01,5.5584923790e-01,1.6888733458e+01,3.7203413280e-01,9.4563071863e-04,3.3924898892e-03
7.0000000000e+00,-1.4467516302e-04,4.9380275190e+01,5.6584923633e-01,1.6889820570e+01,3.7201018690e-01,9.7729074437e-04,3.4465621087e-03
7.0000000000e+00,-1.5036634040e-04,4.9394156530e+01,5.7584923471e-01,1.6890925255e+01,3.7198585700e-01,1.0093435672e-03,3.5006335105e-03
7.0000000000e+00,-1.5614762514e-04,4.9408265630e+01,5.8584923304e-01,1.6892047431e+01,3.7196114520e-01,1.0417819552e-03,3.5547040066e-03
7.0000000000e+00,-1.6201858602e-04,4.9422601840e+01,5.9584923132e-01,1.6893187014e+01,3.7193605340e-01,1.0745986733e-03,3.6087735086e-03
7.0000000000e+00,-1.6797878992e-04,4.9437164490e+01,6.0584922954e-01,1.6894343921e+01,3.7191058360e-01,1.1077864852e-03,3.6628419270e-03
7.0000000000e+00,-1.7402780198e-04,4.9451952900e+01,6.1584922771e-01,1.6895518069e+01,3.7188473780e-01,1.1413381554e-03,3.7169091716e-03
7.0000000000e+00,-1.8016518590e-04,4.9466966400e+01,6.2584922583e-01,1.6896709374e+01,3.7185851800e-01,1.1752464511e-03,3.7709751515e-03
7.0000000000e+00,-1.8639050417e-04,4.9482204330e+01,6.3584922389e-01,1.6897917752e+01,3.7183192620e-01,1.2095041431e-03,3.8250397753e-03
7.0000000000e+00,-1.9270331829e-04,4.9497666010e+01,6.4584922190e-01,1.6899143119e+01,3.7180496450e-01,1.2441040078e-03,3.8791029505e-03
7.0000000000e+00,-1.9910318903e-04,4.9513350780e+01,6.5584921985e-01,1.6900385392e+01,3.7177763470e-01,1.2790388273e-03,3.9331645841e-03
7.0000000000e+00,-2.0558967667e-04,4.9529257980e+01,6.6584921775e-01,1.6901644485e+01,3.7174993910e-01,1.3143013905e-03,3.9872245825e-03
7.0000000000e+00,-2.1216234122e-04,4.9545386950e+01,6.7584921559e-01,1.6902920315e+01,3.7172187940e-01,1.3498844937e-03,4.0412828514e-03
7.0000000000e+00,-2.1882074270e-04,4.9561737020e+01,6.8584921337e-01,1.6904212797e+01,3.7169345790e-01,1.3857809402e-03,4.0953392958e-03
7.0000000000e+00,-2.2556444134e-04,4.9578307550e+01,6.9584921110e-01,1.6905521847e+01,3.7166467640e-01,1.4219835408e-03,4.1493938201e-03
7.0000000000e+00,-2.3239299787e-04,4.9595097890e+01,7.0584920877e-01,1.6906847382e+01,3.7163553710e-01,1.4584851129e-03,4.2034463282e-03
7.0000000000e+00,-2.3930597371e-04,4.9612107380e+01,7.1584920638e-01,1.6908189318e+01,3.7160604180e-01,1.4952784800e-03,4.2574967232e-03
7.0000000000e+00,-2.4630293127e-04,4.9629335400e+01,7.2584920393e-01,1.6909547571e+01,3.7157619270e-01,1.5323564710e-03,4.3115449080e-03
7.0000000000e+00,-2.5338343416e-04,4.9646781320e+01,7.3584920142e-01,1.6910922057e+01,3.7154599170e-01,1.5697119189e-03,4.3655907845e-03
7.0000000000e+00,-2.6054704741e-04,4.9664444490e+01,7.4584919886e-01,1.6912312695e+01,3.7151544090e-01,1.6073376590e-03,4.4196342545e-03
7.0000000000e+00,-2.6779333778e-04,4.9682324320e+01,7.5584919623e-01,1.6913719402e+01,3.7148454210e-01,1.6452265277e-03,4.4736752191e-03
7.0000000000e+00,-2.7512187394e-04,4.9700420170e+01,7.6584919355e-01,1.6915142094e+01,3.7145329740e-01,1.6833713604e-03,4.5277135790e-03
7.0000000000e+00,-2.8253222674e-04,4.9718731470e+01,7.7584919080e-01,1.6916580691e+01,3.7142170880e-01,1.7217649888e-03,4.5817492344e-03
7.0000000000e+00,-2.9002396945e-04,4.9737257600e+01,7.8584918799e-01,1.6918035111e+01,3.7138977820e-01,1.7604002391e-03,4.6357820850e-03
7.0000000000e+00,-2.9759667800e-04,4.9755997980e+01,7.9584918513e-01,1.6919505274e+01,3.7135750750e-01,1.7992699289e-03,4.6898120303e-03
7.0000000000e+00,-3.0524993122e-04,4.9774952050e+01,8.0584918220e-01,1.6920991098e+01,3.7132489880e-01,1.8383668643e-03,4.7438389693e-03
7.0000000000e+00,-3.1298331108e-04,4.9794119230e+01,8.1584917921e-01,1.6922492505e+01,3.7129195390e-01,1.8776838367e-03,4.7978628005e-03
7.0000000000e+00,-3.2079640293e-04,4.9813498970e+01,8.2584917616e-01,1.6924009416e+01,3.7125867470e-01,1.9172136192e-03,4.8518834224e-03
7.0000000000e+00,-3.2868879574e-04,4.9833090740e+01,8.3584917304e-01,1.6925541753e+01,3.7122506320e-01,1.9569489635e-03,4.9059007329e-03
7.0000000000e+00,-3.3666008234e-04,4.9852893990e+01,8.4584916986e-01,1.6927089437e+01,3.7119112120e-01,1.9968825956e-03,4.9599146298e-03
7.0000000000e+00,-3.4470985966e-04,4.9872908230e+01,8.5584916662e-01,1.6928652392e+01,3.7115685060e-01,2.0370072118e-03,5.0139250106e-03
7.0000000000e+00,-3.5283772895e-04,4.9893132930e+01,8.6584916332e-01,1.6930230543e+01,3.7112225330e-01,2.0773154749e-03,5.0679317724e-03
7.0000000000e+00,-3.6104329605e-04,4.9913567620e+01,8.7584915995e-01,1.6931823813e+01,3.7108733100e-01,2.1178000096e-03,5.1219348122e-03
7.0000000000e+00,-3.6932617158e-04,4.9934211810e+01,8.8584915652e-01,1.6933432130e+01,3.7105208550e-01,2.1584533980e-03,5.1759340271e-03
7.0000000000e+00,-3.7768597121e-04,4.9955065060e+01,8.9584915303e-01,1.6935055418e+01,3.7101651880e-01,2.1992681752e-03,5.2299293135e-03
7.0000000000e+00,-3.8612231588e-04,4.9976126900e+01,9.0584914947e-01,1.6936693607e+01,3.7098063250e-01,2.2402368245e-03,5.2839205682e-03
7.0000000000e+00,-3.9463483203e-04,4.9997396920e+01,9.1584914585e-01,1.6938346624e+01,3.7094442840e-01,2.2813517730e-03,5.3379076874e-03
7.0000000000e+00,-4.0322315183e-04,5.0018874710e+01,9.2584914216e-01,1.6940014399e+01,3.7090790830e-01,2.3226053863e-03,5.3918905677e-03
7.0000000000e+00,-4.1188691342e-04,5.0040559870e+01,9.3584913841e-01,1.6941696863e+01,3.7087107380e-01,2.3639899643e-03,5.4458691053e-03
7.0000000000e+00,-4.2062576113e-04,5.0062452020e+01,9.4584913459e-01,1.6943393948e+01,3.7083392660e-01,2.4054977363e-03,5.4998431965e-03
7.0000000000e+00,-4.2943934571e-04,5.0084550810e+01,9.5584913071e-01,1.6945105587e+01,3.7079646830e-01,2.4471208560e-03,5.5538127376e-03
7.0000000000e+00,-4.3832732455e-04,5.0106855900e+01,9.6584912676e-01,1.6946831713e+01,3.7075870070e-01,2.4888513978e-03,5.6077776249e-03
7.0000000000e+00,-4.4728936189e-04,5.0129366970e+01,9.7584912274e-01,1.6948572261e+01,3.7072062530e-01,2.5306813514e-03,5.6617377547e-03
7.0000000000e+00,-4.5632512911e-04,5.0152083720e+01,9.8584911866e-01,1.6950327169e+01,3.7068224370e-01,2.5726026187e-03,5.7156930236e-03
7.0000000000e+00,-4.6543430486e-04,5.0175005880e+01,9.9584911451e-01,1.6952096374e+01,3.7064355750e-01,2.6146070089e-03,5.7696433279e-03
7.0000000000e+00,-4.7461657535e-04,5.0198133180e+01,1.0058491103e+00,1.6953879814e+01,3.7060456820e-01,2.6566862357e-03,5.8235885643e-03
7.0000000000e+00,-4.8387163453e-04,5.0221465410e+01,1.0158491060e+00,1.6955677430e+01,3.7056527720e-01,2.6988319138e-03,5.8775286298e-03
7.0000000000e+00,-4.9319918433e-04,5.0245002340e+01,1.0258491017e+00,1.6957489164e+01,3.7052568610e-01,2.7410355561e-03,5.9314634211e-03
7.0000000000e+00,-5.0259893486e-04,5.0268743790e+01,1.0358490972e+00,1.6959314959e+01,3.7048579630e-01,2.7832885718e-03,5.9853928355e-03
7.0000000000e+00,-5.1207060464e-04,5.0292689590e+01,1.0458490928e+00,1.6961154759e+01,3.7044560920e-01,2.8255822644e-03,6.0393167703e-03
7.0000000000e+00,-5.2161392081e-04,5.0316839610e+01,1.0558490882e+00,1.6963008509e+01,3.7040512620e-01,2.8679078313e-03,6.0932351232e-03
7.0000000000e+00,-5.3122861932e-04,5.0341193740e+01,1.0658490836e+00,1.6964876158e+01,3.7036434860e-01,2.9102563634e-03,6.1471477921e-03
7.0000000000e+00,-5.4091444518e-04,5.0365751880e+01,1.0758490789e+00,1.6966757652e+01,3.7032327780e-01,2.9526188463e-03,6.2010546752e-03
7.0000000000e+00,-5.5067115262e-04,5.0390513980e+01,1.0858490741e+00,1.6968652944e+01,3.7028191500e-01,2.9949861617e-03,6.2549556709e-03
7.0000000000e+00,-5.6049850534e-04,5.0415479990e+01,1.0958490693e+00,1.6970561984e+01,3.7024026150e-01,3.0373490910e-03,6.3088506781e-03
7.0000000000e+00,-5.7039627669e-04,5.0440649920e+01,1.1058490644e+00,1.6972484726e+01,3.7019831860e-01,3.0796983194e-03,6.3627395959e-03
7.0000000000e+00,-5.8036424989e-04,5.0466023790e+01,1.1158490594e+00,1.6974421124e+01,3.7015608730e-01,3.1220244414e-03,6.4166223239e-03
7.0000000000e+00,-5.9040221820e-04,5.0491601640e+01,1.1258490544e+00,1.6976371135e+01,3.7011356890e-01,3.1643179688e-03,6.4704987621e-03
7.0000000000e+00,-6.0050998516e-04,5.0517383560e+01,1.1358490493e+00,1.6978334716e+01,3.7007076440e-01,3.2065693393e-03,6.5243688108e-03
7.0000000000e+00,-6.1068736477e-04,5.0543369650e+01,1.1458490441e+00,1.6980311828e+01,3.7002767500e-01,3.2487689280e-03,6.5782323707e-03
7.0000000000e+00,-6.2093418166e-04,5.0569560060e+01,1.1558490389e+00,1.6982302431e+01,3.6998430180e-01,3.2909070602e-03,6.6320893432e-03
7.0000000000e+00,-6.3125027132e-04,5.0595954970e+01,1.1658490335e+00,1.6984306488e+01,3.6994064560e-01,3.3329740277e-03,6.6859396300e-03
7.0000000000e+00,-6.4163548030e-04,5.0622554570e+01,1.1758490281e+00,1.6986323963e+01,3.6989670750e-01,3.3749601063e-03,6.7397831332e-03
7.0000000000e+00,-6.5208966635e-04,5.0649359100e+01,1.1858490227e+00,1.6988354824e+01,3.6985248850e-01,3.4168555774e-03,6.7936197555e-03
7.0000000000e+00,-6.6261269866e-04,5.0676368830e+01,1.1958490171e+00,1.6990399037e+01,3.6980798940e-01,3.4586507521e-03,6.8474494001e-03
7.0000000000e+00,-6.7320445799e-04,5.0703584080e+01,1.2058490115e+00,1.6992456573e+01,3.6976321110e-01,3.5003359985e-03,6.9012719708e-03
7.0000000000e+00,-6.8386483693e-04,5.0731005170e+01,1.2158490059e+00,1.6994527402e+01,3.6971815450e-01,3.5419017736e-03,6.9550873718e-03
7.0000000000e+00,-6.9459373999e-04,5.0758632490e+01,1.2258490001e+00,1.6996611497e+01,3.6967282030e-01,3.5833386581e-03,7.0088955079e-03
7.0000000000e+00,-7.0539108387e-04,5.0786466440e+01,1.2358489943e+00,1.6998708834e+01,3.6962720930e-01,3.6246373968e-03,7.0626962845e-03
7.0000000000e+00,-7.1625679756e-04,5.0814507470e+01,1.2458489884e+00,1.7000819388e+01,3.6958132220e-01,3.6657889427e-03,7.1164896075e-03
7.0000000000e+00,-7.2719082256e-04,5.0842756070e+01,1.2558489824e+00,1.7002943139e+01,3.6953515960e-01,3.7067845072e-03,7.1702753835e-03
7.0000000000e+00,-7.3819311304e-04,5.0871212750e+01,1.2658489763e+00,1.7005080065e+01,3.6948872240e-01,3.7476156152e-03,7.2240535194e-03
7.0000000000e+00,-7.4926363600e-04,5.0899878080e+01,1.2758489702e+00,1.7007230150e+01,3.6944201100e-01,3.7882741671e-03,7.2778239231e-03
7.0000000000e+00,-7.6040237144e-04,5.0928752660e+01,1.2858489640e+00,1.7009393375e+01,3.6939502590e-01,3.8287525071e-03,7.3315865027e-03
7.0000000000e+00,-7.7160931254e-04,5.0957837130e+01,1.2958489577e+00,1.7011569728e+01,3.6934776790e-01,3.8690434981e-03,7.3853411671e-03
7.0000000000e+00,-7.8288446580e-04,5.0987132160e+01,1.3058489514e+00,1.7013759194e+01,3.6930023730e-01,3.9091406057e-03,7.4390878257e-03
7.0000000000e+00,-7.9422785120e-04,5.1016638490e+01,1.3158489449e+00,1.7015961763e+01,3.6925243460e-01,3.9490379891e-03,7.4928441622e-03
7.0000000000e+00,-8.0563950237e-04,5.1046356860e+01,1.3258489384e+00,1.7018177425e+01,3.6920436020e-01,3.9887306024e-03,7.5466501239e-03
7.0000000000e+00,-8.1711946674e-04,5.1076288100e+01,1.3358489318e+00,1.7020406173e+01,3.6915601440e-01,4.0282143047e-03,7.6004493519e-03
7.0000000000e+00,-8.2866780565e-04,5.1106433040e+01,1.3458489252e+00,1.7022648001e+01,3.6910739780e-01,4.0674859813e-03,7.6542417622e-03
7.0000000000e+00,-8.4028459457e-04,5.1136792580e+01,1.3558489184e+00,1.7024902906e+01,3.6905851050e-01,4.1065436761e-03,7.7080272711e-03
7.0000000000e+00,-8.5196992316e-04,5.1167367650e+01,1.3658489116e+00,1.7027170884e+01,3.6900935280e-01,4.1453867362e-03,7.7618057952e-03
7.0000000000e+00,-8.6372389548e-04,5.1198159240e+01,1.3758489047e+00,1.7029451935e+01,3.6895992490e-01,4.1840159695e-03,7.8155772517e-03
7.0000000000e+00,-8.7554663006e-04,5.1229168370e+01,1.3858488977e+00,1.7031746062e+01,3.6891022710e-01,4.2224338170e-03,7.8693415575e-03
7.0000000000e+00,-8.8743826010e-04,5.1260396110e+01,1.3958488906e+00,1.7034053265e+01,3.6886025950e-01,4.2606445400e-03,7.9230986303e-03
7.0000000000e+00,-8.9939893354e-04,5.1291843600e+01,1.4058488835e+00,1.7036373552e+01,3.6881002220e-01,4.2986544231e-03,7.9768483876e-03
7.0000000000e+00,-9.1142881320e-04,5.1323511990e+01,1.4158488762e+00,1.7038706927e+01,3.6875951530e-01,4.3364719957e-03,8.0305907474e-03
7.0000000000e+00,-9.2352807692e-04,5.1355402490e+01,1.4258488689e+00,1.7041053399e+01,3.6870873880e-01,4.3741082720e-03,8.0843256275e-03
7.0000000000e+00,-9.3569691763e-04,5.1387516390e+01,1.4358488615e+00,1.7043412978e+01,3.6865769290e-01,4.4115770108e-03,8.1380529461e-03
7.0000000000e+00,-9.4793554353e-04,5.1419854980e+01,1.4458488540e+00,1.7045785676e+01,3.6860637740e-01,4.4488949972e-03,8.1917726213e-03
7.0000000000e+00,-9.6024417811e-04,5.1452419640e+01,1.4558488464e+00,1.7048171506e+01,3.6855479220e-01,4.4860823479e-03,8.2454845714e-03
7.0000000000e+00,-9.7262306033e-04,5.1485211780e+01,1.4658488388e+00,1.7050570481e+01,3.6850293740e-01,4.5231628408e-03,8.2991887144e-03
7.0000000000e+00,-9.8507244465e-04,5.1518232860e+01,1.4758488310e+00,1.7052982620e+01,3.6845081280e-01,4.5601642714e-03,8.3528849685e-03
7.0000000000e+00,-9.9759260116e-04,5.1551484410e+01,1.4858488232e+00,1.7055407940e+01,3.6839841820e-01,4.5971188377e-03,8.4065732516e-03
7.0000000000e+00,-1.0101838157e-03,5.1584968000e+01,1.4958488153e+00,1.7057846460e+01,3.6834575350e-01,4.6340635556e-03,8.4602534816e-03
7.0000000000e+00,-1.0228463897e-03,5.1618685250e+01,1.5058488073e+00,1.7060298202e+01,3.6829281840e-01,4.6710407067e-03,8.5139255759e-03
7.0000000000e+00,-1.0355806408e-03,5.1652637830e+01,1.5158487991e+00,1.7062763188e+01,3.6823961270e-01,4.7080983210e-03,8.5675894518e-03
7.0000000000e+00,-1.0483869022e-03,5.1686827490e+01,1.5258487909e+00,1.7065241442e+01,3.6818613600e-01,4.7452906970e-03,8.6212450261e-03
7.0000000000e+00,-1.0612655234e-03,5.1721256000e+01,1.5358487827e+00,1.7067732990e+01,3.6813238820e-01,4.7826789610e-03,8.6748922153e-03
7.0000000000e+00,-1.0742168696e-03,5.1755925220e+01,1.5458487743e+00,1.7070237858e+01,3.6807836890e-01,4.8203316694e-03,8.7285309351e-03
7.0000000000e+00,-1.0872413223e-03,5.1790837040e+01,1.5558487658e+00,1.7072756075e+01,3.6802407760e-01,4.8583254559e-03,8.7821611008e-03
7.0000000000e+00,-1.1003392791e-03,5.1825993420e+01,1.5658487572e+00,1.7075287670e+01,3.6796951410e-01,4.8967457269e-03,8.8357826269e-03
7.0000000000e+00,-1.1135111538e-03,5.1861396370e+01,1.5758487485e+00,1.7077832675e+01,3.6791467790e-01,4.9356874091e-03,8.8893954273e-03
7.0000000000e+00,-1.1267573762e-03,5.1897047960e+01,1.5858487398e+00,1.7080391121e+01,3.6785956850e-01,4.9752557508e-03,8.9429994146e-03
7.0000000000e+00,-1.1400783925e-03,5.1932950320e+01,1.5958487309e+00,1.7082963041e+01,3.6780418550e-01,5.0155671834e-03,8.9965945007e-03
7.0000000000e+00,-1.1534746650e-03,5.1969105640e+01,1.6058487219e+00,1.7085548469e+01,3.6774852840e-01,5.0567502436e-03,9.0501805963e-03
7.0000000000e+00,-1.1669466722e-03,5.2005516170e+01,1.6158487128e+00,1.7088147442e+01,3.6769259680e-01,5.0989465633e-03,9.1037576108e-03
7.0000000000e+00,-1.1804949087e-03,5.2042184210e+01,1.6258487037e+00,1.7090759995e+01,3.6763639000e-01,5.1423119299e-03,9.1573254524e-03
7.0000000000e+00,-1.1941198855e-03,5.2079112130e+01,1.6358486944e+00,1.7093386166e+01,3.6757990760e-01,5.1870174220e-03,9.2108840277e-03
7.0000000000e+00,-1.2078221296e-03,5.2116302360e+01,1.6458486850e+00,1.7096025992e+01,3.6752314890e-01,5.2332506252e-03,9.2644332416e-03
7.0000000000e+00,-1.2216021841e-03,5.2153757390e+01,1.6558486755e+00,1.7098679514e+01,3.6746611350e-01,5.2812169335e-03,9.3179729973e-03
7.0000000000e+00,-1.2354606081e-03,5.2191479760e+01,1.6658486659e+00,1.7101346771e+01,3.6740880070e-01,5.3311409420e-03,9.3715031962e-03
7.0000000000e+00,-1.2493979769e-03,5.2229472100e+01,1.6758486562e+00,1.7104027802e+01,3.6735120990e-01,5.3832679354e-03,9.4250237373e-03
7.0000000000e+00,-1.2634148815e-03,5.2267737080e+01,1.6858486464e+00,1.7106722650e+01,3.6729334050e-01,5.4378654799e-03,9.4785345178e-03
7.0000000000e+00,-1.2775119289e-03,5.2306277430e+01,1.6958486364e+00,1.7109431356e+01,3.6723519190e-01,5.4952251248e-03,9.5320354320e-03
7.0000000000e+00,-1.2916897416e-03,5.2345095960e+01,1.7058486264e+00,1.7112153962e+01,3.6717676340e-01,5.5556642190e-03,9.5855263719e-03
7.0000000000e+00,-1.3059489581e-03,5.2384195530e+01,1.7158486162e+00,1.7114890510e+01,3.6711805450e-01,5.6195278530e-03,9.6390072267e-03
7.0000000000e+00,-1.3202902320e-03,5.2423579060e+01,1.7258486059e+00,1.7117641043e+01,3.6705906450e-01,5.6871909300e-03,9.6924778825e-03
7.0000000000e+00,-1.3347142326e-03,5.2463249550e+01,1.7358485955e+00,1.7120405603e+01,3.6699979270e-01,5.7590603782e-03,9.7459382221e-03
7.0000000000e+00,-1.3492216442e-03,5.2503210060e+01,1.7458485850e+00,1.7123184234e+01,3.6694023850e-01,5.8355775104e-03,9.7993881250e-03
7.0000000000e+00,-1.3638131663e-03,5.2543463700e+01,1.7558485744e+00,1.7125976979e+01,3.6688040130e-01,5.9172205411e-03,9.8528274672e-03
7.0000000000e+00,-1.3784895133e-03,5.2584013650e+01,1.7658485636e+00,1.7128783880e+01,3.6682028050e-01,6.0045072705e-03,9.9062561204e-03
7.0000000000e+00,-1.3932514141e-03,5.2624863180e+01,1.7758485527e+00,1.7131604979e+01,3.6675987540e-01,6.0979979459e-03,9.9596739525e-03
7.0000000000e+00,-1.4080996122e-03,5.2666015580e+01,1.7858485417e+00,1.7134440320e+01,3.6669918540e-01,6.1982983118e-03,1.0013080827e-02
7.0000000000e+00,-1.4230348654e-03,5.2707474240e+01,1.7958485305e+00,1.7137289942e+01,3.6663820990e-01,6.3060628587e-03,1.0066476602e-02
7.0000000000e+00,-1.4380579454e-03,5.2749242600e+01,1.8058485192e+00,1.7140153889e+01,3.6657694840e-01,6.4219982852e-03,1.0119861132e-02
7.0000000000e+00,-1.4531696378e-03,5.2791324160e+01,1.8158485078e+00,1.7143032199e+01,3.6651540020e-01,6.5468671838e-03,1.0173234265e-02
7.0000000000e+00,-1.4683707414e-03,5.2833722510e+01,1.8258484963e+00,1.7145924912e+01,3.6645356490e-01,6.6814919662e-03,1.0226595844e-02
7.0000000000e+00,-1.4836620684e-03,5.2876441260e+01,1.8358484846e+00,1.7148832067e+01,3.6639144190e-01,6.8267590409e-03,1.0280012134e-02
7.0000000000e+00,-1.4990444438e-03,5.2919484130e+01,1.8458484727e+00,1.7151753701e+01,3.6632903060e-01,6.9836232594e-03,1.0333471937e-02
7.0000000000e+00,-1.5145187050e-03,5.2962854880e+01,1.8558484608e+00,1.7154689850e+01,3.6626633080e-01,7.1531126474e-03,1.0386920925e-02
7.0000000000e+00,-1.5300857017e-03,5.3006557340e+01,1.8658484486e+00,1.7157640549e+01,3.6620334180e-01,7.3363334364e-03,1.0440358893e-02
7.0000000000e+00,-1.5457462953e-03,5.3050595390e+01,1.8758484364e+00,1.7160605831e+01,3.6614006340e-01,7.5344754168e-03,1.0493785628e-02
7.0000000000e+00,-1.5615013585e-03,5.3094972990e+01,1.8858484240e+00,1.7163585726e+01,3.6607649520e-01,7.7488176279e-03,1.0547200910e-02
7.0000000000e+00,-1.5773517752e-03,5.3139694150e+01,1.8958484114e+00,1.7166580265e+01,3.6601263680e-01,7.9807344088e-03,1.0600604506e-02
7.0000000000e+00,-1.5932984395e-03,5.3184762970e+01,1.9058483987e+00,1.7169589475e+01,3.6594848800e-01,8.2317018285e-03,1.0653996178e-02
7.0000000000e+00,-1.6093422558e-03,5.3230183570e+01,1.9158483858e+00,1.7172613380e+01,3.6588404850e-01,8.5033045201e-03,1.0707375675e-02
7.0000000000e+00,-1.6254841379e-03,5.3275960160e+01,1.9258483728e+00,1.7175652003e+01,3.6581931830e-01,8.7972429416e-03,1.0760742737e-02
7.0000000000e+00,-1.6417250088e-03,5.3322096990e+01,1.9358483596e+00,1.7178705364e+01,3.6575429720e-01,9.1153410893e-03,1.0814097091e-02
7.0000000000e+00,-1.6580657997e-03,5.3368598400e+01,1.9458483463e+00,1.7181773480e+01,3.6568898520e-01,9.4595546899e-03,1.0867438456e-02
7.0000000000e+00,-1.6745074502e-03,5.3415468760e+01,1.9558483327e+00,1.7184856365e+01,3.6562338220e-01,9.8319799009e-03,1.0920766536e-02
7.0000000000e+00,-1.6910509068e-03,5.3462712500e+01,1.9658483191e+00,1.7187954030e+01,3.6555748850e-01,1.0234862547e-02,1.0974081024e-02
7.0000000000e+00,-1.7076971229e-03,5.3510334120e+01,1.9758483052e+00,1.7191066482e+01,3.6549130410e-01,1.0670607926e-02,1.1027381600e-02
7.0000000000e+00,-1.7244470582e-03,5.3558338170e+01,1.9858482912e+00,1.7194193723e+01,3.6542482930e-01,1.1141791216e-02,1.1080667930e-02
7.0000000000e+00,-1.7413016774e-03,5.3606729260e+01,1.9958482770e+00,1.7197335755e+01,3.6535806460e-01,1.1651168521e-02,1.1133939664e-02
7.0000000000e+00,-1.7582619503e-03,5.3655512030e+01,2.0058482626e+00,1.7200492572e+01,3.6529101020e-01,1.2201688592e-02,1.1187196441e-02
7.0000000000e+00,-1.7753288506e-03,5.3704691200e+01,2.0158482480e+00,1.7203664166e+01,3.6522366670e-01,1.2796505254e-02,1.1240437881e-02
7.0000000000e+00,-1.7925033551e-03,5.3754271530e+01,2.0258482333e+00,1.7206850523e+01,3.6515603470e-01,1.3438990600e-02,1.1293663590e-02
7.0000000000e+00,-1.8097864432e-03,5.3804257830e+01,2.0358482183e+00,1.7210051624e+01,3.6508811500e-01,1.4132748972e-02,1.1346873155e-02
7.0000000000e+00,-1.8271790959e-03,5.3854654950e+01,2.0458482032e+00,1.7213267447e+01,3.6501990840e-01,1.4881631798e-02,1.1400066147e-02
7.0000000000e+00,-1.8446822951e-03,5.3905467790e+01,2.0558481879e+00,1.7216497961e+01,3.6495141590e-01,1.5689753310e-02,1.1453242119e-02
7.0000000000e+00,-1.8622970226e-03,5.3956701310e+01,2.0658481724e+00,1.7219743132e+01,3.6488263840e-01,1.6561507217e-02,1.1506400604e-02
7.0000000000e+00,-1.8800242592e-03,5.4008360480e+01,2.0758481567e+00,1.7223002919e+01,3.6481357730e-01,1.7501584372e-02,1.1559541116e-02
7.0000000000e+00,-1.8978649839e-03,5.4060450330e+01,2.0858481408e+00,1.7226277277e+01,3.6474423380e-01,1.8514991497e-02,1.1612663147e-02
7.0000000000e+00,-1.9158201728e-03,5.4112975940e+01,2.0958481246e+00,1.7229566150e+01,3.6467460950e-01,1.9607071019e-02,1.1665766169e-02
7.0000000000e+00,-1.9338907983e-03,5.4165942390e+01,2.1058481083e+00,1.7232869479e+01,3.6460470580e-01,2.0783522094e-02,1.1718849632e-02
7.0000000000e+00,-1.9520778279e-03,5.4219354830e+01,2.1158480918e+00,1.7236187197e+01,3.6453452470e-01,2.2050422871e-02,1.1771912962e-02
7.0000000000e+00,-1.9703822231e-03,5.4273218420e+01,2.1258480750e+00,1.7239519228e+01,3.6446406790e-01,2.3414254072e-02,1.1824955561e-02
7.0000000000e+00,-1.9888049386e-03,5.4327538360e+01,2.1358480581e+00,1.7242865490e+01,3.6439333770e-01,2.4881923971e-02,1.1877976806e-02
7.0000000000e+00,-2.0073469210e-03,5.4382319860e+01,2.1458480409e+00,1.7246225892e+01,3.6432233620e-01,2.6460794829e-02,1.1930976049e-02
7.0000000000e+00,-2.0260091077e-03,5.4437568170e+01,2.1558480234e+00,1.7249600335e+01,3.6425106580e-01,2.8158710895e-02,1.1983952615e-02
7.0000000000e+00,-2.0447924257e-03,5.4493288540e+01,2.1658480058e+00,1.7252988712e+01,3.6417952920e-01,2.9984028031e-02,1.2036905802e-02
7.0000000000e+00,-2.0636977905e-03,5.4549486270e+01,2.1758479879e+00,1.7256390905e+01,3.6410772920e-01,3.1945645077e-02,1.2089834877e-02
7.0000000000e+00,-2.0827261048e-03,5.4606166640e+01,2.1858479698e+00,1.7259806788e+01,3.6403566880e-01,3.4053037030e-02,1.2142739081e-02
7.0000000000e+00,-2.1018782574e-03,5.4663334960e+01,2.1958479515e+00,1.7263236225e+01,3.6396335110e-01,3.6316290157e-02,1.2195617620e-02
7.0000000000e+00,-2.1211551217e-03,5.4720996530e+01,2.2058479329e+00,1.7266679069e+01,3.6389077960e-01,3.8746139134e-02,1.2248469672e-02
7.0000000000e+00,-2.1405575545e-03,5.4779156680e+01,2.2158479141e+00,1.7270135165e+01,3.6381795780e-01,4.1354006326e-02,1.2301294379e-02
7.0000000000e+00,-2.1600863948e-03,5.4837820730e+01,2.2258478950e+00,1.7273604344e+01,3.6374488970e-01,4.4152043328e-02,1.2354090852e-02
7.0000000000e+00,-2.1797424624e-03,5.4896993970e+01,2.2358478757e+00,1.7277086428e+01,3.6367157930e-01,4.7153174889e-02,1.2406858164e-02
7.0000000000e+00,-2.1995265563e-03,5.4956681720e+01,2.2458478561e+00,1.7280581227e+01,3.6359803090e-01,5.0371145338e-02,1.2459595355e-02
7.0000000000e+00,-2.2194394538e-03,5.5016889280e+01,2.2558478363e+00,1.7284088538e+01,3.6352424910e-01,5.3820567660e-02,1.2512301426e-02
9.0000000000e+00,1.9006442388e-05,4.8984352170e+01,1.0000000000e-04,1.6858045629e+01,3.7271137150e-01,3.3176158734e-11,3.8842207919e-04
9.0000000000e+00,1.9006426643e-05,4.8984352210e+01,2.0000000000e-04,1.6858045632e+01,3.7271137140e-01,1.3270463382e-10,3.8896218778e-04
9.0000000000e+00,1.9006391240e-05,4.8984352300e+01,3.5000000000e-04,1.6858045640e+01,3.7271137120e-01,4.0640793173e-10,3.8977235106e-04
9.0000000000e+00,1.9006300216e-05,4.8984352520e+01,5.7500000000e-04,1.6858045661e+01,3.7271137080e-01,1.0968866500e-09,3.9098759707e-04
9.0000000000e+00,1.9006078362e-05,4.8984353050e+01,9.1250000000e-04,1.6858045709e+01,3.7271136970e-01,2.7624329578e-09,3.9281046852e-04
9.0000000000e+00,1.9005553614e-05,4.8984354310e+01,1.4187500000e-03,1.6858045824e+01,3.7271136720e-01,6.6778645614e-09,3.9554478119e-04
9.0000000000e+00,1.9003954915e-05,4.8984358140e+01,2.1781250000e-03,1.6858046112e+01,3.7271136080e-01,1.5739506965e-08,3.9964626888e-04
9.0000000000e+00,1.9000672961e-05,4.8984366020e+01,3.3171875000e-03,1.6858046749e+01,3.7271134670e-01,3.6506046589e-08,4.0579852663e-04
9.0000000000e+00,1.8993198993e-05,4.8984383950e+01,5.0257812500e-03,1.6858048200e+01,3.7271131470e-01,8.3797332371e-08,4.1502698151e-04
9.0000000000e+00,1.8976248254e-05,4.8984424620e+01,7.5886718749e-03,1.6858051491e+01,3.7271124190e-01,1.9105158640e-07,4.2886981674e-04
9.0000000000e+00,1.8937907865e-05,4.8984516620e+01,1.1433007812e-02,1.6858058936e+01,3.7271107730e-01,4.3364186826e-07,4.4963441164e-04
9.0000000000e+00,1.8851341356e-05,4.8984724340e+01,1.7199511718e-02,1.6858075745e+01,3.7271070570e-01,9.8134647208e-07,4.8078206667e-04
9.0000000000e+00,1.8656121903e-05,4.8985192770e+01,2.5849267575e-02,1.6858113651e+01,3.7270986760e-01,2.2163653056e-06,5.2750524190e-04
9.0000000000e+00,1.8332679027e-05,4.8985968900e+01,3.5849267570e-02,1.6858176454e+01,3.7270847910e-01,4.2621667746e-06,5.8152448259e-04
9.0000000000e+00,1.7904440903e-05,4.8986996530e+01,4.5849267561e-02,1.6858259604e+01,3.7270664080e-01,6.9700420840e-06,6.3554632846e-04
9.0000000000e+00,1.7371450104e-05,4.8988275600e+01,5.5849267547e-02,1.6858363095e+01,3.7270435280e-01,1.0339083524e-05,6.8957071698e-04
9.0000000000e+00,1.6733759596e-05,4.8989806010e+01,6.5849267527e-02,1.6858486915e+01,3.7270161550e-01,1.4368163155e-05,7.4359758521e-04
9.0000000000e+00,1.5991432696e-05,4.8991587660e+01,7.5849267499e-02,1.6858631051e+01,3.7269842900e-01,1.9055934094e-05,7.9762686982e-04
9.0000000000e+00,1.5144543033e-05,4.8993620430e+01,8.5849267464e-02,1.6858795490e+01,3.7269479370e-01,2.4400832049e-05,8.5165850700e-04
9.0000000000e+00,1.4193174503e-05,4.8995904170e+01,9.5849267418e-02,1.6858980214e+01,3.7269071010e-01,3.0401077100e-05,9.0569243250e-04
9.0000000000e+00,1.3137421225e-05,4.8998438750e+01,1.0584926736e-01,1.6859185206e+01,3.7268617850e-01,3.7054675712e-05,9.5972858156e-04
9.0000000000e+00,1.1977387485e-05,4.9001223970e+01,1.1584926730e-01,1.6859410444e+01,3.7268119950e-01,4.4359422990e-05,1.0137668889e-03
9.0000000000e+00,1.0713187677e-05,4.9004259650e+01,1.2584926722e-01,1.6859655906e+01,3.7267577360e-01,5.2312905159e-05,1.0678072888e-03
9.0000000000e+00,9.3449462374e-06,4.9007545590e+01,1.3584926712e-01,1.6859921569e+01,3.7266990130e-01,6.0912502269e-05,1.1218497149e-03
9.0000000000e+00,7.8727975748e-06,4.9011081560e+01,1.4584926701e-01,1.6860207404e+01,3.7266358330e-01,7.0155391122e-05,1.1758941003e-03
9.0000000000e+00,6.2968859946e-06,4.9014867330e+01,1.5584926689e-01,1.6860513385e+01,3.7265682030e-01,8.0038548403e-05,1.2299403775e-03
9.0000000000e+00,4.6173656172e-06,4.9018902640e+01,1.6584926675e-01,1.6860839480e+01,3.7264961300e-01,9.0558754023e-05,1.2839884784e-03
9.0000000000e+00,2.8344002922e-06,4.9023187220e+01,1.7584926659e-01,1.6861185658e+01,3.7264196210e-01,1.0171259466e-04,1.3380383344e-03
9.0000000000e+00,9.4816350678e-07,4.9027720780e+01,1.8584926641e-01,1.6861551884e+01,3.7263386850e-01,1.1349646747e-04,1.3920898760e-03
9.0000000000e+00,-1.0411617063e-06,4.9032503020e+01,1.9584926622e-01,1.6861938123e+01,3.7262533290e-01,1.2590658402e-04,1.4461430333e-03
9.0000000000e+00,-3.1333828796e-06,4.9037533620e+01,2.0584926600e-01,1.6862344337e+01,3.7261635640e-01,1.3893897436e-04,1.5001977357e-03
9.0000000000e+00,-5.3282982027e-06,4.9042812260e+01,2.1584926576e-01,1.6862770486e+01,3.7260693980e-01,1.5258949127e-04,1.5542539118e-03
9.0000000000e+00,-7.6256966408e-06,4.9048338580e+01,2.2584926549e-01,1.6863216528e+01,3.7259708410e-01,1.6685381467e-04,1.6083114895e-03
9.0000000000e+00,-1.0025358046e-05,4.9054112220e+01,2.3584926520e-01,1.6863682421e+01,3.7258679040e-01,1.8172745616e-04,1.6623703961e-03
9.0000000000e+00,-1.2527053273e-05,4.9060132800e+01,2.4584926489e-01,1.6864168120e+01,3.7257605960e-01,1.9720576374e-04,1.7164305581e-03
9.0000000000e+00,-1.5130544306e-05,4.9066399940e+01,2.5584926455e-01,1.6864673578e+01,3.7256489300e-01,2.1328392658e-04,1.7704919012e-03
9.0000000000e+00,-1.7835584377e-05,4.9072913220e+01,2.6584926419e-01,1.6865198747e+01,3.7255329160e-01,2.2995698001e-04,1.8245543506e-03
9.0000000000e+00,-2.0641918098e-05,4.9079672220e+01,2.7584926379e-01,1.6865743577e+01,3.7254125670e-01,2.4721981055e-04,1.8786178304e-03
9.0000000000e+00,-2.3549281595e-05,4.9086676520e+01,2.8584926337e-01,1.6866308016e+01,3.7252878940e-01,2.6506716104e-04,1.9326822642e-03
9.0000000000e+00,-2.6557402640e-05,4.9093925660e+01,2.9584926292e-01,1.6866892010e+01,3.7251589110e-01,2.8349363591e-04,1.9867475746e-03
9.0000000000e+00,-2.9666000788e-05,4.9101419190e+01,3.0584926244e-01,1.6867495506e+01,3.7250256300e-01,3.0249370649e-04,2.0408136836e-03
9.0000000000e+00,-3.2874787523e-05,4.9109156630e+01,3.1584926192e-01,1.6868118447e+01,3.7248880640e-01,3.2206171640e-04,2.0948805122e-03
9.0000000000e+00,-3.6183466393e-05,4.9117137500e+01,3.2584926137e-01,1.6868760774e+01,3.7247462280e-01,3.4219188698e-04,2.1489479807e-03
9.0000000000e+00,-3.9591733165e-05,4.9125361300e+01,3.3584926079e-01,1.6869422428e+01,3.7246001360e-01,3.6287832287e-04,2.2030160086e-03
9.0000000000e+00,-4.3099275964e-05,4.9133827520e+01,3.4584926018e-01,1.6870103350e+01,3.7244498010e-01,3.8411501747e-04,2.2570845145e-03
9.0000000000e+00,-4.6705775426e-05,4.9142535630e+01,3.5584925953e-01,1.6870803475e+01,3.7242952400e-01,4.0589585862e-04,2.3111534163e-03
9.0000000000e+00,-5.0410904852e-05,4.9151485100e+01,3.6584925884e-01,1.6871522741e+01,3.7241364660e-01,4.2821463412e-04,2.3652226308e-03
9.0000000000e+00,-5.4214330353e-05,4.9160675400e+01,3.7584925812e-01,1.6872261083e+01,3.7239734950e-01,4.5106503743e-04,2.4192920743e-03
9.0000000000e+00,-5.8115711011e-05,4.9170105950e+01,3.8584925736e-01,1.6873018434e+01,3.7238063430e-01,4.7444067326e-04,2.4733616619e-03
9.0000000000e+00,-6.2114699029e-05,4.9179776210e+01,3.9584925656e-01,1.6873794726e+01,3.7236350270e-01,4.9833506326e-04,2.5274313080e-03
9.0000000000e+00,-6.6210939888e-05,4.9189685580e+01,4.0584925572e-01,1.6874589891e+01,3.7234595610e-01,5.2274165159e-04,2.5815009263e-03
9.0000000000e+00,-7.0404072502e-05,4.9199833480e+01,4.1584925484e-01,1.6875403858e+01,3.7232799640e-01,5.4765381059e-04,2.6355704293e-03
9.0000000000e+00,-7.4693729376e-05,4.9210219320e+01,4.2584925392e-01,1.6876236556e+01,3.7230962520e-01,5.7306484634e-04,2.6896397289e-03
9.0000000000e+00,-7.9079536761e-05,4.9220842480e+01,4.3584925296e-01,1.6877087912e+01,3.7229084420e-01,5.9896800423e-04,2.7437087361e-03
9.0000000000e+00,-8.3561114810e-05,4.9231702360e+01,4.4584925195e-01,1.6877957853e+01,3.7227165520e-01,6.2535647451e-04,2.7977773610e-03
9.0000000000e+00,-8.8138077737e-05,4.9242798320e+01,4.5584925091e-01,1.6878846304e+01,3.7225206000e-01,6.5222339777e-04,2.8518455127e-03
9.0000000000e+00,-9.2810033966e-05,4.9254129730e+01,4.6584924982e-01,1.6879753189e+01,3.7223206030e-01,6.7956187038e-04,2.9059130996e-03
9.0000000000e+00,-9.7576586294e-05,4.9265695960e+01,4.7584924868e-01,1.6880678432e+01,3.7221165800e-01,7.0736494986e-04,2.9599800292e-03
9.0000000000e+00,-1.0243733204e-04,4.9277496340e+01,4.8584924750e-01,1.6881621953e+01,3.7219085490e-01,7.3562566027e-04,3.0140462081e-03
9.0000000000e+00,-1.0739186319e-04,4.9289530230e+01,4.9584924627e-01,1.6882583675e+01,3.7216965300e-01,7.6433699742e-04,3.0681115420e-03
9.0000000000e+00,-1.1243976657e-04,4.9301796950e+01,5.0584924500e-01,1.6883563517e+01,3.7214805400e-01,7.9349193409e-04,3.1221759359e-03
9.0000000000e+00,-1.1758062398e-04,4.9314295830e+01,5.1584924368e-01,1.6884561399e+01,3.7212605990e-01,8.2308342521e-04,3.1762392938e-03
9.0000000000e+00,-1.2281401234e-04,4.9327026190e+01,5.2584924231e-01,1.6885577240e+01,3.7210367270e-01,8.5310441286e-04,3.2303015188e-03
9.0000000000e+00,-1.2813950383e-04,4.9339987350e+01,5.3584924089e-01,1.6886610956e+01,3.7208089440e-01,8.8354783131e-04,3.2843625133e-03
9.0000000000e+00,-1.3355666607e-04,4.9353178600e+01,5.4584923942e-01,1.6887662464e+01,3.7205772680e-01,9.1440661191e-04,3.3384221787e-03
9.0000000000e+00,-1.3906506222e-04,4.9366599250e+01,5.5584923790e-01,1.6888731681e+01,3.7203417200e-01,9.4567368791e-04,3.3924894651e-03
9.0000000000e+00,-1.4466425114e-04,4.9380248580e+01,5.6584923634e-01,1.6889818522e+01,3.7201023200e-01,9.7734199923e-04,3.4465616160e-03
9.0000000000e+00,-1.5035378752e-04,4.9394125900e+01,5.7584923472e-01,1.6890922900e+01,3.7198590890e-01,1.0094044971e-03,3.5006329396e-03
9.0000000000e+00,-1.5613322203e-04,4.9408230470e+01,5.8584923305e-01,1.6892044730e+01,3.7196120470e-01,1.0418541488e-03,3.5547033471e-03
9.0000000000e+00,-1.6200210141e-04,4.9422561580e+01,5.9584923133e-01,1.6893183925e+01,3.7193612140e-01,1.0746839418e-03,3.6087727485e-03
9.0000000000e+00,-1.6795996866e-04,4.9437118490e+01,6.0584922955e-01,1.6894340398e+01,3.7191066120e-01,1.1078868886e-03,3.6628410533e-03
9.0000000000e+00,-1.7400636311e-04,4.9451900470e+01,6.1584922772e-01,1.6895514059e+01,3.7188482610e-01,1.1414560308e-03,3.7169081698e-03
9.0000000000e+00,-1.8014082056e-04,4.9466906780e+01,6.2584922584e-01,1.6896704821e+01,3.7185861820e-01,1.1753844434e-03,3.7709740056e-03
9.0000000000e+00,-1.8636287340e-04,4.9482136670e+01,6.3584922391e-01,1.6897912593e+01,3.7183203980e-01,1.2096652392e-03,3.8250384675e-03
9.0000000000e+00,-1.9267205075e-04,4.9497589400e+01,6.4584922192e-01,1.6899137287e+01,3.7180509280e-01,1.2442915726e-03,3.8791014613e-03
9.0000000000e+00,-1.9906787849e-04,4.9513264220e+01,6.5584921987e-01,1.6900378812e+01,3.7177777950e-01,1.2792566435e-03,3.9331628921e-03
9.0000000000e+00,-2.0554987947e-04,4.9529160360e+01,6.6584921777e-01,1.6901637076e+01,3.7175010200e-01,1.3145537019e-03,3.9872226641e-03
9.0000000000e+00,-2.1211757354e-04,4.9545277060e+01,6.7584921561e-01,1.6902911989e+01,3.7172206250e-01,1.3501760511e-03,4.0412806808e-03
9.0000000000e+00,-2.1877047767e-04,4.9561613550e+01,6.8584921340e-01,1.6904203458e+01,3.7169366320e-01,1.3861170517e-03,4.0953368447e-03
9.0000000000e+00,-2.2550810605e-04,4.9578169080e+01,6.9584921113e-01,1.6905511391e+01,3.7166490630e-01,1.4223701256e-03,4.1493910577e-03
9.0000000000e+00,-2.3232997016e-04,4.9594942860e+01,7.0584920880e-01,1.6906835697e+01,3.7163579390e-01,1.4589287593e-03,4.2034432207e-03
9.0000000000e+00,-2.3923557889e-04,4.9611934120e+01,7.1584920642e-01,1.6908176281e+01,3.7160632840e-01,1.4957865078e-03,4.2574932340e-03
9.0000000000e+00,-2.4622443858e-04,4.9629142070e+01,7.2584920398e-01,1.6909533050e+01,3.7157651180e-01,1.5329369978e-03,4.3115409972e-03
9.0000000000e+00,-2.5329605311e-04,4.9646565940e+01,7.3584920148e-01,1.6910905911e+01,3.7154634650e-01,1.5703739318e-03,4.3655864088e-03
9.0000000000e+00,-2.6044992401e-04,4.9664204930e+01,7.4584919892e-01,1.6912294769e+01,3.7151583470e-01,1.6080910909e-03,4.4196293669e-03
9.0000000000e+00,-2.6768555046e-04,4.9682058260e+01,7.5584919630e-01,1.6913699531e+01,3.7148497850e-01,1.6460823387e-03,4.4736697687e-03
9.0000000000e+00,-2.7500242939e-04,4.9700125130e+01,7.6584919362e-01,1.6915120101e+01,3.7145378040e-01,1.6843416243e-03,4.5277075108e-03
9.0000000000e+00,-2.8240005555e-04,4.9718404750e+01,7.7584919089e-01,1.6916556385e+01,3.7142224250e-01,1.7228629861e-03,4.5817424889e-03
9.0000000000e+00,-2.8987792153e-04,4.9736896310e+01,7.8584918809e-01,1.6918008286e+01,3.7139036700e-01,1.7616405545e-03,4.6357745983e-03
9.0000000000e+00,-2.9743551781e-04,4.9755599010e+01,7.9584918524e-01,1.6919475711e+01,3.7135815640e-01,1.8006685557e-03,4.6898037332e-03
9.0000000000e+00,-3.0507233285e-04,4.9774512040e+01,8.0584918232e-01,1.6920958563e+01,3.7132561280e-01,1.8399413149e-03,4.7438297876e-03
9.0000000000e+00,-3.1278785305e-04,4.9793634600e+01,8.1584917934e-01,1.6922456745e+01,3.7129273850e-01,1.8794532593e-03,4.7978526545e-03
9.0000000000e+00,-3.2058156286e-04,4.9812965880e+01,8.2584917631e-01,1.6923970163e+01,3.7125953580e-01,1.9191989214e-03,4.8518722265e-03
9.0000000000e+00,-3.2845294476e-04,4.9832505050e+01,8.3584917321e-01,1.6925498720e+01,3.7122600710e-01,1.9591729427e-03,4.9058883953e-03
9.0000000000e+00,-3.3640147928e-04,4.9852251290e+01,8.4584917005e-01,1.6927042319e+01,3.7119215450e-01,1.9993700763e-03,4.9599010522e-03
9.0000000000e+00,-3.4442664507e-04,4.9872203800e+01,8.5584916683e-01,1.6928600863e+01,3.7115798040e-01,2.0397851905e-03,5.0139100879e-03
9.0000000000e+00,-3.5252791884e-04,4.9892361730e+01,8.6584916355e-01,1.6930174255e+01,3.7112348710e-01,2.0804132722e-03,5.0679153925e-03
9.0000000000e+00,-3.6070477543e-04,4.9912724250e+01,8.7584916021e-01,1.6931762400e+01,3.7108867690e-01,2.1212494301e-03,5.1219168554e-03
9.0000000000e+00,-3.6895668777e-04,4.9933290550e+01,8.8584915680e-01,1.6933365198e+01,3.7105355220e-01,2.1622888980e-03,5.1759143657e-03
9.0000000000e+00,-3.7728312693e-04,4.9954059770e+01,8.9584915334e-01,1.6934982554e+01,3.7101811520e-01,2.2035270384e-03,5.2299078117e-03
9.0000000000e+00,-3.8568356204e-04,4.9975031090e+01,9.0584914981e-01,1.6936614369e+01,3.7098236820e-01,2.2449593459e-03,5.2838970814e-03
9.0000000000e+00,-3.9415746037e-04,4.9996203650e+01,9.1584914622e-01,1.6938260546e+01,3.7094631350e-01,2.2865814508e-03,5.3378820623e-03
9.0000000000e+00,-4.0270428722e-04,5.0017576600e+01,9.2584914256e-01,1.6939920987e+01,3.7090995360e-01,2.3283891227e-03,5.3918626413e-03
9.0000000000e+00,-4.1132350598e-04,5.0039149100e+01,9.3584913885e-01,1.6941595595e+01,3.7087329070e-01,2.3703782745e-03,5.4458387050e-03
9.0000000000e+00,-4.2001457806e-04,5.0060920290e+01,9.4584913507e-01,1.6943284271e+01,3.7083632700e-01,2.4125449662e-03,5.4998101394e-03
9.0000000000e+00,-4.2877696289e-04,5.0082889300e+01,9.5584913123e-01,1.6944986918e+01,3.7079906510e-01,2.4548854087e-03,5.5537768302e-03
9.0000000000e+00,-4.3761011785e-04,5.0105055270e+01,9.6584912733e-01,1.6946703437e+01,3.7076150710e-01,2.4973959686e-03,5.6077386628e-03
9.0000000000e+00,-4.4651349828e-04,5.0127417330e+01,9.7584912337e-01,1.6948433730e+01,3.7072365550e-01,2.5400731724e-03,5.6616955219e-03
9.0000000000e+00,-4.5548655739e-04,5.0149974600e+01,9.8584911934e-01,1.6950177700e+01,3.7068551250e-01,2.5829137112e-03,5.7156472923e-03
9.0000000000e+00,-4.6452874627e-04,5.0172726210e+01,9.9584911526e-01,1.6951935247e+01,3.7064708050e-01,2.6259144458e-03,5.7695938582e-03
9.0000000000e+00,-4.7363951378e-04,5.0195671250e+01,1.0058491111e+00,1.6953706273e+01,3.7060836170e-01,2.6690724119e-03,5.8235351036e-03
9.0000000000e+00,-4.8281830656e-04,5.0218808850e+01,1.0158491069e+00,1.6955490679e+01,3.7056935870e-01,2.7123848260e-03,5.8774709122e-03
9.0000000000e+00,-4.9206456893e-04,5.0242138100e+01,1.0258491026e+00,1.6957288368e+01,3.7053007360e-01,2.7558490914e-03,5.9314011675e-03
9.0000000000e+00,-5.0137774283e-04,5.0265658090e+01,1.0358490983e+00,1.6959099241e+01,3.7049050880e-01,2.7994628051e-03,5.9853257528e-03
9.0000000000e+00,-5.1075726779e-04,5.0289367920e+01,1.0458490939e+00,1.6960923198e+01,3.7045066670e-01,2.8432237645e-03,6.0392445512e-03
9.0000000000e+00,-5.2020258084e-04,5.0313266660e+01,1.0558490894e+00,1.6962760142e+01,3.7041054960e-01,2.8871299761e-03,6.0931574456e-03
9.0000000000e+00,-5.2971311644e-04,5.0337353390e+01,1.0658490849e+00,1.6964609973e+01,3.7037015980e-01,2.9311796633e-03,6.1470643189e-03
9.0000000000e+00,-5.3928830642e-04,5.0361627180e+01,1.0758490803e+00,1.6966472593e+01,3.7032949970e-01,2.9753712764e-03,6.2009650540e-03
9.0000000000e+00,-5.4892757989e-04,5.0386087080e+01,1.0858490757e+00,1.6968347903e+01,3.7028857160e-01,3.0197035029e-03,6.2548595334e-03
9.0000000000e+00,-5.5863036317e-04,5.0410732140e+01,1.0958490710e+00,1.6970235805e+01,3.7024737780e-01,3.0641752791e-03,6.3087476401e-03
9.0000000000e+00,-5.6839607973e-04,5.0435561420e+01,1.1058490662e+00,1.6972136199e+01,3.7020592070e-01,3.1087858032e-03,6.3626292566e-03
9.0000000000e+00,-5.7822415005e-04,5.0460573930e+01,1.1158490614e+00,1.6974048987e+01,3.7016420250e-01,3.1535345494e-03,6.4165042660e-03
9.0000000000e+00,-5.8811399160e-04,5.0485768700e+01,1.1258490565e+00,1.6975974070e+01,3.7012222580e-01,3.1984212841e-03,6.4703725511e-03
9.0000000000e+00,-5.9806501871e-04,5.0511144760e+01,1.1358490515e+00,1.6977911349e+01,3.7007999260e-01,3.2434460834e-03,6.5242339951e-03
9.0000000000e+00,-6.0807664251e-04,5.0536701090e+01,1.1458490465e+00,1.6979860726e+01,3.7003750550e-01,3.2886093539e-03,6.5780884814e-03
9.0000000000e+00,-6.1814827082e-04,5.0562436710e+01,1.1558490414e+00,1.6981822102e+01,3.6999476670e-01,3.3339118544e-03,6.6319358936e-03
9.0000000000e+00,-6.2827930804e-04,5.0588350590e+01,1.1658490363e+00,1.6983795378e+01,3.6995177860e-01,3.3793547218e-03,6.6857761156e-03
9.0000000000e+00,-6.3846915512e-04,5.0614441700e+01,1.1758490311e+00,1.6985780457e+01,3.6990854340e-01,3.4249394990e-03,6.7396090317e-03
9.0000000000e+00,-6.4871720938e-04,5.0640709020e+01,1.1858490259e+00,1.6987777239e+01,3.6986506350e-01,3.4706681671e-03,6.7934345267e-03
9.0000000000e+00,-6.5902286449e-04,5.0667151480e+01,1.1958490206e+00,1.6989785626e+01,3.6982134120e-01,3.5165431813e-03,6.8472524856e-03
9.0000000000e+00,-6.6938551032e-04,5.0693768030e+01,1.2058490152e+00,1.6991805521e+01,3.6977737880e-01,3.5625675112e-03,6.9010627944e-03
9.0000000000e+00,-6.7980453287e-04,5.0720557580e+01,1.2158490098e+00,1.6993836824e+01,3.6973317870e-01,3.6087446867e-03,6.9548653393e-03
9.0000000000e+00,-6.9027931417e-04,5.0747519070e+01,1.2258490043e+00,1.6995879439e+01,3.6968874310e-01,3.6550788486e-03,7.0086600074e-03
9.0000000000e+00,-7.0080923215e-04,5.0774651380e+01,1.2358489987e+00,1.6997933266e+01,3.6964407430e-01,3.7015748070e-03,7.0624466865e-03
9.0000000000e+00,-7.1139366060e-04,5.0801953400e+01,1.2458489931e+00,1.6999998210e+01,3.6959917460e-01,3.7482381060e-03,7.1162252651e-03
9.0000000000e+00,-7.2203196900e-04,5.0829424000e+01,1.2558489875e+00,1.7002074173e+01,3.6955404640e-01,3.7950750965e-03,7.1699956327e-03
9.0000000000e+00,-7.3272352247e-04,5.0857062040e+01,1.2658489818e+00,1.7004161056e+01,3.6950869180e-01,3.8420930188e-03,7.2237576799e-03
9.0000000000e+00,-7.4346768166e-04,5.0884866370e+01,1.2758489760e+00,1.7006258765e+01,3.6946311320e-01,3.8893000952e-03,7.2775112981e-03
9.0000000000e+00,-7.5426380263e-04,5.0912835800e+01,1.2858489702e+00,1.7008367202e+01,3.6941731280e-01,3.9367056331e-03,7.3312563800e-03
9.0000000000e+00,-7.6511123677e-04,5.0940969150e+01,1.2958489643e+00,1.7010486270e+01,3.6937129290e-01,3.9843201426e-03,7.3849928195e-03
9.0000000000e+00,-7.7600933071e-04,5.0969265220e+01,1.3058489583e+00,1.7012615875e+01,3.6932505580e-01,4.0321554670e-03,7.4387205119e-03
9.0000000000e+00,-7.8695742618e-04,5.0997722790e+01,1.3158489523e+00,1.7014755920e+01,3.6927860360e-01,4.0802249295e-03,7.4924850125e-03
9.0000000000e+00,-7.9795485998e-04,5.1026340610e+01,1.3258489463e+00,1.7016906311e+01,3.6923193870e-01,4.1285434986e-03,7.5462725916e-03
9.0000000000e+00,-8.0900096379e-04,5.1055117430e+01,1.3358489402e+00,1.7019066953e+01,3.6918506310e-01,4.1771279719e-03,7.6000527994e-03
9.0000000000e+00,-8.2009506417e-04,5.1084051980e+01,1.3458489340e+00,1.7021237751e+01,3.6913797920e-01,4.2259971831e-03,7.6538255501e-03
9.0000000000e+00,-8.3123648241e-04,5.1113142960e+01,1.3558489278e+00,1.7023418613e+01,3.6909068910e-01,4.2751722329e-03,7.7075907598e-03
9.0000000000e+00,-8.4242453444e-04,5.1142389070e+01,1.3658489216e+00,1.7025609445e+01,3.6904319500e-01,4.3246767473e-03,7.7613483469e-03
9.0000000000e+00,-8.5365853074e-04,5.1171788970e+01,1.3758489153e+00,1.7027810155e+01,3.6899549910e-01,4.3745371662e-03,7.8150982319e-03
9.0000000000e+00,-8.6493777625e-04,5.1201341320e+01,1.3858489089e+00,1.7030020651e+01,3.6894760350e-01,4.4247830651e-03,7.8688403379e-03
9.0000000000e+00,-8.7626157030e-04,5.1231044740e+01,1.3958489025e+00,1.7032240841e+01,3.6889951040e-01,4.4754475147e-03,7.9225745905e-03
9.0000000000e+00,-8.8762920648e-04,5.1260897850e+01,1.4058488960e+00,1.7034470636e+01,3.6885122180e-01,4.5265674806e-03,7.9763009181e-03
9.0000000000e+00,-8.9903997257e-04,5.1290899240e+01,1.4158488895e+00,1.7036709946e+01,3.6880273990e-01,4.5781842695e-03,8.0300192520e-03
9.0000000000e+00,-9.1049315047e-04,5.1321047470e+01,1.4258488830e+00,1.7038958682e+01,3.6875406670e-01,4.6303440245e-03,8.0837295266e-03
9.0000000000e+00,-9.2198801606e-04,5.1351341090e+01,1.4358488764e+00,1.7041216756e+01,3.6870520440e-01,4.6830982767e-03,8.1374316794e-03
9.0000000000e+00,-9.3352383920e-04,5.1381778630e+01,1.4458488697e+00,1.7043484082e+01,3.6865615490e-01,4.7365045577e-03,8.1911256514e-03
9.0000000000e+00,-9.4509988354e-04,5.1412358590e+01,1.4558488630e+00,1.7045760573e+01,3.6860692020e-01,4.7906270795e-03,8.2448113872e-03
9.0000000000e+00,-9.5671540654e-04,5.1443079440e+01,1.4658488563e+00,1.7048046145e+01,3.6855750240e-01,4.8455374887e-03,8.2984888351e-03
9.0000000000e+00,-9.6836965931e-04,5.1473939640e+01,1.4758488495e+00,1.7050340713e+01,3.6850790330e-01,4.9013157025e-03,8.3521579476e-03
9.0000000000e+00,-9.8006188656e-04,5.1504937630e+01,1.4858488426e+00,1.7052644196e+01,3.6845812500e-01,4.9580508347e-03,8.4058186810e-03
9.0000000000e+00,-9.9179132651e-04,5.1536071810e+01,1.4958488357e+00,1.7054956512e+01,3.6840816940e-01,5.0158422203e-03,8.4594709962e-03
9.0000000000e+00,-1.0035572108e-03,5.1567340570e+01,1.5058488288e+00,1.7057277581e+01,3.6835803820e-01,5.0748005489e-03,8.5131148589e-03
9.0000000000e+00,-1.0153587645e-03,5.1598742260e+01,1.5158488219e+00,1.7059607325e+01,3.6830773340e-01,5.1350491171e-03,8.5667502392e-03
9.0000000000e+00,-1.0271952059e-03,5.1630275220e+01,1.5258488149e+00,1.7061945665e+01,3.6825725680e-01,5.1967252118e-03,8.6203771125e-03
9.0000000000e+00,-1.0390657464e-03,5.1661937750e+01,1.5358488078e+00,1.7064292528e+01,3.6820661020e-01,5.2599816357e-03,8.6739954595e-03
9.0000000000e+00,-1.0509695906e-03,5.1693728130e+01,1.5458488007e+00,1.7066647837e+01,3.6815579530e-01,5.3249883906e-03,8.7276052663e-03
9.0000000000e+00,-1.0629059361e-03,5.1725644630e+01,1.5558487936e+00,1.7069011522e+01,3.6810481370e-01,5.3919345318e-03,8.7812065250e-03
9.0000000000e+00,-1.0748739735e-03,5.1757685450e+01,1.5658487864e+00,1.7071383512e+01,3.6805366730e-01,5.4610302096e-03,8.8347992334e-03
9.0000000000e+00,-1.0868728862e-03,5.1789848810e+01,1.5758487792e+00,1.7073763737e+01,3.6800235750e-01,5.5325089159e-03,8.8883833959e-03
9.0000000000e+00,-1.0989018504e-03,5.1822132870e+01,1.5858487720e+00,1.7076152131e+01,3.6795088610e-01,5.6066299549e-03,8.9419590234e-03
9.0000000000e+00,-1.1109600349e-03,5.1854535780e+01,1.5958487647e+00,1.7078548629e+01,3.6789925440e-01,5.6836811570e-03,8.9955261335e-03
9.0000000000e+00,-1.1230466011e-03,5.1887055640e+01,1.6058487574e+00,1.7080953167e+01,3.6784746410e-01,5.7639818596e-03,9.0490847513e-03
9.0000000000e+00,-1.1351607031e-03,5.1919690540e+01,1.6158487501e+00,1.7083365686e+01,3.6779551660e-01,5.8478861775e-03,9.1026349090e-03
9.0000000000e+00,-1.1473014872e-03,5.1952438540e+01,1.6258487427e+00,1.7085786126e+01,3.6774341320e-01,5.9357865894e-03,9.1561766467e-03
9.0000000000e+00,-1.1594680921e-03,5.1985297660e+01,1.6358487353e+00,1.7088214432e+01,3.6769115530e-01,6.0281178671e-03,9.2097100127e-03
9.0000000000e+00,-1.1716596486e-03,5.2018265880e+01,1.6458487279e+00,1.7090650550e+01,3.6763874430e-01,6.1253613801e-03,9.2632350634e-03
9.0000000000e+00,-1.1838752796e-03,5.2051341180e+01,1.6558487204e+00,1.7093094427e+01,3.6758618130e-01,6.2280498045e-03,9.3167518641e-03
9.0000000000e+00,-1.1961141001e-03,5.2084521470e+01,1.6658487129e+00,1.7095546016e+01,3.6753346760e-01,6.3367722742e-03,9.3702604891e-03
9.0000000000e+00,-1.2083752168e-03,5.2117804650e+01,1.6758487054e+00,1.7098005271e+01,3.6748060420e-01,6.4521800106e-03,9.4237610223e-03
9.0000000000e+00,-1.2206577282e-03,5.2151188580e+01,1.6858486979e+00,1.7100472147e+01,3.6742759220e-01,6.5749924712e-03,9.4772535570e-03
9.0000000000e+00,-1.2329607243e-03,5.2184671090e+01,1.6958486903e+00,1.7102946605e+01,3.6737443270e-01,6.7060040615e-03,9.5307381969e-03
9.0000000000e+00,-1.2452832866e-03,5.2218249980e+01,1.7058486827e+00,1.7105428606e+01,3.6732112660e-01,6.8460914565e-03,9.5842150562e-03
9.0000000000e+00,-1.2576244878e-03,5.2251923000e+01,1.7158486751e+00,1.7107918116e+01,3.6726767480e-01,6.9962215828e-03,9.6376842596e-03
9.0000000000e+00,-1.2699833918e-03,5.2285687860e+01,1.7258486675e+00,1.7110415104e+01,3.6721407800e-01,7.1574603141e-03,9.6911459436e-03
9.0000000000e+00,-1.2823590532e-03,5.2319542270e+01,1.7358486598e+00,1.7112919541e+01,3.6716033710e-01,7.3309819400e-03,9.7446002559e-03
9.0000000000e+00,-1.2947505175e-03,5.2353483860e+01,1.7458486521e+00,1.7115431402e+01,3.6710645260e-01,7.5180794684e-03,9.7980473565e-03
9.0000000000e+00,-1.3071568207e-03,5.2387510240e+01,1.7558486444e+00,1.7117950664e+01,3.6705242530e-01,7.7201758302e-03,9.8514874177e-03
9.0000000000e+00,-1.3195769891e-03,5.2421618980e+01,1.7658486367e+00,1.7120477310e+01,3.6699825560e-01,7.9388360552e-03,9.9049206248e-03
9.0000000000e+00,-1.3320100390e-03,5.2455807600e+01,1.7758486290e+00,1.7123011325e+01,3.6694394390e-01,8.1757804983e-03,9.9583471763e-03
9.0000000000e+00,-1.3444549764e-03,5.2490073610e+01,1.7858486213e+00,1.7125552697e+01,3.6688949070e-01,8.4328991962e-03,1.0011767285e-02
9.0000000000e+00,-1.3569107970e-03,5.2524414440e+01,1.7958486135e+00,1.7128101418e+01,3.6683489630e-01,8.7122674413e-03,1.0065320435e-02
9.0000000000e+00,-1.3693764856e-03,5.2558827490e+01,1.8058486057e+00,1.7130657484e+01,3.6678016080e-01,9.0161626680e-03,1.0118874574e-02
9.0000000000e+00,-1.3818510158e-03,5.2593310110e+01,1.8158485979e+00,1.7133220896e+01,3.6672528450e-01,9.3470827493e-03,1.0172425729e-02
9.0000000000e+00,-1.3943333499e-03,5.2627859630e+01,1.8258485902e+00,1.7135791657e+01,3.6667026730e-01,9.7077658102e-03,1.0225974212e-02
9.0000000000e+00,-1.4068224382e-03,5.2662473310e+01,1.8358485824e+00,1.7138369773e+01,3.6661510930e-01,1.0101211672e-02,1.0279520352e-02
9.0000000000e+00,-1.4193172188e-03,5.2697148350e+01,1.8458485745e+00,1.7140955257e+01,3.6655981030e-01,1.0530705047e-02,1.0333064494e-02
9.0000000000e+00,-1.4318166171e-03,5.2731881930e+01,1.8558485667e+00,1.7143548124e+01,3.6650437020e-01,1.0999840608e-02,1.0386607002e-02
9.0000000000e+00,-1.4443195454e-03,5.2766671150e+01,1.8658485589e+00,1.7146148392e+01,3.6644878860e-01,1.1512550081e-02,1.0440148259e-02
9.0000000000e+00,-1.4568249021e-03,5.2801513070e+01,1.8758485511e+00,1.7148756087e+01,3.6639306520e-01,1.2073131491e-02,1.0493688667e-02
9.0000000000e+00,-1.4693315716e-03,5.2836404710e+01,1.8858485433e+00,1.7151371235e+01,3.6633719960e-01,1.2686280721e-02,1.0547228648e-02
9.0000000000e+00,-1.4818384233e-03,5.2871342990e+01,1.8958485355e+00,1.7153993868e+01,3.6628119120e-01,1.3357125551e-02,1.0600768642e-02
9.0000000000e+00,-1.4943443112e-03,5.2906324820e+01,1.9058485276e+00,1.7156624021e+01,3.6622503930e-01,1.4091262345e-02,1.0654309114e-02
9.0000000000e+00,-1.5068480733e-03,5.2941347010e+01,1.9158485198e+00,1.7159261735e+01,3.6616874340e-01,1.4894795570e-02,1.0707850546e-02
9.0000000000e+00,-1.5193485304e-03,5.2976406320e+01,1.9258485120e+00,1.7161907054e+01,3.6611230250e-01,1.5774380340e-02,1.0761393444e-02
9.0000000000e+00,-1.5318444857e-03,5.3011499440e+01,1.9358485042e+00,1.7164560026e+01,3.6605571580e-01,1.6737268196e-02,1.0814938337e-02
9.0000000000e+00,-1.5443347240e-03,5.3046623010e+01,1.9458484964e+00,1.7167220703e+01,3.6599898240e-01,1.7791356322e-02,1.0868485774e-02
9.0000000000e+00,-1.5568180105e-03,5.3081773550e+01,1.9558484886e+00,1.7169889141e+01,3.6594210110e-01,1.8945240449e-02,1.0922036330e-02
9.0000000000e+00,-1.5692930897e-03,5.3116947560e+01,1.9658484808e+00,1.7172565400e+01,3.6588507080e-01,2.0208271666e-02,1.0975590603e-02
9.0000000000e+00,-1.5817586849e-03,5.3152141420e+01,1.9758484731e+00,1.7175249545e+01,3.6582789030e-01,2.1590617406e-02,1.1029149215e-02
9.0000000000e+00,-1.5942134964e-03,5.3187351440e+01,1.9858484653e+00,1.7177941643e+01,3.6577055840e-01,2.3103326858e-02,1.1082712813e-02
9.0000000000e+00,-1.6066562006e-03,5.3222573850e+01,1.9958484576e+00,1.7180641766e+01,3.6571307360e-01,2.4758401108e-02,1.1136282070e-02
9.0000000000e+00,-1.6190854487e-03,5.3257804770e+01,2.0058484498e+00,1.7183349989e+01,3.6565543450e-01,2.6568868272e-02,1.1189857684e-02
9.0000000000e+00,-1.6314998649e-03,5.3293040240e+01,2.0158484421e+00,1.7186066390e+01,3.6559763960e-01,2.8548863961e-02,1.1243440380e-02
9.0000000000e+00,-1.6438980453e-03,5.3328276190e+01,2.0258484344e+00,1.7188791052e+01,3.6553968740e-01,3.0713717374e-02,1.1297030910e-02
9.0000000000e+00,-1.6562785559e-03,5.3363508450e+01,2.0358484268e+00,1.7191524059e+01,3.6548157600e-01,3.3080043368e-02,1.1350630052e-02
9.0000000000e+00,-1.6686399308e-03,5.3398732720e+01,2.0458484191e+00,1.7194265497e+01,3.6542330400e-01,3.5665840852e-02,1.1404238612e-02
9.0000000000e+00,-1.6809806704e-03,5.3433944620e+01,2.0558484115e+00,1.7197015459e+01,3.6536486940e-01,3.8490597876e-02,1.1457857425e-02
9.0000000000e+00,-1.6932992393e-03,5.3469139590e+01,2.0658484039e+00,1.7199774034e+01,3.6530627060e-01,4.1575403783e-02,1.1511487353e-02
9.0000000000e+00,-1.7055940639e-03,5.3504312990e+01,2.0758483964e+00,1.7202541318e+01,3.6524750560e-01,4.4943068826e-02,1.1565129288e-02
9.0000000000e+00,-1.7178635301e-03,5.3539460010e+01,2.0858483889e+00,1.7205317407e+01,3.6518857270e-01,4.8618251659e-02,1.1618784150e-02
9.0000000000e+00,-1.7301059805e-03,5.3574575690e+01,2.0958483814e+00,1.7208102397e+01,3.6512947000e-01,5.2627595110e-02,1.1672452889e-02
9.0000000000e+00,-1.7423197116e-03,5.3609654920e+01,2.1058483739e+00,1.7210896385e+01,3.6507019540e-01,5.6999870689e-02,1.1726136483e-02
9.0000000000e+00,-1.7545029710e-03,5.3644692430e+01,2.1158483665e+00,1.7213699470e+01,3.6501074730e-01,6.1766132248e-02,1.1779835943e-02
9.0000000000e+00,-1.7666539538e-03,5.3679682770e+01,2.1258483591e+00,1.7216511748e+01,3.6495112360e-01,6.6959879268e-02,1.1833552305e-02
9.0000000000e+00,-1.7787707990e-03,5.3714620280e+01,2.1358483518e+00,1.7219333315e+01,3.6489132260e-01,7.2617230227e-02,1.1887341070e-02
9.0000000000e+00,-1.7908515858e-03,5.3749499130e+01,2.1458483445e+00,1.7222164266e+01,3.6483134230e-01,7.8777106510e-02,1.1941332611e-02
9.0000000000e+00,-1.8028943295e-03,5.3784313260e+01,2.1558483372e+00,1.7225004693e+01,3.6477118120e-01,8.5481427341e-02,1.1995349314e-02
9.0000000000e+00,-1.8148969765e-03,5.3819056370e+01,2.1658483300e+00,1.7227854684e+01,3.6471083730e-01,9.2775316205e-02,1.2049392439e-02
9.0000000000e+00,-1.8268574001e-03,5.3853721940e+01,2.1758483229e+00,1.7230714324e+01,3.6465030930e-01,1.0070731922e-01,1.2103463276e-02
9.0000000000e+00,-1.8387733947e-03,5.3888303180e+01,2.1858483158e+00,1.7233583691e+01,3.6458959550e-01,1.0932963594e-01,1.2157563149e-02
9.0000000000e+00,-1.8506426702e-03,5.3922793020e+01,2.1958483087e+00,1.7236462859e+01,3.6452869470e-01,1.1869836301e-01,1.2211693411e-02
9.0000000000e+00,-1.8624628458e-03,5.3957184080e+01,2.2058483017e+00,1.7239351892e+01,3.6446760570e-01,1.2887375111e-01,1.2265855447e-02
9.0000000000e+00,-1.8742314430e-03,5.3991468680e+01,2.2158482948e+00,1.7242250846e+01,3.6440632740e-01,1.3992047561e-01,1.2320050671e-02
9.0000000000e+00,-1.8859458789e-03,5.4025638790e+01,2.2258482879e+00,1.7245159768e+01,3.6434485920e-01,1.5190792128e-01,1.2374280527e-02
9.0000000000e+00,-1.8976034573e-03,5.4059686020e+01,2.2358482811e+00,1.7248078691e+01,3.6428320040e-01,1.6491048140e-01,1.2428546485e-02
9.0000000000e+00,-1.9092013609e-03,5.4093601580e+01,2.2458482744e+00,1.7251007634e+01,3.6422135100e-01,1.7900787148e-01,1.2482850043e-02
9.0000000000e+00,-1.9207366411e-03,5.4127376240e+01,2.2558482678e+00,1.7253946602e+01,3.6415931100e-01,1.9428545793e-01,1.2537192723e-02
9.0000000000e+00,-1.9322062083e-03,5.4161000340e+01,2.2658482612e+00,1.7256895580e+01,3.6409708100e-01,2.1083460156e-01,1.2591576071e-02
9.0000000000e+00,-1.9436068202e-03,5.4194463720e+01,2.2758482547e+00,1.7259854534e+01,3.6403466180e-01,2.2875301620e-01,1.2646001654e-02
9.0000000000e+00,-1.9549350698e-03,5.4227755680e+01,2.2858482483e+00,1.7262823406e+01,3.6397205480e-01,2.4814514211e-01,1.2700471057e-02
9.0000000000e+00,-1.9661873720e-03,5.4260864960e+01,2.2958482419e+00,1.7265802112e+01,3.6390926220e-01,2.6912253399e-01,1.2754985883e-02
9.0000000000e+00,-1.9773599487e-03,5.4293779670e+01,2.3058482357e+00,1.7268790540e+01,3.6384628630e-01,2.9180426321e-01,1.2809547745e-02
9.0000000000e+00,-1.9884488132e-03,5.4326487280e+01,2.3158482296e+00,1.7271788545e+01,3.6378313060e-01,3.1631733348e-01,1.2864158269e-02
9.0000000000e+00,-1.9994497520e-03,5.4358974510e+01,2.3258482235e+00,1.7274795944e+01,3.6371979890e-01,3.4279710925e-01,1.2918819083e-02
9.0000000000e+00,-2.0103583060e-03,5.4391227300e+01,2.3358482176e+00,1.7277812515e+01,3.6365629630e-01,3.7138775544e-01,1.2973531818e-02
9.0000000000e+00,-2.0211697491e-03,5.4423230750e+01,2.3458482117e+00,1.7280837991e+01,3.6359262850e-01,4.0224268713e-01,1.3028298101e-02
9.0000000000e+00,-2.0318790650e-03,5.4454969050e+01,2.3558482060e+00,1.7283872051e+01,3.6352880240e-01,4.3552502720e-01,1.3083119547e-02
9.0000000000e+00,-2.0424809216e-03,5.4486425350e+01,2.3658482004e+00,1.7286914321e+01,3.6346482610e-01,4.7140806963e-01,1.3137997756e-02
9.0000000000e+00,-2.0529696423e-03,5.4517581760e+01,2.3758481949e+00,1.7289964363e+01,3.6340070890e-01,5.1007574490e-01,1.3192934301e-02
9.0000000000e+00,-2.0633391754e-03,5.4548419180e+01,2.3858481895e+00,1.7293021668e+01,3.6333646180e-01,5.5172308532e-01,1.3247996547e-02
9.0000000000e+00,-2.0735830596e-03,5.4578917210e+01,2.3958481842e+00,1.7296085651e+01,3.6327209720e-01,5.9655668413e-01,1.3303421573e-02
9.0000000000e+00,-2.0836943857e-03,5.4609054040e+01,2.4058481791e+00,1.7299155638e+01,3.6320762920e-01,6.4479514441e-01,1.3358917875e-02
9.0000000000e+00,-2.0936657547e-03,5.4638806350e+01,2.4158481741e+00,1.7302230862e+01,3.6314307430e-01,6.9666951108e-01,1.3414487021e-02
9.0000000000e+00,-2.1034892310e-03,5.4668149100e+01,2.4258481693e+00,1.7305310446e+01,3.6307845080e-01,7.5242367869e-01,1.3470130505e-02
9.0000000000e+00,-2.1131562910e-03,5.4697055410e+01,2.4358481646e+00,1.7308393397e+01,3.6301377970e-01,8.1231476615e-01,1.3525849730e-02
9.0000000000e+00,-2.1226577651e-03,5.4725496400e+01,2.4458481601e+00,1.7311478588e+01,3.6294908460e-01,8.7661344805e-01,1.3581645994e-02
9.0000000000e+00,-2.1319837743e-03,5.4753440940e+01,2.4558481558e+00,1.7314564745e+01,3.6288439240e-01,9.4560423041e-01,1.3637520464e-02
9.0000000000e+00,-2.1411236588e-03,5.4780855480e+01,2.4658481516e+00,1.7317650432e+01,3.6281973310e-01,1.0195856565e+00,1.3693474159e-02
9.0000000000e+00,-2.1500658993e-03,5.4807703780e+01,2.4758481476e+00,1.7320734030e+01,3.6275514050e-01,1.0988704263e+00,1.3749507923e-02
9.0000000000e+00,-2.1587980280e-03,5.4833946640e+01,2.4858481438e+00,1.7323813717e+01,3.6269065290e-01,1.1837854090e+00,1.3805622398e-02
9.0000000000e+00,-2.1673065312e-03,5.4859541620e+01,2.4958481402e+00,1.7326887447e+01,3.6262631280e-01,1.2746715277e+00,1.3861817989e-02
9.0000000000e+00,-2.1755767382e-03,5.4884442680e+01,2.5058481368e+00,1.7329952920e+01,3.6256216830e-01,1.3718834884e+00,1.3918094830e-02
9.0000000000e+00,-2.1835926995e-03,5.4908599810e+01,2.5158481336e+00,1.7333007559e+01,3.6249827310e-01,1.4757893226e+00,1.3974452743e-02
9.0000000000e+00,-2.1913370490e-03,5.4931958600e+01,2.5258481306e+00,1.7336048470e+01,3.6243468730e-01,1.5867697101e+00,1.4030891191e-02
9.0000000000e+00,-2.1987908507e-03,5.4954459810e+01,2.5358481278e+00,1.7339072416e+01,3.6237147850e-01,1.7052170393e+00,1.4087409223e-02
9.0000000000e+00,-2.2059334275e-03,5.4976038810e+01,2.5458481252e+00,1.7342075764e+01,3.6230872200e-01,1.8315341611e+00,1.4144005421e-02
9.0000000000e+00,-2.2127421692e-03,5.4996625020e+01,2.5558481229e+00,1.7345054452e+01,3.6224650230e-01,1.9661327814e+00,1.4200677826e-02
9.0000000000e+00,-2.2191923187e-03,5.5016141250e+01,2.5658481208e+00,1.7348003928e+01,3.6218491380e-01,2.1094314347e+00,1.4257423865e-02
