-3.4747600893653902e-6,1.232152681841607e-21,-0.0001752427203055248,-4.906509752955524e-8,-7.139071336070836e-8,1.4482528498282782e-5,-1.7743622699141437e-7,-0.15496920125571945,0.028280758143655074,5.1213147921613206e-8,-1.2954113040595534e-7,-3.9321114999904956e-5,8.921111423321024e-5,0.000331170309780206,0.01638863960889523,2.530171535068165e-7,-3.5195727732290205e-5,1.8389854101795904,-2.4228585707251,1.266298824489714e-9,-1.7942494806127183e-8,4.749806426505188e-6,3.873140153502148e-7,9.846374010542471e-5,-0.008448542520457292,-5.169351035399603e-7,0.04894607820104692,0.11242092404717781,-0.869450551834972,5.7049625805101525e-9,0.00017001119646482,-0.016206588859740672,-217.70980478361807,110.27543621145828,5.3895262329426e-10,-3.6593074615174936e-8,-2.6022554296039393e-7,-9.8374040022471e-8,-3.912002748576464e-6,-0.006328939172630312,1.1489696674698653e-5,5.428171193269819e-5,0.03253498083974547,-0.7415211138251476,5.3337956300145273e-11,-0.00021769765521729268,7.689409614287943,28.429876091493366,217.49305680994865,-1.059610174125552e-11,3.996709175559253e-6,0.03632845708007845,-5.095346231042063,14922.34838809525,-2309.3724107355533,-9.823919620536718e-13,-1.731262438754809e-9,3.7057624743641813e-7,2.1510482683712343e-8,-4.793936657739588e-5,-0.0004135243194384009,-8.756110491002613e-8,-0.00014614823816957529,0.003436466502651023,-2.067809485781316,2.41719590240562e-7,-0.00012284072337990346,0.021309593115058097,11.768363867925123,-9.807340867051069,-5.357421048130162e-9,-5.9586916727999984e-5,-0.09462270263500773,1046.0474917303154,5860.321456344711,-17659.13684155458,1.0263915957429022e-10,5.211986311824006e-7,0.0007392503156482853,1.595860883964427,-403.63937324997886,-956274.9890890765,-7134.2956428848565,7.393315605439051e-12,-5.312519785953761e-10,-2.989192411663245e-8,-1.3060826050337815e-9,-1.304393260323996e-6,4.699658605164359e-5,-1.264795352859091e-8,2.651695026979346e-5,-0.025660223317452383,-0.11263997934051453,-6.270337568635232e-6,3.213470090228227e-6,-0.09692388684728981,2.3315566514682,-256.737708652549,-4.680329153454744e-8,0.00013962662258135608,-0.7486244801137045,-0.9136279676955076,2614.3548973800935,2899.7286076019664,3.91090936462671e-10,-7.361182024148963e-6,-0.0661858261954992,-24.23404722720449,101856.41806909864,1.1024069229298441e6,1.0033242535945768e6,2.1694807752468486e-12,7.147986412986644e-8,0.00033509388299998624,-0.061540684809153035,-571.5042636353166,-14252.927461505484,4.873832666624977e7,3.9611175380303976e6
-1.232152681841607e-21,3.4747600893653902e-6,0.0001752427203055248,1.7743622699141437e-7,7.139071336070836e-8,0.15496920125571945,4.906509752955524e-8,-1.4482528498282782e-5,-0.028280758143655074,-2.530171535068165e-7,-8.921111423321024e-5,3.5195727732290205e-5,1.2954113040595534e-7,-0.000331170309780206,-1.8389854101795904,-5.1213147921613206e-8,3.9321114999904956e-5,-0.01638863960889523,2.4228585707251,-5.7049625805101525e-9,5.169351035399603e-7,-0.00017001119646482,-3.873140153502148e-7,-0.04894607820104692,0.016206588859740672,1.7942494806127183e-8,-9.846374010542471e-5,-0.11242092404717781,217.70980478361807,-1.266298824489714e-9,-4.749806426505188e-6,0.008448542520457292,0.869450551834972,-110.27543621145828,1.059610174125552e-11,-5.3337956300145273e-11,-3.996709175559253e-6,-1.1489696674698653e-5,0.00021769765521729268,-0.03632845708007845,9.8374040022471e-8,-5.428171193269819e-5,-7.689409614287943,5.095346231042063,3.6593074615174936e-8,3.912002748576464e-6,-0.03253498083974547,-28.429876091493366,-14922.34838809525,-5.3895262329426e-10,2.6022554296039393e-7,0.006328939172630312,0.7415211138251476,-217.49305680994865,2309.3724107355533,-1.0263915957429022e-10,5.357421048130162e-9,-5.211986311824006e-7,-2.41719590240562e-7,5.9586916727999984e-5,-0.0007392503156482853,8.756110491002613e-8,0.00012284072337990346,0.09462270263500773,-1.595860883964427,-2.1510482683712343e-8,0.00014614823816957529,-0.021309593115058097,-1046.0474917303154,403.63937324997886,1.731262438754809e-9,4.793936657739588e-5,-0.003436466502651023,-11.768363867925123,-5860.321456344711,956274.9890890765,9.823919620536718e-13,-3.7057624743641813e-7,0.0004135243194384009,2.067809485781316,9.807340867051069,17659.13684155458,7134.2956428848565,-2.1694807752468486e-12,-3.91090936462671e-10,-7.147986412986644e-8,4.680329153454744e-8,7.361182024148963e-6,-0.00033509388299998624,6.270337568635232e-6,-0.00013962662258135608,0.0661858261954992,0.061540684809153035,1.264795352859091e-8,-3.213470090228227e-6,0.7486244801137045,24.23404722720449,571.5042636353166,1.3060826050337815e-9,-2.651695026979346e-5,0.09692388684728981,0.9136279676955076,-101856.41806909864,14252.927461505484,5.312519785953761e-10,1.304393260323996e-6,0.025660223317452383,-2.3315566514682,-2614.3548973800935,-1.1024069229298441e6,-4.873832666624977e7,-7.393315605439051e-12,2.989192411663245e-8,-4.699658605164359e-5,0.11263997934051453,256.737708652549,-2899.7286076019664,-1.0033242535945768e6,-3.9611175380303976e6
-0.00017524272030550953,0.00017524272030550953,0.0,-0.00013292865588427903,0.0,-0.002167829258785198,0.00013292865588427903,0.002167829258785198,0.0,-3.2565762644919874e-6,-6.349724732641807e-6,-0.028840916228877397,6.349724732641807e-6,1.8693418569829707e-18,0.41008105752047885,3.2565762644919874e-6,0.028840916228877397,-0.41008105752047885,0.0,3.491113241527423e-7,3.1076513614491255e-5,-0.0012774387650525975,-9.609964541423031e-24,-0.008009185759687691,0.3903444055442852,-3.1076513614491255e-5,0.008009185759687691,1.8686149774167096e-16,-22.50224872733026,-3.491113241527423e-7,0.0012774387650525975,-0.3903444055442852,22.50224872733026,0.0,-4.164519081106377e-8,3.1112229747290193e-6,0.0001672887494400551,-1.3815825226392224e-5,0.03825125858705119,-0.09901580427315776,1.3815825226392224e-5,-2.9707785661578574e-19,-4.444566904488323,256.83949075329735,-3.1112229747290193e-6,-0.03825125858705119,4.444566904488323,8.826354689428876e-14,259.10782302243337,4.164519081106377e-8,-0.0001672887494400551,0.09901580427315776,-256.83949075329735,-259.10782302243337,0.0,-6.815709326174423e-9,3.5810022869738514e-8,-1.4642673367301833e-5,-3.2547475465016403e-6,0.003003295499203785,0.02029025098157518,-2.2729752295750152e-21,-0.012470310927099298,16.766477432445466,23.911630610520064,3.2547475465016403e-6,0.012470310927099298,1.4126102631650473e-17,-1105.3731082580443,34795.847692054725,-3.5810022869738514e-8,-0.003003295499203785,-16.766477432445466,1105.3731082580443,-1.469330879528094e-12,85657.69355594848,6.815709326174423e-9,1.4642673367301833e-5,-0.02029025098157518,-23.911630610520064,-34795.847692054725,-85657.69355594848,0.0,-2.4467657296543024e-10,5.727997124176348e-8,-9.185317519637518e-6,-1.2141339881592348e-6,-2.0438546245762503e-5,0.004323206359240564,9.955837098058883e-6,-0.014969729839582216,1.3921272807472354,-5.783683598767614,-9.955837098058883e-6,-1.110071478689778e-18,-1.9249533051674041,4749.27720643144,5328.225531066988,1.2141339881592348e-6,0.014969729839582216,1.9249533051674041,6.438638865876619e-14,-210531.01383648266,407552.5179868146,-5.727997124176348e-8,2.0438546245762503e-5,-1.3921272807472354,-4749.27720643144,210531.01383648266,-1.3482104164208164e-9,-3.1205892177257426e6,2.4467657296543024e-10,9.185317519637518e-6,-0.004323206359240564,5.783683598767614,-5328.225531066988,-407552.5179868146,3.1205892177257426e6,0.0
-4.9065097529570144e-8,1.7743622699147126e-7,-0.0001329286558842748,-4.050708056867862e-9,-4.597618295265374e-7,-1.5585971089505308e-5,4.9666997315677016e-23,-0.00016306056047629867,-0.0006739036913591981,-2.436591442634486e-10,2.7911855353362762e-8,-1.430090986476223e-6,1.9470157475990918e-7,-0.0002834467064141021,-0.0015907285497188922,-4.794049529227988e-8,-0.013516800352015712,-0.00780235616666944,0.591441653067557,-5.827277882059281e-12,3.2637043599657384e-9,1.574758420809092e-6,-1.9810737550521193e-8,1.6390591108088608e-5,-0.00013526558033194661,-5.915510570523587e-6,0.0001839186827946428,-0.0699125371686309,-0.0640404256758444,6.514820916825202e-10,-3.278658107325202e-5,-0.6456175525843658,-0.27763650139961343,-57.659781272571436,-3.924797497268188e-11,2.62476710046418e-9,2.7293074171961465e-8,3.4800421508409356e-9,2.3435325933898262e-6,0.0007326435271042697,7.629689361749056e-8,2.7336438345591884e-5,0.004952476345706357,-0.006222066625042396,-1.631080326642268e-8,0.0019849780781259893,0.04932304974706669,-13.153959308328927,-0.566572602225727,-9.244305200030666e-11,-1.141962695919866e-9,-0.00617640966874832,-40.97166437831261,1.2193465074843715,3900.0285799189314,-8.042923438564423e-13,7.811287250475186e-11,-6.846132230650494e-9,-2.798537602804332e-10,2.3485905735961704e-6,1.311501128188495e-5,1.135414071194225e-8,1.4579400052654792e-6,0.0007808691722882173,0.12379127892772843,4.967298020369184e-6,-1.145853262973791e-5,0.03738555738219954,1.0063765299407357,-1.0671928067180267,2.843053847886036e-10,3.724459122957071e-6,0.6559844511874362,10.833899068788535,-1936.5859384908986,3.195592949994682,-2.098857627436998e-11,-7.032937601589253e-8,-0.00010066703711109893,-0.7244171503840439,1664.700389420926,-354.29288090894653,-202842.83297424114,-4.4621102391671854e-13,5.743959876702818e-11,8.460808503627309e-10,-8.293207721205299e-10,3.373121236104985e-8,8.912477893379793e-6,9.774375786469086e-10,-9.389165733095155e-7,0.000744250410686569,0.0011955617632140535,-2.1762868079670793e-8,1.1634768193346224e-5,-0.00012372243563326573,0.15316519328648115,6.1972866949905105,4.481044144712083e-9,0.002451120000869584,-0.016654809142786754,20.64629842635354,155.25369212691078,-139.46854682183877,1.23434355684703e-10,3.8552500526849835e-7,0.0045681792127152095,163.2854447258765,1920.502772384957,-250651.08348087288,-2940.27303120188,-4.836689463929276e-13,-3.124545667622963e-8,-1.574909848021528e-5,-0.032227246601651466,4.909324151087794,-55856.267762749434,-4058.1493931153386,6.91058693899294e6
-7.13907133605036e-8,7.13907133605036e-8,0.0,-4.5976182952653357e-7,0.0,-3.2121982636519794e-5,4.5976182952653357e-7,3.2121982636519794e-5,0.0,-2.1583370680673477e-8,-9.700804190801436e-8,-9.339778511207217e-5,9.700804190801436e-8,6.472586499044656e-21,0.001005519358672054,2.1583370680673477e-8,9.339778511207217e-5,-0.001005519358672054,0.0,1.5790877900433472e-9,1.9714664060626452e-7,-5.9027626078382205e-6,-1.3570347939486076e-23,5.542429275859659e-5,0.0032322603458679326,-1.9714664060626452e-7,-5.542429275859659e-5,4.711480867055524e-18,-0.29586576950939547,-1.5790877900433472e-9,5.9027626078382205e-6,-0.0032322603458679326,0.29586576950939547,0.0,-2.2740493299036082e-10,2.0093847024427575e-8,7.795045427838593e-7,5.4943248303013785e-8,0.00018116538589407072,0.0004994250368317171,-5.4943248303013785e-8,-7.438091809114517e-21,-0.009110990040384548,1.893392699579983,-2.0093847024427575e-8,-0.00018116538589407072,0.009110990040384548,7.423184067888925e-16,-10.926803749692287,2.2740493299036082e-10,-7.795045427838593e-7,-0.0004994250368317171,-1.893392699579983,10.926803749692287,0.0,-3.642118467686382e-11,3.3940939197850197e-10,-6.681409998515794e-8,-2.617418948599913e-8,2.0253316915423734e-5,9.93826566086015e-5,-2.0207055115689268e-23,-6.928448686015543e-5,0.07847564145607418,0.3728425681063737,2.617418948599913e-8,6.928448686015543e-5,3.0376309693798884e-19,-4.243978046923987,151.2197402201224,-3.3940939197850197e-10,-2.0253316915423734e-5,-0.07847564145607418,4.243978046923987,-5.688480438615828e-15,1676.665146090098,3.642118467686382e-11,6.681409998515794e-8,-9.93826566086015e-5,-0.3728425681063737,-151.2197402201224,-1676.665146090098,0.0,-1.5912543282135635e-12,3.1351827826663254e-10,-4.370000675723663e-8,-6.162578546063253e-9,-1.5636031519196232e-8,3.3195346522276825e-5,1.6264389606605e-8,-8.443310866922825e-5,0.009464721193015262,-0.02789275884190771,-1.6264389606605e-8,-8.395335230077648e-21,-0.011411775165447297,21.634340435252646,53.13233887215248,6.162578546063253e-9,8.443310866922825e-5,0.011411775165447297,7.552566554274433e-16,-1253.9068068903757,3089.6531925510944,-3.1351827826663254e-10,1.5636031519196232e-8,-0.009464721193015262,-21.634340435252646,1253.9068068903757,-4.8442301380462695e-12,-113678.85551372402,1.5912543282135635e-12,4.370000675723663e-8,-3.3195346522276825e-5,0.02789275884190771,-53.13233887215248,-3089.6531925510944,113678.85551372402,0.0
1.4482528498259808e-5,0.15496920125572025,-0.002167829258786997,-1.5585971089510932e-5,-3.2121982636521705e-5,0.03741784407933868,0.00016306056047629737,8.204471981299087e-18,0.6156989174765748,4.7724407526867225e-6,-4.2478567735905525e-5,-0.007984133390582775,-0.021052865536848035,0.02359871772437144,2.6531725491573757,2.645797469265499e-5,0.0179789032909549,-99.04902524206706,-72.341060785834,7.845020157650025e-8,3.7746371049854376e-8,-0.002171163483272301,3.906767664812632e-5,-0.026608792966142984,-1.3449482415471237,-8.021297297660298e-5,-3.712408256566623,14.924902974127052,298.47844852501646,7.360601100297627e-7,0.02534795662767038,0.08330004784744789,-8190.364577597163,5034.872077176357,8.993843377842873e-8,-6.712152785246161e-6,-0.00014299790191824963,-1.6672197273720738e-5,0.002316154916102753,-1.759343309388334,0.005055429441544376,0.020900193632133048,-6.665731630064382,-79.74861873549771,9.435932045565061e-6,-0.044039531297961725,-639.4078100295139,4175.7092713127895,-298.1640679260468,-6.165938108446963e-8,0.0006967842883276078,7.365183908131484,-513.3411806443314,607382.1004778491,-192932.082846891,-3.0717556936359483e-9,-1.6010972717871068e-7,4.4823320563531335e-5,2.9644116083968414e-6,-0.007581692459585604,-0.08902080724974343,-8.270141946145676e-6,-0.017766789970217696,1.8992416553480025,-390.44487894332434,9.586983296177117e-6,2.700819281913226,4.019494871999392,-885.0562791947932,3348.7992169342833,-6.448835080065958e-7,0.003079949053929457,-19.235460118768877,-102917.38853456196,907260.5674472529,-250581.57977718316,1.6397393728969482e-8,4.443867127109127e-5,0.1904431931147285,789.4399605602797,-69543.11673528209,-2.1854428478144772e7,3.311221345269379e6,1.0927849956895304e-9,-1.0042817166629572e-7,-7.0281115033260946e-6,6.479988653298551e-7,-3.77317137314756e-5,-0.0029852568705419974,-2.6562357651438674e-6,0.003175079744723629,-3.401723589448081,-17.8590789022548,-0.0010941576179175042,-0.0046092666609178125,-9.323880625162015,763.0556817735114,-34596.19668766279,-6.889237750906467e-6,0.01416813077457352,987.6044015972498,-508.93281445712097,-48373.1647146834,674374.7127072968,1.2360136922361615e-7,-0.0010095239469300413,-3.734881711905095,-5663.030505375167,-1.6600615501810085e7,1.7155660491358894e8,3.779259516962189e7,-5.85775189717774e-10,1.5679703074797797e-5,0.050429854311976684,9.953743804539334,-22286.03333685262,-3.3177769440228646e6,1.0064794338988659e9,3.489895609117055e7
-1.7743622699147126e-7,4.9065097529570144e-8,0.0001329286558842748,-4.9666997315677016e-23,4.597618295265374e-7,0.00016306056047629867,4.050708056867862e-9,1.5585971089505308e-5,0.0006739036913591981,4.794049529227988e-8,-1.9470157475990918e-7,0.013516800352015712,-2.7911855353362762e-8,0.0002834467064141021,0.00780235616666944,2.436591442634486e-10,1.430090986476223e-6,0.0015907285497188922,-0.591441653067557,-6.514820916825202e-10,5.915510570523587e-6,3.278658107325202e-5,1.9810737550521193e-8,-0.0001839186827946428,0.6456175525843658,-3.2637043599657384e-9,-1.6390591108088608e-5,0.0699125371686309,0.27763650139961343,5.827277882059281e-12,-1.574758420809092e-6,0.00013526558033194661,0.0640404256758444,57.659781272571436,9.244305200030666e-11,1.631080326642268e-8,1.141962695919866e-9,-7.629689361749056e-8,-0.0019849780781259893,0.00617640966874832,-3.4800421508409356e-9,-2.7336438345591884e-5,-0.04932304974706669,40.97166437831261,-2.62476710046418e-9,-2.3435325933898262e-6,-0.004952476345706357,13.153959308328927,-1.2193465074843715,3.924797497268188e-11,-2.7293074171961465e-8,-0.0007326435271042697,0.006222066625042396,0.566572602225727,-3900.0285799189314,2.098857627436998e-11,-2.843053847886036e-10,7.032937601589253e-8,-4.967298020369184e-6,-3.724459122957071e-6,0.00010066703711109893,-1.135414071194225e-8,1.145853262973791e-5,-0.6559844511874362,0.7244171503840439,2.798537602804332e-10,-1.4579400052654792e-6,-0.03738555738219954,-10.833899068788535,-1664.700389420926,-7.811287250475186e-11,-2.3485905735961704e-6,-0.0007808691722882173,-1.0063765299407357,1936.5859384908986,354.29288090894653,8.042923438564423e-13,6.846132230650494e-9,-1.311501128188495e-5,-0.12379127892772843,1.0671928067180267,-3.195592949994682,202842.83297424114,4.836689463929276e-13,-1.23434355684703e-10,3.124545667622963e-8,-4.481044144712083e-9,-3.8552500526849835e-7,1.574909848021528e-5,2.1762868079670793e-8,-0.002451120000869584,-0.0045681792127152095,0.032227246601651466,-9.774375786469086e-10,-1.1634768193346224e-5,0.016654809142786754,-163.2854447258765,-4.909324151087794,8.293207721205299e-10,9.389165733095155e-7,0.00012372243563326573,-20.64629842635354,-1920.502772384957,55856.267762749434,-5.743959876702818e-11,-3.373121236104985e-8,-0.000744250410686569,-0.15316519328648115,-155.25369212691078,250651.08348087288,4058.1493931153386,4.4621102391671854e-13,-8.460808503627309e-10,-8.912477893379793e-6,-0.0011955617632140535,-6.1972866949905105,139.46854682183877,2940.27303120188,-6.91058693899294e6
-0.15496920125572025,-1.4482528498259808e-5,0.002167829258786997,-0.00016306056047629737,3.2121982636521705e-5,-8.204471981299087e-18,1.5585971089510932e-5,-0.03741784407933868,-0.6156989174765748,-2.645797469265499e-5,0.021052865536848035,-0.0179789032909549,4.2478567735905525e-5,-0.02359871772437144,99.04902524206706,-4.7724407526867225e-6,0.007984133390582775,-2.6531725491573757,72.341060785834,-7.360601100297627e-7,8.021297297660298e-5,-0.02534795662767038,-3.906767664812632e-5,3.712408256566623,-0.08330004784744789,-3.7746371049854376e-8,0.026608792966142984,-14.924902974127052,8190.364577597163,-7.845020157650025e-8,0.002171163483272301,1.3449482415471237,-298.47844852501646,-5034.872077176357,6.165938108446963e-8,-9.435932045565061e-6,-0.0006967842883276078,-0.005055429441544376,0.044039531297961725,-7.365183908131484,1.6672197273720738e-5,-0.020900193632133048,639.4078100295139,513.3411806443314,6.712152785246161e-6,-0.002316154916102753,6.665731630064382,-4175.7092713127895,-607382.1004778491,-8.993843377842873e-8,0.00014299790191824963,1.759343309388334,79.74861873549771,298.1640679260468,192932.082846891,-1.6397393728969482e-8,6.448835080065958e-7,-4.443867127109127e-5,-9.586983296177117e-6,-0.003079949053929457,-0.1904431931147285,8.270141946145676e-6,-2.700819281913226,19.235460118768877,-789.4399605602797,-2.9644116083968414e-6,0.017766789970217696,-4.019494871999392,102917.38853456196,69543.11673528209,1.6010972717871068e-7,0.007581692459585604,-1.8992416553480025,885.0562791947932,-907260.5674472529,2.1854428478144772e7,3.0717556936359483e-9,-4.4823320563531335e-5,0.08902080724974343,390.44487894332434,-3348.7992169342833,250581.57977718316,-3.311221345269379e6,5.85775189717774e-10,-1.2360136922361615e-7,-1.5679703074797797e-5,6.889237750906467e-6,0.0010095239469300413,-0.050429854311976684,0.0010941576179175042,-0.01416813077457352,3.734881711905095,-9.953743804539334,2.6562357651438674e-6,0.0046092666609178125,-987.6044015972498,5663.030505375167,22286.03333685262,-6.479988653298551e-7,-0.003175079744723629,9.323880625162015,508.93281445712097,1.6600615501810085e7,3.3177769440228646e6,1.0042817166629572e-7,3.77317137314756e-5,3.401723589448081,-763.0556817735114,48373.1647146834,-1.7155660491358894e8,-1.0064794338988659e9,-1.0927849956895304e-9,7.0281115033260946e-6,0.0029852568705419974,17.8590789022548,34596.19668766279,-674374.7127072968,-3.779259516962189e7,-3.489895609117055e7
0.028280758143654577,-0.028280758143654577,0.0,-0.0006739036913593416,0.0,0.615698917476511,0.0006739036913593416,-0.615698917476511,0.0,7.125446834441852e-5,-0.0031807120477397475,1.0409263893236238,0.0031807120477397475,-9.835280279173242e-17,16.689858251204537,-7.125446834441852e-5,-1.0409263893236238,-16.689858251204537,0.0,-1.3837598841157726e-5,-0.000846706848998296,0.024741394162153024,-8.968126108348279e-20,0.0835525687232703,-34.12147884754152,0.000846706848998296,-0.0835525687232703,2.589742578448627e-14,-1034.2996226722264,1.3837598841157726e-5,-0.024741394162153024,34.12147884754152,1034.2996226722264,0.0,1.2799910265189333e-6,-8.700275196203014e-5,-0.005540236949765613,0.0011489305207785486,-1.0758978048216519,1.6338812762500998,-0.0011489305207785486,-3.458507640631389e-17,-30.1881021622674,-10577.289924164983,8.700275196203014e-5,1.0758978048216519,30.1881021622674,1.1713408922318184e-13,-8724.657778531186,-1.2799910265189333e-6,0.005540236949765613,-1.6338812762500998,10577.289924164983,8724.657778531186,0.0,2.660726178775965e-7,1.5276692584980627e-6,0.0002872367566438585,0.0001765525847343273,-0.07451271896310097,-0.1274103210932035,2.3253502086604934e-20,0.28278734792205384,-486.937042864121,-333.4048771124135,-0.0001765525847343273,-0.28278734792205384,-2.1901374801954547e-15,-19312.42583239365,-942595.9804626668,-1.5276692584980627e-6,0.07451271896310097,486.937042864121,19312.42583239365,-1.6077027713070279e-10,3.6543030268071233e6,-2.660726178775965e-7,-0.0002872367566438585,0.1274103210932035,333.4048771124135,942595.9804626668,-3.6543030268071233e6,0.0,9.616181270804419e-9,-1.9670000185792226e-6,0.0003533872762539121,4.214460873034226e-5,0.0035366078422117944,-0.23951838661647562,-0.0003811242294049835,0.5292752698005948,-29.3948018467579,387.26483763619564,0.0003811242294049835,-2.477479526907786e-18,81.25894106591339,-134147.73909681293,-40280.59472363183,-4.214460873034226e-5,-0.5292752698005948,-81.25894106591339,1.9943517036337447e-12,-6.541426196101495e6,-1.9331416243519515e7,1.9670000185792226e-6,-0.0035366078422117944,29.3948018467579,134147.73909681293,6.541426196101495e6,6.012053722367189e-8,-1.264866038473179e8,-9.616181270804419e-9,-0.0003533872762539121,0.23951838661647562,-387.26483763619564,40280.59472363183,1.9331416243519515e7,1.264866038473179e8,0.0
5.1213147921624376e-8,-2.530171535067862e-7,-3.2565762644920145e-6,-2.436591442614962e-10,-2.1583370680672206e-8,4.772440752687307e-6,4.794049529228033e-8,-2.6457974692653263e-5,7.125446834440645e-5,-3.202751390505226e-9,2.4232010177831142e-9,9.301131336996939e-7,6.11199191980998e-9,-1.0127423600300824e-5,-1.6519446669757427e-5,9.157370396149838e-25,-1.1983020410796183e-5,-0.0004913689657872544,-0.0013379481309498187,-9.909405493488076e-11,1.3610927149796912e-9,-9.349697766989246e-7,-2.180932682928061e-9,-2.6131616385341842e-8,0.00030063916309271843,-1.9926498447038515e-8,1.3393462875547338e-5,-0.002635275338599288,-0.0178984702686498,-1.3161610116822768e-9,-0.0011513117286822438,-0.0011484581241088154,0.02772688399696013,0.07392298036954884,-2.2890585917134122e-11,1.380672758268602e-9,-2.5606664464969933e-8,3.865206885406954e-9,9.298206737061843e-7,0.00010837494109472267,-7.071328178706281e-9,-3.261873006966306e-7,-0.0005033735723983036,0.036122324188757285,-1.145408712392843e-6,-2.15428099557611e-6,0.005876203672765843,-0.514528750431878,-0.033662228512860055,-5.693653372424348e-11,-3.951967152425519e-7,-0.17113367273635516,-0.3052640366356355,0.8356919042246479,-3.966200280761348,-1.30179095349761e-12,1.264776625552177e-10,-2.258940603737852e-8,-8.313567072817338e-10,2.1568514519512796e-6,9.61653011563029e-6,7.677579646297903e-10,3.980698029106033e-6,0.00024289051317072453,0.08067345209214412,5.033242141082904e-9,-1.0786295779550527e-5,0.0005040343919485608,-0.2447010615231513,1.4658814758861152,1.4807035307597959e-9,-0.0002628106800728478,-0.0032994309540316682,1.832663066026277,-87.10031426422648,34.636204413801266,-7.303010510892425e-12,-8.295215801304259e-8,9.474269170771801e-5,-14.52558327010029,-22.025448456266307,-272.4984230629194,82.23698887005658,-4.3647683166384174e-13,1.8936388373664576e-11,4.2454423992580457e-10,3.0055348601123944e-10,1.273941421112764e-7,-6.283025922984432e-6,-5.937568854261598e-10,-1.206056607617472e-6,0.0013278400367063594,0.00484313377171117,3.5805498039200527e-9,8.789900216419165e-7,0.002174979818202898,0.020011415431090238,13.475602623517217,4.398155197119781e-7,1.722419602751144e-6,-0.007804690686175965,0.3791040459605632,-68.68863436861913,-68.67808396369689,6.234829014117878e-11,1.4471244549518752e-6,-0.0178795850946964,-0.9100101934531026,413.6413645576459,-13827.516615317885,252.7923297949661,-1.1150069451551767e-12,-1.7247746626861717e-9,-2.8372922957372667e-5,0.03841985675216813,31.626086382384372,93.06021539411314,11635.72481276502,6099.1907838363195
-1.2954113040599992e-7,-8.921111423321253e-5,-6.3497247326404584e-6,2.791185535337364e-8,-9.700804190800646e-8,-4.2478567735905436e-5,-1.947015747599119e-7,0.02105286553684809,-0.003180712047739721,2.423201017781301e-9,1.4034942356461075e-8,1.0774925213458982e-5,1.49082694262884e-23,-8.16481324940719e-5,-0.008367393855800669,-6.111991919807756e-9,-6.220055285141209e-5,-0.4902755579708368,0.27189827825367047,2.671780345152995e-10,-6.637250825896991e-9,7.087051258104844e-6,-3.8184985350263495e-8,6.297654753636643e-6,0.0012443343260587908,1.0346821964988959e-7,-0.003421258256131289,-0.017593028642369047,-0.33379213859570117,-3.592310748351038e-10,-3.4495021128367245e-5,-0.00887244716602254,40.04564865797113,-6.538318130994398,-8.727279402474208e-11,7.825448265498776e-9,3.7913679719452135e-7,1.0436635408718645e-8,-8.895930999983893e-6,0.0027364728270684066,-4.665588603156595e-6,2.0714368432991125e-5,-8.245625072574478e-5,-0.004641158927342079,-3.130771776756526e-8,6.206923701577656e-5,0.2012101417710332,-5.7359922835429344,0.29598206707197916,2.210598524514961e-10,-9.030022925444651e-7,-0.014020606061162975,0.15518615057595672,-3204.4904956295777,-51.91971938076614,1.0181964680850955e-11,-2.450773270942605e-10,8.586247943111768e-9,-6.655962185382294e-10,6.303905158520146e-6,0.00013035177987261265,1.0468011141191902e-8,1.9817658352834373e-5,-0.004834077230108815,0.40025380399330823,-1.5384416141736942e-8,-0.0018541978423554499,-0.001351868138147799,-0.18433929940531227,-12.765390832202108,-8.75138798661549e-12,-2.9010988091016066e-5,0.034924426996726536,125.60895662336702,-1208.2554877890468,-537.6054926567551,-2.0154522372197858e-11,5.724924403767224e-8,-0.0003789501151736386,-2.2481364629668645,83.14141534517319,190520.64683798645,2207.9001588520887,-6.053940887367462e-13,1.253391038545731e-10,1.2100542371836285e-8,-2.4343485895208268e-9,-4.7340795324893736e-7,3.6199450482796516e-5,9.914527665446657e-9,6.386402291277458e-7,0.0014092245727425259,0.014188499211101114,2.3188260714539046e-6,-2.134599797509961e-5,0.016873137079068012,-1.5819601853204321,10.729463415166132,8.27095452180857e-9,-3.122689601339794e-6,-0.9891087232602633,2.6072950709680924,-81.1099400529294,-991.1973651616698,-2.9566028049383313e-10,5.90189777616372e-7,-0.00816181868525753,10.937202223335538,34169.4636808858,-223817.3901689014,51668.44101176163,3.235265863500724e-12,-2.945319269829608e-8,-4.300887477094298e-5,-0.05323432997094892,-110.60984306419475,7051.934972282802,-1.0480054340208262e7,181996.15164870775
-3.932111499990591e-5,3.519572773229107e-5,-0.028840916228876495,-1.4300909864763398e-6,-9.33977851120671e-5,-0.007984133390583152,0.013516800352015764,-0.017978903290955306,1.040926389323599,9.301131336996634e-7,1.077492521345968e-5,-0.0002626059284350027,6.220055285140983e-5,-0.054538261986320974,-0.6377792584623062,1.19830204107965e-5,-3.771899780436817e-18,-3.3328490540870788,2.98913603947841,1.1546389096369843e-8,9.36935280034341e-7,0.0009630828744383052,-1.2579153726076188e-5,0.007049308086245049,-0.016685200273322324,-0.004422391537998871,0.042874891108417926,-15.366904342712594,-19.697859425206413,3.941595806980445e-7,-0.0043787352286745644,-111.54562488548586,-88.90900839499876,-3468.858598048672,-5.059000654571389e-9,5.455155959781828e-7,1.5785751377708654e-5,2.2481956058151026e-7,0.0005561999791991013,0.27199971243384913,1.618533743393516e-5,-7.687725729987919e-5,2.3618632097289582,-3.4645675155767357,-6.1440976514178755e-6,-1.3616716894907286,14.430612113666516,-3090.5120938499194,-206.66826603970182,-1.661579721564146e-8,0.0001551654625561888,-2.1941456552106406,-8951.470071136084,-1321.987073354409,357562.85836629354,3.334467520024767e-10,-2.4778208300130345e-9,6.276462303344938e-6,-2.780415563208353e-7,0.00018923146392843082,0.00393176240531002,2.2847364576730015e-6,-0.0007507458350923748,0.13332835639318585,26.02734633849863,0.0010853503307272961,0.003865106751827095,5.533559563312281,544.0361678861804,-728.7459031947488,-5.8627135297661545e-8,-0.003976706867095424,-264.27071589647636,3057.2342020798446,-477600.00796871446,-13072.284687177798,-1.2872674686105636e-9,-2.2883383399397236e-5,0.003465156476870331,-386.167177767301,-161177.36213585155,104726.20332976068,-2.8340369493497558e7,2.0424260463464818e-11,1.1328886298478062e-8,8.398015772967939e-7,-3.8732786693706975e-7,-2.437919557658458e-5,0.005570184739604467,5.88419321381081e-7,-0.0005087610010963542,-0.15544114031308473,-0.26778855210096586,-3.6283207556174714e-6,0.003730452889025328,-0.8682817687322848,13.060675009275945,-1639.999382131778,-3.1497332257237314e-7,0.9016459442516548,-2.7396109676367453,4058.751492338872,97515.57098939548,-57396.567837046365,2.177448951638201e-8,-5.440323766708274e-5,-1.241594698780286,-38607.066337966906,515936.5284507547,-6.379605389044323e7,-1.1993520705001494e6,6.949217449619882e-11,-7.489244299095999e-6,-0.009879521391843617,-5.390184311658861,-29708.58193417898,1.0268485761099553e7,-1.2757761776443435e7,1.9732996136774163e9
8.921111423321253e-5,1.2954113040599992e-7,6.3497247326404584e-6,1.947015747599119e-7,9.700804190800646e-8,-0.02105286553684809,-2.791185535337364e-8,4.2478567735905436e-5,0.003180712047739721,6.111991919807756e-9,-1.49082694262884e-23,6.220055285141209e-5,-1.4034942356461075e-8,8.16481324940719e-5,0.4902755579708368,-2.423201017781301e-9,-1.0774925213458982e-5,0.008367393855800669,-0.27189827825367047,3.592310748351038e-10,-1.0346821964988959e-7,3.4495021128367245e-5,3.8184985350263495e-8,0.003421258256131289,0.00887244716602254,6.637250825896991e-9,-6.297654753636643e-6,0.017593028642369047,-40.04564865797113,-2.671780345152995e-10,-7.087051258104844e-6,-0.0012443343260587908,0.33379213859570117,6.538318130994398,-2.210598524514961e-10,3.130771776756526e-8,9.030022925444651e-7,4.665588603156595e-6,-6.206923701577656e-5,0.014020606061162975,-1.0436635408718645e-8,-2.0714368432991125e-5,-0.2012101417710332,-0.15518615057595672,-7.825448265498776e-9,8.895930999983893e-6,8.245625072574478e-5,5.7359922835429344,3204.4904956295777,8.727279402474208e-11,-3.7913679719452135e-7,-0.0027364728270684066,0.004641158927342079,-0.29598206707197916,51.91971938076614,2.0154522372197858e-11,8.75138798661549e-12,-5.724924403767224e-8,1.5384416141736942e-8,2.9010988091016066e-5,0.0003789501151736386,-1.0468011141191902e-8,0.0018541978423554499,-0.034924426996726536,2.2481364629668645,6.655962185382294e-10,-1.9817658352834373e-5,0.001351868138147799,-125.60895662336702,-83.14141534517319,2.450773270942605e-10,-6.303905158520146e-6,0.004834077230108815,0.18433929940531227,1208.2554877890468,-190520.64683798645,-1.0181964680850955e-11,-8.586247943111768e-9,-0.00013035177987261265,-0.40025380399330823,12.765390832202108,537.6054926567551,-2207.9001588520887,-3.235265863500724e-12,2.9566028049383313e-10,2.945319269829608e-8,-8.27095452180857e-9,-5.90189777616372e-7,4.300887477094298e-5,-2.3188260714539046e-6,3.122689601339794e-6,0.00816181868525753,0.05323432997094892,-9.914527665446657e-9,2.134599797509961e-5,0.9891087232602633,-10.937202223335538,110.60984306419475,2.4343485895208268e-9,-6.386402291277458e-7,-0.016873137079068012,-2.6072950709680924,-34169.4636808858,-7051.934972282802,-1.253391038545731e-10,4.7340795324893736e-7,-0.0014092245727425259,1.5819601853204321,81.1099400529294,223817.3901689014,1.0480054340208262e7,6.053940887367462e-13,-1.2100542371836285e-8,-3.6199450482796516e-5,-0.014188499211101114,-10.729463415166132,991.1973651616698,-51668.44101176163,-181996.15164870775
0.0003311703097802192,-0.0003311703097802192,1.8693418569829557e-18,-0.00028344670641410654,6.472586499044668e-21,0.023598717724371013,0.00028344670641410654,-0.023598717724371013,-9.835280279173343e-17,-1.012742360030085e-5,-8.164813249407405e-5,-0.054538261986320134,8.164813249407405e-5,-2.135523009669916e-18,0.9154279879946446,1.012742360030085e-5,0.054538261986320134,-0.9154279879946446,5.752794203286451e-15,7.520681248941738e-7,9.149129836234326e-5,-0.004022337286785735,-3.3691792347939367e-21,-0.03433876916453935,-0.5002642673100455,-9.149129836234326e-5,0.03433876916453935,8.430712760613705e-16,-18.74514611647331,-7.520681248941738e-7,0.004022337286785735,0.5002642673100455,18.74514611647331,-2.6324713429403735e-13,-1.0334359053738944e-7,8.067500807274883e-6,0.0003874222674034163,-2.173294607383057e-5,0.0909020238808857,-0.2897906233270876,2.173294607383057e-5,-2.0521218675254994e-18,-17.614291063364664,715.3783949753023,-8.067500807274883e-6,-0.0909020238808857,17.614291063364664,1.933858924441138e-13,-83.97891157974097,1.0334359053738944e-7,-0.0003874222674034163,0.2897906233270876,-715.3783949753023,83.97891157974097,1.0210562913424432e-11,-1.519743111784487e-8,1.3926505539867928e-7,-4.37856179530074e-5,-6.997874858422963e-6,0.008489800523250695,0.061015640565878056,-3.1068286761812513e-21,-0.020090530245410864,39.923028363232724,93.73106582634153,6.997874858422963e-6,0.020090530245410864,7.434453484948507e-17,-5268.569071074101,71838.70305486617,-1.3926505539867928e-7,-0.008489800523250695,-39.923028363232724,5268.569071074101,-7.25071233193763e-12,350403.000238789,1.519743111784487e-8,4.37856179530074e-5,-0.061015640565878056,-93.73106582634153,-71838.70305486617,-350403.000238789,-3.6497550847194147e-10,-6.156061434980584e-10,1.3524975079239632e-7,-2.0455267270368357e-5,-2.448677951514417e-6,1.7800797055336194e-5,0.0061446738732442085,1.914432496003065e-5,-0.03434515028930426,4.268087899378935,-8.17983928837469,-1.914432496003065e-5,-2.477234069601066e-18,0.5959875661300632,11256.453112601912,21703.940409244726,2.448677951514417e-6,0.03434515028930426,-0.5959875661300632,3.2251403173151046e-13,-1.1461413712942514e6,1.5522406720828111e6,-1.3524975079239632e-7,-1.7800797055336194e-5,-4.268087899378935,-11256.453112601912,1.1461413712942514e6,-2.3123774040037033e-9,-9.146991397345925e6,6.156061434980584e-10,2.0455267270368357e-5,-0.0061446738732442085,8.17983928837469,-21703.940409244726,-1.5522406720828111e6,9.146991397345925e6,1.2727789029338562e-8
0.01638863960889634,-1.838985410179607,0.41008105752046814,-0.0015907285497190182,0.0010055193586718596,2.6531725491574143,0.007802356166669234,99.04902524206919,16.689858251204537,-1.651944666976327e-5,-0.00836739385580121,-0.6377792584622975,0.49027555797084144,0.9154279879947318,523.410711496648,0.0004913689657872183,3.3328490540870503,-1.8383530501186978e-14,-3700.207818536837,-6.042756515164065e-6,0.00023699489951672817,-0.38255122709873335,0.00038238244608715307,-4.466490888956212,-83.26850368857839,-0.0003353126561647445,-20.847627065633148,744.4312591255193,16840.6220959242,3.0948561473591134e-5,1.5171218391985308,251.2763445579701,-161965.84684678074,205938.75084894383,6.013417616902601e-6,-0.0004780451523296438,-0.017694890858414296,-0.0013468603997598388,0.3902498150329871,-169.10498273412242,-0.07679525092232306,1.0995366021356903,-1294.8455680207403,-1665.5560438800794,0.0013745464645292182,-2.812795995421219,-22453.32028073931,248790.92425040575,180829.27586334577,-9.137121811434899e-6,0.047486437322537794,571.5157553940726,-9815.896309949077,4.1084979401187273e6,-9.747459313989202e6,-4.409513774217893e-7,7.920697921840247e-7,0.0015687177428680321,0.00015467083440496394,-0.44637623674300897,-7.479728567248811,0.00034058267701902014,-0.7688536757562007,233.0584952383986,-28414.585477236113,-0.0005708489108931089,17.732625756907638,371.0978236795874,-261555.4607350519,623298.8453525419,-2.0982109185241326e-5,1.1398562520177058,-1450.933236902962,-6.650700730216421e6,5.728108245162662e7,1.4167012026825018e7,1.0010826873235355e-6,-0.0007537476290474451,17.45630562783616,88013.60928788951,-4.0668751877530543e6,5.420525289727479e8,5.0652940744056433e8,5.969079591642997e-8,-7.652089113885415e-6,-0.0006275047201306342,0.00011572495244339624,0.013170085206567084,-1.1016770226894144,-0.00031058729019577553,0.11655216016304115,-142.38150235985503,-1086.3410776203787,0.013340578142394062,0.019782552841260678,-201.27186268684008,80953.9722885169,-1.4998099242678238e6,-0.0003755941516352337,0.4395830809165262,24931.0117591895,-9731.208531947701,-3.942180148307265e7,5.9494386212522775e7,1.3087838964943795e-5,-0.04797622360406727,274.87448338081293,-461904.97551151144,-1.2896327672264776e9,1.1151876167192667e10,-1.330605259348055e9,-1.0673609855599119e-7,0.001273994877456009,2.7674598984050416,2157.7128642829393,3.722661423221435e6,-2.95448482729134e8,-1.8891431651251854e10,-2.11547436013661e10
2.530171535067862e-7,-5.1213147921624376e-8,3.2565762644920145e-6,-4.794049529228033e-8,2.1583370680672206e-8,2.6457974692653263e-5,2.436591442614962e-10,-4.772440752687307e-6,-7.125446834440645e-5,-9.157370396149838e-25,-6.11199191980998e-9,1.1983020410796183e-5,-2.4232010177831142e-9,1.0127423600300824e-5,0.0004913689657872544,3.202751390505226e-9,-9.301131336996939e-7,1.6519446669757427e-5,0.0013379481309498187,1.3161610116822768e-9,1.9926498447038515e-8,0.0011513117286822438,2.180932682928061e-9,-1.3393462875547338e-5,0.0011484581241088154,-1.3610927149796912e-9,2.6131616385341842e-8,0.002635275338599288,-0.02772688399696013,9.909405493488076e-11,9.349697766989246e-7,-0.00030063916309271843,0.0178984702686498,-0.07392298036954884,5.693653372424348e-11,1.145408712392843e-6,3.951967152425519e-7,7.071328178706281e-9,2.15428099557611e-6,0.17113367273635516,-3.865206885406954e-9,3.261873006966306e-7,-0.005876203672765843,0.3052640366356355,-1.380672758268602e-9,-9.298206737061843e-7,0.0005033735723983036,0.514528750431878,-0.8356919042246479,2.2890585917134122e-11,2.5606664464969933e-8,-0.00010837494109472267,-0.036122324188757285,0.033662228512860055,3.966200280761348,7.303010510892425e-12,-1.4807035307597959e-9,8.295215801304259e-8,-5.033242141082904e-9,0.0002628106800728478,-9.474269170771801e-5,-7.677579646297903e-10,1.0786295779550527e-5,0.0032994309540316682,14.52558327010029,8.313567072817338e-10,-3.980698029106033e-6,-0.0005040343919485608,-1.832663066026277,22.025448456266307,-1.264776625552177e-10,-2.1568514519512796e-6,-0.00024289051317072453,0.2447010615231513,87.10031426422648,272.4984230629194,1.30179095349761e-12,2.258940603737852e-8,-9.61653011563029e-6,-0.08067345209214412,-1.4658814758861152,-34.636204413801266,-82.23698887005658,1.1150069451551767e-12,-6.234829014117878e-11,1.7247746626861717e-9,-4.398155197119781e-7,-1.4471244549518752e-6,2.8372922957372667e-5,-3.5805498039200527e-9,-1.722419602751144e-6,0.0178795850946964,-0.03841985675216813,5.937568854261598e-10,-8.789900216419165e-7,0.007804690686175965,0.9100101934531026,-31.626086382384372,-3.0055348601123944e-10,1.206056607617472e-6,-0.002174979818202898,-0.3791040459605632,-413.6413645576459,-93.06021539411314,-1.8936388373664576e-11,-1.273941421112764e-7,-0.0013278400367063594,-0.020011415431090238,68.68863436861913,13827.516615317885,-11635.72481276502,4.3647683166384174e-13,-4.2454423992580457e-10,6.283025922984432e-6,-0.00484313377171117,-13.475602623517217,68.67808396369689,-252.7923297949661,-6099.1907838363195
-3.519572773229107e-5,3.932111499990591e-5,0.028840916228876495,-0.013516800352015764,9.33977851120671e-5,0.017978903290955306,1.4300909864763398e-6,0.007984133390583152,-1.040926389323599,-1.19830204107965e-5,-6.220055285140983e-5,3.771899780436817e-18,-1.077492521345968e-5,0.054538261986320974,3.3328490540870788,-9.301131336996634e-7,0.0002626059284350027,0.6377792584623062,-2.98913603947841,-3.941595806980445e-7,0.004422391537998871,0.0043787352286745644,1.2579153726076188e-5,-0.042874891108417926,111.54562488548586,-9.36935280034341e-7,-0.007049308086245049,15.366904342712594,88.90900839499876,-1.1546389096369843e-8,-0.0009630828744383052,0.016685200273322324,19.697859425206413,3468.858598048672,1.661579721564146e-8,6.1440976514178755e-6,-0.0001551654625561888,-1.618533743393516e-5,1.3616716894907286,2.1941456552106406,-2.2481956058151026e-7,7.687725729987919e-5,-14.430612113666516,8951.470071136084,-5.455155959781828e-7,-0.0005561999791991013,-2.3618632097289582,3090.5120938499194,1321.987073354409,5.059000654571389e-9,-1.5785751377708654e-5,-0.27199971243384913,3.4645675155767357,206.66826603970182,-357562.85836629354,1.2872674686105636e-9,5.8627135297661545e-8,2.2883383399397236e-5,-0.0010853503307272961,0.003976706867095424,-0.003465156476870331,-2.2847364576729977e-6,-0.003865106751827095,264.27071589647636,386.167177767301,2.780415563208353e-7,0.0007507458350923748,-5.533559563312281,-3057.2342020798446,161177.36213585155,2.4778208300130345e-9,-0.00018923146392843082,-0.13332835639318585,-544.0361678861804,477600.00796871446,-104726.20332976068,-3.334467520024767e-10,-6.276462303344938e-6,-0.00393176240531002,-26.02734633849863,728.7459031947488,13072.284687177798,2.8340369493497558e7,-6.949217449619882e-11,-2.177448951638201e-8,7.489244299095999e-6,3.1497332257237314e-7,5.440323766708274e-5,0.009879521391843617,3.6283207556174714e-6,-0.9016459442516548,1.241594698780286,5.390184311658861,-5.88419321381081e-7,-0.003730452889025328,2.7396109676367453,38607.066337966906,29708.58193417898,3.8732786693706975e-7,0.0005087610010963542,0.8682817687322848,-4058.751492338872,-515936.5284507547,-1.0268485761099553e7,-1.1328886298478062e-8,2.437919557658458e-5,0.15544114031308473,-13.060675009275945,-97515.57098939548,6.379605389044323e7,1.2757761776443435e7,-2.0424260463464818e-11,-8.398015772967939e-7,-0.005570184739604467,0.26778855210096586,1639.999382131778,57396.567837046365,1.1993520705001494e6,-1.9732996136774163e9
1.838985410179607,-0.01638863960889634,-0.41008105752046814,-0.007802356166669234,-0.0010055193586718596,-99.04902524206919,0.0015907285497190182,-2.6531725491574143,-16.689858251204537,-0.0004913689657872183,-0.49027555797084144,-3.3328490540870503,0.00836739385580121,-0.9154279879947318,1.8383530501186978e-14,1.651944666976327e-5,0.6377792584622975,-523.410711496648,3700.207818536837,-3.0948561473591134e-5,0.0003353126561647445,-1.5171218391985308,-0.00038238244608715307,20.847627065633148,-251.2763445579701,-0.00023699489951672817,4.466490888956212,-744.4312591255193,161965.84684678074,6.042756515164065e-6,0.38255122709873335,83.26850368857839,-16840.6220959242,-205938.75084894383,9.137121811434899e-6,-0.0013745464645292182,-0.047486437322537794,0.07679525092232306,2.812795995421219,-571.5157553940726,0.0013468603997598388,-1.0995366021356903,22453.32028073931,9815.896309949077,0.0004780451523296438,-0.3902498150329871,1294.8455680207403,-248790.92425040575,-4.1084979401187273e6,-6.013417616902601e-6,0.017694890858414296,169.10498273412242,1665.5560438800794,-180829.27586334577,9.747459313989202e6,-1.0010826873235355e-6,2.0982109185241326e-5,0.0007537476290474451,0.0005708489108931089,-1.1398562520177058,-17.45630562783616,-0.00034058267701902014,-17.732625756907638,1450.933236902962,-88013.60928788951,-0.00015467083440496394,0.7688536757562007,-371.0978236795874,6.650700730216421e6,4.0668751877530543e6,-7.920697921840247e-7,0.44637623674300897,-233.0584952383986,261555.4607350519,-5.728108245162662e7,-5.420525289727479e8,4.409513774217893e-7,-0.0015687177428680321,7.479728567248811,28414.585477236113,-623298.8453525419,-1.4167012026825018e7,-5.0652940744056433e8,1.0673609855599119e-7,-1.3087838964943795e-5,-0.001273994877456009,0.0003755941516352337,0.04797622360406727,-2.7674598984050416,-0.013340578142394062,-0.4395830809165262,-274.87448338081293,-2157.7128642829393,0.00031058729019577553,-0.019782552841260678,-24931.0117591895,461904.97551151144,-3.722661423221435e6,-0.00011572495244339624,-0.11655216016304115,201.27186268684008,9731.208531947701,1.2896327672264776e9,2.95448482729134e8,7.652089113885415e-6,-0.013170085206567084,142.38150235985503,-80953.9722885169,3.942180148307265e7,-1.1151876167192667e10,1.8891431651251854e10,-5.969079591642997e-8,0.0006275047201306342,1.1016770226894144,1086.3410776203787,1.4998099242678238e6,-5.9494386212522775e7,1.330605259348055e9,2.11547436013661e10
-2.4228585707251544,2.4228585707251544,0.0,0.5914416530675743,0.0,-72.3410607858358,-0.5914416530675743,72.3410607858358,0.0,-0.0013379481309527617,0.2718982782536729,2.989136039477013,-0.2718982782536729,5.75279420328645e-15,-3700.207818537109,0.0013379481309527617,-2.989136039477013,3700.207818537109,0.0,0.0002903873683572093,0.003305019621990114,0.5088479019962006,4.725603814963527e-18,35.30052183472999,3428.1153821511243,-0.003305019621990114,-35.30052183472999,-1.684146893450085e-12,9438.924744301032,-0.0002903873683572093,-0.5088479019962006,-3428.1153821511243,-9438.924744301032,0.0,-1.827580692527362e-5,0.0018770959521625158,0.021258330672711673,-0.0019793736638629078,-4.337612528969426,344.1758472411213,0.0019793736638629078,2.9587339732946578e-15,16735.03286388047,447970.9604784532,-0.0018770959521625158,4.337612528969426,-16735.03286388047,-1.510824208537717e-10,2.5713020187582327e6,1.827580692527362e-5,-0.021258330672711673,-344.1758472411213,-447970.9604784532,-2.5713020187582327e6,0.0,-9.305325229120177e-6,-0.00014004338440332714,0.014027109442226522,-0.01156592460511397,1.4547304329473618,-56.13416635283911,1.2100786781663233e-18,17.462551426812254,-1300.7242224811707,59628.09937769746,0.01156592460511397,-17.462551426812254,3.237078543612174e-13,4.393206087501168e6,1.1315521232050383e6,0.00014004338440332714,-1.4547304329473618,1300.7242224811707,-4.393206087501168e6,1.565654651087246e-8,-3.018357458719166e8,9.305325229120177e-6,-0.014027109442226522,56.13416635283911,-59628.09937769746,-1.1315521232050383e6,3.018357458719166e8,0.0,-4.40980813422488e-7,4.6560142988735084e-5,-0.009241982898272156,-0.0006769878910540423,-0.19512697492385053,15.626501066210013,-0.014013376565772735,-13.73510665739519,360.8532273700756,-22851.382149679754,0.014013376565772735,2.032237303902082e-15,-198.99359904289201,-862737.7320959029,2.163682730094759e6,0.0006769878910540423,13.73510665739519,198.99359904289201,-2.1553932059215855e-10,9.128655531792775e8,2.2048635675970855e8,-4.6560142988735084e-5,0.19512697492385053,-360.8532273700756,862737.7320959029,-9.128655531792775e8,-1.467465128260493e-6,-2.0766930101023147e9,4.40980813422488e-7,0.009241982898272156,-15.626501066210013,22851.382149679754,-2.163682730094759e6,-2.2048635675970855e8,2.0766930101023147e9,0.0
1.2662988244902374e-9,-5.704962580510085e-9,3.491113241526769e-7,-5.827277882268926e-12,1.5790877900443464e-9,7.84502015765805e-8,-6.514820916823509e-10,-7.360601100298082e-7,-1.3837598841155623e-5,-9.909405493483661e-11,2.6717803451488084e-10,1.1546389096389335e-8,3.592310748352026e-10,7.520681248941377e-7,-6.042756515162935e-6,1.3161610116823649e-9,-3.941595806980684e-7,-3.094856147359095e-5,0.0002903873683572329,-1.2617404994366796e-12,3.9520113503353946e-11,-2.629761318433815e-8,3.2264529871797976e-11,1.112087656480503e-7,4.6027791486564916e-6,2.84807509741659e-10,3.9086827924615837e-7,0.00019055950458200758,-0.0006972793372569754,-2.353094799382874e-25,2.5766829691073784e-7,-5.38378371655105e-5,0.00021266252613679615,0.0012260064137505605,-9.141900184253457e-13,4.660855154396196e-11,6.524342191637759e-10,1.3920493503886682e-10,3.0890743289197035e-8,4.793181648719237e-6,-8.890224408164923e-11,-1.1411461728074731e-7,1.7411466861937296e-5,0.0006294726266723385,-1.6494897804885727e-9,1.4058187856062839e-7,0.00017310565406154289,0.033832209146202524,-0.0027345842357375185,-5.315853652906811e-11,-2.1414424401490343e-5,8.857889416520583e-5,-0.006732119252618043,-0.009635910720407771,-0.5320816335658296,-1.4666046909198084e-14,2.55027838284219e-12,-9.114536866998811e-10,-4.638146287180371e-12,7.30319757699175e-8,7.001990237883246e-7,-3.22121256257618e-11,1.1839582184514639e-7,1.0916574894884556e-5,0.0027979036533043564,1.398516998020239e-10,-1.779851353654904e-7,-0.00012212896560483903,-0.001053259555500534,0.025562629251226314,-1.9405708565281425e-8,-3.827496639589031e-7,9.616256696787405e-5,0.049812410718217195,4.676310999064308,1.0477519500991277,-7.89301896017496e-14,-3.903956304171692e-8,-0.0013727793795022581,-0.0010880975629411996,0.02005630637218799,-3.0295654509572563,47.15243067457313,-1.2828204219433602e-14,7.898397027521934e-13,6.659020042215785e-12,1.0005165592893492e-11,2.470655301102085e-9,-2.675560275049635e-7,-3.104041990919186e-11,-1.3792254337037977e-8,4.44209871030808e-5,0.00019161361753206111,7.51650060255156e-11,-2.6405761553746722e-8,5.441283428996336e-5,0.002237076866765701,0.44250653438299103,1.0479897056286124e-9,1.5572416255691112e-7,-0.00014854354940113353,-0.0646768598042097,-1.137124671966139,-2.084237849330158,1.627847142001878e-11,6.874143129163226e-6,-0.00024398267887030267,0.034515019064773805,10.759190849685119,519.7105658931623,-7.5862637382192535,-2.4210283203115412e-14,6.6859498601857e-10,-5.66217625664584e-6,-0.0879207758421439,-2.613173877346067,-3.672027665094814,-52.970118814715114,-3812.0394550640576
-1.7942494806132964e-8,5.169351035399682e-7,3.1076513614489825e-5,3.263704359964707e-9,1.971466406062697e-7,3.7746371049258707e-8,5.915510570523528e-6,8.02129729766017e-5,-0.0008467068489983194,1.3610927149795603e-9,-6.637250825898183e-9,9.369352800346034e-7,-1.0346821964989268e-7,9.149129836234268e-5,0.00023699489951676546,1.9926498447037913e-8,0.004422391537998963,0.00033531265616476634,0.0033050196219894324,3.952011350323376e-11,-2.2338089202279932e-9,1.7325162724043233e-7,8.646069798587559e-9,-2.6059651112547675e-6,4.8112504874178505e-5,-6.0819141987815e-24,-6.835636746871291e-5,0.024424676859286114,0.016564427000989854,-2.8480750974155217e-10,1.1657119863993345e-5,0.20883398631062602,0.14619243802961235,-0.33024700708476334,1.5717024024011434e-11,-1.0193462731726425e-9,7.60977724997829e-9,-1.926613883048956e-9,-1.8085804046016534e-6,-0.00014110964442824785,-1.2919030290927732e-8,-9.704621094271986e-6,-0.0003711414591928651,-0.007284732783887358,6.37638901735748e-10,-0.0012674669294771934,-0.015205673437491015,4.431775546654086,0.050285573951762336,5.2453376975017926e-11,-2.0721967678168204e-9,0.0016613320714166803,13.087431935822314,-4.77940956289796,151.80532605085926,7.969495353153043e-13,-6.984150579241032e-11,8.97657019274585e-9,2.1834516667787838e-10,-1.2715150255619773e-6,-4.890016028520697e-6,-4.212735025823713e-9,-1.6735262023391746e-6,-0.0006941906355008099,-0.04869861720183068,-1.3993529187462142e-6,1.769222490315015e-5,-0.012798212664884798,0.03461098094356936,-0.7455897776449006,-2.266676275978031e-10,-4.279527975684577e-6,-0.34421109892851914,-3.722795850822324,665.0295523962137,-19.200826255685833,7.262002115088779e-12,4.3428274092509185e-8,9.832085270383355e-6,0.07423420753872592,-634.0759941418742,382.5035783920199,-19654.59388468648,2.2933354819104215e-13,-1.8619944881166138e-11,-1.0004318731551521e-11,4.207937329929507e-11,-6.483079667046342e-8,3.28102440460983e-7,4.1282038431552726e-10,6.532588275116579e-7,-0.0006652036377733534,-0.0019195827044404747,7.400663359347236e-9,-3.716331217901026e-6,-0.0008895767006996982,-0.16792802270832297,-6.147899485190823,1.465702263395758e-9,-0.0005947015388830515,0.009383145623743115,-7.067299362681298,28.105740877179763,22.43422000329201,-5.988224369507604e-11,-2.2010800268932328e-7,-0.0034841105918206167,-77.63782209155244,-698.1017701296444,85482.73711712784,436.92301072139674,4.0060663464313554e-13,9.97458456648653e-9,1.0514919915771428e-5,0.0033441752221010194,-29.426065427533185,21474.15343626979,-13263.973669181049,1.7786603475627329e6
4.74980642650051e-6,-0.0001700111964648215,-0.0012774387650524863,1.5747584208087198e-6,-5.902762607837455e-6,-0.0021711634832725737,3.2786581073252646e-5,-0.025347956627670157,0.024741394162154363,-9.349697766986757e-7,7.087051258104997e-6,0.0009630828744382137,3.449502112836648e-5,-0.004022337286785838,-0.38255122709871336,0.0011513117286822503,0.004378735228674623,-1.517121839198517,0.5088479019961164,-2.6297613184354323e-8,1.7325162724048506e-7,0.00020424549225164877,-1.8172533788486925e-6,0.00396615519643515,0.18090849227182834,-1.1657119863993157e-5,0.02506689685986278,-1.3364511448815999,-20.96104550920623,-2.576682969107294e-7,-3.065261642532965e-19,-0.20033488557938373,-16.045009141911322,-51.86270639315091,-1.552398633862886e-8,9.892853180470469e-7,1.3226768701181684e-5,2.4237558694210617e-6,-0.00012772214840742072,0.24539535752128894,7.77783643206614e-7,-0.0010372240229490556,1.1217470644873913,12.621303312451365,-0.0005185138742942422,-0.007745017928239285,8.968824954211323,-311.4207828908778,-144.57430847387283,-1.3896389884616078e-8,-0.00030189096244535776,-46.535697079517,-121.26444848195825,-665.8166966029601,2761.2241232812116,2.0768597031578398e-10,4.2563254422298106e-8,-9.402260053096896e-6,-4.521871282537981e-7,0.0011824624743332305,0.012401616940683141,2.916119897401537e-7,0.0019310484904917565,-0.17554448274497547,59.6025230458443,6.120596406533896e-7,-0.004645243717482027,-0.13413504860908002,202.10849993070516,-253.5513068903872,3.5916281155797753e-7,-0.3078362540847038,-3.5622697533996885,2204.8200982989565,-59772.40657366671,9788.521557120044,-5.413788805222723e-9,-3.5071372056494605e-5,-0.04708237931918759,-7621.791165180147,-14952.62642231723,-55989.42339232588,-167997.2058916544,-2.3170019436993873e-10,1.643260095560842e-8,1.0681577695577403e-6,-4.996534193593563e-8,2.6237659787737276e-5,-0.0005208778017019714,5.021941334886957e-8,-0.0005293295519969569,0.563299655840995,2.9038183824587307,1.3062846838146387e-6,0.00048212153225624425,0.7580814839014388,-81.12020606941056,5832.457483463917,6.985890836326248e-5,0.0015201275714942586,-5.290547079733325,103.54456517684288,25301.511031957947,-85550.8893798987,-1.0851085829228625e-8,0.000625837215299241,-94.72265009966,-1043.9260292298852,424666.97130213137,-1.035809683465336e7,-534927.4015533832,-1.9396418724403383e-10,-4.001927240198471e-6,-0.02042909008855101,9.492118411777879,-508293.0836022113,-401669.0747792099,-3.932485951690109e6,1.1078734073393753e7
3.8731401535029847e-7,-3.8731401535029847e-7,-9.609964541416191e-24,-1.9810737550525507e-8,-1.3570347939486079e-23,3.906767664812505e-5,1.9810737550525507e-8,-3.906767664812505e-5,-8.968126108348245e-20,-2.180932682927987e-9,-3.8184985350264144e-8,-1.2579153726075829e-5,3.8184985350264144e-8,-3.369179234793977e-21,0.00038238244608719356,2.180932682927987e-9,1.2579153726075829e-5,-0.00038238244608719356,4.725603814963577e-18,3.226452987171278e-11,8.646069798589031e-9,-1.8172533788486764e-6,5.4074657469839175e-24,-3.7440436844108054e-5,-0.0015150251286738601,-8.646069798589031e-9,3.7440436844108054e-5,-7.902853931186672e-19,0.04226104473001339,-3.226452987171278e-11,1.8172533788486764e-6,0.0015150251286738601,-0.04226104473001339,-1.6176726302047656e-16,-4.698961095910922e-12,-1.2173027382448232e-11,3.950635733781318e-8,-1.0199546899922359e-8,9.732104087073077e-6,-0.00045353536171638344,1.0199546899922359e-8,2.1001946463041635e-21,-0.009268633865355364,-0.0667185896574645,1.2173027382448232e-11,-9.732104087073077e-6,0.009268633865355364,-5.051755747961181e-17,2.6859608596015065,4.698961095910922e-12,-3.950635733781318e-8,0.00045353536171638344,0.0667185896574645,-2.6859608596015065,4.013361614291334e-15,7.569470122527888e-13,2.5284421372537518e-11,-1.538080096304998e-8,3.846010611658019e-9,6.031344651887676e-7,2.0891749608441306e-5,2.409408426287352e-24,1.0387594830339084e-5,0.005086410260651253,-0.03534874944679136,-3.846010611658019e-9,-1.0387594830339084e-5,1.0729223356769806e-19,-2.8840828105801752,4.761117798299347,-2.5284421372537518e-11,-6.031344651887676e-7,-0.005086410260651253,2.8840828105801752,-2.2532243851229396e-15,-42.57849962436785,-7.569470122527888e-13,1.538080096304998e-8,-2.0891749608441306e-5,0.03534874944679136,-4.761117798299347,42.57849962436785,-5.089601079057225e-14,2.7259189578623655e-14,-2.0451925771924805e-12,-9.159614504564598e-10,3.832867961323698e-10,5.852873011928846e-8,-8.42034881048695e-6,-8.776192576824268e-10,2.2826801415685718e-6,0.0006950704882962763,0.005543099570841118,8.776192576824268e-10,-3.0009847854889e-23,0.003694766436008716,1.5994677993569446,3.8503010502582313,-3.832867961323698e-10,-2.2826801415685718e-6,-0.003694766436008716,-2.0501738924095003e-17,-583.3037455958666,388.4564221949714,2.0451925771924805e-12,-5.852873011928846e-8,-0.0006950704882962763,-1.5994677993569446,583.3037455958666,-4.698646875126135e-13,17522.31623967122,-2.7259189578623655e-14,9.159614504564598e-10,8.42034881048695e-6,-0.005543099570841118,-3.8503010502582313,-388.4564221949714,-17522.31623967122,-1.2539066713306633e-12
9.846374010541766e-5,-0.048946078201047204,-0.008009185759687527,1.63905911080908e-5,5.5424292758599484e-5,-0.02660879296614323,-0.0001839186827946412,3.71240825656668,0.08355256872327897,-2.6131616386181705e-8,6.297654753636011e-6,0.007049308086245094,0.003421258256131325,-0.03433876916453964,-4.466490888956119,-1.3393462875547962e-5,-0.04287489110841883,20.847627065633343,35.300521834724805,1.112087656479992e-7,-2.6059651112541953e-6,0.00396615519643547,-3.744043684410927e-5,-0.0034019302375267644,0.9429267393480796,6.835636746871206e-5,-1.2673128841661416e-17,-17.676822565763672,-222.76307952586654,-3.908682792461586e-7,-0.02506689685986261,-4.199384460094375,7619.862634028426,-2438.5130881246055,-6.877299261669806e-8,5.542556267219434e-6,0.0002256927246288005,8.2786760727366e-6,-0.004438622735419416,1.766085002904606,-0.0024365499398528497,-0.017160325469447648,-1.9509188625423237,20.724635467031394,-1.898478131528031e-5,0.04784885944385182,150.31706852583636,-5018.1341794572045,-2281.67502863359,1.2735837677604784e-7,-0.0006502699666605203,-9.230727947670768,162.99894714333138,-619577.734966932,122919.0339133994,5.813636632519605e-9,-7.9334754136943e-8,-8.62882945840176e-6,-1.221234770086531e-6,0.005013542271891046,0.08815052669922682,1.396819154941853e-6,0.016010807571005054,-2.657001496950907,291.9270576223238,-4.144136629149491e-6,-1.3316129460925212,-3.4861657216259765,-635.4266773285017,-6768.868234869923,1.765773634580913e-7,-0.015308745728162028,23.233525321112623,60089.2815848142,-1.0559747230742497e6,73817.63618816779,-1.4835825864724516e-8,1.4366242306415215e-5,-0.24238061917845125,-1364.2932293555245,62948.89793333834,2.808749914946925e7,-7.096491838196776e6,-5.810095387159035e-10,9.010423403241866e-8,7.80770499565239e-6,-1.3672766434960512e-6,-0.00022522573990028572,0.018605910600635114,6.9206242406681855e-6,-0.0007536801289757829,1.557526382674194,11.764053699248493,0.0008395338374372082,-0.00043975720182974295,12.925425698297033,-919.221097224955,13801.671729352931,6.135805567625387e-6,-0.005573487312841063,-571.9609900526531,1547.9626546471818,-145084.63344752186,-644375.1948378048,-1.8374612931786428e-7,0.0005861325682837747,-2.9232431746582983,7256.378145270637,1.4710662308266344e7,-1.925557271426002e8,-8.910397711677413e6,1.783915644852558e-9,-1.9333955772936628e-5,-0.03660601654820621,-28.759190520352416,-48843.91630118426,4.3212668970564455e6,-1.3722988667053103e9,3.9373176123321927e8
-0.008448542520457446,0.016206588859740065,0.39034440554433053,-0.00013526558033190672,0.0032322603458677683,-1.3449482415470828,0.6456175525843567,-0.08330004784746937,-34.12147884753966,0.0003006391630927105,0.0012443343260588045,-0.016685200273316634,0.008872447166022557,-0.5002642673099829,-83.26850368857866,0.001148458124108805,111.54562488548588,-251.27634455797198,3428.1153821509865,4.6027791486557165e-6,4.8112504874183e-5,0.18090849227183353,-0.001515025128673897,0.9429267393480789,-5.009093992636966,-0.20883398631062486,4.199384460094331,-564.0262552403136,-1516.7909615267213,5.3837837165509644e-5,0.20033488557939436,-5.94341541697927e-15,-19253.27797568924,-205993.2631199189,1.0378897936981654e-6,-1.5489308089414122e-5,0.0029890494931070024,-0.00018665620516388864,0.0037988361058501198,30.59345102369433,0.0010369890510532884,-1.341164350183936,354.1684212834977,-1426.8454870801543,-0.0005492866309786916,-138.00292118902226,1152.8293624956411,-157003.9043977542,-25222.362514200715,1.1333830281705942e-6,0.032406062833361685,-218.59367086921668,-652253.1441249094,81388.05926623214,6.611182002805335e6,1.5199988577918046e-7,-6.452556566158888e-6,0.0022675230511556487,-3.64350606694347e-5,-0.1047917124217605,0.20741919795284833,1.858821360856043e-5,-0.3272445884100873,-10.577966045125507,-909.6778423157587,0.019090693612377113,0.7106592951713536,-337.04478588431675,91093.14917222812,-170916.86691257203,-6.175877532593624e-5,-1.2702933759882697,-39125.468759907,213616.31514348212,-2.9031616413231976e7,-4.0627617385287047e6,7.869782492238203e-7,-0.00129879885206461,6.30818355415194,-68640.08835560991,-4.013166794902511e7,1.3132630757544221e7,7.263025434301876e7,3.134417654390192e-8,-3.088818038504508e-7,0.00016826408000645434,-6.14081765955299e-5,-0.009743337540123364,1.0589221757880598,0.00011465055876748907,-0.05208133655472374,-98.4125657530267,-192.79774752090333,-0.00017774790166729336,0.3767877416569095,-246.03174624016802,-4889.816664037085,-948095.8904018924,-0.00025397421904009755,52.11923559573067,153.54156818498694,56824.904730095506,1.81062372228455e7,-6.214611967042273e6,-1.0455392955563398e-6,-0.043097814333439774,-721.4538414991129,-7.73196353291833e6,2.889559950340353e7,-4.124618313437352e9,-1.6822403247882375e8,5.34533944579633e-8,-0.0002986663792622253,-1.3338716587604602,81.44675562968918,-8.976842142571712e6,2.904065403859025e8,-4.973208631463395e8,-2.6738664580513336e10
-5.169351035399682e-7,1.7942494806132964e-8,-3.1076513614489825e-5,-5.915510570523528e-6,-1.971466406062697e-7,-8.02129729766017e-5,-3.263704359964707e-9,-3.7746371049258707e-8,0.0008467068489983194,-1.9926498447037913e-8,1.0346821964989268e-7,-0.004422391537998963,6.637250825898183e-9,-9.149129836234268e-5,-0.00033531265616476634,-1.3610927149795603e-9,-9.369352800346034e-7,-0.00023699489951676546,-0.0033050196219894324,2.8480750974155217e-10,6.0819141987815e-24,-1.1657119863993345e-5,-8.646069798587559e-9,6.835636746871291e-5,-0.20883398631062602,2.2338089202279932e-9,2.6059651112547675e-6,-0.024424676859286114,-0.14619243802961235,-3.952011350323376e-11,-1.7325162724043233e-7,-4.8112504874178505e-5,-0.016564427000989854,0.33024700708476334,-5.2453376975017926e-11,-6.37638901735748e-10,2.0721967678168204e-9,1.2919030290927732e-8,0.0012674669294771934,-0.0016613320714166803,1.926613883048956e-9,9.704621094271986e-6,0.015205673437491015,-13.087431935822314,1.0193462731726425e-9,1.8085804046016534e-6,0.0003711414591928651,-4.431775546654086,4.77940956289796,-1.5717024024011434e-11,-7.60977724997829e-9,0.00014110964442824785,0.007284732783887358,-0.050285573951762336,-151.80532605085926,-7.262002115088779e-12,2.266676275978031e-10,-4.3428274092509185e-8,1.3993529187462142e-6,4.279527975684577e-6,-9.832085270383355e-6,4.212735025823713e-9,-1.769222490315015e-5,0.34421109892851914,-0.07423420753872592,-2.1834516667787838e-10,1.6735262023391746e-6,0.012798212664884798,3.722795850822324,634.0759941418742,6.984150579241032e-11,1.2715150255619773e-6,0.0006941906355008099,-0.03461098094356936,-665.0295523962137,-382.5035783920199,-7.969495353153043e-13,-8.97657019274585e-9,4.890016028520697e-6,0.04869861720183068,0.7455897776449006,19.200826255685833,19654.59388468648,-4.0060663464313554e-13,5.988224369507604e-11,-9.97458456648653e-9,-1.465702263395758e-9,2.2010800268932328e-7,-1.0514919915771428e-5,-7.400663359347236e-9,0.0005947015388830515,0.0034841105918206167,-0.0033441752221010194,-4.1282038431552726e-10,3.716331217901026e-6,-0.009383145623743115,77.63782209155244,29.426065427533185,-4.207937329929507e-11,-6.532588275116579e-7,0.0008895767006996982,7.067299362681298,698.1017701296444,-21474.15343626979,1.8619944881166138e-11,6.483079667046342e-8,0.0006652036377733534,0.16792802270832297,-28.105740877179763,-85482.73711712784,13263.973669181049,-2.2933354819104215e-13,1.0004318731551521e-11,-3.28102440460983e-7,0.0019195827044404747,6.147899485190823,-22.43422000329201,-436.92301072139674,-1.7786603475627329e6
0.048946078201047204,-9.846374010541766e-5,0.008009185759687527,0.0001839186827946412,-5.5424292758599484e-5,-3.71240825656668,-1.63905911080908e-5,0.02660879296614323,-0.08355256872327897,1.3393462875547962e-5,-0.003421258256131325,0.04287489110841883,-6.297654753636011e-6,0.03433876916453964,-20.847627065633343,2.6131616386181705e-8,-0.007049308086245094,4.466490888956119,-35.300521834724805,3.908682792461586e-7,-6.835636746871206e-5,0.02506689685986261,3.744043684410927e-5,1.2673128841661416e-17,4.199384460094375,2.6059651112541953e-6,0.0034019302375267644,17.676822565763672,-7619.862634028426,-1.112087656479992e-7,-0.00396615519643547,-0.9429267393480796,222.76307952586654,2438.5130881246055,-1.2735837677604784e-7,1.898478131528031e-5,0.0006502699666605203,0.0024365499398528497,-0.04784885944385182,9.230727947670768,-8.2786760727366e-6,0.017160325469447648,-150.31706852583636,-162.99894714333138,-5.542556267219434e-6,0.004438622735419416,1.9509188625423237,5018.1341794572045,619577.734966932,6.877299261669806e-8,-0.0002256927246288005,-1.766085002904606,-20.724635467031394,2281.67502863359,-122919.0339133994,1.4835825864724516e-8,-1.765773634580913e-7,-1.4366242306415215e-5,4.144136629149491e-6,0.015308745728162028,0.24238061917845125,-1.396819154941853e-6,1.3316129460925212,-23.233525321112623,1364.2932293555245,1.221234770086531e-6,-0.016010807571005054,3.4861657216259765,-60089.2815848142,-62948.89793333834,7.9334754136943e-8,-0.005013542271891046,2.657001496950907,635.4266773285017,1.0559747230742497e6,-2.808749914946925e7,-5.813636632519605e-9,8.62882945840176e-6,-0.08815052669922682,-291.9270576223238,6768.868234869923,-73817.63618816779,7.096491838196776e6,-1.783915644852558e-9,1.8374612931786428e-7,1.9333955772936628e-5,-6.135805567625387e-6,-0.0005861325682837747,0.03660601654820621,-0.0008395338374372082,0.005573487312841063,2.9232431746582983,28.759190520352416,-6.9206242406681855e-6,0.00043975720182974295,571.9609900526531,-7256.378145270637,48843.91630118426,1.3672766434960512e-6,0.0007536801289757829,-12.925425698297033,-1547.9626546471818,-1.4710662308266344e7,-4.3212668970564455e6,-9.010423403241866e-8,0.00022522573990028572,-1.557526382674194,919.221097224955,145084.63344752186,1.925557271426002e8,1.3722988667053103e9,5.810095387159035e-10,-7.80770499565239e-6,-0.018605910600635114,-11.764053699248493,-13801.671729352931,644375.1948378048,8.910397711677413e6,-3.9373176123321927e8
0.11242092404717795,-0.11242092404717795,1.8686149774167204e-16,-0.069912537168631,4.711480867055429e-18,14.924902974126898,0.069912537168631,-14.924902974126898,2.5897425784486203e-14,-0.0026352753385992943,-0.017593028642368534,-15.366904342712658,0.017593028642368534,8.430712760613742e-16,744.4312591255305,0.0026352753385992943,15.366904342712658,-744.4312591255305,-1.6841468934500647e-12,0.00019055950458202555,0.02442467685928562,-1.336451144881559,-7.90285393118669e-19,-17.676822565763747,-564.0262552403178,-0.02442467685928562,17.676822565763747,4.557682871113609e-13,10153.693203674557,-0.00019055950458202555,1.336451144881559,564.0262552403178,-10153.693203674557,6.979317200009071e-11,-2.476392110057686e-5,0.0017240383411198218,0.09966014670824794,-0.010979644765579687,23.831665688946163,-197.70166265676326,0.010979644765579687,-6.017783896706283e-16,-7629.40400501656,149223.71343526876,-0.0017240383411198218,-23.831665688946163,7629.40400501656,9.60684317598107e-11,441044.14493442076,2.476392110057686e-5,-0.09966014670824794,197.70166265676326,-149223.71343526876,-441044.14493442076,-2.4971521758422594e-9,-3.5149048353795875e-6,3.100851391527045e-5,-0.013494901897115991,-0.000694986727401594,1.9265436985146742,17.415242963945722,-4.821495725157916e-19,-4.700032702498541,10633.606670479738,5464.656495245801,0.000694986727401594,4.700032702498541,-1.4557793729848354e-13,-2.0977103568937136e6,1.7563726898709662e7,-3.100851391527045e-5,-1.9265436985146742,-10633.606670479738,2.0977103568937136e6,7.1676722742496175e-9,8.048260062797906e7,3.5149048353795875e-6,0.013494901897115991,-17.415242963945722,-5464.656495245801,-1.7563726898709662e7,-8.048260062797906e7,8.510864725162016e-8,-1.324381433188645e-7,3.0914044943549515e-5,-0.005213888458726914,-0.0004995453958747212,0.011077172228802374,-0.4946807089506924,0.005358676383641116,-7.522617530071749,1053.6328205632756,-1162.8468790879144,-0.005358676383641116,-4.461428640266617e-16,1404.4509621985583,3.039878903754375e6,4.932107351258055e6,0.0004995453958747212,7.522617530071749,-1404.4509621985583,6.754545054544706e-12,-4.283092095823421e8,4.843170612838038e8,-3.0914044943549515e-5,-0.011077172228802374,-1053.6328205632756,-3.039878903754375e6,4.283092095823421e8,7.132760687207797e-7,-7.299089535208076e7,1.324381433188645e-7,0.005213888458726914,0.4946807089506924,1162.8468790879144,-4.932107351258055e6,-4.843170612838038e8,7.299089535208076e7,-2.9377139207948997e-6
-0.86945055183498,217.70980478361875,-22.502248727330308,-0.064040425675841,-0.2958657695093544,298.4784485250106,0.2776365013996131,8190.36457759727,-1034.2996226722164,-0.017898470268650598,-0.33379213859569856,-19.697859425206506,-40.0456486579723,-18.745146116470085,16840.62209592402,-0.0277268839969543,88.90900839499909,161965.84684678464,9438.92474430078,-0.0006972793372568769,0.016564427000989267,-20.96104550920637,0.042261044730015816,-222.76307952586657,-1516.790961526685,-0.1461924380296117,-7619.862634028309,10153.693203674067,759848.4290382602,-0.00021266252613678552,16.045009141911606,19253.277975689045,2.3814342747839793e-11,3.6542502666593217e6,0.0001421026445737333,-0.012309490093301987,-0.8181273804902872,-0.026064629420037642,20.429537901568363,-6533.552060756885,6.225617102122586,31.556224859303107,-77060.32153032468,152587.1517887845,0.05467296204294158,-68.4327766478719,-1.630553652766098e6,5.045891645664761e6,1.5072725608048078e7,-0.0004438743203829967,1.071800545585681,15480.359823965897,971772.1398147361,1.9060149605083033e7,-1.833565807339195e8,-2.1748839104168367e-5,0.0005856796282954892,-0.029819595620594927,0.001790336708229353,-7.03785498622953,-252.18017017249034,0.002861984684682082,1.0705138004507342,10592.878870974642,-775040.9740436559,0.018312022645223584,2355.0204163996564,11843.186784154974,-1.7125828590252988e7,3.4940578761333354e7,0.0006144258075016304,65.75132957170379,-36615.221669517574,-2.9135113067580324e8,1.3478880564677935e9,-8.939900133970006e8,1.7166426796440255e-5,-0.1986875450509158,599.9547203800918,3.4649024085937236e6,-4.442718687819253e7,1.889695503967018e10,3.7349566439227386e9,7.564891746674354e-7,-0.0002252178325631877,-0.022315341368355033,0.006375314296669074,1.0836119092496619,-68.07350095607089,-0.01486466703715226,-1.6641194441824123,1115.6567892887813,-20543.923032371476,-1.0508952119816122,3.5873509509100727,17670.70452650508,3.3486834236102807e6,6.448319269891373e6,-0.0068621807034012095,-3.0406607413336,1.0034826008580351e6,1.7745391996130992e6,-2.990682525805332e9,2.1167310106399941e9,0.0005225317680669398,-0.10647083238315737,30255.374223120078,-1.2301621082222415e7,-4.7739075113555565e10,2.824661664235777e11,1.519425784421104e11,-5.356113704074883e-6,0.03770129820237922,30.02736365922222,117362.15459533986,3.1919755558094764e8,-9.064286400170135e9,-1.1031709930818068e11,-4.319514284276565e11
5.704962580510085e-9,-1.2662988244902374e-9,-3.491113241526769e-7,6.514820916823509e-10,-1.5790877900443464e-9,7.360601100298082e-7,5.827277882268926e-12,-7.84502015765805e-8,1.3837598841155623e-5,-1.3161610116823649e-9,-3.592310748352026e-10,3.941595806980684e-7,-2.6717803451488084e-10,-7.520681248941377e-7,3.094856147359095e-5,9.909405493483661e-11,-1.1546389096389335e-8,6.042756515162935e-6,-0.0002903873683572329,2.353094799382874e-25,-2.84807509741659e-10,-2.5766829691073784e-7,-3.2264529871797976e-11,-3.9086827924615837e-7,5.38378371655105e-5,-3.9520113503353946e-11,-1.112087656480503e-7,-0.00019055950458200758,-0.00021266252613679615,1.2617404994366796e-12,2.629761318433815e-8,-4.6027791486564916e-6,0.0006972793372569754,-0.0012260064137505605,5.315853652906811e-11,1.6494897804885727e-9,2.1414424401490343e-5,8.890224408164923e-11,-1.4058187856062839e-7,-8.857889416520583e-5,-1.3920493503886682e-10,1.1411461728074731e-7,-0.00017310565406154289,0.006732119252618043,-4.660855154396196e-11,-3.0890743289197035e-8,-1.7411466861937296e-5,-0.033832209146202524,0.009635910720407771,9.141900184253457e-13,-6.524342191637759e-10,-4.793181648719237e-6,-0.0006294726266723385,0.0027345842357375185,0.5320816335658296,7.89301896017496e-14,1.9405708565281425e-8,3.903956304171692e-8,-1.398516998020239e-10,3.827496639589031e-7,0.0013727793795022581,3.22121256257618e-11,1.779851353654904e-7,-9.616256696787405e-5,0.0010880975629411996,4.638146287180371e-12,-1.1839582184514639e-7,0.00012212896560483903,-0.049812410718217195,-0.02005630637218799,-2.55027838284219e-12,-7.30319757699175e-8,-1.0916574894884556e-5,0.001053259555500534,-4.676310999064308,3.0295654509572563,1.4666046909198084e-14,9.114536866998811e-10,-7.001990237883246e-7,-0.0027979036533043564,-0.025562629251226314,-1.0477519500991277,-47.15243067457313,2.4210283203115412e-14,-1.627847142001878e-11,-6.6859498601857e-10,-1.0479897056286124e-9,-6.874143129163226e-6,5.66217625664584e-6,-7.51650060255156e-11,-1.5572416255691112e-7,0.00024398267887030267,0.0879207758421439,3.104041990919186e-11,2.6405761553746722e-8,0.00014854354940113353,-0.034515019064773805,2.613173877346067,-1.0005165592893492e-11,1.3792254337037977e-8,-5.441283428996336e-5,0.0646768598042097,-10.759190849685119,3.672027665094814,-7.898397027521934e-13,-2.470655301102085e-9,-4.44209871030808e-5,-0.002237076866765701,1.137124671966139,-519.7105658931623,52.970118814715114,1.2828204219433602e-14,-6.659020042215785e-12,2.675560275049635e-7,-0.00019161361753206111,-0.44250653438299103,2.084237849330158,7.5862637382192535,3812.0394550640576
0.0001700111964648215,-4.74980642650051e-6,0.0012774387650524863,-3.2786581073252646e-5,5.902762607837455e-6,0.025347956627670157,-1.5747584208087198e-6,0.0021711634832725737,-0.024741394162154363,-0.0011513117286822503,-3.449502112836648e-5,-0.004378735228674623,-7.087051258104997e-6,0.004022337286785838,1.517121839198517,9.349697766986757e-7,-0.0009630828744382137,0.38255122709871336,-0.5088479019961164,2.576682969107294e-7,1.1657119863993157e-5,3.065261642532965e-19,1.8172533788486925e-6,-0.02506689685986278,0.20033488557938373,-1.7325162724048506e-7,-0.00396615519643515,1.3364511448815999,16.045009141911322,2.6297613184354323e-8,-0.00020424549225164877,-0.18090849227182834,20.96104550920623,51.86270639315091,1.3896389884616078e-8,0.0005185138742942422,0.00030189096244535776,-7.77783643206614e-7,0.007745017928239285,46.535697079517,-2.4237558694210617e-6,0.0010372240229490556,-8.968824954211323,121.26444848195825,-9.892853180470469e-7,0.00012772214840742072,-1.1217470644873913,311.4207828908778,665.8166966029601,1.552398633862886e-8,-1.3226768701181684e-5,-0.24539535752128894,-12.621303312451365,144.57430847387283,-2761.2241232812116,5.413788805222723e-9,-3.5916281155797753e-7,3.5071372056494605e-5,-6.120596406533896e-7,0.3078362540847038,0.04708237931918759,-2.916119897401537e-7,0.004645243717482027,3.5622697533996885,7621.791165180147,4.521871282537981e-7,-0.0019310484904917565,0.13413504860908002,-2204.8200982989565,14952.62642231723,-4.2563254422298106e-8,-0.0011824624743332305,0.17554448274497547,-202.10849993070516,59772.40657366671,55989.42339232588,-2.0768597031578398e-10,9.402260053096896e-6,-0.012401616940683141,-59.6025230458443,253.5513068903872,-9788.521557120044,167997.2058916544,1.9396418724403383e-10,1.0851085829228625e-8,4.001927240198471e-6,-6.985890836326248e-5,-0.000625837215299241,0.02042909008855101,-1.3062846838146387e-6,-0.0015201275714942586,94.72265009966,-9.492118411777879,-5.021941334886957e-8,-0.00048212153225624425,5.290547079733325,1043.9260292298852,508293.0836022113,4.996534193593563e-8,0.0005293295519969569,-0.7580814839014388,-103.54456517684288,-424666.97130213137,401669.0747792099,-1.643260095560842e-8,-2.6237659787737276e-5,-0.563299655840995,81.12020606941056,-25301.511031957947,1.035809683465336e7,3.932485951690109e6,2.3170019436993873e-10,-1.0681577695577403e-6,0.0005208778017019714,-2.9038183824587307,-5832.457483463917,85550.8893798987,534927.4015533832,-1.1078734073393753e7
-0.016206588859740065,0.008448542520457446,-0.39034440554433053,-0.6456175525843567,-0.0032322603458677683,0.08330004784746937,0.00013526558033190672,1.3449482415470828,34.12147884753966,-0.001148458124108805,-0.008872447166022557,-111.54562488548588,-0.0012443343260588045,0.5002642673099829,251.27634455797198,-0.0003006391630927105,0.016685200273316634,83.26850368857866,-3428.1153821509865,-5.3837837165509644e-5,0.20883398631062486,-0.20033488557939436,0.001515025128673897,-4.199384460094331,5.94341541697927e-15,-4.8112504874183e-5,-0.9429267393480789,564.0262552403136,19253.27797568924,-4.6027791486557165e-6,-0.18090849227183353,5.009093992636966,1516.7909615267213,205993.2631199189,-1.1333830281705942e-6,0.0005492866309786916,-0.032406062833361685,-0.0010369890510532884,138.00292118902226,218.59367086921668,0.00018665620516388864,1.341164350183936,-1152.8293624956411,652253.1441249094,1.5489308089414122e-5,-0.0037988361058501198,-354.1684212834977,157003.9043977542,-81388.05926623214,-1.0378897936981654e-6,-0.0029890494931070024,-30.59345102369433,1426.8454870801543,25222.362514200715,-6.611182002805335e6,-7.869782492238203e-7,6.175877532593624e-5,0.00129879885206461,-0.019090693612377113,1.2702933759882697,-6.30818355415194,-1.858821360856043e-5,-0.7106592951713536,39125.468759907,68640.08835560991,3.64350606694347e-5,0.3272445884100873,337.04478588431675,-213616.31514348212,4.013166794902511e7,6.452556566158888e-6,0.1047917124217605,10.577966045125507,-91093.14917222812,2.9031616413231976e7,-1.3132630757544221e7,-1.5199988577918046e-7,-0.0022675230511556487,-0.20741919795284833,909.6778423157587,170916.86691257203,4.0627617385287047e6,-7.263025434301876e7,-5.34533944579633e-8,1.0455392955563398e-6,0.0002986663792622253,0.00025397421904009755,0.043097814333439774,1.3338716587604602,0.00017774790166729336,-52.11923559573067,721.4538414991129,-81.44675562968918,-0.00011465055876748907,-0.3767877416569095,-153.54156818498694,7.73196353291833e6,8.976842142571712e6,6.14081765955299e-5,0.05208133655472374,246.03174624016802,-56824.904730095506,-2.889559950340353e7,-2.904065403859025e8,3.088818038504508e-7,0.009743337540123364,98.4125657530267,4889.816664037085,-1.81062372228455e7,4.124618313437352e9,4.973208631463395e8,-3.134417654390192e-8,-0.00016826408000645434,-1.0589221757880598,192.79774752090333,948095.8904018924,6.214611967042273e6,1.6822403247882375e8,2.6738664580513336e10
-217.70980478361875,0.86945055183498,22.502248727330308,-0.2776365013996131,0.2958657695093544,-8190.36457759727,0.064040425675841,-298.4784485250106,1034.2996226722164,0.0277268839969543,40.0456486579723,-88.90900839499909,0.33379213859569856,18.745146116470085,-161965.84684678464,0.017898470268650598,19.697859425206506,-16840.62209592402,-9438.92474430078,0.00021266252613678552,0.1461924380296117,-16.045009141911606,-0.042261044730015816,7619.862634028309,-19253.277975689045,-0.016564427000989267,222.76307952586657,-10153.693203674067,-2.3814342747839793e-11,0.0006972793372568769,20.96104550920637,1516.790961526685,-759848.4290382602,-3.6542502666593217e6,0.0004438743203829967,-0.05467296204294158,-1.071800545585681,-6.225617102122586,68.4327766478719,-15480.359823965897,0.026064629420037642,-31.556224859303107,1.630553652766098e6,-971772.1398147361,0.012309490093301987,-20.429537901568363,77060.32153032468,-5.045891645664761e6,-1.9060149605083033e7,-0.0001421026445737333,0.8181273804902872,6533.552060756885,-152587.1517887845,-1.5072725608048078e7,1.833565807339195e8,-1.7166426796440255e-5,-0.0006144258075016304,0.1986875450509158,-0.018312022645223584,-65.75132957170379,-599.9547203800918,-0.002861984684682082,-2355.0204163996564,36615.221669517574,-3.4649024085937236e6,-0.001790336708229353,-1.0705138004507342,-11843.186784154974,2.9135113067580324e8,4.442718687819253e7,-0.0005856796282954892,7.03785498622953,-10592.878870974642,1.7125828590252988e7,-1.3478880564677935e9,-1.889695503967018e10,2.1748839104168367e-5,0.029819595620594927,252.18017017249034,775040.9740436559,-3.4940578761333354e7,8.939900133970006e8,-3.7349566439227386e9,5.356113704074883e-6,-0.0005225317680669398,-0.03770129820237922,0.0068621807034012095,0.10647083238315737,-30.02736365922222,1.0508952119816122,3.0406607413336,-30255.374223120078,-117362.15459533986,0.01486466703715226,-3.5873509509100727,-1.0034826008580351e6,1.2301621082222415e7,-3.1919755558094764e8,-0.006375314296669074,1.6641194441824123,-17670.70452650508,-1.7745391996130992e6,4.7739075113555565e10,9.064286400170135e9,0.0002252178325631877,-1.0836119092496619,-1115.6567892887813,-3.3486834236102807e6,2.990682525805332e9,-2.824661664235777e11,1.1031709930818068e11,-7.564891746674354e-7,0.022315341368355033,68.07350095607089,20543.923032371476,-6.448319269891373e6,-2.1167310106399941e9,-1.519425784421104e11,4.319514284276565e11
110.27543621145274,-110.27543621145274,0.0,-57.659781272572026,0.0,5034.872077176066,57.659781272572026,-5034.872077176066,0.0,0.07392298036938626,-6.538318130994149,-3468.858598048667,6.538318130994149,-2.632471342940334e-13,205938.7508489454,-0.07392298036938626,3468.858598048667,-205938.7508489454,0.0,0.0012260064137538705,-0.33024700708491167,-51.862706393149274,-1.6176726302047466e-16,-2438.5130881247933,-205993.26311991602,0.33024700708491167,2438.5130881247933,6.979317200009146e-11,3.654250266659607e6,-0.0012260064137538705,51.862706393149274,205993.26311991602,-3.654250266659607e6,0.0,-0.000597436073754272,-0.038604519661424135,8.515456125936492,-4.038877045232367,2008.661298682517,-29196.72422398456,4.038877045232367,-1.5658181431359436e-13,-1.0663890237180945e6,-2.5673629662070464e7,0.038604519661424135,-2008.661298682517,1.0663890237180945e6,1.0221630799697836e-8,-3.210558229818682e8,0.000597436073754272,-8.515456125936492,29196.72422398456,2.5673629662070464e7,3.210558229818682e8,0.0,0.00036596185534567893,0.006272169590488379,-1.6583516179456923,0.8300500110299773,-37.44966760446598,5056.645140276002,-1.0703049741207034e-16,-2078.6195813146096,888060.9775300233,-5.298645755177131e6,-0.8300500110299773,2078.6195813146096,-2.1857346039601074e-11,-2.5550651866393098e8,1.3647590314804792e9,-0.006272169590488379,37.44966760446598,-888060.9775300233,2.5550651866393098e8,-8.217144809770046e-7,1.6927296429189102e10,-0.00036596185534567893,1.6583516179456923,-5056.645140276002,5.298645755177131e6,-1.3647590314804792e9,-1.6927296429189102e10,0.0,2.1208372011393442e-5,-0.0005533394100935196,0.18869360922708156,-0.019654314761288177,7.626888622419806,-916.7705560538626,2.3270112357333153,426.5086569235618,-7002.111269970897,1.2434468453043182e6,-2.3270112357333153,-1.3309707198101458e-13,-186096.10463705208,2.897075508143595e8,-3.4511855915012354e8,0.019654314761288177,-426.5086569235618,186096.10463705208,1.1277239558651853e-8,-4.642080572364574e10,9.26038509033057e9,0.0005533394100935196,-7.626888622419806,7002.111269970897,-2.897075508143595e8,4.642080572364574e10,6.443578953304322e-6,2.3455149386411917e11,-2.1208372011393442e-5,-0.18869360922708156,916.7705560538626,-1.2434468453043182e6,3.4511855915012354e8,-9.26038509033057e9,-2.3455149386411917e11,0.0
5.389526232942807e-10,1.0596101741043343e-11,-4.164519081107397e-8,-3.924797497264282e-11,-2.2740493299020735e-10,8.993843377842294e-8,9.244305200026913e-11,6.165938108446738e-8,1.2799910265181835e-6,-2.289058591710241e-11,-8.727279402468188e-11,-5.059000654567754e-9,-2.210598524515568e-10,-1.0334359053738872e-7,6.013417616903034e-6,5.6936533724210444e-11,1.6615797215642352e-8,9.13712181143494e-6,-1.827580692524557e-5,-9.141900184252876e-13,1.571702402400105e-11,-1.5523986338627324e-8,-4.6989610958854035e-12,-6.877299261672728e-8,1.0378897936979346e-6,-5.245337697507472e-11,-1.2735837677605816e-7,-2.4763921100577115e-5,0.00014210264457375122,5.315853652906628e-11,1.3896389884600431e-8,-1.1333830281704839e-6,0.00044387432038299317,-0.000597436073753453,3.190630735854929e-14,-4.027113148332327e-13,-7.155135451412083e-10,-3.594931764402791e-12,1.5331502985234242e-8,-3.261181036879445e-6,-4.914232298798972e-11,1.590633580743621e-8,-2.6203598340688712e-5,0.0002942927258466672,-5.429129954285295e-11,-4.3769862927884e-8,-3.7240365639875056e-5,-0.004161073232276965,0.002320060713528613,5.1180915497574166e-27,-3.5400664834386725e-8,-9.946224627260351e-6,-0.0004189414554158576,0.002422689197141799,0.07168456781604021,-2.36339926377379e-14,9.626086136980666e-13,-6.491798165662016e-11,-4.0595788461007725e-12,5.067774297345774e-9,-1.6773185371286817e-7,5.2832504581158915e-12,8.399271368523961e-9,6.526885117833651e-6,-0.00012139801723549479,3.8939847005132545e-12,-2.7425249980309326e-8,1.61494719044031e-5,-0.006755832345114725,0.02613502986254271,-8.744781156464878e-11,-7.753401052963442e-8,-1.659603499780844e-5,-0.007157765519255313,-0.5452161140048369,0.25459192572999395,-4.897841602831717e-12,-1.7533697022289753e-6,-3.3450442203002296e-6,-0.002970659309900622,-0.02189635391563377,-0.2115661060358229,-5.186877300819103,-9.950802855469637e-16,-8.873534217999992e-14,-1.6326961854108534e-11,4.058581311741523e-12,1.24219678743404e-9,-5.0518578181326886e-8,-7.337700166486767e-12,-8.479110578922457e-9,5.95330185471159e-6,-3.2170011324799256e-6,4.448664529582322e-12,4.4639074431194676e-9,1.1533618949728118e-5,0.0017270858340021754,0.05656864499353216,5.305475657389677e-12,1.7686433128538387e-8,-3.950075655849361e-6,0.008164475120423806,-1.339371432565838,0.6763008851265848,-1.424382986087244e-9,1.2257986267057845e-8,-3.732561705493136e-5,-0.003871098387617967,-1.016656221784699,-56.732829155793844,10.000011639249193,7.683793645888727e-16,-7.689219850260484e-10,-0.00026136575671121284,0.00040050378190687515,-0.3467112216713304,1.5079461714398537,16.565728497827063,347.1643669872226
-3.659307461517502e-8,-5.333795630212325e-11,3.1112229747289456e-6,2.6247671004641626e-9,2.0093847024428568e-8,-6.7121527852462435e-6,1.6310803266423374e-8,-9.435932045565019e-6,-8.700275196201999e-5,1.3806727582682571e-9,7.825448265499924e-9,5.455155959782404e-7,3.1307717767563897e-8,8.06750080727518e-6,-0.0004780451523296434,1.1454087123928525e-6,6.14409765141795e-6,-0.001374546464529231,0.0018770959521620732,4.660855154398188e-11,-1.0193462731725906e-9,9.89285318046974e-7,-1.2173027383427358e-11,5.542556267219827e-6,-1.5489308089414363e-5,-6.376389017356563e-10,1.8984781315280475e-5,0.0017240383411197867,-0.012309490093301654,1.6494897804886595e-9,0.0005185138742942473,0.000549286630978689,-0.054672962042941316,-0.0386045196614418,-4.0271131482752596e-13,9.880104235810141e-11,3.892334168097302e-8,1.7911971082301634e-11,-1.0415554226711196e-6,0.00021715673388682992,6.3544134043430345e-9,-1.5103051910125872e-6,0.0019779321486185788,-0.014559684522130184,3.077816486117722e-26,-1.3022974694247805e-6,0.005632163775004793,0.25806890665115495,-0.14783779422620283,5.429129954285627e-11,1.949724471359701e-7,0.03841778158430642,0.11866827828192666,-0.44683741032940233,0.13214814315899254,1.4349875105197907e-12,-5.08675934187849e-11,5.921568378097848e-9,1.2975383810177302e-10,-2.6162291551610757e-7,8.907818034796482e-6,-4.867845715370181e-10,-8.299863196999616e-7,-0.0004703027938931053,0.010152395671441933,-4.046435524381984e-9,3.189124032170117e-6,-0.0012271512976999338,0.48471664063212766,-1.616985887342873,-1.3767332529869271e-9,-0.0001957861181051645,0.0003564391030846491,1.1184094747348876,29.859067908961457,-17.194038053027395,2.518319864562774e-13,2.4529010546486782e-8,-7.335047046289632e-5,0.06993543046721802,1.3326845806850047,50.53240133990565,112.89729996291653,5.923479035036252e-14,3.986617030971394e-12,1.0766464205327086e-9,-2.764913981032967e-10,-7.128784449125961e-8,3.910058838078251e-6,4.769104911876454e-10,3.804401347998944e-7,-0.00035527829823167535,3.990948247320525e-5,-7.581965006158783e-10,-3.286763960402683e-7,-0.0008922303776835961,-0.13205109357788236,-3.3506960347285837,-1.4578406764519295e-7,-2.3454878020238586e-6,0.00022120080118985088,-0.5394869206200189,92.47673076313906,-54.80513090671842,-7.962973083685472e-11,-5.78654222906353e-7,-0.09097611409118941,-0.08537397650360068,166.23576502156146,2602.061917463078,-827.6400460044929,6.561915172530686e-13,-2.003859504782632e-9,-2.6057338754359044e-6,-0.013960660649549945,-511.8429013274784,-525.0441781951242,-4827.325410583801,-13294.525766876503
-2.602255429605621e-7,-3.996709175559257e-6,0.00016728874944003366,2.7293074171947555e-8,7.795045427839987e-7,-0.00014299790191823027,1.1419626959853497e-9,-0.00069678428832761,-0.005540236949765562,-2.560666446499356e-8,3.791367971944203e-7,1.5785751377728427e-5,9.030022925444632e-7,0.00038742226740340905,-0.017694890858413616,3.951967152425551e-7,-0.00015516546255617522,-0.047486437322538266,0.021258330672712846,6.524342191632072e-10,7.609777249985287e-9,1.3226768701177175e-5,3.950635733782555e-8,0.00022569272462880178,0.0029890494931059906,2.07219676774806e-9,0.0006502699666605079,0.09966014670824717,-0.8181273804903063,2.1414424401490515e-5,0.00030189096244535206,-0.032406062833361234,-1.0718005455856732,8.515456125936188,-7.155135451408359e-10,3.892334168097098e-8,1.3722853691623467e-6,8.879675248747334e-8,2.2291021193859363e-6,0.010269543463427925,8.649075154857532e-8,-3.870982109014136e-5,0.0679967305891199,0.1740289674946259,-1.9497244713596947e-7,3.762102575566227e-5,0.23134648362591786,17.48128229800704,-6.707081587516983,3.540066483438786e-8,3.684373465828379e-21,0.08297019412916276,-4.077450779058644,-10.751822888122211,-652.9976966199447,1.1779119962589944e-11,4.951702152420835e-10,-4.390277922988413e-7,-1.1624862288253414e-9,4.4372705878378774e-5,0.0005883805507534519,-1.9187416364958074e-8,5.211962985817806e-5,-0.001231615481157369,2.252042595169031,9.267026331826541e-8,-3.978515933138342e-5,-0.05642602073613528,13.589249005483275,-15.868884947470214,-1.4711950851807991e-5,-4.401599929875531e-5,0.018546095137019082,56.06839759144753,2292.3998991339827,198.21443619768053,-7.674321664863718e-10,1.4218764226992495e-6,-0.5497311842899653,10.335182640737308,-195.07722643982825,-1694.1155306684502,36275.742120822455,-1.0440041181622906e-11,8.207106232276958e-10,2.085185935290025e-8,-4.575894184178962e-9,-1.8567263148760374e-7,-2.6843689995858064e-5,1.4959196770390945e-9,-4.603869129123289e-6,0.01981193772349155,0.09050314711325101,2.61231660674786e-8,-2.369300456146294e-5,0.00892904775339225,-0.989625826629265,194.25877548575585,1.928680378784883e-7,0.00010256986632548375,-0.0910870534995383,-32.770465667457785,2042.770390967862,-2787.9671667288735,-1.0809326101509284e-8,-0.004564763600616422,-0.04114125246881535,8.681992702961876,10543.534967170079,218651.12746571872,-28167.386394912643,6.209877087362503e-12,-5.247445550091273e-8,-0.0015586945411386714,-55.888991552124985,-477.74840686109127,-3942.120532860841,-83115.71211565202,-1.9263671676922562e6
-9.837404002247839e-8,-1.1489696674698848e-5,-1.381582522638991e-5,3.4800421508447638e-9,5.4943248303015976e-8,-1.6672197273722825e-5,-7.629689361748917e-8,-0.0050554294415443716,0.0011489305207785443,3.865206885406437e-9,1.0436635408719874e-8,2.2481956058095532e-7,4.6655886031566606e-6,-2.1732946073832192e-5,-0.0013468603997598366,7.071328178706168e-9,-1.618533743393553e-5,0.07679525092232176,-0.0019793736638625175,1.3920493503883771e-10,-1.9266138830508263e-9,2.4237558694210595e-6,-1.019954689991929e-8,8.278676072736696e-6,-0.0001866562051638769,1.291903029092768e-8,0.002436549939852849,-0.010979644765579796,-0.026064629420039072,8.890224408163221e-11,-7.777836432070737e-7,-0.0010369890510533077,-6.225617102122675,-4.038877045232219,-3.594931764399906e-12,1.791197108241692e-11,8.87967524874699e-8,-3.4609688962931563e-9,-1.8364527442119736e-6,0.0004578833901450199,2.5150790363045577e-23,-7.909704296314311e-6,0.0034708230720644794,-0.043012202661919394,-6.354413404343202e-9,8.811033700129732e-6,0.427583708613966,-1.9266278219580593,-1.4164216404536105,4.914232298799409e-11,-8.649075154858586e-8,-0.0014378972320608701,-0.06042271579967216,508.21588314205616,310.7039009323471,2.1806842839743696e-12,-1.3274588978793077e-10,1.2148111210323239e-8,6.841896579722189e-10,-9.841943545314294e-7,1.3515140554297835e-5,-4.6452250674423136e-9,-3.965064571403203e-6,-0.000782200315878633,0.0032769998276689985,-1.5975575037322154e-9,-0.0005200591847037937,0.005048439890180418,1.0135923939728362,-3.7577831265197825,-1.2661685898233507e-10,-7.99271989168363e-6,0.002325619456765363,73.91451738691948,-315.34087661794365,3.9543836520593953,-1.692172262450829e-12,3.372558778783604e-8,-6.716378960382348e-5,-0.3873897660420439,8.139555955758508,-39719.08970874205,-15467.774904223994,1.175162427111728e-13,1.3482156228617603e-11,1.1247871406517611e-9,-7.680610040709838e-10,-1.7510696541530768e-7,8.870259191355105e-6,3.6022221353985353e-9,1.1182379858249432e-6,-0.0010663767449348635,-0.002265850541029,-2.8568642151445e-7,5.026261635470221e-6,-0.002419311152519109,-0.20649052781655813,-10.879318514080564,-3.8246755862449486e-10,-1.6688186971587693e-6,-0.28110704918069357,2.550676088415356,220.79666996358756,-97.09564775153768,-5.1717705074403736e-11,-8.116018221758386e-8,-0.0040869067117822325,0.8577265748979386,10075.776226937665,-45328.838427701405,-7202.319879796516,7.021251483219091e-13,-4.119375585300201e-9,4.062501740724898e-6,-0.016185525819500796,-43.223483886597336,770.6481373065673,2.122558311478277e6,758786.2100560416
-3.91200274857278e-6,0.00021769765521729187,0.038251258587051314,2.3435325933903747e-6,0.000181165385894068,0.002316154916102326,-0.0019849780781259923,0.04403953129796163,-1.0758978048216497,9.298206737061496e-7,-8.895930999983846e-6,0.0005561999791990054,-6.206923701577889e-5,0.09090202388088514,0.39024981503299133,2.1542809955756695e-6,1.3616716894907546,2.8127959954212103,-4.337612528969037,3.089074328924011e-8,-1.8085804046013159e-6,-0.00012772214840735862,9.732104087072975e-6,-0.004438622735419469,0.003798836105847397,0.0012674669294772236,-0.04784885944385105,23.831665688946106,20.42953790156886,-1.4058187856068021e-7,0.00774501792823925,138.00292118902013,68.43277664787283,2008.6612986825473,1.5331502985233104e-8,-1.0415554226710095e-6,2.229102119392177e-6,-1.8364527442121854e-6,-0.0013777134502708367,-0.20513936792573212,-8.811033700130098e-6,-0.008029240285671448,-1.0849837705013776,-7.070278850073909,1.3022974694246312e-6,-1.5384279740241534e-18,-16.092225705556043,4424.949196108278,126.37751623010872,4.376986292789118e-8,-3.7621025755659315e-5,1.852832766969712,7630.816890051935,-620.7091956150227,-127689.85120980298,6.09623218263819e-10,-5.8304646089182006e-8,6.514261359710813e-6,3.0196337861487933e-7,-0.0011696323356492919,-0.005240210969956587,-4.143653715390378e-6,-0.001289870181456394,-0.48851354121266527,-51.15455689712294,-0.0008134835131437854,0.005765842003150639,-11.988079328396951,-152.62305203744407,-345.180524493303,-1.953005311966931e-7,-0.0033604258032338195,-70.01747007669327,-3831.9651791848833,662873.6554854788,-12994.584561445052,6.509779846595825e-9,3.989914961684926e-5,0.01306494958226918,130.08861000252884,-107231.63921868625,108863.5537534097,5.951104576796464e6,1.905577502745061e-10,-1.9439177383534057e-8,-2.6976003336570284e-7,1.408847458690717e-7,-4.768378911083299e-5,-0.001057520701593399,1.1250884899500039e-7,0.0006793880803693116,-0.5420196756498988,-1.5438514682379243,1.4981720324593622e-6,-0.004144855658102048,-0.5025628721134295,-106.3450888074253,-5053.589078180867,-6.294028991411593e-7,-0.5421555095890196,7.377765239399681,-6810.160196993424,-9511.772208497949,43132.42445713488,-5.0082712874362307e-8,-0.00020473225729193386,-3.2986643753722604,-24742.14861269399,-709794.8575392682,8.6165740969765e7,697352.6677343779,3.2824397748784575e-10,9.881643128551947e-6,0.011239809762327363,4.9382088804159165,-18140.15152064343,-4.891368451115201e6,6.34049130997603e6,-2.31424516520201e8
-0.006328939172630393,-0.036328457080078695,-0.09901580427316634,0.0007326435271043354,0.0004994250368316899,-1.7593433093882573,0.006176409668748529,-7.36518390813154,1.6338812762502888,0.000108374941094679,0.002736472827068348,0.2719997124338497,0.01402060606116324,-0.2897906233270997,-169.10498273411758,0.17113367273635846,2.1941456552106664,-571.5157553940801,344.1758472411206,4.793181648720864e-6,-0.00014110964442824898,0.24539535752128716,-0.0004535353617163862,1.7660850029045585,30.593451023694293,-0.0016613320714166137,9.230727947670804,-197.70166265676534,-6533.552060756922,-8.85788941652077e-5,46.53569707951752,218.5936708692128,-15480.359823966006,-29196.72422398448,-3.261181036878571e-6,0.00021715673388684575,0.01026954346342777,0.0004578833901450366,-0.20513936792574378,92.20828172055143,0.0014378972320608782,-0.38137542486383585,582.8844193495217,-345.5672019906309,-0.03841778158430637,-1.8528327669697482,3073.129398317143,-60013.11125229834,-58350.49494209087,9.946224627260815e-6,-0.08297019412916233,-2.0478721505434344e-14,-9604.22632195721,-86044.2895199268,1.5481720333799892e6,2.9811064305972177e-7,-1.876197925946782e-6,-0.0005476025212982192,-6.361825466938053e-5,0.1762256805048379,3.9953612740892313,1.5019512457949105e-5,0.2215933757906792,-116.1502527615858,13458.499186688328,-0.0004324381806881512,-0.32491408913561565,-121.70302124606398,130769.10220399326,-354666.6575689632,6.922254798760203e-5,-49.22980846265985,-1012.1236099624462,698746.953713366,-1.3184350368907299e7,-1.4961638835036606e6,-1.2437333074514845e-6,-0.0016801052174089696,-27.809191353292587,-1.0493138538023587e6,-3.4448134813947207e6,-1.2029348425849736e7,-7.356809070638302e7,-3.248360743367285e-8,4.332435654453913e-6,0.0004014301136080855,-7.240193840661325e-5,-0.009316478165246575,0.7906216386935583,0.0001273385216702378,-0.0371449945799228,34.516469593564054,502.074794674787,2.3137374261212708e-5,0.0757637746387687,-12.155770101701513,-38890.99332713864,398579.55958986626,-0.010008045217941755,-0.17730905444937833,-1113.2052467498024,-7748.029531518289,2.2711724407626122e7,-2.6943537515465315e7,-1.5734812696344105e-5,0.11759706470148806,-22747.692982510678,-329935.7813614799,1.2434184615408722e8,-2.47092589281074e9,-2.8256179704320616e8,9.731072110293899e-8,-0.00149353376101373,-4.240063676515381,-2209.9009865836765,-1.4798093399523267e8,-2.127913180562738e8,-1.143334463749001e9,3.5108392093265543e9
1.1489696674698848e-5,9.837404002247839e-8,1.381582522638991e-5,7.629689361748917e-8,-5.4943248303015976e-8,0.0050554294415443716,-3.4800421508447638e-9,1.6672197273722825e-5,-0.0011489305207785443,-7.071328178706168e-9,-4.6655886031566606e-6,1.618533743393553e-5,-1.0436635408719874e-8,2.1732946073832192e-5,-0.07679525092232176,-3.865206885406437e-9,-2.2481956058095532e-7,0.0013468603997598366,0.0019793736638625175,-8.890224408163221e-11,-1.291903029092768e-8,7.777836432070737e-7,1.019954689991929e-8,-0.002436549939852849,0.0010369890510533077,1.9266138830508263e-9,-8.278676072736696e-6,0.010979644765579796,6.225617102122675,-1.3920493503883771e-10,-2.4237558694210595e-6,0.0001866562051638769,0.026064629420039072,4.038877045232219,-4.914232298799409e-11,6.354413404343202e-9,8.649075154858586e-8,-2.5150790363045577e-23,-8.811033700129732e-6,0.0014378972320608701,3.4609688962931563e-9,7.909704296314311e-6,-0.427583708613966,0.06042271579967216,-1.791197108241692e-11,1.8364527442119736e-6,-0.0034708230720644794,1.9266278219580593,-508.21588314205616,3.594931764399906e-12,-8.87967524874699e-8,-0.0004578833901450199,0.043012202661919394,1.4164216404536105,-310.7039009323471,1.692172262450829e-12,1.2661685898233507e-10,-3.372558778783604e-8,1.5975575037322154e-9,7.99271989168363e-6,6.716378960382348e-5,4.6452250674423136e-9,0.0005200591847037937,-0.002325619456765363,0.3873897660420439,-6.841896579722189e-10,3.965064571403203e-6,-0.005048439890180418,-73.91451738691948,-8.139555955758508,1.3274588978793077e-10,9.841943545314294e-7,0.000782200315878633,-1.0135923939728362,315.34087661794365,39719.08970874205,-2.1806842839743696e-12,-1.2148111210323239e-8,-1.3515140554297835e-5,-0.0032769998276689985,3.7577831265197825,-3.9543836520593953,15467.774904223994,-7.021251483219091e-13,5.1717705074403736e-11,4.119375585300201e-9,3.8246755862449486e-10,8.116018221758386e-8,-4.062501740724898e-6,2.8568642151445e-7,1.6688186971587693e-6,0.0040869067117822325,0.016185525819500796,-3.6022221353985353e-9,-5.026261635470221e-6,0.28110704918069357,-0.8577265748979386,43.223483886597336,7.680610040709838e-10,-1.1182379858249432e-6,0.002419311152519109,-2.550676088415356,-10075.776226937665,-770.6481373065673,-1.3482156228617603e-11,1.7510696541530768e-7,0.0010663767449348635,0.20649052781655813,-220.79666996358756,45328.838427701405,-2.122558311478277e6,-1.175162427111728e-13,-1.1247871406517611e-9,-8.870259191355105e-6,0.002265850541029,10.879318514080564,97.09564775153768,7202.319879796516,-758786.2100560416
5.4281711932697566e-5,-5.4281711932697566e-5,-2.970778566157841e-19,2.733643834558828e-5,-7.438091809114482e-21,0.020900193632132903,-2.733643834558828e-5,-0.020900193632132903,-3.458507640631394e-17,-3.2618730069654874e-7,2.0714368432994917e-5,-7.687725729989927e-5,-2.0714368432994917e-5,-2.0521218675255594e-18,1.0995366021356996,3.2618730069654874e-7,7.687725729989927e-5,-1.0995366021356996,2.958733973294691e-15,-1.1411461728079543e-7,-9.70462109427184e-6,-0.001037224022948996,2.100194646304166e-21,-0.017160325469447662,-1.341164350183955,9.70462109427184e-6,0.017160325469447662,-6.017783896706294e-16,31.556224859301455,1.1411461728079543e-7,0.001037224022948996,1.341164350183955,-31.556224859301455,-1.5658181431359386e-13,1.590633580744068e-8,-1.5103051910125272e-6,-3.870982109013955e-5,-7.909704296314428e-6,-0.008029240285671166,-0.38137542486383996,7.909704296314428e-6,1.4627827916813816e-18,-6.982849362711527,-199.13504680428883,1.5103051910125272e-6,0.008029240285671166,6.982849362711527,-7.388909168550664e-14,1674.5571500380563,-1.590633580744068e-8,3.870982109013955e-5,0.38137542486383996,199.13504680428883,-1674.5571500380563,7.470941376806134e-12,3.4786504691957306e-9,-4.449004267030705e-9,-5.9561698970861214e-6,4.9369688327961855e-6,-0.0009623095757599621,0.00722241202816417,1.0776453647732175e-21,0.004430611576610517,-2.9310512918389326,-49.24726466004951,-4.9369688327961855e-6,-0.004430611576610517,2.725281452311117e-16,-1962.0487444528505,-9600.384728672489,4.449004267030705e-9,0.0009623095757599621,2.9310512918389326,1962.0487444528505,-1.8286404553424438e-12,-22247.679489689996,-3.4786504691957306e-9,5.9561698970861214e-6,-0.00722241202816417,49.24726466004951,9600.384728672489,22247.679489689996,-3.54621699979397e-10,1.2366162751517442e-10,-2.8367871586771147e-8,2.939159058007014e-6,8.561166096339743e-7,5.197573108741562e-5,-0.009105896663351069,-3.430436597942232e-6,0.008751157262960014,-0.09292292401882189,6.694307489589203,3.430436597942232e-6,3.742376837793868e-19,3.911691851231139,-663.7889771054529,110.83805133398275,-8.561166096339743e-7,-0.008751157262960014,-3.911691851231139,3.2805474787674536e-14,-395179.58502979076,77369.74029094806,2.8367871586771147e-8,-5.197573108741562e-5,0.09292292401882189,663.7889771054529,395179.58502979076,9.99450401646237e-11,6.791608219514032e6,-1.2366162751517442e-10,-2.939159058007014e-6,0.009105896663351069,-6.694307489589203,-110.83805133398275,-77369.74029094806,-6.791608219514032e6,1.6707986787333554e-8
0.032534980839745625,-7.689409614288014,-4.444566904488348,0.0049524763457065605,-0.009110990040385005,-6.6657316300643155,-0.049323049747066305,639.4078100295089,-30.188102162272532,-0.0005033735723983463,-8.24562507254838e-5,2.361863209728978,-0.201210141771031,-17.614291063365005,-1294.8455680207496,-0.005876203672765789,-14.43061211366675,22453.320280738906,16735.03286388085,1.741146686193903e-5,-0.00037114145919300433,1.1217470644873764,-0.009268633865355263,-1.9509188625423115,354.1684212834908,0.01520567343749113,-150.31706852583898,-7629.40400501656,-77060.32153032554,-0.000173105654061548,-8.968824954211328,-1152.8293624956568,1.6305536527660978e6,-1.0663890237180588e6,-2.6203598340691057e-5,0.001977932148618579,0.06799673058911761,0.0034708230720643836,-1.0849837705013445,582.8844193494965,-0.4275837086139699,-6.982849362711454,-999.3845512297653,13996.678946000227,-0.005632163775004844,16.092225705556018,1.1623248404683265e-13,-2.0328648376372876e6,-566063.4867875149,3.724036563987232e-5,-0.2313464836259208,-3073.1293983171536,79473.56920325308,-1.0913761329195724e8,5.040588102007922e7,1.6845918571196247e-6,-1.6125995561798246e-6,-0.007007713904457246,-0.0006425000106343315,1.9434792820387419,30.09139864249382,-0.0007289939215423941,6.222310513097064,-741.7969556397885,106701.89333213105,0.0007470750108748257,-285.36255485501636,-1477.9816052861902,-304309.3194581827,-1.790855858560711e6,0.0001101798168226276,-4.083495264300287,7833.946913270715,8.990573048077434e6,-4.207337683712237e8,1.792279018418879e7,-5.35837118199379e-6,-0.0019175357313300455,-78.4865185604654,-420651.77033102256,2.209949275503923e7,3.7944307792196856e9,-2.40606849712911e9,-2.501812680060149e-7,3.2255376964115056e-5,0.0025709587037291825,-0.0003879548135580057,-0.049058800207584026,4.700771595411903,0.0023225391900302725,-0.5973239445623201,712.6801540924948,4654.725597124033,0.15636522692297475,0.6976356835580627,4729.113897267409,-273830.75845251186,6.685421727253857e6,0.0022149181531718517,-2.0626009525958544,-126871.13989540987,502872.3600504007,-6.795276892646694e7,-2.1423603527335644e8,-5.794419036827381e-5,0.2510034560769076,-294.8631686331508,2.4213719146511303e6,2.854024478450059e9,-7.656865468866168e10,-1.6822103067804182e9,4.919873021319663e-7,-0.006409230505477422,-14.591523900217581,-7787.1757617227,-9.608566701135244e6,1.4258046000136256e9,-1.5605452521901093e11,1.1438595078844812e11
-0.7415211138251471,5.095346231041991,256.83949075329895,-0.006222066625042881,1.8933926995800074,-79.74861873549618,40.9716643783135,513.3411806443243,-10577.289924165034,0.036122324188757986,-0.004641158927341645,-3.4645675155786755,-0.1551861505759509,715.37839497529,-1665.5560438801292,0.30526403663563695,8951.470071135967,9815.896309948967,447970.96047845733,0.0006294726266724261,-0.007284732783887642,12.621303312450976,-0.06671858965746719,20.724635467031657,-1426.8454870801258,-13.087431935822261,-162.99894714333033,149223.71343526937,152587.15178877773,0.006732119252617658,121.2644484819602,652253.1441249088,-971772.139814735,-2.5673629662070677e7,0.0002942927258466371,-0.014559684522129822,0.1740289674945737,-0.04301220266192,-7.070278850074495,-345.56720199042627,0.060422715799671185,-199.13504680429398,13996.67894599946,-236970.04137744018,-0.11866827828192705,-7630.816890051792,-79473.56920324995,2.2237214707630802e7,-67466.72153102515,0.0004189414554158527,4.077450779058735,9604.226321957183,-3.751685556555311e-11,1.3794385687598586e6,1.4830471671919892e9,1.7864092054712327e-5,-0.0011200923272712423,0.2899971835046871,0.0007951776674829382,-23.747803849756835,-71.9565080871536,-0.038324203881683026,-47.43758457702696,-2789.3582810319563,-769630.3834755331,0.03958043687943087,106.05284237236657,-133235.26931045286,4.994335043236796e6,-1.5048363517190404e7,-0.006590868238088116,-163.6819497506938,-2.6020412549638217e6,-2.4831178646257605e7,2.856962182260101e9,-4.8318046554605377e8,0.00015335565963883377,0.22614943148251276,949.3021443384678,-3.7518165176148107e6,-2.7035129127360435e9,2.9489583742938294e9,-7.166127290791042e10,5.375164770183609e-6,-0.00028108273793252893,0.009445288116455916,-0.0034121660021742568,-1.2302909115656342,81.0351538850083,0.00871468609687875,2.274751539188884,-15106.755024627655,-35888.03646892238,-0.021663239902100687,1.749960224073297,-27977.024172378817,-573845.7870660118,-1.4515960950708762e8,-0.018595290031971568,1034.6064891279912,90815.05409409197,-5.126871216282219e7,1.2263044819030473e9,2.8811514706665874e8,-0.00043695616239734574,-7.1826826579595275,-106530.08713312875,-5.992524539227663e8,-5.628179440458242e9,3.472226288733461e11,-5.8537979163439045e9,7.445463445604036e-6,0.07938609807305619,-2.4664471114384314,96991.49913699682,-9.892887945424267e8,-6.202637749495411e10,-3.7189350783044796e9,2.622986614800082e12
5.333795630212325e-11,3.659307461517502e-8,-3.1112229747289456e-6,-1.6310803266423374e-8,-2.0093847024428568e-8,9.435932045565019e-6,-2.6247671004641626e-9,6.7121527852462435e-6,8.700275196201999e-5,-1.1454087123928525e-6,-3.1307717767563897e-8,-6.14409765141795e-6,-7.825448265499924e-9,-8.06750080727518e-6,0.001374546464529231,-1.3806727582682571e-9,-5.455155959782404e-7,0.0004780451523296434,-0.0018770959521620732,-1.6494897804886595e-9,6.376389017356563e-10,-0.0005185138742942473,1.2173027383427358e-11,-1.8984781315280475e-5,-0.000549286630978689,1.0193462731725906e-9,-5.542556267219827e-6,-0.0017240383411197867,0.054672962042941316,-4.660855154398188e-11,-9.89285318046974e-7,1.5489308089414363e-5,0.012309490093301654,0.0386045196614418,-5.429129954285627e-11,-3.077816486117722e-26,-1.949724471359701e-7,-6.3544134043430345e-9,1.3022974694247805e-6,-0.03841778158430642,-1.7911971082301634e-11,1.5103051910125872e-6,-0.005632163775004793,-0.11866827828192666,-9.880104235810141e-11,1.0415554226711196e-6,-0.0019779321486185788,-0.25806890665115495,0.44683741032940233,4.0271131482752596e-13,-3.892334168097302e-8,-0.00021715673388682992,0.014559684522130184,0.14783779422620283,-0.13214814315899254,-2.518319864562774e-13,1.3767332529869271e-9,-2.4529010546486782e-8,4.046435524381984e-9,0.0001957861181051645,7.335047046289632e-5,4.867845715370181e-10,-3.189124032170117e-6,-0.0003564391030846491,-0.06993543046721802,-1.2975383810177302e-10,8.299863196999616e-7,0.0012271512976999338,-1.1184094747348876,-1.3326845806850047,5.08675934187849e-11,2.6162291551610757e-7,0.0004703027938931053,-0.48471664063212766,-29.859067908961457,-50.53240133990565,-1.4349875105197907e-12,-5.921568378097848e-9,-8.907818034796482e-6,-0.010152395671441933,1.616985887342873,17.194038053027395,-112.89729996291653,-6.561915172530686e-13,7.962973083685472e-11,2.003859504782632e-9,1.4578406764519295e-7,5.78654222906353e-7,2.6057338754359044e-6,7.581965006158783e-10,2.3454878020238586e-6,0.09097611409118941,0.013960660649549945,-4.769104911876454e-10,3.286763960402683e-7,-0.00022120080118985088,0.08537397650360068,511.8429013274784,2.764913981032967e-10,-3.804401347998944e-7,0.0008922303776835961,0.5394869206200189,-166.23576502156146,525.0441781951242,-3.986617030971394e-12,7.128784449125961e-8,0.00035527829823167535,0.13205109357788236,-92.47673076313906,-2602.061917463078,4827.325410583801,-5.923479035036252e-14,-1.0766464205327086e-9,-3.910058838078251e-6,-3.990948247320525e-5,3.3506960347285837,54.80513090671842,827.6400460044929,13294.525766876503
-0.00021769765521729187,3.91200274857278e-6,-0.038251258587051314,0.0019849780781259923,-0.000181165385894068,-0.04403953129796163,-2.3435325933903747e-6,-0.002316154916102326,1.0758978048216497,-2.1542809955756695e-6,6.206923701577889e-5,-1.3616716894907546,8.895930999983846e-6,-0.09090202388088514,-2.8127959954212103,-9.298206737061496e-7,-0.0005561999791990054,-0.39024981503299133,4.337612528969037,1.4058187856068021e-7,-0.0012674669294772236,-0.00774501792823925,-9.732104087072975e-6,0.04784885944385105,-138.00292118902013,1.8085804046013159e-6,0.004438622735419469,-23.831665688946106,-68.43277664787283,-3.089074328924011e-8,0.00012772214840735862,-0.003798836105847397,-20.42953790156886,-2008.6612986825473,-4.376986292789118e-8,-1.3022974694246312e-6,3.7621025755659315e-5,8.811033700130098e-6,1.5384279740241534e-18,-1.852832766969712,1.8364527442121854e-6,0.008029240285671448,16.092225705556043,-7630.816890051935,1.0415554226710095e-6,0.0013777134502708367,1.0849837705013776,-4424.949196108278,620.7091956150227,-1.5331502985233104e-8,-2.229102119392177e-6,0.20513936792573212,7.070278850073909,-126.37751623010872,127689.85120980298,-6.509779846595825e-9,1.953005311966931e-7,-3.989914961684926e-5,0.0008134835131437854,0.0033604258032338195,-0.01306494958226918,4.143653715390378e-6,-0.005765842003150639,70.01747007669327,-130.08861000252884,-3.0196337861487933e-7,0.001289870181456394,11.988079328396951,3831.9651791848833,107231.63921868625,5.8304646089182006e-8,0.0011696323356492919,0.48851354121266527,152.62305203744407,-662873.6554854788,-108863.5537534097,-6.09623218263819e-10,-6.514261359710813e-6,0.005240210969956587,51.15455689712294,345.180524493303,12994.584561445052,-5.951104576796464e6,-3.2824397748784575e-10,5.0082712874362307e-8,-9.881643128551947e-6,6.294028991411593e-7,0.00020473225729193386,-0.011239809762327363,-1.4981720324593622e-6,0.5421555095890196,3.2986643753722604,-4.9382088804159165,-1.1250884899500039e-7,0.004144855658102048,-7.377765239399681,24742.14861269399,18140.15152064343,-1.408847458690717e-7,-0.0006793880803693116,0.5025628721134295,6810.160196993424,709794.8575392682,4.891368451115201e6,1.9439177383534057e-8,4.768378911083299e-5,0.5420196756498988,106.3450888074253,9511.772208497949,-8.6165740969765e7,-6.34049130997603e6,-1.905577502745061e-10,2.6976003336570284e-7,0.001057520701593399,1.5438514682379243,5053.589078180867,-43132.42445713488,-697352.6677343779,2.31424516520201e8
7.689409614288014,-0.032534980839745625,4.444566904488348,0.049323049747066305,0.009110990040385005,-639.4078100295089,-0.0049524763457065605,6.6657316300643155,30.188102162272532,0.005876203672765789,0.201210141771031,14.43061211366675,8.24562507254838e-5,17.614291063365005,-22453.320280738906,0.0005033735723983463,-2.361863209728978,1294.8455680207496,-16735.03286388085,0.000173105654061548,-0.01520567343749113,8.968824954211328,0.009268633865355263,150.31706852583898,1152.8293624956568,0.00037114145919300433,1.9509188625423115,7629.40400501656,-1.6305536527660978e6,-1.741146686193903e-5,-1.1217470644873764,-354.1684212834908,77060.32153032554,1.0663890237180588e6,-3.724036563987232e-5,0.005632163775004844,0.2313464836259208,0.4275837086139699,-16.092225705556018,3073.1293983171536,-0.0034708230720643836,6.982849362711454,-1.1623248404683265e-13,-79473.56920325308,-0.001977932148618579,1.0849837705013445,999.3845512297653,2.0328648376372876e6,1.0913761329195724e8,2.6203598340691057e-5,-0.06799673058911761,-582.8844193494965,-13996.678946000227,566063.4867875149,-5.040588102007922e7,5.35837118199379e-6,-0.0001101798168226276,0.0019175357313300455,-0.0007470750108748257,4.083495264300287,78.4865185604654,0.0007289939215423941,285.36255485501636,-7833.946913270715,420651.77033102256,0.0006425000106343315,-6.222310513097064,1477.9816052861902,-8.990573048077434e6,-2.209949275503923e7,1.6125995561798246e-6,-1.9434792820387419,741.7969556397885,304309.3194581827,4.207337683712237e8,-3.7944307792196856e9,-1.6845918571196247e-6,0.007007713904457246,-30.09139864249382,-106701.89333213105,1.790855858560711e6,-1.792279018418879e7,2.40606849712911e9,-4.919873021319663e-7,5.794419036827381e-5,0.006409230505477422,-0.0022149181531718517,-0.2510034560769076,14.591523900217581,-0.15636522692297475,2.0626009525958544,294.8631686331508,7787.1757617227,-0.0023225391900302725,-0.6976356835580627,126871.13989540987,-2.4213719146511303e6,9.608566701135244e6,0.0003879548135580057,0.5973239445623201,-4729.113897267409,-502872.3600504007,-2.854024478450059e9,-1.4258046000136256e9,-3.2255376964115056e-5,0.049058800207584026,-712.6801540924948,273830.75845251186,6.795276892646694e7,7.656865468866168e10,1.5605452521901093e11,2.501812680060149e-7,-0.0025709587037291825,-4.700771595411903,-4654.725597124033,-6.685421727253857e6,2.1423603527335644e8,1.6822103067804182e9,-1.1438595078844812e11
28.429876091493202,-28.429876091493202,8.826354689429001e-14,-13.153959308329032,7.423184067888998e-16,4175.709271312741,13.153959308329032,-4175.709271312741,1.1713408922318525e-13,-0.5145287504318912,-5.735992283543042,-3090.512093849969,5.735992283543042,1.9338589244411673e-13,248790.92425040485,0.5145287504318912,3090.512093849969,-248790.92425040485,-1.5108242085376985e-10,0.03383220914620295,4.431775546654143,-311.42078289088215,-5.051755747961235e-17,-5018.13417945729,-157003.90439775385,-4.431775546654143,5018.13417945729,9.606843175981009e-11,5.04589164566468e6,-0.03383220914620295,311.42078289088215,157003.90439775385,-5.04589164566468e6,1.0221630799697737e-8,-0.004161073232277194,0.2580689066511448,17.48128229800716,-1.926627821958054,4424.949196108276,-60013.111252299,1.926627821958054,-7.388909168550604e-14,-2.0328648376372608e6,2.223721470763116e7,-0.2580689066511448,-4424.949196108276,2.0328648376372608e6,2.026447270415478e-8,1.4784934862021735e8,0.004161073232277194,-17.48128229800716,60013.111252299,-2.223721470763116e7,-1.4784934862021735e8,-5.2639578774162e-7,-0.0006091045623481612,0.00544399287805577,-2.800982904564532,0.01655369884883256,315.94468462413124,3199.3465950344785,-7.540820688879548e-17,-641.2508972878152,1.9971452501028522e6,-2.2288881320319884e6,-0.01655369884883256,641.2508972878152,-3.406798838964731e-11,-5.376694176205497e8,3.1424003484201064e9,-0.00544399287805577,-315.94468462413124,-1.9971452501028522e6,5.376694176205497e8,1.8820934339129113e-6,1.6001980655933441e10,0.0006091045623481612,2.800982904564532,-3199.3465950344785,2.2288881320319884e6,-3.1424003484201064e9,-1.6001980655933441e10,2.467293998310404e-5,-1.9923324610065206e-5,0.004936082543410386,-0.9679142827452444,-0.06522339553261129,3.8521497741929607,-431.43478573199957,0.7513145041545456,-1185.364394110995,191834.4976766132,-99066.31391224085,-0.7513145041545456,-8.14120488933558e-14,511219.224478482,5.767471426465697e8,8.496779925864706e8,0.06522339553261129,1185.364394110995,-511219.224478482,-5.624172860075883e-9,-1.0680640275975438e11,9.949707668571272e10,-0.004936082543410386,-3.8521497741929607,-191834.4976766132,-5.767471426465697e8,1.0680640275975438e11,0.00018856704257040247,2.6111523056397113e11,1.9923324610065206e-5,0.9679142827452444,431.43478573199957,99066.31391224085,-8.496779925864706e8,-9.949707668571272e10,-2.6111523056397113e11,-0.0010870440236617287
217.49305680994658,-14922.348388095317,259.10782302214653,-0.5665726022262937,-10.92680374969199,-298.1640679258179,-1.2193465074846552,-607382.100477863,-8724.657778532199,-0.03366222851285056,0.29598206707166763,-206.66826603968948,3204.4904956295413,-83.97891158009277,180829.2758633369,-0.8356919042249931,1321.9870733542932,-4.1084979401186947e6,2.571302018759387e6,-0.0027345842357343626,0.05028557395171889,-144.57430847386667,2.685960859601986,-2281.6750286335077,-25222.362514198405,4.779409562897998,619577.7349669326,441044.14493445074,1.507272560804953e7,0.009635910720413763,665.8166966030082,-81388.05926623128,-1.9060149605083678e7,-3.210558229818032e8,0.0023200607135287154,-0.1478377942261735,-6.70708158751766,-1.4164216404540746,126.37751623015708,-58350.494942088575,-508.21588314205275,1674.5571500379822,-566063.4867874936,-67466.721530678,0.4468374103294351,620.709195615017,1.0913761329195477e8,1.4784934862021774e8,-7.232948007079557e8,-0.0024226891971422383,10.751822888123838,86044.28951992314,-1.3794385687596698e6,-7.815079357580989e-8,1.6920780764068409e10,-0.00014869041423696373,0.001342643167655004,0.7684352566411513,0.07470843042039962,-131.66049706673186,-2738.556655557369,-0.11787612264620854,-684.0145037421966,80605.0537983484,-9.242067667675685e6,-1.1402300634224243,-208222.9349256571,595104.6680250306,-1.513007737974421e8,2.5593367370343265e8,-0.005371585035127681,13.84374463888191,219282.90689775554,1.49105797863705e10,3.3932225480544075e10,8.767344271166026e10,0.00027762797924724727,-0.4478534163458087,3335.5352644721543,4.709000821362739e6,-1.6795912567983764e8,-1.0768122805930559e12,-6.760232673620416e11,2.285633761500515e-5,-0.002845533078694645,-0.21042872078604632,0.0479619546679266,5.937373257106449,-307.2927457589676,-0.3929282561264294,58.91146201834857,-35036.51432500411,-391595.8671351076,79.73267549446017,-505.5860202264299,-155875.68517681948,2.858663747691005e7,-4.258468062773864e8,-0.014194970963997902,-460.3882468969533,-7.509229929463097e7,1.1477490883873214e8,-2.7118402256632725e10,2.158636456254549e10,0.0033237338399527104,-13.013995759044759,-109688.59996339674,4.590228793349273e7,1.8971892194104153e12,6.908472009856891e12,-7.103246375199703e12,-2.7624496318067177e-6,0.2165346985970085,494.7141138559307,260739.59069017076,-8.479200917656969e8,-9.388469233712049e8,3.5145287387108203e13,5.6160681927297586e13
-1.0596101741043343e-11,-5.389526232942807e-10,4.164519081107397e-8,-9.244305200026913e-11,2.2740493299020735e-10,-6.165938108446738e-8,3.924797497264282e-11,-8.993843377842294e-8,-1.2799910265181835e-6,-5.6936533724210444e-11,2.210598524515568e-10,-1.6615797215642352e-8,8.727279402468188e-11,1.0334359053738872e-7,-9.13712181143494e-6,2.289058591710241e-11,5.059000654567754e-9,-6.013417616903034e-6,1.827580692524557e-5,-5.315853652906628e-11,5.245337697507472e-11,-1.3896389884600431e-8,4.6989610958854035e-12,1.2735837677605816e-7,1.1333830281704839e-6,-1.571702402400105e-11,6.877299261672728e-8,2.4763921100577115e-5,-0.00044387432038299317,9.141900184252876e-13,1.5523986338627324e-8,-1.0378897936979346e-6,-0.00014210264457375122,0.000597436073753453,-5.1180915497574166e-27,5.429129954285295e-11,3.5400664834386725e-8,4.914232298798972e-11,4.3769862927884e-8,9.946224627260351e-6,3.594931764402791e-12,-1.590633580743621e-8,3.7240365639875056e-5,0.0004189414554158576,4.027113148332327e-13,-1.5331502985234242e-8,2.6203598340688712e-5,0.004161073232276965,-0.002422689197141799,-3.190630735854929e-14,7.155135451412083e-10,3.261181036879445e-6,-0.0002942927258466672,-0.002320060713528613,-0.07168456781604021,4.897841602831717e-12,8.744781156464878e-11,1.7533697022289753e-6,-3.8939847005132545e-12,7.753401052963442e-8,3.3450442203002296e-6,-5.2832504581158915e-12,2.7425249980309326e-8,1.659603499780844e-5,0.002970659309900622,4.0595788461007725e-12,-8.399271368523961e-9,-1.61494719044031e-5,0.007157765519255313,0.02189635391563377,-9.626086136980666e-13,-5.067774297345774e-9,-6.526885117833651e-6,0.006755832345114725,0.5452161140048369,0.2115661060358229,2.36339926377379e-14,6.491798165662016e-11,1.6773185371286817e-7,0.00012139801723549479,-0.02613502986254271,-0.25459192572999395,5.186877300819103,-7.683793645888727e-16,1.424382986087244e-9,7.689219850260484e-10,-5.305475657389677e-12,-1.2257986267057845e-8,0.00026136575671121284,-4.448664529582322e-12,-1.7686433128538387e-8,3.732561705493136e-5,-0.00040050378190687515,7.337700166486767e-12,-4.4639074431194676e-9,3.950075655849361e-6,0.003871098387617967,0.3467112216713304,-4.058581311741523e-12,8.479110578922457e-9,-1.1533618949728118e-5,-0.008164475120423806,1.016656221784699,-1.5079461714398537,8.873534217999992e-14,-1.24219678743404e-9,-5.95330185471159e-6,-0.0017270858340021754,1.339371432565838,56.732829155793844,-16.565728497827063,9.950802855469637e-16,1.6326961854108534e-11,5.0518578181326886e-8,3.2170011324799256e-6,-0.05656864499353216,-0.6763008851265848,-10.000011639249193,-347.1643669872226
3.996709175559257e-6,2.602255429605621e-7,-0.00016728874944003366,-1.1419626959853497e-9,-7.795045427839987e-7,0.00069678428832761,-2.7293074171947555e-8,0.00014299790191823027,0.005540236949765562,-3.951967152425551e-7,-9.030022925444632e-7,0.00015516546255617522,-3.791367971944203e-7,-0.00038742226740340905,0.047486437322538266,2.560666446499356e-8,-1.5785751377728427e-5,0.017694890858413616,-0.021258330672712846,-2.1414424401490515e-5,-2.07219676774806e-9,-0.00030189096244535206,-3.950635733782555e-8,-0.0006502699666605079,0.032406062833361234,-7.609777249985287e-9,-0.00022569272462880178,-0.09966014670824717,1.0718005455856732,-6.524342191632072e-10,-1.3226768701177175e-5,-0.0029890494931059906,0.8181273804903063,-8.515456125936188,-3.540066483438786e-8,1.9497244713596947e-7,-3.684373465828379e-21,-8.649075154857532e-8,-3.762102575566227e-5,-0.08297019412916276,-8.879675248747334e-8,3.870982109014136e-5,-0.23134648362591786,4.077450779058644,-3.892334168097098e-8,-2.2291021193859363e-6,-0.0679967305891199,-17.48128229800704,10.751822888122211,7.155135451408359e-10,-1.3722853691623467e-6,-0.010269543463427925,-0.1740289674946259,6.707081587516983,652.9976966199447,7.674321664863718e-10,1.4711950851807991e-5,-1.4218764226992495e-6,-9.267026331826541e-8,4.401599929875531e-5,0.5497311842899653,1.9187416364958074e-8,3.978515933138342e-5,-0.018546095137019082,-10.335182640737308,1.1624862288253414e-9,-5.211962985817806e-5,0.05642602073613528,-56.06839759144753,195.07722643982825,-4.951702152420835e-10,-4.4372705878378774e-5,0.001231615481157369,-13.589249005483275,-2292.3998991339827,1694.1155306684502,-1.1779119962589944e-11,4.390277922988413e-7,-0.0005883805507534519,-2.252042595169031,15.868884947470214,-198.21443619768053,-36275.742120822455,-6.209877087362503e-12,1.0809326101509284e-8,5.247445550091273e-8,-1.928680378784883e-7,0.004564763600616422,0.0015586945411386714,-2.61231660674786e-8,-0.00010256986632548375,0.04114125246881535,55.888991552124985,-1.4959196770390945e-9,2.369300456146294e-5,0.0910870534995383,-8.681992702961876,477.74840686109127,4.575894184178962e-9,4.603869129123289e-6,-0.00892904775339225,32.770465667457785,-10543.534967170079,3942.120532860841,-8.207106232276958e-10,1.8567263148760374e-7,-0.01981193772349155,0.989625826629265,-2042.770390967862,-218651.12746571872,83115.71211565202,1.0440041181622906e-11,-2.085185935290025e-8,2.6843689995858064e-5,-0.09050314711325101,-194.25877548575585,2787.9671667288735,28167.386394912643,1.9263671676922562e6
0.036328457080078695,0.006328939172630393,0.09901580427316634,-0.006176409668748529,-0.0004994250368316899,7.36518390813154,-0.0007326435271043354,1.7593433093882573,-1.6338812762502888,-0.17113367273635846,-0.01402060606116324,-2.1941456552106664,-0.002736472827068348,0.2897906233270997,571.5157553940801,-0.000108374941094679,-0.2719997124338497,169.10498273411758,-344.1758472411206,8.85788941652077e-5,0.0016613320714166137,-46.53569707951752,0.0004535353617163862,-9.230727947670804,-218.5936708692128,0.00014110964442824898,-1.7660850029045585,197.70166265676534,15480.359823966006,-4.793181648720864e-6,-0.24539535752128716,-30.593451023694293,6533.552060756922,29196.72422398448,-9.946224627260815e-6,0.03841778158430637,0.08297019412916233,-0.0014378972320608782,1.8528327669697482,2.0478721505434344e-14,-0.0004578833901450366,0.38137542486383585,-3073.129398317143,9604.22632195721,-0.00021715673388684575,0.20513936792574378,-582.8844193495217,60013.11125229834,86044.2895199268,3.261181036878571e-6,-0.01026954346342777,-92.20828172055143,345.5672019906309,58350.49494209087,-1.5481720333799892e6,1.2437333074514845e-6,-6.922254798760203e-5,0.0016801052174089696,0.0004324381806881512,49.22980846265985,27.809191353292587,-1.5019512457949105e-5,0.32491408913561565,1012.1236099624462,1.0493138538023587e6,6.361825466938053e-5,-0.2215933757906792,121.70302124606398,-698746.953713366,3.4448134813947207e6,1.876197925946782e-6,-0.1762256805048379,116.1502527615858,-130769.10220399326,1.3184350368907299e7,1.2029348425849736e7,-2.9811064305972177e-7,0.0005476025212982192,-3.9953612740892313,-13458.499186688328,354666.6575689632,1.4961638835036606e6,7.356809070638302e7,-9.731072110293899e-8,1.5734812696344105e-5,0.00149353376101373,0.010008045217941755,-0.11759706470148806,4.240063676515381,-2.3137374261212708e-5,0.17730905444937833,22747.692982510678,2209.9009865836765,-0.0001273385216702378,-0.0757637746387687,1113.2052467498024,329935.7813614799,1.4798093399523267e8,7.240193840661325e-5,0.0371449945799228,12.155770101701513,7748.029531518289,-1.2434184615408722e8,2.127913180562738e8,-4.332435654453913e-6,0.009316478165246575,-34.516469593564054,38890.99332713864,-2.2711724407626122e7,2.47092589281074e9,1.143334463749001e9,3.248360743367285e-8,-0.0004014301136080855,-0.7906216386935583,-502.074794674787,-398579.55958986626,2.6943537515465315e7,2.8256179704320616e8,-3.5108392093265543e9
-5.095346231041991,0.7415211138251471,-256.83949075329895,-40.9716643783135,-1.8933926995800074,-513.3411806443243,0.006222066625042881,79.74861873549618,10577.289924165034,-0.30526403663563695,0.1551861505759509,-8951.470071135967,0.004641158927341645,-715.37839497529,-9815.896309948967,-0.036122324188757986,3.4645675155786755,1665.5560438801292,-447970.96047845733,-0.006732119252617658,13.087431935822261,-121.2644484819602,0.06671858965746719,162.99894714333033,-652253.1441249088,0.007284732783887642,-20.724635467031657,-149223.71343526937,971772.139814735,-0.0006294726266724261,-12.621303312450976,1426.8454870801258,-152587.15178877773,2.5673629662070677e7,-0.0004189414554158527,0.11866827828192705,-4.077450779058735,-0.060422715799671185,7630.816890051792,-9604.226321957183,0.04301220266192,199.13504680429398,79473.56920324995,3.751685556555311e-11,0.014559684522129822,7.070278850074495,-13996.67894599946,-2.2237214707630802e7,-1.3794385687598586e6,-0.0002942927258466371,-0.1740289674945737,345.56720199042627,236970.04137744018,67466.72153102515,-1.4830471671919892e9,-0.00015335565963883377,0.006590868238088116,-0.22614943148251276,-0.03958043687943087,163.6819497506938,-949.3021443384678,0.038324203881683026,-106.05284237236657,2.6020412549638217e6,3.7518165176148107e6,-0.0007951776674829382,47.43758457702696,133235.26931045286,2.4831178646257605e7,2.7035129127360435e9,0.0011200923272712423,23.747803849756835,2789.3582810319563,-4.994335043236796e6,-2.856962182260101e9,-2.9489583742938294e9,-1.7864092054712327e-5,-0.2899971835046871,71.9565080871536,769630.3834755331,1.5048363517190404e7,4.8318046554605377e8,7.166127290791042e10,-7.445463445604036e-6,0.00043695616239734574,-0.07938609807305619,0.018595290031971568,7.1826826579595275,2.4664471114384314,0.021663239902100687,-1034.6064891279912,106530.08713312875,-96991.49913699682,-0.00871468609687875,-1.749960224073297,-90815.05409409197,5.992524539227663e8,9.892887945424267e8,0.0034121660021742568,-2.274751539188884,27977.024172378817,5.126871216282219e7,5.628179440458242e9,6.202637749495411e10,0.00028108273793252893,1.2302909115656342,15106.755024627655,573845.7870660118,-1.2263044819030473e9,-3.472226288733461e11,3.7189350783044796e9,-5.375164770183609e-6,-0.009445288116455916,-81.0351538850083,35888.03646892238,1.4515960950708762e8,-2.8811514706665874e8,5.8537979163439045e9,-2.622986614800082e12
14922.348388095317,-217.49305680994658,-259.10782302214653,1.2193465074846552,10.92680374969199,607382.100477863,0.5665726022262937,298.1640679258179,8724.657778532199,0.8356919042249931,-3204.4904956295413,-1321.9870733542932,-0.29598206707166763,83.97891158009277,4.1084979401186947e6,0.03366222851285056,206.66826603968948,-180829.2758633369,-2.571302018759387e6,-0.009635910720413763,-4.779409562897998,-665.8166966030082,-2.685960859601986,-619577.7349669326,81388.05926623128,-0.05028557395171889,2281.6750286335077,-441044.14493445074,1.9060149605083678e7,0.0027345842357343626,144.57430847386667,25222.362514198405,-1.507272560804953e7,3.210558229818032e8,0.0024226891971422383,-0.4468374103294351,-10.751822888123838,508.21588314205275,-620.709195615017,-86044.28951992314,1.4164216404540746,-1674.5571500379822,-1.0913761329195477e8,1.3794385687596698e6,0.1478377942261735,-126.37751623015708,566063.4867874936,-1.4784934862021774e8,7.815079357580989e-8,-0.0023200607135287154,6.70708158751766,58350.494942088575,67466.721530678,7.232948007079557e8,-1.6920780764068409e10,-0.00027762797924724727,0.005371585035127681,0.4478534163458087,1.1402300634224243,-13.84374463888191,-3335.5352644721543,0.11787612264620854,208222.9349256571,-219282.90689775554,-4.709000821362739e6,-0.07470843042039962,684.0145037421966,-595104.6680250306,-1.49105797863705e10,1.6795912567983764e8,-0.001342643167655004,131.66049706673186,-80605.0537983484,1.513007737974421e8,-3.3932225480544075e10,1.0768122805930559e12,0.00014869041423696373,-0.7684352566411513,2738.556655557369,9.242067667675685e6,-2.5593367370343265e8,-8.767344271166026e10,6.760232673620416e11,2.7624496318067177e-6,-0.0033237338399527104,-0.2165346985970085,0.014194970963997902,13.013995759044759,-494.7141138559307,-79.73267549446017,460.3882468969533,109688.59996339674,-260739.59069017076,0.3929282561264294,505.5860202264299,7.509229929463097e7,-4.590228793349273e7,8.479200917656969e8,-0.0479619546679266,-58.91146201834857,155875.68517681948,-1.1477490883873214e8,-1.8971892194104153e12,9.388469233712049e8,0.002845533078694645,-5.937373257106449,35036.51432500411,-2.858663747691005e7,2.7118402256632725e10,-6.908472009856891e12,-3.5145287387108203e13,-2.285633761500515e-5,0.21042872078604632,307.2927457589676,391595.8671351076,4.258468062773864e8,-2.158636456254549e10,7.103246375199703e12,-5.6160681927297586e13
-2309.37241073535,2309.37241073535,0.0,3900.0285799189237,0.0,-192932.0828468927,-3900.0285799189237,192932.0828468927,0.0,-3.9662002807567247,-51.91971938079379,357562.85836629634,51.91971938079379,1.0210562913424463e-11,-9.747459313988619e6,3.9662002807567247,-357562.85836629634,9.747459313988619e6,0.0,-0.5320816335654722,151.80532605085176,2761.2241232805713,4.0133616142913496e-15,122919.03391339463,6.6111820028054025e6,-151.80532605085176,-122919.03391339463,-2.4971521758422242e-9,-1.8335658073389792e8,0.5320816335654722,-2761.2241232805713,-6.6111820028054025e6,1.8335658073389792e8,0.0,0.071684567815944,0.13214814316650256,-652.9976966198815,310.7039009323444,-127689.85120980271,1.5481720333800032e6,-310.7039009323444,7.470941376806211e-12,5.040588102008031e7,1.4830471671919975e9,-0.13214814316650256,127689.85120980271,-5.040588102008031e7,-5.263957877416182e-7,1.6920780764068274e10,-0.071684567815944,652.9976966198815,-1.5481720333800032e6,-1.4830471671919975e9,-1.6920780764068274e10,0.0,-0.014705166507841464,-0.24104472764029142,104.21589826095689,-52.686302862441856,599.0755128574203,-298307.15355193097,6.229265021304408e-15,115034.94201590108,-5.976734966749726e7,2.8456328640002114e8,52.686302862441856,-115034.94201590108,1.0764472234698307e-9,1.1229028131102667e10,-1.0454028974947682e11,0.24104472764029142,-599.0755128574203,5.976734966749726e7,-1.1229028131102667e10,3.3439190311644464e-5,-5.501078280708999e11,0.014705166507841464,-104.21589826095689,298307.15355193097,-2.8456328640002114e8,1.0454028974947682e11,5.501078280708999e11,0.0,-0.0009188684349969229,-0.02663560587663912,-2.1137234845264774,2.2656290105483268,-258.1630335634881,45809.87494607159,-148.3903634925114,-18490.746601896455,-41135.12509329464,-6.1397681887646705e7,148.3903634925114,6.489975090999338e-12,1.0238835984939542e7,-1.9169485068765614e10,2.081217928854029e10,-2.2656290105483268,18490.746601896455,-1.0238835984939542e7,-4.89052322468267e-7,1.8514159029793035e12,-2.5286833918262296e11,0.02663560587663912,258.1630335634881,41135.12509329464,1.9169485068765614e10,-1.8514159029793035e12,0.0017356711746107799,-2.305868021140475e13,0.0009188684349969229,2.1137234845264774,-45809.87494607159,6.1397681887646705e7,-2.081217928854029e10,2.5286833918262296e11,2.305868021140475e13,0.0
-9.823919620302894e-13,-1.0263915957424344e-10,-6.815709326171463e-9,-8.042923438224383e-13,-3.642118467688705e-11,-3.07175569363597e-9,2.0988576274382335e-11,-1.639739372896473e-8,2.660726178777195e-7,-1.3017909534975418e-12,1.018196468085853e-11,3.3344675200325863e-10,2.0154522372200026e-11,-1.5197431117843534e-8,-4.4095137742173734e-7,7.303010510892283e-12,1.2872674686079164e-9,-1.0010826873232994e-6,-9.305325229129279e-6,-1.466604690963258e-14,7.969495353072067e-13,2.0768597031672407e-10,7.569470122530614e-13,5.81363663252045e-9,1.5199988577928925e-7,-7.262002115084885e-12,1.4835825864721373e-8,-3.514904835379781e-6,-2.174883910416349e-5,7.893018960272006e-14,5.4137888052206175e-9,-7.86978249223862e-7,-1.716642679644362e-5,0.0003659618553457038,-2.3633992637626892e-14,1.4349875105207387e-12,1.1779119962800062e-11,2.1806842839737565e-12,6.096232182618282e-10,2.981106430596248e-7,1.692172262443947e-12,3.478650469197564e-9,1.68459185711934e-6,1.7864092054713072e-5,-2.5183198645850225e-13,-6.509779846595798e-9,5.3583711819934364e-6,-0.0006091045623481593,-0.00014869041423699287,4.897841602831825e-12,7.674321664860095e-10,1.2437333074515199e-6,-0.0001533556596388433,-0.00027762797924729926,-0.014705166507849554,-1.0974089711762612e-15,6.01272639085415e-14,-1.3539452999708858e-11,-3.2802033781573484e-13,1.6222469381042349e-9,9.24332817582269e-9,6.37967503983822e-13,1.319452361207787e-9,1.6546321797769307e-7,7.351148313260626e-5,2.5485688404445498e-12,-1.3032232661652575e-9,2.5902080503464627e-6,0.0003190968385046274,0.0003657660767134536,-7.978179007052569e-13,-1.7012960854062128e-9,-2.484278230869302e-6,0.0013178506907627994,-0.09135618880334778,0.00922151370304189,2.9527432925560762e-28,1.1000872803589794e-9,8.545077722116276e-8,7.192235884369785e-5,-0.010396723185367893,-0.04843555919963257,0.4016348454680052,-3.8304065067438293e-16,2.947053214671935e-14,4.515304043806054e-16,-1.8907632378290542e-13,4.479708361158048e-11,1.8384907289439092e-10,8.334732067057931e-14,-6.519608261504559e-10,7.538102108328187e-7,1.6886075192795578e-6,3.8097410702535777e-13,-7.130356768279051e-11,2.6444517775288025e-7,1.4212045429619265e-5,0.007161475057430918,-7.736184415105222e-13,5.089221188948981e-9,-2.3957220969727927e-6,0.0011108647966804122,0.044445317295530785,-0.0771946592651739,-2.7185609446882333e-12,-7.468245215900329e-10,-1.8958219060648907e-6,-0.000579063656830746,0.2512088594175586,-12.878272545048366,-0.7266621182671141,8.156477499954517e-13,-1.0363084166797415e-7,-6.629349346639978e-7,3.047627877962781e-5,-0.01623184895417906,-0.11917280612719568,-1.7018619198280993,4.447838768618775
-1.731262438753705e-9,5.357421048130295e-9,3.581002286965383e-8,7.811287250466833e-11,3.3940939197975174e-10,-1.601097271786818e-7,-2.843053847887036e-10,6.448835080066034e-7,1.527669258499183e-6,1.2647766255522975e-10,-2.450773270944215e-10,-2.4778208299732835e-9,8.751387986819894e-12,1.392650553987214e-7,7.920697921830595e-7,-1.4807035307597828e-9,5.8627135297583936e-8,2.0982109185240754e-5,-0.00014004338440333478,2.5502783828281108e-12,-6.984150579253686e-11,4.256325442229884e-8,2.5284421372374134e-11,-7.9334754136953e-8,-6.4525565661619096e-6,2.2666762759778907e-10,-1.765773634581389e-7,3.1008513915264604e-5,0.0005856796282955025,1.9405708565281435e-8,-3.5916281155797075e-7,6.175877532593418e-5,-0.0006144258075014607,0.006272169590492536,9.626086137000907e-13,-5.086759341878664e-11,4.951702152416699e-10,-1.327458897878714e-10,-5.8304646089225026e-8,-1.8761979259480553e-6,1.2661685898233228e-10,-4.449004267009624e-9,-1.6125995561787455e-6,-0.0011200923272711282,1.3767332529869484e-9,1.953005311966726e-7,-0.0001101798168226336,0.005443992878055627,0.001342643167650792,8.744781156464803e-11,1.4711950851808105e-5,-6.922254798760107e-5,0.006590868238088178,0.005371585035110874,-0.24104472764047996,6.01272639088652e-14,-4.160273476421738e-12,9.693151212638061e-10,1.5212980662174204e-11,-8.255869936845995e-8,-3.878391738509855e-7,-1.1969785802798913e-11,-1.1608537415904076e-7,-2.183952405703132e-5,-0.002802096128350978,-2.1853801637339514e-10,1.7077507509760048e-7,-7.836394707831775e-6,0.00583762517257852,-0.06458415576335083,1.1587595591702882e-26,3.6093912989051117e-7,3.905858261382895e-5,-0.037513453229934435,0.9378611519851959,-1.3493594204661032,7.978179007059055e-13,2.7252572635952554e-8,0.0007076189334318738,0.006689130640429763,0.4107907461294468,3.3249131906486706,11.332625476807316,1.5111508419626217e-14,-8.495430964611547e-13,2.2938870200842963e-11,-1.2228039882544879e-11,-4.396780434481208e-9,2.906505388109885e-7,3.715495536856251e-11,3.306054369643551e-8,-5.229281377814673e-5,-0.00016567991654638594,-7.590845111541624e-11,-8.344140470535883e-9,-5.7071345923318733e-5,-0.004920545775787853,-0.514966802215136,-6.337062622870388e-10,-2.345329014962615e-7,0.00012428838984535574,-0.002814138711665242,2.1940249100994245,1.3956370065710253,-6.034072601500247e-11,-1.0770640246102978e-5,0.0002890078112241852,0.004983348862728666,-8.917564163553058,170.81401844074594,-1.4329258487790473,5.053614469411234e-14,-3.0560615316768496e-10,5.285953410316886e-6,0.033400937342367924,3.460651320183125,-7.822905436808582,27.190988559897768,-745.7616194045829
3.7057624743637175e-7,-5.211986311823552e-7,-1.4642673367300599e-5,-6.846132230637619e-9,-6.681409998510102e-8,4.482332056353799e-5,7.0329376015863e-8,-4.443867127108602e-5,0.0002872367566437823,-2.2589406037383467e-8,8.586247943088008e-9,6.27646230334609e-6,-5.724924403767406e-8,-4.378561795301083e-5,0.0015687177428685298,8.295215801303171e-8,2.288338339940132e-5,0.0007537476290476142,0.014027109442227296,-9.114536866992644e-10,8.976570192752571e-9,-9.40226005309961e-6,-1.5380800963045627e-8,-8.628829458411943e-6,0.002267523051155639,-4.342827409252091e-8,-1.4366242306413301e-5,-0.013494901897116742,-0.029819595620606286,3.903956304171879e-8,3.507137205649343e-5,0.001298798852064573,0.19868754505091749,-1.6583516179459046,-6.491798165662985e-11,5.921568378096727e-9,-4.390277922987379e-7,1.2148111210321032e-8,6.514261359709794e-6,-0.0005476025212982605,-3.37255877878345e-8,-5.9561698970861435e-6,-0.007007713904456815,0.289997183504694,-2.452901054649119e-8,-3.989914961685056e-5,0.0019175357313309985,-2.8009829045645236,0.7684352566405347,1.7533697022289545e-6,-1.4218764226990276e-6,0.0016801052174089603,-0.22614943148250113,0.44785341634569803,104.21589826094397,-1.3539452999661236e-11,9.693151212638589e-10,-1.0292024259013704e-7,-6.614617404968597e-9,1.1261913089906517e-5,-2.2102264736090884e-5,2.833910175304885e-9,1.3972461926787005e-5,0.0018245690821644552,0.3379751933321815,-2.5170480429711017e-9,-3.1752946286974035e-5,0.0021795742556697697,-2.5960374405228124,14.46677025238837,-2.7252572635952656e-8,-5.0588557033642435e-5,-0.017163845114128884,2.1134519738363347,-455.17985267571345,236.97630724485293,-1.1000872803589519e-9,5.300359275244845e-22,-0.001960698266699998,-1.5613752920479278,-29.45616019576521,-398.7241945957232,-5496.522800849892,-1.7876078031960484e-12,2.0657391426489085e-11,6.836372304358194e-11,2.9420046992084405e-9,1.0746572140559485e-6,-4.25613484565759e-5,-6.587843558437703e-9,-9.386548862181297e-6,0.007918380357659629,0.023370505382758464,1.1179929768801378e-8,5.438188718063857e-6,0.009210537315655874,0.20645170191513856,81.73727470154748,-1.2984016445404516e-8,6.224357573383988e-6,-0.017072653700234898,2.794657506598014,-642.2680394325118,-201.40831764871768,-1.5483326351000236e-6,-8.727206834390045e-6,-0.0353706643110842,-4.6138365149326885,692.1189483209688,-63197.24437124021,2345.7366456169348,-3.573329533119379e-11,-6.148089051536791e-7,-0.10529596413525374,-0.19361416234663692,-338.0009015022406,-94.51311817779171,2821.125379320052,275408.08174456435
2.151048268371067e-8,-2.417195902405637e-7,-3.2547475465016974e-6,-2.798537602810002e-10,-2.6174189485998088e-8,2.9644116083966906e-6,-4.967298020369126e-6,-9.586983296176705e-6,0.00017655258473432884,-8.313567072816076e-10,-6.655962185416e-10,-2.7804155632092855e-7,1.5384416141735632e-8,-6.997874858423504e-6,0.0001546708344049706,-5.033242141083366e-9,-0.0010853503307272827,0.0005708489108931187,-0.011565924605113822,-4.638146287204542e-12,2.1834516667834873e-10,-4.521871282538125e-7,3.846010611658056e-9,-1.2212347700865555e-6,-3.643506066943666e-5,1.399352918746235e-6,4.144136629149974e-6,-0.000694986727401649,0.0017903367082295854,-1.3985169980208746e-10,-6.120596406532708e-7,-0.01909069361237724,-0.018312022645223563,0.8300500110299849,-4.059578846100887e-12,1.2975383810185617e-10,-1.1624862288274294e-9,6.841896579720347e-10,3.0196337861484264e-7,-6.361825466937549e-5,1.5975575037326313e-9,4.936968832796017e-6,-0.0006425000106342312,0.0007951776674833676,4.0464355243819296e-9,0.0008134835131437927,-0.0007470750108747565,0.01655369884883299,0.07470843042046321,-3.893984700514932e-12,-9.267026331825182e-8,0.0004324381806881407,-0.03958043687943058,1.1402300634224,-52.68630286244016,-3.2802033781421654e-13,1.521298066220408e-11,-6.614617404963397e-9,1.9745860909339926e-10,3.736257046677103e-7,1.4788972254442255e-6,-3.078668256614037e-10,8.260112611961768e-7,0.0001687506522308618,0.005915159000394083,1.5446182498449641e-24,-3.898547169322197e-6,0.002256687797988008,-0.2031680948129915,0.43735170096377773,2.1853801637338976e-10,2.3824120533256793e-6,0.19645154534797127,-0.009308537787012957,18.561807211227645,12.209359688082882,-2.5485688404447226e-12,2.5170480429695814e-9,-2.2967940506157813e-5,0.1225588692649736,229.8289186550995,-74.55302342030264,2915.0303801689283,-9.816931998321737e-14,2.738182777118412e-12,-4.97865657354585e-10,1.4668513424923894e-10,2.2465250073638017e-8,-2.7224056376574627e-6,-5.045960469179631e-10,1.8764577536625778e-7,0.00030256174814362655,0.000729675452448852,-3.618150737934137e-9,-8.549647489854744e-7,0.0005700263569724866,0.05382924623412417,2.7747394676923385,-2.550754751230967e-9,-0.00017885248928399208,-0.0001238001210612023,0.5819074421265453,-46.21101904758732,18.697131383234712,4.203225303175365e-12,1.1571424175381395e-7,0.0011300358765068057,38.12847261100987,15.200584538673047,3610.941783861961,262.25690958530254,-7.218148664533301e-14,-1.8408097177272473e-10,3.019055357894921e-6,-0.001662312485483082,18.08253449719333,-8409.453736141006,2720.426475660225,-143004.7072146529
-4.7939366577395e-5,5.958691672800181e-5,0.003003295499203799,2.3485905735958604e-6,2.0253316915423528e-5,-0.00758169245958537,-3.7244591229567146e-6,-0.0030799490539297598,-0.07451271896309579,2.1568514519513385e-6,6.30390515851997e-6,0.000189231463928468,2.9010988091016957e-5,0.008489800523250835,-0.44637623674301974,0.00026281068007284183,0.003976706867095619,-1.1398562520177304,1.4547304329472757,7.303197576992022e-8,-1.2715150255621842e-6,0.0011824624743332352,6.031344651886743e-7,0.005013542271891035,-0.104791712421756,4.279527975684504e-6,0.015308745728162132,1.9265436985146767,-7.037854986229485,3.827496639589135e-7,0.3078362540847065,1.2702933759882864,-65.75132957170439,-37.44966760447935,5.067774297345797e-9,-2.6162291551626576e-7,4.437270587837973e-5,-9.841943545313676e-7,-0.0011696323356492307,0.1762256805048419,7.992719891683523e-6,-0.0009623095757599377,1.9434792820387528,-23.747803849756906,0.00019578611810516452,0.0033604258032338755,4.083495264300327,315.9446846241277,-131.66049706673832,7.75340105296342e-8,4.4015999298756067e-5,49.22980846265968,163.68194975069227,-13.843744638871863,599.0755128574428,1.6222469381038358e-9,-8.25586993684549e-8,1.1261913089907179e-5,3.736257046677382e-7,-0.0008098055003781628,0.00576265591895956,-5.666186381768325e-7,-0.001765929411939702,-0.4778074224585733,-11.902478565796876,-2.3824120533256908e-6,0.005872996269162943,-1.0000523365437968,513.1393254858982,-1892.7766954954482,-3.609391298905094e-7,6.746585579792842e-20,1.0800193764181913,651.1590811608559,42671.00354457835,-25657.044703470558,1.7012960854063133e-9,5.0588557033643825e-5,-0.07573127609597964,2674.912713296822,4680.6153586078135,60416.45041085459,87672.0725801256,1.6648368099608509e-10,-3.973573446862584e-10,8.191522527442335e-7,-3.4868726190696963e-7,-0.00010189774345996799,0.005356485544480216,6.480258150508568e-7,0.0006979170131849107,-0.6847433706325983,-1.3431194856232387,-1.8921677517277367e-6,-0.0005105605403458198,-1.363466492016425,-120.48658111100106,-6768.378559358357,-0.00011720268227516858,-0.004232265147719473,2.060209642233952,-485.42415812221844,104442.3281804797,-31454.888437566293,-7.73911313646861e-8,-0.00035701551581154476,-35.43201718690799,30.7466497630169,62210.71414635858,5.070583823354116e6,-848825.4331100679,9.089250900776379e-10,-1.5920842815819947e-6,0.0067830782988332955,-22.914948867789047,-256226.17848204816,-602055.9321728683,-3.2040065690630795e6,-1.2190388302373903e7
-0.0004135243194383357,-0.0007392503156482963,0.0202902509815752,1.3115011281882454e-5,9.938265660861117e-5,-0.08902080724974067,0.00010066703711108102,-0.19044319311473634,-0.127410321093246,9.616530115629915e-6,0.00013035177987260913,0.003931762405309571,0.00037895011517363535,0.06101564056587846,-7.479728567248665,-9.474269170771802e-5,-0.003465156476871099,-17.456305627835782,-56.134166352834775,7.001990237881058e-7,-4.890016028525271e-6,0.012401616940682847,2.0891749608441665e-5,0.08815052669922814,0.207419197952872,-9.832085270385943e-6,0.242380619178453,17.415242963946067,-252.18017017249338,0.0013727793795022388,0.04708237931918759,-6.308183554151995,-599.9547203800813,5056.645140275922,-1.6773185371290796e-7,8.907818034797191e-6,0.0005883805507534628,1.3515140554297717e-5,-0.005240210969954393,3.9953612740892144,6.7163789603823e-5,0.007222412028163026,30.09139864249408,-71.95650808715634,7.335047046289532e-5,-0.013064949582270585,78.48651856046561,3199.3465950344503,-2738.5566555575806,3.345044220300163e-6,0.549731184289964,27.8091913532932,-949.3021443384665,-3335.5352644721847,-298307.1535519289,9.243328175826169e-9,-3.87839173851101e-7,-2.2102264736095418e-5,1.4788972254438835e-6,0.0057626559189600905,0.14390228714825704,-4.281655549491075e-6,-0.000344401218739811,-2.6473814835432155,486.35116647451963,2.2967940506157484e-5,0.02306904435694016,-4.0340515244793025,7010.969057327375,-13676.935005840614,-0.000707618933431883,0.0757312760959791,-4.620798161884773,17184.52380087673,413560.89772391936,-136145.07462418347,-8.545077722117483e-8,0.0019606982666999996,1.3990159502007717e-16,5682.146203580426,-77195.11263325646,-151276.68889531758,1.4289215768288298e7,-1.7552267890465237e-9,2.520888048202242e-7,7.228093535884494e-6,-4.5320919133020545e-6,-0.000708953066388212,0.04411648084340031,7.499857352287156e-6,0.001819541991796895,-0.04729133799289733,1.4365440145941932,-4.8753418559295065e-6,-0.008992492399213497,-7.6925741944282775,-839.6280786686888,-2996.5139383162978,2.98525112098229e-5,0.030955483771844365,-11.188582950418748,-4418.886047743603,1.2695101769926804e6,-873570.5286118656,-3.1328300314404157e-6,-0.6956367057472809,35.0326515265117,-1094.049392925797,2.9026572312982227e6,3.407946591478367e7,-1.2325603963220937e7,9.43631953589975e-9,-0.00012306187180500665,0.014537963689543697,-8422.205810414525,388415.05110465706,-2.717536651678858e6,-3.282702804738305e7,-5.983491259467633e8
-8.756110491002914e-8,8.756110491002914e-8,-2.2729752295750212e-21,1.1354140711940619e-8,-2.0207055115689097e-23,-8.270141946145592e-6,-1.1354140711940619e-8,8.270141946145592e-6,2.3253502086605124e-20,7.677579646300395e-10,1.0468011141189536e-8,2.284736457672971e-6,-1.0468011141189536e-8,-3.106828676181219e-21,0.00034058267701901076,-7.677579646300395e-10,-2.284736457672971e-6,-0.00034058267701901076,1.2100786781663448e-18,-3.221212562576503e-11,-4.2127350258238576e-9,2.9161198974012407e-7,2.4094084262873762e-24,1.3968191549415628e-6,1.8588213608555566e-5,4.2127350258238576e-9,-1.3968191549415628e-6,-4.821495725157936e-19,0.0028619846846815516,3.221212562576503e-11,-2.9161198974012407e-7,-1.8588213608555566e-5,-0.0028619846846815516,-1.0703049741207082e-16,5.283250458122269e-12,-4.867845715372576e-10,-1.91874163649411e-8,-4.645225067443729e-9,-4.143653715390258e-6,1.5019512457947418e-5,4.645225067443729e-9,1.077645364773205e-21,-0.0007289939215424606,-0.038324203881682374,4.867845715372576e-10,4.143653715390258e-6,0.0007289939215424606,-7.54082068887955e-17,-0.11787612264621812,-5.283250458122269e-12,1.91874163649411e-8,-1.5019512457947418e-5,0.038324203881682374,0.11787612264621812,6.229265021304427e-15,6.379675039829073e-13,-1.1969785802761057e-11,2.8339101753048e-9,-3.0786682566132936e-10,-5.666186381768588e-7,-4.2816555494913575e-6,-1.1635277591951552e-24,-2.344955414452572e-6,-0.0018470275529836148,-0.00909605507907651,3.0786682566132936e-10,2.344955414452572e-6,5.0033952789197e-19,0.07298590477953343,-3.5247271835916716,1.1969785802761057e-11,5.666186381768588e-7,0.0018470275529836148,-0.07298590477953343,-9.420290632005242e-15,-20.451294368592524,-6.379675039829073e-13,-2.8339101753048e-9,4.2816555494913575e-6,0.00909605507907651,3.5247271835916716,20.451294368592524,-3.297720360241377e-13,3.3225902776960106e-14,-6.419452069179971e-12,9.127988939657993e-10,7.42702449441072e-11,-7.484661196286464e-9,7.016703711989518e-8,2.373037978752838e-9,1.5788273382573655e-6,-0.0003077529782676827,-4.472574690813661e-5,-2.373037978752838e-9,-3.9283442006704686e-22,0.0008129340581273169,-0.5210476349747348,-1.9731138084489372,-7.42702449441072e-11,-1.5788273382573655e-6,-0.0008129340581273169,1.4912045901590343e-16,33.46555525606463,-74.09217257101784,6.419452069179971e-12,7.484661196286464e-9,0.0003077529782676827,0.5210476349747348,-33.46555525606463,-9.396772182711051e-13,-1981.0233160032767,-3.3225902776960106e-14,-9.127988939657993e-10,-7.016703711989518e-8,4.472574690813661e-5,1.9731138084489372,74.09217257101784,1981.0233160032767,1.680034538485075e-11
-0.0001461482381695761,0.0001228407233798959,-0.012470310927099283,1.45794000526491e-6,-6.928448686015401e-5,-0.01776678997021767,1.1458532629737556e-5,-2.7008192819131813,0.2827873479220646,3.980698029106155e-6,1.9817658352835704e-5,-0.0007507458350926866,0.0018541978423554544,-0.020090530245410552,-0.768853675756206,1.0786295779550591e-5,-0.003865106751827062,-17.732625756907474,17.462551426812393,1.1839582184515123e-7,-1.673526202338622e-6,0.00193104849049176,1.0387594830337671e-5,0.016010807571005564,-0.3272445884100819,-1.7692224903150007e-5,1.3316129460925468,-4.700032702498401,1.070513800450743,1.779851353654759e-7,0.004645243717481821,-0.7106592951713797,-2355.020416399667,-2078.6195813145937,8.399271368531697e-9,-8.299863196999797e-7,5.211962985818171e-5,-3.965064571403301e-6,-0.0012898701814564298,0.22159337579068314,0.0005200591847037962,0.004430611576610789,6.2223105130968355,-47.437584577027536,-3.189124032169978e-6,-0.0057658420031505295,285.3625548550169,-641.2508972877876,-684.0145037421388,2.7425249980305977e-8,3.978515933138286e-5,0.32491408913562336,-106.05284237236651,208222.93492565717,115034.94201590374,1.319452361208562e-9,-1.1608537415904584e-7,1.3972461926787354e-5,8.260112611961112e-7,-0.0017659294119397432,-0.00034440121873983195,-2.3449554144524645e-6,-0.007341659437130955,-0.4339871128060798,-37.15034924969108,3.898547169322339e-6,1.0366018713804218e-19,4.055963720124695,1632.7617660466008,-2916.9751842184733,-1.7077507509760533e-7,-0.0058729962691629126,-2.0509689155543898,47083.89267555461,-74013.29959536476,-54627.51344450842,1.3032232661657224e-9,3.175294628697363e-5,-0.023069044356940398,-148.1471328046055,-6602.504584998361,-1.5258628696281081e7,-4.637357779060285e6,2.073658039950655e-10,-1.8957732643035833e-9,-4.668143468144533e-8,-5.746007502181949e-7,-0.00013615675955355605,0.005851465703753406,1.4358538081634533e-6,0.001211365222865273,-1.3269258100330414,-4.048427749811956,-0.00027901577200230163,0.0008677118930732752,-5.887491588397301,-82.75131273580706,-12882.623051479348,-1.3351570322795682e-6,0.001794517537609532,-81.87332783244662,1572.5190491273909,331020.2632954169,-8616.547813989906,-1.92240371126955e-8,-0.0002019908448965447,-4.018849670426327,-428.0273618918296,6.107333312962407e6,-6.5900943880290575e6,-2.731855047730897e6,3.9561487935186435e-10,-5.799987550207241e-7,0.010576376895246932,-11.586102299221654,-38283.80309911544,92923.2300324984,6.663353319591756e8,1.9332227899071637e8
0.003436466502651707,0.09462270263500577,16.766477432445473,0.0007808691722884276,0.07847564145607518,1.8992416553479499,-0.6559844511874336,19.23546011876832,-486.93704286412276,0.00024289051317077424,-0.004834077230108851,0.13332835639318233,-0.03492442699672685,39.92302836323277,233.05849523840178,0.003299430954031783,264.2707158964788,1450.9332369029394,-1300.72422248139,1.0916574894885012e-5,-0.0006941906355007776,-0.17554448274497594,0.005086410260651277,-2.6570014969509845,-10.577966045121547,0.3442110989285105,-23.2335253211128,10633.606670479761,10592.878870974735,-9.616256696787653e-5,3.562269753399684,39125.46875990722,36615.22166951711,888060.9775300168,6.5268851178324295e-6,-0.0004703027938930602,-0.0012316154811572032,-0.0007822003158785664,-0.4885135412126643,-116.15025276159065,-0.0023256194567653626,-2.9310512918388585,-741.7969556398102,-2789.3582810324424,-0.0003564391030846367,70.01747007669256,-7833.946913270626,1.997145250102841e6,80605.05379834745,1.6596034997810227e-5,-0.01854609513702396,1012.1236099624359,2.6020412549638534e6,-219282.90689776884,-5.976734966749852e7,1.6546321797800515e-7,-2.183952405702614e-5,0.0018245690821648258,0.0001687506522308796,-0.4778074224585532,-2.647381483543498,-0.0018470275529836211,-0.43398711280608754,-154.57927086135012,-23608.256097405923,-0.1964515453479741,2.05096891555439,-5042.713990775513,-134650.62316977265,-3411.522495216637,-3.905858261382652e-5,-1.0800193764182082,7.085130353851195e-14,-1.8257256186244192e6,3.0158024799340534e8,-3.413802579731171e6,2.484278230869166e-6,0.01716384511412845,4.620798161883593,105899.54267251532,6.304931342511294e6,4.480407023158069e7,3.110036398764429e9,7.247615978806589e-8,-8.780061579478843e-6,-0.0002490629060921946,0.0001001041660714651,-0.01474446415788694,-1.0448500134809413,-4.785033121263562e-5,0.3209986688025232,-191.3986283868569,-595.5738775986418,-4.083402115622856e-5,-1.9616241716761746,-87.67710890202568,-28047.504654053602,-1.8022091753014673e6,-3.073504181380906e-5,-171.75352514229675,3172.310184239316,-2.973369372577782e6,-1.746766207438348e7,2.7040735500096392e7,-1.8855665337097474e-5,-0.07525466063693288,-1118.315811551143,-3.421299986286301e6,-3.325662808775077e8,3.945959863149026e10,4.128126300289405e8,1.0770597557732237e-7,0.004396304579396631,5.64965608879935,2380.8043774153725,-2.344827858627919e6,-2.5588710430593243e9,3.1083403335361066e9,-1.53374562411666e11
-2.0678094857812526,-1.5958608839643753,23.911630610522323,0.12379127892771787,0.37284256810638194,-390.4448789433265,0.7244171503840586,-789.4399605602798,-333.40487711239336,0.0806734520921441,0.4002538039933198,26.027346338498152,2.248136462966851,93.73106582633729,-28414.585477235567,14.52558327010042,386.167177767305,-88013.60928789053,59628.09937769421,0.0027979036533044574,-0.04869861720182674,59.60252304584638,-0.03534874944679061,291.9270576223243,-909.6778423159022,-0.07423420753872442,1364.2932293555332,5464.656495245825,-775040.9740436588,0.0010880975629411198,7621.791165180082,68640.0883556102,-3.4649024085937045e6,-5.298645755177145e6,-0.0001213980172354948,0.010152395671441656,2.2520425951690455,0.0032769998276692704,-51.15455689711776,13458.499186688461,0.38738976604204733,-49.247264660049716,106701.89333212968,-769630.3834755402,-0.06993543046721769,-130.08861000253094,420651.77033102355,-2.2288881320321723e6,-9.242067667675488e6,0.0029706593099005788,-10.335182640737386,1.049313853802353e6,3.751816517614833e6,-4.709000821362746e6,2.845632864000112e8,7.351148313259793e-5,-0.0028020961283509636,0.3379751933321738,0.005915159000394146,-11.902478565798376,486.35116647452725,-0.009096055079076447,-37.150349249687984,-23608.256097407197,703020.9017456823,-0.12255886926497342,148.1471328046004,-22855.48520054907,2.6661872003953617e7,-8.798306975401382e7,-0.0066891306404300195,-2674.912713296844,-105899.54267251544,8.699129493023996e7,-8.406792814760265e8,-9.735709059587095e8,-7.192235884369482e-5,1.5613752920479893,-5682.146203580515,-7.859413753595568e-11,-2.7283081917204624e8,3.7693354014596814e8,-1.1684097281967077e10,2.7920688468997347e-6,0.00038436095921557604,0.05742031072412262,-0.01829295313857819,-4.072061329317454,255.46905475838335,0.03535272452493346,17.372206122319366,-19894.02933003556,-11339.971576969841,-0.061619744894813484,-2.5488690394437965,-42352.25832630591,-6.743745557272283e6,-1.9512991907981017e8,-1.9988549610585167,-146.06638994493048,-44838.82163090227,-5.354466799172135e6,5.164799986700513e9,-3.1849461796993885e9,-0.0033663094324546806,-1.8506089964758397,-2.0915296880980886e6,-4.332966352694322e7,1.378691636486592e10,-1.9097006468025266e11,-4.995822741448212e10,3.734164882863784e-5,-0.2164758002043064,-85.35580443577844,-1.1352442082286365e6,-1.5316453718968416e10,-4.13980849938754e10,-1.755404959457814e11,4.051405774510293e11
2.417195902405637e-7,-2.151048268371067e-8,3.2547475465016974e-6,4.967298020369126e-6,2.6174189485998088e-8,9.586983296176705e-6,2.798537602810002e-10,-2.9644116083966906e-6,-0.00017655258473432884,5.033242141083366e-9,-1.5384416141735632e-8,0.0010853503307272827,6.655962185416e-10,6.997874858423504e-6,-0.0005708489108931187,8.313567072816076e-10,2.7804155632092855e-7,-0.0001546708344049706,0.011565924605113822,1.3985169980208746e-10,-1.399352918746235e-6,6.120596406532708e-7,-3.846010611658056e-9,-4.144136629149974e-6,0.01909069361237724,-2.1834516667834873e-10,1.2212347700865555e-6,0.000694986727401649,0.018312022645223563,4.638146287204542e-12,4.521871282538125e-7,3.643506066943666e-5,-0.0017903367082295854,-0.8300500110299849,3.893984700514932e-12,-4.0464355243819296e-9,9.267026331825182e-8,-1.5975575037326313e-9,-0.0008134835131437927,-0.0004324381806881407,-6.841896579720347e-10,-4.936968832796017e-6,0.0007470750108747565,0.03958043687943058,-1.2975383810185617e-10,-3.0196337861484264e-7,0.0006425000106342312,-0.01655369884883299,-1.1402300634224,4.059578846100887e-12,1.1624862288274294e-9,6.361825466937549e-5,-0.0007951776674833676,-0.07470843042046321,52.68630286244016,2.5485688404447226e-12,-2.1853801637338976e-10,-2.5170480429695814e-9,-1.5446182498449641e-24,-2.3824120533256793e-6,2.2967940506157813e-5,3.078668256614037e-10,3.898547169322197e-6,-0.19645154534797127,-0.1225588692649736,-1.9745860909339926e-10,-8.260112611961768e-7,-0.002256687797988008,0.009308537787012957,-229.8289186550995,-1.521298066220408e-11,-3.736257046677103e-7,-0.0001687506522308618,0.2031680948129915,-18.561807211227645,74.55302342030264,3.2802033781421654e-13,6.614617404963397e-9,-1.4788972254442255e-6,-0.005915159000394083,-0.43735170096377773,-12.209359688082882,-2915.0303801689283,7.218148664533301e-14,-4.203225303175365e-12,1.8408097177272473e-10,2.550754751230967e-9,-1.1571424175381395e-7,-3.019055357894921e-6,3.618150737934137e-9,0.00017885248928399208,-0.0011300358765068057,0.001662312485483082,5.045960469179631e-10,8.549647489854744e-7,0.0001238001210612023,-38.12847261100987,-18.08253449719333,-1.4668513424923894e-10,-1.8764577536625778e-7,-0.0005700263569724866,-0.5819074421265453,-15.200584538673047,8409.453736141006,-2.738182777118412e-12,-2.2465250073638017e-8,-0.00030256174814362655,-0.05382924623412417,46.21101904758732,-3610.941783861961,-2720.426475660225,9.816931998321737e-14,4.97865657354585e-10,2.7224056376574627e-6,-0.000729675452448852,-2.7747394676923385,-18.697131383234712,-262.25690958530254,143004.7072146529
-0.0001228407233798959,0.0001461482381695761,0.012470310927099283,-1.1458532629737556e-5,6.928448686015401e-5,2.7008192819131813,-1.45794000526491e-6,0.01776678997021767,-0.2827873479220646,-1.0786295779550591e-5,-0.0018541978423554544,0.003865106751827062,-1.9817658352835704e-5,0.020090530245410552,17.732625756907474,-3.980698029106155e-6,0.0007507458350926866,0.768853675756206,-17.462551426812393,-1.779851353654759e-7,1.7692224903150007e-5,-0.004645243717481821,-1.0387594830337671e-5,-1.3316129460925468,0.7106592951713797,1.673526202338622e-6,-0.016010807571005564,4.700032702498401,2355.020416399667,-1.1839582184515123e-7,-0.00193104849049176,0.3272445884100819,-1.070513800450743,2078.6195813145937,-2.7425249980305977e-8,3.189124032169978e-6,-3.978515933138286e-5,-0.0005200591847037962,0.0057658420031505295,-0.32491408913562336,3.965064571403301e-6,-0.004430611576610789,-285.3625548550169,106.05284237236651,8.299863196999797e-7,0.0012898701814564298,-6.2223105130968355,641.2508972877876,-208222.93492565717,-8.399271368531697e-9,-5.211962985818171e-5,-0.22159337579068314,47.437584577027536,684.0145037421388,-115034.94201590374,-1.3032232661657224e-9,1.7077507509760533e-7,-3.175294628697363e-5,-3.898547169322339e-6,0.0058729962691629126,0.023069044356940398,2.3449554144524645e-6,-1.0366018713804218e-19,2.0509689155543898,148.1471328046055,-8.260112611961112e-7,0.007341659437130955,-4.055963720124695,-47083.89267555461,6602.504584998361,1.1608537415904584e-7,0.0017659294119397432,0.4339871128060798,-1632.7617660466008,74013.29959536476,1.5258628696281081e7,-1.319452361208562e-9,-1.3972461926787354e-5,0.00034440121873983195,37.15034924969108,2916.9751842184733,54627.51344450842,4.637357779060285e6,-3.9561487935186435e-10,1.92240371126955e-8,5.799987550207241e-7,1.3351570322795682e-6,0.0002019908448965447,-0.010576376895246932,0.00027901577200230163,-0.001794517537609532,4.018849670426327,11.586102299221654,-1.4358538081634533e-6,-0.0008677118930732752,81.87332783244662,428.0273618918296,38283.80309911544,5.746007502181949e-7,-0.001211365222865273,5.887491588397301,-1572.5190491273909,-6.107333312962407e6,-92923.2300324984,1.8957732643035833e-9,0.00013615675955355605,1.3269258100330414,82.75131273580706,-331020.2632954169,6.5900943880290575e6,-6.663353319591756e8,-2.073658039950655e-10,4.668143468144533e-8,-0.005851465703753406,4.048427749811956,12882.623051479348,8616.547813989906,2.731855047730897e6,-1.9332227899071637e8
0.021309593115057326,-0.021309593115057326,1.4126102631650377e-17,0.037385557382199966,3.0376309693798696e-19,4.019494871999716,-0.037385557382199966,-4.019494871999716,-2.190137480195454e-15,0.0005040343919486471,-0.00135186813814742,5.53355956331223,0.00135186813814742,7.434453484948559e-17,371.0978236795963,-0.0005040343919486471,-5.53355956331223,-371.0978236795963,3.237078543612167e-13,-0.0001221289656048397,-0.012798212664884883,-0.13413504860909614,1.0729223356769823e-19,-3.4861657216259934,-337.0447858843081,0.012798212664884883,3.4861657216259934,-1.4557793729848402e-13,11843.18678415489,0.0001221289656048397,0.13413504860909614,337.0447858843081,-11843.18678415489,-2.1857346039600767e-11,1.6149471904402376e-5,-0.0012271512976999627,-0.056426020736134064,0.0050484398901802854,-11.98807932839697,-121.70302124606656,-0.0050484398901802854,2.725281452311155e-16,-1477.9816052861515,-133235.26931045274,0.0012271512976999627,11.98807932839697,1477.9816052861515,-3.4067988389647686e-11,595104.6680250148,-1.6149471904402376e-5,0.056426020736134064,121.70302124606656,133235.26931045274,-595104.6680250148,1.0764472234698359e-9,2.590208050346258e-6,-7.836394707816804e-6,0.002179574255669727,0.00225668779798797,-1.0000523365438112,-4.034051524479617,5.003395278919822e-19,4.0559637201246055,-5042.713990775509,-22855.48520054853,-0.00225668779798797,-4.0559637201246055,3.3196919323775765e-14,-406506.38064027554,-1.0181211572476892e7,7.836394707816804e-6,1.0000523365438112,5042.713990775509,406506.38064027554,-1.0327088785771052e-10,-1.4586076307975896e7,-2.590208050346258e-6,-0.002179574255669727,4.034051524479617,22855.48520054853,1.0181211572476892e7,1.4586076307975896e7,-4.519777193126104e-8,9.921798922453766e-8,-2.4035999833464122e-5,0.0030251902000355277,0.000591980926049208,0.025661258523928497,-3.926299135147086,-0.005062261325940378,6.408536131890672,-330.1216752712544,3309.864973752111,0.005062261325940378,3.738519755822358e-16,1784.5379730727689,-1.3689120838596488e6,-970187.1082698684,-0.000591980926049208,-6.408536131890672,-1784.5379730727689,-1.7355203928281172e-11,-8.31216987018564e7,-1.3199308337353306e8,2.4035999833464122e-5,-0.025661258523928497,330.1216752712544,1.3689120838596488e6,8.31216987018564e7,2.5650505406624117e-7,1.5688730607198308e9,-9.921798922453766e-8,-0.0030251902000355277,3.926299135147086,-3309.864973752111,970187.1082698684,1.3199308337353306e8,-1.5688730607198308e9,1.7428847629718308e-6
11.768363867925249,-1046.0474917303238,-1105.3731082580643,1.0063765299407317,-4.243978046923824,-885.0562791947942,-10.833899068788456,102917.38853456224,-19312.425832393652,-0.24470106152317536,-0.18433929940533866,544.0361678861724,-125.60895662337016,-5268.569071074041,-261555.4607350487,-1.832663066026317,-3057.2342020797746,6.650700730216272e6,4.393206087501122e6,-0.0010532595555025955,0.0346109809435781,202.1084999307076,-2.8840828105802143,-635.4266773284708,91093.14917222784,3.7227958508222954,-60089.28158481537,-2.097710356893702e6,-1.7125828590253163e7,-0.04981241071821734,-2204.8200982989583,-213616.31514347956,2.9135113067579913e8,-2.55506518663927e8,-0.0067558323451153675,0.4847166406321262,13.589249005483202,1.013592393972832,-152.62305203743932,130769.10220399009,-73.91451738692028,-1962.0487444528553,-304309.3194581875,4.994335043236618e6,-1.1184094747348772,3831.9651791847746,-8.99057304807747e6,-5.376694176205485e8,-1.5130077379744306e8,0.007157765519254476,-56.06839759144696,-698746.9537133703,2.4831178646257542e7,-1.49105797863706e10,1.1229028131102425e10,0.0003190968385047036,0.0058376251725782285,-2.5960374405225677,-0.20316809481299605,513.1393254858963,7010.969057327292,0.07298590477954754,1632.7617660466074,-134650.6231697703,2.666187200395376e7,0.009308537786999116,-47083.89267555382,-406506.3806402675,-9.116745407317178e7,-2.9062239302221495e8,0.037513453229935156,-651.1590811608451,1.8257256186244397e6,2.607087611999445e-8,-1.0974685856852762e11,7.313287486539926e9,-0.001317850690762929,-2.113451973835952,-17184.523800876705,-8.699129493024033e7,5.32826427714037e9,3.549276678160099e11,-4.962429825537601e11,-7.098471965715656e-5,0.007872419978761364,0.5791004812363678,-0.07066264863584173,-4.611148410256966,705.9237874431813,0.5083234899154474,-219.4930642281814,212434.86912360782,1.2442085063318466e6,26.116292638930396,412.6446467846256,1.1835446871915536e6,-5.467944795259554e7,2.0576619161036422e9,0.5627625754589785,-663.4615037503029,-1.9407306943093617e7,1.1288969591631088e8,-2.0310777017078583e10,-4.8716761765125145e10,-0.012330512672324032,70.76421130584085,113322.28119960068,5.537042667141956e8,2.8265042160505927e11,-1.9912807792545008e13,-3.475816452711051e11,8.593106185000754e-5,-1.445671312217785,-3912.6307705192485,-1.2978037378010075e6,-4.1483504060150874e8,3.200088044045607e11,-6.892677680171403e12,2.339412946279099e13
-9.807340867052078,403.6393732499746,34795.84769205453,-1.067192806718075,151.21974022012125,3348.799216934031,-1664.7003894209543,69543.11673528331,-942595.9804626643,1.46588147588607,-12.76539083220198,-728.7459031947426,-83.14141534517597,71838.70305486608,623298.8453525406,22.025448456266147,161177.36213585548,4.066875187752979e6,1.1315521232046227e6,0.025562629251215413,-0.7455897776449929,-253.55130689038882,4.761117798299244,-6768.868234869882,-170916.8669125786,634.075994141884,-62948.89793333763,1.756372689870973e7,3.494057876133397e7,-0.020056306372175897,14952.62642231703,4.0131667949026324e7,4.442718687819255e7,1.3647590314804823e9,0.02613502986254247,-1.6169858873428749,-15.868884947473008,-3.7577831265197603,-345.1805244933117,-354666.65756897005,-8.139555955758494,-9600.384728672405,-1.7908558585606944e6,-1.5048363517189827e7,-1.332684580685053,107231.6392186859,-2.2099492755038943e7,3.1424003484200583e9,2.559336737034268e8,0.021896353915635196,195.0772264398302,3.444813481394726e6,2.7035129127360587e9,1.6795912567983627e8,-1.04540289749479e11,0.0003657660767134479,-0.06458415576335028,14.466770252388038,0.4373517009638298,-1892.7766954954493,-13676.935005840523,-3.5247271835915988,-2916.975184218424,-3411.5224952196254,-8.798306975401564e7,-229.8289186551007,6602.5045849982735,-1.018121157247684e7,-2.906223930222107e8,1.2418895295689403e8,-0.41079074612943,-4680.6153586078235,-6.304931342511203e6,-5.328264277140245e9,4.646569321940683e11,-2.0106955238207054e10,0.010396723185367784,29.456160195765772,77195.11263325719,2.728308191720495e8,1.8382338765322855e-7,2.2094838462039883e11,6.45343708919081e12,0.0003602303825148164,-0.030788983466964043,-0.6959952453082259,0.1547299227649364,-44.220535078835105,148.8478753251613,-0.07852864056895677,637.31938534793,-897855.3521135778,-2.937445958781361e6,-0.2741367779124508,-2393.2026172201845,-1.156848259917095e6,4.170727546357289e7,-8.743918545769335e9,-1.8680498732009831,-172227.48659077156,1.0615830341120722e7,-5.096936226306866e9,-2.923143347151593e10,1.0770017192385182e11,-0.018669952142305154,-450.2093638768858,-4.634821545656904e6,-8.076437051766519e9,-1.010103769231994e12,6.192306645342428e13,9.238914927393833e11,0.0002521995161578783,10.550088278028236,11886.077675734618,1.022482537395019e7,-2.5852720995715424e10,-6.33239530150024e12,6.745152594130752e12,-3.7346882644602244e14
-5.357421048130295e-9,1.731262438753705e-9,-3.581002286965383e-8,2.843053847887036e-10,-3.3940939197975174e-10,-6.448835080066034e-7,-7.811287250466833e-11,1.601097271786818e-7,-1.527669258499183e-6,1.4807035307597828e-9,-8.751387986819894e-12,-5.8627135297583936e-8,2.450773270944215e-10,-1.392650553987214e-7,-2.0982109185240754e-5,-1.2647766255522975e-10,2.4778208299732835e-9,-7.920697921830595e-7,0.00014004338440333478,-1.9405708565281435e-8,-2.2666762759778907e-10,3.5916281155797075e-7,-2.5284421372374134e-11,1.765773634581389e-7,-6.175877532593418e-5,6.984150579253686e-11,7.9334754136953e-8,-3.1008513915264604e-5,0.0006144258075014607,-2.5502783828281108e-12,-4.256325442229884e-8,6.4525565661619096e-6,-0.0005856796282955025,-0.006272169590492536,-8.744781156464803e-11,-1.3767332529869484e-9,-1.4711950851808105e-5,-1.2661685898233228e-10,-1.953005311966726e-7,6.922254798760107e-5,1.327458897878714e-10,4.449004267009624e-9,0.0001101798168226336,-0.006590868238088178,5.086759341878664e-11,5.8304646089225026e-8,1.6125995561787455e-6,-0.005443992878055627,-0.005371585035110874,-9.626086137000907e-13,-4.951702152416699e-10,1.8761979259480553e-6,0.0011200923272711282,-0.001342643167650792,0.24104472764047996,-7.978179007059055e-13,-1.1587595591702882e-26,-2.7252572635952554e-8,2.1853801637339514e-10,-3.6093912989051117e-7,-0.0007076189334318738,1.1969785802798913e-11,-1.7077507509760048e-7,-3.905858261382895e-5,-0.006689130640429763,-1.5212980662174204e-11,1.1608537415904076e-7,7.836394707831775e-6,0.037513453229934435,-0.4107907461294468,4.160273476421738e-12,8.255869936845995e-8,2.183952405703132e-5,-0.00583762517257852,-0.9378611519851959,-3.3249131906486706,-6.01272639088652e-14,-9.693151212638061e-10,3.878391738509855e-7,0.002802096128350978,0.06458415576335083,1.3493594204661032,-11.332625476807316,-5.053614469411234e-14,6.034072601500247e-11,3.0560615316768496e-10,6.337062622870388e-10,1.0770640246102978e-5,-5.285953410316886e-6,7.590845111541624e-11,2.345329014962615e-7,-0.0002890078112241852,-0.033400937342367924,-3.715495536856251e-11,8.344140470535883e-9,-0.00012428838984535574,-0.004983348862728666,-3.460651320183125,1.2228039882544879e-11,-3.306054369643551e-8,5.7071345923318733e-5,0.002814138711665242,8.917564163553058,7.822905436808582,8.495430964611547e-13,4.396780434481208e-9,5.229281377814673e-5,0.004920545775787853,-2.1940249100994245,-170.81401844074594,-27.190988559897768,-1.5111508419626217e-14,-2.2938870200842963e-11,-2.906505388109885e-7,0.00016567991654638594,0.514966802215136,-1.3956370065710253,1.4329258487790473,745.7616194045829
-5.958691672800181e-5,4.7939366577395e-5,-0.003003295499203799,3.7244591229567146e-6,-2.0253316915423528e-5,0.0030799490539297598,-2.3485905735958604e-6,0.00758169245958537,0.07451271896309579,-0.00026281068007284183,-2.9010988091016957e-5,-0.003976706867095619,-6.30390515851997e-6,-0.008489800523250835,1.1398562520177304,-2.1568514519513385e-6,-0.000189231463928468,0.44637623674301974,-1.4547304329472757,-3.827496639589135e-7,-4.279527975684504e-6,-0.3078362540847065,-6.031344651886743e-7,-0.015308745728162132,-1.2702933759882864,1.2715150255621842e-6,-0.005013542271891035,-1.9265436985146767,65.75132957170439,-7.303197576992022e-8,-0.0011824624743332352,0.104791712421756,7.037854986229485,37.44966760447935,-7.75340105296342e-8,-0.00019578611810516452,-4.4015999298756067e-5,-7.992719891683523e-6,-0.0033604258032338755,-49.22980846265968,9.841943545313676e-7,0.0009623095757599377,-4.083495264300327,-163.68194975069227,2.6162291551626576e-7,0.0011696323356492307,-1.9434792820387528,-315.9446846241277,13.843744638871863,-5.067774297345797e-9,-4.437270587837973e-5,-0.1762256805048419,23.747803849756906,131.66049706673832,-599.0755128574428,-1.7012960854063133e-9,3.609391298905094e-7,-5.0588557033643825e-5,2.3824120533256908e-6,-6.746585579792842e-20,0.07573127609597964,5.666186381768325e-7,-0.005872996269162943,-1.0800193764181913,-2674.912713296822,-3.736257046677382e-7,0.001765929411939702,1.0000523365437968,-651.1590811608559,-4680.6153586078135,8.25586993684549e-8,0.0008098055003781628,0.4778074224585733,-513.1393254858982,-42671.00354457835,-60416.45041085459,-1.6222469381038358e-9,-1.1261913089907179e-5,-0.00576265591895956,11.902478565796876,1892.7766954954482,25657.044703470558,-87672.0725801256,-9.089250900776379e-10,7.73911313646861e-8,1.5920842815819947e-6,0.00011720268227516858,0.00035701551581154476,-0.0067830782988332955,1.8921677517277367e-6,0.004232265147719473,35.43201718690799,22.914948867789047,-6.480258150508568e-7,0.0005105605403458198,-2.060209642233952,-30.7466497630169,256226.17848204816,3.4868726190696963e-7,-0.0006979170131849107,1.363466492016425,485.42415812221844,-62210.71414635858,602055.9321728683,3.973573446862584e-10,0.00010189774345996799,0.6847433706325983,120.48658111100106,-104442.3281804797,-5.070583823354116e6,3.2040065690630795e6,-1.6648368099608509e-10,-8.191522527442335e-7,-0.005356485544480216,1.3431194856232387,6768.378559358357,31454.888437566293,848825.4331100679,1.2190388302373903e7
-0.09462270263500577,-0.003436466502651707,-16.766477432445473,0.6559844511874336,-0.07847564145607518,-19.23546011876832,-0.0007808691722884276,-1.8992416553479499,486.93704286412276,-0.003299430954031783,0.03492442699672685,-264.2707158964788,0.004834077230108851,-39.92302836323277,-1450.9332369029394,-0.00024289051317077424,-0.13332835639318233,-233.05849523840178,1300.72422248139,9.616256696787653e-5,-0.3442110989285105,-3.562269753399684,-0.005086410260651277,23.2335253211128,-39125.46875990722,0.0006941906355007776,2.6570014969509845,-10633.606670479761,-36615.22166951711,-1.0916574894885012e-5,0.17554448274497594,10.577966045121547,-10592.878870974735,-888060.9775300168,-1.6596034997810227e-5,0.0003564391030846367,0.01854609513702396,0.0023256194567653626,-70.01747007669256,-1012.1236099624359,0.0007822003158785664,2.9310512918388585,7833.946913270626,-2.6020412549638534e6,0.0004703027938930602,0.4885135412126643,741.7969556398102,-1.997145250102841e6,219282.90689776884,-6.5268851178324295e-6,0.0012316154811572032,116.15025276159065,2789.3582810324424,-80605.05379834745,5.976734966749852e7,-2.484278230869166e-6,3.905858261382652e-5,-0.01716384511412845,0.1964515453479741,1.0800193764182082,-4.620798161883593,0.0018470275529836211,-2.05096891555439,-7.085130353851195e-14,-105899.54267251532,-0.0001687506522308796,0.43398711280608754,5042.713990775513,1.8257256186244192e6,-6.304931342511294e6,2.183952405702614e-5,0.4778074224585532,154.57927086135012,134650.62316977265,-3.0158024799340534e8,-4.480407023158069e7,-1.6546321797800515e-7,-0.0018245690821648258,2.647381483543498,23608.256097405923,3411.522495216637,3.413802579731171e6,-3.110036398764429e9,-1.0770597557732237e-7,1.8855665337097474e-5,-0.004396304579396631,3.073504181380906e-5,0.07525466063693288,-5.64965608879935,4.083402115622856e-5,171.75352514229675,1118.315811551143,-2380.8043774153725,4.785033121263562e-5,1.9616241716761746,-3172.310184239316,3.421299986286301e6,2.344827858627919e6,-0.0001001041660714651,-0.3209986688025232,87.67710890202568,2.973369372577782e6,3.325662808775077e8,2.5588710430593243e9,8.780061579478843e-6,0.01474446415788694,191.3986283868569,28047.504654053602,1.746766207438348e7,-3.945959863149026e10,-3.1083403335361066e9,-7.247615978806589e-8,0.0002490629060921946,1.0448500134809413,595.5738775986418,1.8022091753014673e6,-2.7040735500096392e7,-4.128126300289405e8,1.53374562411666e11
1046.0474917303238,-11.768363867925249,1105.3731082580643,10.833899068788456,4.243978046923824,-102917.38853456224,-1.0063765299407317,885.0562791947942,19312.425832393652,1.832663066026317,125.60895662337016,3057.2342020797746,0.18433929940533866,5268.569071074041,-6.650700730216272e6,0.24470106152317536,-544.0361678861724,261555.4607350487,-4.393206087501122e6,0.04981241071821734,-3.7227958508222954,2204.8200982989583,2.8840828105802143,60089.28158481537,213616.31514347956,-0.0346109809435781,635.4266773284708,2.097710356893702e6,-2.9135113067579913e8,0.0010532595555025955,-202.1084999307076,-91093.14917222784,1.7125828590253163e7,2.55506518663927e8,-0.007157765519254476,1.1184094747348772,56.06839759144696,73.91451738692028,-3831.9651791847746,698746.9537133703,-1.013592393972832,1962.0487444528553,8.99057304807747e6,-2.4831178646257542e7,-0.4847166406321262,152.62305203743932,304309.3194581875,5.376694176205485e8,1.49105797863706e10,0.0067558323451153675,-13.589249005483202,-130769.10220399009,-4.994335043236618e6,1.5130077379744306e8,-1.1229028131102425e10,0.001317850690762929,-0.037513453229935156,2.113451973835952,-0.009308537786999116,651.1590811608451,17184.523800876705,-0.07298590477954754,47083.89267555382,-1.8257256186244397e6,8.699129493024033e7,0.20316809481299605,-1632.7617660466074,406506.3806402675,-2.607087611999445e-8,-5.32826427714037e9,-0.0058376251725782285,-513.1393254858963,134650.6231697703,9.116745407317178e7,1.0974685856852762e11,-3.549276678160099e11,-0.0003190968385047036,2.5960374405225677,-7010.969057327292,-2.666187200395376e7,2.9062239302221495e8,-7.313287486539926e9,4.962429825537601e11,-8.593106185000754e-5,0.012330512672324032,1.445671312217785,-0.5627625754589785,-70.76421130584085,3912.6307705192485,-26.116292638930396,663.4615037503029,-113322.28119960068,1.2978037378010075e6,-0.5083234899154474,-412.6446467846256,1.9407306943093617e7,-5.537042667141956e8,4.1483504060150874e8,0.07066264863584173,219.4930642281814,-1.1835446871915536e6,-1.1288969591631088e8,-2.8265042160505927e11,-3.200088044045607e11,-0.007872419978761364,4.611148410256966,-212434.86912360782,5.467944795259554e7,2.0310777017078583e10,1.9912807792545008e13,6.892677680171403e12,7.098471965715656e-5,-0.5791004812363678,-705.9237874431813,-1.2442085063318466e6,-2.0576619161036422e9,4.8716761765125145e10,3.475816452711051e11,-2.339412946279099e13
5860.321456344702,-5860.321456344702,-1.4693308795280952e-12,-1936.5859384909033,-5.6884804386159605e-15,907260.5674472555,1936.5859384909033,-907260.5674472555,-1.6077027713070291e-10,-87.10031426423258,-1208.255487789058,-477600.0079687147,1208.255487789058,-7.250712331937669e-12,5.728108245162635e7,87.10031426423258,477600.0079687147,-5.728108245162635e7,1.5656546510872504e-8,4.67631099906446,665.029552396215,-59772.40657366676,-2.25322438512293e-15,-1.0559747230742634e6,-2.9031616413231883e7,-665.029552396215,1.0559747230742634e6,7.167672274249643e-9,1.3478880564677901e9,-4.67631099906446,59772.40657366676,2.9031616413231883e7,-1.3478880564677901e9,-8.217144809770061e-7,-0.5452161140048462,29.859067908959194,2292.3998991339713,-315.3408766179443,662873.6554854839,-1.3184350368907217e7,315.3408766179443,-1.828640455342456e-12,-4.2073376837122494e8,2.85696218226012e9,-29.859067908959194,-662873.6554854839,4.2073376837122494e8,1.8820934339128819e-6,3.393222548054391e10,0.5452161140048462,-2292.3998991339713,1.3184350368907217e7,-2.85696218226012e9,-3.393222548054391e10,3.3439190311644335e-5,-0.09135618880334995,0.9378611519852168,-455.17985267570936,18.56180721122833,42671.003544577536,413560.8977239318,-9.42029063200532e-15,-74013.29959536334,3.0158024799340475e8,-8.406792814759979e8,-18.56180721122833,74013.29959536334,-1.032708878577151e-10,-1.097468585685269e11,4.646569321940669e11,-0.9378611519852168,-42671.003544577536,-3.0158024799340475e8,1.097468585685269e11,0.00015410030679413554,2.9942343571466357e12,0.09135618880334995,455.17985267570936,-413560.8977239318,8.406792814759979e8,-4.646569321940669e11,-2.9942343571466357e12,-0.0012239215525424996,-0.0022930562094564066,0.6045679136081142,-149.350440709898,-4.753152308851791,1043.2858578803978,-113952.88635570092,79.76656994891019,-155582.72254995603,2.965529679628015e7,-6.391737730838095e6,-79.76656994891019,-1.1134483299448362e-11,1.2050598648029965e8,8.771205380144102e10,1.3020639660078145e11,4.753152308851791,155582.72254995603,-1.2050598648029965e8,1.100858500232576e-6,-2.154834128224262e13,1.6420558046657719e13,-0.6045679136081142,-1043.2858578803978,-2.965529679628015e7,-8.771205380144102e10,2.154834128224262e13,0.013654247476056924,6.591984809028568e13,0.0022930562094564066,149.350440709898,113952.88635570092,6.391737730838095e6,-1.3020639660078145e11,-1.6420558046657719e13,-6.591984809028568e13,0.04688593663457393
-17659.136841554537,956274.9890890886,85657.69355602149,3.195592949983694,1676.6651460901162,-250581.57977718455,354.2928809089315,2.1854428478144698e7,3.6543030268068975e6,34.63620441380073,-537.6054926568272,-13072.28468718166,-190520.64683798375,350403.0002387787,1.4167012026825165e7,272.4984230629422,-104726.20332976365,-5.420525289727527e8,-3.018357458718798e8,1.047751950100243,-19.200826255679548,9788.521557119258,-42.57849962432578,73817.63618817113,-4.062761738528673e6,-382.5035783920078,-2.808749914946949e7,8.048260062798098e7,-8.939900133969597e8,3.029565450957552,55989.42339232467,-1.313263075754429e7,-1.8896955039670372e10,1.6927296429187176e10,0.2545919257299728,-17.19403805302904,198.21443619767126,3.9543836520547173,-12994.5845614457,-1.496163883503594e6,39719.08970874143,-22247.67948969274,1.792279018418955e7,-4.8318046554605186e8,-50.53240133990556,-108863.55375340868,-3.7944307792196417e9,1.6001980655933336e10,8.767344271165959e10,0.2115661060358228,1694.1155306682917,1.2029348425849289e7,-2.948958374293838e9,1.0768122805930651e12,-5.501078280709382e11,0.009221513703043971,-1.349359420465661,236.97630724484952,12.209359688081522,-25657.04470347072,-136145.07462416403,-20.451294368596994,-54627.51344451409,-3.4138025797313782e6,-9.735709059587052e8,74.55302342030248,1.5258628696281226e7,-1.458607630797466e7,7.313287486540016e9,-2.0106955238206078e10,-3.3249131906493425,-60416.450410851474,-4.480407023158097e7,-3.549276678160048e11,2.9942343571466216e12,-7.328000864519192e12,0.048435559199629205,398.72419459573695,151276.6888953237,-3.769335401459665e8,-2.2094838462040106e11,0.0008189268526665731,1.7254073386335816e13,0.004134809345676384,-0.21848025205568594,-7.266918375358592,-3.173196383947312,-1307.1967477904914,61473.01446418977,7.228517002348727,17179.497754873773,-1.5582147013562068e7,-5.724471878257466e7,-7221.213506150728,-701.4539673322702,-4.12378661171563e7,-3.182238909105693e8,-1.5759984240699994e11,-29.582125513246385,66519.20616417038,4.494207048941961e9,-7.297820879008249e9,1.6991621058020322e12,8.63228505330293e11,-0.040767115490445004,-4028.652410417907,-4.390782905800481e7,-1.1307514248165377e10,-3.4558516217697004e13,5.236918793807825e14,4.7673617501647506e14,0.00366226998452665,25.12976914170639,177949.85097500565,-7.684245396149972e7,-4.0689023682810315e11,-3.829359882009108e12,-8.901191246204952e14,-2.7037406882949575e15
1.0263915957424344e-10,9.823919620302894e-13,6.815709326171463e-9,-2.0988576274382335e-11,3.642118467688705e-11,1.639739372896473e-8,8.042923438224383e-13,3.07175569363597e-9,-2.660726178777195e-7,-7.303010510892283e-12,-2.0154522372200026e-11,-1.2872674686079164e-9,-1.018196468085853e-11,1.5197431117843534e-8,1.0010826873232994e-6,1.3017909534975418e-12,-3.3344675200325863e-10,4.4095137742173734e-7,9.305325229129279e-6,-7.893018960272006e-14,7.262002115084885e-12,-5.4137888052206175e-9,-7.569470122530614e-13,-1.4835825864721373e-8,7.86978249223862e-7,-7.969495353072067e-13,-5.81363663252045e-9,3.514904835379781e-6,1.716642679644362e-5,1.466604690963258e-14,-2.0768597031672407e-10,-1.5199988577928925e-7,2.174883910416349e-5,-0.0003659618553457038,-4.897841602831825e-12,2.5183198645850225e-13,-7.674321664860095e-10,-1.692172262443947e-12,6.509779846595798e-9,-1.2437333074515199e-6,-2.1806842839737565e-12,-3.478650469197564e-9,-5.3583711819934364e-6,0.0001533556596388433,-1.4349875105207387e-12,-6.096232182618282e-10,-1.68459185711934e-6,0.0006091045623481593,0.00027762797924729926,2.3633992637626892e-14,-1.1779119962800062e-11,-2.981106430596248e-7,-1.7864092054713072e-5,0.00014869041423699287,0.014705166507849554,-2.9527432925560762e-28,7.978179007052569e-13,-1.1000872803589794e-9,-2.5485688404445498e-12,1.7012960854062128e-9,-8.545077722116276e-8,-6.37967503983822e-13,1.3032232661652575e-9,2.484278230869302e-6,-7.192235884369785e-5,3.2802033781573484e-13,-1.319452361207787e-9,-2.5902080503464627e-6,-0.0013178506907627994,0.010396723185367893,-6.01272639085415e-14,-1.6222469381042349e-9,-1.6546321797769307e-7,-0.0003190968385046274,0.09135618880334778,0.04843555919963257,1.0974089711762612e-15,1.3539452999708858e-11,-9.24332817582269e-9,-7.351148313260626e-5,-0.0003657660767134536,-0.00922151370304189,-0.4016348454680052,-8.156477499954517e-13,2.7185609446882333e-12,1.0363084166797415e-7,7.736184415105222e-13,7.468245215900329e-10,6.629349346639978e-7,-3.8097410702535777e-13,-5.089221188948981e-9,1.8958219060648907e-6,-3.047627877962781e-5,-8.334732067057931e-14,7.130356768279051e-11,2.3957220969727927e-6,0.000579063656830746,0.01623184895417906,1.8907632378290542e-13,6.519608261504559e-10,-2.6444517775288025e-7,-0.0011108647966804122,-0.2512088594175586,0.11917280612719568,-2.947053214671935e-14,-4.479708361158048e-11,-7.538102108328187e-7,-1.4212045429619265e-5,-0.044445317295530785,12.878272545048366,1.7018619198280993,3.8304065067438293e-16,-4.515304043806054e-16,-1.8384907289439092e-10,-1.6886075192795578e-6,-0.007161475057430918,0.0771946592651739,0.7266621182671141,-4.447838768618775
5.211986311823552e-7,-3.7057624743637175e-7,1.4642673367300599e-5,-7.0329376015863e-8,6.681409998510102e-8,4.443867127108602e-5,6.846132230637619e-9,-4.482332056353799e-5,-0.0002872367566437823,-8.295215801303171e-8,5.724924403767406e-8,-2.288338339940132e-5,-8.586247943088008e-9,4.378561795301083e-5,-0.0007537476290476142,2.2589406037383467e-8,-6.27646230334609e-6,-0.0015687177428685298,-0.014027109442227296,-3.903956304171879e-8,4.342827409252091e-8,-3.507137205649343e-5,1.5380800963045627e-8,1.4366242306413301e-5,-0.001298798852064573,-8.976570192752571e-9,8.628829458411943e-6,0.013494901897116742,-0.19868754505091749,9.114536866992644e-10,9.40226005309961e-6,-0.002267523051155639,0.029819595620606286,1.6583516179459046,-1.7533697022289545e-6,2.452901054649119e-8,1.4218764226990276e-6,3.37255877878345e-8,3.989914961685056e-5,-0.0016801052174089603,-1.2148111210321032e-8,5.9561698970861435e-6,-0.0019175357313309985,0.22614943148250113,-5.921568378096727e-9,-6.514261359709794e-6,0.007007713904456815,2.8009829045645236,-0.44785341634569803,6.491798165662985e-11,4.390277922987379e-7,0.0005476025212982605,-0.289997183504694,-0.7684352566405347,-104.21589826094397,1.1000872803589519e-9,2.7252572635952656e-8,-5.300359275244845e-22,2.5170480429711017e-9,5.0588557033642435e-5,0.001960698266699998,-2.833910175304885e-9,3.1752946286974035e-5,0.017163845114128884,1.5613752920479278,6.614617404968597e-9,-1.3972461926787005e-5,-0.0021795742556697697,-2.1134519738363347,29.45616019576521,-9.693151212638589e-10,-1.1261913089906517e-5,-0.0018245690821644552,2.5960374405228124,455.17985267571345,398.7241945957232,1.3539452999661236e-11,1.0292024259013704e-7,2.2102264736090884e-5,-0.3379751933321815,-14.46677025238837,-236.97630724485293,5496.522800849892,3.573329533119379e-11,1.5483326351000236e-6,6.148089051536791e-7,1.2984016445404516e-8,8.727206834390045e-6,0.10529596413525374,-1.1179929768801378e-8,-6.224357573383988e-6,0.0353706643110842,0.19361416234663692,6.587843558437703e-9,-5.438188718063857e-6,0.017072653700234898,4.6138365149326885,338.0009015022406,-2.9420046992084405e-9,9.386548862181297e-6,-0.009210537315655874,-2.794657506598014,-692.1189483209688,94.51311817779171,-2.0657391426489085e-11,-1.0746572140559485e-6,-0.007918380357659629,-0.20645170191513856,642.2680394325118,63197.24437124021,-2821.125379320052,1.7876078031960484e-12,-6.836372304358194e-11,4.25613484565759e-5,-0.023370505382758464,-81.73727470154748,201.40831764871768,-2345.7366456169348,-275408.08174456435
0.0007392503156482963,0.0004135243194383357,-0.0202902509815752,-0.00010066703711108102,-9.938265660861117e-5,0.19044319311473634,-1.3115011281882454e-5,0.08902080724974067,0.127410321093246,9.474269170771802e-5,-0.00037895011517363535,0.003465156476871099,-0.00013035177987260913,-0.06101564056587846,17.456305627835782,-9.616530115629915e-6,-0.003931762405309571,7.479728567248665,56.134166352834775,-0.0013727793795022388,9.832085270385943e-6,-0.04708237931918759,-2.0891749608441665e-5,-0.242380619178453,6.308183554151995,4.890016028525271e-6,-0.08815052669922814,-17.415242963946067,599.9547203800813,-7.001990237881058e-7,-0.012401616940682847,-0.207419197952872,252.18017017249338,-5056.645140275922,-3.345044220300163e-6,-7.335047046289532e-5,-0.549731184289964,-6.7163789603823e-5,0.013064949582270585,-27.8091913532932,-1.3515140554297717e-5,-0.007222412028163026,-78.48651856046561,949.3021443384665,-8.907818034797191e-6,0.005240210969954393,-30.09139864249408,-3199.3465950344503,3335.5352644721847,1.6773185371290796e-7,-0.0005883805507534628,-3.9953612740892144,71.95650808715634,2738.5566555575806,298307.1535519289,8.545077722117483e-8,0.000707618933431883,-0.0019606982666999996,-2.2967940506157484e-5,-0.0757312760959791,-1.3990159502007717e-16,4.281655549491075e-6,-0.02306904435694016,4.620798161884773,-5682.146203580426,-1.4788972254438835e-6,0.000344401218739811,4.0340515244793025,-17184.52380087673,77195.11263325646,3.87839173851101e-7,-0.0057626559189600905,2.6473814835432155,-7010.969057327375,-413560.89772391936,151276.68889531758,-9.243328175826169e-9,2.2102264736095418e-5,-0.14390228714825704,-486.35116647451963,13676.935005840614,136145.07462418347,-1.4289215768288298e7,-9.43631953589975e-9,3.1328300314404157e-6,0.00012306187180500665,-2.98525112098229e-5,0.6956367057472809,-0.014537963689543697,4.8753418559295065e-6,-0.030955483771844365,-35.0326515265117,8422.205810414525,-7.499857352287156e-6,0.008992492399213497,11.188582950418748,1094.049392925797,-388415.05110465706,4.5320919133020545e-6,-0.001819541991796895,7.6925741944282775,4418.886047743603,-2.9026572312982227e6,2.717536651678858e6,-2.520888048202242e-7,0.000708953066388212,0.04729133799289733,839.6280786686888,-1.2695101769926804e6,-3.407946591478367e7,3.282702804738305e7,1.7552267890465237e-9,-7.228093535884494e-6,-0.04411648084340031,-1.4365440145941932,2996.5139383162978,873570.5286118656,1.2325603963220937e7,5.983491259467633e8
1.5958608839643753,2.0678094857812526,-23.911630610522323,-0.7244171503840586,-0.37284256810638194,789.4399605602798,-0.12379127892771787,390.4448789433265,333.40487711239336,-14.52558327010042,-2.248136462966851,-386.167177767305,-0.4002538039933198,-93.73106582633729,88013.60928789053,-0.0806734520921441,-26.027346338498152,28414.585477235567,-59628.09937769421,-0.0010880975629411198,0.07423420753872442,-7621.791165180082,0.03534874944679061,-1364.2932293555332,-68640.0883556102,0.04869861720182674,-291.9270576223243,-5464.656495245825,3.4649024085937045e6,-0.0027979036533044574,-59.60252304584638,909.6778423159022,775040.9740436588,5.298645755177145e6,-0.0029706593099005788,0.06993543046721769,10.335182640737386,-0.38738976604204733,130.08861000253094,-1.049313853802353e6,-0.0032769998276692704,49.247264660049716,-420651.77033102355,-3.751816517614833e6,-0.010152395671441656,51.15455689711776,-106701.89333212968,2.2288881320321723e6,4.709000821362746e6,0.0001213980172354948,-2.2520425951690455,-13458.499186688461,769630.3834755402,9.242067667675488e6,-2.845632864000112e8,7.192235884369482e-5,0.0066891306404300195,-1.5613752920479893,0.12255886926497342,2674.912713296844,5682.146203580515,0.009096055079076447,-148.1471328046004,105899.54267251544,7.859413753595568e-11,-0.005915159000394146,37.150349249687984,22855.48520054907,-8.699129493023996e7,2.7283081917204624e8,0.0028020961283509636,11.902478565798376,23608.256097407197,-2.6661872003953617e7,8.406792814760265e8,-3.7693354014596814e8,-7.351148313259793e-5,-0.3379751933321738,-486.35116647452725,-703020.9017456823,8.798306975401382e7,9.735709059587095e8,1.1684097281967077e10,-3.734164882863784e-5,0.0033663094324546806,0.2164758002043064,1.9988549610585167,1.8506089964758397,85.35580443577844,0.061619744894813484,146.06638994493048,2.0915296880980886e6,1.1352442082286365e6,-0.03535272452493346,2.5488690394437965,44838.82163090227,4.332966352694322e7,1.5316453718968416e10,0.01829295313857819,-17.372206122319366,42352.25832630591,5.354466799172135e6,-1.378691636486592e10,4.13980849938754e10,-0.00038436095921557604,4.072061329317454,19894.02933003556,6.743745557272283e6,-5.164799986700513e9,1.9097006468025266e11,1.755404959457814e11,-2.7920688468997347e-6,-0.05742031072412262,-255.46905475838335,11339.971576969841,1.9512991907981017e8,3.1849461796993885e9,4.995822741448212e10,-4.051405774510293e11
-403.6393732499746,9.807340867052078,-34795.84769205453,1664.7003894209543,-151.21974022012125,-69543.11673528331,1.067192806718075,-3348.799216934031,942595.9804626643,-22.025448456266147,83.14141534517597,-161177.36213585548,12.76539083220198,-71838.70305486608,-4.066875187752979e6,-1.46588147588607,728.7459031947426,-623298.8453525406,-1.1315521232046227e6,0.020056306372175897,-634.075994141884,-14952.62642231703,-4.761117798299244,62948.89793333763,-4.0131667949026324e7,0.7455897776449929,6768.868234869882,-1.756372689870973e7,-4.442718687819255e7,-0.025562629251215413,253.55130689038882,170916.8669125786,-3.494057876133397e7,-1.3647590314804823e9,-0.021896353915635196,1.332684580685053,-195.0772264398302,8.139555955758494,-107231.6392186859,-3.444813481394726e6,3.7577831265197603,9600.384728672405,2.2099492755038943e7,-2.7035129127360587e9,1.6169858873428749,345.1805244933117,1.7908558585606944e6,-3.1424003484200583e9,-1.6795912567983627e8,-0.02613502986254247,15.868884947473008,354666.65756897005,1.5048363517189827e7,-2.559336737034268e8,1.04540289749479e11,-0.010396723185367784,0.41079074612943,-29.456160195765772,229.8289186551007,4680.6153586078235,-77195.11263325719,3.5247271835915988,-6602.5045849982735,6.304931342511203e6,-2.728308191720495e8,-0.4373517009638298,2916.975184218424,1.018121157247684e7,5.328264277140245e9,-1.8382338765322855e-7,0.06458415576335028,1892.7766954954493,3411.5224952196254,2.906223930222107e8,-4.646569321940683e11,-2.2094838462039883e11,-0.0003657660767134479,-14.466770252388038,13676.935005840523,8.798306975401564e7,-1.2418895295689403e8,2.0106955238207054e10,-6.45343708919081e12,-0.0002521995161578783,0.018669952142305154,-10.550088278028236,1.8680498732009831,450.2093638768858,-11886.077675734618,0.2741367779124508,172227.48659077156,4.634821545656904e6,-1.022482537395019e7,0.07852864056895677,2393.2026172201845,-1.0615830341120722e7,8.076437051766519e9,2.5852720995715424e10,-0.1547299227649364,-637.31938534793,1.156848259917095e6,5.096936226306866e9,1.010103769231994e12,6.33239530150024e12,0.030788983466964043,44.220535078835105,897855.3521135778,-4.170727546357289e7,2.923143347151593e10,-6.192306645342428e13,-6.745152594130752e12,-0.0003602303825148164,0.6959952453082259,-148.8478753251613,2.937445958781361e6,8.743918545769335e9,-1.0770017192385182e11,-9.238914927393833e11,3.7346882644602244e14
-956274.9890890886,17659.136841554537,-85657.69355602149,-354.2928809089315,-1676.6651460901162,-2.1854428478144698e7,-3.195592949983694,250581.57977718455,-3.6543030268068975e6,-272.4984230629422,190520.64683798375,104726.20332976365,537.6054926568272,-350403.0002387787,5.420525289727527e8,-34.63620441380073,13072.28468718166,-1.4167012026825165e7,3.018357458718798e8,-3.029565450957552,382.5035783920078,-55989.42339232467,42.57849962432578,2.808749914946949e7,1.313263075754429e7,19.200826255679548,-73817.63618817113,-8.048260062798098e7,1.8896955039670372e10,-1.047751950100243,-9788.521557119258,4.062761738528673e6,8.939900133969597e8,-1.6927296429187176e10,-0.2115661060358228,50.53240133990556,-1694.1155306682917,-39719.08970874143,108863.55375340868,-1.2029348425849289e7,-3.9543836520547173,22247.67948969274,3.7944307792196417e9,2.948958374293838e9,17.19403805302904,12994.5845614457,-1.792279018418955e7,-1.6001980655933336e10,-1.0768122805930651e12,-0.2545919257299728,-198.21443619767126,1.496163883503594e6,4.8318046554605186e8,-8.767344271165959e10,5.501078280709382e11,-0.048435559199629205,3.3249131906493425,-398.72419459573695,-74.55302342030248,60416.450410851474,-151276.6888953237,20.451294368596994,-1.5258628696281226e7,4.480407023158097e7,3.769335401459665e8,-12.209359688081522,54627.51344451409,1.458607630797466e7,3.549276678160048e11,2.2094838462040106e11,1.349359420465661,25657.04470347072,3.4138025797313782e6,-7.313287486540016e9,-2.9942343571466216e12,-0.0008189268526665731,-0.009221513703043971,-236.97630724484952,136145.07462416403,9.735709059587052e8,2.0106955238206078e10,7.328000864519192e12,-1.7254073386335816e13,-0.00366226998452665,0.040767115490445004,-25.12976914170639,29.582125513246385,4028.652410417907,-177949.85097500565,7221.213506150728,-66519.20616417038,4.390782905800481e7,7.684245396149972e7,-7.228517002348727,701.4539673322702,-4.494207048941961e9,1.1307514248165377e10,4.0689023682810315e11,3.173196383947312,-17179.497754873773,4.12378661171563e7,7.297820879008249e9,3.4558516217697004e13,3.829359882009108e12,0.21848025205568594,1307.1967477904914,1.5582147013562068e7,3.182238909105693e8,-1.6991621058020322e12,-5.236918793807825e14,8.901191246204952e14,-0.004134809345676384,7.266918375358592,-61473.01446418977,5.724471878257466e7,1.5759984240699994e11,-8.63228505330293e11,-4.7673617501647506e14,2.7037406882949575e15
-7134.29564284468,7134.29564284468,0.0,-202842.83297424094,0.0,3.31122134526888e6,202842.83297424094,-3.31122134526888e6,0.0,82.23698887013765,2207.9001588521583,-2.8340369493497297e7,-2207.9001588521583,-3.6497550847194457e-10,5.0652940744054997e8,-82.23698887013765,2.8340369493497297e7,-5.0652940744054997e8,0.0,47.152430674559135,-19654.59388468683,-167997.20589164345,-5.0896010790571555e-14,-7.09649183819723e6,7.263025434302029e7,19654.59388468683,7.09649183819723e6,8.510864725162064e-8,3.734956643925186e9,-47.152430674559135,167997.20589164345,-7.263025434302029e7,-3.734956643925186e9,0.0,-5.186877300818792,112.89729996285858,36275.74212082558,-15467.774904223937,5.9511045767965e6,-7.356809070638222e7,15467.774904223937,-3.546216999793971e-10,-2.406068497129091e9,-7.166127290791096e10,-112.89729996285858,-5.9511045767965e6,2.406068497129091e9,2.4672939983103886e-5,-6.760232673618423e11,5.186877300818792,-36275.74212082558,7.356809070638222e7,7.166127290791096e10,6.760232673618423e11,0.0,0.40163484546871075,11.33262547683183,-5496.5228008495815,2915.0303801689633,87672.07258012191,1.4289215768288238e7,-3.29772036024137e-13,-4.637357779060247e6,3.110036398764436e9,-1.1684097281967276e10,-2915.0303801689633,4.637357779060247e6,-4.5197771931261045e-8,-4.9624298255375696e11,6.453437089190689e12,-11.33262547683183,-87672.07258012191,-3.110036398764436e9,4.9624298255375696e11,-0.0012239215525425195,1.7254073386323807e13,-0.40163484546871075,5496.5228008495815,-1.4289215768288238e7,1.1684097281967276e10,-6.453437089190689e12,-1.7254073386323807e13,0.0,0.031494933985199945,3.8152191160249385,-248.68557549647946,-140.73537043536788,8505.72178709012,-1.9182729599542762e6,6961.836808551022,694490.695088439,5.639205472729496e7,2.593187001817681e9,-6961.836808551022,-2.8606792574794073e-10,-2.2828183598829508e8,9.947540769467896e11,-6.934921864414304e11,140.73537043536788,-694490.695088439,2.2828183598829508e8,2.009729348750478e-5,-7.77985767386629e13,-2.1618690146436195e13,-3.8152191160249385,-8505.72178709012,-5.639205472729496e7,-9.947540769467896e11,7.77985767386629e13,-0.14667081174454316,1.2786907819687798e15,-0.031494933985199945,248.68557549647946,1.9182729599542762e6,-2.593187001817681e9,6.934921864414304e11,2.1618690146436195e13,-1.2786907819687798e15,0.0
7.393315605455184e-12,-2.1694807752638155e-12,-2.446765729655949e-10,-4.462110239122672e-13,-1.5912543282125148e-12,1.0927849956897632e-9,4.836689463903301e-13,5.857751897181646e-10,9.616181270782538e-9,-4.364768316641687e-13,-6.053940887394914e-13,2.042426046252139e-11,-3.2352658635041175e-12,-6.156061434996694e-10,5.969079591643491e-8,1.1150069451546395e-12,-6.949217449544321e-11,1.067360985559797e-7,-4.4098081342168027e-7,-1.2828204219434581e-14,2.293335481921373e-13,-2.317001943699396e-10,2.7259189580854595e-14,-5.810095387150127e-10,3.134417654396716e-8,-4.00606634643473e-13,-1.7839156448528064e-9,-1.3243814331890735e-7,7.564891746682847e-7,2.4210283202951376e-14,1.9396418724413847e-10,-5.3453394457945784e-8,5.356113704075809e-6,2.120837201137054e-5,-9.950802854791243e-16,5.92347903504862e-14,-1.0440041181639563e-11,1.1751624271106341e-13,1.9055775027416637e-10,-3.2483607433663834e-8,-7.021251483209083e-13,1.236616275150672e-10,-2.5018126800602534e-7,5.375164770184164e-6,-6.561915172531577e-13,-3.2824397748791756e-10,-4.919873021317497e-7,-1.992332461007189e-5,2.2856337615045685e-5,-7.683793645395136e-16,-6.209877087401018e-12,-9.731072110293151e-8,-7.445463445603781e-6,2.7624496317753407e-6,-0.0009188684349927638,-3.830406506730206e-16,1.5111508419573937e-14,-1.7876078031997457e-12,-9.816931998307777e-14,1.6648368099600614e-10,-1.7552267890465762e-9,3.3225902776503664e-14,2.0736580399581383e-10,7.247615978807151e-8,2.7920688468990477e-6,7.218148664562791e-14,-3.9561487935169675e-10,9.921798922467943e-8,-7.098471965717626e-5,0.0003602303825148108,-5.0536144694052666e-14,-9.089250900777658e-10,-1.0770597557732748e-7,-8.593106185000227e-5,-0.0022930562094563996,0.0041348093456774,-8.156477499954485e-13,3.5733295331213164e-11,-9.436319535900003e-9,-3.734164882864042e-5,-0.0002521995161579364,-0.003662269984524692,0.03149493398518305,3.521715136792274e-17,-6.718518990077697e-17,-2.559539259637028e-13,6.881931187855545e-14,2.1370823028345806e-11,-9.390491492031119e-10,-1.1387877334714717e-13,-1.5808245275136874e-10,1.362997666506262e-7,1.975711915642124e-7,1.7306935088747818e-13,3.0784781776942783e-11,1.6945843226403988e-7,1.6519895001419614e-5,0.001363889631315466,-5.339856760994072e-14,2.1429278784212244e-10,-6.548552177348488e-8,4.464279470659021e-5,-0.015164044323127087,0.003234568019057425,1.544728048789872e-14,-4.77080973596016e-11,-5.006754531212188e-7,-1.8707042973652935e-5,-0.01037866729716758,-0.18578884009066696,0.09877723068347005,-3.0576891320659457e-30,-6.498090697140677e-11,4.095718249371181e-9,-2.53566654952789e-6,-0.004870012393691455,0.025797181751271818,0.229723321394663,-0.5827838684803638
-5.31251978595549e-10,-3.9109093646259736e-10,5.727997124175382e-8,5.743959876703137e-11,3.135182782664601e-10,-1.0042817166628653e-7,-1.2343435568477787e-10,-1.2360136922360244e-7,-1.9670000185783006e-6,1.8936388373672464e-11,1.2533910385461303e-10,1.1328886298477741e-8,2.9566028049393503e-10,1.3524975079240672e-7,-7.652089113885185e-6,-6.234829014118806e-11,-2.177448951637732e-8,-1.308783896494405e-5,4.656014298878454e-5,7.898397027539078e-13,-1.8619944881185253e-11,1.6432600955608612e-8,-2.045192577135606e-12,9.010423403241932e-8,-3.088818038510743e-7,5.988224369506729e-11,1.8374612931788085e-7,3.091404494355083e-5,-0.00022521783256320273,-1.62784714200203e-11,1.0851085829225666e-8,1.045539295556806e-6,-0.0005225317680669273,-0.0005533394100940223,-8.873534218037926e-14,3.986617030970387e-12,8.207106232279696e-10,1.3482156228644829e-11,-1.9439177383531085e-8,4.332435654452775e-6,5.1717705074405455e-11,-2.836787158676868e-8,3.225537696411486e-5,-0.0002810827379324935,7.962973083684826e-11,5.008271287436024e-8,5.794419036827217e-5,0.004936082543410453,-0.0028455330786940195,1.4243829860872499e-9,1.0809326101508454e-8,1.57348126963447e-5,0.0004369561623973702,-0.003323733839954519,-0.026635605876654863,2.9470532146644804e-14,-8.495430964609063e-13,2.0657391426569897e-11,2.738182777132862e-12,-3.973573446862297e-10,2.5208880482018987e-7,-6.419452069175277e-12,-1.895773264296509e-9,-8.780061579480099e-6,0.0003843609592156574,-4.203225303176121e-12,1.9224037112695235e-8,-2.403599983346268e-5,0.007872419978761223,-0.030788983466965444,6.034072601500061e-11,7.73911313646913e-8,1.885566533709771e-5,0.012330512672324358,0.6045679136081026,-0.21848025205554197,2.718560944688039e-12,1.5483326351000172e-6,3.132830031440371e-6,0.003366309432454688,0.01866995214230473,0.04076711549039614,3.8152191160235662,-6.7185189887034e-17,1.35566133016501e-13,2.5491983633227004e-11,-3.749381396362402e-12,-1.194902436044796e-9,4.128546223275756e-8,6.178855634597224e-12,8.039127224802744e-9,-3.6180272140098376e-6,2.3679267187570725e-5,4.705436368747089e-13,-3.6446078613598765e-9,-9.723861500724665e-6,-0.0024697406859274912,-0.030104366591980732,-1.5535151838442355e-11,-2.1545611379910117e-8,-6.467782088651574e-6,-0.011220717480107669,1.4883594763650743,-1.1080744887419403,1.1525033263292635e-26,-1.4037582651479636e-8,3.3483268231153e-5,0.004382183717307424,2.0189516530260634,55.27459390702329,-12.861695588276568,-1.544728048787221e-14,-2.0735780559187465e-10,0.00017575017352208834,5.454336235523527e-5,0.30025866743124113,-1.909176626568524,-23.70335685628185,-336.92508919265515
-2.989192411662815e-8,-7.147986412987066e-8,-9.185317519638186e-6,8.460808503649899e-10,-4.3700006757267e-8,-7.0281115033267154e-6,3.124545667623216e-8,-1.567970307479802e-5,0.0003533872762539043,4.2454423992752893e-10,1.2100542371831529e-8,8.398015772971382e-7,2.9453192698299845e-8,-2.0455267270365355e-5,-0.0006275047201306508,1.7247746626856878e-9,7.489244299097451e-6,-0.001273994877456017,-0.009241982898277015,6.6590200425746735e-12,-1.0004318728441333e-11,1.0681577695572064e-6,-9.159614504538818e-10,7.80770499565285e-6,0.00016826408000645396,-9.97458456648889e-9,1.933395577293609e-5,-0.005213888458726856,-0.022315341368360175,-6.68594986018769e-10,4.001927240198576e-6,0.00029866637926225615,-0.037701298202378226,0.18869360922701153,-1.632696185404072e-11,1.0766464205327057e-9,2.0851859352926715e-8,1.1247871406509583e-9,-2.697600333661652e-7,0.0004014301136080847,4.119375585298796e-9,2.9391590580078796e-6,0.0025709587037291396,0.00944528811645766,2.0038595047831475e-9,-9.881643128551263e-6,0.0064092305054774795,-0.9679142827452399,-0.21042872078622735,7.689219850261166e-10,5.247445550092854e-8,0.0014935337610137572,-0.07938609807305563,-0.21653469859691538,-2.113723484517867,4.51530372781701e-16,2.2938870200609155e-11,6.836372303313514e-11,-4.978656573544236e-10,8.191522527440431e-7,7.228093535883704e-6,9.127988939680282e-10,-4.668143468148394e-8,-0.0002490629060921119,0.05742031072412389,1.840809717733382e-10,5.799987550205881e-7,0.0030251902000357793,0.579100481236379,-0.695995245308261,3.056061531679551e-10,1.5920842815815178e-6,-0.004396304579396658,1.4456713122178897,-149.35044070990185,-7.266918375359192,1.0363084166797433e-7,6.148089051536631e-7,0.00012306187180500264,0.21647580020432233,-10.550088278028174,-25.12976914170599,-248.68557549635267,-2.559539259663792e-13,2.5491983633250598e-11,1.0912746068042764e-9,-4.3860170332549813e-10,-1.032215095581168e-8,5.890053760515792e-6,5.967959431612774e-10,-6.301942858223288e-7,0.00014040942504304105,0.00011291021673948034,-2.442324943253496e-10,5.14157408200315e-7,-0.0006365575881649318,-0.10472037571422123,1.401756981507299,-3.2629962662337425e-10,3.0070641505587357e-6,-0.0016159634012420333,1.5475631175318667,101.59799602153733,-100.85550668670145,2.0735780559191914e-10,-4.6259383951604906e-8,7.775881456190023e-5,-1.2348664261838298,253.36901383084148,-20688.46133857232,-1068.5399513322434,6.498090697140413e-11,-7.232911588705337e-23,-0.00011012307110966373,0.029781406394546062,6.271469278794887,-382.7141036934049,-2337.936168131276,35312.467903629775
-1.306082605034866e-9,4.6803291534548096e-8,-1.2141339881593144e-6,-8.293207721198387e-10,-6.1625785460636294e-9,6.479988653297834e-7,-4.481044144711959e-9,6.889237750906445e-6,4.2144608730334235e-5,3.0055348601122016e-10,-2.434348589520732e-9,-3.8732786693708113e-7,-8.27095452180827e-9,-2.448677951514474e-6,0.00011572495244339532,-4.398155197119784e-7,3.1497332257238373e-7,0.0003755941516352449,-0.0006769878910537937,1.0005165592896312e-11,4.207937329924372e-11,-4.996534193593325e-8,3.832867961324028e-10,-1.367276643496116e-6,-6.140817659553124e-5,-1.4657022633956382e-9,-6.135805567625401e-6,-0.0004995453958747,0.006375314296669245,-1.0479897056286118e-9,-6.985890836326154e-5,0.0002539742190400972,0.006862180703401359,-0.019654314761288816,4.058581311739157e-12,-2.764913981033508e-10,-4.575894184179557e-9,-7.680610040710524e-10,1.4088474586908975e-7,-7.240193840661302e-5,3.824675586244602e-10,8.561166096339654e-7,-0.00038795481355802155,-0.003412166002174396,1.4578406764519369e-7,6.294028991411432e-7,-0.0022149181531718235,-0.06522339553261049,0.0479619546679231,-5.305475657388017e-12,-1.928680378784881e-7,0.010008045217941746,0.01859529003197143,0.014194970964001049,2.2656290105477894,-1.8907632378334908e-13,-1.2228039882539967e-11,2.9420046992087064e-9,1.4668513424925005e-10,-3.4868726190697736e-7,-4.532091913301933e-6,7.427024494409131e-11,-5.746007502181995e-7,0.00010010416607146218,-0.018292953138577876,2.5507547512309365e-9,1.3351570322795136e-6,0.000591980926049191,-0.07066264863584562,0.15472992276494674,6.337062622870381e-10,0.00011720268227516905,3.073504181381351e-5,-0.5627625754589729,-4.753152308851763,-3.173196383946594,7.73618441509956e-13,1.2984016445402722e-8,-2.985251120982305e-5,1.998854961058531,1.868049873200982,29.58212551324651,-140.73537043534844,6.881931187852077e-14,-3.749381396362574e-12,-4.3860170332558415e-10,-5.802603429612689e-12,-7.4362468301945165e-9,4.179345853728824e-7,2.105176297327444e-11,1.3926459424142525e-7,-0.00017319249949094117,-0.001129817035937194,-7.208427428626619e-10,-4.055859770332915e-8,-0.00020254410256157458,0.03794944373898425,-1.8830103080947127,1.2943375060197248e-25,-1.583125237145584e-8,0.0013840424163226919,0.24639449273905753,-9.085356225089122,28.778338802275577,1.553515183844098e-11,1.9579440138698532e-8,0.03532553925398958,0.015298152055702728,-110.21031265651567,292.4421867069286,178.47978205786163,5.339856760981482e-14,3.2629962662332643e-10,7.5618209605062995e-6,-0.008772762829352429,169.78342767256171,45.935094464519636,-73.19551812902452,8121.861868188408
-1.3043932603240997e-6,7.361182024148743e-6,-2.043854624570358e-5,3.373121236095857e-8,-1.563603151936993e-8,-3.773171373146474e-5,-3.8552500526848734e-7,0.0010095239469300424,0.003536607842211258,1.273941421112539e-7,-4.7340795324901804e-7,-2.4379195576585256e-5,-5.901897776164567e-7,1.780079705536572e-5,0.013170085206567804,-1.4471244549519124e-6,5.4403237667083355e-5,0.04797622360406802,-0.1951269749238636,2.4706553011017624e-9,-6.483079667051632e-8,2.6237659787743374e-5,5.852873011930975e-8,-0.00022522573990030326,-0.009743337540124231,2.2010800268938342e-7,-0.0005861325682837905,0.011077172228808833,1.0836119092496581,-6.874143129163342e-6,-0.0006258372152992432,0.04309781433343937,0.10647083238321096,7.62688862241565,1.242196787435189e-9,-7.128784449125832e-8,-1.856726314876446e-7,-1.7510696541530794e-7,-4.768378911084079e-5,-0.009316478165244713,8.116018221759079e-8,5.197573108741202e-5,-0.04905880020758905,-1.2302909115657301,5.78654222906361e-7,0.00020473225729193413,-0.25100345607690727,3.852149774192847,5.937373257105853,-1.2257986267057632e-8,0.004564763600616469,-0.11759706470148981,7.182682657959458,13.013995759044946,-258.1630335635145,4.4797083611469305e-11,-4.396780434477298e-9,1.074657214055639e-6,2.2465250073642934e-8,-0.00010189774345997023,-0.0007089530663881943,-7.484661196287172e-9,-0.0001361567595535527,-0.014744464157887141,-4.072061329317497,-1.1571424175383414e-7,0.00020199084489654634,0.025661258523936876,-4.611148410257244,-44.22053507883322,1.0770640246102991e-5,0.0003570155158115387,0.07525466063693372,-70.76421130583998,1043.2858578804,-1307.1967477906169,7.468245215897365e-10,8.727206834389674e-6,0.6956367057472865,1.8506089964759436,450.209363876883,4028.652410417881,8505.72178708352,2.1370823028290336e-11,-1.1949024360444554e-9,-1.032215095576435e-8,-7.436246830195108e-9,-4.0768326441807695e-6,0.0002481596028166769,2.9921740986716255e-8,4.049998881605629e-5,-0.0585004200885155,-0.215277353969039,-9.490285687298659e-8,-1.2829171164158729e-5,-0.055475109004189116,-2.317270650942525,-583.9587538798382,-1.9579440138699972e-8,-0.00019740294225571606,0.18221001883048937,9.246094121526605,418.4416133215702,3595.393260012579,1.4037582651480195e-8,5.534437861875778e-21,0.3223784987566567,14.802380852642262,-15059.848042780264,241617.89651724783,19068.45929760791,4.7708097359655296e-11,4.6259383951445796e-8,0.0032780751039805647,48.30638748975192,3576.017100532388,2603.429076266825,75958.74220462696,-282269.33527422044
4.6996586051632735e-5,-0.0003350938829999845,0.004323206359241014,8.912477893384225e-6,3.31953465222803e-5,-0.002985256870541735,1.5749098480213955e-5,-0.05042985431197487,-0.23951838661649297,-6.2830259229836895e-6,3.619945048279158e-5,0.00557018473960493,4.300887477094133e-5,0.006144673873243479,-1.1016770226893826,2.8372922957372037e-5,0.009879521391844398,-2.767459898405104,15.626501066207375,-2.6755602750469525e-7,3.2810244046234175e-7,-0.0005208778017017349,-8.420348810487288e-6,0.018605910600634393,1.0589221757881093,-1.0514919915772007e-5,0.03660601654820715,-0.4946807089508522,-68.07350095607092,5.6621762566455476e-6,0.020429090088550917,1.3338716587604582,-30.027363659222328,-916.7705560539093,-5.051857818128293e-8,3.9100588380777255e-6,-2.6843689995880318e-5,8.870259191355229e-6,-0.0010575207015937555,0.7906216386935362,-4.062501740724756e-6,-0.009105896663350939,4.700771595412055,81.03515388500027,2.6057338754356795e-6,-0.011239809762328813,14.59152390021762,-431.4347857320153,-307.29274575909676,0.0002613657567112141,0.0015586945411386146,4.240063676515308,2.466447111438484,-494.7141138559412,45809.87494607228,1.8384907289097684e-10,2.906505388108279e-7,-4.2561348456582194e-5,-2.7224056376576846e-6,0.005356485544480449,0.04411648084340869,7.016703711980141e-8,0.005851465703753485,-1.0448500134811927,255.46905475837832,-3.019055357894401e-6,-0.010576376895246865,-3.926299135146855,705.9237874432437,148.847875325131,-5.285953410316831e-6,-0.006783078298833231,-5.649656088799186,3912.6307705193344,-113952.8863556985,61473.01446418792,6.629349346639898e-7,0.10529596413525515,-0.014537963689538613,85.35580443577955,-11886.077675734445,-177949.85097500434,-1.9182729599542674e6,-9.390491492039136e-10,4.12854622328138e-8,5.8900537605117855e-6,4.1793458537267474e-7,0.00024815960281662455,-0.009136149296345111,-1.6476341581149457e-6,-0.0029968455687365194,2.9277665293140887,15.63954833172001,5.318931540699323e-6,0.0019828877591501256,1.7851245258341668,-449.1712589932441,31828.574493825538,-7.561820960506266e-6,-0.002023588404134747,-9.560620556023032,-890.5075845913833,58287.02225170641,-358318.6453644611,-0.0001757501735220878,-0.003278075103980577,-9.090160648767203,-1735.6354617639784,805034.807908413,-2.2169275183016215e7,-2.0147282547287776e6,-4.095718249369643e-9,0.00011012307110966227,-2.0247723709169024e-17,-67.17596343806483,-93062.01404239745,-628171.7480647105,-4.681040130728831e6,6.5437730990055025e7
-1.2647953528586006e-8,6.270337568635305e-6,9.955837098058538e-6,9.77437578646646e-10,1.626438960660416e-8,-2.6562357651435968e-6,2.1762868079670634e-8,0.0010941576179175057,-0.0003811242294049809,-5.937568854263536e-10,9.914527665444948e-9,5.884193213810586e-7,-2.318826071453904e-6,1.9144324960030135e-5,-0.00031058729019576946,-3.5805498039196854e-9,3.628320755617372e-6,-0.013340578142394087,-0.014013376565772994,-3.104041990919329e-11,4.1282038431583844e-10,5.021941334886874e-8,-8.776192576831786e-10,6.920624240668178e-6,0.00011465055876748425,-7.400663359347176e-9,-0.000839533837437196,0.00535867638364117,-0.014864667037152253,-7.516500602550817e-11,-1.3062846838144354e-6,0.0001777479016672929,1.0508952119816128,2.327011235733338,-7.337700166487064e-12,4.769104911875975e-10,1.4959196770360706e-9,3.602222135398207e-9,1.1250884899499231e-7,0.00012733852167023612,2.856864215144532e-7,-3.4304365979424524e-6,0.002322539190030214,0.008714686096878773,7.58196500615894e-10,-1.4981720324593204e-6,-0.15636522692297464,0.7513145041545329,-0.3929282561263659,-4.4486645295865504e-12,-2.612316606748082e-8,-2.3137374261212735e-5,0.021663239902101044,-79.73267549446108,-148.39036349251208,8.334732067113914e-14,3.715495536856076e-11,-6.587843558435839e-9,-5.045960469182089e-10,6.480258150508554e-7,7.499857352286927e-6,2.3730379787529214e-9,1.4358538081635475e-6,-4.785033121262687e-5,0.03535272452493273,3.6181507379341755e-9,0.00027901577200229935,-0.00506226132594042,0.5083234899154434,-0.07852864056898663,7.590845111541799e-11,1.8921677517277441e-6,4.083402115622742e-5,-26.116292638930965,79.76656994890962,7.228517002350071,-3.809741070244187e-13,-1.1179929768801057e-8,4.875341855929819e-6,0.06161974489481359,0.2741367779124399,7221.213506150789,6961.836808551225,-1.1387877334685712e-13,6.178855634593712e-12,5.967959431612759e-10,2.105176297326188e-11,2.992174098672022e-8,-1.6476341581149885e-6,-1.2984303369740133e-10,-5.779974512452338e-7,0.000343590920722707,0.002316901137294136,5.243325804238324e-25,-4.733554819321478e-7,-0.00011346456251074478,-0.03751845493609982,4.088603192540566,7.208427428626008e-10,1.1120111067912871e-6,0.13141160489777642,-2.1666777435815847,83.77685366138896,-53.907980869370355,-4.705436368803171e-13,9.490285687298501e-8,0.0013057381606521464,-0.02168229940343397,-3601.673887043935,3132.140231364068,-132.33462044591118,-1.7306935088746735e-13,2.4423249432529637e-10,-5.318931540699337e-6,0.0037518769548054104,13.322979068414874,-30.717874577371322,-389156.8693486551,-316265.1871509053
2.6516950269794543e-5,-0.00013962662258135467,-0.014969729839581876,-9.389165733088785e-7,-8.443310866922913e-5,0.003175079744723584,-0.0024511200008696145,-0.014168130774572907,0.5292752698005878,-1.2060566076174483e-6,6.386402291284311e-7,-0.0005087610010961686,3.122689601340496e-6,-0.03434515028930406,0.11655216016303657,-1.7224196027511736e-6,-0.9016459442516641,-0.4395830809165365,-13.735106657395134,-1.3792254337027553e-8,6.532588275116793e-7,-0.0005293295519969485,2.282680141568468e-6,-0.0007536801289756129,-0.05208133655471776,0.0005947015388830535,0.00557348731284099,-7.522617530071673,-1.664119444182326,-1.557241625569142e-7,-0.001520127571494224,-52.11923559573027,3.0406607413329625,426.5086569235682,-8.479110578923846e-9,3.804401347998785e-7,-4.603869129122628e-6,1.118237985825092e-6,0.000679388080369549,-0.03714499457993132,1.6688186971586357e-6,0.00875115726296,-0.5973239445623467,2.2747515391881117,2.3454878020239853e-6,0.5421555095890237,2.062600952595934,-1185.3643941109929,58.91146201833318,-1.7686433128538344e-8,-0.00010256986632547293,0.17730905444938494,-1034.606489127995,460.38824689696094,-18490.74660189628,-6.519608261510138e-10,3.30605436964478e-8,-9.38654886218345e-6,1.8764577536630066e-7,0.0006979170131849036,0.001819541991797159,1.5788273382573319e-6,0.0012113652228653122,0.320998668802588,17.372206122319987,0.00017885248928399547,-0.0017945175376095825,6.408536131890665,-219.49306422818444,637.319385347943,2.3453290149627683e-7,0.004232265147719516,171.75352514229607,663.461503750321,-155582.7225499587,17179.497754874115,-5.0892211889502835e-9,-6.224357573383499e-6,-0.03095548377184491,146.0663899449253,172227.4865907711,-66519.20616416853,694490.6950883722,-1.5808245275138153e-10,8.039127224804825e-9,-6.301942858220805e-7,1.392645942414279e-7,4.049998881605323e-5,-0.0029968455687368724,-5.779974512452525e-7,9.358558215644099e-5,0.47905344856350285,1.0216967487991024,-1.1120111067912609e-6,3.92204659683927e-5,0.7744824230955447,91.89650044945591,4382.018666456251,1.5831252371440526e-8,1.7262989212786002e-19,-1.0953421583851917,2662.9224826137433,-54037.90350522462,16304.637946820738,2.1545611379907596e-8,0.00019740294225571842,2.6947298759394824,37920.61549975568,144498.62029956194,-1.8344997758755337e7,207380.6320051027,-2.1429278784204314e-10,-3.0070641505586133e-6,0.0020235884041342666,-4.586583381549991,28138.180573775873,-234931.72793263537,-1.3570755934663666e6,-9.164505375731656e6
-0.025660223317452813,0.06618582619550027,1.3921272807472485,0.0007442504106862442,0.009464721193015335,-3.4017235894481135,-0.004568179212715262,3.734881711905014,-29.39480184675773,0.0013278400367063756,0.001409224572742673,-0.15544114031308132,0.008161818685257454,4.268087899378969,-142.38150235985634,0.017879585094696556,1.2415946987802862,-274.8744833808171,360.8532273700134,4.442098710307596e-5,-0.0006652036377734068,0.5632996558409826,0.0006950704882962763,1.5575263826742816,-98.41256575302187,0.003484110591820646,2.923243174658474,1053.6328205632683,1115.656789288791,0.00024398267887029983,94.72265009966023,721.4538414991223,-30255.37422312058,-7002.111269974713,5.953301854712743e-6,-0.00035527829823168495,0.0198119377234889,-0.0010663767449348158,-0.5420196756498626,34.516469593567265,0.004086906711782242,-0.09292292401883462,712.6801540925533,-15106.755024628117,0.09097611409118875,3.298664375372294,294.8631686332063,191834.49767660853,-35036.51432500514,3.732561705492973e-5,0.041141252468814594,22747.692982510365,106530.08713312825,109688.59996340176,-41135.1250932027,7.538102108327158e-7,-5.229281377814705e-5,0.007918380357659635,0.00030256174814364325,-0.6847433706325914,-0.04729133799264072,-0.0003077529782676825,-1.3269258100329875,-191.3986283868687,-19894.029330035522,-0.00113003587650679,4.018849670426354,-330.12167527125524,212434.8691236152,-897855.3521135447,-0.0002890078112241801,35.432017186908105,1118.3158115511505,-113322.28119963469,2.965529679628047e7,-1.5582147013562022e7,1.8958219060649543e-6,0.03537066431108372,-35.0326515265118,2.091529688098104e6,4.634821545656868e6,4.390782905800516e7,5.639205472728732e7,1.3629976665060494e-7,-3.6180272140103505e-6,0.00014040942504312142,-0.00017319249949093274,-0.05850042008851522,2.927766529314044,0.00034359092072271986,0.4790534485635346,-481.6283333476408,-1420.2827452571464,-0.001305738160652164,-0.3440752023779172,-850.5926193410054,-39275.84144937945,-4.850786842550249e6,-0.03532553925398921,-2.6947298759394487,2151.8731218737494,-199873.59106641373,4.7265025082883246e7,4.267801612540183e6,-3.348326823115389e-5,-0.32237849875666114,-4.952193180342482e-14,157396.5053920984,-5.523382619078364e7,4.2228959437199893e9,-3.0433776697728354e8,5.00675453121188e-7,-7.77588145618011e-5,9.090160648767416,-14712.8235920013,-1.4183869160178114e7,-2.537227379275975e8,-8.356667021365899e8,-6.599705836449247e9
-0.11263997934051191,0.06154068480915213,-5.783683598767823,0.0011955617632140889,-0.02789275884190795,-17.85907890225452,0.032227246601653416,-9.953743804538881,387.2648376362154,0.004843133771711216,0.01418849921110091,-0.267788552101195,0.05323432997094928,-8.179839288374687,-1086.3410776203643,-0.03841985675216717,5.390184311658444,-2157.7128642829575,-22851.382149679444,0.00019161361753202233,-0.0019195827044405627,2.90381838245879,0.005543099570840647,11.764053699248526,-192.7977475208824,-0.0033441752221013625,28.759190520351716,-1162.8468790879404,-20543.923032371178,0.08792077584214454,-9.492118411777607,-81.44675562971797,-117362.15459533867,1.2434468453043043e6,-3.2170011324759234e-6,3.990948247320332e-5,0.09050314711324882,-0.002265850541029074,-1.5438514682378648,502.0747946747934,0.016185525819501046,6.694307489589347,4654.725597123981,-35888.03646892307,0.013960660649549823,-4.938208880415831,7787.1757617228095,-99066.3139122358,-391595.8671350709,-0.00040050378190686887,55.888991552125006,2209.9009865836424,-96991.49913699544,-260739.59069016948,-6.13976818876458e7,1.6886075192778421e-6,-0.00016567991654637573,0.02337050538275872,0.0007296754524487202,-1.3431194856233815,1.4365440145943318,-4.472574690794493e-5,-4.048427749811884,-595.5738775986058,-11339.971576970698,0.0016623124854830884,11.586102299221391,3309.8649737520786,1.2442085063318834e6,-2.9374459587814836e6,-0.033400937342367924,22.914948867788905,-2380.8043774152666,1.2978037378010394e6,-6.391737730838345e6,-5.724471878257465e7,-3.0476278779629075e-5,0.1936141623466376,8422.20581041442,1.1352442082286326e6,-1.0224825373950195e7,7.68424539614993e7,2.5931870018176804e9,1.975711915644212e-7,2.3679267187568103e-5,0.00011291021673952563,-0.0011298170359371753,-0.21527735396905595,15.639548331720587,0.002316901137294046,1.0216967487991129,-1420.2827452571296,-6829.000346774992,-0.0037518769548053606,-1.6375702393749394,-3186.831816667367,-144553.4230207676,-1.5025471405546067e7,0.008772762829352425,4.586583381550128,3875.25207055168,984820.4341182673,2.5504134253105053e8,-6.0175705053333536e7,-5.454336235524581e-5,-48.30638748975161,14712.823592001341,-704722.3817987505,1.3679698816298947e8,-8.636074691470518e8,-1.8526723763299577e9,2.5356665495272808e-6,-0.02978140639454509,67.1759634380653,-3.5935121053363595e-12,1.653694968193923e8,-6.515137423779857e8,-4.474460012200381e9,-8.781805414315186e10
-6.270337568635305e-6,1.2647953528586006e-8,-9.955837098058538e-6,-2.1762868079670634e-8,-1.626438960660416e-8,-0.0010941576179175057,-9.77437578646646e-10,2.6562357651435968e-6,0.0003811242294049809,3.5805498039196854e-9,2.318826071453904e-6,-3.628320755617372e-6,-9.914527665444948e-9,-1.9144324960030135e-5,0.013340578142394087,5.937568854263536e-10,-5.884193213810586e-7,0.00031058729019576946,0.014013376565772994,7.516500602550817e-11,7.400663359347176e-9,1.3062846838144354e-6,8.776192576831786e-10,0.000839533837437196,-0.0001777479016672929,-4.1282038431583844e-10,-6.920624240668178e-6,-0.00535867638364117,-1.0508952119816128,3.104041990919329e-11,-5.021941334886874e-8,-0.00011465055876748425,0.014864667037152253,-2.327011235733338,4.4486645295865504e-12,-7.58196500615894e-10,2.612316606748082e-8,-2.856864215144532e-7,1.4981720324593204e-6,2.3137374261212735e-5,-3.602222135398207e-9,3.4304365979424524e-6,0.15636522692297464,-0.021663239902101044,-4.769104911875975e-10,-1.1250884899499231e-7,-0.002322539190030214,-0.7513145041545329,79.73267549446108,7.337700166487064e-12,-1.4959196770360706e-9,-0.00012733852167023612,-0.008714686096878773,0.3929282561263659,148.39036349251208,3.809741070244187e-13,-7.590845111541799e-11,1.1179929768801057e-8,-3.6181507379341755e-9,-1.8921677517277441e-6,-4.875341855929819e-6,-2.3730379787529214e-9,-0.00027901577200229935,-4.083402115622742e-5,-0.06161974489481359,5.045960469182089e-10,-1.4358538081635475e-6,0.00506226132594042,26.116292638930965,-0.2741367779124399,-3.715495536856076e-11,-6.480258150508554e-7,4.785033121262687e-5,-0.5083234899154434,-79.76656994890962,-7221.213506150789,-8.334732067113914e-14,6.587843558435839e-9,-7.499857352286927e-6,-0.03535272452493273,0.07852864056898663,-7.228517002350071,-6961.836808551225,1.7306935088746735e-13,4.705436368803171e-13,-2.4423249432529637e-10,-7.208427428626008e-10,-9.490285687298501e-8,5.318931540699337e-6,-5.243325804238324e-25,-1.1120111067912871e-6,-0.0013057381606521464,-0.0037518769548054104,1.2984303369740133e-10,4.733554819321478e-7,-0.13141160489777642,0.02168229940343397,-13.322979068414874,-2.105176297326188e-11,5.779974512452338e-7,0.00011346456251074478,2.1666777435815847,3601.673887043935,30.717874577371322,-6.178855634593712e-12,-2.992174098672022e-8,-0.000343590920722707,0.03751845493609982,-83.77685366138896,-3132.140231364068,389156.8693486551,1.1387877334685712e-13,-5.967959431612759e-10,1.6476341581149885e-6,-0.002316901137294136,-4.088603192540566,53.907980869370355,132.33462044591118,316265.1871509053
3.2134700902211658e-6,-3.2134700902211658e-6,-1.1100714786897826e-18,1.1634768193346739e-5,-8.395335230077665e-21,-0.004609266660918192,-1.1634768193346739e-5,0.004609266660918192,-2.4774795269077844e-18,8.789900216419054e-7,-2.1345997975099315e-5,0.0037304528890251725,2.1345997975099315e-5,-2.477234069601062e-18,0.019782552841264282,-8.789900216419054e-7,-0.0037304528890251725,-0.019782552841264282,2.0322373039020655e-15,-2.6405761553774363e-8,-3.716331217901226e-6,0.0004821215322562314,-3.000984785488894e-23,-0.0004397572018297067,0.37678774165690715,3.716331217901226e-6,0.0004397572018297067,-4.461428640266589e-16,3.587350950910796,2.6405761553774363e-8,-0.0004821215322562314,-0.37678774165690715,-3.587350950910796,-1.330970719810129e-13,4.4639074431185395e-9,-3.2867639604030014e-7,-2.3693004561460955e-5,5.026261635469776e-6,-0.004144855658102057,0.07576377463876718,-5.026261635469776e-6,3.7423768377938785e-19,0.6976356835580303,1.7499602240740275,3.2867639604030014e-7,0.004144855658102057,-0.6976356835580303,-8.141204889335578e-14,-505.58602022646494,-4.4639074431185395e-9,2.3693004561460955e-5,-0.07576377463876718,-1.7499602240740275,505.58602022646494,6.48997509099924e-12,-7.130356768198989e-11,-8.344140470510492e-9,5.438188718064117e-6,-8.549647489853872e-7,-0.0005105605403458212,-0.008992492399214081,-3.9283442006704597e-22,0.0008677118930731606,-1.9616241716761813,-2.548869039444047,8.549647489853872e-7,-0.0008677118930731606,3.73851975582235e-16,412.64464678462434,-2393.2026172202172,8.344140470510492e-9,0.0005105605403458212,1.9616241716761813,-412.64464678462434,-1.113448329944817e-11,-701.4539673342593,7.130356768198989e-11,-5.438188718064117e-6,0.008992492399214081,2.548869039444047,2393.2026172202172,701.4539673342593,-2.860679257479371e-10,3.0784781777111845e-11,-3.644607861356724e-9,5.141574082008392e-7,-4.055859770332244e-8,-1.282917116415837e-5,0.0019828877591501494,-4.733554819320364e-7,3.922046596840708e-5,-0.34407520237792016,-1.6375702393748162,4.733554819320364e-7,-1.510324782457241e-19,0.01022413501006277,-592.0281725881342,-2213.0844584667784,4.055859770332244e-8,-3.922046596840708e-5,-0.01022413501006277,1.4828645526149137e-13,107148.04507063048,-115959.45359605805,3.644607861356724e-9,1.282917116415837e-5,0.34407520237792016,592.0281725881342,-107148.04507063048,-1.1606586513572615e-9,-1.990809500348583e6,-3.0784781777111845e-11,-5.141574082008392e-7,-0.0019828877591501494,1.6375702393748162,2213.0844584667784,115959.45359605805,1.990809500348583e6,1.2170912039050191e-8
-0.09692388684729009,0.7486244801137083,-1.924953305167577,-0.00012372243563300845,-0.011411775165447098,-9.323880625162339,0.016654809142786612,-987.604401597253,81.2589410659124,0.0021749798182027543,0.016873137079067554,-0.8682817687323687,0.9891087232602691,0.5959875661301566,-201.27186268684295,0.007804690686175825,2.7396109676366938,-24931.011759188852,-198.9935990425913,5.441283428997121e-5,-0.0008895767006997672,0.7580814839014319,0.0036947664360086644,12.925425698297305,-246.03174624016913,-0.009383145623743303,571.960990052664,1404.4509621984937,17670.704526505546,0.0001485435494011291,5.29054707973331,-153.5415681849911,-1.0034826008580193e6,-186096.1046370599,1.1533618949726429e-5,-0.0008922303776836424,0.008929047753394412,-0.002419311152519429,-0.5025628721134167,-12.155770101701181,0.28110704918069274,3.9116918512311547,4729.113897267526,-27977.024172379206,-0.0002212008011899717,-7.37776523939979,126871.13989540916,511219.22447848634,-155875.68517682745,3.9500756558495274e-6,0.09108705349953905,1113.2052467498227,-90815.05409409369,7.509229929463172e7,1.0238835984938746e7,2.6444517775219685e-7,-5.7071345923314546e-5,0.009210537315656199,0.0005700263569725021,-1.36346649201633,-7.692574194427812,0.000812934058127268,-5.88749158839727,-87.6771089020314,-42352.2583263048,0.00012380012106113516,81.87332783244497,1784.53797307278,1.1835446871915564e6,-1.1568482599171093e6,-0.0001242883898453605,-2.0602096422339082,-3172.3101842392543,1.940730694309424e7,1.2050598648029967e8,-4.123786611715755e7,2.39572209697232e-6,0.017072653700234305,11.1885829504187,44838.82163090106,-1.06158303411209e7,-4.494207048941973e9,-2.2828183598834687e8,1.6945843226416878e-7,-9.723861500728016e-6,-0.0006365575881649652,-0.00020254410256158724,-0.05547510900419348,1.7851245258341242,-0.00011346456251074824,0.7744824230955362,-850.5926193409816,-3186.831816667368,-0.13141160489777723,0.010224135010068424,-4924.900594057705,11022.094883919928,-8.050454257544682e6,-0.0013840424163227164,1.095342158385199,1.9169623486639403e-13,354866.15477111493,2.2977568992926848e8,4.110466345820373e7,6.4677820886532746e-6,-0.18221001883048862,-2151.873121873757,-876851.8938496623,2.2267093796389194e9,2.3527209397395447e10,-6.736430274029982e8,6.548552177346499e-8,0.0016159634012421346,9.560620556023034,-3875.2520705516627,-1.8262029233769864e7,-3.756525938015955e8,1.4967235062035446e11,4.80962541786417e9
2.3315566514681785,24.234047227204197,4749.277206431401,0.15316519328646802,21.634340435252618,763.0556817735189,-163.28544472587674,5663.030505375248,-134147.7390968127,0.02001141543109381,-1.5819601853204164,13.060675009279368,-10.93720222333544,11256.453112601937,80953.97228851808,0.9100101934530962,38607.06633796663,461904.97551151173,-862737.732095965,0.0022370768667654035,-0.1679280227083181,-81.12020606940189,1.599467799356956,-919.2210972249491,-4889.816664038299,77.63782209155374,-7256.378145270699,3.0398789037543596e6,3.348683423610297e6,-0.03451501906477393,1043.9260292298707,7.731963532918256e6,1.2301621082222745e7,2.897075508143604e8,0.0017270858340017962,-0.1320510935778802,-0.9896258266290828,-0.20649052781655924,-106.34508880742015,-38890.99332713754,-0.8577265748979197,-663.7889771054629,-273830.7584525068,-573845.7870659308,0.08537397650360504,24742.14861269419,-2.4213719146512174e6,5.767471426465647e8,2.8586637476911187e7,0.003871098387617966,-8.681992702961983,329935.7813614741,5.99252453922763e8,-4.590228793349078e7,-1.916948506876567e10,1.4212045429567906e-5,-0.00492054577578749,0.20645170191517476,0.05382924623412901,-120.48658111100441,-839.628078668765,-0.5210476349747319,-82.75131273580789,-28047.504654052504,-6.743745557272347e6,-38.12847261101006,428.0273618918282,-1.3689120838596544e6,-5.4679447952594444e7,4.170727546357024e7,-0.004983348862730179,-30.746649763023115,3.421299986286246e6,-5.537042667141894e8,8.77120538014406e10,-3.182238909105714e8,0.0005790636568307257,4.613836514932787,1094.0493929256888,4.3329663526943535e7,8.076437051766509e9,1.1307514248165426e10,9.947540769467865e11,1.6519895001431825e-5,-0.0024697406859276144,-0.10472037571422906,0.037949443738983644,-2.3172706509422123,-449.1712589932339,-0.037518454936100586,91.89650044946565,-39275.841449377884,-144553.42302076812,0.021682299403431974,-592.0281725881406,11022.094883918187,-3.229628606716133e6,-3.7351605957462615e8,-0.015298152055702945,-37920.61549975598,876851.8938496561,-8.349743838230442e8,-8.251204277982579e9,9.455225554501862e9,-0.004382183717307489,-14.802380852643726,-157396.50539209443,-4.181192915793145e-9,-9.94253675345713e10,1.1531594180171482e13,1.4321903331364807e11,1.870704297364816e-5,1.2348664261838265,1735.6354617639731,704722.3817987747,1.1150240605388303e9,-6.232793443280607e11,9.879618357110227e11,-4.892147078689888e13
-256.7377086525552,571.5042636353164,5328.225531066821,6.1972866949903835,53.13233887215148,-34596.19668766277,-4.909324151088784,22286.033336851964,-40280.59472363674,13.47560262351714,10.729463415166899,-1639.999382131978,110.60984306419694,21703.940409244668,-1.4998099242678154e6,-31.626086382384322,29708.581934179,-3.7226614232214796e6,2.1636827300952133e6,0.44250653438299553,-6.1478994851900985,5832.45748346385,3.850301050258242,13801.671729353206,-948095.8904019028,29.426065427533793,48843.91630118462,4.932107351258063e6,6.44831926989213e6,2.613173877346069,508293.0836021989,8.976842142571842e6,-3.191975555809489e8,-3.451185591500971e8,0.05656864499353216,-3.350696034728741,194.25877548576122,-10.879318514080747,-5053.589078180502,398579.5595898937,43.223483886597236,110.83805133395168,6.685421727254123e6,-1.4515960950708205e8,511.8429013274789,18140.15152064329,9.6085667011354e6,8.496779925864815e8,-4.25846806277349e8,0.34671122167133384,477.7484068611027,1.4798093399523538e8,9.89288794542414e8,8.479200917656872e8,2.0812179288539272e10,0.007161475057431096,-0.5149668022151385,81.73727470154672,2.7747394676922785,-6768.378559358447,-2996.513938316648,-1.973113808448918,-12882.623051479663,-1.8022091753015516e6,-1.951299190798049e8,-18.082534497193286,38283.80309911539,-970187.1082699307,2.057661916103596e9,-8.743918545769255e9,-3.4606513201831315,256226.17848205025,2.3448278586278143e6,4.1483504060157377e8,1.3020639660078098e11,-1.5759984240700125e11,0.016231848954178285,338.0009015022398,-388415.05110466626,1.5316453718968233e10,2.5852720995715584e10,4.0689023682810785e11,-6.934921864414569e11,0.001363889631315507,-0.03010436659197924,1.401756981507523,-1.8830103080947251,-583.9587538798288,31828.574493825694,4.088603192540655,4382.018666456196,-4.850786842550236e6,-1.5025471405545654e7,-13.322979068414972,-2213.0844584668084,-8.050454257544888e6,-3.7351605957462543e8,-4.918611314237245e10,-169.7834276725626,-28138.180573775255,1.8262029233769387e7,-5.718744855623937e8,4.664647159474845e11,3.390654962234271e10,-0.30025866743123597,-3576.0171005323905,1.4183869160178252e7,-1.1150240605388138e9,-2.6785817024492978e11,1.9333492118712723e13,-3.069931287786635e12,0.0048700123936916495,-6.271469278794253,93062.01404239783,-1.6536949681939417e8,-4.4525547420345216e-6,-3.4259230100903306e12,-1.0703681539948414e13,6.673907450033276e12
-4.6803291534548096e-8,1.306082605034866e-9,1.2141339881593144e-6,4.481044144711959e-9,6.1625785460636294e-9,-6.889237750906445e-6,8.293207721198387e-10,-6.479988653297834e-7,-4.2144608730334235e-5,4.398155197119784e-7,8.27095452180827e-9,-3.1497332257238373e-7,2.434348589520732e-9,2.448677951514474e-6,-0.0003755941516352449,-3.0055348601122016e-10,3.8732786693708113e-7,-0.00011572495244339532,0.0006769878910537937,1.0479897056286118e-9,1.4657022633956382e-9,6.985890836326154e-5,-3.832867961324028e-10,6.135805567625401e-6,-0.0002539742190400972,-4.207937329924372e-11,1.367276643496116e-6,0.0004995453958747,-0.006862180703401359,-1.0005165592896312e-11,4.996534193593325e-8,6.140817659553124e-5,-0.006375314296669245,0.019654314761288816,5.305475657388017e-12,-1.4578406764519369e-7,1.928680378784881e-7,-3.824675586244602e-10,-6.294028991411432e-7,-0.010008045217941746,7.680610040710524e-10,-8.561166096339654e-7,0.0022149181531718235,-0.01859529003197143,2.764913981033508e-10,-1.4088474586908975e-7,0.00038795481355802155,0.06522339553261049,-0.014194970964001049,-4.058581311739157e-12,4.575894184179557e-9,7.240193840661302e-5,0.003412166002174396,-0.0479619546679231,-2.2656290105477894,-7.73618441509956e-13,-6.337062622870381e-10,-1.2984016445402722e-8,-2.5507547512309365e-9,-0.00011720268227516905,2.985251120982305e-5,-7.427024494409131e-11,-1.3351570322795136e-6,-3.073504181381351e-5,-1.998854961058531,-1.4668513424925005e-10,5.746007502181995e-7,-0.000591980926049191,0.5627625754589729,-1.868049873200982,1.2228039882539967e-11,3.4868726190697736e-7,-0.00010010416607146218,0.07066264863584562,4.753152308851763,-29.58212551324651,1.8907632378334908e-13,-2.9420046992087064e-9,4.532091913301933e-6,0.018292953138577876,-0.15472992276494674,3.173196383946594,140.73537043534844,-5.339856760981482e-14,-1.553515183844098e-11,-3.2629962662332643e-10,-1.2943375060197248e-25,-1.9579440138698532e-8,-7.5618209605062995e-6,7.208427428626619e-10,1.583125237145584e-8,-0.03532553925398958,0.008772762829352429,-2.105176297327444e-11,4.055859770332915e-8,-0.0013840424163226919,-0.015298152055702728,-169.78342767256171,5.802603429612689e-12,-1.3926459424142525e-7,0.00020254410256157458,-0.24639449273905753,110.21031265651567,-45.935094464519636,3.749381396362574e-12,7.4362468301945165e-9,0.00017319249949094117,-0.03794944373898425,9.085356225089122,-292.4421867069286,73.19551812902452,-6.881931187852077e-14,4.3860170332558415e-10,-4.179345853728824e-7,0.001129817035937194,1.8830103080947127,-28.778338802275577,-178.47978205786163,-8121.861868188408
0.00013962662258135467,-2.6516950269794543e-5,0.014969729839581876,0.0024511200008696145,8.443310866922913e-5,0.014168130774572907,9.389165733088785e-7,-0.003175079744723584,-0.5292752698005878,1.7224196027511736e-6,-3.122689601340496e-6,0.9016459442516641,-6.386402291284311e-7,0.03434515028930406,0.4395830809165365,1.2060566076174483e-6,0.0005087610010961686,-0.11655216016303657,13.735106657395134,1.557241625569142e-7,-0.0005947015388830535,0.001520127571494224,-2.282680141568468e-6,-0.00557348731284099,52.11923559573027,-6.532588275116793e-7,0.0007536801289756129,7.522617530071673,-3.0406607413329625,1.3792254337027553e-8,0.0005293295519969485,0.05208133655471776,1.664119444182326,-426.5086569235682,1.7686433128538344e-8,-2.3454878020239853e-6,0.00010256986632547293,-1.6688186971586357e-6,-0.5421555095890237,-0.17730905444938494,-1.118237985825092e-6,-0.00875115726296,-2.062600952595934,1034.606489127995,-3.804401347998785e-7,-0.000679388080369549,0.5973239445623467,1185.3643941109929,-460.38824689696094,8.479110578923846e-9,4.603869129122628e-6,0.03714499457993132,-2.2747515391881117,-58.91146201833318,18490.74660189628,5.0892211889502835e-9,-2.3453290149627683e-7,6.224357573383499e-6,-0.00017885248928399547,-0.004232265147719516,0.03095548377184491,-1.5788273382573319e-6,0.0017945175376095825,-171.75352514229607,-146.0663899449253,-1.8764577536630066e-7,-0.0012113652228653122,-6.408536131890665,-663.461503750321,-172227.4865907711,-3.30605436964478e-8,-0.0006979170131849036,-0.320998668802588,219.49306422818444,155582.7225499587,66519.20616416853,6.519608261510138e-10,9.38654886218345e-6,-0.001819541991797159,-17.372206122319987,-637.319385347943,-17179.497754874115,-694490.6950883722,2.1429278784204314e-10,-2.1545611379907596e-8,3.0070641505586133e-6,-1.5831252371440526e-8,-0.00019740294225571842,-0.0020235884041342666,1.1120111067912609e-6,-1.7262989212786002e-19,-2.6947298759394824,4.586583381549991,5.779974512452525e-7,-3.92204659683927e-5,1.0953421583851917,-37920.61549975568,-28138.180573775873,-1.392645942414279e-7,-9.358558215644099e-5,-0.7744824230955447,-2662.9224826137433,-144498.62029956194,234931.72793263537,-8.039127224804825e-9,-4.049998881605323e-5,-0.47905344856350285,-91.89650044945591,54037.90350522462,1.8344997758755337e7,1.3570755934663666e6,1.5808245275138153e-10,6.301942858220805e-7,0.0029968455687368724,-1.0216967487991024,-4382.018666456251,-16304.637946820738,-207380.6320051027,9.164505375731656e6
-0.7486244801137083,0.09692388684729009,1.924953305167577,-0.016654809142786612,0.011411775165447098,987.604401597253,0.00012372243563300845,9.323880625162339,-81.2589410659124,-0.007804690686175825,-0.9891087232602691,-2.7396109676366938,-0.016873137079067554,-0.5959875661301566,24931.011759188852,-0.0021749798182027543,0.8682817687323687,201.27186268684295,198.9935990425913,-0.0001485435494011291,0.009383145623743303,-5.29054707973331,-0.0036947664360086644,-571.960990052664,153.5415681849911,0.0008895767006997672,-12.925425698297305,-1404.4509621984937,1.0034826008580193e6,-5.441283428997121e-5,-0.7580814839014319,246.03174624016913,-17670.704526505546,186096.1046370599,-3.9500756558495274e-6,0.0002212008011899717,-0.09108705349953905,-0.28110704918069274,7.37776523939979,-1113.2052467498227,0.002419311152519429,-3.9116918512311547,-126871.13989540916,90815.05409409369,0.0008922303776836424,0.5025628721134167,-4729.113897267526,-511219.22447848634,-7.509229929463172e7,-1.1533618949726429e-5,-0.008929047753394412,12.155770101701181,27977.024172379206,155875.68517682745,-1.0238835984938746e7,-2.39572209697232e-6,0.0001242883898453605,-0.017072653700234305,-0.00012380012106113516,2.0602096422339082,-11.1885829504187,-0.000812934058127268,-81.87332783244497,3172.3101842392543,-44838.82163090106,-0.0005700263569725021,5.88749158839727,-1784.53797307278,-1.940730694309424e7,1.06158303411209e7,5.7071345923314546e-5,1.36346649201633,87.6771089020314,-1.1835446871915564e6,-1.2050598648029967e8,4.494207048941973e9,-2.6444517775219685e-7,-0.009210537315656199,7.692574194427812,42352.2583263048,1.1568482599171093e6,4.123786611715755e7,2.2828183598834687e8,-6.548552177346499e-8,-6.4677820886532746e-6,-0.0016159634012421346,0.0013840424163227164,0.18221001883048862,-9.560620556023034,0.13141160489777723,-1.095342158385199,2151.873121873757,3875.2520705516627,0.00011346456251074824,-0.010224135010068424,-1.9169623486639403e-13,876851.8938496623,1.8262029233769864e7,0.00020254410256158724,-0.7744824230955362,4924.900594057705,-354866.15477111493,-2.2267093796389194e9,3.756525938015955e8,9.723861500728016e-6,0.05547510900419348,850.5926193409816,-11022.094883919928,-2.2977568992926848e8,-2.3527209397395447e10,-1.4967235062035446e11,-1.6945843226416878e-7,0.0006365575881649652,-1.7851245258341242,3186.831816667368,8.050454257544682e6,-4.110466345820373e7,6.736430274029982e8,-4.80962541786417e9
-0.9136279676961763,0.9136279676961763,6.438638865876609e-14,20.646298426353546,7.552566554274359e-16,-508.93281445713393,-20.646298426353546,508.93281445713393,1.9943517036337576e-12,0.37910404596059843,2.6072950709681106,4058.7514923388526,-2.6072950709681106,3.22514031731509e-13,-9731.208531949555,-0.37910404596059843,-4058.7514923388526,9731.208531949555,-2.155393205921603e-10,-0.06467685980421302,-7.067299362681319,103.54456517683843,-2.050173892409533e-17,1547.962654647086,56824.90473009455,7.067299362681319,-1547.962654647086,6.754545054544771e-12,1.774539199613156e6,0.06467685980421302,-103.54456517683843,-56824.90473009455,-1.774539199613156e6,1.1277239558651788e-8,0.00816447512042388,-0.5394869206200166,-32.77046566745738,2.550676088415374,-6810.16019699346,-7748.029531517816,-2.550676088415374,3.280547478767488e-14,502872.3600503906,-5.126871216282201e7,0.5394869206200166,6810.16019699346,-502872.3600503906,-5.62417286007619e-9,1.1477490883873095e8,-0.00816447512042388,32.77046566745738,7748.029531517816,5.126871216282201e7,-1.1477490883873095e8,-4.890523224682685e-7,0.0011108647966804534,-0.0028141387116641494,2.794657506598019,0.581907442126521,-485.4241581222159,-4418.886047743669,1.4912045901590086e-16,1572.5190491273738,-2.9733693725777697e6,-5.354466799172128e6,-0.581907442126521,-1572.5190491273738,-1.7355203928281534e-11,1.1288969591630822e8,-5.096936226306794e9,0.0028141387116641494,485.4241581222159,2.9733693725777697e6,-1.1288969591630822e8,1.100858500232567e-6,-7.297820879008529e9,-0.0011108647966804534,-2.794657506598019,4418.886047743669,5.354466799172128e6,5.096936226306794e9,7.297820879008529e9,2.0097293487505116e-5,4.464279470657426e-5,-0.011220717480108312,1.5475631175319202,0.24639449273905903,9.246094121528149,-890.5075845914629,-2.16667774358159,2662.922482613739,-199873.5910664129,984820.4341182553,2.16667774358159,1.4828645526149205e-13,354866.1547710863,-8.349743838230587e8,-5.718744855623673e8,-0.24639449273905903,-2662.922482613739,-354866.1547710863,-2.2910959653873257e-8,1.990950703380083e10,-1.1193710538273483e11,0.011220717480108312,-9.246094121528149,199873.5910664129,8.349743838230587e8,-1.990950703380083e10,0.0002799703200881543,6.6757508933140686e10,-4.464279470657426e-5,-1.5475631175319202,890.5075845914629,-984820.4341182553,5.718744855623673e8,1.1193710538273483e11,-6.6757508933140686e10,-0.000827219637688847
2614.354897380058,-101856.41806909708,-210531.01383647716,155.2536921269107,-1253.9068068903766,-48373.1647146862,-1920.5027723849323,1.660061550181011e7,-6.541426196101469e6,-68.68863436861697,-81.10994005292729,97515.57098939498,-34169.46368088575,-1.1461413712942507e6,-3.942180148307435e7,-413.64136455766055,-515936.52845074865,1.289632767226439e9,9.128655531792874e8,-1.1371246719662347,28.105740877182697,25301.5110319555,-583.3037455958662,-145084.63344752823,1.8106237222845547e7,698.1017701296523,-1.4710662308266357e7,-4.283092095823391e8,-2.990682525805368e9,-10.759190849685066,-424666.97130212706,-2.8895599503402967e7,4.77390751135556e10,-4.642080572364489e10,-1.3393714325658648,92.47673076313706,2042.7703909678448,220.7966699635869,-9511.772208499098,2.2711724407626018e7,-10075.776226937796,-395179.5850298014,-6.79527689264675e7,1.2263044819030216e9,-166.23576502155572,709794.8575392766,-2.8540244784500957e9,-1.0680640275975462e11,-2.7118402256633038e10,1.0166562217846404,-10543.534967169848,-1.2434184615408738e8,5.62817944045829e9,-1.897189219410434e12,1.8514159029793242e12,0.04444531729555217,2.1940249100997473,-642.268039432554,-46.211019047585864,104442.3281804796,1.269510176992682e6,33.46555525606453,331020.2632954202,-1.746766207438333e7,5.164799986700477e9,-15.200584538676225,-6.10733331296252e6,-8.312169870185441e7,-2.031077701707855e10,-2.923143347151406e10,8.917564163552619,-62210.714146359845,3.325662808775031e8,-2.826504216050595e11,-2.154834128224246e13,1.6991621058020361e12,-0.25120885941757204,-692.118948320968,-2.9026572312982455e6,-1.3786916364866e10,1.0101037692319847e12,3.455851621769724e13,-7.779857673866273e13,-0.01516404432312911,1.4883594763650225,101.59799602154087,-9.08535622508859,418.44161332163657,58287.02225170111,83.7768536613893,-54037.903505224975,4.726502508288255e7,2.5504134253104568e8,3601.6738870439294,107148.04507062923,2.297756899292674e8,-8.2512042779826975e9,4.664647159474977e11,110.21031265651675,-144498.62029956366,-2.2267093796389494e9,1.990950703380143e10,-4.53812755785594e12,-8.606017102667715e12,-2.0189516530259537,15059.84804278018,5.523382619078471e7,9.942536753457018e10,-0.000450154735951305,-3.893972052636815e15,-4.12773929071888e13,0.010378667297169143,-253.36901383084748,-805034.8079083626,-1.3679698816298133e8,2.6785817024495276e11,5.6057791060616875e13,4.4506496150495606e14,3.6960779478381915e15
2899.728607602089,14252.927461505498,407552.5179868016,-139.46854682182206,3089.6531925509694,674374.7127072889,55856.26776274923,3.3177769440228166e6,-1.9331416243520174e7,-68.67808396369858,-991.197365161661,-57396.56783704502,-7051.934972282759,1.5522406720828144e6,5.9494386212523125e7,-93.06021539412053,-1.0268485761099532e7,2.9544848272913486e8,2.2048635675971514e8,-2.0842378493301665,22.434220003285226,-85550.88937989621,388.45642219500996,-644375.1948377986,-6.214611967042572e6,-21474.15343626968,-4.321266897056388e6,4.8431706128380185e8,2.11673101063997e9,3.6720276650936627,401669.0747792117,-2.904065403859045e8,9.064286400170103e9,9.260385090331114e9,0.6763008851265744,-54.80513090672001,-2787.967166728795,-97.09564775153291,43132.42445713444,-2.6943537515465576e7,-770.6481373065452,77369.74029094912,-2.1423603527335733e8,2.881151470666663e8,525.044178195125,4.891368451115257e6,-1.425804600013609e9,9.949707668571219e10,2.158636456254593e10,-1.5079461714398876,3942.120532860479,2.1279131805627584e8,6.202637749495386e10,9.38846923371582e8,-2.5286833918256335e11,-0.07719465926518201,1.3956370065704524,-201.40831764865467,18.697131383234055,-31454.88843756669,-873570.5286118541,-74.09217257101051,-8616.547813989006,2.7040735500096977e7,-3.18494617969938e9,8409.453736141078,-92923.23003250214,-1.3199308337353377e8,-4.871676176512581e10,1.0770017192385146e11,7.82290543680932,602055.932172869,2.5588710430593214e9,-3.2000880440455865e11,1.642055804665768e13,8.632285053302515e11,0.11917280612718806,94.51311817776647,2.717536651678884e6,4.139808499387466e10,6.33239530150026e12,3.8293598820091353e12,-2.1618690146437e13,0.0032345680190638965,-1.1080744887419454,-100.85550668669819,28.778338802276885,3595.3932600126823,-358318.6453644522,-53.90798086937122,16304.637946821395,4.267801612540687e6,-6.017570505333211e7,30.71787457737104,-115959.45359605548,4.110466345820329e7,9.455225554502096e9,3.3906549622346165e10,-45.93509446452085,234931.7279326326,3.7565259380159867e8,-1.1193710538273401e11,-8.606017102667691e12,7.532777996102408e12,1.9091766265685368,-2603.4290762667088,2.5372273792760032e8,6.232793443280652e11,-5.605779106061749e13,2.3616009179903955e15,1.0090152316868005e14,-0.02579718175128255,382.7141036934138,628171.7480647059,6.515137423779831e8,3.4259230100902817e12,-0.0003094530971010928,6.452616277980394e14,1.7962164018755992e15
3.9109093646259736e-10,5.31251978595549e-10,-5.727997124175382e-8,1.2343435568477787e-10,-3.135182782664601e-10,1.2360136922360244e-7,-5.743959876703137e-11,1.0042817166628653e-7,1.9670000185783006e-6,6.234829014118806e-11,-2.9566028049393503e-10,2.177448951637732e-8,-1.2533910385461303e-10,-1.3524975079240672e-7,1.308783896494405e-5,-1.8936388373672464e-11,-1.1328886298477741e-8,7.652089113885185e-6,-4.656014298878454e-5,1.62784714200203e-11,-5.988224369506729e-11,-1.0851085829225666e-8,2.045192577135606e-12,-1.8374612931788085e-7,-1.045539295556806e-6,1.8619944881185253e-11,-9.010423403241932e-8,-3.091404494355083e-5,0.0005225317680669273,-7.898397027539078e-13,-1.6432600955608612e-8,3.088818038510743e-7,0.00022521783256320273,0.0005533394100940223,-1.4243829860872499e-9,-7.962973083684826e-11,-1.0809326101508454e-8,-5.1717705074405455e-11,-5.008271287436024e-8,-1.57348126963447e-5,-1.3482156228644829e-11,2.836787158676868e-8,-5.794419036827217e-5,-0.0004369561623973702,-3.986617030970387e-12,1.9439177383531085e-8,-3.225537696411486e-5,-0.004936082543410453,0.003323733839954519,8.873534218037926e-14,-8.207106232279696e-10,-4.332435654452775e-6,0.0002810827379324935,0.0028455330786940195,0.026635605876654863,-2.718560944688039e-12,-6.034072601500061e-11,-1.5483326351000172e-6,4.203225303176121e-12,-7.73911313646913e-8,-3.132830031440371e-6,6.419452069175277e-12,-1.9224037112695235e-8,-1.885566533709771e-5,-0.003366309432454688,-2.738182777132862e-12,1.895773264296509e-9,2.403599983346268e-5,-0.012330512672324358,-0.01866995214230473,8.495430964609063e-13,3.973573446862297e-10,8.780061579480099e-6,-0.007872419978761223,-0.6045679136081026,-0.04076711549039614,-2.9470532146644804e-14,-2.0657391426569897e-11,-2.5208880482018987e-7,-0.0003843609592156574,0.030788983466965444,0.21848025205554197,-3.8152191160235662,1.544728048787221e-14,-1.1525033263292635e-26,2.0735780559187465e-10,1.5535151838442355e-11,1.4037582651479636e-8,-0.00017575017352208834,-4.705436368747089e-13,2.1545611379910117e-8,-3.3483268231153e-5,-5.454336235523527e-5,-6.178855634597224e-12,3.6446078613598765e-9,6.467782088651574e-6,-0.004382183717307424,-0.30025866743124113,3.749381396362402e-12,-8.039127224802744e-9,9.723861500724665e-6,0.011220717480107669,-2.0189516530260634,1.909176626568524,-1.35566133016501e-13,1.194902436044796e-9,3.6180272140098376e-6,0.0024697406859274912,-1.4883594763650743,-55.27459390702329,23.70335685628185,6.7185189887034e-17,-2.5491983633227004e-11,-4.128546223275756e-8,-2.3679267187570725e-5,0.030104366591980732,1.1080744887419403,12.861695588276568,336.92508919265515
-7.361182024148743e-6,1.3043932603240997e-6,2.043854624570358e-5,3.8552500526848734e-7,1.563603151936993e-8,-0.0010095239469300424,-3.373121236095857e-8,3.773171373146474e-5,-0.003536607842211258,1.4471244549519124e-6,5.901897776164567e-7,-5.4403237667083355e-5,4.7340795324901804e-7,-1.780079705536572e-5,-0.04797622360406802,-1.273941421112539e-7,2.4379195576585256e-5,-0.013170085206567804,0.1951269749238636,6.874143129163342e-6,-2.2010800268938342e-7,0.0006258372152992432,-5.852873011930975e-8,0.0005861325682837905,-0.04309781433343937,6.483079667051632e-8,0.00022522573990030326,-0.011077172228808833,-0.10647083238321096,-2.4706553011017624e-9,-2.6237659787743374e-5,0.009743337540124231,-1.0836119092496581,-7.62688862241565,1.2257986267057632e-8,-5.78654222906361e-7,-0.004564763600616469,-8.116018221759079e-8,-0.00020473225729193413,0.11759706470148981,1.7510696541530794e-7,-5.197573108741202e-5,0.25100345607690727,-7.182682657959458,7.128784449125832e-8,4.768378911084079e-5,0.04905880020758905,-3.852149774192847,-13.013995759044946,-1.242196787435189e-9,1.856726314876446e-7,0.009316478165244713,1.2302909115657301,-5.937373257105853,258.1630335635145,-7.468245215897365e-10,-1.0770640246102991e-5,-8.727206834389674e-6,1.1571424175383414e-7,-0.0003570155158115387,-0.6956367057472865,7.484661196287172e-9,-0.00020199084489654634,-0.07525466063693372,-1.8506089964759436,-2.2465250073642934e-8,0.0001361567595535527,-0.025661258523936876,70.76421130583998,-450.209363876883,4.396780434477298e-9,0.00010189774345997023,0.014744464157887141,4.611148410257244,-1043.2858578804,-4028.652410417881,-4.4797083611469305e-11,-1.074657214055639e-6,0.0007089530663881943,4.072061329317497,44.22053507883322,1307.1967477906169,-8505.72178708352,-4.7708097359655296e-11,-1.4037582651480195e-8,-4.6259383951445796e-8,1.9579440138699972e-8,-5.534437861875778e-21,-0.0032780751039805647,9.490285687298659e-8,0.00019740294225571606,-0.3223784987566567,-48.30638748975192,-2.9921740986716255e-8,1.2829171164158729e-5,-0.18221001883048937,-14.802380852642262,-3576.017100532388,7.436246830195108e-9,-4.049998881605629e-5,0.055475109004189116,-9.246094121526605,15059.848042780264,-2603.429076266825,1.1949024360444554e-9,4.0768326441807695e-6,0.0585004200885155,2.317270650942525,-418.4416133215702,-241617.89651724783,-75958.74220462696,-2.1370823028290336e-11,1.032215095576435e-8,-0.0002481596028166769,0.215277353969039,583.9587538798382,-3595.393260012579,-19068.45929760791,282269.33527422044
-0.06618582619550027,0.025660223317452813,-1.3921272807472485,0.004568179212715262,-0.009464721193015335,-3.734881711905014,-0.0007442504106862442,3.4017235894481135,29.39480184675773,-0.017879585094696556,-0.008161818685257454,-1.2415946987802862,-0.001409224572742673,-4.268087899378969,274.8744833808171,-0.0013278400367063756,0.15544114031308132,142.38150235985634,-360.8532273700134,-0.00024398267887029983,-0.003484110591820646,-94.72265009966023,-0.0006950704882962763,-2.923243174658474,-721.4538414991223,0.0006652036377734068,-1.5575263826742816,-1053.6328205632683,30255.37422312058,-4.442098710307596e-5,-0.5632996558409826,98.41256575302187,-1115.656789288791,7002.111269974713,-3.732561705492973e-5,-0.09097611409118875,-0.041141252468814594,-0.004086906711782242,-3.298664375372294,-22747.692982510365,0.0010663767449348158,0.09292292401883462,-294.8631686332063,-106530.08713312825,0.00035527829823168495,0.5420196756498626,-712.6801540925533,-191834.49767660853,-109688.59996340176,-5.953301854712743e-6,-0.0198119377234889,-34.516469593567265,15106.755024628117,35036.51432500514,41135.1250932027,-1.8958219060649543e-6,0.0002890078112241801,-0.03537066431108372,0.00113003587650679,-35.432017186908105,35.0326515265118,0.0003077529782676825,-4.018849670426354,-1118.3158115511505,-2.091529688098104e6,-0.00030256174814364325,1.3269258100329875,330.12167527125524,113322.28119963469,-4.634821545656868e6,5.229281377814705e-5,0.6847433706325914,191.3986283868687,-212434.8691236152,-2.965529679628047e7,-4.390782905800516e7,-7.538102108327158e-7,-0.007918380357659635,0.04729133799264072,19894.029330035522,897855.3521135447,1.5582147013562022e7,-5.639205472728732e7,-5.00675453121188e-7,3.348326823115389e-5,7.77588145618011e-5,0.03532553925398921,0.32237849875666114,-9.090160648767416,0.001305738160652164,2.6947298759394487,4.952193180342482e-14,14712.8235920013,-0.00034359092072271986,0.3440752023779172,-2151.8731218737494,-157396.5053920984,1.4183869160178114e7,0.00017319249949093274,-0.4790534485635346,850.5926193410054,199873.59106641373,5.523382619078364e7,2.537227379275975e8,3.6180272140103505e-6,0.05850042008851522,481.6283333476408,39275.84144937945,-4.7265025082883246e7,-4.2228959437199893e9,8.356667021365899e8,-1.3629976665060494e-7,-0.00014040942504312142,-2.927766529314044,1420.2827452571464,4.850786842550249e6,-4.267801612540183e6,3.0433776697728354e8,6.599705836449247e9
-24.234047227204197,-2.3315566514681785,-4749.277206431401,163.28544472587674,-21.634340435252618,-5663.030505375248,-0.15316519328646802,-763.0556817735189,134147.7390968127,-0.9100101934530962,10.93720222333544,-38607.06633796663,1.5819601853204164,-11256.453112601937,-461904.97551151173,-0.02001141543109381,-13.060675009279368,-80953.97228851808,862737.732095965,0.03451501906477393,-77.63782209155374,-1043.9260292298707,-1.599467799356956,7256.378145270699,-7.731963532918256e6,0.1679280227083181,919.2210972249491,-3.0398789037543596e6,-1.2301621082222745e7,-0.0022370768667654035,81.12020606940189,4889.816664038299,-3.348683423610297e6,-2.897075508143604e8,-0.003871098387617966,-0.08537397650360504,8.681992702961983,0.8577265748979197,-24742.14861269419,-329935.7813614741,0.20649052781655924,663.7889771054629,2.4213719146512174e6,-5.99252453922763e8,0.1320510935778802,106.34508880742015,273830.7584525068,-5.767471426465647e8,4.590228793349078e7,-0.0017270858340017962,0.9896258266290828,38890.99332713754,573845.7870659308,-2.8586637476911187e7,1.916948506876567e10,-0.0005790636568307257,0.004983348862730179,-4.613836514932787,38.12847261101006,30.746649763023115,-1094.0493929256888,0.5210476349747319,-428.0273618918282,-3.421299986286246e6,-4.3329663526943535e7,-0.05382924623412901,82.75131273580789,1.3689120838596544e6,5.537042667141894e8,-8.076437051766509e9,0.00492054577578749,120.48658111100441,28047.504654052504,5.4679447952594444e7,-8.77120538014406e10,-1.1307514248165426e10,-1.4212045429567906e-5,-0.20645170191517476,839.628078668765,6.743745557272347e6,-4.170727546357024e7,3.182238909105714e8,-9.947540769467865e11,-1.870704297364816e-5,0.004382183717307489,-1.2348664261838265,0.015298152055702945,14.802380852643726,-1735.6354617639731,-0.021682299403431974,37920.61549975598,157396.50539209443,-704722.3817987747,0.037518454936100586,592.0281725881406,-876851.8938496561,4.181192915793145e-9,-1.1150240605388303e9,-0.037949443738983644,-91.89650044946565,-11022.094883918187,8.349743838230442e8,9.94253675345713e10,6.232793443280607e11,0.0024697406859276144,2.3172706509422123,39275.841449377884,3.229628606716133e6,8.251204277982579e9,-1.1531594180171482e13,-9.879618357110227e11,-1.6519895001431825e-5,0.10472037571422906,449.1712589932339,144553.42302076812,3.7351605957462615e8,-9.455225554501862e9,-1.4321903331364807e11,4.892147078689888e13
101856.41806909708,-2614.354897380058,210531.01383647716,1920.5027723849323,1253.9068068903766,-1.660061550181011e7,-155.2536921269107,48373.1647146862,6.541426196101469e6,413.64136455766055,34169.46368088575,515936.52845074865,81.10994005292729,1.1461413712942507e6,-1.289632767226439e9,68.68863436861697,-97515.57098939498,3.942180148307435e7,-9.128655531792874e8,10.759190849685066,-698.1017701296523,424666.97130212706,583.3037455958662,1.4710662308266357e7,2.8895599503402967e7,-28.105740877182697,145084.63344752823,4.283092095823391e8,-4.77390751135556e10,1.1371246719662347,-25301.5110319555,-1.8106237222845547e7,2.990682525805368e9,4.642080572364489e10,-1.0166562217846404,166.23576502155572,10543.534967169848,10075.776226937796,-709794.8575392766,1.2434184615408738e8,-220.7966699635869,395179.5850298014,2.8540244784500957e9,-5.62817944045829e9,-92.47673076313706,9511.772208499098,6.79527689264675e7,1.0680640275975462e11,1.897189219410434e12,1.3393714325658648,-2042.7703909678448,-2.2711724407626018e7,-1.2263044819030216e9,2.7118402256633038e10,-1.8514159029793242e12,0.25120885941757204,-8.917564163552619,692.118948320968,15.200584538676225,62210.714146359845,2.9026572312982455e6,-33.46555525606453,6.10733331296252e6,-3.325662808775031e8,1.3786916364866e10,46.211019047585864,-331020.2632954202,8.312169870185441e7,2.826504216050595e11,-1.0101037692319847e12,-2.1940249100997473,-104442.3281804796,1.746766207438333e7,2.031077701707855e10,2.154834128224246e13,-3.455851621769724e13,-0.04444531729555217,642.268039432554,-1.269510176992682e6,-5.164799986700477e9,2.923143347151406e10,-1.6991621058020361e12,7.779857673866273e13,-0.010378667297169143,2.0189516530259537,253.36901383084748,-110.21031265651675,-15059.84804278018,805034.8079083626,-3601.6738870439294,144498.62029956366,-5.523382619078471e7,1.3679698816298133e8,-83.7768536613893,-107148.04507062923,2.2267093796389494e9,-9.942536753457018e10,-2.6785817024495276e11,9.08535622508859,54037.903505224975,-2.297756899292674e8,-1.990950703380143e10,0.000450154735951305,-5.6057791060616875e13,-1.4883594763650225,-418.44161332163657,-4.726502508288255e7,8.2512042779826975e9,4.53812755785594e12,3.893972052636815e15,-4.4506496150495606e14,0.01516404432312911,-101.59799602154087,-58287.02225170111,-2.5504134253104568e8,-4.664647159474977e11,8.606017102667715e12,4.12773929071888e13,-3.6960779478381915e15
1.1024069229298604e6,-1.1024069229298604e6,-1.3482104164208158e-9,-250651.08348087396,-4.84423013804632e-12,1.715566049135875e8,250651.08348087396,-1.715566049135875e8,6.01205372236719e-8,-13827.516615318013,-223817.39016890439,-6.379605389044321e7,223817.39016890439,-2.312377404003655e-9,1.1151876167192692e10,13827.516615318013,6.379605389044321e7,-1.1151876167192692e10,-1.4674651282604985e-6,519.7105658931498,85482.73711712749,-1.0358096834653346e7,-4.698646875126143e-13,-1.9255572714259908e8,-4.12461831343734e9,-85482.73711712749,1.9255572714259908e8,7.132760687207811e-7,2.824661664235759e11,-519.7105658931498,1.0358096834653346e7,4.12461831343734e9,-2.824661664235759e11,6.44357895330426e-6,-56.732829155793894,2602.061917462926,218651.12746572416,-45328.83842770229,8.61657409697644e7,-2.4709258928107567e9,45328.83842770229,9.994504016462375e-11,-7.656865468866133e10,3.4722262887334045e11,-2602.061917462926,-8.61657409697644e7,7.656865468866133e10,0.00018856704257040228,6.9084720098570205e12,56.732829155793894,-218651.12746572416,2.4709258928107567e9,-3.4722262887334045e11,-6.9084720098570205e12,0.0017356711746107883,-12.878272545048768,170.81401844075026,-63197.2443712406,3610.9417838619743,5.070583823354165e6,3.407946591478474e7,-9.396772182711055e-13,-6.590094388028831e6,3.945959863149034e10,-1.909700646802506e11,-3610.9417838619743,6.590094388028831e6,2.5650505406623826e-7,-1.9912807792545164e13,6.192306645342304e13,-170.81401844075026,-5.070583823354165e6,-3.945959863149034e10,1.9912807792545164e13,0.013654247476056902,5.236918793807826e14,12.878272545048768,63197.2443712406,-3.407946591478474e7,1.909700646802506e11,-6.192306645342304e13,-5.236918793807826e14,-0.14667081174454302,-0.18578884009063995,55.27459390702545,-20688.461338571964,292.4421867069183,241617.89651726256,-2.2169275183016002e7,3132.140231364104,-1.834499775875516e7,4.2228959437199516e9,-8.63607469146928e8,-3132.140231364104,-1.1606586513572524e-9,2.3527209397395283e10,1.1531594180171496e13,1.9333492118713305e13,-292.4421867069183,1.834499775875516e7,-2.3527209397395283e10,0.0002799703200881587,-3.893972052636811e15,2.361600917990415e15,-55.27459390702545,-241617.89651726256,-4.2228959437199516e9,-1.1531594180171496e13,3.893972052636811e15,1.0399201782065066,1.3115401726531358e16,0.18578884009063995,20688.461338571964,2.2169275183016002e7,8.63607469146928e8,-1.9333492118713305e13,-2.361600917990415e15,-1.3115401726531358e16,9.249523650062093
1.0033242535945103e6,-4.87383266662494e7,-3.120589217725606e6,-2940.2730312033527,-113678.85551371823,3.779259516962231e7,4058.1493931152977,-1.0064794338988906e9,-1.264866038472973e8,252.7923297950687,51668.44101176485,-1.1993520705000318e6,1.0480054340208258e7,-9.146991397346485e6,-1.3306052593480976e9,-11635.724812765271,1.275776177644385e7,1.889143165125164e10,-2.0766930101064694e9,-7.586263738208485,436.9230107227249,-534927.4015533585,17522.316239672014,-8.91039771167737e6,-1.6822403247881693e8,13263.97366918133,1.372298866705331e9,-7.299089535207221e7,1.51942578442111e11,52.97011881476523,3.9324859516902235e6,4.973208631463398e8,1.103170993081801e11,2.3455149386401382e11,10.000011639249408,-827.6400460046622,-28167.38639491352,-7202.319879796069,697352.6677342445,-2.825617970432073e8,-2.1225583114782698e6,6.791608219513958e6,-1.682210306780474e9,-5.853797916343992e9,4827.325410583466,-6.340491309976345e6,1.560545252190094e11,2.611152305639588e11,-7.103246375199502e12,-16.56572849781744,83115.71211564288,1.1433344637490056e9,3.7189350783042583e9,-3.5145287387107895e13,-2.3058680211405688e13,-0.7266621182653721,-1.4329258487790595,2345.7366456176665,262.2569095853992,-848825.4331100676,-1.2325603963221926e7,-1981.0233160030905,-2.73185504773044e6,4.128126300289384e8,-4.995822741448116e10,-2720.4264756601733,-6.663353319591838e8,1.5688730607199554e9,-3.4758164527110645e11,9.23891492739357e11,-27.19098855989238,3.2040065690631326e6,-3.1083403335360727e9,6.892677680171297e12,6.5919848090284445e13,4.7673617501648294e14,1.7018619198282925,-2821.1253793206192,3.2827028047381446e7,1.7554049594578342e11,-6.745152594130732e12,8.901191246204922e14,1.2786907819685892e15,0.09877723068366231,-12.861695588276657,-1068.5399513320917,178.47978205787896,19068.459297613197,-2.0147282547287806e6,-132.33462044607725,207380.6320049931,-3.0433776697727364e8,-1.8526723763300276e9,389156.8693486542,-1.9908095003483961e6,-6.736430274030058e8,1.4321903331364987e11,-3.069931287786673e12,73.19551812903462,1.357075593466365e6,-1.4967235062035553e11,6.6757508933153984e10,-4.127739290718901e13,1.0090152316867922e14,23.70335685628692,-75958.74220463209,8.356667021365799e8,-9.879618357110289e11,-4.4506496150496025e14,1.3115401726531326e16,-3.0305298681901844e16,-0.22972332139498827,2337.9361681307573,4.681040130728624e6,4.4744600122004e9,1.0703681539948438e13,-6.452616277980494e14,1.007234183341363,5.530406595307616e16
2.1694807752638155e-12,-7.393315605455184e-12,2.446765729655949e-10,-4.836689463903301e-13,1.5912543282125148e-12,-5.857751897181646e-10,4.462110239122672e-13,-1.0927849956897632e-9,-9.616181270782538e-9,-1.1150069451546395e-12,3.2352658635041175e-12,6.949217449544321e-11,6.053940887394914e-13,6.156061434996694e-10,-1.067360985559797e-7,4.364768316641687e-13,-2.042426046252139e-11,-5.969079591643491e-8,4.4098081342168027e-7,-2.4210283202951376e-14,4.00606634643473e-13,-1.9396418724413847e-10,-2.7259189580854595e-14,1.7839156448528064e-9,5.3453394457945784e-8,-2.293335481921373e-13,5.810095387150127e-10,1.3243814331890735e-7,-5.356113704075809e-6,1.2828204219434581e-14,2.317001943699396e-10,-3.134417654396716e-8,-7.564891746682847e-7,-2.120837201137054e-5,7.683793645395136e-16,6.561915172531577e-13,6.209877087401018e-12,7.021251483209083e-13,3.2824397748791756e-10,9.731072110293151e-8,-1.1751624271106341e-13,-1.236616275150672e-10,4.919873021317497e-7,7.445463445603781e-6,-5.92347903504862e-14,-1.9055775027416637e-10,2.5018126800602534e-7,1.992332461007189e-5,-2.7624496317753407e-6,9.950802854791243e-16,1.0440041181639563e-11,3.2483607433663834e-8,-5.375164770184164e-6,-2.2856337615045685e-5,0.0009188684349927638,8.156477499954485e-13,5.0536144694052666e-14,-3.5733295331213164e-11,-7.218148664562791e-14,9.089250900777658e-10,9.436319535900003e-9,-3.3225902776503664e-14,3.9561487935169675e-10,1.0770597557732748e-7,3.734164882864042e-5,9.816931998307777e-14,-2.0736580399581383e-10,-9.921798922467943e-8,8.593106185000227e-5,0.0002521995161579364,-1.5111508419573937e-14,-1.6648368099600614e-10,-7.247615978807151e-8,7.098471965717626e-5,0.0022930562094563996,0.003662269984524692,3.830406506730206e-16,1.7876078031997457e-12,1.7552267890465762e-9,-2.7920688468990477e-6,-0.0003602303825148108,-0.0041348093456774,-0.03149493398518305,3.0576891320659457e-30,-1.544728048789872e-14,6.498090697140677e-11,5.339856760994072e-14,4.77080973596016e-11,-4.095718249371181e-9,-1.7306935088747818e-13,-2.1429278784212244e-10,5.006754531212188e-7,2.53566654952789e-6,1.1387877334714717e-13,-3.0784781776942783e-11,6.548552177348488e-8,1.8707042973652935e-5,0.004870012393691455,-6.881931187855545e-14,1.5808245275136874e-10,-1.6945843226403988e-7,-4.464279470659021e-5,0.01037866729716758,-0.025797181751271818,6.718518990077697e-17,-2.1370823028345806e-11,-1.362997666506262e-7,-1.6519895001419614e-5,0.015164044323127087,0.18578884009066696,-0.229723321394663,-3.521715136792274e-17,2.559539259637028e-13,9.390491492031119e-10,-1.975711915642124e-7,-0.001363889631315466,-0.003234568019057425,-0.09877723068347005,0.5827838684803638
7.147986412987066e-8,2.989192411662815e-8,9.185317519638186e-6,-3.124545667623216e-8,4.3700006757267e-8,1.567970307479802e-5,-8.460808503649899e-10,7.0281115033267154e-6,-0.0003533872762539043,-1.7247746626856878e-9,-2.9453192698299845e-8,-7.489244299097451e-6,-1.2100542371831529e-8,2.0455267270365355e-5,0.001273994877456017,-4.2454423992752893e-10,-8.398015772971382e-7,0.0006275047201306508,0.009241982898277015,6.68594986018769e-10,9.97458456648889e-9,-4.001927240198576e-6,9.159614504538818e-10,-1.933395577293609e-5,-0.00029866637926225615,1.0004318728441333e-11,-7.80770499565285e-6,0.005213888458726856,0.037701298202378226,-6.6590200425746735e-12,-1.0681577695572064e-6,-0.00016826408000645396,0.022315341368360175,-0.18869360922701153,-7.689219850261166e-10,-2.0038595047831475e-9,-5.247445550092854e-8,-4.119375585298796e-9,9.881643128551263e-6,-0.0014935337610137572,-1.1247871406509583e-9,-2.9391590580078796e-6,-0.0064092305054774795,0.07938609807305563,-1.0766464205327057e-9,2.697600333661652e-7,-0.0025709587037291396,0.9679142827452399,0.21653469859691538,1.632696185404072e-11,-2.0851859352926715e-8,-0.0004014301136080847,-0.00944528811645766,0.21042872078622735,2.113723484517867,-1.0363084166797433e-7,-3.056061531679551e-10,-6.148089051536631e-7,-1.840809717733382e-10,-1.5920842815815178e-6,-0.00012306187180500264,-9.127988939680282e-10,-5.799987550205881e-7,0.004396304579396658,-0.21647580020432233,4.978656573544236e-10,4.668143468148394e-8,-0.0030251902000357793,-1.4456713122178897,10.550088278028174,-2.2938870200609155e-11,-8.191522527440431e-7,0.0002490629060921119,-0.579100481236379,149.35044070990185,25.12976914170599,-4.51530372781701e-16,-6.836372303313514e-11,-7.228093535883704e-6,-0.05742031072412389,0.695995245308261,7.266918375359192,248.68557549635267,-6.498090697140413e-11,-2.0735780559191914e-10,7.232911588705337e-23,3.2629962662337425e-10,4.6259383951604906e-8,0.00011012307110966373,2.442324943253496e-10,-3.0070641505587357e-6,-7.775881456190023e-5,-0.029781406394546062,-5.967959431612774e-10,-5.14157408200315e-7,0.0016159634012420333,1.2348664261838298,-6.271469278794887,4.3860170332549813e-10,6.301942858223288e-7,0.0006365575881649318,-1.5475631175318667,-253.36901383084148,382.7141036934049,-2.5491983633250598e-11,1.032215095581168e-8,-0.00014040942504304105,0.10472037571422123,-101.59799602153733,20688.46133857232,2337.936168131276,2.559539259663792e-13,-1.0912746068042764e-9,-5.890053760515792e-6,-0.00011291021673948034,-1.401756981507299,100.85550668670145,1068.5399513322434,-35312.467903629775
0.0003350938829999845,-4.6996586051632735e-5,-0.004323206359241014,-1.5749098480213955e-5,-3.31953465222803e-5,0.05042985431197487,-8.912477893384225e-6,0.002985256870541735,0.23951838661649297,-2.8372922957372037e-5,-4.300887477094133e-5,-0.009879521391844398,-3.619945048279158e-5,-0.006144673873243479,2.767459898405104,6.2830259229836895e-6,-0.00557018473960493,1.1016770226893826,-15.626501066207375,-5.6621762566455476e-6,1.0514919915772007e-5,-0.020429090088550917,8.420348810487288e-6,-0.03660601654820715,-1.3338716587604582,-3.2810244046234175e-7,-0.018605910600634393,0.4946807089508522,30.027363659222328,2.6755602750469525e-7,0.0005208778017017349,-1.0589221757881093,68.07350095607092,916.7705560539093,-0.0002613657567112141,-2.6057338754356795e-6,-0.0015586945411386146,4.062501740724756e-6,0.011239809762328813,-4.240063676515308,-8.870259191355229e-6,0.009105896663350939,-14.59152390021762,-2.466447111438484,-3.9100588380777255e-6,0.0010575207015937555,-4.700771595412055,431.4347857320153,494.7141138559412,5.051857818128293e-8,2.6843689995880318e-5,-0.7906216386935362,-81.03515388500027,307.29274575909676,-45809.87494607228,-6.629349346639898e-7,5.285953410316831e-6,-0.10529596413525515,3.019055357894401e-6,0.006783078298833231,0.014537963689538613,-7.016703711980141e-8,0.010576376895246865,5.649656088799186,-85.35580443577955,2.7224056376576846e-6,-0.005851465703753485,3.926299135146855,-3912.6307705193344,11886.077675734445,-2.906505388108279e-7,-0.005356485544480449,1.0448500134811927,-705.9237874432437,113952.8863556985,177949.85097500434,-1.8384907289097684e-10,4.2561348456582194e-5,-0.04411648084340869,-255.46905475837832,-148.847875325131,-61473.01446418792,1.9182729599542674e6,4.095718249369643e-9,0.0001757501735220878,-0.00011012307110966227,7.561820960506266e-6,0.003278075103980577,2.0247723709169024e-17,-5.318931540699323e-6,0.002023588404134747,9.090160648767203,67.17596343806483,1.6476341581149457e-6,-0.0019828877591501256,9.560620556023032,1735.6354617639784,93062.01404239745,-4.1793458537267474e-7,0.0029968455687365194,-1.7851245258341668,890.5075845913833,-805034.807908413,628171.7480647105,-4.12854622328138e-8,-0.00024815960281662455,-2.9277665293140887,449.1712589932441,-58287.02225170641,2.2169275183016215e7,4.681040130728831e6,9.390491492039136e-10,-5.8900537605117855e-6,0.009136149296345111,-15.63954833172001,-31828.574493825538,358318.6453644611,2.0147282547287776e6,-6.5437730990055025e7
-0.06154068480915213,0.11263997934051191,5.783683598767823,-0.032227246601653416,0.02789275884190795,9.953743804538881,-0.0011955617632140889,17.85907890225452,-387.2648376362154,0.03841985675216717,-0.05323432997094928,-5.390184311658444,-0.01418849921110091,8.179839288374687,2157.7128642829575,-0.004843133771711216,0.267788552101195,1086.3410776203643,22851.382149679444,-0.08792077584214454,0.0033441752221013625,9.492118411777607,-0.005543099570840647,-28.759190520351716,81.44675562971797,0.0019195827044405627,-11.764053699248526,1162.8468790879404,117362.15459533867,-0.00019161361753202233,-2.90381838245879,192.7977475208824,20543.923032371178,-1.2434468453043043e6,0.00040050378190686887,-0.013960660649549823,-55.888991552125006,-0.016185525819501046,4.938208880415831,-2209.9009865836424,0.002265850541029074,-6.694307489589347,-7787.1757617228095,96991.49913699544,-3.990948247320332e-5,1.5438514682378648,-4654.725597123981,99066.3139122358,260739.59069016948,3.2170011324759234e-6,-0.09050314711324882,-502.0747946747934,35888.03646892307,391595.8671350709,6.13976818876458e7,3.0476278779629075e-5,0.033400937342367924,-0.1936141623466376,-0.0016623124854830884,-22.914948867788905,-8422.20581041442,4.472574690794493e-5,-11.586102299221391,2380.8043774152666,-1.1352442082286326e6,-0.0007296754524487202,4.048427749811884,-3309.8649737520786,-1.2978037378010394e6,1.0224825373950195e7,0.00016567991654637573,1.3431194856233815,595.5738775986058,-1.2442085063318834e6,6.391737730838345e6,-7.68424539614993e7,-1.6886075192778421e-6,-0.02337050538275872,-1.4365440145943318,11339.971576970698,2.9374459587814836e6,5.724471878257465e7,-2.5931870018176804e9,-2.5356665495272808e-6,5.454336235524581e-5,0.02978140639454509,-0.008772762829352425,48.30638748975161,-67.1759634380653,0.0037518769548053606,-4.586583381550128,-14712.823592001341,3.5935121053363595e-12,-0.002316901137294046,1.6375702393749394,-3875.25207055168,704722.3817987505,-1.653694968193923e8,0.0011298170359371753,-1.0216967487991129,3186.831816667367,-984820.4341182673,-1.3679698816298947e8,6.515137423779857e8,-2.3679267187568103e-5,0.21527735396905595,1420.2827452571296,144553.4230207676,-2.5504134253105053e8,8.636074691470518e8,4.474460012200381e9,-1.975711915644212e-7,-0.00011291021673952563,-15.639548331720587,6829.000346774992,1.5025471405546067e7,6.0175705053333536e7,1.8526723763299577e9,8.781805414315186e10
-571.5042636353164,256.7377086525552,-5328.225531066821,4.909324151088784,-53.13233887215148,-22286.033336851964,-6.1972866949903835,34596.19668766277,40280.59472363674,31.626086382384322,-110.60984306419694,-29708.581934179,-10.729463415166899,-21703.940409244668,3.7226614232214796e6,-13.47560262351714,1639.999382131978,1.4998099242678154e6,-2.1636827300952133e6,-2.613173877346069,-29.426065427533793,-508293.0836021989,-3.850301050258242,-48843.91630118462,-8.976842142571842e6,6.1478994851900985,-13801.671729353206,-4.932107351258063e6,3.191975555809489e8,-0.44250653438299553,-5832.45748346385,948095.8904019028,-6.44831926989213e6,3.451185591500971e8,-0.34671122167133384,-511.8429013274789,-477.7484068611027,-43.223483886597236,-18140.15152064329,-1.4798093399523538e8,10.879318514080747,-110.83805133395168,-9.6085667011354e6,-9.89288794542414e8,3.350696034728741,5053.589078180502,-6.685421727254123e6,-8.496779925864815e8,-8.479200917656872e8,-0.05656864499353216,-194.25877548576122,-398579.5595898937,1.4515960950708205e8,4.25846806277349e8,-2.0812179288539272e10,-0.016231848954178285,3.4606513201831315,-338.0009015022398,18.082534497193286,-256226.17848205025,388415.05110466626,1.973113808448918,-38283.80309911539,-2.3448278586278143e6,-1.5316453718968233e10,-2.7747394676922785,12882.623051479663,970187.1082699307,-4.1483504060157377e8,-2.5852720995715584e10,0.5149668022151385,6768.378559358447,1.8022091753015516e6,-2.057661916103596e9,-1.3020639660078098e11,-4.0689023682810785e11,-0.007161475057431096,-81.73727470154672,2996.513938316648,1.951299190798049e8,8.743918545769255e9,1.5759984240700125e11,6.934921864414569e11,-0.0048700123936916495,0.30025866743123597,6.271469278794253,169.7834276725626,3576.0171005323905,-93062.01404239783,13.322979068414972,28138.180573775255,-1.4183869160178252e7,1.6536949681939417e8,-4.088603192540655,2213.0844584668084,-1.8262029233769387e7,1.1150240605388138e9,4.4525547420345216e-6,1.8830103080947251,-4382.018666456196,8.050454257544888e6,5.718744855623937e8,2.6785817024492978e11,3.4259230100903306e12,0.03010436659197924,583.9587538798288,4.850786842550236e6,3.7351605957462543e8,-4.664647159474845e11,-1.9333492118712723e13,1.0703681539948414e13,-0.001363889631315507,-1.401756981507523,-31828.574493825694,1.5025471405545654e7,4.918611314237245e10,-3.390654962234271e10,3.069931287786635e12,-6.673907450033276e12
-14252.927461505498,-2899.728607602089,-407552.5179868016,-55856.26776274923,-3089.6531925509694,-3.3177769440228166e6,139.46854682182206,-674374.7127072889,1.9331416243520174e7,93.06021539412053,7051.934972282759,1.0268485761099532e7,991.197365161661,-1.5522406720828144e6,-2.9544848272913486e8,68.67808396369858,57396.56783704502,-5.9494386212523125e7,-2.2048635675971514e8,-3.6720276650936627,21474.15343626968,-401669.0747792117,-388.45642219500996,4.321266897056388e6,2.904065403859045e8,-22.434220003285226,644375.1948377986,-4.8431706128380185e8,-9.064286400170103e9,2.0842378493301665,85550.88937989621,6.214611967042572e6,-2.11673101063997e9,-9.260385090331114e9,1.5079461714398876,-525.044178195125,-3942.120532860479,770.6481373065452,-4.891368451115257e6,-2.1279131805627584e8,97.09564775153291,-77369.74029094912,1.425804600013609e9,-6.202637749495386e10,54.80513090672001,-43132.42445713444,2.1423603527335733e8,-9.949707668571219e10,-9.38846923371582e8,-0.6763008851265744,2787.967166728795,2.6943537515465576e7,-2.881151470666663e8,-2.158636456254593e10,2.5286833918256335e11,-0.11917280612718806,-7.82290543680932,-94.51311817776647,-8409.453736141078,-602055.932172869,-2.717536651678884e6,74.09217257101051,92923.23003250214,-2.5588710430593214e9,-4.139808499387466e10,-18.697131383234055,8616.547813989006,1.3199308337353377e8,3.2000880440455865e11,-6.33239530150026e12,-1.3956370065704524,31454.88843756669,-2.7040735500096977e7,4.871676176512581e10,-1.642055804665768e13,-3.8293598820091353e12,0.07719465926518201,201.40831764865467,873570.5286118541,3.18494617969938e9,-1.0770017192385146e11,-8.632285053302515e11,2.1618690146437e13,0.02579718175128255,-1.9091766265685368,-382.7141036934138,45.93509446452085,2603.4290762667088,-628171.7480647059,-30.71787457737104,-234931.7279326326,-2.5372273792760032e8,-6.515137423779831e8,53.90798086937122,115959.45359605548,-3.7565259380159867e8,-6.232793443280652e11,-3.4259230100902817e12,-28.778338802276885,-16304.637946821395,-4.110466345820329e7,1.1193710538273401e11,5.605779106061749e13,0.0003094530971010928,1.1080744887419454,-3595.3932600126823,-4.267801612540687e6,-9.455225554502096e9,8.606017102667691e12,-2.3616009179903955e15,-6.452616277980394e14,-0.0032345680190638965,100.85550668669819,358318.6453644522,6.017570505333211e7,-3.3906549622346165e10,-7.532777996102408e12,-1.0090152316868005e14,-1.7962164018755992e15
4.87383266662494e7,-1.0033242535945103e6,3.120589217725606e6,-4058.1493931152977,113678.85551371823,1.0064794338988906e9,2940.2730312033527,-3.779259516962231e7,1.264866038472973e8,11635.724812765271,-1.0480054340208258e7,-1.275776177644385e7,-51668.44101176485,9.146991397346485e6,-1.889143165125164e10,-252.7923297950687,1.1993520705000318e6,1.3306052593480976e9,2.0766930101064694e9,-52.97011881476523,-13263.97366918133,-3.9324859516902235e6,-17522.316239672014,-1.372298866705331e9,-4.973208631463398e8,-436.9230107227249,8.91039771167737e6,7.299089535207221e7,-1.103170993081801e11,7.586263738208485,534927.4015533585,1.6822403247881693e8,-1.51942578442111e11,-2.3455149386401382e11,16.56572849781744,-4827.325410583466,-83115.71211564288,2.1225583114782698e6,6.340491309976345e6,-1.1433344637490056e9,7202.319879796069,-6.791608219513958e6,-1.560545252190094e11,-3.7189350783042583e9,827.6400460046622,-697352.6677342445,1.682210306780474e9,-2.611152305639588e11,3.5145287387107895e13,-10.000011639249408,28167.38639491352,2.825617970432073e8,5.853797916343992e9,7.103246375199502e12,2.3058680211405688e13,-1.7018619198282925,27.19098855989238,2821.1253793206192,2720.4264756601733,-3.2040065690631326e6,-3.2827028047381446e7,1981.0233160030905,6.663353319591838e8,3.1083403335360727e9,-1.7554049594578342e11,-262.2569095853992,2.73185504773044e6,-1.5688730607199554e9,-6.892677680171297e12,6.745152594130732e12,1.4329258487790595,848825.4331100676,-4.128126300289384e8,3.4758164527110645e11,-6.5919848090284445e13,-8.901191246204922e14,0.7266621182653721,-2345.7366456176665,1.2325603963221926e7,4.995822741448116e10,-9.23891492739357e11,-4.7673617501648294e14,-1.2786907819685892e15,0.22972332139498827,-23.70335685628692,-2337.9361681307573,-73.19551812903462,75958.74220463209,-4.681040130728624e6,-389156.8693486542,-1.357075593466365e6,-8.356667021365799e8,-4.4744600122004e9,132.33462044607725,1.9908095003483961e6,1.4967235062035553e11,9.879618357110289e11,-1.0703681539948438e13,-178.47978205787896,-207380.6320049931,6.736430274030058e8,-6.6757508933153984e10,4.4506496150496025e14,6.452616277980494e14,12.861695588276657,-19068.459297613197,3.0433776697727364e8,-1.4321903331364987e11,4.127739290718901e13,-1.3115401726531326e16,-1.007234183341363,-0.09877723068366231,1068.5399513320917,2.0147282547287806e6,1.8526723763300276e9,3.069931287786673e12,-1.0090152316867922e14,3.0305298681901844e16,-5.530406595307616e16
3.961117538029295e6,-3.961117538029295e6,0.0,6.91058693899285e6,0.0,3.489895609116776e7,-6.91058693899285e6,-3.489895609116776e7,0.0,6099.190783836733,181996.15164885044,1.9732996136774042e9,-181996.15164885044,1.2727789029338962e-8,-2.1154743601365322e10,-6099.190783836733,-1.9732996136774042e9,2.1154743601365322e10,0.0,-3812.0394550644246,1.7786603475627073e6,1.1078734073392596e7,-1.2539066713306603e-12,3.9373176123323905e8,-2.6738664580513927e10,-1.7786603475627073e6,-3.9373176123323905e8,-2.937713920794902e-6,-4.3195142842772076e11,3812.0394550644246,-1.1078734073392596e7,2.6738664580513927e10,4.3195142842772076e11,0.0,347.16436698741626,-13294.52576687705,-1.9263671676922513e6,758786.2100560081,-2.314245165202043e8,3.510839209326685e9,-758786.2100560081,1.6707986787333475e-8,1.1438595078844577e11,2.6229866148001343e12,13294.52576687705,2.314245165202043e8,-1.1438595078844577e11,-0.0010870440236617211,5.616068192729828e13,-347.16436698741626,1.9263671676922513e6,-3.510839209326685e9,-2.6229866148001343e12,-5.616068192729828e13,0.0,4.447838768632906,-745.7616194043167,275408.0817445948,-143004.70721465375,-1.2190388302371297e7,-5.983491259467592e8,1.680034538485093e-11,1.9332227899072248e8,-1.533745624116669e11,4.0514057745103204e11,143004.70721465375,-1.9332227899072248e8,1.7428847629718323e-6,2.33941294627908e13,-3.734688264460117e14,745.7616194043167,1.2190388302371297e7,1.533745624116669e11,-2.33941294627908e13,0.04688593663457383,-2.7037406882956585e15,-4.447838768632906,-275408.0817445948,5.983491259467592e8,-4.0514057745103204e11,3.734688264460117e14,2.7037406882956585e15,0.0,-0.5827838684780605,-336.92508919241504,35312.46790361205,8121.861868188078,-282269.33527415764,6.543773099005815e7,-316265.18715090863,-9.16450537573477e6,-6.599705836449544e9,-8.78180541431517e10,316265.18715090863,1.217091203905024e-8,4.809625417867257e9,-4.8921470786899234e13,6.673907450027852e12,-8121.861868188078,9.16450537573477e6,-4.809625417867257e9,-0.0008272196376888637,3.6960779478381605e15,1.7962164018754225e15,336.92508919241504,282269.33527415764,6.599705836449544e9,4.8921470786899234e13,-3.6960779478381605e15,9.24952365006212,5.530406595313175e16,0.5827838684780605,-35312.46790361205,-6.543773099005815e7,8.78180541431517e10,-6.673907450027852e12,-1.7962164018754225e15,-5.530406595313175e16,0.0
