2.1288010718301707e-6,0.0033169277381922546,0.0003547764802013179,-1.1409944343782871e-7,-6.903888745874192e-7,0.000645356591838197,1.193586269393717e-6,0.017940796301634677,-0.011555079438895818,-5.217633106362385e-8,-3.945166894898173e-7,-2.5123853064804017e-5,-0.0005123135431679257,-0.0002636903653629317,0.010230246897510599,-1.7525051814686237e-7,0.00020550162239312578,2.4746116161788194,-0.5589677620793819,-2.124796304448406e-9,4.8339764676457736e-8,-4.189536066538963e-5,8.715660522272492e-8,-0.000346430356062851,0.0003110643843235516,-5.384594493309845e-7,-0.09992697564097885,-0.022230923748348723,2.4687837829270234,-2.320558701950896e-9,8.100195854040067e-6,0.045059576670511414,-168.57872304132604,128.29113576126352,4.009304848957238e-11,-1.1468932934110973e-8,-1.6156656729126848e-6,3.726638589625325e-8,4.8046811151217755e-5,-0.010077483090951998,8.436481674930145e-5,1.6965295332772738e-5,-0.11596747811706448,0.615824805427961,1.4418218736582676e-7,-0.00015326507542951935,-19.147914154269053,-0.9281236564525459,-21.29532093826692,-9.67542863776637e-10,1.215134127487632e-6,0.030298898302830876,2.797892490641591,13844.152305673866,-8939.941128091617,-4.6526192593991075e-11,2.1751460192519147e-9,-2.6122684948201196e-7,-1.1192864173706699e-8,3.7676632608613678e-6,-0.00033707357381448824,-7.810605807288536e-8,5.569490557703724e-5,0.02167949820447947,-0.6558578801722246,-2.209467187246669e-8,0.04202055297311732,-0.024773828533818373,-25.856259553328773,74.57667347437405,3.3605554670256133e-9,0.00017740236956598644,-0.0745821565136035,-2846.5961379656023,69.23679203896387,-5174.744372241221,1.2978902731065467e-11,-6.285652849050517e-7,0.0011819594180084276,8.383892952258678,-73.72641048719164,-663960.5217074597,446754.2262063,-1.7852431962265416e-12,-2.2123695008850622e-10,-3.460401863153147e-8,1.2897785648940148e-8,2.9726398653198606e-6,-0.00018089634636879524,-2.1445944186116906e-8,-2.1425212845599445e-5,0.01183229446201148,0.009988814120797199,-1.709569956208e-5,4.514540137902912e-6,0.04921774120313307,6.166086975507814,121.43554867379117,1.008054069296738e-9,-4.4270416775429924e-5,16.122962797207563,-13.599541295314198,-4712.928724763896,2967.644082592996,1.013139831314573e-9,2.403590264086385e-6,0.09098902333542444,-25.88132613933309,-401807.57273646764,-2841.8825388078603,1.0685142746374183e6,-1.5166067281970935e-11,7.374329568955584e-8,-5.2859305933151117e-5,0.29630535430852384,940.2555539786109,-18928.765802964816,3.959137997134295e7,-2.2188895898632996e7
0.0033169277381922546,2.1288010718301707e-6,0.0003547764802013179,1.193586269393717e-6,-6.903888745874192e-7,0.017940796301634677,-1.1409944343782871e-7,0.000645356591838197,-0.011555079438895818,-1.7525051814686237e-7,-0.0005123135431679257,0.00020550162239312578,-3.945166894898173e-7,-0.0002636903653629317,2.4746116161788194,-5.217633106362385e-8,-2.5123853064804017e-5,0.010230246897510599,-0.5589677620793819,-2.320558701950896e-9,-5.384594493309845e-7,8.100195854040067e-6,8.715660522272492e-8,-0.09992697564097885,0.045059576670511414,4.8339764676457736e-8,-0.000346430356062851,-0.022230923748348723,-168.57872304132604,-2.124796304448406e-9,-4.189536066538963e-5,0.0003110643843235516,2.4687837829270234,128.29113576126352,-9.67542863776637e-10,1.4418218736582676e-7,1.215134127487632e-6,8.436481674930145e-5,-0.00015326507542951935,0.030298898302830876,3.726638589625325e-8,1.6965295332772738e-5,-19.147914154269053,2.797892490641591,-1.1468932934110973e-8,4.8046811151217755e-5,-0.11596747811706448,-0.9281236564525459,13844.152305673866,4.009304848957238e-11,-1.6156656729126848e-6,-0.010077483090951998,0.615824805427961,-21.29532093826692,-8939.941128091617,1.2978902731065467e-11,3.3605554670256133e-9,-6.285652849050517e-7,-2.209467187246669e-8,0.00017740236956598644,0.0011819594180084276,-7.810605807288536e-8,0.04202055297311732,-0.0745821565136035,8.383892952258678,-1.1192864173706699e-8,5.569490557703724e-5,-0.024773828533818373,-2846.5961379656023,-73.72641048719164,2.1751460192519147e-9,3.7676632608613678e-6,0.02167949820447947,-25.856259553328773,69.23679203896387,-663960.5217074597,-4.6526192593991075e-11,-2.6122684948201196e-7,-0.00033707357381448824,-0.6558578801722246,74.57667347437405,-5174.744372241221,446754.2262063,-1.5166067281970935e-11,1.013139831314573e-9,7.374329568955584e-8,1.008054069296738e-9,2.403590264086385e-6,-5.2859305933151117e-5,-1.709569956208e-5,-4.4270416775429924e-5,0.09098902333542444,0.29630535430852384,-2.1445944186116906e-8,4.514540137902912e-6,16.122962797207563,-25.88132613933309,940.2555539786109,1.2897785648940148e-8,-2.1425212845599445e-5,0.04921774120313307,-13.599541295314198,-401807.57273646764,-18928.765802964816,-2.2123695008850622e-10,2.9726398653198606e-6,0.01183229446201148,6.166086975507814,-4712.928724763896,-2841.8825388078603,3.959137997134295e7,-1.7852431962265416e-12,-3.460401863153147e-8,-0.00018089634636879524,0.009988814120797199,121.43554867379117,2967.644082592996,1.0685142746374183e6,-2.2188895898632996e7
0.00035477648020136175,0.00035477648020136175,56.82285145175985,-2.1064548060223276e-5,0.2095447656064957,0.009877471601069504,-2.1064548060223276e-5,0.009877471601069504,-1595.6829603242631,-2.711538413235109e-7,2.8470249944788635e-5,0.037347989616698,2.8470249944788635e-5,28.015961856168854,0.4229159161791566,-2.711538413235109e-7,0.037347989616698,0.4229159161791566,39998.851289768645,-1.652038513414727e-7,-2.8243229160775066e-5,0.0008404594702924786,-0.02423863503808426,0.020033639102188285,6.218827617699264,-2.8243229160775066e-5,0.020033639102188285,4892.033808324573,-38.86840931873204,-1.652038513414727e-7,0.0008404594702924786,6.218827617699264,-38.86840931873204,-611044.512677122,2.5704127927802105e-8,3.8193683207856695e-7,-0.00020361506772169607,-1.3232257626497683e-5,-0.025303108913489365,0.33544817804371524,-1.3232257626497683e-5,-9.88913716059015,6.83741265746417,468.23482722090876,3.8193683207856695e-7,-0.025303108913489365,6.83741265746417,611412.8165457831,5774.908840420946,2.5704127927802105e-8,-0.00020361506772169607,0.33544817804371524,468.23482722090876,5774.908840420946,-1.9092803557129677e7,-5.830527539599692e-9,1.275978019030864e-7,3.702675594454176e-5,-1.3001863006073933e-5,-0.00015235228617207675,-0.08918851458157004,0.003912830298757086,-0.02050838713505301,-12.534449696385193,45.483282962992334,-1.3001863006073933e-5,-0.02050838713505301,-3849.6992933859783,1628.820306742011,11923.901183806593,1.275978019030864e-7,-0.00015235228617207675,-12.534449696385193,1628.820306742011,7.718591999868405e7,-243375.57752615106,-5.830527539599692e-9,3.702675594454176e-5,-0.08918851458157004,45.483282962992334,11923.901183806593,-243375.57752615106,2.7765935252200556e9,-4.0172304442292395e-11,-2.093845328252198e-8,-6.903927254197003e-7,-1.8098549975821748e-7,5.04263451098074e-5,0.01556358839019069,1.0316555635487828e-6,-0.011428767759241938,-0.3507576707467301,-20.235850543166325,1.0316555635487828e-6,2.7838198815527146,-12.070737932477927,-3865.498938202744,1156.3091100284907,-1.8098549975821748e-7,-0.011428767759241938,-12.070737932477927,-1.2197679322078824e6,328895.3976462669,-1.067511610971558e6,-2.093845328252198e-8,5.04263451098074e-5,-0.3507576707467301,-3865.498938202744,328895.3976462669,8.194554675667324e9,1.5138285576620547e7,-4.0172304442292395e-11,-6.903927254197003e-7,0.01556358839019069,-20.235850543166325,1156.3091100284907,-1.067511610971558e6,1.5138285576620547e7,-2.055614035344004e11
-1.1409944343783277e-7,1.1935862693937275e-6,-2.106454806023484e-5,-5.610595402541969e-9,3.663782437920107e-7,-1.4721172706585346e-5,0.00011865252037561359,0.0001025628279022798,0.00396562704143829,4.63733287621938e-9,1.001345469299617e-8,-5.913274347785741e-7,-6.334010145171945e-8,0.00012511141698109228,-0.0006386989967613974,9.597281741263808e-8,0.0065893628843106105,-0.0035525194829512646,-0.16886326549228053,5.0052179519093744e-11,1.7468391908790174e-9,2.17066404588809e-6,-2.988775313877354e-8,8.972914968504382e-6,-8.474312976919316e-6,-3.573970173565556e-5,-1.2185496388174403e-5,0.02659608413577584,0.003984229106686738,1.1600700750800466e-9,8.520285458252921e-6,-0.08696353625779611,0.04339156068829291,-8.743736467555951,3.3484039885408656e-11,-1.1963853903745043e-9,2.4018561225759546e-8,-4.512740721206257e-9,1.0186527432015412e-6,0.0001917155252434409,4.22831972944069e-8,-4.2303301634188755e-5,0.003701809625126676,-0.005807945926364706,-3.2131457058635315e-8,-0.01129102338774299,-0.00045727739278236964,3.3539303053661165,-0.12525792316471362,1.8527929821118574e-11,7.709083151322857e-7,-0.0017283137831887586,-29.93443379206695,-7.204750906543695,2245.4504457346966,2.2433927272306522e-12,-1.040032330458076e-10,4.156182228866702e-8,-9.893065700672436e-10,-2.5036415906726733e-6,-3.287412189676512e-6,-7.0182488723401626e-9,-6.101043255308203e-6,0.0002551859300780173,-0.0612467174343361,6.363611378755555e-6,2.3988152201174523e-5,-0.027030370225115917,1.029685555565973,-1.113562280598506,-8.504485983563335e-10,-2.4526478379602274e-5,-2.4889298220100775,-1.6936656697501529,416.5414485978132,-60.54808206269831,2.3294450291094552e-11,-3.092083919409757e-8,0.00018464588770139817,-0.8362718377658419,-1199.762754487095,716.3495716558114,-250271.85633966702,7.223312755695674e-13,-2.9225854717491e-11,2.4060813884547106e-9,-6.560482226714612e-10,-1.409594472182732e-7,1.4418051240146615e-5,1.1071556738474924e-9,-1.5463798126248242e-6,-0.0018097995717231735,-0.0032054978642561565,-1.716381508591252e-8,2.4096073694084263e-6,-0.004046241718370676,0.04651506479661886,-16.991672185382292,-4.134961688416621e-9,0.004790519990960017,0.007129074362883227,-9.592853916428068,217.96337113355926,-23.366454393015445,-2.8791388231017704e-11,-9.11227449131614e-7,-0.012534372974244892,-419.6313425161443,-445.44269920326127,41308.99282498998,-1816.5597336227281,8.299920981280118e-13,5.425491849263658e-9,-2.750120902864504e-5,0.024292706210341825,-137.2354270865041,36997.54703630714,-24465.56625537099,2.1181728998540293e7
-6.903888745873145e-7,-6.903888745873145e-7,0.2095447656064941,3.6637824379203537e-7,0.0013931809077650018,-9.541905290518508e-5,3.6637824379203537e-7,-9.541905290518508e-5,-3.776081489324776,7.202088129370921e-9,5.252089135384338e-7,0.00018009016034962127,5.252089135384338e-7,0.21816115953519016,-0.004329316651747185,7.202088129370921e-9,0.00018009016034962127,-0.004329316651747185,3.9932515924324923,-7.638037447928761e-10,-1.7389053989296654e-7,9.66882984999801e-6,-0.0001907970406465092,0.0002822684693596716,0.03235281969137744,-1.7389053989296654e-7,0.0002822684693596716,36.47395279377964,-0.5989205345600989,-7.638037447928761e-10,9.66882984999801e-6,0.03235281969137744,-0.5989205345600989,3933.3503336710246,1.6617826597005586e-10,4.451368231938021e-10,-9.440418634946572e-7,1.7026936311911522e-8,-0.00015445266888845373,0.0027595107154731483,1.7026936311911522e-8,-0.07964225534722995,0.09654185905289617,2.069052480188678,4.451368231938021e-10,-0.00015445266888845373,0.09654185905289617,4490.1286039496035,34.98075231757325,1.6617826597005586e-10,-9.440418634946572e-7,0.0027595107154731483,2.069052480188678,34.98075231757325,-290017.77019848756,-2.23967572383955e-11,3.909952445664575e-10,2.2078281773707192e-7,-6.447763258216382e-8,-3.912882811538604e-6,-0.000423758730308391,3.399105454426621e-5,-9.832343822955928e-5,-0.0733032817472072,0.2631630293045634,-6.447763258216382e-8,-9.832343822955928e-5,-29.33087575490142,22.841295056680853,25.67393789260689,3.909952445664575e-10,-3.912882811538604e-6,-0.0733032817472072,22.841295056680853,545214.3285269424,-1980.8779957612003,-2.23967572383955e-11,2.2078281773707192e-7,-0.000423758730308391,0.2631630293045634,25.67393789260689,-1980.8779957612003,1.716285124729737e7,2.4368361953956595e-13,-1.3930296625163958e-10,3.4479603464043438e-9,-1.6790181563291912e-9,-2.794629320539368e-8,8.784975491734049e-5,-3.2922732425340324e-8,-4.6110846205104256e-5,-0.004318082479598546,-0.09874498682837303,-3.2922732425340324e-8,0.02458004096819665,-0.08599707425844745,-22.33250479242025,-12.345743824649144,-1.6790181563291912e-9,-4.6110846205104256e-5,-0.08599707425844745,-8812.96206246085,4298.883283341193,-4607.204724340563,-1.3930296625163958e-10,-2.794629320539368e-8,-0.004318082479598546,-22.33250479242025,4298.883283341193,5.717554593522331e7,89676.3199963533,2.4368361953956595e-13,3.4479603464043438e-9,8.784975491734049e-5,-0.09874498682837303,-12.345743824649144,-4607.204724340563,89676.3199963533,-9.625135111686379e8
0.0006453565918382106,0.017940796301634816,0.009877471601071169,-1.4721172706582835e-5,-9.541905290518945e-5,0.06835156803721902,0.00010256282790227968,12.116840455747818,-1.1611876491064668,-1.2373811593848196e-5,-7.297683637005413e-5,-0.0013784128347269413,-0.007108190143278553,-0.04615708980531815,4.605377307752457,-3.8546048591419205e-5,0.04386754144674089,12.565050407127211,32.193190435992086,-4.2708124888893695e-7,8.514313388835992e-6,-0.00732950845735438,-2.4943442983272095e-5,-0.05969966324881819,0.6141583177578961,3.00141730522396e-5,-6.124880836736312,-9.356274848902553,182.04123465121177,-7.351695934184443e-7,-0.009823190288395527,7.654889941106119,12249.757981948846,1892.0454690269398,-2.475226863590037e-8,6.707278286007168e-7,-0.00024956113541180403,8.13689799919671e-6,0.007768137850442238,-1.2426001274476786,-0.0014297907267912956,-0.0011279262642236408,-20.468612880944335,149.71534190946824,2.1771593975993677e-5,-0.0017790368421051728,-1404.8421824703112,-1495.794891125185,-7458.880443851666,-1.55714212706168e-7,-7.189011851836227e-5,2.108043621394236,792.8143910031071,-759312.2032939998,-246944.95655331854,-7.491583752998238e-9,4.644578603630605e-7,-6.38779746701945e-5,-2.8722622268316373e-6,0.00398042437291374,-0.029503494934679002,6.750428472234941e-6,0.017512024852240193,3.219108425063717,32.49799377310281,-2.6202950683354103e-5,0.701856168887963,-1.165816041162811,-5090.807622985124,12873.736181038394,8.769027732488354e-7,0.0304324429111857,-3.7188150811554124,-260842.5511010154,-252317.6145703744,904436.76024958,-4.912390869278732e-9,-0.0001340275073907848,0.1334864527234,1135.8140544914304,19279.09419737614,6.184653761519381e7,1.2957782875255533e7,-7.559433131237781e-10,-5.045171963910493e-9,-3.7276263076093614e-6,2.2640217545265942e-6,0.0005726792839467568,-0.031934941367358284,-4.43302402209515e-6,-0.004800596222436233,3.757623434911728,8.734838708275738,0.0005330566641922243,0.0033173040375835627,13.587325522650259,836.1880044948989,37696.17943435688,3.0984497006297543e-6,-0.01719723994581112,650.5358034602408,-834.7643776227118,-972680.160321336,298357.138964071,1.3952277051852568e-7,0.0008454555638869041,17.908127831381172,-2086.147657250125,-3.835423265276901e7,-4.628209433814233e7,-3.470176684831779e7,-2.402023383405684e-9,6.325116198028195e-6,-0.029891016876819523,49.303948071800654,178059.50061021486,-1.8640214522853612e6,-2.834558503619834e9,-4.3467628918854856e8
1.1935862693937275e-6,-1.1409944343783277e-7,-2.106454806023484e-5,0.00011865252037561359,3.663782437920107e-7,0.0001025628279022798,-5.610595402541969e-9,-1.4721172706585346e-5,0.00396562704143829,9.597281741263808e-8,-6.334010145171945e-8,0.0065893628843106105,1.001345469299617e-8,0.00012511141698109228,-0.0035525194829512646,4.63733287621938e-9,-5.913274347785741e-7,-0.0006386989967613974,-0.16886326549228053,1.1600700750800466e-9,-3.573970173565556e-5,8.520285458252921e-6,-2.988775313877354e-8,-1.2185496388174403e-5,-0.08696353625779611,1.7468391908790174e-9,8.972914968504382e-6,0.02659608413577584,0.04339156068829291,5.0052179519093744e-11,2.17066404588809e-6,-8.474312976919316e-6,0.003984229106686738,-8.743736467555951,1.8527929821118574e-11,-3.2131457058635315e-8,7.709083151322857e-7,4.22831972944069e-8,-0.01129102338774299,-0.0017283137831887586,-4.512740721206257e-9,-4.2303301634188755e-5,-0.00045727739278236964,-29.93443379206695,-1.1963853903745043e-9,1.0186527432015412e-6,0.003701809625126676,3.3539303053661165,-7.204750906543695,3.3484039885408656e-11,2.4018561225759546e-8,0.0001917155252434409,-0.005807945926364706,-0.12525792316471362,2245.4504457346966,2.3294450291094552e-11,-8.504485983563335e-10,-3.092083919409757e-8,6.363611378755555e-6,-2.4526478379602274e-5,0.00018464588770139817,-7.0182488723401626e-9,2.3988152201174523e-5,-2.4889298220100775,-0.8362718377658419,-9.893065700672436e-10,-6.101043255308203e-6,-0.027030370225115917,-1.6936656697501529,-1199.762754487095,-1.040032330458076e-10,-2.5036415906726733e-6,0.0002551859300780173,1.029685555565973,416.5414485978132,716.3495716558114,2.2433927272306522e-12,4.156182228866702e-8,-3.287412189676512e-6,-0.0612467174343361,-1.113562280598506,-60.54808206269831,-250271.85633966702,8.299920981280118e-13,-2.8791388231017704e-11,5.425491849263658e-9,-4.134961688416621e-9,-9.11227449131614e-7,-2.750120902864504e-5,-1.716381508591252e-8,0.004790519990960017,-0.012534372974244892,0.024292706210341825,1.1071556738474924e-9,2.4096073694084263e-6,0.007129074362883227,-419.6313425161443,-137.2354270865041,-6.560482226714612e-10,-1.5463798126248242e-6,-0.004046241718370676,-9.592853916428068,-445.44269920326127,36997.54703630714,-2.9225854717491e-11,-1.409594472182732e-7,-0.0018097995717231735,0.04651506479661886,217.96337113355926,41308.99282498998,-24465.56625537099,7.223312755695674e-13,2.4060813884547106e-9,1.4418051240146615e-5,-0.0032054978642561565,-16.991672185382292,-23.366454393015445,-1816.5597336227281,2.1181728998540293e7
0.017940796301634816,0.0006453565918382106,0.009877471601071169,0.00010256282790227968,-9.541905290518945e-5,12.116840455747818,-1.4721172706582835e-5,0.06835156803721902,-1.1611876491064668,-3.8546048591419205e-5,-0.007108190143278553,0.04386754144674089,-7.297683637005413e-5,-0.04615708980531815,12.565050407127211,-1.2373811593848196e-5,-0.0013784128347269413,4.605377307752457,32.193190435992086,-7.351695934184443e-7,3.00141730522396e-5,-0.009823190288395527,-2.4943442983272095e-5,-6.124880836736312,7.654889941106119,8.514313388835992e-6,-0.05969966324881819,-9.356274848902553,12249.757981948846,-4.2708124888893695e-7,-0.00732950845735438,0.6141583177578961,182.04123465121177,1892.0454690269398,-1.55714212706168e-7,2.1771593975993677e-5,-7.189011851836227e-5,-0.0014297907267912956,-0.0017790368421051728,2.108043621394236,8.13689799919671e-6,-0.0011279262642236408,-1404.8421824703112,792.8143910031071,6.707278286007168e-7,0.007768137850442238,-20.468612880944335,-1495.794891125185,-759312.2032939998,-2.475226863590037e-8,-0.00024956113541180403,-1.2426001274476786,149.71534190946824,-7458.880443851666,-246944.95655331854,-4.912390869278732e-9,8.769027732488354e-7,-0.0001340275073907848,-2.6202950683354103e-5,0.0304324429111857,0.1334864527234,6.750428472234941e-6,0.701856168887963,-3.7188150811554124,1135.8140544914304,-2.8722622268316373e-6,0.017512024852240193,-1.165816041162811,-260842.5511010154,19279.09419737614,4.644578603630605e-7,0.00398042437291374,3.219108425063717,-5090.807622985124,-252317.6145703744,6.184653761519381e7,-7.491583752998238e-9,-6.38779746701945e-5,-0.029503494934679002,32.49799377310281,12873.736181038394,904436.76024958,1.2957782875255533e7,-2.402023383405684e-9,1.3952277051852568e-7,6.325116198028195e-6,3.0984497006297543e-6,0.0008454555638869041,-0.029891016876819523,0.0005330566641922243,-0.01719723994581112,17.908127831381172,49.303948071800654,-4.43302402209515e-6,0.0033173040375835627,650.5358034602408,-2086.147657250125,178059.50061021486,2.2640217545265942e-6,-0.004800596222436233,13.587325522650259,-834.7643776227118,-3.835423265276901e7,-1.8640214522853612e6,-5.045171963910493e-9,0.0005726792839467568,3.757623434911728,836.1880044948989,-972680.160321336,-4.628209433814233e7,-2.834558503619834e9,-7.559433131237781e-10,-3.7276263076093614e-6,-0.031934941367358284,8.734838708275738,37696.17943435688,298357.138964071,-3.470176684831779e7,-4.3467628918854856e8
-0.01155507943889279,-0.01155507943889279,-1595.6829603242518,0.003965627041438358,-3.776081489324813,-1.1611876491065782,0.003965627041438358,-1.1611876491065782,84484.5832902114,3.439092162942123e-6,0.00037149477760165184,-0.7599645565214032,0.00037149477760165184,-54.15771633435172,-63.593204956226884,3.439092162942123e-6,-0.7599645565214032,-63.593204956226884,-3.80384596073602e6,8.136989722559838e-6,0.0016199895470263958,-0.016437150206730027,0.5727287109372348,0.5108979502247685,-221.1352027167369,0.0016199895470263958,0.5108979502247685,-12861.522112536251,-2229.456543361731,8.136989722559838e-6,-0.016437150206730027,-221.1352027167369,-2229.456543361731,1.413051698192433e8,-1.0842453593338759e-6,1.0351495286867171e-5,0.009201140996814773,0.0014128876400285664,0.9678722037270301,-5.473502121154952,0.0014128876400285664,120.0372279552115,165.22145689895285,-11147.468569316428,1.0351495286867171e-5,0.9678722037270301,165.22145689895285,556460.6820127447,-84201.26137205338,-1.0842453593338759e-6,0.009201140996814773,-5.473502121154952,-11147.468569316428,-84201.26137205338,-4.296957073924355e9,2.1815172620305248e-7,-5.1634928042648845e-6,-0.0013329104406894627,0.00037153943544279765,0.026885516319689676,3.619423294075454,-0.10368874503889963,0.6987278421440849,453.14684974391616,-523.5637827810592,0.00037153943544279765,0.6987278421440849,35207.11287418946,34378.5720549964,-335388.0548607204,-5.1634928042648845e-6,0.026885516319689676,453.14684974391616,34378.5720549964,-1.0520025488449775e8,4.711239842108988e6,2.1815172620305248e-7,-0.0013329104406894627,3.619423294075454,-523.5637827810592,-335388.0548607204,4.711239842108988e6,8.747950885466669e10,-1.5709563751720929e-9,9.4059844845564e-7,1.3711227346983685e-5,4.310934590815311e-6,-0.003680757051522576,-0.4976413056613538,-0.00042638962630056723,0.2609608171904978,19.4922464220506,708.2192458691342,-0.00042638962630056723,-42.82950591619352,208.82740176680838,135562.44068867306,15794.732743723469,4.310934590815311e-6,0.2609608171904978,208.82740176680838,8.446405243754469e6,3.429987243693965e6,3.7462063656113476e7,9.4059844845564e-7,-0.003680757051522576,19.4922464220506,135562.44068867306,3.429987243693965e6,-7.032447908401297e9,-6.556571559954654e8,-1.5709563751720929e-9,1.3711227346983685e-5,-0.4976413056613538,708.2192458691342,15794.732743723469,3.7462063656113476e7,-6.556571559954654e8,9.632379484868158e11
-5.2176331063622676e-8,-1.7525051814686899e-7,-2.7115384132377946e-7,4.637332876214012e-9,7.202088129369899e-9,-1.2373811593848313e-5,9.59728174126377e-8,-3.854604859141919e-5,3.4390921629282087e-6,1.4994019083780777e-9,1.627858468990066e-8,1.50801448952851e-6,9.063660466654231e-8,-3.392982712396412e-7,-0.0010730963033606855,5.676211347031882e-6,1.6342286687506715e-5,-0.0038443046795250137,0.0030767534299130624,5.4264817482564546e-11,-1.230226301331442e-9,1.804859634418602e-6,-2.6067626669719055e-9,1.0894746475893847e-5,0.00012532824142106802,-3.709371101918746e-8,5.821405461884492e-5,-0.0009266008118278757,-0.03691947310219484,-3.231385995787768e-10,0.0007636262808718254,0.001342491272468246,-0.0884314740675009,-0.27147300429036,-1.473023182094329e-11,1.0456248233929345e-9,7.061107424197227e-8,1.8277084273034937e-9,-1.532187432187646e-6,0.0005609472588451422,1.2129672613699903e-8,-2.386446632072774e-6,0.0037223206852478696,-0.010555167660192454,-1.7183033556196395e-6,-1.5103419915656177e-5,0.018819788278861865,-0.32042515286730344,-0.33704995584234637,5.7339858229879064e-11,-8.203628936153024e-7,-0.01581027931755228,0.11603478361179126,-2.2963390864969395,14.72677793134935,2.1996251906785845e-12,-4.2834525790027864e-11,2.7624686342267215e-9,-2.0992219156327085e-10,5.780364346339335e-7,2.2533099625648903e-5,-6.993940196210538e-11,4.0149541887540166e-7,-0.0008001372440281452,0.06512003160759973,3.472617413168073e-9,5.765686858845385e-7,-0.0007825797129619811,0.8692876822176828,-2.5987637475017187,1.5397927928279647e-11,-0.0009566977931909199,-0.005059745406423118,4.130872653214314,-72.47712120828949,-20.624461247978306,-6.3839908939901046e-12,9.270003270307908e-9,-0.00021872741791542413,-13.033580662566825,-16.98216307997795,98.51439000245861,-652.074442351413,-1.0076117043106604e-13,2.2704344034865136e-11,2.476648095950574e-9,-5.447045678127788e-10,-9.080512468247833e-8,6.9013385938121225e-6,9.777662624018826e-10,4.1620834685591286e-8,-0.0001202490674569417,0.0018781221228985287,-1.0395691639722505e-9,3.3504037746413716e-7,-0.0005691070527739664,-0.2533194264333779,-0.9534869762156525,1.5008940847557108e-7,-6.176797430199737e-7,-0.005306231484714669,-0.047685421099281734,157.74831193052495,-154.43658032971132,-8.296900809286401e-11,5.396945988020914e-7,-0.3336907302636023,-1.9406673550042175,707.6929368546685,-13550.443315210581,-1607.0470835477056,8.603218304847951e-13,-9.526451676645896e-9,-2.1823045658689734e-5,-0.01908603367508849,-1659.0605078126835,-1545.8787594362796,-16547.28869340003,25713.666889887416
-3.9451668948997226e-7,-0.0005123135431679256,2.847024994479102e-5,1.0013454692991311e-8,5.252089135383893e-7,-7.29768363700466e-5,-6.334010145172405e-8,-0.007108190143278543,0.00037149477760188386,1.627858468990023e-8,1.506471063983879e-7,-3.138349788147301e-6,0.00013780081149554406,0.0001862701271642581,-0.004916098074143389,9.063660466653598e-8,-2.7629653004152866e-5,-0.6421888101993655,0.19929759023266141,5.850603229490924e-10,-1.2975951022002787e-8,6.485388757336057e-6,1.9923052740293474e-10,8.341524350599865e-5,-0.0016129620064292936,5.205995796199677e-9,0.02687499234602903,0.050973156893488185,0.19575590923311323,1.6283159334741365e-9,3.87253731137716e-5,-0.01215355167290157,28.213166538172107,-19.30190994055568,1.243822276906122e-10,-5.2787631657568835e-9,1.8134454532210916e-7,-2.4854484657465883e-8,-9.366138630834498e-6,0.0001503346361032275,-2.5277205128323946e-5,4.367937708304735e-5,0.027489619934478553,-0.23210820955878092,-2.7491494138015717e-8,-3.22768769517338e-5,5.062340360442867,11.212619042738174,-10.19186697222183,1.5315657648473423e-10,6.898525424968202e-7,0.0026800653897629052,-1.690214467592831,-2460.134687561011,837.8417770447002,7.117656133920447e-12,-7.033965824191273e-10,1.2705705572224664e-7,7.0948591356426424e-9,-9.55745551611621e-6,-3.72972811826151e-5,1.908476555065175e-8,-4.3570123643144664e-5,-0.0030092552362600265,-0.30798020590970776,1.751959299324511e-8,-0.011410954385696462,0.012676148227355712,6.228794233910578,-12.79986859973233,-1.790765712682221e-9,-4.784139403095459e-5,-0.010745763107722276,702.5479272315574,2106.1643527495116,637.7793040343518,2.207296671265478e-11,2.1935207498879465e-7,-3.265393995518056e-5,-1.2083503573943528,-87.61330771019453,122361.98281297766,-28674.28399226582,1.875156929789397e-12,-9.761952005370298e-11,-9.491457183705718e-10,-1.8595555819458027e-9,-7.113659585625144e-7,3.8000909329344565e-5,-6.027321185411888e-9,9.881033265008363e-6,-0.006457483615648363,-0.02467735623263858,5.177552262524837e-6,-2.1165805178121203e-5,-0.02959522926596391,-0.5552405147115402,-65.96246773486035,-1.059470304617932e-8,3.040468430792863e-5,-4.189861570867396,-0.6016163797821378,1134.6669520181044,131.29744947338062,-7.608428904778573e-11,-2.1209390333547267e-6,-0.0327528618295526,-1.9550563775483276,93144.35687580363,368193.1702197132,-72024.51761543527,3.3825590230340578e-12,4.609394513173296e-9,8.354817358580896e-5,-0.06349980159472059,-309.23257833326795,-64.5328923378336,-7.770932421339765e6,1.5575334739754149e6
-2.512385306479468e-5,0.00020550162239312578,0.037347989616698836,-5.9132743477927e-7,0.00018009016034962148,-0.00137841283472773,0.006589362884310519,0.04386754144674058,-0.7599645565214013,1.508014489528594e-6,-3.1383497881472874e-6,1.3337954183066431e-5,-2.7629653004151965e-5,0.0817932133108119,0.12842437655628178,1.6342286687506952e-5,2.4426917090916436,1.7588986086709286,-29.532255402354828,1.919393375758656e-8,-2.839935020606109e-7,0.0003441578677126436,-1.2913676844122436e-6,-0.0008942759390965445,-0.012929102798161254,-0.0013381163699897954,-0.03153806883628943,18.543854275610506,14.515261592897788,7.373488698191466e-8,0.008941982012258107,100.11328653742063,-0.7254951208071462,3835.98227034518,1.797263071734692e-8,-9.15397723387266e-7,1.8323434994042746e-6,-2.184754321076645e-6,-0.00027187391464229566,-0.09632276023677476,-6.975707180767654e-6,-0.015855882667916366,0.04024105648898626,-4.529650889829623,-9.395339805883167e-7,-1.3355114762162117,-10.587280066908509,3121.634494577673,71.12320849471524,2.4911340382669477e-8,0.0002052132933194035,0.8365947330001458,1753.4565180346697,187.81747745287663,-242330.90068182902,8.565375402211067e-10,-4.988006770494636e-8,1.3859201127691591e-5,-1.156011587882705e-7,-0.0012674189073550522,-0.004171760297693316,-3.6886309078918293e-6,-0.002185555711201989,-0.10788120802013444,-45.65972868308785,-0.00041048950027336976,0.004681204082806094,-13.264257526543203,94.86457200020921,-275.3762457391746,-3.759333953595508e-7,-0.006924014811106364,-385.0761950574299,-2632.7762242030253,432278.0623677045,-19811.79438686447,1.0369296992124922e-8,8.949467528487338e-6,0.07154486711290071,-100.81649968766467,-415152.3993997571,149866.2152803406,1.0722837148467636e7,2.961294893299124e-10,-2.006459156412171e-8,4.7420070690423077e-7,-3.8165386801272835e-8,-5.0890119464361535e-5,0.0025604517577122892,1.7814994395658927e-7,-8.934106819415853e-5,-0.7185373259726686,-1.3757673176498333,7.360861633544292e-7,-0.0013898524436208282,-1.1899106609049537,-20.063083876904756,-6674.23391106279,-1.8025819966796785e-6,0.06056844503269722,5.539482885943419,-5958.870688568604,33067.57523326911,25579.548846314163,-3.187091793926711e-8,-0.00034852852122659614,-4.651074389355785,-80599.86237918686,-510450.02975775785,5.379133325976321e7,85991.601429759,3.5008261529154535e-10,7.4540011028832725e-6,-0.0026668421187873007,11.548426591165176,-41878.38392110335,5.454905192958896e6,2.807346308919979e6,-2.0348462490014738e8
-0.0005123135431679256,-3.9451668948997226e-7,2.847024994479102e-5,-6.334010145172405e-8,5.252089135383893e-7,-0.007108190143278543,1.0013454692991311e-8,-7.29768363700466e-5,0.00037149477760188386,9.063660466653598e-8,0.00013780081149554406,-2.7629653004152866e-5,1.506471063983879e-7,0.0001862701271642581,-0.6421888101993655,1.627858468990023e-8,-3.138349788147301e-6,-0.004916098074143389,0.19929759023266141,1.6283159334741365e-9,5.205995796199677e-9,3.87253731137716e-5,1.9923052740293474e-10,0.02687499234602903,-0.01215355167290157,-1.2975951022002787e-8,8.341524350599865e-5,0.050973156893488185,28.213166538172107,5.850603229490924e-10,6.485388757336057e-6,-0.0016129620064292936,0.19575590923311323,-19.30190994055568,1.5315657648473423e-10,-2.7491494138015717e-8,6.898525424968202e-7,-2.5277205128323946e-5,-3.22768769517338e-5,0.0026800653897629052,-2.4854484657465883e-8,4.367937708304735e-5,5.062340360442867,-1.690214467592831,-5.2787631657568835e-9,-9.366138630834498e-6,0.027489619934478553,11.212619042738174,-2460.134687561011,1.243822276906122e-10,1.8134454532210916e-7,0.0001503346361032275,-0.23210820955878092,-10.19186697222183,837.8417770447002,2.207296671265478e-11,-1.790765712682221e-9,2.1935207498879465e-7,1.751959299324511e-8,-4.784139403095459e-5,-3.265393995518056e-5,1.908476555065175e-8,-0.011410954385696462,-0.010745763107722276,-1.2083503573943528,7.0948591356426424e-9,-4.3570123643144664e-5,0.012676148227355712,702.5479272315574,-87.61330771019453,-7.033965824191273e-10,-9.55745551611621e-6,-0.0030092552362600265,6.228794233910578,2106.1643527495116,122361.98281297766,7.117656133920447e-12,1.2705705572224664e-7,-3.72972811826151e-5,-0.30798020590970776,-12.79986859973233,637.7793040343518,-28674.28399226582,3.3825590230340578e-12,-7.608428904778573e-11,4.609394513173296e-9,-1.059470304617932e-8,-2.1209390333547267e-6,8.354817358580896e-5,5.177552262524837e-6,3.040468430792863e-5,-0.0327528618295526,-0.06349980159472059,-6.027321185411888e-9,-2.1165805178121203e-5,-4.189861570867396,-1.9550563775483276,-309.23257833326795,-1.8595555819458027e-9,9.881033265008363e-6,-0.02959522926596391,-0.6016163797821378,93144.35687580363,-64.5328923378336,-9.761952005370298e-11,-7.113659585625144e-7,-0.006457483615648363,-0.5552405147115402,1134.6669520181044,368193.1702197132,-7.770932421339765e6,1.875156929789397e-12,-9.491457183705718e-10,3.8000909329344565e-5,-0.02467735623263858,-65.96246773486035,131.29744947338062,-72024.51761543527,1.5575334739754149e6
-0.00026369036536295817,-0.00026369036536295817,28.015961856168943,0.00012511141698109534,0.21816115953519313,-0.04615708980531841,0.00012511141698109534,-0.04615708980531841,-54.157716334351285,-3.3929827123990514e-7,0.00018627012716425562,0.08179321331081196,0.00018627012716425562,56.6813018663878,-2.930719791376421,-3.3929827123990514e-7,0.08179321331081196,-2.930719791376421,-36971.26765647019,-3.0336553201004336e-7,-6.080133132560199e-5,0.0029705248286055847,-0.018966388219904092,0.1284154359411339,14.70675672159249,-6.080133132560199e-5,0.1284154359411339,10368.463313034566,-104.13727510086538,-3.0336553201004336e-7,0.0029705248286055847,14.70675672159249,-104.13727510086538,2.5190667156701856e6,4.924392232632026e-8,2.116667246539907e-6,-0.00040380648752860797,-5.604143818798146e-6,-0.05787380141241686,1.1845814394673178,-5.604143818798146e-6,-15.43563485357184,40.71930444151539,1125.094021240408,2.116667246539907e-6,-0.05787380141241686,40.71930444151539,1.4818880699861592e6,3182.351458650719,4.924392232632026e-8,-0.00040380648752860797,1.1845814394673178,1125.094021240408,3182.351458650719,-1.279145637539918e8,-1.2941209245808219e-8,2.6214776880687247e-7,8.284661206264628e-5,-3.143175246189235e-5,0.0007128403755409172,-0.1874538920885024,0.0019017491809755827,-0.04705659116547933,-28.29109984159422,169.656420671352,-3.143175246189235e-5,-0.04705659116547933,-7440.062505206237,9282.872232862312,20544.484338351544,2.6214776880687247e-7,0.0007128403755409172,-28.29109984159422,9282.872232862312,1.848485545202778e8,-36834.400148983725,-1.2941209245808219e-8,8.284661206264628e-5,-0.1874538920885024,169.656420671352,20544.484338351544,-36834.400148983725,6.004777411761498e9,-2.1036783091461972e-10,-3.2489698001599157e-8,-1.5832451816671878e-6,-8.057423811416135e-7,5.9110693109956786e-5,0.03780753476324075,-3.095569476860572e-7,-0.027206184780437213,-0.5100845416727842,-45.43408468429943,-3.095569476860572e-7,3.1339137371090238,-36.069593762408104,-8835.489469626644,5566.728810866098,-8.057423811416135e-7,-0.027206184780437213,-36.069593762408104,-2.657713783598852e6,1.6760047390909637e6,-1.6636452079152723e6,-3.2489698001599157e-8,5.9110693109956786e-5,-0.5100845416727842,-8835.489469626644,1.6760047390909637e6,2.0615992002583015e10,-9.173402389604893e6,-2.1036783091461972e-10,-1.5832451816671878e-6,0.03780753476324075,-45.43408468429943,5566.728810866098,-1.6636452079152723e6,-9.173402389604893e6,-2.7788044274498e11
0.010230246897510429,2.474611616178773,0.4229159161792397,-0.0006386989967614522,-0.004329316651747365,4.60537730775257,-0.0035525194829510807,12.565050407127336,-63.59320495622279,-0.0010730963033606816,-0.004916098074143506,0.12842437655632488,-0.6421888101993705,-2.9307197913765477,307.08885702545155,-0.003844304679525,1.7588986086708884,21896.327723273098,235.61344503055838,-3.4205742392150395e-5,0.0006257885827612066,-0.48539328976231244,-0.001682339295000125,-3.0723199529190865,85.12249203953574,0.0019546287582293616,-169.26508506846253,-871.1361836415915,-4276.005891433462,-7.408501103052859e-5,-1.4559314740319214,579.6816309734302,-314469.2674325405,181323.74202064078,-4.322828588881835e-6,0.00024758416298715873,-0.014663734436351218,0.0011430231735157141,0.5112423920905085,-41.23177025476734,0.0397380548485939,-0.9699902004128769,-1269.7866384088265,13572.171566762428,0.0011323118345335282,1.3135267562191093,-53692.77566518201,-184618.00061267582,555029.4008117169,-9.57196805835325e-6,-0.025643084209554533,-67.12473828303331,68437.4944806813,3.0820966203175694e7,-1.3271020070595544e7,-4.7141952459150856e-7,3.9627564427673015e-5,-0.00598240859115853,-0.0002936348198395924,0.521992291306849,0.298120984273562,0.0004194505344165223,1.7177205971258693,186.29348962658352,13934.513217330106,-0.0006351044211219163,8.537208897550345,-226.64197091989328,-342374.74100845284,873111.1004425146,8.293919843020247e-5,2.0156340748176502,351.42228868016815,-1.004360969306582e7,-3.5713742999823794e7,-1.499969602333822e7,-8.195181319896585e-7,-0.011097372888363093,3.8714102366447722,55264.38254450809,3.8202386802196316e6,-1.796683273689747e9,8.23840095789384e8,-8.678359420132517e-8,2.432705800143915e-6,-7.935695787838916e-5,0.00015199455746097871,0.04426565494786914,-2.285727805232705,-0.0003410805738790746,-0.4445103853417676,382.26872651008154,1154.8227561599983,-0.011507601923636715,0.5462925658015582,1191.8845901192058,40864.08008397654,3.846695221112325e6,0.000412418312299838,-1.3963238671986382,16193.894505534849,-35633.18173589717,-7.117689240900002e7,3.1662341352623245e6,6.624893285277365e-6,0.09073932367391835,1348.576318408792,50610.26656533311,-1.5930572419019485e9,-6.620601925003435e9,2.45085686753743e9,-1.5279613288868134e-7,-1.3538893287366596e-5,-3.6854832115857294,3196.599570534038,1.2988333030150203e7,-3.1168216233689714e7,1.4003438528132272e11,-5.427234963904356e10
-1.7525051814686899e-7,-5.2176331063622676e-8,-2.7115384132377946e-7,9.59728174126377e-8,7.202088129369899e-9,-3.854604859141919e-5,4.637332876214012e-9,-1.2373811593848313e-5,3.4390921629282087e-6,5.676211347031882e-6,9.063660466654231e-8,1.6342286687506715e-5,1.627858468990066e-8,-3.392982712396412e-7,-0.0038443046795250137,1.4994019083780777e-9,1.50801448952851e-6,-0.0010730963033606855,0.0030767534299130624,-3.231385995787768e-10,-3.709371101918746e-8,0.0007636262808718254,-2.6067626669719055e-9,5.821405461884492e-5,0.001342491272468246,-1.230226301331442e-9,1.0894746475893847e-5,-0.0009266008118278757,-0.0884314740675009,5.4264817482564546e-11,1.804859634418602e-6,0.00012532824142106802,-0.03691947310219484,-0.27147300429036,5.7339858229879064e-11,-1.7183033556196395e-6,-8.203628936153024e-7,1.2129672613699903e-8,-1.5103419915656177e-5,-0.01581027931755228,1.8277084273034937e-9,-2.386446632072774e-6,0.018819788278861865,0.11603478361179126,1.0456248233929345e-9,-1.532187432187646e-6,0.0037223206852478696,-0.32042515286730344,-2.2963390864969395,-1.473023182094329e-11,7.061107424197227e-8,0.0005609472588451422,-0.010555167660192454,-0.33704995584234637,14.72677793134935,-6.3839908939901046e-12,1.5397927928279647e-11,9.270003270307908e-9,3.472617413168073e-9,-0.0009566977931909199,-0.00021872741791542413,-6.993940196210538e-11,5.765686858845385e-7,-0.005059745406423118,-13.033580662566825,-2.0992219156327085e-10,4.0149541887540166e-7,-0.0007825797129619811,4.130872653214314,-16.98216307997795,-4.2834525790027864e-11,5.780364346339335e-7,-0.0008001372440281452,0.8692876822176828,-72.47712120828949,98.51439000245861,2.1996251906785845e-12,2.7624686342267215e-9,2.2533099625648903e-5,0.06512003160759973,-2.5987637475017187,-20.624461247978306,-652.074442351413,8.603218304847951e-13,-8.296900809286401e-11,-9.526451676645896e-9,1.5008940847557108e-7,5.396945988020914e-7,-2.1823045658689734e-5,-1.0395691639722505e-9,-6.176797430199737e-7,-0.3336907302636023,-0.01908603367508849,9.777662624018826e-10,3.3504037746413716e-7,-0.005306231484714669,-1.9406673550042175,-1659.0605078126835,-5.447045678127788e-10,4.1620834685591286e-8,-0.0005691070527739664,-0.047685421099281734,707.6929368546685,-1545.8787594362796,2.2704344034865136e-11,-9.080512468247833e-8,-0.0001202490674569417,-0.2533194264333779,157.74831193052495,-13550.443315210581,-16547.28869340003,-1.0076117043106604e-13,2.476648095950574e-9,6.9013385938121225e-6,0.0018781221228985287,-0.9534869762156525,-154.43658032971132,-1607.0470835477056,25713.666889887416
0.00020550162239312578,-2.512385306479468e-5,0.037347989616698836,0.006589362884310519,0.00018009016034962148,0.04386754144674058,-5.9132743477927e-7,-0.00137841283472773,-0.7599645565214013,1.6342286687506952e-5,-2.7629653004151965e-5,2.4426917090916436,-3.1383497881472874e-6,0.0817932133108119,1.7588986086709286,1.508014489528594e-6,1.3337954183066431e-5,0.12842437655628178,-29.532255402354828,7.373488698191466e-8,-0.0013381163699897954,0.008941982012258107,-1.2913676844122436e-6,-0.03153806883628943,100.11328653742063,-2.839935020606109e-7,-0.0008942759390965445,18.543854275610506,-0.7254951208071462,1.919393375758656e-8,0.0003441578677126436,-0.012929102798161254,14.515261592897788,3835.98227034518,2.4911340382669477e-8,-9.395339805883167e-7,0.0002052132933194035,-6.975707180767654e-6,-1.3355114762162117,0.8365947330001458,-2.184754321076645e-6,-0.015855882667916366,-10.587280066908509,1753.4565180346697,-9.15397723387266e-7,-0.00027187391464229566,0.04024105648898626,3121.634494577673,187.81747745287663,1.797263071734692e-8,1.8323434994042746e-6,-0.09632276023677476,-4.529650889829623,71.12320849471524,-242330.90068182902,1.0369296992124922e-8,-3.759333953595508e-7,8.949467528487338e-6,-0.00041048950027336976,-0.006924014811106364,0.07154486711290071,-3.6886309078918293e-6,0.004681204082806094,-385.0761950574299,-100.81649968766467,-1.156011587882705e-7,-0.002185555711201989,-13.264257526543203,-2632.7762242030253,-415152.3993997571,-4.988006770494636e-8,-0.0012674189073550522,-0.10788120802013444,94.86457200020921,432278.0623677045,149866.2152803406,8.565375402211067e-10,1.3859201127691591e-5,-0.004171760297693316,-45.65972868308785,-275.3762457391746,-19811.79438686447,1.0722837148467636e7,3.5008261529154535e-10,-3.187091793926711e-8,7.4540011028832725e-6,-1.8025819966796785e-6,-0.00034852852122659614,-0.0026668421187873007,7.360861633544292e-7,0.06056844503269722,-4.651074389355785,11.548426591165176,1.7814994395658927e-7,-0.0013898524436208282,5.539482885943419,-80599.86237918686,-41878.38392110335,-3.8165386801272835e-8,-8.934106819415853e-5,-1.1899106609049537,-5958.870688568604,-510450.02975775785,5.454905192958896e6,-2.006459156412171e-8,-5.0890119464361535e-5,-0.7185373259726686,-20.063083876904756,33067.57523326911,5.379133325976321e7,2.807346308919979e6,2.961294893299124e-10,4.7420070690423077e-7,0.0025604517577122892,-1.3757673176498333,-6674.23391106279,25579.548846314163,85991.601429759,-2.0348462490014738e8
2.474611616178773,0.010230246897510429,0.4229159161792397,-0.0035525194829510807,-0.004329316651747365,12.565050407127336,-0.0006386989967614522,4.60537730775257,-63.59320495622279,-0.003844304679525,-0.6421888101993705,1.7588986086708884,-0.004916098074143506,-2.9307197913765477,21896.327723273098,-0.0010730963033606816,0.12842437655632488,307.08885702545155,235.61344503055838,-7.408501103052859e-5,0.0019546287582293616,-1.4559314740319214,-0.001682339295000125,-169.26508506846253,579.6816309734302,0.0006257885827612066,-3.0723199529190865,-871.1361836415915,-314469.2674325405,-3.4205742392150395e-5,-0.48539328976231244,85.12249203953574,-4276.005891433462,181323.74202064078,-9.57196805835325e-6,0.0011323118345335282,-0.025643084209554533,0.0397380548485939,1.3135267562191093,-67.12473828303331,0.0011430231735157141,-0.9699902004128769,-53692.77566518201,68437.4944806813,0.00024758416298715873,0.5112423920905085,-1269.7866384088265,-184618.00061267582,3.0820966203175694e7,-4.322828588881835e-6,-0.014663734436351218,-41.23177025476734,13572.171566762428,555029.4008117169,-1.3271020070595544e7,-8.195181319896585e-7,8.293919843020247e-5,-0.011097372888363093,-0.0006351044211219163,2.0156340748176502,3.8714102366447722,0.0004194505344165223,8.537208897550345,351.42228868016815,55264.38254450809,-0.0002936348198395924,1.7177205971258693,-226.64197091989328,-1.004360969306582e7,3.8202386802196316e6,3.9627564427673015e-5,0.521992291306849,186.29348962658352,-342374.74100845284,-3.5713742999823794e7,-1.796683273689747e9,-4.7141952459150856e-7,-0.00598240859115853,0.298120984273562,13934.513217330106,873111.1004425146,-1.499969602333822e7,8.23840095789384e8,-1.5279613288868134e-7,6.624893285277365e-6,-1.3538893287366596e-5,0.000412418312299838,0.09073932367391835,-3.6854832115857294,-0.011507601923636715,-1.3963238671986382,1348.576318408792,3196.599570534038,-0.0003410805738790746,0.5462925658015582,16193.894505534849,50610.26656533311,1.2988333030150203e7,0.00015199455746097871,-0.4445103853417676,1191.8845901192058,-35633.18173589717,-1.5930572419019485e9,-3.1168216233689714e7,2.432705800143915e-6,0.04426565494786914,382.26872651008154,40864.08008397654,-7.117689240900002e7,-6.620601925003435e9,1.4003438528132272e11,-8.678359420132517e-8,-7.935695787838916e-5,-2.285727805232705,1154.8227561599983,3.846695221112325e6,3.1662341352623245e6,2.45085686753743e9,-5.427234963904356e10
-0.5589677620793898,-0.5589677620793898,39998.851289769125,-0.16886326549228664,3.993251592432512,32.193190435993365,-0.16886326549228664,32.193190435993365,-3.803845960736028e6,0.003076753429912593,0.19929759023265017,-29.532255402353897,0.19929759023265017,-36971.26765647061,235.61344503048815,0.003076753429912593,-29.532255402353897,235.61344503048815,2.3493815660735375e8,-0.00036402389356876677,-0.09728368618068933,1.5213420004328377,-10.366312196635217,-18.46737996381616,4013.4558053538444,-0.09728368618068933,-18.46737996381616,-6.968918877360779e6,199991.99861704442,-0.00036402389356876677,1.5213420004328377,4013.4558053538444,199991.99861704442,-1.1101164721726229e10,4.885552490872098e-5,-0.0021114385789446255,-0.3223109161849543,-0.10506539349651094,-36.23638218463605,179.11335846794884,-0.10506539349651094,5348.86225429615,-3837.4056935073218,-260003.13775489153,-0.0021114385789446255,-36.23638218463605,-3837.4056935073218,-1.1377593094245794e9,-2.672109022160772e6,4.885552490872098e-5,-0.3223109161849543,179.11335846794884,-260003.13775489153,-2.672109022160772e6,4.473160170214432e11,-2.6368125958878565e-6,0.00011130856742746036,0.04154392062125946,0.0008978137979368294,-2.775445339330649,-95.56256604844116,2.7280486274280835,-11.451850597091868,-13830.375232939788,-22751.331702116164,0.0008978137979368294,-11.451850597091868,3.576300163744421e6,-776561.3324249277,-1.1815496072218306e7,0.00011130856742746036,-2.775445339330649,-13830.375232939788,-776561.3324249277,-1.359689077699691e11,-2.972808445416496e8,-2.6368125958878565e-6,0.04154392062125946,-95.56256604844116,-22751.331702116164,-1.1815496072218306e7,-2.972808445416496e8,-1.5707813537503799e13,4.077588678165846e-7,-4.848858271073004e-5,0.004015432128424749,-0.00018723440379310037,0.15902317001256064,9.651841144650689,0.03062995137318957,9.891999256847905,-1605.3425939987096,-10441.535485951983,0.03062995137318957,-443.306383545142,962.777571503501,-3.722047202617071e6,-7.732960355193218e6,-0.00018723440379310037,9.891999256847905,962.777571503501,1.5172981181325305e9,1.241985017906148e7,-1.1181793745834599e9,-4.848858271073004e-5,0.15902317001256064,-1605.3425939987096,-3.722047202617071e6,1.241985017906148e7,-1.5310782587306025e13,3.649354840954094e10,4.077588678165846e-7,0.004015432128424749,9.651841144650689,-10441.535485951983,-7.732960355193218e6,-1.1181793745834599e9,3.649354840954094e10,4.518860307760831e14
-2.1247963044466562e-9,-2.320558701951657e-9,-1.652038513412984e-7,5.0052179519264034e-11,-7.638037447927116e-10,-4.2708124888897814e-7,1.160070075081191e-9,-7.351695934183793e-7,8.136989722555035e-6,5.426481748263235e-11,5.850603229492269e-10,1.9193933757664825e-8,1.6283159334742312e-9,-3.0336553201003754e-7,-3.420574239214753e-5,-3.231385995788283e-10,7.373488698190417e-8,-7.40850110305278e-5,-0.00036402389356879024,2.925524357799318e-12,-2.3409557926708156e-11,6.027124876305852e-8,4.9811438369692e-11,4.034799891567634e-7,1.680519904726167e-6,-2.541778427820723e-10,1.0161718435553215e-6,-6.84583520781465e-5,-0.0010881304141215995,1.0509184082164021e-7,1.165738759179204e-7,7.493183172290161e-6,-0.0028227887351377308,0.016476493333617944,-6.4941580861645e-13,3.771103302061844e-11,2.2323058332164285e-9,3.7480912853166265e-11,-2.5206884195796564e-8,1.802153868330335e-5,3.251939224747881e-10,1.0101364073232631e-7,0.00014030752297274668,-0.00024647281134300837,3.857671168946859e-10,-1.8915490687242695e-7,0.0003222993963734795,-0.012168975973732125,-0.012693102295751869,1.1228735576984911e-10,6.980342137966709e-6,7.65951188163508e-5,-0.005204005603186878,-0.014369160464999982,-0.6892490010781326,2.7827241255485293e-14,-1.6223939890126096e-12,5.5870743344520026e-11,1.8130277060834995e-12,1.9156194542900393e-8,4.52211989104864e-7,8.589397331920745e-12,-2.4908371623250975e-8,-1.3132285488152074e-5,0.0019476602485826078,-6.761769723600293e-12,1.4683097954086032e-7,6.388750679227243e-5,0.033361629962325556,-0.059067463117664115,-6.705266953859801e-8,1.5324351813593012e-7,-0.00011717691257867932,0.06886881233247423,-1.9880205790007468,-0.7586846362844181,-2.131789908177725e-12,1.215039611895162e-8,-0.0010169656082225143,0.026130922419908588,-0.34205252632933447,-0.22695077786224657,21.35466898186242,-4.518867990558537e-15,1.0802857104345488e-12,2.75348627809935e-11,-2.339217224185549e-11,-3.0733394687095134e-9,2.611676641459934e-7,4.210357944408653e-11,2.411232766957967e-9,-5.250300678903245e-6,-3.39061367340885e-5,-3.433252591570154e-11,-1.6461464430634095e-8,-4.7406510093631525e-5,-0.004257987304623206,-0.06380446150181486,1.9531262775294417e-10,1.307692176360186e-7,-1.7339511812457468e-5,0.024411990573049745,6.167742721541957,-3.876945796296964,-7.877821871384255e-12,-2.2912398835529446e-5,0.00019502186538567534,-0.030603732747388698,11.29095615955261,-322.35211365657324,-56.88061754396,3.398151616660352e-14,-5.772925059712961e-10,-4.918648092603467e-7,-0.12361255840790308,2.1759844045828016,-26.385544169809986,-135.73836290929398,-402.0649456608096
4.833976467646292e-8,-5.384594493309825e-7,-2.8243229160778346e-5,1.746839190877925e-9,-1.7389053989296365e-7,8.514313388837164e-6,-3.573970173565577e-5,3.0014173052240013e-5,0.0016199895470264366,-1.230226301331264e-9,-1.2975951022005154e-8,-2.839935020607115e-7,5.205995796203896e-9,-6.080133132560338e-5,0.0006257885827612481,-3.709371101918749e-8,-0.0013381163699897891,0.001954628758229377,-0.09728368618068621,-2.3409557926657045e-11,-1.017218125537502e-9,-1.023332668506574e-6,6.493934933489775e-9,-8.752083706349632e-6,-0.0001127665345654521,1.3446767462306186e-5,-3.3581997844172026e-5,-0.012155477978649859,0.016685809548546253,-2.5417784278182395e-10,-1.6572559483923044e-6,0.03917865889819193,0.06917158214802765,6.316307239436192,-1.7138047164262426e-12,-2.487838526400936e-10,-2.866713582574881e-8,-2.1455777887296842e-10,-5.239374793985361e-7,-0.00025145836758696833,-3.0536161379039215e-8,1.9432931750278274e-5,-0.002979848101567809,-0.007644079857050008,1.2342397203575296e-8,0.00384134893668451,-0.009051639688379867,-1.7218512380537956,0.22059870925845898,-1.783169051751363e-11,-1.7069066133280382e-7,0.0011854559143671642,12.914736335126866,0.5488588505385278,-373.2595551054981,-9.63159298677905e-13,2.5938200759898877e-11,-9.263292098669408e-9,6.349795342546349e-10,1.3660982178431335e-7,-8.047521575635591e-6,2.4687796464880746e-9,1.2749643167482679e-6,-7.836429847817796e-5,-0.017753914827226346,-3.106950563342362e-6,-5.01191325590673e-6,0.012162517504659095,-0.6967646102204175,0.5101052031779688,8.51620600426799e-11,8.005996669329504e-6,0.8554662592328058,-1.3621210877642076,-198.26212393061667,17.221404471483165,-6.730091513158053e-12,1.4101349255099841e-8,-3.550911208428238e-5,0.354399656240748,296.84293587493113,25.76669079219024,17926.880927574966,-1.2652524493931944e-13,-1.4199560297643443e-12,-1.2730076079425394e-9,3.2113802434935905e-10,5.249924649493004e-8,-5.161791182365478e-6,-4.371203810415174e-10,9.834587368158037e-7,0.0003130047203196317,-0.00032711931265738393,7.774820449854178e-9,-7.472149627695654e-7,0.001417163657289994,0.008341663258391717,2.6586877090461853,-6.641044201835293e-10,-0.002024050575686622,0.0017313385621232935,4.596102173270503,-126.94519550400045,69.30939155241846,3.0123342025186194e-11,1.5638285521378543e-7,0.003324975158504385,142.08031567153455,-204.47461269039883,-20116.82752543871,1189.4564212909834,-3.2951963774575336e-13,-8.880265693161846e-10,1.559218278096067e-5,-0.0075206695740078055,39.98956399201694,-4884.908891927951,-6473.500225212353,-559672.5749812999
-4.189536066538865e-5,8.100195854037954e-6,0.0008404594702924405,2.170664045887763e-6,9.668829849998083e-6,-0.007329508457354446,8.520285458253015e-6,-0.00982319028839496,-0.01643715020672866,1.8048596344187275e-6,6.485388757335612e-6,0.00034415786771263925,3.872537311377185e-5,0.0029705248286053866,-0.4853932897623135,0.0007636262808718174,0.008941982012257878,-1.4559314740319358,1.5213420004327638,6.027124876306597e-8,-1.0233326685067319e-6,0.001150586961403027,-4.088578057924783e-7,0.004951273154084279,-0.05115680441488947,-1.6572559483924624e-6,0.02210566328061392,0.41703639857483354,-10.845465282306332,1.1657387591791102e-7,0.42985919088627933,1.4458916411507852,-63.157436107019464,-129.24915934262654,1.0431662110415597e-9,-2.8091097544413217e-9,4.1631774826409415e-5,-4.904500254031511e-7,-0.0010109871913968733,0.2184360531256418,7.705299241513914e-6,-0.0008827398630548891,1.8733845621887995,-17.66871144741491,7.307531211135713e-5,-0.0024077142861793277,6.571523266145926,21.63405761226884,-145.87985406618293,5.6211012706365984e-8,-8.804605254673619e-5,45.84830541795663,127.8033603331083,-238.5935623398397,7095.8675923114115,1.437995907579789e-9,-6.424659810905381e-8,8.973631486522248e-6,2.0212188578145626e-7,-0.0004862674781528939,0.007016519368527834,-2.6883537806484935e-7,-0.0011762332446680042,-0.44347972761405186,1.6309462593111388,-1.8393730505512283e-6,0.004035144173766266,-0.47445801514405284,483.6535509942355,-1701.510399408178,-2.683930928959889e-7,-0.11387571558587427,-1.2475343855465413,1267.3962074132621,-4277.519459298966,-21284.808000715268,-3.876465027137678e-10,3.266156546859932e-5,-0.10646729765484993,498.93616176052717,-899.8491836677985,50349.316334520234,-291458.06056707125,1.0592190140320764e-10,4.0089090481709735e-9,9.584915094983872e-7,-3.5478146904737713e-7,-8.634983516283839e-5,0.005301002596356952,6.753578485583973e-7,0.00044704528029678706,-0.5169977557623506,-0.8337841997692451,-1.687970629339456e-6,-0.00014393269823741463,-1.0057729616862148,-120.56106573606671,-5132.372034715363,-0.00012265941360529723,-0.002980822707506845,0.24265211691283525,-134.06970187815855,96523.67133376849,-46277.19388770792,-6.961008196710573e-8,-0.00017518193089729154,-76.70295786762871,-616.7654582234929,183132.60700087738,-1.5920062290275805e6,-903543.5356595729,7.792262090090036e-10,-3.6657548381307675e-6,0.0010074343691670931,-22.452834285027947,-491512.80517421867,-766033.6956188031,-5.160351057204545e6,9.467087586781261e6
8.71566052227129e-8,8.71566052227129e-8,-0.02423863503808449,-2.9887753138773676e-8,-0.00019079704064650993,-2.4943442983270093e-5,-2.9887753138773676e-8,-2.4943442983270093e-5,0.5727287109372337,-2.6067626669718182e-9,1.9923052740692118e-10,-1.2913676844117282e-6,1.9923052740692118e-10,-0.01896638821990424,-0.0016823392949999903,-2.6067626669718182e-9,-1.2913676844117282e-6,-0.0016823392949999903,-10.36631219663515,4.981143836950763e-11,6.493934933487849e-9,-4.0885780579250547e-7,3.8105208716400224e-5,2.8038874338638205e-5,0.0010264294831238998,6.493934933487849e-9,2.8038874338638205e-5,-2.7113584256828096,0.03807595028206185,4.981143836950763e-11,-4.0885780579250547e-7,0.0010264294831238998,0.03807595028206185,39.717659856663765,-2.357612666891234e-11,2.0152079938137117e-9,3.1239081992282265e-8,1.4063687037461808e-9,7.145981689045519e-6,0.00021948861859035304,1.4063687037461808e-9,0.011068785285535203,0.009459494603568638,0.16065039675276668,2.0152079938137117e-9,7.145981689045519e-6,0.009459494603568638,-215.99308924319737,-3.3363143604564707,-2.357612666891234e-11,3.1239081992282265e-8,0.00021948861859035304,0.16065039675276668,-3.3363143604564707,13112.718602731247,-2.535933587464057e-12,7.717171290159109e-11,-1.3078521881742702e-8,-4.284343472682195e-9,2.3705579786216875e-6,4.693466439876856e-6,-8.43903004665432e-6,8.917263926811499e-7,0.002660268397213402,0.08108114252769248,-4.284343472682195e-9,8.917263926811499e-7,2.964061909332185,1.8973523982972567,10.474837649467203,7.717171290159109e-11,2.3705579786216875e-6,0.002660268397213402,1.8973523982972567,-23065.719125130643,327.9108798318652,-2.535933587464057e-12,-1.3078521881742702e-8,4.693466439876856e-6,0.08108114252769248,10.474837649467203,327.9108798318652,-1.2171683930739127e6,-3.6244501064588933e-13,2.924565401645176e-11,-2.644626374533223e-9,-1.6580515523509046e-10,4.4069851304282285e-8,-6.731079292815082e-8,2.0066448487331103e-9,-6.369329651974832e-6,0.0012109731819103296,-0.001786912980072038,2.0066448487331103e-9,-0.0047764294243279335,-0.0036848847107326835,0.6226478121958433,10.52397996131391,-1.6580515523509046e-10,-6.369329651974832e-6,-0.0036848847107326835,612.2143355910073,266.7142558829921,-32.74395996891929,2.924565401645176e-11,4.4069851304282285e-8,0.0012109731819103296,0.6226478121958433,266.7142558829921,-1.6517716671776536e6,-25259.950341848635,-3.6244501064588933e-13,-2.644626374533223e-9,-6.731079292815082e-8,-0.001786912980072038,10.52397996131391,-32.74395996891929,-25259.950341848635,8.38587941717562e7
-0.00034643035606285547,-0.09992697564097988,0.020033639102188985,8.972914968505136e-6,0.0002822684693596767,-0.05969966324881789,-1.2185496388173376e-5,-6.124880836736307,0.5108979502247214,1.0894746475894208e-5,8.34152435060006e-5,-0.000894275939096757,0.02687499234602888,0.12841543594112717,-3.072319952919093,5.821405461884567e-5,-0.03153806883628926,-169.26508506846204,-18.467379963814864,4.0347998915673076e-7,-8.752083706350318e-6,0.004951273154084524,2.8038874338639695e-5,0.0523152006740189,-0.8876978610707192,-3.3581997844172486e-5,8.814010414415312,32.9235866499263,-2.7702486856652193,1.0161718435553476e-6,0.02210566328061409,-8.220263444621148,146.07355186314783,-797.4149947492328,6.848347333966214e-8,-2.6324624215456897e-6,0.0001562655778709235,-1.6183423117011196e-5,-0.006762489775703623,0.37973304793296064,-0.0030372371755308073,0.01646741658552802,17.121088831742583,-146.7903114552592,-2.0590425101254254e-5,-0.01620571372355136,1891.1246939288283,6590.402897673905,494.358155357128,1.228138613743679e-7,0.00035891407720578327,0.7204494949525788,-1076.808845257763,-205246.36539174325,47504.293415079315,5.474780529378816e-9,-4.737604568935212e-7,8.0864334835382e-5,4.307552699664461e-6,-0.005559388524213891,-0.010573420759618276,-4.010824914445801e-6,-0.02538951420945773,-2.3831927688612735,-158.59109910757783,1.9272227675229904e-5,-2.6434387731786266,2.3177882209785445,3883.3761043474196,-9427.88908205575,-1.1473483508929786e-6,-0.03321054847290693,-5.045246384170391,314781.06537985435,1.1872830636490667e6,-126427.97097119968,1.2526159218258958e-8,0.00014857442743987633,-0.056873325649088015,-945.0415936820765,-52291.44841418742,-979673.3366737814,-200880.06233192075,1.1434746471636868e-9,-4.711316563178906e-8,5.066053598390075e-7,-1.4777235599242403e-6,-0.0005057035853056111,0.02785901186164641,-2.470015188280269e-6,0.006166084375329178,-4.047028146356417,-14.503127944079305,0.0004368088436094031,-0.013282058543113024,-16.94829242546742,-511.97256730633427,-41634.04021568007,-6.533441064325355e-6,0.020788999675453005,-1314.7321798284154,-982.3852721454361,707187.7287125193,-19531.338638456575,-8.052180257188584e-8,-0.0013037574806367997,-21.785432258151314,-627.1007615542454,4.463410369772458e7,2.0521804573459268e8,-1.5194012835199492e7,2.4337317215618484e-9,5.088975074500424e-7,0.05001103205684279,-46.13545260979621,-208050.8148965452,569641.2015890867,-4.3211992698254687e8,-5.081494820861583e7
0.00031106438432326473,0.045059576670511685,6.218827617699261,-8.474312976911232e-6,0.03235281969137746,0.614158317757894,-0.08696353625779565,7.654889941106059,-221.135202716738,0.0001253282414210809,-0.0016129620064292923,-0.012929102798143764,-0.012153551672902095,14.706756721592406,85.12249203953624,0.0013424912724682508,100.1132865374193,579.681630973421,4013.455805353856,1.6805199047276028e-6,-0.00011276653456541382,-0.051156804414881046,0.001026429483123893,-0.8876978610707216,-6.8248469546976125,0.039178658898192296,-8.22026344462125,3667.880992670704,4223.581581000023,7.49318317228875e-6,1.4458916411507807,14931.399566511524,9957.492492064302,19600.425609509293,3.084066196026359e-6,-0.00018915342356846685,-0.0016752244175456627,-0.0003649706021387968,-0.0706070978947787,-43.30241388080103,-0.0014932837078958235,-1.9590282956127005,-247.9163236912936,-699.2753694695373,-0.00020087474061898866,-13.11572446337953,-2909.2458878168186,655939.2831120068,32459.066404270812,4.345528387568179e-6,0.014918784067692687,366.78886935434974,637995.0169420271,83148.46297841915,-7.14939772335495e6,7.105119115723467e-8,-6.780492446681868e-6,0.0013865166920334806,2.4681989684411273e-5,-0.20536559226550458,-1.1861524001589236,-0.0007017510932208058,-0.2569399087023045,-16.256160851047046,-9607.48277433521,-0.04884884137258474,0.17583131610947755,-2112.8471460796986,-44560.219054148125,37367.54415940604,-4.393265326831271e-5,-0.5888709878163888,-13327.636463728924,-686150.7469903787,9.585954817639188e7,-1.579188729465007e6,1.4868667853344702e-6,0.0035312467813779394,9.25914390384674,27990.239365663427,-7.628983501804025e6,1.498174433255823e7,7.188080744583613e8,4.0089402123514674e-8,-3.950828889072638e-6,-4.155317912829816e-5,3.222219399178939e-5,-0.004445570693793245,-0.1760529963103666,-3.4086210172439e-5,0.04978086652754811,-89.63236833707509,-208.77919018746408,0.00015651890739645381,-0.4964640617137074,-87.42826434283282,-217.1758639551141,-831270.7546495078,-9.731621317745154e-5,-40.00676975405657,1042.7452834566059,-1.0857581562964765e6,-5.633000291699707e6,1.110669727785558e7,-5.349673832363197e-6,-0.047942731819123646,-540.6118068579607,-4.014344187861773e6,-1.2627039249735248e8,1.2373843523500366e10,1.3307480559148034e8,3.743178895863043e-8,0.0016717351194627706,0.8688275698362158,2003.251678565499,-2.6586677986418176e6,-1.357658434528873e9,1.5647888900956135e9,-6.5450157201079056e10
-5.384594493309825e-7,4.833976467646292e-8,-2.8243229160778346e-5,-3.573970173565577e-5,-1.7389053989296365e-7,3.0014173052240013e-5,1.746839190877925e-9,8.514313388837164e-6,0.0016199895470264366,-3.709371101918749e-8,5.205995796203896e-9,-0.0013381163699897891,-1.2975951022005154e-8,-6.080133132560338e-5,0.001954628758229377,-1.230226301331264e-9,-2.839935020607115e-7,0.0006257885827612481,-0.09728368618068621,-2.5417784278182395e-10,1.3446767462306186e-5,-1.6572559483923044e-6,6.493934933489775e-9,-3.3581997844172026e-5,0.03917865889819193,-1.017218125537502e-9,-8.752083706349632e-6,-0.012155477978649859,0.06917158214802765,-2.3409557926657045e-11,-1.023332668506574e-6,-0.0001127665345654521,0.016685809548546253,6.316307239436192,-1.783169051751363e-11,1.2342397203575296e-8,-1.7069066133280382e-7,-3.0536161379039215e-8,0.00384134893668451,0.0011854559143671642,-2.1455777887296842e-10,1.9432931750278274e-5,-0.009051639688379867,12.914736335126866,-2.487838526400936e-10,-5.239374793985361e-7,-0.002979848101567809,-1.7218512380537956,0.5488588505385278,-1.7138047164262426e-12,-2.866713582574881e-8,-0.00025145836758696833,-0.007644079857050008,0.22059870925845898,-373.2595551054981,-6.730091513158053e-12,8.51620600426799e-11,1.4101349255099841e-8,-3.106950563342362e-6,8.005996669329504e-6,-3.550911208428238e-5,2.4687796464880746e-9,-5.01191325590673e-6,0.8554662592328058,0.354399656240748,6.349795342546349e-10,1.2749643167482679e-6,0.012162517504659095,-1.3621210877642076,296.84293587493113,2.5938200759898877e-11,1.3660982178431335e-7,-7.836429847817796e-5,-0.6967646102204175,-198.26212393061667,25.76669079219024,-9.63159298677905e-13,-9.263292098669408e-9,-8.047521575635591e-6,-0.017753914827226346,0.5101052031779688,17.221404471483165,17926.880927574966,-3.2951963774575336e-13,3.0123342025186194e-11,-8.880265693161846e-10,-6.641044201835293e-10,1.5638285521378543e-7,1.559218278096067e-5,7.774820449854178e-9,-0.002024050575686622,0.003324975158504385,-0.0075206695740078055,-4.371203810415174e-10,-7.472149627695654e-7,0.0017313385621232935,142.08031567153455,39.98956399201694,3.2113802434935905e-10,9.834587368158037e-7,0.001417163657289994,4.596102173270503,-204.47461269039883,-4884.908891927951,-1.4199560297643443e-12,5.249924649493004e-8,0.0003130047203196317,0.008341663258391717,-126.94519550400045,-20116.82752543871,-6473.500225212353,-1.2652524493931944e-13,-1.2730076079425394e-9,-5.161791182365478e-6,-0.00032711931265738393,2.6586877090461853,69.30939155241846,1189.4564212909834,-559672.5749812999
-0.09992697564097988,-0.00034643035606285547,0.020033639102188985,-1.2185496388173376e-5,0.0002822684693596767,-6.124880836736307,8.972914968505136e-6,-0.05969966324881789,0.5108979502247214,5.821405461884567e-5,0.02687499234602888,-0.03153806883628926,8.34152435060006e-5,0.12841543594112717,-169.26508506846204,1.0894746475894208e-5,-0.000894275939096757,-3.072319952919093,-18.467379963814864,1.0161718435553476e-6,-3.3581997844172486e-5,0.02210566328061409,2.8038874338639695e-5,8.814010414415312,-8.220263444621148,-8.752083706350318e-6,0.0523152006740189,32.9235866499263,146.07355186314783,4.0347998915673076e-7,0.004951273154084524,-0.8876978610707192,-2.7702486856652193,-797.4149947492328,1.228138613743679e-7,-2.0590425101254254e-5,0.00035891407720578327,-0.0030372371755308073,-0.01620571372355136,0.7204494949525788,-1.6183423117011196e-5,0.01646741658552802,1891.1246939288283,-1076.808845257763,-2.6324624215456897e-6,-0.006762489775703623,17.121088831742583,6590.402897673905,-205246.36539174325,6.848347333966214e-8,0.0001562655778709235,0.37973304793296064,-146.7903114552592,494.358155357128,47504.293415079315,1.2526159218258958e-8,-1.1473483508929786e-6,0.00014857442743987633,1.9272227675229904e-5,-0.03321054847290693,-0.056873325649088015,-4.010824914445801e-6,-2.6434387731786266,-5.045246384170391,-945.0415936820765,4.307552699664461e-6,-0.02538951420945773,2.3177882209785445,314781.06537985435,-52291.44841418742,-4.737604568935212e-7,-0.005559388524213891,-2.3831927688612735,3883.3761043474196,1.1872830636490667e6,-979673.3366737814,5.474780529378816e-9,8.0864334835382e-5,-0.010573420759618276,-158.59109910757783,-9427.88908205575,-126427.97097119968,-200880.06233192075,2.4337317215618484e-9,-8.052180257188584e-8,5.088975074500424e-7,-6.533441064325355e-6,-0.0013037574806367997,0.05001103205684279,0.0004368088436094031,0.020788999675453005,-21.785432258151314,-46.13545260979621,-2.470015188280269e-6,-0.013282058543113024,-1314.7321798284154,-627.1007615542454,-208050.8148965452,-1.4777235599242403e-6,0.006166084375329178,-16.94829242546742,-982.3852721454361,4.463410369772458e7,569641.2015890867,-4.711316563178906e-8,-0.0005057035853056111,-4.047028146356417,-511.97256730633427,707187.7287125193,2.0521804573459268e8,-4.3211992698254687e8,1.1434746471636868e-9,5.066053598390075e-7,0.02785901186164641,-14.503127944079305,-41634.04021568007,-19531.338638456575,-1.5194012835199492e7,-5.081494820861583e7
-0.02223092374834539,-0.02223092374834539,4892.033808324539,0.026596084135776847,36.473952793779254,-9.356274848902626,0.026596084135776847,-9.356274848902626,-12861.522112536244,-0.00092660081182787,0.050973156893487366,18.54385427561034,0.050973156893487366,10368.463313034637,-871.1361836415815,-0.00092660081182787,18.54385427561034,-871.1361836415815,-6.968918877360734e6,-6.845835207814886e-5,-0.012155477978649895,0.41703639857485514,-2.7113584256827847,32.923586649926754,3667.8809926707117,-0.012155477978649895,32.923586649926754,2.0353124353677407e6,-28097.42701816802,-6.845835207814886e-5,0.41703639857485514,3667.8809926707117,-28097.42701816802,4.889934176911613e8,5.9690740906995204e-6,0.0009782359221210915,-0.09500634265010013,-0.0050830460172231196,-11.706280771952988,284.60073349013186,-0.0050830460172231196,-2507.708808196218,10033.887653795715,305466.67221441626,0.0009782359221210915,-11.706280771952988,10033.887653795715,3.0427967449662393e8,845118.6008788807,5.9690740906995204e-6,-0.09500634265010013,284.60073349013186,305466.67221441626,845118.6008788807,-2.5095620731667244e10,-3.771783887433712e-6,8.633555871706586e-5,0.016039843377004728,-0.008254276809258169,0.777640614514453,-44.65128300824826,0.20533743669687912,-12.236146444908012,-5855.593259551356,55437.24979520941,-0.008254276809258169,-12.236146444908012,-1.368488575965699e6,2.124149153013839e6,7.496923267221858e6,8.633555871706586e-5,0.777640614514453,-5855.593259551356,2.124149153013839e6,3.917319644302348e10,1.0968587364178613e7,-3.771783887433712e-6,0.016039843377004728,-44.65128300824826,55437.24979520941,7.496923267221858e6,1.0968587364178613e7,1.1808193651337598e12,-1.27104140754448e-7,-9.370301709424632e-7,-0.0010078640846063523,-0.00020709923688294298,0.03433758464673193,8.63068523834683,0.001565566560850678,-7.915505620009992,225.22804515339845,-11089.611647714568,0.001565566560850678,400.3132050217955,-8776.025408419398,-1.8787886532676741e6,4.1788034615676934e6,-0.00020709923688294298,-7.915505620009992,-8776.025408419398,-5.2541416593525726e8,3.5892619708442056e8,-3.63344175623382e8,-9.370301709424632e-7,0.03433758464673193,225.22804515339845,-1.8787886532676741e6,3.5892619708442056e8,4.472838217238463e12,-1.6583997751535523e9,-1.27104140754448e-7,-0.0010078640846063523,8.63068523834683,-11089.611647714568,4.1788034615676934e6,-3.63344175623382e8,-1.6583997751535523e9,-5.4670700914582586e13
2.468783782926911,-168.5787230413242,-38.86840931872961,0.003984229106689371,-0.5989205345600821,182.0412346512125,0.043391560688298435,12249.757981948695,-2229.456543361619,-0.03691947310219493,0.19575590923311048,14.515261592898078,28.213166538171873,-104.13727510086524,-4276.005891433281,-0.0884314740675019,-0.7254951208069025,-314469.2674325405,199991.9986170487,-0.001088130414121658,0.016685809548546517,-10.845465282306185,0.038075950282055106,-2.7702486856625916,4223.581580999936,0.06917158214802833,146.07355186315166,-28097.427018167786,191111.25577666462,-0.0028227887351377884,-63.1574361070188,9957.49249206415,4.358491955461205e7,-1.0511632648467006e7,-0.00022700627140414387,0.0159063418593467,-0.24887941708758785,0.0611829115145396,10.971858375443611,1194.3252246799984,-9.141027186400937,-1.6035551056395039,-13877.756132297976,493119.964252223,0.017994596448726346,91.6798338857735,101661.8784397635,-6.553709753368926e6,-2.6475360311663087e7,-0.00016774667847700798,-1.5495066634197057,-11487.889696830773,2.2866685346018495e6,-2.558246784287713e9,5.0094953068097043e8,-9.420548510820085e-6,0.0013625550966153677,-0.22105396619290052,-0.012057643203572412,24.921942792353878,118.05181342620236,-0.009341937981187261,60.11359409086224,2678.9628360357983,922744.9316634475,-0.03872884354984719,-2918.958376652075,-3170.0927248570615,-6.350032946418897e6,2.0725372903345156e7,0.0029822916301112156,39.20209568415386,41171.48200215115,-3.0289758813071977e7,-1.372832382862788e9,2.3220009664580584e9,-4.010749492181913e-5,-0.34540923013404184,-158.04665416281966,201341.9012747127,1.7780920882947782e8,1.5011436548856256e11,-3.646311317604163e10,-3.7745982382859736e-6,0.0001884473975722741,0.006542578095666011,0.0035685165893069156,1.3434044619484173,-60.78477009956387,-0.015250695121692904,-16.530255656377534,15432.085708328192,55235.38694382719,2.13387672768603,-2.757842827741738,36297.17790541259,141641.34004175538,1.5656073195768338e8,0.017235576293594356,-64.30332235326557,-938499.3547875803,206247.0280852276,-1.6997256440873566e9,-7.916718563415903e8,1.677677920895391e-5,3.6129929411277506,34613.37619039437,1.0691356198002866e7,-2.548872312388885e9,-2.6411360853472626e11,-6.923698347323929e10,-3.051214808231884e-6,-0.02012103712491513,-162.1585973296586,63296.13512570136,3.171346272607403e8,5.169065848759171e9,-8.274662611322034e12,2.9658160856306514e12
-2.320558701951657e-9,-2.1247963044466562e-9,-1.652038513412984e-7,1.160070075081191e-9,-7.638037447927116e-10,-7.351695934183793e-7,5.0052179519264034e-11,-4.2708124888897814e-7,8.136989722555035e-6,-3.231385995788283e-10,1.6283159334742312e-9,7.373488698190417e-8,5.850603229492269e-10,-3.0336553201003754e-7,-7.40850110305278e-5,5.426481748263235e-11,1.9193933757664825e-8,-3.420574239214753e-5,-0.00036402389356879024,1.0509184082164021e-7,-2.541778427820723e-10,1.165738759179204e-7,4.9811438369692e-11,1.0161718435553215e-6,7.493183172290161e-6,-2.3409557926708156e-11,4.034799891567634e-7,-6.84583520781465e-5,-0.0028227887351377308,2.925524357799318e-12,6.027124876305852e-8,1.680519904726167e-6,-0.0010881304141215995,0.016476493333617944,1.1228735576984911e-10,3.857671168946859e-10,6.980342137966709e-6,3.251939224747881e-10,-1.8915490687242695e-7,7.65951188163508e-5,3.7480912853166265e-11,1.0101364073232631e-7,0.0003222993963734795,-0.005204005603186878,3.771103302061844e-11,-2.5206884195796564e-8,0.00014030752297274668,-0.012168975973732125,-0.014369160464999982,-6.4941580861645e-13,2.2323058332164285e-9,1.802153868330335e-5,-0.00024647281134300837,-0.012693102295751869,-0.6892490010781326,-2.131789908177725e-12,-6.705266953859801e-8,1.215039611895162e-8,-6.761769723600293e-12,1.5324351813593012e-7,-0.0010169656082225143,8.589397331920745e-12,1.4683097954086032e-7,-0.00011717691257867932,0.026130922419908588,1.8130277060834995e-12,-2.4908371623250975e-8,6.388750679227243e-5,0.06886881233247423,-0.34205252632933447,-1.6223939890126096e-12,1.9156194542900393e-8,-1.3132285488152074e-5,0.033361629962325556,-1.9880205790007468,-0.22695077786224657,2.7827241255485293e-14,5.5870743344520026e-11,4.52211989104864e-7,0.0019476602485826078,-0.059067463117664115,-0.7586846362844181,21.35466898186242,3.398151616660352e-14,-7.877821871384255e-12,-5.772925059712961e-10,1.9531262775294417e-10,-2.2912398835529446e-5,-4.918648092603467e-7,-3.433252591570154e-11,1.307692176360186e-7,0.00019502186538567534,-0.12361255840790308,4.210357944408653e-11,-1.6461464430634095e-8,-1.7339511812457468e-5,-0.030603732747388698,2.1759844045828016,-2.339217224185549e-11,2.411232766957967e-9,-4.7406510093631525e-5,0.024411990573049745,11.29095615955261,-26.385544169809986,1.0802857104345488e-12,-3.0733394687095134e-9,-5.250300678903245e-6,-0.004257987304623206,6.167742721541957,-322.35211365657324,-135.73836290929398,-4.518867990558537e-15,2.75348627809935e-11,2.611676641459934e-7,-3.39061367340885e-5,-0.06380446150181486,-3.876945796296964,-56.88061754396,-402.0649456608096
8.100195854037954e-6,-4.189536066538865e-5,0.0008404594702924405,8.520285458253015e-6,9.668829849998083e-6,-0.00982319028839496,2.170664045887763e-6,-0.007329508457354446,-0.01643715020672866,0.0007636262808718174,3.872537311377185e-5,0.008941982012257878,6.485388757335612e-6,0.0029705248286053866,-1.4559314740319358,1.8048596344187275e-6,0.00034415786771263925,-0.4853932897623135,1.5213420004327638,1.1657387591791102e-7,-1.6572559483924624e-6,0.42985919088627933,-4.088578057924783e-7,0.02210566328061392,1.4458916411507852,-1.0233326685067319e-6,0.004951273154084279,0.41703639857483354,-63.157436107019464,6.027124876306597e-8,0.001150586961403027,-0.05115680441488947,-10.845465282306332,-129.24915934262654,5.6211012706365984e-8,7.307531211135713e-5,-8.804605254673619e-5,7.705299241513914e-6,-0.0024077142861793277,45.84830541795663,-4.904500254031511e-7,-0.0008827398630548891,6.571523266145926,127.8033603331083,-2.8091097544413217e-9,-0.0010109871913968733,1.8733845621887995,21.63405761226884,-238.5935623398397,1.0431662110415597e-9,4.1631774826409415e-5,0.2184360531256418,-17.66871144741491,-145.87985406618293,7095.8675923114115,-3.876465027137678e-10,-2.683930928959889e-7,3.266156546859932e-5,-1.8393730505512283e-6,-0.11387571558587427,-0.10646729765484993,-2.6883537806484935e-7,0.004035144173766266,-1.2475343855465413,498.93616176052717,2.0212188578145626e-7,-0.0011762332446680042,-0.47445801514405284,1267.3962074132621,-899.8491836677985,-6.424659810905381e-8,-0.0004862674781528939,-0.44347972761405186,483.6535509942355,-4277.519459298966,50349.316334520234,1.437995907579789e-9,8.973631486522248e-6,0.007016519368527834,1.6309462593111388,-1701.510399408178,-21284.808000715268,-291458.06056707125,7.792262090090036e-10,-6.961008196710573e-8,-3.6657548381307675e-6,-0.00012265941360529723,-0.00017518193089729154,0.0010074343691670931,-1.687970629339456e-6,-0.002980822707506845,-76.70295786762871,-22.452834285027947,6.753578485583973e-7,-0.00014393269823741463,0.24265211691283525,-616.7654582234929,-491512.80517421867,-3.5478146904737713e-7,0.00044704528029678706,-1.0057729616862148,-134.06970187815855,183132.60700087738,-766033.6956188031,4.0089090481709735e-9,-8.634983516283839e-5,-0.5169977557623506,-120.56106573606671,96523.67133376849,-1.5920062290275805e6,-5.160351057204545e6,1.0592190140320764e-10,9.584915094983872e-7,0.005301002596356952,-0.8337841997692451,-5132.372034715363,-46277.19388770792,-903543.5356595729,9.467087586781261e6
0.045059576670511685,0.00031106438432326473,6.218827617699261,-0.08696353625779565,0.03235281969137746,7.654889941106059,-8.474312976911232e-6,0.614158317757894,-221.135202716738,0.0013424912724682508,-0.012153551672902095,100.1132865374193,-0.0016129620064292923,14.706756721592406,579.681630973421,0.0001253282414210809,-0.012929102798143764,85.12249203953624,4013.455805353856,7.49318317228875e-6,0.039178658898192296,1.4458916411507807,0.001026429483123893,-8.22026344462125,14931.399566511524,-0.00011276653456541382,-0.8876978610707216,3667.880992670704,9957.492492064302,1.6805199047276028e-6,-0.051156804414881046,-6.8248469546976125,4223.581581000023,19600.425609509293,4.345528387568179e-6,-0.00020087474061898866,0.014918784067692687,-0.0014932837078958235,-13.11572446337953,366.78886935434974,-0.0003649706021387968,-1.9590282956127005,-2909.2458878168186,637995.0169420271,-0.00018915342356846685,-0.0706070978947787,-247.9163236912936,655939.2831120068,83148.46297841915,3.084066196026359e-6,-0.0016752244175456627,-43.30241388080103,-699.2753694695373,32459.066404270812,-7.14939772335495e6,1.4868667853344702e-6,-4.393265326831271e-5,0.0035312467813779394,-0.04884884137258474,-0.5888709878163888,9.25914390384674,-0.0007017510932208058,0.17583131610947755,-13327.636463728924,27990.239365663427,2.4681989684411273e-5,-0.2569399087023045,-2112.8471460796986,-686150.7469903787,-7.628983501804025e6,-6.780492446681868e-6,-0.20536559226550458,-16.256160851047046,-44560.219054148125,9.585954817639188e7,1.498174433255823e7,7.105119115723467e-8,0.0013865166920334806,-1.1861524001589236,-9607.48277433521,37367.54415940604,-1.579188729465007e6,7.188080744583613e8,3.743178895863043e-8,-5.349673832363197e-6,0.0016717351194627706,-9.731621317745154e-5,-0.047942731819123646,0.8688275698362158,0.00015651890739645381,-40.00676975405657,-540.6118068579607,2003.251678565499,-3.4086210172439e-5,-0.4964640617137074,1042.7452834566059,-4.014344187861773e6,-2.6586677986418176e6,3.222219399178939e-5,0.04978086652754811,-87.42826434283282,-1.0857581562964765e6,-1.2627039249735248e8,-1.357658434528873e9,-3.950828889072638e-6,-0.004445570693793245,-89.63236833707509,-217.1758639551141,-5.633000291699707e6,1.2373843523500366e10,1.5647888900956135e9,4.0089402123514674e-8,-4.155317912829816e-5,-0.1760529963103666,-208.77919018746408,-831270.7546495078,1.110669727785558e7,1.3307480559148034e8,-6.5450157201079056e10
-168.5787230413242,2.468783782926911,-38.86840931872961,0.043391560688298435,-0.5989205345600821,12249.757981948695,0.003984229106689371,182.0412346512125,-2229.456543361619,-0.0884314740675019,28.213166538171873,-0.7254951208069025,0.19575590923311048,-104.13727510086524,-314469.2674325405,-0.03691947310219493,14.515261592898078,-4276.005891433281,199991.9986170487,-0.0028227887351377884,0.06917158214802833,-63.1574361070188,0.038075950282055106,146.07355186315166,9957.49249206415,0.016685809548546517,-2.7702486856625916,-28097.427018167786,4.358491955461205e7,-0.001088130414121658,-10.845465282306185,4223.581580999936,191111.25577666462,-1.0511632648467006e7,-0.00016774667847700798,0.017994596448726346,-1.5495066634197057,-9.141027186400937,91.6798338857735,-11487.889696830773,0.0611829115145396,-1.6035551056395039,101661.8784397635,2.2866685346018495e6,0.0159063418593467,10.971858375443611,-13877.756132297976,-6.553709753368926e6,-2.558246784287713e9,-0.00022700627140414387,-0.24887941708758785,1194.3252246799984,493119.964252223,-2.6475360311663087e7,5.0094953068097043e8,-4.010749492181913e-5,0.0029822916301112156,-0.34540923013404184,-0.03872884354984719,39.20209568415386,-158.04665416281966,-0.009341937981187261,-2918.958376652075,41171.48200215115,201341.9012747127,-0.012057643203572412,60.11359409086224,-3170.0927248570615,-3.0289758813071977e7,1.7780920882947782e8,0.0013625550966153677,24.921942792353878,2678.9628360357983,-6.350032946418897e6,-1.372832382862788e9,1.5011436548856256e11,-9.420548510820085e-6,-0.22105396619290052,118.05181342620236,922744.9316634475,2.0725372903345156e7,2.3220009664580584e9,-3.646311317604163e10,-3.051214808231884e-6,1.677677920895391e-5,-0.02012103712491513,0.017235576293594356,3.6129929411277506,-162.1585973296586,2.13387672768603,-64.30332235326557,34613.37619039437,63296.13512570136,-0.015250695121692904,-2.757842827741738,-938499.3547875803,1.0691356198002866e7,3.171346272607403e8,0.0035685165893069156,-16.530255656377534,36297.17790541259,206247.0280852276,-2.548872312388885e9,5.169065848759171e9,0.0001884473975722741,1.3434044619484173,15432.085708328192,141641.34004175538,-1.6997256440873566e9,-2.6411360853472626e11,-8.274662611322034e12,-3.7745982382859736e-6,0.006542578095666011,-60.78477009956387,55235.38694382719,1.5656073195768338e8,-7.916718563415903e8,-6.923698347323929e10,2.9658160856306514e12
128.29113576126878,128.29113576126878,-611044.5126771127,-8.743736467556035,3933.3503336710373,1892.045469026665,-8.743736467556035,1892.045469026665,1.4130516981924325e8,-0.27147300429032195,-19.301909940556087,3835.982270345122,-19.301909940556087,2.5190667156701777e6,181323.74202064594,-0.27147300429032195,3835.982270345122,181323.74202064594,-1.1101164721726248e10,0.01647649333361514,6.3163072394363295,-129.24915934265857,39.717659856663914,-797.4149947493262,19600.425609512607,6.3163072394363295,-797.4149947493262,4.889934176911602e8,-1.051163264846682e7,0.01647649333361514,-129.24915934265857,19600.425609512607,-1.051163264846682e7,6.072155658358496e11,-0.0023324786620478495,0.14549267968193166,10.883574024084936,4.503079818665269,1835.955774759339,-17093.16368334415,4.503079818665269,-503658.9628021141,-532690.8572425789,3.7688383303540766e7,0.14549267968193166,1835.955774759339,-532690.8572425789,7.792413257813853e10,3.8980568553683776e8,-0.0023324786620478495,10.883574024084936,-17093.16368334415,3.7688383303540766e7,3.8980568553683776e8,-2.7967080799102188e13,-0.00017522742552409854,-0.000351916938729739,-1.2936463655961417,-0.5976090106461144,173.79820936665584,1614.3504919900013,-64.84570464422139,-746.0742746150621,520792.6265071586,973600.6398559049,-0.5976090106461144,-746.0742746150621,-2.8882018359178406e8,-1.2530543721310657e8,1.7977486315380108e9,-0.000351916938729739,173.79820936665584,520792.6265071586,-1.2530543721310657e8,9.623214854716787e12,1.1403008010772322e10,-0.00017522742552409854,-1.2936463655961417,1614.3504919900013,973600.6398559049,1.7977486315380108e9,1.1403008010772322e10,1.1468179226359125e15,-2.9722609576618936e-5,0.0025790785958232885,-0.40271051616189385,0.007034545850944732,-6.023129506708067,5.840118639833012,-1.1092190786517684,-1270.5029526480923,98822.72186408617,-374229.28348489007,-1.1092190786517684,78220.32599261747,-300380.8835702048,1.2014632117744206e8,5.1985933566577023e8,0.007034545850944732,-1270.5029526480923,-300380.8835702048,-1.1635850846144641e11,-2.8778343841501892e10,3.2338057351255165e10,0.0025790785958232885,-6.023129506708067,98822.72186408617,1.2014632117744206e8,-2.8778343841501892e10,1.084898110726567e15,-1.0639428492064661e12,-2.9722609576618936e-5,-0.40271051616189385,5.840118639833012,-374229.28348489007,5.1985933566577023e8,3.2338057351255165e10,-1.0639428492064661e12,-4.160799506264272e16
4.009304848966469e-11,-9.675428637768265e-10,2.5704127927816128e-8,3.3484039885301175e-11,1.6617826597020424e-10,-2.4752268635901192e-8,1.8527929821035426e-11,-1.557142127061844e-7,-1.0842453593336434e-6,-1.4730231820947853e-11,1.243822276906346e-10,1.7972630717344903e-8,1.531565764847693e-10,4.924392232632222e-8,-4.322828588882666e-6,5.733985822990948e-11,2.4911340382660666e-8,-9.571968058353823e-6,4.885552490875815e-5,-6.494158086175839e-13,-1.7138047164429387e-12,1.0431662110401419e-9,-2.3576126668903458e-11,6.848347333966048e-8,3.0840661960254817e-6,-1.783169051749507e-11,1.228138613743681e-7,5.9690740906988996e-6,-0.0002270062714041689,1.122873557698432e-10,5.621101270636674e-8,4.345528387568574e-6,-0.0001677466784770073,-0.0023324786620465316,-1.5882845084995593e-13,1.1524931885957751e-11,3.05090156692921e-11,2.6888797708688923e-11,-5.9887198939021585e-9,2.8852510095123188e-6,-4.787459101187377e-12,-3.199671511044818e-8,1.8966892155488877e-5,0.00019959279231620316,3.294373219570566e-11,-2.2278945776818018e-8,4.7313361450437566e-5,-2.201594914344901e-5,-0.0013923251716540846,6.495963344141514e-9,2.1746742814870292e-8,1.482279979796159e-5,0.00013829299965160944,-0.001871228432756059,0.1044362865916878,7.690077039668197e-15,7.075191032562582e-13,-1.1595699158319885e-10,-7.839441046858447e-12,1.494395918427661e-8,1.5501025184315303e-7,-1.3607650187148953e-12,1.550933637263274e-8,-4.3751687694123345e-6,0.0007773258079124308,-1.0833555228622847e-11,-2.6010397912985993e-8,-1.655419727408185e-5,0.0033799646955692516,-0.0038520901621803692,-6.018960240930349e-11,-8.25199903345912e-9,-1.2547429463342988e-5,0.012341889648230393,-0.16976169420572082,0.13809535570911025,-2.2046429087357113e-12,8.773364356058823e-7,-5.320488799474708e-6,0.0006107492255794214,-0.027320288272859317,-0.49221169587222213,-3.74454177300598,-1.7441547002015477e-15,1.3651747429949143e-13,1.9986265015163422e-11,6.173329826759173e-13,5.364646832090787e-10,-1.8413959554758103e-8,-3.483064972668527e-12,-7.871992387469021e-9,7.648648777525501e-6,4.680579833631061e-5,1.608621154351674e-11,4.807552240987795e-9,2.8923949192235565e-6,-0.0016856548699869388,0.08501977542162954,-2.7641433873646984e-11,-1.137015811114598e-8,-2.643366447797284e-5,-0.005071940947524673,0.4264211433225854,-1.1950305193504849,-5.048086312718331e-9,-6.628884657225364e-8,-2.0269914125112935e-5,-0.004162954841054834,2.4817454993174044,-47.20814200042821,-7.660906238465233,-4.8889193575464546e-14,-1.1519171722191528e-9,-9.424469334691105e-5,-0.00020544644116537577,-0.20107214441298926,-2.06124604804505,-14.935323422221726,78.33688941906757
-1.1468932934109415e-8,1.4418218736582938e-7,3.8193683207877336e-7,-1.196385390376419e-9,4.45136823195902e-10,6.707278286006924e-7,-3.2131457058634825e-8,2.1771593975993853e-5,1.0351495286863354e-5,1.0456248233922387e-9,-5.278763165756771e-9,-9.153977233873678e-7,-2.7491494138015413e-8,2.1166672465398513e-6,0.0002475841629871538,-1.7183033556196378e-6,-9.395339805882707e-7,0.0011323118345335228,-0.002111438578944421,3.77110330205836e-11,-2.4878385264021744e-10,-2.809109754410137e-9,2.0152079938139628e-9,-2.6324624215456313e-6,-0.00018915342356845834,1.2342397203575534e-8,-2.059042510125438e-5,0.0009782359221210738,0.015906341859346765,3.857671168946576e-10,7.307531211135807e-5,-0.0002008747406189881,0.017994596448726332,0.14549267968193463,1.1524931885957297e-11,-8.144355065279759e-10,-1.1842806312812849e-9,-1.960294880058593e-9,3.373536406964891e-8,-0.00017142195562745797,8.059532298352342e-10,1.5742739048714507e-6,-0.0006378311631912536,-0.015427068827451327,1.0254736726105068e-6,5.335635481686317e-6,-0.00732134089510602,0.25972219381967515,0.0774828014466134,3.294373219573279e-11,5.268140899255951e-7,0.05117502269170871,0.038359994266558436,-0.3153542975587264,-7.7081829630920735,-8.190055114000095e-15,-4.8209068745326986e-11,7.691207740994845e-9,5.071127852777464e-10,-1.036334157320062e-6,-8.619863117917219e-6,-1.5633151697467238e-10,-1.6801566661411912e-6,0.00012854305639696152,-0.04894247841611946,-8.588442254076631e-11,4.5604776263814365e-6,0.0004455039056993982,-0.0841192574444699,-0.07106386822176311,2.6673091177825384e-10,0.00039493901205692487,0.002644048345214298,-1.8313038821703687,52.28074542269415,-11.914166824594602,3.6076395767362137e-12,4.0079388474938966e-8,6.75075341254595e-5,7.336961597844647,11.079708566420047,113.32278812068544,372.6904930993504,1.85882084078445e-13,-1.1391999998079031e-11,-9.056046326038351e-10,-1.2543663836362457e-11,-3.723638731966519e-8,8.100965534258477e-7,9.920815732841268e-11,6.073463979715763e-7,-0.0005331119295338936,-0.002554104391977743,-1.3137135570308961e-9,-4.895102702510272e-7,-0.0007606254051249953,0.06654258734703257,-5.553845929770667,-2.8032604103666457e-7,-4.356199596044291e-7,0.004695804617402284,-0.008655908078943123,-3.2814716449834305,68.29172548172248,-9.198320456525113e-12,-1.9594675705690007e-7,0.1032629194034448,0.933781175436378,-355.0473656457304,9102.761159549085,385.48880489975556,2.31982397889957e-13,2.939585976351074e-9,2.0520875111670446e-5,-0.006483774755350161,423.4460350828353,381.93865693380167,-1635.7006710381866,-17192.765158343107
-1.6156656729120595e-6,1.2151341274875124e-6,-0.00020361506772168436,2.401856122591384e-8,-9.440418634945955e-7,-0.0002495611354118318,7.709083151321635e-7,-7.189011851837169e-5,0.009201140996813947,7.061107424196509e-8,1.8134454532214093e-7,1.8323434994015287e-6,6.898525424968013e-7,-0.00040380648752859073,-0.014663734436351501,-8.203628936152796e-7,0.00020521329331938233,-0.025643084209554416,-0.3223109161849679,2.2323058332125565e-9,-2.8667135825739543e-8,4.163177482640568e-5,3.123908199229382e-8,0.00015626557787090913,-0.0016752244175454883,-1.7069066133278862e-7,0.0003589140772057967,-0.09500634265009983,-0.248879417087615,6.9803421379666405e-6,-8.804605254673616e-5,0.014918784067692772,-1.5495066634197205,10.88357402408548,3.05090156694107e-11,-1.1842806312794014e-9,9.511665904230194e-7,-4.014505100270161e-8,-2.4947570644685514e-5,0.0069308574717490854,2.1251180408842012e-7,0.00010502782276006052,0.06333287362567129,-0.43336383259242217,5.268140899255893e-7,-0.00016383194863190875,0.09283600315033755,-16.338664659528426,-5.193653292134205,2.174674281487007e-8,0.0059707439065206725,0.01735092007881466,-0.05754166767354181,-3.462995538150574,-366.83750590986745,2.0417485825802786e-11,-2.0529347433153828e-9,4.0208854608483775e-7,5.1507376702141344e-9,-2.1807807380132182e-5,-5.927429824828498e-5,1.4168200198050086e-8,-6.31072562937281e-5,-0.010483639341595227,-0.24374455563133632,-1.1146104151598902e-8,0.00015734635800576717,0.07929045457207146,17.257722907513415,-40.87255859222479,-6.070712323513155e-7,0.00029317330541170285,-0.08092234966205032,14.26455642373003,-2333.3315905402906,-836.0224621902537,-1.4066746467975071e-10,1.4228708776763092e-5,0.3179230041723475,14.231563116560832,-194.9296410873331,1211.301508684811,7244.631860488322,3.1561433029786554e-12,2.51736531780385e-10,7.517147516374533e-9,-1.6149184303156546e-8,-2.748981639514774e-6,0.00024216473690989647,3.424129368896707e-8,9.453038965570504e-6,-0.021754117517736794,-0.101918847299126,-5.271491437121272e-8,-4.006820445038315e-6,-0.047187845950842876,-2.78780516525137,-224.7785386591026,-2.1313004234433532e-8,2.7266568988358975e-5,0.056924685669770186,35.097842983662964,3590.177047612107,-949.5216376985496,-1.2847067781719162e-8,-0.004268168101990772,0.19708310304526536,-25.497338659455043,1203.9060308501246,-296551.196513611,-25338.5575412873,3.097743081355774e-11,-6.100272740700304e-7,0.0018960900345927395,-3.6556399112188678,2322.7576727789856,-9757.824076291048,-52062.10506527015,424541.78965312487
3.7266385896261646e-8,8.436481674930025e-5,-1.3232257626499569e-5,-4.512740721203904e-9,1.7026936311906427e-8,8.136897999196238e-6,4.22831972944083e-8,-0.0014297907267912893,0.0014128876400285582,1.8277084273028218e-9,-2.4854484657476312e-8,-2.184754321076719e-6,-2.5277205128323916e-5,-5.604143818799868e-6,0.001143023173515754,1.2129672613701471e-8,-6.975707180768196e-6,0.03973805484859359,-0.10506539349650784,3.7480912853139426e-11,-2.1455777887362272e-10,-4.904500254031302e-7,1.4063687037444603e-9,-1.6183423117010928e-5,-0.00036497060213881645,-3.053616137903912e-8,-0.0030372371755307053,-0.005083046017223103,0.061182911514537336,3.251939224747872e-10,7.705299241513913e-6,-0.0014932837078958172,-9.141027186401006,4.503079818665303,2.688879770868928e-11,-1.960294880058589e-9,-4.014505100271884e-8,-6.442426946133361e-9,4.3833716652299423e-7,-0.0005276506046044548,7.132612508681005e-6,-4.887360415462957e-6,-0.004807124193485423,-0.021672503024930657,8.059532298355295e-10,-7.819437571970771e-6,-0.45396817954495844,-0.9088419233295887,0.5018169892752213,-4.787459101186412e-12,2.1251180408843315e-7,0.001608249022842574,-0.20628694542930207,670.429131301472,-115.04930274618843,-8.426149633715421e-13,-6.643678584242011e-11,1.9126948828672227e-8,8.820245017859358e-10,-2.3994845776024474e-6,-2.9492277477636684e-5,-4.864538027681459e-9,-4.961630588327155e-6,0.00043524136375742013,-0.12726027482206728,8.323482962566434e-9,0.002632164888008839,0.003255986825661054,-0.9705603602132217,0.9685004182372742,-2.778589150439425e-10,-2.528750451432001e-6,-0.0018048314690228306,-37.64089659365308,-72.50936340003945,11.894684952174472,4.485920516127251e-12,2.3404201782664872e-8,3.689622981228473e-5,0.06529408887100348,-17.130157494566074,-37370.00207823609,2912.3417355765614,4.1157903133815905e-13,-2.6446194554223583e-11,-2.027031078139695e-9,5.5811036671795105e-11,-3.631945495729817e-8,2.6831943876914805e-6,-5.215876942454693e-10,9.660187554739817e-7,-0.0011600932864095092,-0.006638414268123343,-1.746078981709626e-6,2.896364569268883e-6,-0.0011879670883625426,0.18581261488510212,-12.591760931581556,-2.529903937720497e-9,6.957613563731714e-6,0.7609992159898982,2.948704406973873,-143.487415624482,199.64323874605074,2.5520372544365093e-11,-3.6868975363574874e-7,-0.002950969551517432,-0.2692392467321176,-4192.391428248874,8401.04412838935,-2578.850089193706,1.010772113339096e-13,2.367216531328458e-9,1.631940801713765e-5,-0.003640965654531658,-27.28928072255143,-335.82323754263496,1.996296753457549e6,-240228.91716427653
4.804681115121651e-5,-0.000153265075429515,-0.025303108913489563,1.0186527432014404e-6,-0.00015445266888845379,0.007768137850442276,-0.011291023387742759,-0.0017790368421054018,0.9678722037270074,-1.5321874321876166e-6,-9.366138630835045e-6,-0.00027187391464231404,-3.227687695173618e-5,-0.05787380141241662,0.5112423920905266,-1.5103419915656523e-5,-1.3355114762162217,1.313526756219118,-36.23638218463559,-2.5206884195791505e-8,-5.23937479398166e-7,-0.0010109871913969322,7.145981689044777e-6,-0.006762489775703617,-0.07060709789477641,0.0038413489366845503,-0.016205713723551028,-11.706280771952855,10.97185837544369,-1.8915490687245956e-7,-0.002407714286179363,-13.11572446337935,91.6798338857733,1835.9557747593306,-5.988719893900833e-9,3.373536406975027e-8,-2.494757064467808e-5,4.3833716652233196e-7,-0.0001500688221862336,-0.19656533545857063,-7.819437571970608e-6,0.017632991732976416,-2.4330133081692105,-1.3072257829194276,5.335635481686385e-6,1.7680393752950676,-4.526567238325626,-1667.954877962062,173.60406840427694,-2.2278945776819676e-8,-0.00016383194863190325,1.0935529858147917,4935.006441543945,321.2920693419829,-102018.14731783139,-1.1188751817783676e-9,3.680432705261572e-8,-1.1671287291083122e-5,4.814365700824298e-7,0.0004770748513961162,-0.0056487821426257365,2.9080065675812935e-6,0.001571948140310201,0.04793912518679755,-2.7166855371114087,-0.0005576930107838332,-0.003192601602959914,11.476742619550478,-600.5052045362755,741.4974098474348,3.307833103847975e-7,0.007460972281614278,454.5836144835078,-784.5395819522852,-196941.21376948184,20779.899479709908,-7.550403130727064e-9,6.866177527998581e-6,-0.04650065283620452,361.64288306269,349202.40820677474,-112344.8432252988,5.047520103829498e6,-1.7608087252348214e-10,3.5768048683958936e-9,-1.2753995781822189e-6,2.985447267529415e-7,5.968482694132159e-5,-0.005259147844534995,-5.135085124427161e-7,0.0006839504069290156,0.48125959920683714,0.129169247587168,1.2425384161914322e-6,-0.0006036867322114789,1.4184987822728807,33.92820274866592,4303.7680672986735,-8.35713086173516e-8,-0.6796509053474555,-0.3338798005160093,4342.302538170946,-115095.07637483161,53294.10462358546,3.2760508550086284e-8,0.00021775943600353415,3.8888396088372654,86285.46650044307,-106893.41836995406,-2.0502901392695375e7,1.0115878499014336e6,-3.734617198690897e-10,-1.999449489766053e-6,0.01234516726842318,-7.144140105199129,47231.22498808662,-4.64102149679886e6,3.5158690225193654e6,-2.0992427056624413e8
-0.010077483090952483,0.030298898302831143,0.33544817804371047,0.00019171552524333653,0.0027595107154732047,-1.2426001274476686,-0.001728313783188811,2.1080436213942515,-5.473502121155296,0.000560947258845149,0.00015033463610311215,-0.0963227602367617,0.002680065389762902,1.1845814394673053,-41.23177025476812,-0.015810279317552228,0.836594733000129,-67.12473828303511,179.1133584679609,1.8021538683303177e-5,-0.0002514583675869128,0.21843605312564982,0.0002194886185903498,0.3797330479329529,-43.30241388079929,0.0011854559143671696,0.7204494949525211,284.6007334901289,1194.3252246799823,7.659511881635065e-5,45.84830541795736,366.7888693543504,-11487.889696830756,-17093.163683346625,2.885251009512048e-6,-0.00017142195562744976,0.0069308574717485425,-0.0005276506046044564,-0.19656533545857535,5.573960388202115,0.0016082490228425492,0.01092147229294691,212.9919618765027,-6111.03028329987,0.05117502269170912,1.0935529858148276,-54.82433704505595,52065.61891260974,-7470.107170840905,1.4822799797961039e-5,0.01735092007881386,12019.426686476532,48446.791522009,81245.47292121965,977615.6885220235,2.7592703783496925e-7,-2.1630113511472673e-5,0.0035934342574081117,0.00012443405237228553,-0.3119308584773409,-0.6147040581525969,-9.989990815188799e-5,-0.5871728243675077,-65.38904663837813,-9997.891295674885,-0.0005070882367958049,1.6792670954626883,-58.158940598308284,70895.28700703745,-330204.2564301886,-0.00011323129180403958,22.474340535244316,334.4256126630623,-89374.69449463535,8.440162048197843e6,-6.517617184656039e6,8.408472859265287e-7,0.014040943438104317,-14.062835962648908,1.10310288591512e6,2.060221139885768e6,1.734279369276817e7,-3.095252085456296e7,6.301672972059679e-8,-1.913097752022519e-6,2.0371179487165858e-5,-7.030749288156216e-5,-0.023664521477830217,1.2621472763706294,0.00014746348347386865,0.19095900562335238,-211.71888933196323,-694.6748891308547,-0.0005876076126841339,-0.10948090405423436,-347.4208837893291,-11944.091081942259,-2.147735495489571e6,-0.016504643433728976,-1.1549763449089743,948.3375198519498,-36825.876234373114,1.686097613832587e7,4.722153627459912e6,-1.1138874312206712e-5,-0.1398720844679011,1383.4906461427022,27119.284976592782,-3.086442273581144e7,1.3120721162544055e9,-9.835504112457147e7,2.0204606383349156e-7,-0.0001112000675497717,3.9574842405755084,-6601.236272402945,-1.0458285268701512e6,-1.0960845499616131e8,-1.2804181670769306e8,7.867234452632013e7
8.436481674930025e-5,3.7266385896261646e-8,-1.3232257626499569e-5,4.22831972944083e-8,1.7026936311906427e-8,-0.0014297907267912893,-4.512740721203904e-9,8.136897999196238e-6,0.0014128876400285582,1.2129672613701471e-8,-2.5277205128323916e-5,-6.975707180768196e-6,-2.4854484657476312e-8,-5.604143818799868e-6,0.03973805484859359,1.8277084273028218e-9,-2.184754321076719e-6,0.001143023173515754,-0.10506539349650784,3.251939224747872e-10,-3.053616137903912e-8,7.705299241513913e-6,1.4063687037444603e-9,-0.0030372371755307053,-0.0014932837078958172,-2.1455777887362272e-10,-1.6183423117010928e-5,-0.005083046017223103,-9.141027186401006,3.7480912853139426e-11,-4.904500254031302e-7,-0.00036497060213881645,0.061182911514537336,4.503079818665303,-4.787459101186412e-12,8.059532298355295e-10,2.1251180408843315e-7,7.132612508681005e-6,-7.819437571970771e-6,0.001608249022842574,-6.442426946133361e-9,-4.887360415462957e-6,-0.45396817954495844,-0.20628694542930207,-1.960294880058589e-9,4.3833716652299423e-7,-0.004807124193485423,-0.9088419233295887,670.429131301472,2.688879770868928e-11,-4.014505100271884e-8,-0.0005276506046044548,-0.021672503024930657,0.5018169892752213,-115.04930274618843,4.485920516127251e-12,-2.778589150439425e-10,2.3404201782664872e-8,8.323482962566434e-9,-2.528750451432001e-6,3.689622981228473e-5,-4.864538027681459e-9,0.002632164888008839,-0.0018048314690228306,0.06529408887100348,8.820245017859358e-10,-4.961630588327155e-6,0.003255986825661054,-37.64089659365308,-17.130157494566074,-6.643678584242011e-11,-2.3994845776024474e-6,0.00043524136375742013,-0.9705603602132217,-72.50936340003945,-37370.00207823609,-8.426149633715421e-13,1.9126948828672227e-8,-2.9492277477636684e-5,-0.12726027482206728,0.9685004182372742,11.894684952174472,2912.3417355765614,1.010772113339096e-13,2.5520372544365093e-11,2.367216531328458e-9,-2.529903937720497e-9,-3.6868975363574874e-7,1.631940801713765e-5,-1.746078981709626e-6,6.957613563731714e-6,-0.002950969551517432,-0.003640965654531658,-5.215876942454693e-10,2.896364569268883e-6,0.7609992159898982,-0.2692392467321176,-27.28928072255143,5.5811036671795105e-11,9.660187554739817e-7,-0.0011879670883625426,2.948704406973873,-4192.391428248874,-335.82323754263496,-2.6446194554223583e-11,-3.631945495729817e-8,-0.0011600932864095092,0.18581261488510212,-143.487415624482,8401.04412838935,1.996296753457549e6,4.1157903133815905e-13,-2.027031078139695e-9,2.6831943876914805e-6,-0.006638414268123343,-12.591760931581556,199.64323874605074,-2578.850089193706,-240228.91716427653
1.696529533277499e-5,1.696529533277499e-5,-9.889137160590103,-4.230330163419311e-5,-0.07964225534722925,-0.001127926264223637,-4.230330163419311e-5,-0.001127926264223637,120.03722795521112,-2.3864466320728015e-6,4.3679377083045635e-5,-0.01585588266791615,4.3679377083045635e-5,-15.435634853571846,-0.9699902004128637,-2.3864466320728015e-6,-0.01585588266791615,-0.9699902004128637,5348.862254296131,1.0101364073233218e-7,1.9432931750279717e-5,-0.0008827398630548912,0.011068785285535251,0.01646741658552748,-1.9590282956126777,1.9432931750279717e-5,0.01646741658552748,-2507.7088081962115,-1.603555105639503,1.0101364073233218e-7,-0.0008827398630548912,-1.9590282956126777,-1.603555105639503,-503658.962802121,-3.199671511045077e-8,1.5742739048714903e-6,0.00010502782276004718,-4.887360415462991e-6,0.017632991732976198,0.01092147229295241,-4.887360415462991e-6,5.864565243782187,4.315607505677622,-61.260901925716766,1.5742739048714903e-6,0.017632991732976198,4.315607505677622,-313020.1970340999,-899.9415916135604,-3.199671511045077e-8,0.00010502782276004718,0.01092147229295241,-61.260901925716766,-899.9415916135604,2.935166052434015e7,1.4504365249624657e-10,2.6683498250093742e-8,-2.848744932047529e-5,2.9088444850846062e-6,0.002177169459872162,0.040314714746323504,-0.0018537011979172738,0.002072645061014452,7.908853426363633,49.265696076471585,2.9088444850846062e-6,0.002072645061014452,2213.0246086519055,418.4318149827989,5297.077726784659,2.6683498250093742e-8,0.002177169459872162,7.908853426363633,418.4318149827989,-3.637976799250445e7,98948.57646231771,1.4504365249624657e-10,-2.848744932047529e-5,0.040314714746323504,49.265696076471585,5297.077726784659,98948.57646231771,-1.5378394698954356e9,-3.0344610930849636e-10,3.422331305260695e-8,-2.0178658642443966e-6,-3.011322482172056e-8,3.465921953502453e-5,-0.00741278804851535,1.8203267226201754e-6,-0.000762520267102256,1.2668542897863795,7.138164575844194,1.8203267226201754e-6,-1.7693516879946996,-0.09373760630250665,2281.399312063813,9197.404840623805,-3.011322482172056e-8,-0.000762520267102256,-0.09373760630250665,657246.8591277726,-23001.09808730266,335942.6993722394,3.422331305260695e-8,3.465921953502453e-5,1.2668542897863795,2281.399312063813,-23001.09808730266,-3.7402158327300406e9,-3.258995940344486e6,-3.0344610930849636e-10,-2.0178658642443966e-6,-0.00741278804851535,7.138164575844194,9197.404840623805,335942.6993722394,-3.258995940344486e6,7.7962229905325e10
-0.11596747811706329,-19.14791415426914,6.837412657464066,0.0037018096251265654,0.09654185905289865,-20.468612880944246,-0.0004572773927826144,-1404.8421824703269,165.2214568989455,0.003722320685247982,0.027489619934479244,0.04024105648895202,5.062340360442821,40.71930444151536,-1269.7866384088281,0.01881978827886196,-10.587280066908697,-53692.77566518255,-3837.405693507221,0.00014030752297274364,-0.00297984810156778,1.8733845621888665,0.00945949460356862,17.121088831742796,-247.9163236912919,-0.009051639688379947,1891.1246939288133,10033.887653795713,-13877.756132297824,0.00032229939637348635,6.571523266145838,-2909.2458878168522,101661.87843976235,-532690.8572425403,1.896689215549112e-5,-0.0006378311631912448,0.0633328736256684,-0.004807124193485152,-2.4330133081692527,212.99196187648056,-0.4539681795449538,4.3156075056776055,5558.611519395143,-47668.039194546065,-0.007321340895105976,-4.526567238325699,457808.39782477886,1.9091459958159726e6,156913.71816635554,4.7313361450436414e-5,0.09283600315034077,-54.824337045026446,-346312.3304022457,-5.527579671229357e7,3.902429118227976e7,2.0801978707693224e-6,-0.00016164236616324356,0.026171454970602498,0.0013231050696536856,-1.6535036487237895,0.7259119999530379,-0.003031046561418777,-7.588301182073201,-914.4754533046503,-39820.486926774545,0.005045312543113872,-491.52773366497775,147.06826812087277,1.2701752676901924e6,-3.469023316547639e6,-0.0003748136014825907,-11.482101686227129,-1141.0361007823205,8.254102066354588e7,3.32218728032124e8,-5.798894915775149e7,3.6237723442879925e-6,0.05077434946070786,-28.680191728244385,-355083.36145470256,-1.62061111055681e7,-1.7628699250573492e8,-1.4487297136755378e9,3.532331231741744e-7,-1.077295369964112e-5,0.0005166361281216068,-0.0005715828231091415,-0.18025297435350396,10.116005999866665,-0.00021454549912146057,1.9528482012916788,-1300.9175701632641,-4304.434793735542,0.06322656844219099,-4.813856785805643,-4964.4255256081215,-214161.73599658455,-1.3432604596541911e7,-0.0019016940370633537,6.400688736224283,-293270.06813237595,-417953.7850524742,2.3171020848750472e8,-3.850540517432676e7,-3.5662088112522356e-5,-0.4090505901954953,-7301.097463562433,-61454.4938429983,1.2430836757974812e10,5.6327274465193695e10,-3.6978667148907685e9,8.670837507250278e-7,-0.0005072053907913544,15.25952338081894,-16512.98944706389,-7.032539661044805e7,3.3257921928019726e8,-1.4796409734653232e11,3.591606162279844e10
0.6158248054279987,2.7978924906415883,468.2348272209116,-0.005807945926368243,2.0690524801886827,149.71534190946988,-29.93443379206646,792.8143910031054,-11147.468569316397,-0.010555167660192976,-0.23210820955877814,-4.529650889830141,-1.690214467592839,1125.0940212404078,13572.171566762532,0.11603478361178789,1753.4565180346601,68437.49448068094,-260003.1377548836,-0.00024647281134293004,-0.007644079857050474,-17.66871144741446,0.16065039675276827,-146.7903114552612,-699.2753694695276,12.914736335126712,-1076.8088452577638,305466.67221441714,493119.96425222256,-0.005204005603186936,127.80336033310691,637995.0169420191,2.286668534601861e6,3.768838330354108e7,0.00019959279231620652,-0.015427068827451148,-0.4333638325924415,-0.021672503024931202,-1.3072257829198637,-6111.030283299853,-0.2062869454292984,-61.26090192571516,-47668.03919454627,35510.83931036274,0.0383599942665591,4935.00644154398,-346312.3304022472,5.8128174738647684e7,4.855289171790317e6,0.00013829299965164112,-0.05754166767350608,48446.791522009975,7.155433870804626e7,-6.223869564736353e6,-2.1730132408096905e9,-7.509688819275664e-6,-4.7149743028144944e-5,-0.029343740602672513,0.004678866458239174,-10.701033340196673,-143.70315326081175,-0.052981671375846515,-1.9029761145230977,1516.9471539966655,-804585.9533316586,-4.26006994036961,-17.111666221234163,-135798.1625511077,-1.0570113993257038e7,1.7954263219194315e7,0.0009506500117211133,54.86567816456984,1.118764033933234e6,-7.719780694748639e7,8.90154570000118e9,1.4369232034902796e8,6.824951215941904e-5,0.30370652789963387,507.5911839991333,7.885929798027639e6,1.4000044554094622e9,1.3565024868332648e9,9.37149863846017e10,1.3982347980940546e-6,-0.00032055708360288467,-0.01736027539800702,0.006973328555872395,0.4090951285277206,-85.75321744661395,-0.011470522193138216,6.812769715906303,-970.5561968601327,-8022.171102815662,0.020645036368272616,-59.37552591459987,8773.25899948916,930397.4805241082,-7.762499987254957e6,0.0038656221284110314,-4381.252822512496,87666.68489696083,-8.320486777223389e7,-1.8169696915817244e9,1.5412637859424129e9,-0.0001799960175261066,-1.1257702769467661,14327.079703164769,1.498004613592087e8,-1.3471630567818926e10,1.1804114503926665e12,2.3731489133848385e10,-1.729144169387207e-6,0.14932401130405898,162.92741013584788,165824.17325367572,4.6624190450566226e8,-5.013255079507994e10,1.1644444475173376e11,-3.2130037235611177e12
1.4418218736582938e-7,-1.1468932934109415e-8,3.8193683207877336e-7,-3.2131457058634825e-8,4.45136823195902e-10,2.1771593975993853e-5,-1.196385390376419e-9,6.707278286006924e-7,1.0351495286863354e-5,-1.7183033556196378e-6,-2.7491494138015413e-8,-9.395339805882707e-7,-5.278763165756771e-9,2.1166672465398513e-6,0.0011323118345335228,1.0456248233922387e-9,-9.153977233873678e-7,0.0002475841629871538,-0.002111438578944421,3.857671168946576e-10,1.2342397203575534e-8,7.307531211135807e-5,2.0152079938139628e-9,-2.059042510125438e-5,-0.0002008747406189881,-2.4878385264021744e-10,-2.6324624215456313e-6,0.0009782359221210738,0.017994596448726332,3.77110330205836e-11,-2.809109754410137e-9,-0.00018915342356845834,0.015906341859346765,0.14549267968193463,3.294373219573279e-11,1.0254736726105068e-6,5.268140899255951e-7,8.059532298352342e-10,5.335635481686317e-6,0.05117502269170871,-1.960294880058593e-9,1.5742739048714507e-6,-0.00732134089510602,0.038359994266558436,-8.144355065279759e-10,3.373536406964891e-8,-0.0006378311631912536,0.25972219381967515,-0.3153542975587264,1.1524931885957297e-11,-1.1842806312812849e-9,-0.00017142195562745797,-0.015427068827451327,0.0774828014466134,-7.7081829630920735,3.6076395767362137e-12,2.6673091177825384e-10,4.0079388474938966e-8,-8.588442254076631e-11,0.00039493901205692487,6.75075341254595e-5,-1.5633151697467238e-10,4.5604776263814365e-6,0.002644048345214298,7.336961597844647,5.071127852777464e-10,-1.6801566661411912e-6,0.0004455039056993982,-1.8313038821703687,11.079708566420047,-4.8209068745326986e-11,-1.036334157320062e-6,0.00012854305639696152,-0.0841192574444699,52.28074542269415,113.32278812068544,-8.190055114000095e-15,7.691207740994845e-9,-8.619863117917219e-6,-0.04894247841611946,-0.07106386822176311,-11.914166824594602,372.6904930993504,2.31982397889957e-13,-9.198320456525113e-12,2.939585976351074e-9,-2.8032604103666457e-7,-1.9594675705690007e-7,2.0520875111670446e-5,-1.3137135570308961e-9,-4.356199596044291e-7,0.1032629194034448,-0.006483774755350161,9.920815732841268e-11,-4.895102702510272e-7,0.004695804617402284,0.933781175436378,423.4460350828353,-1.2543663836362457e-11,6.073463979715763e-7,-0.0007606254051249953,-0.008655908078943123,-355.0473656457304,381.93865693380167,-1.1391999998079031e-11,-3.723638731966519e-8,-0.0005331119295338936,0.06654258734703257,-3.2814716449834305,9102.761159549085,-1635.7006710381866,1.85882084078445e-13,-9.056046326038351e-10,8.100965534258477e-7,-0.002554104391977743,-5.553845929770667,68.29172548172248,385.48880489975556,-17192.765158343107
-0.000153265075429515,4.804681115121651e-5,-0.025303108913489563,-0.011291023387742759,-0.00015445266888845379,-0.0017790368421054018,1.0186527432014404e-6,0.007768137850442276,0.9678722037270074,-1.5103419915656523e-5,-3.227687695173618e-5,-1.3355114762162217,-9.366138630835045e-6,-0.05787380141241662,1.313526756219118,-1.5321874321876166e-6,-0.00027187391464231404,0.5112423920905266,-36.23638218463559,-1.8915490687245956e-7,0.0038413489366845503,-0.002407714286179363,7.145981689044777e-6,-0.016205713723551028,-13.11572446337935,-5.23937479398166e-7,-0.006762489775703617,-11.706280771952855,91.6798338857733,-2.5206884195791505e-8,-0.0010109871913969322,-0.07060709789477641,10.97185837544369,1835.9557747593306,-2.2278945776819676e-8,5.335635481686385e-6,-0.00016383194863190325,-7.819437571970608e-6,1.7680393752950676,1.0935529858147917,4.3833716652233196e-7,0.017632991732976416,-4.526567238325626,4935.006441543945,3.373536406975027e-8,-0.0001500688221862336,-2.4330133081692105,-1667.954877962062,321.2920693419829,-5.988719893900833e-9,-2.494757064467808e-5,-0.19656533545857063,-1.3072257829194276,173.60406840427694,-102018.14731783139,-7.550403130727064e-9,3.307833103847975e-7,6.866177527998581e-6,-0.0005576930107838332,0.007460972281614278,-0.04650065283620452,2.9080065675812935e-6,-0.003192601602959914,454.5836144835078,361.64288306269,4.814365700824298e-7,0.001571948140310201,11.476742619550478,-784.5395819522852,349202.40820677474,3.680432705261572e-8,0.0004770748513961162,0.04793912518679755,-600.5052045362755,-196941.21376948184,-112344.8432252988,-1.1188751817783676e-9,-1.1671287291083122e-5,-0.0056487821426257365,-2.7166855371114087,741.4974098474348,20779.899479709908,5.047520103829498e6,-3.734617198690897e-10,3.2760508550086284e-8,-1.999449489766053e-6,-8.35713086173516e-8,0.00021775943600353415,0.01234516726842318,1.2425384161914322e-6,-0.6796509053474555,3.8888396088372654,-7.144140105199129,-5.135085124427161e-7,-0.0006036867322114789,-0.3338798005160093,86285.46650044307,47231.22498808662,2.985447267529415e-7,0.0006839504069290156,1.4184987822728807,4342.302538170946,-106893.41836995406,-4.64102149679886e6,3.5768048683958936e-9,5.968482694132159e-5,0.48125959920683714,33.92820274866592,-115095.07637483161,-2.0502901392695375e7,3.5158690225193654e6,-1.7608087252348214e-10,-1.2753995781822189e-6,-0.005259147844534995,0.129169247587168,4303.7680672986735,53294.10462358546,1.0115878499014336e6,-2.0992427056624413e8
-19.14791415426914,-0.11596747811706329,6.837412657464066,-0.0004572773927826144,0.09654185905289865,-1404.8421824703269,0.0037018096251265654,-20.468612880944246,165.2214568989455,0.01881978827886196,5.062340360442821,-10.587280066908697,0.027489619934479244,40.71930444151536,-53692.77566518255,0.003722320685247982,0.04024105648895202,-1269.7866384088281,-3837.405693507221,0.00032229939637348635,-0.009051639688379947,6.571523266145838,0.00945949460356862,1891.1246939288133,-2909.2458878168522,-0.00297984810156778,17.121088831742796,10033.887653795713,101661.87843976235,0.00014030752297274364,1.8733845621888665,-247.9163236912919,-13877.756132297824,-532690.8572425403,4.7313361450436414e-5,-0.007321340895105976,0.09283600315034077,-0.4539681795449538,-4.526567238325699,-54.824337045026446,-0.004807124193485152,4.3156075056776055,457808.39782477886,-346312.3304022457,-0.0006378311631912448,-2.4330133081692527,5558.611519395143,1.9091459958159726e6,-5.527579671229357e7,1.896689215549112e-5,0.0633328736256684,212.99196187648056,-47668.039194546065,156913.71816635554,3.902429118227976e7,3.6237723442879925e-6,-0.0003748136014825907,0.05077434946070786,0.005045312543113872,-11.482101686227129,-28.680191728244385,-0.003031046561418777,-491.52773366497775,-1141.0361007823205,-355083.36145470256,0.0013231050696536856,-7.588301182073201,147.06826812087277,8.254102066354588e7,-1.62061111055681e7,-0.00016164236616324356,-1.6535036487237895,-914.4754533046503,1.2701752676901924e6,3.32218728032124e8,-1.7628699250573492e8,2.0801978707693224e-6,0.026171454970602498,0.7259119999530379,-39820.486926774545,-3.469023316547639e6,-5.798894915775149e7,-1.4487297136755378e9,8.670837507250278e-7,-3.5662088112522356e-5,-0.0005072053907913544,-0.0019016940370633537,-0.4090505901954953,15.25952338081894,0.06322656844219099,6.400688736224283,-7301.097463562433,-16512.98944706389,-0.00021454549912146057,-4.813856785805643,-293270.06813237595,-61454.4938429983,-7.032539661044805e7,-0.0005715828231091415,1.9528482012916788,-4964.4255256081215,-417953.7850524742,1.2430836757974812e10,3.3257921928019726e8,-1.077295369964112e-5,-0.18025297435350396,-1300.9175701632641,-214161.73599658455,2.3171020848750472e8,5.6327274465193695e10,-1.4796409734653232e11,3.532331231741744e-7,0.0005166361281216068,10.116005999866665,-4304.434793735542,-1.3432604596541911e7,-3.850540517432676e7,-3.6978667148907685e9,3.591606162279844e10
-0.9281236564528195,-0.9281236564528195,611412.8165457762,3.353930305366139,4490.128603949552,-1495.7948911251626,3.353930305366139,-1495.7948911251626,556460.6820127346,-0.32042515286731366,11.212619042738242,3121.6344945776773,11.212619042738242,1.4818880699861243e6,-184618.00061267626,-0.32042515286731366,3121.6344945776773,-184618.00061267626,-1.1377593094245858e9,-0.012168975973732456,-1.7218512380538447,21.63405761227076,-215.99308924319678,6590.402897673909,655939.2831120072,-1.7218512380538447,6590.402897673909,3.04279674496625e8,-6.553709753368946e6,-0.012168975973732456,21.63405761227076,655939.2831120072,-6.553709753368946e6,7.79241325781376e10,-2.2015949143422056e-5,0.2597221938196785,-16.33866465952898,-0.9088419233295869,-1667.954877962059,52065.61891260878,-0.9088419233295869,-313020.1970341038,1.909145995816019e6,5.812817473864737e7,0.2597221938196785,-1667.954877962059,1.909145995816019e6,4.739505638367456e10,1.5745925825709772e8,-2.2015949143422056e-5,-16.33866465952898,52065.61891260878,5.812817473864737e7,1.5745925825709772e8,-3.9469268995302144e12,-0.0007592666116702785,0.019621013256015035,2.0263816299748516,-1.5116005722363286,253.50969872969185,-7551.965843873485,-7.097748295852125,-2085.122772245695,-871022.9747362015,1.2942421199059125e7,-1.5116005722363286,-2085.122772245695,-1.932296191308349e8,3.760925089847027e8,1.691714147439131e9,0.019621013256015035,253.50969872969185,-871022.9747362015,3.760925089847027e8,6.233862996377159e12,7.503537632163648e9,-0.0007592666116702785,2.0263816299748516,-7551.965843873485,1.2942421199059125e7,1.691714147439131e9,7.503537632163648e9,1.8172739550733516e14,-3.651584594740602e-5,0.0010394160335037133,-0.2604094506020386,-0.03660849780908719,10.157102986774026,1379.0045429143345,0.2691143535623888,-1576.088176123659,107146.99483721323,-1.8924366013048447e6,0.2691143535623888,32191.065935851915,-1.526596298929756e6,-2.8816591947677267e8,1.3148193091791697e9,-0.03660849780908719,-1576.088176123659,-1.526596298929756e6,-7.903118184580096e10,5.809285042306427e10,-6.012077255565737e10,0.0010394160335037133,10.157102986774026,107146.99483721323,-2.8816591947677267e8,5.809285042306427e10,7.281142510656275e14,-4.341664974578896e11,-3.651584594740602e-5,-0.2604094506020386,1379.0045429143345,-1.8924366013048447e6,1.3148193091791697e9,-6.012077255565737e10,-4.341664974578896e11,-8.158155353512415e15
-21.295320938259078,13844.152305673975,5774.9088404207105,-0.12525792316487142,34.98075231757039,-7458.88044385148,-7.204750906544165,-759312.2032939966,-84201.26137206297,-0.33704995584239245,-10.191866972223353,71.12320849481218,-2460.1346875610243,3182.3514586509527,555029.4008117155,-2.2963390864968463,187.81747745291008,3.0820966203175727e7,-2.672109022161249e6,-0.012693102295763517,0.2205987092585033,-145.8798540661815,-3.336314360456185,494.3581553571198,32459.066404267185,0.5488588505384259,-205246.36539174296,845118.6008789131,-2.6475360311663352e7,-0.014369160464990585,-238.59356233982714,83148.46297840716,-2.558246784287711e9,3.89805685536779e8,-0.0013923251716553735,0.07748280144664674,-5.193653292134322,0.5018169892753683,173.6040684042456,-7470.1071708394,670.4291313014695,-899.9415916135398,156913.71816634655,4.855289171790321e6,-0.3153542975588253,321.29206934199277,-5.5275796712294094e7,1.5745925825709495e8,1.613405431127351e9,-0.0018712284327568561,-3.4629955381492374,81245.47292121714,-6.223869564736078e6,1.8571575090430634e11,-2.5680419030814426e10,-0.00016432972137876134,0.015323580330168056,-2.1032140811913513,-0.13698319639329098,174.27996432435637,176.11435323810096,0.5195406874538319,504.69079096507755,60251.55095599747,5.6433302600542465e6,0.013972269904015934,228644.12492246673,-359400.29680022906,2.3993941721666213e6,2.899723488962725e8,0.02026275952619966,358.5051482644681,-58391.60506475521,-6.979530100861982e9,2.6729713120139263e10,-7.805589319579019e10,-4.992637862852124e-6,-2.4340482025200005,1492.6361202693527,1.5788186734753046e7,1.473994217628018e8,-1.106665482449948e13,2.002827509288309e12,-2.6028030755482083e-5,0.0007908092015738566,-0.031588344932117214,0.04877460775717862,16.48040570031155,-858.4175556409851,-0.3601620341000424,-190.17753896977032,127534.99472688812,427727.51458125823,-172.8859039533032,371.16312527428397,44227.72748062926,1.2344273511293918e7,1.3701688466991687e9,0.12298828445932472,-173.4189494993224,7.99266241789829e7,-1.9848380690494755e8,-5.612859972409235e9,-5.378168488059376e8,0.0015101161929649473,19.552368023256,178828.14837352108,-1.7199667788009208e7,-1.1835979836924304e12,3.8731082051189795e12,3.6602665196714697e12,-5.048495554081426e-5,0.1802549399804105,-822.3925160408826,699395.8121713694,2.1270147552026308e9,-3.233645568618982e10,6.280356367181344e14,-1.5777710432012756e14
-9.675428637768265e-10,4.009304848966469e-11,2.5704127927816128e-8,1.8527929821035426e-11,1.6617826597020424e-10,-1.557142127061844e-7,3.3484039885301175e-11,-2.4752268635901192e-8,-1.0842453593336434e-6,5.733985822990948e-11,1.531565764847693e-10,2.4911340382660666e-8,1.243822276906346e-10,4.924392232632222e-8,-9.571968058353823e-6,-1.4730231820947853e-11,1.7972630717344903e-8,-4.322828588882666e-6,4.885552490875815e-5,1.122873557698432e-10,-1.783169051749507e-11,5.621101270636674e-8,-2.3576126668903458e-11,1.228138613743681e-7,4.345528387568574e-6,-1.7138047164429387e-12,6.848347333966048e-8,5.9690740906988996e-6,-0.0001677466784770073,-6.494158086175839e-13,1.0431662110401419e-9,3.0840661960254817e-6,-0.0002270062714041689,-0.0023324786620465316,6.495963344141514e-9,3.294373219570566e-11,2.1746742814870292e-8,-4.787459101187377e-12,-2.2278945776818018e-8,1.482279979796159e-5,2.6888797708688923e-11,-3.199671511044818e-8,4.7313361450437566e-5,0.00013829299965160944,1.1524931885957751e-11,-5.9887198939021585e-9,1.8966892155488877e-5,-2.201594914344901e-5,-0.001871228432756059,-1.5882845084995593e-13,3.05090156692921e-11,2.8852510095123188e-6,0.00019959279231620316,-0.0013923251716540846,0.1044362865916878,-2.2046429087357113e-12,-6.018960240930349e-11,8.773364356058823e-7,-1.0833555228622847e-11,-8.25199903345912e-9,-5.320488799474708e-6,-1.3607650187148953e-12,-2.6010397912985993e-8,-1.2547429463342988e-5,0.0006107492255794214,-7.839441046858447e-12,1.550933637263274e-8,-1.655419727408185e-5,0.012341889648230393,-0.027320288272859317,7.075191032562582e-13,1.494395918427661e-8,-4.3751687694123345e-6,0.0033799646955692516,-0.16976169420572082,-0.49221169587222213,7.690077039668197e-15,-1.1595699158319885e-10,1.5501025184315303e-7,0.0007773258079124308,-0.0038520901621803692,0.13809535570911025,-3.74454177300598,-4.8889193575464546e-14,-5.048086312718331e-9,-1.1519171722191528e-9,-2.7641433873646984e-11,-6.628884657225364e-8,-9.424469334691105e-5,1.608621154351674e-11,-1.137015811114598e-8,-2.0269914125112935e-5,-0.00020544644116537577,-3.483064972668527e-12,4.807552240987795e-9,-2.643366447797284e-5,-0.004162954841054834,-0.20107214441298926,6.173329826759173e-13,-7.871992387469021e-9,2.8923949192235565e-6,-0.005071940947524673,2.4817454993174044,-2.06124604804505,1.3651747429949143e-13,5.364646832090787e-10,7.648648777525501e-6,-0.0016856548699869388,0.4264211433225854,-47.20814200042821,-14.935323422221726,-1.7441547002015477e-15,1.9986265015163422e-11,-1.8413959554758103e-8,4.680579833631061e-5,0.08501977542162954,-1.1950305193504849,-7.660906238465233,78.33688941906757
1.2151341274875124e-6,-1.6156656729120595e-6,-0.00020361506772168436,7.709083151321635e-7,-9.440418634945955e-7,-7.189011851837169e-5,2.401856122591384e-8,-0.0002495611354118318,0.009201140996813947,-8.203628936152796e-7,6.898525424968013e-7,0.00020521329331938233,1.8134454532214093e-7,-0.00040380648752859073,-0.025643084209554416,7.061107424196509e-8,1.8323434994015287e-6,-0.014663734436351501,-0.3223109161849679,6.9803421379666405e-6,-1.7069066133278862e-7,-8.804605254673616e-5,3.123908199229382e-8,0.0003589140772057967,0.014918784067692772,-2.8667135825739543e-8,0.00015626557787090913,-0.09500634265009983,-1.5495066634197205,2.2323058332125565e-9,4.163177482640568e-5,-0.0016752244175454883,-0.248879417087615,10.88357402408548,2.174674281487007e-8,5.268140899255893e-7,0.0059707439065206725,2.1251180408842012e-7,-0.00016383194863190875,0.01735092007881466,-4.014505100270161e-8,0.00010502782276006052,0.09283600315033755,-0.05754166767354181,-1.1842806312794014e-9,-2.4947570644685514e-5,0.06333287362567129,-16.338664659528426,-3.462995538150574,3.05090156694107e-11,9.511665904230194e-7,0.0069308574717490854,-0.43336383259242217,-5.193653292134205,-366.83750590986745,-1.4066746467975071e-10,-6.070712323513155e-7,1.4228708776763092e-5,-1.1146104151598902e-8,0.00029317330541170285,0.3179230041723475,1.4168200198050086e-8,0.00015734635800576717,-0.08092234966205032,14.231563116560832,5.1507376702141344e-9,-6.31072562937281e-5,0.07929045457207146,14.26455642373003,-194.9296410873331,-2.0529347433153828e-9,-2.1807807380132182e-5,-0.010483639341595227,17.257722907513415,-2333.3315905402906,1211.301508684811,2.0417485825802786e-11,4.0208854608483775e-7,-5.927429824828498e-5,-0.24374455563133632,-40.87255859222479,-836.0224621902537,7244.631860488322,3.097743081355774e-11,-1.2847067781719162e-8,-6.100272740700304e-7,-2.1313004234433532e-8,-0.004268168101990772,0.0018960900345927395,-5.271491437121272e-8,2.7266568988358975e-5,0.19708310304526536,-3.6556399112188678,3.424129368896707e-8,-4.006820445038315e-6,0.056924685669770186,-25.497338659455043,2322.7576727789856,-1.6149184303156546e-8,9.453038965570504e-6,-0.047187845950842876,35.097842983662964,1203.9060308501246,-9757.824076291048,2.51736531780385e-10,-2.748981639514774e-6,-0.021754117517736794,-2.78780516525137,3590.177047612107,-296551.196513611,-52062.10506527015,3.1561433029786554e-12,7.517147516374533e-9,0.00024216473690989647,-0.101918847299126,-224.7785386591026,-949.5216376985496,-25338.5575412873,424541.78965312487
0.030298898302831143,-0.010077483090952483,0.33544817804371047,-0.001728313783188811,0.0027595107154732047,2.1080436213942515,0.00019171552524333653,-1.2426001274476686,-5.473502121155296,-0.015810279317552228,0.002680065389762902,0.836594733000129,0.00015033463610311215,1.1845814394673053,-67.12473828303511,0.000560947258845149,-0.0963227602367617,-41.23177025476812,179.1133584679609,7.659511881635065e-5,0.0011854559143671696,45.84830541795736,0.0002194886185903498,0.7204494949525211,366.7888693543504,-0.0002514583675869128,0.3797330479329529,284.6007334901289,-11487.889696830756,1.8021538683303177e-5,0.21843605312564982,-43.30241388079929,1194.3252246799823,-17093.163683346625,1.4822799797961039e-5,0.05117502269170912,0.01735092007881386,0.0016082490228425492,1.0935529858148276,12019.426686476532,-0.0005276506046044564,0.01092147229294691,-54.82433704505595,48446.791522009,-0.00017142195562744976,-0.19656533545857535,212.9919618765027,52065.61891260974,81245.47292121965,2.885251009512048e-6,0.0069308574717485425,5.573960388202115,-6111.03028329987,-7470.107170840905,977615.6885220235,8.408472859265287e-7,-0.00011323129180403958,0.014040943438104317,-0.0005070882367958049,22.474340535244316,-14.062835962648908,-9.989990815188799e-5,1.6792670954626883,334.4256126630623,1.10310288591512e6,0.00012443405237228553,-0.5871728243675077,-58.158940598308284,-89374.69449463535,2.060221139885768e6,-2.1630113511472673e-5,-0.3119308584773409,-65.38904663837813,70895.28700703745,8.440162048197843e6,1.734279369276817e7,2.7592703783496925e-7,0.0035934342574081117,-0.6147040581525969,-9997.891295674885,-330204.2564301886,-6.517617184656039e6,-3.095252085456296e7,2.0204606383349156e-7,-1.1138874312206712e-5,-0.0001112000675497717,-0.016504643433728976,-0.1398720844679011,3.9574842405755084,-0.0005876076126841339,-1.1549763449089743,1383.4906461427022,-6601.236272402945,0.00014746348347386865,-0.10948090405423436,948.3375198519498,27119.284976592782,-1.0458285268701512e6,-7.030749288156216e-5,0.19095900562335238,-347.4208837893291,-36825.876234373114,-3.086442273581144e7,-1.0960845499616131e8,-1.913097752022519e-6,-0.023664521477830217,-211.71888933196323,-11944.091081942259,1.686097613832587e7,1.3120721162544055e9,-1.2804181670769306e8,6.301672972059679e-8,2.0371179487165858e-5,1.2621472763706294,-694.6748891308547,-2.147735495489571e6,4.722153627459912e6,-9.835504112457147e7,7.867234452632013e7
2.7978924906415883,0.6158248054279987,468.2348272209116,-29.93443379206646,2.0690524801886827,792.8143910031054,-0.005807945926368243,149.71534190946988,-11147.468569316397,0.11603478361178789,-1.690214467592839,1753.4565180346601,-0.23210820955877814,1125.0940212404078,68437.49448068094,-0.010555167660192976,-4.529650889830141,13572.171566762532,-260003.1377548836,-0.005204005603186936,12.914736335126712,127.80336033310691,0.16065039675276827,-1076.8088452577638,637995.0169420191,-0.007644079857050474,-146.7903114552612,305466.67221441714,2.286668534601861e6,-0.00024647281134293004,-17.66871144741446,-699.2753694695276,493119.96425222256,3.768838330354108e7,0.00013829299965164112,0.0383599942665591,-0.05754166767350608,-0.2062869454292984,4935.00644154398,48446.791522009975,-0.021672503024931202,-61.26090192571516,-346312.3304022472,7.155433870804626e7,-0.015427068827451148,-1.3072257829198637,-47668.03919454627,5.8128174738647684e7,-6.223869564736353e6,0.00019959279231620652,-0.4333638325924415,-6111.030283299853,35510.83931036274,4.855289171790317e6,-2.1730132408096905e9,6.824951215941904e-5,0.0009506500117211133,0.30370652789963387,-4.26006994036961,54.86567816456984,507.5911839991333,-0.052981671375846515,-17.111666221234163,1.118764033933234e6,7.885929798027639e6,0.004678866458239174,-1.9029761145230977,-135798.1625511077,-7.719780694748639e7,1.4000044554094622e9,-4.7149743028144944e-5,-10.701033340196673,1516.9471539966655,-1.0570113993257038e7,8.90154570000118e9,1.3565024868332648e9,-7.509688819275664e-6,-0.029343740602672513,-143.70315326081175,-804585.9533316586,1.7954263219194315e7,1.4369232034902796e8,9.37149863846017e10,-1.729144169387207e-6,-0.0001799960175261066,0.14932401130405898,0.0038656221284110314,-1.1257702769467661,162.92741013584788,0.020645036368272616,-4381.252822512496,14327.079703164769,165824.17325367572,-0.011470522193138216,-59.37552591459987,87666.68489696083,1.498004613592087e8,4.6624190450566226e8,0.006973328555872395,6.812769715906303,8773.25899948916,-8.320486777223389e7,-1.3471630567818926e10,-5.013255079507994e10,-0.00032055708360288467,0.4090951285277206,-970.5561968601327,930397.4805241082,-1.8169696915817244e9,1.1804114503926665e12,1.1644444475173376e11,1.3982347980940546e-6,-0.01736027539800702,-85.75321744661395,-8022.171102815662,-7.762499987254957e6,1.5412637859424129e9,2.3731489133848385e10,-3.2130037235611177e12
13844.152305673975,-21.295320938259078,5774.9088404207105,-7.204750906544165,34.98075231757039,-759312.2032939966,-0.12525792316487142,-7458.88044385148,-84201.26137206297,-2.2963390864968463,-2460.1346875610243,187.81747745291008,-10.191866972223353,3182.3514586509527,3.0820966203175727e7,-0.33704995584239245,71.12320849481218,555029.4008117155,-2.672109022161249e6,-0.014369160464990585,0.5488588505384259,-238.59356233982714,-3.336314360456185,-205246.36539174296,83148.46297840716,0.2205987092585033,494.3581553571198,845118.6008789131,-2.558246784287711e9,-0.012693102295763517,-145.8798540661815,32459.066404267185,-2.6475360311663352e7,3.89805685536779e8,-0.0018712284327568561,-0.3153542975588253,-3.4629955381492374,670.4291313014695,321.29206934199277,81245.47292121714,0.5018169892753683,-899.9415916135398,-5.5275796712294094e7,-6.223869564736078e6,0.07748280144664674,173.6040684042456,156913.71816634655,1.5745925825709495e8,1.8571575090430634e11,-0.0013923251716553735,-5.193653292134322,-7470.1071708394,4.855289171790321e6,1.613405431127351e9,-2.5680419030814426e10,-4.992637862852124e-6,0.02026275952619966,-2.4340482025200005,0.013972269904015934,358.5051482644681,1492.6361202693527,0.5195406874538319,228644.12492246673,-58391.60506475521,1.5788186734753046e7,-0.13698319639329098,504.69079096507755,-359400.29680022906,-6.979530100861982e9,1.473994217628018e8,0.015323580330168056,174.27996432435637,60251.55095599747,2.3993941721666213e6,2.6729713120139263e10,-1.106665482449948e13,-0.00016432972137876134,-2.1032140811913513,176.11435323810096,5.6433302600542465e6,2.899723488962725e8,-7.805589319579019e10,2.002827509288309e12,-5.048495554081426e-5,0.0015101161929649473,0.1802549399804105,0.12298828445932472,19.552368023256,-822.3925160408826,-172.8859039533032,-173.4189494993224,178828.14837352108,699395.8121713694,-0.3601620341000424,371.16312527428397,7.99266241789829e7,-1.7199667788009208e7,2.1270147552026308e9,0.04877460775717862,-190.17753896977032,44227.72748062926,-1.9848380690494755e8,-1.1835979836924304e12,-3.233645568618982e10,0.0007908092015738566,16.48040570031155,127534.99472688812,1.2344273511293918e7,-5.612859972409235e9,3.8731082051189795e12,6.280356367181344e14,-2.6028030755482083e-5,-0.031588344932117214,-858.4175556409851,427727.51458125823,1.3701688466991687e9,-5.378168488059376e8,3.6602665196714697e12,-1.5777710432012756e14
-8939.941128091685,-8939.941128091685,-1.9092803557129726e7,2245.4504457346748,-290017.77019848797,-246944.956553328,2245.4504457346748,-246944.956553328,-4.29695707392434e9,14.72677793134674,837.84177704465,-242330.90068182506,837.84177704465,-1.2791456375399184e8,-1.3271020070595032e7,14.72677793134674,-242330.90068182506,-1.3271020070595032e7,4.473160170214369e11,-0.6892490010780491,-373.2595551055083,7095.867592309887,13112.71860273121,47504.293415071355,-7.149397723355144e6,-373.2595551055083,47504.293415071355,-2.5095620731666725e10,5.009495306809897e8,-0.6892490010780491,7095.867592309887,-7.149397723355144e6,5.009495306809897e8,-2.7967080799102434e13,0.10443628659167095,-7.708182963091488,-366.83750590997295,-115.04930274619552,-102018.14731783001,977615.6885219396,-115.04930274619552,2.9351660524340328e7,3.90242911822799e7,-2.1730132408096776e9,-7.708182963091488,-102018.14731783001,3.90242911822799e7,-3.9469268995302266e12,-2.568041903081548e10,0.10443628659167095,-366.83750590997295,977615.6885219396,-2.1730132408096776e9,-2.568041903081548e10,1.4419175092642662e15,0.015765304304793382,-0.0694804702573204,36.29563670527014,32.58786232841562,-8697.14632361929,5913.958613376002,493.08880364708585,92000.91051040037,-2.14649713337979e7,-3.1689984059145585e7,32.58786232841562,92000.91051040037,1.5864520508176214e10,9.18403212737613e9,-1.2168200330211145e11,-0.0694804702573204,-8697.14632361929,-2.14649713337979e7,9.18403212737613e9,-4.9255690378806475e14,-1.6591613730559497e11,0.015765304304793382,36.29563670527014,5913.958613376002,-3.1689984059145585e7,-1.2168200330211145e11,-1.6591613730559497e11,-6.647122313990193e16,0.0015774888184366402,-0.12613146440837597,23.868491124434687,-0.04118113335919876,257.59482823060284,-14666.722880154597,16.29184159160838,76403.16961088686,-4.837656540507031e6,4.123079655184939e7,16.29184159160838,-5.302556963828087e6,2.4445910443755236e7,-4.332575299117e9,-2.4794596873876686e10,-0.04118113335919876,76403.16961088686,2.4445910443755236e7,6.214031155855504e12,1.8688343445007563e12,-3.5282252791527313e11,-0.12613146440837597,257.59482823060284,-4.837656540507031e6,-4.332575299117e9,1.8688343445007563e12,-5.5534386725615384e16,8.0934079521039375e12,0.0015774888184366402,23.868491124434687,-14666.722880154597,4.123079655184939e7,-2.4794596873876686e10,-3.5282252791527313e11,8.0934079521039375e12,2.7702238863937925e18
-4.652619259398062e-11,1.2978902731069028e-11,-5.830527539592696e-9,2.2433927272100987e-12,-2.239675723838377e-11,-7.491583752996881e-9,2.3294450291101548e-11,-4.9123908692774004e-9,2.1815172620290652e-7,2.1996251906809792e-12,7.117656133919736e-12,8.565375402212207e-10,2.2072966712667503e-11,-1.2941209245808613e-8,-4.714195245915532e-7,-6.383990893993977e-12,1.036929699212087e-8,-8.195181319896491e-7,-2.636812595889295e-6,2.7827241256105695e-14,-9.63159298686719e-13,1.4379959075804073e-9,-2.5359335874538553e-12,5.474780529380475e-9,7.105119115720696e-8,-6.730091513163728e-12,1.252615921825685e-8,-3.771783887434472e-6,-9.420548510821114e-6,-2.1317899081786834e-12,-3.876465027125967e-10,1.4868667853345274e-6,-4.0107494921814476e-5,-0.0001752274255241193,7.690077039609703e-15,-8.190055114592312e-15,2.041748582596971e-11,-8.426149633719579e-13,-1.1188751817780934e-9,2.759270378349255e-7,4.485920516124532e-12,1.450436524926515e-10,2.080197870768831e-6,-7.509688819269456e-6,3.6076395767350856e-12,-7.550403130726004e-9,3.623772344288625e-6,-0.0007592666116702928,-0.00016432972137860234,-2.2046429087359407e-12,-1.4066746467998718e-10,8.408472859264134e-7,6.824951215941235e-5,-4.992637862568376e-6,0.01576530430479715,2.1562955036445216e-15,-3.9847043298761515e-14,1.6488970719470445e-11,-3.409480115310064e-13,-6.479416698495208e-10,1.080430106321818e-9,6.619292125628938e-13,-1.6590219838805175e-9,-5.701793392934135e-7,2.57535036362132e-6,-2.936744384447334e-12,2.6066525036817704e-9,1.4510481619150885e-6,0.0005407305157557063,-0.00155716221037555,1.4206581879858122e-12,4.7730876224844745e-9,-3.894843320252275e-6,0.0006855621439157362,-0.12120967380037859,-0.02241000864999609,3.3681106955220216e-10,2.7345826219940173e-9,8.337626688294185e-9,0.00025920562088898664,-0.0037568275278465424,0.02000373206104176,-0.9233107090229598,-1.8749703102706621e-16,-8.707922470142745e-16,1.9242295879465458e-12,-4.686564166470826e-13,-7.103521970673106e-11,8.919175907459963e-9,8.478209711144909e-13,-1.754827871753655e-10,-6.787819836570762e-7,-1.7284316125464688e-6,-7.806418122223949e-13,9.175895784835954e-10,-1.3377174898010856e-6,-0.00017522915822996168,-0.006346900148832455,4.0483776810106797e-13,-1.6730220051414163e-9,4.3299105118231443e-7,0.0010219390349332398,0.10866553177128373,-0.06597706415882998,2.873856434818283e-12,3.890448324298027e-10,2.540651740851089e-6,-0.0012480585792599224,0.09559892317733723,-16.639741634497835,-0.8501612472254455,1.2314950072602731e-13,4.8584153210939016e-8,1.8216909483665038e-7,9.005154913809461e-6,0.030654401589220063,-0.46869193776532825,-1.682571271017528,51.15007255849794
2.175146019251798e-9,3.360555467026083e-9,1.275978019030973e-7,-1.0400323304587798e-10,3.9099524456620556e-10,4.6445786036306086e-7,-8.504485983570572e-10,8.769027732488307e-7,-5.16349280426395e-6,-4.283452578993586e-11,-7.033965824190003e-10,-4.988006770495288e-8,-1.79076571268259e-9,2.621477688068116e-7,3.962756442767098e-5,1.5397927928292436e-11,-3.759333953595536e-7,8.293919843020438e-5,0.00011130856742755155,-1.6223939890152059e-12,2.5938200759875722e-11,-6.424659810905012e-8,7.717171290154716e-11,-4.7376045689352705e-7,-6.780492446681398e-6,8.516206004248438e-11,-1.1473483508929407e-6,8.633555871706384e-5,0.0013625550966152092,-6.705266953859716e-8,-2.6839309289600763e-7,-4.3932653268313704e-5,0.0029822916301112524,-0.0003519169387360295,7.075191032538857e-13,-4.820906874532754e-11,-2.052934743316315e-9,-6.643678584245483e-11,3.680432705262948e-8,-2.1630113511469583e-5,-2.7785891504399333e-10,2.6683498250075034e-8,-0.00016164236616323936,-4.7149743028120014e-5,2.667309117782578e-10,3.307833103848119e-7,-0.0003748136014825859,0.019621013256016354,0.015323580330167258,-6.018960240930381e-11,-6.070712323513056e-7,-0.00011323129180403986,0.0009506500117211008,0.020262759526201213,-0.06948047025735664,-3.984704329939642e-14,6.896555610865944e-13,-3.9218983840452334e-11,1.5126342646002524e-11,-3.182912476169241e-8,-6.245497627876683e-7,-1.3143622975873903e-11,6.719114088143187e-9,2.1634096525737215e-5,-0.002780129405196659,1.2740283953856288e-10,-8.077981739124268e-8,-1.4490359848267071e-5,-0.03768776762042183,0.06858189326773505,6.063866177181279e-8,2.8293670962835317e-8,0.00016185428795352014,-0.08333065490376723,3.606225200957822,0.655638577273036,1.4206581879872254e-12,-9.679448633779319e-9,0.0008324992357631848,-0.027971639438000732,0.3095771855641273,0.5873914424062487,3.7374993085982275,4.74929172536734e-15,-1.0882414348891973e-12,-6.856293161539549e-11,2.278978928815414e-11,2.401823210940519e-9,-2.6872288405420457e-7,-4.190955854899513e-11,1.4235891076283871e-8,-6.720491274501405e-7,-3.104188880368278e-5,-6.240884600543459e-12,-1.8529957800924355e-8,4.35532174847228e-5,0.007455181234036885,-0.015560320577731844,-4.744483156344363e-10,4.223926018147985e-9,6.342064826407264e-5,-0.016194430707764586,-6.827565519586401,5.67500882992078,1.8796468723130176e-11,1.862666880537943e-5,-0.00012384662618408545,0.05164400326469009,-14.382694385339203,589.3260461666089,65.90827483226782,-1.0545637897182416e-14,7.195223710120537e-10,-8.567450003110576e-7,0.09698563755231963,-1.7502984460511877,32.90926605077925,155.03685827001763,-159.43994351569887
-2.612268494819096e-7,-6.285652849050694e-7,3.7026755944536725e-5,4.1561822288666434e-8,2.2078281773705689e-7,-6.387797467019034e-5,-3.092083919410631e-8,-0.00013402750739077878,-0.0013329104406895331,2.7624686342268517e-9,1.270570557222802e-7,1.3859201127695335e-5,2.193520749887999e-7,8.284661206264305e-5,-0.005982408591158716,9.270003270298385e-9,8.949467528485102e-6,-0.011097372888362855,0.0415439206212603,5.5870743345166184e-11,-9.263292098668944e-9,8.9736314865234e-6,-1.3078521881735825e-8,8.08643348353812e-5,0.001386516692033328,1.4101349255100728e-8,0.00014857442743987874,0.016039843377005307,-0.2210539661929122,1.2150396118951449e-8,3.266156546859613e-5,0.003531246781378052,-0.34540923013403957,-1.2936463655956318,-1.1595699158295049e-10,7.691207740995244e-9,4.02088546085278e-7,1.912694882867176e-8,-1.1671287291082675e-5,0.0035934342574075514,2.340420178266796e-8,-2.8487449320477394e-5,0.026171454970601266,-0.02934374060267485,4.0079388474936875e-8,6.866177527992153e-6,0.050774349460709994,2.0263816299747615,-2.103214081191096,8.773364356058734e-7,1.4228708776762743e-5,0.014040943438103996,0.303706527899635,-2.434048202520587,36.295636705242856,1.6488970719431e-11,-3.9218983839792696e-11,-3.938538485829593e-8,-2.71489136738544e-9,6.912733993537454e-6,0.00018866182479670106,-3.459243992028422e-9,5.398984191295953e-6,-0.006118810500793458,0.5630972795568151,-8.940965425647747e-9,-2.0772782014600473e-6,-0.01860546955298183,5.765906096792028,-16.21398658732496,-9.679448633780044e-9,3.5310109591384374e-5,-0.00017259375432667083,11.84481927303811,156.73686528368614,-46.60197870037426,2.734582621994004e-9,0.0007449015253025236,0.0005096429697219252,2.089302515247057,-7.521940150020332,-197.18414132780973,-20.566737238215413,-1.1336071175816191e-12,1.3247707162493763e-10,2.1792246873735674e-8,-1.832251521216232e-9,-3.1498458412437576e-7,1.5254635787262986e-5,1.5897513716509734e-9,-5.064199114182896e-7,0.00173519449945261,0.03128550102750782,7.596689676153315e-9,8.452949948812442e-7,-0.00432890209420384,-1.9518678545568426,24.189241032165416,-1.4909559774261502e-8,-1.613579707339974e-5,-0.01501866097306562,-7.274117117327678,984.8865746521592,-1116.8753556080926,-2.579730102836868e-7,-1.827635935704851e-5,0.007313026831534886,-0.8770462964901021,2151.1911793259746,-2981.5857798280417,-10290.886193874812,1.5798959574375921e-12,4.2822372345800655e-7,0.08183139219969832,-0.0010585143960164707,48.59011988759811,-2192.1826613918865,-19835.391585146685,-116682.0675385988
-1.1192864173704527e-8,-2.2094671872466178e-8,-1.3001863006074509e-5,-9.893065700665552e-10,-6.447763258216533e-8,-2.8722622268313476e-6,6.363611378755451e-6,-2.62029506833543e-5,0.0003715394354428231,-2.099221915634936e-10,7.094859135641824e-9,-1.1560115878829245e-7,1.7519592993242467e-8,-3.143175246189323e-5,-0.0002936348198395779,3.472617413168735e-9,-0.000410489500273371,-0.000635104421121878,0.0008978137979362147,1.8130277060944617e-12,6.349795342553113e-10,2.0212188578142984e-7,-4.284343472680073e-9,4.307552699664243e-6,2.468198968441434e-5,-3.1069505633423555e-6,1.9272227675229138e-5,-0.008254276809258115,-0.012057643203571713,-6.761769723769187e-12,-1.839373050551169e-6,-0.04884884137258562,-0.038728843549847444,-0.5976090106461263,-7.839441046858367e-12,5.071127852778117e-10,5.150737670218934e-9,8.820245017858371e-10,4.814365700824418e-7,0.00012443405237226745,8.323482962566503e-9,2.9088444850846037e-6,0.001323105069653668,0.004678866458239459,-8.588442254055163e-11,-0.0005576930107838351,0.005045312543113742,-1.5116005722363324,-0.1369831963932832,-1.0833555228618885e-11,-1.1146104151595721e-8,-0.0005070882367958009,-4.260069940369648,0.013972269903974245,32.5878623284159,-3.40948011531546e-13,1.5126342645983897e-11,-2.7148913673894904e-9,-1.4182040374070225e-10,5.069743854957653e-7,2.0471668723279718e-6,1.6599389876611166e-9,1.4370376937790085e-7,0.00015986421931812856,0.024737387085661148,1.1286461633326624e-6,7.697026563947336e-8,0.0040962801231474635,0.27349517570079224,0.08455059048422428,1.2740283953854776e-10,1.30443655377588e-6,-0.08823028392701951,0.953831940765191,-225.5963296323413,1.2301521853663155,-2.9367443844468953e-12,-8.940965425646011e-9,-2.0536156234620728e-5,-0.04308880167121416,53.913401575926024,-75.28634652731434,-919.4158918143143,-9.49038991862639e-14,1.0848467048945117e-11,-6.808917597664157e-11,-1.3058894145518006e-10,7.601935101337864e-9,9.157253899053556e-7,1.4595066181709378e-10,-3.231192452454606e-7,0.00019820920775629958,9.567342499087694e-5,-2.068572773418989e-9,1.3368981486345343e-6,-0.00028032854579877753,0.03069618550079582,1.825251468209105,7.366520869040011e-10,0.0006047740509243962,-0.0014243108254647664,2.3161817694558917,43.12366322922725,-29.020984249049846,1.4369822698427433e-11,1.0032307503976722e-7,0.0011262064067202634,-7.585333886985844,165.4921921855104,-29159.098207516243,-468.50271864568396,-1.0811878917365466e-13,-3.893445822163325e-9,-2.283633731844652e-6,-0.005089969436944215,3.787561339067384,-272.19940751682606,3552.1842222843607,-19122.613007542124
3.7676632608610383e-6,0.00017740236956598627,-0.00015235228617202525,-2.50364159067266e-6,-3.912882811539078e-6,0.003980424372913733,-2.4526478379602223e-5,0.03043244291118561,0.026885516319692573,5.78036434633888e-7,-9.557455516116583e-6,-0.0012674189073549906,-4.7841394030954334e-5,0.0007128403755409165,0.5219922913068314,-0.0009566977931909247,-0.006924014811106504,2.0156340748176484,-2.775445339330974,1.915619454292811e-8,1.3660982178427947e-7,-0.00048626747815288244,2.3705579786217104e-6,-0.0055593885242139224,-0.20536559226549506,8.00599666932941e-6,-0.03321054847290736,0.7776406145144803,24.92194279235418,1.5324351813592726e-7,-0.11387571558587613,-0.5888709878163841,39.202095684152965,173.79820936665834,1.4943959184277002e-8,-1.0363341573200743e-6,-2.180780738013306e-5,-2.399484577602303e-6,0.00047707485139601274,-0.311930858477336,-2.5287504514318523e-6,0.00217716945987219,-1.6535036487238264,-10.701033340196222,0.0003949390120569279,0.007460972281614244,-11.482101686227157,253.50969872969236,174.27996432436518,-8.25199903346193e-9,0.0002931733054116981,22.47434053524495,54.86567816456945,358.50514826447017,-8697.146323619358,-6.479416698503459e-10,-3.182912476168544e-8,6.912733993539286e-6,5.069743854957534e-7,-0.001127474757167385,-0.014793134837992659,-7.634530684814556e-8,-0.0016995722270388791,0.3469567522962694,-63.734757149149736,1.304436553775848e-6,0.004117289849559209,0.8000865690205398,-325.00292666168036,684.6510569489127,2.8293670962827942e-8,0.28754662555246274,3.9243576884812006,-2728.148297448909,56791.347617055624,-6134.919356761441,4.7730876224846415e-9,3.531010959138558e-5,0.07195972448643506,6104.362689203507,13799.673800740144,72376.76691889905,393785.15474913036,2.0191990885909845e-10,-1.6769704163751482e-8,-1.5234927088850439e-6,1.2622171030800356e-7,-8.882134045124122e-6,-0.0008610622213602656,-1.5352536929505163e-7,0.0005164865331322012,-0.47117447579142135,-3.0197679774523567,-1.007014089571228e-6,-0.0004760601091144753,-0.5388030667988573,132.71158423358924,-5019.238567205439,-3.827002221522902e-5,0.00034078012634453775,5.684399343906619,117.45223598091495,-47655.10757778669,106010.97566438839,3.656115576264006e-8,-0.0004245108580048528,103.23392702121494,1259.4993558925908,-508222.20963616663,1.0657276546379339e7,838281.0052478254,-3.256593153992231e-11,4.772248855435327e-6,0.024463717027690582,-3.9838205472888824,583746.3889282926,664599.4708229263,3.864189762949855e6,-1.6652320994382089e7
-0.0003370735738144758,0.0011819594180084425,-0.08918851458157227,-3.287412189673259e-6,-0.0004237587303083893,-0.029503494934680047,0.0001846458877013806,0.13348645272340334,3.6194232940754807,2.2533099625652013e-5,-3.7297281182608276e-5,-0.00417176029769275,-3.265393995518285e-5,-0.18745389208850388,0.2981209842735646,-0.00021872741791542432,0.07154486711290291,3.871410236644651,-95.56256604844388,4.522119891049979e-7,-8.047521575638624e-6,0.007016519368528714,4.693466439875517e-6,-0.010573420759615424,-1.186152400158912,-3.550911208428432e-5,-0.056873325649084,-44.65128300824812,118.05181342619927,-0.001016965608222512,-0.10646729765485013,9.259143903846407,-158.046654162819,1614.350491990075,1.5501025184323302e-7,-8.619863117917412e-6,-5.9274298248207966e-5,-2.949227747763593e-5,-0.005648782142627505,-0.6147040581526666,3.6896229812285914e-5,0.040314714746319494,0.7259119999522656,-143.7031532608157,6.750753412545857e-5,-0.04650065283620477,-28.680191728244132,-7551.9658438734805,176.11435323841994,-5.320488799474718e-6,0.31792300417235075,-14.062835962648776,507.59118399913075,1492.6361202693088,5913.958613371994,1.0804301063182239e-9,-6.245497627872429e-7,0.0001886618247967259,2.0471668723276986e-6,-0.014793134837993077,-0.14857271424189136,7.699973065309376e-6,-0.02724100642869027,-1.7828525835611218,-556.6118588403089,-2.053615623461981e-5,0.05156194116424684,34.249881642594325,1254.66397479899,-5621.159898979829,0.0008324992357631831,0.07195972448643569,-23.031640469652196,-8980.575983874784,-1.0114026129708533e6,-245300.58360024737,8.33762668829642e-9,0.0005096429697218934,102.797177581502,1491.7806354781253,-2773.0297955238552,672404.5631051487,-3.5629937578399233e6,3.1434499922524166e-9,-1.0430352070182492e-7,-4.978313082962302e-6,-3.0209540947009944e-6,-0.0006366557388501121,0.06394729999831629,8.158743311320247e-6,0.003624078123075396,-9.495464380494141,-47.03312393656575,-1.972443214969085e-5,0.0027183104291208272,-13.750311871666844,-302.4132982483295,-96899.71846732209,1.4999679920529817e-5,-0.005738309899988602,36.30963317478706,16211.423229740645,429269.02554687456,424113.3668615541,2.0397497445422093e-6,0.09114598066205908,57.66353381173291,-7396.63284366664,-2.0585671977720559e6,-1.1070503167898418e8,22434.62800855729,5.9356449501151985e-9,-0.0001079862242264363,0.5495178132430703,7737.717809647639,694050.8320243115,-2.1490373396006105e6,4.723907738620053e6,3.6862161590488225e8
-7.810605807288403e-8,-7.810605807288403e-8,0.003912830298757087,-7.018248872336571e-9,3.3991054544265955e-5,6.750428472235172e-6,-7.018248872336571e-9,6.750428472235172e-6,-0.10368874503890013,-6.993940196230619e-11,1.9084765550652347e-8,-3.6886309078918055e-6,1.9084765550652347e-8,0.0019017491809756085,0.00041945053441650874,-6.993940196230619e-11,-3.6886309078918055e-6,0.00041945053441650874,2.728048627428083,8.589397331918723e-12,2.468779646486966e-9,-2.6883537806487116e-7,-8.439030046654267e-6,-4.010824914445381e-6,-0.0007017510932208151,2.468779646486966e-9,-4.010824914445381e-6,0.20533743669687826,-0.009341937981187872,8.589397331918723e-12,-2.6883537806487116e-7,-0.0007017510932208151,-0.009341937981187872,-64.84570464422158,-1.360765018715773e-12,-1.563315169747966e-10,1.4168200198049916e-8,-4.864538027681476e-9,2.9080065675816136e-6,-9.989990815188849e-5,-4.864538027681476e-9,-0.0018537011979172643,-0.0030310465614188683,-0.05298167137584704,-1.563315169747966e-10,2.9080065675816136e-6,-0.0030310465614188683,-7.0977482958519404,0.5195406874538347,-1.360765018715773e-12,1.4168200198049916e-8,-9.989990815188849e-5,-0.05298167137584704,0.5195406874538347,493.0888036471311,6.619292125588591e-13,-1.3143622975903571e-11,-3.4592439920284197e-9,1.6599389876614136e-9,-7.634530684816849e-8,7.699973065310267e-6,2.1395198767498127e-6,-2.7482088550209893e-6,0.0013644553715289839,-0.014087537875752088,1.6599389876614136e-9,-2.7482088550209893e-6,-0.3402147234076866,-0.8126895212198575,-0.6996195292626843,-1.3143622975903571e-11,-7.634530684816849e-8,0.0013644553715289839,-0.8126895212198575,-1335.1733155837142,-59.81290040664557,6.619292125588591e-13,-3.4592439920284197e-9,7.699973065310267e-6,-0.014087537875752088,-0.6996195292626843,-59.81290040664557,89660.95809249734,3.01322461622355e-14,1.7210242741466045e-13,1.8305677066446808e-10,5.927257946421149e-11,-1.4782208777700485e-10,-1.8616918923897316e-6,1.4623672573103895e-9,1.2536081941161727e-6,2.484865967083961e-5,0.002166691998561192,1.4623672573103895e-9,0.0010378819320995831,0.0012881322166924034,0.43541547707161443,-0.4223739858713904,5.927257946421149e-11,1.2536081941161727e-6,0.0012881322166924034,-24.085889490174267,-156.5832242879209,92.82163839816498,1.7210242741466045e-13,-1.4782208777700485e-10,2.484865967083955e-5,0.43541547707161443,-156.5832242879209,-326183.3081709685,6875.868511194738,3.01322461622355e-14,1.8305677066446808e-10,-1.8616918923897316e-6,0.002166691998561192,-0.4223739858713904,92.82163839816498,6875.868511194738,-9.336522538491579e6
5.5694905577028396e-5,0.04202055297311775,-0.020508387135053072,-6.10104325530841e-6,-9.83234382295574e-5,0.01751202485224073,2.3988152201173256e-5,0.7018561688879613,0.6987278421441075,4.014954188755706e-7,-4.3570123643142584e-5,-0.0021855557112022313,-0.011410954385696406,-0.047056591165479715,1.7177205971258869,5.765686858846605e-7,0.004681204082806254,8.53720889755038,-11.451850597092966,-2.4908371623221858e-8,1.2749643167480404e-6,-0.0011762332446679862,8.917263926812133e-7,-0.025389514209457426,-0.25693990870229405,-5.0119132559070145e-6,-2.6434387731786475,-12.236146444907893,60.11359409086236,1.4683097954085375e-7,0.00403514417376626,0.1758313161094855,-2918.9583766520527,-746.0742746150731,1.550933637263576e-8,-1.6801566661412435e-6,-6.310725629373406e-5,-4.96163058832853e-6,0.0015719481403101258,-0.5871728243675203,0.0026321648880088615,0.002072645061014663,-7.588301182073072,-1.9029761145235082,4.560477626381289e-6,-0.0031926016029599842,-491.5277336649788,-2085.1227722457006,504.69079096509034,-2.6010397912987267e-8,0.00015734635800576736,1.679267095462659,-17.11166622123479,228644.1249224676,92000.91051039925,-1.6590219838802286e-9,6.7191140881513355e-9,5.3989841912949515e-6,1.4370376937794383e-7,-0.001699572227038948,-0.02724100642869067,-2.748208855020877e-6,-0.0007634715933415262,0.8375169563172951,-106.5073835345385,7.697026563934891e-8,1.5404785075864529,5.167247401496759,-1511.5455313107254,2314.7064957780262,-8.077981739119499e-8,0.0041172898495591866,-0.8968525328856245,-72104.4656993895,-277389.44347716286,-5105.806261223904,2.6066525036825608e-9,-2.0772782014602205e-6,0.05156194116424709,271.9544616610977,-9039.137208884664,-8.705722674635507e6,-5.488020387407857e6,2.2242531565511833e-10,-1.891983596299205e-8,-2.092681327540635e-6,2.7089576665226875e-7,4.078118263989457e-5,-0.002158491956123881,7.010760251658576e-7,-5.912996212672568e-5,-0.6255356238903547,-4.2732551901414535,-0.0005711998927395521,0.0026314939933610743,1.3708581616414068,274.7597256392896,-6849.383454309092,-1.1906920691373394e-6,0.0004985938844771211,590.1215745510768,3080.891044596969,-229095.0539599307,206720.23703173437,3.927626016348683e-8,-0.00014515404191686225,1.2137661179700105,-279.8354253121868,-9.8958442867797e6,-2.8671458169284847e7,3.464701690460408e6,-3.770747300022173e-10,2.793750232409768e-6,0.007980663340149602,5.433202426279798,13199.996887111929,-659874.972766976,4.732674556879636e8,2.291579497967799e8
0.02167949820447981,-0.07458215651360105,-12.53444969638517,0.00025518593007796994,-0.07330328174720592,3.219108425063647,-2.4889298220100504,-3.7188150811554332,453.14684974392304,-0.0008001372440281873,-0.0030092552362604654,-0.10788120802007212,-0.010745763107722333,-28.29109984159444,186.29348962659117,-0.0050597454064230775,-385.0761950574235,351.4222886801695,-13830.37523293955,-1.3132285488149889e-5,-7.836429847815731e-5,-0.44347972761404775,0.002660268397213685,-2.383192768861326,-16.256160851041127,0.8554662592328103,-5.045246384170512,-5855.593259551232,2678.9628360356924,-0.00011717691257869919,-1.24753438554651,-13327.636463728886,41171.482002150944,520792.62650716794,-4.37516876941088e-6,0.00012854305639695162,-0.010483639341594684,0.00043524136375744295,0.04793912518680516,-65.38904663836595,-0.0018048314690228182,7.908853426363706,-914.4754533046464,1516.9471539965748,0.002644048345214274,454.5836144835084,-1141.0361007823428,-871022.9747362001,60251.55095599177,-1.2547429463344043e-5,-0.08092234966204867,334.4256126630531,1.1187640339332214e6,-58391.60506475971,-2.146497133379796e7,-5.701793392939998e-7,2.1634096525734583e-5,-0.006118810500793216,0.0001598642193181346,0.34695675229628076,-1.782852583560974,0.00136445537152897,0.8375169563172882,57.89995215007225,4737.234291665962,-0.08823028392702002,-0.8968525328856057,5356.793405506691,-238832.12441888574,400567.91464725137,0.00016185428795352063,3.9243576884812583,132304.48103379627,-146398.62813444858,-1.0732909719880462e8,1.0741622606255166e7,-3.894843320251993e-6,-0.00017259375432699252,-23.031640469652526,156501.38179966246,1.1303355154796693e8,-5.199315690126314e7,5.877952742912716e8,-1.0127541650650577e-7,3.6385822390711193e-6,-0.0005555086251032935,0.00012228285637720565,0.03045545438330779,-2.343057353926177,-0.0002425965081638103,0.20466129950673864,279.8368885122568,219.98245466989428,-0.0001652678064782927,-0.09149572800894816,659.7041235825798,21616.14349645964,2.553254200476395e6,0.00011849892550245187,-143.9923145618131,-403.86786065032993,2.097678937942634e6,-4.802582679280794e7,1.739844026534419e7,1.7053045242997134e-5,0.13219336516280544,2239.4735397940344,2.7228032430239797e7,-6.625557732007349e6,-1.1887973033276695e10,3.8128362189669615e8,-1.9470813622258587e-7,-0.0015689020029379546,4.292028215331768,-3606.9627325681295,2.3821628267262056e7,3.843323122476854e8,9.225095169409568e8,1.099223351953956e10
-0.6558578801721976,8.383892952258607,45.4832829629913,-0.0612467174343383,0.26316302930458024,32.497993773106224,-0.8362718377658434,1135.8140544914233,-523.5637827810937,0.06512003160759984,-0.3079802059097027,-45.659728683088275,-1.208350357394339,169.6564206713542,13934.513217329883,-13.033580662566902,-100.8164996876623,55264.38254450829,-22751.33170211873,0.001947660248582468,-0.01775391482722195,1.6309462593108575,0.08108114252769252,-158.59109910757945,-9607.482774334934,0.35439965624075065,-945.0415936820532,55437.24979520964,922744.9316634573,0.026130922419908414,498.9361617605288,27990.239365662987,201341.90127471476,973600.6398560163,0.0007773258079124591,-0.04894247841611944,-0.24374455563128145,-0.1272602748220686,-2.716685537114229,-9997.891295674983,0.06529408887100382,49.26569607647137,-39820.486926774734,-804585.9533316834,7.336961597844619,361.64288306268645,-355083.36145470664,1.2942421199058888e7,5.643330260054117e6,0.0006107492255793903,14.231563116560794,1.1031028859151215e6,7.885929798027701e6,1.578818673475334e7,-3.1689984059155215e7,2.575350363615759e-6,-0.0027801294051969967,0.5630972795568183,0.024737387085663493,-63.7347571491493,-556.6118588403205,-0.01408753787575216,-106.50738353454366,4737.234291665863,-2.9603350457527605e6,-0.04308880167121241,271.9544616610976,9937.6646049775,-5.6484718573336e6,-4.042915809728585e6,-0.027971639438000396,6104.362689203449,156501.38179966257,-9.160622497133867e7,2.5189119942256956e9,-7.32745916753072e8,0.0002592056208889825,2.0893025152470504,1491.7806354781133,2.074141996582854e8,6.50743876050306e8,4.2192331339632955e9,3.2729078189690814e9,1.246537579275583e-5,-0.0007649471609075042,-0.04469735174210092,-0.0014160469933784884,-2.1925542479967945,84.4108474336309,0.006692893744876965,30.686714427713614,-33382.50663555029,-156304.15636603013,-0.08650939686111253,-22.781623402013924,-45738.10138983432,2.948201795638515e6,-3.450158071946128e8,-0.6012064868139075,-165.33377804899362,257978.73795407917,-2.2090332541607977e6,-3.3706450704248095e8,3.807455981918945e9,0.0003213144525179459,-35.083909100439804,2.1711583747351514e6,3.841218202284293e7,-1.838390153376638e10,4.452732495139467e11,1.9467559452003498e10,1.5526559333423867e-5,0.15795000330477768,1069.2575771119828,-615310.0016555212,1.435505741059529e10,7.287018761549442e9,7.851831453441254e10,-3.2933889629406616e11
-2.2094671872466178e-8,-1.1192864173704527e-8,-1.3001863006074509e-5,6.363611378755451e-6,-6.447763258216533e-8,-2.62029506833543e-5,-9.893065700665552e-10,-2.8722622268313476e-6,0.0003715394354428231,3.472617413168735e-9,1.7519592993242467e-8,-0.000410489500273371,7.094859135641824e-9,-3.143175246189323e-5,-0.000635104421121878,-2.099221915634936e-10,-1.1560115878829245e-7,-0.0002936348198395779,0.0008978137979362147,-6.761769723769187e-12,-3.1069505633423555e-6,-1.839373050551169e-6,-4.284343472680073e-9,1.9272227675229138e-5,-0.04884884137258562,6.349795342553113e-10,4.307552699664243e-6,-0.008254276809258115,-0.038728843549847444,1.8130277060944617e-12,2.0212188578142984e-7,2.468198968441434e-5,-0.012057643203571713,-0.5976090106461263,-1.0833555228618885e-11,-8.588442254055163e-11,-1.1146104151595721e-8,8.323482962566503e-9,-0.0005576930107838351,-0.0005070882367958009,8.820245017858371e-10,2.9088444850846037e-6,0.005045312543113742,-4.260069940369648,5.071127852778117e-10,4.814365700824418e-7,0.001323105069653668,-1.5116005722363324,0.013972269903974245,-7.839441046858367e-12,5.150737670218934e-9,0.00012443405237226745,0.004678866458239459,-0.1369831963932832,32.5878623284159,-2.9367443844468953e-12,1.2740283953854776e-10,-8.940965425646011e-9,1.1286461633326624e-6,1.30443655377588e-6,-2.0536156234620728e-5,1.6599389876611166e-9,7.697026563947336e-8,-0.08823028392701951,-0.04308880167121416,-1.4182040374070225e-10,1.4370376937790085e-7,0.0040962801231474635,0.953831940765191,53.913401575926024,1.5126342645983897e-11,5.069743854957653e-7,0.00015986421931812856,0.27349517570079224,-225.5963296323413,-75.28634652731434,-3.40948011531546e-13,-2.7148913673894904e-9,2.0471668723279718e-6,0.024737387085661148,0.08455059048422428,1.2301521853663155,-919.4158918143143,-1.0811878917365466e-13,1.4369822698427433e-11,-3.893445822163325e-9,7.366520869040011e-10,1.0032307503976722e-7,-2.283633731844652e-6,-2.068572773418989e-9,0.0006047740509243962,0.0011262064067202634,-0.005089969436944215,1.4595066181709378e-10,1.3368981486345343e-6,-0.0014243108254647664,-7.585333886985844,3.787561339067384,-1.3058894145518006e-10,-3.231192452454606e-7,-0.00028032854579877753,2.3161817694558917,165.4921921855104,-272.19940751682606,1.0848467048945117e-11,7.601935101337864e-9,0.00019820920775629958,0.03069618550079582,43.12366322922725,-29159.098207516243,3552.1842222843607,-9.49038991862639e-14,-6.808917597664157e-11,9.157253899053556e-7,9.567342499087694e-5,1.825251468209105,-29.020984249049846,-468.50271864568396,-19122.613007542124
0.04202055297311775,5.5694905577028396e-5,-0.020508387135053072,2.3988152201173256e-5,-9.83234382295574e-5,0.7018561688879613,-6.10104325530841e-6,0.01751202485224073,0.6987278421441075,5.765686858846605e-7,-0.011410954385696406,0.004681204082806254,-4.3570123643142584e-5,-0.047056591165479715,8.53720889755038,4.014954188755706e-7,-0.0021855557112022313,1.7177205971258869,-11.451850597092966,1.4683097954085375e-7,-5.0119132559070145e-6,0.00403514417376626,8.917263926812133e-7,-2.6434387731786475,0.1758313161094855,1.2749643167480404e-6,-0.025389514209457426,-12.236146444907893,-2918.9583766520527,-2.4908371623221858e-8,-0.0011762332446679862,-0.25693990870229405,60.11359409086236,-746.0742746150731,-2.6010397912987267e-8,4.560477626381289e-6,0.00015734635800576736,0.0026321648880088615,-0.0031926016029599842,1.679267095462659,-4.96163058832853e-6,0.002072645061014663,-491.5277336649788,-17.11166622123479,-1.6801566661412435e-6,0.0015719481403101258,-7.588301182073072,-2085.1227722457006,228644.1249224676,1.550933637263576e-8,-6.310725629373406e-5,-0.5871728243675203,-1.9029761145235082,504.69079096509034,92000.91051039925,2.6066525036825608e-9,-8.077981739119499e-8,-2.0772782014602205e-6,7.697026563934891e-8,0.0041172898495591866,0.05156194116424709,-2.748208855020877e-6,1.5404785075864529,-0.8968525328856245,271.9544616610977,1.4370376937794383e-7,-0.0007634715933415262,5.167247401496759,-72104.4656993895,-9039.137208884664,6.7191140881513355e-9,-0.001699572227038948,0.8375169563172951,-1511.5455313107254,-277389.44347716286,-8.705722674635507e6,-1.6590219838802286e-9,5.3989841912949515e-6,-0.02724100642869067,-106.5073835345385,2314.7064957780262,-5105.806261223904,-5.488020387407857e6,-3.770747300022173e-10,3.927626016348683e-8,2.793750232409768e-6,-1.1906920691373394e-6,-0.00014515404191686225,0.007980663340149602,-0.0005711998927395521,0.0004985938844771211,1.2137661179700105,5.433202426279798,7.010760251658576e-7,0.0026314939933610743,590.1215745510768,-279.8354253121868,13199.996887111929,2.7089576665226875e-7,-5.912996212672568e-5,1.3708581616414068,3080.891044596969,-9.8958442867797e6,-659874.972766976,-1.891983596299205e-8,4.078118263989457e-5,-0.6255356238903547,274.7597256392896,-229095.0539599307,-2.8671458169284847e7,4.732674556879636e8,2.2242531565511833e-10,-2.092681327540635e-6,-0.002158491956123881,-4.2732551901414535,-6849.383454309092,206720.23703173437,3.464701690460408e6,2.291579497967799e8
-0.024773828533816208,-0.024773828533816208,-3849.69929338597,-0.02703037022511632,-29.330875754901445,-1.1658160411627312,-0.02703037022511632,-1.1658160411627312,35207.112874189435,-0.0007825797129619722,0.012676148227355513,-13.264257526543107,0.012676148227355513,-7440.062505206144,-226.64197091989863,-0.0007825797129619722,-13.264257526543107,-226.64197091989863,3.5763001637443695e6,6.388750679227188e-5,0.012162517504659215,-0.4744580151440806,2.964061909332175,2.3177882209784793,-2112.847146079707,0.012162517504659215,2.3177882209784793,-1.3684885759656834e6,-3170.0927248567523,6.388750679227188e-5,-0.4744580151440806,-2112.847146079707,-3170.0927248567523,-2.8882018359178376e8,-1.6554197274081932e-5,0.00044550390569937865,0.07929045457206872,0.00325598682566091,11.476742619550405,-58.15894059830501,0.00325598682566091,2213.0246086518805,147.06826812086197,-135798.1625511071,0.00044550390569937865,11.476742619550405,147.06826812086197,-1.932296191308343e8,-359400.2968002556,-1.6554197274081932e-5,0.07929045457206872,-58.15894059830501,-135798.1625511071,-359400.2968002556,1.5864520508176348e10,1.4510481619155501e-6,-1.4490359848273907e-5,-0.018605469552982486,0.004096280123147456,0.8000865690205333,34.24988164259363,-0.3402147234076843,5.167247401496679,5356.79340550679,9937.664604977583,0.004096280123147456,5.167247401496679,1.0498585660998684e6,-192355.6506882829,-566187.6811587686,-1.4490359848273907e-5,0.8000865690205333,5356.79340550679,-192355.6506882829,-2.3952292069007996e10,2.1840472599668745e7,1.4510481619155501e-6,-0.018605469552982486,34.24988164259363,9937.664604977583,-566187.6811587686,2.1840472599668745e7,-7.932293537364186e11,-1.0178203837954077e-7,1.5727551806402272e-5,-0.0003715943644608564,5.6040114468227844e-5,0.00629792365924031,-6.424814386227487,-0.001438907897798387,2.5613379342886002,530.4970624063332,7305.513364728289,-0.001438907897798387,-477.81952637501195,2310.033304666326,1.6117442219496174e6,3.265166132979096e6,5.6040114468227844e-5,2.5613379342886002,2310.033304666326,3.6681058800810045e8,-8.136347300025426e7,2.5783214231789157e8,1.5727551806402272e-5,0.00629792365924031,530.4970624063332,1.6117442219496174e6,-8.136347300025426e7,-2.632473729671335e12,-4.3422123823474246e8,-1.0178203837954077e-7,-0.0003715943644608564,-6.424814386227487,7305.513364728289,3.265166132979096e6,2.5783214231789157e8,-4.3422123823474246e8,3.875652698540485e13
-25.85625955332877,-2846.596137965623,1628.820306742038,1.0296855555660558,22.841295056681435,-5090.8076229851795,-1.6936656697502055,-260842.55110101725,34378.57205499505,0.8692876822176917,6.228794233910582,94.86457200021063,702.5479272315548,9282.872232862173,-342374.7410084518,4.130872653214332,-2632.776224203089,-1.0043609693065934e7,-776561.3324248827,0.03336162996232535,-0.696764610220378,483.6535509942168,1.8973523982972584,3883.3761043474015,-44560.219054146495,-1.362121087764241,314781.0653798538,2.124149153013796e6,-6.350032946418938e6,0.06886881233247259,1267.396207413244,-686150.7469903828,-3.0289758813071694e7,-1.2530543721310647e8,0.003379964695569827,-0.08411925744446547,17.257722907513386,-0.9705603602132326,-600.5052045362826,70895.28700703573,-37.6408965936539,418.43181498281115,1.2701752676902008e6,-1.0570113993257036e7,-1.8313038821703431,-784.5395819522877,8.254102066354558e7,3.760925089846977e8,2.399394172168099e6,0.012341889648230202,14.26455642373078,-89374.69449463434,-7.719780694748738e7,-6.979530100862032e9,9.18403212737634e9,0.0005407305157556796,-0.03768776762042211,5.765906096791858,0.27349517570079035,-325.0029266616882,1254.6639747988359,-0.8126895212198694,-1511.5455313107134,-238832.12441888207,-5.648471857333491e6,0.9538319407651745,-72104.46569938945,-192355.65068828154,2.9119027409108806e8,-8.746931243529643e8,-0.08333065490376619,-2728.1482974489127,-146398.62813445617,1.5917279145968815e10,6.1400052701773384e10,-1.310542605314193e10,0.0006855621439157199,11.84481927303788,-8980.575983875004,-9.160622497133939e7,-3.2577602543470507e9,-3.004347922504736e11,-3.10873240907339e11,7.33406176293212e-5,-0.0012568568758503013,0.20797140872060657,-0.1496950982546488,-43.90186927994857,2503.8190544430363,0.07882323660008783,419.94127343630527,-283468.984742777,-840324.2421661491,3.839460682519343,-1013.6701216397222,-979972.9521688431,-5.976036486523173e7,-2.9343926757534146e9,-0.37228988139881525,1409.616489331875,-5.0562724416730165e7,-1.442531912227775e8,5.328538484098255e10,-1.6896562322752846e10,-0.01031275729851251,-86.68530332487741,-1.6751551570979932e6,2.303072045666498e7,2.5044853412676973e12,9.974423833308338e12,-9.16202001514816e11,0.00021231000062488264,-0.2832600397649211,3111.617896447282,-4.034290602256153e6,-1.628773214808628e10,1.05834232925704e11,-1.6038292584583473e13,2.7902369708406943e12
74.5766734743763,-73.72641048719174,11923.901183806574,-1.1135622805990346,25.673937892607658,12873.736181038388,-1199.7627544871164,19279.09419737606,-335388.05486072385,-2.598763747501888,-12.799868599731854,-275.37624573920033,-87.61330771019314,20544.48433835173,873111.100442519,-16.98216307997819,-415152.399399755,3.8202386802196167e6,-1.1815496072218439e7,-0.05906746311766571,0.510105203177909,-1701.510399408207,10.47483764946708,-9427.889082055748,37367.544159399076,296.8429358749356,-52291.4484141878,7.496923267221772e6,2.0725372903345343e7,-0.34205252632932637,-899.8491836677712,-7.62898350180413e6,1.778092088294775e8,1.7977486315380087e9,-0.0038520901621802656,-0.07106386822178232,-40.872558592228906,0.9685004182373312,741.4974098474157,-330204.2564301843,-17.13015749456612,5297.07772678463,-3.469023316547628e6,1.7954263219194293e7,11.079708566419898,349202.4082067795,-1.6206111105567982e7,1.6917141474391377e9,2.899723488962654e8,-0.027320288272857398,-194.9296410873387,2.0602211398857594e6,1.4000044554094472e9,1.4739942176281613e8,-1.2168200330211093e11,-0.0015571622103752543,0.06858189326774275,-16.21398658732507,0.08455059048422586,684.6510569488919,-5621.159898979205,-0.6996195292626436,2314.706495778077,400567.91464723274,-4.0429158097290737e6,53.913401575926734,-9039.137208884556,-566187.6811587849,-8.746931243529605e8,2.0914913753415303e9,0.30957718556412195,13799.67380074021,1.1303355154796733e8,-3.2577602543470826e9,2.8230492245572107e11,3.4668015471929054e10,-0.003756827527846989,-7.521940150019646,-2773.0297955239466,6.507438760503181e8,1.9644772679155243e11,-1.1095938132572206e11,6.74326346774815e12,-0.00019559882009676942,-0.00366746624388484,-1.45088808988412,0.5717638371454086,100.4131120553524,-8815.772582730602,-1.176646935687436,-5.072777587802585,763386.8709048762,1.4762778196655158e6,2.953775333344096,-2622.885315286813,1.9395089388892076e6,1.2411961949435079e8,7.451307731283196e9,0.7303345330443041,-86253.24472823727,-285474.8531062924,-1.6066881721284626e9,-1.7083959713776797e11,7.530951594260869e10,0.026517758857652333,300.95160516655466,7.520697048344886e6,2.5321002459871777e10,-5.0024438125917206e11,3.9168772841610305e13,1.6401102148279387e12,-0.0005885565559214609,3.459725043712951,5488.183675972189,7.403142308566934e6,8.517748034133772e10,-5.562091500599918e11,1.08370558698756e13,-3.6166955390654225e14
3.360555467026083e-9,2.175146019251798e-9,1.275978019030973e-7,-8.504485983570572e-10,3.9099524456620556e-10,8.769027732488307e-7,-1.0400323304587798e-10,4.6445786036306086e-7,-5.16349280426395e-6,1.5397927928292436e-11,-1.79076571268259e-9,-3.759333953595536e-7,-7.033965824190003e-10,2.621477688068116e-7,8.293919843020438e-5,-4.283452578993586e-11,-4.988006770495288e-8,3.962756442767098e-5,0.00011130856742755155,-6.705266953859716e-8,8.516206004248438e-11,-2.6839309289600763e-7,7.717171290154716e-11,-1.1473483508929407e-6,-4.3932653268313704e-5,2.5938200759875722e-11,-4.7376045689352705e-7,8.633555871706384e-5,0.0029822916301112524,-1.6223939890152059e-12,-6.424659810905012e-8,-6.780492446681398e-6,0.0013625550966152092,-0.0003519169387360295,-6.018960240930381e-11,2.667309117782578e-10,-6.070712323513056e-7,-2.7785891504399333e-10,3.307833103848119e-7,-0.00011323129180403986,-6.643678584245483e-11,2.6683498250075034e-8,-0.0003748136014825859,0.0009506500117211008,-4.820906874532754e-11,3.680432705262948e-8,-0.00016164236616323936,0.019621013256016354,0.020262759526201213,7.075191032538857e-13,-2.052934743316315e-9,-2.1630113511469583e-5,-4.7149743028120014e-5,0.015323580330167258,-0.06948047025735664,1.4206581879872254e-12,6.063866177181279e-8,-9.679448633779319e-9,1.2740283953856288e-10,2.8293670962835317e-8,0.0008324992357631848,-1.3143622975873903e-11,-8.077981739124268e-8,0.00016185428795352014,-0.027971639438000732,1.5126342646002524e-11,6.719114088143187e-9,-1.4490359848267071e-5,-0.08333065490376723,0.3095771855641273,6.896555610865944e-13,-3.182912476169241e-8,2.1634096525737215e-5,-0.03768776762042183,3.606225200957822,0.5873914424062487,-3.984704329939642e-14,-3.9218983840452334e-11,-6.245497627876683e-7,-0.002780129405196659,0.06858189326773505,0.655638577273036,3.7374993085982275,-1.0545637897182416e-14,1.8796468723130176e-11,7.195223710120537e-10,-4.744483156344363e-10,1.862666880537943e-5,-8.567450003110576e-7,-6.240884600543459e-12,4.223926018147985e-9,-0.00012384662618408545,0.09698563755231963,-4.190955854899513e-11,-1.8529957800924355e-8,6.342064826407264e-5,0.05164400326469009,-1.7502984460511877,2.278978928815414e-11,1.4235891076283871e-8,4.35532174847228e-5,-0.016194430707764586,-14.382694385339203,32.90926605077925,-1.0882414348891973e-12,2.401823210940519e-9,-6.720491274501405e-7,0.007455181234036885,-6.827565519586401,589.3260461666089,155.03685827001763,4.74929172536734e-15,-6.856293161539549e-11,-2.6872288405420457e-7,-3.104188880368278e-5,-0.015560320577731844,5.67500882992078,65.90827483226782,-159.43994351569887
0.00017740236956598627,3.7676632608610383e-6,-0.00015235228617202525,-2.4526478379602223e-5,-3.912882811539078e-6,0.03043244291118561,-2.50364159067266e-6,0.003980424372913733,0.026885516319692573,-0.0009566977931909247,-4.7841394030954334e-5,-0.006924014811106504,-9.557455516116583e-6,0.0007128403755409165,2.0156340748176484,5.78036434633888e-7,-0.0012674189073549906,0.5219922913068314,-2.775445339330974,1.5324351813592726e-7,8.00599666932941e-6,-0.11387571558587613,2.3705579786217104e-6,-0.03321054847290736,-0.5888709878163841,1.3660982178427947e-7,-0.0055593885242139224,0.7776406145144803,39.202095684152965,1.915619454292811e-8,-0.00048626747815288244,-0.20536559226549506,24.92194279235418,173.79820936665834,-8.25199903346193e-9,0.0003949390120569279,0.0002931733054116981,-2.5287504514318523e-6,0.007460972281614244,22.47434053524495,-2.399484577602303e-6,0.00217716945987219,-11.482101686227157,54.86567816456945,-1.0363341573200743e-6,0.00047707485139601274,-1.6535036487238264,253.50969872969236,358.50514826447017,1.4943959184277002e-8,-2.180780738013306e-5,-0.311930858477336,-10.701033340196222,174.27996432436518,-8697.146323619358,4.7730876224846415e-9,2.8293670962827942e-8,3.531010959138558e-5,1.304436553775848e-6,0.28754662555246274,0.07195972448643506,-7.634530684814556e-8,0.004117289849559209,3.9243576884812006,6104.362689203507,5.069743854957534e-7,-0.0016995722270388791,0.8000865690205398,-2728.148297448909,13799.673800740144,-3.182912476168544e-8,-0.001127474757167385,0.3469567522962694,-325.00292666168036,56791.347617055624,72376.76691889905,-6.479416698503459e-10,6.912733993539286e-6,-0.014793134837992659,-63.734757149149736,684.6510569489127,-6134.919356761441,393785.15474913036,-3.256593153992231e-11,3.656115576264006e-8,4.772248855435327e-6,-3.827002221522902e-5,-0.0004245108580048528,0.024463717027690582,-1.007014089571228e-6,0.00034078012634453775,103.23392702121494,-3.9838205472888824,-1.5352536929505163e-7,-0.0004760601091144753,5.684399343906619,1259.4993558925908,583746.3889282926,1.2622171030800356e-7,0.0005164865331322012,-0.5388030667988573,117.45223598091495,-508222.20963616663,664599.4708229263,-1.6769704163751482e-8,-8.882134045124122e-6,-0.47117447579142135,132.71158423358924,-47655.10757778669,1.0657276546379339e7,3.864189762949855e6,2.0191990885909845e-10,-1.5234927088850439e-6,-0.0008610622213602656,-3.0197679774523567,-5019.238567205439,106010.97566438839,838281.0052478254,-1.6652320994382089e7
-0.07458215651360105,0.02167949820447981,-12.53444969638517,-2.4889298220100504,-0.07330328174720592,-3.7188150811554332,0.00025518593007796994,3.219108425063647,453.14684974392304,-0.0050597454064230775,-0.010745763107722333,-385.0761950574235,-0.0030092552362604654,-28.29109984159444,351.4222886801695,-0.0008001372440281873,-0.10788120802007212,186.29348962659117,-13830.37523293955,-0.00011717691257869919,0.8554662592328103,-1.24753438554651,0.002660268397213685,-5.045246384170512,-13327.636463728886,-7.836429847815731e-5,-2.383192768861326,-5855.593259551232,41171.482002150944,-1.3132285488149889e-5,-0.44347972761404775,-16.256160851041127,2678.9628360356924,520792.62650716794,-1.2547429463344043e-5,0.002644048345214274,-0.08092234966204867,-0.0018048314690228182,454.5836144835084,334.4256126630531,0.00043524136375744295,7.908853426363706,-1141.0361007823428,1.1187640339332214e6,0.00012854305639695162,0.04793912518680516,-914.4754533046464,-871022.9747362001,-58391.60506475971,-4.37516876941088e-6,-0.010483639341594684,-65.38904663836595,1516.9471539965748,60251.55095599177,-2.146497133379796e7,-3.894843320251993e-6,0.00016185428795352063,-0.00017259375432699252,-0.08823028392702002,3.9243576884812583,-23.031640469652526,0.00136445537152897,-0.8968525328856057,132304.48103379627,156501.38179966246,0.0001598642193181346,0.8375169563172882,5356.793405506691,-146398.62813444858,1.1303355154796693e8,2.1634096525734583e-5,0.34695675229628076,57.89995215007225,-238832.12441888574,-1.0732909719880462e8,-5.199315690126314e7,-5.701793392939998e-7,-0.006118810500793216,-1.782852583560974,4737.234291665962,400567.91464725137,1.0741622606255166e7,5.877952742912716e8,-1.9470813622258587e-7,1.7053045242997134e-5,-0.0015689020029379546,0.00011849892550245187,0.13219336516280544,4.292028215331768,-0.0001652678064782927,-143.9923145618131,2239.4735397940344,-3606.9627325681295,-0.0002425965081638103,-0.09149572800894816,-403.86786065032993,2.7228032430239797e7,2.3821628267262056e7,0.00012228285637720565,0.20466129950673864,659.7041235825798,2.097678937942634e6,-6.625557732007349e6,3.843323122476854e8,3.6385822390711193e-6,0.03045545438330779,279.8368885122568,21616.14349645964,-4.802582679280794e7,-1.1887973033276695e10,9.225095169409568e8,-1.0127541650650577e-7,-0.0005555086251032935,-2.343057353926177,219.98245466989428,2.553254200476395e6,1.739844026534419e7,3.8128362189669615e8,1.099223351953956e10
-2846.596137965623,-25.85625955332877,1628.820306742038,-1.6936656697502055,22.841295056681435,-260842.55110101725,1.0296855555660558,-5090.8076229851795,34378.57205499505,4.130872653214332,702.5479272315548,-2632.776224203089,6.228794233910582,9282.872232862173,-1.0043609693065934e7,0.8692876822176917,94.86457200021063,-342374.7410084518,-776561.3324248827,0.06886881233247259,-1.362121087764241,1267.396207413244,1.8973523982972584,314781.0653798538,-686150.7469903828,-0.696764610220378,3883.3761043474015,2.124149153013796e6,-3.0289758813071694e7,0.03336162996232535,483.6535509942168,-44560.219054146495,-6.350032946418938e6,-1.2530543721310647e8,0.012341889648230202,-1.8313038821703431,14.26455642373078,-37.6408965936539,-784.5395819522877,-89374.69449463434,-0.9705603602132326,418.43181498281115,8.254102066354558e7,-7.719780694748738e7,-0.08411925744446547,-600.5052045362826,1.2701752676902008e6,3.760925089846977e8,-6.979530100862032e9,0.003379964695569827,17.257722907513386,70895.28700703573,-1.0570113993257036e7,2.399394172168099e6,9.18403212737634e9,0.0006855621439157199,-0.08333065490376619,11.84481927303788,0.9538319407651745,-2728.1482974489127,-8980.575983875004,-0.8126895212198694,-72104.46569938945,-146398.62813445617,-9.160622497133939e7,0.27349517570079035,-1511.5455313107134,-192355.65068828154,1.5917279145968815e10,-3.2577602543470507e9,-0.03768776762042211,-325.0029266616882,-238832.12441888207,2.9119027409108806e8,6.1400052701773384e10,-3.004347922504736e11,0.0005407305157556796,5.765906096791858,1254.6639747988359,-5.648471857333491e6,-8.746931243529643e8,-1.310542605314193e10,-3.10873240907339e11,0.00021231000062488264,-0.01031275729851251,-0.2832600397649211,-0.37228988139881525,-86.68530332487741,3111.617896447282,3.839460682519343,1409.616489331875,-1.6751551570979932e6,-4.034290602256153e6,0.07882323660008783,-1013.6701216397222,-5.0562724416730165e7,2.303072045666498e7,-1.628773214808628e10,-0.1496950982546488,419.94127343630527,-979972.9521688431,-1.442531912227775e8,2.5044853412676973e12,1.05834232925704e11,-0.0012568568758503013,-43.90186927994857,-283468.984742777,-5.976036486523173e7,5.328538484098255e10,9.974423833308338e12,-1.6038292584583473e13,7.33406176293212e-5,0.20797140872060657,2503.8190544430363,-840324.2421661491,-2.9343926757534146e9,-1.6896562322752846e10,-9.16202001514816e11,2.7902369708406943e12
69.23679203894129,69.23679203894129,7.71859199986832e7,416.5414485978197,545214.3285269411,-252317.61457037387,416.5414485978197,-252317.61457037387,-1.0520025488449521e8,-72.47712120828949,2106.1643527495194,432278.062367704,2106.1643527495194,1.8484855452027598e8,-3.571374299982417e7,-72.47712120828949,432278.062367704,-3.571374299982417e7,-1.359689077699701e11,-1.9880205790007406,-198.2621239306192,-4277.519459298818,-23065.719125130374,1.1872830636490677e6,9.585954817639263e7,-198.2621239306192,1.1872830636490677e6,3.917319644302365e10,-1.3728323828627756e9,-1.9880205790007406,-4277.519459298818,9.585954817639263e7,-1.3728323828627756e9,9.623214854716748e12,-0.16976169420572634,52.28074542269374,-2333.3315905403083,-72.50936340003943,-196941.21376947925,8.440162048197994e6,-72.50936340003943,-3.6379767992504634e7,3.322187280321249e8,8.901545700001144e9,52.28074542269374,-196941.21376947925,3.322187280321249e8,6.233862996377184e12,2.6729713120139595e10,-0.16976169420572634,-2333.3315905403083,8.440162048197994e6,8.901545700001144e9,2.6729713120139595e10,-4.925569037880659e14,-0.1212096738003776,3.6062252009577773,156.7368652836919,-225.5963296323393,56791.34761705512,-1.0114026129708558e6,-1335.1733155837042,-277389.4434771645,-1.0732909719880399e8,2.518911994225686e9,-225.5963296323393,-277389.4434771645,-2.395229206900802e10,6.140005270177353e10,2.823049224557195e11,3.6062252009577773,56791.34761705512,-1.0732909719880399e8,6.140005270177353e10,8.364919349568652e14,1.7265427693306492e12,-0.1212096738003776,156.7368652836919,-1.0114026129708558e6,2.518911994225686e9,2.823049224557195e11,1.7265427693306492e12,2.271528898630869e16,-0.007594958751599546,0.32783020242918287,-44.65150098339082,-4.802411279714402,2208.3211214414036,169954.5521934076,17.800565878027495,-247352.47413756663,2.7153333487694707e7,-2.498208027870409e8,17.800565878027495,2.7802571006025104e6,-2.2393354171466613e8,-3.680715525735238e10,2.974788930783193e11,-4.802411279714402,-247352.47413756663,-2.2393354171466613e8,-1.0143108134615045e13,8.575272982759901e12,-8.495393271237262e12,0.32783020242918287,2208.3211214414036,2.7153333487694707e7,-3.680715525735238e10,8.575272982759901e12,9.962709021353373e16,-7.021298868352256e13,-0.007594958751599546,-44.65150098339082,169954.5521934076,-2.498208027870409e8,2.974788930783193e11,-8.495393271237262e12,-7.021298868352256e13,-1.0171574234974734e18
-5174.744372240999,-663960.52170745,-243375.57752616625,-60.548082062687456,-1980.87799576118,904436.760249567,716.3495716558049,6.184653761519436e7,4.711239842109429e6,-20.62446124797725,637.7793040343772,-19811.79438685912,122361.98281297687,-36834.40014897977,-1.4999696023338657e7,98.5143900024612,149866.21528034157,-1.7966832736897564e9,-2.9728084454165274e8,-0.7586846362847746,17.22140447148457,-21284.80800071514,327.91087983186185,-126427.9709712027,-1.5791887294654616e6,25.766690792187326,-979673.3366737841,1.0968587364177978e7,2.322000966458053e9,-0.22695077786258783,50349.31633451569,1.498174433255822e7,1.5011436548856427e11,1.1403008010773716e10,0.13809535570918138,-11.914166824594721,-836.0224621904895,11.894684952163136,20779.899479712873,-6.5176171846559895e6,-37370.00207823614,98948.57646231558,-5.798894915775225e7,1.4369232034903207e8,113.3227881206787,-112344.84322529836,-1.7628699250573725e8,7.503537632163705e9,-7.805589319578813e10,-0.4922116958722145,1211.301508684827,1.7342793692767937e7,1.3565024868332672e9,-1.1066654824499188e13,-1.6591613730538977e11,-0.02241000864999001,0.6556385772728419,-46.60197870035807,1.2301521853690316,-6134.919356761667,-245300.583600267,-59.81290040664542,-5105.806261221485,1.0741622606255524e7,-7.327459167530774e8,-75.28634652731562,-8.705722674635481e6,2.1840472599667728e7,-1.3105426053141708e10,3.466801547192807e10,0.5873914424059956,72376.76691889936,-5.199315690126288e7,-3.004347922504706e11,1.7265427693306306e12,4.4768366761594e12,0.020003732061054914,-197.18414132783158,672404.563105148,4.2192331339633584e9,-1.1095938132571614e11,7.367424117644418e14,-4.7285834714093945e13,0.00047015469158788177,-0.22796600204694187,-22.72189744154725,6.679360397932281,1170.5802057680546,-77471.52327756955,-16.79443883876316,-2021.8222556000765,1.777253839557216e6,-1.6492542989980059e7,10002.028066358034,-29728.275495207632,1.0755510404707732e7,3.3815337678040957e9,1.5735783375386015e10,-13.238619394353373,-14385.488941381067,-1.791092870786519e9,7.687852194961909e8,-2.3601254171091025e12,2.0795698248014907e12,0.5731591710083215,-213.371582088763,3.3237354963337675e7,-1.8383204500707085e10,-4.845613029743687e13,3.3424587823596944e14,-1.1820812699855038e14,-0.006369723172873447,45.09565691150785,45652.66380769971,1.2670295676869497e8,3.5299128945746136e11,-9.927742737394406e12,-4.127768630042665e16,6.228318117091383e15
1.2978902731069028e-11,-4.652619259398062e-11,-5.830527539592696e-9,2.3294450291101548e-11,-2.239675723838377e-11,-4.9123908692774004e-9,2.2433927272100987e-12,-7.491583752996881e-9,2.1815172620290652e-7,-6.383990893993977e-12,2.2072966712667503e-11,1.036929699212087e-8,7.117656133919736e-12,-1.2941209245808613e-8,-8.195181319896491e-7,2.1996251906809792e-12,8.565375402212207e-10,-4.714195245915532e-7,-2.636812595889295e-6,-2.1317899081786834e-12,-6.730091513163728e-12,-3.876465027125967e-10,-2.5359335874538553e-12,1.252615921825685e-8,1.4868667853345274e-6,-9.63159298686719e-13,5.474780529380475e-9,-3.771783887434472e-6,-4.0107494921814476e-5,2.7827241256105695e-14,1.4379959075804073e-9,7.105119115720696e-8,-9.420548510821114e-6,-0.0001752274255241193,-2.2046429087359407e-12,3.6076395767350856e-12,-1.4066746467998718e-10,4.485920516124532e-12,-7.550403130726004e-9,8.408472859264134e-7,-8.426149633719579e-13,1.450436524926515e-10,3.623772344288625e-6,6.824951215941235e-5,-8.190055114592312e-15,-1.1188751817780934e-9,2.080197870768831e-6,-0.0007592666116702928,-4.992637862568376e-6,7.690077039609703e-15,2.041748582596971e-11,2.759270378349255e-7,-7.509688819269456e-6,-0.00016432972137860234,0.01576530430479715,3.3681106955220216e-10,1.4206581879858122e-12,2.7345826219940173e-9,-2.936744384447334e-12,4.7730876224844745e-9,8.337626688294185e-9,6.619292125628938e-13,2.6066525036817704e-9,-3.894843320252275e-6,0.00025920562088898664,-3.409480115310064e-13,-1.6590219838805175e-9,1.4510481619150885e-6,0.0006855621439157362,-0.0037568275278465424,-3.9847043298761515e-14,-6.479416698495208e-10,-5.701793392934135e-7,0.0005407305157557063,-0.12120967380037859,0.02000373206104176,2.1562955036445216e-15,1.6488970719470445e-11,1.080430106321818e-9,2.57535036362132e-6,-0.00155716221037555,-0.02241000864999609,-0.9233107090229598,1.2314950072602731e-13,2.873856434818283e-12,4.8584153210939016e-8,4.0483776810106797e-13,3.890448324298027e-10,1.8216909483665038e-7,-7.806418122223949e-13,-1.6730220051414163e-9,2.540651740851089e-6,9.005154913809461e-6,8.478209711144909e-13,9.175895784835954e-10,4.3299105118231443e-7,-0.0012480585792599224,0.030654401589220063,-4.686564166470826e-13,-1.754827871753655e-10,-1.3377174898010856e-6,0.0010219390349332398,0.09559892317733723,-0.46869193776532825,-8.707922470142745e-16,-7.103521970673106e-11,-6.787819836570762e-7,-0.00017522915822996168,0.10866553177128373,-16.639741634497835,-1.682571271017528,-1.8749703102706621e-16,1.9242295879465458e-12,8.919175907459963e-9,-1.7284316125464688e-6,-0.006346900148832455,-0.06597706415882998,-0.8501612472254455,51.15007255849794
-6.285652849050694e-7,-2.612268494819096e-7,3.7026755944536725e-5,-3.092083919410631e-8,2.2078281773705689e-7,-0.00013402750739077878,4.1561822288666434e-8,-6.387797467019034e-5,-0.0013329104406895331,9.270003270298385e-9,2.193520749887999e-7,8.949467528485102e-6,1.270570557222802e-7,8.284661206264305e-5,-0.011097372888362855,2.7624686342268517e-9,1.3859201127695335e-5,-0.005982408591158716,0.0415439206212603,1.2150396118951449e-8,1.4101349255100728e-8,3.266156546859613e-5,-1.3078521881735825e-8,0.00014857442743987874,0.003531246781378052,-9.263292098668944e-9,8.08643348353812e-5,0.016039843377005307,-0.34540923013403957,5.5870743345166184e-11,8.9736314865234e-6,0.001386516692033328,-0.2210539661929122,-1.2936463655956318,8.773364356058734e-7,4.0079388474936875e-8,1.4228708776762743e-5,2.340420178266796e-8,6.866177527992153e-6,0.014040943438103996,1.912694882867176e-8,-2.8487449320477394e-5,0.050774349460709994,0.303706527899635,7.691207740995244e-9,-1.1671287291082675e-5,0.026171454970601266,2.0263816299747615,-2.434048202520587,-1.1595699158295049e-10,4.02088546085278e-7,0.0035934342574075514,-0.02934374060267485,-2.103214081191096,36.295636705242856,2.734582621994004e-9,-9.679448633780044e-9,0.0007449015253025236,-8.940965425647747e-9,3.5310109591384374e-5,0.0005096429697219252,-3.459243992028422e-9,-2.0772782014600473e-6,-0.00017259375432667083,2.089302515247057,-2.71489136738544e-9,5.398984191295953e-6,-0.01860546955298183,11.84481927303811,-7.521940150020332,-3.9218983839792696e-11,6.912733993537454e-6,-0.006118810500793458,5.765906096792028,156.73686528368614,-197.18414132780973,1.6488970719431e-11,-3.938538485829593e-8,0.00018866182479670106,0.5630972795568151,-16.21398658732496,-46.60197870037426,-20.566737238215413,1.5798959574375921e-12,-2.579730102836868e-7,4.2822372345800655e-7,-1.4909559774261502e-8,-1.827635935704851e-5,0.08183139219969832,7.596689676153315e-9,-1.613579707339974e-5,0.007313026831534886,-0.0010585143960164707,1.5897513716509734e-9,8.452949948812442e-7,-0.01501866097306562,-0.8770462964901021,48.59011988759811,-1.832251521216232e-9,-5.064199114182896e-7,-0.00432890209420384,-7.274117117327678,2151.1911793259746,-2192.1826613918865,1.3247707162493763e-10,-3.1498458412437576e-7,0.00173519449945261,-1.9518678545568426,984.8865746521592,-2981.5857798280417,-19835.391585146685,-1.1336071175816191e-12,2.1792246873735674e-8,1.5254635787262986e-5,0.03128550102750782,24.189241032165416,-1116.8753556080926,-10290.886193874812,-116682.0675385988
0.0011819594180084425,-0.0003370735738144758,-0.08918851458157227,0.0001846458877013806,-0.0004237587303083893,0.13348645272340334,-3.287412189673259e-6,-0.029503494934680047,3.6194232940754807,-0.00021872741791542432,-3.265393995518285e-5,0.07154486711290291,-3.7297281182608276e-5,-0.18745389208850388,3.871410236644651,2.2533099625652013e-5,-0.00417176029769275,0.2981209842735646,-95.56256604844388,-0.001016965608222512,-3.550911208428432e-5,-0.10646729765485013,4.693466439875517e-6,-0.056873325649084,9.259143903846407,-8.047521575638624e-6,-0.010573420759615424,-44.65128300824812,-158.046654162819,4.522119891049979e-7,0.007016519368528714,-1.186152400158912,118.05181342619927,1614.350491990075,-5.320488799474718e-6,6.750753412545857e-5,0.31792300417235075,3.6896229812285914e-5,-0.04650065283620477,-14.062835962648776,-2.949227747763593e-5,0.040314714746319494,-28.680191728244132,507.59118399913075,-8.619863117917412e-6,-0.005648782142627505,0.7259119999522656,-7551.9658438734805,1492.6361202693088,1.5501025184323302e-7,-5.9274298248207966e-5,-0.6147040581526666,-143.7031532608157,176.11435323841994,5913.958613371994,8.33762668829642e-9,0.0008324992357631831,0.0005096429697218934,-2.053615623461981e-5,0.07195972448643569,102.797177581502,7.699973065309376e-6,0.05156194116424684,-23.031640469652196,1491.7806354781253,2.0471668723276986e-6,-0.02724100642869027,34.249881642594325,-8980.575983874784,-2773.0297955238552,-6.245497627872429e-7,-0.014793134837993077,-1.7828525835611218,1254.66397479899,-1.0114026129708533e6,672404.5631051487,1.0804301063182239e-9,0.0001886618247967259,-0.14857271424189136,-556.6118588403089,-5621.159898979829,-245300.58360024737,-3.5629937578399233e6,5.9356449501151985e-9,2.0397497445422093e-6,-0.0001079862242264363,1.4999679920529817e-5,0.09114598066205908,0.5495178132430703,-1.972443214969085e-5,-0.005738309899988602,57.66353381173291,7737.717809647639,8.158743311320247e-6,0.0027183104291208272,36.30963317478706,-7396.63284366664,694050.8320243115,-3.0209540947009944e-6,0.003624078123075396,-13.750311871666844,16211.423229740645,-2.0585671977720559e6,-2.1490373396006105e6,-1.0430352070182492e-7,-0.0006366557388501121,-9.495464380494141,-302.4132982483295,429269.02554687456,-1.1070503167898418e8,4.723907738620053e6,3.1434499922524166e-9,-4.978313082962302e-6,0.06394729999831629,-47.03312393656575,-96899.71846732209,424113.3668615541,22434.62800855729,3.6862161590488225e8
8.383892952258607,-0.6558578801721976,45.4832829629913,-0.8362718377658434,0.26316302930458024,1135.8140544914233,-0.0612467174343383,32.497993773106224,-523.5637827810937,-13.033580662566902,-1.208350357394339,-100.8164996876623,-0.3079802059097027,169.6564206713542,55264.38254450829,0.06512003160759984,-45.659728683088275,13934.513217329883,-22751.33170211873,0.026130922419908414,0.35439965624075065,498.9361617605288,0.08108114252769252,-945.0415936820532,27990.239365662987,-0.01775391482722195,-158.59109910757945,55437.24979520964,201341.90127471476,0.001947660248582468,1.6309462593108575,-9607.482774334934,922744.9316634573,973600.6398560163,0.0006107492255793903,7.336961597844619,14.231563116560794,0.06529408887100382,361.64288306268645,1.1031028859151215e6,-0.1272602748220686,49.26569607647137,-355083.36145470664,7.885929798027701e6,-0.04894247841611944,-2.716685537114229,-39820.486926774734,1.2942421199058888e7,1.578818673475334e7,0.0007773258079124591,-0.24374455563128145,-9997.891295674983,-804585.9533316834,5.643330260054117e6,-3.1689984059155215e7,0.0002592056208889825,-0.027971639438000396,2.0893025152470504,-0.04308880167121241,6104.362689203449,1491.7806354781133,-0.01408753787575216,271.9544616610976,156501.38179966257,2.074141996582854e8,0.024737387085663493,-106.50738353454366,9937.6646049775,-9.160622497133867e7,6.50743876050306e8,-0.0027801294051969967,-63.7347571491493,4737.234291665863,-5.6484718573336e6,2.5189119942256956e9,4.2192331339632955e9,2.575350363615759e-6,0.5630972795568183,-556.6118588403205,-2.9603350457527605e6,-4.042915809728585e6,-7.32745916753072e8,3.2729078189690814e9,1.5526559333423867e-5,0.0003213144525179459,0.15795000330477768,-0.6012064868139075,-35.083909100439804,1069.2575771119828,-0.08650939686111253,-165.33377804899362,2.1711583747351514e6,-615310.0016555212,0.006692893744876965,-22.781623402013924,257978.73795407917,3.841218202284293e7,1.435505741059529e10,-0.0014160469933784884,30.686714427713614,-45738.10138983432,-2.2090332541607977e6,-1.838390153376638e10,7.287018761549442e9,-0.0007649471609075042,-2.1925542479967945,-33382.50663555029,2.948201795638515e6,-3.3706450704248095e8,4.452732495139467e11,7.851831453441254e10,1.246537579275583e-5,-0.04469735174210092,84.4108474336309,-156304.15636603013,-3.450158071946128e8,3.807455981918945e9,1.9467559452003498e10,-3.2933889629406616e11
-73.72641048719174,74.5766734743763,11923.901183806574,-1199.7627544871164,25.673937892607658,19279.09419737606,-1.1135622805990346,12873.736181038388,-335388.05486072385,-16.98216307997819,-87.61330771019314,-415152.399399755,-12.799868599731854,20544.48433835173,3.8202386802196167e6,-2.598763747501888,-275.37624573920033,873111.100442519,-1.1815496072218439e7,-0.34205252632932637,296.8429358749356,-899.8491836677712,10.47483764946708,-52291.4484141878,-7.62898350180413e6,0.510105203177909,-9427.889082055748,7.496923267221772e6,1.778092088294775e8,-0.05906746311766571,-1701.510399408207,37367.544159399076,2.0725372903345343e7,1.7977486315380087e9,-0.027320288272857398,11.079708566419898,-194.9296410873387,-17.13015749456612,349202.4082067795,2.0602211398857594e6,0.9685004182373312,5297.07772678463,-1.6206111105567982e7,1.4000044554094472e9,-0.07106386822178232,741.4974098474157,-3.469023316547628e6,1.6917141474391377e9,1.4739942176281613e8,-0.0038520901621802656,-40.872558592228906,-330204.2564301843,1.7954263219194293e7,2.899723488962654e8,-1.2168200330211093e11,-0.003756827527846989,0.30957718556412195,-7.521940150019646,53.913401575926734,13799.67380074021,-2773.0297955239466,-0.6996195292626436,-9039.137208884556,1.1303355154796733e8,6.507438760503181e8,0.08455059048422586,2314.706495778077,-566187.6811587849,-3.2577602543470826e9,1.9644772679155243e11,0.06858189326774275,684.6510569488919,400567.91464723274,-8.746931243529605e8,2.8230492245572107e11,-1.1095938132572206e11,-0.0015571622103752543,-16.21398658732507,-5621.159898979205,-4.0429158097290737e6,2.0914913753415303e9,3.4668015471929054e10,6.74326346774815e12,-0.0005885565559214609,0.026517758857652333,3.459725043712951,0.7303345330443041,300.95160516655466,5488.183675972189,2.953775333344096,-86253.24472823727,7.520697048344886e6,7.403142308566934e6,-1.176646935687436,-2622.885315286813,-285474.8531062924,2.5321002459871777e10,8.517748034133772e10,0.5717638371454086,-5.072777587802585,1.9395089388892076e6,-1.6066881721284626e9,-5.0024438125917206e11,-5.562091500599918e11,-0.00366746624388484,100.4131120553524,763386.8709048762,1.2411961949435079e8,-1.7083959713776797e11,3.9168772841610305e13,1.08370558698756e13,-0.00019559882009676942,-1.45088808988412,-8815.772582730602,1.4762778196655158e6,7.451307731283196e9,7.530951594260869e10,1.6401102148279387e12,-3.6166955390654225e14
-663960.52170745,-5174.744372240999,-243375.57752616625,716.3495716558049,-1980.87799576118,6.184653761519436e7,-60.548082062687456,904436.760249567,4.711239842109429e6,98.5143900024612,122361.98281297687,149866.21528034157,637.7793040343772,-36834.40014897977,-1.7966832736897564e9,-20.62446124797725,-19811.79438685912,-1.4999696023338657e7,-2.9728084454165274e8,-0.22695077786258783,25.766690792187326,50349.31633451569,327.91087983186185,-979673.3366737841,1.498174433255822e7,17.22140447148457,-126427.9709712027,1.0968587364177978e7,1.5011436548856427e11,-0.7586846362847746,-21284.80800071514,-1.5791887294654616e6,2.322000966458053e9,1.1403008010773716e10,-0.4922116958722145,113.3227881206787,1211.301508684827,-37370.00207823614,-112344.84322529836,1.7342793692767937e7,11.894684952163136,98948.57646231558,-1.7628699250573725e8,1.3565024868332672e9,-11.914166824594721,20779.899479712873,-5.798894915775225e7,7.503537632163705e9,-1.1066654824499188e13,0.13809535570918138,-836.0224621904895,-6.5176171846559895e6,1.4369232034903207e8,-7.805589319578813e10,-1.6591613730538977e11,0.020003732061054914,0.5873914424059956,-197.18414132783158,-75.28634652731562,72376.76691889936,672404.563105148,-59.81290040664542,-8.705722674635481e6,-5.199315690126288e7,4.2192331339633584e9,1.2301521853690316,-5105.806261221485,2.1840472599667728e7,-3.004347922504706e11,-1.1095938132571614e11,0.6556385772728419,-6134.919356761667,1.0741622606255524e7,-1.3105426053141708e10,1.7265427693306306e12,7.367424117644418e14,-0.02241000864999001,-46.60197870035807,-245300.583600267,-7.327459167530774e8,3.466801547192807e10,4.4768366761594e12,-4.7285834714093945e13,-0.006369723172873447,0.5731591710083215,45.09565691150785,-13.238619394353373,-213.371582088763,45652.66380769971,10002.028066358034,-14385.488941381067,3.3237354963337675e7,1.2670295676869497e8,-16.79443883876316,-29728.275495207632,-1.791092870786519e9,-1.8383204500707085e10,3.5299128945746136e11,6.679360397932281,-2021.8222556000765,1.0755510404707732e7,7.687852194961909e8,-4.845613029743687e13,-9.927742737394406e12,-0.22796600204694187,1170.5802057680546,1.777253839557216e6,3.3815337678040957e9,-2.3601254171091025e12,3.3424587823596944e14,-4.127768630042665e16,0.00047015469158788177,-22.72189744154725,-77471.52327756955,-1.6492542989980059e7,1.5735783375386015e10,2.0795698248014907e12,-1.1820812699855038e14,6.228318117091383e15
446754.2262063007,446754.2262063007,2.7765935252200766e9,-250271.85633966236,1.7162851247297544e7,1.295778287525629e7,-250271.85633966236,1.295778287525629e7,8.747950885466837e10,-652.074442351503,-28674.28399226965,1.0722837148467677e7,-28674.28399226965,6.0047774117614355e9,8.238400957893519e8,-652.074442351503,1.0722837148467677e7,8.238400957893519e8,-1.5707813537503652e13,21.354668981862417,17926.880927575265,-291458.0605670361,-1.217168393073923e6,-200880.0623317892,7.18808074458367e8,17926.880927575265,-200880.0623317892,1.1808193651337493e12,-3.646311317604043e10,21.354668981862417,-291458.0605670361,7.18808074458367e8,-3.646311317604043e10,1.1468179226359092e15,-3.744541773001446,372.6904930993481,7244.631860481721,2912.341735576268,5.047520103829486e6,-3.095252085456954e7,2912.341735576268,-1.5378394698954499e9,-1.44872971367548e9,9.371498638460214e10,372.6904930993481,5.047520103829486e6,-1.44872971367548e9,1.817273955073364e14,2.002827509288455e12,-3.744541773001446,7244.631860481721,-3.095252085456954e7,9.371498638460214e10,2.002827509288455e12,-6.647122313990164e16,-0.923310709022006,3.7374993085911785,-20.566737238392598,-919.4158918144387,393785.15474912233,-3.5629937578401603e6,89660.95809249788,-5.488020387408024e6,5.87795274291253e8,3.272907818968967e9,-919.4158918144387,-5.488020387408024e6,-7.932293537364093e11,-3.108732409073398e11,6.743263467748145e12,3.7374993085911785,393785.15474912233,5.87795274291253e8,-3.108732409073398e11,2.271528898630876e16,-4.7285834714099016e13,-0.923310709022006,-20.566737238392598,-3.5629937578401603e6,3.272907818968967e9,6.743263467748145e12,-4.7285834714099016e13,3.435901829251329e18,-0.07112881324765867,5.12764062638497,-1097.73002155138,-14.550825927643809,-11672.74762303537,1.381701915345723e6,273.8483905703952,-3.604153827866633e6,2.0699505736069533e8,-2.6314847665486164e9,273.8483905703952,3.0549962321339166e8,-1.4622167075063283e9,7.213492990651936e10,1.1495895315252317e12,-14.550825927643809,-3.604153827866633e6,-1.4622167075063283e9,-3.005958642322049e14,-6.146655233519268e13,-8.446814974799423e13,5.12764062638497,-11672.74762303537,2.0699505736069533e8,7.213492990651936e10,-6.146655233519268e13,2.5505723807716813e18,2.947394471158132e15,-0.07112881324765867,-1097.73002155138,1.381701915345723e6,-2.6314847665486164e9,1.1495895315252317e12,-8.446814974799423e13,2.947394471158132e15,-1.619943475865892e20
-1.7852431962255696e-12,-1.516606728196559e-11,-4.0172304441532823e-11,7.223312755657385e-13,2.436836195393579e-13,-7.559433131235429e-10,8.299920981179052e-13,-2.4020233834024504e-9,-1.5709563751746813e-9,-1.0076117043171078e-13,1.8751569297894934e-12,2.961294893297283e-10,3.38255902303612e-12,-2.1036783091475512e-10,-8.67835942013324e-8,8.603218304857151e-13,3.500826152911728e-10,-1.5279613288867157e-7,4.077588678168659e-7,-4.518867990512752e-15,-1.265252449381516e-13,1.0592190140329418e-10,-3.624450106457728e-13,1.1434746471639757e-9,4.008940212351963e-8,-3.2951963774962854e-13,2.433731721563739e-9,-1.2710414075447464e-7,-3.7745982382854e-6,3.3981516166121336e-14,7.792262090089326e-10,3.743178895862513e-8,-3.0512148082319147e-6,-2.9722609576621667e-5,-1.7441547001872189e-15,1.8588208407853487e-13,3.156143302946596e-12,4.1157903133827775e-13,-1.7608087252351414e-10,6.301672972060936e-8,1.0107721133401421e-13,-3.0344610930849786e-10,3.5323312317428946e-7,1.3982347980957004e-6,2.3198239788944676e-13,-3.7346171986853906e-10,8.670837507247348e-7,-3.651584594740566e-5,-2.602803075549666e-5,-4.888919357545907e-14,3.097743081353928e-11,2.0204606383343166e-7,-1.7291441693882366e-6,-5.048495554089805e-5,0.0015774888184358904,-1.8749703101519388e-16,4.749291725347452e-15,-1.1336071175736918e-12,-9.490389918642525e-14,2.0191990885916028e-10,3.143449992253664e-9,3.0132246162290385e-14,2.2242531565525838e-10,-1.0127541650654726e-7,1.2465375792757349e-5,-1.0811878917286938e-13,-3.7707473000197257e-10,-1.0178203837948231e-7,7.334061762934053e-5,-0.00019559882009677573,-1.0545637897028376e-14,-3.2565931539865844e-11,-1.9470813622266497e-7,0.00021231000062485328,-0.007594958751599741,0.00047015469158836153,1.2314950072600548e-13,1.57989595742986e-12,5.935644950115054e-9,1.5526559333424812e-5,-0.0005885565559214277,-0.006369723172879009,-0.07112881324770211,-1.8503075668960473e-16,2.2061408536216642e-15,3.973549206473182e-13,-1.8131389089114347e-14,2.394538249600226e-12,8.04593839906736e-11,-4.026885982893314e-15,-7.334002846456598e-11,8.194636127870833e-8,7.037288538139189e-7,1.5864880899167823e-13,9.213257408859325e-11,2.0842991590713687e-8,-3.467304735265645e-5,0.0009397640507705858,-2.4034783788972414e-13,-7.715155555835335e-11,-4.605291025153113e-7,-1.05268062339144e-5,0.011630375287114345,-0.020961754875717067,5.71061506411172e-14,-4.870339797433654e-11,-2.0693881305980678e-7,-6.111685444118431e-5,0.04060030081560855,-1.3441294551310885,-0.1433720296366727,2.2416076594817764e-11,-3.4423051616060417e-10,8.770076990782744e-9,-6.825317162280393e-7,-0.001972358299393465,-0.032149797215837266,-0.25871280859395435,2.8504312575078807
-2.212369500886984e-10,1.0131398313145965e-9,-2.0938453282515512e-8,-2.9225854717451715e-11,-1.3930296625165033e-10,-5.045171963928807e-9,-2.8791388231078634e-11,1.3952277051851478e-7,9.405984484562334e-7,2.2704344034880455e-11,-9.761952005363301e-11,-2.006459156412684e-8,-7.608428904786165e-11,-3.248969800160669e-8,2.432705800144071e-6,-8.296900809287648e-11,-3.1870917939267124e-8,6.62489328527709e-6,-4.8488582710718335e-5,1.0802857104347956e-12,-1.419956029723074e-12,4.0089090481611085e-9,2.9245654016463745e-11,-4.7113165631770915e-8,-3.950828889072312e-6,3.012334202518272e-11,-8.052180257188284e-8,-9.370301709433676e-7,0.00018844739757228253,-7.877821871383702e-12,-6.961008196710788e-8,-5.3496738323630245e-6,1.6776779208943734e-5,0.0025790785958264436,1.3651747429953086e-13,-1.1391999998081251e-11,2.517365317805203e-10,-2.6446194554214988e-11,3.5768048683938827e-9,-1.9130977520225025e-6,2.552037254436961e-11,3.422331305261463e-8,-1.0772953699636112e-5,-0.00032055708360287263,-9.198320456515819e-12,3.2760508550090605e-8,-3.566208811252254e-5,0.0010394160335037335,0.0007908092015694397,-5.048086312718317e-9,-1.2847067781718884e-8,-1.1138874312206605e-5,-0.0001799960175260913,0.0015101161929618192,-0.126131464408418,-8.707922468973743e-16,-1.0882414348878412e-12,1.3247707162483819e-10,1.08484670489431e-11,-1.6769704163752938e-8,-1.0430352070184664e-7,1.7210242741348905e-13,-1.891983596299101e-8,3.6385822390723284e-6,-0.0007649471609074049,1.4369822698415428e-11,3.927626016348586e-8,1.5727551806404386e-5,-0.0012568568758497558,-0.003667466243882269,1.8796468723131892e-11,3.6561155762638984e-8,1.705304524299805e-5,-0.010312757298512098,0.32783020242918764,-0.22796600204697184,2.8738564348184735e-12,-2.5797301028368726e-7,2.0397497445421788e-6,0.00032131445251788943,0.02651775885765202,0.5731591710084508,5.1276406263882395,2.206140853608149e-15,-8.720577823092526e-14,-1.8617726649862343e-11,-2.1957393668154838e-12,-1.007734038640444e-9,3.509953312613646e-8,5.643640619715058e-12,1.1828579820543523e-8,-9.72881184771691e-6,-5.0337470470356876e-5,-2.064076368394879e-11,-7.153331626606332e-9,-6.917850581406242e-6,0.0015737693329692269,-0.10701837285396626,2.5594340045572766e-11,1.3084041362619945e-8,2.9926941554465675e-5,0.003984505729939959,-0.003560879650426143,1.1004634677482188,5.262168074533651e-9,3.4184582502224135e-8,3.4378965147084935e-5,0.0053761562769002545,-2.2426639011038634,67.35418164238173,4.4371897228843356,5.710615064114777e-14,6.919157440332435e-10,0.00013396477702191806,0.0002808512914787126,0.3503223892068861,1.653272043666517,10.726999503094195,-154.99830635238126
-3.460401863151568e-8,7.374329568955866e-8,-6.903927254197523e-7,2.4060813884540758e-9,3.44796034640169e-9,-3.727626307607635e-6,5.425491849275302e-9,6.325116198028233e-6,1.3711227346969024e-5,2.476648095950503e-9,-9.491457183664355e-10,4.742007069041536e-7,4.609394513174493e-9,-1.5832451816669144e-6,-7.935695787836612e-5,-9.526451676647157e-9,7.454001102883004e-6,-1.3538893287285792e-5,0.004015432128424793,2.75348627810358e-11,-1.2730076079418409e-9,9.584915094980529e-7,-2.6446263745322354e-9,5.066053598418563e-7,-4.1553179128308635e-5,-8.880265693152926e-10,5.088975074526218e-7,-0.001007864084606396,0.006542578095666813,-5.772925059707266e-10,-3.665754838130822e-6,0.001671735119462814,-0.020121037124915527,-0.4027105161617607,1.9986265015194044e-11,-9.056046326039087e-10,7.517147516294184e-9,-2.027031078138145e-9,-1.2753995781818834e-6,2.037117948711293e-5,2.367216531330081e-9,-2.017865864244479e-6,0.0005166361281219181,-0.01736027539800681,2.939585976352186e-9,-1.999449489765921e-6,-0.0005072053907900371,-0.2604094506020469,-0.03158834493206639,-1.1519171722191755e-9,-6.100272740700475e-7,-0.00011120006754982823,0.1493240113040597,0.18025493998039951,23.868491124431415,1.924229587942584e-12,-6.856293161535855e-11,2.179224687371214e-8,-6.808917597657594e-11,-1.5234927088849198e-6,-4.978313082962249e-6,1.8305677066439557e-10,-2.0926813275407768e-6,-0.0005555086251032303,-0.044697351742108274,-3.89344582216355e-9,2.793750232409818e-6,-0.0003715943644610496,0.2079714087207048,-1.450888089884104,7.195223710120963e-10,4.772248855435047e-6,-0.0015689020029377944,-0.28326003976492453,-44.651500983389894,-22.72189744154936,4.8584153210938586e-8,4.2822372345801587e-7,-0.00010798622422645558,0.1579500033047761,3.459725043713054,45.095656911511284,-1097.7300215514858,3.9735492064482297e-13,-1.8617726649848975e-11,1.4584140219181254e-9,-2.4156759215096944e-10,-8.26162542661582e-8,6.689892563791087e-6,5.831129830159472e-10,2.812784929241982e-7,-0.000995010178211416,-0.0022977936075935226,-8.429558219677399e-10,8.267705865321117e-7,-0.001180478626521952,-0.14721500575793012,-9.360909224326349,8.411078708783649e-10,-4.47033175528031e-6,0.0018033104810166163,0.17436517211123156,54.02181692258112,-1.9225478138137444,6.919157440332996e-10,8.750307382363254e-7,0.003148051366790112,-0.6355269355774853,-81.00388436722103,-5836.03513677206,-185.90789727546561,-3.442305161606027e-10,4.792076325154324e-5,0.00013740047231137418,-0.003839698861809544,33.96422995136429,-296.71756798254114,-258.3167203673473,43613.11821430941
1.289778564893963e-8,1.008054069296556e-9,-1.809854997582123e-7,-6.56048222671402e-10,-1.6790181563290909e-9,2.2640217545267035e-6,-4.1349616884167885e-9,3.098449700629763e-6,4.3109345908162255e-6,-5.447045678127928e-10,-1.8595555819457026e-9,-3.8165386801281517e-8,-1.0594703046179558e-8,-8.057423811415834e-7,0.00015199455746098145,1.5008940847557373e-7,-1.8025819966796629e-6,0.00041241831229984165,-0.00018723440379294368,-2.339217224182963e-11,3.211380243494352e-10,-3.5478146904737713e-7,-1.658051552351419e-10,-1.4777235599242504e-6,3.222219399178961e-5,-6.641044201835649e-10,-6.53344106432535e-6,-0.0002070992368829352,0.0035685165893069044,1.9531262775295467e-10,-0.00012265941360529794,-9.731621317744858e-5,0.01723557629359477,0.007034545850942799,6.173329826761877e-13,-1.254366383644213e-11,-1.61491843031546e-8,5.581103667171538e-11,2.985447267529149e-7,-7.030749288156259e-5,-2.5299039377203398e-9,-3.011322482166528e-8,-0.0005715828231091262,0.006973328555872202,-2.8032604103666044e-7,-8.357130861734778e-8,-0.0019016940370633368,-0.03660849780908611,0.04877460775717828,-2.7641433873642893e-11,-2.131300423443409e-8,-0.016504643433728886,0.003865622128411045,0.12298828445930855,-0.04118113335923024,-4.686564166478452e-13,2.278978928814354e-11,-1.832251521217286e-9,-1.3058894145518078e-10,1.262217103080071e-7,-3.0209540947011015e-6,5.92725794642003e-11,2.7089576665226467e-7,0.00012228285637719985,-0.0014160469933781525,7.366520869039935e-10,-1.1906920691373708e-6,5.6040114468233556e-5,-0.14969509825464894,0.5717638371454116,-4.744483156344425e-10,-3.8270022215229105e-5,0.00011849892550244232,-0.37228988139881997,-4.802411279714678,6.6793603979314495,4.0483776810084234e-13,-1.490955977426127e-8,1.4999679920529827e-5,-0.6012064868139062,0.7303345330443207,-13.23861939435197,-14.550825927659352,-1.8131389089170618e-14,-2.195739366815346e-12,-2.415675921511248e-10,1.0684356980445994e-10,2.941611657907038e-8,-1.3623526301144936e-6,-2.0809927721129308e-10,-2.1451286788509573e-7,0.0001456269493453833,0.0001838976505216855,4.525792704192249e-10,1.0648514362138706e-7,0.0002700391678478157,0.03100645635941737,1.479013628842294,1.420515967772087e-7,8.41123125848613e-7,-8.370113510093252e-5,0.04853737716755597,-30.13556828374909,13.292564111723028,2.559434004557246e-11,-3.23567512951251e-7,0.006645945513370248,0.024618035307223684,-54.16209158972975,-437.93122492039583,264.98803883204033,-2.40347837890081e-13,8.411078708783048e-10,-1.5114324259403063e-6,0.0034141759158582844,117.55584348099315,150.81882186585096,1339.372692632385,1246.4892367535206
2.9726398653194862e-6,2.4035902640864867e-6,5.042634510982982e-5,-1.4095944721846247e-7,-2.794629320536464e-8,0.0005726792839467715,-9.112274491313453e-7,0.0008454555638868929,-0.0036807570515234875,-9.080512468245149e-8,-7.113659585624749e-7,-5.0890119464351655e-5,-2.120939033354639e-6,5.911069310995763e-5,0.04426565494786835,5.396945988020983e-7,-0.0003485285212265909,0.09073932367391839,0.15902317001262523,-3.0733394687096148e-9,5.24992464949413e-8,-8.634983516284107e-5,4.4069851304278705e-8,-0.000505703585305613,-0.0044455706937930346,1.5638285521371524e-7,-0.001303757480636806,0.03433758464672954,1.343404461948388,-2.2912398835529327e-5,-0.00017518193089729596,-0.04794273181912295,3.612992941127807,-6.023129506706755,5.364646832088411e-10,-3.723638731967343e-8,-2.7489816395151996e-6,-3.6319454957318425e-8,5.968482694136958e-5,-0.02366452147783059,-3.686897536357303e-7,3.465921953502364e-5,-0.18025297435350315,0.4090951285276691,-1.959467570569012e-7,0.0002177594360035246,-0.40905059019549167,10.157102986774309,16.480405700308836,-6.62888465722546e-8,-0.004268168101990756,-0.13987208446790056,-1.1257702769466864,19.552368023253894,257.5948282306536,-7.103521970670241e-11,2.4018232109406234e-9,-3.1498458412431144e-7,7.601935101344438e-9,-8.882134045127995e-6,-0.0006366557388502862,-1.4782208776375694e-10,4.078118263988713e-5,0.030455454383310425,-2.1925542479967812,1.0032307503978074e-7,-0.00014515404191686886,0.006297923659240786,-43.90186927994815,100.41311205535186,1.8626668805379534e-5,-0.0004245108580048549,0.13219336516279825,-86.6853033248763,2208.3211214414264,1170.580205768173,3.890448324297401e-10,-1.82763593570488e-5,0.09114598066205945,-35.083909100439975,300.9516051665487,-213.371582088755,-11672.747623033894,2.394538249600637e-12,-1.007734038640232e-9,-8.261625426615649e-8,2.941611657906419e-8,4.453622295972912e-6,-0.00038435136576841556,-5.711358869882222e-8,1.186431772116705e-7,0.016201930998676093,0.01686534637777772,2.3907122040491675e-8,-3.893219529256907e-6,0.06498122020655335,9.534781024511226,153.231940334005,-3.23567512951247e-7,7.112458602653534e-5,0.039696331263588375,-3.52212214352061,-8297.204212828947,5768.791517842683,3.418458250222406e-8,0.010030051914547203,-0.2548296420753352,45.54135905125969,-14153.23381552166,409409.3492560258,74336.02670534687,-4.870339797432089e-11,8.750307382363303e-7,-0.0015621685215904144,48.89420822697495,-2997.719617285007,30081.381389102025,171757.80271784074,517821.2107436634
-0.0001808963463687743,-5.2859305933153976e-5,0.015563588390189106,1.4418051240148709e-5,8.784975491734994e-5,-0.03193494136735892,-2.750120902864417e-5,-0.02989101687682078,-0.49764130566130554,6.901338593811723e-6,3.800090932935256e-5,0.002560451757711485,8.354817358580855e-5,0.037807534763240724,-2.285727805232725,-2.1823045658688535e-5,-0.0026668421187873814,-3.6854832115857743,9.651841144649284,2.6116766414626507e-7,-5.16179118236703e-6,0.0053010025963566385,-6.731079292820664e-8,0.027859011861650247,-0.17605299631037447,1.5592182780961345e-5,0.05001103205684349,8.630685238346887,-60.784770099564184,-4.918648092604907e-7,0.0010074343691670185,0.8688275698362271,-162.15859732965765,5.840118639803178,-1.8413959554719007e-8,8.100965534257747e-7,0.00024216473690984863,2.6831943876911624e-6,-0.005259147844536202,1.2621472763707118,1.63194080171381e-5,-0.0074127880485159925,10.116005999866593,-85.75321744661584,2.0520875111670432e-5,0.012345167268422911,15.259523380818628,1379.0045429143354,-858.4175556408936,-9.424469334691104e-5,0.001896090034592733,3.957484240575438,162.92741013584885,-822.3925160408251,-14666.722880154239,8.919175907456893e-9,-2.6872288405445714e-7,1.5254635787249039e-5,9.157253899054045e-7,-0.0008610622213602409,0.06394729999831104,-1.8616918923897814e-6,-0.002158491956124057,-2.343057353926376,84.41084743363267,-2.2836337318443425e-6,0.007980663340149366,-6.42481438622808,2503.8190544430113,-8815.772582730626,-8.567450003112313e-7,0.024463717027690523,4.2920282153317855,3111.6178964472088,169954.55219340758,-77471.5232775695,1.8216909483665467e-7,0.08183139219969834,0.5495178132430674,1069.2575771119778,5488.183675972196,45652.66380769813,1.3817019153458357e6,8.045938398392945e-11,3.509953312616588e-8,6.689892563789261e-6,-1.3623526301146304e-6,-0.0003843513657685775,0.016235181478504078,2.212227585086225e-6,0.00230656863411,-1.578004165679763,3.3052397079882287,-6.4749385420748e-7,-0.0011807771084618437,-3.8939381012982524,-649.1927549862913,-14354.235469378362,-1.5114324259402706e-6,-0.006808197655831105,0.018236875308387142,-3015.527569291483,479804.57884981215,-291435.9017743452,0.0001339647770219182,-0.0015621685215904922,11.831883818042874,880.9417939120887,482073.87257414695,1.590525354108575e7,-3.8511680709396577e6,8.770076990781631e-9,0.0001374004723113724,30.125165274005344,104.47336519049065,107346.91889219517,-682090.3941708817,-7.049414055632465e6,-1.0693262811426684e8
-2.1445944186122786e-8,-1.7095699562079843e-5,1.0316555635488905e-6,1.1071556738455534e-9,-3.292273242533864e-8,-4.4330240220956815e-6,-1.716381508591184e-8,0.0005330566641922246,-0.0004263896263005733,9.777662624018652e-10,-6.027321185411686e-9,1.7814994395643185e-7,5.1775522625248555e-6,-3.095569476857254e-7,-0.00034108057387906537,-1.0395691639721866e-9,7.36086163354455e-7,-0.01150760192363669,0.030629951373189166,4.2103579444099177e-11,-4.3712038104119403e-10,6.753578485584364e-7,2.0066448487331786e-9,-2.470015188280823e-6,-3.408621017243588e-5,7.774820449854272e-9,0.0004368088436094018,0.001565566560850694,-0.015250695121692246,-3.4332525915707326e-11,-1.6879706293394284e-6,0.0001565189073964546,2.133876727686061,-1.1092190786517622,-3.483064972667779e-12,9.920815732844355e-11,3.424129368897536e-8,-5.21587694246099e-10,-5.135085124430214e-7,0.0001474634834738643,-1.74607898170962e-6,1.8203267226200388e-6,-0.00021454549912139245,-0.011470522193138278,-1.3137135570307049e-9,1.2425384161915508e-6,0.06322656844219168,0.2691143535623891,-0.3601620341000482,1.608621154351085e-11,-5.2714914371212406e-8,-0.0005876076126841398,0.020645036368272453,-172.88590395330291,16.291841591608105,8.478209711153602e-13,-4.190955854900039e-11,1.589751371652761e-9,1.4595066181703993e-10,-1.5352536929507481e-7,8.158743311320437e-6,1.4623672573105498e-9,7.010760251657807e-7,-0.00024259650816378978,0.006692893744876424,-2.0685727734190205e-9,-0.0005711998927395553,-0.0014389078977983757,0.07882323660010095,-1.17664693568743,-6.2408846005312295e-12,-1.007014089571114e-6,-0.00016526780647831374,3.839460682519342,17.80056587802819,-16.794438838763096,-7.806418122218923e-13,7.596689676152372e-9,-1.9724432149691137e-5,-0.08650939686111224,2.9537753333441676,10002.028066357983,273.8483905703394,-4.026885982992698e-15,5.643640619717571e-12,5.831129830159722e-10,-2.0809927721128387e-10,-5.7113588698824375e-8,2.2122275850863188e-6,1.3786581962869063e-9,2.7218113187511735e-7,-0.00023585894617546014,0.00020655072144288097,5.115556494271283e-7,-8.755096312169385e-7,0.0006149684247595517,-0.06885928281821974,-2.4125030276275936,4.525792704191478e-10,-1.4201193465273835e-6,-0.14846191199105355,-1.1212511608947366,37.188296901138244,-40.69487900341664,-2.0640763683947844e-11,2.3907122040488293e-8,-0.00020959764989061293,-0.0929962928295325,623.8953882625018,-3925.8972769745383,-249.68175682732064,1.5864880899171476e-13,-8.429558219678307e-10,-6.474938542074089e-7,-0.0025135398332302513,-3.0743529460915964,125.3698344579444,-531897.2707118492,-2575.5758270114834
-2.1425212845600725e-5,-4.4270416775428806e-5,-0.011428767759242035,-1.5463798126249813e-6,-4.61108462051036e-5,-0.004800596222436147,0.004790519990959939,-0.017197239945810985,0.2609608171904978,4.162083468563802e-8,9.881033265008702e-6,-8.93410681941455e-5,3.040468430792828e-5,-0.027206184780437657,-0.44451038534177756,-6.176797430201607e-7,0.06056844503269631,-1.3963238671986493,9.891999256847953,2.4112327669612783e-9,9.834587368158056e-7,0.00044704528029677394,-6.3693296519754315e-6,0.006166084375329236,0.04978086652754783,-0.0020240505756866384,0.02078899967545274,-7.915505620009994,-16.53025565637776,1.3076921763606257e-7,-0.002980822707506883,-40.006769754055505,-64.30332235326443,-1270.5029526480666,-7.871992387467165e-9,6.07346397971489e-7,9.45303896557566e-6,9.660187554741156e-7,0.0006839504069290634,0.19095900562334123,6.957613563731613e-6,-0.0007625202671022363,1.952848201291715,6.812769715906882,-4.356199596043852e-7,-0.6796509053474445,6.400688736224405,-1576.088176123641,-190.17753896977206,-1.1370158111148369e-8,2.7266568988356966e-5,-1.1549763449089825,-4381.2528225125125,-173.4189494993424,76403.1696108866,-1.7548278717599194e-10,1.4235891076249937e-8,-5.064199114193898e-7,-3.231192452454411e-7,0.0005164865331322335,0.003624078123075168,1.2536081941161268e-6,-5.9129962126725555e-5,0.20466129950673287,30.686714427713444,0.0006047740509243992,0.0004985938844771025,2.561337934288586,419.94127343629765,-5.072777587782817,4.2239260181885485e-9,0.0003407801263445386,-143.992314561813,1409.6164893318582,-247352.47413756722,-2021.8222555994932,-1.6730220051409584e-9,-1.6135797073400718e-5,-0.005738309899988514,-165.33377804899504,-86253.2447282377,-14385.48894137933,-3.604153827866633e6,-7.334002846461929e-11,1.1828579820539768e-8,2.8127849292410953e-7,-2.1451286788508723e-7,1.1864317719885298e-7,0.002306568634109727,2.721811318751223e-7,-0.0006050956867529883,0.14211423263587536,0.2094857985975576,-1.4201193465273232e-6,0.0021512159664830444,-0.5308048710988966,33.977783468404624,1360.8966057687933,8.4112312584861e-7,0.5014537700767856,-1.3031240680448122,1974.7407389901887,69601.33112195236,-46253.80196635926,1.3084041362612427e-8,7.112458602653438e-5,0.6336697533986462,-21941.016853492645,250528.52245225763,-3.3240403606268644e7,-758076.5465088679,-7.715155555825398e-11,-4.470331755280259e-6,-0.006808197655830714,-3.5338811229281335,-6985.93754793722,3.558009127777749e6,-1.9143207879505397e6,1.4898295968401715e8
0.011832294462011589,0.09098902333542626,-0.35075767074673847,-0.0018097995717232297,-0.004318082479598481,3.7576234349118,-0.012534372974244692,17.908127831381236,19.492246422050442,-0.00012024906745700925,-0.006457483615648262,-0.7185373259726048,-0.03275286182955222,-0.5100845416727313,382.2687265100767,-0.33369073026360163,-4.651074389355731,1348.5763184088073,-1605.34259399872,-5.250300678899276e-6,0.00031300472031964744,-0.5169977557623702,0.0012109731819103314,-4.047028146356521,-89.63236833708103,0.0033249751585044465,-21.785432258151232,225.22804515339064,15432.085708328177,0.00019502186538567577,-76.70295786762814,-540.6118068579589,34613.37619039402,98822.72186408483,7.648648777523644e-6,-0.0005331119295338947,-0.021754117517735972,-0.001160093286409519,0.48125959920686096,-211.7188893319628,-0.0029509695515174393,1.2668542897863753,-1300.9175701633092,-970.5561968602975,0.10326291940344476,3.8888396088372734,-7301.097463562519,107146.9948372162,127534.99472688822,-2.026991412511239e-5,0.1970831030452624,1383.4906461426715,14327.079703165184,178828.1483735233,-4.8376565405070335e6,-6.78781983656793e-7,-6.720491274516083e-7,0.0017351944994527927,0.00019820920775627946,-0.4711744757914245,-9.495464380494262,2.484865967084266e-5,-0.6255356238903513,279.8368885122521,-33382.506635549995,0.0011262064067202476,1.21376611796996,530.4970624063398,-283468.9847427815,763386.8709048894,-0.00012384662618408938,103.23392702121595,2239.4735397940435,-1.6751551570979946e6,2.715333348769486e7,1.7772538395571718e6,2.540651740851364e-6,0.007313026831535171,57.6635338117326,2.1711583747351635e6,7.520697048344773e6,3.3237354963337567e7,2.0699505736069545e8,8.194636127871849e-8,-9.728811847716988e-6,-0.0009950101782114677,0.00014562694934538566,0.01620193099867502,-1.5780041656797679,-0.00023585894617545686,0.1421142326358794,-125.40496071764237,-1391.420932042945,-0.00020959764989060827,-0.18643493253600762,-46.072948607985076,95284.41962203564,-1.4220620738041173e6,0.006645945513370243,0.6336697533986547,2854.589758898327,111987.11310522578,-4.7688388902957514e7,6.515152330334507e7,3.43789651470866e-5,-0.2548296420753351,46296.9756868715,741595.1165408308,-3.009039817425957e8,5.444776321257301e9,6.376170355598245e8,-2.0693881305980877e-7,0.0031480513667901657,11.831883818042927,3052.8126271395718,2.9947635991683775e8,4.785688643738205e8,2.55401904077453e9,-7.970863719461387e9
0.00998881412080133,0.2963053543085237,-20.23585054316646,-0.0032054978642577676,-0.09874498682837242,8.734838708275834,0.02429270621034258,49.30394807180088,708.2192458691407,0.0018781221228983292,-0.024677356232638264,-1.3757673176498548,-0.06349980159472103,-45.4340846842999,1154.822756159993,-0.019086033675087863,11.54842659116507,3196.599570533973,-10441.535485951756,-3.390613673407671e-5,-0.00032711931265725594,-0.8337841997691697,-0.0017869129800720724,-14.503127944079015,-208.7791901874656,-0.007520669574007712,-46.13545260979624,-11089.611647714559,55235.386943826146,-0.12361255840790254,-22.45283428502752,2003.2516785654818,63296.13512569973,-374229.28348490613,4.680579833630802e-5,-0.0025541043919777655,-0.10191884729913515,-0.0066384142681234475,0.12916924758699364,-694.6748891308911,-0.003640965654531619,7.1381645758442955,-4304.434793735417,-8022.171102813559,-0.006483774755350128,-7.144140105198955,-16512.98944706436,-1.8924366013048426e6,427727.5145812788,-0.00020544644116537856,-3.6556399112188585,-6601.236272402912,165824.17325367362,699395.8121713469,4.123079655185092e7,-1.7284316125462936e-6,-3.104188880365415e-5,0.031285501027508246,9.567342499092775e-5,-3.019767977452365,-47.03312393656538,0.002166691998561151,-4.273255190141432,219.9824546698946,-156304.15636602696,-0.005089969436944162,5.433202426279782,7305.5133647283865,-840324.242166153,1.4762778196654588e6,0.09698563755232024,-3.983820547289067,-3606.96273256809,-4.034290602256113e6,-2.4982080278703764e8,-1.6492542989981301e7,9.005154913809166e-6,-0.0010585143960176338,7737.717809647624,-615310.0016555156,7.403142308566673e6,1.2670295676869819e8,-2.631484766548668e9,7.037288538140544e-7,-5.033747047036268e-5,-0.0022977936075934784,0.00018389765052172048,0.01686534637778397,3.3052397079880085,0.00020655072144289295,0.2094857985973221,-1391.420932042976,-8059.682161299392,-0.0025135398332302938,1.7535732292503075,-1056.2165090049893,105872.63609713873,-1.4020841462052753e7,0.003414175915858322,-3.5338811229283773,7850.972794596033,3.7463836592158065e6,-1.2179559832254142e8,2.0066478489599004e8,0.0002808512914787168,48.89420822697427,3052.812627139593,-1.138681919506399e6,-7.665634572112473e8,-2.5789757194552742e10,1.8374072718702357e9,-6.825317162281965e-7,-0.0038396988618111206,104.47336519049092,1.698039268618033e6,5.1545537320469156e7,1.1819831921305835e8,5.706641648187713e9,1.5408078735954736e11
-1.7095699562079843e-5,-2.1445944186122786e-8,1.0316555635488905e-6,-1.716381508591184e-8,-3.292273242533864e-8,0.0005330566641922246,1.1071556738455534e-9,-4.4330240220956815e-6,-0.0004263896263005733,-1.0395691639721866e-9,5.1775522625248555e-6,7.36086163354455e-7,-6.027321185411686e-9,-3.095569476857254e-7,-0.01150760192363669,9.777662624018652e-10,1.7814994395643185e-7,-0.00034108057387906537,0.030629951373189166,-3.4332525915707326e-11,7.774820449854272e-9,-1.6879706293394284e-6,2.0066448487331786e-9,0.0004368088436094018,0.0001565189073964546,-4.3712038104119403e-10,-2.470015188280823e-6,0.001565566560850694,2.133876727686061,4.2103579444099177e-11,6.753578485584364e-7,-3.408621017243588e-5,-0.015250695121692246,-1.1092190786517622,1.608621154351085e-11,-1.3137135570307049e-9,-5.2714914371212406e-8,-1.74607898170962e-6,1.2425384161915508e-6,-0.0005876076126841398,-5.21587694246099e-10,1.8203267226200388e-6,0.06322656844219168,0.020645036368272453,9.920815732844355e-11,-5.135085124430214e-7,-0.00021454549912139245,0.2691143535623891,-172.88590395330291,-3.483064972667779e-12,3.424129368897536e-8,0.0001474634834738643,-0.011470522193138278,-0.3601620341000482,16.291841591608105,-7.806418122218923e-13,-6.2408846005312295e-12,7.596689676152372e-9,-2.0685727734190205e-9,-1.007014089571114e-6,-1.9724432149691137e-5,1.4623672573105498e-9,-0.0005711998927395553,-0.00016526780647831374,-0.08650939686111224,1.4595066181703993e-10,7.010760251657807e-7,-0.0014389078977983757,3.839460682519342,2.9537753333441676,-4.190955854900039e-11,-1.5352536929507481e-7,-0.00024259650816378978,0.07882323660010095,17.80056587802819,10002.028066357983,8.478209711153602e-13,1.589751371652761e-9,8.158743311320437e-6,0.006692893744876424,-1.17664693568743,-16.794438838763096,273.8483905703394,1.5864880899171476e-13,-2.0640763683947844e-11,-8.429558219678307e-10,4.525792704191478e-10,2.3907122040488293e-8,-6.474938542074089e-7,5.115556494271283e-7,-1.4201193465273835e-6,-0.00020959764989061293,-0.0025135398332302513,1.3786581962869063e-9,-8.755096312169385e-7,-0.14846191199105355,-0.0929962928295325,-3.0743529460915964,-2.0809927721128387e-10,2.7218113187511735e-7,0.0006149684247595517,-1.1212511608947366,623.8953882625018,125.3698344579444,5.643640619717571e-12,-5.7113588698824375e-8,-0.00023585894617546014,-0.06885928281821974,37.188296901138244,-3925.8972769745383,-531897.2707118492,-4.026885982992698e-15,5.831129830159722e-10,2.2122275850863188e-6,0.00020655072144288097,-2.4125030276275936,-40.69487900341664,-249.68175682732064,-2575.5758270114834
4.5145401379055874e-6,4.5145401379055874e-6,2.783819881552711,2.4096073694104024e-6,0.024580040968197138,0.003317304037583447,2.4096073694104024e-6,0.003317304037583447,-42.82950591619396,3.350403774641454e-7,-2.1165805178121207e-5,-0.0013898524436209102,-2.1165805178121207e-5,3.133913737109051,0.5462925658015685,3.350403774641454e-7,-0.0013898524436209102,0.5462925658015685,-443.3063835451471,-1.6461464430645953e-8,-7.472149627701774e-7,-0.0001439326982374218,-0.0047764294243279794,-0.013282058543113078,-0.496464061713713,-7.472149627701774e-7,-0.013282058543113078,400.3132050217986,-2.7578428277415568,-1.6461464430645953e-8,-0.0001439326982374218,-0.496464061713713,-2.7578428277415568,78220.32599261813,4.807552240987359e-9,-4.895102702510666e-7,-4.006820445037962e-6,2.8963645692688864e-6,-0.0006036867322115711,-0.10948090405423436,2.8963645692688864e-6,-1.76935168799469,-4.813856785805689,-59.37552591459988,-4.895102702510666e-7,-0.0006036867322115711,-4.813856785805689,32191.065935851653,371.1631252743248,4.807552240987359e-9,-4.006820445037962e-6,-0.10948090405423436,-59.37552591459988,371.1631252743248,-5.30255696382808e6,9.175895784848901e-10,-1.8529957800931995e-8,8.452949948812704e-7,1.3368981486344894e-6,-0.000476060109114471,0.002718310429120483,0.0010378819320995918,0.0026314939933610635,-0.09149572800893725,-22.781623402014006,1.3368981486344894e-6,0.0026314939933610635,-477.81952637501297,-1013.6701216397207,-2622.8853152867878,-1.8529957800931995e-8,-0.000476060109114471,-0.09149572800893725,-1013.6701216397207,2.7802571006025667e6,-29728.275495206348,9.175895784848901e-10,8.452949948812704e-7,0.002718310429120483,-22.781623402014006,-2622.8853152867878,-29728.275495206348,3.054996232133944e8,9.213257408866094e-11,-7.153331626604565e-9,8.267705865319948e-7,1.064851436213847e-7,-3.893219529255912e-6,-0.001180777108462064,-8.755096312168179e-7,0.002151215966483081,-0.18643493253601265,1.753573229250299,-8.755096312168179e-7,0.7536139860808962,3.2473050546284177,21.56519190193854,-1804.7333157137589,1.064851436213847e-7,0.002151215966483081,3.2473050546284177,-95929.20643425999,-171000.51116427899,38117.33557070131,-7.153331626604565e-9,-3.893219529255912e-6,-0.18643493253601265,21.56519190193854,-171000.51116427899,1.5824317670651084e8,2.4490112973099924e6,9.213257408866094e-11,8.267705865319948e-7,-0.001180777108462064,1.753573229250299,-1804.7333157137589,38117.33557070131,2.4490112973099924e6,-1.6513241447709965e10
0.04921774120313421,16.122962797207556,-12.07073793247782,-0.004046241718370682,-0.08599707425844932,13.587325522650138,0.007129074362883098,650.5358034602247,208.8274017667911,-0.0005691070527738944,-0.02959522926596372,-1.1899106609049077,-4.189861570867358,-36.069593762409006,1191.8845901192055,-0.005306231484714637,5.539482885943372,16193.89450553441,962.7775715037501,-4.7406510093634886e-5,0.0014171636572900283,-1.0057729616862263,-0.0036848847107325052,-16.94829242546744,-87.4282643428287,0.001731338562123351,-1314.7321798284258,-8776.025408419298,36297.1779054126,-1.7339511812453134e-5,0.24265211691288668,1042.745283456612,-938499.3547876021,-300380.8835701806,2.8923949192237157e-6,-0.0007606254051249545,-0.04718784595084103,-0.0011879670883629787,1.4184987822728778,-347.42088378932016,0.7609992159899015,-0.09373760630244643,-4964.425525608104,8773.258999488873,0.004695804617402299,-0.3338798005160648,-293270.06813238014,-1.5265962989297842e6,44227.727480644106,-2.6433664477972736e-5,0.056924685669769194,948.3375198519788,87666.68489696116,7.992662417898445e7,2.444591044375479e7,-1.33771748980119e-6,4.355321748472181e-5,-0.0043289020942046215,-0.0002803285457988014,-0.5388030667988556,-13.750311871666822,0.0012881322166924205,1.3708581616413338,659.7041235825792,-45738.10138983439,-0.0014243108254647235,590.1215745510871,2310.033304666316,-979972.9521688296,1.9395089388892404e6,6.342064826406818e-5,5.684399343906581,-403.86786065033084,-5.056272441673006e7,-2.2393354171466574e8,1.075551040470744e7,4.329910511827253e-7,-0.01501866097306535,36.30963317478787,257978.73795407414,-285474.8531062421,-1.7910928707865052e9,-1.462216707506285e9,2.0842991590784587e-8,-6.917850581408483e-6,-0.0011804786265215959,0.0002700391678478155,0.06498122020655532,-3.8939381012979997,0.0006149684247594572,-0.5308048710988926,-46.07294860797708,-1056.2165090049205,-0.14846191199105382,3.247305054628413,1697.8733010102446,195553.5592326485,-516394.5926548358,-8.370113510095022e-5,-1.3031240680448155,280801.456141567,1.4682663505839412e6,-1.4873764347432548e8,1.159616470953968e8,2.9926941554465157e-5,0.03969633126358704,2854.589758898303,-219832.6362331311,-7.564138516362728e9,-2.962241026202475e10,2.7187832863983946e9,-4.605291025152308e-7,0.0018033104810165456,0.018236875308125473,7850.972794595998,2.8465972011134684e7,-5.0647972518918717e8,1.486125550104198e11,6.947401211243596e10
6.166086975507658,-25.88132613933255,-3865.4989382027743,0.04651506479661664,-22.332504792419954,836.1880044948869,-419.63134251615304,-2086.1476572501574,135562.44068867306,-0.2533194264333653,-0.5552405147115863,-20.06308387691233,-1.9550563775483054,-8835.489469626555,40864.08008397658,-1.9406673550042193,-80599.8623791875,50610.26656533226,-3.7220472026170935e6,-0.004257987304623993,0.008341663258391483,-120.56106573607558,0.6226478121958557,-511.97256730632716,-217.1758639553314,142.08031567153506,-627.1007615542386,-1.8787886532676984e6,141641.34004178777,-0.030603732747391116,-616.7654582234959,-4.0143441878618686e6,1.0691356198002925e7,1.201463211774417e8,-0.0016856548699869785,0.0665425873470393,-2.787805165251339,0.18581261488510337,33.92820274865846,-11944.091081940736,-0.26923924673213356,2281.39931206381,-214161.73599658278,930397.4805240743,0.9337811754363934,86285.46650044259,-61454.49384298718,-2.881659194767765e8,1.2344273511294903e7,-0.004162954841054645,-25.49733865945534,27119.284976592822,1.4980046135921013e8,-1.7199667788008485e7,-4.332575299117039e9,-0.00017522915822988517,0.007455181234036381,-1.9518678545567243,0.030696185500796624,132.71158423358722,-302.4132982483115,0.43541547707162154,274.7597256392956,21616.143496458004,2.948201795638606e6,-7.585333886985926,-279.8354253121957,1.6117442219496185e6,-5.976036486523232e7,1.2411961949434736e8,0.05164400326469091,1259.4993558925826,2.7228032430240005e7,2.303072045666543e7,-3.6807155257352036e10,3.381533767804064e9,-0.0012480585792599159,-0.8770462964900747,-7396.632843666552,3.841218202284248e7,2.532100245987113e10,-1.8383204500706924e10,7.213492990651552e10,-3.46730473526562e-5,0.0015737693329688812,-0.14721500575791707,0.03100645635941542,9.53478102451238,-649.1927549863368,-0.06885928281821888,33.97778346840044,95284.41962203481,105872.63609714397,-0.09299629282953249,21.565191901939148,195553.55923264995,6.583753617430648e6,8.804402677568244e8,0.02461803530722549,-21941.01685349276,-219832.63623313195,6.509650315500154e8,-1.2638998069065191e10,2.959856570072107e9,0.005376156276900566,45.54135905126015,741595.1165408234,5.96955003557857e9,1.0821479063215084e10,-4.2451284864136416e12,8.900393342179964e10,-6.111685444118357e-5,-0.6355269355774988,880.9417939120717,-1.1386819195064104e6,7.1522111803393755e9,3.242927098243246e11,2.6470386682096625e11,7.921047898978847e12
121.43554867379962,940.2555539786154,1156.3091100283818,-16.991672185383095,-12.345743824648796,37696.1794343563,-137.2354270865065,178059.50061021492,15794.732743728795,-0.9534869762153529,-65.96246773485998,-6674.233911062908,-309.23257833326596,5566.728810866094,3.846695221112202e6,-1659.0605078126914,-41878.38392110387,1.2988333030150376e7,-7.732960355192885e6,-0.06380446150184696,2.658687709046323,-5132.3720347153,10.523979961313804,-41634.040215679655,-831270.7546495465,39.989563992017125,-208050.81489654706,4.1788034615676394e6,1.5656073195768198e8,2.1759844045827816,-491512.805174216,-2.658667798641948e6,3.171346272607449e8,5.198593356657629e8,0.08501977542162896,-5.553845929770685,-224.77853865910032,-12.591760931581463,4303.768067298481,-2.147735495489545e6,-27.289280722551332,9197.404840623802,-1.343260459654157e7,-7.762499987256455e6,423.4460350828281,47231.22498808731,-7.032539661044838e7,1.3148193091791763e9,1.3701688466991558e9,-0.2010721444129826,2322.7576727789897,-1.0458285268701316e6,4.662419045056621e8,2.1270147552026222e9,-2.4794596873876236e10,-0.006346900148833824,-0.01556032057771297,24.189241032164286,1.825251468209182,-5019.238567205417,-96899.71846732362,-0.4223739858713552,-6849.383454309001,2.5532542004764075e6,-3.4501580719461095e8,3.7875613390673637,13199.996887111594,3.265166132979074e6,-2.934392675753432e9,7.451307731283204e9,-1.7502984460511684,583746.388928289,2.3821628267261654e7,-1.6287732148086262e10,2.974788930783195e11,1.573578337538776e10,0.03065440158921996,48.590119887600665,694050.8320243148,1.4355057410595291e10,8.517748034133813e10,3.5299128945746515e11,1.1495895315252134e12,0.0009397640507705197,-0.10701837285396286,-9.360909224326479,1.4790136288423141,153.23194033400412,-14354.2354693785,-2.412503027627709,1360.896605768762,-1.4220620738041573e6,-1.4020841462052478e7,-3.0743529460916266,-1804.7333157137869,-516394.592654786,8.804402677568206e8,-1.5680875075195621e10,117.55584348099352,-6985.937547937134,2.846597201113419e7,4.441945189618908e8,-4.942830498789096e11,6.455393030899313e11,0.35032238920688497,-2997.719617285096,2.994763599168416e8,7.152211180339595e9,-2.953367585786994e12,5.726149099332985e13,6.235926479383475e12,-0.001972358299393315,33.96422995136466,107346.9188921958,5.154553732046897e7,2.2148328508869497e12,4.0327474156070728e12,2.4481062935597656e13,-5.652222669579559e13
1.008054069296556e-9,1.289778564893963e-8,-1.809854997582123e-7,-4.1349616884167885e-9,-1.6790181563290909e-9,3.098449700629763e-6,-6.56048222671402e-10,2.2640217545267035e-6,4.3109345908162255e-6,1.5008940847557373e-7,-1.0594703046179558e-8,-1.8025819966796629e-6,-1.8595555819457026e-9,-8.057423811415834e-7,0.00041241831229984165,-5.447045678127928e-10,-3.8165386801281517e-8,0.00015199455746098145,-0.00018723440379294368,1.9531262775295467e-10,-6.641044201835649e-10,-0.00012265941360529794,-1.658051552351419e-10,-6.53344106432535e-6,-9.731621317744858e-5,3.211380243494352e-10,-1.4777235599242504e-6,-0.0002070992368829352,0.01723557629359477,-2.339217224182963e-11,-3.5478146904737713e-7,3.222219399178961e-5,0.0035685165893069044,0.007034545850942799,-2.7641433873642893e-11,-2.8032604103666044e-7,-2.131300423443409e-8,-2.5299039377203398e-9,-8.357130861734778e-8,-0.016504643433728886,5.581103667171538e-11,-3.011322482166528e-8,-0.0019016940370633368,0.003865622128411045,-1.254366383644213e-11,2.985447267529149e-7,-0.0005715828231091262,-0.03660849780908611,0.12298828445930855,6.173329826761877e-13,-1.61491843031546e-8,-7.030749288156259e-5,0.006973328555872202,0.04877460775717828,-0.04118113335923024,4.0483776810084234e-13,-4.744483156344425e-10,-1.490955977426127e-8,7.366520869039935e-10,-3.8270022215229105e-5,1.4999679920529827e-5,5.92725794642003e-11,-1.1906920691373708e-6,0.00011849892550244232,-0.6012064868139062,-1.3058894145518078e-10,2.7089576665226467e-7,5.6040114468233556e-5,-0.37228988139881997,0.7303345330443207,2.278978928814354e-11,1.262217103080071e-7,0.00012228285637719985,-0.14969509825464894,-4.802411279714678,-13.23861939435197,-4.686564166478452e-13,-1.832251521217286e-9,-3.0209540947011015e-6,-0.0014160469933781525,0.5717638371454116,6.6793603979314495,-14.550825927659352,-2.40347837890081e-13,2.559434004557246e-11,8.411078708783048e-10,1.420515967772087e-7,-3.23567512951251e-7,-1.5114324259403063e-6,4.525792704192249e-10,8.41123125848613e-7,0.006645945513370248,0.0034141759158582844,-2.0809927721129308e-10,1.0648514362138706e-7,-8.370113510093252e-5,0.024618035307223684,117.55584348099315,1.0684356980445994e-10,-2.1451286788509573e-7,0.0002700391678478157,0.04853737716755597,-54.16209158972975,150.81882186585096,-2.195739366815346e-12,2.941611657907038e-8,0.0001456269493453833,0.03100645635941737,-30.13556828374909,-437.93122492039583,1339.372692632385,-1.8131389089170618e-14,-2.415675921511248e-10,-1.3623526301144936e-6,0.0001838976505216855,1.479013628842294,13.292564111723028,264.98803883204033,1246.4892367535206
-4.4270416775428806e-5,-2.1425212845600725e-5,-0.011428767759242035,0.004790519990959939,-4.61108462051036e-5,-0.017197239945810985,-1.5463798126249813e-6,-0.004800596222436147,0.2609608171904978,-6.176797430201607e-7,3.040468430792828e-5,0.06056844503269631,9.881033265008702e-6,-0.027206184780437657,-1.3963238671986493,4.162083468563802e-8,-8.93410681941455e-5,-0.44451038534177756,9.891999256847953,1.3076921763606257e-7,-0.0020240505756866384,-0.002980822707506883,-6.3693296519754315e-6,0.02078899967545274,-40.006769754055505,9.834587368158056e-7,0.006166084375329236,-7.915505620009994,-64.30332235326443,2.4112327669612783e-9,0.00044704528029677394,0.04978086652754783,-16.53025565637776,-1270.5029526480666,-1.1370158111148369e-8,-4.356199596043852e-7,2.7266568988356966e-5,6.957613563731613e-6,-0.6796509053474445,-1.1549763449089825,9.660187554741156e-7,-0.0007625202671022363,6.400688736224405,-4381.2528225125125,6.07346397971489e-7,0.0006839504069290634,1.952848201291715,-1576.088176123641,-173.4189494993424,-7.871992387467165e-9,9.45303896557566e-6,0.19095900562334123,6.812769715906882,-190.17753896977206,76403.1696108866,-1.6730220051409584e-9,4.2239260181885485e-9,-1.6135797073400718e-5,0.0006047740509243992,0.0003407801263445386,-0.005738309899988514,1.2536081941161268e-6,0.0004985938844771025,-143.992314561813,-165.33377804899504,-3.231192452454411e-7,-5.9129962126725555e-5,2.561337934288586,1409.6164893318582,-86253.2447282377,1.4235891076249937e-8,0.0005164865331322335,0.20466129950673287,419.94127343629765,-247352.47413756722,-14385.48894137933,-1.7548278717599194e-10,-5.064199114193898e-7,0.003624078123075168,30.686714427713444,-5.072777587782817,-2021.8222555994932,-3.604153827866633e6,-7.715155555825398e-11,1.3084041362612427e-8,-4.470331755280259e-6,8.4112312584861e-7,7.112458602653438e-5,-0.006808197655830714,-1.4201193465273232e-6,0.5014537700767856,0.6336697533986462,-3.5338811229281335,2.721811318751223e-7,0.0021512159664830444,-1.3031240680448122,-21941.016853492645,-6985.93754793722,-2.1451286788508723e-7,-0.0006050956867529883,-0.5308048710988966,1974.7407389901887,250528.52245225763,3.558009127777749e6,1.1828579820539768e-8,1.1864317719885298e-7,0.14211423263587536,33.977783468404624,69601.33112195236,-3.3240403606268644e7,-1.9143207879505397e6,-7.334002846461929e-11,2.8127849292410953e-7,0.002306568634109727,0.2094857985975576,1360.8966057687933,-46253.80196635926,-758076.5465088679,1.4898295968401715e8
16.122962797207556,0.04921774120313421,-12.07073793247782,0.007129074362883098,-0.08599707425844932,650.5358034602247,-0.004046241718370682,13.587325522650138,208.8274017667911,-0.005306231484714637,-4.189861570867358,5.539482885943372,-0.02959522926596372,-36.069593762409006,16193.89450553441,-0.0005691070527738944,-1.1899106609049077,1191.8845901192055,962.7775715037501,-1.7339511812453134e-5,0.001731338562123351,0.24265211691288668,-0.0036848847107325052,-1314.7321798284258,1042.745283456612,0.0014171636572900283,-16.94829242546744,-8776.025408419298,-938499.3547876021,-4.7406510093634886e-5,-1.0057729616862263,-87.4282643428287,36297.1779054126,-300380.8835701806,-2.6433664477972736e-5,0.004695804617402299,0.056924685669769194,0.7609992159899015,-0.3338798005160648,948.3375198519788,-0.0011879670883629787,-0.09373760630244643,-293270.06813238014,87666.68489696116,-0.0007606254051249545,1.4184987822728778,-4964.425525608104,-1.5265962989297842e6,7.992662417898445e7,2.8923949192237157e-6,-0.04718784595084103,-347.42088378932016,8773.258999488873,44227.727480644106,2.444591044375479e7,4.329910511827253e-7,6.342064826406818e-5,-0.01501866097306535,-0.0014243108254647235,5.684399343906581,36.30963317478787,0.0012881322166924205,590.1215745510871,-403.86786065033084,257978.73795407414,-0.0002803285457988014,1.3708581616413338,2310.033304666316,-5.056272441673006e7,-285474.8531062421,4.355321748472181e-5,-0.5388030667988556,659.7041235825792,-979972.9521688296,-2.2393354171466574e8,-1.7910928707865052e9,-1.33771748980119e-6,-0.0043289020942046215,-13.750311871666822,-45738.10138983439,1.9395089388892404e6,1.075551040470744e7,-1.462216707506285e9,-4.605291025152308e-7,2.9926941554465157e-5,0.0018033104810165456,-8.370113510095022e-5,0.03969633126358704,0.018236875308125473,-0.14846191199105382,-1.3031240680448155,2854.589758898303,7850.972794595998,0.0006149684247594572,3.247305054628413,280801.456141567,-219832.6362331311,2.8465972011134684e7,0.0002700391678478155,-0.5308048710988926,1697.8733010102446,1.4682663505839412e6,-7.564138516362728e9,-5.0647972518918717e8,-6.917850581408483e-6,0.06498122020655532,-46.07294860797708,195553.5592326485,-1.4873764347432548e8,-2.962241026202475e10,1.486125550104198e11,2.0842991590784587e-8,-0.0011804786265215959,-3.8939381012979997,-1056.2165090049205,-516394.5926548358,1.159616470953968e8,2.7187832863983946e9,6.947401211243596e10
-13.59954129531423,-13.59954129531423,-1.2197679322078666e6,-9.592853916428062,-8812.96206246097,-834.7643776227105,-9.592853916428062,-834.7643776227105,8.446405243754545e6,-0.04768542109927448,-0.601616379782117,-5958.870688568458,-0.601616379782117,-2.6577137835988663e6,-35633.181735898725,-0.04768542109927448,-5958.870688568458,-35633.181735898725,1.517298118132533e9,0.024411990573049675,4.596102173270503,-134.06970187816404,612.2143355910064,-982.3852721454715,-1.0857581562964676e6,4.596102173270503,-982.3852721454715,-5.2541416593526226e8,206247.028085262,0.024411990573049675,-134.06970187816404,-1.0857581562964676e6,206247.028085262,-1.1635850846144707e11,-0.00507194094752465,-0.008655908078941206,35.09784298366396,2.948704406973897,4342.30253817092,-36825.8762343737,2.948704406973897,657246.8591277705,-417953.7850524717,-8.320486777223432e7,-0.008655908078941206,4342.30253817092,-417953.7850524717,-7.903118184580179e10,-1.9848380690494356e8,-0.00507194094752465,35.09784298366396,-36825.8762343737,-8.320486777223432e7,-1.9848380690494356e8,6.214031155855512e12,0.0010219390349330553,-0.0161944307077659,-7.2741171173276795,2.3161817694558975,117.45223598091881,16211.423229740809,-24.085889490174473,3080.891044596929,2.097678937942619e6,-2.209033254160671e6,2.3161817694558975,3080.891044596929,3.66810588008096e8,-1.4425319122277573e8,-1.6066881721284354e9,-0.0161944307077659,117.45223598091881,2.097678937942619e6,-1.4425319122277573e8,-1.0143108134615084e13,7.687852194959728e8,0.0010219390349330553,-7.2741171173276795,16211.423229740809,-2.209033254160671e6,-1.6066881721284354e9,7.687852194959728e8,-3.005958642322058e14,-1.0526806233908269e-5,0.0039845057299395656,0.17436517211130845,0.04853737716755758,-3.522122143521815,-3015.5275692914984,-1.1212511608947395,1974.7407389901846,111987.11310522287,3.746383659215856e6,-1.1212511608947395,-95929.20643425942,1.4682663505839373e6,6.509650315500102e8,4.4419451896190935e8,0.04853737716755758,1974.7407389901846,1.4682663505839373e6,1.412688307195569e11,-3.892181681759066e10,1.0854080843031117e11,0.0039845057299395656,-3.522122143521815,111987.11310522287,6.509650315500102e8,-3.892181681759066e10,-1.1516915457629298e15,7.015219547456075e9,-1.0526806233908269e-5,0.17436517211130845,-3015.5275692914984,3.746383659215856e6,4.4419451896190935e8,1.0854080843031117e11,7.015219547456075e9,1.4188489795280812e16
-4712.928724763897,-401807.57273646886,328895.3976462701,217.96337113356114,4298.883283341296,-972680.1603213524,-445.44269920325206,-3.835423265276915e7,3.4299872436939124e6,157.74831193053404,1134.6669520181085,33067.57523326932,93144.35687580395,1.6760047390909612e6,-7.117689240899995e7,707.6929368546517,-510450.02975777275,-1.593057241901954e9,1.2419850179074591e7,6.16774272154211,-126.94519550399978,96523.67133376589,266.71425588299195,707187.728712516,-5.633000291699717e6,-204.47461269039363,4.463410369772563e7,3.5892619708442605e8,-1.6997256440873725e9,11.290956159552499,183132.6070008799,-1.2627039249735363e8,-2.548872312388905e9,-2.8778343841501423e10,0.42642114332252085,-3.281471644984043,3590.1770476120773,-143.48741562448268,-115095.0763748283,1.6860976138325997e7,-4192.391428248858,-23001.098087300757,2.3171020848750636e8,-1.816969691581759e9,-355.04736564572966,-106893.41836995569,1.243083675797493e10,5.8092850423064606e10,-5.612859972409074e9,2.481745499317454,1203.9060308501032,-3.0864422735809553e7,-1.3471630567818872e10,-1.1835979836924338e12,1.8688343445007056e12,0.10866553177130885,-6.827565519586432,984.8865746522321,43.12366322922668,-47655.107577789146,429269.0255468538,-156.58322428792428,-229095.0539599377,-4.802582679280821e7,-3.3706450704241824e8,165.49219218551266,-9.895844286779804e6,-8.136347300025564e7,5.328538484098209e10,-1.7083959713776572e11,-14.38269438533908,-508222.20963616663,-6.625557732008234e6,2.504485341267709e12,8.575272982759804e12,-2.360125417109091e12,0.09559892317730595,2151.191179325947,-2.0585671977721022e6,-1.8383901533766514e10,-5.002443812591703e11,-4.845613029743701e13,-6.1466552335193164e13,0.011630375287111598,-0.0035608796504475308,54.02181692258911,-30.135568283749578,-8297.204212828905,479804.5788498177,37.18829690113752,69601.33112195304,-4.768838890295864e7,-1.2179559832253914e8,623.8953882625092,-171000.5111642827,-1.4873764347432977e8,-1.2638998069065292e10,-4.9428304987892804e11,-54.162091589730366,250528.52245225818,-7.5641385163629055e9,-3.892181681758958e10,9.750440136765777e12,-4.531676303148046e12,-2.2426639011037848,-14153.233815521888,-3.009039817425959e8,1.0821479063215067e10,4.08121578531806e14,1.2740463299711818e15,-1.6897859709080647e14,0.04060030081561448,-81.00388436721946,482073.8725741426,-7.66563457211251e8,-2.9533675857870083e12,2.466748020214543e13,-2.8114229591465735e15,4.633078054406945e14
2967.6440825930313,-18928.765802964994,-1.0675116109715793e6,-23.36645439301653,-4607.20472434061,298357.1389640673,36997.547036307034,-1.8640214522853564e6,3.746206365611347e7,-154.43658032971126,131.29744947339324,25579.548846310452,-64.53289233783948,-1.6636452079152693e6,3.1662341352624684e6,-1545.8787594362855,5.454905192958825e6,-3.116821623369122e7,-1.11817937458347e9,-3.8769457962967513,69.30939155241717,-46277.193887709254,-32.74395996890719,-19531.338638459714,1.1106697277855214e7,-4884.908891927942,569641.2015890899,-3.6334417562338316e8,-7.916718563416222e8,-26.385544169809886,-766033.695618818,-1.3576584345289037e9,5.169065848759199e9,3.2338057351256123e10,-1.1950305193505184,68.29172548171988,-949.5216376985501,199.64323874605668,53294.10462358661,4.722153627459671e6,-335.8232375426405,335942.69937224005,-3.850540517432704e7,1.541263785942417e9,381.9386569337934,-4.641021496798893e6,3.325792192801905e8,-6.0120772555656975e10,-5.378168488057839e8,-2.0612460480450077,-9757.824076291292,-1.0960845499616283e8,-5.013255079507853e10,-3.2336455686188538e10,-3.528225279153305e11,-0.06597706415884168,5.675008829921145,-1116.8753556081426,-29.02098424904909,106010.97566439006,424113.3668615365,92.82163839816157,206720.23703173923,1.739844026534414e7,3.8074559819190164e9,-272.19940751682174,-659874.9727669681,2.5783214231789267e8,-1.6896562322752743e10,7.530951594260832e10,32.909266050779244,664599.4708229223,3.8433231224769e8,1.0583423292570712e11,-8.495393271237242e12,2.079569824801415e12,-0.46869193776535834,-2192.1826613919,-2.1490373396006096e6,7.287018761549452e9,-5.562091500599917e11,-9.92774273739446e12,-8.44681497479898e13,-0.020961754875722605,1.1004634677481937,-1.9225478138200605,13.29256411172296,5768.791517842792,-291435.9017743468,-40.694879003418556,-46253.80196635501,6.5151523303345814e7,2.0066478489599025e8,125.36983445794537,38117.335570701725,1.1596164709539609e8,2.9598565700720463e9,6.455393030899224e11,150.81882186585105,3.5580091277777376e6,-5.064797251891826e8,1.085408084303105e11,-4.5316763031480625e12,-2.4219460629986655e12,1.6532720436664146,30081.38138910184,4.785688643738174e8,3.242927098243269e11,2.4667480202145934e13,-1.1633958405851248e15,1.5672777856382016e13,-0.03214979721583842,-296.7175679825349,-682090.3941708842,1.1819831921305631e8,4.0327474156070425e12,4.295449401438224e14,-1.0162781915604828e14,1.150645209722859e16
1.0131398313145965e-9,-2.212369500886984e-10,-2.0938453282515512e-8,-2.8791388231078634e-11,-1.3930296625165033e-10,1.3952277051851478e-7,-2.9225854717451715e-11,-5.045171963928807e-9,9.405984484562334e-7,-8.296900809287648e-11,-7.608428904786165e-11,-3.1870917939267124e-8,-9.761952005363301e-11,-3.248969800160669e-8,6.62489328527709e-6,2.2704344034880455e-11,-2.006459156412684e-8,2.432705800144071e-6,-4.8488582710718335e-5,-7.877821871383702e-12,3.012334202518272e-11,-6.961008196710788e-8,2.9245654016463745e-11,-8.052180257188284e-8,-5.3496738323630245e-6,-1.419956029723074e-12,-4.7113165631770915e-8,-9.370301709433676e-7,1.6776779208943734e-5,1.0802857104347956e-12,4.0089090481611085e-9,-3.950828889072312e-6,0.00018844739757228253,0.0025790785958264436,-5.048086312718317e-9,-9.198320456515819e-12,-1.2847067781718884e-8,2.552037254436961e-11,3.2760508550090605e-8,-1.1138874312206605e-5,-2.6446194554214988e-11,3.422331305261463e-8,-3.566208811252254e-5,-0.0001799960175260913,-1.1391999998081251e-11,3.5768048683938827e-9,-1.0772953699636112e-5,0.0010394160335037335,0.0015101161929618192,1.3651747429953086e-13,2.517365317805203e-10,-1.9130977520225025e-6,-0.00032055708360287263,0.0007908092015694397,-0.126131464408418,2.8738564348184735e-12,1.8796468723131892e-11,-2.5797301028368726e-7,1.4369822698415428e-11,3.6561155762638984e-8,2.0397497445421788e-6,1.7210242741348905e-13,3.927626016348586e-8,1.705304524299805e-5,0.00032131445251788943,1.08484670489431e-11,-1.891983596299101e-8,1.5727551806404386e-5,-0.010312757298512098,0.02651775885765202,-1.0882414348878412e-12,-1.6769704163752938e-8,3.6385822390723284e-6,-0.0012568568758497558,0.32783020242918764,0.5731591710084508,-8.707922468973743e-16,1.3247707162483819e-10,-1.0430352070184664e-7,-0.0007649471609074049,-0.003667466243882269,-0.22796600204697184,5.1276406263882395,5.710615064114777e-14,5.262168074533651e-9,6.919157440332435e-10,2.5594340045572766e-11,3.4184582502224135e-8,0.00013396477702191806,-2.064076368394879e-11,1.3084041362619945e-8,3.4378965147084935e-5,0.0002808512914787126,5.643640619715058e-12,-7.153331626606332e-9,2.9926941554465675e-5,0.0053761562769002545,0.3503223892068861,-2.1957393668154838e-12,1.1828579820543523e-8,-6.917850581406242e-6,0.003984505729939959,-2.2426639011038634,1.653272043666517,-8.720577823092526e-14,-1.007734038640444e-9,-9.72881184771691e-6,0.0015737693329692269,-0.003560879650426143,67.35418164238173,10.726999503094195,2.206140853608149e-15,-1.8617726649862343e-11,3.509953312613646e-8,-5.0337470470356876e-5,-0.10701837285396626,1.1004634677482188,4.4371897228843356,-154.99830635238126
2.4035902640864867e-6,2.9726398653194862e-6,5.042634510982982e-5,-9.112274491313453e-7,-2.794629320536464e-8,0.0008454555638868929,-1.4095944721846247e-7,0.0005726792839467715,-0.0036807570515234875,5.396945988020983e-7,-2.120939033354639e-6,-0.0003485285212265909,-7.113659585624749e-7,5.911069310995763e-5,0.09073932367391839,-9.080512468245149e-8,-5.0890119464351655e-5,0.04426565494786835,0.15902317001262523,-2.2912398835529327e-5,1.5638285521371524e-7,-0.00017518193089729596,4.4069851304278705e-8,-0.001303757480636806,-0.04794273181912295,5.24992464949413e-8,-0.000505703585305613,0.03433758464672954,3.612992941127807,-3.0733394687096148e-9,-8.634983516284107e-5,-0.0044455706937930346,1.343404461948388,-6.023129506706755,-6.62888465722546e-8,-1.959467570569012e-7,-0.004268168101990756,-3.686897536357303e-7,0.0002177594360035246,-0.13987208446790056,-3.6319454957318425e-8,3.465921953502364e-5,-0.40905059019549167,-1.1257702769466864,-3.723638731967343e-8,5.968482694136958e-5,-0.18025297435350315,10.157102986774309,19.552368023253894,5.364646832088411e-10,-2.7489816395151996e-6,-0.02366452147783059,0.4090951285276691,16.480405700308836,257.5948282306536,3.890448324297401e-10,1.8626668805379534e-5,-1.82763593570488e-5,1.0032307503978074e-7,-0.0004245108580048549,0.09114598066205945,-1.4782208776375694e-10,-0.00014515404191686886,0.13219336516279825,-35.083909100439975,7.601935101344438e-9,4.078118263988713e-5,0.006297923659240786,-86.6853033248763,300.9516051665487,2.4018232109406234e-9,-8.882134045127995e-6,0.030455454383310425,-43.90186927994815,2208.3211214414264,-213.371582088755,-7.103521970670241e-11,-3.1498458412431144e-7,-0.0006366557388502862,-2.1925542479967812,100.41311205535186,1170.580205768173,-11672.747623033894,-4.870339797432089e-11,3.418458250222406e-8,8.750307382363303e-7,-3.23567512951247e-7,0.010030051914547203,-0.0015621685215904144,2.3907122040491675e-8,7.112458602653534e-5,-0.2548296420753352,48.89420822697495,-5.711358869882222e-8,-3.893219529256907e-6,0.039696331263588375,45.54135905125969,-2997.719617285007,2.941611657906419e-8,1.186431772116705e-7,0.06498122020655335,-3.52212214352061,-14153.23381552166,30081.381389102025,-1.007734038640232e-9,4.453622295972912e-6,0.016201930998676093,9.534781024511226,-8297.204212828947,409409.3492560258,171757.80271784074,2.394538249600637e-12,-8.261625426615649e-8,-0.00038435136576841556,0.01686534637777772,153.231940334005,5768.791517842683,74336.02670534687,517821.2107436634
0.09098902333542626,0.011832294462011589,-0.35075767074673847,-0.012534372974244692,-0.004318082479598481,17.908127831381236,-0.0018097995717232297,3.7576234349118,19.492246422050442,-0.33369073026360163,-0.03275286182955222,-4.651074389355731,-0.006457483615648262,-0.5100845416727313,1348.5763184088073,-0.00012024906745700925,-0.7185373259726048,382.2687265100767,-1605.34259399872,0.00019502186538567577,0.0033249751585044465,-76.70295786762814,0.0012109731819103314,-21.785432258151232,-540.6118068579589,0.00031300472031964744,-4.047028146356521,225.22804515339064,34613.37619039402,-5.250300678899276e-6,-0.5169977557623702,-89.63236833708103,15432.085708328177,98822.72186408483,-2.026991412511239e-5,0.10326291940344476,0.1970831030452624,-0.0029509695515174393,3.8888396088372734,1383.4906461426715,-0.001160093286409519,1.2668542897863753,-7301.097463562519,14327.079703165184,-0.0005331119295338947,0.48125959920686096,-1300.9175701633092,107146.9948372162,178828.1483735233,7.648648777523644e-6,-0.021754117517735972,-211.7188893319628,-970.5561968602975,127534.99472688822,-4.8376565405070335e6,2.540651740851364e-6,-0.00012384662618408938,0.007313026831535171,0.0011262064067202476,103.23392702121595,57.6635338117326,2.484865967084266e-5,1.21376611796996,2239.4735397940435,2.1711583747351635e6,0.00019820920775627946,-0.6255356238903513,530.4970624063398,-1.6751551570979946e6,7.520697048344773e6,-6.720491274516083e-7,-0.4711744757914245,279.8368885122521,-283468.9847427815,2.715333348769486e7,3.3237354963337567e7,-6.78781983656793e-7,0.0017351944994527927,-9.495464380494262,-33382.506635549995,763386.8709048894,1.7772538395571718e6,2.0699505736069545e8,-2.0693881305980877e-7,3.43789651470866e-5,0.0031480513667901657,0.006645945513370243,-0.2548296420753351,11.831883818042927,-0.00020959764989060827,0.6336697533986547,46296.9756868715,3052.8126271395718,-0.00023585894617545686,-0.18643493253600762,2854.589758898327,741595.1165408308,2.9947635991683775e8,0.00014562694934538566,0.1421142326358794,-46.072948607985076,111987.11310522578,-3.009039817425957e8,4.785688643738205e8,-9.728811847716988e-6,0.01620193099867502,-125.40496071764237,95284.41962203564,-4.7688388902957514e7,5.444776321257301e9,2.55401904077453e9,8.194636127871849e-8,-0.0009950101782114677,-1.5780041656797679,-1391.420932042945,-1.4220620738041173e6,6.515152330334507e7,6.376170355598245e8,-7.970863719461387e9
-25.88132613933255,6.166086975507658,-3865.4989382027743,-419.63134251615304,-22.332504792419954,-2086.1476572501574,0.04651506479661664,836.1880044948869,135562.44068867306,-1.9406673550042193,-1.9550563775483054,-80599.8623791875,-0.5552405147115863,-8835.489469626555,50610.26656533226,-0.2533194264333653,-20.06308387691233,40864.08008397658,-3.7220472026170935e6,-0.030603732747391116,142.08031567153506,-616.7654582234959,0.6226478121958557,-627.1007615542386,-4.0143441878618686e6,0.008341663258391483,-511.97256730632716,-1.8787886532676984e6,1.0691356198002925e7,-0.004257987304623993,-120.56106573607558,-217.1758639553314,141641.34004178777,1.201463211774417e8,-0.004162954841054645,0.9337811754363934,-25.49733865945534,-0.26923924673213356,86285.46650044259,27119.284976592822,0.18581261488510337,2281.39931206381,-61454.49384298718,1.4980046135921013e8,0.0665425873470393,33.92820274865846,-214161.73599658278,-2.881659194767765e8,-1.7199667788008485e7,-0.0016856548699869785,-2.787805165251339,-11944.091081940736,930397.4805240743,1.2344273511294903e7,-4.332575299117039e9,-0.0012480585792599159,0.05164400326469091,-0.8770462964900747,-7.585333886985926,1259.4993558925826,-7396.632843666552,0.43541547707162154,-279.8354253121957,2.7228032430240005e7,3.841218202284248e7,0.030696185500796624,274.7597256392956,1.6117442219496185e6,2.303072045666543e7,2.532100245987113e10,0.007455181234036381,132.71158423358722,21616.143496458004,-5.976036486523232e7,-3.6807155257352036e10,-1.8383204500706924e10,-0.00017522915822988517,-1.9518678545567243,-302.4132982483115,2.948201795638606e6,1.2411961949434736e8,3.381533767804064e9,7.213492990651552e10,-6.111685444118357e-5,0.005376156276900566,-0.6355269355774988,0.02461803530722549,45.54135905126015,880.9417939120717,-0.09299629282953249,-21941.01685349276,741595.1165408234,-1.1386819195064104e6,-0.06885928281821888,21.565191901939148,-219832.63623313195,5.96955003557857e9,7.1522111803393755e9,0.03100645635941542,33.97778346840044,195553.55923264995,6.509650315500154e8,1.0821479063215084e10,3.242927098243246e11,0.0015737693329688812,9.53478102451238,95284.41962203481,6.583753617430648e6,-1.2638998069065191e10,-4.2451284864136416e12,2.6470386682096625e11,-3.46730473526562e-5,-0.14721500575791707,-649.1927549863368,105872.63609714397,8.804402677568244e8,2.959856570072107e9,8.900393342179964e10,7.921047898978847e12
-401807.57273646886,-4712.928724763897,328895.3976462701,-445.44269920325206,4298.883283341296,-3.835423265276915e7,217.96337113356114,-972680.1603213524,3.4299872436939124e6,707.6929368546517,93144.35687580395,-510450.02975777275,1134.6669520181085,1.6760047390909612e6,-1.593057241901954e9,157.74831193053404,33067.57523326932,-7.117689240899995e7,1.2419850179074591e7,11.290956159552499,-204.47461269039363,183132.6070008799,266.71425588299195,4.463410369772563e7,-1.2627039249735363e8,-126.94519550399978,707187.728712516,3.5892619708442605e8,-2.548872312388905e9,6.16774272154211,96523.67133376589,-5.633000291699717e6,-1.6997256440873725e9,-2.8778343841501423e10,2.481745499317454,-355.04736564572966,1203.9060308501032,-4192.391428248858,-106893.41836995569,-3.0864422735809553e7,-143.48741562448268,-23001.098087300757,1.243083675797493e10,-1.3471630567818872e10,-3.281471644984043,-115095.0763748283,2.3171020848750636e8,5.8092850423064606e10,-1.1835979836924338e12,0.42642114332252085,3590.1770476120773,1.6860976138325997e7,-1.816969691581759e9,-5.612859972409074e9,1.8688343445007056e12,0.09559892317730595,-14.38269438533908,2151.191179325947,165.49219218551266,-508222.20963616663,-2.0585671977721022e6,-156.58322428792428,-9.895844286779804e6,-6.625557732008234e6,-1.8383901533766514e10,43.12366322922668,-229095.0539599377,-8.136347300025564e7,2.504485341267709e12,-5.002443812591703e11,-6.827565519586432,-47655.107577789146,-4.802582679280821e7,5.328538484098209e10,8.575272982759804e12,-4.845613029743701e13,0.10866553177130885,984.8865746522321,429269.0255468538,-3.3706450704241824e8,-1.7083959713776572e11,-2.360125417109091e12,-6.1466552335193164e13,0.04060030081561448,-2.2426639011037848,-81.00388436721946,-54.162091589730366,-14153.233815521888,482073.8725741426,623.8953882625092,250528.52245225818,-3.009039817425959e8,-7.66563457211251e8,37.18829690113752,-171000.5111642827,-7.5641385163629055e9,1.0821479063215067e10,-2.9533675857870083e12,-30.135568283749578,69601.33112195304,-1.4873764347432977e8,-3.892181681758958e10,4.08121578531806e14,2.466748020214543e13,-0.0035608796504475308,-8297.204212828905,-4.768838890295864e7,-1.2638998069065292e10,9.750440136765777e12,1.2740463299711818e15,-2.8114229591465735e15,0.011630375287111598,54.02181692258911,479804.5788498177,-1.2179559832253914e8,-4.9428304987892804e11,-4.531676303148046e12,-1.6897859709080647e14,4.633078054406945e14
-2841.882538808351,-2841.882538808351,8.194554675667333e9,41308.99282499013,5.7175545935223594e7,-4.628209433814309e7,41308.99282499013,-4.628209433814309e7,-7.032447908401343e9,-13550.443315210628,368193.1702197135,5.379133325976357e7,368193.1702197135,2.061599200258286e10,-6.620601925003459e9,-13550.443315210628,5.379133325976357e7,-6.620601925003459e9,-1.5310782587306059e13,-322.3521136565838,-20116.827525438643,-1.5920062290274862e6,-1.6517716671776806e6,2.0521804573459536e8,1.2373843523500145e10,-20116.827525438643,2.0521804573459536e8,4.472838217238433e12,-2.6411360853472824e11,-322.3521136565838,-1.5920062290274862e6,1.2373843523500145e10,-2.6411360853472824e11,1.0848981107265682e15,-47.20814200042754,9102.761159549204,-296551.1965136105,8401.044128389407,-2.050290139269549e7,1.3120721162543945e9,8401.044128389407,-3.7402158327300406e9,5.63272744651924e10,1.1804114503926665e12,9102.761159549204,-2.050290139269549e7,5.63272744651924e10,7.281142510656202e14,3.8731082051190327e12,-47.20814200042754,-296551.1965136105,1.3120721162543945e9,1.1804114503926665e12,3.8731082051190327e12,-5.553438672561504e16,-16.639741634497952,589.326046166597,-2981.5857798275842,-29159.098207516003,1.0657276546379317e7,-1.107050316789854e8,-326183.3081709683,-2.867145816928454e7,-1.1887973033276724e10,4.452732495139531e11,-29159.098207516003,-2.867145816928454e7,-2.632473729671324e12,9.974423833308219e12,3.916877284160993e13,589.326046166597,1.0657276546379317e7,-1.1887973033276724e10,9.974423833308219e12,9.962709021353491e16,3.342458782359688e14,-16.639741634497952,-2981.5857798275842,-1.107050316789854e8,4.452732495139531e11,3.916877284160993e13,3.342458782359688e14,2.5505723807716966e18,-1.3441294551311198,67.35418164238087,-5836.035136772387,-437.93122492038196,409409.34925603546,1.5905253541085904e7,-3925.8972769746247,-3.3240403606268506e7,5.444776321257312e9,-2.57897571945534e10,-3925.8972769746247,1.5824317670650807e8,-2.9622410262024952e10,-4.2451284864136445e12,5.7261490993329414e13,-437.93122492038196,-3.3240403606268506e7,-2.9622410262024952e10,-1.1516915457629238e15,1.2740463299711852e15,-1.1633958405851268e15,67.35418164238087,409409.34925603546,5.444776321257312e9,-4.2451284864136445e12,1.2740463299711852e15,1.2164987720413008e19,-1.2331463031470752e16,-1.3441294551311198,-5836.035136772387,1.5905253541085904e7,-2.57897571945534e10,5.7261490993329414e13,-1.1633958405851268e15,-1.2331463031470752e16,-1.1317439509457206e20
1.0685142746374123e6,3.959137997134226e7,1.5138285576621022e7,-1816.5597336235849,89676.31999634435,-3.4701766848317906e7,-24465.56625537136,-2.8345585036198397e9,-6.556571559954906e8,-1607.0470835475062,-72024.51761543287,85991.60142929878,-7.770932421339746e6,-9.173402389604995e6,2.4508568675373936e9,-16547.28869339986,2.8073463089197376e6,1.400343852813238e11,3.649354840954311e10,-56.88061754394143,1189.4564212918135,-903543.5356595283,-25259.950341849697,-1.519401283520039e7,1.330748055914821e8,-6473.500225211901,-4.32119926982553e8,-1.6583997751537693e9,-6.923698347324265e10,-135.73836290929762,-5.160351057204563e6,1.5647888900956457e9,-8.274662611321988e12,-1.0639428492065709e12,-7.6609062384586375,385.4888048997309,-25338.55754127599,-2578.850089192864,1.0115878499015815e6,-9.835504112456457e7,1.9962967534575656e6,-3.2589959403447346e6,-3.6978667148908916e9,2.373148913384893e10,-1635.700671038275,3.515869022519427e6,-1.4796409734653305e11,-4.3416649745791504e11,3.660266519671475e12,-14.935323422217383,-52062.10506527034,-1.2804181670770285e8,1.164444447517333e11,6.280356367181242e14,8.093407952093514e12,-0.8501612472247293,65.90827483225065,-10290.886193873424,-468.502718645442,838281.0052478374,22434.628009014366,6875.868511195035,3.4647016904603858e6,3.812836218966663e8,1.9467559452004208e10,3552.1842222844684,4.732674556879653e8,-4.342212382347438e8,-9.162020015148197e11,1.6401102148279556e12,155.03685827001854,3.864189762949781e6,9.225095169409149e8,-1.6038292584583281e13,-7.021298868352345e13,-1.1820812699854092e14,-1.682571271017352,-19835.391585149147,4.723907738620036e6,7.851831453441122e10,1.0837055869875965e13,-4.127768630042752e16,2.947394471158283e15,-0.14337202963667617,4.437189722879052,-185.90789727644983,264.9880388320284,74336.02670534968,-3.851168070940268e6,-249.6817568271681,-758076.5465088433,6.376170355598389e8,1.8374072718703215e9,-531897.2707118401,2.4490112973100846e6,2.71878328639839e9,8.900393342179655e10,6.2359264793835e12,1339.372692632547,-1.9143207879505714e6,1.4861255501042172e11,7.015219547452073e9,-1.6897859709080675e14,1.5672777856379727e13,10.726999503095762,171757.8027178337,2.5540190407744904e9,2.6470386682096274e11,-2.8114229591465305e15,-1.2331463031470718e16,4.651323604243188e15,-0.25871280859449475,-258.3167203670295,-7.04941405563248e6,5.706641648187777e9,2.448106293559789e13,-1.0162781915605089e14,2.480923709203054e18,-3.452160390556315e17
-1.516606728196559e-11,-1.7852431962255696e-12,-4.0172304441532823e-11,8.299920981179052e-13,2.436836195393579e-13,-2.4020233834024504e-9,7.223312755657385e-13,-7.559433131235429e-10,-1.5709563751746813e-9,8.603218304857151e-13,3.38255902303612e-12,3.500826152911728e-10,1.8751569297894934e-12,-2.1036783091475512e-10,-1.5279613288867157e-7,-1.0076117043171078e-13,2.961294893297283e-10,-8.67835942013324e-8,4.077588678168659e-7,3.3981516166121336e-14,-3.2951963774962854e-13,7.792262090089326e-10,-3.624450106457728e-13,2.433731721563739e-9,3.743178895862513e-8,-1.265252449381516e-13,1.1434746471639757e-9,-1.2710414075447464e-7,-3.0512148082319147e-6,-4.518867990512752e-15,1.0592190140329418e-10,4.008940212351963e-8,-3.7745982382854e-6,-2.9722609576621667e-5,-4.888919357545907e-14,2.3198239788944676e-13,3.097743081353928e-11,1.0107721133401421e-13,-3.7346171986853906e-10,2.0204606383343166e-7,4.1157903133827775e-13,-3.0344610930849786e-10,8.670837507247348e-7,-1.7291441693882366e-6,1.8588208407853487e-13,-1.7608087252351414e-10,3.5323312317428946e-7,-3.651584594740566e-5,-5.048495554089805e-5,-1.7441547001872189e-15,3.156143302946596e-12,6.301672972060936e-8,1.3982347980957004e-6,-2.602803075549666e-5,0.0015774888184358904,1.2314950072600548e-13,-1.0545637897028376e-14,1.57989595742986e-12,-1.0811878917286938e-13,-3.2565931539865844e-11,5.935644950115054e-9,3.0132246162290385e-14,-3.7707473000197257e-10,-1.9470813622266497e-7,1.5526559333424812e-5,-9.490389918642525e-14,2.2242531565525838e-10,-1.0178203837948231e-7,0.00021231000062485328,-0.0005885565559214277,4.749291725347452e-15,2.0191990885916028e-10,-1.0127541650654726e-7,7.334061762934053e-5,-0.007594958751599741,-0.006369723172879009,-1.8749703101519388e-16,-1.1336071175736918e-12,3.143449992253664e-9,1.2465375792757349e-5,-0.00019559882009677573,0.00047015469158836153,-0.07112881324770211,2.2416076594817764e-11,5.71061506411172e-14,-3.4423051616060417e-10,-2.4034783788972414e-13,-4.870339797433654e-11,8.770076990782744e-9,1.5864880899167823e-13,-7.715155555835335e-11,-2.0693881305980678e-7,-6.825317162280393e-7,-4.026885982893314e-15,9.213257408859325e-11,-4.605291025153113e-7,-6.111685444118431e-5,-0.001972358299393465,-1.8131389089114347e-14,-7.334002846456598e-11,2.0842991590713687e-8,-1.05268062339144e-5,0.04060030081560855,-0.032149797215837266,2.2061408536216642e-15,2.394538249600226e-12,8.194636127870833e-8,-3.467304735265645e-5,0.011630375287114345,-1.3441294551310885,-0.25871280859395435,-1.8503075668960473e-16,3.973549206473182e-13,8.04593839906736e-11,7.037288538139189e-7,0.0009397640507705858,-0.020961754875717067,-0.1433720296366727,2.8504312575078807
7.374329568955866e-8,-3.460401863151568e-8,-6.903927254197523e-7,5.425491849275302e-9,3.44796034640169e-9,6.325116198028233e-6,2.4060813884540758e-9,-3.727626307607635e-6,1.3711227346969024e-5,-9.526451676647157e-9,4.609394513174493e-9,7.454001102883004e-6,-9.491457183664355e-10,-1.5832451816669144e-6,-1.3538893287285792e-5,2.476648095950503e-9,4.742007069041536e-7,-7.935695787836612e-5,0.004015432128424793,-5.772925059707266e-10,-8.880265693152926e-10,-3.665754838130822e-6,-2.6446263745322354e-9,5.088975074526218e-7,0.001671735119462814,-1.2730076079418409e-9,5.066053598418563e-7,-0.001007864084606396,-0.020121037124915527,2.75348627810358e-11,9.584915094980529e-7,-4.1553179128308635e-5,0.006542578095666813,-0.4027105161617607,-1.1519171722191755e-9,2.939585976352186e-9,-6.100272740700475e-7,2.367216531330081e-9,-1.999449489765921e-6,-0.00011120006754982823,-2.027031078138145e-9,-2.017865864244479e-6,-0.0005072053907900371,0.1493240113040597,-9.056046326039087e-10,-1.2753995781818834e-6,0.0005166361281219181,-0.2604094506020469,0.18025493998039951,1.9986265015194044e-11,7.517147516294184e-9,2.037117948711293e-5,-0.01736027539800681,-0.03158834493206639,23.868491124431415,4.8584153210938586e-8,7.195223710120963e-10,4.2822372345801587e-7,-3.89344582216355e-9,4.772248855435047e-6,-0.00010798622422645558,1.8305677066439557e-10,2.793750232409818e-6,-0.0015689020029377944,0.1579500033047761,-6.808917597657594e-11,-2.0926813275407768e-6,-0.0003715943644610496,-0.28326003976492453,3.459725043713054,-6.856293161535855e-11,-1.5234927088849198e-6,-0.0005555086251032303,0.2079714087207048,-44.651500983389894,45.095656911511284,1.924229587942584e-12,2.179224687371214e-8,-4.978313082962249e-6,-0.044697351742108274,-1.450888089884104,-22.72189744154936,-1097.7300215514858,-3.442305161606027e-10,6.919157440332996e-10,4.792076325154324e-5,8.411078708783649e-10,8.750307382363254e-7,0.00013740047231137418,-8.429558219677399e-10,-4.47033175528031e-6,0.003148051366790112,-0.003839698861809544,5.831129830159472e-10,8.267705865321117e-7,0.0018033104810166163,-0.6355269355774853,33.96422995136429,-2.4156759215096944e-10,2.812784929241982e-7,-0.001180478626521952,0.17436517211123156,-81.00388436722103,-296.71756798254114,-1.8617726649848975e-11,-8.26162542661582e-8,-0.000995010178211416,-0.14721500575793012,54.02181692258112,-5836.03513677206,-258.3167203673473,3.9735492064482297e-13,1.4584140219181254e-9,6.689892563791087e-6,-0.0022977936075935226,-9.360909224326349,-1.9225478138137444,-185.90789727546561,43613.11821430941
-5.2859305933153976e-5,-0.0001808963463687743,0.015563588390189106,-2.750120902864417e-5,8.784975491734994e-5,-0.02989101687682078,1.4418051240148709e-5,-0.03193494136735892,-0.49764130566130554,-2.1823045658688535e-5,8.354817358580855e-5,-0.0026668421187873814,3.800090932935256e-5,0.037807534763240724,-3.6854832115857743,6.901338593811723e-6,0.002560451757711485,-2.285727805232725,9.651841144649284,-4.918648092604907e-7,1.5592182780961345e-5,0.0010074343691670185,-6.731079292820664e-8,0.05001103205684349,0.8688275698362271,-5.16179118236703e-6,0.027859011861650247,8.630685238346887,-162.15859732965765,2.6116766414626507e-7,0.0053010025963566385,-0.17605299631037447,-60.784770099564184,5.840118639803178,-9.424469334691104e-5,2.0520875111670432e-5,0.001896090034592733,1.63194080171381e-5,0.012345167268422911,3.957484240575438,2.6831943876911624e-6,-0.0074127880485159925,15.259523380818628,162.92741013584885,8.100965534257747e-7,-0.005259147844536202,10.116005999866593,1379.0045429143354,-822.3925160408251,-1.8413959554719007e-8,0.00024216473690984863,1.2621472763707118,-85.75321744661584,-858.4175556408936,-14666.722880154239,1.8216909483665467e-7,-8.567450003112313e-7,0.08183139219969834,-2.2836337318443425e-6,0.024463717027690523,0.5495178132430674,-1.8616918923897814e-6,0.007980663340149366,4.2920282153317855,1069.2575771119778,9.157253899054045e-7,-0.002158491956124057,-6.42481438622808,3111.6178964472088,5488.183675972196,-2.6872288405445714e-7,-0.0008610622213602409,-2.343057353926376,2503.8190544430113,169954.55219340758,45652.66380769813,8.919175907456893e-9,1.5254635787249039e-5,0.06394729999831104,84.41084743363267,-8815.772582730626,-77471.5232775695,1.3817019153458357e6,8.770076990781631e-9,0.0001339647770219182,0.0001374004723113724,-1.5114324259402706e-6,-0.0015621685215904922,30.125165274005344,-6.4749385420748e-7,-0.006808197655831105,11.831883818042874,104.47336519049065,2.212227585086225e-6,-0.0011807771084618437,0.018236875308387142,880.9417939120887,107346.91889219517,-1.3623526301146304e-6,0.00230656863411,-3.8939381012982524,-3015.527569291483,482073.87257414695,-682090.3941708817,3.509953312616588e-8,-0.0003843513657685775,-1.578004165679763,-649.1927549862913,479804.57884981215,1.590525354108575e7,-7.049414055632465e6,8.045938398392945e-11,6.689892563789261e-6,0.016235181478504078,3.3052397079882287,-14354.235469378362,-291435.9017743452,-3.8511680709396577e6,-1.0693262811426684e8
0.2963053543085237,0.00998881412080133,-20.23585054316646,0.02429270621034258,-0.09874498682837242,49.30394807180088,-0.0032054978642577676,8.734838708275834,708.2192458691407,-0.019086033675087863,-0.06349980159472103,11.54842659116507,-0.024677356232638264,-45.4340846842999,3196.599570533973,0.0018781221228983292,-1.3757673176498548,1154.822756159993,-10441.535485951756,-0.12361255840790254,-0.007520669574007712,-22.45283428502752,-0.0017869129800720724,-46.13545260979624,2003.2516785654818,-0.00032711931265725594,-14.503127944079015,-11089.611647714559,63296.13512569973,-3.390613673407671e-5,-0.8337841997691697,-208.7791901874656,55235.386943826146,-374229.28348490613,-0.00020544644116537856,-0.006483774755350128,-3.6556399112188585,-0.003640965654531619,-7.144140105198955,-6601.236272402912,-0.0066384142681234475,7.1381645758442955,-16512.98944706436,165824.17325367362,-0.0025541043919777655,0.12916924758699364,-4304.434793735417,-1.8924366013048426e6,699395.8121713469,4.680579833630802e-5,-0.10191884729913515,-694.6748891308911,-8022.171102813559,427727.5145812788,4.123079655185092e7,9.005154913809166e-6,0.09698563755232024,-0.0010585143960176338,-0.005089969436944162,-3.983820547289067,7737.717809647624,0.002166691998561151,5.433202426279782,-3606.96273256809,-615310.0016555156,9.567342499092775e-5,-4.273255190141432,7305.5133647283865,-4.034290602256113e6,7.403142308566673e6,-3.104188880365415e-5,-3.019767977452365,219.9824546698946,-840324.242166153,-2.4982080278703764e8,1.2670295676869819e8,-1.7284316125462936e-6,0.031285501027508246,-47.03312393656538,-156304.15636602696,1.4762778196654588e6,-1.6492542989981301e7,-2.631484766548668e9,-6.825317162281965e-7,0.0002808512914787168,-0.0038396988618111206,0.003414175915858322,48.89420822697427,104.47336519049092,-0.0025135398332302938,-3.5338811229283773,3052.812627139593,1.698039268618033e6,0.00020655072144289295,1.7535732292503075,7850.972794596033,-1.138681919506399e6,5.1545537320469156e7,0.00018389765052172048,0.2094857985973221,-1056.2165090049893,3.7463836592158065e6,-7.665634572112473e8,1.1819831921305835e8,-5.033747047036268e-5,0.01686534637778397,-1391.420932042976,105872.63609713873,-1.2179559832254142e8,-2.5789757194552742e10,5.706641648187713e9,7.037288538140544e-7,-0.0022977936075934784,3.3052397079880085,-8059.682161299392,-1.4020841462052753e7,2.0066478489599004e8,1.8374072718702357e9,1.5408078735954736e11
940.2555539786154,121.43554867379962,1156.3091100283818,-137.2354270865065,-12.345743824648796,178059.50061021492,-16.991672185383095,37696.1794343563,15794.732743728795,-1659.0605078126914,-309.23257833326596,-41878.38392110387,-65.96246773485998,5566.728810866094,1.2988333030150376e7,-0.9534869762153529,-6674.233911062908,3.846695221112202e6,-7.732960355192885e6,2.1759844045827816,39.989563992017125,-491512.805174216,10.523979961313804,-208050.81489654706,-2.658667798641948e6,2.658687709046323,-41634.040215679655,4.1788034615676394e6,3.171346272607449e8,-0.06380446150184696,-5132.3720347153,-831270.7546495465,1.5656073195768198e8,5.198593356657629e8,-0.2010721444129826,423.4460350828281,2322.7576727789897,-27.289280722551332,47231.22498808731,-1.0458285268701316e6,-12.591760931581463,9197.404840623802,-7.032539661044838e7,4.662419045056621e8,-5.553845929770685,4303.768067298481,-1.343260459654157e7,1.3148193091791763e9,2.1270147552026222e9,0.08501977542162896,-224.77853865910032,-2.147735495489545e6,-7.762499987256455e6,1.3701688466991558e9,-2.4794596873876236e10,0.03065440158921996,-1.7502984460511684,48.590119887600665,3.7875613390673637,583746.388928289,694050.8320243148,-0.4223739858713552,13199.996887111594,2.3821628267261654e7,1.4355057410595291e10,1.825251468209182,-6849.383454309001,3.265166132979074e6,-1.6287732148086262e10,8.517748034133813e10,-0.01556032057771297,-5019.238567205417,2.5532542004764075e6,-2.934392675753432e9,2.974788930783195e11,3.5299128945746515e11,-0.006346900148833824,24.189241032164286,-96899.71846732362,-3.4501580719461095e8,7.451307731283204e9,1.573578337538776e10,1.1495895315252134e12,-0.001972358299393315,0.35032238920688497,33.96422995136466,117.55584348099352,-2997.719617285096,107346.9188921958,-3.0743529460916266,-6985.937547937134,2.994763599168416e8,5.154553732046897e7,-2.412503027627709,-1804.7333157137869,2.846597201113419e7,7.152211180339595e9,2.2148328508869497e12,1.4790136288423141,1360.896605768762,-516394.592654786,4.441945189618908e8,-2.953367585786994e12,4.0327474156070728e12,-0.10701837285396286,153.23194033400412,-1.4220620738041573e6,8.804402677568206e8,-4.942830498789096e11,5.726149099332985e13,2.4481062935597656e13,0.0009397640507705197,-9.360909224326479,-14354.2354693785,-1.4020841462052478e7,-1.5680875075195621e10,6.455393030899313e11,6.235926479383475e12,-5.652222669579559e13
-18928.765802964994,2967.6440825930313,-1.0675116109715793e6,36997.547036307034,-4607.20472434061,-1.8640214522853564e6,-23.36645439301653,298357.1389640673,3.746206365611347e7,-1545.8787594362855,-64.53289233783948,5.454905192958825e6,131.29744947339324,-1.6636452079152693e6,-3.116821623369122e7,-154.43658032971126,25579.548846310452,3.1662341352624684e6,-1.11817937458347e9,-26.385544169809886,-4884.908891927942,-766033.695618818,-32.74395996890719,569641.2015890899,-1.3576584345289037e9,69.30939155241717,-19531.338638459714,-3.6334417562338316e8,5.169065848759199e9,-3.8769457962967513,-46277.193887709254,1.1106697277855214e7,-7.916718563416222e8,3.2338057351256123e10,-2.0612460480450077,381.9386569337934,-9757.824076291292,-335.8232375426405,-4.641021496798893e6,-1.0960845499616283e8,199.64323874605668,335942.69937224005,3.325792192801905e8,-5.013255079507853e10,68.29172548171988,53294.10462358661,-3.850540517432704e7,-6.0120772555656975e10,-3.2336455686188538e10,-1.1950305193505184,-949.5216376985501,4.722153627459671e6,1.541263785942417e9,-5.378168488057839e8,-3.528225279153305e11,-0.46869193776535834,32.909266050779244,-2192.1826613919,-272.19940751682174,664599.4708229223,-2.1490373396006096e6,92.82163839816157,-659874.9727669681,3.8433231224769e8,7.287018761549452e9,-29.02098424904909,206720.23703173923,2.5783214231789267e8,1.0583423292570712e11,-5.562091500599917e11,5.675008829921145,106010.97566439006,1.739844026534414e7,-1.6896562322752743e10,-8.495393271237242e12,-9.92774273739446e12,-0.06597706415884168,-1116.8753556081426,424113.3668615365,3.8074559819190164e9,7.530951594260832e10,2.079569824801415e12,-8.44681497479898e13,-0.03214979721583842,1.6532720436664146,-296.7175679825349,150.81882186585105,30081.38138910184,-682090.3941708842,125.36983445794537,3.5580091277777376e6,4.785688643738174e8,1.1819831921305631e8,-40.694879003418556,38117.335570701725,-5.064797251891826e8,3.242927098243269e11,4.0327474156070425e12,13.29256411172296,-46253.80196635501,1.1596164709539609e8,1.085408084303105e11,2.4667480202145934e13,4.295449401438224e14,1.1004634677481937,5768.791517842792,6.5151523303345814e7,2.9598565700720463e9,-4.5316763031480625e12,-1.1633958405851248e15,-1.0162781915604828e14,-0.020961754875722605,-1.9225478138200605,-291435.9017743468,2.0066478489599025e8,6.455393030899224e11,-2.4219460629986655e12,1.5672777856382016e13,1.150645209722859e16
3.959137997134226e7,1.0685142746374123e6,1.5138285576621022e7,-24465.56625537136,89676.31999634435,-2.8345585036198397e9,-1816.5597336235849,-3.4701766848317906e7,-6.556571559954906e8,-16547.28869339986,-7.770932421339746e6,2.8073463089197376e6,-72024.51761543287,-9.173402389604995e6,1.400343852813238e11,-1607.0470835475062,85991.60142929878,2.4508568675373936e9,3.649354840954311e10,-135.73836290929762,-6473.500225211901,-5.160351057204563e6,-25259.950341849697,-4.32119926982553e8,1.5647888900956457e9,1189.4564212918135,-1.519401283520039e7,-1.6583997751537693e9,-8.274662611321988e12,-56.88061754394143,-903543.5356595283,1.330748055914821e8,-6.923698347324265e10,-1.0639428492065709e12,-14.935323422217383,-1635.700671038275,-52062.10506527034,1.9962967534575656e6,3.515869022519427e6,-1.2804181670770285e8,-2578.850089192864,-3.2589959403447346e6,-1.4796409734653305e11,1.164444447517333e11,385.4888048997309,1.0115878499015815e6,-3.6978667148908916e9,-4.3416649745791504e11,6.280356367181242e14,-7.6609062384586375,-25338.55754127599,-9.835504112456457e7,2.373148913384893e10,3.660266519671475e12,8.093407952093514e12,-1.682571271017352,155.03685827001854,-19835.391585149147,3552.1842222844684,3.864189762949781e6,4.723907738620036e6,6875.868511195035,4.732674556879653e8,9.225095169409149e8,7.851831453441122e10,-468.502718645442,3.4647016904603858e6,-4.342212382347438e8,-1.6038292584583281e13,1.0837055869875965e13,65.90827483225065,838281.0052478374,3.812836218966663e8,-9.162020015148197e11,-7.021298868352345e13,-4.127768630042752e16,-0.8501612472247293,-10290.886193873424,22434.628009014366,1.9467559452004208e10,1.6401102148279556e12,-1.1820812699854092e14,2.947394471158283e15,-0.25871280859449475,10.726999503095762,-258.3167203670295,1339.372692632547,171757.8027178337,-7.04941405563248e6,-531897.2707118401,-1.9143207879505714e6,2.5540190407744904e9,5.706641648187777e9,-249.6817568271681,2.4490112973100846e6,1.4861255501042172e11,2.6470386682096274e11,2.448106293559789e13,264.9880388320284,-758076.5465088433,2.71878328639839e9,7.015219547452073e9,-2.8114229591465305e15,-1.0162781915605089e14,4.437189722879052,74336.02670534968,6.376170355598389e8,8.900393342179655e10,-1.6897859709080675e14,-1.2331463031470718e16,2.480923709203054e18,-0.14337202963667617,-185.90789727644983,-3.851168070940268e6,1.8374072718703215e9,6.2359264793835e12,1.5672777856379727e13,4.651323604243188e15,-3.452160390556315e17
-2.21888958986326e7,-2.21888958986326e7,-2.0556140353440137e11,2.1181728998540323e7,-9.625135111686388e8,-4.3467628918857753e8,2.1181728998540323e7,-4.3467628918857753e8,9.632379484868381e11,25713.66688989026,1.5575334739754794e6,-2.0348462490014282e8,1.5575334739754794e6,-2.7788044274498047e11,-5.4272349639044754e10,25713.66688989026,-2.0348462490014282e8,-5.4272349639044754e10,4.518860307760829e14,-402.06494566092425,-559672.5749813047,9.467087586781656e6,8.385879417175579e7,-5.081494820863137e7,-6.545015720107814e10,-559672.5749813047,-5.081494820863137e7,-5.467070091458254e13,2.9658160856304985e12,-402.06494566092425,9.467087586781656e6,-6.545015720107814e10,2.9658160856304985e12,-4.160799506264298e16,78.33688941903492,-17192.76515834203,424541.789653054,-240228.91716427755,-2.0992427056624153e8,7.867234452644299e7,-240228.91716427755,7.796222990532544e10,3.591606162279976e10,-3.2130037235611743e12,-17192.76515834203,-2.0992427056624153e8,3.591606162279976e10,-8.158155353512406e15,-1.5777710432012225e14,78.33688941903492,424541.789653054,7.867234452644299e7,-3.2130037235611743e12,-1.5777710432012225e14,2.7702238863937746e18,51.150072558485135,-159.4399435152525,-116682.06753860154,-19122.61300753603,-1.6652320994383343e7,3.68621615904889e8,-9.336522538491571e6,2.291579497967772e8,1.099223351953979e10,-3.2933889629410803e11,-19122.61300753603,2.291579497967772e8,3.875652698540424e13,2.790236970840986e12,-3.616695539065451e14,-159.4399435152525,-1.6652320994383343e7,1.099223351953979e10,2.790236970840986e12,-1.017157423497468e18,6.228318117091504e15,51.150072558485135,-116682.06753860154,3.68621615904889e8,-3.2933889629410803e11,-3.616695539065451e14,6.228318117091504e15,-1.6199434758658943e20,2.85043125751529,-154.99830635230373,43613.11821430797,1246.4892367532611,517821.21074355015,-1.06932628114275e8,-2575.5758270116517,1.489829596840181e8,-7.970863719461241e9,1.5408078735954437e11,-2575.5758270116517,-1.6513241447709902e10,6.947401211243613e10,7.921047898978954e12,-5.6522226695794945e13,1246.4892367532611,1.489829596840181e8,6.947401211243613e10,1.4188489795280746e16,4.633078054406746e14,1.1506452097228604e16,-154.99830635230373,517821.21074355015,-7.970863719461241e9,7.921047898978954e12,4.633078054406746e14,-1.1317439509457161e20,-3.4521603905560224e17,2.85043125751529,43613.11821430797,-1.06932628114275e8,1.5408078735954437e11,-5.6522226695794945e13,1.1506452097228604e16,-3.4521603905560224e17,8.630372602643928e21
